ISO-10303-21;
HEADER;
FILE_DESCRIPTION(('FreeCAD Model'),'2;1');
FILE_NAME('Open CASCADE Shape Model','2026-06-29T21:19:15',(''),(''),
  'Open CASCADE STEP processor 7.8','FreeCAD','Unknown');
FILE_SCHEMA(('AUTOMOTIVE_DESIGN { 1 0 10303 214 1 1 1 1 }'));
ENDSEC;
DATA;
#1 = APPLICATION_PROTOCOL_DEFINITION('international standard',
  'automotive_design',2000,#2);
#2 = APPLICATION_CONTEXT(
  'core data for automotive mechanical design processes');
#3 = SHAPE_DEFINITION_REPRESENTATION(#4,#10);
#4 = PRODUCT_DEFINITION_SHAPE('','',#5);
#5 = PRODUCT_DEFINITION('design','',#6,#9);
#6 = PRODUCT_DEFINITION_FORMATION('','',#7);
#7 = PRODUCT('XH_housing','XH_housing','',(#8));
#8 = PRODUCT_CONTEXT('',#2,'mechanical');
#9 = PRODUCT_DEFINITION_CONTEXT('part definition',#2,'design');
#10 = SHAPE_REPRESENTATION('',(#11,#15,#19),#23);
#11 = AXIS2_PLACEMENT_3D('',#12,#13,#14);
#12 = CARTESIAN_POINT('',(0.,0.,0.));
#13 = DIRECTION('',(0.,0.,1.));
#14 = DIRECTION('',(1.,0.,-0.));
#15 = AXIS2_PLACEMENT_3D('',#16,#17,#18);
#16 = CARTESIAN_POINT('',(7.5,0.,0.));
#17 = DIRECTION('',(0.,0.,1.));
#18 = DIRECTION('',(-1.,1.224646799147E-16,0.));
#19 = AXIS2_PLACEMENT_3D('',#20,#21,#22);
#20 = CARTESIAN_POINT('',(0.,0.,0.));
#21 = DIRECTION('',(0.,0.,1.));
#22 = DIRECTION('',(1.,0.,0.));
#23 = ( GEOMETRIC_REPRESENTATION_CONTEXT(3) 
GLOBAL_UNCERTAINTY_ASSIGNED_CONTEXT((#27)) GLOBAL_UNIT_ASSIGNED_CONTEXT(
(#24,#25,#26)) REPRESENTATION_CONTEXT('Context #1',
  '3D Context with UNIT and UNCERTAINTY') );
#24 = ( LENGTH_UNIT() NAMED_UNIT(*) SI_UNIT(.MILLI.,.METRE.) );
#25 = ( NAMED_UNIT(*) PLANE_ANGLE_UNIT() SI_UNIT($,.RADIAN.) );
#26 = ( NAMED_UNIT(*) SI_UNIT($,.STERADIAN.) SOLID_ANGLE_UNIT() );
#27 = UNCERTAINTY_MEASURE_WITH_UNIT(LENGTH_MEASURE(5.E-07),#24,
  'distance_accuracy_value','confusion accuracy');
#28 = PRODUCT_RELATED_PRODUCT_CATEGORY('part',$,(#7));
#29 = SHAPE_DEFINITION_REPRESENTATION(#30,#36);
#30 = PRODUCT_DEFINITION_SHAPE('','',#31);
#31 = PRODUCT_DEFINITION('design','',#32,#35);
#32 = PRODUCT_DEFINITION_FORMATION('','',#33);
#33 = PRODUCT('Housing','Housing','',(#34));
#34 = PRODUCT_CONTEXT('',#2,'mechanical');
#35 = PRODUCT_DEFINITION_CONTEXT('part definition',#2,'design');
#36 = ADVANCED_BREP_SHAPE_REPRESENTATION('',(#11,#37),#3718);
#37 = MANIFOLD_SOLID_BREP('',#38);
#38 = CLOSED_SHELL('',(#39,#95,#126,#506,#530,#586,#642,#725,#742,#908,
    #932,#1036,#1053,#1078,#1102,#1127,#1151,#1176,#1200,#1224,#1248,
    #1272,#1290,#1337,#1361,#1385,#1409,#1433,#1457,#1481,#1514,#1561,
    #1585,#1609,#1633,#1657,#1681,#1705,#1738,#1785,#1809,#1833,#1857,
    #1881,#1905,#1929,#1962,#1979,#1996,#2013,#2032,#2081,#2226,#2243,
    #2260,#2277,#2381,#2412,#2436,#2460,#2477,#2510,#2536,#2668,#2687,
    #2704,#2721,#2738,#2755,#2772,#2789,#2806,#2823,#2840,#2857,#2869,
    #2895,#2937,#2999,#3034,#3060,#3102,#3164,#3199,#3225,#3267,#3329,
    #3364,#3381,#3398,#3415,#3427,#3449,#3466,#3483,#3495,#3517,#3534,
    #3551,#3563,#3585,#3602,#3619,#3631,#3648,#3660,#3677,#3689,#3706));
#39 = ADVANCED_FACE('',(#40),#90,.F.);
#40 = FACE_BOUND('',#41,.F.);
#41 = EDGE_LOOP('',(#42,#52,#60,#68,#76,#84));
#42 = ORIENTED_EDGE('',*,*,#43,.F.);
#43 = EDGE_CURVE('',#44,#46,#48,.T.);
#44 = VERTEX_POINT('',#45);
#45 = CARTESIAN_POINT('',(8.55,1.52,3.45));
#46 = VERTEX_POINT('',#47);
#47 = CARTESIAN_POINT('',(8.55,1.52,9.8));
#48 = LINE('',#49,#50);
#49 = CARTESIAN_POINT('',(8.55,1.52,3.45));
#50 = VECTOR('',#51,1.);
#51 = DIRECTION('',(0.,0.,1.));
#52 = ORIENTED_EDGE('',*,*,#53,.T.);
#53 = EDGE_CURVE('',#44,#54,#56,.T.);
#54 = VERTEX_POINT('',#55);
#55 = CARTESIAN_POINT('',(8.1,1.52,3.45));
#56 = LINE('',#57,#58);
#57 = CARTESIAN_POINT('',(8.55,1.52,3.45));
#58 = VECTOR('',#59,1.);
#59 = DIRECTION('',(-1.,-0.,-0.));
#60 = ORIENTED_EDGE('',*,*,#61,.F.);
#61 = EDGE_CURVE('',#62,#54,#64,.T.);
#62 = VERTEX_POINT('',#63);
#63 = CARTESIAN_POINT('',(8.1,1.52,5.25));
#64 = LINE('',#65,#66);
#65 = CARTESIAN_POINT('',(8.1,1.52,5.25));
#66 = VECTOR('',#67,1.);
#67 = DIRECTION('',(0.,1.233581138472E-16,-1.));
#68 = ORIENTED_EDGE('',*,*,#69,.T.);
#69 = EDGE_CURVE('',#62,#70,#72,.T.);
#70 = VERTEX_POINT('',#71);
#71 = CARTESIAN_POINT('',(8.,1.52,5.25));
#72 = LINE('',#73,#74);
#73 = CARTESIAN_POINT('',(8.1,1.52,5.25));
#74 = VECTOR('',#75,1.);
#75 = DIRECTION('',(-1.,-0.,-0.));
#76 = ORIENTED_EDGE('',*,*,#77,.F.);
#77 = EDGE_CURVE('',#78,#70,#80,.T.);
#78 = VERTEX_POINT('',#79);
#79 = CARTESIAN_POINT('',(8.,1.52,9.8));
#80 = LINE('',#81,#82);
#81 = CARTESIAN_POINT('',(8.,1.52,9.8));
#82 = VECTOR('',#83,1.);
#83 = DIRECTION('',(0.,0.,-1.));
#84 = ORIENTED_EDGE('',*,*,#85,.F.);
#85 = EDGE_CURVE('',#46,#78,#86,.T.);
#86 = LINE('',#87,#88);
#87 = CARTESIAN_POINT('',(8.55,1.52,9.8));
#88 = VECTOR('',#89,1.);
#89 = DIRECTION('',(-1.,-0.,-0.));
#90 = PLANE('',#91);
#91 = AXIS2_PLACEMENT_3D('',#92,#93,#94);
#92 = CARTESIAN_POINT('',(8.55,1.52,3.45));
#93 = DIRECTION('',(0.,1.,0.));
#94 = DIRECTION('',(0.,0.,1.));
#95 = ADVANCED_FACE('',(#96),#121,.F.);
#96 = FACE_BOUND('',#97,.F.);
#97 = EDGE_LOOP('',(#98,#106,#107,#115));
#98 = ORIENTED_EDGE('',*,*,#99,.T.);
#99 = EDGE_CURVE('',#100,#44,#102,.T.);
#100 = VERTEX_POINT('',#101);
#101 = CARTESIAN_POINT('',(8.55,-0.98,3.45));
#102 = LINE('',#103,#104);
#103 = CARTESIAN_POINT('',(8.55,-0.98,3.45));
#104 = VECTOR('',#105,1.);
#105 = DIRECTION('',(0.,1.,0.));
#106 = ORIENTED_EDGE('',*,*,#43,.T.);
#107 = ORIENTED_EDGE('',*,*,#108,.T.);
#108 = EDGE_CURVE('',#46,#109,#111,.T.);
#109 = VERTEX_POINT('',#110);
#110 = CARTESIAN_POINT('',(8.55,-0.98,9.8));
#111 = LINE('',#112,#113);
#112 = CARTESIAN_POINT('',(8.55,1.52,9.8));
#113 = VECTOR('',#114,1.);
#114 = DIRECTION('',(0.,-1.,0.));
#115 = ORIENTED_EDGE('',*,*,#116,.T.);
#116 = EDGE_CURVE('',#109,#100,#117,.T.);
#117 = LINE('',#118,#119);
#118 = CARTESIAN_POINT('',(8.55,-0.98,9.8));
#119 = VECTOR('',#120,1.);
#120 = DIRECTION('',(0.,0.,-1.));
#121 = PLANE('',#122);
#122 = AXIS2_PLACEMENT_3D('',#123,#124,#125);
#123 = CARTESIAN_POINT('',(8.55,0.27,6.625));
#124 = DIRECTION('',(1.,0.,0.));
#125 = DIRECTION('',(0.,0.,1.));
#126 = ADVANCED_FACE('',(#127,#253,#319,#385,#451),#501,.T.);
#127 = FACE_BOUND('',#128,.T.);
#128 = EDGE_LOOP('',(#129,#139,#148,#156,#164,#172,#180,#189,#197,#206,
    #214,#223,#231,#239,#247));
#129 = ORIENTED_EDGE('',*,*,#130,.F.);
#130 = EDGE_CURVE('',#131,#133,#135,.T.);
#131 = VERTEX_POINT('',#132);
#132 = CARTESIAN_POINT('',(9.6,-1.53,9.8));
#133 = VERTEX_POINT('',#134);
#134 = CARTESIAN_POINT('',(7.45,-1.53,9.8));
#135 = LINE('',#136,#137);
#136 = CARTESIAN_POINT('',(-1.6,-1.53,9.8));
#137 = VECTOR('',#138,1.);
#138 = DIRECTION('',(-1.,0.,0.));
#139 = ORIENTED_EDGE('',*,*,#140,.T.);
#140 = EDGE_CURVE('',#131,#141,#143,.T.);
#141 = VERTEX_POINT('',#142);
#142 = CARTESIAN_POINT('',(9.9,-1.23,9.8));
#143 = CIRCLE('',#144,0.3);
#144 = AXIS2_PLACEMENT_3D('',#145,#146,#147);
#145 = CARTESIAN_POINT('',(9.6,-1.23,9.8));
#146 = DIRECTION('',(0.,0.,1.));
#147 = DIRECTION('',(1.,0.,0.));
#148 = ORIENTED_EDGE('',*,*,#149,.F.);
#149 = EDGE_CURVE('',#150,#141,#152,.T.);
#150 = VERTEX_POINT('',#151);
#151 = CARTESIAN_POINT('',(9.9,0.3375,9.8));
#152 = LINE('',#153,#154);
#153 = CARTESIAN_POINT('',(9.9,3.07,9.8));
#154 = VECTOR('',#155,1.);
#155 = DIRECTION('',(0.,-1.,0.));
#156 = ORIENTED_EDGE('',*,*,#157,.T.);
#157 = EDGE_CURVE('',#150,#158,#160,.T.);
#158 = VERTEX_POINT('',#159);
#159 = CARTESIAN_POINT('',(9.15,0.9,9.8));
#160 = LINE('',#161,#162);
#161 = CARTESIAN_POINT('',(9.95,0.3,9.8));
#162 = VECTOR('',#163,1.);
#163 = DIRECTION('',(-0.8,0.6,0.));
#164 = ORIENTED_EDGE('',*,*,#165,.T.);
#165 = EDGE_CURVE('',#158,#166,#168,.T.);
#166 = VERTEX_POINT('',#167);
#167 = CARTESIAN_POINT('',(9.9,1.4625,9.8));
#168 = LINE('',#169,#170);
#169 = CARTESIAN_POINT('',(9.15,0.9,9.8));
#170 = VECTOR('',#171,1.);
#171 = DIRECTION('',(0.8,0.6,0.));
#172 = ORIENTED_EDGE('',*,*,#173,.F.);
#173 = EDGE_CURVE('',#174,#166,#176,.T.);
#174 = VERTEX_POINT('',#175);
#175 = CARTESIAN_POINT('',(9.9,3.07,9.8));
#176 = LINE('',#177,#178);
#177 = CARTESIAN_POINT('',(9.9,3.07,9.8));
#178 = VECTOR('',#179,1.);
#179 = DIRECTION('',(0.,-1.,0.));
#180 = ORIENTED_EDGE('',*,*,#181,.T.);
#181 = EDGE_CURVE('',#174,#182,#184,.T.);
#182 = VERTEX_POINT('',#183);
#183 = CARTESIAN_POINT('',(9.6,3.37,9.8));
#184 = CIRCLE('',#185,0.3);
#185 = AXIS2_PLACEMENT_3D('',#186,#187,#188);
#186 = CARTESIAN_POINT('',(9.6,3.07,9.8));
#187 = DIRECTION('',(0.,0.,1.));
#188 = DIRECTION('',(1.,0.,0.));
#189 = ORIENTED_EDGE('',*,*,#190,.F.);
#190 = EDGE_CURVE('',#191,#182,#193,.T.);
#191 = VERTEX_POINT('',#192);
#192 = CARTESIAN_POINT('',(-2.1,3.37,9.8));
#193 = LINE('',#194,#195);
#194 = CARTESIAN_POINT('',(-2.1,3.37,9.8));
#195 = VECTOR('',#196,1.);
#196 = DIRECTION('',(1.,0.,0.));
#197 = ORIENTED_EDGE('',*,*,#198,.T.);
#198 = EDGE_CURVE('',#191,#199,#201,.T.);
#199 = VERTEX_POINT('',#200);
#200 = CARTESIAN_POINT('',(-2.4,3.07,9.8));
#201 = CIRCLE('',#202,0.3);
#202 = AXIS2_PLACEMENT_3D('',#203,#204,#205);
#203 = CARTESIAN_POINT('',(-2.1,3.07,9.8));
#204 = DIRECTION('',(0.,0.,1.));
#205 = DIRECTION('',(1.,0.,0.));
#206 = ORIENTED_EDGE('',*,*,#207,.F.);
#207 = EDGE_CURVE('',#208,#199,#210,.T.);
#208 = VERTEX_POINT('',#209);
#209 = CARTESIAN_POINT('',(-2.4,-1.23,9.8));
#210 = LINE('',#211,#212);
#211 = CARTESIAN_POINT('',(-2.4,-1.23,9.8));
#212 = VECTOR('',#213,1.);
#213 = DIRECTION('',(0.,1.,0.));
#214 = ORIENTED_EDGE('',*,*,#215,.T.);
#215 = EDGE_CURVE('',#208,#216,#218,.T.);
#216 = VERTEX_POINT('',#217);
#217 = CARTESIAN_POINT('',(-2.1,-1.53,9.8));
#218 = CIRCLE('',#219,0.3);
#219 = AXIS2_PLACEMENT_3D('',#220,#221,#222);
#220 = CARTESIAN_POINT('',(-2.1,-1.23,9.8));
#221 = DIRECTION('',(0.,0.,1.));
#222 = DIRECTION('',(1.,0.,0.));
#223 = ORIENTED_EDGE('',*,*,#224,.F.);
#224 = EDGE_CURVE('',#225,#216,#227,.T.);
#225 = VERTEX_POINT('',#226);
#226 = CARTESIAN_POINT('',(5.E-02,-1.53,9.8));
#227 = LINE('',#228,#229);
#228 = CARTESIAN_POINT('',(-1.6,-1.53,9.8));
#229 = VECTOR('',#230,1.);
#230 = DIRECTION('',(-1.,0.,0.));
#231 = ORIENTED_EDGE('',*,*,#232,.T.);
#232 = EDGE_CURVE('',#225,#233,#235,.T.);
#233 = VERTEX_POINT('',#234);
#234 = CARTESIAN_POINT('',(5.E-02,-2.33,9.8));
#235 = LINE('',#236,#237);
#236 = CARTESIAN_POINT('',(5.E-02,-1.53,9.8));
#237 = VECTOR('',#238,1.);
#238 = DIRECTION('',(0.,-1.,2.22044604925E-16));
#239 = ORIENTED_EDGE('',*,*,#240,.T.);
#240 = EDGE_CURVE('',#233,#241,#243,.T.);
#241 = VERTEX_POINT('',#242);
#242 = CARTESIAN_POINT('',(7.45,-2.33,9.8));
#243 = LINE('',#244,#245);
#244 = CARTESIAN_POINT('',(5.E-02,-2.33,9.8));
#245 = VECTOR('',#246,1.);
#246 = DIRECTION('',(1.,0.,0.));
#247 = ORIENTED_EDGE('',*,*,#248,.F.);
#248 = EDGE_CURVE('',#133,#241,#249,.T.);
#249 = LINE('',#250,#251);
#250 = CARTESIAN_POINT('',(7.45,-1.53,9.8));
#251 = VECTOR('',#252,1.);
#252 = DIRECTION('',(0.,-1.,2.22044604925E-16));
#253 = FACE_BOUND('',#254,.T.);
#254 = EDGE_LOOP('',(#255,#265,#273,#281,#289,#297,#305,#313));
#255 = ORIENTED_EDGE('',*,*,#256,.F.);
#256 = EDGE_CURVE('',#257,#259,#261,.T.);
#257 = VERTEX_POINT('',#258);
#258 = CARTESIAN_POINT('',(1.05,1.52,9.8));
#259 = VERTEX_POINT('',#260);
#260 = CARTESIAN_POINT('',(0.5,1.52,9.8));
#261 = LINE('',#262,#263);
#262 = CARTESIAN_POINT('',(1.05,1.52,9.8));
#263 = VECTOR('',#264,1.);
#264 = DIRECTION('',(-1.,-0.,-0.));
#265 = ORIENTED_EDGE('',*,*,#266,.T.);
#266 = EDGE_CURVE('',#257,#267,#269,.T.);
#267 = VERTEX_POINT('',#268);
#268 = CARTESIAN_POINT('',(1.05,-0.98,9.8));
#269 = LINE('',#270,#271);
#270 = CARTESIAN_POINT('',(1.05,1.52,9.8));
#271 = VECTOR('',#272,1.);
#272 = DIRECTION('',(0.,-1.,0.));
#273 = ORIENTED_EDGE('',*,*,#274,.T.);
#274 = EDGE_CURVE('',#267,#275,#277,.T.);
#275 = VERTEX_POINT('',#276);
#276 = CARTESIAN_POINT('',(-1.05,-0.98,9.8));
#277 = LINE('',#278,#279);
#278 = CARTESIAN_POINT('',(1.05,-0.98,9.8));
#279 = VECTOR('',#280,1.);
#280 = DIRECTION('',(-1.,-0.,-0.));
#281 = ORIENTED_EDGE('',*,*,#282,.F.);
#282 = EDGE_CURVE('',#283,#275,#285,.T.);
#283 = VERTEX_POINT('',#284);
#284 = CARTESIAN_POINT('',(-1.05,1.52,9.8));
#285 = LINE('',#286,#287);
#286 = CARTESIAN_POINT('',(-1.05,1.52,9.8));
#287 = VECTOR('',#288,1.);
#288 = DIRECTION('',(0.,-1.,0.));
#289 = ORIENTED_EDGE('',*,*,#290,.F.);
#290 = EDGE_CURVE('',#291,#283,#293,.T.);
#291 = VERTEX_POINT('',#292);
#292 = CARTESIAN_POINT('',(-0.5,1.52,9.8));
#293 = LINE('',#294,#295);
#294 = CARTESIAN_POINT('',(1.05,1.52,9.8));
#295 = VECTOR('',#296,1.);
#296 = DIRECTION('',(-1.,-0.,-0.));
#297 = ORIENTED_EDGE('',*,*,#298,.F.);
#298 = EDGE_CURVE('',#299,#291,#301,.T.);
#299 = VERTEX_POINT('',#300);
#300 = CARTESIAN_POINT('',(-0.5,1.92,9.8));
#301 = LINE('',#302,#303);
#302 = CARTESIAN_POINT('',(-0.5,1.92,9.8));
#303 = VECTOR('',#304,1.);
#304 = DIRECTION('',(0.,-1.,0.));
#305 = ORIENTED_EDGE('',*,*,#306,.F.);
#306 = EDGE_CURVE('',#307,#299,#309,.T.);
#307 = VERTEX_POINT('',#308);
#308 = CARTESIAN_POINT('',(0.5,1.92,9.8));
#309 = LINE('',#310,#311);
#310 = CARTESIAN_POINT('',(0.5,1.92,9.8));
#311 = VECTOR('',#312,1.);
#312 = DIRECTION('',(-1.,-0.,-0.));
#313 = ORIENTED_EDGE('',*,*,#314,.T.);
#314 = EDGE_CURVE('',#307,#259,#315,.T.);
#315 = LINE('',#316,#317);
#316 = CARTESIAN_POINT('',(0.5,1.92,9.8));
#317 = VECTOR('',#318,1.);
#318 = DIRECTION('',(0.,-1.,0.));
#319 = FACE_BOUND('',#320,.T.);
#320 = EDGE_LOOP('',(#321,#331,#339,#347,#355,#363,#371,#379));
#321 = ORIENTED_EDGE('',*,*,#322,.F.);
#322 = EDGE_CURVE('',#323,#325,#327,.T.);
#323 = VERTEX_POINT('',#324);
#324 = CARTESIAN_POINT('',(3.55,1.52,9.8));
#325 = VERTEX_POINT('',#326);
#326 = CARTESIAN_POINT('',(3.,1.52,9.8));
#327 = LINE('',#328,#329);
#328 = CARTESIAN_POINT('',(3.55,1.52,9.8));
#329 = VECTOR('',#330,1.);
#330 = DIRECTION('',(-1.,-0.,-0.));
#331 = ORIENTED_EDGE('',*,*,#332,.T.);
#332 = EDGE_CURVE('',#323,#333,#335,.T.);
#333 = VERTEX_POINT('',#334);
#334 = CARTESIAN_POINT('',(3.55,-0.98,9.8));
#335 = LINE('',#336,#337);
#336 = CARTESIAN_POINT('',(3.55,1.52,9.8));
#337 = VECTOR('',#338,1.);
#338 = DIRECTION('',(0.,-1.,0.));
#339 = ORIENTED_EDGE('',*,*,#340,.T.);
#340 = EDGE_CURVE('',#333,#341,#343,.T.);
#341 = VERTEX_POINT('',#342);
#342 = CARTESIAN_POINT('',(1.45,-0.98,9.8));
#343 = LINE('',#344,#345);
#344 = CARTESIAN_POINT('',(3.55,-0.98,9.8));
#345 = VECTOR('',#346,1.);
#346 = DIRECTION('',(-1.,-0.,-0.));
#347 = ORIENTED_EDGE('',*,*,#348,.F.);
#348 = EDGE_CURVE('',#349,#341,#351,.T.);
#349 = VERTEX_POINT('',#350);
#350 = CARTESIAN_POINT('',(1.45,1.52,9.8));
#351 = LINE('',#352,#353);
#352 = CARTESIAN_POINT('',(1.45,1.52,9.8));
#353 = VECTOR('',#354,1.);
#354 = DIRECTION('',(0.,-1.,0.));
#355 = ORIENTED_EDGE('',*,*,#356,.F.);
#356 = EDGE_CURVE('',#357,#349,#359,.T.);
#357 = VERTEX_POINT('',#358);
#358 = CARTESIAN_POINT('',(2.,1.52,9.8));
#359 = LINE('',#360,#361);
#360 = CARTESIAN_POINT('',(3.55,1.52,9.8));
#361 = VECTOR('',#362,1.);
#362 = DIRECTION('',(-1.,-0.,-0.));
#363 = ORIENTED_EDGE('',*,*,#364,.F.);
#364 = EDGE_CURVE('',#365,#357,#367,.T.);
#365 = VERTEX_POINT('',#366);
#366 = CARTESIAN_POINT('',(2.,1.92,9.8));
#367 = LINE('',#368,#369);
#368 = CARTESIAN_POINT('',(2.,1.92,9.8));
#369 = VECTOR('',#370,1.);
#370 = DIRECTION('',(0.,-1.,0.));
#371 = ORIENTED_EDGE('',*,*,#372,.F.);
#372 = EDGE_CURVE('',#373,#365,#375,.T.);
#373 = VERTEX_POINT('',#374);
#374 = CARTESIAN_POINT('',(3.,1.92,9.8));
#375 = LINE('',#376,#377);
#376 = CARTESIAN_POINT('',(3.,1.92,9.8));
#377 = VECTOR('',#378,1.);
#378 = DIRECTION('',(-1.,-0.,-0.));
#379 = ORIENTED_EDGE('',*,*,#380,.T.);
#380 = EDGE_CURVE('',#373,#325,#381,.T.);
#381 = LINE('',#382,#383);
#382 = CARTESIAN_POINT('',(3.,1.92,9.8));
#383 = VECTOR('',#384,1.);
#384 = DIRECTION('',(0.,-1.,0.));
#385 = FACE_BOUND('',#386,.T.);
#386 = EDGE_LOOP('',(#387,#397,#405,#413,#421,#429,#437,#445));
#387 = ORIENTED_EDGE('',*,*,#388,.F.);
#388 = EDGE_CURVE('',#389,#391,#393,.T.);
#389 = VERTEX_POINT('',#390);
#390 = CARTESIAN_POINT('',(6.05,1.52,9.8));
#391 = VERTEX_POINT('',#392);
#392 = CARTESIAN_POINT('',(5.5,1.52,9.8));
#393 = LINE('',#394,#395);
#394 = CARTESIAN_POINT('',(6.05,1.52,9.8));
#395 = VECTOR('',#396,1.);
#396 = DIRECTION('',(-1.,-0.,-0.));
#397 = ORIENTED_EDGE('',*,*,#398,.T.);
#398 = EDGE_CURVE('',#389,#399,#401,.T.);
#399 = VERTEX_POINT('',#400);
#400 = CARTESIAN_POINT('',(6.05,-0.98,9.8));
#401 = LINE('',#402,#403);
#402 = CARTESIAN_POINT('',(6.05,1.52,9.8));
#403 = VECTOR('',#404,1.);
#404 = DIRECTION('',(0.,-1.,0.));
#405 = ORIENTED_EDGE('',*,*,#406,.T.);
#406 = EDGE_CURVE('',#399,#407,#409,.T.);
#407 = VERTEX_POINT('',#408);
#408 = CARTESIAN_POINT('',(3.95,-0.98,9.8));
#409 = LINE('',#410,#411);
#410 = CARTESIAN_POINT('',(6.05,-0.98,9.8));
#411 = VECTOR('',#412,1.);
#412 = DIRECTION('',(-1.,-0.,-0.));
#413 = ORIENTED_EDGE('',*,*,#414,.F.);
#414 = EDGE_CURVE('',#415,#407,#417,.T.);
#415 = VERTEX_POINT('',#416);
#416 = CARTESIAN_POINT('',(3.95,1.52,9.8));
#417 = LINE('',#418,#419);
#418 = CARTESIAN_POINT('',(3.95,1.52,9.8));
#419 = VECTOR('',#420,1.);
#420 = DIRECTION('',(0.,-1.,0.));
#421 = ORIENTED_EDGE('',*,*,#422,.F.);
#422 = EDGE_CURVE('',#423,#415,#425,.T.);
#423 = VERTEX_POINT('',#424);
#424 = CARTESIAN_POINT('',(4.5,1.52,9.8));
#425 = LINE('',#426,#427);
#426 = CARTESIAN_POINT('',(6.05,1.52,9.8));
#427 = VECTOR('',#428,1.);
#428 = DIRECTION('',(-1.,-0.,-0.));
#429 = ORIENTED_EDGE('',*,*,#430,.F.);
#430 = EDGE_CURVE('',#431,#423,#433,.T.);
#431 = VERTEX_POINT('',#432);
#432 = CARTESIAN_POINT('',(4.5,1.92,9.8));
#433 = LINE('',#434,#435);
#434 = CARTESIAN_POINT('',(4.5,1.92,9.8));
#435 = VECTOR('',#436,1.);
#436 = DIRECTION('',(0.,-1.,0.));
#437 = ORIENTED_EDGE('',*,*,#438,.F.);
#438 = EDGE_CURVE('',#439,#431,#441,.T.);
#439 = VERTEX_POINT('',#440);
#440 = CARTESIAN_POINT('',(5.5,1.92,9.8));
#441 = LINE('',#442,#443);
#442 = CARTESIAN_POINT('',(5.5,1.92,9.8));
#443 = VECTOR('',#444,1.);
#444 = DIRECTION('',(-1.,-0.,-0.));
#445 = ORIENTED_EDGE('',*,*,#446,.T.);
#446 = EDGE_CURVE('',#439,#391,#447,.T.);
#447 = LINE('',#448,#449);
#448 = CARTESIAN_POINT('',(5.5,1.92,9.8));
#449 = VECTOR('',#450,1.);
#450 = DIRECTION('',(0.,-1.,0.));
#451 = FACE_BOUND('',#452,.T.);
#452 = EDGE_LOOP('',(#453,#454,#455,#463,#471,#479,#487,#495));
#453 = ORIENTED_EDGE('',*,*,#85,.F.);
#454 = ORIENTED_EDGE('',*,*,#108,.T.);
#455 = ORIENTED_EDGE('',*,*,#456,.T.);
#456 = EDGE_CURVE('',#109,#457,#459,.T.);
#457 = VERTEX_POINT('',#458);
#458 = CARTESIAN_POINT('',(6.45,-0.98,9.8));
#459 = LINE('',#460,#461);
#460 = CARTESIAN_POINT('',(8.55,-0.98,9.8));
#461 = VECTOR('',#462,1.);
#462 = DIRECTION('',(-1.,-0.,-0.));
#463 = ORIENTED_EDGE('',*,*,#464,.F.);
#464 = EDGE_CURVE('',#465,#457,#467,.T.);
#465 = VERTEX_POINT('',#466);
#466 = CARTESIAN_POINT('',(6.45,1.52,9.8));
#467 = LINE('',#468,#469);
#468 = CARTESIAN_POINT('',(6.45,1.52,9.8));
#469 = VECTOR('',#470,1.);
#470 = DIRECTION('',(0.,-1.,0.));
#471 = ORIENTED_EDGE('',*,*,#472,.F.);
#472 = EDGE_CURVE('',#473,#465,#475,.T.);
#473 = VERTEX_POINT('',#474);
#474 = CARTESIAN_POINT('',(7.,1.52,9.8));
#475 = LINE('',#476,#477);
#476 = CARTESIAN_POINT('',(8.55,1.52,9.8));
#477 = VECTOR('',#478,1.);
#478 = DIRECTION('',(-1.,-0.,-0.));
#479 = ORIENTED_EDGE('',*,*,#480,.F.);
#480 = EDGE_CURVE('',#481,#473,#483,.T.);
#481 = VERTEX_POINT('',#482);
#482 = CARTESIAN_POINT('',(7.,1.92,9.8));
#483 = LINE('',#484,#485);
#484 = CARTESIAN_POINT('',(7.,1.92,9.8));
#485 = VECTOR('',#486,1.);
#486 = DIRECTION('',(0.,-1.,0.));
#487 = ORIENTED_EDGE('',*,*,#488,.F.);
#488 = EDGE_CURVE('',#489,#481,#491,.T.);
#489 = VERTEX_POINT('',#490);
#490 = CARTESIAN_POINT('',(8.,1.92,9.8));
#491 = LINE('',#492,#493);
#492 = CARTESIAN_POINT('',(8.,1.92,9.8));
#493 = VECTOR('',#494,1.);
#494 = DIRECTION('',(-1.,-0.,-0.));
#495 = ORIENTED_EDGE('',*,*,#496,.T.);
#496 = EDGE_CURVE('',#489,#78,#497,.T.);
#497 = LINE('',#498,#499);
#498 = CARTESIAN_POINT('',(8.,1.92,9.8));
#499 = VECTOR('',#500,1.);
#500 = DIRECTION('',(0.,-1.,0.));
#501 = PLANE('',#502);
#502 = AXIS2_PLACEMENT_3D('',#503,#504,#505);
#503 = CARTESIAN_POINT('',(3.75,0.624484868959,9.8));
#504 = DIRECTION('',(0.,0.,1.));
#505 = DIRECTION('',(1.,0.,0.));
#506 = ADVANCED_FACE('',(#507),#525,.F.);
#507 = FACE_BOUND('',#508,.F.);
#508 = EDGE_LOOP('',(#509,#510,#518,#524));
#509 = ORIENTED_EDGE('',*,*,#77,.T.);
#510 = ORIENTED_EDGE('',*,*,#511,.T.);
#511 = EDGE_CURVE('',#70,#512,#514,.T.);
#512 = VERTEX_POINT('',#513);
#513 = CARTESIAN_POINT('',(8.,1.92,5.25));
#514 = LINE('',#515,#516);
#515 = CARTESIAN_POINT('',(8.,1.52,5.25));
#516 = VECTOR('',#517,1.);
#517 = DIRECTION('',(0.,1.,0.));
#518 = ORIENTED_EDGE('',*,*,#519,.T.);
#519 = EDGE_CURVE('',#512,#489,#520,.T.);
#520 = LINE('',#521,#522);
#521 = CARTESIAN_POINT('',(8.,1.92,5.25));
#522 = VECTOR('',#523,1.);
#523 = DIRECTION('',(0.,0.,1.));
#524 = ORIENTED_EDGE('',*,*,#496,.T.);
#525 = PLANE('',#526);
#526 = AXIS2_PLACEMENT_3D('',#527,#528,#529);
#527 = CARTESIAN_POINT('',(8.,1.72,7.525));
#528 = DIRECTION('',(1.,0.,0.));
#529 = DIRECTION('',(0.,0.,1.));
#530 = ADVANCED_FACE('',(#531),#581,.F.);
#531 = FACE_BOUND('',#532,.F.);
#532 = EDGE_LOOP('',(#533,#541,#549,#557,#565,#573,#579,#580));
#533 = ORIENTED_EDGE('',*,*,#534,.F.);
#534 = EDGE_CURVE('',#535,#62,#537,.T.);
#535 = VERTEX_POINT('',#536);
#536 = CARTESIAN_POINT('',(8.1,2.57,5.25));
#537 = LINE('',#538,#539);
#538 = CARTESIAN_POINT('',(8.1,2.57,5.25));
#539 = VECTOR('',#540,1.);
#540 = DIRECTION('',(0.,-1.,0.));
#541 = ORIENTED_EDGE('',*,*,#542,.T.);
#542 = EDGE_CURVE('',#535,#543,#545,.T.);
#543 = VERTEX_POINT('',#544);
#544 = CARTESIAN_POINT('',(6.9,2.57,5.25));
#545 = LINE('',#546,#547);
#546 = CARTESIAN_POINT('',(8.1,2.57,5.25));
#547 = VECTOR('',#548,1.);
#548 = DIRECTION('',(-1.,-0.,-0.));
#549 = ORIENTED_EDGE('',*,*,#550,.T.);
#550 = EDGE_CURVE('',#543,#551,#553,.T.);
#551 = VERTEX_POINT('',#552);
#552 = CARTESIAN_POINT('',(6.9,1.52,5.25));
#553 = LINE('',#554,#555);
#554 = CARTESIAN_POINT('',(6.9,2.57,5.25));
#555 = VECTOR('',#556,1.);
#556 = DIRECTION('',(0.,-1.,0.));
#557 = ORIENTED_EDGE('',*,*,#558,.F.);
#558 = EDGE_CURVE('',#559,#551,#561,.T.);
#559 = VERTEX_POINT('',#560);
#560 = CARTESIAN_POINT('',(7.,1.52,5.25));
#561 = LINE('',#562,#563);
#562 = CARTESIAN_POINT('',(8.1,1.52,5.25));
#563 = VECTOR('',#564,1.);
#564 = DIRECTION('',(-1.,-0.,-0.));
#565 = ORIENTED_EDGE('',*,*,#566,.T.);
#566 = EDGE_CURVE('',#559,#567,#569,.T.);
#567 = VERTEX_POINT('',#568);
#568 = CARTESIAN_POINT('',(7.,1.92,5.25));
#569 = LINE('',#570,#571);
#570 = CARTESIAN_POINT('',(7.,1.52,5.25));
#571 = VECTOR('',#572,1.);
#572 = DIRECTION('',(0.,1.,0.));
#573 = ORIENTED_EDGE('',*,*,#574,.F.);
#574 = EDGE_CURVE('',#512,#567,#575,.T.);
#575 = LINE('',#576,#577);
#576 = CARTESIAN_POINT('',(8.,1.92,5.25));
#577 = VECTOR('',#578,1.);
#578 = DIRECTION('',(-1.,-0.,-0.));
#579 = ORIENTED_EDGE('',*,*,#511,.F.);
#580 = ORIENTED_EDGE('',*,*,#69,.F.);
#581 = PLANE('',#582);
#582 = AXIS2_PLACEMENT_3D('',#583,#584,#585);
#583 = CARTESIAN_POINT('',(8.1,2.57,5.25));
#584 = DIRECTION('',(0.,0.,1.));
#585 = DIRECTION('',(0.,-1.,0.));
#586 = ADVANCED_FACE('',(#587),#637,.F.);
#587 = FACE_BOUND('',#588,.F.);
#588 = EDGE_LOOP('',(#589,#597,#598,#599,#607,#615,#623,#631));
#589 = ORIENTED_EDGE('',*,*,#590,.T.);
#590 = EDGE_CURVE('',#591,#535,#593,.T.);
#591 = VERTEX_POINT('',#592);
#592 = CARTESIAN_POINT('',(8.1,2.57,2.05));
#593 = LINE('',#594,#595);
#594 = CARTESIAN_POINT('',(8.1,2.57,2.05));
#595 = VECTOR('',#596,1.);
#596 = DIRECTION('',(0.,0.,1.));
#597 = ORIENTED_EDGE('',*,*,#534,.T.);
#598 = ORIENTED_EDGE('',*,*,#61,.T.);
#599 = ORIENTED_EDGE('',*,*,#600,.T.);
#600 = EDGE_CURVE('',#54,#601,#603,.T.);
#601 = VERTEX_POINT('',#602);
#602 = CARTESIAN_POINT('',(8.1,0.5468198,3.45));
#603 = LINE('',#604,#605);
#604 = CARTESIAN_POINT('',(8.1,1.52,3.45));
#605 = VECTOR('',#606,1.);
#606 = DIRECTION('',(0.,-1.,0.));
#607 = ORIENTED_EDGE('',*,*,#608,.T.);
#608 = EDGE_CURVE('',#601,#609,#611,.T.);
#609 = VERTEX_POINT('',#610);
#610 = CARTESIAN_POINT('',(8.1,1.044,2.6151));
#611 = LINE('',#612,#613);
#612 = CARTESIAN_POINT('',(8.1,0.5468198,3.45));
#613 = VECTOR('',#614,1.);
#614 = DIRECTION('',(0.,0.511647917429,-0.859195209828));
#615 = ORIENTED_EDGE('',*,*,#616,.T.);
#616 = EDGE_CURVE('',#609,#617,#619,.T.);
#617 = VERTEX_POINT('',#618);
#618 = CARTESIAN_POINT('',(8.1,1.52,2.6151));
#619 = LINE('',#620,#621);
#620 = CARTESIAN_POINT('',(8.1,1.044,2.6151));
#621 = VECTOR('',#622,1.);
#622 = DIRECTION('',(0.,1.,0.));
#623 = ORIENTED_EDGE('',*,*,#624,.T.);
#624 = EDGE_CURVE('',#617,#625,#627,.T.);
#625 = VERTEX_POINT('',#626);
#626 = CARTESIAN_POINT('',(8.1,1.52,2.05));
#627 = LINE('',#628,#629);
#628 = CARTESIAN_POINT('',(8.1,1.52,2.6151));
#629 = VECTOR('',#630,1.);
#630 = DIRECTION('',(0.,0.,-1.));
#631 = ORIENTED_EDGE('',*,*,#632,.T.);
#632 = EDGE_CURVE('',#625,#591,#633,.T.);
#633 = LINE('',#634,#635);
#634 = CARTESIAN_POINT('',(8.1,1.52,2.05));
#635 = VECTOR('',#636,1.);
#636 = DIRECTION('',(0.,1.,0.));
#637 = PLANE('',#638);
#638 = AXIS2_PLACEMENT_3D('',#639,#640,#641);
#639 = CARTESIAN_POINT('',(8.1,1.834452703854,3.573485056924));
#640 = DIRECTION('',(1.,0.,0.));
#641 = DIRECTION('',(0.,0.,1.));
#642 = ADVANCED_FACE('',(#643,#686),#720,.F.);
#643 = FACE_BOUND('',#644,.F.);
#644 = EDGE_LOOP('',(#645,#646,#654,#662,#670,#678,#684,#685));
#645 = ORIENTED_EDGE('',*,*,#99,.F.);
#646 = ORIENTED_EDGE('',*,*,#647,.T.);
#647 = EDGE_CURVE('',#100,#648,#650,.T.);
#648 = VERTEX_POINT('',#649);
#649 = CARTESIAN_POINT('',(6.45,-0.98,3.45));
#650 = LINE('',#651,#652);
#651 = CARTESIAN_POINT('',(8.55,-0.98,3.45));
#652 = VECTOR('',#653,1.);
#653 = DIRECTION('',(-1.,-0.,-0.));
#654 = ORIENTED_EDGE('',*,*,#655,.T.);
#655 = EDGE_CURVE('',#648,#656,#658,.T.);
#656 = VERTEX_POINT('',#657);
#657 = CARTESIAN_POINT('',(6.45,1.52,3.45));
#658 = LINE('',#659,#660);
#659 = CARTESIAN_POINT('',(6.45,-0.98,3.45));
#660 = VECTOR('',#661,1.);
#661 = DIRECTION('',(0.,1.,0.));
#662 = ORIENTED_EDGE('',*,*,#663,.F.);
#663 = EDGE_CURVE('',#664,#656,#666,.T.);
#664 = VERTEX_POINT('',#665);
#665 = CARTESIAN_POINT('',(6.9,1.52,3.45));
#666 = LINE('',#667,#668);
#667 = CARTESIAN_POINT('',(8.55,1.52,3.45));
#668 = VECTOR('',#669,1.);
#669 = DIRECTION('',(-1.,-0.,-0.));
#670 = ORIENTED_EDGE('',*,*,#671,.T.);
#671 = EDGE_CURVE('',#664,#672,#674,.T.);
#672 = VERTEX_POINT('',#673);
#673 = CARTESIAN_POINT('',(6.9,0.5468198,3.45));
#674 = LINE('',#675,#676);
#675 = CARTESIAN_POINT('',(6.9,1.52,3.45));
#676 = VECTOR('',#677,1.);
#677 = DIRECTION('',(0.,-1.,0.));
#678 = ORIENTED_EDGE('',*,*,#679,.F.);
#679 = EDGE_CURVE('',#601,#672,#680,.T.);
#680 = LINE('',#681,#682);
#681 = CARTESIAN_POINT('',(8.1,0.5468198,3.45));
#682 = VECTOR('',#683,1.);
#683 = DIRECTION('',(-1.,-0.,-0.));
#684 = ORIENTED_EDGE('',*,*,#600,.F.);
#685 = ORIENTED_EDGE('',*,*,#53,.F.);
#686 = FACE_BOUND('',#687,.F.);
#687 = EDGE_LOOP('',(#688,#698,#706,#714));
#688 = ORIENTED_EDGE('',*,*,#689,.F.);
#689 = EDGE_CURVE('',#690,#692,#694,.T.);
#690 = VERTEX_POINT('',#691);
#691 = CARTESIAN_POINT('',(7.9,-0.4,3.45));
#692 = VERTEX_POINT('',#693);
#693 = CARTESIAN_POINT('',(7.1,-0.4,3.45));
#694 = LINE('',#695,#696);
#695 = CARTESIAN_POINT('',(7.9,-0.4,3.45));
#696 = VECTOR('',#697,1.);
#697 = DIRECTION('',(-1.,-0.,-0.));
#698 = ORIENTED_EDGE('',*,*,#699,.F.);
#699 = EDGE_CURVE('',#700,#690,#702,.T.);
#700 = VERTEX_POINT('',#701);
#701 = CARTESIAN_POINT('',(7.9,0.4,3.45));
#702 = LINE('',#703,#704);
#703 = CARTESIAN_POINT('',(7.9,0.4,3.45));
#704 = VECTOR('',#705,1.);
#705 = DIRECTION('',(0.,-1.,0.));
#706 = ORIENTED_EDGE('',*,*,#707,.T.);
#707 = EDGE_CURVE('',#700,#708,#710,.T.);
#708 = VERTEX_POINT('',#709);
#709 = CARTESIAN_POINT('',(7.1,0.4,3.45));
#710 = LINE('',#711,#712);
#711 = CARTESIAN_POINT('',(7.9,0.4,3.45));
#712 = VECTOR('',#713,1.);
#713 = DIRECTION('',(-1.,-0.,-0.));
#714 = ORIENTED_EDGE('',*,*,#715,.T.);
#715 = EDGE_CURVE('',#708,#692,#716,.T.);
#716 = LINE('',#717,#718);
#717 = CARTESIAN_POINT('',(7.1,0.4,3.45));
#718 = VECTOR('',#719,1.);
#719 = DIRECTION('',(0.,-1.,0.));
#720 = PLANE('',#721);
#721 = AXIS2_PLACEMENT_3D('',#722,#723,#724);
#722 = CARTESIAN_POINT('',(8.55,-0.98,3.45));
#723 = DIRECTION('',(0.,0.,-1.));
#724 = DIRECTION('',(0.,1.,0.));
#725 = ADVANCED_FACE('',(#726),#737,.F.);
#726 = FACE_BOUND('',#727,.F.);
#727 = EDGE_LOOP('',(#728,#729,#735,#736));
#728 = ORIENTED_EDGE('',*,*,#456,.T.);
#729 = ORIENTED_EDGE('',*,*,#730,.T.);
#730 = EDGE_CURVE('',#457,#648,#731,.T.);
#731 = LINE('',#732,#733);
#732 = CARTESIAN_POINT('',(6.45,-0.98,9.8));
#733 = VECTOR('',#734,1.);
#734 = DIRECTION('',(0.,0.,-1.));
#735 = ORIENTED_EDGE('',*,*,#647,.F.);
#736 = ORIENTED_EDGE('',*,*,#116,.F.);
#737 = PLANE('',#738);
#738 = AXIS2_PLACEMENT_3D('',#739,#740,#741);
#739 = CARTESIAN_POINT('',(8.55,-0.98,9.8));
#740 = DIRECTION('',(0.,-1.,0.));
#741 = DIRECTION('',(0.,0.,-1.));
#742 = ADVANCED_FACE('',(#743),#903,.T.);
#743 = FACE_BOUND('',#744,.T.);
#744 = EDGE_LOOP('',(#745,#753,#754,#762,#770,#778,#786,#794,#802,#810,
    #818,#826,#834,#842,#850,#856,#857,#865,#873,#881,#889,#897));
#745 = ORIENTED_EDGE('',*,*,#746,.F.);
#746 = EDGE_CURVE('',#131,#747,#749,.T.);
#747 = VERTEX_POINT('',#748);
#748 = CARTESIAN_POINT('',(9.6,-1.53,9.2));
#749 = LINE('',#750,#751);
#750 = CARTESIAN_POINT('',(9.6,-1.53,9.8));
#751 = VECTOR('',#752,1.);
#752 = DIRECTION('',(-0.,-0.,-1.));
#753 = ORIENTED_EDGE('',*,*,#130,.T.);
#754 = ORIENTED_EDGE('',*,*,#755,.T.);
#755 = EDGE_CURVE('',#133,#756,#758,.T.);
#756 = VERTEX_POINT('',#757);
#757 = CARTESIAN_POINT('',(7.7,-1.53,5.7));
#758 = LINE('',#759,#760);
#759 = CARTESIAN_POINT('',(7.45,-1.53,9.8));
#760 = VECTOR('',#761,1.);
#761 = DIRECTION('',(6.086257045056E-02,-2.216329687308E-16,
    -0.998146155389));
#762 = ORIENTED_EDGE('',*,*,#763,.F.);
#763 = EDGE_CURVE('',#764,#756,#766,.T.);
#764 = VERTEX_POINT('',#765);
#765 = CARTESIAN_POINT('',(8.15,-1.53,5.7));
#766 = LINE('',#767,#768);
#767 = CARTESIAN_POINT('',(8.15,-1.53,5.7));
#768 = VECTOR('',#769,1.);
#769 = DIRECTION('',(-1.,0.,0.));
#770 = ORIENTED_EDGE('',*,*,#771,.F.);
#771 = EDGE_CURVE('',#772,#764,#774,.T.);
#772 = VERTEX_POINT('',#773);
#773 = CARTESIAN_POINT('',(8.15,-1.53,4.9));
#774 = LINE('',#775,#776);
#775 = CARTESIAN_POINT('',(8.15,-1.53,4.9));
#776 = VECTOR('',#777,1.);
#777 = DIRECTION('',(0.,2.22044604925E-16,1.));
#778 = ORIENTED_EDGE('',*,*,#779,.F.);
#779 = EDGE_CURVE('',#780,#772,#782,.T.);
#780 = VERTEX_POINT('',#781);
#781 = CARTESIAN_POINT('',(7.45,-1.53,3.7));
#782 = LINE('',#783,#784);
#783 = CARTESIAN_POINT('',(7.45,-1.53,3.7));
#784 = VECTOR('',#785,1.);
#785 = DIRECTION('',(0.503871025524,1.917974447926E-16,0.863778900898));
#786 = ORIENTED_EDGE('',*,*,#787,.F.);
#787 = EDGE_CURVE('',#788,#780,#790,.T.);
#788 = VERTEX_POINT('',#789);
#789 = CARTESIAN_POINT('',(6.85,-1.53,3.7));
#790 = LINE('',#791,#792);
#791 = CARTESIAN_POINT('',(6.85,-1.53,3.7));
#792 = VECTOR('',#793,1.);
#793 = DIRECTION('',(1.,0.,0.));
#794 = ORIENTED_EDGE('',*,*,#795,.F.);
#795 = EDGE_CURVE('',#796,#788,#798,.T.);
#796 = VERTEX_POINT('',#797);
#797 = CARTESIAN_POINT('',(6.85,-1.53,9.));
#798 = LINE('',#799,#800);
#799 = CARTESIAN_POINT('',(6.85,-1.53,9.));
#800 = VECTOR('',#801,1.);
#801 = DIRECTION('',(0.,-2.22044604925E-16,-1.));
#802 = ORIENTED_EDGE('',*,*,#803,.F.);
#803 = EDGE_CURVE('',#804,#796,#806,.T.);
#804 = VERTEX_POINT('',#805);
#805 = CARTESIAN_POINT('',(0.65,-1.53,9.));
#806 = LINE('',#807,#808);
#807 = CARTESIAN_POINT('',(0.65,-1.53,9.));
#808 = VECTOR('',#809,1.);
#809 = DIRECTION('',(1.,0.,0.));
#810 = ORIENTED_EDGE('',*,*,#811,.T.);
#811 = EDGE_CURVE('',#804,#812,#814,.T.);
#812 = VERTEX_POINT('',#813);
#813 = CARTESIAN_POINT('',(0.65,-1.53,3.7));
#814 = LINE('',#815,#816);
#815 = CARTESIAN_POINT('',(0.65,-1.53,9.));
#816 = VECTOR('',#817,1.);
#817 = DIRECTION('',(0.,-2.22044604925E-16,-1.));
#818 = ORIENTED_EDGE('',*,*,#819,.T.);
#819 = EDGE_CURVE('',#812,#820,#822,.T.);
#820 = VERTEX_POINT('',#821);
#821 = CARTESIAN_POINT('',(5.E-02,-1.53,3.7));
#822 = LINE('',#823,#824);
#823 = CARTESIAN_POINT('',(0.65,-1.53,3.7));
#824 = VECTOR('',#825,1.);
#825 = DIRECTION('',(-1.,0.,0.));
#826 = ORIENTED_EDGE('',*,*,#827,.T.);
#827 = EDGE_CURVE('',#820,#828,#830,.T.);
#828 = VERTEX_POINT('',#829);
#829 = CARTESIAN_POINT('',(-0.65,-1.53,4.9));
#830 = LINE('',#831,#832);
#831 = CARTESIAN_POINT('',(5.E-02,-1.53,3.7));
#832 = VECTOR('',#833,1.);
#833 = DIRECTION('',(-0.503871025524,1.917974447926E-16,0.863778900898)
  );
#834 = ORIENTED_EDGE('',*,*,#835,.T.);
#835 = EDGE_CURVE('',#828,#836,#838,.T.);
#836 = VERTEX_POINT('',#837);
#837 = CARTESIAN_POINT('',(-0.65,-1.53,5.7));
#838 = LINE('',#839,#840);
#839 = CARTESIAN_POINT('',(-0.65,-1.53,4.9));
#840 = VECTOR('',#841,1.);
#841 = DIRECTION('',(0.,2.22044604925E-16,1.));
#842 = ORIENTED_EDGE('',*,*,#843,.T.);
#843 = EDGE_CURVE('',#836,#844,#846,.T.);
#844 = VERTEX_POINT('',#845);
#845 = CARTESIAN_POINT('',(-0.2,-1.53,5.7));
#846 = LINE('',#847,#848);
#847 = CARTESIAN_POINT('',(-0.65,-1.53,5.7));
#848 = VECTOR('',#849,1.);
#849 = DIRECTION('',(1.,0.,0.));
#850 = ORIENTED_EDGE('',*,*,#851,.F.);
#851 = EDGE_CURVE('',#225,#844,#852,.T.);
#852 = LINE('',#853,#854);
#853 = CARTESIAN_POINT('',(5.E-02,-1.53,9.8));
#854 = VECTOR('',#855,1.);
#855 = DIRECTION('',(-6.086257045056E-02,-2.216329687308E-16,
    -0.998146155389));
#856 = ORIENTED_EDGE('',*,*,#224,.T.);
#857 = ORIENTED_EDGE('',*,*,#858,.T.);
#858 = EDGE_CURVE('',#216,#859,#861,.T.);
#859 = VERTEX_POINT('',#860);
#860 = CARTESIAN_POINT('',(-2.1,-1.53,9.2));
#861 = LINE('',#862,#863);
#862 = CARTESIAN_POINT('',(-2.1,-1.53,9.8));
#863 = VECTOR('',#864,1.);
#864 = DIRECTION('',(-0.,-0.,-1.));
#865 = ORIENTED_EDGE('',*,*,#866,.F.);
#866 = EDGE_CURVE('',#867,#859,#869,.T.);
#867 = VERTEX_POINT('',#868);
#868 = CARTESIAN_POINT('',(-1.6,-1.53,9.2));
#869 = LINE('',#870,#871);
#870 = CARTESIAN_POINT('',(9.6,-1.53,9.2));
#871 = VECTOR('',#872,1.);
#872 = DIRECTION('',(-1.,0.,0.));
#873 = ORIENTED_EDGE('',*,*,#874,.T.);
#874 = EDGE_CURVE('',#867,#875,#877,.T.);
#875 = VERTEX_POINT('',#876);
#876 = CARTESIAN_POINT('',(-1.6,-1.53,2.7));
#877 = LINE('',#878,#879);
#878 = CARTESIAN_POINT('',(-1.6,-1.53,9.8));
#879 = VECTOR('',#880,1.);
#880 = DIRECTION('',(0.,0.,-1.));
#881 = ORIENTED_EDGE('',*,*,#882,.F.);
#882 = EDGE_CURVE('',#883,#875,#885,.T.);
#883 = VERTEX_POINT('',#884);
#884 = CARTESIAN_POINT('',(9.1,-1.53,2.7));
#885 = LINE('',#886,#887);
#886 = CARTESIAN_POINT('',(9.1,-1.53,2.7));
#887 = VECTOR('',#888,1.);
#888 = DIRECTION('',(-1.,-0.,-0.));
#889 = ORIENTED_EDGE('',*,*,#890,.F.);
#890 = EDGE_CURVE('',#891,#883,#893,.T.);
#891 = VERTEX_POINT('',#892);
#892 = CARTESIAN_POINT('',(9.1,-1.53,9.2));
#893 = LINE('',#894,#895);
#894 = CARTESIAN_POINT('',(9.1,-1.53,9.8));
#895 = VECTOR('',#896,1.);
#896 = DIRECTION('',(0.,0.,-1.));
#897 = ORIENTED_EDGE('',*,*,#898,.F.);
#898 = EDGE_CURVE('',#747,#891,#899,.T.);
#899 = LINE('',#900,#901);
#900 = CARTESIAN_POINT('',(9.6,-1.53,9.2));
#901 = VECTOR('',#902,1.);
#902 = DIRECTION('',(-1.,0.,0.));
#903 = PLANE('',#904);
#904 = AXIS2_PLACEMENT_3D('',#905,#906,#907);
#905 = CARTESIAN_POINT('',(3.75,-1.53,6.422872340426));
#906 = DIRECTION('',(-0.,-1.,-0.));
#907 = DIRECTION('',(0.,0.,-1.));
#908 = ADVANCED_FACE('',(#909),#927,.T.);
#909 = FACE_BOUND('',#910,.T.);
#910 = EDGE_LOOP('',(#911,#912,#920,#926));
#911 = ORIENTED_EDGE('',*,*,#248,.T.);
#912 = ORIENTED_EDGE('',*,*,#913,.T.);
#913 = EDGE_CURVE('',#241,#914,#916,.T.);
#914 = VERTEX_POINT('',#915);
#915 = CARTESIAN_POINT('',(7.7,-2.33,5.7));
#916 = LINE('',#917,#918);
#917 = CARTESIAN_POINT('',(7.45,-2.33,9.8));
#918 = VECTOR('',#919,1.);
#919 = DIRECTION('',(6.086257045056E-02,-2.216329687308E-16,
    -0.998146155389));
#920 = ORIENTED_EDGE('',*,*,#921,.F.);
#921 = EDGE_CURVE('',#756,#914,#922,.T.);
#922 = LINE('',#923,#924);
#923 = CARTESIAN_POINT('',(7.7,-1.53,5.7));
#924 = VECTOR('',#925,1.);
#925 = DIRECTION('',(0.,-1.,2.22044604925E-16));
#926 = ORIENTED_EDGE('',*,*,#755,.F.);
#927 = PLANE('',#928);
#928 = AXIS2_PLACEMENT_3D('',#929,#930,#931);
#929 = CARTESIAN_POINT('',(7.45,-1.53,9.8));
#930 = DIRECTION('',(0.998146155389,1.351420541042E-17,
    6.086257045056E-02));
#931 = DIRECTION('',(6.086257045056E-02,-2.216329687308E-16,
    -0.998146155389));
#932 = ADVANCED_FACE('',(#933),#1031,.F.);
#933 = FACE_BOUND('',#934,.T.);
#934 = EDGE_LOOP('',(#935,#943,#951,#959,#967,#975,#983,#991,#999,#1007,
    #1015,#1023,#1029,#1030));
#935 = ORIENTED_EDGE('',*,*,#936,.T.);
#936 = EDGE_CURVE('',#233,#937,#939,.T.);
#937 = VERTEX_POINT('',#938);
#938 = CARTESIAN_POINT('',(-0.2,-2.33,5.7));
#939 = LINE('',#940,#941);
#940 = CARTESIAN_POINT('',(5.E-02,-2.33,9.8));
#941 = VECTOR('',#942,1.);
#942 = DIRECTION('',(-6.086257045056E-02,-2.216329687308E-16,
    -0.998146155389));
#943 = ORIENTED_EDGE('',*,*,#944,.F.);
#944 = EDGE_CURVE('',#945,#937,#947,.T.);
#945 = VERTEX_POINT('',#946);
#946 = CARTESIAN_POINT('',(-0.65,-2.33,5.7));
#947 = LINE('',#948,#949);
#948 = CARTESIAN_POINT('',(-0.65,-2.33,5.7));
#949 = VECTOR('',#950,1.);
#950 = DIRECTION('',(1.,0.,0.));
#951 = ORIENTED_EDGE('',*,*,#952,.F.);
#952 = EDGE_CURVE('',#953,#945,#955,.T.);
#953 = VERTEX_POINT('',#954);
#954 = CARTESIAN_POINT('',(-0.65,-2.33,4.9));
#955 = LINE('',#956,#957);
#956 = CARTESIAN_POINT('',(-0.65,-2.33,4.9));
#957 = VECTOR('',#958,1.);
#958 = DIRECTION('',(0.,2.22044604925E-16,1.));
#959 = ORIENTED_EDGE('',*,*,#960,.F.);
#960 = EDGE_CURVE('',#961,#953,#963,.T.);
#961 = VERTEX_POINT('',#962);
#962 = CARTESIAN_POINT('',(5.E-02,-2.33,3.7));
#963 = LINE('',#964,#965);
#964 = CARTESIAN_POINT('',(5.E-02,-2.33,3.7));
#965 = VECTOR('',#966,1.);
#966 = DIRECTION('',(-0.503871025524,1.917974447926E-16,0.863778900898)
  );
#967 = ORIENTED_EDGE('',*,*,#968,.F.);
#968 = EDGE_CURVE('',#969,#961,#971,.T.);
#969 = VERTEX_POINT('',#970);
#970 = CARTESIAN_POINT('',(0.65,-2.33,3.7));
#971 = LINE('',#972,#973);
#972 = CARTESIAN_POINT('',(0.65,-2.33,3.7));
#973 = VECTOR('',#974,1.);
#974 = DIRECTION('',(-1.,0.,0.));
#975 = ORIENTED_EDGE('',*,*,#976,.F.);
#976 = EDGE_CURVE('',#977,#969,#979,.T.);
#977 = VERTEX_POINT('',#978);
#978 = CARTESIAN_POINT('',(0.65,-2.33,9.));
#979 = LINE('',#980,#981);
#980 = CARTESIAN_POINT('',(0.65,-2.33,9.));
#981 = VECTOR('',#982,1.);
#982 = DIRECTION('',(0.,-2.22044604925E-16,-1.));
#983 = ORIENTED_EDGE('',*,*,#984,.T.);
#984 = EDGE_CURVE('',#977,#985,#987,.T.);
#985 = VERTEX_POINT('',#986);
#986 = CARTESIAN_POINT('',(6.85,-2.33,9.));
#987 = LINE('',#988,#989);
#988 = CARTESIAN_POINT('',(0.65,-2.33,9.));
#989 = VECTOR('',#990,1.);
#990 = DIRECTION('',(1.,0.,0.));
#991 = ORIENTED_EDGE('',*,*,#992,.T.);
#992 = EDGE_CURVE('',#985,#993,#995,.T.);
#993 = VERTEX_POINT('',#994);
#994 = CARTESIAN_POINT('',(6.85,-2.33,3.7));
#995 = LINE('',#996,#997);
#996 = CARTESIAN_POINT('',(6.85,-2.33,9.));
#997 = VECTOR('',#998,1.);
#998 = DIRECTION('',(0.,-2.22044604925E-16,-1.));
#999 = ORIENTED_EDGE('',*,*,#1000,.T.);
#1000 = EDGE_CURVE('',#993,#1001,#1003,.T.);
#1001 = VERTEX_POINT('',#1002);
#1002 = CARTESIAN_POINT('',(7.45,-2.33,3.7));
#1003 = LINE('',#1004,#1005);
#1004 = CARTESIAN_POINT('',(6.85,-2.33,3.7));
#1005 = VECTOR('',#1006,1.);
#1006 = DIRECTION('',(1.,0.,0.));
#1007 = ORIENTED_EDGE('',*,*,#1008,.T.);
#1008 = EDGE_CURVE('',#1001,#1009,#1011,.T.);
#1009 = VERTEX_POINT('',#1010);
#1010 = CARTESIAN_POINT('',(8.15,-2.33,4.9));
#1011 = LINE('',#1012,#1013);
#1012 = CARTESIAN_POINT('',(7.45,-2.33,3.7));
#1013 = VECTOR('',#1014,1.);
#1014 = DIRECTION('',(0.503871025524,1.917974447926E-16,0.863778900898)
  );
#1015 = ORIENTED_EDGE('',*,*,#1016,.T.);
#1016 = EDGE_CURVE('',#1009,#1017,#1019,.T.);
#1017 = VERTEX_POINT('',#1018);
#1018 = CARTESIAN_POINT('',(8.15,-2.33,5.7));
#1019 = LINE('',#1020,#1021);
#1020 = CARTESIAN_POINT('',(8.15,-2.33,4.9));
#1021 = VECTOR('',#1022,1.);
#1022 = DIRECTION('',(0.,2.22044604925E-16,1.));
#1023 = ORIENTED_EDGE('',*,*,#1024,.T.);
#1024 = EDGE_CURVE('',#1017,#914,#1025,.T.);
#1025 = LINE('',#1026,#1027);
#1026 = CARTESIAN_POINT('',(8.15,-2.33,5.7));
#1027 = VECTOR('',#1028,1.);
#1028 = DIRECTION('',(-1.,0.,0.));
#1029 = ORIENTED_EDGE('',*,*,#913,.F.);
#1030 = ORIENTED_EDGE('',*,*,#240,.F.);
#1031 = PLANE('',#1032);
#1032 = AXIS2_PLACEMENT_3D('',#1033,#1034,#1035);
#1033 = CARTESIAN_POINT('',(3.75,-2.33,7.438104228583));
#1034 = DIRECTION('',(0.,1.,0.));
#1035 = DIRECTION('',(0.,0.,1.));
#1036 = ADVANCED_FACE('',(#1037),#1048,.F.);
#1037 = FACE_BOUND('',#1038,.F.);
#1038 = EDGE_LOOP('',(#1039,#1040,#1041,#1047));
#1039 = ORIENTED_EDGE('',*,*,#232,.T.);
#1040 = ORIENTED_EDGE('',*,*,#936,.T.);
#1041 = ORIENTED_EDGE('',*,*,#1042,.F.);
#1042 = EDGE_CURVE('',#844,#937,#1043,.T.);
#1043 = LINE('',#1044,#1045);
#1044 = CARTESIAN_POINT('',(-0.2,-1.53,5.7));
#1045 = VECTOR('',#1046,1.);
#1046 = DIRECTION('',(0.,-1.,2.22044604925E-16));
#1047 = ORIENTED_EDGE('',*,*,#851,.F.);
#1048 = PLANE('',#1049);
#1049 = AXIS2_PLACEMENT_3D('',#1050,#1051,#1052);
#1050 = CARTESIAN_POINT('',(5.E-02,-1.53,9.8));
#1051 = DIRECTION('',(0.998146155389,-1.351420541042E-17,
    -6.086257045056E-02));
#1052 = DIRECTION('',(-6.086257045056E-02,-2.216329687308E-16,
    -0.998146155389));
#1053 = ADVANCED_FACE('',(#1054),#1073,.T.);
#1054 = FACE_BOUND('',#1055,.T.);
#1055 = EDGE_LOOP('',(#1056,#1064,#1071,#1072));
#1056 = ORIENTED_EDGE('',*,*,#1057,.T.);
#1057 = EDGE_CURVE('',#208,#1058,#1060,.T.);
#1058 = VERTEX_POINT('',#1059);
#1059 = CARTESIAN_POINT('',(-2.4,-1.23,9.2));
#1060 = LINE('',#1061,#1062);
#1061 = CARTESIAN_POINT('',(-2.4,-1.23,9.8));
#1062 = VECTOR('',#1063,1.);
#1063 = DIRECTION('',(-0.,-0.,-1.));
#1064 = ORIENTED_EDGE('',*,*,#1065,.T.);
#1065 = EDGE_CURVE('',#1058,#859,#1066,.T.);
#1066 = CIRCLE('',#1067,0.3);
#1067 = AXIS2_PLACEMENT_3D('',#1068,#1069,#1070);
#1068 = CARTESIAN_POINT('',(-2.1,-1.23,9.2));
#1069 = DIRECTION('',(0.,0.,1.));
#1070 = DIRECTION('',(1.,0.,0.));
#1071 = ORIENTED_EDGE('',*,*,#858,.F.);
#1072 = ORIENTED_EDGE('',*,*,#215,.F.);
#1073 = CYLINDRICAL_SURFACE('',#1074,0.3);
#1074 = AXIS2_PLACEMENT_3D('',#1075,#1076,#1077);
#1075 = CARTESIAN_POINT('',(-2.1,-1.23,9.8));
#1076 = DIRECTION('',(0.,0.,1.));
#1077 = DIRECTION('',(1.,0.,0.));
#1078 = ADVANCED_FACE('',(#1079),#1097,.F.);
#1079 = FACE_BOUND('',#1080,.F.);
#1080 = EDGE_LOOP('',(#1081,#1082,#1090,#1096));
#1081 = ORIENTED_EDGE('',*,*,#1057,.T.);
#1082 = ORIENTED_EDGE('',*,*,#1083,.T.);
#1083 = EDGE_CURVE('',#1058,#1084,#1086,.T.);
#1084 = VERTEX_POINT('',#1085);
#1085 = CARTESIAN_POINT('',(-2.4,3.07,9.2));
#1086 = LINE('',#1087,#1088);
#1087 = CARTESIAN_POINT('',(-2.4,-1.23,9.2));
#1088 = VECTOR('',#1089,1.);
#1089 = DIRECTION('',(0.,1.,0.));
#1090 = ORIENTED_EDGE('',*,*,#1091,.F.);
#1091 = EDGE_CURVE('',#199,#1084,#1092,.T.);
#1092 = LINE('',#1093,#1094);
#1093 = CARTESIAN_POINT('',(-2.4,3.07,9.8));
#1094 = VECTOR('',#1095,1.);
#1095 = DIRECTION('',(-0.,-0.,-1.));
#1096 = ORIENTED_EDGE('',*,*,#207,.F.);
#1097 = PLANE('',#1098);
#1098 = AXIS2_PLACEMENT_3D('',#1099,#1100,#1101);
#1099 = CARTESIAN_POINT('',(-2.4,-1.23,9.8));
#1100 = DIRECTION('',(1.,0.,0.));
#1101 = DIRECTION('',(0.,1.,0.));
#1102 = ADVANCED_FACE('',(#1103),#1122,.T.);
#1103 = FACE_BOUND('',#1104,.T.);
#1104 = EDGE_LOOP('',(#1105,#1113,#1120,#1121));
#1105 = ORIENTED_EDGE('',*,*,#1106,.T.);
#1106 = EDGE_CURVE('',#191,#1107,#1109,.T.);
#1107 = VERTEX_POINT('',#1108);
#1108 = CARTESIAN_POINT('',(-2.1,3.37,9.2));
#1109 = LINE('',#1110,#1111);
#1110 = CARTESIAN_POINT('',(-2.1,3.37,9.8));
#1111 = VECTOR('',#1112,1.);
#1112 = DIRECTION('',(-0.,-0.,-1.));
#1113 = ORIENTED_EDGE('',*,*,#1114,.T.);
#1114 = EDGE_CURVE('',#1107,#1084,#1115,.T.);
#1115 = CIRCLE('',#1116,0.3);
#1116 = AXIS2_PLACEMENT_3D('',#1117,#1118,#1119);
#1117 = CARTESIAN_POINT('',(-2.1,3.07,9.2));
#1118 = DIRECTION('',(0.,0.,1.));
#1119 = DIRECTION('',(1.,0.,0.));
#1120 = ORIENTED_EDGE('',*,*,#1091,.F.);
#1121 = ORIENTED_EDGE('',*,*,#198,.F.);
#1122 = CYLINDRICAL_SURFACE('',#1123,0.3);
#1123 = AXIS2_PLACEMENT_3D('',#1124,#1125,#1126);
#1124 = CARTESIAN_POINT('',(-2.1,3.07,9.8));
#1125 = DIRECTION('',(0.,0.,1.));
#1126 = DIRECTION('',(1.,0.,0.));
#1127 = ADVANCED_FACE('',(#1128),#1146,.F.);
#1128 = FACE_BOUND('',#1129,.F.);
#1129 = EDGE_LOOP('',(#1130,#1131,#1139,#1145));
#1130 = ORIENTED_EDGE('',*,*,#1106,.T.);
#1131 = ORIENTED_EDGE('',*,*,#1132,.T.);
#1132 = EDGE_CURVE('',#1107,#1133,#1135,.T.);
#1133 = VERTEX_POINT('',#1134);
#1134 = CARTESIAN_POINT('',(9.6,3.37,9.2));
#1135 = LINE('',#1136,#1137);
#1136 = CARTESIAN_POINT('',(-2.1,3.37,9.2));
#1137 = VECTOR('',#1138,1.);
#1138 = DIRECTION('',(1.,0.,0.));
#1139 = ORIENTED_EDGE('',*,*,#1140,.F.);
#1140 = EDGE_CURVE('',#182,#1133,#1141,.T.);
#1141 = LINE('',#1142,#1143);
#1142 = CARTESIAN_POINT('',(9.6,3.37,9.8));
#1143 = VECTOR('',#1144,1.);
#1144 = DIRECTION('',(-0.,-0.,-1.));
#1145 = ORIENTED_EDGE('',*,*,#190,.F.);
#1146 = PLANE('',#1147);
#1147 = AXIS2_PLACEMENT_3D('',#1148,#1149,#1150);
#1148 = CARTESIAN_POINT('',(-2.1,3.37,9.8));
#1149 = DIRECTION('',(0.,-1.,0.));
#1150 = DIRECTION('',(1.,0.,0.));
#1151 = ADVANCED_FACE('',(#1152),#1171,.T.);
#1152 = FACE_BOUND('',#1153,.T.);
#1153 = EDGE_LOOP('',(#1154,#1162,#1169,#1170));
#1154 = ORIENTED_EDGE('',*,*,#1155,.T.);
#1155 = EDGE_CURVE('',#174,#1156,#1158,.T.);
#1156 = VERTEX_POINT('',#1157);
#1157 = CARTESIAN_POINT('',(9.9,3.07,9.2));
#1158 = LINE('',#1159,#1160);
#1159 = CARTESIAN_POINT('',(9.9,3.07,9.8));
#1160 = VECTOR('',#1161,1.);
#1161 = DIRECTION('',(-0.,-0.,-1.));
#1162 = ORIENTED_EDGE('',*,*,#1163,.T.);
#1163 = EDGE_CURVE('',#1156,#1133,#1164,.T.);
#1164 = CIRCLE('',#1165,0.3);
#1165 = AXIS2_PLACEMENT_3D('',#1166,#1167,#1168);
#1166 = CARTESIAN_POINT('',(9.6,3.07,9.2));
#1167 = DIRECTION('',(0.,0.,1.));
#1168 = DIRECTION('',(1.,0.,0.));
#1169 = ORIENTED_EDGE('',*,*,#1140,.F.);
#1170 = ORIENTED_EDGE('',*,*,#181,.F.);
#1171 = CYLINDRICAL_SURFACE('',#1172,0.3);
#1172 = AXIS2_PLACEMENT_3D('',#1173,#1174,#1175);
#1173 = CARTESIAN_POINT('',(9.6,3.07,9.8));
#1174 = DIRECTION('',(0.,0.,1.));
#1175 = DIRECTION('',(1.,0.,0.));
#1176 = ADVANCED_FACE('',(#1177),#1195,.F.);
#1177 = FACE_BOUND('',#1178,.F.);
#1178 = EDGE_LOOP('',(#1179,#1180,#1181,#1189));
#1179 = ORIENTED_EDGE('',*,*,#173,.F.);
#1180 = ORIENTED_EDGE('',*,*,#1155,.T.);
#1181 = ORIENTED_EDGE('',*,*,#1182,.T.);
#1182 = EDGE_CURVE('',#1156,#1183,#1185,.T.);
#1183 = VERTEX_POINT('',#1184);
#1184 = CARTESIAN_POINT('',(9.9,1.4625,9.2));
#1185 = LINE('',#1186,#1187);
#1186 = CARTESIAN_POINT('',(9.9,3.07,9.2));
#1187 = VECTOR('',#1188,1.);
#1188 = DIRECTION('',(0.,-1.,0.));
#1189 = ORIENTED_EDGE('',*,*,#1190,.T.);
#1190 = EDGE_CURVE('',#1183,#166,#1191,.T.);
#1191 = LINE('',#1192,#1193);
#1192 = CARTESIAN_POINT('',(9.9,1.4625,9.8));
#1193 = VECTOR('',#1194,1.);
#1194 = DIRECTION('',(0.,0.,1.));
#1195 = PLANE('',#1196);
#1196 = AXIS2_PLACEMENT_3D('',#1197,#1198,#1199);
#1197 = CARTESIAN_POINT('',(9.9,3.07,9.8));
#1198 = DIRECTION('',(-1.,0.,0.));
#1199 = DIRECTION('',(0.,-1.,0.));
#1200 = ADVANCED_FACE('',(#1201),#1219,.T.);
#1201 = FACE_BOUND('',#1202,.T.);
#1202 = EDGE_LOOP('',(#1203,#1204,#1212,#1218));
#1203 = ORIENTED_EDGE('',*,*,#165,.F.);
#1204 = ORIENTED_EDGE('',*,*,#1205,.T.);
#1205 = EDGE_CURVE('',#158,#1206,#1208,.T.);
#1206 = VERTEX_POINT('',#1207);
#1207 = CARTESIAN_POINT('',(9.15,0.9,9.2));
#1208 = LINE('',#1209,#1210);
#1209 = CARTESIAN_POINT('',(9.15,0.9,9.8));
#1210 = VECTOR('',#1211,1.);
#1211 = DIRECTION('',(-0.,-0.,-1.));
#1212 = ORIENTED_EDGE('',*,*,#1213,.T.);
#1213 = EDGE_CURVE('',#1206,#1183,#1214,.T.);
#1214 = LINE('',#1215,#1216);
#1215 = CARTESIAN_POINT('',(7.4268,-0.3924,9.2));
#1216 = VECTOR('',#1217,1.);
#1217 = DIRECTION('',(0.8,0.6,0.));
#1218 = ORIENTED_EDGE('',*,*,#1190,.T.);
#1219 = PLANE('',#1220);
#1220 = AXIS2_PLACEMENT_3D('',#1221,#1222,#1223);
#1221 = CARTESIAN_POINT('',(9.15,0.9,9.8));
#1222 = DIRECTION('',(0.6,-0.8,0.));
#1223 = DIRECTION('',(0.8,0.6,0.));
#1224 = ADVANCED_FACE('',(#1225),#1243,.T.);
#1225 = FACE_BOUND('',#1226,.T.);
#1226 = EDGE_LOOP('',(#1227,#1228,#1236,#1242));
#1227 = ORIENTED_EDGE('',*,*,#157,.F.);
#1228 = ORIENTED_EDGE('',*,*,#1229,.T.);
#1229 = EDGE_CURVE('',#150,#1230,#1232,.T.);
#1230 = VERTEX_POINT('',#1231);
#1231 = CARTESIAN_POINT('',(9.9,0.3375,9.2));
#1232 = LINE('',#1233,#1234);
#1233 = CARTESIAN_POINT('',(9.9,0.3375,9.8));
#1234 = VECTOR('',#1235,1.);
#1235 = DIRECTION('',(0.,0.,-1.));
#1236 = ORIENTED_EDGE('',*,*,#1237,.T.);
#1237 = EDGE_CURVE('',#1230,#1206,#1238,.T.);
#1238 = LINE('',#1239,#1240);
#1239 = CARTESIAN_POINT('',(7.8172,1.8996,9.2));
#1240 = VECTOR('',#1241,1.);
#1241 = DIRECTION('',(-0.8,0.6,0.));
#1242 = ORIENTED_EDGE('',*,*,#1205,.F.);
#1243 = PLANE('',#1244);
#1244 = AXIS2_PLACEMENT_3D('',#1245,#1246,#1247);
#1245 = CARTESIAN_POINT('',(9.95,0.3,9.8));
#1246 = DIRECTION('',(0.6,0.8,0.));
#1247 = DIRECTION('',(-0.8,0.6,0.));
#1248 = ADVANCED_FACE('',(#1249),#1267,.F.);
#1249 = FACE_BOUND('',#1250,.F.);
#1250 = EDGE_LOOP('',(#1251,#1252,#1253,#1261));
#1251 = ORIENTED_EDGE('',*,*,#149,.F.);
#1252 = ORIENTED_EDGE('',*,*,#1229,.T.);
#1253 = ORIENTED_EDGE('',*,*,#1254,.T.);
#1254 = EDGE_CURVE('',#1230,#1255,#1257,.T.);
#1255 = VERTEX_POINT('',#1256);
#1256 = CARTESIAN_POINT('',(9.9,-1.23,9.2));
#1257 = LINE('',#1258,#1259);
#1258 = CARTESIAN_POINT('',(9.9,3.07,9.2));
#1259 = VECTOR('',#1260,1.);
#1260 = DIRECTION('',(0.,-1.,0.));
#1261 = ORIENTED_EDGE('',*,*,#1262,.F.);
#1262 = EDGE_CURVE('',#141,#1255,#1263,.T.);
#1263 = LINE('',#1264,#1265);
#1264 = CARTESIAN_POINT('',(9.9,-1.23,9.8));
#1265 = VECTOR('',#1266,1.);
#1266 = DIRECTION('',(-0.,-0.,-1.));
#1267 = PLANE('',#1268);
#1268 = AXIS2_PLACEMENT_3D('',#1269,#1270,#1271);
#1269 = CARTESIAN_POINT('',(9.9,3.07,9.8));
#1270 = DIRECTION('',(-1.,0.,0.));
#1271 = DIRECTION('',(0.,-1.,0.));
#1272 = ADVANCED_FACE('',(#1273),#1285,.T.);
#1273 = FACE_BOUND('',#1274,.T.);
#1274 = EDGE_LOOP('',(#1275,#1276,#1283,#1284));
#1275 = ORIENTED_EDGE('',*,*,#746,.T.);
#1276 = ORIENTED_EDGE('',*,*,#1277,.T.);
#1277 = EDGE_CURVE('',#747,#1255,#1278,.T.);
#1278 = CIRCLE('',#1279,0.3);
#1279 = AXIS2_PLACEMENT_3D('',#1280,#1281,#1282);
#1280 = CARTESIAN_POINT('',(9.6,-1.23,9.2));
#1281 = DIRECTION('',(0.,0.,1.));
#1282 = DIRECTION('',(1.,0.,0.));
#1283 = ORIENTED_EDGE('',*,*,#1262,.F.);
#1284 = ORIENTED_EDGE('',*,*,#140,.F.);
#1285 = CYLINDRICAL_SURFACE('',#1286,0.3);
#1286 = AXIS2_PLACEMENT_3D('',#1287,#1288,#1289);
#1287 = CARTESIAN_POINT('',(9.6,-1.23,9.8));
#1288 = DIRECTION('',(0.,0.,1.));
#1289 = DIRECTION('',(1.,0.,0.));
#1290 = ADVANCED_FACE('',(#1291),#1332,.F.);
#1291 = FACE_BOUND('',#1292,.F.);
#1292 = EDGE_LOOP('',(#1293,#1301,#1309,#1317,#1325,#1331));
#1293 = ORIENTED_EDGE('',*,*,#1294,.F.);
#1294 = EDGE_CURVE('',#1295,#257,#1297,.T.);
#1295 = VERTEX_POINT('',#1296);
#1296 = CARTESIAN_POINT('',(1.05,1.52,3.45));
#1297 = LINE('',#1298,#1299);
#1298 = CARTESIAN_POINT('',(1.05,1.52,3.45));
#1299 = VECTOR('',#1300,1.);
#1300 = DIRECTION('',(0.,0.,1.));
#1301 = ORIENTED_EDGE('',*,*,#1302,.T.);
#1302 = EDGE_CURVE('',#1295,#1303,#1305,.T.);
#1303 = VERTEX_POINT('',#1304);
#1304 = CARTESIAN_POINT('',(0.6,1.52,3.45));
#1305 = LINE('',#1306,#1307);
#1306 = CARTESIAN_POINT('',(1.05,1.52,3.45));
#1307 = VECTOR('',#1308,1.);
#1308 = DIRECTION('',(-1.,-0.,-0.));
#1309 = ORIENTED_EDGE('',*,*,#1310,.F.);
#1310 = EDGE_CURVE('',#1311,#1303,#1313,.T.);
#1311 = VERTEX_POINT('',#1312);
#1312 = CARTESIAN_POINT('',(0.6,1.52,5.25));
#1313 = LINE('',#1314,#1315);
#1314 = CARTESIAN_POINT('',(0.6,1.52,5.25));
#1315 = VECTOR('',#1316,1.);
#1316 = DIRECTION('',(0.,1.233581138472E-16,-1.));
#1317 = ORIENTED_EDGE('',*,*,#1318,.T.);
#1318 = EDGE_CURVE('',#1311,#1319,#1321,.T.);
#1319 = VERTEX_POINT('',#1320);
#1320 = CARTESIAN_POINT('',(0.5,1.52,5.25));
#1321 = LINE('',#1322,#1323);
#1322 = CARTESIAN_POINT('',(0.6,1.52,5.25));
#1323 = VECTOR('',#1324,1.);
#1324 = DIRECTION('',(-1.,-0.,-0.));
#1325 = ORIENTED_EDGE('',*,*,#1326,.F.);
#1326 = EDGE_CURVE('',#259,#1319,#1327,.T.);
#1327 = LINE('',#1328,#1329);
#1328 = CARTESIAN_POINT('',(0.5,1.52,9.8));
#1329 = VECTOR('',#1330,1.);
#1330 = DIRECTION('',(0.,0.,-1.));
#1331 = ORIENTED_EDGE('',*,*,#256,.F.);
#1332 = PLANE('',#1333);
#1333 = AXIS2_PLACEMENT_3D('',#1334,#1335,#1336);
#1334 = CARTESIAN_POINT('',(1.05,1.52,3.45));
#1335 = DIRECTION('',(0.,1.,0.));
#1336 = DIRECTION('',(0.,0.,1.));
#1337 = ADVANCED_FACE('',(#1338),#1356,.F.);
#1338 = FACE_BOUND('',#1339,.F.);
#1339 = EDGE_LOOP('',(#1340,#1348,#1349,#1350));
#1340 = ORIENTED_EDGE('',*,*,#1341,.T.);
#1341 = EDGE_CURVE('',#1342,#1295,#1344,.T.);
#1342 = VERTEX_POINT('',#1343);
#1343 = CARTESIAN_POINT('',(1.05,-0.98,3.45));
#1344 = LINE('',#1345,#1346);
#1345 = CARTESIAN_POINT('',(1.05,-0.98,3.45));
#1346 = VECTOR('',#1347,1.);
#1347 = DIRECTION('',(0.,1.,0.));
#1348 = ORIENTED_EDGE('',*,*,#1294,.T.);
#1349 = ORIENTED_EDGE('',*,*,#266,.T.);
#1350 = ORIENTED_EDGE('',*,*,#1351,.T.);
#1351 = EDGE_CURVE('',#267,#1342,#1352,.T.);
#1352 = LINE('',#1353,#1354);
#1353 = CARTESIAN_POINT('',(1.05,-0.98,9.8));
#1354 = VECTOR('',#1355,1.);
#1355 = DIRECTION('',(0.,0.,-1.));
#1356 = PLANE('',#1357);
#1357 = AXIS2_PLACEMENT_3D('',#1358,#1359,#1360);
#1358 = CARTESIAN_POINT('',(1.05,0.27,6.625));
#1359 = DIRECTION('',(1.,0.,0.));
#1360 = DIRECTION('',(0.,0.,1.));
#1361 = ADVANCED_FACE('',(#1362),#1380,.F.);
#1362 = FACE_BOUND('',#1363,.F.);
#1363 = EDGE_LOOP('',(#1364,#1365,#1373,#1379));
#1364 = ORIENTED_EDGE('',*,*,#1326,.T.);
#1365 = ORIENTED_EDGE('',*,*,#1366,.T.);
#1366 = EDGE_CURVE('',#1319,#1367,#1369,.T.);
#1367 = VERTEX_POINT('',#1368);
#1368 = CARTESIAN_POINT('',(0.5,1.92,5.25));
#1369 = LINE('',#1370,#1371);
#1370 = CARTESIAN_POINT('',(0.5,1.52,5.25));
#1371 = VECTOR('',#1372,1.);
#1372 = DIRECTION('',(0.,1.,0.));
#1373 = ORIENTED_EDGE('',*,*,#1374,.T.);
#1374 = EDGE_CURVE('',#1367,#307,#1375,.T.);
#1375 = LINE('',#1376,#1377);
#1376 = CARTESIAN_POINT('',(0.5,1.92,5.25));
#1377 = VECTOR('',#1378,1.);
#1378 = DIRECTION('',(0.,0.,1.));
#1379 = ORIENTED_EDGE('',*,*,#314,.T.);
#1380 = PLANE('',#1381);
#1381 = AXIS2_PLACEMENT_3D('',#1382,#1383,#1384);
#1382 = CARTESIAN_POINT('',(0.5,1.72,7.525));
#1383 = DIRECTION('',(1.,0.,0.));
#1384 = DIRECTION('',(0.,0.,1.));
#1385 = ADVANCED_FACE('',(#1386),#1404,.F.);
#1386 = FACE_BOUND('',#1387,.F.);
#1387 = EDGE_LOOP('',(#1388,#1389,#1397,#1403));
#1388 = ORIENTED_EDGE('',*,*,#274,.T.);
#1389 = ORIENTED_EDGE('',*,*,#1390,.T.);
#1390 = EDGE_CURVE('',#275,#1391,#1393,.T.);
#1391 = VERTEX_POINT('',#1392);
#1392 = CARTESIAN_POINT('',(-1.05,-0.98,3.45));
#1393 = LINE('',#1394,#1395);
#1394 = CARTESIAN_POINT('',(-1.05,-0.98,9.8));
#1395 = VECTOR('',#1396,1.);
#1396 = DIRECTION('',(0.,0.,-1.));
#1397 = ORIENTED_EDGE('',*,*,#1398,.F.);
#1398 = EDGE_CURVE('',#1342,#1391,#1399,.T.);
#1399 = LINE('',#1400,#1401);
#1400 = CARTESIAN_POINT('',(1.05,-0.98,3.45));
#1401 = VECTOR('',#1402,1.);
#1402 = DIRECTION('',(-1.,-0.,-0.));
#1403 = ORIENTED_EDGE('',*,*,#1351,.F.);
#1404 = PLANE('',#1405);
#1405 = AXIS2_PLACEMENT_3D('',#1406,#1407,#1408);
#1406 = CARTESIAN_POINT('',(1.05,-0.98,9.8));
#1407 = DIRECTION('',(0.,-1.,0.));
#1408 = DIRECTION('',(0.,0.,-1.));
#1409 = ADVANCED_FACE('',(#1410),#1428,.F.);
#1410 = FACE_BOUND('',#1411,.F.);
#1411 = EDGE_LOOP('',(#1412,#1420,#1426,#1427));
#1412 = ORIENTED_EDGE('',*,*,#1413,.T.);
#1413 = EDGE_CURVE('',#1367,#1414,#1416,.T.);
#1414 = VERTEX_POINT('',#1415);
#1415 = CARTESIAN_POINT('',(-0.5,1.92,5.25));
#1416 = LINE('',#1417,#1418);
#1417 = CARTESIAN_POINT('',(0.5,1.92,5.25));
#1418 = VECTOR('',#1419,1.);
#1419 = DIRECTION('',(-1.,-0.,-0.));
#1420 = ORIENTED_EDGE('',*,*,#1421,.T.);
#1421 = EDGE_CURVE('',#1414,#299,#1422,.T.);
#1422 = LINE('',#1423,#1424);
#1423 = CARTESIAN_POINT('',(-0.5,1.92,5.25));
#1424 = VECTOR('',#1425,1.);
#1425 = DIRECTION('',(0.,0.,1.));
#1426 = ORIENTED_EDGE('',*,*,#306,.F.);
#1427 = ORIENTED_EDGE('',*,*,#1374,.F.);
#1428 = PLANE('',#1429);
#1429 = AXIS2_PLACEMENT_3D('',#1430,#1431,#1432);
#1430 = CARTESIAN_POINT('',(0.5,1.92,5.25));
#1431 = DIRECTION('',(0.,1.,0.));
#1432 = DIRECTION('',(0.,0.,1.));
#1433 = ADVANCED_FACE('',(#1434),#1452,.T.);
#1434 = FACE_BOUND('',#1435,.T.);
#1435 = EDGE_LOOP('',(#1436,#1444,#1450,#1451));
#1436 = ORIENTED_EDGE('',*,*,#1437,.T.);
#1437 = EDGE_CURVE('',#1391,#1438,#1440,.T.);
#1438 = VERTEX_POINT('',#1439);
#1439 = CARTESIAN_POINT('',(-1.05,1.52,3.45));
#1440 = LINE('',#1441,#1442);
#1441 = CARTESIAN_POINT('',(-1.05,-0.98,3.45));
#1442 = VECTOR('',#1443,1.);
#1443 = DIRECTION('',(0.,1.,0.));
#1444 = ORIENTED_EDGE('',*,*,#1445,.T.);
#1445 = EDGE_CURVE('',#1438,#283,#1446,.T.);
#1446 = LINE('',#1447,#1448);
#1447 = CARTESIAN_POINT('',(-1.05,1.52,3.45));
#1448 = VECTOR('',#1449,1.);
#1449 = DIRECTION('',(0.,0.,1.));
#1450 = ORIENTED_EDGE('',*,*,#282,.T.);
#1451 = ORIENTED_EDGE('',*,*,#1390,.T.);
#1452 = PLANE('',#1453);
#1453 = AXIS2_PLACEMENT_3D('',#1454,#1455,#1456);
#1454 = CARTESIAN_POINT('',(-1.05,0.27,6.625));
#1455 = DIRECTION('',(1.,0.,0.));
#1456 = DIRECTION('',(0.,0.,1.));
#1457 = ADVANCED_FACE('',(#1458),#1476,.T.);
#1458 = FACE_BOUND('',#1459,.T.);
#1459 = EDGE_LOOP('',(#1460,#1468,#1474,#1475));
#1460 = ORIENTED_EDGE('',*,*,#1461,.T.);
#1461 = EDGE_CURVE('',#291,#1462,#1464,.T.);
#1462 = VERTEX_POINT('',#1463);
#1463 = CARTESIAN_POINT('',(-0.5,1.52,5.25));
#1464 = LINE('',#1465,#1466);
#1465 = CARTESIAN_POINT('',(-0.5,1.52,9.8));
#1466 = VECTOR('',#1467,1.);
#1467 = DIRECTION('',(0.,0.,-1.));
#1468 = ORIENTED_EDGE('',*,*,#1469,.T.);
#1469 = EDGE_CURVE('',#1462,#1414,#1470,.T.);
#1470 = LINE('',#1471,#1472);
#1471 = CARTESIAN_POINT('',(-0.5,1.52,5.25));
#1472 = VECTOR('',#1473,1.);
#1473 = DIRECTION('',(0.,1.,0.));
#1474 = ORIENTED_EDGE('',*,*,#1421,.T.);
#1475 = ORIENTED_EDGE('',*,*,#298,.T.);
#1476 = PLANE('',#1477);
#1477 = AXIS2_PLACEMENT_3D('',#1478,#1479,#1480);
#1478 = CARTESIAN_POINT('',(-0.5,1.72,7.525));
#1479 = DIRECTION('',(1.,0.,0.));
#1480 = DIRECTION('',(0.,0.,1.));
#1481 = ADVANCED_FACE('',(#1482),#1509,.F.);
#1482 = FACE_BOUND('',#1483,.F.);
#1483 = EDGE_LOOP('',(#1484,#1485,#1486,#1494,#1502,#1508));
#1484 = ORIENTED_EDGE('',*,*,#290,.F.);
#1485 = ORIENTED_EDGE('',*,*,#1461,.T.);
#1486 = ORIENTED_EDGE('',*,*,#1487,.T.);
#1487 = EDGE_CURVE('',#1462,#1488,#1490,.T.);
#1488 = VERTEX_POINT('',#1489);
#1489 = CARTESIAN_POINT('',(-0.6,1.52,5.25));
#1490 = LINE('',#1491,#1492);
#1491 = CARTESIAN_POINT('',(0.6,1.52,5.25));
#1492 = VECTOR('',#1493,1.);
#1493 = DIRECTION('',(-1.,-0.,-0.));
#1494 = ORIENTED_EDGE('',*,*,#1495,.T.);
#1495 = EDGE_CURVE('',#1488,#1496,#1498,.T.);
#1496 = VERTEX_POINT('',#1497);
#1497 = CARTESIAN_POINT('',(-0.6,1.52,3.45));
#1498 = LINE('',#1499,#1500);
#1499 = CARTESIAN_POINT('',(-0.6,1.52,5.25));
#1500 = VECTOR('',#1501,1.);
#1501 = DIRECTION('',(0.,1.233581138472E-16,-1.));
#1502 = ORIENTED_EDGE('',*,*,#1503,.T.);
#1503 = EDGE_CURVE('',#1496,#1438,#1504,.T.);
#1504 = LINE('',#1505,#1506);
#1505 = CARTESIAN_POINT('',(1.05,1.52,3.45));
#1506 = VECTOR('',#1507,1.);
#1507 = DIRECTION('',(-1.,-0.,-0.));
#1508 = ORIENTED_EDGE('',*,*,#1445,.T.);
#1509 = PLANE('',#1510);
#1510 = AXIS2_PLACEMENT_3D('',#1511,#1512,#1513);
#1511 = CARTESIAN_POINT('',(1.05,1.52,3.45));
#1512 = DIRECTION('',(0.,1.,0.));
#1513 = DIRECTION('',(0.,0.,1.));
#1514 = ADVANCED_FACE('',(#1515),#1556,.F.);
#1515 = FACE_BOUND('',#1516,.F.);
#1516 = EDGE_LOOP('',(#1517,#1525,#1533,#1541,#1549,#1555));
#1517 = ORIENTED_EDGE('',*,*,#1518,.F.);
#1518 = EDGE_CURVE('',#1519,#323,#1521,.T.);
#1519 = VERTEX_POINT('',#1520);
#1520 = CARTESIAN_POINT('',(3.55,1.52,3.45));
#1521 = LINE('',#1522,#1523);
#1522 = CARTESIAN_POINT('',(3.55,1.52,3.45));
#1523 = VECTOR('',#1524,1.);
#1524 = DIRECTION('',(0.,0.,1.));
#1525 = ORIENTED_EDGE('',*,*,#1526,.T.);
#1526 = EDGE_CURVE('',#1519,#1527,#1529,.T.);
#1527 = VERTEX_POINT('',#1528);
#1528 = CARTESIAN_POINT('',(3.1,1.52,3.45));
#1529 = LINE('',#1530,#1531);
#1530 = CARTESIAN_POINT('',(3.55,1.52,3.45));
#1531 = VECTOR('',#1532,1.);
#1532 = DIRECTION('',(-1.,-0.,-0.));
#1533 = ORIENTED_EDGE('',*,*,#1534,.F.);
#1534 = EDGE_CURVE('',#1535,#1527,#1537,.T.);
#1535 = VERTEX_POINT('',#1536);
#1536 = CARTESIAN_POINT('',(3.1,1.52,5.25));
#1537 = LINE('',#1538,#1539);
#1538 = CARTESIAN_POINT('',(3.1,1.52,5.25));
#1539 = VECTOR('',#1540,1.);
#1540 = DIRECTION('',(0.,1.233581138472E-16,-1.));
#1541 = ORIENTED_EDGE('',*,*,#1542,.T.);
#1542 = EDGE_CURVE('',#1535,#1543,#1545,.T.);
#1543 = VERTEX_POINT('',#1544);
#1544 = CARTESIAN_POINT('',(3.,1.52,5.25));
#1545 = LINE('',#1546,#1547);
#1546 = CARTESIAN_POINT('',(3.1,1.52,5.25));
#1547 = VECTOR('',#1548,1.);
#1548 = DIRECTION('',(-1.,-0.,-0.));
#1549 = ORIENTED_EDGE('',*,*,#1550,.F.);
#1550 = EDGE_CURVE('',#325,#1543,#1551,.T.);
#1551 = LINE('',#1552,#1553);
#1552 = CARTESIAN_POINT('',(3.,1.52,9.8));
#1553 = VECTOR('',#1554,1.);
#1554 = DIRECTION('',(0.,0.,-1.));
#1555 = ORIENTED_EDGE('',*,*,#322,.F.);
#1556 = PLANE('',#1557);
#1557 = AXIS2_PLACEMENT_3D('',#1558,#1559,#1560);
#1558 = CARTESIAN_POINT('',(3.55,1.52,3.45));
#1559 = DIRECTION('',(0.,1.,0.));
#1560 = DIRECTION('',(0.,0.,1.));
#1561 = ADVANCED_FACE('',(#1562),#1580,.F.);
#1562 = FACE_BOUND('',#1563,.F.);
#1563 = EDGE_LOOP('',(#1564,#1572,#1573,#1574));
#1564 = ORIENTED_EDGE('',*,*,#1565,.T.);
#1565 = EDGE_CURVE('',#1566,#1519,#1568,.T.);
#1566 = VERTEX_POINT('',#1567);
#1567 = CARTESIAN_POINT('',(3.55,-0.98,3.45));
#1568 = LINE('',#1569,#1570);
#1569 = CARTESIAN_POINT('',(3.55,-0.98,3.45));
#1570 = VECTOR('',#1571,1.);
#1571 = DIRECTION('',(0.,1.,0.));
#1572 = ORIENTED_EDGE('',*,*,#1518,.T.);
#1573 = ORIENTED_EDGE('',*,*,#332,.T.);
#1574 = ORIENTED_EDGE('',*,*,#1575,.T.);
#1575 = EDGE_CURVE('',#333,#1566,#1576,.T.);
#1576 = LINE('',#1577,#1578);
#1577 = CARTESIAN_POINT('',(3.55,-0.98,9.8));
#1578 = VECTOR('',#1579,1.);
#1579 = DIRECTION('',(0.,0.,-1.));
#1580 = PLANE('',#1581);
#1581 = AXIS2_PLACEMENT_3D('',#1582,#1583,#1584);
#1582 = CARTESIAN_POINT('',(3.55,0.27,6.625));
#1583 = DIRECTION('',(1.,0.,0.));
#1584 = DIRECTION('',(0.,0.,1.));
#1585 = ADVANCED_FACE('',(#1586),#1604,.F.);
#1586 = FACE_BOUND('',#1587,.F.);
#1587 = EDGE_LOOP('',(#1588,#1589,#1597,#1603));
#1588 = ORIENTED_EDGE('',*,*,#1550,.T.);
#1589 = ORIENTED_EDGE('',*,*,#1590,.T.);
#1590 = EDGE_CURVE('',#1543,#1591,#1593,.T.);
#1591 = VERTEX_POINT('',#1592);
#1592 = CARTESIAN_POINT('',(3.,1.92,5.25));
#1593 = LINE('',#1594,#1595);
#1594 = CARTESIAN_POINT('',(3.,1.52,5.25));
#1595 = VECTOR('',#1596,1.);
#1596 = DIRECTION('',(0.,1.,0.));
#1597 = ORIENTED_EDGE('',*,*,#1598,.T.);
#1598 = EDGE_CURVE('',#1591,#373,#1599,.T.);
#1599 = LINE('',#1600,#1601);
#1600 = CARTESIAN_POINT('',(3.,1.92,5.25));
#1601 = VECTOR('',#1602,1.);
#1602 = DIRECTION('',(0.,0.,1.));
#1603 = ORIENTED_EDGE('',*,*,#380,.T.);
#1604 = PLANE('',#1605);
#1605 = AXIS2_PLACEMENT_3D('',#1606,#1607,#1608);
#1606 = CARTESIAN_POINT('',(3.,1.72,7.525));
#1607 = DIRECTION('',(1.,0.,0.));
#1608 = DIRECTION('',(0.,0.,1.));
#1609 = ADVANCED_FACE('',(#1610),#1628,.F.);
#1610 = FACE_BOUND('',#1611,.F.);
#1611 = EDGE_LOOP('',(#1612,#1613,#1621,#1627));
#1612 = ORIENTED_EDGE('',*,*,#340,.T.);
#1613 = ORIENTED_EDGE('',*,*,#1614,.T.);
#1614 = EDGE_CURVE('',#341,#1615,#1617,.T.);
#1615 = VERTEX_POINT('',#1616);
#1616 = CARTESIAN_POINT('',(1.45,-0.98,3.45));
#1617 = LINE('',#1618,#1619);
#1618 = CARTESIAN_POINT('',(1.45,-0.98,9.8));
#1619 = VECTOR('',#1620,1.);
#1620 = DIRECTION('',(0.,0.,-1.));
#1621 = ORIENTED_EDGE('',*,*,#1622,.F.);
#1622 = EDGE_CURVE('',#1566,#1615,#1623,.T.);
#1623 = LINE('',#1624,#1625);
#1624 = CARTESIAN_POINT('',(3.55,-0.98,3.45));
#1625 = VECTOR('',#1626,1.);
#1626 = DIRECTION('',(-1.,-0.,-0.));
#1627 = ORIENTED_EDGE('',*,*,#1575,.F.);
#1628 = PLANE('',#1629);
#1629 = AXIS2_PLACEMENT_3D('',#1630,#1631,#1632);
#1630 = CARTESIAN_POINT('',(3.55,-0.98,9.8));
#1631 = DIRECTION('',(0.,-1.,0.));
#1632 = DIRECTION('',(0.,0.,-1.));
#1633 = ADVANCED_FACE('',(#1634),#1652,.F.);
#1634 = FACE_BOUND('',#1635,.F.);
#1635 = EDGE_LOOP('',(#1636,#1644,#1650,#1651));
#1636 = ORIENTED_EDGE('',*,*,#1637,.T.);
#1637 = EDGE_CURVE('',#1591,#1638,#1640,.T.);
#1638 = VERTEX_POINT('',#1639);
#1639 = CARTESIAN_POINT('',(2.,1.92,5.25));
#1640 = LINE('',#1641,#1642);
#1641 = CARTESIAN_POINT('',(3.,1.92,5.25));
#1642 = VECTOR('',#1643,1.);
#1643 = DIRECTION('',(-1.,-0.,-0.));
#1644 = ORIENTED_EDGE('',*,*,#1645,.T.);
#1645 = EDGE_CURVE('',#1638,#365,#1646,.T.);
#1646 = LINE('',#1647,#1648);
#1647 = CARTESIAN_POINT('',(2.,1.92,5.25));
#1648 = VECTOR('',#1649,1.);
#1649 = DIRECTION('',(0.,0.,1.));
#1650 = ORIENTED_EDGE('',*,*,#372,.F.);
#1651 = ORIENTED_EDGE('',*,*,#1598,.F.);
#1652 = PLANE('',#1653);
#1653 = AXIS2_PLACEMENT_3D('',#1654,#1655,#1656);
#1654 = CARTESIAN_POINT('',(3.,1.92,5.25));
#1655 = DIRECTION('',(0.,1.,0.));
#1656 = DIRECTION('',(0.,0.,1.));
#1657 = ADVANCED_FACE('',(#1658),#1676,.T.);
#1658 = FACE_BOUND('',#1659,.T.);
#1659 = EDGE_LOOP('',(#1660,#1668,#1674,#1675));
#1660 = ORIENTED_EDGE('',*,*,#1661,.T.);
#1661 = EDGE_CURVE('',#1615,#1662,#1664,.T.);
#1662 = VERTEX_POINT('',#1663);
#1663 = CARTESIAN_POINT('',(1.45,1.52,3.45));
#1664 = LINE('',#1665,#1666);
#1665 = CARTESIAN_POINT('',(1.45,-0.98,3.45));
#1666 = VECTOR('',#1667,1.);
#1667 = DIRECTION('',(0.,1.,0.));
#1668 = ORIENTED_EDGE('',*,*,#1669,.T.);
#1669 = EDGE_CURVE('',#1662,#349,#1670,.T.);
#1670 = LINE('',#1671,#1672);
#1671 = CARTESIAN_POINT('',(1.45,1.52,3.45));
#1672 = VECTOR('',#1673,1.);
#1673 = DIRECTION('',(0.,0.,1.));
#1674 = ORIENTED_EDGE('',*,*,#348,.T.);
#1675 = ORIENTED_EDGE('',*,*,#1614,.T.);
#1676 = PLANE('',#1677);
#1677 = AXIS2_PLACEMENT_3D('',#1678,#1679,#1680);
#1678 = CARTESIAN_POINT('',(1.45,0.27,6.625));
#1679 = DIRECTION('',(1.,0.,0.));
#1680 = DIRECTION('',(0.,0.,1.));
#1681 = ADVANCED_FACE('',(#1682),#1700,.T.);
#1682 = FACE_BOUND('',#1683,.T.);
#1683 = EDGE_LOOP('',(#1684,#1692,#1698,#1699));
#1684 = ORIENTED_EDGE('',*,*,#1685,.T.);
#1685 = EDGE_CURVE('',#357,#1686,#1688,.T.);
#1686 = VERTEX_POINT('',#1687);
#1687 = CARTESIAN_POINT('',(2.,1.52,5.25));
#1688 = LINE('',#1689,#1690);
#1689 = CARTESIAN_POINT('',(2.,1.52,9.8));
#1690 = VECTOR('',#1691,1.);
#1691 = DIRECTION('',(0.,0.,-1.));
#1692 = ORIENTED_EDGE('',*,*,#1693,.T.);
#1693 = EDGE_CURVE('',#1686,#1638,#1694,.T.);
#1694 = LINE('',#1695,#1696);
#1695 = CARTESIAN_POINT('',(2.,1.52,5.25));
#1696 = VECTOR('',#1697,1.);
#1697 = DIRECTION('',(0.,1.,0.));
#1698 = ORIENTED_EDGE('',*,*,#1645,.T.);
#1699 = ORIENTED_EDGE('',*,*,#364,.T.);
#1700 = PLANE('',#1701);
#1701 = AXIS2_PLACEMENT_3D('',#1702,#1703,#1704);
#1702 = CARTESIAN_POINT('',(2.,1.72,7.525));
#1703 = DIRECTION('',(1.,0.,0.));
#1704 = DIRECTION('',(0.,0.,1.));
#1705 = ADVANCED_FACE('',(#1706),#1733,.F.);
#1706 = FACE_BOUND('',#1707,.F.);
#1707 = EDGE_LOOP('',(#1708,#1709,#1710,#1718,#1726,#1732));
#1708 = ORIENTED_EDGE('',*,*,#356,.F.);
#1709 = ORIENTED_EDGE('',*,*,#1685,.T.);
#1710 = ORIENTED_EDGE('',*,*,#1711,.T.);
#1711 = EDGE_CURVE('',#1686,#1712,#1714,.T.);
#1712 = VERTEX_POINT('',#1713);
#1713 = CARTESIAN_POINT('',(1.9,1.52,5.25));
#1714 = LINE('',#1715,#1716);
#1715 = CARTESIAN_POINT('',(3.1,1.52,5.25));
#1716 = VECTOR('',#1717,1.);
#1717 = DIRECTION('',(-1.,-0.,-0.));
#1718 = ORIENTED_EDGE('',*,*,#1719,.T.);
#1719 = EDGE_CURVE('',#1712,#1720,#1722,.T.);
#1720 = VERTEX_POINT('',#1721);
#1721 = CARTESIAN_POINT('',(1.9,1.52,3.45));
#1722 = LINE('',#1723,#1724);
#1723 = CARTESIAN_POINT('',(1.9,1.52,5.25));
#1724 = VECTOR('',#1725,1.);
#1725 = DIRECTION('',(0.,1.233581138472E-16,-1.));
#1726 = ORIENTED_EDGE('',*,*,#1727,.T.);
#1727 = EDGE_CURVE('',#1720,#1662,#1728,.T.);
#1728 = LINE('',#1729,#1730);
#1729 = CARTESIAN_POINT('',(3.55,1.52,3.45));
#1730 = VECTOR('',#1731,1.);
#1731 = DIRECTION('',(-1.,-0.,-0.));
#1732 = ORIENTED_EDGE('',*,*,#1669,.T.);
#1733 = PLANE('',#1734);
#1734 = AXIS2_PLACEMENT_3D('',#1735,#1736,#1737);
#1735 = CARTESIAN_POINT('',(3.55,1.52,3.45));
#1736 = DIRECTION('',(0.,1.,0.));
#1737 = DIRECTION('',(0.,0.,1.));
#1738 = ADVANCED_FACE('',(#1739),#1780,.F.);
#1739 = FACE_BOUND('',#1740,.F.);
#1740 = EDGE_LOOP('',(#1741,#1749,#1757,#1765,#1773,#1779));
#1741 = ORIENTED_EDGE('',*,*,#1742,.F.);
#1742 = EDGE_CURVE('',#1743,#389,#1745,.T.);
#1743 = VERTEX_POINT('',#1744);
#1744 = CARTESIAN_POINT('',(6.05,1.52,3.45));
#1745 = LINE('',#1746,#1747);
#1746 = CARTESIAN_POINT('',(6.05,1.52,3.45));
#1747 = VECTOR('',#1748,1.);
#1748 = DIRECTION('',(0.,0.,1.));
#1749 = ORIENTED_EDGE('',*,*,#1750,.T.);
#1750 = EDGE_CURVE('',#1743,#1751,#1753,.T.);
#1751 = VERTEX_POINT('',#1752);
#1752 = CARTESIAN_POINT('',(5.6,1.52,3.45));
#1753 = LINE('',#1754,#1755);
#1754 = CARTESIAN_POINT('',(6.05,1.52,3.45));
#1755 = VECTOR('',#1756,1.);
#1756 = DIRECTION('',(-1.,-0.,-0.));
#1757 = ORIENTED_EDGE('',*,*,#1758,.F.);
#1758 = EDGE_CURVE('',#1759,#1751,#1761,.T.);
#1759 = VERTEX_POINT('',#1760);
#1760 = CARTESIAN_POINT('',(5.6,1.52,5.25));
#1761 = LINE('',#1762,#1763);
#1762 = CARTESIAN_POINT('',(5.6,1.52,5.25));
#1763 = VECTOR('',#1764,1.);
#1764 = DIRECTION('',(0.,1.233581138472E-16,-1.));
#1765 = ORIENTED_EDGE('',*,*,#1766,.T.);
#1766 = EDGE_CURVE('',#1759,#1767,#1769,.T.);
#1767 = VERTEX_POINT('',#1768);
#1768 = CARTESIAN_POINT('',(5.5,1.52,5.25));
#1769 = LINE('',#1770,#1771);
#1770 = CARTESIAN_POINT('',(5.6,1.52,5.25));
#1771 = VECTOR('',#1772,1.);
#1772 = DIRECTION('',(-1.,-0.,-0.));
#1773 = ORIENTED_EDGE('',*,*,#1774,.F.);
#1774 = EDGE_CURVE('',#391,#1767,#1775,.T.);
#1775 = LINE('',#1776,#1777);
#1776 = CARTESIAN_POINT('',(5.5,1.52,9.8));
#1777 = VECTOR('',#1778,1.);
#1778 = DIRECTION('',(0.,0.,-1.));
#1779 = ORIENTED_EDGE('',*,*,#388,.F.);
#1780 = PLANE('',#1781);
#1781 = AXIS2_PLACEMENT_3D('',#1782,#1783,#1784);
#1782 = CARTESIAN_POINT('',(6.05,1.52,3.45));
#1783 = DIRECTION('',(0.,1.,0.));
#1784 = DIRECTION('',(0.,0.,1.));
#1785 = ADVANCED_FACE('',(#1786),#1804,.F.);
#1786 = FACE_BOUND('',#1787,.F.);
#1787 = EDGE_LOOP('',(#1788,#1796,#1797,#1798));
#1788 = ORIENTED_EDGE('',*,*,#1789,.T.);
#1789 = EDGE_CURVE('',#1790,#1743,#1792,.T.);
#1790 = VERTEX_POINT('',#1791);
#1791 = CARTESIAN_POINT('',(6.05,-0.98,3.45));
#1792 = LINE('',#1793,#1794);
#1793 = CARTESIAN_POINT('',(6.05,-0.98,3.45));
#1794 = VECTOR('',#1795,1.);
#1795 = DIRECTION('',(0.,1.,0.));
#1796 = ORIENTED_EDGE('',*,*,#1742,.T.);
#1797 = ORIENTED_EDGE('',*,*,#398,.T.);
#1798 = ORIENTED_EDGE('',*,*,#1799,.T.);
#1799 = EDGE_CURVE('',#399,#1790,#1800,.T.);
#1800 = LINE('',#1801,#1802);
#1801 = CARTESIAN_POINT('',(6.05,-0.98,9.8));
#1802 = VECTOR('',#1803,1.);
#1803 = DIRECTION('',(0.,0.,-1.));
#1804 = PLANE('',#1805);
#1805 = AXIS2_PLACEMENT_3D('',#1806,#1807,#1808);
#1806 = CARTESIAN_POINT('',(6.05,0.27,6.625));
#1807 = DIRECTION('',(1.,0.,0.));
#1808 = DIRECTION('',(0.,0.,1.));
#1809 = ADVANCED_FACE('',(#1810),#1828,.F.);
#1810 = FACE_BOUND('',#1811,.F.);
#1811 = EDGE_LOOP('',(#1812,#1813,#1821,#1827));
#1812 = ORIENTED_EDGE('',*,*,#1774,.T.);
#1813 = ORIENTED_EDGE('',*,*,#1814,.T.);
#1814 = EDGE_CURVE('',#1767,#1815,#1817,.T.);
#1815 = VERTEX_POINT('',#1816);
#1816 = CARTESIAN_POINT('',(5.5,1.92,5.25));
#1817 = LINE('',#1818,#1819);
#1818 = CARTESIAN_POINT('',(5.5,1.52,5.25));
#1819 = VECTOR('',#1820,1.);
#1820 = DIRECTION('',(0.,1.,0.));
#1821 = ORIENTED_EDGE('',*,*,#1822,.T.);
#1822 = EDGE_CURVE('',#1815,#439,#1823,.T.);
#1823 = LINE('',#1824,#1825);
#1824 = CARTESIAN_POINT('',(5.5,1.92,5.25));
#1825 = VECTOR('',#1826,1.);
#1826 = DIRECTION('',(0.,0.,1.));
#1827 = ORIENTED_EDGE('',*,*,#446,.T.);
#1828 = PLANE('',#1829);
#1829 = AXIS2_PLACEMENT_3D('',#1830,#1831,#1832);
#1830 = CARTESIAN_POINT('',(5.5,1.72,7.525));
#1831 = DIRECTION('',(1.,0.,0.));
#1832 = DIRECTION('',(0.,0.,1.));
#1833 = ADVANCED_FACE('',(#1834),#1852,.F.);
#1834 = FACE_BOUND('',#1835,.F.);
#1835 = EDGE_LOOP('',(#1836,#1837,#1845,#1851));
#1836 = ORIENTED_EDGE('',*,*,#406,.T.);
#1837 = ORIENTED_EDGE('',*,*,#1838,.T.);
#1838 = EDGE_CURVE('',#407,#1839,#1841,.T.);
#1839 = VERTEX_POINT('',#1840);
#1840 = CARTESIAN_POINT('',(3.95,-0.98,3.45));
#1841 = LINE('',#1842,#1843);
#1842 = CARTESIAN_POINT('',(3.95,-0.98,9.8));
#1843 = VECTOR('',#1844,1.);
#1844 = DIRECTION('',(0.,0.,-1.));
#1845 = ORIENTED_EDGE('',*,*,#1846,.F.);
#1846 = EDGE_CURVE('',#1790,#1839,#1847,.T.);
#1847 = LINE('',#1848,#1849);
#1848 = CARTESIAN_POINT('',(6.05,-0.98,3.45));
#1849 = VECTOR('',#1850,1.);
#1850 = DIRECTION('',(-1.,-0.,-0.));
#1851 = ORIENTED_EDGE('',*,*,#1799,.F.);
#1852 = PLANE('',#1853);
#1853 = AXIS2_PLACEMENT_3D('',#1854,#1855,#1856);
#1854 = CARTESIAN_POINT('',(6.05,-0.98,9.8));
#1855 = DIRECTION('',(0.,-1.,0.));
#1856 = DIRECTION('',(0.,0.,-1.));
#1857 = ADVANCED_FACE('',(#1858),#1876,.F.);
#1858 = FACE_BOUND('',#1859,.F.);
#1859 = EDGE_LOOP('',(#1860,#1868,#1874,#1875));
#1860 = ORIENTED_EDGE('',*,*,#1861,.T.);
#1861 = EDGE_CURVE('',#1815,#1862,#1864,.T.);
#1862 = VERTEX_POINT('',#1863);
#1863 = CARTESIAN_POINT('',(4.5,1.92,5.25));
#1864 = LINE('',#1865,#1866);
#1865 = CARTESIAN_POINT('',(5.5,1.92,5.25));
#1866 = VECTOR('',#1867,1.);
#1867 = DIRECTION('',(-1.,-0.,-0.));
#1868 = ORIENTED_EDGE('',*,*,#1869,.T.);
#1869 = EDGE_CURVE('',#1862,#431,#1870,.T.);
#1870 = LINE('',#1871,#1872);
#1871 = CARTESIAN_POINT('',(4.5,1.92,5.25));
#1872 = VECTOR('',#1873,1.);
#1873 = DIRECTION('',(0.,0.,1.));
#1874 = ORIENTED_EDGE('',*,*,#438,.F.);
#1875 = ORIENTED_EDGE('',*,*,#1822,.F.);
#1876 = PLANE('',#1877);
#1877 = AXIS2_PLACEMENT_3D('',#1878,#1879,#1880);
#1878 = CARTESIAN_POINT('',(5.5,1.92,5.25));
#1879 = DIRECTION('',(0.,1.,0.));
#1880 = DIRECTION('',(0.,0.,1.));
#1881 = ADVANCED_FACE('',(#1882),#1900,.T.);
#1882 = FACE_BOUND('',#1883,.T.);
#1883 = EDGE_LOOP('',(#1884,#1892,#1898,#1899));
#1884 = ORIENTED_EDGE('',*,*,#1885,.T.);
#1885 = EDGE_CURVE('',#1839,#1886,#1888,.T.);
#1886 = VERTEX_POINT('',#1887);
#1887 = CARTESIAN_POINT('',(3.95,1.52,3.45));
#1888 = LINE('',#1889,#1890);
#1889 = CARTESIAN_POINT('',(3.95,-0.98,3.45));
#1890 = VECTOR('',#1891,1.);
#1891 = DIRECTION('',(0.,1.,0.));
#1892 = ORIENTED_EDGE('',*,*,#1893,.T.);
#1893 = EDGE_CURVE('',#1886,#415,#1894,.T.);
#1894 = LINE('',#1895,#1896);
#1895 = CARTESIAN_POINT('',(3.95,1.52,3.45));
#1896 = VECTOR('',#1897,1.);
#1897 = DIRECTION('',(0.,0.,1.));
#1898 = ORIENTED_EDGE('',*,*,#414,.T.);
#1899 = ORIENTED_EDGE('',*,*,#1838,.T.);
#1900 = PLANE('',#1901);
#1901 = AXIS2_PLACEMENT_3D('',#1902,#1903,#1904);
#1902 = CARTESIAN_POINT('',(3.95,0.27,6.625));
#1903 = DIRECTION('',(1.,0.,0.));
#1904 = DIRECTION('',(0.,0.,1.));
#1905 = ADVANCED_FACE('',(#1906),#1924,.T.);
#1906 = FACE_BOUND('',#1907,.T.);
#1907 = EDGE_LOOP('',(#1908,#1916,#1922,#1923));
#1908 = ORIENTED_EDGE('',*,*,#1909,.T.);
#1909 = EDGE_CURVE('',#423,#1910,#1912,.T.);
#1910 = VERTEX_POINT('',#1911);
#1911 = CARTESIAN_POINT('',(4.5,1.52,5.25));
#1912 = LINE('',#1913,#1914);
#1913 = CARTESIAN_POINT('',(4.5,1.52,9.8));
#1914 = VECTOR('',#1915,1.);
#1915 = DIRECTION('',(0.,0.,-1.));
#1916 = ORIENTED_EDGE('',*,*,#1917,.T.);
#1917 = EDGE_CURVE('',#1910,#1862,#1918,.T.);
#1918 = LINE('',#1919,#1920);
#1919 = CARTESIAN_POINT('',(4.5,1.52,5.25));
#1920 = VECTOR('',#1921,1.);
#1921 = DIRECTION('',(0.,1.,0.));
#1922 = ORIENTED_EDGE('',*,*,#1869,.T.);
#1923 = ORIENTED_EDGE('',*,*,#430,.T.);
#1924 = PLANE('',#1925);
#1925 = AXIS2_PLACEMENT_3D('',#1926,#1927,#1928);
#1926 = CARTESIAN_POINT('',(4.5,1.72,7.525));
#1927 = DIRECTION('',(1.,0.,0.));
#1928 = DIRECTION('',(0.,0.,1.));
#1929 = ADVANCED_FACE('',(#1930),#1957,.F.);
#1930 = FACE_BOUND('',#1931,.F.);
#1931 = EDGE_LOOP('',(#1932,#1933,#1934,#1942,#1950,#1956));
#1932 = ORIENTED_EDGE('',*,*,#422,.F.);
#1933 = ORIENTED_EDGE('',*,*,#1909,.T.);
#1934 = ORIENTED_EDGE('',*,*,#1935,.T.);
#1935 = EDGE_CURVE('',#1910,#1936,#1938,.T.);
#1936 = VERTEX_POINT('',#1937);
#1937 = CARTESIAN_POINT('',(4.4,1.52,5.25));
#1938 = LINE('',#1939,#1940);
#1939 = CARTESIAN_POINT('',(5.6,1.52,5.25));
#1940 = VECTOR('',#1941,1.);
#1941 = DIRECTION('',(-1.,-0.,-0.));
#1942 = ORIENTED_EDGE('',*,*,#1943,.T.);
#1943 = EDGE_CURVE('',#1936,#1944,#1946,.T.);
#1944 = VERTEX_POINT('',#1945);
#1945 = CARTESIAN_POINT('',(4.4,1.52,3.45));
#1946 = LINE('',#1947,#1948);
#1947 = CARTESIAN_POINT('',(4.4,1.52,5.25));
#1948 = VECTOR('',#1949,1.);
#1949 = DIRECTION('',(0.,1.233581138472E-16,-1.));
#1950 = ORIENTED_EDGE('',*,*,#1951,.T.);
#1951 = EDGE_CURVE('',#1944,#1886,#1952,.T.);
#1952 = LINE('',#1953,#1954);
#1953 = CARTESIAN_POINT('',(6.05,1.52,3.45));
#1954 = VECTOR('',#1955,1.);
#1955 = DIRECTION('',(-1.,-0.,-0.));
#1956 = ORIENTED_EDGE('',*,*,#1893,.T.);
#1957 = PLANE('',#1958);
#1958 = AXIS2_PLACEMENT_3D('',#1959,#1960,#1961);
#1959 = CARTESIAN_POINT('',(6.05,1.52,3.45));
#1960 = DIRECTION('',(0.,1.,0.));
#1961 = DIRECTION('',(0.,0.,1.));
#1962 = ADVANCED_FACE('',(#1963),#1974,.F.);
#1963 = FACE_BOUND('',#1964,.F.);
#1964 = EDGE_LOOP('',(#1965,#1966,#1972,#1973));
#1965 = ORIENTED_EDGE('',*,*,#574,.T.);
#1966 = ORIENTED_EDGE('',*,*,#1967,.T.);
#1967 = EDGE_CURVE('',#567,#481,#1968,.T.);
#1968 = LINE('',#1969,#1970);
#1969 = CARTESIAN_POINT('',(7.,1.92,5.25));
#1970 = VECTOR('',#1971,1.);
#1971 = DIRECTION('',(0.,0.,1.));
#1972 = ORIENTED_EDGE('',*,*,#488,.F.);
#1973 = ORIENTED_EDGE('',*,*,#519,.F.);
#1974 = PLANE('',#1975);
#1975 = AXIS2_PLACEMENT_3D('',#1976,#1977,#1978);
#1976 = CARTESIAN_POINT('',(8.,1.92,5.25));
#1977 = DIRECTION('',(0.,1.,0.));
#1978 = DIRECTION('',(0.,0.,1.));
#1979 = ADVANCED_FACE('',(#1980),#1991,.T.);
#1980 = FACE_BOUND('',#1981,.T.);
#1981 = EDGE_LOOP('',(#1982,#1983,#1989,#1990));
#1982 = ORIENTED_EDGE('',*,*,#655,.T.);
#1983 = ORIENTED_EDGE('',*,*,#1984,.T.);
#1984 = EDGE_CURVE('',#656,#465,#1985,.T.);
#1985 = LINE('',#1986,#1987);
#1986 = CARTESIAN_POINT('',(6.45,1.52,3.45));
#1987 = VECTOR('',#1988,1.);
#1988 = DIRECTION('',(0.,0.,1.));
#1989 = ORIENTED_EDGE('',*,*,#464,.T.);
#1990 = ORIENTED_EDGE('',*,*,#730,.T.);
#1991 = PLANE('',#1992);
#1992 = AXIS2_PLACEMENT_3D('',#1993,#1994,#1995);
#1993 = CARTESIAN_POINT('',(6.45,0.27,6.625));
#1994 = DIRECTION('',(1.,0.,0.));
#1995 = DIRECTION('',(0.,0.,1.));
#1996 = ADVANCED_FACE('',(#1997),#2008,.T.);
#1997 = FACE_BOUND('',#1998,.T.);
#1998 = EDGE_LOOP('',(#1999,#2005,#2006,#2007));
#1999 = ORIENTED_EDGE('',*,*,#2000,.T.);
#2000 = EDGE_CURVE('',#473,#559,#2001,.T.);
#2001 = LINE('',#2002,#2003);
#2002 = CARTESIAN_POINT('',(7.,1.52,9.8));
#2003 = VECTOR('',#2004,1.);
#2004 = DIRECTION('',(0.,0.,-1.));
#2005 = ORIENTED_EDGE('',*,*,#566,.T.);
#2006 = ORIENTED_EDGE('',*,*,#1967,.T.);
#2007 = ORIENTED_EDGE('',*,*,#480,.T.);
#2008 = PLANE('',#2009);
#2009 = AXIS2_PLACEMENT_3D('',#2010,#2011,#2012);
#2010 = CARTESIAN_POINT('',(7.,1.72,7.525));
#2011 = DIRECTION('',(1.,0.,0.));
#2012 = DIRECTION('',(0.,0.,1.));
#2013 = ADVANCED_FACE('',(#2014),#2027,.F.);
#2014 = FACE_BOUND('',#2015,.F.);
#2015 = EDGE_LOOP('',(#2016,#2017,#2018,#2019,#2025,#2026));
#2016 = ORIENTED_EDGE('',*,*,#472,.F.);
#2017 = ORIENTED_EDGE('',*,*,#2000,.T.);
#2018 = ORIENTED_EDGE('',*,*,#558,.T.);
#2019 = ORIENTED_EDGE('',*,*,#2020,.T.);
#2020 = EDGE_CURVE('',#551,#664,#2021,.T.);
#2021 = LINE('',#2022,#2023);
#2022 = CARTESIAN_POINT('',(6.9,1.52,5.25));
#2023 = VECTOR('',#2024,1.);
#2024 = DIRECTION('',(0.,1.233581138472E-16,-1.));
#2025 = ORIENTED_EDGE('',*,*,#663,.T.);
#2026 = ORIENTED_EDGE('',*,*,#1984,.T.);
#2027 = PLANE('',#2028);
#2028 = AXIS2_PLACEMENT_3D('',#2029,#2030,#2031);
#2029 = CARTESIAN_POINT('',(8.55,1.52,3.45));
#2030 = DIRECTION('',(0.,1.,0.));
#2031 = DIRECTION('',(0.,0.,1.));
#2032 = ADVANCED_FACE('',(#2033),#2076,.T.);
#2033 = FACE_BOUND('',#2034,.T.);
#2034 = EDGE_LOOP('',(#2035,#2043,#2044,#2045,#2046,#2054,#2062,#2070));
#2035 = ORIENTED_EDGE('',*,*,#2036,.T.);
#2036 = EDGE_CURVE('',#2037,#543,#2039,.T.);
#2037 = VERTEX_POINT('',#2038);
#2038 = CARTESIAN_POINT('',(6.9,2.57,2.05));
#2039 = LINE('',#2040,#2041);
#2040 = CARTESIAN_POINT('',(6.9,2.57,2.05));
#2041 = VECTOR('',#2042,1.);
#2042 = DIRECTION('',(0.,0.,1.));
#2043 = ORIENTED_EDGE('',*,*,#550,.T.);
#2044 = ORIENTED_EDGE('',*,*,#2020,.T.);
#2045 = ORIENTED_EDGE('',*,*,#671,.T.);
#2046 = ORIENTED_EDGE('',*,*,#2047,.T.);
#2047 = EDGE_CURVE('',#672,#2048,#2050,.T.);
#2048 = VERTEX_POINT('',#2049);
#2049 = CARTESIAN_POINT('',(6.9,1.044,2.6151));
#2050 = LINE('',#2051,#2052);
#2051 = CARTESIAN_POINT('',(6.9,0.5468198,3.45));
#2052 = VECTOR('',#2053,1.);
#2053 = DIRECTION('',(0.,0.511647917429,-0.859195209828));
#2054 = ORIENTED_EDGE('',*,*,#2055,.T.);
#2055 = EDGE_CURVE('',#2048,#2056,#2058,.T.);
#2056 = VERTEX_POINT('',#2057);
#2057 = CARTESIAN_POINT('',(6.9,1.52,2.6151));
#2058 = LINE('',#2059,#2060);
#2059 = CARTESIAN_POINT('',(6.9,1.044,2.6151));
#2060 = VECTOR('',#2061,1.);
#2061 = DIRECTION('',(0.,1.,0.));
#2062 = ORIENTED_EDGE('',*,*,#2063,.T.);
#2063 = EDGE_CURVE('',#2056,#2064,#2066,.T.);
#2064 = VERTEX_POINT('',#2065);
#2065 = CARTESIAN_POINT('',(6.9,1.52,2.05));
#2066 = LINE('',#2067,#2068);
#2067 = CARTESIAN_POINT('',(6.9,1.52,2.6151));
#2068 = VECTOR('',#2069,1.);
#2069 = DIRECTION('',(0.,0.,-1.));
#2070 = ORIENTED_EDGE('',*,*,#2071,.T.);
#2071 = EDGE_CURVE('',#2064,#2037,#2072,.T.);
#2072 = LINE('',#2073,#2074);
#2073 = CARTESIAN_POINT('',(6.9,1.52,2.05));
#2074 = VECTOR('',#2075,1.);
#2075 = DIRECTION('',(0.,1.,0.));
#2076 = PLANE('',#2077);
#2077 = AXIS2_PLACEMENT_3D('',#2078,#2079,#2080);
#2078 = CARTESIAN_POINT('',(6.9,1.834452703854,3.573485056924));
#2079 = DIRECTION('',(1.,0.,0.));
#2080 = DIRECTION('',(0.,0.,1.));
#2081 = ADVANCED_FACE('',(#2082),#2221,.T.);
#2082 = FACE_BOUND('',#2083,.T.);
#2083 = EDGE_LOOP('',(#2084,#2094,#2100,#2101,#2102,#2103,#2111,#2119,
    #2127,#2135,#2143,#2151,#2159,#2167,#2175,#2183,#2191,#2199,#2207,
    #2215));
#2084 = ORIENTED_EDGE('',*,*,#2085,.F.);
#2085 = EDGE_CURVE('',#2086,#2088,#2090,.T.);
#2086 = VERTEX_POINT('',#2087);
#2087 = CARTESIAN_POINT('',(9.1,2.57,2.05));
#2088 = VERTEX_POINT('',#2089);
#2089 = CARTESIAN_POINT('',(9.1,2.57,9.2));
#2090 = LINE('',#2091,#2092);
#2091 = CARTESIAN_POINT('',(9.1,2.57,2.05));
#2092 = VECTOR('',#2093,1.);
#2093 = DIRECTION('',(0.,0.,1.));
#2094 = ORIENTED_EDGE('',*,*,#2095,.T.);
#2095 = EDGE_CURVE('',#2086,#591,#2096,.T.);
#2096 = LINE('',#2097,#2098);
#2097 = CARTESIAN_POINT('',(9.1,2.57,2.05));
#2098 = VECTOR('',#2099,1.);
#2099 = DIRECTION('',(-1.,-0.,-0.));
#2100 = ORIENTED_EDGE('',*,*,#590,.T.);
#2101 = ORIENTED_EDGE('',*,*,#542,.T.);
#2102 = ORIENTED_EDGE('',*,*,#2036,.F.);
#2103 = ORIENTED_EDGE('',*,*,#2104,.T.);
#2104 = EDGE_CURVE('',#2037,#2105,#2107,.T.);
#2105 = VERTEX_POINT('',#2106);
#2106 = CARTESIAN_POINT('',(5.6,2.57,2.05));
#2107 = LINE('',#2108,#2109);
#2108 = CARTESIAN_POINT('',(9.1,2.57,2.05));
#2109 = VECTOR('',#2110,1.);
#2110 = DIRECTION('',(-1.,-0.,-0.));
#2111 = ORIENTED_EDGE('',*,*,#2112,.T.);
#2112 = EDGE_CURVE('',#2105,#2113,#2115,.T.);
#2113 = VERTEX_POINT('',#2114);
#2114 = CARTESIAN_POINT('',(5.6,2.57,5.25));
#2115 = LINE('',#2116,#2117);
#2116 = CARTESIAN_POINT('',(5.6,2.57,2.05));
#2117 = VECTOR('',#2118,1.);
#2118 = DIRECTION('',(0.,0.,1.));
#2119 = ORIENTED_EDGE('',*,*,#2120,.T.);
#2120 = EDGE_CURVE('',#2113,#2121,#2123,.T.);
#2121 = VERTEX_POINT('',#2122);
#2122 = CARTESIAN_POINT('',(4.4,2.57,5.25));
#2123 = LINE('',#2124,#2125);
#2124 = CARTESIAN_POINT('',(5.6,2.57,5.25));
#2125 = VECTOR('',#2126,1.);
#2126 = DIRECTION('',(-1.,-0.,-0.));
#2127 = ORIENTED_EDGE('',*,*,#2128,.F.);
#2128 = EDGE_CURVE('',#2129,#2121,#2131,.T.);
#2129 = VERTEX_POINT('',#2130);
#2130 = CARTESIAN_POINT('',(4.4,2.57,2.05));
#2131 = LINE('',#2132,#2133);
#2132 = CARTESIAN_POINT('',(4.4,2.57,2.05));
#2133 = VECTOR('',#2134,1.);
#2134 = DIRECTION('',(0.,0.,1.));
#2135 = ORIENTED_EDGE('',*,*,#2136,.T.);
#2136 = EDGE_CURVE('',#2129,#2137,#2139,.T.);
#2137 = VERTEX_POINT('',#2138);
#2138 = CARTESIAN_POINT('',(3.1,2.57,2.05));
#2139 = LINE('',#2140,#2141);
#2140 = CARTESIAN_POINT('',(9.1,2.57,2.05));
#2141 = VECTOR('',#2142,1.);
#2142 = DIRECTION('',(-1.,-0.,-0.));
#2143 = ORIENTED_EDGE('',*,*,#2144,.T.);
#2144 = EDGE_CURVE('',#2137,#2145,#2147,.T.);
#2145 = VERTEX_POINT('',#2146);
#2146 = CARTESIAN_POINT('',(3.1,2.57,5.25));
#2147 = LINE('',#2148,#2149);
#2148 = CARTESIAN_POINT('',(3.1,2.57,2.05));
#2149 = VECTOR('',#2150,1.);
#2150 = DIRECTION('',(0.,0.,1.));
#2151 = ORIENTED_EDGE('',*,*,#2152,.T.);
#2152 = EDGE_CURVE('',#2145,#2153,#2155,.T.);
#2153 = VERTEX_POINT('',#2154);
#2154 = CARTESIAN_POINT('',(1.9,2.57,5.25));
#2155 = LINE('',#2156,#2157);
#2156 = CARTESIAN_POINT('',(3.1,2.57,5.25));
#2157 = VECTOR('',#2158,1.);
#2158 = DIRECTION('',(-1.,-0.,-0.));
#2159 = ORIENTED_EDGE('',*,*,#2160,.F.);
#2160 = EDGE_CURVE('',#2161,#2153,#2163,.T.);
#2161 = VERTEX_POINT('',#2162);
#2162 = CARTESIAN_POINT('',(1.9,2.57,2.05));
#2163 = LINE('',#2164,#2165);
#2164 = CARTESIAN_POINT('',(1.9,2.57,2.05));
#2165 = VECTOR('',#2166,1.);
#2166 = DIRECTION('',(0.,0.,1.));
#2167 = ORIENTED_EDGE('',*,*,#2168,.T.);
#2168 = EDGE_CURVE('',#2161,#2169,#2171,.T.);
#2169 = VERTEX_POINT('',#2170);
#2170 = CARTESIAN_POINT('',(0.6,2.57,2.05));
#2171 = LINE('',#2172,#2173);
#2172 = CARTESIAN_POINT('',(9.1,2.57,2.05));
#2173 = VECTOR('',#2174,1.);
#2174 = DIRECTION('',(-1.,-0.,-0.));
#2175 = ORIENTED_EDGE('',*,*,#2176,.T.);
#2176 = EDGE_CURVE('',#2169,#2177,#2179,.T.);
#2177 = VERTEX_POINT('',#2178);
#2178 = CARTESIAN_POINT('',(0.6,2.57,5.25));
#2179 = LINE('',#2180,#2181);
#2180 = CARTESIAN_POINT('',(0.6,2.57,2.05));
#2181 = VECTOR('',#2182,1.);
#2182 = DIRECTION('',(0.,0.,1.));
#2183 = ORIENTED_EDGE('',*,*,#2184,.T.);
#2184 = EDGE_CURVE('',#2177,#2185,#2187,.T.);
#2185 = VERTEX_POINT('',#2186);
#2186 = CARTESIAN_POINT('',(-0.6,2.57,5.25));
#2187 = LINE('',#2188,#2189);
#2188 = CARTESIAN_POINT('',(0.6,2.57,5.25));
#2189 = VECTOR('',#2190,1.);
#2190 = DIRECTION('',(-1.,-0.,-0.));
#2191 = ORIENTED_EDGE('',*,*,#2192,.F.);
#2192 = EDGE_CURVE('',#2193,#2185,#2195,.T.);
#2193 = VERTEX_POINT('',#2194);
#2194 = CARTESIAN_POINT('',(-0.6,2.57,2.05));
#2195 = LINE('',#2196,#2197);
#2196 = CARTESIAN_POINT('',(-0.6,2.57,2.05));
#2197 = VECTOR('',#2198,1.);
#2198 = DIRECTION('',(0.,0.,1.));
#2199 = ORIENTED_EDGE('',*,*,#2200,.T.);
#2200 = EDGE_CURVE('',#2193,#2201,#2203,.T.);
#2201 = VERTEX_POINT('',#2202);
#2202 = CARTESIAN_POINT('',(-1.6,2.57,2.05));
#2203 = LINE('',#2204,#2205);
#2204 = CARTESIAN_POINT('',(9.1,2.57,2.05));
#2205 = VECTOR('',#2206,1.);
#2206 = DIRECTION('',(-1.,-0.,-0.));
#2207 = ORIENTED_EDGE('',*,*,#2208,.T.);
#2208 = EDGE_CURVE('',#2201,#2209,#2211,.T.);
#2209 = VERTEX_POINT('',#2210);
#2210 = CARTESIAN_POINT('',(-1.6,2.57,9.2));
#2211 = LINE('',#2212,#2213);
#2212 = CARTESIAN_POINT('',(-1.6,2.57,2.05));
#2213 = VECTOR('',#2214,1.);
#2214 = DIRECTION('',(0.,0.,1.));
#2215 = ORIENTED_EDGE('',*,*,#2216,.T.);
#2216 = EDGE_CURVE('',#2209,#2088,#2217,.T.);
#2217 = LINE('',#2218,#2219);
#2218 = CARTESIAN_POINT('',(6.425,2.57,9.2));
#2219 = VECTOR('',#2220,1.);
#2220 = DIRECTION('',(1.,0.,0.));
#2221 = PLANE('',#2222);
#2222 = AXIS2_PLACEMENT_3D('',#2223,#2224,#2225);
#2223 = CARTESIAN_POINT('',(9.1,2.57,2.05));
#2224 = DIRECTION('',(0.,1.,0.));
#2225 = DIRECTION('',(0.,0.,1.));
#2226 = ADVANCED_FACE('',(#2227),#2238,.F.);
#2227 = FACE_BOUND('',#2228,.F.);
#2228 = EDGE_LOOP('',(#2229,#2230,#2231,#2237));
#2229 = ORIENTED_EDGE('',*,*,#679,.T.);
#2230 = ORIENTED_EDGE('',*,*,#2047,.T.);
#2231 = ORIENTED_EDGE('',*,*,#2232,.F.);
#2232 = EDGE_CURVE('',#609,#2048,#2233,.T.);
#2233 = LINE('',#2234,#2235);
#2234 = CARTESIAN_POINT('',(8.1,1.044,2.6151));
#2235 = VECTOR('',#2236,1.);
#2236 = DIRECTION('',(-1.,-0.,-0.));
#2237 = ORIENTED_EDGE('',*,*,#608,.F.);
#2238 = PLANE('',#2239);
#2239 = AXIS2_PLACEMENT_3D('',#2240,#2241,#2242);
#2240 = CARTESIAN_POINT('',(8.1,0.5468198,3.45));
#2241 = DIRECTION('',(0.,-0.859195209828,-0.511647917429));
#2242 = DIRECTION('',(0.,0.511647917429,-0.859195209828));
#2243 = ADVANCED_FACE('',(#2244),#2255,.F.);
#2244 = FACE_BOUND('',#2245,.F.);
#2245 = EDGE_LOOP('',(#2246,#2247,#2248,#2254));
#2246 = ORIENTED_EDGE('',*,*,#2232,.T.);
#2247 = ORIENTED_EDGE('',*,*,#2055,.T.);
#2248 = ORIENTED_EDGE('',*,*,#2249,.F.);
#2249 = EDGE_CURVE('',#617,#2056,#2250,.T.);
#2250 = LINE('',#2251,#2252);
#2251 = CARTESIAN_POINT('',(8.1,1.52,2.6151));
#2252 = VECTOR('',#2253,1.);
#2253 = DIRECTION('',(-1.,-0.,-0.));
#2254 = ORIENTED_EDGE('',*,*,#616,.F.);
#2255 = PLANE('',#2256);
#2256 = AXIS2_PLACEMENT_3D('',#2257,#2258,#2259);
#2257 = CARTESIAN_POINT('',(8.1,1.044,2.6151));
#2258 = DIRECTION('',(0.,0.,-1.));
#2259 = DIRECTION('',(0.,1.,0.));
#2260 = ADVANCED_FACE('',(#2261),#2272,.F.);
#2261 = FACE_BOUND('',#2262,.F.);
#2262 = EDGE_LOOP('',(#2263,#2264,#2265,#2271));
#2263 = ORIENTED_EDGE('',*,*,#2249,.T.);
#2264 = ORIENTED_EDGE('',*,*,#2063,.T.);
#2265 = ORIENTED_EDGE('',*,*,#2266,.F.);
#2266 = EDGE_CURVE('',#625,#2064,#2267,.T.);
#2267 = LINE('',#2268,#2269);
#2268 = CARTESIAN_POINT('',(8.1,1.52,2.05));
#2269 = VECTOR('',#2270,1.);
#2270 = DIRECTION('',(-1.,-0.,-0.));
#2271 = ORIENTED_EDGE('',*,*,#624,.F.);
#2272 = PLANE('',#2273);
#2273 = AXIS2_PLACEMENT_3D('',#2274,#2275,#2276);
#2274 = CARTESIAN_POINT('',(8.1,1.52,2.6151));
#2275 = DIRECTION('',(0.,-1.,0.));
#2276 = DIRECTION('',(0.,0.,-1.));
#2277 = ADVANCED_FACE('',(#2278),#2376,.T.);
#2278 = FACE_BOUND('',#2279,.T.);
#2279 = EDGE_LOOP('',(#2280,#2288,#2296,#2302,#2303,#2311,#2319,#2325,
    #2326,#2334,#2342,#2348,#2349,#2357,#2365,#2371,#2372,#2373,#2374,
    #2375));
#2280 = ORIENTED_EDGE('',*,*,#2281,.F.);
#2281 = EDGE_CURVE('',#2282,#2086,#2284,.T.);
#2282 = VERTEX_POINT('',#2283);
#2283 = CARTESIAN_POINT('',(9.1,0.945277674973,2.05));
#2284 = LINE('',#2285,#2286);
#2285 = CARTESIAN_POINT('',(9.1,0.945277674973,2.05));
#2286 = VECTOR('',#2287,1.);
#2287 = DIRECTION('',(0.,1.,0.));
#2288 = ORIENTED_EDGE('',*,*,#2289,.T.);
#2289 = EDGE_CURVE('',#2282,#2290,#2292,.T.);
#2290 = VERTEX_POINT('',#2291);
#2291 = CARTESIAN_POINT('',(-1.6,0.945277674973,2.05));
#2292 = LINE('',#2293,#2294);
#2293 = CARTESIAN_POINT('',(9.1,0.945277674973,2.05));
#2294 = VECTOR('',#2295,1.);
#2295 = DIRECTION('',(-1.,-0.,-0.));
#2296 = ORIENTED_EDGE('',*,*,#2297,.T.);
#2297 = EDGE_CURVE('',#2290,#2201,#2298,.T.);
#2298 = LINE('',#2299,#2300);
#2299 = CARTESIAN_POINT('',(-1.6,0.945277674973,2.05));
#2300 = VECTOR('',#2301,1.);
#2301 = DIRECTION('',(0.,1.,0.));
#2302 = ORIENTED_EDGE('',*,*,#2200,.F.);
#2303 = ORIENTED_EDGE('',*,*,#2304,.F.);
#2304 = EDGE_CURVE('',#2305,#2193,#2307,.T.);
#2305 = VERTEX_POINT('',#2306);
#2306 = CARTESIAN_POINT('',(-0.6,1.52,2.05));
#2307 = LINE('',#2308,#2309);
#2308 = CARTESIAN_POINT('',(-0.6,1.52,2.05));
#2309 = VECTOR('',#2310,1.);
#2310 = DIRECTION('',(0.,1.,0.));
#2311 = ORIENTED_EDGE('',*,*,#2312,.F.);
#2312 = EDGE_CURVE('',#2313,#2305,#2315,.T.);
#2313 = VERTEX_POINT('',#2314);
#2314 = CARTESIAN_POINT('',(0.6,1.52,2.05));
#2315 = LINE('',#2316,#2317);
#2316 = CARTESIAN_POINT('',(0.6,1.52,2.05));
#2317 = VECTOR('',#2318,1.);
#2318 = DIRECTION('',(-1.,-0.,-0.));
#2319 = ORIENTED_EDGE('',*,*,#2320,.T.);
#2320 = EDGE_CURVE('',#2313,#2169,#2321,.T.);
#2321 = LINE('',#2322,#2323);
#2322 = CARTESIAN_POINT('',(0.6,1.52,2.05));
#2323 = VECTOR('',#2324,1.);
#2324 = DIRECTION('',(0.,1.,0.));
#2325 = ORIENTED_EDGE('',*,*,#2168,.F.);
#2326 = ORIENTED_EDGE('',*,*,#2327,.F.);
#2327 = EDGE_CURVE('',#2328,#2161,#2330,.T.);
#2328 = VERTEX_POINT('',#2329);
#2329 = CARTESIAN_POINT('',(1.9,1.52,2.05));
#2330 = LINE('',#2331,#2332);
#2331 = CARTESIAN_POINT('',(1.9,1.52,2.05));
#2332 = VECTOR('',#2333,1.);
#2333 = DIRECTION('',(0.,1.,0.));
#2334 = ORIENTED_EDGE('',*,*,#2335,.F.);
#2335 = EDGE_CURVE('',#2336,#2328,#2338,.T.);
#2336 = VERTEX_POINT('',#2337);
#2337 = CARTESIAN_POINT('',(3.1,1.52,2.05));
#2338 = LINE('',#2339,#2340);
#2339 = CARTESIAN_POINT('',(3.1,1.52,2.05));
#2340 = VECTOR('',#2341,1.);
#2341 = DIRECTION('',(-1.,-0.,-0.));
#2342 = ORIENTED_EDGE('',*,*,#2343,.T.);
#2343 = EDGE_CURVE('',#2336,#2137,#2344,.T.);
#2344 = LINE('',#2345,#2346);
#2345 = CARTESIAN_POINT('',(3.1,1.52,2.05));
#2346 = VECTOR('',#2347,1.);
#2347 = DIRECTION('',(0.,1.,0.));
#2348 = ORIENTED_EDGE('',*,*,#2136,.F.);
#2349 = ORIENTED_EDGE('',*,*,#2350,.F.);
#2350 = EDGE_CURVE('',#2351,#2129,#2353,.T.);
#2351 = VERTEX_POINT('',#2352);
#2352 = CARTESIAN_POINT('',(4.4,1.52,2.05));
#2353 = LINE('',#2354,#2355);
#2354 = CARTESIAN_POINT('',(4.4,1.52,2.05));
#2355 = VECTOR('',#2356,1.);
#2356 = DIRECTION('',(0.,1.,0.));
#2357 = ORIENTED_EDGE('',*,*,#2358,.F.);
#2358 = EDGE_CURVE('',#2359,#2351,#2361,.T.);
#2359 = VERTEX_POINT('',#2360);
#2360 = CARTESIAN_POINT('',(5.6,1.52,2.05));
#2361 = LINE('',#2362,#2363);
#2362 = CARTESIAN_POINT('',(5.6,1.52,2.05));
#2363 = VECTOR('',#2364,1.);
#2364 = DIRECTION('',(-1.,-0.,-0.));
#2365 = ORIENTED_EDGE('',*,*,#2366,.T.);
#2366 = EDGE_CURVE('',#2359,#2105,#2367,.T.);
#2367 = LINE('',#2368,#2369);
#2368 = CARTESIAN_POINT('',(5.6,1.52,2.05));
#2369 = VECTOR('',#2370,1.);
#2370 = DIRECTION('',(0.,1.,0.));
#2371 = ORIENTED_EDGE('',*,*,#2104,.F.);
#2372 = ORIENTED_EDGE('',*,*,#2071,.F.);
#2373 = ORIENTED_EDGE('',*,*,#2266,.F.);
#2374 = ORIENTED_EDGE('',*,*,#632,.T.);
#2375 = ORIENTED_EDGE('',*,*,#2095,.F.);
#2376 = PLANE('',#2377);
#2377 = AXIS2_PLACEMENT_3D('',#2378,#2379,#2380);
#2378 = CARTESIAN_POINT('',(9.1,0.945277674973,2.05));
#2379 = DIRECTION('',(0.,0.,-1.));
#2380 = DIRECTION('',(0.,1.,0.));
#2381 = ADVANCED_FACE('',(#2382),#2407,.F.);
#2382 = FACE_BOUND('',#2383,.F.);
#2383 = EDGE_LOOP('',(#2384,#2392,#2393,#2401));
#2384 = ORIENTED_EDGE('',*,*,#2385,.F.);
#2385 = EDGE_CURVE('',#690,#2386,#2388,.T.);
#2386 = VERTEX_POINT('',#2387);
#2387 = CARTESIAN_POINT('',(7.9,-0.4,2.7));
#2388 = LINE('',#2389,#2390);
#2389 = CARTESIAN_POINT('',(7.9,-0.4,3.45));
#2390 = VECTOR('',#2391,1.);
#2391 = DIRECTION('',(0.,0.,-1.));
#2392 = ORIENTED_EDGE('',*,*,#689,.T.);
#2393 = ORIENTED_EDGE('',*,*,#2394,.T.);
#2394 = EDGE_CURVE('',#692,#2395,#2397,.T.);
#2395 = VERTEX_POINT('',#2396);
#2396 = CARTESIAN_POINT('',(7.1,-0.4,2.7));
#2397 = LINE('',#2398,#2399);
#2398 = CARTESIAN_POINT('',(7.1,-0.4,3.45));
#2399 = VECTOR('',#2400,1.);
#2400 = DIRECTION('',(0.,0.,-1.));
#2401 = ORIENTED_EDGE('',*,*,#2402,.F.);
#2402 = EDGE_CURVE('',#2386,#2395,#2403,.T.);
#2403 = LINE('',#2404,#2405);
#2404 = CARTESIAN_POINT('',(8.5,-0.4,2.7));
#2405 = VECTOR('',#2406,1.);
#2406 = DIRECTION('',(-1.,-0.,-0.));
#2407 = PLANE('',#2408);
#2408 = AXIS2_PLACEMENT_3D('',#2409,#2410,#2411);
#2409 = CARTESIAN_POINT('',(7.9,-0.4,3.45));
#2410 = DIRECTION('',(0.,-1.,0.));
#2411 = DIRECTION('',(0.,0.,-1.));
#2412 = ADVANCED_FACE('',(#2413),#2431,.F.);
#2413 = FACE_BOUND('',#2414,.F.);
#2414 = EDGE_LOOP('',(#2415,#2416,#2417,#2425));
#2415 = ORIENTED_EDGE('',*,*,#699,.T.);
#2416 = ORIENTED_EDGE('',*,*,#2385,.T.);
#2417 = ORIENTED_EDGE('',*,*,#2418,.F.);
#2418 = EDGE_CURVE('',#2419,#2386,#2421,.T.);
#2419 = VERTEX_POINT('',#2420);
#2420 = CARTESIAN_POINT('',(7.9,0.4,2.7));
#2421 = LINE('',#2422,#2423);
#2422 = CARTESIAN_POINT('',(7.9,-0.765,2.7));
#2423 = VECTOR('',#2424,1.);
#2424 = DIRECTION('',(0.,-1.,0.));
#2425 = ORIENTED_EDGE('',*,*,#2426,.T.);
#2426 = EDGE_CURVE('',#2419,#700,#2427,.T.);
#2427 = LINE('',#2428,#2429);
#2428 = CARTESIAN_POINT('',(7.9,0.4,2.45));
#2429 = VECTOR('',#2430,1.);
#2430 = DIRECTION('',(0.,0.,1.));
#2431 = PLANE('',#2432);
#2432 = AXIS2_PLACEMENT_3D('',#2433,#2434,#2435);
#2433 = CARTESIAN_POINT('',(7.9,0.,2.95));
#2434 = DIRECTION('',(1.,0.,0.));
#2435 = DIRECTION('',(0.,0.,1.));
#2436 = ADVANCED_FACE('',(#2437),#2455,.T.);
#2437 = FACE_BOUND('',#2438,.T.);
#2438 = EDGE_LOOP('',(#2439,#2440,#2441,#2449));
#2439 = ORIENTED_EDGE('',*,*,#715,.T.);
#2440 = ORIENTED_EDGE('',*,*,#2394,.T.);
#2441 = ORIENTED_EDGE('',*,*,#2442,.F.);
#2442 = EDGE_CURVE('',#2443,#2395,#2445,.T.);
#2443 = VERTEX_POINT('',#2444);
#2444 = CARTESIAN_POINT('',(7.1,0.4,2.7));
#2445 = LINE('',#2446,#2447);
#2446 = CARTESIAN_POINT('',(7.1,-0.765,2.7));
#2447 = VECTOR('',#2448,1.);
#2448 = DIRECTION('',(0.,-1.,0.));
#2449 = ORIENTED_EDGE('',*,*,#2450,.T.);
#2450 = EDGE_CURVE('',#2443,#708,#2451,.T.);
#2451 = LINE('',#2452,#2453);
#2452 = CARTESIAN_POINT('',(7.1,0.4,2.45));
#2453 = VECTOR('',#2454,1.);
#2454 = DIRECTION('',(0.,0.,1.));
#2455 = PLANE('',#2456);
#2456 = AXIS2_PLACEMENT_3D('',#2457,#2458,#2459);
#2457 = CARTESIAN_POINT('',(7.1,0.,2.95));
#2458 = DIRECTION('',(1.,0.,0.));
#2459 = DIRECTION('',(0.,0.,1.));
#2460 = ADVANCED_FACE('',(#2461),#2472,.F.);
#2461 = FACE_BOUND('',#2462,.F.);
#2462 = EDGE_LOOP('',(#2463,#2464,#2470,#2471));
#2463 = ORIENTED_EDGE('',*,*,#2426,.F.);
#2464 = ORIENTED_EDGE('',*,*,#2465,.F.);
#2465 = EDGE_CURVE('',#2443,#2419,#2466,.T.);
#2466 = LINE('',#2467,#2468);
#2467 = CARTESIAN_POINT('',(8.5,0.4,2.7));
#2468 = VECTOR('',#2469,1.);
#2469 = DIRECTION('',(1.,0.,0.));
#2470 = ORIENTED_EDGE('',*,*,#2450,.T.);
#2471 = ORIENTED_EDGE('',*,*,#707,.F.);
#2472 = PLANE('',#2473);
#2473 = AXIS2_PLACEMENT_3D('',#2474,#2475,#2476);
#2474 = CARTESIAN_POINT('',(7.9,0.4,2.45));
#2475 = DIRECTION('',(0.,1.,0.));
#2476 = DIRECTION('',(0.,0.,1.));
#2477 = ADVANCED_FACE('',(#2478),#2505,.F.);
#2478 = FACE_BOUND('',#2479,.F.);
#2479 = EDGE_LOOP('',(#2480,#2481,#2482,#2483,#2484,#2485,#2486,#2487,
    #2488,#2489,#2490,#2491,#2492,#2498,#2499));
#2480 = ORIENTED_EDGE('',*,*,#898,.F.);
#2481 = ORIENTED_EDGE('',*,*,#1277,.T.);
#2482 = ORIENTED_EDGE('',*,*,#1254,.F.);
#2483 = ORIENTED_EDGE('',*,*,#1237,.T.);
#2484 = ORIENTED_EDGE('',*,*,#1213,.T.);
#2485 = ORIENTED_EDGE('',*,*,#1182,.F.);
#2486 = ORIENTED_EDGE('',*,*,#1163,.T.);
#2487 = ORIENTED_EDGE('',*,*,#1132,.F.);
#2488 = ORIENTED_EDGE('',*,*,#1114,.T.);
#2489 = ORIENTED_EDGE('',*,*,#1083,.F.);
#2490 = ORIENTED_EDGE('',*,*,#1065,.T.);
#2491 = ORIENTED_EDGE('',*,*,#866,.F.);
#2492 = ORIENTED_EDGE('',*,*,#2493,.F.);
#2493 = EDGE_CURVE('',#2209,#867,#2494,.T.);
#2494 = LINE('',#2495,#2496);
#2495 = CARTESIAN_POINT('',(-1.6,0.750345009569,9.2));
#2496 = VECTOR('',#2497,1.);
#2497 = DIRECTION('',(0.,-1.,0.));
#2498 = ORIENTED_EDGE('',*,*,#2216,.T.);
#2499 = ORIENTED_EDGE('',*,*,#2500,.T.);
#2500 = EDGE_CURVE('',#2088,#891,#2501,.T.);
#2501 = LINE('',#2502,#2503);
#2502 = CARTESIAN_POINT('',(9.1,0.750345009569,9.2));
#2503 = VECTOR('',#2504,1.);
#2504 = DIRECTION('',(0.,-1.,0.));
#2505 = PLANE('',#2506);
#2506 = AXIS2_PLACEMENT_3D('',#2507,#2508,#2509);
#2507 = CARTESIAN_POINT('',(3.75,0.92,9.2));
#2508 = DIRECTION('',(0.,0.,1.));
#2509 = DIRECTION('',(1.,0.,0.));
#2510 = ADVANCED_FACE('',(#2511),#2531,.T.);
#2511 = FACE_BOUND('',#2512,.T.);
#2512 = EDGE_LOOP('',(#2513,#2514,#2515,#2523,#2529,#2530));
#2513 = ORIENTED_EDGE('',*,*,#2500,.T.);
#2514 = ORIENTED_EDGE('',*,*,#890,.T.);
#2515 = ORIENTED_EDGE('',*,*,#2516,.T.);
#2516 = EDGE_CURVE('',#883,#2517,#2519,.T.);
#2517 = VERTEX_POINT('',#2518);
#2518 = CARTESIAN_POINT('',(9.1,0.57,2.7));
#2519 = LINE('',#2520,#2521);
#2520 = CARTESIAN_POINT('',(9.1,-1.53,2.7));
#2521 = VECTOR('',#2522,1.);
#2522 = DIRECTION('',(0.,1.,0.));
#2523 = ORIENTED_EDGE('',*,*,#2524,.T.);
#2524 = EDGE_CURVE('',#2517,#2282,#2525,.T.);
#2525 = LINE('',#2526,#2527);
#2526 = CARTESIAN_POINT('',(9.1,0.57,2.7));
#2527 = VECTOR('',#2528,1.);
#2528 = DIRECTION('',(0.,0.5,-0.866025403784));
#2529 = ORIENTED_EDGE('',*,*,#2281,.T.);
#2530 = ORIENTED_EDGE('',*,*,#2085,.T.);
#2531 = PLANE('',#2532);
#2532 = AXIS2_PLACEMENT_3D('',#2533,#2534,#2535);
#2533 = CARTESIAN_POINT('',(9.1,0.580690019138,6.030109938605));
#2534 = DIRECTION('',(1.,0.,0.));
#2535 = DIRECTION('',(0.,0.,1.));
#2536 = ADVANCED_FACE('',(#2537,#2555,#2589,#2623,#2657),#2663,.T.);
#2537 = FACE_BOUND('',#2538,.T.);
#2538 = EDGE_LOOP('',(#2539,#2540,#2548,#2554));
#2539 = ORIENTED_EDGE('',*,*,#882,.T.);
#2540 = ORIENTED_EDGE('',*,*,#2541,.T.);
#2541 = EDGE_CURVE('',#875,#2542,#2544,.T.);
#2542 = VERTEX_POINT('',#2543);
#2543 = CARTESIAN_POINT('',(-1.6,0.57,2.7));
#2544 = LINE('',#2545,#2546);
#2545 = CARTESIAN_POINT('',(-1.6,-1.53,2.7));
#2546 = VECTOR('',#2547,1.);
#2547 = DIRECTION('',(0.,1.,0.));
#2548 = ORIENTED_EDGE('',*,*,#2549,.F.);
#2549 = EDGE_CURVE('',#2517,#2542,#2550,.T.);
#2550 = LINE('',#2551,#2552);
#2551 = CARTESIAN_POINT('',(9.1,0.57,2.7));
#2552 = VECTOR('',#2553,1.);
#2553 = DIRECTION('',(-1.,-0.,-0.));
#2554 = ORIENTED_EDGE('',*,*,#2516,.F.);
#2555 = FACE_BOUND('',#2556,.T.);
#2556 = EDGE_LOOP('',(#2557,#2567,#2575,#2583));
#2557 = ORIENTED_EDGE('',*,*,#2558,.F.);
#2558 = EDGE_CURVE('',#2559,#2561,#2563,.T.);
#2559 = VERTEX_POINT('',#2560);
#2560 = CARTESIAN_POINT('',(0.4,-0.4,2.7));
#2561 = VERTEX_POINT('',#2562);
#2562 = CARTESIAN_POINT('',(-0.4,-0.4,2.7));
#2563 = LINE('',#2564,#2565);
#2564 = CARTESIAN_POINT('',(4.75,-0.4,2.7));
#2565 = VECTOR('',#2566,1.);
#2566 = DIRECTION('',(-1.,-0.,-0.));
#2567 = ORIENTED_EDGE('',*,*,#2568,.F.);
#2568 = EDGE_CURVE('',#2569,#2559,#2571,.T.);
#2569 = VERTEX_POINT('',#2570);
#2570 = CARTESIAN_POINT('',(0.4,0.4,2.7));
#2571 = LINE('',#2572,#2573);
#2572 = CARTESIAN_POINT('',(0.4,-0.765,2.7));
#2573 = VECTOR('',#2574,1.);
#2574 = DIRECTION('',(0.,-1.,0.));
#2575 = ORIENTED_EDGE('',*,*,#2576,.F.);
#2576 = EDGE_CURVE('',#2577,#2569,#2579,.T.);
#2577 = VERTEX_POINT('',#2578);
#2578 = CARTESIAN_POINT('',(-0.4,0.4,2.7));
#2579 = LINE('',#2580,#2581);
#2580 = CARTESIAN_POINT('',(4.75,0.4,2.7));
#2581 = VECTOR('',#2582,1.);
#2582 = DIRECTION('',(1.,0.,0.));
#2583 = ORIENTED_EDGE('',*,*,#2584,.T.);
#2584 = EDGE_CURVE('',#2577,#2561,#2585,.T.);
#2585 = LINE('',#2586,#2587);
#2586 = CARTESIAN_POINT('',(-0.4,-0.765,2.7));
#2587 = VECTOR('',#2588,1.);
#2588 = DIRECTION('',(0.,-1.,0.));
#2589 = FACE_BOUND('',#2590,.T.);
#2590 = EDGE_LOOP('',(#2591,#2601,#2609,#2617));
#2591 = ORIENTED_EDGE('',*,*,#2592,.F.);
#2592 = EDGE_CURVE('',#2593,#2595,#2597,.T.);
#2593 = VERTEX_POINT('',#2594);
#2594 = CARTESIAN_POINT('',(2.9,-0.4,2.7));
#2595 = VERTEX_POINT('',#2596);
#2596 = CARTESIAN_POINT('',(2.1,-0.4,2.7));
#2597 = LINE('',#2598,#2599);
#2598 = CARTESIAN_POINT('',(6.,-0.4,2.7));
#2599 = VECTOR('',#2600,1.);
#2600 = DIRECTION('',(-1.,-0.,-0.));
#2601 = ORIENTED_EDGE('',*,*,#2602,.F.);
#2602 = EDGE_CURVE('',#2603,#2593,#2605,.T.);
#2603 = VERTEX_POINT('',#2604);
#2604 = CARTESIAN_POINT('',(2.9,0.4,2.7));
#2605 = LINE('',#2606,#2607);
#2606 = CARTESIAN_POINT('',(2.9,-0.765,2.7));
#2607 = VECTOR('',#2608,1.);
#2608 = DIRECTION('',(0.,-1.,0.));
#2609 = ORIENTED_EDGE('',*,*,#2610,.F.);
#2610 = EDGE_CURVE('',#2611,#2603,#2613,.T.);
#2611 = VERTEX_POINT('',#2612);
#2612 = CARTESIAN_POINT('',(2.1,0.4,2.7));
#2613 = LINE('',#2614,#2615);
#2614 = CARTESIAN_POINT('',(6.,0.4,2.7));
#2615 = VECTOR('',#2616,1.);
#2616 = DIRECTION('',(1.,0.,0.));
#2617 = ORIENTED_EDGE('',*,*,#2618,.T.);
#2618 = EDGE_CURVE('',#2611,#2595,#2619,.T.);
#2619 = LINE('',#2620,#2621);
#2620 = CARTESIAN_POINT('',(2.1,-0.765,2.7));
#2621 = VECTOR('',#2622,1.);
#2622 = DIRECTION('',(0.,-1.,0.));
#2623 = FACE_BOUND('',#2624,.T.);
#2624 = EDGE_LOOP('',(#2625,#2635,#2643,#2651));
#2625 = ORIENTED_EDGE('',*,*,#2626,.F.);
#2626 = EDGE_CURVE('',#2627,#2629,#2631,.T.);
#2627 = VERTEX_POINT('',#2628);
#2628 = CARTESIAN_POINT('',(5.4,-0.4,2.7));
#2629 = VERTEX_POINT('',#2630);
#2630 = CARTESIAN_POINT('',(4.6,-0.4,2.7));
#2631 = LINE('',#2632,#2633);
#2632 = CARTESIAN_POINT('',(7.25,-0.4,2.7));
#2633 = VECTOR('',#2634,1.);
#2634 = DIRECTION('',(-1.,-0.,-0.));
#2635 = ORIENTED_EDGE('',*,*,#2636,.F.);
#2636 = EDGE_CURVE('',#2637,#2627,#2639,.T.);
#2637 = VERTEX_POINT('',#2638);
#2638 = CARTESIAN_POINT('',(5.4,0.4,2.7));
#2639 = LINE('',#2640,#2641);
#2640 = CARTESIAN_POINT('',(5.4,-0.765,2.7));
#2641 = VECTOR('',#2642,1.);
#2642 = DIRECTION('',(0.,-1.,0.));
#2643 = ORIENTED_EDGE('',*,*,#2644,.F.);
#2644 = EDGE_CURVE('',#2645,#2637,#2647,.T.);
#2645 = VERTEX_POINT('',#2646);
#2646 = CARTESIAN_POINT('',(4.6,0.4,2.7));
#2647 = LINE('',#2648,#2649);
#2648 = CARTESIAN_POINT('',(7.25,0.4,2.7));
#2649 = VECTOR('',#2650,1.);
#2650 = DIRECTION('',(1.,0.,0.));
#2651 = ORIENTED_EDGE('',*,*,#2652,.T.);
#2652 = EDGE_CURVE('',#2645,#2629,#2653,.T.);
#2653 = LINE('',#2654,#2655);
#2654 = CARTESIAN_POINT('',(4.6,-0.765,2.7));
#2655 = VECTOR('',#2656,1.);
#2656 = DIRECTION('',(0.,-1.,0.));
#2657 = FACE_BOUND('',#2658,.T.);
#2658 = EDGE_LOOP('',(#2659,#2660,#2661,#2662));
#2659 = ORIENTED_EDGE('',*,*,#2402,.F.);
#2660 = ORIENTED_EDGE('',*,*,#2418,.F.);
#2661 = ORIENTED_EDGE('',*,*,#2465,.F.);
#2662 = ORIENTED_EDGE('',*,*,#2442,.T.);
#2663 = PLANE('',#2664);
#2664 = AXIS2_PLACEMENT_3D('',#2665,#2666,#2667);
#2665 = CARTESIAN_POINT('',(9.1,-1.53,2.7));
#2666 = DIRECTION('',(0.,0.,-1.));
#2667 = DIRECTION('',(0.,1.,0.));
#2668 = ADVANCED_FACE('',(#2669),#2682,.F.);
#2669 = FACE_BOUND('',#2670,.F.);
#2670 = EDGE_LOOP('',(#2671,#2672,#2673,#2674,#2680,#2681));
#2671 = ORIENTED_EDGE('',*,*,#2493,.T.);
#2672 = ORIENTED_EDGE('',*,*,#874,.T.);
#2673 = ORIENTED_EDGE('',*,*,#2541,.T.);
#2674 = ORIENTED_EDGE('',*,*,#2675,.T.);
#2675 = EDGE_CURVE('',#2542,#2290,#2676,.T.);
#2676 = LINE('',#2677,#2678);
#2677 = CARTESIAN_POINT('',(-1.6,0.57,2.7));
#2678 = VECTOR('',#2679,1.);
#2679 = DIRECTION('',(0.,0.5,-0.866025403784));
#2680 = ORIENTED_EDGE('',*,*,#2297,.T.);
#2681 = ORIENTED_EDGE('',*,*,#2208,.T.);
#2682 = PLANE('',#2683);
#2683 = AXIS2_PLACEMENT_3D('',#2684,#2685,#2686);
#2684 = CARTESIAN_POINT('',(-1.6,0.580690019138,6.030109938605));
#2685 = DIRECTION('',(1.,0.,0.));
#2686 = DIRECTION('',(0.,0.,1.));
#2687 = ADVANCED_FACE('',(#2688),#2699,.T.);
#2688 = FACE_BOUND('',#2689,.T.);
#2689 = EDGE_LOOP('',(#2690,#2696,#2697,#2698));
#2690 = ORIENTED_EDGE('',*,*,#2691,.T.);
#2691 = EDGE_CURVE('',#836,#945,#2692,.T.);
#2692 = LINE('',#2693,#2694);
#2693 = CARTESIAN_POINT('',(-0.65,-1.53,5.7));
#2694 = VECTOR('',#2695,1.);
#2695 = DIRECTION('',(0.,-1.,2.22044604925E-16));
#2696 = ORIENTED_EDGE('',*,*,#944,.T.);
#2697 = ORIENTED_EDGE('',*,*,#1042,.F.);
#2698 = ORIENTED_EDGE('',*,*,#843,.F.);
#2699 = PLANE('',#2700);
#2700 = AXIS2_PLACEMENT_3D('',#2701,#2702,#2703);
#2701 = CARTESIAN_POINT('',(-0.65,-1.53,5.7));
#2702 = DIRECTION('',(0.,2.22044604925E-16,1.));
#2703 = DIRECTION('',(1.,0.,0.));
#2704 = ADVANCED_FACE('',(#2705),#2716,.T.);
#2705 = FACE_BOUND('',#2706,.T.);
#2706 = EDGE_LOOP('',(#2707,#2713,#2714,#2715));
#2707 = ORIENTED_EDGE('',*,*,#2708,.T.);
#2708 = EDGE_CURVE('',#828,#953,#2709,.T.);
#2709 = LINE('',#2710,#2711);
#2710 = CARTESIAN_POINT('',(-0.65,-1.53,4.9));
#2711 = VECTOR('',#2712,1.);
#2712 = DIRECTION('',(0.,-1.,2.22044604925E-16));
#2713 = ORIENTED_EDGE('',*,*,#952,.T.);
#2714 = ORIENTED_EDGE('',*,*,#2691,.F.);
#2715 = ORIENTED_EDGE('',*,*,#835,.F.);
#2716 = PLANE('',#2717);
#2717 = AXIS2_PLACEMENT_3D('',#2718,#2719,#2720);
#2718 = CARTESIAN_POINT('',(-0.65,-1.53,4.9));
#2719 = DIRECTION('',(-1.,0.,0.));
#2720 = DIRECTION('',(0.,2.22044604925E-16,1.));
#2721 = ADVANCED_FACE('',(#2722),#2733,.T.);
#2722 = FACE_BOUND('',#2723,.T.);
#2723 = EDGE_LOOP('',(#2724,#2730,#2731,#2732));
#2724 = ORIENTED_EDGE('',*,*,#2725,.T.);
#2725 = EDGE_CURVE('',#820,#961,#2726,.T.);
#2726 = LINE('',#2727,#2728);
#2727 = CARTESIAN_POINT('',(5.E-02,-1.53,3.7));
#2728 = VECTOR('',#2729,1.);
#2729 = DIRECTION('',(0.,-1.,2.22044604925E-16));
#2730 = ORIENTED_EDGE('',*,*,#960,.T.);
#2731 = ORIENTED_EDGE('',*,*,#2708,.F.);
#2732 = ORIENTED_EDGE('',*,*,#827,.F.);
#2733 = PLANE('',#2734);
#2734 = AXIS2_PLACEMENT_3D('',#2735,#2736,#2737);
#2735 = CARTESIAN_POINT('',(5.E-02,-1.53,3.7));
#2736 = DIRECTION('',(-0.863778900898,-1.118818427957E-16,
    -0.503871025524));
#2737 = DIRECTION('',(-0.503871025524,1.917974447926E-16,0.863778900898)
  );
#2738 = ADVANCED_FACE('',(#2739),#2750,.T.);
#2739 = FACE_BOUND('',#2740,.T.);
#2740 = EDGE_LOOP('',(#2741,#2747,#2748,#2749));
#2741 = ORIENTED_EDGE('',*,*,#2742,.T.);
#2742 = EDGE_CURVE('',#812,#969,#2743,.T.);
#2743 = LINE('',#2744,#2745);
#2744 = CARTESIAN_POINT('',(0.65,-1.53,3.7));
#2745 = VECTOR('',#2746,1.);
#2746 = DIRECTION('',(0.,-1.,2.22044604925E-16));
#2747 = ORIENTED_EDGE('',*,*,#968,.T.);
#2748 = ORIENTED_EDGE('',*,*,#2725,.F.);
#2749 = ORIENTED_EDGE('',*,*,#819,.F.);
#2750 = PLANE('',#2751);
#2751 = AXIS2_PLACEMENT_3D('',#2752,#2753,#2754);
#2752 = CARTESIAN_POINT('',(0.65,-1.53,3.7));
#2753 = DIRECTION('',(-0.,-2.22044604925E-16,-1.));
#2754 = DIRECTION('',(-1.,0.,0.));
#2755 = ADVANCED_FACE('',(#2756),#2767,.T.);
#2756 = FACE_BOUND('',#2757,.T.);
#2757 = EDGE_LOOP('',(#2758,#2764,#2765,#2766));
#2758 = ORIENTED_EDGE('',*,*,#2759,.T.);
#2759 = EDGE_CURVE('',#804,#977,#2760,.T.);
#2760 = LINE('',#2761,#2762);
#2761 = CARTESIAN_POINT('',(0.65,-1.53,9.));
#2762 = VECTOR('',#2763,1.);
#2763 = DIRECTION('',(0.,-1.,2.22044604925E-16));
#2764 = ORIENTED_EDGE('',*,*,#976,.T.);
#2765 = ORIENTED_EDGE('',*,*,#2742,.F.);
#2766 = ORIENTED_EDGE('',*,*,#811,.F.);
#2767 = PLANE('',#2768);
#2768 = AXIS2_PLACEMENT_3D('',#2769,#2770,#2771);
#2769 = CARTESIAN_POINT('',(0.65,-1.53,9.));
#2770 = DIRECTION('',(1.,0.,0.));
#2771 = DIRECTION('',(0.,-2.22044604925E-16,-1.));
#2772 = ADVANCED_FACE('',(#2773),#2784,.F.);
#2773 = FACE_BOUND('',#2774,.F.);
#2774 = EDGE_LOOP('',(#2775,#2776,#2777,#2783));
#2775 = ORIENTED_EDGE('',*,*,#2759,.T.);
#2776 = ORIENTED_EDGE('',*,*,#984,.T.);
#2777 = ORIENTED_EDGE('',*,*,#2778,.F.);
#2778 = EDGE_CURVE('',#796,#985,#2779,.T.);
#2779 = LINE('',#2780,#2781);
#2780 = CARTESIAN_POINT('',(6.85,-1.53,9.));
#2781 = VECTOR('',#2782,1.);
#2782 = DIRECTION('',(0.,-1.,2.22044604925E-16));
#2783 = ORIENTED_EDGE('',*,*,#803,.F.);
#2784 = PLANE('',#2785);
#2785 = AXIS2_PLACEMENT_3D('',#2786,#2787,#2788);
#2786 = CARTESIAN_POINT('',(0.65,-1.53,9.));
#2787 = DIRECTION('',(0.,2.22044604925E-16,1.));
#2788 = DIRECTION('',(1.,0.,0.));
#2789 = ADVANCED_FACE('',(#2790),#2801,.F.);
#2790 = FACE_BOUND('',#2791,.F.);
#2791 = EDGE_LOOP('',(#2792,#2793,#2794,#2800));
#2792 = ORIENTED_EDGE('',*,*,#2778,.T.);
#2793 = ORIENTED_EDGE('',*,*,#992,.T.);
#2794 = ORIENTED_EDGE('',*,*,#2795,.F.);
#2795 = EDGE_CURVE('',#788,#993,#2796,.T.);
#2796 = LINE('',#2797,#2798);
#2797 = CARTESIAN_POINT('',(6.85,-1.53,3.7));
#2798 = VECTOR('',#2799,1.);
#2799 = DIRECTION('',(0.,-1.,2.22044604925E-16));
#2800 = ORIENTED_EDGE('',*,*,#795,.F.);
#2801 = PLANE('',#2802);
#2802 = AXIS2_PLACEMENT_3D('',#2803,#2804,#2805);
#2803 = CARTESIAN_POINT('',(6.85,-1.53,9.));
#2804 = DIRECTION('',(1.,0.,0.));
#2805 = DIRECTION('',(0.,-2.22044604925E-16,-1.));
#2806 = ADVANCED_FACE('',(#2807),#2818,.F.);
#2807 = FACE_BOUND('',#2808,.F.);
#2808 = EDGE_LOOP('',(#2809,#2810,#2811,#2817));
#2809 = ORIENTED_EDGE('',*,*,#2795,.T.);
#2810 = ORIENTED_EDGE('',*,*,#1000,.T.);
#2811 = ORIENTED_EDGE('',*,*,#2812,.F.);
#2812 = EDGE_CURVE('',#780,#1001,#2813,.T.);
#2813 = LINE('',#2814,#2815);
#2814 = CARTESIAN_POINT('',(7.45,-1.53,3.7));
#2815 = VECTOR('',#2816,1.);
#2816 = DIRECTION('',(0.,-1.,2.22044604925E-16));
#2817 = ORIENTED_EDGE('',*,*,#787,.F.);
#2818 = PLANE('',#2819);
#2819 = AXIS2_PLACEMENT_3D('',#2820,#2821,#2822);
#2820 = CARTESIAN_POINT('',(6.85,-1.53,3.7));
#2821 = DIRECTION('',(0.,2.22044604925E-16,1.));
#2822 = DIRECTION('',(1.,0.,0.));
#2823 = ADVANCED_FACE('',(#2824),#2835,.F.);
#2824 = FACE_BOUND('',#2825,.F.);
#2825 = EDGE_LOOP('',(#2826,#2827,#2828,#2834));
#2826 = ORIENTED_EDGE('',*,*,#2812,.T.);
#2827 = ORIENTED_EDGE('',*,*,#1008,.T.);
#2828 = ORIENTED_EDGE('',*,*,#2829,.F.);
#2829 = EDGE_CURVE('',#772,#1009,#2830,.T.);
#2830 = LINE('',#2831,#2832);
#2831 = CARTESIAN_POINT('',(8.15,-1.53,4.9));
#2832 = VECTOR('',#2833,1.);
#2833 = DIRECTION('',(0.,-1.,2.22044604925E-16));
#2834 = ORIENTED_EDGE('',*,*,#779,.F.);
#2835 = PLANE('',#2836);
#2836 = AXIS2_PLACEMENT_3D('',#2837,#2838,#2839);
#2837 = CARTESIAN_POINT('',(7.45,-1.53,3.7));
#2838 = DIRECTION('',(-0.863778900898,1.118818427957E-16,0.503871025524)
  );
#2839 = DIRECTION('',(0.503871025524,1.917974447926E-16,0.863778900898)
  );
#2840 = ADVANCED_FACE('',(#2841),#2852,.F.);
#2841 = FACE_BOUND('',#2842,.F.);
#2842 = EDGE_LOOP('',(#2843,#2844,#2845,#2851));
#2843 = ORIENTED_EDGE('',*,*,#2829,.T.);
#2844 = ORIENTED_EDGE('',*,*,#1016,.T.);
#2845 = ORIENTED_EDGE('',*,*,#2846,.F.);
#2846 = EDGE_CURVE('',#764,#1017,#2847,.T.);
#2847 = LINE('',#2848,#2849);
#2848 = CARTESIAN_POINT('',(8.15,-1.53,5.7));
#2849 = VECTOR('',#2850,1.);
#2850 = DIRECTION('',(0.,-1.,2.22044604925E-16));
#2851 = ORIENTED_EDGE('',*,*,#771,.F.);
#2852 = PLANE('',#2853);
#2853 = AXIS2_PLACEMENT_3D('',#2854,#2855,#2856);
#2854 = CARTESIAN_POINT('',(8.15,-1.53,4.9));
#2855 = DIRECTION('',(-1.,0.,0.));
#2856 = DIRECTION('',(0.,2.22044604925E-16,1.));
#2857 = ADVANCED_FACE('',(#2858),#2864,.F.);
#2858 = FACE_BOUND('',#2859,.F.);
#2859 = EDGE_LOOP('',(#2860,#2861,#2862,#2863));
#2860 = ORIENTED_EDGE('',*,*,#2846,.T.);
#2861 = ORIENTED_EDGE('',*,*,#1024,.T.);
#2862 = ORIENTED_EDGE('',*,*,#921,.F.);
#2863 = ORIENTED_EDGE('',*,*,#763,.F.);
#2864 = PLANE('',#2865);
#2865 = AXIS2_PLACEMENT_3D('',#2866,#2867,#2868);
#2866 = CARTESIAN_POINT('',(8.15,-1.53,5.7));
#2867 = DIRECTION('',(-0.,-2.22044604925E-16,-1.));
#2868 = DIRECTION('',(-1.,0.,0.));
#2869 = ADVANCED_FACE('',(#2870),#2890,.F.);
#2870 = FACE_BOUND('',#2871,.F.);
#2871 = EDGE_LOOP('',(#2872,#2878,#2879,#2885,#2886,#2887,#2888,#2889));
#2872 = ORIENTED_EDGE('',*,*,#2873,.F.);
#2873 = EDGE_CURVE('',#2177,#1311,#2874,.T.);
#2874 = LINE('',#2875,#2876);
#2875 = CARTESIAN_POINT('',(0.6,2.57,5.25));
#2876 = VECTOR('',#2877,1.);
#2877 = DIRECTION('',(0.,-1.,0.));
#2878 = ORIENTED_EDGE('',*,*,#2184,.T.);
#2879 = ORIENTED_EDGE('',*,*,#2880,.T.);
#2880 = EDGE_CURVE('',#2185,#1488,#2881,.T.);
#2881 = LINE('',#2882,#2883);
#2882 = CARTESIAN_POINT('',(-0.6,2.57,5.25));
#2883 = VECTOR('',#2884,1.);
#2884 = DIRECTION('',(0.,-1.,0.));
#2885 = ORIENTED_EDGE('',*,*,#1487,.F.);
#2886 = ORIENTED_EDGE('',*,*,#1469,.T.);
#2887 = ORIENTED_EDGE('',*,*,#1413,.F.);
#2888 = ORIENTED_EDGE('',*,*,#1366,.F.);
#2889 = ORIENTED_EDGE('',*,*,#1318,.F.);
#2890 = PLANE('',#2891);
#2891 = AXIS2_PLACEMENT_3D('',#2892,#2893,#2894);
#2892 = CARTESIAN_POINT('',(0.6,2.57,5.25));
#2893 = DIRECTION('',(0.,0.,1.));
#2894 = DIRECTION('',(0.,-1.,0.));
#2895 = ADVANCED_FACE('',(#2896),#2932,.F.);
#2896 = FACE_BOUND('',#2897,.F.);
#2897 = EDGE_LOOP('',(#2898,#2899,#2900,#2901,#2909,#2917,#2925,#2931));
#2898 = ORIENTED_EDGE('',*,*,#2176,.T.);
#2899 = ORIENTED_EDGE('',*,*,#2873,.T.);
#2900 = ORIENTED_EDGE('',*,*,#1310,.T.);
#2901 = ORIENTED_EDGE('',*,*,#2902,.T.);
#2902 = EDGE_CURVE('',#1303,#2903,#2905,.T.);
#2903 = VERTEX_POINT('',#2904);
#2904 = CARTESIAN_POINT('',(0.6,0.5468198,3.45));
#2905 = LINE('',#2906,#2907);
#2906 = CARTESIAN_POINT('',(0.6,1.52,3.45));
#2907 = VECTOR('',#2908,1.);
#2908 = DIRECTION('',(0.,-1.,0.));
#2909 = ORIENTED_EDGE('',*,*,#2910,.T.);
#2910 = EDGE_CURVE('',#2903,#2911,#2913,.T.);
#2911 = VERTEX_POINT('',#2912);
#2912 = CARTESIAN_POINT('',(0.6,1.044,2.6151));
#2913 = LINE('',#2914,#2915);
#2914 = CARTESIAN_POINT('',(0.6,0.5468198,3.45));
#2915 = VECTOR('',#2916,1.);
#2916 = DIRECTION('',(0.,0.511647917429,-0.859195209828));
#2917 = ORIENTED_EDGE('',*,*,#2918,.T.);
#2918 = EDGE_CURVE('',#2911,#2919,#2921,.T.);
#2919 = VERTEX_POINT('',#2920);
#2920 = CARTESIAN_POINT('',(0.6,1.52,2.6151));
#2921 = LINE('',#2922,#2923);
#2922 = CARTESIAN_POINT('',(0.6,1.044,2.6151));
#2923 = VECTOR('',#2924,1.);
#2924 = DIRECTION('',(0.,1.,0.));
#2925 = ORIENTED_EDGE('',*,*,#2926,.T.);
#2926 = EDGE_CURVE('',#2919,#2313,#2927,.T.);
#2927 = LINE('',#2928,#2929);
#2928 = CARTESIAN_POINT('',(0.6,1.52,2.6151));
#2929 = VECTOR('',#2930,1.);
#2930 = DIRECTION('',(0.,0.,-1.));
#2931 = ORIENTED_EDGE('',*,*,#2320,.T.);
#2932 = PLANE('',#2933);
#2933 = AXIS2_PLACEMENT_3D('',#2934,#2935,#2936);
#2934 = CARTESIAN_POINT('',(0.6,1.834452703854,3.573485056924));
#2935 = DIRECTION('',(1.,0.,0.));
#2936 = DIRECTION('',(0.,0.,1.));
#2937 = ADVANCED_FACE('',(#2938,#2960),#2994,.F.);
#2938 = FACE_BOUND('',#2939,.F.);
#2939 = EDGE_LOOP('',(#2940,#2941,#2942,#2943,#2944,#2952,#2958,#2959));
#2940 = ORIENTED_EDGE('',*,*,#1341,.F.);
#2941 = ORIENTED_EDGE('',*,*,#1398,.T.);
#2942 = ORIENTED_EDGE('',*,*,#1437,.T.);
#2943 = ORIENTED_EDGE('',*,*,#1503,.F.);
#2944 = ORIENTED_EDGE('',*,*,#2945,.T.);
#2945 = EDGE_CURVE('',#1496,#2946,#2948,.T.);
#2946 = VERTEX_POINT('',#2947);
#2947 = CARTESIAN_POINT('',(-0.6,0.5468198,3.45));
#2948 = LINE('',#2949,#2950);
#2949 = CARTESIAN_POINT('',(-0.6,1.52,3.45));
#2950 = VECTOR('',#2951,1.);
#2951 = DIRECTION('',(0.,-1.,0.));
#2952 = ORIENTED_EDGE('',*,*,#2953,.F.);
#2953 = EDGE_CURVE('',#2903,#2946,#2954,.T.);
#2954 = LINE('',#2955,#2956);
#2955 = CARTESIAN_POINT('',(0.6,0.5468198,3.45));
#2956 = VECTOR('',#2957,1.);
#2957 = DIRECTION('',(-1.,-0.,-0.));
#2958 = ORIENTED_EDGE('',*,*,#2902,.F.);
#2959 = ORIENTED_EDGE('',*,*,#1302,.F.);
#2960 = FACE_BOUND('',#2961,.F.);
#2961 = EDGE_LOOP('',(#2962,#2972,#2980,#2988));
#2962 = ORIENTED_EDGE('',*,*,#2963,.F.);
#2963 = EDGE_CURVE('',#2964,#2966,#2968,.T.);
#2964 = VERTEX_POINT('',#2965);
#2965 = CARTESIAN_POINT('',(0.4,-0.4,3.45));
#2966 = VERTEX_POINT('',#2967);
#2967 = CARTESIAN_POINT('',(-0.4,-0.4,3.45));
#2968 = LINE('',#2969,#2970);
#2969 = CARTESIAN_POINT('',(0.4,-0.4,3.45));
#2970 = VECTOR('',#2971,1.);
#2971 = DIRECTION('',(-1.,-0.,-0.));
#2972 = ORIENTED_EDGE('',*,*,#2973,.F.);
#2973 = EDGE_CURVE('',#2974,#2964,#2976,.T.);
#2974 = VERTEX_POINT('',#2975);
#2975 = CARTESIAN_POINT('',(0.4,0.4,3.45));
#2976 = LINE('',#2977,#2978);
#2977 = CARTESIAN_POINT('',(0.4,0.4,3.45));
#2978 = VECTOR('',#2979,1.);
#2979 = DIRECTION('',(0.,-1.,0.));
#2980 = ORIENTED_EDGE('',*,*,#2981,.T.);
#2981 = EDGE_CURVE('',#2974,#2982,#2984,.T.);
#2982 = VERTEX_POINT('',#2983);
#2983 = CARTESIAN_POINT('',(-0.4,0.4,3.45));
#2984 = LINE('',#2985,#2986);
#2985 = CARTESIAN_POINT('',(0.4,0.4,3.45));
#2986 = VECTOR('',#2987,1.);
#2987 = DIRECTION('',(-1.,-0.,-0.));
#2988 = ORIENTED_EDGE('',*,*,#2989,.T.);
#2989 = EDGE_CURVE('',#2982,#2966,#2990,.T.);
#2990 = LINE('',#2991,#2992);
#2991 = CARTESIAN_POINT('',(-0.4,0.4,3.45));
#2992 = VECTOR('',#2993,1.);
#2993 = DIRECTION('',(0.,-1.,0.));
#2994 = PLANE('',#2995);
#2995 = AXIS2_PLACEMENT_3D('',#2996,#2997,#2998);
#2996 = CARTESIAN_POINT('',(1.05,-0.98,3.45));
#2997 = DIRECTION('',(0.,0.,-1.));
#2998 = DIRECTION('',(0.,1.,0.));
#2999 = ADVANCED_FACE('',(#3000),#3029,.T.);
#3000 = FACE_BOUND('',#3001,.T.);
#3001 = EDGE_LOOP('',(#3002,#3003,#3004,#3005,#3006,#3014,#3022,#3028));
#3002 = ORIENTED_EDGE('',*,*,#2192,.T.);
#3003 = ORIENTED_EDGE('',*,*,#2880,.T.);
#3004 = ORIENTED_EDGE('',*,*,#1495,.T.);
#3005 = ORIENTED_EDGE('',*,*,#2945,.T.);
#3006 = ORIENTED_EDGE('',*,*,#3007,.T.);
#3007 = EDGE_CURVE('',#2946,#3008,#3010,.T.);
#3008 = VERTEX_POINT('',#3009);
#3009 = CARTESIAN_POINT('',(-0.6,1.044,2.6151));
#3010 = LINE('',#3011,#3012);
#3011 = CARTESIAN_POINT('',(-0.6,0.5468198,3.45));
#3012 = VECTOR('',#3013,1.);
#3013 = DIRECTION('',(0.,0.511647917429,-0.859195209828));
#3014 = ORIENTED_EDGE('',*,*,#3015,.T.);
#3015 = EDGE_CURVE('',#3008,#3016,#3018,.T.);
#3016 = VERTEX_POINT('',#3017);
#3017 = CARTESIAN_POINT('',(-0.6,1.52,2.6151));
#3018 = LINE('',#3019,#3020);
#3019 = CARTESIAN_POINT('',(-0.6,1.044,2.6151));
#3020 = VECTOR('',#3021,1.);
#3021 = DIRECTION('',(0.,1.,0.));
#3022 = ORIENTED_EDGE('',*,*,#3023,.T.);
#3023 = EDGE_CURVE('',#3016,#2305,#3024,.T.);
#3024 = LINE('',#3025,#3026);
#3025 = CARTESIAN_POINT('',(-0.6,1.52,2.6151));
#3026 = VECTOR('',#3027,1.);
#3027 = DIRECTION('',(0.,0.,-1.));
#3028 = ORIENTED_EDGE('',*,*,#2304,.T.);
#3029 = PLANE('',#3030);
#3030 = AXIS2_PLACEMENT_3D('',#3031,#3032,#3033);
#3031 = CARTESIAN_POINT('',(-0.6,1.834452703854,3.573485056924));
#3032 = DIRECTION('',(1.,0.,0.));
#3033 = DIRECTION('',(0.,0.,1.));
#3034 = ADVANCED_FACE('',(#3035),#3055,.F.);
#3035 = FACE_BOUND('',#3036,.F.);
#3036 = EDGE_LOOP('',(#3037,#3043,#3044,#3050,#3051,#3052,#3053,#3054));
#3037 = ORIENTED_EDGE('',*,*,#3038,.F.);
#3038 = EDGE_CURVE('',#2145,#1535,#3039,.T.);
#3039 = LINE('',#3040,#3041);
#3040 = CARTESIAN_POINT('',(3.1,2.57,5.25));
#3041 = VECTOR('',#3042,1.);
#3042 = DIRECTION('',(0.,-1.,0.));
#3043 = ORIENTED_EDGE('',*,*,#2152,.T.);
#3044 = ORIENTED_EDGE('',*,*,#3045,.T.);
#3045 = EDGE_CURVE('',#2153,#1712,#3046,.T.);
#3046 = LINE('',#3047,#3048);
#3047 = CARTESIAN_POINT('',(1.9,2.57,5.25));
#3048 = VECTOR('',#3049,1.);
#3049 = DIRECTION('',(0.,-1.,0.));
#3050 = ORIENTED_EDGE('',*,*,#1711,.F.);
#3051 = ORIENTED_EDGE('',*,*,#1693,.T.);
#3052 = ORIENTED_EDGE('',*,*,#1637,.F.);
#3053 = ORIENTED_EDGE('',*,*,#1590,.F.);
#3054 = ORIENTED_EDGE('',*,*,#1542,.F.);
#3055 = PLANE('',#3056);
#3056 = AXIS2_PLACEMENT_3D('',#3057,#3058,#3059);
#3057 = CARTESIAN_POINT('',(3.1,2.57,5.25));
#3058 = DIRECTION('',(0.,0.,1.));
#3059 = DIRECTION('',(0.,-1.,0.));
#3060 = ADVANCED_FACE('',(#3061),#3097,.F.);
#3061 = FACE_BOUND('',#3062,.F.);
#3062 = EDGE_LOOP('',(#3063,#3064,#3065,#3066,#3074,#3082,#3090,#3096));
#3063 = ORIENTED_EDGE('',*,*,#2144,.T.);
#3064 = ORIENTED_EDGE('',*,*,#3038,.T.);
#3065 = ORIENTED_EDGE('',*,*,#1534,.T.);
#3066 = ORIENTED_EDGE('',*,*,#3067,.T.);
#3067 = EDGE_CURVE('',#1527,#3068,#3070,.T.);
#3068 = VERTEX_POINT('',#3069);
#3069 = CARTESIAN_POINT('',(3.1,0.5468198,3.45));
#3070 = LINE('',#3071,#3072);
#3071 = CARTESIAN_POINT('',(3.1,1.52,3.45));
#3072 = VECTOR('',#3073,1.);
#3073 = DIRECTION('',(0.,-1.,0.));
#3074 = ORIENTED_EDGE('',*,*,#3075,.T.);
#3075 = EDGE_CURVE('',#3068,#3076,#3078,.T.);
#3076 = VERTEX_POINT('',#3077);
#3077 = CARTESIAN_POINT('',(3.1,1.044,2.6151));
#3078 = LINE('',#3079,#3080);
#3079 = CARTESIAN_POINT('',(3.1,0.5468198,3.45));
#3080 = VECTOR('',#3081,1.);
#3081 = DIRECTION('',(0.,0.511647917429,-0.859195209828));
#3082 = ORIENTED_EDGE('',*,*,#3083,.T.);
#3083 = EDGE_CURVE('',#3076,#3084,#3086,.T.);
#3084 = VERTEX_POINT('',#3085);
#3085 = CARTESIAN_POINT('',(3.1,1.52,2.6151));
#3086 = LINE('',#3087,#3088);
#3087 = CARTESIAN_POINT('',(3.1,1.044,2.6151));
#3088 = VECTOR('',#3089,1.);
#3089 = DIRECTION('',(0.,1.,0.));
#3090 = ORIENTED_EDGE('',*,*,#3091,.T.);
#3091 = EDGE_CURVE('',#3084,#2336,#3092,.T.);
#3092 = LINE('',#3093,#3094);
#3093 = CARTESIAN_POINT('',(3.1,1.52,2.6151));
#3094 = VECTOR('',#3095,1.);
#3095 = DIRECTION('',(0.,0.,-1.));
#3096 = ORIENTED_EDGE('',*,*,#2343,.T.);
#3097 = PLANE('',#3098);
#3098 = AXIS2_PLACEMENT_3D('',#3099,#3100,#3101);
#3099 = CARTESIAN_POINT('',(3.1,1.834452703854,3.573485056924));
#3100 = DIRECTION('',(1.,0.,0.));
#3101 = DIRECTION('',(0.,0.,1.));
#3102 = ADVANCED_FACE('',(#3103,#3125),#3159,.F.);
#3103 = FACE_BOUND('',#3104,.F.);
#3104 = EDGE_LOOP('',(#3105,#3106,#3107,#3108,#3109,#3117,#3123,#3124));
#3105 = ORIENTED_EDGE('',*,*,#1565,.F.);
#3106 = ORIENTED_EDGE('',*,*,#1622,.T.);
#3107 = ORIENTED_EDGE('',*,*,#1661,.T.);
#3108 = ORIENTED_EDGE('',*,*,#1727,.F.);
#3109 = ORIENTED_EDGE('',*,*,#3110,.T.);
#3110 = EDGE_CURVE('',#1720,#3111,#3113,.T.);
#3111 = VERTEX_POINT('',#3112);
#3112 = CARTESIAN_POINT('',(1.9,0.5468198,3.45));
#3113 = LINE('',#3114,#3115);
#3114 = CARTESIAN_POINT('',(1.9,1.52,3.45));
#3115 = VECTOR('',#3116,1.);
#3116 = DIRECTION('',(0.,-1.,0.));
#3117 = ORIENTED_EDGE('',*,*,#3118,.F.);
#3118 = EDGE_CURVE('',#3068,#3111,#3119,.T.);
#3119 = LINE('',#3120,#3121);
#3120 = CARTESIAN_POINT('',(3.1,0.5468198,3.45));
#3121 = VECTOR('',#3122,1.);
#3122 = DIRECTION('',(-1.,-0.,-0.));
#3123 = ORIENTED_EDGE('',*,*,#3067,.F.);
#3124 = ORIENTED_EDGE('',*,*,#1526,.F.);
#3125 = FACE_BOUND('',#3126,.F.);
#3126 = EDGE_LOOP('',(#3127,#3137,#3145,#3153));
#3127 = ORIENTED_EDGE('',*,*,#3128,.F.);
#3128 = EDGE_CURVE('',#3129,#3131,#3133,.T.);
#3129 = VERTEX_POINT('',#3130);
#3130 = CARTESIAN_POINT('',(2.9,-0.4,3.45));
#3131 = VERTEX_POINT('',#3132);
#3132 = CARTESIAN_POINT('',(2.1,-0.4,3.45));
#3133 = LINE('',#3134,#3135);
#3134 = CARTESIAN_POINT('',(2.9,-0.4,3.45));
#3135 = VECTOR('',#3136,1.);
#3136 = DIRECTION('',(-1.,-0.,-0.));
#3137 = ORIENTED_EDGE('',*,*,#3138,.F.);
#3138 = EDGE_CURVE('',#3139,#3129,#3141,.T.);
#3139 = VERTEX_POINT('',#3140);
#3140 = CARTESIAN_POINT('',(2.9,0.4,3.45));
#3141 = LINE('',#3142,#3143);
#3142 = CARTESIAN_POINT('',(2.9,0.4,3.45));
#3143 = VECTOR('',#3144,1.);
#3144 = DIRECTION('',(0.,-1.,0.));
#3145 = ORIENTED_EDGE('',*,*,#3146,.T.);
#3146 = EDGE_CURVE('',#3139,#3147,#3149,.T.);
#3147 = VERTEX_POINT('',#3148);
#3148 = CARTESIAN_POINT('',(2.1,0.4,3.45));
#3149 = LINE('',#3150,#3151);
#3150 = CARTESIAN_POINT('',(2.9,0.4,3.45));
#3151 = VECTOR('',#3152,1.);
#3152 = DIRECTION('',(-1.,-0.,-0.));
#3153 = ORIENTED_EDGE('',*,*,#3154,.T.);
#3154 = EDGE_CURVE('',#3147,#3131,#3155,.T.);
#3155 = LINE('',#3156,#3157);
#3156 = CARTESIAN_POINT('',(2.1,0.4,3.45));
#3157 = VECTOR('',#3158,1.);
#3158 = DIRECTION('',(0.,-1.,0.));
#3159 = PLANE('',#3160);
#3160 = AXIS2_PLACEMENT_3D('',#3161,#3162,#3163);
#3161 = CARTESIAN_POINT('',(3.55,-0.98,3.45));
#3162 = DIRECTION('',(0.,0.,-1.));
#3163 = DIRECTION('',(0.,1.,0.));
#3164 = ADVANCED_FACE('',(#3165),#3194,.T.);
#3165 = FACE_BOUND('',#3166,.T.);
#3166 = EDGE_LOOP('',(#3167,#3168,#3169,#3170,#3171,#3179,#3187,#3193));
#3167 = ORIENTED_EDGE('',*,*,#2160,.T.);
#3168 = ORIENTED_EDGE('',*,*,#3045,.T.);
#3169 = ORIENTED_EDGE('',*,*,#1719,.T.);
#3170 = ORIENTED_EDGE('',*,*,#3110,.T.);
#3171 = ORIENTED_EDGE('',*,*,#3172,.T.);
#3172 = EDGE_CURVE('',#3111,#3173,#3175,.T.);
#3173 = VERTEX_POINT('',#3174);
#3174 = CARTESIAN_POINT('',(1.9,1.044,2.6151));
#3175 = LINE('',#3176,#3177);
#3176 = CARTESIAN_POINT('',(1.9,0.5468198,3.45));
#3177 = VECTOR('',#3178,1.);
#3178 = DIRECTION('',(0.,0.511647917429,-0.859195209828));
#3179 = ORIENTED_EDGE('',*,*,#3180,.T.);
#3180 = EDGE_CURVE('',#3173,#3181,#3183,.T.);
#3181 = VERTEX_POINT('',#3182);
#3182 = CARTESIAN_POINT('',(1.9,1.52,2.6151));
#3183 = LINE('',#3184,#3185);
#3184 = CARTESIAN_POINT('',(1.9,1.044,2.6151));
#3185 = VECTOR('',#3186,1.);
#3186 = DIRECTION('',(0.,1.,0.));
#3187 = ORIENTED_EDGE('',*,*,#3188,.T.);
#3188 = EDGE_CURVE('',#3181,#2328,#3189,.T.);
#3189 = LINE('',#3190,#3191);
#3190 = CARTESIAN_POINT('',(1.9,1.52,2.6151));
#3191 = VECTOR('',#3192,1.);
#3192 = DIRECTION('',(0.,0.,-1.));
#3193 = ORIENTED_EDGE('',*,*,#2327,.T.);
#3194 = PLANE('',#3195);
#3195 = AXIS2_PLACEMENT_3D('',#3196,#3197,#3198);
#3196 = CARTESIAN_POINT('',(1.9,1.834452703854,3.573485056924));
#3197 = DIRECTION('',(1.,0.,0.));
#3198 = DIRECTION('',(0.,0.,1.));
#3199 = ADVANCED_FACE('',(#3200),#3220,.F.);
#3200 = FACE_BOUND('',#3201,.F.);
#3201 = EDGE_LOOP('',(#3202,#3208,#3209,#3215,#3216,#3217,#3218,#3219));
#3202 = ORIENTED_EDGE('',*,*,#3203,.F.);
#3203 = EDGE_CURVE('',#2113,#1759,#3204,.T.);
#3204 = LINE('',#3205,#3206);
#3205 = CARTESIAN_POINT('',(5.6,2.57,5.25));
#3206 = VECTOR('',#3207,1.);
#3207 = DIRECTION('',(0.,-1.,0.));
#3208 = ORIENTED_EDGE('',*,*,#2120,.T.);
#3209 = ORIENTED_EDGE('',*,*,#3210,.T.);
#3210 = EDGE_CURVE('',#2121,#1936,#3211,.T.);
#3211 = LINE('',#3212,#3213);
#3212 = CARTESIAN_POINT('',(4.4,2.57,5.25));
#3213 = VECTOR('',#3214,1.);
#3214 = DIRECTION('',(0.,-1.,0.));
#3215 = ORIENTED_EDGE('',*,*,#1935,.F.);
#3216 = ORIENTED_EDGE('',*,*,#1917,.T.);
#3217 = ORIENTED_EDGE('',*,*,#1861,.F.);
#3218 = ORIENTED_EDGE('',*,*,#1814,.F.);
#3219 = ORIENTED_EDGE('',*,*,#1766,.F.);
#3220 = PLANE('',#3221);
#3221 = AXIS2_PLACEMENT_3D('',#3222,#3223,#3224);
#3222 = CARTESIAN_POINT('',(5.6,2.57,5.25));
#3223 = DIRECTION('',(0.,0.,1.));
#3224 = DIRECTION('',(0.,-1.,0.));
#3225 = ADVANCED_FACE('',(#3226),#3262,.F.);
#3226 = FACE_BOUND('',#3227,.F.);
#3227 = EDGE_LOOP('',(#3228,#3229,#3230,#3231,#3239,#3247,#3255,#3261));
#3228 = ORIENTED_EDGE('',*,*,#2112,.T.);
#3229 = ORIENTED_EDGE('',*,*,#3203,.T.);
#3230 = ORIENTED_EDGE('',*,*,#1758,.T.);
#3231 = ORIENTED_EDGE('',*,*,#3232,.T.);
#3232 = EDGE_CURVE('',#1751,#3233,#3235,.T.);
#3233 = VERTEX_POINT('',#3234);
#3234 = CARTESIAN_POINT('',(5.6,0.5468198,3.45));
#3235 = LINE('',#3236,#3237);
#3236 = CARTESIAN_POINT('',(5.6,1.52,3.45));
#3237 = VECTOR('',#3238,1.);
#3238 = DIRECTION('',(0.,-1.,0.));
#3239 = ORIENTED_EDGE('',*,*,#3240,.T.);
#3240 = EDGE_CURVE('',#3233,#3241,#3243,.T.);
#3241 = VERTEX_POINT('',#3242);
#3242 = CARTESIAN_POINT('',(5.6,1.044,2.6151));
#3243 = LINE('',#3244,#3245);
#3244 = CARTESIAN_POINT('',(5.6,0.5468198,3.45));
#3245 = VECTOR('',#3246,1.);
#3246 = DIRECTION('',(0.,0.511647917429,-0.859195209828));
#3247 = ORIENTED_EDGE('',*,*,#3248,.T.);
#3248 = EDGE_CURVE('',#3241,#3249,#3251,.T.);
#3249 = VERTEX_POINT('',#3250);
#3250 = CARTESIAN_POINT('',(5.6,1.52,2.6151));
#3251 = LINE('',#3252,#3253);
#3252 = CARTESIAN_POINT('',(5.6,1.044,2.6151));
#3253 = VECTOR('',#3254,1.);
#3254 = DIRECTION('',(0.,1.,0.));
#3255 = ORIENTED_EDGE('',*,*,#3256,.T.);
#3256 = EDGE_CURVE('',#3249,#2359,#3257,.T.);
#3257 = LINE('',#3258,#3259);
#3258 = CARTESIAN_POINT('',(5.6,1.52,2.6151));
#3259 = VECTOR('',#3260,1.);
#3260 = DIRECTION('',(0.,0.,-1.));
#3261 = ORIENTED_EDGE('',*,*,#2366,.T.);
#3262 = PLANE('',#3263);
#3263 = AXIS2_PLACEMENT_3D('',#3264,#3265,#3266);
#3264 = CARTESIAN_POINT('',(5.6,1.834452703854,3.573485056924));
#3265 = DIRECTION('',(1.,0.,0.));
#3266 = DIRECTION('',(0.,0.,1.));
#3267 = ADVANCED_FACE('',(#3268,#3290),#3324,.F.);
#3268 = FACE_BOUND('',#3269,.F.);
#3269 = EDGE_LOOP('',(#3270,#3271,#3272,#3273,#3274,#3282,#3288,#3289));
#3270 = ORIENTED_EDGE('',*,*,#1789,.F.);
#3271 = ORIENTED_EDGE('',*,*,#1846,.T.);
#3272 = ORIENTED_EDGE('',*,*,#1885,.T.);
#3273 = ORIENTED_EDGE('',*,*,#1951,.F.);
#3274 = ORIENTED_EDGE('',*,*,#3275,.T.);
#3275 = EDGE_CURVE('',#1944,#3276,#3278,.T.);
#3276 = VERTEX_POINT('',#3277);
#3277 = CARTESIAN_POINT('',(4.4,0.5468198,3.45));
#3278 = LINE('',#3279,#3280);
#3279 = CARTESIAN_POINT('',(4.4,1.52,3.45));
#3280 = VECTOR('',#3281,1.);
#3281 = DIRECTION('',(0.,-1.,0.));
#3282 = ORIENTED_EDGE('',*,*,#3283,.F.);
#3283 = EDGE_CURVE('',#3233,#3276,#3284,.T.);
#3284 = LINE('',#3285,#3286);
#3285 = CARTESIAN_POINT('',(5.6,0.5468198,3.45));
#3286 = VECTOR('',#3287,1.);
#3287 = DIRECTION('',(-1.,-0.,-0.));
#3288 = ORIENTED_EDGE('',*,*,#3232,.F.);
#3289 = ORIENTED_EDGE('',*,*,#1750,.F.);
#3290 = FACE_BOUND('',#3291,.F.);
#3291 = EDGE_LOOP('',(#3292,#3302,#3310,#3318));
#3292 = ORIENTED_EDGE('',*,*,#3293,.F.);
#3293 = EDGE_CURVE('',#3294,#3296,#3298,.T.);
#3294 = VERTEX_POINT('',#3295);
#3295 = CARTESIAN_POINT('',(5.4,-0.4,3.45));
#3296 = VERTEX_POINT('',#3297);
#3297 = CARTESIAN_POINT('',(4.6,-0.4,3.45));
#3298 = LINE('',#3299,#3300);
#3299 = CARTESIAN_POINT('',(5.4,-0.4,3.45));
#3300 = VECTOR('',#3301,1.);
#3301 = DIRECTION('',(-1.,-0.,-0.));
#3302 = ORIENTED_EDGE('',*,*,#3303,.F.);
#3303 = EDGE_CURVE('',#3304,#3294,#3306,.T.);
#3304 = VERTEX_POINT('',#3305);
#3305 = CARTESIAN_POINT('',(5.4,0.4,3.45));
#3306 = LINE('',#3307,#3308);
#3307 = CARTESIAN_POINT('',(5.4,0.4,3.45));
#3308 = VECTOR('',#3309,1.);
#3309 = DIRECTION('',(0.,-1.,0.));
#3310 = ORIENTED_EDGE('',*,*,#3311,.T.);
#3311 = EDGE_CURVE('',#3304,#3312,#3314,.T.);
#3312 = VERTEX_POINT('',#3313);
#3313 = CARTESIAN_POINT('',(4.6,0.4,3.45));
#3314 = LINE('',#3315,#3316);
#3315 = CARTESIAN_POINT('',(5.4,0.4,3.45));
#3316 = VECTOR('',#3317,1.);
#3317 = DIRECTION('',(-1.,-0.,-0.));
#3318 = ORIENTED_EDGE('',*,*,#3319,.T.);
#3319 = EDGE_CURVE('',#3312,#3296,#3320,.T.);
#3320 = LINE('',#3321,#3322);
#3321 = CARTESIAN_POINT('',(4.6,0.4,3.45));
#3322 = VECTOR('',#3323,1.);
#3323 = DIRECTION('',(0.,-1.,0.));
#3324 = PLANE('',#3325);
#3325 = AXIS2_PLACEMENT_3D('',#3326,#3327,#3328);
#3326 = CARTESIAN_POINT('',(6.05,-0.98,3.45));
#3327 = DIRECTION('',(0.,0.,-1.));
#3328 = DIRECTION('',(0.,1.,0.));
#3329 = ADVANCED_FACE('',(#3330),#3359,.T.);
#3330 = FACE_BOUND('',#3331,.T.);
#3331 = EDGE_LOOP('',(#3332,#3333,#3334,#3335,#3336,#3344,#3352,#3358));
#3332 = ORIENTED_EDGE('',*,*,#2128,.T.);
#3333 = ORIENTED_EDGE('',*,*,#3210,.T.);
#3334 = ORIENTED_EDGE('',*,*,#1943,.T.);
#3335 = ORIENTED_EDGE('',*,*,#3275,.T.);
#3336 = ORIENTED_EDGE('',*,*,#3337,.T.);
#3337 = EDGE_CURVE('',#3276,#3338,#3340,.T.);
#3338 = VERTEX_POINT('',#3339);
#3339 = CARTESIAN_POINT('',(4.4,1.044,2.6151));
#3340 = LINE('',#3341,#3342);
#3341 = CARTESIAN_POINT('',(4.4,0.5468198,3.45));
#3342 = VECTOR('',#3343,1.);
#3343 = DIRECTION('',(0.,0.511647917429,-0.859195209828));
#3344 = ORIENTED_EDGE('',*,*,#3345,.T.);
#3345 = EDGE_CURVE('',#3338,#3346,#3348,.T.);
#3346 = VERTEX_POINT('',#3347);
#3347 = CARTESIAN_POINT('',(4.4,1.52,2.6151));
#3348 = LINE('',#3349,#3350);
#3349 = CARTESIAN_POINT('',(4.4,1.044,2.6151));
#3350 = VECTOR('',#3351,1.);
#3351 = DIRECTION('',(0.,1.,0.));
#3352 = ORIENTED_EDGE('',*,*,#3353,.T.);
#3353 = EDGE_CURVE('',#3346,#2351,#3354,.T.);
#3354 = LINE('',#3355,#3356);
#3355 = CARTESIAN_POINT('',(4.4,1.52,2.6151));
#3356 = VECTOR('',#3357,1.);
#3357 = DIRECTION('',(0.,0.,-1.));
#3358 = ORIENTED_EDGE('',*,*,#2350,.T.);
#3359 = PLANE('',#3360);
#3360 = AXIS2_PLACEMENT_3D('',#3361,#3362,#3363);
#3361 = CARTESIAN_POINT('',(4.4,1.834452703854,3.573485056924));
#3362 = DIRECTION('',(1.,0.,0.));
#3363 = DIRECTION('',(0.,0.,1.));
#3364 = ADVANCED_FACE('',(#3365),#3376,.F.);
#3365 = FACE_BOUND('',#3366,.F.);
#3366 = EDGE_LOOP('',(#3367,#3373,#3374,#3375));
#3367 = ORIENTED_EDGE('',*,*,#3368,.T.);
#3368 = EDGE_CURVE('',#3249,#3346,#3369,.T.);
#3369 = LINE('',#3370,#3371);
#3370 = CARTESIAN_POINT('',(5.6,1.52,2.6151));
#3371 = VECTOR('',#3372,1.);
#3372 = DIRECTION('',(-1.,-0.,-0.));
#3373 = ORIENTED_EDGE('',*,*,#3353,.T.);
#3374 = ORIENTED_EDGE('',*,*,#2358,.F.);
#3375 = ORIENTED_EDGE('',*,*,#3256,.F.);
#3376 = PLANE('',#3377);
#3377 = AXIS2_PLACEMENT_3D('',#3378,#3379,#3380);
#3378 = CARTESIAN_POINT('',(5.6,1.52,2.6151));
#3379 = DIRECTION('',(0.,-1.,0.));
#3380 = DIRECTION('',(0.,0.,-1.));
#3381 = ADVANCED_FACE('',(#3382),#3393,.F.);
#3382 = FACE_BOUND('',#3383,.F.);
#3383 = EDGE_LOOP('',(#3384,#3390,#3391,#3392));
#3384 = ORIENTED_EDGE('',*,*,#3385,.T.);
#3385 = EDGE_CURVE('',#3084,#3181,#3386,.T.);
#3386 = LINE('',#3387,#3388);
#3387 = CARTESIAN_POINT('',(3.1,1.52,2.6151));
#3388 = VECTOR('',#3389,1.);
#3389 = DIRECTION('',(-1.,-0.,-0.));
#3390 = ORIENTED_EDGE('',*,*,#3188,.T.);
#3391 = ORIENTED_EDGE('',*,*,#2335,.F.);
#3392 = ORIENTED_EDGE('',*,*,#3091,.F.);
#3393 = PLANE('',#3394);
#3394 = AXIS2_PLACEMENT_3D('',#3395,#3396,#3397);
#3395 = CARTESIAN_POINT('',(3.1,1.52,2.6151));
#3396 = DIRECTION('',(0.,-1.,0.));
#3397 = DIRECTION('',(0.,0.,-1.));
#3398 = ADVANCED_FACE('',(#3399),#3410,.F.);
#3399 = FACE_BOUND('',#3400,.F.);
#3400 = EDGE_LOOP('',(#3401,#3407,#3408,#3409));
#3401 = ORIENTED_EDGE('',*,*,#3402,.T.);
#3402 = EDGE_CURVE('',#2919,#3016,#3403,.T.);
#3403 = LINE('',#3404,#3405);
#3404 = CARTESIAN_POINT('',(0.6,1.52,2.6151));
#3405 = VECTOR('',#3406,1.);
#3406 = DIRECTION('',(-1.,-0.,-0.));
#3407 = ORIENTED_EDGE('',*,*,#3023,.T.);
#3408 = ORIENTED_EDGE('',*,*,#2312,.F.);
#3409 = ORIENTED_EDGE('',*,*,#2926,.F.);
#3410 = PLANE('',#3411);
#3411 = AXIS2_PLACEMENT_3D('',#3412,#3413,#3414);
#3412 = CARTESIAN_POINT('',(0.6,1.52,2.6151));
#3413 = DIRECTION('',(0.,-1.,0.));
#3414 = DIRECTION('',(0.,0.,-1.));
#3415 = ADVANCED_FACE('',(#3416),#3422,.T.);
#3416 = FACE_BOUND('',#3417,.T.);
#3417 = EDGE_LOOP('',(#3418,#3419,#3420,#3421));
#3418 = ORIENTED_EDGE('',*,*,#2549,.T.);
#3419 = ORIENTED_EDGE('',*,*,#2675,.T.);
#3420 = ORIENTED_EDGE('',*,*,#2289,.F.);
#3421 = ORIENTED_EDGE('',*,*,#2524,.F.);
#3422 = PLANE('',#3423);
#3423 = AXIS2_PLACEMENT_3D('',#3424,#3425,#3426);
#3424 = CARTESIAN_POINT('',(9.1,0.57,2.7));
#3425 = DIRECTION('',(0.,-0.866025403784,-0.5));
#3426 = DIRECTION('',(0.,0.5,-0.866025403784));
#3427 = ADVANCED_FACE('',(#3428),#3444,.F.);
#3428 = FACE_BOUND('',#3429,.F.);
#3429 = EDGE_LOOP('',(#3430,#3436,#3437,#3443));
#3430 = ORIENTED_EDGE('',*,*,#3431,.F.);
#3431 = EDGE_CURVE('',#2964,#2559,#3432,.T.);
#3432 = LINE('',#3433,#3434);
#3433 = CARTESIAN_POINT('',(0.4,-0.4,3.45));
#3434 = VECTOR('',#3435,1.);
#3435 = DIRECTION('',(0.,0.,-1.));
#3436 = ORIENTED_EDGE('',*,*,#2963,.T.);
#3437 = ORIENTED_EDGE('',*,*,#3438,.T.);
#3438 = EDGE_CURVE('',#2966,#2561,#3439,.T.);
#3439 = LINE('',#3440,#3441);
#3440 = CARTESIAN_POINT('',(-0.4,-0.4,3.45));
#3441 = VECTOR('',#3442,1.);
#3442 = DIRECTION('',(0.,0.,-1.));
#3443 = ORIENTED_EDGE('',*,*,#2558,.F.);
#3444 = PLANE('',#3445);
#3445 = AXIS2_PLACEMENT_3D('',#3446,#3447,#3448);
#3446 = CARTESIAN_POINT('',(0.4,-0.4,3.45));
#3447 = DIRECTION('',(0.,-1.,0.));
#3448 = DIRECTION('',(0.,0.,-1.));
#3449 = ADVANCED_FACE('',(#3450),#3461,.F.);
#3450 = FACE_BOUND('',#3451,.F.);
#3451 = EDGE_LOOP('',(#3452,#3453,#3454,#3455));
#3452 = ORIENTED_EDGE('',*,*,#2973,.T.);
#3453 = ORIENTED_EDGE('',*,*,#3431,.T.);
#3454 = ORIENTED_EDGE('',*,*,#2568,.F.);
#3455 = ORIENTED_EDGE('',*,*,#3456,.T.);
#3456 = EDGE_CURVE('',#2569,#2974,#3457,.T.);
#3457 = LINE('',#3458,#3459);
#3458 = CARTESIAN_POINT('',(0.4,0.4,2.45));
#3459 = VECTOR('',#3460,1.);
#3460 = DIRECTION('',(0.,0.,1.));
#3461 = PLANE('',#3462);
#3462 = AXIS2_PLACEMENT_3D('',#3463,#3464,#3465);
#3463 = CARTESIAN_POINT('',(0.4,0.,2.95));
#3464 = DIRECTION('',(1.,0.,0.));
#3465 = DIRECTION('',(0.,0.,1.));
#3466 = ADVANCED_FACE('',(#3467),#3478,.T.);
#3467 = FACE_BOUND('',#3468,.T.);
#3468 = EDGE_LOOP('',(#3469,#3470,#3471,#3472));
#3469 = ORIENTED_EDGE('',*,*,#2989,.T.);
#3470 = ORIENTED_EDGE('',*,*,#3438,.T.);
#3471 = ORIENTED_EDGE('',*,*,#2584,.F.);
#3472 = ORIENTED_EDGE('',*,*,#3473,.T.);
#3473 = EDGE_CURVE('',#2577,#2982,#3474,.T.);
#3474 = LINE('',#3475,#3476);
#3475 = CARTESIAN_POINT('',(-0.4,0.4,2.45));
#3476 = VECTOR('',#3477,1.);
#3477 = DIRECTION('',(0.,0.,1.));
#3478 = PLANE('',#3479);
#3479 = AXIS2_PLACEMENT_3D('',#3480,#3481,#3482);
#3480 = CARTESIAN_POINT('',(-0.4,0.,2.95));
#3481 = DIRECTION('',(1.,0.,0.));
#3482 = DIRECTION('',(0.,0.,1.));
#3483 = ADVANCED_FACE('',(#3484),#3490,.F.);
#3484 = FACE_BOUND('',#3485,.F.);
#3485 = EDGE_LOOP('',(#3486,#3487,#3488,#3489));
#3486 = ORIENTED_EDGE('',*,*,#3456,.F.);
#3487 = ORIENTED_EDGE('',*,*,#2576,.F.);
#3488 = ORIENTED_EDGE('',*,*,#3473,.T.);
#3489 = ORIENTED_EDGE('',*,*,#2981,.F.);
#3490 = PLANE('',#3491);
#3491 = AXIS2_PLACEMENT_3D('',#3492,#3493,#3494);
#3492 = CARTESIAN_POINT('',(0.4,0.4,2.45));
#3493 = DIRECTION('',(0.,1.,0.));
#3494 = DIRECTION('',(0.,0.,1.));
#3495 = ADVANCED_FACE('',(#3496),#3512,.F.);
#3496 = FACE_BOUND('',#3497,.F.);
#3497 = EDGE_LOOP('',(#3498,#3504,#3505,#3511));
#3498 = ORIENTED_EDGE('',*,*,#3499,.F.);
#3499 = EDGE_CURVE('',#3129,#2593,#3500,.T.);
#3500 = LINE('',#3501,#3502);
#3501 = CARTESIAN_POINT('',(2.9,-0.4,3.45));
#3502 = VECTOR('',#3503,1.);
#3503 = DIRECTION('',(0.,0.,-1.));
#3504 = ORIENTED_EDGE('',*,*,#3128,.T.);
#3505 = ORIENTED_EDGE('',*,*,#3506,.T.);
#3506 = EDGE_CURVE('',#3131,#2595,#3507,.T.);
#3507 = LINE('',#3508,#3509);
#3508 = CARTESIAN_POINT('',(2.1,-0.4,3.45));
#3509 = VECTOR('',#3510,1.);
#3510 = DIRECTION('',(0.,0.,-1.));
#3511 = ORIENTED_EDGE('',*,*,#2592,.F.);
#3512 = PLANE('',#3513);
#3513 = AXIS2_PLACEMENT_3D('',#3514,#3515,#3516);
#3514 = CARTESIAN_POINT('',(2.9,-0.4,3.45));
#3515 = DIRECTION('',(0.,-1.,0.));
#3516 = DIRECTION('',(0.,0.,-1.));
#3517 = ADVANCED_FACE('',(#3518),#3529,.T.);
#3518 = FACE_BOUND('',#3519,.T.);
#3519 = EDGE_LOOP('',(#3520,#3521,#3522,#3523));
#3520 = ORIENTED_EDGE('',*,*,#3154,.T.);
#3521 = ORIENTED_EDGE('',*,*,#3506,.T.);
#3522 = ORIENTED_EDGE('',*,*,#2618,.F.);
#3523 = ORIENTED_EDGE('',*,*,#3524,.T.);
#3524 = EDGE_CURVE('',#2611,#3147,#3525,.T.);
#3525 = LINE('',#3526,#3527);
#3526 = CARTESIAN_POINT('',(2.1,0.4,2.45));
#3527 = VECTOR('',#3528,1.);
#3528 = DIRECTION('',(0.,0.,1.));
#3529 = PLANE('',#3530);
#3530 = AXIS2_PLACEMENT_3D('',#3531,#3532,#3533);
#3531 = CARTESIAN_POINT('',(2.1,0.,2.95));
#3532 = DIRECTION('',(1.,0.,0.));
#3533 = DIRECTION('',(0.,0.,1.));
#3534 = ADVANCED_FACE('',(#3535),#3546,.F.);
#3535 = FACE_BOUND('',#3536,.F.);
#3536 = EDGE_LOOP('',(#3537,#3543,#3544,#3545));
#3537 = ORIENTED_EDGE('',*,*,#3538,.F.);
#3538 = EDGE_CURVE('',#2603,#3139,#3539,.T.);
#3539 = LINE('',#3540,#3541);
#3540 = CARTESIAN_POINT('',(2.9,0.4,2.45));
#3541 = VECTOR('',#3542,1.);
#3542 = DIRECTION('',(0.,0.,1.));
#3543 = ORIENTED_EDGE('',*,*,#2610,.F.);
#3544 = ORIENTED_EDGE('',*,*,#3524,.T.);
#3545 = ORIENTED_EDGE('',*,*,#3146,.F.);
#3546 = PLANE('',#3547);
#3547 = AXIS2_PLACEMENT_3D('',#3548,#3549,#3550);
#3548 = CARTESIAN_POINT('',(2.9,0.4,2.45));
#3549 = DIRECTION('',(0.,1.,0.));
#3550 = DIRECTION('',(0.,0.,1.));
#3551 = ADVANCED_FACE('',(#3552),#3558,.F.);
#3552 = FACE_BOUND('',#3553,.F.);
#3553 = EDGE_LOOP('',(#3554,#3555,#3556,#3557));
#3554 = ORIENTED_EDGE('',*,*,#3138,.T.);
#3555 = ORIENTED_EDGE('',*,*,#3499,.T.);
#3556 = ORIENTED_EDGE('',*,*,#2602,.F.);
#3557 = ORIENTED_EDGE('',*,*,#3538,.T.);
#3558 = PLANE('',#3559);
#3559 = AXIS2_PLACEMENT_3D('',#3560,#3561,#3562);
#3560 = CARTESIAN_POINT('',(2.9,0.,2.95));
#3561 = DIRECTION('',(1.,0.,0.));
#3562 = DIRECTION('',(0.,0.,1.));
#3563 = ADVANCED_FACE('',(#3564),#3580,.F.);
#3564 = FACE_BOUND('',#3565,.F.);
#3565 = EDGE_LOOP('',(#3566,#3572,#3573,#3579));
#3566 = ORIENTED_EDGE('',*,*,#3567,.F.);
#3567 = EDGE_CURVE('',#3294,#2627,#3568,.T.);
#3568 = LINE('',#3569,#3570);
#3569 = CARTESIAN_POINT('',(5.4,-0.4,3.45));
#3570 = VECTOR('',#3571,1.);
#3571 = DIRECTION('',(0.,0.,-1.));
#3572 = ORIENTED_EDGE('',*,*,#3293,.T.);
#3573 = ORIENTED_EDGE('',*,*,#3574,.T.);
#3574 = EDGE_CURVE('',#3296,#2629,#3575,.T.);
#3575 = LINE('',#3576,#3577);
#3576 = CARTESIAN_POINT('',(4.6,-0.4,3.45));
#3577 = VECTOR('',#3578,1.);
#3578 = DIRECTION('',(0.,0.,-1.));
#3579 = ORIENTED_EDGE('',*,*,#2626,.F.);
#3580 = PLANE('',#3581);
#3581 = AXIS2_PLACEMENT_3D('',#3582,#3583,#3584);
#3582 = CARTESIAN_POINT('',(5.4,-0.4,3.45));
#3583 = DIRECTION('',(0.,-1.,0.));
#3584 = DIRECTION('',(0.,0.,-1.));
#3585 = ADVANCED_FACE('',(#3586),#3597,.T.);
#3586 = FACE_BOUND('',#3587,.T.);
#3587 = EDGE_LOOP('',(#3588,#3589,#3590,#3591));
#3588 = ORIENTED_EDGE('',*,*,#3319,.T.);
#3589 = ORIENTED_EDGE('',*,*,#3574,.T.);
#3590 = ORIENTED_EDGE('',*,*,#2652,.F.);
#3591 = ORIENTED_EDGE('',*,*,#3592,.T.);
#3592 = EDGE_CURVE('',#2645,#3312,#3593,.T.);
#3593 = LINE('',#3594,#3595);
#3594 = CARTESIAN_POINT('',(4.6,0.4,2.45));
#3595 = VECTOR('',#3596,1.);
#3596 = DIRECTION('',(0.,0.,1.));
#3597 = PLANE('',#3598);
#3598 = AXIS2_PLACEMENT_3D('',#3599,#3600,#3601);
#3599 = CARTESIAN_POINT('',(4.6,0.,2.95));
#3600 = DIRECTION('',(1.,0.,0.));
#3601 = DIRECTION('',(0.,0.,1.));
#3602 = ADVANCED_FACE('',(#3603),#3614,.F.);
#3603 = FACE_BOUND('',#3604,.F.);
#3604 = EDGE_LOOP('',(#3605,#3611,#3612,#3613));
#3605 = ORIENTED_EDGE('',*,*,#3606,.F.);
#3606 = EDGE_CURVE('',#2637,#3304,#3607,.T.);
#3607 = LINE('',#3608,#3609);
#3608 = CARTESIAN_POINT('',(5.4,0.4,2.45));
#3609 = VECTOR('',#3610,1.);
#3610 = DIRECTION('',(0.,0.,1.));
#3611 = ORIENTED_EDGE('',*,*,#2644,.F.);
#3612 = ORIENTED_EDGE('',*,*,#3592,.T.);
#3613 = ORIENTED_EDGE('',*,*,#3311,.F.);
#3614 = PLANE('',#3615);
#3615 = AXIS2_PLACEMENT_3D('',#3616,#3617,#3618);
#3616 = CARTESIAN_POINT('',(5.4,0.4,2.45));
#3617 = DIRECTION('',(0.,1.,0.));
#3618 = DIRECTION('',(0.,0.,1.));
#3619 = ADVANCED_FACE('',(#3620),#3626,.F.);
#3620 = FACE_BOUND('',#3621,.F.);
#3621 = EDGE_LOOP('',(#3622,#3623,#3624,#3625));
#3622 = ORIENTED_EDGE('',*,*,#3303,.T.);
#3623 = ORIENTED_EDGE('',*,*,#3567,.T.);
#3624 = ORIENTED_EDGE('',*,*,#2636,.F.);
#3625 = ORIENTED_EDGE('',*,*,#3606,.T.);
#3626 = PLANE('',#3627);
#3627 = AXIS2_PLACEMENT_3D('',#3628,#3629,#3630);
#3628 = CARTESIAN_POINT('',(5.4,0.,2.95));
#3629 = DIRECTION('',(1.,0.,0.));
#3630 = DIRECTION('',(0.,0.,1.));
#3631 = ADVANCED_FACE('',(#3632),#3643,.F.);
#3632 = FACE_BOUND('',#3633,.F.);
#3633 = EDGE_LOOP('',(#3634,#3635,#3636,#3642));
#3634 = ORIENTED_EDGE('',*,*,#2953,.T.);
#3635 = ORIENTED_EDGE('',*,*,#3007,.T.);
#3636 = ORIENTED_EDGE('',*,*,#3637,.F.);
#3637 = EDGE_CURVE('',#2911,#3008,#3638,.T.);
#3638 = LINE('',#3639,#3640);
#3639 = CARTESIAN_POINT('',(0.6,1.044,2.6151));
#3640 = VECTOR('',#3641,1.);
#3641 = DIRECTION('',(-1.,-0.,-0.));
#3642 = ORIENTED_EDGE('',*,*,#2910,.F.);
#3643 = PLANE('',#3644);
#3644 = AXIS2_PLACEMENT_3D('',#3645,#3646,#3647);
#3645 = CARTESIAN_POINT('',(0.6,0.5468198,3.45));
#3646 = DIRECTION('',(0.,-0.859195209828,-0.511647917429));
#3647 = DIRECTION('',(0.,0.511647917429,-0.859195209828));
#3648 = ADVANCED_FACE('',(#3649),#3655,.F.);
#3649 = FACE_BOUND('',#3650,.F.);
#3650 = EDGE_LOOP('',(#3651,#3652,#3653,#3654));
#3651 = ORIENTED_EDGE('',*,*,#3637,.T.);
#3652 = ORIENTED_EDGE('',*,*,#3015,.T.);
#3653 = ORIENTED_EDGE('',*,*,#3402,.F.);
#3654 = ORIENTED_EDGE('',*,*,#2918,.F.);
#3655 = PLANE('',#3656);
#3656 = AXIS2_PLACEMENT_3D('',#3657,#3658,#3659);
#3657 = CARTESIAN_POINT('',(0.6,1.044,2.6151));
#3658 = DIRECTION('',(0.,0.,-1.));
#3659 = DIRECTION('',(0.,1.,0.));
#3660 = ADVANCED_FACE('',(#3661),#3672,.F.);
#3661 = FACE_BOUND('',#3662,.F.);
#3662 = EDGE_LOOP('',(#3663,#3664,#3665,#3671));
#3663 = ORIENTED_EDGE('',*,*,#3118,.T.);
#3664 = ORIENTED_EDGE('',*,*,#3172,.T.);
#3665 = ORIENTED_EDGE('',*,*,#3666,.F.);
#3666 = EDGE_CURVE('',#3076,#3173,#3667,.T.);
#3667 = LINE('',#3668,#3669);
#3668 = CARTESIAN_POINT('',(3.1,1.044,2.6151));
#3669 = VECTOR('',#3670,1.);
#3670 = DIRECTION('',(-1.,-0.,-0.));
#3671 = ORIENTED_EDGE('',*,*,#3075,.F.);
#3672 = PLANE('',#3673);
#3673 = AXIS2_PLACEMENT_3D('',#3674,#3675,#3676);
#3674 = CARTESIAN_POINT('',(3.1,0.5468198,3.45));
#3675 = DIRECTION('',(0.,-0.859195209828,-0.511647917429));
#3676 = DIRECTION('',(0.,0.511647917429,-0.859195209828));
#3677 = ADVANCED_FACE('',(#3678),#3684,.F.);
#3678 = FACE_BOUND('',#3679,.F.);
#3679 = EDGE_LOOP('',(#3680,#3681,#3682,#3683));
#3680 = ORIENTED_EDGE('',*,*,#3666,.T.);
#3681 = ORIENTED_EDGE('',*,*,#3180,.T.);
#3682 = ORIENTED_EDGE('',*,*,#3385,.F.);
#3683 = ORIENTED_EDGE('',*,*,#3083,.F.);
#3684 = PLANE('',#3685);
#3685 = AXIS2_PLACEMENT_3D('',#3686,#3687,#3688);
#3686 = CARTESIAN_POINT('',(3.1,1.044,2.6151));
#3687 = DIRECTION('',(0.,0.,-1.));
#3688 = DIRECTION('',(0.,1.,0.));
#3689 = ADVANCED_FACE('',(#3690),#3701,.F.);
#3690 = FACE_BOUND('',#3691,.F.);
#3691 = EDGE_LOOP('',(#3692,#3693,#3694,#3700));
#3692 = ORIENTED_EDGE('',*,*,#3283,.T.);
#3693 = ORIENTED_EDGE('',*,*,#3337,.T.);
#3694 = ORIENTED_EDGE('',*,*,#3695,.F.);
#3695 = EDGE_CURVE('',#3241,#3338,#3696,.T.);
#3696 = LINE('',#3697,#3698);
#3697 = CARTESIAN_POINT('',(5.6,1.044,2.6151));
#3698 = VECTOR('',#3699,1.);
#3699 = DIRECTION('',(-1.,-0.,-0.));
#3700 = ORIENTED_EDGE('',*,*,#3240,.F.);
#3701 = PLANE('',#3702);
#3702 = AXIS2_PLACEMENT_3D('',#3703,#3704,#3705);
#3703 = CARTESIAN_POINT('',(5.6,0.5468198,3.45));
#3704 = DIRECTION('',(0.,-0.859195209828,-0.511647917429));
#3705 = DIRECTION('',(0.,0.511647917429,-0.859195209828));
#3706 = ADVANCED_FACE('',(#3707),#3713,.F.);
#3707 = FACE_BOUND('',#3708,.F.);
#3708 = EDGE_LOOP('',(#3709,#3710,#3711,#3712));
#3709 = ORIENTED_EDGE('',*,*,#3695,.T.);
#3710 = ORIENTED_EDGE('',*,*,#3345,.T.);
#3711 = ORIENTED_EDGE('',*,*,#3368,.F.);
#3712 = ORIENTED_EDGE('',*,*,#3248,.F.);
#3713 = PLANE('',#3714);
#3714 = AXIS2_PLACEMENT_3D('',#3715,#3716,#3717);
#3715 = CARTESIAN_POINT('',(5.6,1.044,2.6151));
#3716 = DIRECTION('',(0.,0.,-1.));
#3717 = DIRECTION('',(0.,1.,0.));
#3718 = ( GEOMETRIC_REPRESENTATION_CONTEXT(3) 
GLOBAL_UNCERTAINTY_ASSIGNED_CONTEXT((#3722)) 
GLOBAL_UNIT_ASSIGNED_CONTEXT((#3719,#3720,#3721)) REPRESENTATION_CONTEXT
('Context #1','3D Context with UNIT and UNCERTAINTY') );
#3719 = ( LENGTH_UNIT() NAMED_UNIT(*) SI_UNIT(.MILLI.,.METRE.) );
#3720 = ( NAMED_UNIT(*) PLANE_ANGLE_UNIT() SI_UNIT($,.RADIAN.) );
#3721 = ( NAMED_UNIT(*) SI_UNIT($,.STERADIAN.) SOLID_ANGLE_UNIT() );
#3722 = UNCERTAINTY_MEASURE_WITH_UNIT(LENGTH_MEASURE(1.E-06),#3719,
  'distance_accuracy_value','confusion accuracy');
#3723 = CONTEXT_DEPENDENT_SHAPE_REPRESENTATION(#3724,#3726);
#3724 = ( REPRESENTATION_RELATIONSHIP('','',#36,#10) 
REPRESENTATION_RELATIONSHIP_WITH_TRANSFORMATION(#3725) 
SHAPE_REPRESENTATION_RELATIONSHIP() );
#3725 = ITEM_DEFINED_TRANSFORMATION('','',#11,#15);
#3726 = PRODUCT_DEFINITION_SHAPE('Placement','Placement of an item',
  #3727);
#3727 = NEXT_ASSEMBLY_USAGE_OCCURRENCE('105','Housing','',#5,#31,$);
#3728 = PRODUCT_RELATED_PRODUCT_CATEGORY('part',$,(#33));
#3729 = SHAPE_DEFINITION_REPRESENTATION(#3730,#3736);
#3730 = PRODUCT_DEFINITION_SHAPE('','',#3731);
#3731 = PRODUCT_DEFINITION('design','',#3732,#3735);
#3732 = PRODUCT_DEFINITION_FORMATION('','',#3733);
#3733 = PRODUCT('female_pin_array','female_pin_array','',(#3734));
#3734 = PRODUCT_CONTEXT('',#2,'mechanical');
#3735 = PRODUCT_DEFINITION_CONTEXT('part definition',#2,'design');
#3736 = SHAPE_REPRESENTATION('',(#11,#3737,#3741,#3745,#3749),#3753);
#3737 = AXIS2_PLACEMENT_3D('',#3738,#3739,#3740);
#3738 = CARTESIAN_POINT('',(0.,0.,0.));
#3739 = DIRECTION('',(0.,0.,1.));
#3740 = DIRECTION('',(-1.,0.,0.));
#3741 = AXIS2_PLACEMENT_3D('',#3742,#3743,#3744);
#3742 = CARTESIAN_POINT('',(2.5,0.,0.));
#3743 = DIRECTION('',(0.,0.,1.));
#3744 = DIRECTION('',(-1.,1.224646799147E-16,0.));
#3745 = AXIS2_PLACEMENT_3D('',#3746,#3747,#3748);
#3746 = CARTESIAN_POINT('',(5.,0.,0.));
#3747 = DIRECTION('',(0.,0.,1.));
#3748 = DIRECTION('',(-1.,1.224646799147E-16,0.));
#3749 = AXIS2_PLACEMENT_3D('',#3750,#3751,#3752);
#3750 = CARTESIAN_POINT('',(7.5,0.,0.));
#3751 = DIRECTION('',(0.,0.,1.));
#3752 = DIRECTION('',(-1.,1.224646799147E-16,0.));
#3753 = ( GEOMETRIC_REPRESENTATION_CONTEXT(3) 
GLOBAL_UNCERTAINTY_ASSIGNED_CONTEXT((#3757)) 
GLOBAL_UNIT_ASSIGNED_CONTEXT((#3754,#3755,#3756)) REPRESENTATION_CONTEXT
('Context #1','3D Context with UNIT and UNCERTAINTY') );
#3754 = ( LENGTH_UNIT() NAMED_UNIT(*) SI_UNIT(.MILLI.,.METRE.) );
#3755 = ( NAMED_UNIT(*) PLANE_ANGLE_UNIT() SI_UNIT($,.RADIAN.) );
#3756 = ( NAMED_UNIT(*) SI_UNIT($,.STERADIAN.) SOLID_ANGLE_UNIT() );
#3757 = UNCERTAINTY_MEASURE_WITH_UNIT(LENGTH_MEASURE(1.E-07),#3754,
  'distance_accuracy_value','confusion accuracy');
#3758 = CONTEXT_DEPENDENT_SHAPE_REPRESENTATION(#3759,#3761);
#3759 = ( REPRESENTATION_RELATIONSHIP('','',#3736,#10) 
REPRESENTATION_RELATIONSHIP_WITH_TRANSFORMATION(#3760) 
SHAPE_REPRESENTATION_RELATIONSHIP() );
#3760 = ITEM_DEFINED_TRANSFORMATION('','',#11,#19);
#3761 = PRODUCT_DEFINITION_SHAPE('Placement','Placement of an item',
  #3762);
#3762 = NEXT_ASSEMBLY_USAGE_OCCURRENCE('110','female_pin_array','',#5,
  #3731,$);
#3763 = PRODUCT_RELATED_PRODUCT_CATEGORY('part',$,(#3733));
#3764 = SHAPE_DEFINITION_REPRESENTATION(#3765,#3771);
#3765 = PRODUCT_DEFINITION_SHAPE('','',#3766);
#3766 = PRODUCT_DEFINITION('design','',#3767,#3770);
#3767 = PRODUCT_DEFINITION_FORMATION('','',#3768);
#3768 = PRODUCT('modele_pin','modele_pin','',(#3769));
#3769 = PRODUCT_CONTEXT('',#2,'mechanical');
#3770 = PRODUCT_DEFINITION_CONTEXT('part definition',#2,'design');
#3771 = ADVANCED_BREP_SHAPE_REPRESENTATION('',(#11,#3772),#5378);
#3772 = MANIFOLD_SOLID_BREP('',#3773);
#3773 = CLOSED_SHELL('',(#3774,#3846,#3909,#3933,#3950,#4006,#4083,#4100
    ,#4141,#4210,#4239,#4257,#4285,#4334,#4446,#4469,#4605,#4622,#4654,
    #4670,#4692,#4724,#4741,#4764,#4780,#4797,#4814,#4831,#4866,#4883,
    #4900,#4917,#4929,#4946,#4963,#4980,#4997,#5009,#5103,#5130,#5216,
    #5230,#5247,#5264,#5281,#5298,#5315,#5332,#5349,#5366));
#3774 = ADVANCED_FACE('',(#3775),#3841,.T.);
#3775 = FACE_BOUND('',#3776,.T.);
#3776 = EDGE_LOOP('',(#3777,#3787,#3795,#3803,#3811,#3819,#3827,#3835));
#3777 = ORIENTED_EDGE('',*,*,#3778,.F.);
#3778 = EDGE_CURVE('',#3779,#3781,#3783,.T.);
#3779 = VERTEX_POINT('',#3780);
#3780 = CARTESIAN_POINT('',(-0.4,1.666761426375,8.95));
#3781 = VERTEX_POINT('',#3782);
#3782 = CARTESIAN_POINT('',(-0.4,1.666761426375,5.45));
#3783 = LINE('',#3784,#3785);
#3784 = CARTESIAN_POINT('',(-0.4,1.666761426375,9.45));
#3785 = VECTOR('',#3786,1.);
#3786 = DIRECTION('',(0.,0.,-1.));
#3787 = ORIENTED_EDGE('',*,*,#3788,.F.);
#3788 = EDGE_CURVE('',#3789,#3779,#3791,.T.);
#3789 = VERTEX_POINT('',#3790);
#3790 = CARTESIAN_POINT('',(0.4,1.666761426375,8.95));
#3791 = LINE('',#3792,#3793);
#3792 = CARTESIAN_POINT('',(0.4,1.666761426375,8.95));
#3793 = VECTOR('',#3794,1.);
#3794 = DIRECTION('',(-1.,0.,0.));
#3795 = ORIENTED_EDGE('',*,*,#3796,.T.);
#3796 = EDGE_CURVE('',#3789,#3797,#3799,.T.);
#3797 = VERTEX_POINT('',#3798);
#3798 = CARTESIAN_POINT('',(0.4,1.666761426375,5.45));
#3799 = LINE('',#3800,#3801);
#3800 = CARTESIAN_POINT('',(0.4,1.666761426375,9.45));
#3801 = VECTOR('',#3802,1.);
#3802 = DIRECTION('',(0.,0.,-1.));
#3803 = ORIENTED_EDGE('',*,*,#3804,.T.);
#3804 = EDGE_CURVE('',#3797,#3805,#3807,.T.);
#3805 = VERTEX_POINT('',#3806);
#3806 = CARTESIAN_POINT('',(0.32,1.666761426375,5.45));
#3807 = LINE('',#3808,#3809);
#3808 = CARTESIAN_POINT('',(0.4,1.666761426375,5.45));
#3809 = VECTOR('',#3810,1.);
#3810 = DIRECTION('',(-1.,0.,0.));
#3811 = ORIENTED_EDGE('',*,*,#3812,.F.);
#3812 = EDGE_CURVE('',#3813,#3805,#3815,.T.);
#3813 = VERTEX_POINT('',#3814);
#3814 = CARTESIAN_POINT('',(0.32,1.666761426375,4.290239673918));
#3815 = LINE('',#3816,#3817);
#3816 = CARTESIAN_POINT('',(0.32,1.666761426375,3.45));
#3817 = VECTOR('',#3818,1.);
#3818 = DIRECTION('',(0.,0.,1.));
#3819 = ORIENTED_EDGE('',*,*,#3820,.T.);
#3820 = EDGE_CURVE('',#3813,#3821,#3823,.T.);
#3821 = VERTEX_POINT('',#3822);
#3822 = CARTESIAN_POINT('',(-0.32,1.666761426375,4.290239673918));
#3823 = LINE('',#3824,#3825);
#3824 = CARTESIAN_POINT('',(0.36,1.666761426375,4.290239673918));
#3825 = VECTOR('',#3826,1.);
#3826 = DIRECTION('',(-1.,0.,0.));
#3827 = ORIENTED_EDGE('',*,*,#3828,.T.);
#3828 = EDGE_CURVE('',#3821,#3829,#3831,.T.);
#3829 = VERTEX_POINT('',#3830);
#3830 = CARTESIAN_POINT('',(-0.32,1.666761426375,5.45));
#3831 = LINE('',#3832,#3833);
#3832 = CARTESIAN_POINT('',(-0.32,1.666761426375,3.45));
#3833 = VECTOR('',#3834,1.);
#3834 = DIRECTION('',(0.,0.,1.));
#3835 = ORIENTED_EDGE('',*,*,#3836,.T.);
#3836 = EDGE_CURVE('',#3829,#3781,#3837,.T.);
#3837 = LINE('',#3838,#3839);
#3838 = CARTESIAN_POINT('',(0.4,1.666761426375,5.45));
#3839 = VECTOR('',#3840,1.);
#3840 = DIRECTION('',(-1.,0.,0.));
#3841 = PLANE('',#3842);
#3842 = AXIS2_PLACEMENT_3D('',#3843,#3844,#3845);
#3843 = CARTESIAN_POINT('',(-2.E-17,1.666761426375,6.885687715701));
#3844 = DIRECTION('',(0.,1.,-0.));
#3845 = DIRECTION('',(0.,-0.,-1.));
#3846 = ADVANCED_FACE('',(#3847),#3904,.T.);
#3847 = FACE_BOUND('',#3848,.T.);
#3848 = EDGE_LOOP('',(#3849,#3859,#3865,#3866,#3874,#3882,#3890,#3898));
#3849 = ORIENTED_EDGE('',*,*,#3850,.F.);
#3850 = EDGE_CURVE('',#3851,#3853,#3855,.T.);
#3851 = VERTEX_POINT('',#3852);
#3852 = CARTESIAN_POINT('',(-0.4,1.166761426375,9.45));
#3853 = VERTEX_POINT('',#3854);
#3854 = CARTESIAN_POINT('',(-0.399999999992,1.059064000007,9.45));
#3855 = LINE('',#3856,#3857);
#3856 = CARTESIAN_POINT('',(-0.4,1.40352285275,9.45));
#3857 = VECTOR('',#3858,1.);
#3858 = DIRECTION('',(0.,-1.,0.));
#3859 = ORIENTED_EDGE('',*,*,#3860,.F.);
#3860 = EDGE_CURVE('',#3779,#3851,#3861,.T.);
#3861 = LINE('',#3862,#3863);
#3862 = CARTESIAN_POINT('',(-0.400000000002,1.840799248077,
    8.775962178298));
#3863 = VECTOR('',#3864,1.);
#3864 = DIRECTION('',(7.27868E-12,-0.707106781187,0.707106781187));
#3865 = ORIENTED_EDGE('',*,*,#3778,.T.);
#3866 = ORIENTED_EDGE('',*,*,#3867,.T.);
#3867 = EDGE_CURVE('',#3781,#3868,#3870,.T.);
#3868 = VERTEX_POINT('',#3869);
#3869 = CARTESIAN_POINT('',(-0.4,1.66185757311,5.45));
#3870 = LINE('',#3871,#3872);
#3871 = CARTESIAN_POINT('',(-0.4,1.666761426375,5.45));
#3872 = VECTOR('',#3873,1.);
#3873 = DIRECTION('',(0.,-1.,0.));
#3874 = ORIENTED_EDGE('',*,*,#3875,.T.);
#3875 = EDGE_CURVE('',#3868,#3876,#3878,.T.);
#3876 = VERTEX_POINT('',#3877);
#3877 = CARTESIAN_POINT('',(-0.4,1.40352285275,5.45));
#3878 = LINE('',#3879,#3880);
#3879 = CARTESIAN_POINT('',(-0.4,1.666761426375,5.45));
#3880 = VECTOR('',#3881,1.);
#3881 = DIRECTION('',(0.,-1.,0.));
#3882 = ORIENTED_EDGE('',*,*,#3883,.T.);
#3883 = EDGE_CURVE('',#3876,#3884,#3886,.T.);
#3884 = VERTEX_POINT('',#3885);
#3885 = CARTESIAN_POINT('',(-0.4,1.40352285275,7.45));
#3886 = LINE('',#3887,#3888);
#3887 = CARTESIAN_POINT('',(-0.4,1.40352285275,5.45));
#3888 = VECTOR('',#3889,1.);
#3889 = DIRECTION('',(0.,0.,1.));
#3890 = ORIENTED_EDGE('',*,*,#3891,.T.);
#3891 = EDGE_CURVE('',#3884,#3892,#3894,.T.);
#3892 = VERTEX_POINT('',#3893);
#3893 = CARTESIAN_POINT('',(-0.399999999992,1.059064000007,7.45));
#3894 = LINE('',#3895,#3896);
#3895 = CARTESIAN_POINT('',(-0.4,1.40352285275,7.45));
#3896 = VECTOR('',#3897,1.);
#3897 = DIRECTION('',(0.,-1.,0.));
#3898 = ORIENTED_EDGE('',*,*,#3899,.F.);
#3899 = EDGE_CURVE('',#3853,#3892,#3900,.T.);
#3900 = LINE('',#3901,#3902);
#3901 = CARTESIAN_POINT('',(-0.399999999992,1.059064000007,9.45));
#3902 = VECTOR('',#3903,1.);
#3903 = DIRECTION('',(0.,0.,-1.));
#3904 = PLANE('',#3905);
#3905 = AXIS2_PLACEMENT_3D('',#3906,#3907,#3908);
#3906 = CARTESIAN_POINT('',(-0.399999999998,1.43766997715,7.524757263958
    ));
#3907 = DIRECTION('',(-1.,-1.007779E-11,2.1583E-13));
#3908 = DIRECTION('',(1.007779E-11,-1.,0.));
#3909 = ADVANCED_FACE('',(#3910),#3928,.T.);
#3910 = FACE_BOUND('',#3911,.T.);
#3911 = EDGE_LOOP('',(#3912,#3920,#3921,#3922));
#3912 = ORIENTED_EDGE('',*,*,#3913,.F.);
#3913 = EDGE_CURVE('',#3789,#3914,#3916,.T.);
#3914 = VERTEX_POINT('',#3915);
#3915 = CARTESIAN_POINT('',(0.4,1.166761426375,9.45));
#3916 = LINE('',#3917,#3918);
#3917 = CARTESIAN_POINT('',(0.4,1.840799248078,8.775962178297));
#3918 = VECTOR('',#3919,1.);
#3919 = DIRECTION('',(4.8E-16,-0.707106781187,0.707106781187));
#3920 = ORIENTED_EDGE('',*,*,#3788,.T.);
#3921 = ORIENTED_EDGE('',*,*,#3860,.T.);
#3922 = ORIENTED_EDGE('',*,*,#3923,.F.);
#3923 = EDGE_CURVE('',#3914,#3851,#3924,.T.);
#3924 = LINE('',#3925,#3926);
#3925 = CARTESIAN_POINT('',(0.4,1.166761426375,9.45));
#3926 = VECTOR('',#3927,1.);
#3927 = DIRECTION('',(-1.,0.,0.));
#3928 = PLANE('',#3929);
#3929 = AXIS2_PLACEMENT_3D('',#3930,#3931,#3932);
#3930 = CARTESIAN_POINT('',(0.4,1.416761426375,9.2));
#3931 = DIRECTION('',(0.,0.707106781187,0.707106781187));
#3932 = DIRECTION('',(-1.,0.,0.));
#3933 = ADVANCED_FACE('',(#3934),#3945,.F.);
#3934 = FACE_BOUND('',#3935,.F.);
#3935 = EDGE_LOOP('',(#3936,#3943,#3944));
#3936 = ORIENTED_EDGE('',*,*,#3937,.F.);
#3937 = EDGE_CURVE('',#3829,#3868,#3938,.T.);
#3938 = CIRCLE('',#3939,0.655);
#3939 = AXIS2_PLACEMENT_3D('',#3940,#3941,#3942);
#3940 = CARTESIAN_POINT('',(-0.32,1.011761426375,5.45));
#3941 = DIRECTION('',(0.,0.,1.));
#3942 = DIRECTION('',(-1.,0.,0.));
#3943 = ORIENTED_EDGE('',*,*,#3836,.T.);
#3944 = ORIENTED_EDGE('',*,*,#3867,.T.);
#3945 = PLANE('',#3946);
#3946 = AXIS2_PLACEMENT_3D('',#3947,#3948,#3949);
#3947 = CARTESIAN_POINT('',(0.4,1.666761426375,5.45));
#3948 = DIRECTION('',(0.,0.,1.));
#3949 = DIRECTION('',(0.,-1.,0.));
#3950 = ADVANCED_FACE('',(#3951),#4001,.T.);
#3951 = FACE_BOUND('',#3952,.T.);
#3952 = EDGE_LOOP('',(#3953,#3954,#3955,#3963,#3971,#3979,#3987,#3995));
#3953 = ORIENTED_EDGE('',*,*,#3796,.F.);
#3954 = ORIENTED_EDGE('',*,*,#3913,.T.);
#3955 = ORIENTED_EDGE('',*,*,#3956,.F.);
#3956 = EDGE_CURVE('',#3957,#3914,#3959,.T.);
#3957 = VERTEX_POINT('',#3958);
#3958 = CARTESIAN_POINT('',(0.4,1.059064,9.45));
#3959 = LINE('',#3960,#3961);
#3960 = CARTESIAN_POINT('',(0.4,1.40352285275,9.45));
#3961 = VECTOR('',#3962,1.);
#3962 = DIRECTION('',(0.,1.,0.));
#3963 = ORIENTED_EDGE('',*,*,#3964,.T.);
#3964 = EDGE_CURVE('',#3957,#3965,#3967,.T.);
#3965 = VERTEX_POINT('',#3966);
#3966 = CARTESIAN_POINT('',(0.4,1.059064,7.45));
#3967 = LINE('',#3968,#3969);
#3968 = CARTESIAN_POINT('',(0.4,1.059064,9.45));
#3969 = VECTOR('',#3970,1.);
#3970 = DIRECTION('',(0.,0.,-1.));
#3971 = ORIENTED_EDGE('',*,*,#3972,.F.);
#3972 = EDGE_CURVE('',#3973,#3965,#3975,.T.);
#3973 = VERTEX_POINT('',#3974);
#3974 = CARTESIAN_POINT('',(0.4,1.40352285275,7.45));
#3975 = LINE('',#3976,#3977);
#3976 = CARTESIAN_POINT('',(0.4,1.40352285275,7.45));
#3977 = VECTOR('',#3978,1.);
#3978 = DIRECTION('',(0.,-1.,0.));
#3979 = ORIENTED_EDGE('',*,*,#3980,.F.);
#3980 = EDGE_CURVE('',#3981,#3973,#3983,.T.);
#3981 = VERTEX_POINT('',#3982);
#3982 = CARTESIAN_POINT('',(0.4,1.40352285275,5.45));
#3983 = LINE('',#3984,#3985);
#3984 = CARTESIAN_POINT('',(0.4,1.40352285275,5.45));
#3985 = VECTOR('',#3986,1.);
#3986 = DIRECTION('',(0.,0.,1.));
#3987 = ORIENTED_EDGE('',*,*,#3988,.F.);
#3988 = EDGE_CURVE('',#3989,#3981,#3991,.T.);
#3989 = VERTEX_POINT('',#3990);
#3990 = CARTESIAN_POINT('',(0.4,1.66185757311,5.45));
#3991 = LINE('',#3992,#3993);
#3992 = CARTESIAN_POINT('',(0.4,1.666761426375,5.45));
#3993 = VECTOR('',#3994,1.);
#3994 = DIRECTION('',(0.,-1.,0.));
#3995 = ORIENTED_EDGE('',*,*,#3996,.F.);
#3996 = EDGE_CURVE('',#3797,#3989,#3997,.T.);
#3997 = LINE('',#3998,#3999);
#3998 = CARTESIAN_POINT('',(0.4,1.666761426375,5.45));
#3999 = VECTOR('',#4000,1.);
#4000 = DIRECTION('',(0.,-1.,0.));
#4001 = PLANE('',#4002);
#4002 = AXIS2_PLACEMENT_3D('',#4003,#4004,#4005);
#4003 = CARTESIAN_POINT('',(0.4,1.437669977147,7.52475726396));
#4004 = DIRECTION('',(1.,6.8E-16,-0.));
#4005 = DIRECTION('',(-6.8E-16,1.,0.));
#4006 = ADVANCED_FACE('',(#4007),#4078,.T.);
#4007 = FACE_BOUND('',#4008,.T.);
#4008 = EDGE_LOOP('',(#4009,#4020,#4028,#4035,#4036,#4037,#4046,#4054,
    #4063,#4071));
#4009 = ORIENTED_EDGE('',*,*,#4010,.T.);
#4010 = EDGE_CURVE('',#4011,#4013,#4015,.T.);
#4011 = VERTEX_POINT('',#4012);
#4012 = CARTESIAN_POINT('',(-0.4,1.66185757311,3.45));
#4013 = VERTEX_POINT('',#4014);
#4014 = CARTESIAN_POINT('',(-0.975,1.011761426375,3.45));
#4015 = CIRCLE('',#4016,0.655);
#4016 = AXIS2_PLACEMENT_3D('',#4017,#4018,#4019);
#4017 = CARTESIAN_POINT('',(-0.32,1.011761426375,3.45));
#4018 = DIRECTION('',(0.,0.,1.));
#4019 = DIRECTION('',(-1.,0.,0.));
#4020 = ORIENTED_EDGE('',*,*,#4021,.T.);
#4021 = EDGE_CURVE('',#4013,#4022,#4024,.T.);
#4022 = VERTEX_POINT('',#4023);
#4023 = CARTESIAN_POINT('',(-0.975,1.011761426375,5.45));
#4024 = LINE('',#4025,#4026);
#4025 = CARTESIAN_POINT('',(-0.975,1.011761426375,3.45));
#4026 = VECTOR('',#4027,1.);
#4027 = DIRECTION('',(0.,0.,1.));
#4028 = ORIENTED_EDGE('',*,*,#4029,.F.);
#4029 = EDGE_CURVE('',#3868,#4022,#4030,.T.);
#4030 = CIRCLE('',#4031,0.655);
#4031 = AXIS2_PLACEMENT_3D('',#4032,#4033,#4034);
#4032 = CARTESIAN_POINT('',(-0.32,1.011761426375,5.45));
#4033 = DIRECTION('',(0.,0.,1.));
#4034 = DIRECTION('',(-1.,0.,0.));
#4035 = ORIENTED_EDGE('',*,*,#3937,.F.);
#4036 = ORIENTED_EDGE('',*,*,#3828,.F.);
#4037 = ORIENTED_EDGE('',*,*,#4038,.T.);
#4038 = EDGE_CURVE('',#3821,#4039,#4041,.T.);
#4039 = VERTEX_POINT('',#4040);
#4040 = CARTESIAN_POINT('',(-0.4,1.66185757311,4.280460298822));
#4041 = ELLIPSE('',#4042,1.461240827122,0.655);
#4042 = AXIS2_PLACEMENT_3D('',#4043,#4044,#4045);
#4043 = CARTESIAN_POINT('',(-0.32,1.011761426375,2.984023859112));
#4044 = DIRECTION('',(0.,-0.8939086498,0.448249178262));
#4045 = DIRECTION('',(0.,-0.448249178262,-0.8939086498));
#4046 = ORIENTED_EDGE('',*,*,#4047,.T.);
#4047 = EDGE_CURVE('',#4039,#4048,#4050,.T.);
#4048 = VERTEX_POINT('',#4049);
#4049 = CARTESIAN_POINT('',(-0.4,1.66185757311,3.73312462235));
#4050 = LINE('',#4051,#4052);
#4051 = CARTESIAN_POINT('',(-0.4,1.66185757311,3.45));
#4052 = VECTOR('',#4053,1.);
#4053 = DIRECTION('',(0.,0.,-1.));
#4054 = ORIENTED_EDGE('',*,*,#4055,.T.);
#4055 = EDGE_CURVE('',#4048,#4056,#4058,.T.);
#4056 = VERTEX_POINT('',#4057);
#4057 = CARTESIAN_POINT('',(-0.32,1.666761426375,3.732514167383));
#4058 = ELLIPSE('',#4059,0.660055578089,0.655);
#4059 = AXIS2_PLACEMENT_3D('',#4060,#4061,#4062);
#4060 = CARTESIAN_POINT('',(-0.32,1.011761426375,3.814051681241));
#4061 = DIRECTION('',(0.,-0.12353128519,-0.992340678184));
#4062 = DIRECTION('',(-0.,0.992340678184,-0.12353128519));
#4063 = ORIENTED_EDGE('',*,*,#4064,.F.);
#4064 = EDGE_CURVE('',#4065,#4056,#4067,.T.);
#4065 = VERTEX_POINT('',#4066);
#4066 = CARTESIAN_POINT('',(-0.32,1.666761426375,3.45));
#4067 = LINE('',#4068,#4069);
#4068 = CARTESIAN_POINT('',(-0.32,1.666761426375,3.45));
#4069 = VECTOR('',#4070,1.);
#4070 = DIRECTION('',(0.,0.,1.));
#4071 = ORIENTED_EDGE('',*,*,#4072,.T.);
#4072 = EDGE_CURVE('',#4065,#4011,#4073,.T.);
#4073 = CIRCLE('',#4074,0.655);
#4074 = AXIS2_PLACEMENT_3D('',#4075,#4076,#4077);
#4075 = CARTESIAN_POINT('',(-0.32,1.011761426375,3.45));
#4076 = DIRECTION('',(0.,0.,1.));
#4077 = DIRECTION('',(-1.,0.,0.));
#4078 = CYLINDRICAL_SURFACE('',#4079,0.655);
#4079 = AXIS2_PLACEMENT_3D('',#4080,#4081,#4082);
#4080 = CARTESIAN_POINT('',(-0.32,1.011761426375,3.45));
#4081 = DIRECTION('',(0.,0.,-1.));
#4082 = DIRECTION('',(-1.,0.,0.));
#4083 = ADVANCED_FACE('',(#4084),#4095,.F.);
#4084 = FACE_BOUND('',#4085,.F.);
#4085 = EDGE_LOOP('',(#4086,#4087,#4088));
#4086 = ORIENTED_EDGE('',*,*,#3996,.F.);
#4087 = ORIENTED_EDGE('',*,*,#3804,.T.);
#4088 = ORIENTED_EDGE('',*,*,#4089,.F.);
#4089 = EDGE_CURVE('',#3989,#3805,#4090,.T.);
#4090 = CIRCLE('',#4091,0.655);
#4091 = AXIS2_PLACEMENT_3D('',#4092,#4093,#4094);
#4092 = CARTESIAN_POINT('',(0.32,1.011761426375,5.45));
#4093 = DIRECTION('',(0.,0.,1.));
#4094 = DIRECTION('',(-1.,0.,0.));
#4095 = PLANE('',#4096);
#4096 = AXIS2_PLACEMENT_3D('',#4097,#4098,#4099);
#4097 = CARTESIAN_POINT('',(0.4,1.666761426375,5.45));
#4098 = DIRECTION('',(0.,0.,1.));
#4099 = DIRECTION('',(0.,-1.,0.));
#4100 = ADVANCED_FACE('',(#4101),#4136,.T.);
#4101 = FACE_BOUND('',#4102,.T.);
#4102 = EDGE_LOOP('',(#4103,#4113,#4121,#4127,#4128,#4129));
#4103 = ORIENTED_EDGE('',*,*,#4104,.F.);
#4104 = EDGE_CURVE('',#4105,#4107,#4109,.T.);
#4105 = VERTEX_POINT('',#4106);
#4106 = CARTESIAN_POINT('',(0.4,2.143284263925,5.240532294565));
#4107 = VERTEX_POINT('',#4108);
#4108 = CARTESIAN_POINT('',(0.4,1.66185757311,4.280460298822));
#4109 = LINE('',#4110,#4111);
#4110 = CARTESIAN_POINT('',(0.4,2.143284263925,5.240532294565));
#4111 = VECTOR('',#4112,1.);
#4112 = DIRECTION('',(0.,-0.448249178262,-0.8939086498));
#4113 = ORIENTED_EDGE('',*,*,#4114,.T.);
#4114 = EDGE_CURVE('',#4105,#4115,#4117,.T.);
#4115 = VERTEX_POINT('',#4116);
#4116 = CARTESIAN_POINT('',(-0.4,2.143284263925,5.240532294565));
#4117 = LINE('',#4118,#4119);
#4118 = CARTESIAN_POINT('',(0.4,2.143284263925,5.240532294565));
#4119 = VECTOR('',#4120,1.);
#4120 = DIRECTION('',(-1.,0.,0.));
#4121 = ORIENTED_EDGE('',*,*,#4122,.T.);
#4122 = EDGE_CURVE('',#4115,#4039,#4123,.T.);
#4123 = LINE('',#4124,#4125);
#4124 = CARTESIAN_POINT('',(-0.4,2.143284263925,5.240532294565));
#4125 = VECTOR('',#4126,1.);
#4126 = DIRECTION('',(0.,-0.448249178262,-0.8939086498));
#4127 = ORIENTED_EDGE('',*,*,#4038,.F.);
#4128 = ORIENTED_EDGE('',*,*,#3820,.F.);
#4129 = ORIENTED_EDGE('',*,*,#4130,.F.);
#4130 = EDGE_CURVE('',#4107,#3813,#4131,.T.);
#4131 = ELLIPSE('',#4132,1.461240827122,0.655);
#4132 = AXIS2_PLACEMENT_3D('',#4133,#4134,#4135);
#4133 = CARTESIAN_POINT('',(0.32,1.011761426375,2.984023859112));
#4134 = DIRECTION('',(0.,-0.8939086498,0.448249178262));
#4135 = DIRECTION('',(0.,-0.448249178262,-0.8939086498));
#4136 = PLANE('',#4137);
#4137 = AXIS2_PLACEMENT_3D('',#4138,#4139,#4140);
#4138 = CARTESIAN_POINT('',(0.4,2.143284263925,5.240532294565));
#4139 = DIRECTION('',(0.,-0.8939086498,0.448249178262));
#4140 = DIRECTION('',(0.,-0.448249178262,-0.8939086498));
#4141 = ADVANCED_FACE('',(#4142),#4205,.T.);
#4142 = FACE_BOUND('',#4143,.T.);
#4143 = EDGE_LOOP('',(#4144,#4155,#4163,#4172,#4178,#4179,#4180,#4181,
    #4190,#4198));
#4144 = ORIENTED_EDGE('',*,*,#4145,.T.);
#4145 = EDGE_CURVE('',#4146,#4148,#4150,.T.);
#4146 = VERTEX_POINT('',#4147);
#4147 = CARTESIAN_POINT('',(0.4,1.66185757311,3.45));
#4148 = VERTEX_POINT('',#4149);
#4149 = CARTESIAN_POINT('',(0.32,1.666761426375,3.45));
#4150 = CIRCLE('',#4151,0.655);
#4151 = AXIS2_PLACEMENT_3D('',#4152,#4153,#4154);
#4152 = CARTESIAN_POINT('',(0.32,1.011761426375,3.45));
#4153 = DIRECTION('',(0.,0.,1.));
#4154 = DIRECTION('',(-1.,0.,0.));
#4155 = ORIENTED_EDGE('',*,*,#4156,.T.);
#4156 = EDGE_CURVE('',#4148,#4157,#4159,.T.);
#4157 = VERTEX_POINT('',#4158);
#4158 = CARTESIAN_POINT('',(0.32,1.666761426375,3.732514167383));
#4159 = LINE('',#4160,#4161);
#4160 = CARTESIAN_POINT('',(0.32,1.666761426375,3.45));
#4161 = VECTOR('',#4162,1.);
#4162 = DIRECTION('',(0.,0.,1.));
#4163 = ORIENTED_EDGE('',*,*,#4164,.T.);
#4164 = EDGE_CURVE('',#4157,#4165,#4167,.T.);
#4165 = VERTEX_POINT('',#4166);
#4166 = CARTESIAN_POINT('',(0.4,1.66185757311,3.73312462235));
#4167 = ELLIPSE('',#4168,0.660055578089,0.655);
#4168 = AXIS2_PLACEMENT_3D('',#4169,#4170,#4171);
#4169 = CARTESIAN_POINT('',(0.32,1.011761426375,3.814051681241));
#4170 = DIRECTION('',(0.,-0.12353128519,-0.992340678184));
#4171 = DIRECTION('',(-0.,0.992340678184,-0.12353128519));
#4172 = ORIENTED_EDGE('',*,*,#4173,.F.);
#4173 = EDGE_CURVE('',#4107,#4165,#4174,.T.);
#4174 = LINE('',#4175,#4176);
#4175 = CARTESIAN_POINT('',(0.4,1.66185757311,3.45));
#4176 = VECTOR('',#4177,1.);
#4177 = DIRECTION('',(0.,0.,-1.));
#4178 = ORIENTED_EDGE('',*,*,#4130,.T.);
#4179 = ORIENTED_EDGE('',*,*,#3812,.T.);
#4180 = ORIENTED_EDGE('',*,*,#4089,.F.);
#4181 = ORIENTED_EDGE('',*,*,#4182,.F.);
#4182 = EDGE_CURVE('',#4183,#3989,#4185,.T.);
#4183 = VERTEX_POINT('',#4184);
#4184 = CARTESIAN_POINT('',(0.975,1.011761426375,5.45));
#4185 = CIRCLE('',#4186,0.655);
#4186 = AXIS2_PLACEMENT_3D('',#4187,#4188,#4189);
#4187 = CARTESIAN_POINT('',(0.32,1.011761426375,5.45));
#4188 = DIRECTION('',(0.,0.,1.));
#4189 = DIRECTION('',(-1.,0.,0.));
#4190 = ORIENTED_EDGE('',*,*,#4191,.F.);
#4191 = EDGE_CURVE('',#4192,#4183,#4194,.T.);
#4192 = VERTEX_POINT('',#4193);
#4193 = CARTESIAN_POINT('',(0.975,1.011761426375,3.45));
#4194 = LINE('',#4195,#4196);
#4195 = CARTESIAN_POINT('',(0.975,1.011761426375,3.45));
#4196 = VECTOR('',#4197,1.);
#4197 = DIRECTION('',(0.,0.,1.));
#4198 = ORIENTED_EDGE('',*,*,#4199,.T.);
#4199 = EDGE_CURVE('',#4192,#4146,#4200,.T.);
#4200 = CIRCLE('',#4201,0.655);
#4201 = AXIS2_PLACEMENT_3D('',#4202,#4203,#4204);
#4202 = CARTESIAN_POINT('',(0.32,1.011761426375,3.45));
#4203 = DIRECTION('',(0.,0.,1.));
#4204 = DIRECTION('',(-1.,0.,0.));
#4205 = CYLINDRICAL_SURFACE('',#4206,0.655);
#4206 = AXIS2_PLACEMENT_3D('',#4207,#4208,#4209);
#4207 = CARTESIAN_POINT('',(0.32,1.011761426375,3.45));
#4208 = DIRECTION('',(0.,0.,-1.));
#4209 = DIRECTION('',(-1.,0.,0.));
#4210 = ADVANCED_FACE('',(#4211,#4223),#4234,.T.);
#4211 = FACE_BOUND('',#4212,.T.);
#4212 = EDGE_LOOP('',(#4213,#4214,#4221,#4222));
#4213 = ORIENTED_EDGE('',*,*,#3850,.T.);
#4214 = ORIENTED_EDGE('',*,*,#4215,.T.);
#4215 = EDGE_CURVE('',#3853,#3957,#4216,.T.);
#4216 = CIRCLE('',#4217,0.974707300937);
#4217 = AXIS2_PLACEMENT_3D('',#4218,#4219,#4220);
#4218 = CARTESIAN_POINT('',(-2.E-17,0.170214,9.45));
#4219 = DIRECTION('',(0.,0.,1.));
#4220 = DIRECTION('',(-1.,0.,0.));
#4221 = ORIENTED_EDGE('',*,*,#3956,.T.);
#4222 = ORIENTED_EDGE('',*,*,#3923,.T.);
#4223 = FACE_BOUND('',#4224,.T.);
#4224 = EDGE_LOOP('',(#4225));
#4225 = ORIENTED_EDGE('',*,*,#4226,.F.);
#4226 = EDGE_CURVE('',#4227,#4227,#4229,.T.);
#4227 = VERTEX_POINT('',#4228);
#4228 = CARTESIAN_POINT('',(-0.698564,0.170214,9.45));
#4229 = CIRCLE('',#4230,0.698564);
#4230 = AXIS2_PLACEMENT_3D('',#4231,#4232,#4233);
#4231 = CARTESIAN_POINT('',(-2.E-17,0.170214,9.45));
#4232 = DIRECTION('',(0.,0.,1.));
#4233 = DIRECTION('',(-1.,0.,0.));
#4234 = PLANE('',#4235);
#4235 = AXIS2_PLACEMENT_3D('',#4236,#4237,#4238);
#4236 = CARTESIAN_POINT('',(-2.1126E-13,0.497442120671,9.45));
#4237 = DIRECTION('',(0.,0.,1.));
#4238 = DIRECTION('',(-1.,0.,0.));
#4239 = ADVANCED_FACE('',(#4240),#4252,.T.);
#4240 = FACE_BOUND('',#4241,.T.);
#4241 = EDGE_LOOP('',(#4242,#4243,#4250,#4251));
#4242 = ORIENTED_EDGE('',*,*,#3899,.T.);
#4243 = ORIENTED_EDGE('',*,*,#4244,.T.);
#4244 = EDGE_CURVE('',#3892,#3965,#4245,.T.);
#4245 = CIRCLE('',#4246,0.974707300937);
#4246 = AXIS2_PLACEMENT_3D('',#4247,#4248,#4249);
#4247 = CARTESIAN_POINT('',(-2.E-17,0.170214,7.45));
#4248 = DIRECTION('',(0.,0.,1.));
#4249 = DIRECTION('',(-1.,0.,0.));
#4250 = ORIENTED_EDGE('',*,*,#3964,.F.);
#4251 = ORIENTED_EDGE('',*,*,#4215,.F.);
#4252 = CYLINDRICAL_SURFACE('',#4253,0.974707300937);
#4253 = AXIS2_PLACEMENT_3D('',#4254,#4255,#4256);
#4254 = CARTESIAN_POINT('',(-2.E-17,0.170214,9.45));
#4255 = DIRECTION('',(0.,0.,1.));
#4256 = DIRECTION('',(-1.,0.,0.));
#4257 = ADVANCED_FACE('',(#4258,#4269),#4280,.F.);
#4258 = FACE_BOUND('',#4259,.F.);
#4259 = EDGE_LOOP('',(#4260,#4261,#4262,#4268));
#4260 = ORIENTED_EDGE('',*,*,#4244,.T.);
#4261 = ORIENTED_EDGE('',*,*,#3972,.F.);
#4262 = ORIENTED_EDGE('',*,*,#4263,.T.);
#4263 = EDGE_CURVE('',#3973,#3884,#4264,.T.);
#4264 = LINE('',#4265,#4266);
#4265 = CARTESIAN_POINT('',(0.4,1.40352285275,7.45));
#4266 = VECTOR('',#4267,1.);
#4267 = DIRECTION('',(-1.,0.,0.));
#4268 = ORIENTED_EDGE('',*,*,#3891,.T.);
#4269 = FACE_BOUND('',#4270,.T.);
#4270 = EDGE_LOOP('',(#4271));
#4271 = ORIENTED_EDGE('',*,*,#4272,.T.);
#4272 = EDGE_CURVE('',#4273,#4273,#4275,.T.);
#4273 = VERTEX_POINT('',#4274);
#4274 = CARTESIAN_POINT('',(-0.698564,0.170214,7.45));
#4275 = CIRCLE('',#4276,0.698564);
#4276 = AXIS2_PLACEMENT_3D('',#4277,#4278,#4279);
#4277 = CARTESIAN_POINT('',(-2.E-17,0.170214,7.45));
#4278 = DIRECTION('',(0.,0.,1.));
#4279 = DIRECTION('',(-1.,0.,0.));
#4280 = PLANE('',#4281);
#4281 = AXIS2_PLACEMENT_3D('',#4282,#4283,#4284);
#4282 = CARTESIAN_POINT('',(-1.438E-13,0.297420100742,7.45));
#4283 = DIRECTION('',(0.,0.,1.));
#4284 = DIRECTION('',(-1.,0.,0.));
#4285 = ADVANCED_FACE('',(#4286),#4329,.T.);
#4286 = FACE_BOUND('',#4287,.T.);
#4287 = EDGE_LOOP('',(#4288,#4296,#4297,#4298,#4299,#4307,#4315,#4323));
#4288 = ORIENTED_EDGE('',*,*,#4289,.F.);
#4289 = EDGE_CURVE('',#3981,#4290,#4292,.T.);
#4290 = VERTEX_POINT('',#4291);
#4291 = CARTESIAN_POINT('',(0.32,1.40352285275,5.45));
#4292 = LINE('',#4293,#4294);
#4293 = CARTESIAN_POINT('',(0.4,1.40352285275,5.45));
#4294 = VECTOR('',#4295,1.);
#4295 = DIRECTION('',(-1.,0.,0.));
#4296 = ORIENTED_EDGE('',*,*,#3980,.T.);
#4297 = ORIENTED_EDGE('',*,*,#4263,.T.);
#4298 = ORIENTED_EDGE('',*,*,#3883,.F.);
#4299 = ORIENTED_EDGE('',*,*,#4300,.F.);
#4300 = EDGE_CURVE('',#4301,#3876,#4303,.T.);
#4301 = VERTEX_POINT('',#4302);
#4302 = CARTESIAN_POINT('',(-0.32,1.40352285275,5.45));
#4303 = LINE('',#4304,#4305);
#4304 = CARTESIAN_POINT('',(0.4,1.40352285275,5.45));
#4305 = VECTOR('',#4306,1.);
#4306 = DIRECTION('',(-1.,0.,0.));
#4307 = ORIENTED_EDGE('',*,*,#4308,.F.);
#4308 = EDGE_CURVE('',#4309,#4301,#4311,.T.);
#4309 = VERTEX_POINT('',#4310);
#4310 = CARTESIAN_POINT('',(-0.32,1.40352285275,3.45));
#4311 = LINE('',#4312,#4313);
#4312 = CARTESIAN_POINT('',(-0.32,1.40352285275,3.45));
#4313 = VECTOR('',#4314,1.);
#4314 = DIRECTION('',(0.,0.,1.));
#4315 = ORIENTED_EDGE('',*,*,#4316,.F.);
#4316 = EDGE_CURVE('',#4317,#4309,#4319,.T.);
#4317 = VERTEX_POINT('',#4318);
#4318 = CARTESIAN_POINT('',(0.32,1.40352285275,3.45));
#4319 = LINE('',#4320,#4321);
#4320 = CARTESIAN_POINT('',(0.32,1.40352285275,3.45));
#4321 = VECTOR('',#4322,1.);
#4322 = DIRECTION('',(-1.,0.,0.));
#4323 = ORIENTED_EDGE('',*,*,#4324,.T.);
#4324 = EDGE_CURVE('',#4317,#4290,#4325,.T.);
#4325 = LINE('',#4326,#4327);
#4326 = CARTESIAN_POINT('',(0.32,1.40352285275,3.45));
#4327 = VECTOR('',#4328,1.);
#4328 = DIRECTION('',(0.,0.,1.));
#4329 = PLANE('',#4330);
#4330 = AXIS2_PLACEMENT_3D('',#4331,#4332,#4333);
#4331 = CARTESIAN_POINT('',(-1.E-17,1.40352285275,6.473529411765));
#4332 = DIRECTION('',(0.,-1.,0.));
#4333 = DIRECTION('',(0.,0.,1.));
#4334 = ADVANCED_FACE('',(#4335),#4441,.T.);
#4335 = FACE_BOUND('',#4336,.T.);
#4336 = EDGE_LOOP('',(#4337,#4348,#4354,#4355,#4356,#4357,#4366,#4374,
    #4383,#4391,#4400,#4408,#4415,#4416,#4417,#4418,#4426,#4435));
#4337 = ORIENTED_EDGE('',*,*,#4338,.T.);
#4338 = EDGE_CURVE('',#4339,#4341,#4343,.T.);
#4339 = VERTEX_POINT('',#4340);
#4340 = CARTESIAN_POINT('',(0.32,-0.733238573625,5.45));
#4341 = VERTEX_POINT('',#4342);
#4342 = CARTESIAN_POINT('',(0.975,-7.823857362477E-02,5.45));
#4343 = CIRCLE('',#4344,0.655);
#4344 = AXIS2_PLACEMENT_3D('',#4345,#4346,#4347);
#4345 = CARTESIAN_POINT('',(0.32,-7.823857362477E-02,5.45));
#4346 = DIRECTION('',(0.,0.,1.));
#4347 = DIRECTION('',(-1.,0.,0.));
#4348 = ORIENTED_EDGE('',*,*,#4349,.T.);
#4349 = EDGE_CURVE('',#4341,#4183,#4350,.T.);
#4350 = LINE('',#4351,#4352);
#4351 = CARTESIAN_POINT('',(0.975,-7.823857362477E-02,5.45));
#4352 = VECTOR('',#4353,1.);
#4353 = DIRECTION('',(0.,1.,0.));
#4354 = ORIENTED_EDGE('',*,*,#4182,.T.);
#4355 = ORIENTED_EDGE('',*,*,#3988,.T.);
#4356 = ORIENTED_EDGE('',*,*,#4289,.T.);
#4357 = ORIENTED_EDGE('',*,*,#4358,.F.);
#4358 = EDGE_CURVE('',#4359,#4290,#4361,.T.);
#4359 = VERTEX_POINT('',#4360);
#4360 = CARTESIAN_POINT('',(0.711761426375,1.011761426375,5.45));
#4361 = CIRCLE('',#4362,0.391761426375);
#4362 = AXIS2_PLACEMENT_3D('',#4363,#4364,#4365);
#4363 = CARTESIAN_POINT('',(0.32,1.011761426375,5.45));
#4364 = DIRECTION('',(0.,0.,1.));
#4365 = DIRECTION('',(-1.,0.,0.));
#4366 = ORIENTED_EDGE('',*,*,#4367,.F.);
#4367 = EDGE_CURVE('',#4368,#4359,#4370,.T.);
#4368 = VERTEX_POINT('',#4369);
#4369 = CARTESIAN_POINT('',(0.711761426375,-7.823857362477E-02,5.45));
#4370 = LINE('',#4371,#4372);
#4371 = CARTESIAN_POINT('',(0.711761426375,-7.823857362477E-02,5.45));
#4372 = VECTOR('',#4373,1.);
#4373 = DIRECTION('',(0.,1.,0.));
#4374 = ORIENTED_EDGE('',*,*,#4375,.F.);
#4375 = EDGE_CURVE('',#4376,#4368,#4378,.T.);
#4376 = VERTEX_POINT('',#4377);
#4377 = CARTESIAN_POINT('',(0.32,-0.47,5.45));
#4378 = CIRCLE('',#4379,0.391761426375);
#4379 = AXIS2_PLACEMENT_3D('',#4380,#4381,#4382);
#4380 = CARTESIAN_POINT('',(0.32,-7.823857362477E-02,5.45));
#4381 = DIRECTION('',(0.,0.,1.));
#4382 = DIRECTION('',(-1.,0.,0.));
#4383 = ORIENTED_EDGE('',*,*,#4384,.F.);
#4384 = EDGE_CURVE('',#4385,#4376,#4387,.T.);
#4385 = VERTEX_POINT('',#4386);
#4386 = CARTESIAN_POINT('',(-0.32,-0.47,5.45));
#4387 = LINE('',#4388,#4389);
#4388 = CARTESIAN_POINT('',(-0.32,-0.47,5.45));
#4389 = VECTOR('',#4390,1.);
#4390 = DIRECTION('',(1.,0.,0.));
#4391 = ORIENTED_EDGE('',*,*,#4392,.F.);
#4392 = EDGE_CURVE('',#4393,#4385,#4395,.T.);
#4393 = VERTEX_POINT('',#4394);
#4394 = CARTESIAN_POINT('',(-0.711761426375,-7.823857362477E-02,5.45));
#4395 = CIRCLE('',#4396,0.391761426375);
#4396 = AXIS2_PLACEMENT_3D('',#4397,#4398,#4399);
#4397 = CARTESIAN_POINT('',(-0.32,-7.823857362477E-02,5.45));
#4398 = DIRECTION('',(0.,0.,1.));
#4399 = DIRECTION('',(-1.,0.,0.));
#4400 = ORIENTED_EDGE('',*,*,#4401,.F.);
#4401 = EDGE_CURVE('',#4402,#4393,#4404,.T.);
#4402 = VERTEX_POINT('',#4403);
#4403 = CARTESIAN_POINT('',(-0.711761426375,1.011761426375,5.45));
#4404 = LINE('',#4405,#4406);
#4405 = CARTESIAN_POINT('',(-0.711761426375,1.011761426375,5.45));
#4406 = VECTOR('',#4407,1.);
#4407 = DIRECTION('',(0.,-1.,0.));
#4408 = ORIENTED_EDGE('',*,*,#4409,.F.);
#4409 = EDGE_CURVE('',#4301,#4402,#4410,.T.);
#4410 = CIRCLE('',#4411,0.391761426375);
#4411 = AXIS2_PLACEMENT_3D('',#4412,#4413,#4414);
#4412 = CARTESIAN_POINT('',(-0.32,1.011761426375,5.45));
#4413 = DIRECTION('',(0.,0.,1.));
#4414 = DIRECTION('',(-1.,0.,0.));
#4415 = ORIENTED_EDGE('',*,*,#4300,.T.);
#4416 = ORIENTED_EDGE('',*,*,#3875,.F.);
#4417 = ORIENTED_EDGE('',*,*,#4029,.T.);
#4418 = ORIENTED_EDGE('',*,*,#4419,.T.);
#4419 = EDGE_CURVE('',#4022,#4420,#4422,.T.);
#4420 = VERTEX_POINT('',#4421);
#4421 = CARTESIAN_POINT('',(-0.975,-7.823857362477E-02,5.45));
#4422 = LINE('',#4423,#4424);
#4423 = CARTESIAN_POINT('',(-0.975,1.011761426375,5.45));
#4424 = VECTOR('',#4425,1.);
#4425 = DIRECTION('',(0.,-1.,0.));
#4426 = ORIENTED_EDGE('',*,*,#4427,.T.);
#4427 = EDGE_CURVE('',#4420,#4428,#4430,.T.);
#4428 = VERTEX_POINT('',#4429);
#4429 = CARTESIAN_POINT('',(-0.32,-0.733238573625,5.45));
#4430 = CIRCLE('',#4431,0.655);
#4431 = AXIS2_PLACEMENT_3D('',#4432,#4433,#4434);
#4432 = CARTESIAN_POINT('',(-0.32,-7.823857362477E-02,5.45));
#4433 = DIRECTION('',(0.,0.,1.));
#4434 = DIRECTION('',(-1.,0.,0.));
#4435 = ORIENTED_EDGE('',*,*,#4436,.T.);
#4436 = EDGE_CURVE('',#4428,#4339,#4437,.T.);
#4437 = LINE('',#4438,#4439);
#4438 = CARTESIAN_POINT('',(-0.32,-0.733238573625,5.45));
#4439 = VECTOR('',#4440,1.);
#4440 = DIRECTION('',(1.,0.,0.));
#4441 = PLANE('',#4442);
#4442 = AXIS2_PLACEMENT_3D('',#4443,#4444,#4445);
#4443 = CARTESIAN_POINT('',(-3.E-17,0.466761426375,5.45));
#4444 = DIRECTION('',(0.,0.,1.));
#4445 = DIRECTION('',(-1.,0.,0.));
#4446 = ADVANCED_FACE('',(#4447),#4464,.T.);
#4447 = FACE_BOUND('',#4448,.T.);
#4448 = EDGE_LOOP('',(#4449,#4450,#4458));
#4449 = ORIENTED_EDGE('',*,*,#4072,.F.);
#4450 = ORIENTED_EDGE('',*,*,#4451,.T.);
#4451 = EDGE_CURVE('',#4065,#4452,#4454,.T.);
#4452 = VERTEX_POINT('',#4453);
#4453 = CARTESIAN_POINT('',(-0.4,1.666761426375,3.45));
#4454 = LINE('',#4455,#4456);
#4455 = CARTESIAN_POINT('',(0.4,1.666761426375,3.45));
#4456 = VECTOR('',#4457,1.);
#4457 = DIRECTION('',(-1.,0.,0.));
#4458 = ORIENTED_EDGE('',*,*,#4459,.T.);
#4459 = EDGE_CURVE('',#4452,#4011,#4460,.T.);
#4460 = LINE('',#4461,#4462);
#4461 = CARTESIAN_POINT('',(-0.4,1.666761426375,3.45));
#4462 = VECTOR('',#4463,1.);
#4463 = DIRECTION('',(0.,-1.,-2.E-16));
#4464 = PLANE('',#4465);
#4465 = AXIS2_PLACEMENT_3D('',#4466,#4467,#4468);
#4466 = CARTESIAN_POINT('',(0.4,1.666761426375,3.45));
#4467 = DIRECTION('',(0.,-2.E-16,1.));
#4468 = DIRECTION('',(0.,-1.,-2.E-16));
#4469 = ADVANCED_FACE('',(#4470),#4600,.F.);
#4470 = FACE_BOUND('',#4471,.F.);
#4471 = EDGE_LOOP('',(#4472,#4483,#4489,#4490,#4498,#4504,#4513,#4521,
    #4530,#4538,#4547,#4555,#4562,#4570,#4576,#4577,#4585,#4594));
#4472 = ORIENTED_EDGE('',*,*,#4473,.T.);
#4473 = EDGE_CURVE('',#4474,#4476,#4478,.T.);
#4474 = VERTEX_POINT('',#4475);
#4475 = CARTESIAN_POINT('',(0.32,-0.733238573625,3.45));
#4476 = VERTEX_POINT('',#4477);
#4477 = CARTESIAN_POINT('',(0.975,-7.823857362477E-02,3.45));
#4478 = CIRCLE('',#4479,0.655);
#4479 = AXIS2_PLACEMENT_3D('',#4480,#4481,#4482);
#4480 = CARTESIAN_POINT('',(0.32,-7.823857362477E-02,3.45));
#4481 = DIRECTION('',(0.,0.,1.));
#4482 = DIRECTION('',(-1.,0.,0.));
#4483 = ORIENTED_EDGE('',*,*,#4484,.T.);
#4484 = EDGE_CURVE('',#4476,#4192,#4485,.T.);
#4485 = LINE('',#4486,#4487);
#4486 = CARTESIAN_POINT('',(0.975,-7.823857362477E-02,3.45));
#4487 = VECTOR('',#4488,1.);
#4488 = DIRECTION('',(0.,1.,0.));
#4489 = ORIENTED_EDGE('',*,*,#4199,.T.);
#4490 = ORIENTED_EDGE('',*,*,#4491,.T.);
#4491 = EDGE_CURVE('',#4146,#4492,#4494,.T.);
#4492 = VERTEX_POINT('',#4493);
#4493 = CARTESIAN_POINT('',(0.4,1.40352285275,3.45));
#4494 = LINE('',#4495,#4496);
#4495 = CARTESIAN_POINT('',(0.4,1.666761426375,3.45));
#4496 = VECTOR('',#4497,1.);
#4497 = DIRECTION('',(0.,-1.,-2.E-16));
#4498 = ORIENTED_EDGE('',*,*,#4499,.T.);
#4499 = EDGE_CURVE('',#4492,#4317,#4500,.T.);
#4500 = LINE('',#4501,#4502);
#4501 = CARTESIAN_POINT('',(0.4,1.40352285275,3.45));
#4502 = VECTOR('',#4503,1.);
#4503 = DIRECTION('',(-1.,0.,0.));
#4504 = ORIENTED_EDGE('',*,*,#4505,.F.);
#4505 = EDGE_CURVE('',#4506,#4317,#4508,.T.);
#4506 = VERTEX_POINT('',#4507);
#4507 = CARTESIAN_POINT('',(0.711761426375,1.011761426375,3.45));
#4508 = CIRCLE('',#4509,0.391761426375);
#4509 = AXIS2_PLACEMENT_3D('',#4510,#4511,#4512);
#4510 = CARTESIAN_POINT('',(0.32,1.011761426375,3.45));
#4511 = DIRECTION('',(0.,0.,1.));
#4512 = DIRECTION('',(-1.,0.,0.));
#4513 = ORIENTED_EDGE('',*,*,#4514,.F.);
#4514 = EDGE_CURVE('',#4515,#4506,#4517,.T.);
#4515 = VERTEX_POINT('',#4516);
#4516 = CARTESIAN_POINT('',(0.711761426375,-7.823857362477E-02,3.45));
#4517 = LINE('',#4518,#4519);
#4518 = CARTESIAN_POINT('',(0.711761426375,-7.823857362477E-02,3.45));
#4519 = VECTOR('',#4520,1.);
#4520 = DIRECTION('',(0.,1.,0.));
#4521 = ORIENTED_EDGE('',*,*,#4522,.F.);
#4522 = EDGE_CURVE('',#4523,#4515,#4525,.T.);
#4523 = VERTEX_POINT('',#4524);
#4524 = CARTESIAN_POINT('',(0.32,-0.47,3.45));
#4525 = CIRCLE('',#4526,0.391761426375);
#4526 = AXIS2_PLACEMENT_3D('',#4527,#4528,#4529);
#4527 = CARTESIAN_POINT('',(0.32,-7.823857362477E-02,3.45));
#4528 = DIRECTION('',(0.,0.,1.));
#4529 = DIRECTION('',(-1.,0.,0.));
#4530 = ORIENTED_EDGE('',*,*,#4531,.F.);
#4531 = EDGE_CURVE('',#4532,#4523,#4534,.T.);
#4532 = VERTEX_POINT('',#4533);
#4533 = CARTESIAN_POINT('',(-0.32,-0.47,3.45));
#4534 = LINE('',#4535,#4536);
#4535 = CARTESIAN_POINT('',(-0.32,-0.47,3.45));
#4536 = VECTOR('',#4537,1.);
#4537 = DIRECTION('',(1.,0.,0.));
#4538 = ORIENTED_EDGE('',*,*,#4539,.F.);
#4539 = EDGE_CURVE('',#4540,#4532,#4542,.T.);
#4540 = VERTEX_POINT('',#4541);
#4541 = CARTESIAN_POINT('',(-0.711761426375,-7.823857362477E-02,3.45));
#4542 = CIRCLE('',#4543,0.391761426375);
#4543 = AXIS2_PLACEMENT_3D('',#4544,#4545,#4546);
#4544 = CARTESIAN_POINT('',(-0.32,-7.823857362477E-02,3.45));
#4545 = DIRECTION('',(0.,0.,1.));
#4546 = DIRECTION('',(-1.,0.,0.));
#4547 = ORIENTED_EDGE('',*,*,#4548,.F.);
#4548 = EDGE_CURVE('',#4549,#4540,#4551,.T.);
#4549 = VERTEX_POINT('',#4550);
#4550 = CARTESIAN_POINT('',(-0.711761426375,1.011761426375,3.45));
#4551 = LINE('',#4552,#4553);
#4552 = CARTESIAN_POINT('',(-0.711761426375,1.011761426375,3.45));
#4553 = VECTOR('',#4554,1.);
#4554 = DIRECTION('',(0.,-1.,0.));
#4555 = ORIENTED_EDGE('',*,*,#4556,.F.);
#4556 = EDGE_CURVE('',#4309,#4549,#4557,.T.);
#4557 = CIRCLE('',#4558,0.391761426375);
#4558 = AXIS2_PLACEMENT_3D('',#4559,#4560,#4561);
#4559 = CARTESIAN_POINT('',(-0.32,1.011761426375,3.45));
#4560 = DIRECTION('',(0.,0.,1.));
#4561 = DIRECTION('',(-1.,0.,0.));
#4562 = ORIENTED_EDGE('',*,*,#4563,.T.);
#4563 = EDGE_CURVE('',#4309,#4564,#4566,.T.);
#4564 = VERTEX_POINT('',#4565);
#4565 = CARTESIAN_POINT('',(-0.4,1.40352285275,3.45));
#4566 = LINE('',#4567,#4568);
#4567 = CARTESIAN_POINT('',(0.4,1.40352285275,3.45));
#4568 = VECTOR('',#4569,1.);
#4569 = DIRECTION('',(-1.,0.,0.));
#4570 = ORIENTED_EDGE('',*,*,#4571,.F.);
#4571 = EDGE_CURVE('',#4011,#4564,#4572,.T.);
#4572 = LINE('',#4573,#4574);
#4573 = CARTESIAN_POINT('',(-0.4,1.666761426375,3.45));
#4574 = VECTOR('',#4575,1.);
#4575 = DIRECTION('',(0.,-1.,-2.E-16));
#4576 = ORIENTED_EDGE('',*,*,#4010,.T.);
#4577 = ORIENTED_EDGE('',*,*,#4578,.T.);
#4578 = EDGE_CURVE('',#4013,#4579,#4581,.T.);
#4579 = VERTEX_POINT('',#4580);
#4580 = CARTESIAN_POINT('',(-0.975,-7.823857362477E-02,3.45));
#4581 = LINE('',#4582,#4583);
#4582 = CARTESIAN_POINT('',(-0.975,1.011761426375,3.45));
#4583 = VECTOR('',#4584,1.);
#4584 = DIRECTION('',(0.,-1.,0.));
#4585 = ORIENTED_EDGE('',*,*,#4586,.T.);
#4586 = EDGE_CURVE('',#4579,#4587,#4589,.T.);
#4587 = VERTEX_POINT('',#4588);
#4588 = CARTESIAN_POINT('',(-0.32,-0.733238573625,3.45));
#4589 = CIRCLE('',#4590,0.655);
#4590 = AXIS2_PLACEMENT_3D('',#4591,#4592,#4593);
#4591 = CARTESIAN_POINT('',(-0.32,-7.823857362477E-02,3.45));
#4592 = DIRECTION('',(0.,0.,1.));
#4593 = DIRECTION('',(-1.,0.,0.));
#4594 = ORIENTED_EDGE('',*,*,#4595,.T.);
#4595 = EDGE_CURVE('',#4587,#4474,#4596,.T.);
#4596 = LINE('',#4597,#4598);
#4597 = CARTESIAN_POINT('',(-0.32,-0.733238573625,3.45));
#4598 = VECTOR('',#4599,1.);
#4599 = DIRECTION('',(1.,0.,0.));
#4600 = PLANE('',#4601);
#4601 = AXIS2_PLACEMENT_3D('',#4602,#4603,#4604);
#4602 = CARTESIAN_POINT('',(-3.E-17,0.466761426375,3.45));
#4603 = DIRECTION('',(0.,0.,1.));
#4604 = DIRECTION('',(-1.,0.,0.));
#4605 = ADVANCED_FACE('',(#4606),#4617,.F.);
#4606 = FACE_BOUND('',#4607,.F.);
#4607 = EDGE_LOOP('',(#4608,#4609,#4610,#4616));
#4608 = ORIENTED_EDGE('',*,*,#4021,.T.);
#4609 = ORIENTED_EDGE('',*,*,#4419,.T.);
#4610 = ORIENTED_EDGE('',*,*,#4611,.F.);
#4611 = EDGE_CURVE('',#4579,#4420,#4612,.T.);
#4612 = LINE('',#4613,#4614);
#4613 = CARTESIAN_POINT('',(-0.975,-7.823857362477E-02,3.45));
#4614 = VECTOR('',#4615,1.);
#4615 = DIRECTION('',(0.,0.,1.));
#4616 = ORIENTED_EDGE('',*,*,#4578,.F.);
#4617 = PLANE('',#4618);
#4618 = AXIS2_PLACEMENT_3D('',#4619,#4620,#4621);
#4619 = CARTESIAN_POINT('',(-0.975,1.011761426375,3.45));
#4620 = DIRECTION('',(1.,0.,0.));
#4621 = DIRECTION('',(0.,-1.,0.));
#4622 = ADVANCED_FACE('',(#4623),#4649,.T.);
#4623 = FACE_BOUND('',#4624,.T.);
#4624 = EDGE_LOOP('',(#4625,#4635,#4641,#4642,#4643));
#4625 = ORIENTED_EDGE('',*,*,#4626,.F.);
#4626 = EDGE_CURVE('',#4627,#4629,#4631,.T.);
#4627 = VERTEX_POINT('',#4628);
#4628 = CARTESIAN_POINT('',(-0.4,1.666761426375,3.732514167383));
#4629 = VERTEX_POINT('',#4630);
#4630 = CARTESIAN_POINT('',(-0.4,2.366761426375,5.12847));
#4631 = LINE('',#4632,#4633);
#4632 = CARTESIAN_POINT('',(-0.4,1.666761426375,3.732514167383));
#4633 = VECTOR('',#4634,1.);
#4634 = DIRECTION('',(0.,0.448249178262,0.8939086498));
#4635 = ORIENTED_EDGE('',*,*,#4636,.F.);
#4636 = EDGE_CURVE('',#4048,#4627,#4637,.T.);
#4637 = LINE('',#4638,#4639);
#4638 = CARTESIAN_POINT('',(-0.4,1.40352285275,3.765283356459));
#4639 = VECTOR('',#4640,1.);
#4640 = DIRECTION('',(-0.,0.992340678184,-0.12353128519));
#4641 = ORIENTED_EDGE('',*,*,#4047,.F.);
#4642 = ORIENTED_EDGE('',*,*,#4122,.F.);
#4643 = ORIENTED_EDGE('',*,*,#4644,.F.);
#4644 = EDGE_CURVE('',#4629,#4115,#4645,.T.);
#4645 = LINE('',#4646,#4647);
#4646 = CARTESIAN_POINT('',(-0.4,2.366761426375,5.12847));
#4647 = VECTOR('',#4648,1.);
#4648 = DIRECTION('',(0.,-0.8939086498,0.448249178262));
#4649 = PLANE('',#4650);
#4650 = AXIS2_PLACEMENT_3D('',#4651,#4652,#4653);
#4651 = CARTESIAN_POINT('',(-0.4,1.332356653177,5.661145307804));
#4652 = DIRECTION('',(-1.,0.,0.));
#4653 = DIRECTION('',(0.,0.,1.));
#4654 = ADVANCED_FACE('',(#4655),#4665,.T.);
#4655 = FACE_BOUND('',#4656,.T.);
#4656 = EDGE_LOOP('',(#4657,#4663,#4664));
#4657 = ORIENTED_EDGE('',*,*,#4658,.F.);
#4658 = EDGE_CURVE('',#4056,#4627,#4659,.T.);
#4659 = LINE('',#4660,#4661);
#4660 = CARTESIAN_POINT('',(0.4,1.666761426375,3.732514167383));
#4661 = VECTOR('',#4662,1.);
#4662 = DIRECTION('',(-1.,0.,0.));
#4663 = ORIENTED_EDGE('',*,*,#4055,.F.);
#4664 = ORIENTED_EDGE('',*,*,#4636,.T.);
#4665 = PLANE('',#4666);
#4666 = AXIS2_PLACEMENT_3D('',#4667,#4668,#4669);
#4667 = CARTESIAN_POINT('',(0.4,1.40352285275,3.765283356459));
#4668 = DIRECTION('',(0.,-0.12353128519,-0.992340678184));
#4669 = DIRECTION('',(-0.,0.992340678184,-0.12353128519));
#4670 = ADVANCED_FACE('',(#4671),#4687,.F.);
#4671 = FACE_BOUND('',#4672,.F.);
#4672 = EDGE_LOOP('',(#4673,#4679,#4680,#4686));
#4673 = ORIENTED_EDGE('',*,*,#4674,.F.);
#4674 = EDGE_CURVE('',#4148,#4065,#4675,.T.);
#4675 = LINE('',#4676,#4677);
#4676 = CARTESIAN_POINT('',(0.32,1.666761426375,3.45));
#4677 = VECTOR('',#4678,1.);
#4678 = DIRECTION('',(-1.,0.,0.));
#4679 = ORIENTED_EDGE('',*,*,#4156,.T.);
#4680 = ORIENTED_EDGE('',*,*,#4681,.T.);
#4681 = EDGE_CURVE('',#4157,#4056,#4682,.T.);
#4682 = LINE('',#4683,#4684);
#4683 = CARTESIAN_POINT('',(0.4,1.666761426375,3.732514167383));
#4684 = VECTOR('',#4685,1.);
#4685 = DIRECTION('',(-1.,0.,0.));
#4686 = ORIENTED_EDGE('',*,*,#4064,.F.);
#4687 = PLANE('',#4688);
#4688 = AXIS2_PLACEMENT_3D('',#4689,#4690,#4691);
#4689 = CARTESIAN_POINT('',(0.32,1.666761426375,3.45));
#4690 = DIRECTION('',(0.,-1.,0.));
#4691 = DIRECTION('',(-1.,0.,0.));
#4692 = ADVANCED_FACE('',(#4693),#4719,.F.);
#4693 = FACE_BOUND('',#4694,.F.);
#4694 = EDGE_LOOP('',(#4695,#4705,#4711,#4712,#4713));
#4695 = ORIENTED_EDGE('',*,*,#4696,.F.);
#4696 = EDGE_CURVE('',#4697,#4699,#4701,.T.);
#4697 = VERTEX_POINT('',#4698);
#4698 = CARTESIAN_POINT('',(0.4,1.666761426375,3.732514167383));
#4699 = VERTEX_POINT('',#4700);
#4700 = CARTESIAN_POINT('',(0.4,2.366761426375,5.12847));
#4701 = LINE('',#4702,#4703);
#4702 = CARTESIAN_POINT('',(0.4,1.666761426375,3.732514167383));
#4703 = VECTOR('',#4704,1.);
#4704 = DIRECTION('',(0.,0.448249178262,0.8939086498));
#4705 = ORIENTED_EDGE('',*,*,#4706,.F.);
#4706 = EDGE_CURVE('',#4165,#4697,#4707,.T.);
#4707 = LINE('',#4708,#4709);
#4708 = CARTESIAN_POINT('',(0.4,1.40352285275,3.765283356459));
#4709 = VECTOR('',#4710,1.);
#4710 = DIRECTION('',(-0.,0.992340678184,-0.12353128519));
#4711 = ORIENTED_EDGE('',*,*,#4173,.F.);
#4712 = ORIENTED_EDGE('',*,*,#4104,.F.);
#4713 = ORIENTED_EDGE('',*,*,#4714,.F.);
#4714 = EDGE_CURVE('',#4699,#4105,#4715,.T.);
#4715 = LINE('',#4716,#4717);
#4716 = CARTESIAN_POINT('',(0.4,2.366761426375,5.12847));
#4717 = VECTOR('',#4718,1.);
#4718 = DIRECTION('',(0.,-0.8939086498,0.448249178262));
#4719 = PLANE('',#4720);
#4720 = AXIS2_PLACEMENT_3D('',#4721,#4722,#4723);
#4721 = CARTESIAN_POINT('',(0.4,1.332356653177,5.661145307804));
#4722 = DIRECTION('',(-1.,0.,0.));
#4723 = DIRECTION('',(0.,0.,1.));
#4724 = ADVANCED_FACE('',(#4725),#4736,.T.);
#4725 = FACE_BOUND('',#4726,.T.);
#4726 = EDGE_LOOP('',(#4727,#4733,#4734,#4735));
#4727 = ORIENTED_EDGE('',*,*,#4728,.T.);
#4728 = EDGE_CURVE('',#4699,#4629,#4729,.T.);
#4729 = LINE('',#4730,#4731);
#4730 = CARTESIAN_POINT('',(0.4,2.366761426375,5.12847));
#4731 = VECTOR('',#4732,1.);
#4732 = DIRECTION('',(-1.,0.,0.));
#4733 = ORIENTED_EDGE('',*,*,#4644,.T.);
#4734 = ORIENTED_EDGE('',*,*,#4114,.F.);
#4735 = ORIENTED_EDGE('',*,*,#4714,.F.);
#4736 = PLANE('',#4737);
#4737 = AXIS2_PLACEMENT_3D('',#4738,#4739,#4740);
#4738 = CARTESIAN_POINT('',(0.4,2.366761426375,5.12847));
#4739 = DIRECTION('',(0.,0.448249178262,0.8939086498));
#4740 = DIRECTION('',(0.,-0.8939086498,0.448249178262));
#4741 = ADVANCED_FACE('',(#4742),#4759,.T.);
#4742 = FACE_BOUND('',#4743,.T.);
#4743 = EDGE_LOOP('',(#4744,#4752,#4758));
#4744 = ORIENTED_EDGE('',*,*,#4745,.F.);
#4745 = EDGE_CURVE('',#4746,#4146,#4748,.T.);
#4746 = VERTEX_POINT('',#4747);
#4747 = CARTESIAN_POINT('',(0.4,1.666761426375,3.45));
#4748 = LINE('',#4749,#4750);
#4749 = CARTESIAN_POINT('',(0.4,1.666761426375,3.45));
#4750 = VECTOR('',#4751,1.);
#4751 = DIRECTION('',(0.,-1.,-2.E-16));
#4752 = ORIENTED_EDGE('',*,*,#4753,.T.);
#4753 = EDGE_CURVE('',#4746,#4148,#4754,.T.);
#4754 = LINE('',#4755,#4756);
#4755 = CARTESIAN_POINT('',(0.4,1.666761426375,3.45));
#4756 = VECTOR('',#4757,1.);
#4757 = DIRECTION('',(-1.,0.,0.));
#4758 = ORIENTED_EDGE('',*,*,#4145,.F.);
#4759 = PLANE('',#4760);
#4760 = AXIS2_PLACEMENT_3D('',#4761,#4762,#4763);
#4761 = CARTESIAN_POINT('',(0.4,1.666761426375,3.45));
#4762 = DIRECTION('',(0.,-2.E-16,1.));
#4763 = DIRECTION('',(0.,-1.,-2.E-16));
#4764 = ADVANCED_FACE('',(#4765),#4775,.T.);
#4765 = FACE_BOUND('',#4766,.T.);
#4766 = EDGE_LOOP('',(#4767,#4768,#4769));
#4767 = ORIENTED_EDGE('',*,*,#4706,.F.);
#4768 = ORIENTED_EDGE('',*,*,#4164,.F.);
#4769 = ORIENTED_EDGE('',*,*,#4770,.F.);
#4770 = EDGE_CURVE('',#4697,#4157,#4771,.T.);
#4771 = LINE('',#4772,#4773);
#4772 = CARTESIAN_POINT('',(0.4,1.666761426375,3.732514167383));
#4773 = VECTOR('',#4774,1.);
#4774 = DIRECTION('',(-1.,0.,0.));
#4775 = PLANE('',#4776);
#4776 = AXIS2_PLACEMENT_3D('',#4777,#4778,#4779);
#4777 = CARTESIAN_POINT('',(0.4,1.40352285275,3.765283356459));
#4778 = DIRECTION('',(0.,-0.12353128519,-0.992340678184));
#4779 = DIRECTION('',(-0.,0.992340678184,-0.12353128519));
#4780 = ADVANCED_FACE('',(#4781),#4792,.F.);
#4781 = FACE_BOUND('',#4782,.F.);
#4782 = EDGE_LOOP('',(#4783,#4789,#4790,#4791));
#4783 = ORIENTED_EDGE('',*,*,#4784,.T.);
#4784 = EDGE_CURVE('',#4476,#4341,#4785,.T.);
#4785 = LINE('',#4786,#4787);
#4786 = CARTESIAN_POINT('',(0.975,-7.823857362477E-02,3.45));
#4787 = VECTOR('',#4788,1.);
#4788 = DIRECTION('',(0.,0.,1.));
#4789 = ORIENTED_EDGE('',*,*,#4349,.T.);
#4790 = ORIENTED_EDGE('',*,*,#4191,.F.);
#4791 = ORIENTED_EDGE('',*,*,#4484,.F.);
#4792 = PLANE('',#4793);
#4793 = AXIS2_PLACEMENT_3D('',#4794,#4795,#4796);
#4794 = CARTESIAN_POINT('',(0.975,-7.823857362477E-02,3.45));
#4795 = DIRECTION('',(-1.,0.,0.));
#4796 = DIRECTION('',(0.,1.,0.));
#4797 = ADVANCED_FACE('',(#4798),#4809,.F.);
#4798 = FACE_BOUND('',#4799,.F.);
#4799 = EDGE_LOOP('',(#4800,#4806,#4807,#4808));
#4800 = ORIENTED_EDGE('',*,*,#4801,.T.);
#4801 = EDGE_CURVE('',#4227,#4273,#4802,.T.);
#4802 = LINE('',#4803,#4804);
#4803 = CARTESIAN_POINT('',(-0.698564,0.170214,9.45));
#4804 = VECTOR('',#4805,1.);
#4805 = DIRECTION('',(0.,0.,-1.));
#4806 = ORIENTED_EDGE('',*,*,#4272,.T.);
#4807 = ORIENTED_EDGE('',*,*,#4801,.F.);
#4808 = ORIENTED_EDGE('',*,*,#4226,.F.);
#4809 = CYLINDRICAL_SURFACE('',#4810,0.698564);
#4810 = AXIS2_PLACEMENT_3D('',#4811,#4812,#4813);
#4811 = CARTESIAN_POINT('',(-2.E-17,0.170214,9.45));
#4812 = DIRECTION('',(0.,0.,1.));
#4813 = DIRECTION('',(-1.,0.,0.));
#4814 = ADVANCED_FACE('',(#4815),#4826,.F.);
#4815 = FACE_BOUND('',#4816,.F.);
#4816 = EDGE_LOOP('',(#4817,#4818,#4819,#4820));
#4817 = ORIENTED_EDGE('',*,*,#4505,.T.);
#4818 = ORIENTED_EDGE('',*,*,#4324,.T.);
#4819 = ORIENTED_EDGE('',*,*,#4358,.F.);
#4820 = ORIENTED_EDGE('',*,*,#4821,.F.);
#4821 = EDGE_CURVE('',#4506,#4359,#4822,.T.);
#4822 = LINE('',#4823,#4824);
#4823 = CARTESIAN_POINT('',(0.711761426375,1.011761426375,3.45));
#4824 = VECTOR('',#4825,1.);
#4825 = DIRECTION('',(0.,0.,1.));
#4826 = CYLINDRICAL_SURFACE('',#4827,0.391761426375);
#4827 = AXIS2_PLACEMENT_3D('',#4828,#4829,#4830);
#4828 = CARTESIAN_POINT('',(0.32,1.011761426375,3.45));
#4829 = DIRECTION('',(0.,0.,-1.));
#4830 = DIRECTION('',(-1.,0.,0.));
#4831 = ADVANCED_FACE('',(#4832),#4861,.F.);
#4832 = FACE_BOUND('',#4833,.F.);
#4833 = EDGE_LOOP('',(#4834,#4843,#4851,#4858,#4859,#4860));
#4834 = ORIENTED_EDGE('',*,*,#4835,.T.);
#4835 = EDGE_CURVE('',#4492,#4836,#4838,.T.);
#4836 = VERTEX_POINT('',#4837);
#4837 = CARTESIAN_POINT('',(0.4,1.114684484901,3.336392809704));
#4838 = CIRCLE('',#4839,0.166761426375);
#4839 = AXIS2_PLACEMENT_3D('',#4840,#4841,#4842);
#4840 = CARTESIAN_POINT('',(0.4,1.236761426375,3.45));
#4841 = DIRECTION('',(-1.,0.,0.));
#4842 = DIRECTION('',(0.,-1.,0.));
#4843 = ORIENTED_EDGE('',*,*,#4844,.T.);
#4844 = EDGE_CURVE('',#4836,#4845,#4847,.T.);
#4845 = VERTEX_POINT('',#4846);
#4846 = CARTESIAN_POINT('',(-0.4,1.114684484901,3.336392809704));
#4847 = LINE('',#4848,#4849);
#4848 = CARTESIAN_POINT('',(0.4,1.114684484901,3.336392809704));
#4849 = VECTOR('',#4850,1.);
#4850 = DIRECTION('',(-1.,0.,0.));
#4851 = ORIENTED_EDGE('',*,*,#4852,.F.);
#4852 = EDGE_CURVE('',#4564,#4845,#4853,.T.);
#4853 = CIRCLE('',#4854,0.166761426375);
#4854 = AXIS2_PLACEMENT_3D('',#4855,#4856,#4857);
#4855 = CARTESIAN_POINT('',(-0.4,1.236761426375,3.45));
#4856 = DIRECTION('',(-1.,0.,0.));
#4857 = DIRECTION('',(0.,-1.,0.));
#4858 = ORIENTED_EDGE('',*,*,#4563,.F.);
#4859 = ORIENTED_EDGE('',*,*,#4316,.F.);
#4860 = ORIENTED_EDGE('',*,*,#4499,.F.);
#4861 = CYLINDRICAL_SURFACE('',#4862,0.166761426375);
#4862 = AXIS2_PLACEMENT_3D('',#4863,#4864,#4865);
#4863 = CARTESIAN_POINT('',(0.4,1.236761426375,3.45));
#4864 = DIRECTION('',(1.,0.,-0.));
#4865 = DIRECTION('',(0.,-1.,0.));
#4866 = ADVANCED_FACE('',(#4867),#4878,.F.);
#4867 = FACE_BOUND('',#4868,.F.);
#4868 = EDGE_LOOP('',(#4869,#4870,#4876,#4877));
#4869 = ORIENTED_EDGE('',*,*,#4556,.T.);
#4870 = ORIENTED_EDGE('',*,*,#4871,.T.);
#4871 = EDGE_CURVE('',#4549,#4402,#4872,.T.);
#4872 = LINE('',#4873,#4874);
#4873 = CARTESIAN_POINT('',(-0.711761426375,1.011761426375,3.45));
#4874 = VECTOR('',#4875,1.);
#4875 = DIRECTION('',(0.,0.,1.));
#4876 = ORIENTED_EDGE('',*,*,#4409,.F.);
#4877 = ORIENTED_EDGE('',*,*,#4308,.F.);
#4878 = CYLINDRICAL_SURFACE('',#4879,0.391761426375);
#4879 = AXIS2_PLACEMENT_3D('',#4880,#4881,#4882);
#4880 = CARTESIAN_POINT('',(-0.32,1.011761426375,3.45));
#4881 = DIRECTION('',(0.,0.,-1.));
#4882 = DIRECTION('',(-1.,0.,0.));
#4883 = ADVANCED_FACE('',(#4884),#4895,.T.);
#4884 = FACE_BOUND('',#4885,.T.);
#4885 = EDGE_LOOP('',(#4886,#4887,#4888,#4889));
#4886 = ORIENTED_EDGE('',*,*,#4473,.T.);
#4887 = ORIENTED_EDGE('',*,*,#4784,.T.);
#4888 = ORIENTED_EDGE('',*,*,#4338,.F.);
#4889 = ORIENTED_EDGE('',*,*,#4890,.F.);
#4890 = EDGE_CURVE('',#4474,#4339,#4891,.T.);
#4891 = LINE('',#4892,#4893);
#4892 = CARTESIAN_POINT('',(0.32,-0.733238573625,3.45));
#4893 = VECTOR('',#4894,1.);
#4894 = DIRECTION('',(0.,0.,1.));
#4895 = CYLINDRICAL_SURFACE('',#4896,0.655);
#4896 = AXIS2_PLACEMENT_3D('',#4897,#4898,#4899);
#4897 = CARTESIAN_POINT('',(0.32,-7.823857362477E-02,3.45));
#4898 = DIRECTION('',(0.,0.,-1.));
#4899 = DIRECTION('',(-1.,0.,0.));
#4900 = ADVANCED_FACE('',(#4901),#4912,.F.);
#4901 = FACE_BOUND('',#4902,.F.);
#4902 = EDGE_LOOP('',(#4903,#4909,#4910,#4911));
#4903 = ORIENTED_EDGE('',*,*,#4904,.T.);
#4904 = EDGE_CURVE('',#4587,#4428,#4905,.T.);
#4905 = LINE('',#4906,#4907);
#4906 = CARTESIAN_POINT('',(-0.32,-0.733238573625,3.45));
#4907 = VECTOR('',#4908,1.);
#4908 = DIRECTION('',(0.,0.,1.));
#4909 = ORIENTED_EDGE('',*,*,#4436,.T.);
#4910 = ORIENTED_EDGE('',*,*,#4890,.F.);
#4911 = ORIENTED_EDGE('',*,*,#4595,.F.);
#4912 = PLANE('',#4913);
#4913 = AXIS2_PLACEMENT_3D('',#4914,#4915,#4916);
#4914 = CARTESIAN_POINT('',(-0.32,-0.733238573625,3.45));
#4915 = DIRECTION('',(0.,1.,0.));
#4916 = DIRECTION('',(1.,0.,0.));
#4917 = ADVANCED_FACE('',(#4918),#4924,.T.);
#4918 = FACE_BOUND('',#4919,.T.);
#4919 = EDGE_LOOP('',(#4920,#4921,#4922,#4923));
#4920 = ORIENTED_EDGE('',*,*,#4586,.T.);
#4921 = ORIENTED_EDGE('',*,*,#4904,.T.);
#4922 = ORIENTED_EDGE('',*,*,#4427,.F.);
#4923 = ORIENTED_EDGE('',*,*,#4611,.F.);
#4924 = CYLINDRICAL_SURFACE('',#4925,0.655);
#4925 = AXIS2_PLACEMENT_3D('',#4926,#4927,#4928);
#4926 = CARTESIAN_POINT('',(-0.32,-7.823857362477E-02,3.45));
#4927 = DIRECTION('',(0.,0.,-1.));
#4928 = DIRECTION('',(-1.,0.,0.));
#4929 = ADVANCED_FACE('',(#4930),#4941,.T.);
#4930 = FACE_BOUND('',#4931,.T.);
#4931 = EDGE_LOOP('',(#4932,#4933,#4934,#4940));
#4932 = ORIENTED_EDGE('',*,*,#4871,.T.);
#4933 = ORIENTED_EDGE('',*,*,#4401,.T.);
#4934 = ORIENTED_EDGE('',*,*,#4935,.F.);
#4935 = EDGE_CURVE('',#4540,#4393,#4936,.T.);
#4936 = LINE('',#4937,#4938);
#4937 = CARTESIAN_POINT('',(-0.711761426375,-7.823857362477E-02,3.45));
#4938 = VECTOR('',#4939,1.);
#4939 = DIRECTION('',(0.,0.,1.));
#4940 = ORIENTED_EDGE('',*,*,#4548,.F.);
#4941 = PLANE('',#4942);
#4942 = AXIS2_PLACEMENT_3D('',#4943,#4944,#4945);
#4943 = CARTESIAN_POINT('',(-0.711761426375,1.011761426375,3.45));
#4944 = DIRECTION('',(1.,0.,0.));
#4945 = DIRECTION('',(0.,-1.,0.));
#4946 = ADVANCED_FACE('',(#4947),#4958,.F.);
#4947 = FACE_BOUND('',#4948,.F.);
#4948 = EDGE_LOOP('',(#4949,#4950,#4956,#4957));
#4949 = ORIENTED_EDGE('',*,*,#4539,.T.);
#4950 = ORIENTED_EDGE('',*,*,#4951,.T.);
#4951 = EDGE_CURVE('',#4532,#4385,#4952,.T.);
#4952 = LINE('',#4953,#4954);
#4953 = CARTESIAN_POINT('',(-0.32,-0.47,3.45));
#4954 = VECTOR('',#4955,1.);
#4955 = DIRECTION('',(0.,0.,1.));
#4956 = ORIENTED_EDGE('',*,*,#4392,.F.);
#4957 = ORIENTED_EDGE('',*,*,#4935,.F.);
#4958 = CYLINDRICAL_SURFACE('',#4959,0.391761426375);
#4959 = AXIS2_PLACEMENT_3D('',#4960,#4961,#4962);
#4960 = CARTESIAN_POINT('',(-0.32,-7.823857362477E-02,3.45));
#4961 = DIRECTION('',(0.,0.,-1.));
#4962 = DIRECTION('',(-1.,0.,0.));
#4963 = ADVANCED_FACE('',(#4964),#4975,.T.);
#4964 = FACE_BOUND('',#4965,.T.);
#4965 = EDGE_LOOP('',(#4966,#4967,#4968,#4974));
#4966 = ORIENTED_EDGE('',*,*,#4951,.T.);
#4967 = ORIENTED_EDGE('',*,*,#4384,.T.);
#4968 = ORIENTED_EDGE('',*,*,#4969,.F.);
#4969 = EDGE_CURVE('',#4523,#4376,#4970,.T.);
#4970 = LINE('',#4971,#4972);
#4971 = CARTESIAN_POINT('',(0.32,-0.47,3.45));
#4972 = VECTOR('',#4973,1.);
#4973 = DIRECTION('',(0.,0.,1.));
#4974 = ORIENTED_EDGE('',*,*,#4531,.F.);
#4975 = PLANE('',#4976);
#4976 = AXIS2_PLACEMENT_3D('',#4977,#4978,#4979);
#4977 = CARTESIAN_POINT('',(-0.32,-0.47,3.45));
#4978 = DIRECTION('',(0.,1.,0.));
#4979 = DIRECTION('',(1.,0.,0.));
#4980 = ADVANCED_FACE('',(#4981),#4992,.F.);
#4981 = FACE_BOUND('',#4982,.F.);
#4982 = EDGE_LOOP('',(#4983,#4984,#4990,#4991));
#4983 = ORIENTED_EDGE('',*,*,#4522,.T.);
#4984 = ORIENTED_EDGE('',*,*,#4985,.T.);
#4985 = EDGE_CURVE('',#4515,#4368,#4986,.T.);
#4986 = LINE('',#4987,#4988);
#4987 = CARTESIAN_POINT('',(0.711761426375,-7.823857362477E-02,3.45));
#4988 = VECTOR('',#4989,1.);
#4989 = DIRECTION('',(0.,0.,1.));
#4990 = ORIENTED_EDGE('',*,*,#4375,.F.);
#4991 = ORIENTED_EDGE('',*,*,#4969,.F.);
#4992 = CYLINDRICAL_SURFACE('',#4993,0.391761426375);
#4993 = AXIS2_PLACEMENT_3D('',#4994,#4995,#4996);
#4994 = CARTESIAN_POINT('',(0.32,-7.823857362477E-02,3.45));
#4995 = DIRECTION('',(0.,0.,-1.));
#4996 = DIRECTION('',(-1.,0.,0.));
#4997 = ADVANCED_FACE('',(#4998),#5004,.T.);
#4998 = FACE_BOUND('',#4999,.T.);
#4999 = EDGE_LOOP('',(#5000,#5001,#5002,#5003));
#5000 = ORIENTED_EDGE('',*,*,#4985,.T.);
#5001 = ORIENTED_EDGE('',*,*,#4367,.T.);
#5002 = ORIENTED_EDGE('',*,*,#4821,.F.);
#5003 = ORIENTED_EDGE('',*,*,#4514,.F.);
#5004 = PLANE('',#5005);
#5005 = AXIS2_PLACEMENT_3D('',#5006,#5007,#5008);
#5006 = CARTESIAN_POINT('',(0.711761426375,-7.823857362477E-02,3.45));
#5007 = DIRECTION('',(-1.,0.,0.));
#5008 = DIRECTION('',(0.,1.,0.));
#5009 = ADVANCED_FACE('',(#5010),#5098,.T.);
#5010 = FACE_BOUND('',#5011,.F.);
#5011 = EDGE_LOOP('',(#5012,#5013,#5014,#5015,#5023,#5032,#5040,#5049,
    #5057,#5066,#5074,#5083,#5091));
#5012 = ORIENTED_EDGE('',*,*,#4459,.T.);
#5013 = ORIENTED_EDGE('',*,*,#4571,.T.);
#5014 = ORIENTED_EDGE('',*,*,#4852,.T.);
#5015 = ORIENTED_EDGE('',*,*,#5016,.T.);
#5016 = EDGE_CURVE('',#4845,#5017,#5019,.T.);
#5017 = VERTEX_POINT('',#5018);
#5018 = CARTESIAN_POINT('',(-0.4,0.507864340432,3.988453186061));
#5019 = LINE('',#5020,#5021);
#5020 = CARTESIAN_POINT('',(-0.4,1.114684484901,3.336392809704));
#5021 = VECTOR('',#5022,1.);
#5022 = DIRECTION('',(0.,-0.681255808167,0.73204543837));
#5023 = ORIENTED_EDGE('',*,*,#5024,.T.);
#5024 = EDGE_CURVE('',#5017,#5025,#5027,.T.);
#5025 = VERTEX_POINT('',#5026);
#5026 = CARTESIAN_POINT('',(-0.4,0.433238573625,4.178184));
#5027 = CIRCLE('',#5028,0.278501572631);
#5028 = AXIS2_PLACEMENT_3D('',#5029,#5030,#5031);
#5029 = CARTESIAN_POINT('',(-0.4,0.711740146256,4.178184));
#5030 = DIRECTION('',(-1.,0.,0.));
#5031 = DIRECTION('',(0.,-1.,0.));
#5032 = ORIENTED_EDGE('',*,*,#5033,.T.);
#5033 = EDGE_CURVE('',#5025,#5034,#5036,.T.);
#5034 = VERTEX_POINT('',#5035);
#5035 = CARTESIAN_POINT('',(-0.4,0.433238573625,4.685074494728));
#5036 = LINE('',#5037,#5038);
#5037 = CARTESIAN_POINT('',(-0.4,0.433238573625,4.178184));
#5038 = VECTOR('',#5039,1.);
#5039 = DIRECTION('',(0.,0.,1.));
#5040 = ORIENTED_EDGE('',*,*,#5041,.T.);
#5041 = EDGE_CURVE('',#5034,#5042,#5044,.T.);
#5042 = VERTEX_POINT('',#5043);
#5043 = CARTESIAN_POINT('',(-0.4,0.575234225212,4.952153180724));
#5044 = CIRCLE('',#5045,0.332497);
#5045 = AXIS2_PLACEMENT_3D('',#5046,#5047,#5048);
#5046 = CARTESIAN_POINT('',(-0.4,0.765690642056,4.679608490276));
#5047 = DIRECTION('',(-1.,0.,0.));
#5048 = DIRECTION('',(0.,-1.,0.));
#5049 = ORIENTED_EDGE('',*,*,#5050,.F.);
#5050 = EDGE_CURVE('',#5051,#5042,#5053,.T.);
#5051 = VERTEX_POINT('',#5052);
#5052 = CARTESIAN_POINT('',(-0.4,0.424460852439,5.167911110498));
#5053 = LINE('',#5054,#5055);
#5054 = CARTESIAN_POINT('',(-0.4,0.424460852439,5.167911110498));
#5055 = VECTOR('',#5056,1.);
#5056 = DIRECTION('',(-0.,0.572806421845,-0.819690675251));
#5057 = ORIENTED_EDGE('',*,*,#5058,.F.);
#5058 = EDGE_CURVE('',#5059,#5051,#5061,.T.);
#5059 = VERTEX_POINT('',#5060);
#5060 = CARTESIAN_POINT('',(-0.4,0.17,4.685074494728));
#5061 = CIRCLE('',#5062,0.595715719314);
#5062 = AXIS2_PLACEMENT_3D('',#5063,#5064,#5065);
#5063 = CARTESIAN_POINT('',(-0.4,0.765690642056,4.679608490276));
#5064 = DIRECTION('',(-1.,0.,0.));
#5065 = DIRECTION('',(0.,-1.,0.));
#5066 = ORIENTED_EDGE('',*,*,#5067,.F.);
#5067 = EDGE_CURVE('',#5068,#5059,#5070,.T.);
#5068 = VERTEX_POINT('',#5069);
#5069 = CARTESIAN_POINT('',(-0.4,0.17,4.178184));
#5070 = LINE('',#5071,#5072);
#5071 = CARTESIAN_POINT('',(-0.4,0.17,4.178184));
#5072 = VECTOR('',#5073,1.);
#5073 = DIRECTION('',(0.,-1.1E-16,1.));
#5074 = ORIENTED_EDGE('',*,*,#5075,.F.);
#5075 = EDGE_CURVE('',#5076,#5068,#5078,.T.);
#5076 = VERTEX_POINT('',#5077);
#5077 = CARTESIAN_POINT('',(-0.4,0.315161743407,3.809120378846));
#5078 = CIRCLE('',#5079,0.541740146256);
#5079 = AXIS2_PLACEMENT_3D('',#5080,#5081,#5082);
#5080 = CARTESIAN_POINT('',(-0.4,0.711740146256,4.178184));
#5081 = DIRECTION('',(-1.,0.,0.));
#5082 = DIRECTION('',(0.,-1.,0.));
#5083 = ORIENTED_EDGE('',*,*,#5084,.F.);
#5084 = EDGE_CURVE('',#5085,#5076,#5087,.T.);
#5085 = VERTEX_POINT('',#5086);
#5086 = CARTESIAN_POINT('',(-0.4,0.921981887876,3.157060002488));
#5087 = LINE('',#5088,#5089);
#5088 = CARTESIAN_POINT('',(-0.4,0.921981887876,3.157060002488));
#5089 = VECTOR('',#5090,1.);
#5090 = DIRECTION('',(0.,-0.681255808167,0.73204543837));
#5091 = ORIENTED_EDGE('',*,*,#5092,.F.);
#5092 = EDGE_CURVE('',#4452,#5085,#5093,.T.);
#5093 = CIRCLE('',#5094,0.43);
#5094 = AXIS2_PLACEMENT_3D('',#5095,#5096,#5097);
#5095 = CARTESIAN_POINT('',(-0.4,1.236761426375,3.45));
#5096 = DIRECTION('',(-1.,0.,0.));
#5097 = DIRECTION('',(0.,-1.,0.));
#5098 = PLANE('',#5099);
#5099 = AXIS2_PLACEMENT_3D('',#5100,#5101,#5102);
#5100 = CARTESIAN_POINT('',(-0.4,1.332356653177,5.661145307804));
#5101 = DIRECTION('',(-1.,0.,0.));
#5102 = DIRECTION('',(0.,0.,1.));
#5103 = ADVANCED_FACE('',(#5104),#5125,.T.);
#5104 = FACE_BOUND('',#5105,.T.);
#5105 = EDGE_LOOP('',(#5106,#5115,#5121,#5122,#5123,#5124));
#5106 = ORIENTED_EDGE('',*,*,#5107,.T.);
#5107 = EDGE_CURVE('',#4746,#5108,#5110,.T.);
#5108 = VERTEX_POINT('',#5109);
#5109 = CARTESIAN_POINT('',(0.4,0.921981887876,3.157060002488));
#5110 = CIRCLE('',#5111,0.43);
#5111 = AXIS2_PLACEMENT_3D('',#5112,#5113,#5114);
#5112 = CARTESIAN_POINT('',(0.4,1.236761426375,3.45));
#5113 = DIRECTION('',(-1.,0.,0.));
#5114 = DIRECTION('',(0.,-1.,0.));
#5115 = ORIENTED_EDGE('',*,*,#5116,.T.);
#5116 = EDGE_CURVE('',#5108,#5085,#5117,.T.);
#5117 = LINE('',#5118,#5119);
#5118 = CARTESIAN_POINT('',(0.4,0.921981887876,3.157060002488));
#5119 = VECTOR('',#5120,1.);
#5120 = DIRECTION('',(-1.,0.,0.));
#5121 = ORIENTED_EDGE('',*,*,#5092,.F.);
#5122 = ORIENTED_EDGE('',*,*,#4451,.F.);
#5123 = ORIENTED_EDGE('',*,*,#4674,.F.);
#5124 = ORIENTED_EDGE('',*,*,#4753,.F.);
#5125 = CYLINDRICAL_SURFACE('',#5126,0.43);
#5126 = AXIS2_PLACEMENT_3D('',#5127,#5128,#5129);
#5127 = CARTESIAN_POINT('',(0.4,1.236761426375,3.45));
#5128 = DIRECTION('',(1.,0.,-0.));
#5129 = DIRECTION('',(0.,-1.,0.));
#5130 = ADVANCED_FACE('',(#5131),#5211,.F.);
#5131 = FACE_BOUND('',#5132,.T.);
#5132 = EDGE_LOOP('',(#5133,#5134,#5135,#5136,#5144,#5153,#5161,#5170,
    #5178,#5187,#5195,#5204,#5210));
#5133 = ORIENTED_EDGE('',*,*,#4745,.T.);
#5134 = ORIENTED_EDGE('',*,*,#4491,.T.);
#5135 = ORIENTED_EDGE('',*,*,#4835,.T.);
#5136 = ORIENTED_EDGE('',*,*,#5137,.T.);
#5137 = EDGE_CURVE('',#4836,#5138,#5140,.T.);
#5138 = VERTEX_POINT('',#5139);
#5139 = CARTESIAN_POINT('',(0.4,0.507864340432,3.988453186061));
#5140 = LINE('',#5141,#5142);
#5141 = CARTESIAN_POINT('',(0.4,1.114684484901,3.336392809704));
#5142 = VECTOR('',#5143,1.);
#5143 = DIRECTION('',(0.,-0.681255808167,0.73204543837));
#5144 = ORIENTED_EDGE('',*,*,#5145,.T.);
#5145 = EDGE_CURVE('',#5138,#5146,#5148,.T.);
#5146 = VERTEX_POINT('',#5147);
#5147 = CARTESIAN_POINT('',(0.4,0.433238573625,4.178184));
#5148 = CIRCLE('',#5149,0.278501572631);
#5149 = AXIS2_PLACEMENT_3D('',#5150,#5151,#5152);
#5150 = CARTESIAN_POINT('',(0.4,0.711740146256,4.178184));
#5151 = DIRECTION('',(-1.,0.,0.));
#5152 = DIRECTION('',(0.,-1.,0.));
#5153 = ORIENTED_EDGE('',*,*,#5154,.T.);
#5154 = EDGE_CURVE('',#5146,#5155,#5157,.T.);
#5155 = VERTEX_POINT('',#5156);
#5156 = CARTESIAN_POINT('',(0.4,0.433238573625,4.685074494728));
#5157 = LINE('',#5158,#5159);
#5158 = CARTESIAN_POINT('',(0.4,0.433238573625,4.178184));
#5159 = VECTOR('',#5160,1.);
#5160 = DIRECTION('',(0.,0.,1.));
#5161 = ORIENTED_EDGE('',*,*,#5162,.T.);
#5162 = EDGE_CURVE('',#5155,#5163,#5165,.T.);
#5163 = VERTEX_POINT('',#5164);
#5164 = CARTESIAN_POINT('',(0.4,0.575234225212,4.952153180724));
#5165 = CIRCLE('',#5166,0.332497);
#5166 = AXIS2_PLACEMENT_3D('',#5167,#5168,#5169);
#5167 = CARTESIAN_POINT('',(0.4,0.765690642056,4.679608490276));
#5168 = DIRECTION('',(-1.,0.,0.));
#5169 = DIRECTION('',(0.,-1.,0.));
#5170 = ORIENTED_EDGE('',*,*,#5171,.F.);
#5171 = EDGE_CURVE('',#5172,#5163,#5174,.T.);
#5172 = VERTEX_POINT('',#5173);
#5173 = CARTESIAN_POINT('',(0.4,0.424460852439,5.167911110498));
#5174 = LINE('',#5175,#5176);
#5175 = CARTESIAN_POINT('',(0.4,0.424460852439,5.167911110498));
#5176 = VECTOR('',#5177,1.);
#5177 = DIRECTION('',(-0.,0.572806421845,-0.819690675251));
#5178 = ORIENTED_EDGE('',*,*,#5179,.F.);
#5179 = EDGE_CURVE('',#5180,#5172,#5182,.T.);
#5180 = VERTEX_POINT('',#5181);
#5181 = CARTESIAN_POINT('',(0.4,0.17,4.685074494728));
#5182 = CIRCLE('',#5183,0.595715719314);
#5183 = AXIS2_PLACEMENT_3D('',#5184,#5185,#5186);
#5184 = CARTESIAN_POINT('',(0.4,0.765690642056,4.679608490276));
#5185 = DIRECTION('',(-1.,0.,0.));
#5186 = DIRECTION('',(0.,-1.,0.));
#5187 = ORIENTED_EDGE('',*,*,#5188,.F.);
#5188 = EDGE_CURVE('',#5189,#5180,#5191,.T.);
#5189 = VERTEX_POINT('',#5190);
#5190 = CARTESIAN_POINT('',(0.4,0.17,4.178184));
#5191 = LINE('',#5192,#5193);
#5192 = CARTESIAN_POINT('',(0.4,0.17,4.178184));
#5193 = VECTOR('',#5194,1.);
#5194 = DIRECTION('',(0.,-1.1E-16,1.));
#5195 = ORIENTED_EDGE('',*,*,#5196,.F.);
#5196 = EDGE_CURVE('',#5197,#5189,#5199,.T.);
#5197 = VERTEX_POINT('',#5198);
#5198 = CARTESIAN_POINT('',(0.4,0.315161743407,3.809120378846));
#5199 = CIRCLE('',#5200,0.541740146256);
#5200 = AXIS2_PLACEMENT_3D('',#5201,#5202,#5203);
#5201 = CARTESIAN_POINT('',(0.4,0.711740146256,4.178184));
#5202 = DIRECTION('',(-1.,0.,0.));
#5203 = DIRECTION('',(0.,-1.,0.));
#5204 = ORIENTED_EDGE('',*,*,#5205,.F.);
#5205 = EDGE_CURVE('',#5108,#5197,#5206,.T.);
#5206 = LINE('',#5207,#5208);
#5207 = CARTESIAN_POINT('',(0.4,0.921981887876,3.157060002488));
#5208 = VECTOR('',#5209,1.);
#5209 = DIRECTION('',(0.,-0.681255808167,0.73204543837));
#5210 = ORIENTED_EDGE('',*,*,#5107,.F.);
#5211 = PLANE('',#5212);
#5212 = AXIS2_PLACEMENT_3D('',#5213,#5214,#5215);
#5213 = CARTESIAN_POINT('',(0.4,1.332356653177,5.661145307804));
#5214 = DIRECTION('',(-1.,0.,0.));
#5215 = DIRECTION('',(0.,0.,1.));
#5216 = ADVANCED_FACE('',(#5217),#5225,.T.);
#5217 = FACE_BOUND('',#5218,.T.);
#5218 = EDGE_LOOP('',(#5219,#5220,#5221,#5222,#5223,#5224));
#5219 = ORIENTED_EDGE('',*,*,#4770,.T.);
#5220 = ORIENTED_EDGE('',*,*,#4681,.T.);
#5221 = ORIENTED_EDGE('',*,*,#4658,.T.);
#5222 = ORIENTED_EDGE('',*,*,#4626,.T.);
#5223 = ORIENTED_EDGE('',*,*,#4728,.F.);
#5224 = ORIENTED_EDGE('',*,*,#4696,.F.);
#5225 = PLANE('',#5226);
#5226 = AXIS2_PLACEMENT_3D('',#5227,#5228,#5229);
#5227 = CARTESIAN_POINT('',(0.4,1.666761426375,3.732514167383));
#5228 = DIRECTION('',(-0.,0.8939086498,-0.448249178262));
#5229 = DIRECTION('',(0.,0.448249178262,0.8939086498));
#5230 = ADVANCED_FACE('',(#5231),#5242,.T.);
#5231 = FACE_BOUND('',#5232,.T.);
#5232 = EDGE_LOOP('',(#5233,#5234,#5235,#5241));
#5233 = ORIENTED_EDGE('',*,*,#4844,.T.);
#5234 = ORIENTED_EDGE('',*,*,#5016,.T.);
#5235 = ORIENTED_EDGE('',*,*,#5236,.F.);
#5236 = EDGE_CURVE('',#5138,#5017,#5237,.T.);
#5237 = LINE('',#5238,#5239);
#5238 = CARTESIAN_POINT('',(0.4,0.507864340432,3.988453186061));
#5239 = VECTOR('',#5240,1.);
#5240 = DIRECTION('',(-1.,0.,0.));
#5241 = ORIENTED_EDGE('',*,*,#5137,.F.);
#5242 = PLANE('',#5243);
#5243 = AXIS2_PLACEMENT_3D('',#5244,#5245,#5246);
#5244 = CARTESIAN_POINT('',(0.4,1.114684484901,3.336392809704));
#5245 = DIRECTION('',(0.,0.73204543837,0.681255808167));
#5246 = DIRECTION('',(0.,-0.681255808167,0.73204543837));
#5247 = ADVANCED_FACE('',(#5248),#5259,.F.);
#5248 = FACE_BOUND('',#5249,.F.);
#5249 = EDGE_LOOP('',(#5250,#5251,#5257,#5258));
#5250 = ORIENTED_EDGE('',*,*,#5145,.T.);
#5251 = ORIENTED_EDGE('',*,*,#5252,.T.);
#5252 = EDGE_CURVE('',#5146,#5025,#5253,.T.);
#5253 = LINE('',#5254,#5255);
#5254 = CARTESIAN_POINT('',(0.4,0.433238573625,4.178184));
#5255 = VECTOR('',#5256,1.);
#5256 = DIRECTION('',(-1.,0.,0.));
#5257 = ORIENTED_EDGE('',*,*,#5024,.F.);
#5258 = ORIENTED_EDGE('',*,*,#5236,.F.);
#5259 = CYLINDRICAL_SURFACE('',#5260,0.278501572631);
#5260 = AXIS2_PLACEMENT_3D('',#5261,#5262,#5263);
#5261 = CARTESIAN_POINT('',(0.4,0.711740146256,4.178184));
#5262 = DIRECTION('',(1.,0.,-0.));
#5263 = DIRECTION('',(0.,-1.,0.));
#5264 = ADVANCED_FACE('',(#5265),#5276,.T.);
#5265 = FACE_BOUND('',#5266,.T.);
#5266 = EDGE_LOOP('',(#5267,#5268,#5269,#5275));
#5267 = ORIENTED_EDGE('',*,*,#5252,.T.);
#5268 = ORIENTED_EDGE('',*,*,#5033,.T.);
#5269 = ORIENTED_EDGE('',*,*,#5270,.F.);
#5270 = EDGE_CURVE('',#5155,#5034,#5271,.T.);
#5271 = LINE('',#5272,#5273);
#5272 = CARTESIAN_POINT('',(0.4,0.433238573625,4.685074494728));
#5273 = VECTOR('',#5274,1.);
#5274 = DIRECTION('',(-1.,0.,0.));
#5275 = ORIENTED_EDGE('',*,*,#5154,.F.);
#5276 = PLANE('',#5277);
#5277 = AXIS2_PLACEMENT_3D('',#5278,#5279,#5280);
#5278 = CARTESIAN_POINT('',(0.4,0.433238573625,4.178184));
#5279 = DIRECTION('',(0.,1.,0.));
#5280 = DIRECTION('',(0.,-0.,1.));
#5281 = ADVANCED_FACE('',(#5282),#5293,.F.);
#5282 = FACE_BOUND('',#5283,.F.);
#5283 = EDGE_LOOP('',(#5284,#5285,#5291,#5292));
#5284 = ORIENTED_EDGE('',*,*,#5162,.T.);
#5285 = ORIENTED_EDGE('',*,*,#5286,.T.);
#5286 = EDGE_CURVE('',#5163,#5042,#5287,.T.);
#5287 = LINE('',#5288,#5289);
#5288 = CARTESIAN_POINT('',(0.4,0.575234225212,4.952153180724));
#5289 = VECTOR('',#5290,1.);
#5290 = DIRECTION('',(-1.,0.,0.));
#5291 = ORIENTED_EDGE('',*,*,#5041,.F.);
#5292 = ORIENTED_EDGE('',*,*,#5270,.F.);
#5293 = CYLINDRICAL_SURFACE('',#5294,0.332497);
#5294 = AXIS2_PLACEMENT_3D('',#5295,#5296,#5297);
#5295 = CARTESIAN_POINT('',(0.4,0.765690642056,4.679608490276));
#5296 = DIRECTION('',(1.,0.,-0.));
#5297 = DIRECTION('',(0.,-1.,0.));
#5298 = ADVANCED_FACE('',(#5299),#5310,.F.);
#5299 = FACE_BOUND('',#5300,.F.);
#5300 = EDGE_LOOP('',(#5301,#5307,#5308,#5309));
#5301 = ORIENTED_EDGE('',*,*,#5302,.T.);
#5302 = EDGE_CURVE('',#5172,#5051,#5303,.T.);
#5303 = LINE('',#5304,#5305);
#5304 = CARTESIAN_POINT('',(0.4,0.424460852439,5.167911110498));
#5305 = VECTOR('',#5306,1.);
#5306 = DIRECTION('',(-1.,0.,0.));
#5307 = ORIENTED_EDGE('',*,*,#5050,.T.);
#5308 = ORIENTED_EDGE('',*,*,#5286,.F.);
#5309 = ORIENTED_EDGE('',*,*,#5171,.F.);
#5310 = PLANE('',#5311);
#5311 = AXIS2_PLACEMENT_3D('',#5312,#5313,#5314);
#5312 = CARTESIAN_POINT('',(0.4,0.424460852439,5.167911110498));
#5313 = DIRECTION('',(0.,-0.819690675251,-0.572806421845));
#5314 = DIRECTION('',(-0.,0.572806421845,-0.819690675251));
#5315 = ADVANCED_FACE('',(#5316),#5327,.T.);
#5316 = FACE_BOUND('',#5317,.T.);
#5317 = EDGE_LOOP('',(#5318,#5319,#5320,#5321));
#5318 = ORIENTED_EDGE('',*,*,#5179,.T.);
#5319 = ORIENTED_EDGE('',*,*,#5302,.T.);
#5320 = ORIENTED_EDGE('',*,*,#5058,.F.);
#5321 = ORIENTED_EDGE('',*,*,#5322,.F.);
#5322 = EDGE_CURVE('',#5180,#5059,#5323,.T.);
#5323 = LINE('',#5324,#5325);
#5324 = CARTESIAN_POINT('',(0.4,0.17,4.685074494728));
#5325 = VECTOR('',#5326,1.);
#5326 = DIRECTION('',(-1.,0.,0.));
#5327 = CYLINDRICAL_SURFACE('',#5328,0.595715719314);
#5328 = AXIS2_PLACEMENT_3D('',#5329,#5330,#5331);
#5329 = CARTESIAN_POINT('',(0.4,0.765690642056,4.679608490276));
#5330 = DIRECTION('',(1.,0.,-0.));
#5331 = DIRECTION('',(0.,-1.,0.));
#5332 = ADVANCED_FACE('',(#5333),#5344,.F.);
#5333 = FACE_BOUND('',#5334,.F.);
#5334 = EDGE_LOOP('',(#5335,#5341,#5342,#5343));
#5335 = ORIENTED_EDGE('',*,*,#5336,.T.);
#5336 = EDGE_CURVE('',#5189,#5068,#5337,.T.);
#5337 = LINE('',#5338,#5339);
#5338 = CARTESIAN_POINT('',(0.4,0.17,4.178184));
#5339 = VECTOR('',#5340,1.);
#5340 = DIRECTION('',(-1.,0.,0.));
#5341 = ORIENTED_EDGE('',*,*,#5067,.T.);
#5342 = ORIENTED_EDGE('',*,*,#5322,.F.);
#5343 = ORIENTED_EDGE('',*,*,#5188,.F.);
#5344 = PLANE('',#5345);
#5345 = AXIS2_PLACEMENT_3D('',#5346,#5347,#5348);
#5346 = CARTESIAN_POINT('',(0.4,0.17,4.178184));
#5347 = DIRECTION('',(0.,1.,1.1E-16));
#5348 = DIRECTION('',(0.,-1.1E-16,1.));
#5349 = ADVANCED_FACE('',(#5350),#5361,.T.);
#5350 = FACE_BOUND('',#5351,.T.);
#5351 = EDGE_LOOP('',(#5352,#5353,#5354,#5355));
#5352 = ORIENTED_EDGE('',*,*,#5196,.T.);
#5353 = ORIENTED_EDGE('',*,*,#5336,.T.);
#5354 = ORIENTED_EDGE('',*,*,#5075,.F.);
#5355 = ORIENTED_EDGE('',*,*,#5356,.F.);
#5356 = EDGE_CURVE('',#5197,#5076,#5357,.T.);
#5357 = LINE('',#5358,#5359);
#5358 = CARTESIAN_POINT('',(0.4,0.315161743407,3.809120378846));
#5359 = VECTOR('',#5360,1.);
#5360 = DIRECTION('',(-1.,0.,0.));
#5361 = CYLINDRICAL_SURFACE('',#5362,0.541740146256);
#5362 = AXIS2_PLACEMENT_3D('',#5363,#5364,#5365);
#5363 = CARTESIAN_POINT('',(0.4,0.711740146256,4.178184));
#5364 = DIRECTION('',(1.,0.,-0.));
#5365 = DIRECTION('',(0.,-1.,0.));
#5366 = ADVANCED_FACE('',(#5367),#5373,.F.);
#5367 = FACE_BOUND('',#5368,.F.);
#5368 = EDGE_LOOP('',(#5369,#5370,#5371,#5372));
#5369 = ORIENTED_EDGE('',*,*,#5116,.T.);
#5370 = ORIENTED_EDGE('',*,*,#5084,.T.);
#5371 = ORIENTED_EDGE('',*,*,#5356,.F.);
#5372 = ORIENTED_EDGE('',*,*,#5205,.F.);
#5373 = PLANE('',#5374);
#5374 = AXIS2_PLACEMENT_3D('',#5375,#5376,#5377);
#5375 = CARTESIAN_POINT('',(0.4,0.921981887876,3.157060002488));
#5376 = DIRECTION('',(0.,0.73204543837,0.681255808167));
#5377 = DIRECTION('',(0.,-0.681255808167,0.73204543837));
#5378 = ( GEOMETRIC_REPRESENTATION_CONTEXT(3) 
GLOBAL_UNCERTAINTY_ASSIGNED_CONTEXT((#5382)) 
GLOBAL_UNIT_ASSIGNED_CONTEXT((#5379,#5380,#5381)) REPRESENTATION_CONTEXT
('Context #1','3D Context with UNIT and UNCERTAINTY') );
#5379 = ( LENGTH_UNIT() NAMED_UNIT(*) SI_UNIT(.MILLI.,.METRE.) );
#5380 = ( NAMED_UNIT(*) PLANE_ANGLE_UNIT() SI_UNIT($,.RADIAN.) );
#5381 = ( NAMED_UNIT(*) SI_UNIT($,.STERADIAN.) SOLID_ANGLE_UNIT() );
#5382 = UNCERTAINTY_MEASURE_WITH_UNIT(LENGTH_MEASURE(1.E-07),#5379,
  'distance_accuracy_value','confusion accuracy');
#5383 = CONTEXT_DEPENDENT_SHAPE_REPRESENTATION(#5384,#5386);
#5384 = ( REPRESENTATION_RELATIONSHIP('','',#3771,#3736) 
REPRESENTATION_RELATIONSHIP_WITH_TRANSFORMATION(#5385) 
SHAPE_REPRESENTATION_RELATIONSHIP() );
#5385 = ITEM_DEFINED_TRANSFORMATION('','',#11,#3737);
#5386 = PRODUCT_DEFINITION_SHAPE('Placement','Placement of an item',
  #5387);
#5387 = NEXT_ASSEMBLY_USAGE_OCCURRENCE('106','0','',#3731,#3766,$);
#5388 = PRODUCT_RELATED_PRODUCT_CATEGORY('part',$,(#3768));
#5389 = CONTEXT_DEPENDENT_SHAPE_REPRESENTATION(#5390,#5392);
#5390 = ( REPRESENTATION_RELATIONSHIP('','',#3771,#3736) 
REPRESENTATION_RELATIONSHIP_WITH_TRANSFORMATION(#5391) 
SHAPE_REPRESENTATION_RELATIONSHIP() );
#5391 = ITEM_DEFINED_TRANSFORMATION('','',#11,#3741);
#5392 = PRODUCT_DEFINITION_SHAPE('Placement','Placement of an item',
  #5393);
#5393 = NEXT_ASSEMBLY_USAGE_OCCURRENCE('107','1','',#3731,#3766,$);
#5394 = CONTEXT_DEPENDENT_SHAPE_REPRESENTATION(#5395,#5397);
#5395 = ( REPRESENTATION_RELATIONSHIP('','',#3771,#3736) 
REPRESENTATION_RELATIONSHIP_WITH_TRANSFORMATION(#5396) 
SHAPE_REPRESENTATION_RELATIONSHIP() );
#5396 = ITEM_DEFINED_TRANSFORMATION('','',#11,#3745);
#5397 = PRODUCT_DEFINITION_SHAPE('Placement','Placement of an item',
  #5398);
#5398 = NEXT_ASSEMBLY_USAGE_OCCURRENCE('108','2','',#3731,#3766,$);
#5399 = CONTEXT_DEPENDENT_SHAPE_REPRESENTATION(#5400,#5402);
#5400 = ( REPRESENTATION_RELATIONSHIP('','',#3771,#3736) 
REPRESENTATION_RELATIONSHIP_WITH_TRANSFORMATION(#5401) 
SHAPE_REPRESENTATION_RELATIONSHIP() );
#5401 = ITEM_DEFINED_TRANSFORMATION('','',#11,#3749);
#5402 = PRODUCT_DEFINITION_SHAPE('Placement','Placement of an item',
  #5403);
#5403 = NEXT_ASSEMBLY_USAGE_OCCURRENCE('109','3','',#3731,#3766,$);
#5404 = MECHANICAL_DESIGN_GEOMETRIC_PRESENTATION_REPRESENTATION('',(
    #5405),#3718);
#5405 = STYLED_ITEM('color',(#5406),#37);
#5406 = PRESENTATION_STYLE_ASSIGNMENT((#5407,#5413));
#5407 = SURFACE_STYLE_USAGE(.BOTH.,#5408);
#5408 = SURFACE_SIDE_STYLE('',(#5409));
#5409 = SURFACE_STYLE_FILL_AREA(#5410);
#5410 = FILL_AREA_STYLE('',(#5411));
#5411 = FILL_AREA_STYLE_COLOUR('',#5412);
#5412 = DRAUGHTING_PRE_DEFINED_COLOUR('white');
#5413 = CURVE_STYLE('',#5414,POSITIVE_LENGTH_MEASURE(0.1),#5415);
#5414 = DRAUGHTING_PRE_DEFINED_CURVE_FONT('continuous');
#5415 = COLOUR_RGB('',9.803921802644E-02,9.803921802644E-02,
  9.803921802644E-02);
#5416 = MECHANICAL_DESIGN_GEOMETRIC_PRESENTATION_REPRESENTATION('',(
    #5417),#5378);
#5417 = STYLED_ITEM('color',(#5418),#3772);
#5418 = PRESENTATION_STYLE_ASSIGNMENT((#5419,#5425));
#5419 = SURFACE_STYLE_USAGE(.BOTH.,#5420);
#5420 = SURFACE_SIDE_STYLE('',(#5421));
#5421 = SURFACE_STYLE_FILL_AREA(#5422);
#5422 = FILL_AREA_STYLE('',(#5423));
#5423 = FILL_AREA_STYLE_COLOUR('',#5424);
#5424 = COLOUR_RGB('',0.399999997426,0.274509816483,0.);
#5425 = CURVE_STYLE('',#5426,POSITIVE_LENGTH_MEASURE(0.1),#5415);
#5426 = DRAUGHTING_PRE_DEFINED_CURVE_FONT('continuous');
ENDSEC;
END-ISO-10303-21;
