ISO-10303-21;
HEADER;
FILE_DESCRIPTION(('FreeCAD Model'),'2;1');
FILE_NAME('Open CASCADE Shape Model','2026-06-29T21:20:48',(''),(''),
  'Open CASCADE STEP processor 7.8','FreeCAD','Unknown');
FILE_SCHEMA(('AUTOMOTIVE_DESIGN { 1 0 10303 214 1 1 1 1 }'));
ENDSEC;
DATA;
#1 = APPLICATION_PROTOCOL_DEFINITION('international standard',
  'automotive_design',2000,#2);
#2 = APPLICATION_CONTEXT(
  'core data for automotive mechanical design processes');
#3 = SHAPE_DEFINITION_REPRESENTATION(#4,#10);
#4 = PRODUCT_DEFINITION_SHAPE('','',#5);
#5 = PRODUCT_DEFINITION('design','',#6,#9);
#6 = PRODUCT_DEFINITION_FORMATION('','',#7);
#7 = PRODUCT('XH_housing','XH_housing','',(#8));
#8 = PRODUCT_CONTEXT('',#2,'mechanical');
#9 = PRODUCT_DEFINITION_CONTEXT('part definition',#2,'design');
#10 = SHAPE_REPRESENTATION('',(#11,#15,#19),#23);
#11 = AXIS2_PLACEMENT_3D('',#12,#13,#14);
#12 = CARTESIAN_POINT('',(0.,0.,0.));
#13 = DIRECTION('',(0.,0.,1.));
#14 = DIRECTION('',(1.,0.,-0.));
#15 = AXIS2_PLACEMENT_3D('',#16,#17,#18);
#16 = CARTESIAN_POINT('',(22.5,0.,0.));
#17 = DIRECTION('',(0.,0.,1.));
#18 = DIRECTION('',(-1.,1.224646799147E-16,0.));
#19 = AXIS2_PLACEMENT_3D('',#20,#21,#22);
#20 = CARTESIAN_POINT('',(0.,0.,0.));
#21 = DIRECTION('',(0.,0.,1.));
#22 = DIRECTION('',(1.,0.,0.));
#23 = ( GEOMETRIC_REPRESENTATION_CONTEXT(3) 
GLOBAL_UNCERTAINTY_ASSIGNED_CONTEXT((#27)) GLOBAL_UNIT_ASSIGNED_CONTEXT(
(#24,#25,#26)) REPRESENTATION_CONTEXT('Context #1',
  '3D Context with UNIT and UNCERTAINTY') );
#24 = ( LENGTH_UNIT() NAMED_UNIT(*) SI_UNIT(.MILLI.,.METRE.) );
#25 = ( NAMED_UNIT(*) PLANE_ANGLE_UNIT() SI_UNIT($,.RADIAN.) );
#26 = ( NAMED_UNIT(*) SI_UNIT($,.STERADIAN.) SOLID_ANGLE_UNIT() );
#27 = UNCERTAINTY_MEASURE_WITH_UNIT(LENGTH_MEASURE(5.E-07),#24,
  'distance_accuracy_value','confusion accuracy');
#28 = PRODUCT_RELATED_PRODUCT_CATEGORY('part',$,(#7));
#29 = SHAPE_DEFINITION_REPRESENTATION(#30,#36);
#30 = PRODUCT_DEFINITION_SHAPE('','',#31);
#31 = PRODUCT_DEFINITION('design','',#32,#35);
#32 = PRODUCT_DEFINITION_FORMATION('','',#33);
#33 = PRODUCT('Housing','Housing','',(#34));
#34 = PRODUCT_CONTEXT('',#2,'mechanical');
#35 = PRODUCT_DEFINITION_CONTEXT('part definition',#2,'design');
#36 = ADVANCED_BREP_SHAPE_REPRESENTATION('',(#11,#37),#7666);
#37 = MANIFOLD_SOLID_BREP('',#38);
#38 = CLOSED_SHELL('',(#39,#95,#126,#902,#926,#982,#1038,#1121,#1138,
    #1304,#1328,#1432,#1449,#1474,#1498,#1523,#1547,#1572,#1596,#1620,
    #1644,#1668,#1686,#1703,#1720,#1737,#1756,#1803,#1827,#1851,#1875,
    #1899,#1923,#1947,#1980,#2027,#2051,#2075,#2099,#2123,#2147,#2171,
    #2204,#2251,#2275,#2299,#2323,#2347,#2371,#2395,#2428,#2475,#2499,
    #2523,#2547,#2571,#2595,#2619,#2652,#2699,#2723,#2747,#2771,#2795,
    #2819,#2843,#2876,#2923,#2947,#2971,#2995,#3019,#3043,#3067,#3100,
    #3147,#3171,#3195,#3219,#3243,#3267,#3291,#3324,#3371,#3395,#3419,
    #3443,#3467,#3491,#3515,#3548,#3595,#3619,#3643,#3667,#3691,#3715,
    #3739,#3772,#3821,#4158,#4175,#4192,#4209,#4451,#4482,#4506,#4530,
    #4547,#4580,#4606,#4942,#4961,#4978,#4995,#5012,#5029,#5046,#5063,
    #5080,#5097,#5114,#5131,#5143,#5169,#5211,#5273,#5308,#5334,#5376,
    #5438,#5473,#5499,#5541,#5603,#5638,#5664,#5706,#5768,#5803,#5829,
    #5871,#5933,#5968,#5994,#6036,#6098,#6133,#6159,#6201,#6263,#6298,
    #6324,#6366,#6428,#6463,#6489,#6531,#6593,#6628,#6645,#6662,#6679,
    #6696,#6713,#6730,#6747,#6764,#6781,#6793,#6815,#6832,#6849,#6861,
    #6883,#6900,#6917,#6929,#6951,#6968,#6985,#6997,#7019,#7036,#7053,
    #7065,#7087,#7104,#7121,#7133,#7155,#7172,#7189,#7201,#7223,#7240,
    #7257,#7269,#7291,#7308,#7325,#7337,#7359,#7376,#7393,#7405,#7422,
    #7434,#7451,#7463,#7480,#7492,#7509,#7521,#7538,#7550,#7567,#7579,
    #7596,#7608,#7625,#7637,#7654));
#39 = ADVANCED_FACE('',(#40),#90,.F.);
#40 = FACE_BOUND('',#41,.F.);
#41 = EDGE_LOOP('',(#42,#52,#60,#68,#76,#84));
#42 = ORIENTED_EDGE('',*,*,#43,.F.);
#43 = EDGE_CURVE('',#44,#46,#48,.T.);
#44 = VERTEX_POINT('',#45);
#45 = CARTESIAN_POINT('',(23.55,1.52,3.45));
#46 = VERTEX_POINT('',#47);
#47 = CARTESIAN_POINT('',(23.55,1.52,9.8));
#48 = LINE('',#49,#50);
#49 = CARTESIAN_POINT('',(23.55,1.52,3.45));
#50 = VECTOR('',#51,1.);
#51 = DIRECTION('',(0.,0.,1.));
#52 = ORIENTED_EDGE('',*,*,#53,.T.);
#53 = EDGE_CURVE('',#44,#54,#56,.T.);
#54 = VERTEX_POINT('',#55);
#55 = CARTESIAN_POINT('',(23.1,1.52,3.45));
#56 = LINE('',#57,#58);
#57 = CARTESIAN_POINT('',(23.55,1.52,3.45));
#58 = VECTOR('',#59,1.);
#59 = DIRECTION('',(-1.,-0.,-0.));
#60 = ORIENTED_EDGE('',*,*,#61,.F.);
#61 = EDGE_CURVE('',#62,#54,#64,.T.);
#62 = VERTEX_POINT('',#63);
#63 = CARTESIAN_POINT('',(23.1,1.52,5.25));
#64 = LINE('',#65,#66);
#65 = CARTESIAN_POINT('',(23.1,1.52,5.25));
#66 = VECTOR('',#67,1.);
#67 = DIRECTION('',(0.,1.233581138472E-16,-1.));
#68 = ORIENTED_EDGE('',*,*,#69,.T.);
#69 = EDGE_CURVE('',#62,#70,#72,.T.);
#70 = VERTEX_POINT('',#71);
#71 = CARTESIAN_POINT('',(23.,1.52,5.25));
#72 = LINE('',#73,#74);
#73 = CARTESIAN_POINT('',(23.1,1.52,5.25));
#74 = VECTOR('',#75,1.);
#75 = DIRECTION('',(-1.,-0.,-0.));
#76 = ORIENTED_EDGE('',*,*,#77,.F.);
#77 = EDGE_CURVE('',#78,#70,#80,.T.);
#78 = VERTEX_POINT('',#79);
#79 = CARTESIAN_POINT('',(23.,1.52,9.8));
#80 = LINE('',#81,#82);
#81 = CARTESIAN_POINT('',(23.,1.52,9.8));
#82 = VECTOR('',#83,1.);
#83 = DIRECTION('',(0.,0.,-1.));
#84 = ORIENTED_EDGE('',*,*,#85,.F.);
#85 = EDGE_CURVE('',#46,#78,#86,.T.);
#86 = LINE('',#87,#88);
#87 = CARTESIAN_POINT('',(23.55,1.52,9.8));
#88 = VECTOR('',#89,1.);
#89 = DIRECTION('',(-1.,-0.,-0.));
#90 = PLANE('',#91);
#91 = AXIS2_PLACEMENT_3D('',#92,#93,#94);
#92 = CARTESIAN_POINT('',(23.55,1.52,3.45));
#93 = DIRECTION('',(0.,1.,0.));
#94 = DIRECTION('',(0.,0.,1.));
#95 = ADVANCED_FACE('',(#96),#121,.F.);
#96 = FACE_BOUND('',#97,.F.);
#97 = EDGE_LOOP('',(#98,#106,#107,#115));
#98 = ORIENTED_EDGE('',*,*,#99,.T.);
#99 = EDGE_CURVE('',#100,#44,#102,.T.);
#100 = VERTEX_POINT('',#101);
#101 = CARTESIAN_POINT('',(23.55,-0.98,3.45));
#102 = LINE('',#103,#104);
#103 = CARTESIAN_POINT('',(23.55,-0.98,3.45));
#104 = VECTOR('',#105,1.);
#105 = DIRECTION('',(0.,1.,0.));
#106 = ORIENTED_EDGE('',*,*,#43,.T.);
#107 = ORIENTED_EDGE('',*,*,#108,.T.);
#108 = EDGE_CURVE('',#46,#109,#111,.T.);
#109 = VERTEX_POINT('',#110);
#110 = CARTESIAN_POINT('',(23.55,-0.98,9.8));
#111 = LINE('',#112,#113);
#112 = CARTESIAN_POINT('',(23.55,1.52,9.8));
#113 = VECTOR('',#114,1.);
#114 = DIRECTION('',(0.,-1.,0.));
#115 = ORIENTED_EDGE('',*,*,#116,.T.);
#116 = EDGE_CURVE('',#109,#100,#117,.T.);
#117 = LINE('',#118,#119);
#118 = CARTESIAN_POINT('',(23.55,-0.98,9.8));
#119 = VECTOR('',#120,1.);
#120 = DIRECTION('',(0.,0.,-1.));
#121 = PLANE('',#122);
#122 = AXIS2_PLACEMENT_3D('',#123,#124,#125);
#123 = CARTESIAN_POINT('',(23.55,0.27,6.625));
#124 = DIRECTION('',(1.,0.,0.));
#125 = DIRECTION('',(0.,0.,1.));
#126 = ADVANCED_FACE('',(#127,#253,#303,#369,#435,#501,#567,#633,#699,
    #765,#831),#897,.T.);
#127 = FACE_BOUND('',#128,.T.);
#128 = EDGE_LOOP('',(#129,#139,#148,#156,#164,#172,#180,#189,#197,#206,
    #214,#223,#231,#239,#247));
#129 = ORIENTED_EDGE('',*,*,#130,.F.);
#130 = EDGE_CURVE('',#131,#133,#135,.T.);
#131 = VERTEX_POINT('',#132);
#132 = CARTESIAN_POINT('',(24.599999999946,-1.530000000003,9.8));
#133 = VERTEX_POINT('',#134);
#134 = CARTESIAN_POINT('',(22.45,-1.53,9.8));
#135 = LINE('',#136,#137);
#136 = CARTESIAN_POINT('',(-1.599999999999,-1.53,9.8));
#137 = VECTOR('',#138,1.);
#138 = DIRECTION('',(-1.,0.,0.));
#139 = ORIENTED_EDGE('',*,*,#140,.T.);
#140 = EDGE_CURVE('',#131,#141,#143,.T.);
#141 = VERTEX_POINT('',#142);
#142 = CARTESIAN_POINT('',(24.899999999985,-1.229999999978,9.8));
#143 = CIRCLE('',#144,0.300000000032);
#144 = AXIS2_PLACEMENT_3D('',#145,#146,#147);
#145 = CARTESIAN_POINT('',(24.599999999943,-1.229999999968,9.8));
#146 = DIRECTION('',(0.,0.,1.));
#147 = DIRECTION('',(1.,0.,0.));
#148 = ORIENTED_EDGE('',*,*,#149,.F.);
#149 = EDGE_CURVE('',#150,#141,#152,.T.);
#150 = VERTEX_POINT('',#151);
#151 = CARTESIAN_POINT('',(24.899999999994,0.337500000005,9.8));
#152 = LINE('',#153,#154);
#153 = CARTESIAN_POINT('',(24.899999999994,3.069999999962,9.8));
#154 = VECTOR('',#155,1.);
#155 = DIRECTION('',(0.,-1.,0.));
#156 = ORIENTED_EDGE('',*,*,#157,.T.);
#157 = EDGE_CURVE('',#150,#158,#160,.T.);
#158 = VERTEX_POINT('',#159);
#159 = CARTESIAN_POINT('',(24.15,0.9,9.8));
#160 = LINE('',#161,#162);
#161 = CARTESIAN_POINT('',(24.95,0.3,9.8));
#162 = VECTOR('',#163,1.);
#163 = DIRECTION('',(-0.8,0.6,0.));
#164 = ORIENTED_EDGE('',*,*,#165,.T.);
#165 = EDGE_CURVE('',#158,#166,#168,.T.);
#166 = VERTEX_POINT('',#167);
#167 = CARTESIAN_POINT('',(24.899999999994,1.462499999995,9.8));
#168 = LINE('',#169,#170);
#169 = CARTESIAN_POINT('',(24.15,0.9,9.8));
#170 = VECTOR('',#171,1.);
#171 = DIRECTION('',(0.8,0.6,0.));
#172 = ORIENTED_EDGE('',*,*,#173,.F.);
#173 = EDGE_CURVE('',#174,#166,#176,.T.);
#174 = VERTEX_POINT('',#175);
#175 = CARTESIAN_POINT('',(24.899999999993,3.069999999932,9.8));
#176 = LINE('',#177,#178);
#177 = CARTESIAN_POINT('',(24.899999999994,3.069999999962,9.8));
#178 = VECTOR('',#179,1.);
#179 = DIRECTION('',(0.,-1.,0.));
#180 = ORIENTED_EDGE('',*,*,#181,.T.);
#181 = EDGE_CURVE('',#174,#182,#184,.T.);
#182 = VERTEX_POINT('',#183);
#183 = CARTESIAN_POINT('',(24.599999999946,3.369999999996,9.8));
#184 = CIRCLE('',#185,0.300000000032);
#185 = AXIS2_PLACEMENT_3D('',#186,#187,#188);
#186 = CARTESIAN_POINT('',(24.59999999996,3.069999999966,9.8));
#187 = DIRECTION('',(0.,0.,1.));
#188 = DIRECTION('',(1.,0.,0.));
#189 = ORIENTED_EDGE('',*,*,#190,.F.);
#190 = EDGE_CURVE('',#191,#182,#193,.T.);
#191 = VERTEX_POINT('',#192);
#192 = CARTESIAN_POINT('',(-2.099999999952,3.369999999998,9.8));
#193 = LINE('',#194,#195);
#194 = CARTESIAN_POINT('',(-2.099999999947,3.369999999994,9.8));
#195 = VECTOR('',#196,1.);
#196 = DIRECTION('',(1.,0.,0.));
#197 = ORIENTED_EDGE('',*,*,#198,.T.);
#198 = EDGE_CURVE('',#191,#199,#201,.T.);
#199 = VERTEX_POINT('',#200);
#200 = CARTESIAN_POINT('',(-2.399999999987,3.069999999975,9.8));
#201 = CIRCLE('',#202,0.300000000032);
#202 = AXIS2_PLACEMENT_3D('',#203,#204,#205);
#203 = CARTESIAN_POINT('',(-2.099999999949,3.069999999971,9.8));
#204 = DIRECTION('',(0.,0.,1.));
#205 = DIRECTION('',(1.,0.,0.));
#206 = ORIENTED_EDGE('',*,*,#207,.F.);
#207 = EDGE_CURVE('',#208,#199,#210,.T.);
#208 = VERTEX_POINT('',#209);
#209 = CARTESIAN_POINT('',(-2.39999999999,-1.229999999942,9.8));
#210 = LINE('',#211,#212);
#211 = CARTESIAN_POINT('',(-2.399999999993,-1.22999999995,9.8));
#212 = VECTOR('',#213,1.);
#213 = DIRECTION('',(0.,1.,0.));
#214 = ORIENTED_EDGE('',*,*,#215,.T.);
#215 = EDGE_CURVE('',#208,#216,#218,.T.);
#216 = VERTEX_POINT('',#217);
#217 = CARTESIAN_POINT('',(-2.099999999963,-1.529999999994,9.8));
#218 = CIRCLE('',#219,0.300000000032);
#219 = AXIS2_PLACEMENT_3D('',#220,#221,#222);
#220 = CARTESIAN_POINT('',(-2.099999999955,-1.229999999956,9.8));
#221 = DIRECTION('',(0.,0.,1.));
#222 = DIRECTION('',(1.,0.,0.));
#223 = ORIENTED_EDGE('',*,*,#224,.F.);
#224 = EDGE_CURVE('',#225,#216,#227,.T.);
#225 = VERTEX_POINT('',#226);
#226 = CARTESIAN_POINT('',(4.999999999999E-02,-1.53,9.8));
#227 = LINE('',#228,#229);
#228 = CARTESIAN_POINT('',(-1.599999999999,-1.53,9.8));
#229 = VECTOR('',#230,1.);
#230 = DIRECTION('',(-1.,0.,0.));
#231 = ORIENTED_EDGE('',*,*,#232,.T.);
#232 = EDGE_CURVE('',#225,#233,#235,.T.);
#233 = VERTEX_POINT('',#234);
#234 = CARTESIAN_POINT('',(4.999999999999E-02,-2.33,9.8));
#235 = LINE('',#236,#237);
#236 = CARTESIAN_POINT('',(4.999999999999E-02,-1.53,9.8));
#237 = VECTOR('',#238,1.);
#238 = DIRECTION('',(-6.206767082607E-15,-1.,-6.716849298982E-15));
#239 = ORIENTED_EDGE('',*,*,#240,.T.);
#240 = EDGE_CURVE('',#233,#241,#243,.T.);
#241 = VERTEX_POINT('',#242);
#242 = CARTESIAN_POINT('',(22.45,-2.33,9.8));
#243 = LINE('',#244,#245);
#244 = CARTESIAN_POINT('',(4.999999999999E-02,-2.33,9.8));
#245 = VECTOR('',#246,1.);
#246 = DIRECTION('',(1.,-6.206767082607E-15,-2.090481398836E-29));
#247 = ORIENTED_EDGE('',*,*,#248,.F.);
#248 = EDGE_CURVE('',#133,#241,#249,.T.);
#249 = LINE('',#250,#251);
#250 = CARTESIAN_POINT('',(22.45,-1.53,9.8));
#251 = VECTOR('',#252,1.);
#252 = DIRECTION('',(-6.206767082607E-15,-1.,-6.716849298982E-15));
#253 = FACE_BOUND('',#254,.T.);
#254 = EDGE_LOOP('',(#255,#256,#257,#265,#273,#281,#289,#297));
#255 = ORIENTED_EDGE('',*,*,#85,.F.);
#256 = ORIENTED_EDGE('',*,*,#108,.T.);
#257 = ORIENTED_EDGE('',*,*,#258,.T.);
#258 = EDGE_CURVE('',#109,#259,#261,.T.);
#259 = VERTEX_POINT('',#260);
#260 = CARTESIAN_POINT('',(21.45,-0.98,9.8));
#261 = LINE('',#262,#263);
#262 = CARTESIAN_POINT('',(23.55,-0.98,9.8));
#263 = VECTOR('',#264,1.);
#264 = DIRECTION('',(-1.,-0.,-0.));
#265 = ORIENTED_EDGE('',*,*,#266,.F.);
#266 = EDGE_CURVE('',#267,#259,#269,.T.);
#267 = VERTEX_POINT('',#268);
#268 = CARTESIAN_POINT('',(21.45,1.52,9.8));
#269 = LINE('',#270,#271);
#270 = CARTESIAN_POINT('',(21.45,1.52,9.8));
#271 = VECTOR('',#272,1.);
#272 = DIRECTION('',(0.,-1.,0.));
#273 = ORIENTED_EDGE('',*,*,#274,.F.);
#274 = EDGE_CURVE('',#275,#267,#277,.T.);
#275 = VERTEX_POINT('',#276);
#276 = CARTESIAN_POINT('',(22.,1.52,9.8));
#277 = LINE('',#278,#279);
#278 = CARTESIAN_POINT('',(23.55,1.52,9.8));
#279 = VECTOR('',#280,1.);
#280 = DIRECTION('',(-1.,-0.,-0.));
#281 = ORIENTED_EDGE('',*,*,#282,.F.);
#282 = EDGE_CURVE('',#283,#275,#285,.T.);
#283 = VERTEX_POINT('',#284);
#284 = CARTESIAN_POINT('',(22.,1.92,9.8));
#285 = LINE('',#286,#287);
#286 = CARTESIAN_POINT('',(22.,1.92,9.8));
#287 = VECTOR('',#288,1.);
#288 = DIRECTION('',(0.,-1.,0.));
#289 = ORIENTED_EDGE('',*,*,#290,.F.);
#290 = EDGE_CURVE('',#291,#283,#293,.T.);
#291 = VERTEX_POINT('',#292);
#292 = CARTESIAN_POINT('',(23.,1.92,9.8));
#293 = LINE('',#294,#295);
#294 = CARTESIAN_POINT('',(23.,1.92,9.8));
#295 = VECTOR('',#296,1.);
#296 = DIRECTION('',(-1.,-0.,-0.));
#297 = ORIENTED_EDGE('',*,*,#298,.T.);
#298 = EDGE_CURVE('',#291,#78,#299,.T.);
#299 = LINE('',#300,#301);
#300 = CARTESIAN_POINT('',(23.,1.92,9.8));
#301 = VECTOR('',#302,1.);
#302 = DIRECTION('',(0.,-1.,0.));
#303 = FACE_BOUND('',#304,.T.);
#304 = EDGE_LOOP('',(#305,#315,#323,#331,#339,#347,#355,#363));
#305 = ORIENTED_EDGE('',*,*,#306,.F.);
#306 = EDGE_CURVE('',#307,#309,#311,.T.);
#307 = VERTEX_POINT('',#308);
#308 = CARTESIAN_POINT('',(21.05,1.52,9.8));
#309 = VERTEX_POINT('',#310);
#310 = CARTESIAN_POINT('',(20.5,1.52,9.8));
#311 = LINE('',#312,#313);
#312 = CARTESIAN_POINT('',(21.05,1.52,9.8));
#313 = VECTOR('',#314,1.);
#314 = DIRECTION('',(-1.,-0.,-0.));
#315 = ORIENTED_EDGE('',*,*,#316,.T.);
#316 = EDGE_CURVE('',#307,#317,#319,.T.);
#317 = VERTEX_POINT('',#318);
#318 = CARTESIAN_POINT('',(21.05,-0.98,9.8));
#319 = LINE('',#320,#321);
#320 = CARTESIAN_POINT('',(21.05,1.52,9.8));
#321 = VECTOR('',#322,1.);
#322 = DIRECTION('',(0.,-1.,0.));
#323 = ORIENTED_EDGE('',*,*,#324,.T.);
#324 = EDGE_CURVE('',#317,#325,#327,.T.);
#325 = VERTEX_POINT('',#326);
#326 = CARTESIAN_POINT('',(18.95,-0.98,9.8));
#327 = LINE('',#328,#329);
#328 = CARTESIAN_POINT('',(21.05,-0.98,9.8));
#329 = VECTOR('',#330,1.);
#330 = DIRECTION('',(-1.,-0.,-0.));
#331 = ORIENTED_EDGE('',*,*,#332,.F.);
#332 = EDGE_CURVE('',#333,#325,#335,.T.);
#333 = VERTEX_POINT('',#334);
#334 = CARTESIAN_POINT('',(18.95,1.52,9.8));
#335 = LINE('',#336,#337);
#336 = CARTESIAN_POINT('',(18.95,1.52,9.8));
#337 = VECTOR('',#338,1.);
#338 = DIRECTION('',(0.,-1.,0.));
#339 = ORIENTED_EDGE('',*,*,#340,.F.);
#340 = EDGE_CURVE('',#341,#333,#343,.T.);
#341 = VERTEX_POINT('',#342);
#342 = CARTESIAN_POINT('',(19.5,1.52,9.8));
#343 = LINE('',#344,#345);
#344 = CARTESIAN_POINT('',(21.05,1.52,9.8));
#345 = VECTOR('',#346,1.);
#346 = DIRECTION('',(-1.,-0.,-0.));
#347 = ORIENTED_EDGE('',*,*,#348,.F.);
#348 = EDGE_CURVE('',#349,#341,#351,.T.);
#349 = VERTEX_POINT('',#350);
#350 = CARTESIAN_POINT('',(19.5,1.92,9.8));
#351 = LINE('',#352,#353);
#352 = CARTESIAN_POINT('',(19.5,1.92,9.8));
#353 = VECTOR('',#354,1.);
#354 = DIRECTION('',(0.,-1.,0.));
#355 = ORIENTED_EDGE('',*,*,#356,.F.);
#356 = EDGE_CURVE('',#357,#349,#359,.T.);
#357 = VERTEX_POINT('',#358);
#358 = CARTESIAN_POINT('',(20.5,1.92,9.8));
#359 = LINE('',#360,#361);
#360 = CARTESIAN_POINT('',(20.5,1.92,9.8));
#361 = VECTOR('',#362,1.);
#362 = DIRECTION('',(-1.,-0.,-0.));
#363 = ORIENTED_EDGE('',*,*,#364,.T.);
#364 = EDGE_CURVE('',#357,#309,#365,.T.);
#365 = LINE('',#366,#367);
#366 = CARTESIAN_POINT('',(20.5,1.92,9.8));
#367 = VECTOR('',#368,1.);
#368 = DIRECTION('',(0.,-1.,0.));
#369 = FACE_BOUND('',#370,.T.);
#370 = EDGE_LOOP('',(#371,#381,#389,#397,#405,#413,#421,#429));
#371 = ORIENTED_EDGE('',*,*,#372,.F.);
#372 = EDGE_CURVE('',#373,#375,#377,.T.);
#373 = VERTEX_POINT('',#374);
#374 = CARTESIAN_POINT('',(18.55,1.52,9.8));
#375 = VERTEX_POINT('',#376);
#376 = CARTESIAN_POINT('',(18.,1.52,9.8));
#377 = LINE('',#378,#379);
#378 = CARTESIAN_POINT('',(18.55,1.52,9.8));
#379 = VECTOR('',#380,1.);
#380 = DIRECTION('',(-1.,-0.,-0.));
#381 = ORIENTED_EDGE('',*,*,#382,.T.);
#382 = EDGE_CURVE('',#373,#383,#385,.T.);
#383 = VERTEX_POINT('',#384);
#384 = CARTESIAN_POINT('',(18.55,-0.98,9.8));
#385 = LINE('',#386,#387);
#386 = CARTESIAN_POINT('',(18.55,1.52,9.8));
#387 = VECTOR('',#388,1.);
#388 = DIRECTION('',(0.,-1.,0.));
#389 = ORIENTED_EDGE('',*,*,#390,.T.);
#390 = EDGE_CURVE('',#383,#391,#393,.T.);
#391 = VERTEX_POINT('',#392);
#392 = CARTESIAN_POINT('',(16.45,-0.98,9.8));
#393 = LINE('',#394,#395);
#394 = CARTESIAN_POINT('',(18.55,-0.98,9.8));
#395 = VECTOR('',#396,1.);
#396 = DIRECTION('',(-1.,-0.,-0.));
#397 = ORIENTED_EDGE('',*,*,#398,.F.);
#398 = EDGE_CURVE('',#399,#391,#401,.T.);
#399 = VERTEX_POINT('',#400);
#400 = CARTESIAN_POINT('',(16.45,1.52,9.8));
#401 = LINE('',#402,#403);
#402 = CARTESIAN_POINT('',(16.45,1.52,9.8));
#403 = VECTOR('',#404,1.);
#404 = DIRECTION('',(0.,-1.,0.));
#405 = ORIENTED_EDGE('',*,*,#406,.F.);
#406 = EDGE_CURVE('',#407,#399,#409,.T.);
#407 = VERTEX_POINT('',#408);
#408 = CARTESIAN_POINT('',(17.,1.52,9.8));
#409 = LINE('',#410,#411);
#410 = CARTESIAN_POINT('',(18.55,1.52,9.8));
#411 = VECTOR('',#412,1.);
#412 = DIRECTION('',(-1.,-0.,-0.));
#413 = ORIENTED_EDGE('',*,*,#414,.F.);
#414 = EDGE_CURVE('',#415,#407,#417,.T.);
#415 = VERTEX_POINT('',#416);
#416 = CARTESIAN_POINT('',(17.,1.92,9.8));
#417 = LINE('',#418,#419);
#418 = CARTESIAN_POINT('',(17.,1.92,9.8));
#419 = VECTOR('',#420,1.);
#420 = DIRECTION('',(0.,-1.,0.));
#421 = ORIENTED_EDGE('',*,*,#422,.F.);
#422 = EDGE_CURVE('',#423,#415,#425,.T.);
#423 = VERTEX_POINT('',#424);
#424 = CARTESIAN_POINT('',(18.,1.92,9.8));
#425 = LINE('',#426,#427);
#426 = CARTESIAN_POINT('',(18.,1.92,9.8));
#427 = VECTOR('',#428,1.);
#428 = DIRECTION('',(-1.,-0.,-0.));
#429 = ORIENTED_EDGE('',*,*,#430,.T.);
#430 = EDGE_CURVE('',#423,#375,#431,.T.);
#431 = LINE('',#432,#433);
#432 = CARTESIAN_POINT('',(18.,1.92,9.8));
#433 = VECTOR('',#434,1.);
#434 = DIRECTION('',(0.,-1.,0.));
#435 = FACE_BOUND('',#436,.T.);
#436 = EDGE_LOOP('',(#437,#447,#455,#463,#471,#479,#487,#495));
#437 = ORIENTED_EDGE('',*,*,#438,.F.);
#438 = EDGE_CURVE('',#439,#441,#443,.T.);
#439 = VERTEX_POINT('',#440);
#440 = CARTESIAN_POINT('',(16.05,1.52,9.8));
#441 = VERTEX_POINT('',#442);
#442 = CARTESIAN_POINT('',(15.5,1.52,9.8));
#443 = LINE('',#444,#445);
#444 = CARTESIAN_POINT('',(16.05,1.52,9.8));
#445 = VECTOR('',#446,1.);
#446 = DIRECTION('',(-1.,-0.,-0.));
#447 = ORIENTED_EDGE('',*,*,#448,.T.);
#448 = EDGE_CURVE('',#439,#449,#451,.T.);
#449 = VERTEX_POINT('',#450);
#450 = CARTESIAN_POINT('',(16.05,-0.98,9.8));
#451 = LINE('',#452,#453);
#452 = CARTESIAN_POINT('',(16.05,1.52,9.8));
#453 = VECTOR('',#454,1.);
#454 = DIRECTION('',(0.,-1.,0.));
#455 = ORIENTED_EDGE('',*,*,#456,.T.);
#456 = EDGE_CURVE('',#449,#457,#459,.T.);
#457 = VERTEX_POINT('',#458);
#458 = CARTESIAN_POINT('',(13.95,-0.98,9.8));
#459 = LINE('',#460,#461);
#460 = CARTESIAN_POINT('',(16.05,-0.98,9.8));
#461 = VECTOR('',#462,1.);
#462 = DIRECTION('',(-1.,-0.,-0.));
#463 = ORIENTED_EDGE('',*,*,#464,.F.);
#464 = EDGE_CURVE('',#465,#457,#467,.T.);
#465 = VERTEX_POINT('',#466);
#466 = CARTESIAN_POINT('',(13.95,1.52,9.8));
#467 = LINE('',#468,#469);
#468 = CARTESIAN_POINT('',(13.95,1.52,9.8));
#469 = VECTOR('',#470,1.);
#470 = DIRECTION('',(0.,-1.,0.));
#471 = ORIENTED_EDGE('',*,*,#472,.F.);
#472 = EDGE_CURVE('',#473,#465,#475,.T.);
#473 = VERTEX_POINT('',#474);
#474 = CARTESIAN_POINT('',(14.5,1.52,9.8));
#475 = LINE('',#476,#477);
#476 = CARTESIAN_POINT('',(16.05,1.52,9.8));
#477 = VECTOR('',#478,1.);
#478 = DIRECTION('',(-1.,-0.,-0.));
#479 = ORIENTED_EDGE('',*,*,#480,.F.);
#480 = EDGE_CURVE('',#481,#473,#483,.T.);
#481 = VERTEX_POINT('',#482);
#482 = CARTESIAN_POINT('',(14.5,1.92,9.8));
#483 = LINE('',#484,#485);
#484 = CARTESIAN_POINT('',(14.5,1.92,9.8));
#485 = VECTOR('',#486,1.);
#486 = DIRECTION('',(0.,-1.,0.));
#487 = ORIENTED_EDGE('',*,*,#488,.F.);
#488 = EDGE_CURVE('',#489,#481,#491,.T.);
#489 = VERTEX_POINT('',#490);
#490 = CARTESIAN_POINT('',(15.5,1.92,9.8));
#491 = LINE('',#492,#493);
#492 = CARTESIAN_POINT('',(15.5,1.92,9.8));
#493 = VECTOR('',#494,1.);
#494 = DIRECTION('',(-1.,-0.,-0.));
#495 = ORIENTED_EDGE('',*,*,#496,.T.);
#496 = EDGE_CURVE('',#489,#441,#497,.T.);
#497 = LINE('',#498,#499);
#498 = CARTESIAN_POINT('',(15.5,1.92,9.8));
#499 = VECTOR('',#500,1.);
#500 = DIRECTION('',(0.,-1.,0.));
#501 = FACE_BOUND('',#502,.T.);
#502 = EDGE_LOOP('',(#503,#513,#521,#529,#537,#545,#553,#561));
#503 = ORIENTED_EDGE('',*,*,#504,.F.);
#504 = EDGE_CURVE('',#505,#507,#509,.T.);
#505 = VERTEX_POINT('',#506);
#506 = CARTESIAN_POINT('',(13.55,1.52,9.8));
#507 = VERTEX_POINT('',#508);
#508 = CARTESIAN_POINT('',(13.,1.52,9.8));
#509 = LINE('',#510,#511);
#510 = CARTESIAN_POINT('',(13.55,1.52,9.8));
#511 = VECTOR('',#512,1.);
#512 = DIRECTION('',(-1.,-0.,-0.));
#513 = ORIENTED_EDGE('',*,*,#514,.T.);
#514 = EDGE_CURVE('',#505,#515,#517,.T.);
#515 = VERTEX_POINT('',#516);
#516 = CARTESIAN_POINT('',(13.55,-0.98,9.8));
#517 = LINE('',#518,#519);
#518 = CARTESIAN_POINT('',(13.55,1.52,9.8));
#519 = VECTOR('',#520,1.);
#520 = DIRECTION('',(0.,-1.,0.));
#521 = ORIENTED_EDGE('',*,*,#522,.T.);
#522 = EDGE_CURVE('',#515,#523,#525,.T.);
#523 = VERTEX_POINT('',#524);
#524 = CARTESIAN_POINT('',(11.45,-0.98,9.8));
#525 = LINE('',#526,#527);
#526 = CARTESIAN_POINT('',(13.55,-0.98,9.8));
#527 = VECTOR('',#528,1.);
#528 = DIRECTION('',(-1.,-0.,-0.));
#529 = ORIENTED_EDGE('',*,*,#530,.F.);
#530 = EDGE_CURVE('',#531,#523,#533,.T.);
#531 = VERTEX_POINT('',#532);
#532 = CARTESIAN_POINT('',(11.45,1.52,9.8));
#533 = LINE('',#534,#535);
#534 = CARTESIAN_POINT('',(11.45,1.52,9.8));
#535 = VECTOR('',#536,1.);
#536 = DIRECTION('',(0.,-1.,0.));
#537 = ORIENTED_EDGE('',*,*,#538,.F.);
#538 = EDGE_CURVE('',#539,#531,#541,.T.);
#539 = VERTEX_POINT('',#540);
#540 = CARTESIAN_POINT('',(12.,1.52,9.8));
#541 = LINE('',#542,#543);
#542 = CARTESIAN_POINT('',(13.55,1.52,9.8));
#543 = VECTOR('',#544,1.);
#544 = DIRECTION('',(-1.,-0.,-0.));
#545 = ORIENTED_EDGE('',*,*,#546,.F.);
#546 = EDGE_CURVE('',#547,#539,#549,.T.);
#547 = VERTEX_POINT('',#548);
#548 = CARTESIAN_POINT('',(12.,1.92,9.8));
#549 = LINE('',#550,#551);
#550 = CARTESIAN_POINT('',(12.,1.92,9.8));
#551 = VECTOR('',#552,1.);
#552 = DIRECTION('',(0.,-1.,0.));
#553 = ORIENTED_EDGE('',*,*,#554,.F.);
#554 = EDGE_CURVE('',#555,#547,#557,.T.);
#555 = VERTEX_POINT('',#556);
#556 = CARTESIAN_POINT('',(13.,1.92,9.8));
#557 = LINE('',#558,#559);
#558 = CARTESIAN_POINT('',(13.,1.92,9.8));
#559 = VECTOR('',#560,1.);
#560 = DIRECTION('',(-1.,-0.,-0.));
#561 = ORIENTED_EDGE('',*,*,#562,.T.);
#562 = EDGE_CURVE('',#555,#507,#563,.T.);
#563 = LINE('',#564,#565);
#564 = CARTESIAN_POINT('',(13.,1.92,9.8));
#565 = VECTOR('',#566,1.);
#566 = DIRECTION('',(0.,-1.,0.));
#567 = FACE_BOUND('',#568,.T.);
#568 = EDGE_LOOP('',(#569,#579,#587,#595,#603,#611,#619,#627));
#569 = ORIENTED_EDGE('',*,*,#570,.F.);
#570 = EDGE_CURVE('',#571,#573,#575,.T.);
#571 = VERTEX_POINT('',#572);
#572 = CARTESIAN_POINT('',(11.05,1.52,9.8));
#573 = VERTEX_POINT('',#574);
#574 = CARTESIAN_POINT('',(10.5,1.52,9.8));
#575 = LINE('',#576,#577);
#576 = CARTESIAN_POINT('',(11.05,1.52,9.8));
#577 = VECTOR('',#578,1.);
#578 = DIRECTION('',(-1.,-0.,-0.));
#579 = ORIENTED_EDGE('',*,*,#580,.T.);
#580 = EDGE_CURVE('',#571,#581,#583,.T.);
#581 = VERTEX_POINT('',#582);
#582 = CARTESIAN_POINT('',(11.05,-0.98,9.8));
#583 = LINE('',#584,#585);
#584 = CARTESIAN_POINT('',(11.05,1.52,9.8));
#585 = VECTOR('',#586,1.);
#586 = DIRECTION('',(0.,-1.,0.));
#587 = ORIENTED_EDGE('',*,*,#588,.T.);
#588 = EDGE_CURVE('',#581,#589,#591,.T.);
#589 = VERTEX_POINT('',#590);
#590 = CARTESIAN_POINT('',(8.95,-0.98,9.8));
#591 = LINE('',#592,#593);
#592 = CARTESIAN_POINT('',(11.05,-0.98,9.8));
#593 = VECTOR('',#594,1.);
#594 = DIRECTION('',(-1.,-0.,-0.));
#595 = ORIENTED_EDGE('',*,*,#596,.F.);
#596 = EDGE_CURVE('',#597,#589,#599,.T.);
#597 = VERTEX_POINT('',#598);
#598 = CARTESIAN_POINT('',(8.95,1.52,9.8));
#599 = LINE('',#600,#601);
#600 = CARTESIAN_POINT('',(8.95,1.52,9.8));
#601 = VECTOR('',#602,1.);
#602 = DIRECTION('',(0.,-1.,0.));
#603 = ORIENTED_EDGE('',*,*,#604,.F.);
#604 = EDGE_CURVE('',#605,#597,#607,.T.);
#605 = VERTEX_POINT('',#606);
#606 = CARTESIAN_POINT('',(9.5,1.52,9.8));
#607 = LINE('',#608,#609);
#608 = CARTESIAN_POINT('',(11.05,1.52,9.8));
#609 = VECTOR('',#610,1.);
#610 = DIRECTION('',(-1.,-0.,-0.));
#611 = ORIENTED_EDGE('',*,*,#612,.F.);
#612 = EDGE_CURVE('',#613,#605,#615,.T.);
#613 = VERTEX_POINT('',#614);
#614 = CARTESIAN_POINT('',(9.5,1.92,9.8));
#615 = LINE('',#616,#617);
#616 = CARTESIAN_POINT('',(9.5,1.92,9.8));
#617 = VECTOR('',#618,1.);
#618 = DIRECTION('',(0.,-1.,0.));
#619 = ORIENTED_EDGE('',*,*,#620,.F.);
#620 = EDGE_CURVE('',#621,#613,#623,.T.);
#621 = VERTEX_POINT('',#622);
#622 = CARTESIAN_POINT('',(10.5,1.92,9.8));
#623 = LINE('',#624,#625);
#624 = CARTESIAN_POINT('',(10.5,1.92,9.8));
#625 = VECTOR('',#626,1.);
#626 = DIRECTION('',(-1.,-0.,-0.));
#627 = ORIENTED_EDGE('',*,*,#628,.T.);
#628 = EDGE_CURVE('',#621,#573,#629,.T.);
#629 = LINE('',#630,#631);
#630 = CARTESIAN_POINT('',(10.5,1.92,9.8));
#631 = VECTOR('',#632,1.);
#632 = DIRECTION('',(0.,-1.,0.));
#633 = FACE_BOUND('',#634,.T.);
#634 = EDGE_LOOP('',(#635,#645,#653,#661,#669,#677,#685,#693));
#635 = ORIENTED_EDGE('',*,*,#636,.F.);
#636 = EDGE_CURVE('',#637,#639,#641,.T.);
#637 = VERTEX_POINT('',#638);
#638 = CARTESIAN_POINT('',(8.55,1.52,9.8));
#639 = VERTEX_POINT('',#640);
#640 = CARTESIAN_POINT('',(8.,1.52,9.8));
#641 = LINE('',#642,#643);
#642 = CARTESIAN_POINT('',(8.55,1.52,9.8));
#643 = VECTOR('',#644,1.);
#644 = DIRECTION('',(-1.,-0.,-0.));
#645 = ORIENTED_EDGE('',*,*,#646,.T.);
#646 = EDGE_CURVE('',#637,#647,#649,.T.);
#647 = VERTEX_POINT('',#648);
#648 = CARTESIAN_POINT('',(8.55,-0.98,9.8));
#649 = LINE('',#650,#651);
#650 = CARTESIAN_POINT('',(8.55,1.52,9.8));
#651 = VECTOR('',#652,1.);
#652 = DIRECTION('',(0.,-1.,0.));
#653 = ORIENTED_EDGE('',*,*,#654,.T.);
#654 = EDGE_CURVE('',#647,#655,#657,.T.);
#655 = VERTEX_POINT('',#656);
#656 = CARTESIAN_POINT('',(6.45,-0.98,9.8));
#657 = LINE('',#658,#659);
#658 = CARTESIAN_POINT('',(8.55,-0.98,9.8));
#659 = VECTOR('',#660,1.);
#660 = DIRECTION('',(-1.,-0.,-0.));
#661 = ORIENTED_EDGE('',*,*,#662,.F.);
#662 = EDGE_CURVE('',#663,#655,#665,.T.);
#663 = VERTEX_POINT('',#664);
#664 = CARTESIAN_POINT('',(6.45,1.52,9.8));
#665 = LINE('',#666,#667);
#666 = CARTESIAN_POINT('',(6.45,1.52,9.8));
#667 = VECTOR('',#668,1.);
#668 = DIRECTION('',(0.,-1.,0.));
#669 = ORIENTED_EDGE('',*,*,#670,.F.);
#670 = EDGE_CURVE('',#671,#663,#673,.T.);
#671 = VERTEX_POINT('',#672);
#672 = CARTESIAN_POINT('',(7.,1.52,9.8));
#673 = LINE('',#674,#675);
#674 = CARTESIAN_POINT('',(8.55,1.52,9.8));
#675 = VECTOR('',#676,1.);
#676 = DIRECTION('',(-1.,-0.,-0.));
#677 = ORIENTED_EDGE('',*,*,#678,.F.);
#678 = EDGE_CURVE('',#679,#671,#681,.T.);
#679 = VERTEX_POINT('',#680);
#680 = CARTESIAN_POINT('',(7.,1.92,9.8));
#681 = LINE('',#682,#683);
#682 = CARTESIAN_POINT('',(7.,1.92,9.8));
#683 = VECTOR('',#684,1.);
#684 = DIRECTION('',(0.,-1.,0.));
#685 = ORIENTED_EDGE('',*,*,#686,.F.);
#686 = EDGE_CURVE('',#687,#679,#689,.T.);
#687 = VERTEX_POINT('',#688);
#688 = CARTESIAN_POINT('',(8.,1.92,9.8));
#689 = LINE('',#690,#691);
#690 = CARTESIAN_POINT('',(8.,1.92,9.8));
#691 = VECTOR('',#692,1.);
#692 = DIRECTION('',(-1.,-0.,-0.));
#693 = ORIENTED_EDGE('',*,*,#694,.T.);
#694 = EDGE_CURVE('',#687,#639,#695,.T.);
#695 = LINE('',#696,#697);
#696 = CARTESIAN_POINT('',(8.,1.92,9.8));
#697 = VECTOR('',#698,1.);
#698 = DIRECTION('',(0.,-1.,0.));
#699 = FACE_BOUND('',#700,.T.);
#700 = EDGE_LOOP('',(#701,#711,#719,#727,#735,#743,#751,#759));
#701 = ORIENTED_EDGE('',*,*,#702,.F.);
#702 = EDGE_CURVE('',#703,#705,#707,.T.);
#703 = VERTEX_POINT('',#704);
#704 = CARTESIAN_POINT('',(6.05,1.52,9.8));
#705 = VERTEX_POINT('',#706);
#706 = CARTESIAN_POINT('',(5.5,1.52,9.8));
#707 = LINE('',#708,#709);
#708 = CARTESIAN_POINT('',(6.05,1.52,9.8));
#709 = VECTOR('',#710,1.);
#710 = DIRECTION('',(-1.,-0.,-0.));
#711 = ORIENTED_EDGE('',*,*,#712,.T.);
#712 = EDGE_CURVE('',#703,#713,#715,.T.);
#713 = VERTEX_POINT('',#714);
#714 = CARTESIAN_POINT('',(6.05,-0.98,9.8));
#715 = LINE('',#716,#717);
#716 = CARTESIAN_POINT('',(6.05,1.52,9.8));
#717 = VECTOR('',#718,1.);
#718 = DIRECTION('',(0.,-1.,0.));
#719 = ORIENTED_EDGE('',*,*,#720,.T.);
#720 = EDGE_CURVE('',#713,#721,#723,.T.);
#721 = VERTEX_POINT('',#722);
#722 = CARTESIAN_POINT('',(3.95,-0.98,9.8));
#723 = LINE('',#724,#725);
#724 = CARTESIAN_POINT('',(6.05,-0.98,9.8));
#725 = VECTOR('',#726,1.);
#726 = DIRECTION('',(-1.,-0.,-0.));
#727 = ORIENTED_EDGE('',*,*,#728,.F.);
#728 = EDGE_CURVE('',#729,#721,#731,.T.);
#729 = VERTEX_POINT('',#730);
#730 = CARTESIAN_POINT('',(3.95,1.52,9.8));
#731 = LINE('',#732,#733);
#732 = CARTESIAN_POINT('',(3.95,1.52,9.8));
#733 = VECTOR('',#734,1.);
#734 = DIRECTION('',(0.,-1.,0.));
#735 = ORIENTED_EDGE('',*,*,#736,.F.);
#736 = EDGE_CURVE('',#737,#729,#739,.T.);
#737 = VERTEX_POINT('',#738);
#738 = CARTESIAN_POINT('',(4.5,1.52,9.8));
#739 = LINE('',#740,#741);
#740 = CARTESIAN_POINT('',(6.05,1.52,9.8));
#741 = VECTOR('',#742,1.);
#742 = DIRECTION('',(-1.,-0.,-0.));
#743 = ORIENTED_EDGE('',*,*,#744,.F.);
#744 = EDGE_CURVE('',#745,#737,#747,.T.);
#745 = VERTEX_POINT('',#746);
#746 = CARTESIAN_POINT('',(4.5,1.92,9.8));
#747 = LINE('',#748,#749);
#748 = CARTESIAN_POINT('',(4.5,1.92,9.8));
#749 = VECTOR('',#750,1.);
#750 = DIRECTION('',(0.,-1.,0.));
#751 = ORIENTED_EDGE('',*,*,#752,.F.);
#752 = EDGE_CURVE('',#753,#745,#755,.T.);
#753 = VERTEX_POINT('',#754);
#754 = CARTESIAN_POINT('',(5.5,1.92,9.8));
#755 = LINE('',#756,#757);
#756 = CARTESIAN_POINT('',(5.5,1.92,9.8));
#757 = VECTOR('',#758,1.);
#758 = DIRECTION('',(-1.,-0.,-0.));
#759 = ORIENTED_EDGE('',*,*,#760,.T.);
#760 = EDGE_CURVE('',#753,#705,#761,.T.);
#761 = LINE('',#762,#763);
#762 = CARTESIAN_POINT('',(5.5,1.92,9.8));
#763 = VECTOR('',#764,1.);
#764 = DIRECTION('',(0.,-1.,0.));
#765 = FACE_BOUND('',#766,.T.);
#766 = EDGE_LOOP('',(#767,#777,#785,#793,#801,#809,#817,#825));
#767 = ORIENTED_EDGE('',*,*,#768,.F.);
#768 = EDGE_CURVE('',#769,#771,#773,.T.);
#769 = VERTEX_POINT('',#770);
#770 = CARTESIAN_POINT('',(3.55,1.52,9.8));
#771 = VERTEX_POINT('',#772);
#772 = CARTESIAN_POINT('',(3.,1.52,9.8));
#773 = LINE('',#774,#775);
#774 = CARTESIAN_POINT('',(3.55,1.52,9.8));
#775 = VECTOR('',#776,1.);
#776 = DIRECTION('',(-1.,-0.,-0.));
#777 = ORIENTED_EDGE('',*,*,#778,.T.);
#778 = EDGE_CURVE('',#769,#779,#781,.T.);
#779 = VERTEX_POINT('',#780);
#780 = CARTESIAN_POINT('',(3.55,-0.98,9.8));
#781 = LINE('',#782,#783);
#782 = CARTESIAN_POINT('',(3.55,1.52,9.8));
#783 = VECTOR('',#784,1.);
#784 = DIRECTION('',(0.,-1.,0.));
#785 = ORIENTED_EDGE('',*,*,#786,.T.);
#786 = EDGE_CURVE('',#779,#787,#789,.T.);
#787 = VERTEX_POINT('',#788);
#788 = CARTESIAN_POINT('',(1.45,-0.98,9.8));
#789 = LINE('',#790,#791);
#790 = CARTESIAN_POINT('',(3.55,-0.98,9.8));
#791 = VECTOR('',#792,1.);
#792 = DIRECTION('',(-1.,-0.,-0.));
#793 = ORIENTED_EDGE('',*,*,#794,.F.);
#794 = EDGE_CURVE('',#795,#787,#797,.T.);
#795 = VERTEX_POINT('',#796);
#796 = CARTESIAN_POINT('',(1.45,1.52,9.8));
#797 = LINE('',#798,#799);
#798 = CARTESIAN_POINT('',(1.45,1.52,9.8));
#799 = VECTOR('',#800,1.);
#800 = DIRECTION('',(0.,-1.,0.));
#801 = ORIENTED_EDGE('',*,*,#802,.F.);
#802 = EDGE_CURVE('',#803,#795,#805,.T.);
#803 = VERTEX_POINT('',#804);
#804 = CARTESIAN_POINT('',(2.,1.52,9.8));
#805 = LINE('',#806,#807);
#806 = CARTESIAN_POINT('',(3.55,1.52,9.8));
#807 = VECTOR('',#808,1.);
#808 = DIRECTION('',(-1.,-0.,-0.));
#809 = ORIENTED_EDGE('',*,*,#810,.F.);
#810 = EDGE_CURVE('',#811,#803,#813,.T.);
#811 = VERTEX_POINT('',#812);
#812 = CARTESIAN_POINT('',(2.,1.92,9.8));
#813 = LINE('',#814,#815);
#814 = CARTESIAN_POINT('',(2.,1.92,9.8));
#815 = VECTOR('',#816,1.);
#816 = DIRECTION('',(0.,-1.,0.));
#817 = ORIENTED_EDGE('',*,*,#818,.F.);
#818 = EDGE_CURVE('',#819,#811,#821,.T.);
#819 = VERTEX_POINT('',#820);
#820 = CARTESIAN_POINT('',(3.,1.92,9.8));
#821 = LINE('',#822,#823);
#822 = CARTESIAN_POINT('',(3.,1.92,9.8));
#823 = VECTOR('',#824,1.);
#824 = DIRECTION('',(-1.,-0.,-0.));
#825 = ORIENTED_EDGE('',*,*,#826,.T.);
#826 = EDGE_CURVE('',#819,#771,#827,.T.);
#827 = LINE('',#828,#829);
#828 = CARTESIAN_POINT('',(3.,1.92,9.8));
#829 = VECTOR('',#830,1.);
#830 = DIRECTION('',(0.,-1.,0.));
#831 = FACE_BOUND('',#832,.T.);
#832 = EDGE_LOOP('',(#833,#843,#851,#859,#867,#875,#883,#891));
#833 = ORIENTED_EDGE('',*,*,#834,.F.);
#834 = EDGE_CURVE('',#835,#837,#839,.T.);
#835 = VERTEX_POINT('',#836);
#836 = CARTESIAN_POINT('',(1.05,1.52,9.8));
#837 = VERTEX_POINT('',#838);
#838 = CARTESIAN_POINT('',(0.5,1.52,9.8));
#839 = LINE('',#840,#841);
#840 = CARTESIAN_POINT('',(1.05,1.52,9.8));
#841 = VECTOR('',#842,1.);
#842 = DIRECTION('',(-1.,-0.,-0.));
#843 = ORIENTED_EDGE('',*,*,#844,.T.);
#844 = EDGE_CURVE('',#835,#845,#847,.T.);
#845 = VERTEX_POINT('',#846);
#846 = CARTESIAN_POINT('',(1.05,-0.98,9.8));
#847 = LINE('',#848,#849);
#848 = CARTESIAN_POINT('',(1.05,1.52,9.8));
#849 = VECTOR('',#850,1.);
#850 = DIRECTION('',(0.,-1.,0.));
#851 = ORIENTED_EDGE('',*,*,#852,.T.);
#852 = EDGE_CURVE('',#845,#853,#855,.T.);
#853 = VERTEX_POINT('',#854);
#854 = CARTESIAN_POINT('',(-1.05,-0.98,9.8));
#855 = LINE('',#856,#857);
#856 = CARTESIAN_POINT('',(1.05,-0.98,9.8));
#857 = VECTOR('',#858,1.);
#858 = DIRECTION('',(-1.,-0.,-0.));
#859 = ORIENTED_EDGE('',*,*,#860,.F.);
#860 = EDGE_CURVE('',#861,#853,#863,.T.);
#861 = VERTEX_POINT('',#862);
#862 = CARTESIAN_POINT('',(-1.05,1.52,9.8));
#863 = LINE('',#864,#865);
#864 = CARTESIAN_POINT('',(-1.05,1.52,9.8));
#865 = VECTOR('',#866,1.);
#866 = DIRECTION('',(0.,-1.,0.));
#867 = ORIENTED_EDGE('',*,*,#868,.F.);
#868 = EDGE_CURVE('',#869,#861,#871,.T.);
#869 = VERTEX_POINT('',#870);
#870 = CARTESIAN_POINT('',(-0.5,1.52,9.8));
#871 = LINE('',#872,#873);
#872 = CARTESIAN_POINT('',(1.05,1.52,9.8));
#873 = VECTOR('',#874,1.);
#874 = DIRECTION('',(-1.,-0.,-0.));
#875 = ORIENTED_EDGE('',*,*,#876,.F.);
#876 = EDGE_CURVE('',#877,#869,#879,.T.);
#877 = VERTEX_POINT('',#878);
#878 = CARTESIAN_POINT('',(-0.5,1.92,9.8));
#879 = LINE('',#880,#881);
#880 = CARTESIAN_POINT('',(-0.5,1.92,9.8));
#881 = VECTOR('',#882,1.);
#882 = DIRECTION('',(0.,-1.,0.));
#883 = ORIENTED_EDGE('',*,*,#884,.F.);
#884 = EDGE_CURVE('',#885,#877,#887,.T.);
#885 = VERTEX_POINT('',#886);
#886 = CARTESIAN_POINT('',(0.5,1.92,9.8));
#887 = LINE('',#888,#889);
#888 = CARTESIAN_POINT('',(0.5,1.92,9.8));
#889 = VECTOR('',#890,1.);
#890 = DIRECTION('',(-1.,-0.,-0.));
#891 = ORIENTED_EDGE('',*,*,#892,.T.);
#892 = EDGE_CURVE('',#885,#837,#893,.T.);
#893 = LINE('',#894,#895);
#894 = CARTESIAN_POINT('',(0.5,1.92,9.8));
#895 = VECTOR('',#896,1.);
#896 = DIRECTION('',(0.,-1.,0.));
#897 = PLANE('',#898);
#898 = AXIS2_PLACEMENT_3D('',#899,#900,#901);
#899 = CARTESIAN_POINT('',(11.250000000017,0.576602519155,9.8));
#900 = DIRECTION('',(0.,-2.292200036862E-15,1.));
#901 = DIRECTION('',(0.,1.,2.292200036862E-15));
#902 = ADVANCED_FACE('',(#903),#921,.F.);
#903 = FACE_BOUND('',#904,.F.);
#904 = EDGE_LOOP('',(#905,#906,#914,#920));
#905 = ORIENTED_EDGE('',*,*,#77,.T.);
#906 = ORIENTED_EDGE('',*,*,#907,.T.);
#907 = EDGE_CURVE('',#70,#908,#910,.T.);
#908 = VERTEX_POINT('',#909);
#909 = CARTESIAN_POINT('',(23.,1.92,5.25));
#910 = LINE('',#911,#912);
#911 = CARTESIAN_POINT('',(23.,1.52,5.25));
#912 = VECTOR('',#913,1.);
#913 = DIRECTION('',(0.,1.,0.));
#914 = ORIENTED_EDGE('',*,*,#915,.T.);
#915 = EDGE_CURVE('',#908,#291,#916,.T.);
#916 = LINE('',#917,#918);
#917 = CARTESIAN_POINT('',(23.,1.92,5.25));
#918 = VECTOR('',#919,1.);
#919 = DIRECTION('',(0.,0.,1.));
#920 = ORIENTED_EDGE('',*,*,#298,.T.);
#921 = PLANE('',#922);
#922 = AXIS2_PLACEMENT_3D('',#923,#924,#925);
#923 = CARTESIAN_POINT('',(23.,1.72,7.525));
#924 = DIRECTION('',(1.,0.,0.));
#925 = DIRECTION('',(0.,0.,1.));
#926 = ADVANCED_FACE('',(#927),#977,.F.);
#927 = FACE_BOUND('',#928,.F.);
#928 = EDGE_LOOP('',(#929,#937,#945,#953,#961,#969,#975,#976));
#929 = ORIENTED_EDGE('',*,*,#930,.F.);
#930 = EDGE_CURVE('',#931,#62,#933,.T.);
#931 = VERTEX_POINT('',#932);
#932 = CARTESIAN_POINT('',(23.1,2.57,5.25));
#933 = LINE('',#934,#935);
#934 = CARTESIAN_POINT('',(23.1,2.57,5.25));
#935 = VECTOR('',#936,1.);
#936 = DIRECTION('',(0.,-1.,0.));
#937 = ORIENTED_EDGE('',*,*,#938,.T.);
#938 = EDGE_CURVE('',#931,#939,#941,.T.);
#939 = VERTEX_POINT('',#940);
#940 = CARTESIAN_POINT('',(21.9,2.57,5.25));
#941 = LINE('',#942,#943);
#942 = CARTESIAN_POINT('',(23.1,2.57,5.25));
#943 = VECTOR('',#944,1.);
#944 = DIRECTION('',(-1.,-0.,-0.));
#945 = ORIENTED_EDGE('',*,*,#946,.T.);
#946 = EDGE_CURVE('',#939,#947,#949,.T.);
#947 = VERTEX_POINT('',#948);
#948 = CARTESIAN_POINT('',(21.9,1.52,5.25));
#949 = LINE('',#950,#951);
#950 = CARTESIAN_POINT('',(21.9,2.57,5.25));
#951 = VECTOR('',#952,1.);
#952 = DIRECTION('',(0.,-1.,0.));
#953 = ORIENTED_EDGE('',*,*,#954,.F.);
#954 = EDGE_CURVE('',#955,#947,#957,.T.);
#955 = VERTEX_POINT('',#956);
#956 = CARTESIAN_POINT('',(22.,1.52,5.25));
#957 = LINE('',#958,#959);
#958 = CARTESIAN_POINT('',(23.1,1.52,5.25));
#959 = VECTOR('',#960,1.);
#960 = DIRECTION('',(-1.,-0.,-0.));
#961 = ORIENTED_EDGE('',*,*,#962,.T.);
#962 = EDGE_CURVE('',#955,#963,#965,.T.);
#963 = VERTEX_POINT('',#964);
#964 = CARTESIAN_POINT('',(22.,1.92,5.25));
#965 = LINE('',#966,#967);
#966 = CARTESIAN_POINT('',(22.,1.52,5.25));
#967 = VECTOR('',#968,1.);
#968 = DIRECTION('',(0.,1.,0.));
#969 = ORIENTED_EDGE('',*,*,#970,.F.);
#970 = EDGE_CURVE('',#908,#963,#971,.T.);
#971 = LINE('',#972,#973);
#972 = CARTESIAN_POINT('',(23.,1.92,5.25));
#973 = VECTOR('',#974,1.);
#974 = DIRECTION('',(-1.,-0.,-0.));
#975 = ORIENTED_EDGE('',*,*,#907,.F.);
#976 = ORIENTED_EDGE('',*,*,#69,.F.);
#977 = PLANE('',#978);
#978 = AXIS2_PLACEMENT_3D('',#979,#980,#981);
#979 = CARTESIAN_POINT('',(23.1,2.57,5.25));
#980 = DIRECTION('',(0.,0.,1.));
#981 = DIRECTION('',(0.,-1.,0.));
#982 = ADVANCED_FACE('',(#983),#1033,.F.);
#983 = FACE_BOUND('',#984,.F.);
#984 = EDGE_LOOP('',(#985,#993,#994,#995,#1003,#1011,#1019,#1027));
#985 = ORIENTED_EDGE('',*,*,#986,.T.);
#986 = EDGE_CURVE('',#987,#931,#989,.T.);
#987 = VERTEX_POINT('',#988);
#988 = CARTESIAN_POINT('',(23.1,2.57,2.05));
#989 = LINE('',#990,#991);
#990 = CARTESIAN_POINT('',(23.1,2.57,2.05));
#991 = VECTOR('',#992,1.);
#992 = DIRECTION('',(0.,0.,1.));
#993 = ORIENTED_EDGE('',*,*,#930,.T.);
#994 = ORIENTED_EDGE('',*,*,#61,.T.);
#995 = ORIENTED_EDGE('',*,*,#996,.T.);
#996 = EDGE_CURVE('',#54,#997,#999,.T.);
#997 = VERTEX_POINT('',#998);
#998 = CARTESIAN_POINT('',(23.1,0.5468198,3.45));
#999 = LINE('',#1000,#1001);
#1000 = CARTESIAN_POINT('',(23.1,1.52,3.45));
#1001 = VECTOR('',#1002,1.);
#1002 = DIRECTION('',(0.,-1.,0.));
#1003 = ORIENTED_EDGE('',*,*,#1004,.T.);
#1004 = EDGE_CURVE('',#997,#1005,#1007,.T.);
#1005 = VERTEX_POINT('',#1006);
#1006 = CARTESIAN_POINT('',(23.1,1.044,2.6151));
#1007 = LINE('',#1008,#1009);
#1008 = CARTESIAN_POINT('',(23.1,0.5468198,3.45));
#1009 = VECTOR('',#1010,1.);
#1010 = DIRECTION('',(0.,0.511647917429,-0.859195209828));
#1011 = ORIENTED_EDGE('',*,*,#1012,.T.);
#1012 = EDGE_CURVE('',#1005,#1013,#1015,.T.);
#1013 = VERTEX_POINT('',#1014);
#1014 = CARTESIAN_POINT('',(23.1,1.52,2.6151));
#1015 = LINE('',#1016,#1017);
#1016 = CARTESIAN_POINT('',(23.1,1.044,2.6151));
#1017 = VECTOR('',#1018,1.);
#1018 = DIRECTION('',(0.,1.,0.));
#1019 = ORIENTED_EDGE('',*,*,#1020,.T.);
#1020 = EDGE_CURVE('',#1013,#1021,#1023,.T.);
#1021 = VERTEX_POINT('',#1022);
#1022 = CARTESIAN_POINT('',(23.1,1.52,2.05));
#1023 = LINE('',#1024,#1025);
#1024 = CARTESIAN_POINT('',(23.1,1.52,2.6151));
#1025 = VECTOR('',#1026,1.);
#1026 = DIRECTION('',(0.,0.,-1.));
#1027 = ORIENTED_EDGE('',*,*,#1028,.T.);
#1028 = EDGE_CURVE('',#1021,#987,#1029,.T.);
#1029 = LINE('',#1030,#1031);
#1030 = CARTESIAN_POINT('',(23.1,1.52,2.05));
#1031 = VECTOR('',#1032,1.);
#1032 = DIRECTION('',(0.,1.,0.));
#1033 = PLANE('',#1034);
#1034 = AXIS2_PLACEMENT_3D('',#1035,#1036,#1037);
#1035 = CARTESIAN_POINT('',(23.1,1.834452703854,3.573485056924));
#1036 = DIRECTION('',(1.,0.,0.));
#1037 = DIRECTION('',(0.,0.,1.));
#1038 = ADVANCED_FACE('',(#1039,#1082),#1116,.F.);
#1039 = FACE_BOUND('',#1040,.F.);
#1040 = EDGE_LOOP('',(#1041,#1042,#1050,#1058,#1066,#1074,#1080,#1081));
#1041 = ORIENTED_EDGE('',*,*,#99,.F.);
#1042 = ORIENTED_EDGE('',*,*,#1043,.T.);
#1043 = EDGE_CURVE('',#100,#1044,#1046,.T.);
#1044 = VERTEX_POINT('',#1045);
#1045 = CARTESIAN_POINT('',(21.45,-0.98,3.45));
#1046 = LINE('',#1047,#1048);
#1047 = CARTESIAN_POINT('',(23.55,-0.98,3.45));
#1048 = VECTOR('',#1049,1.);
#1049 = DIRECTION('',(-1.,-0.,-0.));
#1050 = ORIENTED_EDGE('',*,*,#1051,.T.);
#1051 = EDGE_CURVE('',#1044,#1052,#1054,.T.);
#1052 = VERTEX_POINT('',#1053);
#1053 = CARTESIAN_POINT('',(21.45,1.52,3.45));
#1054 = LINE('',#1055,#1056);
#1055 = CARTESIAN_POINT('',(21.45,-0.98,3.45));
#1056 = VECTOR('',#1057,1.);
#1057 = DIRECTION('',(0.,1.,0.));
#1058 = ORIENTED_EDGE('',*,*,#1059,.F.);
#1059 = EDGE_CURVE('',#1060,#1052,#1062,.T.);
#1060 = VERTEX_POINT('',#1061);
#1061 = CARTESIAN_POINT('',(21.9,1.52,3.45));
#1062 = LINE('',#1063,#1064);
#1063 = CARTESIAN_POINT('',(23.55,1.52,3.45));
#1064 = VECTOR('',#1065,1.);
#1065 = DIRECTION('',(-1.,-0.,-0.));
#1066 = ORIENTED_EDGE('',*,*,#1067,.T.);
#1067 = EDGE_CURVE('',#1060,#1068,#1070,.T.);
#1068 = VERTEX_POINT('',#1069);
#1069 = CARTESIAN_POINT('',(21.9,0.5468198,3.45));
#1070 = LINE('',#1071,#1072);
#1071 = CARTESIAN_POINT('',(21.9,1.52,3.45));
#1072 = VECTOR('',#1073,1.);
#1073 = DIRECTION('',(0.,-1.,0.));
#1074 = ORIENTED_EDGE('',*,*,#1075,.F.);
#1075 = EDGE_CURVE('',#997,#1068,#1076,.T.);
#1076 = LINE('',#1077,#1078);
#1077 = CARTESIAN_POINT('',(23.1,0.5468198,3.45));
#1078 = VECTOR('',#1079,1.);
#1079 = DIRECTION('',(-1.,-0.,-0.));
#1080 = ORIENTED_EDGE('',*,*,#996,.F.);
#1081 = ORIENTED_EDGE('',*,*,#53,.F.);
#1082 = FACE_BOUND('',#1083,.F.);
#1083 = EDGE_LOOP('',(#1084,#1094,#1102,#1110));
#1084 = ORIENTED_EDGE('',*,*,#1085,.F.);
#1085 = EDGE_CURVE('',#1086,#1088,#1090,.T.);
#1086 = VERTEX_POINT('',#1087);
#1087 = CARTESIAN_POINT('',(22.9,-0.4,3.45));
#1088 = VERTEX_POINT('',#1089);
#1089 = CARTESIAN_POINT('',(22.1,-0.4,3.45));
#1090 = LINE('',#1091,#1092);
#1091 = CARTESIAN_POINT('',(22.9,-0.4,3.45));
#1092 = VECTOR('',#1093,1.);
#1093 = DIRECTION('',(-1.,-0.,-0.));
#1094 = ORIENTED_EDGE('',*,*,#1095,.F.);
#1095 = EDGE_CURVE('',#1096,#1086,#1098,.T.);
#1096 = VERTEX_POINT('',#1097);
#1097 = CARTESIAN_POINT('',(22.9,0.4,3.45));
#1098 = LINE('',#1099,#1100);
#1099 = CARTESIAN_POINT('',(22.9,0.4,3.45));
#1100 = VECTOR('',#1101,1.);
#1101 = DIRECTION('',(0.,-1.,0.));
#1102 = ORIENTED_EDGE('',*,*,#1103,.T.);
#1103 = EDGE_CURVE('',#1096,#1104,#1106,.T.);
#1104 = VERTEX_POINT('',#1105);
#1105 = CARTESIAN_POINT('',(22.1,0.4,3.45));
#1106 = LINE('',#1107,#1108);
#1107 = CARTESIAN_POINT('',(22.9,0.4,3.45));
#1108 = VECTOR('',#1109,1.);
#1109 = DIRECTION('',(-1.,-0.,-0.));
#1110 = ORIENTED_EDGE('',*,*,#1111,.T.);
#1111 = EDGE_CURVE('',#1104,#1088,#1112,.T.);
#1112 = LINE('',#1113,#1114);
#1113 = CARTESIAN_POINT('',(22.1,0.4,3.45));
#1114 = VECTOR('',#1115,1.);
#1115 = DIRECTION('',(0.,-1.,0.));
#1116 = PLANE('',#1117);
#1117 = AXIS2_PLACEMENT_3D('',#1118,#1119,#1120);
#1118 = CARTESIAN_POINT('',(23.55,-0.98,3.45));
#1119 = DIRECTION('',(0.,0.,-1.));
#1120 = DIRECTION('',(0.,1.,0.));
#1121 = ADVANCED_FACE('',(#1122),#1133,.F.);
#1122 = FACE_BOUND('',#1123,.F.);
#1123 = EDGE_LOOP('',(#1124,#1125,#1131,#1132));
#1124 = ORIENTED_EDGE('',*,*,#258,.T.);
#1125 = ORIENTED_EDGE('',*,*,#1126,.T.);
#1126 = EDGE_CURVE('',#259,#1044,#1127,.T.);
#1127 = LINE('',#1128,#1129);
#1128 = CARTESIAN_POINT('',(21.45,-0.98,9.8));
#1129 = VECTOR('',#1130,1.);
#1130 = DIRECTION('',(0.,0.,-1.));
#1131 = ORIENTED_EDGE('',*,*,#1043,.F.);
#1132 = ORIENTED_EDGE('',*,*,#116,.F.);
#1133 = PLANE('',#1134);
#1134 = AXIS2_PLACEMENT_3D('',#1135,#1136,#1137);
#1135 = CARTESIAN_POINT('',(23.55,-0.98,9.8));
#1136 = DIRECTION('',(0.,-1.,0.));
#1137 = DIRECTION('',(0.,0.,-1.));
#1138 = ADVANCED_FACE('',(#1139),#1299,.T.);
#1139 = FACE_BOUND('',#1140,.T.);
#1140 = EDGE_LOOP('',(#1141,#1149,#1150,#1158,#1166,#1174,#1182,#1190,
    #1198,#1206,#1214,#1222,#1230,#1238,#1246,#1252,#1253,#1261,#1269,
    #1277,#1285,#1293));
#1141 = ORIENTED_EDGE('',*,*,#1142,.F.);
#1142 = EDGE_CURVE('',#131,#1143,#1145,.T.);
#1143 = VERTEX_POINT('',#1144);
#1144 = CARTESIAN_POINT('',(24.599999999946,-1.530000000003,9.2));
#1145 = LINE('',#1146,#1147);
#1146 = CARTESIAN_POINT('',(24.599999999946,-1.530000000003,9.8));
#1147 = VECTOR('',#1148,1.);
#1148 = DIRECTION('',(-0.,-0.,-1.));
#1149 = ORIENTED_EDGE('',*,*,#130,.T.);
#1150 = ORIENTED_EDGE('',*,*,#1151,.T.);
#1151 = EDGE_CURVE('',#133,#1152,#1154,.T.);
#1152 = VERTEX_POINT('',#1153);
#1153 = CARTESIAN_POINT('',(22.7,-1.53,5.7));
#1154 = LINE('',#1155,#1156);
#1155 = CARTESIAN_POINT('',(22.45,-1.53,9.8));
#1156 = VECTOR('',#1157,1.);
#1157 = DIRECTION('',(6.086257045056E-02,6.271229263089E-15,
    -0.998146155389));
#1158 = ORIENTED_EDGE('',*,*,#1159,.F.);
#1159 = EDGE_CURVE('',#1160,#1152,#1162,.T.);
#1160 = VERTEX_POINT('',#1161);
#1161 = CARTESIAN_POINT('',(23.15,-1.53,5.7));
#1162 = LINE('',#1163,#1164);
#1163 = CARTESIAN_POINT('',(23.15,-1.53,5.7));
#1164 = VECTOR('',#1165,1.);
#1165 = DIRECTION('',(-1.,6.206767082607E-15,2.090481398836E-29));
#1166 = ORIENTED_EDGE('',*,*,#1167,.F.);
#1167 = EDGE_CURVE('',#1168,#1160,#1170,.T.);
#1168 = VERTEX_POINT('',#1169);
#1169 = CARTESIAN_POINT('',(23.15,-1.53,4.9));
#1170 = LINE('',#1171,#1172);
#1171 = CARTESIAN_POINT('',(23.15,-1.53,4.9));
#1172 = VECTOR('',#1173,1.);
#1173 = DIRECTION('',(-2.044056035322E-29,-6.661338147751E-15,1.));
#1174 = ORIENTED_EDGE('',*,*,#1175,.F.);
#1175 = EDGE_CURVE('',#1176,#1168,#1178,.T.);
#1176 = VERTEX_POINT('',#1177);
#1177 = CARTESIAN_POINT('',(22.45,-1.53,3.7));
#1178 = LINE('',#1179,#1180);
#1179 = CARTESIAN_POINT('',(22.45,-1.53,3.7));
#1180 = VECTOR('',#1181,1.);
#1181 = DIRECTION('',(0.503871025524,-8.88133343888E-15,0.863778900898)
  );
#1182 = ORIENTED_EDGE('',*,*,#1183,.F.);
#1183 = EDGE_CURVE('',#1184,#1176,#1186,.T.);
#1184 = VERTEX_POINT('',#1185);
#1185 = CARTESIAN_POINT('',(21.85,-1.53,3.7));
#1186 = LINE('',#1187,#1188);
#1187 = CARTESIAN_POINT('',(21.85,-1.53,3.7));
#1188 = VECTOR('',#1189,1.);
#1189 = DIRECTION('',(1.,-6.206767082607E-15,-2.090481398836E-29));
#1190 = ORIENTED_EDGE('',*,*,#1191,.F.);
#1191 = EDGE_CURVE('',#1192,#1184,#1194,.T.);
#1192 = VERTEX_POINT('',#1193);
#1193 = CARTESIAN_POINT('',(21.85,-1.53,9.));
#1194 = LINE('',#1195,#1196);
#1195 = CARTESIAN_POINT('',(21.85,-1.53,9.));
#1196 = VECTOR('',#1197,1.);
#1197 = DIRECTION('',(2.044056035322E-29,6.661338147751E-15,-1.));
#1198 = ORIENTED_EDGE('',*,*,#1199,.F.);
#1199 = EDGE_CURVE('',#1200,#1192,#1202,.T.);
#1200 = VERTEX_POINT('',#1201);
#1201 = CARTESIAN_POINT('',(0.65,-1.53,9.));
#1202 = LINE('',#1203,#1204);
#1203 = CARTESIAN_POINT('',(0.65,-1.53,9.));
#1204 = VECTOR('',#1205,1.);
#1205 = DIRECTION('',(1.,-6.206767082607E-15,-2.090481398836E-29));
#1206 = ORIENTED_EDGE('',*,*,#1207,.T.);
#1207 = EDGE_CURVE('',#1200,#1208,#1210,.T.);
#1208 = VERTEX_POINT('',#1209);
#1209 = CARTESIAN_POINT('',(0.65,-1.53,3.7));
#1210 = LINE('',#1211,#1212);
#1211 = CARTESIAN_POINT('',(0.65,-1.53,9.));
#1212 = VECTOR('',#1213,1.);
#1213 = DIRECTION('',(2.044056035322E-29,6.661338147751E-15,-1.));
#1214 = ORIENTED_EDGE('',*,*,#1215,.T.);
#1215 = EDGE_CURVE('',#1208,#1216,#1218,.T.);
#1216 = VERTEX_POINT('',#1217);
#1217 = CARTESIAN_POINT('',(4.999999999999E-02,-1.53,3.7));
#1218 = LINE('',#1219,#1220);
#1219 = CARTESIAN_POINT('',(0.65,-1.53,3.7));
#1220 = VECTOR('',#1221,1.);
#1221 = DIRECTION('',(-1.,6.206767082607E-15,2.090481398836E-29));
#1222 = ORIENTED_EDGE('',*,*,#1223,.T.);
#1223 = EDGE_CURVE('',#1216,#1224,#1226,.T.);
#1224 = VERTEX_POINT('',#1225);
#1225 = CARTESIAN_POINT('',(-0.65,-1.53,4.9));
#1226 = LINE('',#1227,#1228);
#1227 = CARTESIAN_POINT('',(4.999999999999E-02,-1.53,3.7));
#1228 = VECTOR('',#1229,1.);
#1229 = DIRECTION('',(-0.503871025524,-2.626513248675E-15,0.863778900898
    ));
#1230 = ORIENTED_EDGE('',*,*,#1231,.T.);
#1231 = EDGE_CURVE('',#1224,#1232,#1234,.T.);
#1232 = VERTEX_POINT('',#1233);
#1233 = CARTESIAN_POINT('',(-0.65,-1.53,5.7));
#1234 = LINE('',#1235,#1236);
#1235 = CARTESIAN_POINT('',(-0.65,-1.53,4.9));
#1236 = VECTOR('',#1237,1.);
#1237 = DIRECTION('',(-2.044056035322E-29,-6.661338147751E-15,1.));
#1238 = ORIENTED_EDGE('',*,*,#1239,.T.);
#1239 = EDGE_CURVE('',#1232,#1240,#1242,.T.);
#1240 = VERTEX_POINT('',#1241);
#1241 = CARTESIAN_POINT('',(-0.2,-1.53,5.7));
#1242 = LINE('',#1243,#1244);
#1243 = CARTESIAN_POINT('',(-0.65,-1.53,5.7));
#1244 = VECTOR('',#1245,1.);
#1245 = DIRECTION('',(1.,-6.206767082607E-15,-2.090481398836E-29));
#1246 = ORIENTED_EDGE('',*,*,#1247,.F.);
#1247 = EDGE_CURVE('',#225,#1240,#1248,.T.);
#1248 = LINE('',#1249,#1250);
#1249 = CARTESIAN_POINT('',(4.999999999999E-02,-1.53,9.8));
#1250 = VECTOR('',#1251,1.);
#1251 = DIRECTION('',(-6.086257045056E-02,7.02674886076E-15,
    -0.998146155389));
#1252 = ORIENTED_EDGE('',*,*,#224,.T.);
#1253 = ORIENTED_EDGE('',*,*,#1254,.T.);
#1254 = EDGE_CURVE('',#216,#1255,#1257,.T.);
#1255 = VERTEX_POINT('',#1256);
#1256 = CARTESIAN_POINT('',(-2.099999999963,-1.529999999994,9.2));
#1257 = LINE('',#1258,#1259);
#1258 = CARTESIAN_POINT('',(-2.099999999963,-1.529999999994,9.8));
#1259 = VECTOR('',#1260,1.);
#1260 = DIRECTION('',(-0.,-0.,-1.));
#1261 = ORIENTED_EDGE('',*,*,#1262,.F.);
#1262 = EDGE_CURVE('',#1263,#1255,#1265,.T.);
#1263 = VERTEX_POINT('',#1264);
#1264 = CARTESIAN_POINT('',(-1.6,-1.530000000002,9.2));
#1265 = LINE('',#1266,#1267);
#1266 = CARTESIAN_POINT('',(24.599999999949,-1.530000000005,9.2));
#1267 = VECTOR('',#1268,1.);
#1268 = DIRECTION('',(-1.,0.,0.));
#1269 = ORIENTED_EDGE('',*,*,#1270,.T.);
#1270 = EDGE_CURVE('',#1263,#1271,#1273,.T.);
#1271 = VERTEX_POINT('',#1272);
#1272 = CARTESIAN_POINT('',(-1.6,-1.53,2.7));
#1273 = LINE('',#1274,#1275);
#1274 = CARTESIAN_POINT('',(-1.6,-1.53,9.8));
#1275 = VECTOR('',#1276,1.);
#1276 = DIRECTION('',(0.,0.,-1.));
#1277 = ORIENTED_EDGE('',*,*,#1278,.F.);
#1278 = EDGE_CURVE('',#1279,#1271,#1281,.T.);
#1279 = VERTEX_POINT('',#1280);
#1280 = CARTESIAN_POINT('',(24.1,-1.53,2.7));
#1281 = LINE('',#1282,#1283);
#1282 = CARTESIAN_POINT('',(24.1,-1.53,2.7));
#1283 = VECTOR('',#1284,1.);
#1284 = DIRECTION('',(-1.,-0.,-0.));
#1285 = ORIENTED_EDGE('',*,*,#1286,.F.);
#1286 = EDGE_CURVE('',#1287,#1279,#1289,.T.);
#1287 = VERTEX_POINT('',#1288);
#1288 = CARTESIAN_POINT('',(24.1,-1.530000000002,9.2));
#1289 = LINE('',#1290,#1291);
#1290 = CARTESIAN_POINT('',(24.1,-1.53,9.8));
#1291 = VECTOR('',#1292,1.);
#1292 = DIRECTION('',(0.,0.,-1.));
#1293 = ORIENTED_EDGE('',*,*,#1294,.F.);
#1294 = EDGE_CURVE('',#1143,#1287,#1295,.T.);
#1295 = LINE('',#1296,#1297);
#1296 = CARTESIAN_POINT('',(24.599999999949,-1.530000000005,9.2));
#1297 = VECTOR('',#1298,1.);
#1298 = DIRECTION('',(-1.,0.,0.));
#1299 = PLANE('',#1300);
#1300 = AXIS2_PLACEMENT_3D('',#1301,#1302,#1303);
#1301 = CARTESIAN_POINT('',(11.249999999993,-1.53,6.346153846145));
#1302 = DIRECTION('',(-6.206767082607E-15,-1.,-6.856602205175E-15));
#1303 = DIRECTION('',(0.,6.856602205175E-15,-1.));
#1304 = ADVANCED_FACE('',(#1305),#1323,.T.);
#1305 = FACE_BOUND('',#1306,.T.);
#1306 = EDGE_LOOP('',(#1307,#1308,#1316,#1322));
#1307 = ORIENTED_EDGE('',*,*,#248,.T.);
#1308 = ORIENTED_EDGE('',*,*,#1309,.T.);
#1309 = EDGE_CURVE('',#241,#1310,#1312,.T.);
#1310 = VERTEX_POINT('',#1311);
#1311 = CARTESIAN_POINT('',(22.7,-2.33,5.7));
#1312 = LINE('',#1313,#1314);
#1313 = CARTESIAN_POINT('',(22.45,-2.33,9.8));
#1314 = VECTOR('',#1315,1.);
#1315 = DIRECTION('',(6.086257045056E-02,6.271229263089E-15,
    -0.998146155389));
#1316 = ORIENTED_EDGE('',*,*,#1317,.F.);
#1317 = EDGE_CURVE('',#1152,#1310,#1318,.T.);
#1318 = LINE('',#1319,#1320);
#1319 = CARTESIAN_POINT('',(22.7,-1.53,5.7));
#1320 = VECTOR('',#1321,1.);
#1321 = DIRECTION('',(-6.206767082607E-15,-1.,-6.716849298982E-15));
#1322 = ORIENTED_EDGE('',*,*,#1151,.F.);
#1323 = PLANE('',#1324);
#1324 = AXIS2_PLACEMENT_3D('',#1325,#1326,#1327);
#1325 = CARTESIAN_POINT('',(22.45,-1.53,9.8));
#1326 = DIRECTION('',(0.998146155389,-6.604065414565E-15,
    6.086257045056E-02));
#1327 = DIRECTION('',(6.086257045056E-02,6.271229263089E-15,
    -0.998146155389));
#1328 = ADVANCED_FACE('',(#1329),#1427,.F.);
#1329 = FACE_BOUND('',#1330,.T.);
#1330 = EDGE_LOOP('',(#1331,#1339,#1347,#1355,#1363,#1371,#1379,#1387,
    #1395,#1403,#1411,#1419,#1425,#1426));
#1331 = ORIENTED_EDGE('',*,*,#1332,.T.);
#1332 = EDGE_CURVE('',#233,#1333,#1335,.T.);
#1333 = VERTEX_POINT('',#1334);
#1334 = CARTESIAN_POINT('',(-0.2,-2.33,5.7));
#1335 = LINE('',#1336,#1337);
#1336 = CARTESIAN_POINT('',(4.999999999999E-02,-2.33,9.8));
#1337 = VECTOR('',#1338,1.);
#1338 = DIRECTION('',(-6.086257045056E-02,7.02674886076E-15,
    -0.998146155389));
#1339 = ORIENTED_EDGE('',*,*,#1340,.F.);
#1340 = EDGE_CURVE('',#1341,#1333,#1343,.T.);
#1341 = VERTEX_POINT('',#1342);
#1342 = CARTESIAN_POINT('',(-0.65,-2.33,5.7));
#1343 = LINE('',#1344,#1345);
#1344 = CARTESIAN_POINT('',(-0.65,-2.33,5.7));
#1345 = VECTOR('',#1346,1.);
#1346 = DIRECTION('',(1.,-6.206767082607E-15,-2.090481398836E-29));
#1347 = ORIENTED_EDGE('',*,*,#1348,.F.);
#1348 = EDGE_CURVE('',#1349,#1341,#1351,.T.);
#1349 = VERTEX_POINT('',#1350);
#1350 = CARTESIAN_POINT('',(-0.65,-2.33,4.9));
#1351 = LINE('',#1352,#1353);
#1352 = CARTESIAN_POINT('',(-0.65,-2.33,4.9));
#1353 = VECTOR('',#1354,1.);
#1354 = DIRECTION('',(-2.044056035322E-29,-6.661338147751E-15,1.));
#1355 = ORIENTED_EDGE('',*,*,#1356,.F.);
#1356 = EDGE_CURVE('',#1357,#1349,#1359,.T.);
#1357 = VERTEX_POINT('',#1358);
#1358 = CARTESIAN_POINT('',(4.999999999999E-02,-2.33,3.7));
#1359 = LINE('',#1360,#1361);
#1360 = CARTESIAN_POINT('',(4.999999999999E-02,-2.33,3.7));
#1361 = VECTOR('',#1362,1.);
#1362 = DIRECTION('',(-0.503871025524,-2.626513248675E-15,0.863778900898
    ));
#1363 = ORIENTED_EDGE('',*,*,#1364,.F.);
#1364 = EDGE_CURVE('',#1365,#1357,#1367,.T.);
#1365 = VERTEX_POINT('',#1366);
#1366 = CARTESIAN_POINT('',(0.65,-2.33,3.7));
#1367 = LINE('',#1368,#1369);
#1368 = CARTESIAN_POINT('',(0.65,-2.33,3.7));
#1369 = VECTOR('',#1370,1.);
#1370 = DIRECTION('',(-1.,6.206767082607E-15,2.090481398836E-29));
#1371 = ORIENTED_EDGE('',*,*,#1372,.F.);
#1372 = EDGE_CURVE('',#1373,#1365,#1375,.T.);
#1373 = VERTEX_POINT('',#1374);
#1374 = CARTESIAN_POINT('',(0.65,-2.33,9.));
#1375 = LINE('',#1376,#1377);
#1376 = CARTESIAN_POINT('',(0.65,-2.33,9.));
#1377 = VECTOR('',#1378,1.);
#1378 = DIRECTION('',(2.044056035322E-29,6.661338147751E-15,-1.));
#1379 = ORIENTED_EDGE('',*,*,#1380,.T.);
#1380 = EDGE_CURVE('',#1373,#1381,#1383,.T.);
#1381 = VERTEX_POINT('',#1382);
#1382 = CARTESIAN_POINT('',(21.85,-2.33,9.));
#1383 = LINE('',#1384,#1385);
#1384 = CARTESIAN_POINT('',(0.65,-2.33,9.));
#1385 = VECTOR('',#1386,1.);
#1386 = DIRECTION('',(1.,-6.206767082607E-15,-2.090481398836E-29));
#1387 = ORIENTED_EDGE('',*,*,#1388,.T.);
#1388 = EDGE_CURVE('',#1381,#1389,#1391,.T.);
#1389 = VERTEX_POINT('',#1390);
#1390 = CARTESIAN_POINT('',(21.85,-2.33,3.7));
#1391 = LINE('',#1392,#1393);
#1392 = CARTESIAN_POINT('',(21.85,-2.33,9.));
#1393 = VECTOR('',#1394,1.);
#1394 = DIRECTION('',(2.044056035322E-29,6.661338147751E-15,-1.));
#1395 = ORIENTED_EDGE('',*,*,#1396,.T.);
#1396 = EDGE_CURVE('',#1389,#1397,#1399,.T.);
#1397 = VERTEX_POINT('',#1398);
#1398 = CARTESIAN_POINT('',(22.45,-2.33,3.7));
#1399 = LINE('',#1400,#1401);
#1400 = CARTESIAN_POINT('',(21.85,-2.33,3.7));
#1401 = VECTOR('',#1402,1.);
#1402 = DIRECTION('',(1.,-6.206767082607E-15,-2.090481398836E-29));
#1403 = ORIENTED_EDGE('',*,*,#1404,.T.);
#1404 = EDGE_CURVE('',#1397,#1405,#1407,.T.);
#1405 = VERTEX_POINT('',#1406);
#1406 = CARTESIAN_POINT('',(23.15,-2.33,4.9));
#1407 = LINE('',#1408,#1409);
#1408 = CARTESIAN_POINT('',(22.45,-2.33,3.7));
#1409 = VECTOR('',#1410,1.);
#1410 = DIRECTION('',(0.503871025524,-8.88133343888E-15,0.863778900898)
  );
#1411 = ORIENTED_EDGE('',*,*,#1412,.T.);
#1412 = EDGE_CURVE('',#1405,#1413,#1415,.T.);
#1413 = VERTEX_POINT('',#1414);
#1414 = CARTESIAN_POINT('',(23.15,-2.33,5.7));
#1415 = LINE('',#1416,#1417);
#1416 = CARTESIAN_POINT('',(23.15,-2.33,4.9));
#1417 = VECTOR('',#1418,1.);
#1418 = DIRECTION('',(-2.044056035322E-29,-6.661338147751E-15,1.));
#1419 = ORIENTED_EDGE('',*,*,#1420,.T.);
#1420 = EDGE_CURVE('',#1413,#1310,#1421,.T.);
#1421 = LINE('',#1422,#1423);
#1422 = CARTESIAN_POINT('',(23.15,-2.33,5.7));
#1423 = VECTOR('',#1424,1.);
#1424 = DIRECTION('',(-1.,6.206767082607E-15,2.090481398836E-29));
#1425 = ORIENTED_EDGE('',*,*,#1309,.F.);
#1426 = ORIENTED_EDGE('',*,*,#240,.F.);
#1427 = PLANE('',#1428);
#1428 = AXIS2_PLACEMENT_3D('',#1429,#1430,#1431);
#1429 = CARTESIAN_POINT('',(11.25,-2.33,8.292418299227));
#1430 = DIRECTION('',(6.212732527855E-15,1.,6.661338147751E-15));
#1431 = DIRECTION('',(0.,-6.661338147751E-15,1.));
#1432 = ADVANCED_FACE('',(#1433),#1444,.F.);
#1433 = FACE_BOUND('',#1434,.F.);
#1434 = EDGE_LOOP('',(#1435,#1436,#1437,#1443));
#1435 = ORIENTED_EDGE('',*,*,#232,.T.);
#1436 = ORIENTED_EDGE('',*,*,#1332,.T.);
#1437 = ORIENTED_EDGE('',*,*,#1438,.F.);
#1438 = EDGE_CURVE('',#1240,#1333,#1439,.T.);
#1439 = LINE('',#1440,#1441);
#1440 = CARTESIAN_POINT('',(-0.2,-1.53,5.7));
#1441 = VECTOR('',#1442,1.);
#1442 = DIRECTION('',(-6.206767082607E-15,-1.,-6.716849298982E-15));
#1443 = ORIENTED_EDGE('',*,*,#1247,.F.);
#1444 = PLANE('',#1445);
#1445 = AXIS2_PLACEMENT_3D('',#1446,#1447,#1448);
#1446 = CARTESIAN_POINT('',(4.999999999999E-02,-1.53,9.8));
#1447 = DIRECTION('',(0.998146155389,-5.786455987235E-15,
    -6.086257045056E-02));
#1448 = DIRECTION('',(-6.086257045056E-02,7.02674886076E-15,
    -0.998146155389));
#1449 = ADVANCED_FACE('',(#1450),#1469,.T.);
#1450 = FACE_BOUND('',#1451,.T.);
#1451 = EDGE_LOOP('',(#1452,#1460,#1467,#1468));
#1452 = ORIENTED_EDGE('',*,*,#1453,.T.);
#1453 = EDGE_CURVE('',#208,#1454,#1456,.T.);
#1454 = VERTEX_POINT('',#1455);
#1455 = CARTESIAN_POINT('',(-2.39999999999,-1.229999999942,9.2));
#1456 = LINE('',#1457,#1458);
#1457 = CARTESIAN_POINT('',(-2.39999999999,-1.229999999942,9.8));
#1458 = VECTOR('',#1459,1.);
#1459 = DIRECTION('',(-0.,-0.,-1.));
#1460 = ORIENTED_EDGE('',*,*,#1461,.T.);
#1461 = EDGE_CURVE('',#1454,#1255,#1462,.T.);
#1462 = CIRCLE('',#1463,0.300000000032);
#1463 = AXIS2_PLACEMENT_3D('',#1464,#1465,#1466);
#1464 = CARTESIAN_POINT('',(-2.099999999955,-1.229999999956,9.2));
#1465 = DIRECTION('',(0.,0.,1.));
#1466 = DIRECTION('',(1.,0.,0.));
#1467 = ORIENTED_EDGE('',*,*,#1254,.F.);
#1468 = ORIENTED_EDGE('',*,*,#215,.F.);
#1469 = CYLINDRICAL_SURFACE('',#1470,0.300000000032);
#1470 = AXIS2_PLACEMENT_3D('',#1471,#1472,#1473);
#1471 = CARTESIAN_POINT('',(-2.099999999955,-1.229999999956,9.8));
#1472 = DIRECTION('',(0.,0.,1.));
#1473 = DIRECTION('',(1.,0.,0.));
#1474 = ADVANCED_FACE('',(#1475),#1493,.F.);
#1475 = FACE_BOUND('',#1476,.F.);
#1476 = EDGE_LOOP('',(#1477,#1478,#1486,#1492));
#1477 = ORIENTED_EDGE('',*,*,#1453,.T.);
#1478 = ORIENTED_EDGE('',*,*,#1479,.T.);
#1479 = EDGE_CURVE('',#1454,#1480,#1482,.T.);
#1480 = VERTEX_POINT('',#1481);
#1481 = CARTESIAN_POINT('',(-2.399999999987,3.069999999975,9.2));
#1482 = LINE('',#1483,#1484);
#1483 = CARTESIAN_POINT('',(-2.399999999993,-1.22999999995,9.2));
#1484 = VECTOR('',#1485,1.);
#1485 = DIRECTION('',(0.,1.,0.));
#1486 = ORIENTED_EDGE('',*,*,#1487,.F.);
#1487 = EDGE_CURVE('',#199,#1480,#1488,.T.);
#1488 = LINE('',#1489,#1490);
#1489 = CARTESIAN_POINT('',(-2.399999999987,3.069999999975,9.8));
#1490 = VECTOR('',#1491,1.);
#1491 = DIRECTION('',(-0.,-0.,-1.));
#1492 = ORIENTED_EDGE('',*,*,#207,.F.);
#1493 = PLANE('',#1494);
#1494 = AXIS2_PLACEMENT_3D('',#1495,#1496,#1497);
#1495 = CARTESIAN_POINT('',(-2.399999999993,-1.22999999995,9.8));
#1496 = DIRECTION('',(1.,0.,0.));
#1497 = DIRECTION('',(0.,1.,0.));
#1498 = ADVANCED_FACE('',(#1499),#1518,.T.);
#1499 = FACE_BOUND('',#1500,.T.);
#1500 = EDGE_LOOP('',(#1501,#1509,#1516,#1517));
#1501 = ORIENTED_EDGE('',*,*,#1502,.T.);
#1502 = EDGE_CURVE('',#191,#1503,#1505,.T.);
#1503 = VERTEX_POINT('',#1504);
#1504 = CARTESIAN_POINT('',(-2.099999999952,3.369999999998,9.2));
#1505 = LINE('',#1506,#1507);
#1506 = CARTESIAN_POINT('',(-2.099999999952,3.369999999998,9.8));
#1507 = VECTOR('',#1508,1.);
#1508 = DIRECTION('',(-0.,-0.,-1.));
#1509 = ORIENTED_EDGE('',*,*,#1510,.T.);
#1510 = EDGE_CURVE('',#1503,#1480,#1511,.T.);
#1511 = CIRCLE('',#1512,0.300000000032);
#1512 = AXIS2_PLACEMENT_3D('',#1513,#1514,#1515);
#1513 = CARTESIAN_POINT('',(-2.099999999949,3.069999999971,9.2));
#1514 = DIRECTION('',(0.,0.,1.));
#1515 = DIRECTION('',(1.,0.,0.));
#1516 = ORIENTED_EDGE('',*,*,#1487,.F.);
#1517 = ORIENTED_EDGE('',*,*,#198,.F.);
#1518 = CYLINDRICAL_SURFACE('',#1519,0.300000000032);
#1519 = AXIS2_PLACEMENT_3D('',#1520,#1521,#1522);
#1520 = CARTESIAN_POINT('',(-2.099999999949,3.069999999971,9.8));
#1521 = DIRECTION('',(0.,0.,1.));
#1522 = DIRECTION('',(1.,0.,0.));
#1523 = ADVANCED_FACE('',(#1524),#1542,.F.);
#1524 = FACE_BOUND('',#1525,.F.);
#1525 = EDGE_LOOP('',(#1526,#1527,#1535,#1541));
#1526 = ORIENTED_EDGE('',*,*,#1502,.T.);
#1527 = ORIENTED_EDGE('',*,*,#1528,.T.);
#1528 = EDGE_CURVE('',#1503,#1529,#1531,.T.);
#1529 = VERTEX_POINT('',#1530);
#1530 = CARTESIAN_POINT('',(24.599999999946,3.369999999996,9.2));
#1531 = LINE('',#1532,#1533);
#1532 = CARTESIAN_POINT('',(-2.099999999947,3.369999999994,9.2));
#1533 = VECTOR('',#1534,1.);
#1534 = DIRECTION('',(1.,0.,0.));
#1535 = ORIENTED_EDGE('',*,*,#1536,.F.);
#1536 = EDGE_CURVE('',#182,#1529,#1537,.T.);
#1537 = LINE('',#1538,#1539);
#1538 = CARTESIAN_POINT('',(24.599999999946,3.369999999996,9.8));
#1539 = VECTOR('',#1540,1.);
#1540 = DIRECTION('',(-0.,-0.,-1.));
#1541 = ORIENTED_EDGE('',*,*,#190,.F.);
#1542 = PLANE('',#1543);
#1543 = AXIS2_PLACEMENT_3D('',#1544,#1545,#1546);
#1544 = CARTESIAN_POINT('',(-2.099999999947,3.369999999994,9.8));
#1545 = DIRECTION('',(0.,-1.,0.));
#1546 = DIRECTION('',(1.,0.,0.));
#1547 = ADVANCED_FACE('',(#1548),#1567,.T.);
#1548 = FACE_BOUND('',#1549,.T.);
#1549 = EDGE_LOOP('',(#1550,#1558,#1565,#1566));
#1550 = ORIENTED_EDGE('',*,*,#1551,.T.);
#1551 = EDGE_CURVE('',#174,#1552,#1554,.T.);
#1552 = VERTEX_POINT('',#1553);
#1553 = CARTESIAN_POINT('',(24.899999999993,3.069999999932,9.2));
#1554 = LINE('',#1555,#1556);
#1555 = CARTESIAN_POINT('',(24.899999999993,3.069999999932,9.8));
#1556 = VECTOR('',#1557,1.);
#1557 = DIRECTION('',(-0.,-0.,-1.));
#1558 = ORIENTED_EDGE('',*,*,#1559,.T.);
#1559 = EDGE_CURVE('',#1552,#1529,#1560,.T.);
#1560 = CIRCLE('',#1561,0.300000000032);
#1561 = AXIS2_PLACEMENT_3D('',#1562,#1563,#1564);
#1562 = CARTESIAN_POINT('',(24.59999999996,3.069999999966,9.2));
#1563 = DIRECTION('',(0.,0.,1.));
#1564 = DIRECTION('',(1.,0.,0.));
#1565 = ORIENTED_EDGE('',*,*,#1536,.F.);
#1566 = ORIENTED_EDGE('',*,*,#181,.F.);
#1567 = CYLINDRICAL_SURFACE('',#1568,0.300000000032);
#1568 = AXIS2_PLACEMENT_3D('',#1569,#1570,#1571);
#1569 = CARTESIAN_POINT('',(24.59999999996,3.069999999966,9.8));
#1570 = DIRECTION('',(0.,0.,1.));
#1571 = DIRECTION('',(1.,0.,0.));
#1572 = ADVANCED_FACE('',(#1573),#1591,.F.);
#1573 = FACE_BOUND('',#1574,.F.);
#1574 = EDGE_LOOP('',(#1575,#1576,#1577,#1585));
#1575 = ORIENTED_EDGE('',*,*,#173,.F.);
#1576 = ORIENTED_EDGE('',*,*,#1551,.T.);
#1577 = ORIENTED_EDGE('',*,*,#1578,.T.);
#1578 = EDGE_CURVE('',#1552,#1579,#1581,.T.);
#1579 = VERTEX_POINT('',#1580);
#1580 = CARTESIAN_POINT('',(24.899999999994,1.462499999995,9.2));
#1581 = LINE('',#1582,#1583);
#1582 = CARTESIAN_POINT('',(24.899999999994,3.069999999962,9.2));
#1583 = VECTOR('',#1584,1.);
#1584 = DIRECTION('',(0.,-1.,0.));
#1585 = ORIENTED_EDGE('',*,*,#1586,.T.);
#1586 = EDGE_CURVE('',#1579,#166,#1587,.T.);
#1587 = LINE('',#1588,#1589);
#1588 = CARTESIAN_POINT('',(24.899999999994,1.462499999995,9.8));
#1589 = VECTOR('',#1590,1.);
#1590 = DIRECTION('',(0.,0.,1.));
#1591 = PLANE('',#1592);
#1592 = AXIS2_PLACEMENT_3D('',#1593,#1594,#1595);
#1593 = CARTESIAN_POINT('',(24.899999999994,3.069999999962,9.8));
#1594 = DIRECTION('',(-1.,0.,0.));
#1595 = DIRECTION('',(0.,-1.,0.));
#1596 = ADVANCED_FACE('',(#1597),#1615,.T.);
#1597 = FACE_BOUND('',#1598,.T.);
#1598 = EDGE_LOOP('',(#1599,#1600,#1608,#1614));
#1599 = ORIENTED_EDGE('',*,*,#165,.F.);
#1600 = ORIENTED_EDGE('',*,*,#1601,.T.);
#1601 = EDGE_CURVE('',#158,#1602,#1604,.T.);
#1602 = VERTEX_POINT('',#1603);
#1603 = CARTESIAN_POINT('',(24.15,0.9,9.2));
#1604 = LINE('',#1605,#1606);
#1605 = CARTESIAN_POINT('',(24.15,0.9,9.8));
#1606 = VECTOR('',#1607,1.);
#1607 = DIRECTION('',(-0.,-0.,-1.));
#1608 = ORIENTED_EDGE('',*,*,#1609,.T.);
#1609 = EDGE_CURVE('',#1602,#1579,#1610,.T.);
#1610 = LINE('',#1611,#1612);
#1611 = CARTESIAN_POINT('',(20.026800000006,-2.192399999995,9.2));
#1612 = VECTOR('',#1613,1.);
#1613 = DIRECTION('',(0.8,0.6,0.));
#1614 = ORIENTED_EDGE('',*,*,#1586,.T.);
#1615 = PLANE('',#1616);
#1616 = AXIS2_PLACEMENT_3D('',#1617,#1618,#1619);
#1617 = CARTESIAN_POINT('',(24.15,0.9,9.8));
#1618 = DIRECTION('',(0.6,-0.8,0.));
#1619 = DIRECTION('',(0.8,0.6,0.));
#1620 = ADVANCED_FACE('',(#1621),#1639,.T.);
#1621 = FACE_BOUND('',#1622,.T.);
#1622 = EDGE_LOOP('',(#1623,#1624,#1632,#1638));
#1623 = ORIENTED_EDGE('',*,*,#157,.F.);
#1624 = ORIENTED_EDGE('',*,*,#1625,.T.);
#1625 = EDGE_CURVE('',#150,#1626,#1628,.T.);
#1626 = VERTEX_POINT('',#1627);
#1627 = CARTESIAN_POINT('',(24.899999999994,0.337500000005,9.2));
#1628 = LINE('',#1629,#1630);
#1629 = CARTESIAN_POINT('',(24.899999999994,0.337500000005,9.8));
#1630 = VECTOR('',#1631,1.);
#1631 = DIRECTION('',(0.,0.,-1.));
#1632 = ORIENTED_EDGE('',*,*,#1633,.T.);
#1633 = EDGE_CURVE('',#1626,#1602,#1634,.T.);
#1634 = LINE('',#1635,#1636);
#1635 = CARTESIAN_POINT('',(20.417200000006,3.699599999995,9.2));
#1636 = VECTOR('',#1637,1.);
#1637 = DIRECTION('',(-0.8,0.6,0.));
#1638 = ORIENTED_EDGE('',*,*,#1601,.F.);
#1639 = PLANE('',#1640);
#1640 = AXIS2_PLACEMENT_3D('',#1641,#1642,#1643);
#1641 = CARTESIAN_POINT('',(24.95,0.3,9.8));
#1642 = DIRECTION('',(0.6,0.8,0.));
#1643 = DIRECTION('',(-0.8,0.6,0.));
#1644 = ADVANCED_FACE('',(#1645),#1663,.F.);
#1645 = FACE_BOUND('',#1646,.F.);
#1646 = EDGE_LOOP('',(#1647,#1648,#1649,#1657));
#1647 = ORIENTED_EDGE('',*,*,#149,.F.);
#1648 = ORIENTED_EDGE('',*,*,#1625,.T.);
#1649 = ORIENTED_EDGE('',*,*,#1650,.T.);
#1650 = EDGE_CURVE('',#1626,#1651,#1653,.T.);
#1651 = VERTEX_POINT('',#1652);
#1652 = CARTESIAN_POINT('',(24.899999999985,-1.229999999978,9.2));
#1653 = LINE('',#1654,#1655);
#1654 = CARTESIAN_POINT('',(24.899999999994,3.069999999962,9.2));
#1655 = VECTOR('',#1656,1.);
#1656 = DIRECTION('',(0.,-1.,0.));
#1657 = ORIENTED_EDGE('',*,*,#1658,.F.);
#1658 = EDGE_CURVE('',#141,#1651,#1659,.T.);
#1659 = LINE('',#1660,#1661);
#1660 = CARTESIAN_POINT('',(24.899999999985,-1.229999999978,9.8));
#1661 = VECTOR('',#1662,1.);
#1662 = DIRECTION('',(-0.,-0.,-1.));
#1663 = PLANE('',#1664);
#1664 = AXIS2_PLACEMENT_3D('',#1665,#1666,#1667);
#1665 = CARTESIAN_POINT('',(24.899999999994,3.069999999962,9.8));
#1666 = DIRECTION('',(-1.,0.,0.));
#1667 = DIRECTION('',(0.,-1.,0.));
#1668 = ADVANCED_FACE('',(#1669),#1681,.T.);
#1669 = FACE_BOUND('',#1670,.T.);
#1670 = EDGE_LOOP('',(#1671,#1672,#1679,#1680));
#1671 = ORIENTED_EDGE('',*,*,#1142,.T.);
#1672 = ORIENTED_EDGE('',*,*,#1673,.T.);
#1673 = EDGE_CURVE('',#1143,#1651,#1674,.T.);
#1674 = CIRCLE('',#1675,0.300000000032);
#1675 = AXIS2_PLACEMENT_3D('',#1676,#1677,#1678);
#1676 = CARTESIAN_POINT('',(24.599999999943,-1.229999999968,9.2));
#1677 = DIRECTION('',(0.,0.,1.));
#1678 = DIRECTION('',(1.,0.,0.));
#1679 = ORIENTED_EDGE('',*,*,#1658,.F.);
#1680 = ORIENTED_EDGE('',*,*,#140,.F.);
#1681 = CYLINDRICAL_SURFACE('',#1682,0.300000000032);
#1682 = AXIS2_PLACEMENT_3D('',#1683,#1684,#1685);
#1683 = CARTESIAN_POINT('',(24.599999999943,-1.229999999968,9.8));
#1684 = DIRECTION('',(0.,0.,1.));
#1685 = DIRECTION('',(1.,0.,0.));
#1686 = ADVANCED_FACE('',(#1687),#1698,.F.);
#1687 = FACE_BOUND('',#1688,.F.);
#1688 = EDGE_LOOP('',(#1689,#1690,#1696,#1697));
#1689 = ORIENTED_EDGE('',*,*,#970,.T.);
#1690 = ORIENTED_EDGE('',*,*,#1691,.T.);
#1691 = EDGE_CURVE('',#963,#283,#1692,.T.);
#1692 = LINE('',#1693,#1694);
#1693 = CARTESIAN_POINT('',(22.,1.92,5.25));
#1694 = VECTOR('',#1695,1.);
#1695 = DIRECTION('',(0.,0.,1.));
#1696 = ORIENTED_EDGE('',*,*,#290,.F.);
#1697 = ORIENTED_EDGE('',*,*,#915,.F.);
#1698 = PLANE('',#1699);
#1699 = AXIS2_PLACEMENT_3D('',#1700,#1701,#1702);
#1700 = CARTESIAN_POINT('',(23.,1.92,5.25));
#1701 = DIRECTION('',(0.,1.,0.));
#1702 = DIRECTION('',(0.,0.,1.));
#1703 = ADVANCED_FACE('',(#1704),#1715,.T.);
#1704 = FACE_BOUND('',#1705,.T.);
#1705 = EDGE_LOOP('',(#1706,#1707,#1713,#1714));
#1706 = ORIENTED_EDGE('',*,*,#1051,.T.);
#1707 = ORIENTED_EDGE('',*,*,#1708,.T.);
#1708 = EDGE_CURVE('',#1052,#267,#1709,.T.);
#1709 = LINE('',#1710,#1711);
#1710 = CARTESIAN_POINT('',(21.45,1.52,3.45));
#1711 = VECTOR('',#1712,1.);
#1712 = DIRECTION('',(0.,0.,1.));
#1713 = ORIENTED_EDGE('',*,*,#266,.T.);
#1714 = ORIENTED_EDGE('',*,*,#1126,.T.);
#1715 = PLANE('',#1716);
#1716 = AXIS2_PLACEMENT_3D('',#1717,#1718,#1719);
#1717 = CARTESIAN_POINT('',(21.45,0.27,6.625));
#1718 = DIRECTION('',(1.,0.,0.));
#1719 = DIRECTION('',(0.,0.,1.));
#1720 = ADVANCED_FACE('',(#1721),#1732,.T.);
#1721 = FACE_BOUND('',#1722,.T.);
#1722 = EDGE_LOOP('',(#1723,#1729,#1730,#1731));
#1723 = ORIENTED_EDGE('',*,*,#1724,.T.);
#1724 = EDGE_CURVE('',#275,#955,#1725,.T.);
#1725 = LINE('',#1726,#1727);
#1726 = CARTESIAN_POINT('',(22.,1.52,9.8));
#1727 = VECTOR('',#1728,1.);
#1728 = DIRECTION('',(0.,0.,-1.));
#1729 = ORIENTED_EDGE('',*,*,#962,.T.);
#1730 = ORIENTED_EDGE('',*,*,#1691,.T.);
#1731 = ORIENTED_EDGE('',*,*,#282,.T.);
#1732 = PLANE('',#1733);
#1733 = AXIS2_PLACEMENT_3D('',#1734,#1735,#1736);
#1734 = CARTESIAN_POINT('',(22.,1.72,7.525));
#1735 = DIRECTION('',(1.,0.,0.));
#1736 = DIRECTION('',(0.,0.,1.));
#1737 = ADVANCED_FACE('',(#1738),#1751,.F.);
#1738 = FACE_BOUND('',#1739,.F.);
#1739 = EDGE_LOOP('',(#1740,#1741,#1742,#1743,#1749,#1750));
#1740 = ORIENTED_EDGE('',*,*,#274,.F.);
#1741 = ORIENTED_EDGE('',*,*,#1724,.T.);
#1742 = ORIENTED_EDGE('',*,*,#954,.T.);
#1743 = ORIENTED_EDGE('',*,*,#1744,.T.);
#1744 = EDGE_CURVE('',#947,#1060,#1745,.T.);
#1745 = LINE('',#1746,#1747);
#1746 = CARTESIAN_POINT('',(21.9,1.52,5.25));
#1747 = VECTOR('',#1748,1.);
#1748 = DIRECTION('',(0.,1.233581138472E-16,-1.));
#1749 = ORIENTED_EDGE('',*,*,#1059,.T.);
#1750 = ORIENTED_EDGE('',*,*,#1708,.T.);
#1751 = PLANE('',#1752);
#1752 = AXIS2_PLACEMENT_3D('',#1753,#1754,#1755);
#1753 = CARTESIAN_POINT('',(23.55,1.52,3.45));
#1754 = DIRECTION('',(0.,1.,0.));
#1755 = DIRECTION('',(0.,0.,1.));
#1756 = ADVANCED_FACE('',(#1757),#1798,.F.);
#1757 = FACE_BOUND('',#1758,.F.);
#1758 = EDGE_LOOP('',(#1759,#1767,#1775,#1783,#1791,#1797));
#1759 = ORIENTED_EDGE('',*,*,#1760,.F.);
#1760 = EDGE_CURVE('',#1761,#307,#1763,.T.);
#1761 = VERTEX_POINT('',#1762);
#1762 = CARTESIAN_POINT('',(21.05,1.52,3.45));
#1763 = LINE('',#1764,#1765);
#1764 = CARTESIAN_POINT('',(21.05,1.52,3.45));
#1765 = VECTOR('',#1766,1.);
#1766 = DIRECTION('',(0.,0.,1.));
#1767 = ORIENTED_EDGE('',*,*,#1768,.T.);
#1768 = EDGE_CURVE('',#1761,#1769,#1771,.T.);
#1769 = VERTEX_POINT('',#1770);
#1770 = CARTESIAN_POINT('',(20.6,1.52,3.45));
#1771 = LINE('',#1772,#1773);
#1772 = CARTESIAN_POINT('',(21.05,1.52,3.45));
#1773 = VECTOR('',#1774,1.);
#1774 = DIRECTION('',(-1.,-0.,-0.));
#1775 = ORIENTED_EDGE('',*,*,#1776,.F.);
#1776 = EDGE_CURVE('',#1777,#1769,#1779,.T.);
#1777 = VERTEX_POINT('',#1778);
#1778 = CARTESIAN_POINT('',(20.6,1.52,5.25));
#1779 = LINE('',#1780,#1781);
#1780 = CARTESIAN_POINT('',(20.6,1.52,5.25));
#1781 = VECTOR('',#1782,1.);
#1782 = DIRECTION('',(0.,1.233581138472E-16,-1.));
#1783 = ORIENTED_EDGE('',*,*,#1784,.T.);
#1784 = EDGE_CURVE('',#1777,#1785,#1787,.T.);
#1785 = VERTEX_POINT('',#1786);
#1786 = CARTESIAN_POINT('',(20.5,1.52,5.25));
#1787 = LINE('',#1788,#1789);
#1788 = CARTESIAN_POINT('',(20.6,1.52,5.25));
#1789 = VECTOR('',#1790,1.);
#1790 = DIRECTION('',(-1.,-0.,-0.));
#1791 = ORIENTED_EDGE('',*,*,#1792,.F.);
#1792 = EDGE_CURVE('',#309,#1785,#1793,.T.);
#1793 = LINE('',#1794,#1795);
#1794 = CARTESIAN_POINT('',(20.5,1.52,9.8));
#1795 = VECTOR('',#1796,1.);
#1796 = DIRECTION('',(0.,0.,-1.));
#1797 = ORIENTED_EDGE('',*,*,#306,.F.);
#1798 = PLANE('',#1799);
#1799 = AXIS2_PLACEMENT_3D('',#1800,#1801,#1802);
#1800 = CARTESIAN_POINT('',(21.05,1.52,3.45));
#1801 = DIRECTION('',(0.,1.,0.));
#1802 = DIRECTION('',(0.,0.,1.));
#1803 = ADVANCED_FACE('',(#1804),#1822,.F.);
#1804 = FACE_BOUND('',#1805,.F.);
#1805 = EDGE_LOOP('',(#1806,#1814,#1815,#1816));
#1806 = ORIENTED_EDGE('',*,*,#1807,.T.);
#1807 = EDGE_CURVE('',#1808,#1761,#1810,.T.);
#1808 = VERTEX_POINT('',#1809);
#1809 = CARTESIAN_POINT('',(21.05,-0.98,3.45));
#1810 = LINE('',#1811,#1812);
#1811 = CARTESIAN_POINT('',(21.05,-0.98,3.45));
#1812 = VECTOR('',#1813,1.);
#1813 = DIRECTION('',(0.,1.,0.));
#1814 = ORIENTED_EDGE('',*,*,#1760,.T.);
#1815 = ORIENTED_EDGE('',*,*,#316,.T.);
#1816 = ORIENTED_EDGE('',*,*,#1817,.T.);
#1817 = EDGE_CURVE('',#317,#1808,#1818,.T.);
#1818 = LINE('',#1819,#1820);
#1819 = CARTESIAN_POINT('',(21.05,-0.98,9.8));
#1820 = VECTOR('',#1821,1.);
#1821 = DIRECTION('',(0.,0.,-1.));
#1822 = PLANE('',#1823);
#1823 = AXIS2_PLACEMENT_3D('',#1824,#1825,#1826);
#1824 = CARTESIAN_POINT('',(21.05,0.27,6.625));
#1825 = DIRECTION('',(1.,0.,0.));
#1826 = DIRECTION('',(0.,0.,1.));
#1827 = ADVANCED_FACE('',(#1828),#1846,.F.);
#1828 = FACE_BOUND('',#1829,.F.);
#1829 = EDGE_LOOP('',(#1830,#1831,#1839,#1845));
#1830 = ORIENTED_EDGE('',*,*,#1792,.T.);
#1831 = ORIENTED_EDGE('',*,*,#1832,.T.);
#1832 = EDGE_CURVE('',#1785,#1833,#1835,.T.);
#1833 = VERTEX_POINT('',#1834);
#1834 = CARTESIAN_POINT('',(20.5,1.92,5.25));
#1835 = LINE('',#1836,#1837);
#1836 = CARTESIAN_POINT('',(20.5,1.52,5.25));
#1837 = VECTOR('',#1838,1.);
#1838 = DIRECTION('',(0.,1.,0.));
#1839 = ORIENTED_EDGE('',*,*,#1840,.T.);
#1840 = EDGE_CURVE('',#1833,#357,#1841,.T.);
#1841 = LINE('',#1842,#1843);
#1842 = CARTESIAN_POINT('',(20.5,1.92,5.25));
#1843 = VECTOR('',#1844,1.);
#1844 = DIRECTION('',(0.,0.,1.));
#1845 = ORIENTED_EDGE('',*,*,#364,.T.);
#1846 = PLANE('',#1847);
#1847 = AXIS2_PLACEMENT_3D('',#1848,#1849,#1850);
#1848 = CARTESIAN_POINT('',(20.5,1.72,7.525));
#1849 = DIRECTION('',(1.,0.,0.));
#1850 = DIRECTION('',(0.,0.,1.));
#1851 = ADVANCED_FACE('',(#1852),#1870,.F.);
#1852 = FACE_BOUND('',#1853,.F.);
#1853 = EDGE_LOOP('',(#1854,#1855,#1863,#1869));
#1854 = ORIENTED_EDGE('',*,*,#324,.T.);
#1855 = ORIENTED_EDGE('',*,*,#1856,.T.);
#1856 = EDGE_CURVE('',#325,#1857,#1859,.T.);
#1857 = VERTEX_POINT('',#1858);
#1858 = CARTESIAN_POINT('',(18.95,-0.98,3.45));
#1859 = LINE('',#1860,#1861);
#1860 = CARTESIAN_POINT('',(18.95,-0.98,9.8));
#1861 = VECTOR('',#1862,1.);
#1862 = DIRECTION('',(0.,0.,-1.));
#1863 = ORIENTED_EDGE('',*,*,#1864,.F.);
#1864 = EDGE_CURVE('',#1808,#1857,#1865,.T.);
#1865 = LINE('',#1866,#1867);
#1866 = CARTESIAN_POINT('',(21.05,-0.98,3.45));
#1867 = VECTOR('',#1868,1.);
#1868 = DIRECTION('',(-1.,-0.,-0.));
#1869 = ORIENTED_EDGE('',*,*,#1817,.F.);
#1870 = PLANE('',#1871);
#1871 = AXIS2_PLACEMENT_3D('',#1872,#1873,#1874);
#1872 = CARTESIAN_POINT('',(21.05,-0.98,9.8));
#1873 = DIRECTION('',(0.,-1.,0.));
#1874 = DIRECTION('',(0.,0.,-1.));
#1875 = ADVANCED_FACE('',(#1876),#1894,.F.);
#1876 = FACE_BOUND('',#1877,.F.);
#1877 = EDGE_LOOP('',(#1878,#1886,#1892,#1893));
#1878 = ORIENTED_EDGE('',*,*,#1879,.T.);
#1879 = EDGE_CURVE('',#1833,#1880,#1882,.T.);
#1880 = VERTEX_POINT('',#1881);
#1881 = CARTESIAN_POINT('',(19.5,1.92,5.25));
#1882 = LINE('',#1883,#1884);
#1883 = CARTESIAN_POINT('',(20.5,1.92,5.25));
#1884 = VECTOR('',#1885,1.);
#1885 = DIRECTION('',(-1.,-0.,-0.));
#1886 = ORIENTED_EDGE('',*,*,#1887,.T.);
#1887 = EDGE_CURVE('',#1880,#349,#1888,.T.);
#1888 = LINE('',#1889,#1890);
#1889 = CARTESIAN_POINT('',(19.5,1.92,5.25));
#1890 = VECTOR('',#1891,1.);
#1891 = DIRECTION('',(0.,0.,1.));
#1892 = ORIENTED_EDGE('',*,*,#356,.F.);
#1893 = ORIENTED_EDGE('',*,*,#1840,.F.);
#1894 = PLANE('',#1895);
#1895 = AXIS2_PLACEMENT_3D('',#1896,#1897,#1898);
#1896 = CARTESIAN_POINT('',(20.5,1.92,5.25));
#1897 = DIRECTION('',(0.,1.,0.));
#1898 = DIRECTION('',(0.,0.,1.));
#1899 = ADVANCED_FACE('',(#1900),#1918,.T.);
#1900 = FACE_BOUND('',#1901,.T.);
#1901 = EDGE_LOOP('',(#1902,#1910,#1916,#1917));
#1902 = ORIENTED_EDGE('',*,*,#1903,.T.);
#1903 = EDGE_CURVE('',#1857,#1904,#1906,.T.);
#1904 = VERTEX_POINT('',#1905);
#1905 = CARTESIAN_POINT('',(18.95,1.52,3.45));
#1906 = LINE('',#1907,#1908);
#1907 = CARTESIAN_POINT('',(18.95,-0.98,3.45));
#1908 = VECTOR('',#1909,1.);
#1909 = DIRECTION('',(0.,1.,0.));
#1910 = ORIENTED_EDGE('',*,*,#1911,.T.);
#1911 = EDGE_CURVE('',#1904,#333,#1912,.T.);
#1912 = LINE('',#1913,#1914);
#1913 = CARTESIAN_POINT('',(18.95,1.52,3.45));
#1914 = VECTOR('',#1915,1.);
#1915 = DIRECTION('',(0.,0.,1.));
#1916 = ORIENTED_EDGE('',*,*,#332,.T.);
#1917 = ORIENTED_EDGE('',*,*,#1856,.T.);
#1918 = PLANE('',#1919);
#1919 = AXIS2_PLACEMENT_3D('',#1920,#1921,#1922);
#1920 = CARTESIAN_POINT('',(18.95,0.27,6.625));
#1921 = DIRECTION('',(1.,0.,0.));
#1922 = DIRECTION('',(0.,0.,1.));
#1923 = ADVANCED_FACE('',(#1924),#1942,.T.);
#1924 = FACE_BOUND('',#1925,.T.);
#1925 = EDGE_LOOP('',(#1926,#1934,#1940,#1941));
#1926 = ORIENTED_EDGE('',*,*,#1927,.T.);
#1927 = EDGE_CURVE('',#341,#1928,#1930,.T.);
#1928 = VERTEX_POINT('',#1929);
#1929 = CARTESIAN_POINT('',(19.5,1.52,5.25));
#1930 = LINE('',#1931,#1932);
#1931 = CARTESIAN_POINT('',(19.5,1.52,9.8));
#1932 = VECTOR('',#1933,1.);
#1933 = DIRECTION('',(0.,0.,-1.));
#1934 = ORIENTED_EDGE('',*,*,#1935,.T.);
#1935 = EDGE_CURVE('',#1928,#1880,#1936,.T.);
#1936 = LINE('',#1937,#1938);
#1937 = CARTESIAN_POINT('',(19.5,1.52,5.25));
#1938 = VECTOR('',#1939,1.);
#1939 = DIRECTION('',(0.,1.,0.));
#1940 = ORIENTED_EDGE('',*,*,#1887,.T.);
#1941 = ORIENTED_EDGE('',*,*,#348,.T.);
#1942 = PLANE('',#1943);
#1943 = AXIS2_PLACEMENT_3D('',#1944,#1945,#1946);
#1944 = CARTESIAN_POINT('',(19.5,1.72,7.525));
#1945 = DIRECTION('',(1.,0.,0.));
#1946 = DIRECTION('',(0.,0.,1.));
#1947 = ADVANCED_FACE('',(#1948),#1975,.F.);
#1948 = FACE_BOUND('',#1949,.F.);
#1949 = EDGE_LOOP('',(#1950,#1951,#1952,#1960,#1968,#1974));
#1950 = ORIENTED_EDGE('',*,*,#340,.F.);
#1951 = ORIENTED_EDGE('',*,*,#1927,.T.);
#1952 = ORIENTED_EDGE('',*,*,#1953,.T.);
#1953 = EDGE_CURVE('',#1928,#1954,#1956,.T.);
#1954 = VERTEX_POINT('',#1955);
#1955 = CARTESIAN_POINT('',(19.4,1.52,5.25));
#1956 = LINE('',#1957,#1958);
#1957 = CARTESIAN_POINT('',(20.6,1.52,5.25));
#1958 = VECTOR('',#1959,1.);
#1959 = DIRECTION('',(-1.,-0.,-0.));
#1960 = ORIENTED_EDGE('',*,*,#1961,.T.);
#1961 = EDGE_CURVE('',#1954,#1962,#1964,.T.);
#1962 = VERTEX_POINT('',#1963);
#1963 = CARTESIAN_POINT('',(19.4,1.52,3.45));
#1964 = LINE('',#1965,#1966);
#1965 = CARTESIAN_POINT('',(19.4,1.52,5.25));
#1966 = VECTOR('',#1967,1.);
#1967 = DIRECTION('',(0.,1.233581138472E-16,-1.));
#1968 = ORIENTED_EDGE('',*,*,#1969,.T.);
#1969 = EDGE_CURVE('',#1962,#1904,#1970,.T.);
#1970 = LINE('',#1971,#1972);
#1971 = CARTESIAN_POINT('',(21.05,1.52,3.45));
#1972 = VECTOR('',#1973,1.);
#1973 = DIRECTION('',(-1.,-0.,-0.));
#1974 = ORIENTED_EDGE('',*,*,#1911,.T.);
#1975 = PLANE('',#1976);
#1976 = AXIS2_PLACEMENT_3D('',#1977,#1978,#1979);
#1977 = CARTESIAN_POINT('',(21.05,1.52,3.45));
#1978 = DIRECTION('',(0.,1.,0.));
#1979 = DIRECTION('',(0.,0.,1.));
#1980 = ADVANCED_FACE('',(#1981),#2022,.F.);
#1981 = FACE_BOUND('',#1982,.F.);
#1982 = EDGE_LOOP('',(#1983,#1991,#1999,#2007,#2015,#2021));
#1983 = ORIENTED_EDGE('',*,*,#1984,.F.);
#1984 = EDGE_CURVE('',#1985,#373,#1987,.T.);
#1985 = VERTEX_POINT('',#1986);
#1986 = CARTESIAN_POINT('',(18.55,1.52,3.45));
#1987 = LINE('',#1988,#1989);
#1988 = CARTESIAN_POINT('',(18.55,1.52,3.45));
#1989 = VECTOR('',#1990,1.);
#1990 = DIRECTION('',(0.,0.,1.));
#1991 = ORIENTED_EDGE('',*,*,#1992,.T.);
#1992 = EDGE_CURVE('',#1985,#1993,#1995,.T.);
#1993 = VERTEX_POINT('',#1994);
#1994 = CARTESIAN_POINT('',(18.1,1.52,3.45));
#1995 = LINE('',#1996,#1997);
#1996 = CARTESIAN_POINT('',(18.55,1.52,3.45));
#1997 = VECTOR('',#1998,1.);
#1998 = DIRECTION('',(-1.,-0.,-0.));
#1999 = ORIENTED_EDGE('',*,*,#2000,.F.);
#2000 = EDGE_CURVE('',#2001,#1993,#2003,.T.);
#2001 = VERTEX_POINT('',#2002);
#2002 = CARTESIAN_POINT('',(18.1,1.52,5.25));
#2003 = LINE('',#2004,#2005);
#2004 = CARTESIAN_POINT('',(18.1,1.52,5.25));
#2005 = VECTOR('',#2006,1.);
#2006 = DIRECTION('',(0.,1.233581138472E-16,-1.));
#2007 = ORIENTED_EDGE('',*,*,#2008,.T.);
#2008 = EDGE_CURVE('',#2001,#2009,#2011,.T.);
#2009 = VERTEX_POINT('',#2010);
#2010 = CARTESIAN_POINT('',(18.,1.52,5.25));
#2011 = LINE('',#2012,#2013);
#2012 = CARTESIAN_POINT('',(18.1,1.52,5.25));
#2013 = VECTOR('',#2014,1.);
#2014 = DIRECTION('',(-1.,-0.,-0.));
#2015 = ORIENTED_EDGE('',*,*,#2016,.F.);
#2016 = EDGE_CURVE('',#375,#2009,#2017,.T.);
#2017 = LINE('',#2018,#2019);
#2018 = CARTESIAN_POINT('',(18.,1.52,9.8));
#2019 = VECTOR('',#2020,1.);
#2020 = DIRECTION('',(0.,0.,-1.));
#2021 = ORIENTED_EDGE('',*,*,#372,.F.);
#2022 = PLANE('',#2023);
#2023 = AXIS2_PLACEMENT_3D('',#2024,#2025,#2026);
#2024 = CARTESIAN_POINT('',(18.55,1.52,3.45));
#2025 = DIRECTION('',(0.,1.,0.));
#2026 = DIRECTION('',(0.,0.,1.));
#2027 = ADVANCED_FACE('',(#2028),#2046,.F.);
#2028 = FACE_BOUND('',#2029,.F.);
#2029 = EDGE_LOOP('',(#2030,#2038,#2039,#2040));
#2030 = ORIENTED_EDGE('',*,*,#2031,.T.);
#2031 = EDGE_CURVE('',#2032,#1985,#2034,.T.);
#2032 = VERTEX_POINT('',#2033);
#2033 = CARTESIAN_POINT('',(18.55,-0.98,3.45));
#2034 = LINE('',#2035,#2036);
#2035 = CARTESIAN_POINT('',(18.55,-0.98,3.45));
#2036 = VECTOR('',#2037,1.);
#2037 = DIRECTION('',(0.,1.,0.));
#2038 = ORIENTED_EDGE('',*,*,#1984,.T.);
#2039 = ORIENTED_EDGE('',*,*,#382,.T.);
#2040 = ORIENTED_EDGE('',*,*,#2041,.T.);
#2041 = EDGE_CURVE('',#383,#2032,#2042,.T.);
#2042 = LINE('',#2043,#2044);
#2043 = CARTESIAN_POINT('',(18.55,-0.98,9.8));
#2044 = VECTOR('',#2045,1.);
#2045 = DIRECTION('',(0.,0.,-1.));
#2046 = PLANE('',#2047);
#2047 = AXIS2_PLACEMENT_3D('',#2048,#2049,#2050);
#2048 = CARTESIAN_POINT('',(18.55,0.27,6.625));
#2049 = DIRECTION('',(1.,0.,0.));
#2050 = DIRECTION('',(0.,0.,1.));
#2051 = ADVANCED_FACE('',(#2052),#2070,.F.);
#2052 = FACE_BOUND('',#2053,.F.);
#2053 = EDGE_LOOP('',(#2054,#2055,#2063,#2069));
#2054 = ORIENTED_EDGE('',*,*,#2016,.T.);
#2055 = ORIENTED_EDGE('',*,*,#2056,.T.);
#2056 = EDGE_CURVE('',#2009,#2057,#2059,.T.);
#2057 = VERTEX_POINT('',#2058);
#2058 = CARTESIAN_POINT('',(18.,1.92,5.25));
#2059 = LINE('',#2060,#2061);
#2060 = CARTESIAN_POINT('',(18.,1.52,5.25));
#2061 = VECTOR('',#2062,1.);
#2062 = DIRECTION('',(0.,1.,0.));
#2063 = ORIENTED_EDGE('',*,*,#2064,.T.);
#2064 = EDGE_CURVE('',#2057,#423,#2065,.T.);
#2065 = LINE('',#2066,#2067);
#2066 = CARTESIAN_POINT('',(18.,1.92,5.25));
#2067 = VECTOR('',#2068,1.);
#2068 = DIRECTION('',(0.,0.,1.));
#2069 = ORIENTED_EDGE('',*,*,#430,.T.);
#2070 = PLANE('',#2071);
#2071 = AXIS2_PLACEMENT_3D('',#2072,#2073,#2074);
#2072 = CARTESIAN_POINT('',(18.,1.72,7.525));
#2073 = DIRECTION('',(1.,0.,0.));
#2074 = DIRECTION('',(0.,0.,1.));
#2075 = ADVANCED_FACE('',(#2076),#2094,.F.);
#2076 = FACE_BOUND('',#2077,.F.);
#2077 = EDGE_LOOP('',(#2078,#2079,#2087,#2093));
#2078 = ORIENTED_EDGE('',*,*,#390,.T.);
#2079 = ORIENTED_EDGE('',*,*,#2080,.T.);
#2080 = EDGE_CURVE('',#391,#2081,#2083,.T.);
#2081 = VERTEX_POINT('',#2082);
#2082 = CARTESIAN_POINT('',(16.45,-0.98,3.45));
#2083 = LINE('',#2084,#2085);
#2084 = CARTESIAN_POINT('',(16.45,-0.98,9.8));
#2085 = VECTOR('',#2086,1.);
#2086 = DIRECTION('',(0.,0.,-1.));
#2087 = ORIENTED_EDGE('',*,*,#2088,.F.);
#2088 = EDGE_CURVE('',#2032,#2081,#2089,.T.);
#2089 = LINE('',#2090,#2091);
#2090 = CARTESIAN_POINT('',(18.55,-0.98,3.45));
#2091 = VECTOR('',#2092,1.);
#2092 = DIRECTION('',(-1.,-0.,-0.));
#2093 = ORIENTED_EDGE('',*,*,#2041,.F.);
#2094 = PLANE('',#2095);
#2095 = AXIS2_PLACEMENT_3D('',#2096,#2097,#2098);
#2096 = CARTESIAN_POINT('',(18.55,-0.98,9.8));
#2097 = DIRECTION('',(0.,-1.,0.));
#2098 = DIRECTION('',(0.,0.,-1.));
#2099 = ADVANCED_FACE('',(#2100),#2118,.F.);
#2100 = FACE_BOUND('',#2101,.F.);
#2101 = EDGE_LOOP('',(#2102,#2110,#2116,#2117));
#2102 = ORIENTED_EDGE('',*,*,#2103,.T.);
#2103 = EDGE_CURVE('',#2057,#2104,#2106,.T.);
#2104 = VERTEX_POINT('',#2105);
#2105 = CARTESIAN_POINT('',(17.,1.92,5.25));
#2106 = LINE('',#2107,#2108);
#2107 = CARTESIAN_POINT('',(18.,1.92,5.25));
#2108 = VECTOR('',#2109,1.);
#2109 = DIRECTION('',(-1.,-0.,-0.));
#2110 = ORIENTED_EDGE('',*,*,#2111,.T.);
#2111 = EDGE_CURVE('',#2104,#415,#2112,.T.);
#2112 = LINE('',#2113,#2114);
#2113 = CARTESIAN_POINT('',(17.,1.92,5.25));
#2114 = VECTOR('',#2115,1.);
#2115 = DIRECTION('',(0.,0.,1.));
#2116 = ORIENTED_EDGE('',*,*,#422,.F.);
#2117 = ORIENTED_EDGE('',*,*,#2064,.F.);
#2118 = PLANE('',#2119);
#2119 = AXIS2_PLACEMENT_3D('',#2120,#2121,#2122);
#2120 = CARTESIAN_POINT('',(18.,1.92,5.25));
#2121 = DIRECTION('',(0.,1.,0.));
#2122 = DIRECTION('',(0.,0.,1.));
#2123 = ADVANCED_FACE('',(#2124),#2142,.T.);
#2124 = FACE_BOUND('',#2125,.T.);
#2125 = EDGE_LOOP('',(#2126,#2134,#2140,#2141));
#2126 = ORIENTED_EDGE('',*,*,#2127,.T.);
#2127 = EDGE_CURVE('',#2081,#2128,#2130,.T.);
#2128 = VERTEX_POINT('',#2129);
#2129 = CARTESIAN_POINT('',(16.45,1.52,3.45));
#2130 = LINE('',#2131,#2132);
#2131 = CARTESIAN_POINT('',(16.45,-0.98,3.45));
#2132 = VECTOR('',#2133,1.);
#2133 = DIRECTION('',(0.,1.,0.));
#2134 = ORIENTED_EDGE('',*,*,#2135,.T.);
#2135 = EDGE_CURVE('',#2128,#399,#2136,.T.);
#2136 = LINE('',#2137,#2138);
#2137 = CARTESIAN_POINT('',(16.45,1.52,3.45));
#2138 = VECTOR('',#2139,1.);
#2139 = DIRECTION('',(0.,0.,1.));
#2140 = ORIENTED_EDGE('',*,*,#398,.T.);
#2141 = ORIENTED_EDGE('',*,*,#2080,.T.);
#2142 = PLANE('',#2143);
#2143 = AXIS2_PLACEMENT_3D('',#2144,#2145,#2146);
#2144 = CARTESIAN_POINT('',(16.45,0.27,6.625));
#2145 = DIRECTION('',(1.,0.,0.));
#2146 = DIRECTION('',(0.,0.,1.));
#2147 = ADVANCED_FACE('',(#2148),#2166,.T.);
#2148 = FACE_BOUND('',#2149,.T.);
#2149 = EDGE_LOOP('',(#2150,#2158,#2164,#2165));
#2150 = ORIENTED_EDGE('',*,*,#2151,.T.);
#2151 = EDGE_CURVE('',#407,#2152,#2154,.T.);
#2152 = VERTEX_POINT('',#2153);
#2153 = CARTESIAN_POINT('',(17.,1.52,5.25));
#2154 = LINE('',#2155,#2156);
#2155 = CARTESIAN_POINT('',(17.,1.52,9.8));
#2156 = VECTOR('',#2157,1.);
#2157 = DIRECTION('',(0.,0.,-1.));
#2158 = ORIENTED_EDGE('',*,*,#2159,.T.);
#2159 = EDGE_CURVE('',#2152,#2104,#2160,.T.);
#2160 = LINE('',#2161,#2162);
#2161 = CARTESIAN_POINT('',(17.,1.52,5.25));
#2162 = VECTOR('',#2163,1.);
#2163 = DIRECTION('',(0.,1.,0.));
#2164 = ORIENTED_EDGE('',*,*,#2111,.T.);
#2165 = ORIENTED_EDGE('',*,*,#414,.T.);
#2166 = PLANE('',#2167);
#2167 = AXIS2_PLACEMENT_3D('',#2168,#2169,#2170);
#2168 = CARTESIAN_POINT('',(17.,1.72,7.525));
#2169 = DIRECTION('',(1.,0.,0.));
#2170 = DIRECTION('',(0.,0.,1.));
#2171 = ADVANCED_FACE('',(#2172),#2199,.F.);
#2172 = FACE_BOUND('',#2173,.F.);
#2173 = EDGE_LOOP('',(#2174,#2175,#2176,#2184,#2192,#2198));
#2174 = ORIENTED_EDGE('',*,*,#406,.F.);
#2175 = ORIENTED_EDGE('',*,*,#2151,.T.);
#2176 = ORIENTED_EDGE('',*,*,#2177,.T.);
#2177 = EDGE_CURVE('',#2152,#2178,#2180,.T.);
#2178 = VERTEX_POINT('',#2179);
#2179 = CARTESIAN_POINT('',(16.9,1.52,5.25));
#2180 = LINE('',#2181,#2182);
#2181 = CARTESIAN_POINT('',(18.1,1.52,5.25));
#2182 = VECTOR('',#2183,1.);
#2183 = DIRECTION('',(-1.,-0.,-0.));
#2184 = ORIENTED_EDGE('',*,*,#2185,.T.);
#2185 = EDGE_CURVE('',#2178,#2186,#2188,.T.);
#2186 = VERTEX_POINT('',#2187);
#2187 = CARTESIAN_POINT('',(16.9,1.52,3.45));
#2188 = LINE('',#2189,#2190);
#2189 = CARTESIAN_POINT('',(16.9,1.52,5.25));
#2190 = VECTOR('',#2191,1.);
#2191 = DIRECTION('',(0.,1.233581138472E-16,-1.));
#2192 = ORIENTED_EDGE('',*,*,#2193,.T.);
#2193 = EDGE_CURVE('',#2186,#2128,#2194,.T.);
#2194 = LINE('',#2195,#2196);
#2195 = CARTESIAN_POINT('',(18.55,1.52,3.45));
#2196 = VECTOR('',#2197,1.);
#2197 = DIRECTION('',(-1.,-0.,-0.));
#2198 = ORIENTED_EDGE('',*,*,#2135,.T.);
#2199 = PLANE('',#2200);
#2200 = AXIS2_PLACEMENT_3D('',#2201,#2202,#2203);
#2201 = CARTESIAN_POINT('',(18.55,1.52,3.45));
#2202 = DIRECTION('',(0.,1.,0.));
#2203 = DIRECTION('',(0.,0.,1.));
#2204 = ADVANCED_FACE('',(#2205),#2246,.F.);
#2205 = FACE_BOUND('',#2206,.F.);
#2206 = EDGE_LOOP('',(#2207,#2215,#2223,#2231,#2239,#2245));
#2207 = ORIENTED_EDGE('',*,*,#2208,.F.);
#2208 = EDGE_CURVE('',#2209,#439,#2211,.T.);
#2209 = VERTEX_POINT('',#2210);
#2210 = CARTESIAN_POINT('',(16.05,1.52,3.45));
#2211 = LINE('',#2212,#2213);
#2212 = CARTESIAN_POINT('',(16.05,1.52,3.45));
#2213 = VECTOR('',#2214,1.);
#2214 = DIRECTION('',(0.,0.,1.));
#2215 = ORIENTED_EDGE('',*,*,#2216,.T.);
#2216 = EDGE_CURVE('',#2209,#2217,#2219,.T.);
#2217 = VERTEX_POINT('',#2218);
#2218 = CARTESIAN_POINT('',(15.6,1.52,3.45));
#2219 = LINE('',#2220,#2221);
#2220 = CARTESIAN_POINT('',(16.05,1.52,3.45));
#2221 = VECTOR('',#2222,1.);
#2222 = DIRECTION('',(-1.,-0.,-0.));
#2223 = ORIENTED_EDGE('',*,*,#2224,.F.);
#2224 = EDGE_CURVE('',#2225,#2217,#2227,.T.);
#2225 = VERTEX_POINT('',#2226);
#2226 = CARTESIAN_POINT('',(15.6,1.52,5.25));
#2227 = LINE('',#2228,#2229);
#2228 = CARTESIAN_POINT('',(15.6,1.52,5.25));
#2229 = VECTOR('',#2230,1.);
#2230 = DIRECTION('',(0.,1.233581138472E-16,-1.));
#2231 = ORIENTED_EDGE('',*,*,#2232,.T.);
#2232 = EDGE_CURVE('',#2225,#2233,#2235,.T.);
#2233 = VERTEX_POINT('',#2234);
#2234 = CARTESIAN_POINT('',(15.5,1.52,5.25));
#2235 = LINE('',#2236,#2237);
#2236 = CARTESIAN_POINT('',(15.6,1.52,5.25));
#2237 = VECTOR('',#2238,1.);
#2238 = DIRECTION('',(-1.,-0.,-0.));
#2239 = ORIENTED_EDGE('',*,*,#2240,.F.);
#2240 = EDGE_CURVE('',#441,#2233,#2241,.T.);
#2241 = LINE('',#2242,#2243);
#2242 = CARTESIAN_POINT('',(15.5,1.52,9.8));
#2243 = VECTOR('',#2244,1.);
#2244 = DIRECTION('',(0.,0.,-1.));
#2245 = ORIENTED_EDGE('',*,*,#438,.F.);
#2246 = PLANE('',#2247);
#2247 = AXIS2_PLACEMENT_3D('',#2248,#2249,#2250);
#2248 = CARTESIAN_POINT('',(16.05,1.52,3.45));
#2249 = DIRECTION('',(0.,1.,0.));
#2250 = DIRECTION('',(0.,0.,1.));
#2251 = ADVANCED_FACE('',(#2252),#2270,.F.);
#2252 = FACE_BOUND('',#2253,.F.);
#2253 = EDGE_LOOP('',(#2254,#2262,#2263,#2264));
#2254 = ORIENTED_EDGE('',*,*,#2255,.T.);
#2255 = EDGE_CURVE('',#2256,#2209,#2258,.T.);
#2256 = VERTEX_POINT('',#2257);
#2257 = CARTESIAN_POINT('',(16.05,-0.98,3.45));
#2258 = LINE('',#2259,#2260);
#2259 = CARTESIAN_POINT('',(16.05,-0.98,3.45));
#2260 = VECTOR('',#2261,1.);
#2261 = DIRECTION('',(0.,1.,0.));
#2262 = ORIENTED_EDGE('',*,*,#2208,.T.);
#2263 = ORIENTED_EDGE('',*,*,#448,.T.);
#2264 = ORIENTED_EDGE('',*,*,#2265,.T.);
#2265 = EDGE_CURVE('',#449,#2256,#2266,.T.);
#2266 = LINE('',#2267,#2268);
#2267 = CARTESIAN_POINT('',(16.05,-0.98,9.8));
#2268 = VECTOR('',#2269,1.);
#2269 = DIRECTION('',(0.,0.,-1.));
#2270 = PLANE('',#2271);
#2271 = AXIS2_PLACEMENT_3D('',#2272,#2273,#2274);
#2272 = CARTESIAN_POINT('',(16.05,0.27,6.625));
#2273 = DIRECTION('',(1.,0.,0.));
#2274 = DIRECTION('',(0.,0.,1.));
#2275 = ADVANCED_FACE('',(#2276),#2294,.F.);
#2276 = FACE_BOUND('',#2277,.F.);
#2277 = EDGE_LOOP('',(#2278,#2279,#2287,#2293));
#2278 = ORIENTED_EDGE('',*,*,#2240,.T.);
#2279 = ORIENTED_EDGE('',*,*,#2280,.T.);
#2280 = EDGE_CURVE('',#2233,#2281,#2283,.T.);
#2281 = VERTEX_POINT('',#2282);
#2282 = CARTESIAN_POINT('',(15.5,1.92,5.25));
#2283 = LINE('',#2284,#2285);
#2284 = CARTESIAN_POINT('',(15.5,1.52,5.25));
#2285 = VECTOR('',#2286,1.);
#2286 = DIRECTION('',(0.,1.,0.));
#2287 = ORIENTED_EDGE('',*,*,#2288,.T.);
#2288 = EDGE_CURVE('',#2281,#489,#2289,.T.);
#2289 = LINE('',#2290,#2291);
#2290 = CARTESIAN_POINT('',(15.5,1.92,5.25));
#2291 = VECTOR('',#2292,1.);
#2292 = DIRECTION('',(0.,0.,1.));
#2293 = ORIENTED_EDGE('',*,*,#496,.T.);
#2294 = PLANE('',#2295);
#2295 = AXIS2_PLACEMENT_3D('',#2296,#2297,#2298);
#2296 = CARTESIAN_POINT('',(15.5,1.72,7.525));
#2297 = DIRECTION('',(1.,0.,0.));
#2298 = DIRECTION('',(0.,0.,1.));
#2299 = ADVANCED_FACE('',(#2300),#2318,.F.);
#2300 = FACE_BOUND('',#2301,.F.);
#2301 = EDGE_LOOP('',(#2302,#2303,#2311,#2317));
#2302 = ORIENTED_EDGE('',*,*,#456,.T.);
#2303 = ORIENTED_EDGE('',*,*,#2304,.T.);
#2304 = EDGE_CURVE('',#457,#2305,#2307,.T.);
#2305 = VERTEX_POINT('',#2306);
#2306 = CARTESIAN_POINT('',(13.95,-0.98,3.45));
#2307 = LINE('',#2308,#2309);
#2308 = CARTESIAN_POINT('',(13.95,-0.98,9.8));
#2309 = VECTOR('',#2310,1.);
#2310 = DIRECTION('',(0.,0.,-1.));
#2311 = ORIENTED_EDGE('',*,*,#2312,.F.);
#2312 = EDGE_CURVE('',#2256,#2305,#2313,.T.);
#2313 = LINE('',#2314,#2315);
#2314 = CARTESIAN_POINT('',(16.05,-0.98,3.45));
#2315 = VECTOR('',#2316,1.);
#2316 = DIRECTION('',(-1.,-0.,-0.));
#2317 = ORIENTED_EDGE('',*,*,#2265,.F.);
#2318 = PLANE('',#2319);
#2319 = AXIS2_PLACEMENT_3D('',#2320,#2321,#2322);
#2320 = CARTESIAN_POINT('',(16.05,-0.98,9.8));
#2321 = DIRECTION('',(0.,-1.,0.));
#2322 = DIRECTION('',(0.,0.,-1.));
#2323 = ADVANCED_FACE('',(#2324),#2342,.F.);
#2324 = FACE_BOUND('',#2325,.F.);
#2325 = EDGE_LOOP('',(#2326,#2334,#2340,#2341));
#2326 = ORIENTED_EDGE('',*,*,#2327,.T.);
#2327 = EDGE_CURVE('',#2281,#2328,#2330,.T.);
#2328 = VERTEX_POINT('',#2329);
#2329 = CARTESIAN_POINT('',(14.5,1.92,5.25));
#2330 = LINE('',#2331,#2332);
#2331 = CARTESIAN_POINT('',(15.5,1.92,5.25));
#2332 = VECTOR('',#2333,1.);
#2333 = DIRECTION('',(-1.,-0.,-0.));
#2334 = ORIENTED_EDGE('',*,*,#2335,.T.);
#2335 = EDGE_CURVE('',#2328,#481,#2336,.T.);
#2336 = LINE('',#2337,#2338);
#2337 = CARTESIAN_POINT('',(14.5,1.92,5.25));
#2338 = VECTOR('',#2339,1.);
#2339 = DIRECTION('',(0.,0.,1.));
#2340 = ORIENTED_EDGE('',*,*,#488,.F.);
#2341 = ORIENTED_EDGE('',*,*,#2288,.F.);
#2342 = PLANE('',#2343);
#2343 = AXIS2_PLACEMENT_3D('',#2344,#2345,#2346);
#2344 = CARTESIAN_POINT('',(15.5,1.92,5.25));
#2345 = DIRECTION('',(0.,1.,0.));
#2346 = DIRECTION('',(0.,0.,1.));
#2347 = ADVANCED_FACE('',(#2348),#2366,.T.);
#2348 = FACE_BOUND('',#2349,.T.);
#2349 = EDGE_LOOP('',(#2350,#2358,#2364,#2365));
#2350 = ORIENTED_EDGE('',*,*,#2351,.T.);
#2351 = EDGE_CURVE('',#2305,#2352,#2354,.T.);
#2352 = VERTEX_POINT('',#2353);
#2353 = CARTESIAN_POINT('',(13.95,1.52,3.45));
#2354 = LINE('',#2355,#2356);
#2355 = CARTESIAN_POINT('',(13.95,-0.98,3.45));
#2356 = VECTOR('',#2357,1.);
#2357 = DIRECTION('',(0.,1.,0.));
#2358 = ORIENTED_EDGE('',*,*,#2359,.T.);
#2359 = EDGE_CURVE('',#2352,#465,#2360,.T.);
#2360 = LINE('',#2361,#2362);
#2361 = CARTESIAN_POINT('',(13.95,1.52,3.45));
#2362 = VECTOR('',#2363,1.);
#2363 = DIRECTION('',(0.,0.,1.));
#2364 = ORIENTED_EDGE('',*,*,#464,.T.);
#2365 = ORIENTED_EDGE('',*,*,#2304,.T.);
#2366 = PLANE('',#2367);
#2367 = AXIS2_PLACEMENT_3D('',#2368,#2369,#2370);
#2368 = CARTESIAN_POINT('',(13.95,0.27,6.625));
#2369 = DIRECTION('',(1.,0.,0.));
#2370 = DIRECTION('',(0.,0.,1.));
#2371 = ADVANCED_FACE('',(#2372),#2390,.T.);
#2372 = FACE_BOUND('',#2373,.T.);
#2373 = EDGE_LOOP('',(#2374,#2382,#2388,#2389));
#2374 = ORIENTED_EDGE('',*,*,#2375,.T.);
#2375 = EDGE_CURVE('',#473,#2376,#2378,.T.);
#2376 = VERTEX_POINT('',#2377);
#2377 = CARTESIAN_POINT('',(14.5,1.52,5.25));
#2378 = LINE('',#2379,#2380);
#2379 = CARTESIAN_POINT('',(14.5,1.52,9.8));
#2380 = VECTOR('',#2381,1.);
#2381 = DIRECTION('',(0.,0.,-1.));
#2382 = ORIENTED_EDGE('',*,*,#2383,.T.);
#2383 = EDGE_CURVE('',#2376,#2328,#2384,.T.);
#2384 = LINE('',#2385,#2386);
#2385 = CARTESIAN_POINT('',(14.5,1.52,5.25));
#2386 = VECTOR('',#2387,1.);
#2387 = DIRECTION('',(0.,1.,0.));
#2388 = ORIENTED_EDGE('',*,*,#2335,.T.);
#2389 = ORIENTED_EDGE('',*,*,#480,.T.);
#2390 = PLANE('',#2391);
#2391 = AXIS2_PLACEMENT_3D('',#2392,#2393,#2394);
#2392 = CARTESIAN_POINT('',(14.5,1.72,7.525));
#2393 = DIRECTION('',(1.,0.,0.));
#2394 = DIRECTION('',(0.,0.,1.));
#2395 = ADVANCED_FACE('',(#2396),#2423,.F.);
#2396 = FACE_BOUND('',#2397,.F.);
#2397 = EDGE_LOOP('',(#2398,#2399,#2400,#2408,#2416,#2422));
#2398 = ORIENTED_EDGE('',*,*,#472,.F.);
#2399 = ORIENTED_EDGE('',*,*,#2375,.T.);
#2400 = ORIENTED_EDGE('',*,*,#2401,.T.);
#2401 = EDGE_CURVE('',#2376,#2402,#2404,.T.);
#2402 = VERTEX_POINT('',#2403);
#2403 = CARTESIAN_POINT('',(14.4,1.52,5.25));
#2404 = LINE('',#2405,#2406);
#2405 = CARTESIAN_POINT('',(15.6,1.52,5.25));
#2406 = VECTOR('',#2407,1.);
#2407 = DIRECTION('',(-1.,-0.,-0.));
#2408 = ORIENTED_EDGE('',*,*,#2409,.T.);
#2409 = EDGE_CURVE('',#2402,#2410,#2412,.T.);
#2410 = VERTEX_POINT('',#2411);
#2411 = CARTESIAN_POINT('',(14.4,1.52,3.45));
#2412 = LINE('',#2413,#2414);
#2413 = CARTESIAN_POINT('',(14.4,1.52,5.25));
#2414 = VECTOR('',#2415,1.);
#2415 = DIRECTION('',(0.,1.233581138472E-16,-1.));
#2416 = ORIENTED_EDGE('',*,*,#2417,.T.);
#2417 = EDGE_CURVE('',#2410,#2352,#2418,.T.);
#2418 = LINE('',#2419,#2420);
#2419 = CARTESIAN_POINT('',(16.05,1.52,3.45));
#2420 = VECTOR('',#2421,1.);
#2421 = DIRECTION('',(-1.,-0.,-0.));
#2422 = ORIENTED_EDGE('',*,*,#2359,.T.);
#2423 = PLANE('',#2424);
#2424 = AXIS2_PLACEMENT_3D('',#2425,#2426,#2427);
#2425 = CARTESIAN_POINT('',(16.05,1.52,3.45));
#2426 = DIRECTION('',(0.,1.,0.));
#2427 = DIRECTION('',(0.,0.,1.));
#2428 = ADVANCED_FACE('',(#2429),#2470,.F.);
#2429 = FACE_BOUND('',#2430,.F.);
#2430 = EDGE_LOOP('',(#2431,#2439,#2447,#2455,#2463,#2469));
#2431 = ORIENTED_EDGE('',*,*,#2432,.F.);
#2432 = EDGE_CURVE('',#2433,#505,#2435,.T.);
#2433 = VERTEX_POINT('',#2434);
#2434 = CARTESIAN_POINT('',(13.55,1.52,3.45));
#2435 = LINE('',#2436,#2437);
#2436 = CARTESIAN_POINT('',(13.55,1.52,3.45));
#2437 = VECTOR('',#2438,1.);
#2438 = DIRECTION('',(0.,0.,1.));
#2439 = ORIENTED_EDGE('',*,*,#2440,.T.);
#2440 = EDGE_CURVE('',#2433,#2441,#2443,.T.);
#2441 = VERTEX_POINT('',#2442);
#2442 = CARTESIAN_POINT('',(13.1,1.52,3.45));
#2443 = LINE('',#2444,#2445);
#2444 = CARTESIAN_POINT('',(13.55,1.52,3.45));
#2445 = VECTOR('',#2446,1.);
#2446 = DIRECTION('',(-1.,-0.,-0.));
#2447 = ORIENTED_EDGE('',*,*,#2448,.F.);
#2448 = EDGE_CURVE('',#2449,#2441,#2451,.T.);
#2449 = VERTEX_POINT('',#2450);
#2450 = CARTESIAN_POINT('',(13.1,1.52,5.25));
#2451 = LINE('',#2452,#2453);
#2452 = CARTESIAN_POINT('',(13.1,1.52,5.25));
#2453 = VECTOR('',#2454,1.);
#2454 = DIRECTION('',(0.,1.233581138472E-16,-1.));
#2455 = ORIENTED_EDGE('',*,*,#2456,.T.);
#2456 = EDGE_CURVE('',#2449,#2457,#2459,.T.);
#2457 = VERTEX_POINT('',#2458);
#2458 = CARTESIAN_POINT('',(13.,1.52,5.25));
#2459 = LINE('',#2460,#2461);
#2460 = CARTESIAN_POINT('',(13.1,1.52,5.25));
#2461 = VECTOR('',#2462,1.);
#2462 = DIRECTION('',(-1.,-0.,-0.));
#2463 = ORIENTED_EDGE('',*,*,#2464,.F.);
#2464 = EDGE_CURVE('',#507,#2457,#2465,.T.);
#2465 = LINE('',#2466,#2467);
#2466 = CARTESIAN_POINT('',(13.,1.52,9.8));
#2467 = VECTOR('',#2468,1.);
#2468 = DIRECTION('',(0.,0.,-1.));
#2469 = ORIENTED_EDGE('',*,*,#504,.F.);
#2470 = PLANE('',#2471);
#2471 = AXIS2_PLACEMENT_3D('',#2472,#2473,#2474);
#2472 = CARTESIAN_POINT('',(13.55,1.52,3.45));
#2473 = DIRECTION('',(0.,1.,0.));
#2474 = DIRECTION('',(0.,0.,1.));
#2475 = ADVANCED_FACE('',(#2476),#2494,.F.);
#2476 = FACE_BOUND('',#2477,.F.);
#2477 = EDGE_LOOP('',(#2478,#2486,#2487,#2488));
#2478 = ORIENTED_EDGE('',*,*,#2479,.T.);
#2479 = EDGE_CURVE('',#2480,#2433,#2482,.T.);
#2480 = VERTEX_POINT('',#2481);
#2481 = CARTESIAN_POINT('',(13.55,-0.98,3.45));
#2482 = LINE('',#2483,#2484);
#2483 = CARTESIAN_POINT('',(13.55,-0.98,3.45));
#2484 = VECTOR('',#2485,1.);
#2485 = DIRECTION('',(0.,1.,0.));
#2486 = ORIENTED_EDGE('',*,*,#2432,.T.);
#2487 = ORIENTED_EDGE('',*,*,#514,.T.);
#2488 = ORIENTED_EDGE('',*,*,#2489,.T.);
#2489 = EDGE_CURVE('',#515,#2480,#2490,.T.);
#2490 = LINE('',#2491,#2492);
#2491 = CARTESIAN_POINT('',(13.55,-0.98,9.8));
#2492 = VECTOR('',#2493,1.);
#2493 = DIRECTION('',(0.,0.,-1.));
#2494 = PLANE('',#2495);
#2495 = AXIS2_PLACEMENT_3D('',#2496,#2497,#2498);
#2496 = CARTESIAN_POINT('',(13.55,0.27,6.625));
#2497 = DIRECTION('',(1.,0.,0.));
#2498 = DIRECTION('',(0.,0.,1.));
#2499 = ADVANCED_FACE('',(#2500),#2518,.F.);
#2500 = FACE_BOUND('',#2501,.F.);
#2501 = EDGE_LOOP('',(#2502,#2503,#2511,#2517));
#2502 = ORIENTED_EDGE('',*,*,#2464,.T.);
#2503 = ORIENTED_EDGE('',*,*,#2504,.T.);
#2504 = EDGE_CURVE('',#2457,#2505,#2507,.T.);
#2505 = VERTEX_POINT('',#2506);
#2506 = CARTESIAN_POINT('',(13.,1.92,5.25));
#2507 = LINE('',#2508,#2509);
#2508 = CARTESIAN_POINT('',(13.,1.52,5.25));
#2509 = VECTOR('',#2510,1.);
#2510 = DIRECTION('',(0.,1.,0.));
#2511 = ORIENTED_EDGE('',*,*,#2512,.T.);
#2512 = EDGE_CURVE('',#2505,#555,#2513,.T.);
#2513 = LINE('',#2514,#2515);
#2514 = CARTESIAN_POINT('',(13.,1.92,5.25));
#2515 = VECTOR('',#2516,1.);
#2516 = DIRECTION('',(0.,0.,1.));
#2517 = ORIENTED_EDGE('',*,*,#562,.T.);
#2518 = PLANE('',#2519);
#2519 = AXIS2_PLACEMENT_3D('',#2520,#2521,#2522);
#2520 = CARTESIAN_POINT('',(13.,1.72,7.525));
#2521 = DIRECTION('',(1.,0.,0.));
#2522 = DIRECTION('',(0.,0.,1.));
#2523 = ADVANCED_FACE('',(#2524),#2542,.F.);
#2524 = FACE_BOUND('',#2525,.F.);
#2525 = EDGE_LOOP('',(#2526,#2527,#2535,#2541));
#2526 = ORIENTED_EDGE('',*,*,#522,.T.);
#2527 = ORIENTED_EDGE('',*,*,#2528,.T.);
#2528 = EDGE_CURVE('',#523,#2529,#2531,.T.);
#2529 = VERTEX_POINT('',#2530);
#2530 = CARTESIAN_POINT('',(11.45,-0.98,3.45));
#2531 = LINE('',#2532,#2533);
#2532 = CARTESIAN_POINT('',(11.45,-0.98,9.8));
#2533 = VECTOR('',#2534,1.);
#2534 = DIRECTION('',(0.,0.,-1.));
#2535 = ORIENTED_EDGE('',*,*,#2536,.F.);
#2536 = EDGE_CURVE('',#2480,#2529,#2537,.T.);
#2537 = LINE('',#2538,#2539);
#2538 = CARTESIAN_POINT('',(13.55,-0.98,3.45));
#2539 = VECTOR('',#2540,1.);
#2540 = DIRECTION('',(-1.,-0.,-0.));
#2541 = ORIENTED_EDGE('',*,*,#2489,.F.);
#2542 = PLANE('',#2543);
#2543 = AXIS2_PLACEMENT_3D('',#2544,#2545,#2546);
#2544 = CARTESIAN_POINT('',(13.55,-0.98,9.8));
#2545 = DIRECTION('',(0.,-1.,0.));
#2546 = DIRECTION('',(0.,0.,-1.));
#2547 = ADVANCED_FACE('',(#2548),#2566,.F.);
#2548 = FACE_BOUND('',#2549,.F.);
#2549 = EDGE_LOOP('',(#2550,#2558,#2564,#2565));
#2550 = ORIENTED_EDGE('',*,*,#2551,.T.);
#2551 = EDGE_CURVE('',#2505,#2552,#2554,.T.);
#2552 = VERTEX_POINT('',#2553);
#2553 = CARTESIAN_POINT('',(12.,1.92,5.25));
#2554 = LINE('',#2555,#2556);
#2555 = CARTESIAN_POINT('',(13.,1.92,5.25));
#2556 = VECTOR('',#2557,1.);
#2557 = DIRECTION('',(-1.,-0.,-0.));
#2558 = ORIENTED_EDGE('',*,*,#2559,.T.);
#2559 = EDGE_CURVE('',#2552,#547,#2560,.T.);
#2560 = LINE('',#2561,#2562);
#2561 = CARTESIAN_POINT('',(12.,1.92,5.25));
#2562 = VECTOR('',#2563,1.);
#2563 = DIRECTION('',(0.,0.,1.));
#2564 = ORIENTED_EDGE('',*,*,#554,.F.);
#2565 = ORIENTED_EDGE('',*,*,#2512,.F.);
#2566 = PLANE('',#2567);
#2567 = AXIS2_PLACEMENT_3D('',#2568,#2569,#2570);
#2568 = CARTESIAN_POINT('',(13.,1.92,5.25));
#2569 = DIRECTION('',(0.,1.,0.));
#2570 = DIRECTION('',(0.,0.,1.));
#2571 = ADVANCED_FACE('',(#2572),#2590,.T.);
#2572 = FACE_BOUND('',#2573,.T.);
#2573 = EDGE_LOOP('',(#2574,#2582,#2588,#2589));
#2574 = ORIENTED_EDGE('',*,*,#2575,.T.);
#2575 = EDGE_CURVE('',#2529,#2576,#2578,.T.);
#2576 = VERTEX_POINT('',#2577);
#2577 = CARTESIAN_POINT('',(11.45,1.52,3.45));
#2578 = LINE('',#2579,#2580);
#2579 = CARTESIAN_POINT('',(11.45,-0.98,3.45));
#2580 = VECTOR('',#2581,1.);
#2581 = DIRECTION('',(0.,1.,0.));
#2582 = ORIENTED_EDGE('',*,*,#2583,.T.);
#2583 = EDGE_CURVE('',#2576,#531,#2584,.T.);
#2584 = LINE('',#2585,#2586);
#2585 = CARTESIAN_POINT('',(11.45,1.52,3.45));
#2586 = VECTOR('',#2587,1.);
#2587 = DIRECTION('',(0.,0.,1.));
#2588 = ORIENTED_EDGE('',*,*,#530,.T.);
#2589 = ORIENTED_EDGE('',*,*,#2528,.T.);
#2590 = PLANE('',#2591);
#2591 = AXIS2_PLACEMENT_3D('',#2592,#2593,#2594);
#2592 = CARTESIAN_POINT('',(11.45,0.27,6.625));
#2593 = DIRECTION('',(1.,0.,0.));
#2594 = DIRECTION('',(0.,0.,1.));
#2595 = ADVANCED_FACE('',(#2596),#2614,.T.);
#2596 = FACE_BOUND('',#2597,.T.);
#2597 = EDGE_LOOP('',(#2598,#2606,#2612,#2613));
#2598 = ORIENTED_EDGE('',*,*,#2599,.T.);
#2599 = EDGE_CURVE('',#539,#2600,#2602,.T.);
#2600 = VERTEX_POINT('',#2601);
#2601 = CARTESIAN_POINT('',(12.,1.52,5.25));
#2602 = LINE('',#2603,#2604);
#2603 = CARTESIAN_POINT('',(12.,1.52,9.8));
#2604 = VECTOR('',#2605,1.);
#2605 = DIRECTION('',(0.,0.,-1.));
#2606 = ORIENTED_EDGE('',*,*,#2607,.T.);
#2607 = EDGE_CURVE('',#2600,#2552,#2608,.T.);
#2608 = LINE('',#2609,#2610);
#2609 = CARTESIAN_POINT('',(12.,1.52,5.25));
#2610 = VECTOR('',#2611,1.);
#2611 = DIRECTION('',(0.,1.,0.));
#2612 = ORIENTED_EDGE('',*,*,#2559,.T.);
#2613 = ORIENTED_EDGE('',*,*,#546,.T.);
#2614 = PLANE('',#2615);
#2615 = AXIS2_PLACEMENT_3D('',#2616,#2617,#2618);
#2616 = CARTESIAN_POINT('',(12.,1.72,7.525));
#2617 = DIRECTION('',(1.,0.,0.));
#2618 = DIRECTION('',(0.,0.,1.));
#2619 = ADVANCED_FACE('',(#2620),#2647,.F.);
#2620 = FACE_BOUND('',#2621,.F.);
#2621 = EDGE_LOOP('',(#2622,#2623,#2624,#2632,#2640,#2646));
#2622 = ORIENTED_EDGE('',*,*,#538,.F.);
#2623 = ORIENTED_EDGE('',*,*,#2599,.T.);
#2624 = ORIENTED_EDGE('',*,*,#2625,.T.);
#2625 = EDGE_CURVE('',#2600,#2626,#2628,.T.);
#2626 = VERTEX_POINT('',#2627);
#2627 = CARTESIAN_POINT('',(11.9,1.52,5.25));
#2628 = LINE('',#2629,#2630);
#2629 = CARTESIAN_POINT('',(13.1,1.52,5.25));
#2630 = VECTOR('',#2631,1.);
#2631 = DIRECTION('',(-1.,-0.,-0.));
#2632 = ORIENTED_EDGE('',*,*,#2633,.T.);
#2633 = EDGE_CURVE('',#2626,#2634,#2636,.T.);
#2634 = VERTEX_POINT('',#2635);
#2635 = CARTESIAN_POINT('',(11.9,1.52,3.45));
#2636 = LINE('',#2637,#2638);
#2637 = CARTESIAN_POINT('',(11.9,1.52,5.25));
#2638 = VECTOR('',#2639,1.);
#2639 = DIRECTION('',(0.,1.233581138472E-16,-1.));
#2640 = ORIENTED_EDGE('',*,*,#2641,.T.);
#2641 = EDGE_CURVE('',#2634,#2576,#2642,.T.);
#2642 = LINE('',#2643,#2644);
#2643 = CARTESIAN_POINT('',(13.55,1.52,3.45));
#2644 = VECTOR('',#2645,1.);
#2645 = DIRECTION('',(-1.,-0.,-0.));
#2646 = ORIENTED_EDGE('',*,*,#2583,.T.);
#2647 = PLANE('',#2648);
#2648 = AXIS2_PLACEMENT_3D('',#2649,#2650,#2651);
#2649 = CARTESIAN_POINT('',(13.55,1.52,3.45));
#2650 = DIRECTION('',(0.,1.,0.));
#2651 = DIRECTION('',(0.,0.,1.));
#2652 = ADVANCED_FACE('',(#2653),#2694,.F.);
#2653 = FACE_BOUND('',#2654,.F.);
#2654 = EDGE_LOOP('',(#2655,#2663,#2671,#2679,#2687,#2693));
#2655 = ORIENTED_EDGE('',*,*,#2656,.F.);
#2656 = EDGE_CURVE('',#2657,#571,#2659,.T.);
#2657 = VERTEX_POINT('',#2658);
#2658 = CARTESIAN_POINT('',(11.05,1.52,3.45));
#2659 = LINE('',#2660,#2661);
#2660 = CARTESIAN_POINT('',(11.05,1.52,3.45));
#2661 = VECTOR('',#2662,1.);
#2662 = DIRECTION('',(0.,0.,1.));
#2663 = ORIENTED_EDGE('',*,*,#2664,.T.);
#2664 = EDGE_CURVE('',#2657,#2665,#2667,.T.);
#2665 = VERTEX_POINT('',#2666);
#2666 = CARTESIAN_POINT('',(10.6,1.52,3.45));
#2667 = LINE('',#2668,#2669);
#2668 = CARTESIAN_POINT('',(11.05,1.52,3.45));
#2669 = VECTOR('',#2670,1.);
#2670 = DIRECTION('',(-1.,-0.,-0.));
#2671 = ORIENTED_EDGE('',*,*,#2672,.F.);
#2672 = EDGE_CURVE('',#2673,#2665,#2675,.T.);
#2673 = VERTEX_POINT('',#2674);
#2674 = CARTESIAN_POINT('',(10.6,1.52,5.25));
#2675 = LINE('',#2676,#2677);
#2676 = CARTESIAN_POINT('',(10.6,1.52,5.25));
#2677 = VECTOR('',#2678,1.);
#2678 = DIRECTION('',(0.,1.233581138472E-16,-1.));
#2679 = ORIENTED_EDGE('',*,*,#2680,.T.);
#2680 = EDGE_CURVE('',#2673,#2681,#2683,.T.);
#2681 = VERTEX_POINT('',#2682);
#2682 = CARTESIAN_POINT('',(10.5,1.52,5.25));
#2683 = LINE('',#2684,#2685);
#2684 = CARTESIAN_POINT('',(10.6,1.52,5.25));
#2685 = VECTOR('',#2686,1.);
#2686 = DIRECTION('',(-1.,-0.,-0.));
#2687 = ORIENTED_EDGE('',*,*,#2688,.F.);
#2688 = EDGE_CURVE('',#573,#2681,#2689,.T.);
#2689 = LINE('',#2690,#2691);
#2690 = CARTESIAN_POINT('',(10.5,1.52,9.8));
#2691 = VECTOR('',#2692,1.);
#2692 = DIRECTION('',(0.,0.,-1.));
#2693 = ORIENTED_EDGE('',*,*,#570,.F.);
#2694 = PLANE('',#2695);
#2695 = AXIS2_PLACEMENT_3D('',#2696,#2697,#2698);
#2696 = CARTESIAN_POINT('',(11.05,1.52,3.45));
#2697 = DIRECTION('',(0.,1.,0.));
#2698 = DIRECTION('',(0.,0.,1.));
#2699 = ADVANCED_FACE('',(#2700),#2718,.F.);
#2700 = FACE_BOUND('',#2701,.F.);
#2701 = EDGE_LOOP('',(#2702,#2710,#2711,#2712));
#2702 = ORIENTED_EDGE('',*,*,#2703,.T.);
#2703 = EDGE_CURVE('',#2704,#2657,#2706,.T.);
#2704 = VERTEX_POINT('',#2705);
#2705 = CARTESIAN_POINT('',(11.05,-0.98,3.45));
#2706 = LINE('',#2707,#2708);
#2707 = CARTESIAN_POINT('',(11.05,-0.98,3.45));
#2708 = VECTOR('',#2709,1.);
#2709 = DIRECTION('',(0.,1.,0.));
#2710 = ORIENTED_EDGE('',*,*,#2656,.T.);
#2711 = ORIENTED_EDGE('',*,*,#580,.T.);
#2712 = ORIENTED_EDGE('',*,*,#2713,.T.);
#2713 = EDGE_CURVE('',#581,#2704,#2714,.T.);
#2714 = LINE('',#2715,#2716);
#2715 = CARTESIAN_POINT('',(11.05,-0.98,9.8));
#2716 = VECTOR('',#2717,1.);
#2717 = DIRECTION('',(0.,0.,-1.));
#2718 = PLANE('',#2719);
#2719 = AXIS2_PLACEMENT_3D('',#2720,#2721,#2722);
#2720 = CARTESIAN_POINT('',(11.05,0.27,6.625));
#2721 = DIRECTION('',(1.,0.,0.));
#2722 = DIRECTION('',(0.,0.,1.));
#2723 = ADVANCED_FACE('',(#2724),#2742,.F.);
#2724 = FACE_BOUND('',#2725,.F.);
#2725 = EDGE_LOOP('',(#2726,#2727,#2735,#2741));
#2726 = ORIENTED_EDGE('',*,*,#2688,.T.);
#2727 = ORIENTED_EDGE('',*,*,#2728,.T.);
#2728 = EDGE_CURVE('',#2681,#2729,#2731,.T.);
#2729 = VERTEX_POINT('',#2730);
#2730 = CARTESIAN_POINT('',(10.5,1.92,5.25));
#2731 = LINE('',#2732,#2733);
#2732 = CARTESIAN_POINT('',(10.5,1.52,5.25));
#2733 = VECTOR('',#2734,1.);
#2734 = DIRECTION('',(0.,1.,0.));
#2735 = ORIENTED_EDGE('',*,*,#2736,.T.);
#2736 = EDGE_CURVE('',#2729,#621,#2737,.T.);
#2737 = LINE('',#2738,#2739);
#2738 = CARTESIAN_POINT('',(10.5,1.92,5.25));
#2739 = VECTOR('',#2740,1.);
#2740 = DIRECTION('',(0.,0.,1.));
#2741 = ORIENTED_EDGE('',*,*,#628,.T.);
#2742 = PLANE('',#2743);
#2743 = AXIS2_PLACEMENT_3D('',#2744,#2745,#2746);
#2744 = CARTESIAN_POINT('',(10.5,1.72,7.525));
#2745 = DIRECTION('',(1.,0.,0.));
#2746 = DIRECTION('',(0.,0.,1.));
#2747 = ADVANCED_FACE('',(#2748),#2766,.F.);
#2748 = FACE_BOUND('',#2749,.F.);
#2749 = EDGE_LOOP('',(#2750,#2751,#2759,#2765));
#2750 = ORIENTED_EDGE('',*,*,#588,.T.);
#2751 = ORIENTED_EDGE('',*,*,#2752,.T.);
#2752 = EDGE_CURVE('',#589,#2753,#2755,.T.);
#2753 = VERTEX_POINT('',#2754);
#2754 = CARTESIAN_POINT('',(8.95,-0.98,3.45));
#2755 = LINE('',#2756,#2757);
#2756 = CARTESIAN_POINT('',(8.95,-0.98,9.8));
#2757 = VECTOR('',#2758,1.);
#2758 = DIRECTION('',(0.,0.,-1.));
#2759 = ORIENTED_EDGE('',*,*,#2760,.F.);
#2760 = EDGE_CURVE('',#2704,#2753,#2761,.T.);
#2761 = LINE('',#2762,#2763);
#2762 = CARTESIAN_POINT('',(11.05,-0.98,3.45));
#2763 = VECTOR('',#2764,1.);
#2764 = DIRECTION('',(-1.,-0.,-0.));
#2765 = ORIENTED_EDGE('',*,*,#2713,.F.);
#2766 = PLANE('',#2767);
#2767 = AXIS2_PLACEMENT_3D('',#2768,#2769,#2770);
#2768 = CARTESIAN_POINT('',(11.05,-0.98,9.8));
#2769 = DIRECTION('',(0.,-1.,0.));
#2770 = DIRECTION('',(0.,0.,-1.));
#2771 = ADVANCED_FACE('',(#2772),#2790,.F.);
#2772 = FACE_BOUND('',#2773,.F.);
#2773 = EDGE_LOOP('',(#2774,#2782,#2788,#2789));
#2774 = ORIENTED_EDGE('',*,*,#2775,.T.);
#2775 = EDGE_CURVE('',#2729,#2776,#2778,.T.);
#2776 = VERTEX_POINT('',#2777);
#2777 = CARTESIAN_POINT('',(9.5,1.92,5.25));
#2778 = LINE('',#2779,#2780);
#2779 = CARTESIAN_POINT('',(10.5,1.92,5.25));
#2780 = VECTOR('',#2781,1.);
#2781 = DIRECTION('',(-1.,-0.,-0.));
#2782 = ORIENTED_EDGE('',*,*,#2783,.T.);
#2783 = EDGE_CURVE('',#2776,#613,#2784,.T.);
#2784 = LINE('',#2785,#2786);
#2785 = CARTESIAN_POINT('',(9.5,1.92,5.25));
#2786 = VECTOR('',#2787,1.);
#2787 = DIRECTION('',(0.,0.,1.));
#2788 = ORIENTED_EDGE('',*,*,#620,.F.);
#2789 = ORIENTED_EDGE('',*,*,#2736,.F.);
#2790 = PLANE('',#2791);
#2791 = AXIS2_PLACEMENT_3D('',#2792,#2793,#2794);
#2792 = CARTESIAN_POINT('',(10.5,1.92,5.25));
#2793 = DIRECTION('',(0.,1.,0.));
#2794 = DIRECTION('',(0.,0.,1.));
#2795 = ADVANCED_FACE('',(#2796),#2814,.T.);
#2796 = FACE_BOUND('',#2797,.T.);
#2797 = EDGE_LOOP('',(#2798,#2806,#2812,#2813));
#2798 = ORIENTED_EDGE('',*,*,#2799,.T.);
#2799 = EDGE_CURVE('',#2753,#2800,#2802,.T.);
#2800 = VERTEX_POINT('',#2801);
#2801 = CARTESIAN_POINT('',(8.95,1.52,3.45));
#2802 = LINE('',#2803,#2804);
#2803 = CARTESIAN_POINT('',(8.95,-0.98,3.45));
#2804 = VECTOR('',#2805,1.);
#2805 = DIRECTION('',(0.,1.,0.));
#2806 = ORIENTED_EDGE('',*,*,#2807,.T.);
#2807 = EDGE_CURVE('',#2800,#597,#2808,.T.);
#2808 = LINE('',#2809,#2810);
#2809 = CARTESIAN_POINT('',(8.95,1.52,3.45));
#2810 = VECTOR('',#2811,1.);
#2811 = DIRECTION('',(0.,0.,1.));
#2812 = ORIENTED_EDGE('',*,*,#596,.T.);
#2813 = ORIENTED_EDGE('',*,*,#2752,.T.);
#2814 = PLANE('',#2815);
#2815 = AXIS2_PLACEMENT_3D('',#2816,#2817,#2818);
#2816 = CARTESIAN_POINT('',(8.95,0.27,6.625));
#2817 = DIRECTION('',(1.,0.,0.));
#2818 = DIRECTION('',(0.,0.,1.));
#2819 = ADVANCED_FACE('',(#2820),#2838,.T.);
#2820 = FACE_BOUND('',#2821,.T.);
#2821 = EDGE_LOOP('',(#2822,#2830,#2836,#2837));
#2822 = ORIENTED_EDGE('',*,*,#2823,.T.);
#2823 = EDGE_CURVE('',#605,#2824,#2826,.T.);
#2824 = VERTEX_POINT('',#2825);
#2825 = CARTESIAN_POINT('',(9.5,1.52,5.25));
#2826 = LINE('',#2827,#2828);
#2827 = CARTESIAN_POINT('',(9.5,1.52,9.8));
#2828 = VECTOR('',#2829,1.);
#2829 = DIRECTION('',(0.,0.,-1.));
#2830 = ORIENTED_EDGE('',*,*,#2831,.T.);
#2831 = EDGE_CURVE('',#2824,#2776,#2832,.T.);
#2832 = LINE('',#2833,#2834);
#2833 = CARTESIAN_POINT('',(9.5,1.52,5.25));
#2834 = VECTOR('',#2835,1.);
#2835 = DIRECTION('',(0.,1.,0.));
#2836 = ORIENTED_EDGE('',*,*,#2783,.T.);
#2837 = ORIENTED_EDGE('',*,*,#612,.T.);
#2838 = PLANE('',#2839);
#2839 = AXIS2_PLACEMENT_3D('',#2840,#2841,#2842);
#2840 = CARTESIAN_POINT('',(9.5,1.72,7.525));
#2841 = DIRECTION('',(1.,0.,0.));
#2842 = DIRECTION('',(0.,0.,1.));
#2843 = ADVANCED_FACE('',(#2844),#2871,.F.);
#2844 = FACE_BOUND('',#2845,.F.);
#2845 = EDGE_LOOP('',(#2846,#2847,#2848,#2856,#2864,#2870));
#2846 = ORIENTED_EDGE('',*,*,#604,.F.);
#2847 = ORIENTED_EDGE('',*,*,#2823,.T.);
#2848 = ORIENTED_EDGE('',*,*,#2849,.T.);
#2849 = EDGE_CURVE('',#2824,#2850,#2852,.T.);
#2850 = VERTEX_POINT('',#2851);
#2851 = CARTESIAN_POINT('',(9.4,1.52,5.25));
#2852 = LINE('',#2853,#2854);
#2853 = CARTESIAN_POINT('',(10.6,1.52,5.25));
#2854 = VECTOR('',#2855,1.);
#2855 = DIRECTION('',(-1.,-0.,-0.));
#2856 = ORIENTED_EDGE('',*,*,#2857,.T.);
#2857 = EDGE_CURVE('',#2850,#2858,#2860,.T.);
#2858 = VERTEX_POINT('',#2859);
#2859 = CARTESIAN_POINT('',(9.4,1.52,3.45));
#2860 = LINE('',#2861,#2862);
#2861 = CARTESIAN_POINT('',(9.4,1.52,5.25));
#2862 = VECTOR('',#2863,1.);
#2863 = DIRECTION('',(0.,1.233581138472E-16,-1.));
#2864 = ORIENTED_EDGE('',*,*,#2865,.T.);
#2865 = EDGE_CURVE('',#2858,#2800,#2866,.T.);
#2866 = LINE('',#2867,#2868);
#2867 = CARTESIAN_POINT('',(11.05,1.52,3.45));
#2868 = VECTOR('',#2869,1.);
#2869 = DIRECTION('',(-1.,-0.,-0.));
#2870 = ORIENTED_EDGE('',*,*,#2807,.T.);
#2871 = PLANE('',#2872);
#2872 = AXIS2_PLACEMENT_3D('',#2873,#2874,#2875);
#2873 = CARTESIAN_POINT('',(11.05,1.52,3.45));
#2874 = DIRECTION('',(0.,1.,0.));
#2875 = DIRECTION('',(0.,0.,1.));
#2876 = ADVANCED_FACE('',(#2877),#2918,.F.);
#2877 = FACE_BOUND('',#2878,.F.);
#2878 = EDGE_LOOP('',(#2879,#2887,#2895,#2903,#2911,#2917));
#2879 = ORIENTED_EDGE('',*,*,#2880,.F.);
#2880 = EDGE_CURVE('',#2881,#637,#2883,.T.);
#2881 = VERTEX_POINT('',#2882);
#2882 = CARTESIAN_POINT('',(8.55,1.52,3.45));
#2883 = LINE('',#2884,#2885);
#2884 = CARTESIAN_POINT('',(8.55,1.52,3.45));
#2885 = VECTOR('',#2886,1.);
#2886 = DIRECTION('',(0.,0.,1.));
#2887 = ORIENTED_EDGE('',*,*,#2888,.T.);
#2888 = EDGE_CURVE('',#2881,#2889,#2891,.T.);
#2889 = VERTEX_POINT('',#2890);
#2890 = CARTESIAN_POINT('',(8.1,1.52,3.45));
#2891 = LINE('',#2892,#2893);
#2892 = CARTESIAN_POINT('',(8.55,1.52,3.45));
#2893 = VECTOR('',#2894,1.);
#2894 = DIRECTION('',(-1.,-0.,-0.));
#2895 = ORIENTED_EDGE('',*,*,#2896,.F.);
#2896 = EDGE_CURVE('',#2897,#2889,#2899,.T.);
#2897 = VERTEX_POINT('',#2898);
#2898 = CARTESIAN_POINT('',(8.1,1.52,5.25));
#2899 = LINE('',#2900,#2901);
#2900 = CARTESIAN_POINT('',(8.1,1.52,5.25));
#2901 = VECTOR('',#2902,1.);
#2902 = DIRECTION('',(0.,1.233581138472E-16,-1.));
#2903 = ORIENTED_EDGE('',*,*,#2904,.T.);
#2904 = EDGE_CURVE('',#2897,#2905,#2907,.T.);
#2905 = VERTEX_POINT('',#2906);
#2906 = CARTESIAN_POINT('',(8.,1.52,5.25));
#2907 = LINE('',#2908,#2909);
#2908 = CARTESIAN_POINT('',(8.1,1.52,5.25));
#2909 = VECTOR('',#2910,1.);
#2910 = DIRECTION('',(-1.,-0.,-0.));
#2911 = ORIENTED_EDGE('',*,*,#2912,.F.);
#2912 = EDGE_CURVE('',#639,#2905,#2913,.T.);
#2913 = LINE('',#2914,#2915);
#2914 = CARTESIAN_POINT('',(8.,1.52,9.8));
#2915 = VECTOR('',#2916,1.);
#2916 = DIRECTION('',(0.,0.,-1.));
#2917 = ORIENTED_EDGE('',*,*,#636,.F.);
#2918 = PLANE('',#2919);
#2919 = AXIS2_PLACEMENT_3D('',#2920,#2921,#2922);
#2920 = CARTESIAN_POINT('',(8.55,1.52,3.45));
#2921 = DIRECTION('',(0.,1.,0.));
#2922 = DIRECTION('',(0.,0.,1.));
#2923 = ADVANCED_FACE('',(#2924),#2942,.F.);
#2924 = FACE_BOUND('',#2925,.F.);
#2925 = EDGE_LOOP('',(#2926,#2934,#2935,#2936));
#2926 = ORIENTED_EDGE('',*,*,#2927,.T.);
#2927 = EDGE_CURVE('',#2928,#2881,#2930,.T.);
#2928 = VERTEX_POINT('',#2929);
#2929 = CARTESIAN_POINT('',(8.55,-0.98,3.45));
#2930 = LINE('',#2931,#2932);
#2931 = CARTESIAN_POINT('',(8.55,-0.98,3.45));
#2932 = VECTOR('',#2933,1.);
#2933 = DIRECTION('',(0.,1.,0.));
#2934 = ORIENTED_EDGE('',*,*,#2880,.T.);
#2935 = ORIENTED_EDGE('',*,*,#646,.T.);
#2936 = ORIENTED_EDGE('',*,*,#2937,.T.);
#2937 = EDGE_CURVE('',#647,#2928,#2938,.T.);
#2938 = LINE('',#2939,#2940);
#2939 = CARTESIAN_POINT('',(8.55,-0.98,9.8));
#2940 = VECTOR('',#2941,1.);
#2941 = DIRECTION('',(0.,0.,-1.));
#2942 = PLANE('',#2943);
#2943 = AXIS2_PLACEMENT_3D('',#2944,#2945,#2946);
#2944 = CARTESIAN_POINT('',(8.55,0.27,6.625));
#2945 = DIRECTION('',(1.,0.,0.));
#2946 = DIRECTION('',(0.,0.,1.));
#2947 = ADVANCED_FACE('',(#2948),#2966,.F.);
#2948 = FACE_BOUND('',#2949,.F.);
#2949 = EDGE_LOOP('',(#2950,#2951,#2959,#2965));
#2950 = ORIENTED_EDGE('',*,*,#2912,.T.);
#2951 = ORIENTED_EDGE('',*,*,#2952,.T.);
#2952 = EDGE_CURVE('',#2905,#2953,#2955,.T.);
#2953 = VERTEX_POINT('',#2954);
#2954 = CARTESIAN_POINT('',(8.,1.92,5.25));
#2955 = LINE('',#2956,#2957);
#2956 = CARTESIAN_POINT('',(8.,1.52,5.25));
#2957 = VECTOR('',#2958,1.);
#2958 = DIRECTION('',(0.,1.,0.));
#2959 = ORIENTED_EDGE('',*,*,#2960,.T.);
#2960 = EDGE_CURVE('',#2953,#687,#2961,.T.);
#2961 = LINE('',#2962,#2963);
#2962 = CARTESIAN_POINT('',(8.,1.92,5.25));
#2963 = VECTOR('',#2964,1.);
#2964 = DIRECTION('',(0.,0.,1.));
#2965 = ORIENTED_EDGE('',*,*,#694,.T.);
#2966 = PLANE('',#2967);
#2967 = AXIS2_PLACEMENT_3D('',#2968,#2969,#2970);
#2968 = CARTESIAN_POINT('',(8.,1.72,7.525));
#2969 = DIRECTION('',(1.,0.,0.));
#2970 = DIRECTION('',(0.,0.,1.));
#2971 = ADVANCED_FACE('',(#2972),#2990,.F.);
#2972 = FACE_BOUND('',#2973,.F.);
#2973 = EDGE_LOOP('',(#2974,#2975,#2983,#2989));
#2974 = ORIENTED_EDGE('',*,*,#654,.T.);
#2975 = ORIENTED_EDGE('',*,*,#2976,.T.);
#2976 = EDGE_CURVE('',#655,#2977,#2979,.T.);
#2977 = VERTEX_POINT('',#2978);
#2978 = CARTESIAN_POINT('',(6.45,-0.98,3.45));
#2979 = LINE('',#2980,#2981);
#2980 = CARTESIAN_POINT('',(6.45,-0.98,9.8));
#2981 = VECTOR('',#2982,1.);
#2982 = DIRECTION('',(0.,0.,-1.));
#2983 = ORIENTED_EDGE('',*,*,#2984,.F.);
#2984 = EDGE_CURVE('',#2928,#2977,#2985,.T.);
#2985 = LINE('',#2986,#2987);
#2986 = CARTESIAN_POINT('',(8.55,-0.98,3.45));
#2987 = VECTOR('',#2988,1.);
#2988 = DIRECTION('',(-1.,-0.,-0.));
#2989 = ORIENTED_EDGE('',*,*,#2937,.F.);
#2990 = PLANE('',#2991);
#2991 = AXIS2_PLACEMENT_3D('',#2992,#2993,#2994);
#2992 = CARTESIAN_POINT('',(8.55,-0.98,9.8));
#2993 = DIRECTION('',(0.,-1.,0.));
#2994 = DIRECTION('',(0.,0.,-1.));
#2995 = ADVANCED_FACE('',(#2996),#3014,.F.);
#2996 = FACE_BOUND('',#2997,.F.);
#2997 = EDGE_LOOP('',(#2998,#3006,#3012,#3013));
#2998 = ORIENTED_EDGE('',*,*,#2999,.T.);
#2999 = EDGE_CURVE('',#2953,#3000,#3002,.T.);
#3000 = VERTEX_POINT('',#3001);
#3001 = CARTESIAN_POINT('',(7.,1.92,5.25));
#3002 = LINE('',#3003,#3004);
#3003 = CARTESIAN_POINT('',(8.,1.92,5.25));
#3004 = VECTOR('',#3005,1.);
#3005 = DIRECTION('',(-1.,-0.,-0.));
#3006 = ORIENTED_EDGE('',*,*,#3007,.T.);
#3007 = EDGE_CURVE('',#3000,#679,#3008,.T.);
#3008 = LINE('',#3009,#3010);
#3009 = CARTESIAN_POINT('',(7.,1.92,5.25));
#3010 = VECTOR('',#3011,1.);
#3011 = DIRECTION('',(0.,0.,1.));
#3012 = ORIENTED_EDGE('',*,*,#686,.F.);
#3013 = ORIENTED_EDGE('',*,*,#2960,.F.);
#3014 = PLANE('',#3015);
#3015 = AXIS2_PLACEMENT_3D('',#3016,#3017,#3018);
#3016 = CARTESIAN_POINT('',(8.,1.92,5.25));
#3017 = DIRECTION('',(0.,1.,0.));
#3018 = DIRECTION('',(0.,0.,1.));
#3019 = ADVANCED_FACE('',(#3020),#3038,.T.);
#3020 = FACE_BOUND('',#3021,.T.);
#3021 = EDGE_LOOP('',(#3022,#3030,#3036,#3037));
#3022 = ORIENTED_EDGE('',*,*,#3023,.T.);
#3023 = EDGE_CURVE('',#2977,#3024,#3026,.T.);
#3024 = VERTEX_POINT('',#3025);
#3025 = CARTESIAN_POINT('',(6.45,1.52,3.45));
#3026 = LINE('',#3027,#3028);
#3027 = CARTESIAN_POINT('',(6.45,-0.98,3.45));
#3028 = VECTOR('',#3029,1.);
#3029 = DIRECTION('',(0.,1.,0.));
#3030 = ORIENTED_EDGE('',*,*,#3031,.T.);
#3031 = EDGE_CURVE('',#3024,#663,#3032,.T.);
#3032 = LINE('',#3033,#3034);
#3033 = CARTESIAN_POINT('',(6.45,1.52,3.45));
#3034 = VECTOR('',#3035,1.);
#3035 = DIRECTION('',(0.,0.,1.));
#3036 = ORIENTED_EDGE('',*,*,#662,.T.);
#3037 = ORIENTED_EDGE('',*,*,#2976,.T.);
#3038 = PLANE('',#3039);
#3039 = AXIS2_PLACEMENT_3D('',#3040,#3041,#3042);
#3040 = CARTESIAN_POINT('',(6.45,0.27,6.625));
#3041 = DIRECTION('',(1.,0.,0.));
#3042 = DIRECTION('',(0.,0.,1.));
#3043 = ADVANCED_FACE('',(#3044),#3062,.T.);
#3044 = FACE_BOUND('',#3045,.T.);
#3045 = EDGE_LOOP('',(#3046,#3054,#3060,#3061));
#3046 = ORIENTED_EDGE('',*,*,#3047,.T.);
#3047 = EDGE_CURVE('',#671,#3048,#3050,.T.);
#3048 = VERTEX_POINT('',#3049);
#3049 = CARTESIAN_POINT('',(7.,1.52,5.25));
#3050 = LINE('',#3051,#3052);
#3051 = CARTESIAN_POINT('',(7.,1.52,9.8));
#3052 = VECTOR('',#3053,1.);
#3053 = DIRECTION('',(0.,0.,-1.));
#3054 = ORIENTED_EDGE('',*,*,#3055,.T.);
#3055 = EDGE_CURVE('',#3048,#3000,#3056,.T.);
#3056 = LINE('',#3057,#3058);
#3057 = CARTESIAN_POINT('',(7.,1.52,5.25));
#3058 = VECTOR('',#3059,1.);
#3059 = DIRECTION('',(0.,1.,0.));
#3060 = ORIENTED_EDGE('',*,*,#3007,.T.);
#3061 = ORIENTED_EDGE('',*,*,#678,.T.);
#3062 = PLANE('',#3063);
#3063 = AXIS2_PLACEMENT_3D('',#3064,#3065,#3066);
#3064 = CARTESIAN_POINT('',(7.,1.72,7.525));
#3065 = DIRECTION('',(1.,0.,0.));
#3066 = DIRECTION('',(0.,0.,1.));
#3067 = ADVANCED_FACE('',(#3068),#3095,.F.);
#3068 = FACE_BOUND('',#3069,.F.);
#3069 = EDGE_LOOP('',(#3070,#3071,#3072,#3080,#3088,#3094));
#3070 = ORIENTED_EDGE('',*,*,#670,.F.);
#3071 = ORIENTED_EDGE('',*,*,#3047,.T.);
#3072 = ORIENTED_EDGE('',*,*,#3073,.T.);
#3073 = EDGE_CURVE('',#3048,#3074,#3076,.T.);
#3074 = VERTEX_POINT('',#3075);
#3075 = CARTESIAN_POINT('',(6.9,1.52,5.25));
#3076 = LINE('',#3077,#3078);
#3077 = CARTESIAN_POINT('',(8.1,1.52,5.25));
#3078 = VECTOR('',#3079,1.);
#3079 = DIRECTION('',(-1.,-0.,-0.));
#3080 = ORIENTED_EDGE('',*,*,#3081,.T.);
#3081 = EDGE_CURVE('',#3074,#3082,#3084,.T.);
#3082 = VERTEX_POINT('',#3083);
#3083 = CARTESIAN_POINT('',(6.9,1.52,3.45));
#3084 = LINE('',#3085,#3086);
#3085 = CARTESIAN_POINT('',(6.9,1.52,5.25));
#3086 = VECTOR('',#3087,1.);
#3087 = DIRECTION('',(0.,1.233581138472E-16,-1.));
#3088 = ORIENTED_EDGE('',*,*,#3089,.T.);
#3089 = EDGE_CURVE('',#3082,#3024,#3090,.T.);
#3090 = LINE('',#3091,#3092);
#3091 = CARTESIAN_POINT('',(8.55,1.52,3.45));
#3092 = VECTOR('',#3093,1.);
#3093 = DIRECTION('',(-1.,-0.,-0.));
#3094 = ORIENTED_EDGE('',*,*,#3031,.T.);
#3095 = PLANE('',#3096);
#3096 = AXIS2_PLACEMENT_3D('',#3097,#3098,#3099);
#3097 = CARTESIAN_POINT('',(8.55,1.52,3.45));
#3098 = DIRECTION('',(0.,1.,0.));
#3099 = DIRECTION('',(0.,0.,1.));
#3100 = ADVANCED_FACE('',(#3101),#3142,.F.);
#3101 = FACE_BOUND('',#3102,.F.);
#3102 = EDGE_LOOP('',(#3103,#3111,#3119,#3127,#3135,#3141));
#3103 = ORIENTED_EDGE('',*,*,#3104,.F.);
#3104 = EDGE_CURVE('',#3105,#703,#3107,.T.);
#3105 = VERTEX_POINT('',#3106);
#3106 = CARTESIAN_POINT('',(6.05,1.52,3.45));
#3107 = LINE('',#3108,#3109);
#3108 = CARTESIAN_POINT('',(6.05,1.52,3.45));
#3109 = VECTOR('',#3110,1.);
#3110 = DIRECTION('',(0.,0.,1.));
#3111 = ORIENTED_EDGE('',*,*,#3112,.T.);
#3112 = EDGE_CURVE('',#3105,#3113,#3115,.T.);
#3113 = VERTEX_POINT('',#3114);
#3114 = CARTESIAN_POINT('',(5.6,1.52,3.45));
#3115 = LINE('',#3116,#3117);
#3116 = CARTESIAN_POINT('',(6.05,1.52,3.45));
#3117 = VECTOR('',#3118,1.);
#3118 = DIRECTION('',(-1.,-0.,-0.));
#3119 = ORIENTED_EDGE('',*,*,#3120,.F.);
#3120 = EDGE_CURVE('',#3121,#3113,#3123,.T.);
#3121 = VERTEX_POINT('',#3122);
#3122 = CARTESIAN_POINT('',(5.6,1.52,5.25));
#3123 = LINE('',#3124,#3125);
#3124 = CARTESIAN_POINT('',(5.6,1.52,5.25));
#3125 = VECTOR('',#3126,1.);
#3126 = DIRECTION('',(0.,1.233581138472E-16,-1.));
#3127 = ORIENTED_EDGE('',*,*,#3128,.T.);
#3128 = EDGE_CURVE('',#3121,#3129,#3131,.T.);
#3129 = VERTEX_POINT('',#3130);
#3130 = CARTESIAN_POINT('',(5.5,1.52,5.25));
#3131 = LINE('',#3132,#3133);
#3132 = CARTESIAN_POINT('',(5.6,1.52,5.25));
#3133 = VECTOR('',#3134,1.);
#3134 = DIRECTION('',(-1.,-0.,-0.));
#3135 = ORIENTED_EDGE('',*,*,#3136,.F.);
#3136 = EDGE_CURVE('',#705,#3129,#3137,.T.);
#3137 = LINE('',#3138,#3139);
#3138 = CARTESIAN_POINT('',(5.5,1.52,9.8));
#3139 = VECTOR('',#3140,1.);
#3140 = DIRECTION('',(0.,0.,-1.));
#3141 = ORIENTED_EDGE('',*,*,#702,.F.);
#3142 = PLANE('',#3143);
#3143 = AXIS2_PLACEMENT_3D('',#3144,#3145,#3146);
#3144 = CARTESIAN_POINT('',(6.05,1.52,3.45));
#3145 = DIRECTION('',(0.,1.,0.));
#3146 = DIRECTION('',(0.,0.,1.));
#3147 = ADVANCED_FACE('',(#3148),#3166,.F.);
#3148 = FACE_BOUND('',#3149,.F.);
#3149 = EDGE_LOOP('',(#3150,#3158,#3159,#3160));
#3150 = ORIENTED_EDGE('',*,*,#3151,.T.);
#3151 = EDGE_CURVE('',#3152,#3105,#3154,.T.);
#3152 = VERTEX_POINT('',#3153);
#3153 = CARTESIAN_POINT('',(6.05,-0.98,3.45));
#3154 = LINE('',#3155,#3156);
#3155 = CARTESIAN_POINT('',(6.05,-0.98,3.45));
#3156 = VECTOR('',#3157,1.);
#3157 = DIRECTION('',(0.,1.,0.));
#3158 = ORIENTED_EDGE('',*,*,#3104,.T.);
#3159 = ORIENTED_EDGE('',*,*,#712,.T.);
#3160 = ORIENTED_EDGE('',*,*,#3161,.T.);
#3161 = EDGE_CURVE('',#713,#3152,#3162,.T.);
#3162 = LINE('',#3163,#3164);
#3163 = CARTESIAN_POINT('',(6.05,-0.98,9.8));
#3164 = VECTOR('',#3165,1.);
#3165 = DIRECTION('',(0.,0.,-1.));
#3166 = PLANE('',#3167);
#3167 = AXIS2_PLACEMENT_3D('',#3168,#3169,#3170);
#3168 = CARTESIAN_POINT('',(6.05,0.27,6.625));
#3169 = DIRECTION('',(1.,0.,0.));
#3170 = DIRECTION('',(0.,0.,1.));
#3171 = ADVANCED_FACE('',(#3172),#3190,.F.);
#3172 = FACE_BOUND('',#3173,.F.);
#3173 = EDGE_LOOP('',(#3174,#3175,#3183,#3189));
#3174 = ORIENTED_EDGE('',*,*,#3136,.T.);
#3175 = ORIENTED_EDGE('',*,*,#3176,.T.);
#3176 = EDGE_CURVE('',#3129,#3177,#3179,.T.);
#3177 = VERTEX_POINT('',#3178);
#3178 = CARTESIAN_POINT('',(5.5,1.92,5.25));
#3179 = LINE('',#3180,#3181);
#3180 = CARTESIAN_POINT('',(5.5,1.52,5.25));
#3181 = VECTOR('',#3182,1.);
#3182 = DIRECTION('',(0.,1.,0.));
#3183 = ORIENTED_EDGE('',*,*,#3184,.T.);
#3184 = EDGE_CURVE('',#3177,#753,#3185,.T.);
#3185 = LINE('',#3186,#3187);
#3186 = CARTESIAN_POINT('',(5.5,1.92,5.25));
#3187 = VECTOR('',#3188,1.);
#3188 = DIRECTION('',(0.,0.,1.));
#3189 = ORIENTED_EDGE('',*,*,#760,.T.);
#3190 = PLANE('',#3191);
#3191 = AXIS2_PLACEMENT_3D('',#3192,#3193,#3194);
#3192 = CARTESIAN_POINT('',(5.5,1.72,7.525));
#3193 = DIRECTION('',(1.,0.,0.));
#3194 = DIRECTION('',(0.,0.,1.));
#3195 = ADVANCED_FACE('',(#3196),#3214,.F.);
#3196 = FACE_BOUND('',#3197,.F.);
#3197 = EDGE_LOOP('',(#3198,#3199,#3207,#3213));
#3198 = ORIENTED_EDGE('',*,*,#720,.T.);
#3199 = ORIENTED_EDGE('',*,*,#3200,.T.);
#3200 = EDGE_CURVE('',#721,#3201,#3203,.T.);
#3201 = VERTEX_POINT('',#3202);
#3202 = CARTESIAN_POINT('',(3.95,-0.98,3.45));
#3203 = LINE('',#3204,#3205);
#3204 = CARTESIAN_POINT('',(3.95,-0.98,9.8));
#3205 = VECTOR('',#3206,1.);
#3206 = DIRECTION('',(0.,0.,-1.));
#3207 = ORIENTED_EDGE('',*,*,#3208,.F.);
#3208 = EDGE_CURVE('',#3152,#3201,#3209,.T.);
#3209 = LINE('',#3210,#3211);
#3210 = CARTESIAN_POINT('',(6.05,-0.98,3.45));
#3211 = VECTOR('',#3212,1.);
#3212 = DIRECTION('',(-1.,-0.,-0.));
#3213 = ORIENTED_EDGE('',*,*,#3161,.F.);
#3214 = PLANE('',#3215);
#3215 = AXIS2_PLACEMENT_3D('',#3216,#3217,#3218);
#3216 = CARTESIAN_POINT('',(6.05,-0.98,9.8));
#3217 = DIRECTION('',(0.,-1.,0.));
#3218 = DIRECTION('',(0.,0.,-1.));
#3219 = ADVANCED_FACE('',(#3220),#3238,.F.);
#3220 = FACE_BOUND('',#3221,.F.);
#3221 = EDGE_LOOP('',(#3222,#3230,#3236,#3237));
#3222 = ORIENTED_EDGE('',*,*,#3223,.T.);
#3223 = EDGE_CURVE('',#3177,#3224,#3226,.T.);
#3224 = VERTEX_POINT('',#3225);
#3225 = CARTESIAN_POINT('',(4.5,1.92,5.25));
#3226 = LINE('',#3227,#3228);
#3227 = CARTESIAN_POINT('',(5.5,1.92,5.25));
#3228 = VECTOR('',#3229,1.);
#3229 = DIRECTION('',(-1.,-0.,-0.));
#3230 = ORIENTED_EDGE('',*,*,#3231,.T.);
#3231 = EDGE_CURVE('',#3224,#745,#3232,.T.);
#3232 = LINE('',#3233,#3234);
#3233 = CARTESIAN_POINT('',(4.5,1.92,5.25));
#3234 = VECTOR('',#3235,1.);
#3235 = DIRECTION('',(0.,0.,1.));
#3236 = ORIENTED_EDGE('',*,*,#752,.F.);
#3237 = ORIENTED_EDGE('',*,*,#3184,.F.);
#3238 = PLANE('',#3239);
#3239 = AXIS2_PLACEMENT_3D('',#3240,#3241,#3242);
#3240 = CARTESIAN_POINT('',(5.5,1.92,5.25));
#3241 = DIRECTION('',(0.,1.,0.));
#3242 = DIRECTION('',(0.,0.,1.));
#3243 = ADVANCED_FACE('',(#3244),#3262,.T.);
#3244 = FACE_BOUND('',#3245,.T.);
#3245 = EDGE_LOOP('',(#3246,#3254,#3260,#3261));
#3246 = ORIENTED_EDGE('',*,*,#3247,.T.);
#3247 = EDGE_CURVE('',#3201,#3248,#3250,.T.);
#3248 = VERTEX_POINT('',#3249);
#3249 = CARTESIAN_POINT('',(3.95,1.52,3.45));
#3250 = LINE('',#3251,#3252);
#3251 = CARTESIAN_POINT('',(3.95,-0.98,3.45));
#3252 = VECTOR('',#3253,1.);
#3253 = DIRECTION('',(0.,1.,0.));
#3254 = ORIENTED_EDGE('',*,*,#3255,.T.);
#3255 = EDGE_CURVE('',#3248,#729,#3256,.T.);
#3256 = LINE('',#3257,#3258);
#3257 = CARTESIAN_POINT('',(3.95,1.52,3.45));
#3258 = VECTOR('',#3259,1.);
#3259 = DIRECTION('',(0.,0.,1.));
#3260 = ORIENTED_EDGE('',*,*,#728,.T.);
#3261 = ORIENTED_EDGE('',*,*,#3200,.T.);
#3262 = PLANE('',#3263);
#3263 = AXIS2_PLACEMENT_3D('',#3264,#3265,#3266);
#3264 = CARTESIAN_POINT('',(3.95,0.27,6.625));
#3265 = DIRECTION('',(1.,0.,0.));
#3266 = DIRECTION('',(0.,0.,1.));
#3267 = ADVANCED_FACE('',(#3268),#3286,.T.);
#3268 = FACE_BOUND('',#3269,.T.);
#3269 = EDGE_LOOP('',(#3270,#3278,#3284,#3285));
#3270 = ORIENTED_EDGE('',*,*,#3271,.T.);
#3271 = EDGE_CURVE('',#737,#3272,#3274,.T.);
#3272 = VERTEX_POINT('',#3273);
#3273 = CARTESIAN_POINT('',(4.5,1.52,5.25));
#3274 = LINE('',#3275,#3276);
#3275 = CARTESIAN_POINT('',(4.5,1.52,9.8));
#3276 = VECTOR('',#3277,1.);
#3277 = DIRECTION('',(0.,0.,-1.));
#3278 = ORIENTED_EDGE('',*,*,#3279,.T.);
#3279 = EDGE_CURVE('',#3272,#3224,#3280,.T.);
#3280 = LINE('',#3281,#3282);
#3281 = CARTESIAN_POINT('',(4.5,1.52,5.25));
#3282 = VECTOR('',#3283,1.);
#3283 = DIRECTION('',(0.,1.,0.));
#3284 = ORIENTED_EDGE('',*,*,#3231,.T.);
#3285 = ORIENTED_EDGE('',*,*,#744,.T.);
#3286 = PLANE('',#3287);
#3287 = AXIS2_PLACEMENT_3D('',#3288,#3289,#3290);
#3288 = CARTESIAN_POINT('',(4.5,1.72,7.525));
#3289 = DIRECTION('',(1.,0.,0.));
#3290 = DIRECTION('',(0.,0.,1.));
#3291 = ADVANCED_FACE('',(#3292),#3319,.F.);
#3292 = FACE_BOUND('',#3293,.F.);
#3293 = EDGE_LOOP('',(#3294,#3295,#3296,#3304,#3312,#3318));
#3294 = ORIENTED_EDGE('',*,*,#736,.F.);
#3295 = ORIENTED_EDGE('',*,*,#3271,.T.);
#3296 = ORIENTED_EDGE('',*,*,#3297,.T.);
#3297 = EDGE_CURVE('',#3272,#3298,#3300,.T.);
#3298 = VERTEX_POINT('',#3299);
#3299 = CARTESIAN_POINT('',(4.4,1.52,5.25));
#3300 = LINE('',#3301,#3302);
#3301 = CARTESIAN_POINT('',(5.6,1.52,5.25));
#3302 = VECTOR('',#3303,1.);
#3303 = DIRECTION('',(-1.,-0.,-0.));
#3304 = ORIENTED_EDGE('',*,*,#3305,.T.);
#3305 = EDGE_CURVE('',#3298,#3306,#3308,.T.);
#3306 = VERTEX_POINT('',#3307);
#3307 = CARTESIAN_POINT('',(4.4,1.52,3.45));
#3308 = LINE('',#3309,#3310);
#3309 = CARTESIAN_POINT('',(4.4,1.52,5.25));
#3310 = VECTOR('',#3311,1.);
#3311 = DIRECTION('',(0.,1.233581138472E-16,-1.));
#3312 = ORIENTED_EDGE('',*,*,#3313,.T.);
#3313 = EDGE_CURVE('',#3306,#3248,#3314,.T.);
#3314 = LINE('',#3315,#3316);
#3315 = CARTESIAN_POINT('',(6.05,1.52,3.45));
#3316 = VECTOR('',#3317,1.);
#3317 = DIRECTION('',(-1.,-0.,-0.));
#3318 = ORIENTED_EDGE('',*,*,#3255,.T.);
#3319 = PLANE('',#3320);
#3320 = AXIS2_PLACEMENT_3D('',#3321,#3322,#3323);
#3321 = CARTESIAN_POINT('',(6.05,1.52,3.45));
#3322 = DIRECTION('',(0.,1.,0.));
#3323 = DIRECTION('',(0.,0.,1.));
#3324 = ADVANCED_FACE('',(#3325),#3366,.F.);
#3325 = FACE_BOUND('',#3326,.F.);
#3326 = EDGE_LOOP('',(#3327,#3335,#3343,#3351,#3359,#3365));
#3327 = ORIENTED_EDGE('',*,*,#3328,.F.);
#3328 = EDGE_CURVE('',#3329,#769,#3331,.T.);
#3329 = VERTEX_POINT('',#3330);
#3330 = CARTESIAN_POINT('',(3.55,1.52,3.45));
#3331 = LINE('',#3332,#3333);
#3332 = CARTESIAN_POINT('',(3.55,1.52,3.45));
#3333 = VECTOR('',#3334,1.);
#3334 = DIRECTION('',(0.,0.,1.));
#3335 = ORIENTED_EDGE('',*,*,#3336,.T.);
#3336 = EDGE_CURVE('',#3329,#3337,#3339,.T.);
#3337 = VERTEX_POINT('',#3338);
#3338 = CARTESIAN_POINT('',(3.1,1.52,3.45));
#3339 = LINE('',#3340,#3341);
#3340 = CARTESIAN_POINT('',(3.55,1.52,3.45));
#3341 = VECTOR('',#3342,1.);
#3342 = DIRECTION('',(-1.,-0.,-0.));
#3343 = ORIENTED_EDGE('',*,*,#3344,.F.);
#3344 = EDGE_CURVE('',#3345,#3337,#3347,.T.);
#3345 = VERTEX_POINT('',#3346);
#3346 = CARTESIAN_POINT('',(3.1,1.52,5.25));
#3347 = LINE('',#3348,#3349);
#3348 = CARTESIAN_POINT('',(3.1,1.52,5.25));
#3349 = VECTOR('',#3350,1.);
#3350 = DIRECTION('',(0.,1.233581138472E-16,-1.));
#3351 = ORIENTED_EDGE('',*,*,#3352,.T.);
#3352 = EDGE_CURVE('',#3345,#3353,#3355,.T.);
#3353 = VERTEX_POINT('',#3354);
#3354 = CARTESIAN_POINT('',(3.,1.52,5.25));
#3355 = LINE('',#3356,#3357);
#3356 = CARTESIAN_POINT('',(3.1,1.52,5.25));
#3357 = VECTOR('',#3358,1.);
#3358 = DIRECTION('',(-1.,-0.,-0.));
#3359 = ORIENTED_EDGE('',*,*,#3360,.F.);
#3360 = EDGE_CURVE('',#771,#3353,#3361,.T.);
#3361 = LINE('',#3362,#3363);
#3362 = CARTESIAN_POINT('',(3.,1.52,9.8));
#3363 = VECTOR('',#3364,1.);
#3364 = DIRECTION('',(0.,0.,-1.));
#3365 = ORIENTED_EDGE('',*,*,#768,.F.);
#3366 = PLANE('',#3367);
#3367 = AXIS2_PLACEMENT_3D('',#3368,#3369,#3370);
#3368 = CARTESIAN_POINT('',(3.55,1.52,3.45));
#3369 = DIRECTION('',(0.,1.,0.));
#3370 = DIRECTION('',(0.,0.,1.));
#3371 = ADVANCED_FACE('',(#3372),#3390,.F.);
#3372 = FACE_BOUND('',#3373,.F.);
#3373 = EDGE_LOOP('',(#3374,#3382,#3383,#3384));
#3374 = ORIENTED_EDGE('',*,*,#3375,.T.);
#3375 = EDGE_CURVE('',#3376,#3329,#3378,.T.);
#3376 = VERTEX_POINT('',#3377);
#3377 = CARTESIAN_POINT('',(3.55,-0.98,3.45));
#3378 = LINE('',#3379,#3380);
#3379 = CARTESIAN_POINT('',(3.55,-0.98,3.45));
#3380 = VECTOR('',#3381,1.);
#3381 = DIRECTION('',(0.,1.,0.));
#3382 = ORIENTED_EDGE('',*,*,#3328,.T.);
#3383 = ORIENTED_EDGE('',*,*,#778,.T.);
#3384 = ORIENTED_EDGE('',*,*,#3385,.T.);
#3385 = EDGE_CURVE('',#779,#3376,#3386,.T.);
#3386 = LINE('',#3387,#3388);
#3387 = CARTESIAN_POINT('',(3.55,-0.98,9.8));
#3388 = VECTOR('',#3389,1.);
#3389 = DIRECTION('',(0.,0.,-1.));
#3390 = PLANE('',#3391);
#3391 = AXIS2_PLACEMENT_3D('',#3392,#3393,#3394);
#3392 = CARTESIAN_POINT('',(3.55,0.27,6.625));
#3393 = DIRECTION('',(1.,0.,0.));
#3394 = DIRECTION('',(0.,0.,1.));
#3395 = ADVANCED_FACE('',(#3396),#3414,.F.);
#3396 = FACE_BOUND('',#3397,.F.);
#3397 = EDGE_LOOP('',(#3398,#3399,#3407,#3413));
#3398 = ORIENTED_EDGE('',*,*,#3360,.T.);
#3399 = ORIENTED_EDGE('',*,*,#3400,.T.);
#3400 = EDGE_CURVE('',#3353,#3401,#3403,.T.);
#3401 = VERTEX_POINT('',#3402);
#3402 = CARTESIAN_POINT('',(3.,1.92,5.25));
#3403 = LINE('',#3404,#3405);
#3404 = CARTESIAN_POINT('',(3.,1.52,5.25));
#3405 = VECTOR('',#3406,1.);
#3406 = DIRECTION('',(0.,1.,0.));
#3407 = ORIENTED_EDGE('',*,*,#3408,.T.);
#3408 = EDGE_CURVE('',#3401,#819,#3409,.T.);
#3409 = LINE('',#3410,#3411);
#3410 = CARTESIAN_POINT('',(3.,1.92,5.25));
#3411 = VECTOR('',#3412,1.);
#3412 = DIRECTION('',(0.,0.,1.));
#3413 = ORIENTED_EDGE('',*,*,#826,.T.);
#3414 = PLANE('',#3415);
#3415 = AXIS2_PLACEMENT_3D('',#3416,#3417,#3418);
#3416 = CARTESIAN_POINT('',(3.,1.72,7.525));
#3417 = DIRECTION('',(1.,0.,0.));
#3418 = DIRECTION('',(0.,0.,1.));
#3419 = ADVANCED_FACE('',(#3420),#3438,.F.);
#3420 = FACE_BOUND('',#3421,.F.);
#3421 = EDGE_LOOP('',(#3422,#3423,#3431,#3437));
#3422 = ORIENTED_EDGE('',*,*,#786,.T.);
#3423 = ORIENTED_EDGE('',*,*,#3424,.T.);
#3424 = EDGE_CURVE('',#787,#3425,#3427,.T.);
#3425 = VERTEX_POINT('',#3426);
#3426 = CARTESIAN_POINT('',(1.45,-0.98,3.45));
#3427 = LINE('',#3428,#3429);
#3428 = CARTESIAN_POINT('',(1.45,-0.98,9.8));
#3429 = VECTOR('',#3430,1.);
#3430 = DIRECTION('',(0.,0.,-1.));
#3431 = ORIENTED_EDGE('',*,*,#3432,.F.);
#3432 = EDGE_CURVE('',#3376,#3425,#3433,.T.);
#3433 = LINE('',#3434,#3435);
#3434 = CARTESIAN_POINT('',(3.55,-0.98,3.45));
#3435 = VECTOR('',#3436,1.);
#3436 = DIRECTION('',(-1.,-0.,-0.));
#3437 = ORIENTED_EDGE('',*,*,#3385,.F.);
#3438 = PLANE('',#3439);
#3439 = AXIS2_PLACEMENT_3D('',#3440,#3441,#3442);
#3440 = CARTESIAN_POINT('',(3.55,-0.98,9.8));
#3441 = DIRECTION('',(0.,-1.,0.));
#3442 = DIRECTION('',(0.,0.,-1.));
#3443 = ADVANCED_FACE('',(#3444),#3462,.F.);
#3444 = FACE_BOUND('',#3445,.F.);
#3445 = EDGE_LOOP('',(#3446,#3454,#3460,#3461));
#3446 = ORIENTED_EDGE('',*,*,#3447,.T.);
#3447 = EDGE_CURVE('',#3401,#3448,#3450,.T.);
#3448 = VERTEX_POINT('',#3449);
#3449 = CARTESIAN_POINT('',(2.,1.92,5.25));
#3450 = LINE('',#3451,#3452);
#3451 = CARTESIAN_POINT('',(3.,1.92,5.25));
#3452 = VECTOR('',#3453,1.);
#3453 = DIRECTION('',(-1.,-0.,-0.));
#3454 = ORIENTED_EDGE('',*,*,#3455,.T.);
#3455 = EDGE_CURVE('',#3448,#811,#3456,.T.);
#3456 = LINE('',#3457,#3458);
#3457 = CARTESIAN_POINT('',(2.,1.92,5.25));
#3458 = VECTOR('',#3459,1.);
#3459 = DIRECTION('',(0.,0.,1.));
#3460 = ORIENTED_EDGE('',*,*,#818,.F.);
#3461 = ORIENTED_EDGE('',*,*,#3408,.F.);
#3462 = PLANE('',#3463);
#3463 = AXIS2_PLACEMENT_3D('',#3464,#3465,#3466);
#3464 = CARTESIAN_POINT('',(3.,1.92,5.25));
#3465 = DIRECTION('',(0.,1.,0.));
#3466 = DIRECTION('',(0.,0.,1.));
#3467 = ADVANCED_FACE('',(#3468),#3486,.T.);
#3468 = FACE_BOUND('',#3469,.T.);
#3469 = EDGE_LOOP('',(#3470,#3478,#3484,#3485));
#3470 = ORIENTED_EDGE('',*,*,#3471,.T.);
#3471 = EDGE_CURVE('',#3425,#3472,#3474,.T.);
#3472 = VERTEX_POINT('',#3473);
#3473 = CARTESIAN_POINT('',(1.45,1.52,3.45));
#3474 = LINE('',#3475,#3476);
#3475 = CARTESIAN_POINT('',(1.45,-0.98,3.45));
#3476 = VECTOR('',#3477,1.);
#3477 = DIRECTION('',(0.,1.,0.));
#3478 = ORIENTED_EDGE('',*,*,#3479,.T.);
#3479 = EDGE_CURVE('',#3472,#795,#3480,.T.);
#3480 = LINE('',#3481,#3482);
#3481 = CARTESIAN_POINT('',(1.45,1.52,3.45));
#3482 = VECTOR('',#3483,1.);
#3483 = DIRECTION('',(0.,0.,1.));
#3484 = ORIENTED_EDGE('',*,*,#794,.T.);
#3485 = ORIENTED_EDGE('',*,*,#3424,.T.);
#3486 = PLANE('',#3487);
#3487 = AXIS2_PLACEMENT_3D('',#3488,#3489,#3490);
#3488 = CARTESIAN_POINT('',(1.45,0.27,6.625));
#3489 = DIRECTION('',(1.,0.,0.));
#3490 = DIRECTION('',(0.,0.,1.));
#3491 = ADVANCED_FACE('',(#3492),#3510,.T.);
#3492 = FACE_BOUND('',#3493,.T.);
#3493 = EDGE_LOOP('',(#3494,#3502,#3508,#3509));
#3494 = ORIENTED_EDGE('',*,*,#3495,.T.);
#3495 = EDGE_CURVE('',#803,#3496,#3498,.T.);
#3496 = VERTEX_POINT('',#3497);
#3497 = CARTESIAN_POINT('',(2.,1.52,5.25));
#3498 = LINE('',#3499,#3500);
#3499 = CARTESIAN_POINT('',(2.,1.52,9.8));
#3500 = VECTOR('',#3501,1.);
#3501 = DIRECTION('',(0.,0.,-1.));
#3502 = ORIENTED_EDGE('',*,*,#3503,.T.);
#3503 = EDGE_CURVE('',#3496,#3448,#3504,.T.);
#3504 = LINE('',#3505,#3506);
#3505 = CARTESIAN_POINT('',(2.,1.52,5.25));
#3506 = VECTOR('',#3507,1.);
#3507 = DIRECTION('',(0.,1.,0.));
#3508 = ORIENTED_EDGE('',*,*,#3455,.T.);
#3509 = ORIENTED_EDGE('',*,*,#810,.T.);
#3510 = PLANE('',#3511);
#3511 = AXIS2_PLACEMENT_3D('',#3512,#3513,#3514);
#3512 = CARTESIAN_POINT('',(2.,1.72,7.525));
#3513 = DIRECTION('',(1.,0.,0.));
#3514 = DIRECTION('',(0.,0.,1.));
#3515 = ADVANCED_FACE('',(#3516),#3543,.F.);
#3516 = FACE_BOUND('',#3517,.F.);
#3517 = EDGE_LOOP('',(#3518,#3519,#3520,#3528,#3536,#3542));
#3518 = ORIENTED_EDGE('',*,*,#802,.F.);
#3519 = ORIENTED_EDGE('',*,*,#3495,.T.);
#3520 = ORIENTED_EDGE('',*,*,#3521,.T.);
#3521 = EDGE_CURVE('',#3496,#3522,#3524,.T.);
#3522 = VERTEX_POINT('',#3523);
#3523 = CARTESIAN_POINT('',(1.9,1.52,5.25));
#3524 = LINE('',#3525,#3526);
#3525 = CARTESIAN_POINT('',(3.1,1.52,5.25));
#3526 = VECTOR('',#3527,1.);
#3527 = DIRECTION('',(-1.,-0.,-0.));
#3528 = ORIENTED_EDGE('',*,*,#3529,.T.);
#3529 = EDGE_CURVE('',#3522,#3530,#3532,.T.);
#3530 = VERTEX_POINT('',#3531);
#3531 = CARTESIAN_POINT('',(1.9,1.52,3.45));
#3532 = LINE('',#3533,#3534);
#3533 = CARTESIAN_POINT('',(1.9,1.52,5.25));
#3534 = VECTOR('',#3535,1.);
#3535 = DIRECTION('',(0.,1.233581138472E-16,-1.));
#3536 = ORIENTED_EDGE('',*,*,#3537,.T.);
#3537 = EDGE_CURVE('',#3530,#3472,#3538,.T.);
#3538 = LINE('',#3539,#3540);
#3539 = CARTESIAN_POINT('',(3.55,1.52,3.45));
#3540 = VECTOR('',#3541,1.);
#3541 = DIRECTION('',(-1.,-0.,-0.));
#3542 = ORIENTED_EDGE('',*,*,#3479,.T.);
#3543 = PLANE('',#3544);
#3544 = AXIS2_PLACEMENT_3D('',#3545,#3546,#3547);
#3545 = CARTESIAN_POINT('',(3.55,1.52,3.45));
#3546 = DIRECTION('',(0.,1.,0.));
#3547 = DIRECTION('',(0.,0.,1.));
#3548 = ADVANCED_FACE('',(#3549),#3590,.F.);
#3549 = FACE_BOUND('',#3550,.F.);
#3550 = EDGE_LOOP('',(#3551,#3559,#3567,#3575,#3583,#3589));
#3551 = ORIENTED_EDGE('',*,*,#3552,.F.);
#3552 = EDGE_CURVE('',#3553,#835,#3555,.T.);
#3553 = VERTEX_POINT('',#3554);
#3554 = CARTESIAN_POINT('',(1.05,1.52,3.45));
#3555 = LINE('',#3556,#3557);
#3556 = CARTESIAN_POINT('',(1.05,1.52,3.45));
#3557 = VECTOR('',#3558,1.);
#3558 = DIRECTION('',(0.,0.,1.));
#3559 = ORIENTED_EDGE('',*,*,#3560,.T.);
#3560 = EDGE_CURVE('',#3553,#3561,#3563,.T.);
#3561 = VERTEX_POINT('',#3562);
#3562 = CARTESIAN_POINT('',(0.6,1.52,3.45));
#3563 = LINE('',#3564,#3565);
#3564 = CARTESIAN_POINT('',(1.05,1.52,3.45));
#3565 = VECTOR('',#3566,1.);
#3566 = DIRECTION('',(-1.,-0.,-0.));
#3567 = ORIENTED_EDGE('',*,*,#3568,.F.);
#3568 = EDGE_CURVE('',#3569,#3561,#3571,.T.);
#3569 = VERTEX_POINT('',#3570);
#3570 = CARTESIAN_POINT('',(0.6,1.52,5.25));
#3571 = LINE('',#3572,#3573);
#3572 = CARTESIAN_POINT('',(0.6,1.52,5.25));
#3573 = VECTOR('',#3574,1.);
#3574 = DIRECTION('',(0.,1.233581138472E-16,-1.));
#3575 = ORIENTED_EDGE('',*,*,#3576,.T.);
#3576 = EDGE_CURVE('',#3569,#3577,#3579,.T.);
#3577 = VERTEX_POINT('',#3578);
#3578 = CARTESIAN_POINT('',(0.5,1.52,5.25));
#3579 = LINE('',#3580,#3581);
#3580 = CARTESIAN_POINT('',(0.6,1.52,5.25));
#3581 = VECTOR('',#3582,1.);
#3582 = DIRECTION('',(-1.,-0.,-0.));
#3583 = ORIENTED_EDGE('',*,*,#3584,.F.);
#3584 = EDGE_CURVE('',#837,#3577,#3585,.T.);
#3585 = LINE('',#3586,#3587);
#3586 = CARTESIAN_POINT('',(0.5,1.52,9.8));
#3587 = VECTOR('',#3588,1.);
#3588 = DIRECTION('',(0.,0.,-1.));
#3589 = ORIENTED_EDGE('',*,*,#834,.F.);
#3590 = PLANE('',#3591);
#3591 = AXIS2_PLACEMENT_3D('',#3592,#3593,#3594);
#3592 = CARTESIAN_POINT('',(1.05,1.52,3.45));
#3593 = DIRECTION('',(0.,1.,0.));
#3594 = DIRECTION('',(0.,0.,1.));
#3595 = ADVANCED_FACE('',(#3596),#3614,.F.);
#3596 = FACE_BOUND('',#3597,.F.);
#3597 = EDGE_LOOP('',(#3598,#3606,#3607,#3608));
#3598 = ORIENTED_EDGE('',*,*,#3599,.T.);
#3599 = EDGE_CURVE('',#3600,#3553,#3602,.T.);
#3600 = VERTEX_POINT('',#3601);
#3601 = CARTESIAN_POINT('',(1.05,-0.98,3.45));
#3602 = LINE('',#3603,#3604);
#3603 = CARTESIAN_POINT('',(1.05,-0.98,3.45));
#3604 = VECTOR('',#3605,1.);
#3605 = DIRECTION('',(0.,1.,0.));
#3606 = ORIENTED_EDGE('',*,*,#3552,.T.);
#3607 = ORIENTED_EDGE('',*,*,#844,.T.);
#3608 = ORIENTED_EDGE('',*,*,#3609,.T.);
#3609 = EDGE_CURVE('',#845,#3600,#3610,.T.);
#3610 = LINE('',#3611,#3612);
#3611 = CARTESIAN_POINT('',(1.05,-0.98,9.8));
#3612 = VECTOR('',#3613,1.);
#3613 = DIRECTION('',(0.,0.,-1.));
#3614 = PLANE('',#3615);
#3615 = AXIS2_PLACEMENT_3D('',#3616,#3617,#3618);
#3616 = CARTESIAN_POINT('',(1.05,0.27,6.625));
#3617 = DIRECTION('',(1.,0.,0.));
#3618 = DIRECTION('',(0.,0.,1.));
#3619 = ADVANCED_FACE('',(#3620),#3638,.F.);
#3620 = FACE_BOUND('',#3621,.F.);
#3621 = EDGE_LOOP('',(#3622,#3623,#3631,#3637));
#3622 = ORIENTED_EDGE('',*,*,#3584,.T.);
#3623 = ORIENTED_EDGE('',*,*,#3624,.T.);
#3624 = EDGE_CURVE('',#3577,#3625,#3627,.T.);
#3625 = VERTEX_POINT('',#3626);
#3626 = CARTESIAN_POINT('',(0.5,1.92,5.25));
#3627 = LINE('',#3628,#3629);
#3628 = CARTESIAN_POINT('',(0.5,1.52,5.25));
#3629 = VECTOR('',#3630,1.);
#3630 = DIRECTION('',(0.,1.,0.));
#3631 = ORIENTED_EDGE('',*,*,#3632,.T.);
#3632 = EDGE_CURVE('',#3625,#885,#3633,.T.);
#3633 = LINE('',#3634,#3635);
#3634 = CARTESIAN_POINT('',(0.5,1.92,5.25));
#3635 = VECTOR('',#3636,1.);
#3636 = DIRECTION('',(0.,0.,1.));
#3637 = ORIENTED_EDGE('',*,*,#892,.T.);
#3638 = PLANE('',#3639);
#3639 = AXIS2_PLACEMENT_3D('',#3640,#3641,#3642);
#3640 = CARTESIAN_POINT('',(0.5,1.72,7.525));
#3641 = DIRECTION('',(1.,0.,0.));
#3642 = DIRECTION('',(0.,0.,1.));
#3643 = ADVANCED_FACE('',(#3644),#3662,.F.);
#3644 = FACE_BOUND('',#3645,.F.);
#3645 = EDGE_LOOP('',(#3646,#3647,#3655,#3661));
#3646 = ORIENTED_EDGE('',*,*,#852,.T.);
#3647 = ORIENTED_EDGE('',*,*,#3648,.T.);
#3648 = EDGE_CURVE('',#853,#3649,#3651,.T.);
#3649 = VERTEX_POINT('',#3650);
#3650 = CARTESIAN_POINT('',(-1.05,-0.98,3.45));
#3651 = LINE('',#3652,#3653);
#3652 = CARTESIAN_POINT('',(-1.05,-0.98,9.8));
#3653 = VECTOR('',#3654,1.);
#3654 = DIRECTION('',(0.,0.,-1.));
#3655 = ORIENTED_EDGE('',*,*,#3656,.F.);
#3656 = EDGE_CURVE('',#3600,#3649,#3657,.T.);
#3657 = LINE('',#3658,#3659);
#3658 = CARTESIAN_POINT('',(1.05,-0.98,3.45));
#3659 = VECTOR('',#3660,1.);
#3660 = DIRECTION('',(-1.,-0.,-0.));
#3661 = ORIENTED_EDGE('',*,*,#3609,.F.);
#3662 = PLANE('',#3663);
#3663 = AXIS2_PLACEMENT_3D('',#3664,#3665,#3666);
#3664 = CARTESIAN_POINT('',(1.05,-0.98,9.8));
#3665 = DIRECTION('',(0.,-1.,0.));
#3666 = DIRECTION('',(0.,0.,-1.));
#3667 = ADVANCED_FACE('',(#3668),#3686,.F.);
#3668 = FACE_BOUND('',#3669,.F.);
#3669 = EDGE_LOOP('',(#3670,#3678,#3684,#3685));
#3670 = ORIENTED_EDGE('',*,*,#3671,.T.);
#3671 = EDGE_CURVE('',#3625,#3672,#3674,.T.);
#3672 = VERTEX_POINT('',#3673);
#3673 = CARTESIAN_POINT('',(-0.5,1.92,5.25));
#3674 = LINE('',#3675,#3676);
#3675 = CARTESIAN_POINT('',(0.5,1.92,5.25));
#3676 = VECTOR('',#3677,1.);
#3677 = DIRECTION('',(-1.,-0.,-0.));
#3678 = ORIENTED_EDGE('',*,*,#3679,.T.);
#3679 = EDGE_CURVE('',#3672,#877,#3680,.T.);
#3680 = LINE('',#3681,#3682);
#3681 = CARTESIAN_POINT('',(-0.5,1.92,5.25));
#3682 = VECTOR('',#3683,1.);
#3683 = DIRECTION('',(0.,0.,1.));
#3684 = ORIENTED_EDGE('',*,*,#884,.F.);
#3685 = ORIENTED_EDGE('',*,*,#3632,.F.);
#3686 = PLANE('',#3687);
#3687 = AXIS2_PLACEMENT_3D('',#3688,#3689,#3690);
#3688 = CARTESIAN_POINT('',(0.5,1.92,5.25));
#3689 = DIRECTION('',(0.,1.,0.));
#3690 = DIRECTION('',(0.,0.,1.));
#3691 = ADVANCED_FACE('',(#3692),#3710,.T.);
#3692 = FACE_BOUND('',#3693,.T.);
#3693 = EDGE_LOOP('',(#3694,#3702,#3708,#3709));
#3694 = ORIENTED_EDGE('',*,*,#3695,.T.);
#3695 = EDGE_CURVE('',#3649,#3696,#3698,.T.);
#3696 = VERTEX_POINT('',#3697);
#3697 = CARTESIAN_POINT('',(-1.05,1.52,3.45));
#3698 = LINE('',#3699,#3700);
#3699 = CARTESIAN_POINT('',(-1.05,-0.98,3.45));
#3700 = VECTOR('',#3701,1.);
#3701 = DIRECTION('',(0.,1.,0.));
#3702 = ORIENTED_EDGE('',*,*,#3703,.T.);
#3703 = EDGE_CURVE('',#3696,#861,#3704,.T.);
#3704 = LINE('',#3705,#3706);
#3705 = CARTESIAN_POINT('',(-1.05,1.52,3.45));
#3706 = VECTOR('',#3707,1.);
#3707 = DIRECTION('',(0.,0.,1.));
#3708 = ORIENTED_EDGE('',*,*,#860,.T.);
#3709 = ORIENTED_EDGE('',*,*,#3648,.T.);
#3710 = PLANE('',#3711);
#3711 = AXIS2_PLACEMENT_3D('',#3712,#3713,#3714);
#3712 = CARTESIAN_POINT('',(-1.05,0.27,6.625));
#3713 = DIRECTION('',(1.,0.,0.));
#3714 = DIRECTION('',(0.,0.,1.));
#3715 = ADVANCED_FACE('',(#3716),#3734,.T.);
#3716 = FACE_BOUND('',#3717,.T.);
#3717 = EDGE_LOOP('',(#3718,#3726,#3732,#3733));
#3718 = ORIENTED_EDGE('',*,*,#3719,.T.);
#3719 = EDGE_CURVE('',#869,#3720,#3722,.T.);
#3720 = VERTEX_POINT('',#3721);
#3721 = CARTESIAN_POINT('',(-0.5,1.52,5.25));
#3722 = LINE('',#3723,#3724);
#3723 = CARTESIAN_POINT('',(-0.5,1.52,9.8));
#3724 = VECTOR('',#3725,1.);
#3725 = DIRECTION('',(0.,0.,-1.));
#3726 = ORIENTED_EDGE('',*,*,#3727,.T.);
#3727 = EDGE_CURVE('',#3720,#3672,#3728,.T.);
#3728 = LINE('',#3729,#3730);
#3729 = CARTESIAN_POINT('',(-0.5,1.52,5.25));
#3730 = VECTOR('',#3731,1.);
#3731 = DIRECTION('',(0.,1.,0.));
#3732 = ORIENTED_EDGE('',*,*,#3679,.T.);
#3733 = ORIENTED_EDGE('',*,*,#876,.T.);
#3734 = PLANE('',#3735);
#3735 = AXIS2_PLACEMENT_3D('',#3736,#3737,#3738);
#3736 = CARTESIAN_POINT('',(-0.5,1.72,7.525));
#3737 = DIRECTION('',(1.,0.,0.));
#3738 = DIRECTION('',(0.,0.,1.));
#3739 = ADVANCED_FACE('',(#3740),#3767,.F.);
#3740 = FACE_BOUND('',#3741,.F.);
#3741 = EDGE_LOOP('',(#3742,#3743,#3744,#3752,#3760,#3766));
#3742 = ORIENTED_EDGE('',*,*,#868,.F.);
#3743 = ORIENTED_EDGE('',*,*,#3719,.T.);
#3744 = ORIENTED_EDGE('',*,*,#3745,.T.);
#3745 = EDGE_CURVE('',#3720,#3746,#3748,.T.);
#3746 = VERTEX_POINT('',#3747);
#3747 = CARTESIAN_POINT('',(-0.6,1.52,5.25));
#3748 = LINE('',#3749,#3750);
#3749 = CARTESIAN_POINT('',(0.6,1.52,5.25));
#3750 = VECTOR('',#3751,1.);
#3751 = DIRECTION('',(-1.,-0.,-0.));
#3752 = ORIENTED_EDGE('',*,*,#3753,.T.);
#3753 = EDGE_CURVE('',#3746,#3754,#3756,.T.);
#3754 = VERTEX_POINT('',#3755);
#3755 = CARTESIAN_POINT('',(-0.6,1.52,3.45));
#3756 = LINE('',#3757,#3758);
#3757 = CARTESIAN_POINT('',(-0.6,1.52,5.25));
#3758 = VECTOR('',#3759,1.);
#3759 = DIRECTION('',(0.,1.233581138472E-16,-1.));
#3760 = ORIENTED_EDGE('',*,*,#3761,.T.);
#3761 = EDGE_CURVE('',#3754,#3696,#3762,.T.);
#3762 = LINE('',#3763,#3764);
#3763 = CARTESIAN_POINT('',(1.05,1.52,3.45));
#3764 = VECTOR('',#3765,1.);
#3765 = DIRECTION('',(-1.,-0.,-0.));
#3766 = ORIENTED_EDGE('',*,*,#3703,.T.);
#3767 = PLANE('',#3768);
#3768 = AXIS2_PLACEMENT_3D('',#3769,#3770,#3771);
#3769 = CARTESIAN_POINT('',(1.05,1.52,3.45));
#3770 = DIRECTION('',(0.,1.,0.));
#3771 = DIRECTION('',(0.,0.,1.));
#3772 = ADVANCED_FACE('',(#3773),#3816,.T.);
#3773 = FACE_BOUND('',#3774,.T.);
#3774 = EDGE_LOOP('',(#3775,#3783,#3784,#3785,#3786,#3794,#3802,#3810));
#3775 = ORIENTED_EDGE('',*,*,#3776,.T.);
#3776 = EDGE_CURVE('',#3777,#939,#3779,.T.);
#3777 = VERTEX_POINT('',#3778);
#3778 = CARTESIAN_POINT('',(21.9,2.57,2.05));
#3779 = LINE('',#3780,#3781);
#3780 = CARTESIAN_POINT('',(21.9,2.57,2.05));
#3781 = VECTOR('',#3782,1.);
#3782 = DIRECTION('',(0.,0.,1.));
#3783 = ORIENTED_EDGE('',*,*,#946,.T.);
#3784 = ORIENTED_EDGE('',*,*,#1744,.T.);
#3785 = ORIENTED_EDGE('',*,*,#1067,.T.);
#3786 = ORIENTED_EDGE('',*,*,#3787,.T.);
#3787 = EDGE_CURVE('',#1068,#3788,#3790,.T.);
#3788 = VERTEX_POINT('',#3789);
#3789 = CARTESIAN_POINT('',(21.9,1.044,2.6151));
#3790 = LINE('',#3791,#3792);
#3791 = CARTESIAN_POINT('',(21.9,0.5468198,3.45));
#3792 = VECTOR('',#3793,1.);
#3793 = DIRECTION('',(0.,0.511647917429,-0.859195209828));
#3794 = ORIENTED_EDGE('',*,*,#3795,.T.);
#3795 = EDGE_CURVE('',#3788,#3796,#3798,.T.);
#3796 = VERTEX_POINT('',#3797);
#3797 = CARTESIAN_POINT('',(21.9,1.52,2.6151));
#3798 = LINE('',#3799,#3800);
#3799 = CARTESIAN_POINT('',(21.9,1.044,2.6151));
#3800 = VECTOR('',#3801,1.);
#3801 = DIRECTION('',(0.,1.,0.));
#3802 = ORIENTED_EDGE('',*,*,#3803,.T.);
#3803 = EDGE_CURVE('',#3796,#3804,#3806,.T.);
#3804 = VERTEX_POINT('',#3805);
#3805 = CARTESIAN_POINT('',(21.9,1.52,2.05));
#3806 = LINE('',#3807,#3808);
#3807 = CARTESIAN_POINT('',(21.9,1.52,2.6151));
#3808 = VECTOR('',#3809,1.);
#3809 = DIRECTION('',(0.,0.,-1.));
#3810 = ORIENTED_EDGE('',*,*,#3811,.T.);
#3811 = EDGE_CURVE('',#3804,#3777,#3812,.T.);
#3812 = LINE('',#3813,#3814);
#3813 = CARTESIAN_POINT('',(21.9,1.52,2.05));
#3814 = VECTOR('',#3815,1.);
#3815 = DIRECTION('',(0.,1.,0.));
#3816 = PLANE('',#3817);
#3817 = AXIS2_PLACEMENT_3D('',#3818,#3819,#3820);
#3818 = CARTESIAN_POINT('',(21.9,1.834452703854,3.573485056924));
#3819 = DIRECTION('',(1.,0.,0.));
#3820 = DIRECTION('',(0.,0.,1.));
#3821 = ADVANCED_FACE('',(#3822),#4153,.T.);
#3822 = FACE_BOUND('',#3823,.T.);
#3823 = EDGE_LOOP('',(#3824,#3834,#3840,#3841,#3842,#3843,#3851,#3859,
    #3867,#3875,#3883,#3891,#3899,#3907,#3915,#3923,#3931,#3939,#3947,
    #3955,#3963,#3971,#3979,#3987,#3995,#4003,#4011,#4019,#4027,#4035,
    #4043,#4051,#4059,#4067,#4075,#4083,#4091,#4099,#4107,#4115,#4123,
    #4131,#4139,#4147));
#3824 = ORIENTED_EDGE('',*,*,#3825,.F.);
#3825 = EDGE_CURVE('',#3826,#3828,#3830,.T.);
#3826 = VERTEX_POINT('',#3827);
#3827 = CARTESIAN_POINT('',(24.1,2.57,2.05));
#3828 = VERTEX_POINT('',#3829);
#3829 = CARTESIAN_POINT('',(24.1,2.57,9.2));
#3830 = LINE('',#3831,#3832);
#3831 = CARTESIAN_POINT('',(24.1,2.57,2.05));
#3832 = VECTOR('',#3833,1.);
#3833 = DIRECTION('',(0.,0.,1.));
#3834 = ORIENTED_EDGE('',*,*,#3835,.T.);
#3835 = EDGE_CURVE('',#3826,#987,#3836,.T.);
#3836 = LINE('',#3837,#3838);
#3837 = CARTESIAN_POINT('',(24.1,2.57,2.05));
#3838 = VECTOR('',#3839,1.);
#3839 = DIRECTION('',(-1.,-0.,-0.));
#3840 = ORIENTED_EDGE('',*,*,#986,.T.);
#3841 = ORIENTED_EDGE('',*,*,#938,.T.);
#3842 = ORIENTED_EDGE('',*,*,#3776,.F.);
#3843 = ORIENTED_EDGE('',*,*,#3844,.T.);
#3844 = EDGE_CURVE('',#3777,#3845,#3847,.T.);
#3845 = VERTEX_POINT('',#3846);
#3846 = CARTESIAN_POINT('',(20.6,2.57,2.05));
#3847 = LINE('',#3848,#3849);
#3848 = CARTESIAN_POINT('',(24.1,2.57,2.05));
#3849 = VECTOR('',#3850,1.);
#3850 = DIRECTION('',(-1.,-0.,-0.));
#3851 = ORIENTED_EDGE('',*,*,#3852,.T.);
#3852 = EDGE_CURVE('',#3845,#3853,#3855,.T.);
#3853 = VERTEX_POINT('',#3854);
#3854 = CARTESIAN_POINT('',(20.6,2.57,5.25));
#3855 = LINE('',#3856,#3857);
#3856 = CARTESIAN_POINT('',(20.6,2.57,2.05));
#3857 = VECTOR('',#3858,1.);
#3858 = DIRECTION('',(0.,0.,1.));
#3859 = ORIENTED_EDGE('',*,*,#3860,.T.);
#3860 = EDGE_CURVE('',#3853,#3861,#3863,.T.);
#3861 = VERTEX_POINT('',#3862);
#3862 = CARTESIAN_POINT('',(19.4,2.57,5.25));
#3863 = LINE('',#3864,#3865);
#3864 = CARTESIAN_POINT('',(20.6,2.57,5.25));
#3865 = VECTOR('',#3866,1.);
#3866 = DIRECTION('',(-1.,-0.,-0.));
#3867 = ORIENTED_EDGE('',*,*,#3868,.F.);
#3868 = EDGE_CURVE('',#3869,#3861,#3871,.T.);
#3869 = VERTEX_POINT('',#3870);
#3870 = CARTESIAN_POINT('',(19.4,2.57,2.05));
#3871 = LINE('',#3872,#3873);
#3872 = CARTESIAN_POINT('',(19.4,2.57,2.05));
#3873 = VECTOR('',#3874,1.);
#3874 = DIRECTION('',(0.,0.,1.));
#3875 = ORIENTED_EDGE('',*,*,#3876,.T.);
#3876 = EDGE_CURVE('',#3869,#3877,#3879,.T.);
#3877 = VERTEX_POINT('',#3878);
#3878 = CARTESIAN_POINT('',(18.1,2.57,2.05));
#3879 = LINE('',#3880,#3881);
#3880 = CARTESIAN_POINT('',(24.1,2.57,2.05));
#3881 = VECTOR('',#3882,1.);
#3882 = DIRECTION('',(-1.,-0.,-0.));
#3883 = ORIENTED_EDGE('',*,*,#3884,.T.);
#3884 = EDGE_CURVE('',#3877,#3885,#3887,.T.);
#3885 = VERTEX_POINT('',#3886);
#3886 = CARTESIAN_POINT('',(18.1,2.57,5.25));
#3887 = LINE('',#3888,#3889);
#3888 = CARTESIAN_POINT('',(18.1,2.57,2.05));
#3889 = VECTOR('',#3890,1.);
#3890 = DIRECTION('',(0.,0.,1.));
#3891 = ORIENTED_EDGE('',*,*,#3892,.T.);
#3892 = EDGE_CURVE('',#3885,#3893,#3895,.T.);
#3893 = VERTEX_POINT('',#3894);
#3894 = CARTESIAN_POINT('',(16.9,2.57,5.25));
#3895 = LINE('',#3896,#3897);
#3896 = CARTESIAN_POINT('',(18.1,2.57,5.25));
#3897 = VECTOR('',#3898,1.);
#3898 = DIRECTION('',(-1.,-0.,-0.));
#3899 = ORIENTED_EDGE('',*,*,#3900,.F.);
#3900 = EDGE_CURVE('',#3901,#3893,#3903,.T.);
#3901 = VERTEX_POINT('',#3902);
#3902 = CARTESIAN_POINT('',(16.9,2.57,2.05));
#3903 = LINE('',#3904,#3905);
#3904 = CARTESIAN_POINT('',(16.9,2.57,2.05));
#3905 = VECTOR('',#3906,1.);
#3906 = DIRECTION('',(0.,0.,1.));
#3907 = ORIENTED_EDGE('',*,*,#3908,.T.);
#3908 = EDGE_CURVE('',#3901,#3909,#3911,.T.);
#3909 = VERTEX_POINT('',#3910);
#3910 = CARTESIAN_POINT('',(15.6,2.57,2.05));
#3911 = LINE('',#3912,#3913);
#3912 = CARTESIAN_POINT('',(24.1,2.57,2.05));
#3913 = VECTOR('',#3914,1.);
#3914 = DIRECTION('',(-1.,-0.,-0.));
#3915 = ORIENTED_EDGE('',*,*,#3916,.T.);
#3916 = EDGE_CURVE('',#3909,#3917,#3919,.T.);
#3917 = VERTEX_POINT('',#3918);
#3918 = CARTESIAN_POINT('',(15.6,2.57,5.25));
#3919 = LINE('',#3920,#3921);
#3920 = CARTESIAN_POINT('',(15.6,2.57,2.05));
#3921 = VECTOR('',#3922,1.);
#3922 = DIRECTION('',(0.,0.,1.));
#3923 = ORIENTED_EDGE('',*,*,#3924,.T.);
#3924 = EDGE_CURVE('',#3917,#3925,#3927,.T.);
#3925 = VERTEX_POINT('',#3926);
#3926 = CARTESIAN_POINT('',(14.4,2.57,5.25));
#3927 = LINE('',#3928,#3929);
#3928 = CARTESIAN_POINT('',(15.6,2.57,5.25));
#3929 = VECTOR('',#3930,1.);
#3930 = DIRECTION('',(-1.,-0.,-0.));
#3931 = ORIENTED_EDGE('',*,*,#3932,.F.);
#3932 = EDGE_CURVE('',#3933,#3925,#3935,.T.);
#3933 = VERTEX_POINT('',#3934);
#3934 = CARTESIAN_POINT('',(14.4,2.57,2.05));
#3935 = LINE('',#3936,#3937);
#3936 = CARTESIAN_POINT('',(14.4,2.57,2.05));
#3937 = VECTOR('',#3938,1.);
#3938 = DIRECTION('',(0.,0.,1.));
#3939 = ORIENTED_EDGE('',*,*,#3940,.T.);
#3940 = EDGE_CURVE('',#3933,#3941,#3943,.T.);
#3941 = VERTEX_POINT('',#3942);
#3942 = CARTESIAN_POINT('',(13.1,2.57,2.05));
#3943 = LINE('',#3944,#3945);
#3944 = CARTESIAN_POINT('',(24.1,2.57,2.05));
#3945 = VECTOR('',#3946,1.);
#3946 = DIRECTION('',(-1.,-0.,-0.));
#3947 = ORIENTED_EDGE('',*,*,#3948,.T.);
#3948 = EDGE_CURVE('',#3941,#3949,#3951,.T.);
#3949 = VERTEX_POINT('',#3950);
#3950 = CARTESIAN_POINT('',(13.1,2.57,5.25));
#3951 = LINE('',#3952,#3953);
#3952 = CARTESIAN_POINT('',(13.1,2.57,2.05));
#3953 = VECTOR('',#3954,1.);
#3954 = DIRECTION('',(0.,0.,1.));
#3955 = ORIENTED_EDGE('',*,*,#3956,.T.);
#3956 = EDGE_CURVE('',#3949,#3957,#3959,.T.);
#3957 = VERTEX_POINT('',#3958);
#3958 = CARTESIAN_POINT('',(11.9,2.57,5.25));
#3959 = LINE('',#3960,#3961);
#3960 = CARTESIAN_POINT('',(13.1,2.57,5.25));
#3961 = VECTOR('',#3962,1.);
#3962 = DIRECTION('',(-1.,-0.,-0.));
#3963 = ORIENTED_EDGE('',*,*,#3964,.F.);
#3964 = EDGE_CURVE('',#3965,#3957,#3967,.T.);
#3965 = VERTEX_POINT('',#3966);
#3966 = CARTESIAN_POINT('',(11.9,2.57,2.05));
#3967 = LINE('',#3968,#3969);
#3968 = CARTESIAN_POINT('',(11.9,2.57,2.05));
#3969 = VECTOR('',#3970,1.);
#3970 = DIRECTION('',(0.,0.,1.));
#3971 = ORIENTED_EDGE('',*,*,#3972,.T.);
#3972 = EDGE_CURVE('',#3965,#3973,#3975,.T.);
#3973 = VERTEX_POINT('',#3974);
#3974 = CARTESIAN_POINT('',(10.6,2.57,2.05));
#3975 = LINE('',#3976,#3977);
#3976 = CARTESIAN_POINT('',(24.1,2.57,2.05));
#3977 = VECTOR('',#3978,1.);
#3978 = DIRECTION('',(-1.,-0.,-0.));
#3979 = ORIENTED_EDGE('',*,*,#3980,.T.);
#3980 = EDGE_CURVE('',#3973,#3981,#3983,.T.);
#3981 = VERTEX_POINT('',#3982);
#3982 = CARTESIAN_POINT('',(10.6,2.57,5.25));
#3983 = LINE('',#3984,#3985);
#3984 = CARTESIAN_POINT('',(10.6,2.57,2.05));
#3985 = VECTOR('',#3986,1.);
#3986 = DIRECTION('',(0.,0.,1.));
#3987 = ORIENTED_EDGE('',*,*,#3988,.T.);
#3988 = EDGE_CURVE('',#3981,#3989,#3991,.T.);
#3989 = VERTEX_POINT('',#3990);
#3990 = CARTESIAN_POINT('',(9.4,2.57,5.25));
#3991 = LINE('',#3992,#3993);
#3992 = CARTESIAN_POINT('',(10.6,2.57,5.25));
#3993 = VECTOR('',#3994,1.);
#3994 = DIRECTION('',(-1.,-0.,-0.));
#3995 = ORIENTED_EDGE('',*,*,#3996,.F.);
#3996 = EDGE_CURVE('',#3997,#3989,#3999,.T.);
#3997 = VERTEX_POINT('',#3998);
#3998 = CARTESIAN_POINT('',(9.4,2.57,2.05));
#3999 = LINE('',#4000,#4001);
#4000 = CARTESIAN_POINT('',(9.4,2.57,2.05));
#4001 = VECTOR('',#4002,1.);
#4002 = DIRECTION('',(0.,0.,1.));
#4003 = ORIENTED_EDGE('',*,*,#4004,.T.);
#4004 = EDGE_CURVE('',#3997,#4005,#4007,.T.);
#4005 = VERTEX_POINT('',#4006);
#4006 = CARTESIAN_POINT('',(8.1,2.57,2.05));
#4007 = LINE('',#4008,#4009);
#4008 = CARTESIAN_POINT('',(24.1,2.57,2.05));
#4009 = VECTOR('',#4010,1.);
#4010 = DIRECTION('',(-1.,-0.,-0.));
#4011 = ORIENTED_EDGE('',*,*,#4012,.T.);
#4012 = EDGE_CURVE('',#4005,#4013,#4015,.T.);
#4013 = VERTEX_POINT('',#4014);
#4014 = CARTESIAN_POINT('',(8.1,2.57,5.25));
#4015 = LINE('',#4016,#4017);
#4016 = CARTESIAN_POINT('',(8.1,2.57,2.05));
#4017 = VECTOR('',#4018,1.);
#4018 = DIRECTION('',(0.,0.,1.));
#4019 = ORIENTED_EDGE('',*,*,#4020,.T.);
#4020 = EDGE_CURVE('',#4013,#4021,#4023,.T.);
#4021 = VERTEX_POINT('',#4022);
#4022 = CARTESIAN_POINT('',(6.9,2.57,5.25));
#4023 = LINE('',#4024,#4025);
#4024 = CARTESIAN_POINT('',(8.1,2.57,5.25));
#4025 = VECTOR('',#4026,1.);
#4026 = DIRECTION('',(-1.,-0.,-0.));
#4027 = ORIENTED_EDGE('',*,*,#4028,.F.);
#4028 = EDGE_CURVE('',#4029,#4021,#4031,.T.);
#4029 = VERTEX_POINT('',#4030);
#4030 = CARTESIAN_POINT('',(6.9,2.57,2.05));
#4031 = LINE('',#4032,#4033);
#4032 = CARTESIAN_POINT('',(6.9,2.57,2.05));
#4033 = VECTOR('',#4034,1.);
#4034 = DIRECTION('',(0.,0.,1.));
#4035 = ORIENTED_EDGE('',*,*,#4036,.T.);
#4036 = EDGE_CURVE('',#4029,#4037,#4039,.T.);
#4037 = VERTEX_POINT('',#4038);
#4038 = CARTESIAN_POINT('',(5.6,2.57,2.05));
#4039 = LINE('',#4040,#4041);
#4040 = CARTESIAN_POINT('',(24.1,2.57,2.05));
#4041 = VECTOR('',#4042,1.);
#4042 = DIRECTION('',(-1.,-0.,-0.));
#4043 = ORIENTED_EDGE('',*,*,#4044,.T.);
#4044 = EDGE_CURVE('',#4037,#4045,#4047,.T.);
#4045 = VERTEX_POINT('',#4046);
#4046 = CARTESIAN_POINT('',(5.6,2.57,5.25));
#4047 = LINE('',#4048,#4049);
#4048 = CARTESIAN_POINT('',(5.6,2.57,2.05));
#4049 = VECTOR('',#4050,1.);
#4050 = DIRECTION('',(0.,0.,1.));
#4051 = ORIENTED_EDGE('',*,*,#4052,.T.);
#4052 = EDGE_CURVE('',#4045,#4053,#4055,.T.);
#4053 = VERTEX_POINT('',#4054);
#4054 = CARTESIAN_POINT('',(4.4,2.57,5.25));
#4055 = LINE('',#4056,#4057);
#4056 = CARTESIAN_POINT('',(5.6,2.57,5.25));
#4057 = VECTOR('',#4058,1.);
#4058 = DIRECTION('',(-1.,-0.,-0.));
#4059 = ORIENTED_EDGE('',*,*,#4060,.F.);
#4060 = EDGE_CURVE('',#4061,#4053,#4063,.T.);
#4061 = VERTEX_POINT('',#4062);
#4062 = CARTESIAN_POINT('',(4.4,2.57,2.05));
#4063 = LINE('',#4064,#4065);
#4064 = CARTESIAN_POINT('',(4.4,2.57,2.05));
#4065 = VECTOR('',#4066,1.);
#4066 = DIRECTION('',(0.,0.,1.));
#4067 = ORIENTED_EDGE('',*,*,#4068,.T.);
#4068 = EDGE_CURVE('',#4061,#4069,#4071,.T.);
#4069 = VERTEX_POINT('',#4070);
#4070 = CARTESIAN_POINT('',(3.1,2.57,2.05));
#4071 = LINE('',#4072,#4073);
#4072 = CARTESIAN_POINT('',(24.1,2.57,2.05));
#4073 = VECTOR('',#4074,1.);
#4074 = DIRECTION('',(-1.,-0.,-0.));
#4075 = ORIENTED_EDGE('',*,*,#4076,.T.);
#4076 = EDGE_CURVE('',#4069,#4077,#4079,.T.);
#4077 = VERTEX_POINT('',#4078);
#4078 = CARTESIAN_POINT('',(3.1,2.57,5.25));
#4079 = LINE('',#4080,#4081);
#4080 = CARTESIAN_POINT('',(3.1,2.57,2.05));
#4081 = VECTOR('',#4082,1.);
#4082 = DIRECTION('',(0.,0.,1.));
#4083 = ORIENTED_EDGE('',*,*,#4084,.T.);
#4084 = EDGE_CURVE('',#4077,#4085,#4087,.T.);
#4085 = VERTEX_POINT('',#4086);
#4086 = CARTESIAN_POINT('',(1.9,2.57,5.25));
#4087 = LINE('',#4088,#4089);
#4088 = CARTESIAN_POINT('',(3.1,2.57,5.25));
#4089 = VECTOR('',#4090,1.);
#4090 = DIRECTION('',(-1.,-0.,-0.));
#4091 = ORIENTED_EDGE('',*,*,#4092,.F.);
#4092 = EDGE_CURVE('',#4093,#4085,#4095,.T.);
#4093 = VERTEX_POINT('',#4094);
#4094 = CARTESIAN_POINT('',(1.9,2.57,2.05));
#4095 = LINE('',#4096,#4097);
#4096 = CARTESIAN_POINT('',(1.9,2.57,2.05));
#4097 = VECTOR('',#4098,1.);
#4098 = DIRECTION('',(0.,0.,1.));
#4099 = ORIENTED_EDGE('',*,*,#4100,.T.);
#4100 = EDGE_CURVE('',#4093,#4101,#4103,.T.);
#4101 = VERTEX_POINT('',#4102);
#4102 = CARTESIAN_POINT('',(0.6,2.57,2.05));
#4103 = LINE('',#4104,#4105);
#4104 = CARTESIAN_POINT('',(24.1,2.57,2.05));
#4105 = VECTOR('',#4106,1.);
#4106 = DIRECTION('',(-1.,-0.,-0.));
#4107 = ORIENTED_EDGE('',*,*,#4108,.T.);
#4108 = EDGE_CURVE('',#4101,#4109,#4111,.T.);
#4109 = VERTEX_POINT('',#4110);
#4110 = CARTESIAN_POINT('',(0.6,2.57,5.25));
#4111 = LINE('',#4112,#4113);
#4112 = CARTESIAN_POINT('',(0.6,2.57,2.05));
#4113 = VECTOR('',#4114,1.);
#4114 = DIRECTION('',(0.,0.,1.));
#4115 = ORIENTED_EDGE('',*,*,#4116,.T.);
#4116 = EDGE_CURVE('',#4109,#4117,#4119,.T.);
#4117 = VERTEX_POINT('',#4118);
#4118 = CARTESIAN_POINT('',(-0.6,2.57,5.25));
#4119 = LINE('',#4120,#4121);
#4120 = CARTESIAN_POINT('',(0.6,2.57,5.25));
#4121 = VECTOR('',#4122,1.);
#4122 = DIRECTION('',(-1.,-0.,-0.));
#4123 = ORIENTED_EDGE('',*,*,#4124,.F.);
#4124 = EDGE_CURVE('',#4125,#4117,#4127,.T.);
#4125 = VERTEX_POINT('',#4126);
#4126 = CARTESIAN_POINT('',(-0.6,2.57,2.05));
#4127 = LINE('',#4128,#4129);
#4128 = CARTESIAN_POINT('',(-0.6,2.57,2.05));
#4129 = VECTOR('',#4130,1.);
#4130 = DIRECTION('',(0.,0.,1.));
#4131 = ORIENTED_EDGE('',*,*,#4132,.T.);
#4132 = EDGE_CURVE('',#4125,#4133,#4135,.T.);
#4133 = VERTEX_POINT('',#4134);
#4134 = CARTESIAN_POINT('',(-1.6,2.57,2.05));
#4135 = LINE('',#4136,#4137);
#4136 = CARTESIAN_POINT('',(24.1,2.57,2.05));
#4137 = VECTOR('',#4138,1.);
#4138 = DIRECTION('',(-1.,-0.,-0.));
#4139 = ORIENTED_EDGE('',*,*,#4140,.T.);
#4140 = EDGE_CURVE('',#4133,#4141,#4143,.T.);
#4141 = VERTEX_POINT('',#4142);
#4142 = CARTESIAN_POINT('',(-1.6,2.57,9.2));
#4143 = LINE('',#4144,#4145);
#4144 = CARTESIAN_POINT('',(-1.6,2.57,2.05));
#4145 = VECTOR('',#4146,1.);
#4146 = DIRECTION('',(0.,0.,1.));
#4147 = ORIENTED_EDGE('',*,*,#4148,.T.);
#4148 = EDGE_CURVE('',#4141,#3828,#4149,.T.);
#4149 = LINE('',#4150,#4151);
#4150 = CARTESIAN_POINT('',(17.67500000001,2.57,9.2));
#4151 = VECTOR('',#4152,1.);
#4152 = DIRECTION('',(1.,0.,0.));
#4153 = PLANE('',#4154);
#4154 = AXIS2_PLACEMENT_3D('',#4155,#4156,#4157);
#4155 = CARTESIAN_POINT('',(24.1,2.57,2.05));
#4156 = DIRECTION('',(0.,1.,0.));
#4157 = DIRECTION('',(0.,0.,1.));
#4158 = ADVANCED_FACE('',(#4159),#4170,.F.);
#4159 = FACE_BOUND('',#4160,.F.);
#4160 = EDGE_LOOP('',(#4161,#4162,#4163,#4169));
#4161 = ORIENTED_EDGE('',*,*,#1075,.T.);
#4162 = ORIENTED_EDGE('',*,*,#3787,.T.);
#4163 = ORIENTED_EDGE('',*,*,#4164,.F.);
#4164 = EDGE_CURVE('',#1005,#3788,#4165,.T.);
#4165 = LINE('',#4166,#4167);
#4166 = CARTESIAN_POINT('',(23.1,1.044,2.6151));
#4167 = VECTOR('',#4168,1.);
#4168 = DIRECTION('',(-1.,-0.,-0.));
#4169 = ORIENTED_EDGE('',*,*,#1004,.F.);
#4170 = PLANE('',#4171);
#4171 = AXIS2_PLACEMENT_3D('',#4172,#4173,#4174);
#4172 = CARTESIAN_POINT('',(23.1,0.5468198,3.45));
#4173 = DIRECTION('',(0.,-0.859195209828,-0.511647917429));
#4174 = DIRECTION('',(0.,0.511647917429,-0.859195209828));
#4175 = ADVANCED_FACE('',(#4176),#4187,.F.);
#4176 = FACE_BOUND('',#4177,.F.);
#4177 = EDGE_LOOP('',(#4178,#4179,#4180,#4186));
#4178 = ORIENTED_EDGE('',*,*,#4164,.T.);
#4179 = ORIENTED_EDGE('',*,*,#3795,.T.);
#4180 = ORIENTED_EDGE('',*,*,#4181,.F.);
#4181 = EDGE_CURVE('',#1013,#3796,#4182,.T.);
#4182 = LINE('',#4183,#4184);
#4183 = CARTESIAN_POINT('',(23.1,1.52,2.6151));
#4184 = VECTOR('',#4185,1.);
#4185 = DIRECTION('',(-1.,-0.,-0.));
#4186 = ORIENTED_EDGE('',*,*,#1012,.F.);
#4187 = PLANE('',#4188);
#4188 = AXIS2_PLACEMENT_3D('',#4189,#4190,#4191);
#4189 = CARTESIAN_POINT('',(23.1,1.044,2.6151));
#4190 = DIRECTION('',(0.,0.,-1.));
#4191 = DIRECTION('',(0.,1.,0.));
#4192 = ADVANCED_FACE('',(#4193),#4204,.F.);
#4193 = FACE_BOUND('',#4194,.F.);
#4194 = EDGE_LOOP('',(#4195,#4196,#4197,#4203));
#4195 = ORIENTED_EDGE('',*,*,#4181,.T.);
#4196 = ORIENTED_EDGE('',*,*,#3803,.T.);
#4197 = ORIENTED_EDGE('',*,*,#4198,.F.);
#4198 = EDGE_CURVE('',#1021,#3804,#4199,.T.);
#4199 = LINE('',#4200,#4201);
#4200 = CARTESIAN_POINT('',(23.1,1.52,2.05));
#4201 = VECTOR('',#4202,1.);
#4202 = DIRECTION('',(-1.,-0.,-0.));
#4203 = ORIENTED_EDGE('',*,*,#1020,.F.);
#4204 = PLANE('',#4205);
#4205 = AXIS2_PLACEMENT_3D('',#4206,#4207,#4208);
#4206 = CARTESIAN_POINT('',(23.1,1.52,2.6151));
#4207 = DIRECTION('',(0.,-1.,0.));
#4208 = DIRECTION('',(0.,0.,-1.));
#4209 = ADVANCED_FACE('',(#4210),#4446,.T.);
#4210 = FACE_BOUND('',#4211,.T.);
#4211 = EDGE_LOOP('',(#4212,#4220,#4228,#4234,#4235,#4243,#4251,#4257,
    #4258,#4266,#4274,#4280,#4281,#4289,#4297,#4303,#4304,#4312,#4320,
    #4326,#4327,#4335,#4343,#4349,#4350,#4358,#4366,#4372,#4373,#4381,
    #4389,#4395,#4396,#4404,#4412,#4418,#4419,#4427,#4435,#4441,#4442,
    #4443,#4444,#4445));
#4212 = ORIENTED_EDGE('',*,*,#4213,.F.);
#4213 = EDGE_CURVE('',#4214,#3826,#4216,.T.);
#4214 = VERTEX_POINT('',#4215);
#4215 = CARTESIAN_POINT('',(24.1,0.945277674973,2.05));
#4216 = LINE('',#4217,#4218);
#4217 = CARTESIAN_POINT('',(24.1,0.945277674973,2.05));
#4218 = VECTOR('',#4219,1.);
#4219 = DIRECTION('',(0.,1.,0.));
#4220 = ORIENTED_EDGE('',*,*,#4221,.T.);
#4221 = EDGE_CURVE('',#4214,#4222,#4224,.T.);
#4222 = VERTEX_POINT('',#4223);
#4223 = CARTESIAN_POINT('',(-1.6,0.945277674973,2.05));
#4224 = LINE('',#4225,#4226);
#4225 = CARTESIAN_POINT('',(24.1,0.945277674973,2.05));
#4226 = VECTOR('',#4227,1.);
#4227 = DIRECTION('',(-1.,-0.,-0.));
#4228 = ORIENTED_EDGE('',*,*,#4229,.T.);
#4229 = EDGE_CURVE('',#4222,#4133,#4230,.T.);
#4230 = LINE('',#4231,#4232);
#4231 = CARTESIAN_POINT('',(-1.6,0.945277674973,2.05));
#4232 = VECTOR('',#4233,1.);
#4233 = DIRECTION('',(0.,1.,0.));
#4234 = ORIENTED_EDGE('',*,*,#4132,.F.);
#4235 = ORIENTED_EDGE('',*,*,#4236,.F.);
#4236 = EDGE_CURVE('',#4237,#4125,#4239,.T.);
#4237 = VERTEX_POINT('',#4238);
#4238 = CARTESIAN_POINT('',(-0.6,1.52,2.05));
#4239 = LINE('',#4240,#4241);
#4240 = CARTESIAN_POINT('',(-0.6,1.52,2.05));
#4241 = VECTOR('',#4242,1.);
#4242 = DIRECTION('',(0.,1.,0.));
#4243 = ORIENTED_EDGE('',*,*,#4244,.F.);
#4244 = EDGE_CURVE('',#4245,#4237,#4247,.T.);
#4245 = VERTEX_POINT('',#4246);
#4246 = CARTESIAN_POINT('',(0.6,1.52,2.05));
#4247 = LINE('',#4248,#4249);
#4248 = CARTESIAN_POINT('',(0.6,1.52,2.05));
#4249 = VECTOR('',#4250,1.);
#4250 = DIRECTION('',(-1.,-0.,-0.));
#4251 = ORIENTED_EDGE('',*,*,#4252,.T.);
#4252 = EDGE_CURVE('',#4245,#4101,#4253,.T.);
#4253 = LINE('',#4254,#4255);
#4254 = CARTESIAN_POINT('',(0.6,1.52,2.05));
#4255 = VECTOR('',#4256,1.);
#4256 = DIRECTION('',(0.,1.,0.));
#4257 = ORIENTED_EDGE('',*,*,#4100,.F.);
#4258 = ORIENTED_EDGE('',*,*,#4259,.F.);
#4259 = EDGE_CURVE('',#4260,#4093,#4262,.T.);
#4260 = VERTEX_POINT('',#4261);
#4261 = CARTESIAN_POINT('',(1.9,1.52,2.05));
#4262 = LINE('',#4263,#4264);
#4263 = CARTESIAN_POINT('',(1.9,1.52,2.05));
#4264 = VECTOR('',#4265,1.);
#4265 = DIRECTION('',(0.,1.,0.));
#4266 = ORIENTED_EDGE('',*,*,#4267,.F.);
#4267 = EDGE_CURVE('',#4268,#4260,#4270,.T.);
#4268 = VERTEX_POINT('',#4269);
#4269 = CARTESIAN_POINT('',(3.1,1.52,2.05));
#4270 = LINE('',#4271,#4272);
#4271 = CARTESIAN_POINT('',(3.1,1.52,2.05));
#4272 = VECTOR('',#4273,1.);
#4273 = DIRECTION('',(-1.,-0.,-0.));
#4274 = ORIENTED_EDGE('',*,*,#4275,.T.);
#4275 = EDGE_CURVE('',#4268,#4069,#4276,.T.);
#4276 = LINE('',#4277,#4278);
#4277 = CARTESIAN_POINT('',(3.1,1.52,2.05));
#4278 = VECTOR('',#4279,1.);
#4279 = DIRECTION('',(0.,1.,0.));
#4280 = ORIENTED_EDGE('',*,*,#4068,.F.);
#4281 = ORIENTED_EDGE('',*,*,#4282,.F.);
#4282 = EDGE_CURVE('',#4283,#4061,#4285,.T.);
#4283 = VERTEX_POINT('',#4284);
#4284 = CARTESIAN_POINT('',(4.4,1.52,2.05));
#4285 = LINE('',#4286,#4287);
#4286 = CARTESIAN_POINT('',(4.4,1.52,2.05));
#4287 = VECTOR('',#4288,1.);
#4288 = DIRECTION('',(0.,1.,0.));
#4289 = ORIENTED_EDGE('',*,*,#4290,.F.);
#4290 = EDGE_CURVE('',#4291,#4283,#4293,.T.);
#4291 = VERTEX_POINT('',#4292);
#4292 = CARTESIAN_POINT('',(5.6,1.52,2.05));
#4293 = LINE('',#4294,#4295);
#4294 = CARTESIAN_POINT('',(5.6,1.52,2.05));
#4295 = VECTOR('',#4296,1.);
#4296 = DIRECTION('',(-1.,-0.,-0.));
#4297 = ORIENTED_EDGE('',*,*,#4298,.T.);
#4298 = EDGE_CURVE('',#4291,#4037,#4299,.T.);
#4299 = LINE('',#4300,#4301);
#4300 = CARTESIAN_POINT('',(5.6,1.52,2.05));
#4301 = VECTOR('',#4302,1.);
#4302 = DIRECTION('',(0.,1.,0.));
#4303 = ORIENTED_EDGE('',*,*,#4036,.F.);
#4304 = ORIENTED_EDGE('',*,*,#4305,.F.);
#4305 = EDGE_CURVE('',#4306,#4029,#4308,.T.);
#4306 = VERTEX_POINT('',#4307);
#4307 = CARTESIAN_POINT('',(6.9,1.52,2.05));
#4308 = LINE('',#4309,#4310);
#4309 = CARTESIAN_POINT('',(6.9,1.52,2.05));
#4310 = VECTOR('',#4311,1.);
#4311 = DIRECTION('',(0.,1.,0.));
#4312 = ORIENTED_EDGE('',*,*,#4313,.F.);
#4313 = EDGE_CURVE('',#4314,#4306,#4316,.T.);
#4314 = VERTEX_POINT('',#4315);
#4315 = CARTESIAN_POINT('',(8.1,1.52,2.05));
#4316 = LINE('',#4317,#4318);
#4317 = CARTESIAN_POINT('',(8.1,1.52,2.05));
#4318 = VECTOR('',#4319,1.);
#4319 = DIRECTION('',(-1.,-0.,-0.));
#4320 = ORIENTED_EDGE('',*,*,#4321,.T.);
#4321 = EDGE_CURVE('',#4314,#4005,#4322,.T.);
#4322 = LINE('',#4323,#4324);
#4323 = CARTESIAN_POINT('',(8.1,1.52,2.05));
#4324 = VECTOR('',#4325,1.);
#4325 = DIRECTION('',(0.,1.,0.));
#4326 = ORIENTED_EDGE('',*,*,#4004,.F.);
#4327 = ORIENTED_EDGE('',*,*,#4328,.F.);
#4328 = EDGE_CURVE('',#4329,#3997,#4331,.T.);
#4329 = VERTEX_POINT('',#4330);
#4330 = CARTESIAN_POINT('',(9.4,1.52,2.05));
#4331 = LINE('',#4332,#4333);
#4332 = CARTESIAN_POINT('',(9.4,1.52,2.05));
#4333 = VECTOR('',#4334,1.);
#4334 = DIRECTION('',(0.,1.,0.));
#4335 = ORIENTED_EDGE('',*,*,#4336,.F.);
#4336 = EDGE_CURVE('',#4337,#4329,#4339,.T.);
#4337 = VERTEX_POINT('',#4338);
#4338 = CARTESIAN_POINT('',(10.6,1.52,2.05));
#4339 = LINE('',#4340,#4341);
#4340 = CARTESIAN_POINT('',(10.6,1.52,2.05));
#4341 = VECTOR('',#4342,1.);
#4342 = DIRECTION('',(-1.,-0.,-0.));
#4343 = ORIENTED_EDGE('',*,*,#4344,.T.);
#4344 = EDGE_CURVE('',#4337,#3973,#4345,.T.);
#4345 = LINE('',#4346,#4347);
#4346 = CARTESIAN_POINT('',(10.6,1.52,2.05));
#4347 = VECTOR('',#4348,1.);
#4348 = DIRECTION('',(0.,1.,0.));
#4349 = ORIENTED_EDGE('',*,*,#3972,.F.);
#4350 = ORIENTED_EDGE('',*,*,#4351,.F.);
#4351 = EDGE_CURVE('',#4352,#3965,#4354,.T.);
#4352 = VERTEX_POINT('',#4353);
#4353 = CARTESIAN_POINT('',(11.9,1.52,2.05));
#4354 = LINE('',#4355,#4356);
#4355 = CARTESIAN_POINT('',(11.9,1.52,2.05));
#4356 = VECTOR('',#4357,1.);
#4357 = DIRECTION('',(0.,1.,0.));
#4358 = ORIENTED_EDGE('',*,*,#4359,.F.);
#4359 = EDGE_CURVE('',#4360,#4352,#4362,.T.);
#4360 = VERTEX_POINT('',#4361);
#4361 = CARTESIAN_POINT('',(13.1,1.52,2.05));
#4362 = LINE('',#4363,#4364);
#4363 = CARTESIAN_POINT('',(13.1,1.52,2.05));
#4364 = VECTOR('',#4365,1.);
#4365 = DIRECTION('',(-1.,-0.,-0.));
#4366 = ORIENTED_EDGE('',*,*,#4367,.T.);
#4367 = EDGE_CURVE('',#4360,#3941,#4368,.T.);
#4368 = LINE('',#4369,#4370);
#4369 = CARTESIAN_POINT('',(13.1,1.52,2.05));
#4370 = VECTOR('',#4371,1.);
#4371 = DIRECTION('',(0.,1.,0.));
#4372 = ORIENTED_EDGE('',*,*,#3940,.F.);
#4373 = ORIENTED_EDGE('',*,*,#4374,.F.);
#4374 = EDGE_CURVE('',#4375,#3933,#4377,.T.);
#4375 = VERTEX_POINT('',#4376);
#4376 = CARTESIAN_POINT('',(14.4,1.52,2.05));
#4377 = LINE('',#4378,#4379);
#4378 = CARTESIAN_POINT('',(14.4,1.52,2.05));
#4379 = VECTOR('',#4380,1.);
#4380 = DIRECTION('',(0.,1.,0.));
#4381 = ORIENTED_EDGE('',*,*,#4382,.F.);
#4382 = EDGE_CURVE('',#4383,#4375,#4385,.T.);
#4383 = VERTEX_POINT('',#4384);
#4384 = CARTESIAN_POINT('',(15.6,1.52,2.05));
#4385 = LINE('',#4386,#4387);
#4386 = CARTESIAN_POINT('',(15.6,1.52,2.05));
#4387 = VECTOR('',#4388,1.);
#4388 = DIRECTION('',(-1.,-0.,-0.));
#4389 = ORIENTED_EDGE('',*,*,#4390,.T.);
#4390 = EDGE_CURVE('',#4383,#3909,#4391,.T.);
#4391 = LINE('',#4392,#4393);
#4392 = CARTESIAN_POINT('',(15.6,1.52,2.05));
#4393 = VECTOR('',#4394,1.);
#4394 = DIRECTION('',(0.,1.,0.));
#4395 = ORIENTED_EDGE('',*,*,#3908,.F.);
#4396 = ORIENTED_EDGE('',*,*,#4397,.F.);
#4397 = EDGE_CURVE('',#4398,#3901,#4400,.T.);
#4398 = VERTEX_POINT('',#4399);
#4399 = CARTESIAN_POINT('',(16.9,1.52,2.05));
#4400 = LINE('',#4401,#4402);
#4401 = CARTESIAN_POINT('',(16.9,1.52,2.05));
#4402 = VECTOR('',#4403,1.);
#4403 = DIRECTION('',(0.,1.,0.));
#4404 = ORIENTED_EDGE('',*,*,#4405,.F.);
#4405 = EDGE_CURVE('',#4406,#4398,#4408,.T.);
#4406 = VERTEX_POINT('',#4407);
#4407 = CARTESIAN_POINT('',(18.1,1.52,2.05));
#4408 = LINE('',#4409,#4410);
#4409 = CARTESIAN_POINT('',(18.1,1.52,2.05));
#4410 = VECTOR('',#4411,1.);
#4411 = DIRECTION('',(-1.,-0.,-0.));
#4412 = ORIENTED_EDGE('',*,*,#4413,.T.);
#4413 = EDGE_CURVE('',#4406,#3877,#4414,.T.);
#4414 = LINE('',#4415,#4416);
#4415 = CARTESIAN_POINT('',(18.1,1.52,2.05));
#4416 = VECTOR('',#4417,1.);
#4417 = DIRECTION('',(0.,1.,0.));
#4418 = ORIENTED_EDGE('',*,*,#3876,.F.);
#4419 = ORIENTED_EDGE('',*,*,#4420,.F.);
#4420 = EDGE_CURVE('',#4421,#3869,#4423,.T.);
#4421 = VERTEX_POINT('',#4422);
#4422 = CARTESIAN_POINT('',(19.4,1.52,2.05));
#4423 = LINE('',#4424,#4425);
#4424 = CARTESIAN_POINT('',(19.4,1.52,2.05));
#4425 = VECTOR('',#4426,1.);
#4426 = DIRECTION('',(0.,1.,0.));
#4427 = ORIENTED_EDGE('',*,*,#4428,.F.);
#4428 = EDGE_CURVE('',#4429,#4421,#4431,.T.);
#4429 = VERTEX_POINT('',#4430);
#4430 = CARTESIAN_POINT('',(20.6,1.52,2.05));
#4431 = LINE('',#4432,#4433);
#4432 = CARTESIAN_POINT('',(20.6,1.52,2.05));
#4433 = VECTOR('',#4434,1.);
#4434 = DIRECTION('',(-1.,-0.,-0.));
#4435 = ORIENTED_EDGE('',*,*,#4436,.T.);
#4436 = EDGE_CURVE('',#4429,#3845,#4437,.T.);
#4437 = LINE('',#4438,#4439);
#4438 = CARTESIAN_POINT('',(20.6,1.52,2.05));
#4439 = VECTOR('',#4440,1.);
#4440 = DIRECTION('',(0.,1.,0.));
#4441 = ORIENTED_EDGE('',*,*,#3844,.F.);
#4442 = ORIENTED_EDGE('',*,*,#3811,.F.);
#4443 = ORIENTED_EDGE('',*,*,#4198,.F.);
#4444 = ORIENTED_EDGE('',*,*,#1028,.T.);
#4445 = ORIENTED_EDGE('',*,*,#3835,.F.);
#4446 = PLANE('',#4447);
#4447 = AXIS2_PLACEMENT_3D('',#4448,#4449,#4450);
#4448 = CARTESIAN_POINT('',(24.1,0.945277674973,2.05));
#4449 = DIRECTION('',(0.,0.,-1.));
#4450 = DIRECTION('',(0.,1.,0.));
#4451 = ADVANCED_FACE('',(#4452),#4477,.F.);
#4452 = FACE_BOUND('',#4453,.F.);
#4453 = EDGE_LOOP('',(#4454,#4462,#4463,#4471));
#4454 = ORIENTED_EDGE('',*,*,#4455,.F.);
#4455 = EDGE_CURVE('',#1086,#4456,#4458,.T.);
#4456 = VERTEX_POINT('',#4457);
#4457 = CARTESIAN_POINT('',(22.9,-0.4,2.7));
#4458 = LINE('',#4459,#4460);
#4459 = CARTESIAN_POINT('',(22.9,-0.4,3.45));
#4460 = VECTOR('',#4461,1.);
#4461 = DIRECTION('',(0.,0.,-1.));
#4462 = ORIENTED_EDGE('',*,*,#1085,.T.);
#4463 = ORIENTED_EDGE('',*,*,#4464,.T.);
#4464 = EDGE_CURVE('',#1088,#4465,#4467,.T.);
#4465 = VERTEX_POINT('',#4466);
#4466 = CARTESIAN_POINT('',(22.1,-0.4,2.7));
#4467 = LINE('',#4468,#4469);
#4468 = CARTESIAN_POINT('',(22.1,-0.4,3.45));
#4469 = VECTOR('',#4470,1.);
#4470 = DIRECTION('',(0.,0.,-1.));
#4471 = ORIENTED_EDGE('',*,*,#4472,.F.);
#4472 = EDGE_CURVE('',#4456,#4465,#4473,.T.);
#4473 = LINE('',#4474,#4475);
#4474 = CARTESIAN_POINT('',(23.5,-0.4,2.7));
#4475 = VECTOR('',#4476,1.);
#4476 = DIRECTION('',(-1.,-0.,-0.));
#4477 = PLANE('',#4478);
#4478 = AXIS2_PLACEMENT_3D('',#4479,#4480,#4481);
#4479 = CARTESIAN_POINT('',(22.9,-0.4,3.45));
#4480 = DIRECTION('',(0.,-1.,0.));
#4481 = DIRECTION('',(0.,0.,-1.));
#4482 = ADVANCED_FACE('',(#4483),#4501,.F.);
#4483 = FACE_BOUND('',#4484,.F.);
#4484 = EDGE_LOOP('',(#4485,#4486,#4487,#4495));
#4485 = ORIENTED_EDGE('',*,*,#1095,.T.);
#4486 = ORIENTED_EDGE('',*,*,#4455,.T.);
#4487 = ORIENTED_EDGE('',*,*,#4488,.F.);
#4488 = EDGE_CURVE('',#4489,#4456,#4491,.T.);
#4489 = VERTEX_POINT('',#4490);
#4490 = CARTESIAN_POINT('',(22.9,0.4,2.7));
#4491 = LINE('',#4492,#4493);
#4492 = CARTESIAN_POINT('',(22.9,-0.765,2.7));
#4493 = VECTOR('',#4494,1.);
#4494 = DIRECTION('',(0.,-1.,0.));
#4495 = ORIENTED_EDGE('',*,*,#4496,.T.);
#4496 = EDGE_CURVE('',#4489,#1096,#4497,.T.);
#4497 = LINE('',#4498,#4499);
#4498 = CARTESIAN_POINT('',(22.9,0.4,2.45));
#4499 = VECTOR('',#4500,1.);
#4500 = DIRECTION('',(0.,0.,1.));
#4501 = PLANE('',#4502);
#4502 = AXIS2_PLACEMENT_3D('',#4503,#4504,#4505);
#4503 = CARTESIAN_POINT('',(22.9,0.,2.95));
#4504 = DIRECTION('',(1.,0.,0.));
#4505 = DIRECTION('',(0.,0.,1.));
#4506 = ADVANCED_FACE('',(#4507),#4525,.T.);
#4507 = FACE_BOUND('',#4508,.T.);
#4508 = EDGE_LOOP('',(#4509,#4510,#4511,#4519));
#4509 = ORIENTED_EDGE('',*,*,#1111,.T.);
#4510 = ORIENTED_EDGE('',*,*,#4464,.T.);
#4511 = ORIENTED_EDGE('',*,*,#4512,.F.);
#4512 = EDGE_CURVE('',#4513,#4465,#4515,.T.);
#4513 = VERTEX_POINT('',#4514);
#4514 = CARTESIAN_POINT('',(22.1,0.4,2.7));
#4515 = LINE('',#4516,#4517);
#4516 = CARTESIAN_POINT('',(22.1,-0.765,2.7));
#4517 = VECTOR('',#4518,1.);
#4518 = DIRECTION('',(0.,-1.,0.));
#4519 = ORIENTED_EDGE('',*,*,#4520,.T.);
#4520 = EDGE_CURVE('',#4513,#1104,#4521,.T.);
#4521 = LINE('',#4522,#4523);
#4522 = CARTESIAN_POINT('',(22.1,0.4,2.45));
#4523 = VECTOR('',#4524,1.);
#4524 = DIRECTION('',(0.,0.,1.));
#4525 = PLANE('',#4526);
#4526 = AXIS2_PLACEMENT_3D('',#4527,#4528,#4529);
#4527 = CARTESIAN_POINT('',(22.1,0.,2.95));
#4528 = DIRECTION('',(1.,0.,0.));
#4529 = DIRECTION('',(0.,0.,1.));
#4530 = ADVANCED_FACE('',(#4531),#4542,.F.);
#4531 = FACE_BOUND('',#4532,.F.);
#4532 = EDGE_LOOP('',(#4533,#4534,#4540,#4541));
#4533 = ORIENTED_EDGE('',*,*,#4496,.F.);
#4534 = ORIENTED_EDGE('',*,*,#4535,.F.);
#4535 = EDGE_CURVE('',#4513,#4489,#4536,.T.);
#4536 = LINE('',#4537,#4538);
#4537 = CARTESIAN_POINT('',(23.5,0.4,2.7));
#4538 = VECTOR('',#4539,1.);
#4539 = DIRECTION('',(1.,0.,0.));
#4540 = ORIENTED_EDGE('',*,*,#4520,.T.);
#4541 = ORIENTED_EDGE('',*,*,#1103,.F.);
#4542 = PLANE('',#4543);
#4543 = AXIS2_PLACEMENT_3D('',#4544,#4545,#4546);
#4544 = CARTESIAN_POINT('',(22.9,0.4,2.45));
#4545 = DIRECTION('',(0.,1.,0.));
#4546 = DIRECTION('',(0.,0.,1.));
#4547 = ADVANCED_FACE('',(#4548),#4575,.F.);
#4548 = FACE_BOUND('',#4549,.F.);
#4549 = EDGE_LOOP('',(#4550,#4551,#4552,#4553,#4554,#4555,#4556,#4557,
    #4558,#4559,#4560,#4561,#4562,#4568,#4569));
#4550 = ORIENTED_EDGE('',*,*,#1294,.F.);
#4551 = ORIENTED_EDGE('',*,*,#1673,.T.);
#4552 = ORIENTED_EDGE('',*,*,#1650,.F.);
#4553 = ORIENTED_EDGE('',*,*,#1633,.T.);
#4554 = ORIENTED_EDGE('',*,*,#1609,.T.);
#4555 = ORIENTED_EDGE('',*,*,#1578,.F.);
#4556 = ORIENTED_EDGE('',*,*,#1559,.T.);
#4557 = ORIENTED_EDGE('',*,*,#1528,.F.);
#4558 = ORIENTED_EDGE('',*,*,#1510,.T.);
#4559 = ORIENTED_EDGE('',*,*,#1479,.F.);
#4560 = ORIENTED_EDGE('',*,*,#1461,.T.);
#4561 = ORIENTED_EDGE('',*,*,#1262,.F.);
#4562 = ORIENTED_EDGE('',*,*,#4563,.F.);
#4563 = EDGE_CURVE('',#4141,#1263,#4564,.T.);
#4564 = LINE('',#4565,#4566);
#4565 = CARTESIAN_POINT('',(-1.6,0.750345009569,9.2));
#4566 = VECTOR('',#4567,1.);
#4567 = DIRECTION('',(0.,-1.,0.));
#4568 = ORIENTED_EDGE('',*,*,#4148,.T.);
#4569 = ORIENTED_EDGE('',*,*,#4570,.T.);
#4570 = EDGE_CURVE('',#3828,#1287,#4571,.T.);
#4571 = LINE('',#4572,#4573);
#4572 = CARTESIAN_POINT('',(24.1,0.750345009569,9.2));
#4573 = VECTOR('',#4574,1.);
#4574 = DIRECTION('',(0.,-1.,0.));
#4575 = PLANE('',#4576);
#4576 = AXIS2_PLACEMENT_3D('',#4577,#4578,#4579);
#4577 = CARTESIAN_POINT('',(11.25000000002,0.92,9.2));
#4578 = DIRECTION('',(0.,0.,1.));
#4579 = DIRECTION('',(1.,0.,0.));
#4580 = ADVANCED_FACE('',(#4581),#4601,.T.);
#4581 = FACE_BOUND('',#4582,.T.);
#4582 = EDGE_LOOP('',(#4583,#4584,#4585,#4593,#4599,#4600));
#4583 = ORIENTED_EDGE('',*,*,#4570,.T.);
#4584 = ORIENTED_EDGE('',*,*,#1286,.T.);
#4585 = ORIENTED_EDGE('',*,*,#4586,.T.);
#4586 = EDGE_CURVE('',#1279,#4587,#4589,.T.);
#4587 = VERTEX_POINT('',#4588);
#4588 = CARTESIAN_POINT('',(24.1,0.57,2.7));
#4589 = LINE('',#4590,#4591);
#4590 = CARTESIAN_POINT('',(24.1,-1.53,2.7));
#4591 = VECTOR('',#4592,1.);
#4592 = DIRECTION('',(0.,1.,0.));
#4593 = ORIENTED_EDGE('',*,*,#4594,.T.);
#4594 = EDGE_CURVE('',#4587,#4214,#4595,.T.);
#4595 = LINE('',#4596,#4597);
#4596 = CARTESIAN_POINT('',(24.1,0.57,2.7));
#4597 = VECTOR('',#4598,1.);
#4598 = DIRECTION('',(0.,0.5,-0.866025403784));
#4599 = ORIENTED_EDGE('',*,*,#4213,.T.);
#4600 = ORIENTED_EDGE('',*,*,#3825,.T.);
#4601 = PLANE('',#4602);
#4602 = AXIS2_PLACEMENT_3D('',#4603,#4604,#4605);
#4603 = CARTESIAN_POINT('',(24.1,0.580690019138,6.030109938605));
#4604 = DIRECTION('',(1.,0.,0.));
#4605 = DIRECTION('',(0.,0.,1.));
#4606 = ADVANCED_FACE('',(#4607,#4625,#4659,#4693,#4727,#4761,#4795,
    #4829,#4863,#4897,#4931),#4937,.T.);
#4607 = FACE_BOUND('',#4608,.T.);
#4608 = EDGE_LOOP('',(#4609,#4610,#4618,#4624));
#4609 = ORIENTED_EDGE('',*,*,#1278,.T.);
#4610 = ORIENTED_EDGE('',*,*,#4611,.T.);
#4611 = EDGE_CURVE('',#1271,#4612,#4614,.T.);
#4612 = VERTEX_POINT('',#4613);
#4613 = CARTESIAN_POINT('',(-1.6,0.57,2.7));
#4614 = LINE('',#4615,#4616);
#4615 = CARTESIAN_POINT('',(-1.6,-1.53,2.7));
#4616 = VECTOR('',#4617,1.);
#4617 = DIRECTION('',(0.,1.,0.));
#4618 = ORIENTED_EDGE('',*,*,#4619,.F.);
#4619 = EDGE_CURVE('',#4587,#4612,#4620,.T.);
#4620 = LINE('',#4621,#4622);
#4621 = CARTESIAN_POINT('',(24.1,0.57,2.7));
#4622 = VECTOR('',#4623,1.);
#4623 = DIRECTION('',(-1.,-0.,-0.));
#4624 = ORIENTED_EDGE('',*,*,#4586,.F.);
#4625 = FACE_BOUND('',#4626,.T.);
#4626 = EDGE_LOOP('',(#4627,#4637,#4645,#4653));
#4627 = ORIENTED_EDGE('',*,*,#4628,.F.);
#4628 = EDGE_CURVE('',#4629,#4631,#4633,.T.);
#4629 = VERTEX_POINT('',#4630);
#4630 = CARTESIAN_POINT('',(0.4,-0.4,2.7));
#4631 = VERTEX_POINT('',#4632);
#4632 = CARTESIAN_POINT('',(-0.4,-0.4,2.7));
#4633 = LINE('',#4634,#4635);
#4634 = CARTESIAN_POINT('',(12.25,-0.4,2.7));
#4635 = VECTOR('',#4636,1.);
#4636 = DIRECTION('',(-1.,-0.,-0.));
#4637 = ORIENTED_EDGE('',*,*,#4638,.F.);
#4638 = EDGE_CURVE('',#4639,#4629,#4641,.T.);
#4639 = VERTEX_POINT('',#4640);
#4640 = CARTESIAN_POINT('',(0.4,0.4,2.7));
#4641 = LINE('',#4642,#4643);
#4642 = CARTESIAN_POINT('',(0.4,-0.765,2.7));
#4643 = VECTOR('',#4644,1.);
#4644 = DIRECTION('',(0.,-1.,0.));
#4645 = ORIENTED_EDGE('',*,*,#4646,.F.);
#4646 = EDGE_CURVE('',#4647,#4639,#4649,.T.);
#4647 = VERTEX_POINT('',#4648);
#4648 = CARTESIAN_POINT('',(-0.4,0.4,2.7));
#4649 = LINE('',#4650,#4651);
#4650 = CARTESIAN_POINT('',(12.25,0.4,2.7));
#4651 = VECTOR('',#4652,1.);
#4652 = DIRECTION('',(1.,0.,0.));
#4653 = ORIENTED_EDGE('',*,*,#4654,.T.);
#4654 = EDGE_CURVE('',#4647,#4631,#4655,.T.);
#4655 = LINE('',#4656,#4657);
#4656 = CARTESIAN_POINT('',(-0.4,-0.765,2.7));
#4657 = VECTOR('',#4658,1.);
#4658 = DIRECTION('',(0.,-1.,0.));
#4659 = FACE_BOUND('',#4660,.T.);
#4660 = EDGE_LOOP('',(#4661,#4671,#4679,#4687));
#4661 = ORIENTED_EDGE('',*,*,#4662,.F.);
#4662 = EDGE_CURVE('',#4663,#4665,#4667,.T.);
#4663 = VERTEX_POINT('',#4664);
#4664 = CARTESIAN_POINT('',(2.9,-0.4,2.7));
#4665 = VERTEX_POINT('',#4666);
#4666 = CARTESIAN_POINT('',(2.1,-0.4,2.7));
#4667 = LINE('',#4668,#4669);
#4668 = CARTESIAN_POINT('',(13.5,-0.4,2.7));
#4669 = VECTOR('',#4670,1.);
#4670 = DIRECTION('',(-1.,-0.,-0.));
#4671 = ORIENTED_EDGE('',*,*,#4672,.F.);
#4672 = EDGE_CURVE('',#4673,#4663,#4675,.T.);
#4673 = VERTEX_POINT('',#4674);
#4674 = CARTESIAN_POINT('',(2.9,0.4,2.7));
#4675 = LINE('',#4676,#4677);
#4676 = CARTESIAN_POINT('',(2.9,-0.765,2.7));
#4677 = VECTOR('',#4678,1.);
#4678 = DIRECTION('',(0.,-1.,0.));
#4679 = ORIENTED_EDGE('',*,*,#4680,.F.);
#4680 = EDGE_CURVE('',#4681,#4673,#4683,.T.);
#4681 = VERTEX_POINT('',#4682);
#4682 = CARTESIAN_POINT('',(2.1,0.4,2.7));
#4683 = LINE('',#4684,#4685);
#4684 = CARTESIAN_POINT('',(13.5,0.4,2.7));
#4685 = VECTOR('',#4686,1.);
#4686 = DIRECTION('',(1.,0.,0.));
#4687 = ORIENTED_EDGE('',*,*,#4688,.T.);
#4688 = EDGE_CURVE('',#4681,#4665,#4689,.T.);
#4689 = LINE('',#4690,#4691);
#4690 = CARTESIAN_POINT('',(2.1,-0.765,2.7));
#4691 = VECTOR('',#4692,1.);
#4692 = DIRECTION('',(0.,-1.,0.));
#4693 = FACE_BOUND('',#4694,.T.);
#4694 = EDGE_LOOP('',(#4695,#4705,#4713,#4721));
#4695 = ORIENTED_EDGE('',*,*,#4696,.F.);
#4696 = EDGE_CURVE('',#4697,#4699,#4701,.T.);
#4697 = VERTEX_POINT('',#4698);
#4698 = CARTESIAN_POINT('',(5.4,-0.4,2.7));
#4699 = VERTEX_POINT('',#4700);
#4700 = CARTESIAN_POINT('',(4.6,-0.4,2.7));
#4701 = LINE('',#4702,#4703);
#4702 = CARTESIAN_POINT('',(14.75,-0.4,2.7));
#4703 = VECTOR('',#4704,1.);
#4704 = DIRECTION('',(-1.,-0.,-0.));
#4705 = ORIENTED_EDGE('',*,*,#4706,.F.);
#4706 = EDGE_CURVE('',#4707,#4697,#4709,.T.);
#4707 = VERTEX_POINT('',#4708);
#4708 = CARTESIAN_POINT('',(5.4,0.4,2.7));
#4709 = LINE('',#4710,#4711);
#4710 = CARTESIAN_POINT('',(5.4,-0.765,2.7));
#4711 = VECTOR('',#4712,1.);
#4712 = DIRECTION('',(0.,-1.,0.));
#4713 = ORIENTED_EDGE('',*,*,#4714,.F.);
#4714 = EDGE_CURVE('',#4715,#4707,#4717,.T.);
#4715 = VERTEX_POINT('',#4716);
#4716 = CARTESIAN_POINT('',(4.6,0.4,2.7));
#4717 = LINE('',#4718,#4719);
#4718 = CARTESIAN_POINT('',(14.75,0.4,2.7));
#4719 = VECTOR('',#4720,1.);
#4720 = DIRECTION('',(1.,0.,0.));
#4721 = ORIENTED_EDGE('',*,*,#4722,.T.);
#4722 = EDGE_CURVE('',#4715,#4699,#4723,.T.);
#4723 = LINE('',#4724,#4725);
#4724 = CARTESIAN_POINT('',(4.6,-0.765,2.7));
#4725 = VECTOR('',#4726,1.);
#4726 = DIRECTION('',(0.,-1.,0.));
#4727 = FACE_BOUND('',#4728,.T.);
#4728 = EDGE_LOOP('',(#4729,#4739,#4747,#4755));
#4729 = ORIENTED_EDGE('',*,*,#4730,.F.);
#4730 = EDGE_CURVE('',#4731,#4733,#4735,.T.);
#4731 = VERTEX_POINT('',#4732);
#4732 = CARTESIAN_POINT('',(7.9,-0.4,2.7));
#4733 = VERTEX_POINT('',#4734);
#4734 = CARTESIAN_POINT('',(7.1,-0.4,2.7));
#4735 = LINE('',#4736,#4737);
#4736 = CARTESIAN_POINT('',(16.,-0.4,2.7));
#4737 = VECTOR('',#4738,1.);
#4738 = DIRECTION('',(-1.,-0.,-0.));
#4739 = ORIENTED_EDGE('',*,*,#4740,.F.);
#4740 = EDGE_CURVE('',#4741,#4731,#4743,.T.);
#4741 = VERTEX_POINT('',#4742);
#4742 = CARTESIAN_POINT('',(7.9,0.4,2.7));
#4743 = LINE('',#4744,#4745);
#4744 = CARTESIAN_POINT('',(7.9,-0.765,2.7));
#4745 = VECTOR('',#4746,1.);
#4746 = DIRECTION('',(0.,-1.,0.));
#4747 = ORIENTED_EDGE('',*,*,#4748,.F.);
#4748 = EDGE_CURVE('',#4749,#4741,#4751,.T.);
#4749 = VERTEX_POINT('',#4750);
#4750 = CARTESIAN_POINT('',(7.1,0.4,2.7));
#4751 = LINE('',#4752,#4753);
#4752 = CARTESIAN_POINT('',(16.,0.4,2.7));
#4753 = VECTOR('',#4754,1.);
#4754 = DIRECTION('',(1.,0.,0.));
#4755 = ORIENTED_EDGE('',*,*,#4756,.T.);
#4756 = EDGE_CURVE('',#4749,#4733,#4757,.T.);
#4757 = LINE('',#4758,#4759);
#4758 = CARTESIAN_POINT('',(7.1,-0.765,2.7));
#4759 = VECTOR('',#4760,1.);
#4760 = DIRECTION('',(0.,-1.,0.));
#4761 = FACE_BOUND('',#4762,.T.);
#4762 = EDGE_LOOP('',(#4763,#4773,#4781,#4789));
#4763 = ORIENTED_EDGE('',*,*,#4764,.F.);
#4764 = EDGE_CURVE('',#4765,#4767,#4769,.T.);
#4765 = VERTEX_POINT('',#4766);
#4766 = CARTESIAN_POINT('',(10.4,-0.4,2.7));
#4767 = VERTEX_POINT('',#4768);
#4768 = CARTESIAN_POINT('',(9.6,-0.4,2.7));
#4769 = LINE('',#4770,#4771);
#4770 = CARTESIAN_POINT('',(17.25,-0.4,2.7));
#4771 = VECTOR('',#4772,1.);
#4772 = DIRECTION('',(-1.,-0.,-0.));
#4773 = ORIENTED_EDGE('',*,*,#4774,.F.);
#4774 = EDGE_CURVE('',#4775,#4765,#4777,.T.);
#4775 = VERTEX_POINT('',#4776);
#4776 = CARTESIAN_POINT('',(10.4,0.4,2.7));
#4777 = LINE('',#4778,#4779);
#4778 = CARTESIAN_POINT('',(10.4,-0.765,2.7));
#4779 = VECTOR('',#4780,1.);
#4780 = DIRECTION('',(0.,-1.,0.));
#4781 = ORIENTED_EDGE('',*,*,#4782,.F.);
#4782 = EDGE_CURVE('',#4783,#4775,#4785,.T.);
#4783 = VERTEX_POINT('',#4784);
#4784 = CARTESIAN_POINT('',(9.6,0.4,2.7));
#4785 = LINE('',#4786,#4787);
#4786 = CARTESIAN_POINT('',(17.25,0.4,2.7));
#4787 = VECTOR('',#4788,1.);
#4788 = DIRECTION('',(1.,0.,0.));
#4789 = ORIENTED_EDGE('',*,*,#4790,.T.);
#4790 = EDGE_CURVE('',#4783,#4767,#4791,.T.);
#4791 = LINE('',#4792,#4793);
#4792 = CARTESIAN_POINT('',(9.6,-0.765,2.7));
#4793 = VECTOR('',#4794,1.);
#4794 = DIRECTION('',(0.,-1.,0.));
#4795 = FACE_BOUND('',#4796,.T.);
#4796 = EDGE_LOOP('',(#4797,#4807,#4815,#4823));
#4797 = ORIENTED_EDGE('',*,*,#4798,.F.);
#4798 = EDGE_CURVE('',#4799,#4801,#4803,.T.);
#4799 = VERTEX_POINT('',#4800);
#4800 = CARTESIAN_POINT('',(12.9,-0.4,2.7));
#4801 = VERTEX_POINT('',#4802);
#4802 = CARTESIAN_POINT('',(12.1,-0.4,2.7));
#4803 = LINE('',#4804,#4805);
#4804 = CARTESIAN_POINT('',(18.5,-0.4,2.7));
#4805 = VECTOR('',#4806,1.);
#4806 = DIRECTION('',(-1.,-0.,-0.));
#4807 = ORIENTED_EDGE('',*,*,#4808,.F.);
#4808 = EDGE_CURVE('',#4809,#4799,#4811,.T.);
#4809 = VERTEX_POINT('',#4810);
#4810 = CARTESIAN_POINT('',(12.9,0.4,2.7));
#4811 = LINE('',#4812,#4813);
#4812 = CARTESIAN_POINT('',(12.9,-0.765,2.7));
#4813 = VECTOR('',#4814,1.);
#4814 = DIRECTION('',(0.,-1.,0.));
#4815 = ORIENTED_EDGE('',*,*,#4816,.F.);
#4816 = EDGE_CURVE('',#4817,#4809,#4819,.T.);
#4817 = VERTEX_POINT('',#4818);
#4818 = CARTESIAN_POINT('',(12.1,0.4,2.7));
#4819 = LINE('',#4820,#4821);
#4820 = CARTESIAN_POINT('',(18.5,0.4,2.7));
#4821 = VECTOR('',#4822,1.);
#4822 = DIRECTION('',(1.,0.,0.));
#4823 = ORIENTED_EDGE('',*,*,#4824,.T.);
#4824 = EDGE_CURVE('',#4817,#4801,#4825,.T.);
#4825 = LINE('',#4826,#4827);
#4826 = CARTESIAN_POINT('',(12.1,-0.765,2.7));
#4827 = VECTOR('',#4828,1.);
#4828 = DIRECTION('',(0.,-1.,0.));
#4829 = FACE_BOUND('',#4830,.T.);
#4830 = EDGE_LOOP('',(#4831,#4841,#4849,#4857));
#4831 = ORIENTED_EDGE('',*,*,#4832,.F.);
#4832 = EDGE_CURVE('',#4833,#4835,#4837,.T.);
#4833 = VERTEX_POINT('',#4834);
#4834 = CARTESIAN_POINT('',(15.4,-0.4,2.7));
#4835 = VERTEX_POINT('',#4836);
#4836 = CARTESIAN_POINT('',(14.6,-0.4,2.7));
#4837 = LINE('',#4838,#4839);
#4838 = CARTESIAN_POINT('',(19.75,-0.4,2.7));
#4839 = VECTOR('',#4840,1.);
#4840 = DIRECTION('',(-1.,-0.,-0.));
#4841 = ORIENTED_EDGE('',*,*,#4842,.F.);
#4842 = EDGE_CURVE('',#4843,#4833,#4845,.T.);
#4843 = VERTEX_POINT('',#4844);
#4844 = CARTESIAN_POINT('',(15.4,0.4,2.7));
#4845 = LINE('',#4846,#4847);
#4846 = CARTESIAN_POINT('',(15.4,-0.765,2.7));
#4847 = VECTOR('',#4848,1.);
#4848 = DIRECTION('',(0.,-1.,0.));
#4849 = ORIENTED_EDGE('',*,*,#4850,.F.);
#4850 = EDGE_CURVE('',#4851,#4843,#4853,.T.);
#4851 = VERTEX_POINT('',#4852);
#4852 = CARTESIAN_POINT('',(14.6,0.4,2.7));
#4853 = LINE('',#4854,#4855);
#4854 = CARTESIAN_POINT('',(19.75,0.4,2.7));
#4855 = VECTOR('',#4856,1.);
#4856 = DIRECTION('',(1.,0.,0.));
#4857 = ORIENTED_EDGE('',*,*,#4858,.T.);
#4858 = EDGE_CURVE('',#4851,#4835,#4859,.T.);
#4859 = LINE('',#4860,#4861);
#4860 = CARTESIAN_POINT('',(14.6,-0.765,2.7));
#4861 = VECTOR('',#4862,1.);
#4862 = DIRECTION('',(0.,-1.,0.));
#4863 = FACE_BOUND('',#4864,.T.);
#4864 = EDGE_LOOP('',(#4865,#4875,#4883,#4891));
#4865 = ORIENTED_EDGE('',*,*,#4866,.F.);
#4866 = EDGE_CURVE('',#4867,#4869,#4871,.T.);
#4867 = VERTEX_POINT('',#4868);
#4868 = CARTESIAN_POINT('',(17.9,-0.4,2.7));
#4869 = VERTEX_POINT('',#4870);
#4870 = CARTESIAN_POINT('',(17.1,-0.4,2.7));
#4871 = LINE('',#4872,#4873);
#4872 = CARTESIAN_POINT('',(21.,-0.4,2.7));
#4873 = VECTOR('',#4874,1.);
#4874 = DIRECTION('',(-1.,-0.,-0.));
#4875 = ORIENTED_EDGE('',*,*,#4876,.F.);
#4876 = EDGE_CURVE('',#4877,#4867,#4879,.T.);
#4877 = VERTEX_POINT('',#4878);
#4878 = CARTESIAN_POINT('',(17.9,0.4,2.7));
#4879 = LINE('',#4880,#4881);
#4880 = CARTESIAN_POINT('',(17.9,-0.765,2.7));
#4881 = VECTOR('',#4882,1.);
#4882 = DIRECTION('',(0.,-1.,0.));
#4883 = ORIENTED_EDGE('',*,*,#4884,.F.);
#4884 = EDGE_CURVE('',#4885,#4877,#4887,.T.);
#4885 = VERTEX_POINT('',#4886);
#4886 = CARTESIAN_POINT('',(17.1,0.4,2.7));
#4887 = LINE('',#4888,#4889);
#4888 = CARTESIAN_POINT('',(21.,0.4,2.7));
#4889 = VECTOR('',#4890,1.);
#4890 = DIRECTION('',(1.,0.,0.));
#4891 = ORIENTED_EDGE('',*,*,#4892,.T.);
#4892 = EDGE_CURVE('',#4885,#4869,#4893,.T.);
#4893 = LINE('',#4894,#4895);
#4894 = CARTESIAN_POINT('',(17.1,-0.765,2.7));
#4895 = VECTOR('',#4896,1.);
#4896 = DIRECTION('',(0.,-1.,0.));
#4897 = FACE_BOUND('',#4898,.T.);
#4898 = EDGE_LOOP('',(#4899,#4909,#4917,#4925));
#4899 = ORIENTED_EDGE('',*,*,#4900,.F.);
#4900 = EDGE_CURVE('',#4901,#4903,#4905,.T.);
#4901 = VERTEX_POINT('',#4902);
#4902 = CARTESIAN_POINT('',(20.4,-0.4,2.7));
#4903 = VERTEX_POINT('',#4904);
#4904 = CARTESIAN_POINT('',(19.6,-0.4,2.7));
#4905 = LINE('',#4906,#4907);
#4906 = CARTESIAN_POINT('',(22.25,-0.4,2.7));
#4907 = VECTOR('',#4908,1.);
#4908 = DIRECTION('',(-1.,-0.,-0.));
#4909 = ORIENTED_EDGE('',*,*,#4910,.F.);
#4910 = EDGE_CURVE('',#4911,#4901,#4913,.T.);
#4911 = VERTEX_POINT('',#4912);
#4912 = CARTESIAN_POINT('',(20.4,0.4,2.7));
#4913 = LINE('',#4914,#4915);
#4914 = CARTESIAN_POINT('',(20.4,-0.765,2.7));
#4915 = VECTOR('',#4916,1.);
#4916 = DIRECTION('',(0.,-1.,0.));
#4917 = ORIENTED_EDGE('',*,*,#4918,.F.);
#4918 = EDGE_CURVE('',#4919,#4911,#4921,.T.);
#4919 = VERTEX_POINT('',#4920);
#4920 = CARTESIAN_POINT('',(19.6,0.4,2.7));
#4921 = LINE('',#4922,#4923);
#4922 = CARTESIAN_POINT('',(22.25,0.4,2.7));
#4923 = VECTOR('',#4924,1.);
#4924 = DIRECTION('',(1.,0.,0.));
#4925 = ORIENTED_EDGE('',*,*,#4926,.T.);
#4926 = EDGE_CURVE('',#4919,#4903,#4927,.T.);
#4927 = LINE('',#4928,#4929);
#4928 = CARTESIAN_POINT('',(19.6,-0.765,2.7));
#4929 = VECTOR('',#4930,1.);
#4930 = DIRECTION('',(0.,-1.,0.));
#4931 = FACE_BOUND('',#4932,.T.);
#4932 = EDGE_LOOP('',(#4933,#4934,#4935,#4936));
#4933 = ORIENTED_EDGE('',*,*,#4472,.F.);
#4934 = ORIENTED_EDGE('',*,*,#4488,.F.);
#4935 = ORIENTED_EDGE('',*,*,#4535,.F.);
#4936 = ORIENTED_EDGE('',*,*,#4512,.T.);
#4937 = PLANE('',#4938);
#4938 = AXIS2_PLACEMENT_3D('',#4939,#4940,#4941);
#4939 = CARTESIAN_POINT('',(24.1,-1.53,2.7));
#4940 = DIRECTION('',(0.,0.,-1.));
#4941 = DIRECTION('',(0.,1.,0.));
#4942 = ADVANCED_FACE('',(#4943),#4956,.F.);
#4943 = FACE_BOUND('',#4944,.F.);
#4944 = EDGE_LOOP('',(#4945,#4946,#4947,#4948,#4954,#4955));
#4945 = ORIENTED_EDGE('',*,*,#4563,.T.);
#4946 = ORIENTED_EDGE('',*,*,#1270,.T.);
#4947 = ORIENTED_EDGE('',*,*,#4611,.T.);
#4948 = ORIENTED_EDGE('',*,*,#4949,.T.);
#4949 = EDGE_CURVE('',#4612,#4222,#4950,.T.);
#4950 = LINE('',#4951,#4952);
#4951 = CARTESIAN_POINT('',(-1.6,0.57,2.7));
#4952 = VECTOR('',#4953,1.);
#4953 = DIRECTION('',(0.,0.5,-0.866025403784));
#4954 = ORIENTED_EDGE('',*,*,#4229,.T.);
#4955 = ORIENTED_EDGE('',*,*,#4140,.T.);
#4956 = PLANE('',#4957);
#4957 = AXIS2_PLACEMENT_3D('',#4958,#4959,#4960);
#4958 = CARTESIAN_POINT('',(-1.6,0.580690019138,6.030109938605));
#4959 = DIRECTION('',(1.,0.,0.));
#4960 = DIRECTION('',(0.,0.,1.));
#4961 = ADVANCED_FACE('',(#4962),#4973,.T.);
#4962 = FACE_BOUND('',#4963,.T.);
#4963 = EDGE_LOOP('',(#4964,#4970,#4971,#4972));
#4964 = ORIENTED_EDGE('',*,*,#4965,.T.);
#4965 = EDGE_CURVE('',#1232,#1341,#4966,.T.);
#4966 = LINE('',#4967,#4968);
#4967 = CARTESIAN_POINT('',(-0.65,-1.53,5.7));
#4968 = VECTOR('',#4969,1.);
#4969 = DIRECTION('',(-6.206767082607E-15,-1.,-6.716849298982E-15));
#4970 = ORIENTED_EDGE('',*,*,#1340,.T.);
#4971 = ORIENTED_EDGE('',*,*,#1438,.F.);
#4972 = ORIENTED_EDGE('',*,*,#1239,.F.);
#4973 = PLANE('',#4974);
#4974 = AXIS2_PLACEMENT_3D('',#4975,#4976,#4977);
#4975 = CARTESIAN_POINT('',(-0.65,-1.53,5.7));
#4976 = DIRECTION('',(-2.07851051394E-29,-6.716849298982E-15,1.));
#4977 = DIRECTION('',(1.,-6.206767082607E-15,-2.090481398836E-29));
#4978 = ADVANCED_FACE('',(#4979),#4990,.T.);
#4979 = FACE_BOUND('',#4980,.T.);
#4980 = EDGE_LOOP('',(#4981,#4987,#4988,#4989));
#4981 = ORIENTED_EDGE('',*,*,#4982,.T.);
#4982 = EDGE_CURVE('',#1224,#1349,#4983,.T.);
#4983 = LINE('',#4984,#4985);
#4984 = CARTESIAN_POINT('',(-0.65,-1.53,4.9));
#4985 = VECTOR('',#4986,1.);
#4986 = DIRECTION('',(-6.206767082607E-15,-1.,-6.716849298982E-15));
#4987 = ORIENTED_EDGE('',*,*,#1348,.T.);
#4988 = ORIENTED_EDGE('',*,*,#4965,.F.);
#4989 = ORIENTED_EDGE('',*,*,#1231,.F.);
#4990 = PLANE('',#4991);
#4991 = AXIS2_PLACEMENT_3D('',#4992,#4993,#4994);
#4992 = CARTESIAN_POINT('',(-0.65,-1.53,4.9));
#4993 = DIRECTION('',(-1.,6.206767082607E-15,2.090481398836E-29));
#4994 = DIRECTION('',(-2.044056035322E-29,-6.661338147751E-15,1.));
#4995 = ADVANCED_FACE('',(#4996),#5007,.T.);
#4996 = FACE_BOUND('',#4997,.T.);
#4997 = EDGE_LOOP('',(#4998,#5004,#5005,#5006));
#4998 = ORIENTED_EDGE('',*,*,#4999,.T.);
#4999 = EDGE_CURVE('',#1216,#1357,#5000,.T.);
#5000 = LINE('',#5001,#5002);
#5001 = CARTESIAN_POINT('',(4.999999999999E-02,-1.53,3.7));
#5002 = VECTOR('',#5003,1.);
#5003 = DIRECTION('',(-6.206767082607E-15,-1.,-6.716849298982E-15));
#5004 = ORIENTED_EDGE('',*,*,#1356,.T.);
#5005 = ORIENTED_EDGE('',*,*,#4982,.F.);
#5006 = ORIENTED_EDGE('',*,*,#1223,.F.);
#5007 = PLANE('',#5008);
#5008 = AXIS2_PLACEMENT_3D('',#5009,#5010,#5011);
#5009 = CARTESIAN_POINT('',(4.999999999999E-02,-1.53,3.7));
#5010 = DIRECTION('',(-0.863778900898,8.745700193316E-15,-0.503871025524
    ));
#5011 = DIRECTION('',(-0.503871025524,-2.626513248675E-15,0.863778900898
    ));
#5012 = ADVANCED_FACE('',(#5013),#5024,.T.);
#5013 = FACE_BOUND('',#5014,.T.);
#5014 = EDGE_LOOP('',(#5015,#5021,#5022,#5023));
#5015 = ORIENTED_EDGE('',*,*,#5016,.T.);
#5016 = EDGE_CURVE('',#1208,#1365,#5017,.T.);
#5017 = LINE('',#5018,#5019);
#5018 = CARTESIAN_POINT('',(0.65,-1.53,3.7));
#5019 = VECTOR('',#5020,1.);
#5020 = DIRECTION('',(-6.206767082607E-15,-1.,-6.716849298982E-15));
#5021 = ORIENTED_EDGE('',*,*,#1364,.T.);
#5022 = ORIENTED_EDGE('',*,*,#4999,.F.);
#5023 = ORIENTED_EDGE('',*,*,#1215,.F.);
#5024 = PLANE('',#5025);
#5025 = AXIS2_PLACEMENT_3D('',#5026,#5027,#5028);
#5026 = CARTESIAN_POINT('',(0.65,-1.53,3.7));
#5027 = DIRECTION('',(2.07851051394E-29,6.716849298982E-15,-1.));
#5028 = DIRECTION('',(-1.,6.206767082607E-15,2.090481398836E-29));
#5029 = ADVANCED_FACE('',(#5030),#5041,.T.);
#5030 = FACE_BOUND('',#5031,.T.);
#5031 = EDGE_LOOP('',(#5032,#5038,#5039,#5040));
#5032 = ORIENTED_EDGE('',*,*,#5033,.T.);
#5033 = EDGE_CURVE('',#1200,#1373,#5034,.T.);
#5034 = LINE('',#5035,#5036);
#5035 = CARTESIAN_POINT('',(0.65,-1.53,9.));
#5036 = VECTOR('',#5037,1.);
#5037 = DIRECTION('',(-6.206767082607E-15,-1.,-6.716849298982E-15));
#5038 = ORIENTED_EDGE('',*,*,#1372,.T.);
#5039 = ORIENTED_EDGE('',*,*,#5016,.F.);
#5040 = ORIENTED_EDGE('',*,*,#1207,.F.);
#5041 = PLANE('',#5042);
#5042 = AXIS2_PLACEMENT_3D('',#5043,#5044,#5045);
#5043 = CARTESIAN_POINT('',(0.65,-1.53,9.));
#5044 = DIRECTION('',(1.,-6.206767082607E-15,-2.090481398836E-29));
#5045 = DIRECTION('',(2.044056035322E-29,6.661338147751E-15,-1.));
#5046 = ADVANCED_FACE('',(#5047),#5058,.F.);
#5047 = FACE_BOUND('',#5048,.F.);
#5048 = EDGE_LOOP('',(#5049,#5050,#5051,#5057));
#5049 = ORIENTED_EDGE('',*,*,#5033,.T.);
#5050 = ORIENTED_EDGE('',*,*,#1380,.T.);
#5051 = ORIENTED_EDGE('',*,*,#5052,.F.);
#5052 = EDGE_CURVE('',#1192,#1381,#5053,.T.);
#5053 = LINE('',#5054,#5055);
#5054 = CARTESIAN_POINT('',(21.85,-1.53,9.));
#5055 = VECTOR('',#5056,1.);
#5056 = DIRECTION('',(-6.206767082607E-15,-1.,-6.716849298982E-15));
#5057 = ORIENTED_EDGE('',*,*,#1199,.F.);
#5058 = PLANE('',#5059);
#5059 = AXIS2_PLACEMENT_3D('',#5060,#5061,#5062);
#5060 = CARTESIAN_POINT('',(0.65,-1.53,9.));
#5061 = DIRECTION('',(-2.07851051394E-29,-6.716849298982E-15,1.));
#5062 = DIRECTION('',(1.,-6.206767082607E-15,-2.090481398836E-29));
#5063 = ADVANCED_FACE('',(#5064),#5075,.F.);
#5064 = FACE_BOUND('',#5065,.F.);
#5065 = EDGE_LOOP('',(#5066,#5067,#5068,#5074));
#5066 = ORIENTED_EDGE('',*,*,#5052,.T.);
#5067 = ORIENTED_EDGE('',*,*,#1388,.T.);
#5068 = ORIENTED_EDGE('',*,*,#5069,.F.);
#5069 = EDGE_CURVE('',#1184,#1389,#5070,.T.);
#5070 = LINE('',#5071,#5072);
#5071 = CARTESIAN_POINT('',(21.85,-1.53,3.7));
#5072 = VECTOR('',#5073,1.);
#5073 = DIRECTION('',(-6.206767082607E-15,-1.,-6.716849298982E-15));
#5074 = ORIENTED_EDGE('',*,*,#1191,.F.);
#5075 = PLANE('',#5076);
#5076 = AXIS2_PLACEMENT_3D('',#5077,#5078,#5079);
#5077 = CARTESIAN_POINT('',(21.85,-1.53,9.));
#5078 = DIRECTION('',(1.,-6.206767082607E-15,-2.090481398836E-29));
#5079 = DIRECTION('',(2.044056035322E-29,6.661338147751E-15,-1.));
#5080 = ADVANCED_FACE('',(#5081),#5092,.F.);
#5081 = FACE_BOUND('',#5082,.F.);
#5082 = EDGE_LOOP('',(#5083,#5084,#5085,#5091));
#5083 = ORIENTED_EDGE('',*,*,#5069,.T.);
#5084 = ORIENTED_EDGE('',*,*,#1396,.T.);
#5085 = ORIENTED_EDGE('',*,*,#5086,.F.);
#5086 = EDGE_CURVE('',#1176,#1397,#5087,.T.);
#5087 = LINE('',#5088,#5089);
#5088 = CARTESIAN_POINT('',(22.45,-1.53,3.7));
#5089 = VECTOR('',#5090,1.);
#5090 = DIRECTION('',(-6.206767082607E-15,-1.,-6.716849298982E-15));
#5091 = ORIENTED_EDGE('',*,*,#1183,.F.);
#5092 = PLANE('',#5093);
#5093 = AXIS2_PLACEMENT_3D('',#5094,#5095,#5096);
#5094 = CARTESIAN_POINT('',(21.85,-1.53,3.7));
#5095 = DIRECTION('',(-2.07851051394E-29,-6.716849298982E-15,1.));
#5096 = DIRECTION('',(1.,-6.206767082607E-15,-2.090481398836E-29));
#5097 = ADVANCED_FACE('',(#5098),#5109,.F.);
#5098 = FACE_BOUND('',#5099,.F.);
#5099 = EDGE_LOOP('',(#5100,#5101,#5102,#5108));
#5100 = ORIENTED_EDGE('',*,*,#5086,.T.);
#5101 = ORIENTED_EDGE('',*,*,#1404,.T.);
#5102 = ORIENTED_EDGE('',*,*,#5103,.F.);
#5103 = EDGE_CURVE('',#1168,#1405,#5104,.T.);
#5104 = LINE('',#5105,#5106);
#5105 = CARTESIAN_POINT('',(23.15,-1.53,4.9));
#5106 = VECTOR('',#5107,1.);
#5107 = DIRECTION('',(-6.206767082607E-15,-1.,-6.716849298982E-15));
#5108 = ORIENTED_EDGE('',*,*,#1175,.F.);
#5109 = PLANE('',#5110);
#5110 = AXIS2_PLACEMENT_3D('',#5111,#5112,#5113);
#5111 = CARTESIAN_POINT('',(22.45,-1.53,3.7));
#5112 = DIRECTION('',(-0.863778900898,1.976848704178E-15,0.503871025524)
  );
#5113 = DIRECTION('',(0.503871025524,-8.88133343888E-15,0.863778900898)
  );
#5114 = ADVANCED_FACE('',(#5115),#5126,.F.);
#5115 = FACE_BOUND('',#5116,.F.);
#5116 = EDGE_LOOP('',(#5117,#5118,#5119,#5125));
#5117 = ORIENTED_EDGE('',*,*,#5103,.T.);
#5118 = ORIENTED_EDGE('',*,*,#1412,.T.);
#5119 = ORIENTED_EDGE('',*,*,#5120,.F.);
#5120 = EDGE_CURVE('',#1160,#1413,#5121,.T.);
#5121 = LINE('',#5122,#5123);
#5122 = CARTESIAN_POINT('',(23.15,-1.53,5.7));
#5123 = VECTOR('',#5124,1.);
#5124 = DIRECTION('',(-6.206767082607E-15,-1.,-6.716849298982E-15));
#5125 = ORIENTED_EDGE('',*,*,#1167,.F.);
#5126 = PLANE('',#5127);
#5127 = AXIS2_PLACEMENT_3D('',#5128,#5129,#5130);
#5128 = CARTESIAN_POINT('',(23.15,-1.53,4.9));
#5129 = DIRECTION('',(-1.,6.206767082607E-15,2.090481398836E-29));
#5130 = DIRECTION('',(-2.044056035322E-29,-6.661338147751E-15,1.));
#5131 = ADVANCED_FACE('',(#5132),#5138,.F.);
#5132 = FACE_BOUND('',#5133,.F.);
#5133 = EDGE_LOOP('',(#5134,#5135,#5136,#5137));
#5134 = ORIENTED_EDGE('',*,*,#5120,.T.);
#5135 = ORIENTED_EDGE('',*,*,#1420,.T.);
#5136 = ORIENTED_EDGE('',*,*,#1317,.F.);
#5137 = ORIENTED_EDGE('',*,*,#1159,.F.);
#5138 = PLANE('',#5139);
#5139 = AXIS2_PLACEMENT_3D('',#5140,#5141,#5142);
#5140 = CARTESIAN_POINT('',(23.15,-1.53,5.7));
#5141 = DIRECTION('',(2.07851051394E-29,6.716849298982E-15,-1.));
#5142 = DIRECTION('',(-1.,6.206767082607E-15,2.090481398836E-29));
#5143 = ADVANCED_FACE('',(#5144),#5164,.F.);
#5144 = FACE_BOUND('',#5145,.F.);
#5145 = EDGE_LOOP('',(#5146,#5152,#5153,#5159,#5160,#5161,#5162,#5163));
#5146 = ORIENTED_EDGE('',*,*,#5147,.F.);
#5147 = EDGE_CURVE('',#3853,#1777,#5148,.T.);
#5148 = LINE('',#5149,#5150);
#5149 = CARTESIAN_POINT('',(20.6,2.57,5.25));
#5150 = VECTOR('',#5151,1.);
#5151 = DIRECTION('',(0.,-1.,0.));
#5152 = ORIENTED_EDGE('',*,*,#3860,.T.);
#5153 = ORIENTED_EDGE('',*,*,#5154,.T.);
#5154 = EDGE_CURVE('',#3861,#1954,#5155,.T.);
#5155 = LINE('',#5156,#5157);
#5156 = CARTESIAN_POINT('',(19.4,2.57,5.25));
#5157 = VECTOR('',#5158,1.);
#5158 = DIRECTION('',(0.,-1.,0.));
#5159 = ORIENTED_EDGE('',*,*,#1953,.F.);
#5160 = ORIENTED_EDGE('',*,*,#1935,.T.);
#5161 = ORIENTED_EDGE('',*,*,#1879,.F.);
#5162 = ORIENTED_EDGE('',*,*,#1832,.F.);
#5163 = ORIENTED_EDGE('',*,*,#1784,.F.);
#5164 = PLANE('',#5165);
#5165 = AXIS2_PLACEMENT_3D('',#5166,#5167,#5168);
#5166 = CARTESIAN_POINT('',(20.6,2.57,5.25));
#5167 = DIRECTION('',(0.,0.,1.));
#5168 = DIRECTION('',(0.,-1.,0.));
#5169 = ADVANCED_FACE('',(#5170),#5206,.F.);
#5170 = FACE_BOUND('',#5171,.F.);
#5171 = EDGE_LOOP('',(#5172,#5173,#5174,#5175,#5183,#5191,#5199,#5205));
#5172 = ORIENTED_EDGE('',*,*,#3852,.T.);
#5173 = ORIENTED_EDGE('',*,*,#5147,.T.);
#5174 = ORIENTED_EDGE('',*,*,#1776,.T.);
#5175 = ORIENTED_EDGE('',*,*,#5176,.T.);
#5176 = EDGE_CURVE('',#1769,#5177,#5179,.T.);
#5177 = VERTEX_POINT('',#5178);
#5178 = CARTESIAN_POINT('',(20.6,0.5468198,3.45));
#5179 = LINE('',#5180,#5181);
#5180 = CARTESIAN_POINT('',(20.6,1.52,3.45));
#5181 = VECTOR('',#5182,1.);
#5182 = DIRECTION('',(0.,-1.,0.));
#5183 = ORIENTED_EDGE('',*,*,#5184,.T.);
#5184 = EDGE_CURVE('',#5177,#5185,#5187,.T.);
#5185 = VERTEX_POINT('',#5186);
#5186 = CARTESIAN_POINT('',(20.6,1.044,2.6151));
#5187 = LINE('',#5188,#5189);
#5188 = CARTESIAN_POINT('',(20.6,0.5468198,3.45));
#5189 = VECTOR('',#5190,1.);
#5190 = DIRECTION('',(0.,0.511647917429,-0.859195209828));
#5191 = ORIENTED_EDGE('',*,*,#5192,.T.);
#5192 = EDGE_CURVE('',#5185,#5193,#5195,.T.);
#5193 = VERTEX_POINT('',#5194);
#5194 = CARTESIAN_POINT('',(20.6,1.52,2.6151));
#5195 = LINE('',#5196,#5197);
#5196 = CARTESIAN_POINT('',(20.6,1.044,2.6151));
#5197 = VECTOR('',#5198,1.);
#5198 = DIRECTION('',(0.,1.,0.));
#5199 = ORIENTED_EDGE('',*,*,#5200,.T.);
#5200 = EDGE_CURVE('',#5193,#4429,#5201,.T.);
#5201 = LINE('',#5202,#5203);
#5202 = CARTESIAN_POINT('',(20.6,1.52,2.6151));
#5203 = VECTOR('',#5204,1.);
#5204 = DIRECTION('',(0.,0.,-1.));
#5205 = ORIENTED_EDGE('',*,*,#4436,.T.);
#5206 = PLANE('',#5207);
#5207 = AXIS2_PLACEMENT_3D('',#5208,#5209,#5210);
#5208 = CARTESIAN_POINT('',(20.6,1.834452703854,3.573485056924));
#5209 = DIRECTION('',(1.,0.,0.));
#5210 = DIRECTION('',(0.,0.,1.));
#5211 = ADVANCED_FACE('',(#5212,#5234),#5268,.F.);
#5212 = FACE_BOUND('',#5213,.F.);
#5213 = EDGE_LOOP('',(#5214,#5215,#5216,#5217,#5218,#5226,#5232,#5233));
#5214 = ORIENTED_EDGE('',*,*,#1807,.F.);
#5215 = ORIENTED_EDGE('',*,*,#1864,.T.);
#5216 = ORIENTED_EDGE('',*,*,#1903,.T.);
#5217 = ORIENTED_EDGE('',*,*,#1969,.F.);
#5218 = ORIENTED_EDGE('',*,*,#5219,.T.);
#5219 = EDGE_CURVE('',#1962,#5220,#5222,.T.);
#5220 = VERTEX_POINT('',#5221);
#5221 = CARTESIAN_POINT('',(19.4,0.5468198,3.45));
#5222 = LINE('',#5223,#5224);
#5223 = CARTESIAN_POINT('',(19.4,1.52,3.45));
#5224 = VECTOR('',#5225,1.);
#5225 = DIRECTION('',(0.,-1.,0.));
#5226 = ORIENTED_EDGE('',*,*,#5227,.F.);
#5227 = EDGE_CURVE('',#5177,#5220,#5228,.T.);
#5228 = LINE('',#5229,#5230);
#5229 = CARTESIAN_POINT('',(20.6,0.5468198,3.45));
#5230 = VECTOR('',#5231,1.);
#5231 = DIRECTION('',(-1.,-0.,-0.));
#5232 = ORIENTED_EDGE('',*,*,#5176,.F.);
#5233 = ORIENTED_EDGE('',*,*,#1768,.F.);
#5234 = FACE_BOUND('',#5235,.F.);
#5235 = EDGE_LOOP('',(#5236,#5246,#5254,#5262));
#5236 = ORIENTED_EDGE('',*,*,#5237,.F.);
#5237 = EDGE_CURVE('',#5238,#5240,#5242,.T.);
#5238 = VERTEX_POINT('',#5239);
#5239 = CARTESIAN_POINT('',(20.4,-0.4,3.45));
#5240 = VERTEX_POINT('',#5241);
#5241 = CARTESIAN_POINT('',(19.6,-0.4,3.45));
#5242 = LINE('',#5243,#5244);
#5243 = CARTESIAN_POINT('',(20.4,-0.4,3.45));
#5244 = VECTOR('',#5245,1.);
#5245 = DIRECTION('',(-1.,-0.,-0.));
#5246 = ORIENTED_EDGE('',*,*,#5247,.F.);
#5247 = EDGE_CURVE('',#5248,#5238,#5250,.T.);
#5248 = VERTEX_POINT('',#5249);
#5249 = CARTESIAN_POINT('',(20.4,0.4,3.45));
#5250 = LINE('',#5251,#5252);
#5251 = CARTESIAN_POINT('',(20.4,0.4,3.45));
#5252 = VECTOR('',#5253,1.);
#5253 = DIRECTION('',(0.,-1.,0.));
#5254 = ORIENTED_EDGE('',*,*,#5255,.T.);
#5255 = EDGE_CURVE('',#5248,#5256,#5258,.T.);
#5256 = VERTEX_POINT('',#5257);
#5257 = CARTESIAN_POINT('',(19.6,0.4,3.45));
#5258 = LINE('',#5259,#5260);
#5259 = CARTESIAN_POINT('',(20.4,0.4,3.45));
#5260 = VECTOR('',#5261,1.);
#5261 = DIRECTION('',(-1.,-0.,-0.));
#5262 = ORIENTED_EDGE('',*,*,#5263,.T.);
#5263 = EDGE_CURVE('',#5256,#5240,#5264,.T.);
#5264 = LINE('',#5265,#5266);
#5265 = CARTESIAN_POINT('',(19.6,0.4,3.45));
#5266 = VECTOR('',#5267,1.);
#5267 = DIRECTION('',(0.,-1.,0.));
#5268 = PLANE('',#5269);
#5269 = AXIS2_PLACEMENT_3D('',#5270,#5271,#5272);
#5270 = CARTESIAN_POINT('',(21.05,-0.98,3.45));
#5271 = DIRECTION('',(0.,0.,-1.));
#5272 = DIRECTION('',(0.,1.,0.));
#5273 = ADVANCED_FACE('',(#5274),#5303,.T.);
#5274 = FACE_BOUND('',#5275,.T.);
#5275 = EDGE_LOOP('',(#5276,#5277,#5278,#5279,#5280,#5288,#5296,#5302));
#5276 = ORIENTED_EDGE('',*,*,#3868,.T.);
#5277 = ORIENTED_EDGE('',*,*,#5154,.T.);
#5278 = ORIENTED_EDGE('',*,*,#1961,.T.);
#5279 = ORIENTED_EDGE('',*,*,#5219,.T.);
#5280 = ORIENTED_EDGE('',*,*,#5281,.T.);
#5281 = EDGE_CURVE('',#5220,#5282,#5284,.T.);
#5282 = VERTEX_POINT('',#5283);
#5283 = CARTESIAN_POINT('',(19.4,1.044,2.6151));
#5284 = LINE('',#5285,#5286);
#5285 = CARTESIAN_POINT('',(19.4,0.5468198,3.45));
#5286 = VECTOR('',#5287,1.);
#5287 = DIRECTION('',(0.,0.511647917429,-0.859195209828));
#5288 = ORIENTED_EDGE('',*,*,#5289,.T.);
#5289 = EDGE_CURVE('',#5282,#5290,#5292,.T.);
#5290 = VERTEX_POINT('',#5291);
#5291 = CARTESIAN_POINT('',(19.4,1.52,2.6151));
#5292 = LINE('',#5293,#5294);
#5293 = CARTESIAN_POINT('',(19.4,1.044,2.6151));
#5294 = VECTOR('',#5295,1.);
#5295 = DIRECTION('',(0.,1.,0.));
#5296 = ORIENTED_EDGE('',*,*,#5297,.T.);
#5297 = EDGE_CURVE('',#5290,#4421,#5298,.T.);
#5298 = LINE('',#5299,#5300);
#5299 = CARTESIAN_POINT('',(19.4,1.52,2.6151));
#5300 = VECTOR('',#5301,1.);
#5301 = DIRECTION('',(0.,0.,-1.));
#5302 = ORIENTED_EDGE('',*,*,#4420,.T.);
#5303 = PLANE('',#5304);
#5304 = AXIS2_PLACEMENT_3D('',#5305,#5306,#5307);
#5305 = CARTESIAN_POINT('',(19.4,1.834452703854,3.573485056924));
#5306 = DIRECTION('',(1.,0.,0.));
#5307 = DIRECTION('',(0.,0.,1.));
#5308 = ADVANCED_FACE('',(#5309),#5329,.F.);
#5309 = FACE_BOUND('',#5310,.F.);
#5310 = EDGE_LOOP('',(#5311,#5317,#5318,#5324,#5325,#5326,#5327,#5328));
#5311 = ORIENTED_EDGE('',*,*,#5312,.F.);
#5312 = EDGE_CURVE('',#3885,#2001,#5313,.T.);
#5313 = LINE('',#5314,#5315);
#5314 = CARTESIAN_POINT('',(18.1,2.57,5.25));
#5315 = VECTOR('',#5316,1.);
#5316 = DIRECTION('',(0.,-1.,0.));
#5317 = ORIENTED_EDGE('',*,*,#3892,.T.);
#5318 = ORIENTED_EDGE('',*,*,#5319,.T.);
#5319 = EDGE_CURVE('',#3893,#2178,#5320,.T.);
#5320 = LINE('',#5321,#5322);
#5321 = CARTESIAN_POINT('',(16.9,2.57,5.25));
#5322 = VECTOR('',#5323,1.);
#5323 = DIRECTION('',(0.,-1.,0.));
#5324 = ORIENTED_EDGE('',*,*,#2177,.F.);
#5325 = ORIENTED_EDGE('',*,*,#2159,.T.);
#5326 = ORIENTED_EDGE('',*,*,#2103,.F.);
#5327 = ORIENTED_EDGE('',*,*,#2056,.F.);
#5328 = ORIENTED_EDGE('',*,*,#2008,.F.);
#5329 = PLANE('',#5330);
#5330 = AXIS2_PLACEMENT_3D('',#5331,#5332,#5333);
#5331 = CARTESIAN_POINT('',(18.1,2.57,5.25));
#5332 = DIRECTION('',(0.,0.,1.));
#5333 = DIRECTION('',(0.,-1.,0.));
#5334 = ADVANCED_FACE('',(#5335),#5371,.F.);
#5335 = FACE_BOUND('',#5336,.F.);
#5336 = EDGE_LOOP('',(#5337,#5338,#5339,#5340,#5348,#5356,#5364,#5370));
#5337 = ORIENTED_EDGE('',*,*,#3884,.T.);
#5338 = ORIENTED_EDGE('',*,*,#5312,.T.);
#5339 = ORIENTED_EDGE('',*,*,#2000,.T.);
#5340 = ORIENTED_EDGE('',*,*,#5341,.T.);
#5341 = EDGE_CURVE('',#1993,#5342,#5344,.T.);
#5342 = VERTEX_POINT('',#5343);
#5343 = CARTESIAN_POINT('',(18.1,0.5468198,3.45));
#5344 = LINE('',#5345,#5346);
#5345 = CARTESIAN_POINT('',(18.1,1.52,3.45));
#5346 = VECTOR('',#5347,1.);
#5347 = DIRECTION('',(0.,-1.,0.));
#5348 = ORIENTED_EDGE('',*,*,#5349,.T.);
#5349 = EDGE_CURVE('',#5342,#5350,#5352,.T.);
#5350 = VERTEX_POINT('',#5351);
#5351 = CARTESIAN_POINT('',(18.1,1.044,2.6151));
#5352 = LINE('',#5353,#5354);
#5353 = CARTESIAN_POINT('',(18.1,0.5468198,3.45));
#5354 = VECTOR('',#5355,1.);
#5355 = DIRECTION('',(0.,0.511647917429,-0.859195209828));
#5356 = ORIENTED_EDGE('',*,*,#5357,.T.);
#5357 = EDGE_CURVE('',#5350,#5358,#5360,.T.);
#5358 = VERTEX_POINT('',#5359);
#5359 = CARTESIAN_POINT('',(18.1,1.52,2.6151));
#5360 = LINE('',#5361,#5362);
#5361 = CARTESIAN_POINT('',(18.1,1.044,2.6151));
#5362 = VECTOR('',#5363,1.);
#5363 = DIRECTION('',(0.,1.,0.));
#5364 = ORIENTED_EDGE('',*,*,#5365,.T.);
#5365 = EDGE_CURVE('',#5358,#4406,#5366,.T.);
#5366 = LINE('',#5367,#5368);
#5367 = CARTESIAN_POINT('',(18.1,1.52,2.6151));
#5368 = VECTOR('',#5369,1.);
#5369 = DIRECTION('',(0.,0.,-1.));
#5370 = ORIENTED_EDGE('',*,*,#4413,.T.);
#5371 = PLANE('',#5372);
#5372 = AXIS2_PLACEMENT_3D('',#5373,#5374,#5375);
#5373 = CARTESIAN_POINT('',(18.1,1.834452703854,3.573485056924));
#5374 = DIRECTION('',(1.,0.,0.));
#5375 = DIRECTION('',(0.,0.,1.));
#5376 = ADVANCED_FACE('',(#5377,#5399),#5433,.F.);
#5377 = FACE_BOUND('',#5378,.F.);
#5378 = EDGE_LOOP('',(#5379,#5380,#5381,#5382,#5383,#5391,#5397,#5398));
#5379 = ORIENTED_EDGE('',*,*,#2031,.F.);
#5380 = ORIENTED_EDGE('',*,*,#2088,.T.);
#5381 = ORIENTED_EDGE('',*,*,#2127,.T.);
#5382 = ORIENTED_EDGE('',*,*,#2193,.F.);
#5383 = ORIENTED_EDGE('',*,*,#5384,.T.);
#5384 = EDGE_CURVE('',#2186,#5385,#5387,.T.);
#5385 = VERTEX_POINT('',#5386);
#5386 = CARTESIAN_POINT('',(16.9,0.5468198,3.45));
#5387 = LINE('',#5388,#5389);
#5388 = CARTESIAN_POINT('',(16.9,1.52,3.45));
#5389 = VECTOR('',#5390,1.);
#5390 = DIRECTION('',(0.,-1.,0.));
#5391 = ORIENTED_EDGE('',*,*,#5392,.F.);
#5392 = EDGE_CURVE('',#5342,#5385,#5393,.T.);
#5393 = LINE('',#5394,#5395);
#5394 = CARTESIAN_POINT('',(18.1,0.5468198,3.45));
#5395 = VECTOR('',#5396,1.);
#5396 = DIRECTION('',(-1.,-0.,-0.));
#5397 = ORIENTED_EDGE('',*,*,#5341,.F.);
#5398 = ORIENTED_EDGE('',*,*,#1992,.F.);
#5399 = FACE_BOUND('',#5400,.F.);
#5400 = EDGE_LOOP('',(#5401,#5411,#5419,#5427));
#5401 = ORIENTED_EDGE('',*,*,#5402,.F.);
#5402 = EDGE_CURVE('',#5403,#5405,#5407,.T.);
#5403 = VERTEX_POINT('',#5404);
#5404 = CARTESIAN_POINT('',(17.9,-0.4,3.45));
#5405 = VERTEX_POINT('',#5406);
#5406 = CARTESIAN_POINT('',(17.1,-0.4,3.45));
#5407 = LINE('',#5408,#5409);
#5408 = CARTESIAN_POINT('',(17.9,-0.4,3.45));
#5409 = VECTOR('',#5410,1.);
#5410 = DIRECTION('',(-1.,-0.,-0.));
#5411 = ORIENTED_EDGE('',*,*,#5412,.F.);
#5412 = EDGE_CURVE('',#5413,#5403,#5415,.T.);
#5413 = VERTEX_POINT('',#5414);
#5414 = CARTESIAN_POINT('',(17.9,0.4,3.45));
#5415 = LINE('',#5416,#5417);
#5416 = CARTESIAN_POINT('',(17.9,0.4,3.45));
#5417 = VECTOR('',#5418,1.);
#5418 = DIRECTION('',(0.,-1.,0.));
#5419 = ORIENTED_EDGE('',*,*,#5420,.T.);
#5420 = EDGE_CURVE('',#5413,#5421,#5423,.T.);
#5421 = VERTEX_POINT('',#5422);
#5422 = CARTESIAN_POINT('',(17.1,0.4,3.45));
#5423 = LINE('',#5424,#5425);
#5424 = CARTESIAN_POINT('',(17.9,0.4,3.45));
#5425 = VECTOR('',#5426,1.);
#5426 = DIRECTION('',(-1.,-0.,-0.));
#5427 = ORIENTED_EDGE('',*,*,#5428,.T.);
#5428 = EDGE_CURVE('',#5421,#5405,#5429,.T.);
#5429 = LINE('',#5430,#5431);
#5430 = CARTESIAN_POINT('',(17.1,0.4,3.45));
#5431 = VECTOR('',#5432,1.);
#5432 = DIRECTION('',(0.,-1.,0.));
#5433 = PLANE('',#5434);
#5434 = AXIS2_PLACEMENT_3D('',#5435,#5436,#5437);
#5435 = CARTESIAN_POINT('',(18.55,-0.98,3.45));
#5436 = DIRECTION('',(0.,0.,-1.));
#5437 = DIRECTION('',(0.,1.,0.));
#5438 = ADVANCED_FACE('',(#5439),#5468,.T.);
#5439 = FACE_BOUND('',#5440,.T.);
#5440 = EDGE_LOOP('',(#5441,#5442,#5443,#5444,#5445,#5453,#5461,#5467));
#5441 = ORIENTED_EDGE('',*,*,#3900,.T.);
#5442 = ORIENTED_EDGE('',*,*,#5319,.T.);
#5443 = ORIENTED_EDGE('',*,*,#2185,.T.);
#5444 = ORIENTED_EDGE('',*,*,#5384,.T.);
#5445 = ORIENTED_EDGE('',*,*,#5446,.T.);
#5446 = EDGE_CURVE('',#5385,#5447,#5449,.T.);
#5447 = VERTEX_POINT('',#5448);
#5448 = CARTESIAN_POINT('',(16.9,1.044,2.6151));
#5449 = LINE('',#5450,#5451);
#5450 = CARTESIAN_POINT('',(16.9,0.5468198,3.45));
#5451 = VECTOR('',#5452,1.);
#5452 = DIRECTION('',(0.,0.511647917429,-0.859195209828));
#5453 = ORIENTED_EDGE('',*,*,#5454,.T.);
#5454 = EDGE_CURVE('',#5447,#5455,#5457,.T.);
#5455 = VERTEX_POINT('',#5456);
#5456 = CARTESIAN_POINT('',(16.9,1.52,2.6151));
#5457 = LINE('',#5458,#5459);
#5458 = CARTESIAN_POINT('',(16.9,1.044,2.6151));
#5459 = VECTOR('',#5460,1.);
#5460 = DIRECTION('',(0.,1.,0.));
#5461 = ORIENTED_EDGE('',*,*,#5462,.T.);
#5462 = EDGE_CURVE('',#5455,#4398,#5463,.T.);
#5463 = LINE('',#5464,#5465);
#5464 = CARTESIAN_POINT('',(16.9,1.52,2.6151));
#5465 = VECTOR('',#5466,1.);
#5466 = DIRECTION('',(0.,0.,-1.));
#5467 = ORIENTED_EDGE('',*,*,#4397,.T.);
#5468 = PLANE('',#5469);
#5469 = AXIS2_PLACEMENT_3D('',#5470,#5471,#5472);
#5470 = CARTESIAN_POINT('',(16.9,1.834452703854,3.573485056924));
#5471 = DIRECTION('',(1.,0.,0.));
#5472 = DIRECTION('',(0.,0.,1.));
#5473 = ADVANCED_FACE('',(#5474),#5494,.F.);
#5474 = FACE_BOUND('',#5475,.F.);
#5475 = EDGE_LOOP('',(#5476,#5482,#5483,#5489,#5490,#5491,#5492,#5493));
#5476 = ORIENTED_EDGE('',*,*,#5477,.F.);
#5477 = EDGE_CURVE('',#3917,#2225,#5478,.T.);
#5478 = LINE('',#5479,#5480);
#5479 = CARTESIAN_POINT('',(15.6,2.57,5.25));
#5480 = VECTOR('',#5481,1.);
#5481 = DIRECTION('',(0.,-1.,0.));
#5482 = ORIENTED_EDGE('',*,*,#3924,.T.);
#5483 = ORIENTED_EDGE('',*,*,#5484,.T.);
#5484 = EDGE_CURVE('',#3925,#2402,#5485,.T.);
#5485 = LINE('',#5486,#5487);
#5486 = CARTESIAN_POINT('',(14.4,2.57,5.25));
#5487 = VECTOR('',#5488,1.);
#5488 = DIRECTION('',(0.,-1.,0.));
#5489 = ORIENTED_EDGE('',*,*,#2401,.F.);
#5490 = ORIENTED_EDGE('',*,*,#2383,.T.);
#5491 = ORIENTED_EDGE('',*,*,#2327,.F.);
#5492 = ORIENTED_EDGE('',*,*,#2280,.F.);
#5493 = ORIENTED_EDGE('',*,*,#2232,.F.);
#5494 = PLANE('',#5495);
#5495 = AXIS2_PLACEMENT_3D('',#5496,#5497,#5498);
#5496 = CARTESIAN_POINT('',(15.6,2.57,5.25));
#5497 = DIRECTION('',(0.,0.,1.));
#5498 = DIRECTION('',(0.,-1.,0.));
#5499 = ADVANCED_FACE('',(#5500),#5536,.F.);
#5500 = FACE_BOUND('',#5501,.F.);
#5501 = EDGE_LOOP('',(#5502,#5503,#5504,#5505,#5513,#5521,#5529,#5535));
#5502 = ORIENTED_EDGE('',*,*,#3916,.T.);
#5503 = ORIENTED_EDGE('',*,*,#5477,.T.);
#5504 = ORIENTED_EDGE('',*,*,#2224,.T.);
#5505 = ORIENTED_EDGE('',*,*,#5506,.T.);
#5506 = EDGE_CURVE('',#2217,#5507,#5509,.T.);
#5507 = VERTEX_POINT('',#5508);
#5508 = CARTESIAN_POINT('',(15.6,0.5468198,3.45));
#5509 = LINE('',#5510,#5511);
#5510 = CARTESIAN_POINT('',(15.6,1.52,3.45));
#5511 = VECTOR('',#5512,1.);
#5512 = DIRECTION('',(0.,-1.,0.));
#5513 = ORIENTED_EDGE('',*,*,#5514,.T.);
#5514 = EDGE_CURVE('',#5507,#5515,#5517,.T.);
#5515 = VERTEX_POINT('',#5516);
#5516 = CARTESIAN_POINT('',(15.6,1.044,2.6151));
#5517 = LINE('',#5518,#5519);
#5518 = CARTESIAN_POINT('',(15.6,0.5468198,3.45));
#5519 = VECTOR('',#5520,1.);
#5520 = DIRECTION('',(0.,0.511647917429,-0.859195209828));
#5521 = ORIENTED_EDGE('',*,*,#5522,.T.);
#5522 = EDGE_CURVE('',#5515,#5523,#5525,.T.);
#5523 = VERTEX_POINT('',#5524);
#5524 = CARTESIAN_POINT('',(15.6,1.52,2.6151));
#5525 = LINE('',#5526,#5527);
#5526 = CARTESIAN_POINT('',(15.6,1.044,2.6151));
#5527 = VECTOR('',#5528,1.);
#5528 = DIRECTION('',(0.,1.,0.));
#5529 = ORIENTED_EDGE('',*,*,#5530,.T.);
#5530 = EDGE_CURVE('',#5523,#4383,#5531,.T.);
#5531 = LINE('',#5532,#5533);
#5532 = CARTESIAN_POINT('',(15.6,1.52,2.6151));
#5533 = VECTOR('',#5534,1.);
#5534 = DIRECTION('',(0.,0.,-1.));
#5535 = ORIENTED_EDGE('',*,*,#4390,.T.);
#5536 = PLANE('',#5537);
#5537 = AXIS2_PLACEMENT_3D('',#5538,#5539,#5540);
#5538 = CARTESIAN_POINT('',(15.6,1.834452703854,3.573485056924));
#5539 = DIRECTION('',(1.,0.,0.));
#5540 = DIRECTION('',(0.,0.,1.));
#5541 = ADVANCED_FACE('',(#5542,#5564),#5598,.F.);
#5542 = FACE_BOUND('',#5543,.F.);
#5543 = EDGE_LOOP('',(#5544,#5545,#5546,#5547,#5548,#5556,#5562,#5563));
#5544 = ORIENTED_EDGE('',*,*,#2255,.F.);
#5545 = ORIENTED_EDGE('',*,*,#2312,.T.);
#5546 = ORIENTED_EDGE('',*,*,#2351,.T.);
#5547 = ORIENTED_EDGE('',*,*,#2417,.F.);
#5548 = ORIENTED_EDGE('',*,*,#5549,.T.);
#5549 = EDGE_CURVE('',#2410,#5550,#5552,.T.);
#5550 = VERTEX_POINT('',#5551);
#5551 = CARTESIAN_POINT('',(14.4,0.5468198,3.45));
#5552 = LINE('',#5553,#5554);
#5553 = CARTESIAN_POINT('',(14.4,1.52,3.45));
#5554 = VECTOR('',#5555,1.);
#5555 = DIRECTION('',(0.,-1.,0.));
#5556 = ORIENTED_EDGE('',*,*,#5557,.F.);
#5557 = EDGE_CURVE('',#5507,#5550,#5558,.T.);
#5558 = LINE('',#5559,#5560);
#5559 = CARTESIAN_POINT('',(15.6,0.5468198,3.45));
#5560 = VECTOR('',#5561,1.);
#5561 = DIRECTION('',(-1.,-0.,-0.));
#5562 = ORIENTED_EDGE('',*,*,#5506,.F.);
#5563 = ORIENTED_EDGE('',*,*,#2216,.F.);
#5564 = FACE_BOUND('',#5565,.F.);
#5565 = EDGE_LOOP('',(#5566,#5576,#5584,#5592));
#5566 = ORIENTED_EDGE('',*,*,#5567,.F.);
#5567 = EDGE_CURVE('',#5568,#5570,#5572,.T.);
#5568 = VERTEX_POINT('',#5569);
#5569 = CARTESIAN_POINT('',(15.4,-0.4,3.45));
#5570 = VERTEX_POINT('',#5571);
#5571 = CARTESIAN_POINT('',(14.6,-0.4,3.45));
#5572 = LINE('',#5573,#5574);
#5573 = CARTESIAN_POINT('',(15.4,-0.4,3.45));
#5574 = VECTOR('',#5575,1.);
#5575 = DIRECTION('',(-1.,-0.,-0.));
#5576 = ORIENTED_EDGE('',*,*,#5577,.F.);
#5577 = EDGE_CURVE('',#5578,#5568,#5580,.T.);
#5578 = VERTEX_POINT('',#5579);
#5579 = CARTESIAN_POINT('',(15.4,0.4,3.45));
#5580 = LINE('',#5581,#5582);
#5581 = CARTESIAN_POINT('',(15.4,0.4,3.45));
#5582 = VECTOR('',#5583,1.);
#5583 = DIRECTION('',(0.,-1.,0.));
#5584 = ORIENTED_EDGE('',*,*,#5585,.T.);
#5585 = EDGE_CURVE('',#5578,#5586,#5588,.T.);
#5586 = VERTEX_POINT('',#5587);
#5587 = CARTESIAN_POINT('',(14.6,0.4,3.45));
#5588 = LINE('',#5589,#5590);
#5589 = CARTESIAN_POINT('',(15.4,0.4,3.45));
#5590 = VECTOR('',#5591,1.);
#5591 = DIRECTION('',(-1.,-0.,-0.));
#5592 = ORIENTED_EDGE('',*,*,#5593,.T.);
#5593 = EDGE_CURVE('',#5586,#5570,#5594,.T.);
#5594 = LINE('',#5595,#5596);
#5595 = CARTESIAN_POINT('',(14.6,0.4,3.45));
#5596 = VECTOR('',#5597,1.);
#5597 = DIRECTION('',(0.,-1.,0.));
#5598 = PLANE('',#5599);
#5599 = AXIS2_PLACEMENT_3D('',#5600,#5601,#5602);
#5600 = CARTESIAN_POINT('',(16.05,-0.98,3.45));
#5601 = DIRECTION('',(0.,0.,-1.));
#5602 = DIRECTION('',(0.,1.,0.));
#5603 = ADVANCED_FACE('',(#5604),#5633,.T.);
#5604 = FACE_BOUND('',#5605,.T.);
#5605 = EDGE_LOOP('',(#5606,#5607,#5608,#5609,#5610,#5618,#5626,#5632));
#5606 = ORIENTED_EDGE('',*,*,#3932,.T.);
#5607 = ORIENTED_EDGE('',*,*,#5484,.T.);
#5608 = ORIENTED_EDGE('',*,*,#2409,.T.);
#5609 = ORIENTED_EDGE('',*,*,#5549,.T.);
#5610 = ORIENTED_EDGE('',*,*,#5611,.T.);
#5611 = EDGE_CURVE('',#5550,#5612,#5614,.T.);
#5612 = VERTEX_POINT('',#5613);
#5613 = CARTESIAN_POINT('',(14.4,1.044,2.6151));
#5614 = LINE('',#5615,#5616);
#5615 = CARTESIAN_POINT('',(14.4,0.5468198,3.45));
#5616 = VECTOR('',#5617,1.);
#5617 = DIRECTION('',(0.,0.511647917429,-0.859195209828));
#5618 = ORIENTED_EDGE('',*,*,#5619,.T.);
#5619 = EDGE_CURVE('',#5612,#5620,#5622,.T.);
#5620 = VERTEX_POINT('',#5621);
#5621 = CARTESIAN_POINT('',(14.4,1.52,2.6151));
#5622 = LINE('',#5623,#5624);
#5623 = CARTESIAN_POINT('',(14.4,1.044,2.6151));
#5624 = VECTOR('',#5625,1.);
#5625 = DIRECTION('',(0.,1.,0.));
#5626 = ORIENTED_EDGE('',*,*,#5627,.T.);
#5627 = EDGE_CURVE('',#5620,#4375,#5628,.T.);
#5628 = LINE('',#5629,#5630);
#5629 = CARTESIAN_POINT('',(14.4,1.52,2.6151));
#5630 = VECTOR('',#5631,1.);
#5631 = DIRECTION('',(0.,0.,-1.));
#5632 = ORIENTED_EDGE('',*,*,#4374,.T.);
#5633 = PLANE('',#5634);
#5634 = AXIS2_PLACEMENT_3D('',#5635,#5636,#5637);
#5635 = CARTESIAN_POINT('',(14.4,1.834452703854,3.573485056924));
#5636 = DIRECTION('',(1.,0.,0.));
#5637 = DIRECTION('',(0.,0.,1.));
#5638 = ADVANCED_FACE('',(#5639),#5659,.F.);
#5639 = FACE_BOUND('',#5640,.F.);
#5640 = EDGE_LOOP('',(#5641,#5647,#5648,#5654,#5655,#5656,#5657,#5658));
#5641 = ORIENTED_EDGE('',*,*,#5642,.F.);
#5642 = EDGE_CURVE('',#3949,#2449,#5643,.T.);
#5643 = LINE('',#5644,#5645);
#5644 = CARTESIAN_POINT('',(13.1,2.57,5.25));
#5645 = VECTOR('',#5646,1.);
#5646 = DIRECTION('',(0.,-1.,0.));
#5647 = ORIENTED_EDGE('',*,*,#3956,.T.);
#5648 = ORIENTED_EDGE('',*,*,#5649,.T.);
#5649 = EDGE_CURVE('',#3957,#2626,#5650,.T.);
#5650 = LINE('',#5651,#5652);
#5651 = CARTESIAN_POINT('',(11.9,2.57,5.25));
#5652 = VECTOR('',#5653,1.);
#5653 = DIRECTION('',(0.,-1.,0.));
#5654 = ORIENTED_EDGE('',*,*,#2625,.F.);
#5655 = ORIENTED_EDGE('',*,*,#2607,.T.);
#5656 = ORIENTED_EDGE('',*,*,#2551,.F.);
#5657 = ORIENTED_EDGE('',*,*,#2504,.F.);
#5658 = ORIENTED_EDGE('',*,*,#2456,.F.);
#5659 = PLANE('',#5660);
#5660 = AXIS2_PLACEMENT_3D('',#5661,#5662,#5663);
#5661 = CARTESIAN_POINT('',(13.1,2.57,5.25));
#5662 = DIRECTION('',(0.,0.,1.));
#5663 = DIRECTION('',(0.,-1.,0.));
#5664 = ADVANCED_FACE('',(#5665),#5701,.F.);
#5665 = FACE_BOUND('',#5666,.F.);
#5666 = EDGE_LOOP('',(#5667,#5668,#5669,#5670,#5678,#5686,#5694,#5700));
#5667 = ORIENTED_EDGE('',*,*,#3948,.T.);
#5668 = ORIENTED_EDGE('',*,*,#5642,.T.);
#5669 = ORIENTED_EDGE('',*,*,#2448,.T.);
#5670 = ORIENTED_EDGE('',*,*,#5671,.T.);
#5671 = EDGE_CURVE('',#2441,#5672,#5674,.T.);
#5672 = VERTEX_POINT('',#5673);
#5673 = CARTESIAN_POINT('',(13.1,0.5468198,3.45));
#5674 = LINE('',#5675,#5676);
#5675 = CARTESIAN_POINT('',(13.1,1.52,3.45));
#5676 = VECTOR('',#5677,1.);
#5677 = DIRECTION('',(0.,-1.,0.));
#5678 = ORIENTED_EDGE('',*,*,#5679,.T.);
#5679 = EDGE_CURVE('',#5672,#5680,#5682,.T.);
#5680 = VERTEX_POINT('',#5681);
#5681 = CARTESIAN_POINT('',(13.1,1.044,2.6151));
#5682 = LINE('',#5683,#5684);
#5683 = CARTESIAN_POINT('',(13.1,0.5468198,3.45));
#5684 = VECTOR('',#5685,1.);
#5685 = DIRECTION('',(0.,0.511647917429,-0.859195209828));
#5686 = ORIENTED_EDGE('',*,*,#5687,.T.);
#5687 = EDGE_CURVE('',#5680,#5688,#5690,.T.);
#5688 = VERTEX_POINT('',#5689);
#5689 = CARTESIAN_POINT('',(13.1,1.52,2.6151));
#5690 = LINE('',#5691,#5692);
#5691 = CARTESIAN_POINT('',(13.1,1.044,2.6151));
#5692 = VECTOR('',#5693,1.);
#5693 = DIRECTION('',(0.,1.,0.));
#5694 = ORIENTED_EDGE('',*,*,#5695,.T.);
#5695 = EDGE_CURVE('',#5688,#4360,#5696,.T.);
#5696 = LINE('',#5697,#5698);
#5697 = CARTESIAN_POINT('',(13.1,1.52,2.6151));
#5698 = VECTOR('',#5699,1.);
#5699 = DIRECTION('',(0.,0.,-1.));
#5700 = ORIENTED_EDGE('',*,*,#4367,.T.);
#5701 = PLANE('',#5702);
#5702 = AXIS2_PLACEMENT_3D('',#5703,#5704,#5705);
#5703 = CARTESIAN_POINT('',(13.1,1.834452703854,3.573485056924));
#5704 = DIRECTION('',(1.,0.,0.));
#5705 = DIRECTION('',(0.,0.,1.));
#5706 = ADVANCED_FACE('',(#5707,#5729),#5763,.F.);
#5707 = FACE_BOUND('',#5708,.F.);
#5708 = EDGE_LOOP('',(#5709,#5710,#5711,#5712,#5713,#5721,#5727,#5728));
#5709 = ORIENTED_EDGE('',*,*,#2479,.F.);
#5710 = ORIENTED_EDGE('',*,*,#2536,.T.);
#5711 = ORIENTED_EDGE('',*,*,#2575,.T.);
#5712 = ORIENTED_EDGE('',*,*,#2641,.F.);
#5713 = ORIENTED_EDGE('',*,*,#5714,.T.);
#5714 = EDGE_CURVE('',#2634,#5715,#5717,.T.);
#5715 = VERTEX_POINT('',#5716);
#5716 = CARTESIAN_POINT('',(11.9,0.5468198,3.45));
#5717 = LINE('',#5718,#5719);
#5718 = CARTESIAN_POINT('',(11.9,1.52,3.45));
#5719 = VECTOR('',#5720,1.);
#5720 = DIRECTION('',(0.,-1.,0.));
#5721 = ORIENTED_EDGE('',*,*,#5722,.F.);
#5722 = EDGE_CURVE('',#5672,#5715,#5723,.T.);
#5723 = LINE('',#5724,#5725);
#5724 = CARTESIAN_POINT('',(13.1,0.5468198,3.45));
#5725 = VECTOR('',#5726,1.);
#5726 = DIRECTION('',(-1.,-0.,-0.));
#5727 = ORIENTED_EDGE('',*,*,#5671,.F.);
#5728 = ORIENTED_EDGE('',*,*,#2440,.F.);
#5729 = FACE_BOUND('',#5730,.F.);
#5730 = EDGE_LOOP('',(#5731,#5741,#5749,#5757));
#5731 = ORIENTED_EDGE('',*,*,#5732,.F.);
#5732 = EDGE_CURVE('',#5733,#5735,#5737,.T.);
#5733 = VERTEX_POINT('',#5734);
#5734 = CARTESIAN_POINT('',(12.9,-0.4,3.45));
#5735 = VERTEX_POINT('',#5736);
#5736 = CARTESIAN_POINT('',(12.1,-0.4,3.45));
#5737 = LINE('',#5738,#5739);
#5738 = CARTESIAN_POINT('',(12.9,-0.4,3.45));
#5739 = VECTOR('',#5740,1.);
#5740 = DIRECTION('',(-1.,-0.,-0.));
#5741 = ORIENTED_EDGE('',*,*,#5742,.F.);
#5742 = EDGE_CURVE('',#5743,#5733,#5745,.T.);
#5743 = VERTEX_POINT('',#5744);
#5744 = CARTESIAN_POINT('',(12.9,0.4,3.45));
#5745 = LINE('',#5746,#5747);
#5746 = CARTESIAN_POINT('',(12.9,0.4,3.45));
#5747 = VECTOR('',#5748,1.);
#5748 = DIRECTION('',(0.,-1.,0.));
#5749 = ORIENTED_EDGE('',*,*,#5750,.T.);
#5750 = EDGE_CURVE('',#5743,#5751,#5753,.T.);
#5751 = VERTEX_POINT('',#5752);
#5752 = CARTESIAN_POINT('',(12.1,0.4,3.45));
#5753 = LINE('',#5754,#5755);
#5754 = CARTESIAN_POINT('',(12.9,0.4,3.45));
#5755 = VECTOR('',#5756,1.);
#5756 = DIRECTION('',(-1.,-0.,-0.));
#5757 = ORIENTED_EDGE('',*,*,#5758,.T.);
#5758 = EDGE_CURVE('',#5751,#5735,#5759,.T.);
#5759 = LINE('',#5760,#5761);
#5760 = CARTESIAN_POINT('',(12.1,0.4,3.45));
#5761 = VECTOR('',#5762,1.);
#5762 = DIRECTION('',(0.,-1.,0.));
#5763 = PLANE('',#5764);
#5764 = AXIS2_PLACEMENT_3D('',#5765,#5766,#5767);
#5765 = CARTESIAN_POINT('',(13.55,-0.98,3.45));
#5766 = DIRECTION('',(0.,0.,-1.));
#5767 = DIRECTION('',(0.,1.,0.));
#5768 = ADVANCED_FACE('',(#5769),#5798,.T.);
#5769 = FACE_BOUND('',#5770,.T.);
#5770 = EDGE_LOOP('',(#5771,#5772,#5773,#5774,#5775,#5783,#5791,#5797));
#5771 = ORIENTED_EDGE('',*,*,#3964,.T.);
#5772 = ORIENTED_EDGE('',*,*,#5649,.T.);
#5773 = ORIENTED_EDGE('',*,*,#2633,.T.);
#5774 = ORIENTED_EDGE('',*,*,#5714,.T.);
#5775 = ORIENTED_EDGE('',*,*,#5776,.T.);
#5776 = EDGE_CURVE('',#5715,#5777,#5779,.T.);
#5777 = VERTEX_POINT('',#5778);
#5778 = CARTESIAN_POINT('',(11.9,1.044,2.6151));
#5779 = LINE('',#5780,#5781);
#5780 = CARTESIAN_POINT('',(11.9,0.5468198,3.45));
#5781 = VECTOR('',#5782,1.);
#5782 = DIRECTION('',(0.,0.511647917429,-0.859195209828));
#5783 = ORIENTED_EDGE('',*,*,#5784,.T.);
#5784 = EDGE_CURVE('',#5777,#5785,#5787,.T.);
#5785 = VERTEX_POINT('',#5786);
#5786 = CARTESIAN_POINT('',(11.9,1.52,2.6151));
#5787 = LINE('',#5788,#5789);
#5788 = CARTESIAN_POINT('',(11.9,1.044,2.6151));
#5789 = VECTOR('',#5790,1.);
#5790 = DIRECTION('',(0.,1.,0.));
#5791 = ORIENTED_EDGE('',*,*,#5792,.T.);
#5792 = EDGE_CURVE('',#5785,#4352,#5793,.T.);
#5793 = LINE('',#5794,#5795);
#5794 = CARTESIAN_POINT('',(11.9,1.52,2.6151));
#5795 = VECTOR('',#5796,1.);
#5796 = DIRECTION('',(0.,0.,-1.));
#5797 = ORIENTED_EDGE('',*,*,#4351,.T.);
#5798 = PLANE('',#5799);
#5799 = AXIS2_PLACEMENT_3D('',#5800,#5801,#5802);
#5800 = CARTESIAN_POINT('',(11.9,1.834452703854,3.573485056924));
#5801 = DIRECTION('',(1.,0.,0.));
#5802 = DIRECTION('',(0.,0.,1.));
#5803 = ADVANCED_FACE('',(#5804),#5824,.F.);
#5804 = FACE_BOUND('',#5805,.F.);
#5805 = EDGE_LOOP('',(#5806,#5812,#5813,#5819,#5820,#5821,#5822,#5823));
#5806 = ORIENTED_EDGE('',*,*,#5807,.F.);
#5807 = EDGE_CURVE('',#3981,#2673,#5808,.T.);
#5808 = LINE('',#5809,#5810);
#5809 = CARTESIAN_POINT('',(10.6,2.57,5.25));
#5810 = VECTOR('',#5811,1.);
#5811 = DIRECTION('',(0.,-1.,0.));
#5812 = ORIENTED_EDGE('',*,*,#3988,.T.);
#5813 = ORIENTED_EDGE('',*,*,#5814,.T.);
#5814 = EDGE_CURVE('',#3989,#2850,#5815,.T.);
#5815 = LINE('',#5816,#5817);
#5816 = CARTESIAN_POINT('',(9.4,2.57,5.25));
#5817 = VECTOR('',#5818,1.);
#5818 = DIRECTION('',(0.,-1.,0.));
#5819 = ORIENTED_EDGE('',*,*,#2849,.F.);
#5820 = ORIENTED_EDGE('',*,*,#2831,.T.);
#5821 = ORIENTED_EDGE('',*,*,#2775,.F.);
#5822 = ORIENTED_EDGE('',*,*,#2728,.F.);
#5823 = ORIENTED_EDGE('',*,*,#2680,.F.);
#5824 = PLANE('',#5825);
#5825 = AXIS2_PLACEMENT_3D('',#5826,#5827,#5828);
#5826 = CARTESIAN_POINT('',(10.6,2.57,5.25));
#5827 = DIRECTION('',(0.,0.,1.));
#5828 = DIRECTION('',(0.,-1.,0.));
#5829 = ADVANCED_FACE('',(#5830),#5866,.F.);
#5830 = FACE_BOUND('',#5831,.F.);
#5831 = EDGE_LOOP('',(#5832,#5833,#5834,#5835,#5843,#5851,#5859,#5865));
#5832 = ORIENTED_EDGE('',*,*,#3980,.T.);
#5833 = ORIENTED_EDGE('',*,*,#5807,.T.);
#5834 = ORIENTED_EDGE('',*,*,#2672,.T.);
#5835 = ORIENTED_EDGE('',*,*,#5836,.T.);
#5836 = EDGE_CURVE('',#2665,#5837,#5839,.T.);
#5837 = VERTEX_POINT('',#5838);
#5838 = CARTESIAN_POINT('',(10.6,0.5468198,3.45));
#5839 = LINE('',#5840,#5841);
#5840 = CARTESIAN_POINT('',(10.6,1.52,3.45));
#5841 = VECTOR('',#5842,1.);
#5842 = DIRECTION('',(0.,-1.,0.));
#5843 = ORIENTED_EDGE('',*,*,#5844,.T.);
#5844 = EDGE_CURVE('',#5837,#5845,#5847,.T.);
#5845 = VERTEX_POINT('',#5846);
#5846 = CARTESIAN_POINT('',(10.6,1.044,2.6151));
#5847 = LINE('',#5848,#5849);
#5848 = CARTESIAN_POINT('',(10.6,0.5468198,3.45));
#5849 = VECTOR('',#5850,1.);
#5850 = DIRECTION('',(0.,0.511647917429,-0.859195209828));
#5851 = ORIENTED_EDGE('',*,*,#5852,.T.);
#5852 = EDGE_CURVE('',#5845,#5853,#5855,.T.);
#5853 = VERTEX_POINT('',#5854);
#5854 = CARTESIAN_POINT('',(10.6,1.52,2.6151));
#5855 = LINE('',#5856,#5857);
#5856 = CARTESIAN_POINT('',(10.6,1.044,2.6151));
#5857 = VECTOR('',#5858,1.);
#5858 = DIRECTION('',(0.,1.,0.));
#5859 = ORIENTED_EDGE('',*,*,#5860,.T.);
#5860 = EDGE_CURVE('',#5853,#4337,#5861,.T.);
#5861 = LINE('',#5862,#5863);
#5862 = CARTESIAN_POINT('',(10.6,1.52,2.6151));
#5863 = VECTOR('',#5864,1.);
#5864 = DIRECTION('',(0.,0.,-1.));
#5865 = ORIENTED_EDGE('',*,*,#4344,.T.);
#5866 = PLANE('',#5867);
#5867 = AXIS2_PLACEMENT_3D('',#5868,#5869,#5870);
#5868 = CARTESIAN_POINT('',(10.6,1.834452703854,3.573485056924));
#5869 = DIRECTION('',(1.,0.,0.));
#5870 = DIRECTION('',(0.,0.,1.));
#5871 = ADVANCED_FACE('',(#5872,#5894),#5928,.F.);
#5872 = FACE_BOUND('',#5873,.F.);
#5873 = EDGE_LOOP('',(#5874,#5875,#5876,#5877,#5878,#5886,#5892,#5893));
#5874 = ORIENTED_EDGE('',*,*,#2703,.F.);
#5875 = ORIENTED_EDGE('',*,*,#2760,.T.);
#5876 = ORIENTED_EDGE('',*,*,#2799,.T.);
#5877 = ORIENTED_EDGE('',*,*,#2865,.F.);
#5878 = ORIENTED_EDGE('',*,*,#5879,.T.);
#5879 = EDGE_CURVE('',#2858,#5880,#5882,.T.);
#5880 = VERTEX_POINT('',#5881);
#5881 = CARTESIAN_POINT('',(9.4,0.5468198,3.45));
#5882 = LINE('',#5883,#5884);
#5883 = CARTESIAN_POINT('',(9.4,1.52,3.45));
#5884 = VECTOR('',#5885,1.);
#5885 = DIRECTION('',(0.,-1.,0.));
#5886 = ORIENTED_EDGE('',*,*,#5887,.F.);
#5887 = EDGE_CURVE('',#5837,#5880,#5888,.T.);
#5888 = LINE('',#5889,#5890);
#5889 = CARTESIAN_POINT('',(10.6,0.5468198,3.45));
#5890 = VECTOR('',#5891,1.);
#5891 = DIRECTION('',(-1.,-0.,-0.));
#5892 = ORIENTED_EDGE('',*,*,#5836,.F.);
#5893 = ORIENTED_EDGE('',*,*,#2664,.F.);
#5894 = FACE_BOUND('',#5895,.F.);
#5895 = EDGE_LOOP('',(#5896,#5906,#5914,#5922));
#5896 = ORIENTED_EDGE('',*,*,#5897,.F.);
#5897 = EDGE_CURVE('',#5898,#5900,#5902,.T.);
#5898 = VERTEX_POINT('',#5899);
#5899 = CARTESIAN_POINT('',(10.4,-0.4,3.45));
#5900 = VERTEX_POINT('',#5901);
#5901 = CARTESIAN_POINT('',(9.6,-0.4,3.45));
#5902 = LINE('',#5903,#5904);
#5903 = CARTESIAN_POINT('',(10.4,-0.4,3.45));
#5904 = VECTOR('',#5905,1.);
#5905 = DIRECTION('',(-1.,-0.,-0.));
#5906 = ORIENTED_EDGE('',*,*,#5907,.F.);
#5907 = EDGE_CURVE('',#5908,#5898,#5910,.T.);
#5908 = VERTEX_POINT('',#5909);
#5909 = CARTESIAN_POINT('',(10.4,0.4,3.45));
#5910 = LINE('',#5911,#5912);
#5911 = CARTESIAN_POINT('',(10.4,0.4,3.45));
#5912 = VECTOR('',#5913,1.);
#5913 = DIRECTION('',(0.,-1.,0.));
#5914 = ORIENTED_EDGE('',*,*,#5915,.T.);
#5915 = EDGE_CURVE('',#5908,#5916,#5918,.T.);
#5916 = VERTEX_POINT('',#5917);
#5917 = CARTESIAN_POINT('',(9.6,0.4,3.45));
#5918 = LINE('',#5919,#5920);
#5919 = CARTESIAN_POINT('',(10.4,0.4,3.45));
#5920 = VECTOR('',#5921,1.);
#5921 = DIRECTION('',(-1.,-0.,-0.));
#5922 = ORIENTED_EDGE('',*,*,#5923,.T.);
#5923 = EDGE_CURVE('',#5916,#5900,#5924,.T.);
#5924 = LINE('',#5925,#5926);
#5925 = CARTESIAN_POINT('',(9.6,0.4,3.45));
#5926 = VECTOR('',#5927,1.);
#5927 = DIRECTION('',(0.,-1.,0.));
#5928 = PLANE('',#5929);
#5929 = AXIS2_PLACEMENT_3D('',#5930,#5931,#5932);
#5930 = CARTESIAN_POINT('',(11.05,-0.98,3.45));
#5931 = DIRECTION('',(0.,0.,-1.));
#5932 = DIRECTION('',(0.,1.,0.));
#5933 = ADVANCED_FACE('',(#5934),#5963,.T.);
#5934 = FACE_BOUND('',#5935,.T.);
#5935 = EDGE_LOOP('',(#5936,#5937,#5938,#5939,#5940,#5948,#5956,#5962));
#5936 = ORIENTED_EDGE('',*,*,#3996,.T.);
#5937 = ORIENTED_EDGE('',*,*,#5814,.T.);
#5938 = ORIENTED_EDGE('',*,*,#2857,.T.);
#5939 = ORIENTED_EDGE('',*,*,#5879,.T.);
#5940 = ORIENTED_EDGE('',*,*,#5941,.T.);
#5941 = EDGE_CURVE('',#5880,#5942,#5944,.T.);
#5942 = VERTEX_POINT('',#5943);
#5943 = CARTESIAN_POINT('',(9.4,1.044,2.6151));
#5944 = LINE('',#5945,#5946);
#5945 = CARTESIAN_POINT('',(9.4,0.5468198,3.45));
#5946 = VECTOR('',#5947,1.);
#5947 = DIRECTION('',(0.,0.511647917429,-0.859195209828));
#5948 = ORIENTED_EDGE('',*,*,#5949,.T.);
#5949 = EDGE_CURVE('',#5942,#5950,#5952,.T.);
#5950 = VERTEX_POINT('',#5951);
#5951 = CARTESIAN_POINT('',(9.4,1.52,2.6151));
#5952 = LINE('',#5953,#5954);
#5953 = CARTESIAN_POINT('',(9.4,1.044,2.6151));
#5954 = VECTOR('',#5955,1.);
#5955 = DIRECTION('',(0.,1.,0.));
#5956 = ORIENTED_EDGE('',*,*,#5957,.T.);
#5957 = EDGE_CURVE('',#5950,#4329,#5958,.T.);
#5958 = LINE('',#5959,#5960);
#5959 = CARTESIAN_POINT('',(9.4,1.52,2.6151));
#5960 = VECTOR('',#5961,1.);
#5961 = DIRECTION('',(0.,0.,-1.));
#5962 = ORIENTED_EDGE('',*,*,#4328,.T.);
#5963 = PLANE('',#5964);
#5964 = AXIS2_PLACEMENT_3D('',#5965,#5966,#5967);
#5965 = CARTESIAN_POINT('',(9.4,1.834452703854,3.573485056924));
#5966 = DIRECTION('',(1.,0.,0.));
#5967 = DIRECTION('',(0.,0.,1.));
#5968 = ADVANCED_FACE('',(#5969),#5989,.F.);
#5969 = FACE_BOUND('',#5970,.F.);
#5970 = EDGE_LOOP('',(#5971,#5977,#5978,#5984,#5985,#5986,#5987,#5988));
#5971 = ORIENTED_EDGE('',*,*,#5972,.F.);
#5972 = EDGE_CURVE('',#4013,#2897,#5973,.T.);
#5973 = LINE('',#5974,#5975);
#5974 = CARTESIAN_POINT('',(8.1,2.57,5.25));
#5975 = VECTOR('',#5976,1.);
#5976 = DIRECTION('',(0.,-1.,0.));
#5977 = ORIENTED_EDGE('',*,*,#4020,.T.);
#5978 = ORIENTED_EDGE('',*,*,#5979,.T.);
#5979 = EDGE_CURVE('',#4021,#3074,#5980,.T.);
#5980 = LINE('',#5981,#5982);
#5981 = CARTESIAN_POINT('',(6.9,2.57,5.25));
#5982 = VECTOR('',#5983,1.);
#5983 = DIRECTION('',(0.,-1.,0.));
#5984 = ORIENTED_EDGE('',*,*,#3073,.F.);
#5985 = ORIENTED_EDGE('',*,*,#3055,.T.);
#5986 = ORIENTED_EDGE('',*,*,#2999,.F.);
#5987 = ORIENTED_EDGE('',*,*,#2952,.F.);
#5988 = ORIENTED_EDGE('',*,*,#2904,.F.);
#5989 = PLANE('',#5990);
#5990 = AXIS2_PLACEMENT_3D('',#5991,#5992,#5993);
#5991 = CARTESIAN_POINT('',(8.1,2.57,5.25));
#5992 = DIRECTION('',(0.,0.,1.));
#5993 = DIRECTION('',(0.,-1.,0.));
#5994 = ADVANCED_FACE('',(#5995),#6031,.F.);
#5995 = FACE_BOUND('',#5996,.F.);
#5996 = EDGE_LOOP('',(#5997,#5998,#5999,#6000,#6008,#6016,#6024,#6030));
#5997 = ORIENTED_EDGE('',*,*,#4012,.T.);
#5998 = ORIENTED_EDGE('',*,*,#5972,.T.);
#5999 = ORIENTED_EDGE('',*,*,#2896,.T.);
#6000 = ORIENTED_EDGE('',*,*,#6001,.T.);
#6001 = EDGE_CURVE('',#2889,#6002,#6004,.T.);
#6002 = VERTEX_POINT('',#6003);
#6003 = CARTESIAN_POINT('',(8.1,0.5468198,3.45));
#6004 = LINE('',#6005,#6006);
#6005 = CARTESIAN_POINT('',(8.1,1.52,3.45));
#6006 = VECTOR('',#6007,1.);
#6007 = DIRECTION('',(0.,-1.,0.));
#6008 = ORIENTED_EDGE('',*,*,#6009,.T.);
#6009 = EDGE_CURVE('',#6002,#6010,#6012,.T.);
#6010 = VERTEX_POINT('',#6011);
#6011 = CARTESIAN_POINT('',(8.1,1.044,2.6151));
#6012 = LINE('',#6013,#6014);
#6013 = CARTESIAN_POINT('',(8.1,0.5468198,3.45));
#6014 = VECTOR('',#6015,1.);
#6015 = DIRECTION('',(0.,0.511647917429,-0.859195209828));
#6016 = ORIENTED_EDGE('',*,*,#6017,.T.);
#6017 = EDGE_CURVE('',#6010,#6018,#6020,.T.);
#6018 = VERTEX_POINT('',#6019);
#6019 = CARTESIAN_POINT('',(8.1,1.52,2.6151));
#6020 = LINE('',#6021,#6022);
#6021 = CARTESIAN_POINT('',(8.1,1.044,2.6151));
#6022 = VECTOR('',#6023,1.);
#6023 = DIRECTION('',(0.,1.,0.));
#6024 = ORIENTED_EDGE('',*,*,#6025,.T.);
#6025 = EDGE_CURVE('',#6018,#4314,#6026,.T.);
#6026 = LINE('',#6027,#6028);
#6027 = CARTESIAN_POINT('',(8.1,1.52,2.6151));
#6028 = VECTOR('',#6029,1.);
#6029 = DIRECTION('',(0.,0.,-1.));
#6030 = ORIENTED_EDGE('',*,*,#4321,.T.);
#6031 = PLANE('',#6032);
#6032 = AXIS2_PLACEMENT_3D('',#6033,#6034,#6035);
#6033 = CARTESIAN_POINT('',(8.1,1.834452703854,3.573485056924));
#6034 = DIRECTION('',(1.,0.,0.));
#6035 = DIRECTION('',(0.,0.,1.));
#6036 = ADVANCED_FACE('',(#6037,#6059),#6093,.F.);
#6037 = FACE_BOUND('',#6038,.F.);
#6038 = EDGE_LOOP('',(#6039,#6040,#6041,#6042,#6043,#6051,#6057,#6058));
#6039 = ORIENTED_EDGE('',*,*,#2927,.F.);
#6040 = ORIENTED_EDGE('',*,*,#2984,.T.);
#6041 = ORIENTED_EDGE('',*,*,#3023,.T.);
#6042 = ORIENTED_EDGE('',*,*,#3089,.F.);
#6043 = ORIENTED_EDGE('',*,*,#6044,.T.);
#6044 = EDGE_CURVE('',#3082,#6045,#6047,.T.);
#6045 = VERTEX_POINT('',#6046);
#6046 = CARTESIAN_POINT('',(6.9,0.5468198,3.45));
#6047 = LINE('',#6048,#6049);
#6048 = CARTESIAN_POINT('',(6.9,1.52,3.45));
#6049 = VECTOR('',#6050,1.);
#6050 = DIRECTION('',(0.,-1.,0.));
#6051 = ORIENTED_EDGE('',*,*,#6052,.F.);
#6052 = EDGE_CURVE('',#6002,#6045,#6053,.T.);
#6053 = LINE('',#6054,#6055);
#6054 = CARTESIAN_POINT('',(8.1,0.5468198,3.45));
#6055 = VECTOR('',#6056,1.);
#6056 = DIRECTION('',(-1.,-0.,-0.));
#6057 = ORIENTED_EDGE('',*,*,#6001,.F.);
#6058 = ORIENTED_EDGE('',*,*,#2888,.F.);
#6059 = FACE_BOUND('',#6060,.F.);
#6060 = EDGE_LOOP('',(#6061,#6071,#6079,#6087));
#6061 = ORIENTED_EDGE('',*,*,#6062,.F.);
#6062 = EDGE_CURVE('',#6063,#6065,#6067,.T.);
#6063 = VERTEX_POINT('',#6064);
#6064 = CARTESIAN_POINT('',(7.9,-0.4,3.45));
#6065 = VERTEX_POINT('',#6066);
#6066 = CARTESIAN_POINT('',(7.1,-0.4,3.45));
#6067 = LINE('',#6068,#6069);
#6068 = CARTESIAN_POINT('',(7.9,-0.4,3.45));
#6069 = VECTOR('',#6070,1.);
#6070 = DIRECTION('',(-1.,-0.,-0.));
#6071 = ORIENTED_EDGE('',*,*,#6072,.F.);
#6072 = EDGE_CURVE('',#6073,#6063,#6075,.T.);
#6073 = VERTEX_POINT('',#6074);
#6074 = CARTESIAN_POINT('',(7.9,0.4,3.45));
#6075 = LINE('',#6076,#6077);
#6076 = CARTESIAN_POINT('',(7.9,0.4,3.45));
#6077 = VECTOR('',#6078,1.);
#6078 = DIRECTION('',(0.,-1.,0.));
#6079 = ORIENTED_EDGE('',*,*,#6080,.T.);
#6080 = EDGE_CURVE('',#6073,#6081,#6083,.T.);
#6081 = VERTEX_POINT('',#6082);
#6082 = CARTESIAN_POINT('',(7.1,0.4,3.45));
#6083 = LINE('',#6084,#6085);
#6084 = CARTESIAN_POINT('',(7.9,0.4,3.45));
#6085 = VECTOR('',#6086,1.);
#6086 = DIRECTION('',(-1.,-0.,-0.));
#6087 = ORIENTED_EDGE('',*,*,#6088,.T.);
#6088 = EDGE_CURVE('',#6081,#6065,#6089,.T.);
#6089 = LINE('',#6090,#6091);
#6090 = CARTESIAN_POINT('',(7.1,0.4,3.45));
#6091 = VECTOR('',#6092,1.);
#6092 = DIRECTION('',(0.,-1.,0.));
#6093 = PLANE('',#6094);
#6094 = AXIS2_PLACEMENT_3D('',#6095,#6096,#6097);
#6095 = CARTESIAN_POINT('',(8.55,-0.98,3.45));
#6096 = DIRECTION('',(0.,0.,-1.));
#6097 = DIRECTION('',(0.,1.,0.));
#6098 = ADVANCED_FACE('',(#6099),#6128,.T.);
#6099 = FACE_BOUND('',#6100,.T.);
#6100 = EDGE_LOOP('',(#6101,#6102,#6103,#6104,#6105,#6113,#6121,#6127));
#6101 = ORIENTED_EDGE('',*,*,#4028,.T.);
#6102 = ORIENTED_EDGE('',*,*,#5979,.T.);
#6103 = ORIENTED_EDGE('',*,*,#3081,.T.);
#6104 = ORIENTED_EDGE('',*,*,#6044,.T.);
#6105 = ORIENTED_EDGE('',*,*,#6106,.T.);
#6106 = EDGE_CURVE('',#6045,#6107,#6109,.T.);
#6107 = VERTEX_POINT('',#6108);
#6108 = CARTESIAN_POINT('',(6.9,1.044,2.6151));
#6109 = LINE('',#6110,#6111);
#6110 = CARTESIAN_POINT('',(6.9,0.5468198,3.45));
#6111 = VECTOR('',#6112,1.);
#6112 = DIRECTION('',(0.,0.511647917429,-0.859195209828));
#6113 = ORIENTED_EDGE('',*,*,#6114,.T.);
#6114 = EDGE_CURVE('',#6107,#6115,#6117,.T.);
#6115 = VERTEX_POINT('',#6116);
#6116 = CARTESIAN_POINT('',(6.9,1.52,2.6151));
#6117 = LINE('',#6118,#6119);
#6118 = CARTESIAN_POINT('',(6.9,1.044,2.6151));
#6119 = VECTOR('',#6120,1.);
#6120 = DIRECTION('',(0.,1.,0.));
#6121 = ORIENTED_EDGE('',*,*,#6122,.T.);
#6122 = EDGE_CURVE('',#6115,#4306,#6123,.T.);
#6123 = LINE('',#6124,#6125);
#6124 = CARTESIAN_POINT('',(6.9,1.52,2.6151));
#6125 = VECTOR('',#6126,1.);
#6126 = DIRECTION('',(0.,0.,-1.));
#6127 = ORIENTED_EDGE('',*,*,#4305,.T.);
#6128 = PLANE('',#6129);
#6129 = AXIS2_PLACEMENT_3D('',#6130,#6131,#6132);
#6130 = CARTESIAN_POINT('',(6.9,1.834452703854,3.573485056924));
#6131 = DIRECTION('',(1.,0.,0.));
#6132 = DIRECTION('',(0.,0.,1.));
#6133 = ADVANCED_FACE('',(#6134),#6154,.F.);
#6134 = FACE_BOUND('',#6135,.F.);
#6135 = EDGE_LOOP('',(#6136,#6142,#6143,#6149,#6150,#6151,#6152,#6153));
#6136 = ORIENTED_EDGE('',*,*,#6137,.F.);
#6137 = EDGE_CURVE('',#4045,#3121,#6138,.T.);
#6138 = LINE('',#6139,#6140);
#6139 = CARTESIAN_POINT('',(5.6,2.57,5.25));
#6140 = VECTOR('',#6141,1.);
#6141 = DIRECTION('',(0.,-1.,0.));
#6142 = ORIENTED_EDGE('',*,*,#4052,.T.);
#6143 = ORIENTED_EDGE('',*,*,#6144,.T.);
#6144 = EDGE_CURVE('',#4053,#3298,#6145,.T.);
#6145 = LINE('',#6146,#6147);
#6146 = CARTESIAN_POINT('',(4.4,2.57,5.25));
#6147 = VECTOR('',#6148,1.);
#6148 = DIRECTION('',(0.,-1.,0.));
#6149 = ORIENTED_EDGE('',*,*,#3297,.F.);
#6150 = ORIENTED_EDGE('',*,*,#3279,.T.);
#6151 = ORIENTED_EDGE('',*,*,#3223,.F.);
#6152 = ORIENTED_EDGE('',*,*,#3176,.F.);
#6153 = ORIENTED_EDGE('',*,*,#3128,.F.);
#6154 = PLANE('',#6155);
#6155 = AXIS2_PLACEMENT_3D('',#6156,#6157,#6158);
#6156 = CARTESIAN_POINT('',(5.6,2.57,5.25));
#6157 = DIRECTION('',(0.,0.,1.));
#6158 = DIRECTION('',(0.,-1.,0.));
#6159 = ADVANCED_FACE('',(#6160),#6196,.F.);
#6160 = FACE_BOUND('',#6161,.F.);
#6161 = EDGE_LOOP('',(#6162,#6163,#6164,#6165,#6173,#6181,#6189,#6195));
#6162 = ORIENTED_EDGE('',*,*,#4044,.T.);
#6163 = ORIENTED_EDGE('',*,*,#6137,.T.);
#6164 = ORIENTED_EDGE('',*,*,#3120,.T.);
#6165 = ORIENTED_EDGE('',*,*,#6166,.T.);
#6166 = EDGE_CURVE('',#3113,#6167,#6169,.T.);
#6167 = VERTEX_POINT('',#6168);
#6168 = CARTESIAN_POINT('',(5.6,0.5468198,3.45));
#6169 = LINE('',#6170,#6171);
#6170 = CARTESIAN_POINT('',(5.6,1.52,3.45));
#6171 = VECTOR('',#6172,1.);
#6172 = DIRECTION('',(0.,-1.,0.));
#6173 = ORIENTED_EDGE('',*,*,#6174,.T.);
#6174 = EDGE_CURVE('',#6167,#6175,#6177,.T.);
#6175 = VERTEX_POINT('',#6176);
#6176 = CARTESIAN_POINT('',(5.6,1.044,2.6151));
#6177 = LINE('',#6178,#6179);
#6178 = CARTESIAN_POINT('',(5.6,0.5468198,3.45));
#6179 = VECTOR('',#6180,1.);
#6180 = DIRECTION('',(0.,0.511647917429,-0.859195209828));
#6181 = ORIENTED_EDGE('',*,*,#6182,.T.);
#6182 = EDGE_CURVE('',#6175,#6183,#6185,.T.);
#6183 = VERTEX_POINT('',#6184);
#6184 = CARTESIAN_POINT('',(5.6,1.52,2.6151));
#6185 = LINE('',#6186,#6187);
#6186 = CARTESIAN_POINT('',(5.6,1.044,2.6151));
#6187 = VECTOR('',#6188,1.);
#6188 = DIRECTION('',(0.,1.,0.));
#6189 = ORIENTED_EDGE('',*,*,#6190,.T.);
#6190 = EDGE_CURVE('',#6183,#4291,#6191,.T.);
#6191 = LINE('',#6192,#6193);
#6192 = CARTESIAN_POINT('',(5.6,1.52,2.6151));
#6193 = VECTOR('',#6194,1.);
#6194 = DIRECTION('',(0.,0.,-1.));
#6195 = ORIENTED_EDGE('',*,*,#4298,.T.);
#6196 = PLANE('',#6197);
#6197 = AXIS2_PLACEMENT_3D('',#6198,#6199,#6200);
#6198 = CARTESIAN_POINT('',(5.6,1.834452703854,3.573485056924));
#6199 = DIRECTION('',(1.,0.,0.));
#6200 = DIRECTION('',(0.,0.,1.));
#6201 = ADVANCED_FACE('',(#6202,#6224),#6258,.F.);
#6202 = FACE_BOUND('',#6203,.F.);
#6203 = EDGE_LOOP('',(#6204,#6205,#6206,#6207,#6208,#6216,#6222,#6223));
#6204 = ORIENTED_EDGE('',*,*,#3151,.F.);
#6205 = ORIENTED_EDGE('',*,*,#3208,.T.);
#6206 = ORIENTED_EDGE('',*,*,#3247,.T.);
#6207 = ORIENTED_EDGE('',*,*,#3313,.F.);
#6208 = ORIENTED_EDGE('',*,*,#6209,.T.);
#6209 = EDGE_CURVE('',#3306,#6210,#6212,.T.);
#6210 = VERTEX_POINT('',#6211);
#6211 = CARTESIAN_POINT('',(4.4,0.5468198,3.45));
#6212 = LINE('',#6213,#6214);
#6213 = CARTESIAN_POINT('',(4.4,1.52,3.45));
#6214 = VECTOR('',#6215,1.);
#6215 = DIRECTION('',(0.,-1.,0.));
#6216 = ORIENTED_EDGE('',*,*,#6217,.F.);
#6217 = EDGE_CURVE('',#6167,#6210,#6218,.T.);
#6218 = LINE('',#6219,#6220);
#6219 = CARTESIAN_POINT('',(5.6,0.5468198,3.45));
#6220 = VECTOR('',#6221,1.);
#6221 = DIRECTION('',(-1.,-0.,-0.));
#6222 = ORIENTED_EDGE('',*,*,#6166,.F.);
#6223 = ORIENTED_EDGE('',*,*,#3112,.F.);
#6224 = FACE_BOUND('',#6225,.F.);
#6225 = EDGE_LOOP('',(#6226,#6236,#6244,#6252));
#6226 = ORIENTED_EDGE('',*,*,#6227,.F.);
#6227 = EDGE_CURVE('',#6228,#6230,#6232,.T.);
#6228 = VERTEX_POINT('',#6229);
#6229 = CARTESIAN_POINT('',(5.4,-0.4,3.45));
#6230 = VERTEX_POINT('',#6231);
#6231 = CARTESIAN_POINT('',(4.6,-0.4,3.45));
#6232 = LINE('',#6233,#6234);
#6233 = CARTESIAN_POINT('',(5.4,-0.4,3.45));
#6234 = VECTOR('',#6235,1.);
#6235 = DIRECTION('',(-1.,-0.,-0.));
#6236 = ORIENTED_EDGE('',*,*,#6237,.F.);
#6237 = EDGE_CURVE('',#6238,#6228,#6240,.T.);
#6238 = VERTEX_POINT('',#6239);
#6239 = CARTESIAN_POINT('',(5.4,0.4,3.45));
#6240 = LINE('',#6241,#6242);
#6241 = CARTESIAN_POINT('',(5.4,0.4,3.45));
#6242 = VECTOR('',#6243,1.);
#6243 = DIRECTION('',(0.,-1.,0.));
#6244 = ORIENTED_EDGE('',*,*,#6245,.T.);
#6245 = EDGE_CURVE('',#6238,#6246,#6248,.T.);
#6246 = VERTEX_POINT('',#6247);
#6247 = CARTESIAN_POINT('',(4.6,0.4,3.45));
#6248 = LINE('',#6249,#6250);
#6249 = CARTESIAN_POINT('',(5.4,0.4,3.45));
#6250 = VECTOR('',#6251,1.);
#6251 = DIRECTION('',(-1.,-0.,-0.));
#6252 = ORIENTED_EDGE('',*,*,#6253,.T.);
#6253 = EDGE_CURVE('',#6246,#6230,#6254,.T.);
#6254 = LINE('',#6255,#6256);
#6255 = CARTESIAN_POINT('',(4.6,0.4,3.45));
#6256 = VECTOR('',#6257,1.);
#6257 = DIRECTION('',(0.,-1.,0.));
#6258 = PLANE('',#6259);
#6259 = AXIS2_PLACEMENT_3D('',#6260,#6261,#6262);
#6260 = CARTESIAN_POINT('',(6.05,-0.98,3.45));
#6261 = DIRECTION('',(0.,0.,-1.));
#6262 = DIRECTION('',(0.,1.,0.));
#6263 = ADVANCED_FACE('',(#6264),#6293,.T.);
#6264 = FACE_BOUND('',#6265,.T.);
#6265 = EDGE_LOOP('',(#6266,#6267,#6268,#6269,#6270,#6278,#6286,#6292));
#6266 = ORIENTED_EDGE('',*,*,#4060,.T.);
#6267 = ORIENTED_EDGE('',*,*,#6144,.T.);
#6268 = ORIENTED_EDGE('',*,*,#3305,.T.);
#6269 = ORIENTED_EDGE('',*,*,#6209,.T.);
#6270 = ORIENTED_EDGE('',*,*,#6271,.T.);
#6271 = EDGE_CURVE('',#6210,#6272,#6274,.T.);
#6272 = VERTEX_POINT('',#6273);
#6273 = CARTESIAN_POINT('',(4.4,1.044,2.6151));
#6274 = LINE('',#6275,#6276);
#6275 = CARTESIAN_POINT('',(4.4,0.5468198,3.45));
#6276 = VECTOR('',#6277,1.);
#6277 = DIRECTION('',(0.,0.511647917429,-0.859195209828));
#6278 = ORIENTED_EDGE('',*,*,#6279,.T.);
#6279 = EDGE_CURVE('',#6272,#6280,#6282,.T.);
#6280 = VERTEX_POINT('',#6281);
#6281 = CARTESIAN_POINT('',(4.4,1.52,2.6151));
#6282 = LINE('',#6283,#6284);
#6283 = CARTESIAN_POINT('',(4.4,1.044,2.6151));
#6284 = VECTOR('',#6285,1.);
#6285 = DIRECTION('',(0.,1.,0.));
#6286 = ORIENTED_EDGE('',*,*,#6287,.T.);
#6287 = EDGE_CURVE('',#6280,#4283,#6288,.T.);
#6288 = LINE('',#6289,#6290);
#6289 = CARTESIAN_POINT('',(4.4,1.52,2.6151));
#6290 = VECTOR('',#6291,1.);
#6291 = DIRECTION('',(0.,0.,-1.));
#6292 = ORIENTED_EDGE('',*,*,#4282,.T.);
#6293 = PLANE('',#6294);
#6294 = AXIS2_PLACEMENT_3D('',#6295,#6296,#6297);
#6295 = CARTESIAN_POINT('',(4.4,1.834452703854,3.573485056924));
#6296 = DIRECTION('',(1.,0.,0.));
#6297 = DIRECTION('',(0.,0.,1.));
#6298 = ADVANCED_FACE('',(#6299),#6319,.F.);
#6299 = FACE_BOUND('',#6300,.F.);
#6300 = EDGE_LOOP('',(#6301,#6307,#6308,#6314,#6315,#6316,#6317,#6318));
#6301 = ORIENTED_EDGE('',*,*,#6302,.F.);
#6302 = EDGE_CURVE('',#4077,#3345,#6303,.T.);
#6303 = LINE('',#6304,#6305);
#6304 = CARTESIAN_POINT('',(3.1,2.57,5.25));
#6305 = VECTOR('',#6306,1.);
#6306 = DIRECTION('',(0.,-1.,0.));
#6307 = ORIENTED_EDGE('',*,*,#4084,.T.);
#6308 = ORIENTED_EDGE('',*,*,#6309,.T.);
#6309 = EDGE_CURVE('',#4085,#3522,#6310,.T.);
#6310 = LINE('',#6311,#6312);
#6311 = CARTESIAN_POINT('',(1.9,2.57,5.25));
#6312 = VECTOR('',#6313,1.);
#6313 = DIRECTION('',(0.,-1.,0.));
#6314 = ORIENTED_EDGE('',*,*,#3521,.F.);
#6315 = ORIENTED_EDGE('',*,*,#3503,.T.);
#6316 = ORIENTED_EDGE('',*,*,#3447,.F.);
#6317 = ORIENTED_EDGE('',*,*,#3400,.F.);
#6318 = ORIENTED_EDGE('',*,*,#3352,.F.);
#6319 = PLANE('',#6320);
#6320 = AXIS2_PLACEMENT_3D('',#6321,#6322,#6323);
#6321 = CARTESIAN_POINT('',(3.1,2.57,5.25));
#6322 = DIRECTION('',(0.,0.,1.));
#6323 = DIRECTION('',(0.,-1.,0.));
#6324 = ADVANCED_FACE('',(#6325),#6361,.F.);
#6325 = FACE_BOUND('',#6326,.F.);
#6326 = EDGE_LOOP('',(#6327,#6328,#6329,#6330,#6338,#6346,#6354,#6360));
#6327 = ORIENTED_EDGE('',*,*,#4076,.T.);
#6328 = ORIENTED_EDGE('',*,*,#6302,.T.);
#6329 = ORIENTED_EDGE('',*,*,#3344,.T.);
#6330 = ORIENTED_EDGE('',*,*,#6331,.T.);
#6331 = EDGE_CURVE('',#3337,#6332,#6334,.T.);
#6332 = VERTEX_POINT('',#6333);
#6333 = CARTESIAN_POINT('',(3.1,0.5468198,3.45));
#6334 = LINE('',#6335,#6336);
#6335 = CARTESIAN_POINT('',(3.1,1.52,3.45));
#6336 = VECTOR('',#6337,1.);
#6337 = DIRECTION('',(0.,-1.,0.));
#6338 = ORIENTED_EDGE('',*,*,#6339,.T.);
#6339 = EDGE_CURVE('',#6332,#6340,#6342,.T.);
#6340 = VERTEX_POINT('',#6341);
#6341 = CARTESIAN_POINT('',(3.1,1.044,2.6151));
#6342 = LINE('',#6343,#6344);
#6343 = CARTESIAN_POINT('',(3.1,0.5468198,3.45));
#6344 = VECTOR('',#6345,1.);
#6345 = DIRECTION('',(0.,0.511647917429,-0.859195209828));
#6346 = ORIENTED_EDGE('',*,*,#6347,.T.);
#6347 = EDGE_CURVE('',#6340,#6348,#6350,.T.);
#6348 = VERTEX_POINT('',#6349);
#6349 = CARTESIAN_POINT('',(3.1,1.52,2.6151));
#6350 = LINE('',#6351,#6352);
#6351 = CARTESIAN_POINT('',(3.1,1.044,2.6151));
#6352 = VECTOR('',#6353,1.);
#6353 = DIRECTION('',(0.,1.,0.));
#6354 = ORIENTED_EDGE('',*,*,#6355,.T.);
#6355 = EDGE_CURVE('',#6348,#4268,#6356,.T.);
#6356 = LINE('',#6357,#6358);
#6357 = CARTESIAN_POINT('',(3.1,1.52,2.6151));
#6358 = VECTOR('',#6359,1.);
#6359 = DIRECTION('',(0.,0.,-1.));
#6360 = ORIENTED_EDGE('',*,*,#4275,.T.);
#6361 = PLANE('',#6362);
#6362 = AXIS2_PLACEMENT_3D('',#6363,#6364,#6365);
#6363 = CARTESIAN_POINT('',(3.1,1.834452703854,3.573485056924));
#6364 = DIRECTION('',(1.,0.,0.));
#6365 = DIRECTION('',(0.,0.,1.));
#6366 = ADVANCED_FACE('',(#6367,#6389),#6423,.F.);
#6367 = FACE_BOUND('',#6368,.F.);
#6368 = EDGE_LOOP('',(#6369,#6370,#6371,#6372,#6373,#6381,#6387,#6388));
#6369 = ORIENTED_EDGE('',*,*,#3375,.F.);
#6370 = ORIENTED_EDGE('',*,*,#3432,.T.);
#6371 = ORIENTED_EDGE('',*,*,#3471,.T.);
#6372 = ORIENTED_EDGE('',*,*,#3537,.F.);
#6373 = ORIENTED_EDGE('',*,*,#6374,.T.);
#6374 = EDGE_CURVE('',#3530,#6375,#6377,.T.);
#6375 = VERTEX_POINT('',#6376);
#6376 = CARTESIAN_POINT('',(1.9,0.5468198,3.45));
#6377 = LINE('',#6378,#6379);
#6378 = CARTESIAN_POINT('',(1.9,1.52,3.45));
#6379 = VECTOR('',#6380,1.);
#6380 = DIRECTION('',(0.,-1.,0.));
#6381 = ORIENTED_EDGE('',*,*,#6382,.F.);
#6382 = EDGE_CURVE('',#6332,#6375,#6383,.T.);
#6383 = LINE('',#6384,#6385);
#6384 = CARTESIAN_POINT('',(3.1,0.5468198,3.45));
#6385 = VECTOR('',#6386,1.);
#6386 = DIRECTION('',(-1.,-0.,-0.));
#6387 = ORIENTED_EDGE('',*,*,#6331,.F.);
#6388 = ORIENTED_EDGE('',*,*,#3336,.F.);
#6389 = FACE_BOUND('',#6390,.F.);
#6390 = EDGE_LOOP('',(#6391,#6401,#6409,#6417));
#6391 = ORIENTED_EDGE('',*,*,#6392,.F.);
#6392 = EDGE_CURVE('',#6393,#6395,#6397,.T.);
#6393 = VERTEX_POINT('',#6394);
#6394 = CARTESIAN_POINT('',(2.9,-0.4,3.45));
#6395 = VERTEX_POINT('',#6396);
#6396 = CARTESIAN_POINT('',(2.1,-0.4,3.45));
#6397 = LINE('',#6398,#6399);
#6398 = CARTESIAN_POINT('',(2.9,-0.4,3.45));
#6399 = VECTOR('',#6400,1.);
#6400 = DIRECTION('',(-1.,-0.,-0.));
#6401 = ORIENTED_EDGE('',*,*,#6402,.F.);
#6402 = EDGE_CURVE('',#6403,#6393,#6405,.T.);
#6403 = VERTEX_POINT('',#6404);
#6404 = CARTESIAN_POINT('',(2.9,0.4,3.45));
#6405 = LINE('',#6406,#6407);
#6406 = CARTESIAN_POINT('',(2.9,0.4,3.45));
#6407 = VECTOR('',#6408,1.);
#6408 = DIRECTION('',(0.,-1.,0.));
#6409 = ORIENTED_EDGE('',*,*,#6410,.T.);
#6410 = EDGE_CURVE('',#6403,#6411,#6413,.T.);
#6411 = VERTEX_POINT('',#6412);
#6412 = CARTESIAN_POINT('',(2.1,0.4,3.45));
#6413 = LINE('',#6414,#6415);
#6414 = CARTESIAN_POINT('',(2.9,0.4,3.45));
#6415 = VECTOR('',#6416,1.);
#6416 = DIRECTION('',(-1.,-0.,-0.));
#6417 = ORIENTED_EDGE('',*,*,#6418,.T.);
#6418 = EDGE_CURVE('',#6411,#6395,#6419,.T.);
#6419 = LINE('',#6420,#6421);
#6420 = CARTESIAN_POINT('',(2.1,0.4,3.45));
#6421 = VECTOR('',#6422,1.);
#6422 = DIRECTION('',(0.,-1.,0.));
#6423 = PLANE('',#6424);
#6424 = AXIS2_PLACEMENT_3D('',#6425,#6426,#6427);
#6425 = CARTESIAN_POINT('',(3.55,-0.98,3.45));
#6426 = DIRECTION('',(0.,0.,-1.));
#6427 = DIRECTION('',(0.,1.,0.));
#6428 = ADVANCED_FACE('',(#6429),#6458,.T.);
#6429 = FACE_BOUND('',#6430,.T.);
#6430 = EDGE_LOOP('',(#6431,#6432,#6433,#6434,#6435,#6443,#6451,#6457));
#6431 = ORIENTED_EDGE('',*,*,#4092,.T.);
#6432 = ORIENTED_EDGE('',*,*,#6309,.T.);
#6433 = ORIENTED_EDGE('',*,*,#3529,.T.);
#6434 = ORIENTED_EDGE('',*,*,#6374,.T.);
#6435 = ORIENTED_EDGE('',*,*,#6436,.T.);
#6436 = EDGE_CURVE('',#6375,#6437,#6439,.T.);
#6437 = VERTEX_POINT('',#6438);
#6438 = CARTESIAN_POINT('',(1.9,1.044,2.6151));
#6439 = LINE('',#6440,#6441);
#6440 = CARTESIAN_POINT('',(1.9,0.5468198,3.45));
#6441 = VECTOR('',#6442,1.);
#6442 = DIRECTION('',(0.,0.511647917429,-0.859195209828));
#6443 = ORIENTED_EDGE('',*,*,#6444,.T.);
#6444 = EDGE_CURVE('',#6437,#6445,#6447,.T.);
#6445 = VERTEX_POINT('',#6446);
#6446 = CARTESIAN_POINT('',(1.9,1.52,2.6151));
#6447 = LINE('',#6448,#6449);
#6448 = CARTESIAN_POINT('',(1.9,1.044,2.6151));
#6449 = VECTOR('',#6450,1.);
#6450 = DIRECTION('',(0.,1.,0.));
#6451 = ORIENTED_EDGE('',*,*,#6452,.T.);
#6452 = EDGE_CURVE('',#6445,#4260,#6453,.T.);
#6453 = LINE('',#6454,#6455);
#6454 = CARTESIAN_POINT('',(1.9,1.52,2.6151));
#6455 = VECTOR('',#6456,1.);
#6456 = DIRECTION('',(0.,0.,-1.));
#6457 = ORIENTED_EDGE('',*,*,#4259,.T.);
#6458 = PLANE('',#6459);
#6459 = AXIS2_PLACEMENT_3D('',#6460,#6461,#6462);
#6460 = CARTESIAN_POINT('',(1.9,1.834452703854,3.573485056924));
#6461 = DIRECTION('',(1.,0.,0.));
#6462 = DIRECTION('',(0.,0.,1.));
#6463 = ADVANCED_FACE('',(#6464),#6484,.F.);
#6464 = FACE_BOUND('',#6465,.F.);
#6465 = EDGE_LOOP('',(#6466,#6472,#6473,#6479,#6480,#6481,#6482,#6483));
#6466 = ORIENTED_EDGE('',*,*,#6467,.F.);
#6467 = EDGE_CURVE('',#4109,#3569,#6468,.T.);
#6468 = LINE('',#6469,#6470);
#6469 = CARTESIAN_POINT('',(0.6,2.57,5.25));
#6470 = VECTOR('',#6471,1.);
#6471 = DIRECTION('',(0.,-1.,0.));
#6472 = ORIENTED_EDGE('',*,*,#4116,.T.);
#6473 = ORIENTED_EDGE('',*,*,#6474,.T.);
#6474 = EDGE_CURVE('',#4117,#3746,#6475,.T.);
#6475 = LINE('',#6476,#6477);
#6476 = CARTESIAN_POINT('',(-0.6,2.57,5.25));
#6477 = VECTOR('',#6478,1.);
#6478 = DIRECTION('',(0.,-1.,0.));
#6479 = ORIENTED_EDGE('',*,*,#3745,.F.);
#6480 = ORIENTED_EDGE('',*,*,#3727,.T.);
#6481 = ORIENTED_EDGE('',*,*,#3671,.F.);
#6482 = ORIENTED_EDGE('',*,*,#3624,.F.);
#6483 = ORIENTED_EDGE('',*,*,#3576,.F.);
#6484 = PLANE('',#6485);
#6485 = AXIS2_PLACEMENT_3D('',#6486,#6487,#6488);
#6486 = CARTESIAN_POINT('',(0.6,2.57,5.25));
#6487 = DIRECTION('',(0.,0.,1.));
#6488 = DIRECTION('',(0.,-1.,0.));
#6489 = ADVANCED_FACE('',(#6490),#6526,.F.);
#6490 = FACE_BOUND('',#6491,.F.);
#6491 = EDGE_LOOP('',(#6492,#6493,#6494,#6495,#6503,#6511,#6519,#6525));
#6492 = ORIENTED_EDGE('',*,*,#4108,.T.);
#6493 = ORIENTED_EDGE('',*,*,#6467,.T.);
#6494 = ORIENTED_EDGE('',*,*,#3568,.T.);
#6495 = ORIENTED_EDGE('',*,*,#6496,.T.);
#6496 = EDGE_CURVE('',#3561,#6497,#6499,.T.);
#6497 = VERTEX_POINT('',#6498);
#6498 = CARTESIAN_POINT('',(0.6,0.5468198,3.45));
#6499 = LINE('',#6500,#6501);
#6500 = CARTESIAN_POINT('',(0.6,1.52,3.45));
#6501 = VECTOR('',#6502,1.);
#6502 = DIRECTION('',(0.,-1.,0.));
#6503 = ORIENTED_EDGE('',*,*,#6504,.T.);
#6504 = EDGE_CURVE('',#6497,#6505,#6507,.T.);
#6505 = VERTEX_POINT('',#6506);
#6506 = CARTESIAN_POINT('',(0.6,1.044,2.6151));
#6507 = LINE('',#6508,#6509);
#6508 = CARTESIAN_POINT('',(0.6,0.5468198,3.45));
#6509 = VECTOR('',#6510,1.);
#6510 = DIRECTION('',(0.,0.511647917429,-0.859195209828));
#6511 = ORIENTED_EDGE('',*,*,#6512,.T.);
#6512 = EDGE_CURVE('',#6505,#6513,#6515,.T.);
#6513 = VERTEX_POINT('',#6514);
#6514 = CARTESIAN_POINT('',(0.6,1.52,2.6151));
#6515 = LINE('',#6516,#6517);
#6516 = CARTESIAN_POINT('',(0.6,1.044,2.6151));
#6517 = VECTOR('',#6518,1.);
#6518 = DIRECTION('',(0.,1.,0.));
#6519 = ORIENTED_EDGE('',*,*,#6520,.T.);
#6520 = EDGE_CURVE('',#6513,#4245,#6521,.T.);
#6521 = LINE('',#6522,#6523);
#6522 = CARTESIAN_POINT('',(0.6,1.52,2.6151));
#6523 = VECTOR('',#6524,1.);
#6524 = DIRECTION('',(0.,0.,-1.));
#6525 = ORIENTED_EDGE('',*,*,#4252,.T.);
#6526 = PLANE('',#6527);
#6527 = AXIS2_PLACEMENT_3D('',#6528,#6529,#6530);
#6528 = CARTESIAN_POINT('',(0.6,1.834452703854,3.573485056924));
#6529 = DIRECTION('',(1.,0.,0.));
#6530 = DIRECTION('',(0.,0.,1.));
#6531 = ADVANCED_FACE('',(#6532,#6554),#6588,.F.);
#6532 = FACE_BOUND('',#6533,.F.);
#6533 = EDGE_LOOP('',(#6534,#6535,#6536,#6537,#6538,#6546,#6552,#6553));
#6534 = ORIENTED_EDGE('',*,*,#3599,.F.);
#6535 = ORIENTED_EDGE('',*,*,#3656,.T.);
#6536 = ORIENTED_EDGE('',*,*,#3695,.T.);
#6537 = ORIENTED_EDGE('',*,*,#3761,.F.);
#6538 = ORIENTED_EDGE('',*,*,#6539,.T.);
#6539 = EDGE_CURVE('',#3754,#6540,#6542,.T.);
#6540 = VERTEX_POINT('',#6541);
#6541 = CARTESIAN_POINT('',(-0.6,0.5468198,3.45));
#6542 = LINE('',#6543,#6544);
#6543 = CARTESIAN_POINT('',(-0.6,1.52,3.45));
#6544 = VECTOR('',#6545,1.);
#6545 = DIRECTION('',(0.,-1.,0.));
#6546 = ORIENTED_EDGE('',*,*,#6547,.F.);
#6547 = EDGE_CURVE('',#6497,#6540,#6548,.T.);
#6548 = LINE('',#6549,#6550);
#6549 = CARTESIAN_POINT('',(0.6,0.5468198,3.45));
#6550 = VECTOR('',#6551,1.);
#6551 = DIRECTION('',(-1.,-0.,-0.));
#6552 = ORIENTED_EDGE('',*,*,#6496,.F.);
#6553 = ORIENTED_EDGE('',*,*,#3560,.F.);
#6554 = FACE_BOUND('',#6555,.F.);
#6555 = EDGE_LOOP('',(#6556,#6566,#6574,#6582));
#6556 = ORIENTED_EDGE('',*,*,#6557,.F.);
#6557 = EDGE_CURVE('',#6558,#6560,#6562,.T.);
#6558 = VERTEX_POINT('',#6559);
#6559 = CARTESIAN_POINT('',(0.4,-0.4,3.45));
#6560 = VERTEX_POINT('',#6561);
#6561 = CARTESIAN_POINT('',(-0.4,-0.4,3.45));
#6562 = LINE('',#6563,#6564);
#6563 = CARTESIAN_POINT('',(0.4,-0.4,3.45));
#6564 = VECTOR('',#6565,1.);
#6565 = DIRECTION('',(-1.,-0.,-0.));
#6566 = ORIENTED_EDGE('',*,*,#6567,.F.);
#6567 = EDGE_CURVE('',#6568,#6558,#6570,.T.);
#6568 = VERTEX_POINT('',#6569);
#6569 = CARTESIAN_POINT('',(0.4,0.4,3.45));
#6570 = LINE('',#6571,#6572);
#6571 = CARTESIAN_POINT('',(0.4,0.4,3.45));
#6572 = VECTOR('',#6573,1.);
#6573 = DIRECTION('',(0.,-1.,0.));
#6574 = ORIENTED_EDGE('',*,*,#6575,.T.);
#6575 = EDGE_CURVE('',#6568,#6576,#6578,.T.);
#6576 = VERTEX_POINT('',#6577);
#6577 = CARTESIAN_POINT('',(-0.4,0.4,3.45));
#6578 = LINE('',#6579,#6580);
#6579 = CARTESIAN_POINT('',(0.4,0.4,3.45));
#6580 = VECTOR('',#6581,1.);
#6581 = DIRECTION('',(-1.,-0.,-0.));
#6582 = ORIENTED_EDGE('',*,*,#6583,.T.);
#6583 = EDGE_CURVE('',#6576,#6560,#6584,.T.);
#6584 = LINE('',#6585,#6586);
#6585 = CARTESIAN_POINT('',(-0.4,0.4,3.45));
#6586 = VECTOR('',#6587,1.);
#6587 = DIRECTION('',(0.,-1.,0.));
#6588 = PLANE('',#6589);
#6589 = AXIS2_PLACEMENT_3D('',#6590,#6591,#6592);
#6590 = CARTESIAN_POINT('',(1.05,-0.98,3.45));
#6591 = DIRECTION('',(0.,0.,-1.));
#6592 = DIRECTION('',(0.,1.,0.));
#6593 = ADVANCED_FACE('',(#6594),#6623,.T.);
#6594 = FACE_BOUND('',#6595,.T.);
#6595 = EDGE_LOOP('',(#6596,#6597,#6598,#6599,#6600,#6608,#6616,#6622));
#6596 = ORIENTED_EDGE('',*,*,#4124,.T.);
#6597 = ORIENTED_EDGE('',*,*,#6474,.T.);
#6598 = ORIENTED_EDGE('',*,*,#3753,.T.);
#6599 = ORIENTED_EDGE('',*,*,#6539,.T.);
#6600 = ORIENTED_EDGE('',*,*,#6601,.T.);
#6601 = EDGE_CURVE('',#6540,#6602,#6604,.T.);
#6602 = VERTEX_POINT('',#6603);
#6603 = CARTESIAN_POINT('',(-0.6,1.044,2.6151));
#6604 = LINE('',#6605,#6606);
#6605 = CARTESIAN_POINT('',(-0.6,0.5468198,3.45));
#6606 = VECTOR('',#6607,1.);
#6607 = DIRECTION('',(0.,0.511647917429,-0.859195209828));
#6608 = ORIENTED_EDGE('',*,*,#6609,.T.);
#6609 = EDGE_CURVE('',#6602,#6610,#6612,.T.);
#6610 = VERTEX_POINT('',#6611);
#6611 = CARTESIAN_POINT('',(-0.6,1.52,2.6151));
#6612 = LINE('',#6613,#6614);
#6613 = CARTESIAN_POINT('',(-0.6,1.044,2.6151));
#6614 = VECTOR('',#6615,1.);
#6615 = DIRECTION('',(0.,1.,0.));
#6616 = ORIENTED_EDGE('',*,*,#6617,.T.);
#6617 = EDGE_CURVE('',#6610,#4237,#6618,.T.);
#6618 = LINE('',#6619,#6620);
#6619 = CARTESIAN_POINT('',(-0.6,1.52,2.6151));
#6620 = VECTOR('',#6621,1.);
#6621 = DIRECTION('',(0.,0.,-1.));
#6622 = ORIENTED_EDGE('',*,*,#4236,.T.);
#6623 = PLANE('',#6624);
#6624 = AXIS2_PLACEMENT_3D('',#6625,#6626,#6627);
#6625 = CARTESIAN_POINT('',(-0.6,1.834452703854,3.573485056924));
#6626 = DIRECTION('',(1.,0.,0.));
#6627 = DIRECTION('',(0.,0.,1.));
#6628 = ADVANCED_FACE('',(#6629),#6640,.F.);
#6629 = FACE_BOUND('',#6630,.F.);
#6630 = EDGE_LOOP('',(#6631,#6637,#6638,#6639));
#6631 = ORIENTED_EDGE('',*,*,#6632,.T.);
#6632 = EDGE_CURVE('',#5193,#5290,#6633,.T.);
#6633 = LINE('',#6634,#6635);
#6634 = CARTESIAN_POINT('',(20.6,1.52,2.6151));
#6635 = VECTOR('',#6636,1.);
#6636 = DIRECTION('',(-1.,-0.,-0.));
#6637 = ORIENTED_EDGE('',*,*,#5297,.T.);
#6638 = ORIENTED_EDGE('',*,*,#4428,.F.);
#6639 = ORIENTED_EDGE('',*,*,#5200,.F.);
#6640 = PLANE('',#6641);
#6641 = AXIS2_PLACEMENT_3D('',#6642,#6643,#6644);
#6642 = CARTESIAN_POINT('',(20.6,1.52,2.6151));
#6643 = DIRECTION('',(0.,-1.,0.));
#6644 = DIRECTION('',(0.,0.,-1.));
#6645 = ADVANCED_FACE('',(#6646),#6657,.F.);
#6646 = FACE_BOUND('',#6647,.F.);
#6647 = EDGE_LOOP('',(#6648,#6654,#6655,#6656));
#6648 = ORIENTED_EDGE('',*,*,#6649,.T.);
#6649 = EDGE_CURVE('',#5358,#5455,#6650,.T.);
#6650 = LINE('',#6651,#6652);
#6651 = CARTESIAN_POINT('',(18.1,1.52,2.6151));
#6652 = VECTOR('',#6653,1.);
#6653 = DIRECTION('',(-1.,-0.,-0.));
#6654 = ORIENTED_EDGE('',*,*,#5462,.T.);
#6655 = ORIENTED_EDGE('',*,*,#4405,.F.);
#6656 = ORIENTED_EDGE('',*,*,#5365,.F.);
#6657 = PLANE('',#6658);
#6658 = AXIS2_PLACEMENT_3D('',#6659,#6660,#6661);
#6659 = CARTESIAN_POINT('',(18.1,1.52,2.6151));
#6660 = DIRECTION('',(0.,-1.,0.));
#6661 = DIRECTION('',(0.,0.,-1.));
#6662 = ADVANCED_FACE('',(#6663),#6674,.F.);
#6663 = FACE_BOUND('',#6664,.F.);
#6664 = EDGE_LOOP('',(#6665,#6671,#6672,#6673));
#6665 = ORIENTED_EDGE('',*,*,#6666,.T.);
#6666 = EDGE_CURVE('',#5523,#5620,#6667,.T.);
#6667 = LINE('',#6668,#6669);
#6668 = CARTESIAN_POINT('',(15.6,1.52,2.6151));
#6669 = VECTOR('',#6670,1.);
#6670 = DIRECTION('',(-1.,-0.,-0.));
#6671 = ORIENTED_EDGE('',*,*,#5627,.T.);
#6672 = ORIENTED_EDGE('',*,*,#4382,.F.);
#6673 = ORIENTED_EDGE('',*,*,#5530,.F.);
#6674 = PLANE('',#6675);
#6675 = AXIS2_PLACEMENT_3D('',#6676,#6677,#6678);
#6676 = CARTESIAN_POINT('',(15.6,1.52,2.6151));
#6677 = DIRECTION('',(0.,-1.,0.));
#6678 = DIRECTION('',(0.,0.,-1.));
#6679 = ADVANCED_FACE('',(#6680),#6691,.F.);
#6680 = FACE_BOUND('',#6681,.F.);
#6681 = EDGE_LOOP('',(#6682,#6688,#6689,#6690));
#6682 = ORIENTED_EDGE('',*,*,#6683,.T.);
#6683 = EDGE_CURVE('',#5688,#5785,#6684,.T.);
#6684 = LINE('',#6685,#6686);
#6685 = CARTESIAN_POINT('',(13.1,1.52,2.6151));
#6686 = VECTOR('',#6687,1.);
#6687 = DIRECTION('',(-1.,-0.,-0.));
#6688 = ORIENTED_EDGE('',*,*,#5792,.T.);
#6689 = ORIENTED_EDGE('',*,*,#4359,.F.);
#6690 = ORIENTED_EDGE('',*,*,#5695,.F.);
#6691 = PLANE('',#6692);
#6692 = AXIS2_PLACEMENT_3D('',#6693,#6694,#6695);
#6693 = CARTESIAN_POINT('',(13.1,1.52,2.6151));
#6694 = DIRECTION('',(0.,-1.,0.));
#6695 = DIRECTION('',(0.,0.,-1.));
#6696 = ADVANCED_FACE('',(#6697),#6708,.F.);
#6697 = FACE_BOUND('',#6698,.F.);
#6698 = EDGE_LOOP('',(#6699,#6705,#6706,#6707));
#6699 = ORIENTED_EDGE('',*,*,#6700,.T.);
#6700 = EDGE_CURVE('',#5853,#5950,#6701,.T.);
#6701 = LINE('',#6702,#6703);
#6702 = CARTESIAN_POINT('',(10.6,1.52,2.6151));
#6703 = VECTOR('',#6704,1.);
#6704 = DIRECTION('',(-1.,-0.,-0.));
#6705 = ORIENTED_EDGE('',*,*,#5957,.T.);
#6706 = ORIENTED_EDGE('',*,*,#4336,.F.);
#6707 = ORIENTED_EDGE('',*,*,#5860,.F.);
#6708 = PLANE('',#6709);
#6709 = AXIS2_PLACEMENT_3D('',#6710,#6711,#6712);
#6710 = CARTESIAN_POINT('',(10.6,1.52,2.6151));
#6711 = DIRECTION('',(0.,-1.,0.));
#6712 = DIRECTION('',(0.,0.,-1.));
#6713 = ADVANCED_FACE('',(#6714),#6725,.F.);
#6714 = FACE_BOUND('',#6715,.F.);
#6715 = EDGE_LOOP('',(#6716,#6722,#6723,#6724));
#6716 = ORIENTED_EDGE('',*,*,#6717,.T.);
#6717 = EDGE_CURVE('',#6018,#6115,#6718,.T.);
#6718 = LINE('',#6719,#6720);
#6719 = CARTESIAN_POINT('',(8.1,1.52,2.6151));
#6720 = VECTOR('',#6721,1.);
#6721 = DIRECTION('',(-1.,-0.,-0.));
#6722 = ORIENTED_EDGE('',*,*,#6122,.T.);
#6723 = ORIENTED_EDGE('',*,*,#4313,.F.);
#6724 = ORIENTED_EDGE('',*,*,#6025,.F.);
#6725 = PLANE('',#6726);
#6726 = AXIS2_PLACEMENT_3D('',#6727,#6728,#6729);
#6727 = CARTESIAN_POINT('',(8.1,1.52,2.6151));
#6728 = DIRECTION('',(0.,-1.,0.));
#6729 = DIRECTION('',(0.,0.,-1.));
#6730 = ADVANCED_FACE('',(#6731),#6742,.F.);
#6731 = FACE_BOUND('',#6732,.F.);
#6732 = EDGE_LOOP('',(#6733,#6739,#6740,#6741));
#6733 = ORIENTED_EDGE('',*,*,#6734,.T.);
#6734 = EDGE_CURVE('',#6183,#6280,#6735,.T.);
#6735 = LINE('',#6736,#6737);
#6736 = CARTESIAN_POINT('',(5.6,1.52,2.6151));
#6737 = VECTOR('',#6738,1.);
#6738 = DIRECTION('',(-1.,-0.,-0.));
#6739 = ORIENTED_EDGE('',*,*,#6287,.T.);
#6740 = ORIENTED_EDGE('',*,*,#4290,.F.);
#6741 = ORIENTED_EDGE('',*,*,#6190,.F.);
#6742 = PLANE('',#6743);
#6743 = AXIS2_PLACEMENT_3D('',#6744,#6745,#6746);
#6744 = CARTESIAN_POINT('',(5.6,1.52,2.6151));
#6745 = DIRECTION('',(0.,-1.,0.));
#6746 = DIRECTION('',(0.,0.,-1.));
#6747 = ADVANCED_FACE('',(#6748),#6759,.F.);
#6748 = FACE_BOUND('',#6749,.F.);
#6749 = EDGE_LOOP('',(#6750,#6756,#6757,#6758));
#6750 = ORIENTED_EDGE('',*,*,#6751,.T.);
#6751 = EDGE_CURVE('',#6348,#6445,#6752,.T.);
#6752 = LINE('',#6753,#6754);
#6753 = CARTESIAN_POINT('',(3.1,1.52,2.6151));
#6754 = VECTOR('',#6755,1.);
#6755 = DIRECTION('',(-1.,-0.,-0.));
#6756 = ORIENTED_EDGE('',*,*,#6452,.T.);
#6757 = ORIENTED_EDGE('',*,*,#4267,.F.);
#6758 = ORIENTED_EDGE('',*,*,#6355,.F.);
#6759 = PLANE('',#6760);
#6760 = AXIS2_PLACEMENT_3D('',#6761,#6762,#6763);
#6761 = CARTESIAN_POINT('',(3.1,1.52,2.6151));
#6762 = DIRECTION('',(0.,-1.,0.));
#6763 = DIRECTION('',(0.,0.,-1.));
#6764 = ADVANCED_FACE('',(#6765),#6776,.F.);
#6765 = FACE_BOUND('',#6766,.F.);
#6766 = EDGE_LOOP('',(#6767,#6773,#6774,#6775));
#6767 = ORIENTED_EDGE('',*,*,#6768,.T.);
#6768 = EDGE_CURVE('',#6513,#6610,#6769,.T.);
#6769 = LINE('',#6770,#6771);
#6770 = CARTESIAN_POINT('',(0.6,1.52,2.6151));
#6771 = VECTOR('',#6772,1.);
#6772 = DIRECTION('',(-1.,-0.,-0.));
#6773 = ORIENTED_EDGE('',*,*,#6617,.T.);
#6774 = ORIENTED_EDGE('',*,*,#4244,.F.);
#6775 = ORIENTED_EDGE('',*,*,#6520,.F.);
#6776 = PLANE('',#6777);
#6777 = AXIS2_PLACEMENT_3D('',#6778,#6779,#6780);
#6778 = CARTESIAN_POINT('',(0.6,1.52,2.6151));
#6779 = DIRECTION('',(0.,-1.,0.));
#6780 = DIRECTION('',(0.,0.,-1.));
#6781 = ADVANCED_FACE('',(#6782),#6788,.T.);
#6782 = FACE_BOUND('',#6783,.T.);
#6783 = EDGE_LOOP('',(#6784,#6785,#6786,#6787));
#6784 = ORIENTED_EDGE('',*,*,#4619,.T.);
#6785 = ORIENTED_EDGE('',*,*,#4949,.T.);
#6786 = ORIENTED_EDGE('',*,*,#4221,.F.);
#6787 = ORIENTED_EDGE('',*,*,#4594,.F.);
#6788 = PLANE('',#6789);
#6789 = AXIS2_PLACEMENT_3D('',#6790,#6791,#6792);
#6790 = CARTESIAN_POINT('',(24.1,0.57,2.7));
#6791 = DIRECTION('',(0.,-0.866025403784,-0.5));
#6792 = DIRECTION('',(0.,0.5,-0.866025403784));
#6793 = ADVANCED_FACE('',(#6794),#6810,.F.);
#6794 = FACE_BOUND('',#6795,.F.);
#6795 = EDGE_LOOP('',(#6796,#6802,#6803,#6809));
#6796 = ORIENTED_EDGE('',*,*,#6797,.F.);
#6797 = EDGE_CURVE('',#6558,#4629,#6798,.T.);
#6798 = LINE('',#6799,#6800);
#6799 = CARTESIAN_POINT('',(0.4,-0.4,3.45));
#6800 = VECTOR('',#6801,1.);
#6801 = DIRECTION('',(0.,0.,-1.));
#6802 = ORIENTED_EDGE('',*,*,#6557,.T.);
#6803 = ORIENTED_EDGE('',*,*,#6804,.T.);
#6804 = EDGE_CURVE('',#6560,#4631,#6805,.T.);
#6805 = LINE('',#6806,#6807);
#6806 = CARTESIAN_POINT('',(-0.4,-0.4,3.45));
#6807 = VECTOR('',#6808,1.);
#6808 = DIRECTION('',(0.,0.,-1.));
#6809 = ORIENTED_EDGE('',*,*,#4628,.F.);
#6810 = PLANE('',#6811);
#6811 = AXIS2_PLACEMENT_3D('',#6812,#6813,#6814);
#6812 = CARTESIAN_POINT('',(0.4,-0.4,3.45));
#6813 = DIRECTION('',(0.,-1.,0.));
#6814 = DIRECTION('',(0.,0.,-1.));
#6815 = ADVANCED_FACE('',(#6816),#6827,.F.);
#6816 = FACE_BOUND('',#6817,.F.);
#6817 = EDGE_LOOP('',(#6818,#6819,#6820,#6821));
#6818 = ORIENTED_EDGE('',*,*,#6567,.T.);
#6819 = ORIENTED_EDGE('',*,*,#6797,.T.);
#6820 = ORIENTED_EDGE('',*,*,#4638,.F.);
#6821 = ORIENTED_EDGE('',*,*,#6822,.T.);
#6822 = EDGE_CURVE('',#4639,#6568,#6823,.T.);
#6823 = LINE('',#6824,#6825);
#6824 = CARTESIAN_POINT('',(0.4,0.4,2.45));
#6825 = VECTOR('',#6826,1.);
#6826 = DIRECTION('',(0.,0.,1.));
#6827 = PLANE('',#6828);
#6828 = AXIS2_PLACEMENT_3D('',#6829,#6830,#6831);
#6829 = CARTESIAN_POINT('',(0.4,0.,2.95));
#6830 = DIRECTION('',(1.,0.,0.));
#6831 = DIRECTION('',(0.,0.,1.));
#6832 = ADVANCED_FACE('',(#6833),#6844,.T.);
#6833 = FACE_BOUND('',#6834,.T.);
#6834 = EDGE_LOOP('',(#6835,#6836,#6837,#6838));
#6835 = ORIENTED_EDGE('',*,*,#6583,.T.);
#6836 = ORIENTED_EDGE('',*,*,#6804,.T.);
#6837 = ORIENTED_EDGE('',*,*,#4654,.F.);
#6838 = ORIENTED_EDGE('',*,*,#6839,.T.);
#6839 = EDGE_CURVE('',#4647,#6576,#6840,.T.);
#6840 = LINE('',#6841,#6842);
#6841 = CARTESIAN_POINT('',(-0.4,0.4,2.45));
#6842 = VECTOR('',#6843,1.);
#6843 = DIRECTION('',(0.,0.,1.));
#6844 = PLANE('',#6845);
#6845 = AXIS2_PLACEMENT_3D('',#6846,#6847,#6848);
#6846 = CARTESIAN_POINT('',(-0.4,0.,2.95));
#6847 = DIRECTION('',(1.,0.,0.));
#6848 = DIRECTION('',(0.,0.,1.));
#6849 = ADVANCED_FACE('',(#6850),#6856,.F.);
#6850 = FACE_BOUND('',#6851,.F.);
#6851 = EDGE_LOOP('',(#6852,#6853,#6854,#6855));
#6852 = ORIENTED_EDGE('',*,*,#6822,.F.);
#6853 = ORIENTED_EDGE('',*,*,#4646,.F.);
#6854 = ORIENTED_EDGE('',*,*,#6839,.T.);
#6855 = ORIENTED_EDGE('',*,*,#6575,.F.);
#6856 = PLANE('',#6857);
#6857 = AXIS2_PLACEMENT_3D('',#6858,#6859,#6860);
#6858 = CARTESIAN_POINT('',(0.4,0.4,2.45));
#6859 = DIRECTION('',(0.,1.,0.));
#6860 = DIRECTION('',(0.,0.,1.));
#6861 = ADVANCED_FACE('',(#6862),#6878,.F.);
#6862 = FACE_BOUND('',#6863,.F.);
#6863 = EDGE_LOOP('',(#6864,#6870,#6871,#6877));
#6864 = ORIENTED_EDGE('',*,*,#6865,.F.);
#6865 = EDGE_CURVE('',#6393,#4663,#6866,.T.);
#6866 = LINE('',#6867,#6868);
#6867 = CARTESIAN_POINT('',(2.9,-0.4,3.45));
#6868 = VECTOR('',#6869,1.);
#6869 = DIRECTION('',(0.,0.,-1.));
#6870 = ORIENTED_EDGE('',*,*,#6392,.T.);
#6871 = ORIENTED_EDGE('',*,*,#6872,.T.);
#6872 = EDGE_CURVE('',#6395,#4665,#6873,.T.);
#6873 = LINE('',#6874,#6875);
#6874 = CARTESIAN_POINT('',(2.1,-0.4,3.45));
#6875 = VECTOR('',#6876,1.);
#6876 = DIRECTION('',(0.,0.,-1.));
#6877 = ORIENTED_EDGE('',*,*,#4662,.F.);
#6878 = PLANE('',#6879);
#6879 = AXIS2_PLACEMENT_3D('',#6880,#6881,#6882);
#6880 = CARTESIAN_POINT('',(2.9,-0.4,3.45));
#6881 = DIRECTION('',(0.,-1.,0.));
#6882 = DIRECTION('',(0.,0.,-1.));
#6883 = ADVANCED_FACE('',(#6884),#6895,.T.);
#6884 = FACE_BOUND('',#6885,.T.);
#6885 = EDGE_LOOP('',(#6886,#6887,#6888,#6889));
#6886 = ORIENTED_EDGE('',*,*,#6418,.T.);
#6887 = ORIENTED_EDGE('',*,*,#6872,.T.);
#6888 = ORIENTED_EDGE('',*,*,#4688,.F.);
#6889 = ORIENTED_EDGE('',*,*,#6890,.T.);
#6890 = EDGE_CURVE('',#4681,#6411,#6891,.T.);
#6891 = LINE('',#6892,#6893);
#6892 = CARTESIAN_POINT('',(2.1,0.4,2.45));
#6893 = VECTOR('',#6894,1.);
#6894 = DIRECTION('',(0.,0.,1.));
#6895 = PLANE('',#6896);
#6896 = AXIS2_PLACEMENT_3D('',#6897,#6898,#6899);
#6897 = CARTESIAN_POINT('',(2.1,0.,2.95));
#6898 = DIRECTION('',(1.,0.,0.));
#6899 = DIRECTION('',(0.,0.,1.));
#6900 = ADVANCED_FACE('',(#6901),#6912,.F.);
#6901 = FACE_BOUND('',#6902,.F.);
#6902 = EDGE_LOOP('',(#6903,#6909,#6910,#6911));
#6903 = ORIENTED_EDGE('',*,*,#6904,.F.);
#6904 = EDGE_CURVE('',#4673,#6403,#6905,.T.);
#6905 = LINE('',#6906,#6907);
#6906 = CARTESIAN_POINT('',(2.9,0.4,2.45));
#6907 = VECTOR('',#6908,1.);
#6908 = DIRECTION('',(0.,0.,1.));
#6909 = ORIENTED_EDGE('',*,*,#4680,.F.);
#6910 = ORIENTED_EDGE('',*,*,#6890,.T.);
#6911 = ORIENTED_EDGE('',*,*,#6410,.F.);
#6912 = PLANE('',#6913);
#6913 = AXIS2_PLACEMENT_3D('',#6914,#6915,#6916);
#6914 = CARTESIAN_POINT('',(2.9,0.4,2.45));
#6915 = DIRECTION('',(0.,1.,0.));
#6916 = DIRECTION('',(0.,0.,1.));
#6917 = ADVANCED_FACE('',(#6918),#6924,.F.);
#6918 = FACE_BOUND('',#6919,.F.);
#6919 = EDGE_LOOP('',(#6920,#6921,#6922,#6923));
#6920 = ORIENTED_EDGE('',*,*,#6402,.T.);
#6921 = ORIENTED_EDGE('',*,*,#6865,.T.);
#6922 = ORIENTED_EDGE('',*,*,#4672,.F.);
#6923 = ORIENTED_EDGE('',*,*,#6904,.T.);
#6924 = PLANE('',#6925);
#6925 = AXIS2_PLACEMENT_3D('',#6926,#6927,#6928);
#6926 = CARTESIAN_POINT('',(2.9,0.,2.95));
#6927 = DIRECTION('',(1.,0.,0.));
#6928 = DIRECTION('',(0.,0.,1.));
#6929 = ADVANCED_FACE('',(#6930),#6946,.F.);
#6930 = FACE_BOUND('',#6931,.F.);
#6931 = EDGE_LOOP('',(#6932,#6938,#6939,#6945));
#6932 = ORIENTED_EDGE('',*,*,#6933,.F.);
#6933 = EDGE_CURVE('',#6228,#4697,#6934,.T.);
#6934 = LINE('',#6935,#6936);
#6935 = CARTESIAN_POINT('',(5.4,-0.4,3.45));
#6936 = VECTOR('',#6937,1.);
#6937 = DIRECTION('',(0.,0.,-1.));
#6938 = ORIENTED_EDGE('',*,*,#6227,.T.);
#6939 = ORIENTED_EDGE('',*,*,#6940,.T.);
#6940 = EDGE_CURVE('',#6230,#4699,#6941,.T.);
#6941 = LINE('',#6942,#6943);
#6942 = CARTESIAN_POINT('',(4.6,-0.4,3.45));
#6943 = VECTOR('',#6944,1.);
#6944 = DIRECTION('',(0.,0.,-1.));
#6945 = ORIENTED_EDGE('',*,*,#4696,.F.);
#6946 = PLANE('',#6947);
#6947 = AXIS2_PLACEMENT_3D('',#6948,#6949,#6950);
#6948 = CARTESIAN_POINT('',(5.4,-0.4,3.45));
#6949 = DIRECTION('',(0.,-1.,0.));
#6950 = DIRECTION('',(0.,0.,-1.));
#6951 = ADVANCED_FACE('',(#6952),#6963,.T.);
#6952 = FACE_BOUND('',#6953,.T.);
#6953 = EDGE_LOOP('',(#6954,#6955,#6956,#6957));
#6954 = ORIENTED_EDGE('',*,*,#6253,.T.);
#6955 = ORIENTED_EDGE('',*,*,#6940,.T.);
#6956 = ORIENTED_EDGE('',*,*,#4722,.F.);
#6957 = ORIENTED_EDGE('',*,*,#6958,.T.);
#6958 = EDGE_CURVE('',#4715,#6246,#6959,.T.);
#6959 = LINE('',#6960,#6961);
#6960 = CARTESIAN_POINT('',(4.6,0.4,2.45));
#6961 = VECTOR('',#6962,1.);
#6962 = DIRECTION('',(0.,0.,1.));
#6963 = PLANE('',#6964);
#6964 = AXIS2_PLACEMENT_3D('',#6965,#6966,#6967);
#6965 = CARTESIAN_POINT('',(4.6,0.,2.95));
#6966 = DIRECTION('',(1.,0.,0.));
#6967 = DIRECTION('',(0.,0.,1.));
#6968 = ADVANCED_FACE('',(#6969),#6980,.F.);
#6969 = FACE_BOUND('',#6970,.F.);
#6970 = EDGE_LOOP('',(#6971,#6977,#6978,#6979));
#6971 = ORIENTED_EDGE('',*,*,#6972,.F.);
#6972 = EDGE_CURVE('',#4707,#6238,#6973,.T.);
#6973 = LINE('',#6974,#6975);
#6974 = CARTESIAN_POINT('',(5.4,0.4,2.45));
#6975 = VECTOR('',#6976,1.);
#6976 = DIRECTION('',(0.,0.,1.));
#6977 = ORIENTED_EDGE('',*,*,#4714,.F.);
#6978 = ORIENTED_EDGE('',*,*,#6958,.T.);
#6979 = ORIENTED_EDGE('',*,*,#6245,.F.);
#6980 = PLANE('',#6981);
#6981 = AXIS2_PLACEMENT_3D('',#6982,#6983,#6984);
#6982 = CARTESIAN_POINT('',(5.4,0.4,2.45));
#6983 = DIRECTION('',(0.,1.,0.));
#6984 = DIRECTION('',(0.,0.,1.));
#6985 = ADVANCED_FACE('',(#6986),#6992,.F.);
#6986 = FACE_BOUND('',#6987,.F.);
#6987 = EDGE_LOOP('',(#6988,#6989,#6990,#6991));
#6988 = ORIENTED_EDGE('',*,*,#6237,.T.);
#6989 = ORIENTED_EDGE('',*,*,#6933,.T.);
#6990 = ORIENTED_EDGE('',*,*,#4706,.F.);
#6991 = ORIENTED_EDGE('',*,*,#6972,.T.);
#6992 = PLANE('',#6993);
#6993 = AXIS2_PLACEMENT_3D('',#6994,#6995,#6996);
#6994 = CARTESIAN_POINT('',(5.4,0.,2.95));
#6995 = DIRECTION('',(1.,0.,0.));
#6996 = DIRECTION('',(0.,0.,1.));
#6997 = ADVANCED_FACE('',(#6998),#7014,.F.);
#6998 = FACE_BOUND('',#6999,.F.);
#6999 = EDGE_LOOP('',(#7000,#7006,#7007,#7013));
#7000 = ORIENTED_EDGE('',*,*,#7001,.F.);
#7001 = EDGE_CURVE('',#6063,#4731,#7002,.T.);
#7002 = LINE('',#7003,#7004);
#7003 = CARTESIAN_POINT('',(7.9,-0.4,3.45));
#7004 = VECTOR('',#7005,1.);
#7005 = DIRECTION('',(0.,0.,-1.));
#7006 = ORIENTED_EDGE('',*,*,#6062,.T.);
#7007 = ORIENTED_EDGE('',*,*,#7008,.T.);
#7008 = EDGE_CURVE('',#6065,#4733,#7009,.T.);
#7009 = LINE('',#7010,#7011);
#7010 = CARTESIAN_POINT('',(7.1,-0.4,3.45));
#7011 = VECTOR('',#7012,1.);
#7012 = DIRECTION('',(0.,0.,-1.));
#7013 = ORIENTED_EDGE('',*,*,#4730,.F.);
#7014 = PLANE('',#7015);
#7015 = AXIS2_PLACEMENT_3D('',#7016,#7017,#7018);
#7016 = CARTESIAN_POINT('',(7.9,-0.4,3.45));
#7017 = DIRECTION('',(0.,-1.,0.));
#7018 = DIRECTION('',(0.,0.,-1.));
#7019 = ADVANCED_FACE('',(#7020),#7031,.T.);
#7020 = FACE_BOUND('',#7021,.T.);
#7021 = EDGE_LOOP('',(#7022,#7023,#7024,#7025));
#7022 = ORIENTED_EDGE('',*,*,#6088,.T.);
#7023 = ORIENTED_EDGE('',*,*,#7008,.T.);
#7024 = ORIENTED_EDGE('',*,*,#4756,.F.);
#7025 = ORIENTED_EDGE('',*,*,#7026,.T.);
#7026 = EDGE_CURVE('',#4749,#6081,#7027,.T.);
#7027 = LINE('',#7028,#7029);
#7028 = CARTESIAN_POINT('',(7.1,0.4,2.45));
#7029 = VECTOR('',#7030,1.);
#7030 = DIRECTION('',(0.,0.,1.));
#7031 = PLANE('',#7032);
#7032 = AXIS2_PLACEMENT_3D('',#7033,#7034,#7035);
#7033 = CARTESIAN_POINT('',(7.1,0.,2.95));
#7034 = DIRECTION('',(1.,0.,0.));
#7035 = DIRECTION('',(0.,0.,1.));
#7036 = ADVANCED_FACE('',(#7037),#7048,.F.);
#7037 = FACE_BOUND('',#7038,.F.);
#7038 = EDGE_LOOP('',(#7039,#7045,#7046,#7047));
#7039 = ORIENTED_EDGE('',*,*,#7040,.F.);
#7040 = EDGE_CURVE('',#4741,#6073,#7041,.T.);
#7041 = LINE('',#7042,#7043);
#7042 = CARTESIAN_POINT('',(7.9,0.4,2.45));
#7043 = VECTOR('',#7044,1.);
#7044 = DIRECTION('',(0.,0.,1.));
#7045 = ORIENTED_EDGE('',*,*,#4748,.F.);
#7046 = ORIENTED_EDGE('',*,*,#7026,.T.);
#7047 = ORIENTED_EDGE('',*,*,#6080,.F.);
#7048 = PLANE('',#7049);
#7049 = AXIS2_PLACEMENT_3D('',#7050,#7051,#7052);
#7050 = CARTESIAN_POINT('',(7.9,0.4,2.45));
#7051 = DIRECTION('',(0.,1.,0.));
#7052 = DIRECTION('',(0.,0.,1.));
#7053 = ADVANCED_FACE('',(#7054),#7060,.F.);
#7054 = FACE_BOUND('',#7055,.F.);
#7055 = EDGE_LOOP('',(#7056,#7057,#7058,#7059));
#7056 = ORIENTED_EDGE('',*,*,#6072,.T.);
#7057 = ORIENTED_EDGE('',*,*,#7001,.T.);
#7058 = ORIENTED_EDGE('',*,*,#4740,.F.);
#7059 = ORIENTED_EDGE('',*,*,#7040,.T.);
#7060 = PLANE('',#7061);
#7061 = AXIS2_PLACEMENT_3D('',#7062,#7063,#7064);
#7062 = CARTESIAN_POINT('',(7.9,0.,2.95));
#7063 = DIRECTION('',(1.,0.,0.));
#7064 = DIRECTION('',(0.,0.,1.));
#7065 = ADVANCED_FACE('',(#7066),#7082,.F.);
#7066 = FACE_BOUND('',#7067,.F.);
#7067 = EDGE_LOOP('',(#7068,#7074,#7075,#7081));
#7068 = ORIENTED_EDGE('',*,*,#7069,.F.);
#7069 = EDGE_CURVE('',#5898,#4765,#7070,.T.);
#7070 = LINE('',#7071,#7072);
#7071 = CARTESIAN_POINT('',(10.4,-0.4,3.45));
#7072 = VECTOR('',#7073,1.);
#7073 = DIRECTION('',(0.,0.,-1.));
#7074 = ORIENTED_EDGE('',*,*,#5897,.T.);
#7075 = ORIENTED_EDGE('',*,*,#7076,.T.);
#7076 = EDGE_CURVE('',#5900,#4767,#7077,.T.);
#7077 = LINE('',#7078,#7079);
#7078 = CARTESIAN_POINT('',(9.6,-0.4,3.45));
#7079 = VECTOR('',#7080,1.);
#7080 = DIRECTION('',(0.,0.,-1.));
#7081 = ORIENTED_EDGE('',*,*,#4764,.F.);
#7082 = PLANE('',#7083);
#7083 = AXIS2_PLACEMENT_3D('',#7084,#7085,#7086);
#7084 = CARTESIAN_POINT('',(10.4,-0.4,3.45));
#7085 = DIRECTION('',(0.,-1.,0.));
#7086 = DIRECTION('',(0.,0.,-1.));
#7087 = ADVANCED_FACE('',(#7088),#7099,.T.);
#7088 = FACE_BOUND('',#7089,.T.);
#7089 = EDGE_LOOP('',(#7090,#7091,#7092,#7093));
#7090 = ORIENTED_EDGE('',*,*,#5923,.T.);
#7091 = ORIENTED_EDGE('',*,*,#7076,.T.);
#7092 = ORIENTED_EDGE('',*,*,#4790,.F.);
#7093 = ORIENTED_EDGE('',*,*,#7094,.T.);
#7094 = EDGE_CURVE('',#4783,#5916,#7095,.T.);
#7095 = LINE('',#7096,#7097);
#7096 = CARTESIAN_POINT('',(9.6,0.4,2.45));
#7097 = VECTOR('',#7098,1.);
#7098 = DIRECTION('',(0.,0.,1.));
#7099 = PLANE('',#7100);
#7100 = AXIS2_PLACEMENT_3D('',#7101,#7102,#7103);
#7101 = CARTESIAN_POINT('',(9.6,0.,2.95));
#7102 = DIRECTION('',(1.,0.,0.));
#7103 = DIRECTION('',(0.,0.,1.));
#7104 = ADVANCED_FACE('',(#7105),#7116,.F.);
#7105 = FACE_BOUND('',#7106,.F.);
#7106 = EDGE_LOOP('',(#7107,#7113,#7114,#7115));
#7107 = ORIENTED_EDGE('',*,*,#7108,.F.);
#7108 = EDGE_CURVE('',#4775,#5908,#7109,.T.);
#7109 = LINE('',#7110,#7111);
#7110 = CARTESIAN_POINT('',(10.4,0.4,2.45));
#7111 = VECTOR('',#7112,1.);
#7112 = DIRECTION('',(0.,0.,1.));
#7113 = ORIENTED_EDGE('',*,*,#4782,.F.);
#7114 = ORIENTED_EDGE('',*,*,#7094,.T.);
#7115 = ORIENTED_EDGE('',*,*,#5915,.F.);
#7116 = PLANE('',#7117);
#7117 = AXIS2_PLACEMENT_3D('',#7118,#7119,#7120);
#7118 = CARTESIAN_POINT('',(10.4,0.4,2.45));
#7119 = DIRECTION('',(0.,1.,0.));
#7120 = DIRECTION('',(0.,0.,1.));
#7121 = ADVANCED_FACE('',(#7122),#7128,.F.);
#7122 = FACE_BOUND('',#7123,.F.);
#7123 = EDGE_LOOP('',(#7124,#7125,#7126,#7127));
#7124 = ORIENTED_EDGE('',*,*,#5907,.T.);
#7125 = ORIENTED_EDGE('',*,*,#7069,.T.);
#7126 = ORIENTED_EDGE('',*,*,#4774,.F.);
#7127 = ORIENTED_EDGE('',*,*,#7108,.T.);
#7128 = PLANE('',#7129);
#7129 = AXIS2_PLACEMENT_3D('',#7130,#7131,#7132);
#7130 = CARTESIAN_POINT('',(10.4,0.,2.95));
#7131 = DIRECTION('',(1.,0.,0.));
#7132 = DIRECTION('',(0.,0.,1.));
#7133 = ADVANCED_FACE('',(#7134),#7150,.F.);
#7134 = FACE_BOUND('',#7135,.F.);
#7135 = EDGE_LOOP('',(#7136,#7142,#7143,#7149));
#7136 = ORIENTED_EDGE('',*,*,#7137,.F.);
#7137 = EDGE_CURVE('',#5733,#4799,#7138,.T.);
#7138 = LINE('',#7139,#7140);
#7139 = CARTESIAN_POINT('',(12.9,-0.4,3.45));
#7140 = VECTOR('',#7141,1.);
#7141 = DIRECTION('',(0.,0.,-1.));
#7142 = ORIENTED_EDGE('',*,*,#5732,.T.);
#7143 = ORIENTED_EDGE('',*,*,#7144,.T.);
#7144 = EDGE_CURVE('',#5735,#4801,#7145,.T.);
#7145 = LINE('',#7146,#7147);
#7146 = CARTESIAN_POINT('',(12.1,-0.4,3.45));
#7147 = VECTOR('',#7148,1.);
#7148 = DIRECTION('',(0.,0.,-1.));
#7149 = ORIENTED_EDGE('',*,*,#4798,.F.);
#7150 = PLANE('',#7151);
#7151 = AXIS2_PLACEMENT_3D('',#7152,#7153,#7154);
#7152 = CARTESIAN_POINT('',(12.9,-0.4,3.45));
#7153 = DIRECTION('',(0.,-1.,0.));
#7154 = DIRECTION('',(0.,0.,-1.));
#7155 = ADVANCED_FACE('',(#7156),#7167,.T.);
#7156 = FACE_BOUND('',#7157,.T.);
#7157 = EDGE_LOOP('',(#7158,#7159,#7160,#7161));
#7158 = ORIENTED_EDGE('',*,*,#5758,.T.);
#7159 = ORIENTED_EDGE('',*,*,#7144,.T.);
#7160 = ORIENTED_EDGE('',*,*,#4824,.F.);
#7161 = ORIENTED_EDGE('',*,*,#7162,.T.);
#7162 = EDGE_CURVE('',#4817,#5751,#7163,.T.);
#7163 = LINE('',#7164,#7165);
#7164 = CARTESIAN_POINT('',(12.1,0.4,2.45));
#7165 = VECTOR('',#7166,1.);
#7166 = DIRECTION('',(0.,0.,1.));
#7167 = PLANE('',#7168);
#7168 = AXIS2_PLACEMENT_3D('',#7169,#7170,#7171);
#7169 = CARTESIAN_POINT('',(12.1,0.,2.95));
#7170 = DIRECTION('',(1.,0.,0.));
#7171 = DIRECTION('',(0.,0.,1.));
#7172 = ADVANCED_FACE('',(#7173),#7184,.F.);
#7173 = FACE_BOUND('',#7174,.F.);
#7174 = EDGE_LOOP('',(#7175,#7181,#7182,#7183));
#7175 = ORIENTED_EDGE('',*,*,#7176,.F.);
#7176 = EDGE_CURVE('',#4809,#5743,#7177,.T.);
#7177 = LINE('',#7178,#7179);
#7178 = CARTESIAN_POINT('',(12.9,0.4,2.45));
#7179 = VECTOR('',#7180,1.);
#7180 = DIRECTION('',(0.,0.,1.));
#7181 = ORIENTED_EDGE('',*,*,#4816,.F.);
#7182 = ORIENTED_EDGE('',*,*,#7162,.T.);
#7183 = ORIENTED_EDGE('',*,*,#5750,.F.);
#7184 = PLANE('',#7185);
#7185 = AXIS2_PLACEMENT_3D('',#7186,#7187,#7188);
#7186 = CARTESIAN_POINT('',(12.9,0.4,2.45));
#7187 = DIRECTION('',(0.,1.,0.));
#7188 = DIRECTION('',(0.,0.,1.));
#7189 = ADVANCED_FACE('',(#7190),#7196,.F.);
#7190 = FACE_BOUND('',#7191,.F.);
#7191 = EDGE_LOOP('',(#7192,#7193,#7194,#7195));
#7192 = ORIENTED_EDGE('',*,*,#5742,.T.);
#7193 = ORIENTED_EDGE('',*,*,#7137,.T.);
#7194 = ORIENTED_EDGE('',*,*,#4808,.F.);
#7195 = ORIENTED_EDGE('',*,*,#7176,.T.);
#7196 = PLANE('',#7197);
#7197 = AXIS2_PLACEMENT_3D('',#7198,#7199,#7200);
#7198 = CARTESIAN_POINT('',(12.9,0.,2.95));
#7199 = DIRECTION('',(1.,0.,0.));
#7200 = DIRECTION('',(0.,0.,1.));
#7201 = ADVANCED_FACE('',(#7202),#7218,.F.);
#7202 = FACE_BOUND('',#7203,.F.);
#7203 = EDGE_LOOP('',(#7204,#7210,#7211,#7217));
#7204 = ORIENTED_EDGE('',*,*,#7205,.F.);
#7205 = EDGE_CURVE('',#5568,#4833,#7206,.T.);
#7206 = LINE('',#7207,#7208);
#7207 = CARTESIAN_POINT('',(15.4,-0.4,3.45));
#7208 = VECTOR('',#7209,1.);
#7209 = DIRECTION('',(0.,0.,-1.));
#7210 = ORIENTED_EDGE('',*,*,#5567,.T.);
#7211 = ORIENTED_EDGE('',*,*,#7212,.T.);
#7212 = EDGE_CURVE('',#5570,#4835,#7213,.T.);
#7213 = LINE('',#7214,#7215);
#7214 = CARTESIAN_POINT('',(14.6,-0.4,3.45));
#7215 = VECTOR('',#7216,1.);
#7216 = DIRECTION('',(0.,0.,-1.));
#7217 = ORIENTED_EDGE('',*,*,#4832,.F.);
#7218 = PLANE('',#7219);
#7219 = AXIS2_PLACEMENT_3D('',#7220,#7221,#7222);
#7220 = CARTESIAN_POINT('',(15.4,-0.4,3.45));
#7221 = DIRECTION('',(0.,-1.,0.));
#7222 = DIRECTION('',(0.,0.,-1.));
#7223 = ADVANCED_FACE('',(#7224),#7235,.T.);
#7224 = FACE_BOUND('',#7225,.T.);
#7225 = EDGE_LOOP('',(#7226,#7227,#7228,#7229));
#7226 = ORIENTED_EDGE('',*,*,#5593,.T.);
#7227 = ORIENTED_EDGE('',*,*,#7212,.T.);
#7228 = ORIENTED_EDGE('',*,*,#4858,.F.);
#7229 = ORIENTED_EDGE('',*,*,#7230,.T.);
#7230 = EDGE_CURVE('',#4851,#5586,#7231,.T.);
#7231 = LINE('',#7232,#7233);
#7232 = CARTESIAN_POINT('',(14.6,0.4,2.45));
#7233 = VECTOR('',#7234,1.);
#7234 = DIRECTION('',(0.,0.,1.));
#7235 = PLANE('',#7236);
#7236 = AXIS2_PLACEMENT_3D('',#7237,#7238,#7239);
#7237 = CARTESIAN_POINT('',(14.6,0.,2.95));
#7238 = DIRECTION('',(1.,0.,0.));
#7239 = DIRECTION('',(0.,0.,1.));
#7240 = ADVANCED_FACE('',(#7241),#7252,.F.);
#7241 = FACE_BOUND('',#7242,.F.);
#7242 = EDGE_LOOP('',(#7243,#7249,#7250,#7251));
#7243 = ORIENTED_EDGE('',*,*,#7244,.F.);
#7244 = EDGE_CURVE('',#4843,#5578,#7245,.T.);
#7245 = LINE('',#7246,#7247);
#7246 = CARTESIAN_POINT('',(15.4,0.4,2.45));
#7247 = VECTOR('',#7248,1.);
#7248 = DIRECTION('',(0.,0.,1.));
#7249 = ORIENTED_EDGE('',*,*,#4850,.F.);
#7250 = ORIENTED_EDGE('',*,*,#7230,.T.);
#7251 = ORIENTED_EDGE('',*,*,#5585,.F.);
#7252 = PLANE('',#7253);
#7253 = AXIS2_PLACEMENT_3D('',#7254,#7255,#7256);
#7254 = CARTESIAN_POINT('',(15.4,0.4,2.45));
#7255 = DIRECTION('',(0.,1.,0.));
#7256 = DIRECTION('',(0.,0.,1.));
#7257 = ADVANCED_FACE('',(#7258),#7264,.F.);
#7258 = FACE_BOUND('',#7259,.F.);
#7259 = EDGE_LOOP('',(#7260,#7261,#7262,#7263));
#7260 = ORIENTED_EDGE('',*,*,#5577,.T.);
#7261 = ORIENTED_EDGE('',*,*,#7205,.T.);
#7262 = ORIENTED_EDGE('',*,*,#4842,.F.);
#7263 = ORIENTED_EDGE('',*,*,#7244,.T.);
#7264 = PLANE('',#7265);
#7265 = AXIS2_PLACEMENT_3D('',#7266,#7267,#7268);
#7266 = CARTESIAN_POINT('',(15.4,0.,2.95));
#7267 = DIRECTION('',(1.,0.,0.));
#7268 = DIRECTION('',(0.,0.,1.));
#7269 = ADVANCED_FACE('',(#7270),#7286,.F.);
#7270 = FACE_BOUND('',#7271,.F.);
#7271 = EDGE_LOOP('',(#7272,#7278,#7279,#7285));
#7272 = ORIENTED_EDGE('',*,*,#7273,.F.);
#7273 = EDGE_CURVE('',#5403,#4867,#7274,.T.);
#7274 = LINE('',#7275,#7276);
#7275 = CARTESIAN_POINT('',(17.9,-0.4,3.45));
#7276 = VECTOR('',#7277,1.);
#7277 = DIRECTION('',(0.,0.,-1.));
#7278 = ORIENTED_EDGE('',*,*,#5402,.T.);
#7279 = ORIENTED_EDGE('',*,*,#7280,.T.);
#7280 = EDGE_CURVE('',#5405,#4869,#7281,.T.);
#7281 = LINE('',#7282,#7283);
#7282 = CARTESIAN_POINT('',(17.1,-0.4,3.45));
#7283 = VECTOR('',#7284,1.);
#7284 = DIRECTION('',(0.,0.,-1.));
#7285 = ORIENTED_EDGE('',*,*,#4866,.F.);
#7286 = PLANE('',#7287);
#7287 = AXIS2_PLACEMENT_3D('',#7288,#7289,#7290);
#7288 = CARTESIAN_POINT('',(17.9,-0.4,3.45));
#7289 = DIRECTION('',(0.,-1.,0.));
#7290 = DIRECTION('',(0.,0.,-1.));
#7291 = ADVANCED_FACE('',(#7292),#7303,.T.);
#7292 = FACE_BOUND('',#7293,.T.);
#7293 = EDGE_LOOP('',(#7294,#7295,#7296,#7297));
#7294 = ORIENTED_EDGE('',*,*,#5428,.T.);
#7295 = ORIENTED_EDGE('',*,*,#7280,.T.);
#7296 = ORIENTED_EDGE('',*,*,#4892,.F.);
#7297 = ORIENTED_EDGE('',*,*,#7298,.T.);
#7298 = EDGE_CURVE('',#4885,#5421,#7299,.T.);
#7299 = LINE('',#7300,#7301);
#7300 = CARTESIAN_POINT('',(17.1,0.4,2.45));
#7301 = VECTOR('',#7302,1.);
#7302 = DIRECTION('',(0.,0.,1.));
#7303 = PLANE('',#7304);
#7304 = AXIS2_PLACEMENT_3D('',#7305,#7306,#7307);
#7305 = CARTESIAN_POINT('',(17.1,0.,2.95));
#7306 = DIRECTION('',(1.,0.,0.));
#7307 = DIRECTION('',(0.,0.,1.));
#7308 = ADVANCED_FACE('',(#7309),#7320,.F.);
#7309 = FACE_BOUND('',#7310,.F.);
#7310 = EDGE_LOOP('',(#7311,#7317,#7318,#7319));
#7311 = ORIENTED_EDGE('',*,*,#7312,.F.);
#7312 = EDGE_CURVE('',#4877,#5413,#7313,.T.);
#7313 = LINE('',#7314,#7315);
#7314 = CARTESIAN_POINT('',(17.9,0.4,2.45));
#7315 = VECTOR('',#7316,1.);
#7316 = DIRECTION('',(0.,0.,1.));
#7317 = ORIENTED_EDGE('',*,*,#4884,.F.);
#7318 = ORIENTED_EDGE('',*,*,#7298,.T.);
#7319 = ORIENTED_EDGE('',*,*,#5420,.F.);
#7320 = PLANE('',#7321);
#7321 = AXIS2_PLACEMENT_3D('',#7322,#7323,#7324);
#7322 = CARTESIAN_POINT('',(17.9,0.4,2.45));
#7323 = DIRECTION('',(0.,1.,0.));
#7324 = DIRECTION('',(0.,0.,1.));
#7325 = ADVANCED_FACE('',(#7326),#7332,.F.);
#7326 = FACE_BOUND('',#7327,.F.);
#7327 = EDGE_LOOP('',(#7328,#7329,#7330,#7331));
#7328 = ORIENTED_EDGE('',*,*,#5412,.T.);
#7329 = ORIENTED_EDGE('',*,*,#7273,.T.);
#7330 = ORIENTED_EDGE('',*,*,#4876,.F.);
#7331 = ORIENTED_EDGE('',*,*,#7312,.T.);
#7332 = PLANE('',#7333);
#7333 = AXIS2_PLACEMENT_3D('',#7334,#7335,#7336);
#7334 = CARTESIAN_POINT('',(17.9,0.,2.95));
#7335 = DIRECTION('',(1.,0.,0.));
#7336 = DIRECTION('',(0.,0.,1.));
#7337 = ADVANCED_FACE('',(#7338),#7354,.F.);
#7338 = FACE_BOUND('',#7339,.F.);
#7339 = EDGE_LOOP('',(#7340,#7346,#7347,#7353));
#7340 = ORIENTED_EDGE('',*,*,#7341,.F.);
#7341 = EDGE_CURVE('',#5238,#4901,#7342,.T.);
#7342 = LINE('',#7343,#7344);
#7343 = CARTESIAN_POINT('',(20.4,-0.4,3.45));
#7344 = VECTOR('',#7345,1.);
#7345 = DIRECTION('',(0.,0.,-1.));
#7346 = ORIENTED_EDGE('',*,*,#5237,.T.);
#7347 = ORIENTED_EDGE('',*,*,#7348,.T.);
#7348 = EDGE_CURVE('',#5240,#4903,#7349,.T.);
#7349 = LINE('',#7350,#7351);
#7350 = CARTESIAN_POINT('',(19.6,-0.4,3.45));
#7351 = VECTOR('',#7352,1.);
#7352 = DIRECTION('',(0.,0.,-1.));
#7353 = ORIENTED_EDGE('',*,*,#4900,.F.);
#7354 = PLANE('',#7355);
#7355 = AXIS2_PLACEMENT_3D('',#7356,#7357,#7358);
#7356 = CARTESIAN_POINT('',(20.4,-0.4,3.45));
#7357 = DIRECTION('',(0.,-1.,0.));
#7358 = DIRECTION('',(0.,0.,-1.));
#7359 = ADVANCED_FACE('',(#7360),#7371,.T.);
#7360 = FACE_BOUND('',#7361,.T.);
#7361 = EDGE_LOOP('',(#7362,#7363,#7364,#7365));
#7362 = ORIENTED_EDGE('',*,*,#5263,.T.);
#7363 = ORIENTED_EDGE('',*,*,#7348,.T.);
#7364 = ORIENTED_EDGE('',*,*,#4926,.F.);
#7365 = ORIENTED_EDGE('',*,*,#7366,.T.);
#7366 = EDGE_CURVE('',#4919,#5256,#7367,.T.);
#7367 = LINE('',#7368,#7369);
#7368 = CARTESIAN_POINT('',(19.6,0.4,2.45));
#7369 = VECTOR('',#7370,1.);
#7370 = DIRECTION('',(0.,0.,1.));
#7371 = PLANE('',#7372);
#7372 = AXIS2_PLACEMENT_3D('',#7373,#7374,#7375);
#7373 = CARTESIAN_POINT('',(19.6,0.,2.95));
#7374 = DIRECTION('',(1.,0.,0.));
#7375 = DIRECTION('',(0.,0.,1.));
#7376 = ADVANCED_FACE('',(#7377),#7388,.F.);
#7377 = FACE_BOUND('',#7378,.F.);
#7378 = EDGE_LOOP('',(#7379,#7385,#7386,#7387));
#7379 = ORIENTED_EDGE('',*,*,#7380,.F.);
#7380 = EDGE_CURVE('',#4911,#5248,#7381,.T.);
#7381 = LINE('',#7382,#7383);
#7382 = CARTESIAN_POINT('',(20.4,0.4,2.45));
#7383 = VECTOR('',#7384,1.);
#7384 = DIRECTION('',(0.,0.,1.));
#7385 = ORIENTED_EDGE('',*,*,#4918,.F.);
#7386 = ORIENTED_EDGE('',*,*,#7366,.T.);
#7387 = ORIENTED_EDGE('',*,*,#5255,.F.);
#7388 = PLANE('',#7389);
#7389 = AXIS2_PLACEMENT_3D('',#7390,#7391,#7392);
#7390 = CARTESIAN_POINT('',(20.4,0.4,2.45));
#7391 = DIRECTION('',(0.,1.,0.));
#7392 = DIRECTION('',(0.,0.,1.));
#7393 = ADVANCED_FACE('',(#7394),#7400,.F.);
#7394 = FACE_BOUND('',#7395,.F.);
#7395 = EDGE_LOOP('',(#7396,#7397,#7398,#7399));
#7396 = ORIENTED_EDGE('',*,*,#5247,.T.);
#7397 = ORIENTED_EDGE('',*,*,#7341,.T.);
#7398 = ORIENTED_EDGE('',*,*,#4910,.F.);
#7399 = ORIENTED_EDGE('',*,*,#7380,.T.);
#7400 = PLANE('',#7401);
#7401 = AXIS2_PLACEMENT_3D('',#7402,#7403,#7404);
#7402 = CARTESIAN_POINT('',(20.4,0.,2.95));
#7403 = DIRECTION('',(1.,0.,0.));
#7404 = DIRECTION('',(0.,0.,1.));
#7405 = ADVANCED_FACE('',(#7406),#7417,.F.);
#7406 = FACE_BOUND('',#7407,.F.);
#7407 = EDGE_LOOP('',(#7408,#7409,#7410,#7416));
#7408 = ORIENTED_EDGE('',*,*,#5227,.T.);
#7409 = ORIENTED_EDGE('',*,*,#5281,.T.);
#7410 = ORIENTED_EDGE('',*,*,#7411,.F.);
#7411 = EDGE_CURVE('',#5185,#5282,#7412,.T.);
#7412 = LINE('',#7413,#7414);
#7413 = CARTESIAN_POINT('',(20.6,1.044,2.6151));
#7414 = VECTOR('',#7415,1.);
#7415 = DIRECTION('',(-1.,-0.,-0.));
#7416 = ORIENTED_EDGE('',*,*,#5184,.F.);
#7417 = PLANE('',#7418);
#7418 = AXIS2_PLACEMENT_3D('',#7419,#7420,#7421);
#7419 = CARTESIAN_POINT('',(20.6,0.5468198,3.45));
#7420 = DIRECTION('',(0.,-0.859195209828,-0.511647917429));
#7421 = DIRECTION('',(0.,0.511647917429,-0.859195209828));
#7422 = ADVANCED_FACE('',(#7423),#7429,.F.);
#7423 = FACE_BOUND('',#7424,.F.);
#7424 = EDGE_LOOP('',(#7425,#7426,#7427,#7428));
#7425 = ORIENTED_EDGE('',*,*,#7411,.T.);
#7426 = ORIENTED_EDGE('',*,*,#5289,.T.);
#7427 = ORIENTED_EDGE('',*,*,#6632,.F.);
#7428 = ORIENTED_EDGE('',*,*,#5192,.F.);
#7429 = PLANE('',#7430);
#7430 = AXIS2_PLACEMENT_3D('',#7431,#7432,#7433);
#7431 = CARTESIAN_POINT('',(20.6,1.044,2.6151));
#7432 = DIRECTION('',(0.,0.,-1.));
#7433 = DIRECTION('',(0.,1.,0.));
#7434 = ADVANCED_FACE('',(#7435),#7446,.F.);
#7435 = FACE_BOUND('',#7436,.F.);
#7436 = EDGE_LOOP('',(#7437,#7438,#7439,#7445));
#7437 = ORIENTED_EDGE('',*,*,#5392,.T.);
#7438 = ORIENTED_EDGE('',*,*,#5446,.T.);
#7439 = ORIENTED_EDGE('',*,*,#7440,.F.);
#7440 = EDGE_CURVE('',#5350,#5447,#7441,.T.);
#7441 = LINE('',#7442,#7443);
#7442 = CARTESIAN_POINT('',(18.1,1.044,2.6151));
#7443 = VECTOR('',#7444,1.);
#7444 = DIRECTION('',(-1.,-0.,-0.));
#7445 = ORIENTED_EDGE('',*,*,#5349,.F.);
#7446 = PLANE('',#7447);
#7447 = AXIS2_PLACEMENT_3D('',#7448,#7449,#7450);
#7448 = CARTESIAN_POINT('',(18.1,0.5468198,3.45));
#7449 = DIRECTION('',(0.,-0.859195209828,-0.511647917429));
#7450 = DIRECTION('',(0.,0.511647917429,-0.859195209828));
#7451 = ADVANCED_FACE('',(#7452),#7458,.F.);
#7452 = FACE_BOUND('',#7453,.F.);
#7453 = EDGE_LOOP('',(#7454,#7455,#7456,#7457));
#7454 = ORIENTED_EDGE('',*,*,#7440,.T.);
#7455 = ORIENTED_EDGE('',*,*,#5454,.T.);
#7456 = ORIENTED_EDGE('',*,*,#6649,.F.);
#7457 = ORIENTED_EDGE('',*,*,#5357,.F.);
#7458 = PLANE('',#7459);
#7459 = AXIS2_PLACEMENT_3D('',#7460,#7461,#7462);
#7460 = CARTESIAN_POINT('',(18.1,1.044,2.6151));
#7461 = DIRECTION('',(0.,0.,-1.));
#7462 = DIRECTION('',(0.,1.,0.));
#7463 = ADVANCED_FACE('',(#7464),#7475,.F.);
#7464 = FACE_BOUND('',#7465,.F.);
#7465 = EDGE_LOOP('',(#7466,#7467,#7468,#7474));
#7466 = ORIENTED_EDGE('',*,*,#5557,.T.);
#7467 = ORIENTED_EDGE('',*,*,#5611,.T.);
#7468 = ORIENTED_EDGE('',*,*,#7469,.F.);
#7469 = EDGE_CURVE('',#5515,#5612,#7470,.T.);
#7470 = LINE('',#7471,#7472);
#7471 = CARTESIAN_POINT('',(15.6,1.044,2.6151));
#7472 = VECTOR('',#7473,1.);
#7473 = DIRECTION('',(-1.,-0.,-0.));
#7474 = ORIENTED_EDGE('',*,*,#5514,.F.);
#7475 = PLANE('',#7476);
#7476 = AXIS2_PLACEMENT_3D('',#7477,#7478,#7479);
#7477 = CARTESIAN_POINT('',(15.6,0.5468198,3.45));
#7478 = DIRECTION('',(0.,-0.859195209828,-0.511647917429));
#7479 = DIRECTION('',(0.,0.511647917429,-0.859195209828));
#7480 = ADVANCED_FACE('',(#7481),#7487,.F.);
#7481 = FACE_BOUND('',#7482,.F.);
#7482 = EDGE_LOOP('',(#7483,#7484,#7485,#7486));
#7483 = ORIENTED_EDGE('',*,*,#7469,.T.);
#7484 = ORIENTED_EDGE('',*,*,#5619,.T.);
#7485 = ORIENTED_EDGE('',*,*,#6666,.F.);
#7486 = ORIENTED_EDGE('',*,*,#5522,.F.);
#7487 = PLANE('',#7488);
#7488 = AXIS2_PLACEMENT_3D('',#7489,#7490,#7491);
#7489 = CARTESIAN_POINT('',(15.6,1.044,2.6151));
#7490 = DIRECTION('',(0.,0.,-1.));
#7491 = DIRECTION('',(0.,1.,0.));
#7492 = ADVANCED_FACE('',(#7493),#7504,.F.);
#7493 = FACE_BOUND('',#7494,.F.);
#7494 = EDGE_LOOP('',(#7495,#7496,#7497,#7503));
#7495 = ORIENTED_EDGE('',*,*,#5722,.T.);
#7496 = ORIENTED_EDGE('',*,*,#5776,.T.);
#7497 = ORIENTED_EDGE('',*,*,#7498,.F.);
#7498 = EDGE_CURVE('',#5680,#5777,#7499,.T.);
#7499 = LINE('',#7500,#7501);
#7500 = CARTESIAN_POINT('',(13.1,1.044,2.6151));
#7501 = VECTOR('',#7502,1.);
#7502 = DIRECTION('',(-1.,-0.,-0.));
#7503 = ORIENTED_EDGE('',*,*,#5679,.F.);
#7504 = PLANE('',#7505);
#7505 = AXIS2_PLACEMENT_3D('',#7506,#7507,#7508);
#7506 = CARTESIAN_POINT('',(13.1,0.5468198,3.45));
#7507 = DIRECTION('',(0.,-0.859195209828,-0.511647917429));
#7508 = DIRECTION('',(0.,0.511647917429,-0.859195209828));
#7509 = ADVANCED_FACE('',(#7510),#7516,.F.);
#7510 = FACE_BOUND('',#7511,.F.);
#7511 = EDGE_LOOP('',(#7512,#7513,#7514,#7515));
#7512 = ORIENTED_EDGE('',*,*,#7498,.T.);
#7513 = ORIENTED_EDGE('',*,*,#5784,.T.);
#7514 = ORIENTED_EDGE('',*,*,#6683,.F.);
#7515 = ORIENTED_EDGE('',*,*,#5687,.F.);
#7516 = PLANE('',#7517);
#7517 = AXIS2_PLACEMENT_3D('',#7518,#7519,#7520);
#7518 = CARTESIAN_POINT('',(13.1,1.044,2.6151));
#7519 = DIRECTION('',(0.,0.,-1.));
#7520 = DIRECTION('',(0.,1.,0.));
#7521 = ADVANCED_FACE('',(#7522),#7533,.F.);
#7522 = FACE_BOUND('',#7523,.F.);
#7523 = EDGE_LOOP('',(#7524,#7525,#7526,#7532));
#7524 = ORIENTED_EDGE('',*,*,#5887,.T.);
#7525 = ORIENTED_EDGE('',*,*,#5941,.T.);
#7526 = ORIENTED_EDGE('',*,*,#7527,.F.);
#7527 = EDGE_CURVE('',#5845,#5942,#7528,.T.);
#7528 = LINE('',#7529,#7530);
#7529 = CARTESIAN_POINT('',(10.6,1.044,2.6151));
#7530 = VECTOR('',#7531,1.);
#7531 = DIRECTION('',(-1.,-0.,-0.));
#7532 = ORIENTED_EDGE('',*,*,#5844,.F.);
#7533 = PLANE('',#7534);
#7534 = AXIS2_PLACEMENT_3D('',#7535,#7536,#7537);
#7535 = CARTESIAN_POINT('',(10.6,0.5468198,3.45));
#7536 = DIRECTION('',(0.,-0.859195209828,-0.511647917429));
#7537 = DIRECTION('',(0.,0.511647917429,-0.859195209828));
#7538 = ADVANCED_FACE('',(#7539),#7545,.F.);
#7539 = FACE_BOUND('',#7540,.F.);
#7540 = EDGE_LOOP('',(#7541,#7542,#7543,#7544));
#7541 = ORIENTED_EDGE('',*,*,#7527,.T.);
#7542 = ORIENTED_EDGE('',*,*,#5949,.T.);
#7543 = ORIENTED_EDGE('',*,*,#6700,.F.);
#7544 = ORIENTED_EDGE('',*,*,#5852,.F.);
#7545 = PLANE('',#7546);
#7546 = AXIS2_PLACEMENT_3D('',#7547,#7548,#7549);
#7547 = CARTESIAN_POINT('',(10.6,1.044,2.6151));
#7548 = DIRECTION('',(0.,0.,-1.));
#7549 = DIRECTION('',(0.,1.,0.));
#7550 = ADVANCED_FACE('',(#7551),#7562,.F.);
#7551 = FACE_BOUND('',#7552,.F.);
#7552 = EDGE_LOOP('',(#7553,#7554,#7555,#7561));
#7553 = ORIENTED_EDGE('',*,*,#6052,.T.);
#7554 = ORIENTED_EDGE('',*,*,#6106,.T.);
#7555 = ORIENTED_EDGE('',*,*,#7556,.F.);
#7556 = EDGE_CURVE('',#6010,#6107,#7557,.T.);
#7557 = LINE('',#7558,#7559);
#7558 = CARTESIAN_POINT('',(8.1,1.044,2.6151));
#7559 = VECTOR('',#7560,1.);
#7560 = DIRECTION('',(-1.,-0.,-0.));
#7561 = ORIENTED_EDGE('',*,*,#6009,.F.);
#7562 = PLANE('',#7563);
#7563 = AXIS2_PLACEMENT_3D('',#7564,#7565,#7566);
#7564 = CARTESIAN_POINT('',(8.1,0.5468198,3.45));
#7565 = DIRECTION('',(0.,-0.859195209828,-0.511647917429));
#7566 = DIRECTION('',(0.,0.511647917429,-0.859195209828));
#7567 = ADVANCED_FACE('',(#7568),#7574,.F.);
#7568 = FACE_BOUND('',#7569,.F.);
#7569 = EDGE_LOOP('',(#7570,#7571,#7572,#7573));
#7570 = ORIENTED_EDGE('',*,*,#7556,.T.);
#7571 = ORIENTED_EDGE('',*,*,#6114,.T.);
#7572 = ORIENTED_EDGE('',*,*,#6717,.F.);
#7573 = ORIENTED_EDGE('',*,*,#6017,.F.);
#7574 = PLANE('',#7575);
#7575 = AXIS2_PLACEMENT_3D('',#7576,#7577,#7578);
#7576 = CARTESIAN_POINT('',(8.1,1.044,2.6151));
#7577 = DIRECTION('',(0.,0.,-1.));
#7578 = DIRECTION('',(0.,1.,0.));
#7579 = ADVANCED_FACE('',(#7580),#7591,.F.);
#7580 = FACE_BOUND('',#7581,.F.);
#7581 = EDGE_LOOP('',(#7582,#7583,#7584,#7590));
#7582 = ORIENTED_EDGE('',*,*,#6217,.T.);
#7583 = ORIENTED_EDGE('',*,*,#6271,.T.);
#7584 = ORIENTED_EDGE('',*,*,#7585,.F.);
#7585 = EDGE_CURVE('',#6175,#6272,#7586,.T.);
#7586 = LINE('',#7587,#7588);
#7587 = CARTESIAN_POINT('',(5.6,1.044,2.6151));
#7588 = VECTOR('',#7589,1.);
#7589 = DIRECTION('',(-1.,-0.,-0.));
#7590 = ORIENTED_EDGE('',*,*,#6174,.F.);
#7591 = PLANE('',#7592);
#7592 = AXIS2_PLACEMENT_3D('',#7593,#7594,#7595);
#7593 = CARTESIAN_POINT('',(5.6,0.5468198,3.45));
#7594 = DIRECTION('',(0.,-0.859195209828,-0.511647917429));
#7595 = DIRECTION('',(0.,0.511647917429,-0.859195209828));
#7596 = ADVANCED_FACE('',(#7597),#7603,.F.);
#7597 = FACE_BOUND('',#7598,.F.);
#7598 = EDGE_LOOP('',(#7599,#7600,#7601,#7602));
#7599 = ORIENTED_EDGE('',*,*,#7585,.T.);
#7600 = ORIENTED_EDGE('',*,*,#6279,.T.);
#7601 = ORIENTED_EDGE('',*,*,#6734,.F.);
#7602 = ORIENTED_EDGE('',*,*,#6182,.F.);
#7603 = PLANE('',#7604);
#7604 = AXIS2_PLACEMENT_3D('',#7605,#7606,#7607);
#7605 = CARTESIAN_POINT('',(5.6,1.044,2.6151));
#7606 = DIRECTION('',(0.,0.,-1.));
#7607 = DIRECTION('',(0.,1.,0.));
#7608 = ADVANCED_FACE('',(#7609),#7620,.F.);
#7609 = FACE_BOUND('',#7610,.F.);
#7610 = EDGE_LOOP('',(#7611,#7612,#7613,#7619));
#7611 = ORIENTED_EDGE('',*,*,#6382,.T.);
#7612 = ORIENTED_EDGE('',*,*,#6436,.T.);
#7613 = ORIENTED_EDGE('',*,*,#7614,.F.);
#7614 = EDGE_CURVE('',#6340,#6437,#7615,.T.);
#7615 = LINE('',#7616,#7617);
#7616 = CARTESIAN_POINT('',(3.1,1.044,2.6151));
#7617 = VECTOR('',#7618,1.);
#7618 = DIRECTION('',(-1.,-0.,-0.));
#7619 = ORIENTED_EDGE('',*,*,#6339,.F.);
#7620 = PLANE('',#7621);
#7621 = AXIS2_PLACEMENT_3D('',#7622,#7623,#7624);
#7622 = CARTESIAN_POINT('',(3.1,0.5468198,3.45));
#7623 = DIRECTION('',(0.,-0.859195209828,-0.511647917429));
#7624 = DIRECTION('',(0.,0.511647917429,-0.859195209828));
#7625 = ADVANCED_FACE('',(#7626),#7632,.F.);
#7626 = FACE_BOUND('',#7627,.F.);
#7627 = EDGE_LOOP('',(#7628,#7629,#7630,#7631));
#7628 = ORIENTED_EDGE('',*,*,#7614,.T.);
#7629 = ORIENTED_EDGE('',*,*,#6444,.T.);
#7630 = ORIENTED_EDGE('',*,*,#6751,.F.);
#7631 = ORIENTED_EDGE('',*,*,#6347,.F.);
#7632 = PLANE('',#7633);
#7633 = AXIS2_PLACEMENT_3D('',#7634,#7635,#7636);
#7634 = CARTESIAN_POINT('',(3.1,1.044,2.6151));
#7635 = DIRECTION('',(0.,0.,-1.));
#7636 = DIRECTION('',(0.,1.,0.));
#7637 = ADVANCED_FACE('',(#7638),#7649,.F.);
#7638 = FACE_BOUND('',#7639,.F.);
#7639 = EDGE_LOOP('',(#7640,#7641,#7642,#7648));
#7640 = ORIENTED_EDGE('',*,*,#6547,.T.);
#7641 = ORIENTED_EDGE('',*,*,#6601,.T.);
#7642 = ORIENTED_EDGE('',*,*,#7643,.F.);
#7643 = EDGE_CURVE('',#6505,#6602,#7644,.T.);
#7644 = LINE('',#7645,#7646);
#7645 = CARTESIAN_POINT('',(0.6,1.044,2.6151));
#7646 = VECTOR('',#7647,1.);
#7647 = DIRECTION('',(-1.,-0.,-0.));
#7648 = ORIENTED_EDGE('',*,*,#6504,.F.);
#7649 = PLANE('',#7650);
#7650 = AXIS2_PLACEMENT_3D('',#7651,#7652,#7653);
#7651 = CARTESIAN_POINT('',(0.6,0.5468198,3.45));
#7652 = DIRECTION('',(0.,-0.859195209828,-0.511647917429));
#7653 = DIRECTION('',(0.,0.511647917429,-0.859195209828));
#7654 = ADVANCED_FACE('',(#7655),#7661,.F.);
#7655 = FACE_BOUND('',#7656,.F.);
#7656 = EDGE_LOOP('',(#7657,#7658,#7659,#7660));
#7657 = ORIENTED_EDGE('',*,*,#7643,.T.);
#7658 = ORIENTED_EDGE('',*,*,#6609,.T.);
#7659 = ORIENTED_EDGE('',*,*,#6768,.F.);
#7660 = ORIENTED_EDGE('',*,*,#6512,.F.);
#7661 = PLANE('',#7662);
#7662 = AXIS2_PLACEMENT_3D('',#7663,#7664,#7665);
#7663 = CARTESIAN_POINT('',(0.6,1.044,2.6151));
#7664 = DIRECTION('',(0.,0.,-1.));
#7665 = DIRECTION('',(0.,1.,0.));
#7666 = ( GEOMETRIC_REPRESENTATION_CONTEXT(3) 
GLOBAL_UNCERTAINTY_ASSIGNED_CONTEXT((#7670)) 
GLOBAL_UNIT_ASSIGNED_CONTEXT((#7667,#7668,#7669)) REPRESENTATION_CONTEXT
('Context #1','3D Context with UNIT and UNCERTAINTY') );
#7667 = ( LENGTH_UNIT() NAMED_UNIT(*) SI_UNIT(.MILLI.,.METRE.) );
#7668 = ( NAMED_UNIT(*) PLANE_ANGLE_UNIT() SI_UNIT($,.RADIAN.) );
#7669 = ( NAMED_UNIT(*) SI_UNIT($,.STERADIAN.) SOLID_ANGLE_UNIT() );
#7670 = UNCERTAINTY_MEASURE_WITH_UNIT(LENGTH_MEASURE(2.E-06),#7667,
  'distance_accuracy_value','confusion accuracy');
#7671 = CONTEXT_DEPENDENT_SHAPE_REPRESENTATION(#7672,#7674);
#7672 = ( REPRESENTATION_RELATIONSHIP('','',#36,#10) 
REPRESENTATION_RELATIONSHIP_WITH_TRANSFORMATION(#7673) 
SHAPE_REPRESENTATION_RELATIONSHIP() );
#7673 = ITEM_DEFINED_TRANSFORMATION('','',#11,#15);
#7674 = PRODUCT_DEFINITION_SHAPE('Placement','Placement of an item',
  #7675);
#7675 = NEXT_ASSEMBLY_USAGE_OCCURRENCE('156','Housing','',#5,#31,$);
#7676 = PRODUCT_RELATED_PRODUCT_CATEGORY('part',$,(#33));
#7677 = SHAPE_DEFINITION_REPRESENTATION(#7678,#7684);
#7678 = PRODUCT_DEFINITION_SHAPE('','',#7679);
#7679 = PRODUCT_DEFINITION('design','',#7680,#7683);
#7680 = PRODUCT_DEFINITION_FORMATION('','',#7681);
#7681 = PRODUCT('female_pin_array','female_pin_array','',(#7682));
#7682 = PRODUCT_CONTEXT('',#2,'mechanical');
#7683 = PRODUCT_DEFINITION_CONTEXT('part definition',#2,'design');
#7684 = SHAPE_REPRESENTATION('',(#11,#7685,#7689,#7693,#7697,#7701,#7705
    ,#7709,#7713,#7717,#7721),#7725);
#7685 = AXIS2_PLACEMENT_3D('',#7686,#7687,#7688);
#7686 = CARTESIAN_POINT('',(0.,0.,0.));
#7687 = DIRECTION('',(0.,0.,1.));
#7688 = DIRECTION('',(-1.,0.,0.));
#7689 = AXIS2_PLACEMENT_3D('',#7690,#7691,#7692);
#7690 = CARTESIAN_POINT('',(2.5,0.,0.));
#7691 = DIRECTION('',(0.,0.,1.));
#7692 = DIRECTION('',(-1.,1.224646799147E-16,0.));
#7693 = AXIS2_PLACEMENT_3D('',#7694,#7695,#7696);
#7694 = CARTESIAN_POINT('',(5.,0.,0.));
#7695 = DIRECTION('',(0.,0.,1.));
#7696 = DIRECTION('',(-1.,1.224646799147E-16,0.));
#7697 = AXIS2_PLACEMENT_3D('',#7698,#7699,#7700);
#7698 = CARTESIAN_POINT('',(7.5,0.,0.));
#7699 = DIRECTION('',(0.,0.,1.));
#7700 = DIRECTION('',(-1.,1.224646799147E-16,0.));
#7701 = AXIS2_PLACEMENT_3D('',#7702,#7703,#7704);
#7702 = CARTESIAN_POINT('',(10.,0.,0.));
#7703 = DIRECTION('',(0.,0.,1.));
#7704 = DIRECTION('',(-1.,1.224646799147E-16,0.));
#7705 = AXIS2_PLACEMENT_3D('',#7706,#7707,#7708);
#7706 = CARTESIAN_POINT('',(12.5,0.,0.));
#7707 = DIRECTION('',(0.,0.,1.));
#7708 = DIRECTION('',(-1.,1.224646799147E-16,0.));
#7709 = AXIS2_PLACEMENT_3D('',#7710,#7711,#7712);
#7710 = CARTESIAN_POINT('',(15.,0.,0.));
#7711 = DIRECTION('',(0.,0.,1.));
#7712 = DIRECTION('',(-1.,1.224646799147E-16,0.));
#7713 = AXIS2_PLACEMENT_3D('',#7714,#7715,#7716);
#7714 = CARTESIAN_POINT('',(17.5,0.,0.));
#7715 = DIRECTION('',(0.,0.,1.));
#7716 = DIRECTION('',(-1.,1.224646799147E-16,0.));
#7717 = AXIS2_PLACEMENT_3D('',#7718,#7719,#7720);
#7718 = CARTESIAN_POINT('',(20.,0.,0.));
#7719 = DIRECTION('',(0.,0.,1.));
#7720 = DIRECTION('',(-1.,1.224646799147E-16,0.));
#7721 = AXIS2_PLACEMENT_3D('',#7722,#7723,#7724);
#7722 = CARTESIAN_POINT('',(22.5,0.,0.));
#7723 = DIRECTION('',(0.,0.,1.));
#7724 = DIRECTION('',(-1.,1.224646799147E-16,0.));
#7725 = ( GEOMETRIC_REPRESENTATION_CONTEXT(3) 
GLOBAL_UNCERTAINTY_ASSIGNED_CONTEXT((#7729)) 
GLOBAL_UNIT_ASSIGNED_CONTEXT((#7726,#7727,#7728)) REPRESENTATION_CONTEXT
('Context #1','3D Context with UNIT and UNCERTAINTY') );
#7726 = ( LENGTH_UNIT() NAMED_UNIT(*) SI_UNIT(.MILLI.,.METRE.) );
#7727 = ( NAMED_UNIT(*) PLANE_ANGLE_UNIT() SI_UNIT($,.RADIAN.) );
#7728 = ( NAMED_UNIT(*) SI_UNIT($,.STERADIAN.) SOLID_ANGLE_UNIT() );
#7729 = UNCERTAINTY_MEASURE_WITH_UNIT(LENGTH_MEASURE(1.E-07),#7726,
  'distance_accuracy_value','confusion accuracy');
#7730 = CONTEXT_DEPENDENT_SHAPE_REPRESENTATION(#7731,#7733);
#7731 = ( REPRESENTATION_RELATIONSHIP('','',#7684,#10) 
REPRESENTATION_RELATIONSHIP_WITH_TRANSFORMATION(#7732) 
SHAPE_REPRESENTATION_RELATIONSHIP() );
#7732 = ITEM_DEFINED_TRANSFORMATION('','',#11,#19);
#7733 = PRODUCT_DEFINITION_SHAPE('Placement','Placement of an item',
  #7734);
#7734 = NEXT_ASSEMBLY_USAGE_OCCURRENCE('167','female_pin_array','',#5,
  #7679,$);
#7735 = PRODUCT_RELATED_PRODUCT_CATEGORY('part',$,(#7681));
#7736 = SHAPE_DEFINITION_REPRESENTATION(#7737,#7743);
#7737 = PRODUCT_DEFINITION_SHAPE('','',#7738);
#7738 = PRODUCT_DEFINITION('design','',#7739,#7742);
#7739 = PRODUCT_DEFINITION_FORMATION('','',#7740);
#7740 = PRODUCT('modele_pin','modele_pin','',(#7741));
#7741 = PRODUCT_CONTEXT('',#2,'mechanical');
#7742 = PRODUCT_DEFINITION_CONTEXT('part definition',#2,'design');
#7743 = ADVANCED_BREP_SHAPE_REPRESENTATION('',(#11,#7744),#9350);
#7744 = MANIFOLD_SOLID_BREP('',#7745);
#7745 = CLOSED_SHELL('',(#7746,#7818,#7881,#7905,#7922,#7978,#8055,#8072
    ,#8113,#8182,#8211,#8229,#8257,#8306,#8418,#8441,#8577,#8594,#8626,
    #8642,#8664,#8696,#8713,#8736,#8752,#8769,#8786,#8803,#8838,#8855,
    #8872,#8889,#8901,#8918,#8935,#8952,#8969,#8981,#9075,#9102,#9188,
    #9202,#9219,#9236,#9253,#9270,#9287,#9304,#9321,#9338));
#7746 = ADVANCED_FACE('',(#7747),#7813,.T.);
#7747 = FACE_BOUND('',#7748,.T.);
#7748 = EDGE_LOOP('',(#7749,#7759,#7767,#7775,#7783,#7791,#7799,#7807));
#7749 = ORIENTED_EDGE('',*,*,#7750,.F.);
#7750 = EDGE_CURVE('',#7751,#7753,#7755,.T.);
#7751 = VERTEX_POINT('',#7752);
#7752 = CARTESIAN_POINT('',(-0.4,1.666761426375,8.95));
#7753 = VERTEX_POINT('',#7754);
#7754 = CARTESIAN_POINT('',(-0.4,1.666761426375,5.45));
#7755 = LINE('',#7756,#7757);
#7756 = CARTESIAN_POINT('',(-0.4,1.666761426375,9.45));
#7757 = VECTOR('',#7758,1.);
#7758 = DIRECTION('',(0.,0.,-1.));
#7759 = ORIENTED_EDGE('',*,*,#7760,.F.);
#7760 = EDGE_CURVE('',#7761,#7751,#7763,.T.);
#7761 = VERTEX_POINT('',#7762);
#7762 = CARTESIAN_POINT('',(0.4,1.666761426375,8.95));
#7763 = LINE('',#7764,#7765);
#7764 = CARTESIAN_POINT('',(0.4,1.666761426375,8.95));
#7765 = VECTOR('',#7766,1.);
#7766 = DIRECTION('',(-1.,0.,0.));
#7767 = ORIENTED_EDGE('',*,*,#7768,.T.);
#7768 = EDGE_CURVE('',#7761,#7769,#7771,.T.);
#7769 = VERTEX_POINT('',#7770);
#7770 = CARTESIAN_POINT('',(0.4,1.666761426375,5.45));
#7771 = LINE('',#7772,#7773);
#7772 = CARTESIAN_POINT('',(0.4,1.666761426375,9.45));
#7773 = VECTOR('',#7774,1.);
#7774 = DIRECTION('',(0.,0.,-1.));
#7775 = ORIENTED_EDGE('',*,*,#7776,.T.);
#7776 = EDGE_CURVE('',#7769,#7777,#7779,.T.);
#7777 = VERTEX_POINT('',#7778);
#7778 = CARTESIAN_POINT('',(0.32,1.666761426375,5.45));
#7779 = LINE('',#7780,#7781);
#7780 = CARTESIAN_POINT('',(0.4,1.666761426375,5.45));
#7781 = VECTOR('',#7782,1.);
#7782 = DIRECTION('',(-1.,0.,0.));
#7783 = ORIENTED_EDGE('',*,*,#7784,.F.);
#7784 = EDGE_CURVE('',#7785,#7777,#7787,.T.);
#7785 = VERTEX_POINT('',#7786);
#7786 = CARTESIAN_POINT('',(0.32,1.666761426375,4.290239673918));
#7787 = LINE('',#7788,#7789);
#7788 = CARTESIAN_POINT('',(0.32,1.666761426375,3.45));
#7789 = VECTOR('',#7790,1.);
#7790 = DIRECTION('',(0.,0.,1.));
#7791 = ORIENTED_EDGE('',*,*,#7792,.T.);
#7792 = EDGE_CURVE('',#7785,#7793,#7795,.T.);
#7793 = VERTEX_POINT('',#7794);
#7794 = CARTESIAN_POINT('',(-0.32,1.666761426375,4.290239673918));
#7795 = LINE('',#7796,#7797);
#7796 = CARTESIAN_POINT('',(0.36,1.666761426375,4.290239673918));
#7797 = VECTOR('',#7798,1.);
#7798 = DIRECTION('',(-1.,0.,0.));
#7799 = ORIENTED_EDGE('',*,*,#7800,.T.);
#7800 = EDGE_CURVE('',#7793,#7801,#7803,.T.);
#7801 = VERTEX_POINT('',#7802);
#7802 = CARTESIAN_POINT('',(-0.32,1.666761426375,5.45));
#7803 = LINE('',#7804,#7805);
#7804 = CARTESIAN_POINT('',(-0.32,1.666761426375,3.45));
#7805 = VECTOR('',#7806,1.);
#7806 = DIRECTION('',(0.,0.,1.));
#7807 = ORIENTED_EDGE('',*,*,#7808,.T.);
#7808 = EDGE_CURVE('',#7801,#7753,#7809,.T.);
#7809 = LINE('',#7810,#7811);
#7810 = CARTESIAN_POINT('',(0.4,1.666761426375,5.45));
#7811 = VECTOR('',#7812,1.);
#7812 = DIRECTION('',(-1.,0.,0.));
#7813 = PLANE('',#7814);
#7814 = AXIS2_PLACEMENT_3D('',#7815,#7816,#7817);
#7815 = CARTESIAN_POINT('',(-2.E-17,1.666761426375,6.885687715701));
#7816 = DIRECTION('',(0.,1.,-0.));
#7817 = DIRECTION('',(0.,-0.,-1.));
#7818 = ADVANCED_FACE('',(#7819),#7876,.T.);
#7819 = FACE_BOUND('',#7820,.T.);
#7820 = EDGE_LOOP('',(#7821,#7831,#7837,#7838,#7846,#7854,#7862,#7870));
#7821 = ORIENTED_EDGE('',*,*,#7822,.F.);
#7822 = EDGE_CURVE('',#7823,#7825,#7827,.T.);
#7823 = VERTEX_POINT('',#7824);
#7824 = CARTESIAN_POINT('',(-0.4,1.166761426375,9.45));
#7825 = VERTEX_POINT('',#7826);
#7826 = CARTESIAN_POINT('',(-0.399999999992,1.059064000007,9.45));
#7827 = LINE('',#7828,#7829);
#7828 = CARTESIAN_POINT('',(-0.4,1.40352285275,9.45));
#7829 = VECTOR('',#7830,1.);
#7830 = DIRECTION('',(0.,-1.,0.));
#7831 = ORIENTED_EDGE('',*,*,#7832,.F.);
#7832 = EDGE_CURVE('',#7751,#7823,#7833,.T.);
#7833 = LINE('',#7834,#7835);
#7834 = CARTESIAN_POINT('',(-0.400000000002,1.840799248077,
    8.775962178298));
#7835 = VECTOR('',#7836,1.);
#7836 = DIRECTION('',(7.27868E-12,-0.707106781187,0.707106781187));
#7837 = ORIENTED_EDGE('',*,*,#7750,.T.);
#7838 = ORIENTED_EDGE('',*,*,#7839,.T.);
#7839 = EDGE_CURVE('',#7753,#7840,#7842,.T.);
#7840 = VERTEX_POINT('',#7841);
#7841 = CARTESIAN_POINT('',(-0.4,1.66185757311,5.45));
#7842 = LINE('',#7843,#7844);
#7843 = CARTESIAN_POINT('',(-0.4,1.666761426375,5.45));
#7844 = VECTOR('',#7845,1.);
#7845 = DIRECTION('',(0.,-1.,0.));
#7846 = ORIENTED_EDGE('',*,*,#7847,.T.);
#7847 = EDGE_CURVE('',#7840,#7848,#7850,.T.);
#7848 = VERTEX_POINT('',#7849);
#7849 = CARTESIAN_POINT('',(-0.4,1.40352285275,5.45));
#7850 = LINE('',#7851,#7852);
#7851 = CARTESIAN_POINT('',(-0.4,1.666761426375,5.45));
#7852 = VECTOR('',#7853,1.);
#7853 = DIRECTION('',(0.,-1.,0.));
#7854 = ORIENTED_EDGE('',*,*,#7855,.T.);
#7855 = EDGE_CURVE('',#7848,#7856,#7858,.T.);
#7856 = VERTEX_POINT('',#7857);
#7857 = CARTESIAN_POINT('',(-0.4,1.40352285275,7.45));
#7858 = LINE('',#7859,#7860);
#7859 = CARTESIAN_POINT('',(-0.4,1.40352285275,5.45));
#7860 = VECTOR('',#7861,1.);
#7861 = DIRECTION('',(0.,0.,1.));
#7862 = ORIENTED_EDGE('',*,*,#7863,.T.);
#7863 = EDGE_CURVE('',#7856,#7864,#7866,.T.);
#7864 = VERTEX_POINT('',#7865);
#7865 = CARTESIAN_POINT('',(-0.399999999992,1.059064000007,7.45));
#7866 = LINE('',#7867,#7868);
#7867 = CARTESIAN_POINT('',(-0.4,1.40352285275,7.45));
#7868 = VECTOR('',#7869,1.);
#7869 = DIRECTION('',(0.,-1.,0.));
#7870 = ORIENTED_EDGE('',*,*,#7871,.F.);
#7871 = EDGE_CURVE('',#7825,#7864,#7872,.T.);
#7872 = LINE('',#7873,#7874);
#7873 = CARTESIAN_POINT('',(-0.399999999992,1.059064000007,9.45));
#7874 = VECTOR('',#7875,1.);
#7875 = DIRECTION('',(0.,0.,-1.));
#7876 = PLANE('',#7877);
#7877 = AXIS2_PLACEMENT_3D('',#7878,#7879,#7880);
#7878 = CARTESIAN_POINT('',(-0.399999999998,1.43766997715,7.524757263958
    ));
#7879 = DIRECTION('',(-1.,-1.007779E-11,2.1583E-13));
#7880 = DIRECTION('',(1.007779E-11,-1.,0.));
#7881 = ADVANCED_FACE('',(#7882),#7900,.T.);
#7882 = FACE_BOUND('',#7883,.T.);
#7883 = EDGE_LOOP('',(#7884,#7892,#7893,#7894));
#7884 = ORIENTED_EDGE('',*,*,#7885,.F.);
#7885 = EDGE_CURVE('',#7761,#7886,#7888,.T.);
#7886 = VERTEX_POINT('',#7887);
#7887 = CARTESIAN_POINT('',(0.4,1.166761426375,9.45));
#7888 = LINE('',#7889,#7890);
#7889 = CARTESIAN_POINT('',(0.4,1.840799248078,8.775962178297));
#7890 = VECTOR('',#7891,1.);
#7891 = DIRECTION('',(4.8E-16,-0.707106781187,0.707106781187));
#7892 = ORIENTED_EDGE('',*,*,#7760,.T.);
#7893 = ORIENTED_EDGE('',*,*,#7832,.T.);
#7894 = ORIENTED_EDGE('',*,*,#7895,.F.);
#7895 = EDGE_CURVE('',#7886,#7823,#7896,.T.);
#7896 = LINE('',#7897,#7898);
#7897 = CARTESIAN_POINT('',(0.4,1.166761426375,9.45));
#7898 = VECTOR('',#7899,1.);
#7899 = DIRECTION('',(-1.,0.,0.));
#7900 = PLANE('',#7901);
#7901 = AXIS2_PLACEMENT_3D('',#7902,#7903,#7904);
#7902 = CARTESIAN_POINT('',(0.4,1.416761426375,9.2));
#7903 = DIRECTION('',(0.,0.707106781187,0.707106781187));
#7904 = DIRECTION('',(-1.,0.,0.));
#7905 = ADVANCED_FACE('',(#7906),#7917,.F.);
#7906 = FACE_BOUND('',#7907,.F.);
#7907 = EDGE_LOOP('',(#7908,#7915,#7916));
#7908 = ORIENTED_EDGE('',*,*,#7909,.F.);
#7909 = EDGE_CURVE('',#7801,#7840,#7910,.T.);
#7910 = CIRCLE('',#7911,0.655);
#7911 = AXIS2_PLACEMENT_3D('',#7912,#7913,#7914);
#7912 = CARTESIAN_POINT('',(-0.32,1.011761426375,5.45));
#7913 = DIRECTION('',(0.,0.,1.));
#7914 = DIRECTION('',(-1.,0.,0.));
#7915 = ORIENTED_EDGE('',*,*,#7808,.T.);
#7916 = ORIENTED_EDGE('',*,*,#7839,.T.);
#7917 = PLANE('',#7918);
#7918 = AXIS2_PLACEMENT_3D('',#7919,#7920,#7921);
#7919 = CARTESIAN_POINT('',(0.4,1.666761426375,5.45));
#7920 = DIRECTION('',(0.,0.,1.));
#7921 = DIRECTION('',(0.,-1.,0.));
#7922 = ADVANCED_FACE('',(#7923),#7973,.T.);
#7923 = FACE_BOUND('',#7924,.T.);
#7924 = EDGE_LOOP('',(#7925,#7926,#7927,#7935,#7943,#7951,#7959,#7967));
#7925 = ORIENTED_EDGE('',*,*,#7768,.F.);
#7926 = ORIENTED_EDGE('',*,*,#7885,.T.);
#7927 = ORIENTED_EDGE('',*,*,#7928,.F.);
#7928 = EDGE_CURVE('',#7929,#7886,#7931,.T.);
#7929 = VERTEX_POINT('',#7930);
#7930 = CARTESIAN_POINT('',(0.4,1.059064,9.45));
#7931 = LINE('',#7932,#7933);
#7932 = CARTESIAN_POINT('',(0.4,1.40352285275,9.45));
#7933 = VECTOR('',#7934,1.);
#7934 = DIRECTION('',(0.,1.,0.));
#7935 = ORIENTED_EDGE('',*,*,#7936,.T.);
#7936 = EDGE_CURVE('',#7929,#7937,#7939,.T.);
#7937 = VERTEX_POINT('',#7938);
#7938 = CARTESIAN_POINT('',(0.4,1.059064,7.45));
#7939 = LINE('',#7940,#7941);
#7940 = CARTESIAN_POINT('',(0.4,1.059064,9.45));
#7941 = VECTOR('',#7942,1.);
#7942 = DIRECTION('',(0.,0.,-1.));
#7943 = ORIENTED_EDGE('',*,*,#7944,.F.);
#7944 = EDGE_CURVE('',#7945,#7937,#7947,.T.);
#7945 = VERTEX_POINT('',#7946);
#7946 = CARTESIAN_POINT('',(0.4,1.40352285275,7.45));
#7947 = LINE('',#7948,#7949);
#7948 = CARTESIAN_POINT('',(0.4,1.40352285275,7.45));
#7949 = VECTOR('',#7950,1.);
#7950 = DIRECTION('',(0.,-1.,0.));
#7951 = ORIENTED_EDGE('',*,*,#7952,.F.);
#7952 = EDGE_CURVE('',#7953,#7945,#7955,.T.);
#7953 = VERTEX_POINT('',#7954);
#7954 = CARTESIAN_POINT('',(0.4,1.40352285275,5.45));
#7955 = LINE('',#7956,#7957);
#7956 = CARTESIAN_POINT('',(0.4,1.40352285275,5.45));
#7957 = VECTOR('',#7958,1.);
#7958 = DIRECTION('',(0.,0.,1.));
#7959 = ORIENTED_EDGE('',*,*,#7960,.F.);
#7960 = EDGE_CURVE('',#7961,#7953,#7963,.T.);
#7961 = VERTEX_POINT('',#7962);
#7962 = CARTESIAN_POINT('',(0.4,1.66185757311,5.45));
#7963 = LINE('',#7964,#7965);
#7964 = CARTESIAN_POINT('',(0.4,1.666761426375,5.45));
#7965 = VECTOR('',#7966,1.);
#7966 = DIRECTION('',(0.,-1.,0.));
#7967 = ORIENTED_EDGE('',*,*,#7968,.F.);
#7968 = EDGE_CURVE('',#7769,#7961,#7969,.T.);
#7969 = LINE('',#7970,#7971);
#7970 = CARTESIAN_POINT('',(0.4,1.666761426375,5.45));
#7971 = VECTOR('',#7972,1.);
#7972 = DIRECTION('',(0.,-1.,0.));
#7973 = PLANE('',#7974);
#7974 = AXIS2_PLACEMENT_3D('',#7975,#7976,#7977);
#7975 = CARTESIAN_POINT('',(0.4,1.437669977147,7.52475726396));
#7976 = DIRECTION('',(1.,6.8E-16,-0.));
#7977 = DIRECTION('',(-6.8E-16,1.,0.));
#7978 = ADVANCED_FACE('',(#7979),#8050,.T.);
#7979 = FACE_BOUND('',#7980,.T.);
#7980 = EDGE_LOOP('',(#7981,#7992,#8000,#8007,#8008,#8009,#8018,#8026,
    #8035,#8043));
#7981 = ORIENTED_EDGE('',*,*,#7982,.T.);
#7982 = EDGE_CURVE('',#7983,#7985,#7987,.T.);
#7983 = VERTEX_POINT('',#7984);
#7984 = CARTESIAN_POINT('',(-0.4,1.66185757311,3.45));
#7985 = VERTEX_POINT('',#7986);
#7986 = CARTESIAN_POINT('',(-0.975,1.011761426375,3.45));
#7987 = CIRCLE('',#7988,0.655);
#7988 = AXIS2_PLACEMENT_3D('',#7989,#7990,#7991);
#7989 = CARTESIAN_POINT('',(-0.32,1.011761426375,3.45));
#7990 = DIRECTION('',(0.,0.,1.));
#7991 = DIRECTION('',(-1.,0.,0.));
#7992 = ORIENTED_EDGE('',*,*,#7993,.T.);
#7993 = EDGE_CURVE('',#7985,#7994,#7996,.T.);
#7994 = VERTEX_POINT('',#7995);
#7995 = CARTESIAN_POINT('',(-0.975,1.011761426375,5.45));
#7996 = LINE('',#7997,#7998);
#7997 = CARTESIAN_POINT('',(-0.975,1.011761426375,3.45));
#7998 = VECTOR('',#7999,1.);
#7999 = DIRECTION('',(0.,0.,1.));
#8000 = ORIENTED_EDGE('',*,*,#8001,.F.);
#8001 = EDGE_CURVE('',#7840,#7994,#8002,.T.);
#8002 = CIRCLE('',#8003,0.655);
#8003 = AXIS2_PLACEMENT_3D('',#8004,#8005,#8006);
#8004 = CARTESIAN_POINT('',(-0.32,1.011761426375,5.45));
#8005 = DIRECTION('',(0.,0.,1.));
#8006 = DIRECTION('',(-1.,0.,0.));
#8007 = ORIENTED_EDGE('',*,*,#7909,.F.);
#8008 = ORIENTED_EDGE('',*,*,#7800,.F.);
#8009 = ORIENTED_EDGE('',*,*,#8010,.T.);
#8010 = EDGE_CURVE('',#7793,#8011,#8013,.T.);
#8011 = VERTEX_POINT('',#8012);
#8012 = CARTESIAN_POINT('',(-0.4,1.66185757311,4.280460298822));
#8013 = ELLIPSE('',#8014,1.461240827122,0.655);
#8014 = AXIS2_PLACEMENT_3D('',#8015,#8016,#8017);
#8015 = CARTESIAN_POINT('',(-0.32,1.011761426375,2.984023859112));
#8016 = DIRECTION('',(0.,-0.8939086498,0.448249178262));
#8017 = DIRECTION('',(0.,-0.448249178262,-0.8939086498));
#8018 = ORIENTED_EDGE('',*,*,#8019,.T.);
#8019 = EDGE_CURVE('',#8011,#8020,#8022,.T.);
#8020 = VERTEX_POINT('',#8021);
#8021 = CARTESIAN_POINT('',(-0.4,1.66185757311,3.73312462235));
#8022 = LINE('',#8023,#8024);
#8023 = CARTESIAN_POINT('',(-0.4,1.66185757311,3.45));
#8024 = VECTOR('',#8025,1.);
#8025 = DIRECTION('',(0.,0.,-1.));
#8026 = ORIENTED_EDGE('',*,*,#8027,.T.);
#8027 = EDGE_CURVE('',#8020,#8028,#8030,.T.);
#8028 = VERTEX_POINT('',#8029);
#8029 = CARTESIAN_POINT('',(-0.32,1.666761426375,3.732514167383));
#8030 = ELLIPSE('',#8031,0.660055578089,0.655);
#8031 = AXIS2_PLACEMENT_3D('',#8032,#8033,#8034);
#8032 = CARTESIAN_POINT('',(-0.32,1.011761426375,3.814051681241));
#8033 = DIRECTION('',(0.,-0.12353128519,-0.992340678184));
#8034 = DIRECTION('',(-0.,0.992340678184,-0.12353128519));
#8035 = ORIENTED_EDGE('',*,*,#8036,.F.);
#8036 = EDGE_CURVE('',#8037,#8028,#8039,.T.);
#8037 = VERTEX_POINT('',#8038);
#8038 = CARTESIAN_POINT('',(-0.32,1.666761426375,3.45));
#8039 = LINE('',#8040,#8041);
#8040 = CARTESIAN_POINT('',(-0.32,1.666761426375,3.45));
#8041 = VECTOR('',#8042,1.);
#8042 = DIRECTION('',(0.,0.,1.));
#8043 = ORIENTED_EDGE('',*,*,#8044,.T.);
#8044 = EDGE_CURVE('',#8037,#7983,#8045,.T.);
#8045 = CIRCLE('',#8046,0.655);
#8046 = AXIS2_PLACEMENT_3D('',#8047,#8048,#8049);
#8047 = CARTESIAN_POINT('',(-0.32,1.011761426375,3.45));
#8048 = DIRECTION('',(0.,0.,1.));
#8049 = DIRECTION('',(-1.,0.,0.));
#8050 = CYLINDRICAL_SURFACE('',#8051,0.655);
#8051 = AXIS2_PLACEMENT_3D('',#8052,#8053,#8054);
#8052 = CARTESIAN_POINT('',(-0.32,1.011761426375,3.45));
#8053 = DIRECTION('',(0.,0.,-1.));
#8054 = DIRECTION('',(-1.,0.,0.));
#8055 = ADVANCED_FACE('',(#8056),#8067,.F.);
#8056 = FACE_BOUND('',#8057,.F.);
#8057 = EDGE_LOOP('',(#8058,#8059,#8060));
#8058 = ORIENTED_EDGE('',*,*,#7968,.F.);
#8059 = ORIENTED_EDGE('',*,*,#7776,.T.);
#8060 = ORIENTED_EDGE('',*,*,#8061,.F.);
#8061 = EDGE_CURVE('',#7961,#7777,#8062,.T.);
#8062 = CIRCLE('',#8063,0.655);
#8063 = AXIS2_PLACEMENT_3D('',#8064,#8065,#8066);
#8064 = CARTESIAN_POINT('',(0.32,1.011761426375,5.45));
#8065 = DIRECTION('',(0.,0.,1.));
#8066 = DIRECTION('',(-1.,0.,0.));
#8067 = PLANE('',#8068);
#8068 = AXIS2_PLACEMENT_3D('',#8069,#8070,#8071);
#8069 = CARTESIAN_POINT('',(0.4,1.666761426375,5.45));
#8070 = DIRECTION('',(0.,0.,1.));
#8071 = DIRECTION('',(0.,-1.,0.));
#8072 = ADVANCED_FACE('',(#8073),#8108,.T.);
#8073 = FACE_BOUND('',#8074,.T.);
#8074 = EDGE_LOOP('',(#8075,#8085,#8093,#8099,#8100,#8101));
#8075 = ORIENTED_EDGE('',*,*,#8076,.F.);
#8076 = EDGE_CURVE('',#8077,#8079,#8081,.T.);
#8077 = VERTEX_POINT('',#8078);
#8078 = CARTESIAN_POINT('',(0.4,2.143284263925,5.240532294565));
#8079 = VERTEX_POINT('',#8080);
#8080 = CARTESIAN_POINT('',(0.4,1.66185757311,4.280460298822));
#8081 = LINE('',#8082,#8083);
#8082 = CARTESIAN_POINT('',(0.4,2.143284263925,5.240532294565));
#8083 = VECTOR('',#8084,1.);
#8084 = DIRECTION('',(0.,-0.448249178262,-0.8939086498));
#8085 = ORIENTED_EDGE('',*,*,#8086,.T.);
#8086 = EDGE_CURVE('',#8077,#8087,#8089,.T.);
#8087 = VERTEX_POINT('',#8088);
#8088 = CARTESIAN_POINT('',(-0.4,2.143284263925,5.240532294565));
#8089 = LINE('',#8090,#8091);
#8090 = CARTESIAN_POINT('',(0.4,2.143284263925,5.240532294565));
#8091 = VECTOR('',#8092,1.);
#8092 = DIRECTION('',(-1.,0.,0.));
#8093 = ORIENTED_EDGE('',*,*,#8094,.T.);
#8094 = EDGE_CURVE('',#8087,#8011,#8095,.T.);
#8095 = LINE('',#8096,#8097);
#8096 = CARTESIAN_POINT('',(-0.4,2.143284263925,5.240532294565));
#8097 = VECTOR('',#8098,1.);
#8098 = DIRECTION('',(0.,-0.448249178262,-0.8939086498));
#8099 = ORIENTED_EDGE('',*,*,#8010,.F.);
#8100 = ORIENTED_EDGE('',*,*,#7792,.F.);
#8101 = ORIENTED_EDGE('',*,*,#8102,.F.);
#8102 = EDGE_CURVE('',#8079,#7785,#8103,.T.);
#8103 = ELLIPSE('',#8104,1.461240827122,0.655);
#8104 = AXIS2_PLACEMENT_3D('',#8105,#8106,#8107);
#8105 = CARTESIAN_POINT('',(0.32,1.011761426375,2.984023859112));
#8106 = DIRECTION('',(0.,-0.8939086498,0.448249178262));
#8107 = DIRECTION('',(0.,-0.448249178262,-0.8939086498));
#8108 = PLANE('',#8109);
#8109 = AXIS2_PLACEMENT_3D('',#8110,#8111,#8112);
#8110 = CARTESIAN_POINT('',(0.4,2.143284263925,5.240532294565));
#8111 = DIRECTION('',(0.,-0.8939086498,0.448249178262));
#8112 = DIRECTION('',(0.,-0.448249178262,-0.8939086498));
#8113 = ADVANCED_FACE('',(#8114),#8177,.T.);
#8114 = FACE_BOUND('',#8115,.T.);
#8115 = EDGE_LOOP('',(#8116,#8127,#8135,#8144,#8150,#8151,#8152,#8153,
    #8162,#8170));
#8116 = ORIENTED_EDGE('',*,*,#8117,.T.);
#8117 = EDGE_CURVE('',#8118,#8120,#8122,.T.);
#8118 = VERTEX_POINT('',#8119);
#8119 = CARTESIAN_POINT('',(0.4,1.66185757311,3.45));
#8120 = VERTEX_POINT('',#8121);
#8121 = CARTESIAN_POINT('',(0.32,1.666761426375,3.45));
#8122 = CIRCLE('',#8123,0.655);
#8123 = AXIS2_PLACEMENT_3D('',#8124,#8125,#8126);
#8124 = CARTESIAN_POINT('',(0.32,1.011761426375,3.45));
#8125 = DIRECTION('',(0.,0.,1.));
#8126 = DIRECTION('',(-1.,0.,0.));
#8127 = ORIENTED_EDGE('',*,*,#8128,.T.);
#8128 = EDGE_CURVE('',#8120,#8129,#8131,.T.);
#8129 = VERTEX_POINT('',#8130);
#8130 = CARTESIAN_POINT('',(0.32,1.666761426375,3.732514167383));
#8131 = LINE('',#8132,#8133);
#8132 = CARTESIAN_POINT('',(0.32,1.666761426375,3.45));
#8133 = VECTOR('',#8134,1.);
#8134 = DIRECTION('',(0.,0.,1.));
#8135 = ORIENTED_EDGE('',*,*,#8136,.T.);
#8136 = EDGE_CURVE('',#8129,#8137,#8139,.T.);
#8137 = VERTEX_POINT('',#8138);
#8138 = CARTESIAN_POINT('',(0.4,1.66185757311,3.73312462235));
#8139 = ELLIPSE('',#8140,0.660055578089,0.655);
#8140 = AXIS2_PLACEMENT_3D('',#8141,#8142,#8143);
#8141 = CARTESIAN_POINT('',(0.32,1.011761426375,3.814051681241));
#8142 = DIRECTION('',(0.,-0.12353128519,-0.992340678184));
#8143 = DIRECTION('',(-0.,0.992340678184,-0.12353128519));
#8144 = ORIENTED_EDGE('',*,*,#8145,.F.);
#8145 = EDGE_CURVE('',#8079,#8137,#8146,.T.);
#8146 = LINE('',#8147,#8148);
#8147 = CARTESIAN_POINT('',(0.4,1.66185757311,3.45));
#8148 = VECTOR('',#8149,1.);
#8149 = DIRECTION('',(0.,0.,-1.));
#8150 = ORIENTED_EDGE('',*,*,#8102,.T.);
#8151 = ORIENTED_EDGE('',*,*,#7784,.T.);
#8152 = ORIENTED_EDGE('',*,*,#8061,.F.);
#8153 = ORIENTED_EDGE('',*,*,#8154,.F.);
#8154 = EDGE_CURVE('',#8155,#7961,#8157,.T.);
#8155 = VERTEX_POINT('',#8156);
#8156 = CARTESIAN_POINT('',(0.975,1.011761426375,5.45));
#8157 = CIRCLE('',#8158,0.655);
#8158 = AXIS2_PLACEMENT_3D('',#8159,#8160,#8161);
#8159 = CARTESIAN_POINT('',(0.32,1.011761426375,5.45));
#8160 = DIRECTION('',(0.,0.,1.));
#8161 = DIRECTION('',(-1.,0.,0.));
#8162 = ORIENTED_EDGE('',*,*,#8163,.F.);
#8163 = EDGE_CURVE('',#8164,#8155,#8166,.T.);
#8164 = VERTEX_POINT('',#8165);
#8165 = CARTESIAN_POINT('',(0.975,1.011761426375,3.45));
#8166 = LINE('',#8167,#8168);
#8167 = CARTESIAN_POINT('',(0.975,1.011761426375,3.45));
#8168 = VECTOR('',#8169,1.);
#8169 = DIRECTION('',(0.,0.,1.));
#8170 = ORIENTED_EDGE('',*,*,#8171,.T.);
#8171 = EDGE_CURVE('',#8164,#8118,#8172,.T.);
#8172 = CIRCLE('',#8173,0.655);
#8173 = AXIS2_PLACEMENT_3D('',#8174,#8175,#8176);
#8174 = CARTESIAN_POINT('',(0.32,1.011761426375,3.45));
#8175 = DIRECTION('',(0.,0.,1.));
#8176 = DIRECTION('',(-1.,0.,0.));
#8177 = CYLINDRICAL_SURFACE('',#8178,0.655);
#8178 = AXIS2_PLACEMENT_3D('',#8179,#8180,#8181);
#8179 = CARTESIAN_POINT('',(0.32,1.011761426375,3.45));
#8180 = DIRECTION('',(0.,0.,-1.));
#8181 = DIRECTION('',(-1.,0.,0.));
#8182 = ADVANCED_FACE('',(#8183,#8195),#8206,.T.);
#8183 = FACE_BOUND('',#8184,.T.);
#8184 = EDGE_LOOP('',(#8185,#8186,#8193,#8194));
#8185 = ORIENTED_EDGE('',*,*,#7822,.T.);
#8186 = ORIENTED_EDGE('',*,*,#8187,.T.);
#8187 = EDGE_CURVE('',#7825,#7929,#8188,.T.);
#8188 = CIRCLE('',#8189,0.974707300937);
#8189 = AXIS2_PLACEMENT_3D('',#8190,#8191,#8192);
#8190 = CARTESIAN_POINT('',(-2.E-17,0.170214,9.45));
#8191 = DIRECTION('',(0.,0.,1.));
#8192 = DIRECTION('',(-1.,0.,0.));
#8193 = ORIENTED_EDGE('',*,*,#7928,.T.);
#8194 = ORIENTED_EDGE('',*,*,#7895,.T.);
#8195 = FACE_BOUND('',#8196,.T.);
#8196 = EDGE_LOOP('',(#8197));
#8197 = ORIENTED_EDGE('',*,*,#8198,.F.);
#8198 = EDGE_CURVE('',#8199,#8199,#8201,.T.);
#8199 = VERTEX_POINT('',#8200);
#8200 = CARTESIAN_POINT('',(-0.698564,0.170214,9.45));
#8201 = CIRCLE('',#8202,0.698564);
#8202 = AXIS2_PLACEMENT_3D('',#8203,#8204,#8205);
#8203 = CARTESIAN_POINT('',(-2.E-17,0.170214,9.45));
#8204 = DIRECTION('',(0.,0.,1.));
#8205 = DIRECTION('',(-1.,0.,0.));
#8206 = PLANE('',#8207);
#8207 = AXIS2_PLACEMENT_3D('',#8208,#8209,#8210);
#8208 = CARTESIAN_POINT('',(-2.1126E-13,0.497442120671,9.45));
#8209 = DIRECTION('',(0.,0.,1.));
#8210 = DIRECTION('',(-1.,0.,0.));
#8211 = ADVANCED_FACE('',(#8212),#8224,.T.);
#8212 = FACE_BOUND('',#8213,.T.);
#8213 = EDGE_LOOP('',(#8214,#8215,#8222,#8223));
#8214 = ORIENTED_EDGE('',*,*,#7871,.T.);
#8215 = ORIENTED_EDGE('',*,*,#8216,.T.);
#8216 = EDGE_CURVE('',#7864,#7937,#8217,.T.);
#8217 = CIRCLE('',#8218,0.974707300937);
#8218 = AXIS2_PLACEMENT_3D('',#8219,#8220,#8221);
#8219 = CARTESIAN_POINT('',(-2.E-17,0.170214,7.45));
#8220 = DIRECTION('',(0.,0.,1.));
#8221 = DIRECTION('',(-1.,0.,0.));
#8222 = ORIENTED_EDGE('',*,*,#7936,.F.);
#8223 = ORIENTED_EDGE('',*,*,#8187,.F.);
#8224 = CYLINDRICAL_SURFACE('',#8225,0.974707300937);
#8225 = AXIS2_PLACEMENT_3D('',#8226,#8227,#8228);
#8226 = CARTESIAN_POINT('',(-2.E-17,0.170214,9.45));
#8227 = DIRECTION('',(0.,0.,1.));
#8228 = DIRECTION('',(-1.,0.,0.));
#8229 = ADVANCED_FACE('',(#8230,#8241),#8252,.F.);
#8230 = FACE_BOUND('',#8231,.F.);
#8231 = EDGE_LOOP('',(#8232,#8233,#8234,#8240));
#8232 = ORIENTED_EDGE('',*,*,#8216,.T.);
#8233 = ORIENTED_EDGE('',*,*,#7944,.F.);
#8234 = ORIENTED_EDGE('',*,*,#8235,.T.);
#8235 = EDGE_CURVE('',#7945,#7856,#8236,.T.);
#8236 = LINE('',#8237,#8238);
#8237 = CARTESIAN_POINT('',(0.4,1.40352285275,7.45));
#8238 = VECTOR('',#8239,1.);
#8239 = DIRECTION('',(-1.,0.,0.));
#8240 = ORIENTED_EDGE('',*,*,#7863,.T.);
#8241 = FACE_BOUND('',#8242,.T.);
#8242 = EDGE_LOOP('',(#8243));
#8243 = ORIENTED_EDGE('',*,*,#8244,.T.);
#8244 = EDGE_CURVE('',#8245,#8245,#8247,.T.);
#8245 = VERTEX_POINT('',#8246);
#8246 = CARTESIAN_POINT('',(-0.698564,0.170214,7.45));
#8247 = CIRCLE('',#8248,0.698564);
#8248 = AXIS2_PLACEMENT_3D('',#8249,#8250,#8251);
#8249 = CARTESIAN_POINT('',(-2.E-17,0.170214,7.45));
#8250 = DIRECTION('',(0.,0.,1.));
#8251 = DIRECTION('',(-1.,0.,0.));
#8252 = PLANE('',#8253);
#8253 = AXIS2_PLACEMENT_3D('',#8254,#8255,#8256);
#8254 = CARTESIAN_POINT('',(-1.438E-13,0.297420100742,7.45));
#8255 = DIRECTION('',(0.,0.,1.));
#8256 = DIRECTION('',(-1.,0.,0.));
#8257 = ADVANCED_FACE('',(#8258),#8301,.T.);
#8258 = FACE_BOUND('',#8259,.T.);
#8259 = EDGE_LOOP('',(#8260,#8268,#8269,#8270,#8271,#8279,#8287,#8295));
#8260 = ORIENTED_EDGE('',*,*,#8261,.F.);
#8261 = EDGE_CURVE('',#7953,#8262,#8264,.T.);
#8262 = VERTEX_POINT('',#8263);
#8263 = CARTESIAN_POINT('',(0.32,1.40352285275,5.45));
#8264 = LINE('',#8265,#8266);
#8265 = CARTESIAN_POINT('',(0.4,1.40352285275,5.45));
#8266 = VECTOR('',#8267,1.);
#8267 = DIRECTION('',(-1.,0.,0.));
#8268 = ORIENTED_EDGE('',*,*,#7952,.T.);
#8269 = ORIENTED_EDGE('',*,*,#8235,.T.);
#8270 = ORIENTED_EDGE('',*,*,#7855,.F.);
#8271 = ORIENTED_EDGE('',*,*,#8272,.F.);
#8272 = EDGE_CURVE('',#8273,#7848,#8275,.T.);
#8273 = VERTEX_POINT('',#8274);
#8274 = CARTESIAN_POINT('',(-0.32,1.40352285275,5.45));
#8275 = LINE('',#8276,#8277);
#8276 = CARTESIAN_POINT('',(0.4,1.40352285275,5.45));
#8277 = VECTOR('',#8278,1.);
#8278 = DIRECTION('',(-1.,0.,0.));
#8279 = ORIENTED_EDGE('',*,*,#8280,.F.);
#8280 = EDGE_CURVE('',#8281,#8273,#8283,.T.);
#8281 = VERTEX_POINT('',#8282);
#8282 = CARTESIAN_POINT('',(-0.32,1.40352285275,3.45));
#8283 = LINE('',#8284,#8285);
#8284 = CARTESIAN_POINT('',(-0.32,1.40352285275,3.45));
#8285 = VECTOR('',#8286,1.);
#8286 = DIRECTION('',(0.,0.,1.));
#8287 = ORIENTED_EDGE('',*,*,#8288,.F.);
#8288 = EDGE_CURVE('',#8289,#8281,#8291,.T.);
#8289 = VERTEX_POINT('',#8290);
#8290 = CARTESIAN_POINT('',(0.32,1.40352285275,3.45));
#8291 = LINE('',#8292,#8293);
#8292 = CARTESIAN_POINT('',(0.32,1.40352285275,3.45));
#8293 = VECTOR('',#8294,1.);
#8294 = DIRECTION('',(-1.,0.,0.));
#8295 = ORIENTED_EDGE('',*,*,#8296,.T.);
#8296 = EDGE_CURVE('',#8289,#8262,#8297,.T.);
#8297 = LINE('',#8298,#8299);
#8298 = CARTESIAN_POINT('',(0.32,1.40352285275,3.45));
#8299 = VECTOR('',#8300,1.);
#8300 = DIRECTION('',(0.,0.,1.));
#8301 = PLANE('',#8302);
#8302 = AXIS2_PLACEMENT_3D('',#8303,#8304,#8305);
#8303 = CARTESIAN_POINT('',(-1.E-17,1.40352285275,6.473529411765));
#8304 = DIRECTION('',(0.,-1.,0.));
#8305 = DIRECTION('',(0.,0.,1.));
#8306 = ADVANCED_FACE('',(#8307),#8413,.T.);
#8307 = FACE_BOUND('',#8308,.T.);
#8308 = EDGE_LOOP('',(#8309,#8320,#8326,#8327,#8328,#8329,#8338,#8346,
    #8355,#8363,#8372,#8380,#8387,#8388,#8389,#8390,#8398,#8407));
#8309 = ORIENTED_EDGE('',*,*,#8310,.T.);
#8310 = EDGE_CURVE('',#8311,#8313,#8315,.T.);
#8311 = VERTEX_POINT('',#8312);
#8312 = CARTESIAN_POINT('',(0.32,-0.733238573625,5.45));
#8313 = VERTEX_POINT('',#8314);
#8314 = CARTESIAN_POINT('',(0.975,-7.823857362477E-02,5.45));
#8315 = CIRCLE('',#8316,0.655);
#8316 = AXIS2_PLACEMENT_3D('',#8317,#8318,#8319);
#8317 = CARTESIAN_POINT('',(0.32,-7.823857362477E-02,5.45));
#8318 = DIRECTION('',(0.,0.,1.));
#8319 = DIRECTION('',(-1.,0.,0.));
#8320 = ORIENTED_EDGE('',*,*,#8321,.T.);
#8321 = EDGE_CURVE('',#8313,#8155,#8322,.T.);
#8322 = LINE('',#8323,#8324);
#8323 = CARTESIAN_POINT('',(0.975,-7.823857362477E-02,5.45));
#8324 = VECTOR('',#8325,1.);
#8325 = DIRECTION('',(0.,1.,0.));
#8326 = ORIENTED_EDGE('',*,*,#8154,.T.);
#8327 = ORIENTED_EDGE('',*,*,#7960,.T.);
#8328 = ORIENTED_EDGE('',*,*,#8261,.T.);
#8329 = ORIENTED_EDGE('',*,*,#8330,.F.);
#8330 = EDGE_CURVE('',#8331,#8262,#8333,.T.);
#8331 = VERTEX_POINT('',#8332);
#8332 = CARTESIAN_POINT('',(0.711761426375,1.011761426375,5.45));
#8333 = CIRCLE('',#8334,0.391761426375);
#8334 = AXIS2_PLACEMENT_3D('',#8335,#8336,#8337);
#8335 = CARTESIAN_POINT('',(0.32,1.011761426375,5.45));
#8336 = DIRECTION('',(0.,0.,1.));
#8337 = DIRECTION('',(-1.,0.,0.));
#8338 = ORIENTED_EDGE('',*,*,#8339,.F.);
#8339 = EDGE_CURVE('',#8340,#8331,#8342,.T.);
#8340 = VERTEX_POINT('',#8341);
#8341 = CARTESIAN_POINT('',(0.711761426375,-7.823857362477E-02,5.45));
#8342 = LINE('',#8343,#8344);
#8343 = CARTESIAN_POINT('',(0.711761426375,-7.823857362477E-02,5.45));
#8344 = VECTOR('',#8345,1.);
#8345 = DIRECTION('',(0.,1.,0.));
#8346 = ORIENTED_EDGE('',*,*,#8347,.F.);
#8347 = EDGE_CURVE('',#8348,#8340,#8350,.T.);
#8348 = VERTEX_POINT('',#8349);
#8349 = CARTESIAN_POINT('',(0.32,-0.47,5.45));
#8350 = CIRCLE('',#8351,0.391761426375);
#8351 = AXIS2_PLACEMENT_3D('',#8352,#8353,#8354);
#8352 = CARTESIAN_POINT('',(0.32,-7.823857362477E-02,5.45));
#8353 = DIRECTION('',(0.,0.,1.));
#8354 = DIRECTION('',(-1.,0.,0.));
#8355 = ORIENTED_EDGE('',*,*,#8356,.F.);
#8356 = EDGE_CURVE('',#8357,#8348,#8359,.T.);
#8357 = VERTEX_POINT('',#8358);
#8358 = CARTESIAN_POINT('',(-0.32,-0.47,5.45));
#8359 = LINE('',#8360,#8361);
#8360 = CARTESIAN_POINT('',(-0.32,-0.47,5.45));
#8361 = VECTOR('',#8362,1.);
#8362 = DIRECTION('',(1.,0.,0.));
#8363 = ORIENTED_EDGE('',*,*,#8364,.F.);
#8364 = EDGE_CURVE('',#8365,#8357,#8367,.T.);
#8365 = VERTEX_POINT('',#8366);
#8366 = CARTESIAN_POINT('',(-0.711761426375,-7.823857362477E-02,5.45));
#8367 = CIRCLE('',#8368,0.391761426375);
#8368 = AXIS2_PLACEMENT_3D('',#8369,#8370,#8371);
#8369 = CARTESIAN_POINT('',(-0.32,-7.823857362477E-02,5.45));
#8370 = DIRECTION('',(0.,0.,1.));
#8371 = DIRECTION('',(-1.,0.,0.));
#8372 = ORIENTED_EDGE('',*,*,#8373,.F.);
#8373 = EDGE_CURVE('',#8374,#8365,#8376,.T.);
#8374 = VERTEX_POINT('',#8375);
#8375 = CARTESIAN_POINT('',(-0.711761426375,1.011761426375,5.45));
#8376 = LINE('',#8377,#8378);
#8377 = CARTESIAN_POINT('',(-0.711761426375,1.011761426375,5.45));
#8378 = VECTOR('',#8379,1.);
#8379 = DIRECTION('',(0.,-1.,0.));
#8380 = ORIENTED_EDGE('',*,*,#8381,.F.);
#8381 = EDGE_CURVE('',#8273,#8374,#8382,.T.);
#8382 = CIRCLE('',#8383,0.391761426375);
#8383 = AXIS2_PLACEMENT_3D('',#8384,#8385,#8386);
#8384 = CARTESIAN_POINT('',(-0.32,1.011761426375,5.45));
#8385 = DIRECTION('',(0.,0.,1.));
#8386 = DIRECTION('',(-1.,0.,0.));
#8387 = ORIENTED_EDGE('',*,*,#8272,.T.);
#8388 = ORIENTED_EDGE('',*,*,#7847,.F.);
#8389 = ORIENTED_EDGE('',*,*,#8001,.T.);
#8390 = ORIENTED_EDGE('',*,*,#8391,.T.);
#8391 = EDGE_CURVE('',#7994,#8392,#8394,.T.);
#8392 = VERTEX_POINT('',#8393);
#8393 = CARTESIAN_POINT('',(-0.975,-7.823857362477E-02,5.45));
#8394 = LINE('',#8395,#8396);
#8395 = CARTESIAN_POINT('',(-0.975,1.011761426375,5.45));
#8396 = VECTOR('',#8397,1.);
#8397 = DIRECTION('',(0.,-1.,0.));
#8398 = ORIENTED_EDGE('',*,*,#8399,.T.);
#8399 = EDGE_CURVE('',#8392,#8400,#8402,.T.);
#8400 = VERTEX_POINT('',#8401);
#8401 = CARTESIAN_POINT('',(-0.32,-0.733238573625,5.45));
#8402 = CIRCLE('',#8403,0.655);
#8403 = AXIS2_PLACEMENT_3D('',#8404,#8405,#8406);
#8404 = CARTESIAN_POINT('',(-0.32,-7.823857362477E-02,5.45));
#8405 = DIRECTION('',(0.,0.,1.));
#8406 = DIRECTION('',(-1.,0.,0.));
#8407 = ORIENTED_EDGE('',*,*,#8408,.T.);
#8408 = EDGE_CURVE('',#8400,#8311,#8409,.T.);
#8409 = LINE('',#8410,#8411);
#8410 = CARTESIAN_POINT('',(-0.32,-0.733238573625,5.45));
#8411 = VECTOR('',#8412,1.);
#8412 = DIRECTION('',(1.,0.,0.));
#8413 = PLANE('',#8414);
#8414 = AXIS2_PLACEMENT_3D('',#8415,#8416,#8417);
#8415 = CARTESIAN_POINT('',(-3.E-17,0.466761426375,5.45));
#8416 = DIRECTION('',(0.,0.,1.));
#8417 = DIRECTION('',(-1.,0.,0.));
#8418 = ADVANCED_FACE('',(#8419),#8436,.T.);
#8419 = FACE_BOUND('',#8420,.T.);
#8420 = EDGE_LOOP('',(#8421,#8422,#8430));
#8421 = ORIENTED_EDGE('',*,*,#8044,.F.);
#8422 = ORIENTED_EDGE('',*,*,#8423,.T.);
#8423 = EDGE_CURVE('',#8037,#8424,#8426,.T.);
#8424 = VERTEX_POINT('',#8425);
#8425 = CARTESIAN_POINT('',(-0.4,1.666761426375,3.45));
#8426 = LINE('',#8427,#8428);
#8427 = CARTESIAN_POINT('',(0.4,1.666761426375,3.45));
#8428 = VECTOR('',#8429,1.);
#8429 = DIRECTION('',(-1.,0.,0.));
#8430 = ORIENTED_EDGE('',*,*,#8431,.T.);
#8431 = EDGE_CURVE('',#8424,#7983,#8432,.T.);
#8432 = LINE('',#8433,#8434);
#8433 = CARTESIAN_POINT('',(-0.4,1.666761426375,3.45));
#8434 = VECTOR('',#8435,1.);
#8435 = DIRECTION('',(0.,-1.,-2.E-16));
#8436 = PLANE('',#8437);
#8437 = AXIS2_PLACEMENT_3D('',#8438,#8439,#8440);
#8438 = CARTESIAN_POINT('',(0.4,1.666761426375,3.45));
#8439 = DIRECTION('',(0.,-2.E-16,1.));
#8440 = DIRECTION('',(0.,-1.,-2.E-16));
#8441 = ADVANCED_FACE('',(#8442),#8572,.F.);
#8442 = FACE_BOUND('',#8443,.F.);
#8443 = EDGE_LOOP('',(#8444,#8455,#8461,#8462,#8470,#8476,#8485,#8493,
    #8502,#8510,#8519,#8527,#8534,#8542,#8548,#8549,#8557,#8566));
#8444 = ORIENTED_EDGE('',*,*,#8445,.T.);
#8445 = EDGE_CURVE('',#8446,#8448,#8450,.T.);
#8446 = VERTEX_POINT('',#8447);
#8447 = CARTESIAN_POINT('',(0.32,-0.733238573625,3.45));
#8448 = VERTEX_POINT('',#8449);
#8449 = CARTESIAN_POINT('',(0.975,-7.823857362477E-02,3.45));
#8450 = CIRCLE('',#8451,0.655);
#8451 = AXIS2_PLACEMENT_3D('',#8452,#8453,#8454);
#8452 = CARTESIAN_POINT('',(0.32,-7.823857362477E-02,3.45));
#8453 = DIRECTION('',(0.,0.,1.));
#8454 = DIRECTION('',(-1.,0.,0.));
#8455 = ORIENTED_EDGE('',*,*,#8456,.T.);
#8456 = EDGE_CURVE('',#8448,#8164,#8457,.T.);
#8457 = LINE('',#8458,#8459);
#8458 = CARTESIAN_POINT('',(0.975,-7.823857362477E-02,3.45));
#8459 = VECTOR('',#8460,1.);
#8460 = DIRECTION('',(0.,1.,0.));
#8461 = ORIENTED_EDGE('',*,*,#8171,.T.);
#8462 = ORIENTED_EDGE('',*,*,#8463,.T.);
#8463 = EDGE_CURVE('',#8118,#8464,#8466,.T.);
#8464 = VERTEX_POINT('',#8465);
#8465 = CARTESIAN_POINT('',(0.4,1.40352285275,3.45));
#8466 = LINE('',#8467,#8468);
#8467 = CARTESIAN_POINT('',(0.4,1.666761426375,3.45));
#8468 = VECTOR('',#8469,1.);
#8469 = DIRECTION('',(0.,-1.,-2.E-16));
#8470 = ORIENTED_EDGE('',*,*,#8471,.T.);
#8471 = EDGE_CURVE('',#8464,#8289,#8472,.T.);
#8472 = LINE('',#8473,#8474);
#8473 = CARTESIAN_POINT('',(0.4,1.40352285275,3.45));
#8474 = VECTOR('',#8475,1.);
#8475 = DIRECTION('',(-1.,0.,0.));
#8476 = ORIENTED_EDGE('',*,*,#8477,.F.);
#8477 = EDGE_CURVE('',#8478,#8289,#8480,.T.);
#8478 = VERTEX_POINT('',#8479);
#8479 = CARTESIAN_POINT('',(0.711761426375,1.011761426375,3.45));
#8480 = CIRCLE('',#8481,0.391761426375);
#8481 = AXIS2_PLACEMENT_3D('',#8482,#8483,#8484);
#8482 = CARTESIAN_POINT('',(0.32,1.011761426375,3.45));
#8483 = DIRECTION('',(0.,0.,1.));
#8484 = DIRECTION('',(-1.,0.,0.));
#8485 = ORIENTED_EDGE('',*,*,#8486,.F.);
#8486 = EDGE_CURVE('',#8487,#8478,#8489,.T.);
#8487 = VERTEX_POINT('',#8488);
#8488 = CARTESIAN_POINT('',(0.711761426375,-7.823857362477E-02,3.45));
#8489 = LINE('',#8490,#8491);
#8490 = CARTESIAN_POINT('',(0.711761426375,-7.823857362477E-02,3.45));
#8491 = VECTOR('',#8492,1.);
#8492 = DIRECTION('',(0.,1.,0.));
#8493 = ORIENTED_EDGE('',*,*,#8494,.F.);
#8494 = EDGE_CURVE('',#8495,#8487,#8497,.T.);
#8495 = VERTEX_POINT('',#8496);
#8496 = CARTESIAN_POINT('',(0.32,-0.47,3.45));
#8497 = CIRCLE('',#8498,0.391761426375);
#8498 = AXIS2_PLACEMENT_3D('',#8499,#8500,#8501);
#8499 = CARTESIAN_POINT('',(0.32,-7.823857362477E-02,3.45));
#8500 = DIRECTION('',(0.,0.,1.));
#8501 = DIRECTION('',(-1.,0.,0.));
#8502 = ORIENTED_EDGE('',*,*,#8503,.F.);
#8503 = EDGE_CURVE('',#8504,#8495,#8506,.T.);
#8504 = VERTEX_POINT('',#8505);
#8505 = CARTESIAN_POINT('',(-0.32,-0.47,3.45));
#8506 = LINE('',#8507,#8508);
#8507 = CARTESIAN_POINT('',(-0.32,-0.47,3.45));
#8508 = VECTOR('',#8509,1.);
#8509 = DIRECTION('',(1.,0.,0.));
#8510 = ORIENTED_EDGE('',*,*,#8511,.F.);
#8511 = EDGE_CURVE('',#8512,#8504,#8514,.T.);
#8512 = VERTEX_POINT('',#8513);
#8513 = CARTESIAN_POINT('',(-0.711761426375,-7.823857362477E-02,3.45));
#8514 = CIRCLE('',#8515,0.391761426375);
#8515 = AXIS2_PLACEMENT_3D('',#8516,#8517,#8518);
#8516 = CARTESIAN_POINT('',(-0.32,-7.823857362477E-02,3.45));
#8517 = DIRECTION('',(0.,0.,1.));
#8518 = DIRECTION('',(-1.,0.,0.));
#8519 = ORIENTED_EDGE('',*,*,#8520,.F.);
#8520 = EDGE_CURVE('',#8521,#8512,#8523,.T.);
#8521 = VERTEX_POINT('',#8522);
#8522 = CARTESIAN_POINT('',(-0.711761426375,1.011761426375,3.45));
#8523 = LINE('',#8524,#8525);
#8524 = CARTESIAN_POINT('',(-0.711761426375,1.011761426375,3.45));
#8525 = VECTOR('',#8526,1.);
#8526 = DIRECTION('',(0.,-1.,0.));
#8527 = ORIENTED_EDGE('',*,*,#8528,.F.);
#8528 = EDGE_CURVE('',#8281,#8521,#8529,.T.);
#8529 = CIRCLE('',#8530,0.391761426375);
#8530 = AXIS2_PLACEMENT_3D('',#8531,#8532,#8533);
#8531 = CARTESIAN_POINT('',(-0.32,1.011761426375,3.45));
#8532 = DIRECTION('',(0.,0.,1.));
#8533 = DIRECTION('',(-1.,0.,0.));
#8534 = ORIENTED_EDGE('',*,*,#8535,.T.);
#8535 = EDGE_CURVE('',#8281,#8536,#8538,.T.);
#8536 = VERTEX_POINT('',#8537);
#8537 = CARTESIAN_POINT('',(-0.4,1.40352285275,3.45));
#8538 = LINE('',#8539,#8540);
#8539 = CARTESIAN_POINT('',(0.4,1.40352285275,3.45));
#8540 = VECTOR('',#8541,1.);
#8541 = DIRECTION('',(-1.,0.,0.));
#8542 = ORIENTED_EDGE('',*,*,#8543,.F.);
#8543 = EDGE_CURVE('',#7983,#8536,#8544,.T.);
#8544 = LINE('',#8545,#8546);
#8545 = CARTESIAN_POINT('',(-0.4,1.666761426375,3.45));
#8546 = VECTOR('',#8547,1.);
#8547 = DIRECTION('',(0.,-1.,-2.E-16));
#8548 = ORIENTED_EDGE('',*,*,#7982,.T.);
#8549 = ORIENTED_EDGE('',*,*,#8550,.T.);
#8550 = EDGE_CURVE('',#7985,#8551,#8553,.T.);
#8551 = VERTEX_POINT('',#8552);
#8552 = CARTESIAN_POINT('',(-0.975,-7.823857362477E-02,3.45));
#8553 = LINE('',#8554,#8555);
#8554 = CARTESIAN_POINT('',(-0.975,1.011761426375,3.45));
#8555 = VECTOR('',#8556,1.);
#8556 = DIRECTION('',(0.,-1.,0.));
#8557 = ORIENTED_EDGE('',*,*,#8558,.T.);
#8558 = EDGE_CURVE('',#8551,#8559,#8561,.T.);
#8559 = VERTEX_POINT('',#8560);
#8560 = CARTESIAN_POINT('',(-0.32,-0.733238573625,3.45));
#8561 = CIRCLE('',#8562,0.655);
#8562 = AXIS2_PLACEMENT_3D('',#8563,#8564,#8565);
#8563 = CARTESIAN_POINT('',(-0.32,-7.823857362477E-02,3.45));
#8564 = DIRECTION('',(0.,0.,1.));
#8565 = DIRECTION('',(-1.,0.,0.));
#8566 = ORIENTED_EDGE('',*,*,#8567,.T.);
#8567 = EDGE_CURVE('',#8559,#8446,#8568,.T.);
#8568 = LINE('',#8569,#8570);
#8569 = CARTESIAN_POINT('',(-0.32,-0.733238573625,3.45));
#8570 = VECTOR('',#8571,1.);
#8571 = DIRECTION('',(1.,0.,0.));
#8572 = PLANE('',#8573);
#8573 = AXIS2_PLACEMENT_3D('',#8574,#8575,#8576);
#8574 = CARTESIAN_POINT('',(-3.E-17,0.466761426375,3.45));
#8575 = DIRECTION('',(0.,0.,1.));
#8576 = DIRECTION('',(-1.,0.,0.));
#8577 = ADVANCED_FACE('',(#8578),#8589,.F.);
#8578 = FACE_BOUND('',#8579,.F.);
#8579 = EDGE_LOOP('',(#8580,#8581,#8582,#8588));
#8580 = ORIENTED_EDGE('',*,*,#7993,.T.);
#8581 = ORIENTED_EDGE('',*,*,#8391,.T.);
#8582 = ORIENTED_EDGE('',*,*,#8583,.F.);
#8583 = EDGE_CURVE('',#8551,#8392,#8584,.T.);
#8584 = LINE('',#8585,#8586);
#8585 = CARTESIAN_POINT('',(-0.975,-7.823857362477E-02,3.45));
#8586 = VECTOR('',#8587,1.);
#8587 = DIRECTION('',(0.,0.,1.));
#8588 = ORIENTED_EDGE('',*,*,#8550,.F.);
#8589 = PLANE('',#8590);
#8590 = AXIS2_PLACEMENT_3D('',#8591,#8592,#8593);
#8591 = CARTESIAN_POINT('',(-0.975,1.011761426375,3.45));
#8592 = DIRECTION('',(1.,0.,0.));
#8593 = DIRECTION('',(0.,-1.,0.));
#8594 = ADVANCED_FACE('',(#8595),#8621,.T.);
#8595 = FACE_BOUND('',#8596,.T.);
#8596 = EDGE_LOOP('',(#8597,#8607,#8613,#8614,#8615));
#8597 = ORIENTED_EDGE('',*,*,#8598,.F.);
#8598 = EDGE_CURVE('',#8599,#8601,#8603,.T.);
#8599 = VERTEX_POINT('',#8600);
#8600 = CARTESIAN_POINT('',(-0.4,1.666761426375,3.732514167383));
#8601 = VERTEX_POINT('',#8602);
#8602 = CARTESIAN_POINT('',(-0.4,2.366761426375,5.12847));
#8603 = LINE('',#8604,#8605);
#8604 = CARTESIAN_POINT('',(-0.4,1.666761426375,3.732514167383));
#8605 = VECTOR('',#8606,1.);
#8606 = DIRECTION('',(0.,0.448249178262,0.8939086498));
#8607 = ORIENTED_EDGE('',*,*,#8608,.F.);
#8608 = EDGE_CURVE('',#8020,#8599,#8609,.T.);
#8609 = LINE('',#8610,#8611);
#8610 = CARTESIAN_POINT('',(-0.4,1.40352285275,3.765283356459));
#8611 = VECTOR('',#8612,1.);
#8612 = DIRECTION('',(-0.,0.992340678184,-0.12353128519));
#8613 = ORIENTED_EDGE('',*,*,#8019,.F.);
#8614 = ORIENTED_EDGE('',*,*,#8094,.F.);
#8615 = ORIENTED_EDGE('',*,*,#8616,.F.);
#8616 = EDGE_CURVE('',#8601,#8087,#8617,.T.);
#8617 = LINE('',#8618,#8619);
#8618 = CARTESIAN_POINT('',(-0.4,2.366761426375,5.12847));
#8619 = VECTOR('',#8620,1.);
#8620 = DIRECTION('',(0.,-0.8939086498,0.448249178262));
#8621 = PLANE('',#8622);
#8622 = AXIS2_PLACEMENT_3D('',#8623,#8624,#8625);
#8623 = CARTESIAN_POINT('',(-0.4,1.332356653177,5.661145307804));
#8624 = DIRECTION('',(-1.,0.,0.));
#8625 = DIRECTION('',(0.,0.,1.));
#8626 = ADVANCED_FACE('',(#8627),#8637,.T.);
#8627 = FACE_BOUND('',#8628,.T.);
#8628 = EDGE_LOOP('',(#8629,#8635,#8636));
#8629 = ORIENTED_EDGE('',*,*,#8630,.F.);
#8630 = EDGE_CURVE('',#8028,#8599,#8631,.T.);
#8631 = LINE('',#8632,#8633);
#8632 = CARTESIAN_POINT('',(0.4,1.666761426375,3.732514167383));
#8633 = VECTOR('',#8634,1.);
#8634 = DIRECTION('',(-1.,0.,0.));
#8635 = ORIENTED_EDGE('',*,*,#8027,.F.);
#8636 = ORIENTED_EDGE('',*,*,#8608,.T.);
#8637 = PLANE('',#8638);
#8638 = AXIS2_PLACEMENT_3D('',#8639,#8640,#8641);
#8639 = CARTESIAN_POINT('',(0.4,1.40352285275,3.765283356459));
#8640 = DIRECTION('',(0.,-0.12353128519,-0.992340678184));
#8641 = DIRECTION('',(-0.,0.992340678184,-0.12353128519));
#8642 = ADVANCED_FACE('',(#8643),#8659,.F.);
#8643 = FACE_BOUND('',#8644,.F.);
#8644 = EDGE_LOOP('',(#8645,#8651,#8652,#8658));
#8645 = ORIENTED_EDGE('',*,*,#8646,.F.);
#8646 = EDGE_CURVE('',#8120,#8037,#8647,.T.);
#8647 = LINE('',#8648,#8649);
#8648 = CARTESIAN_POINT('',(0.32,1.666761426375,3.45));
#8649 = VECTOR('',#8650,1.);
#8650 = DIRECTION('',(-1.,0.,0.));
#8651 = ORIENTED_EDGE('',*,*,#8128,.T.);
#8652 = ORIENTED_EDGE('',*,*,#8653,.T.);
#8653 = EDGE_CURVE('',#8129,#8028,#8654,.T.);
#8654 = LINE('',#8655,#8656);
#8655 = CARTESIAN_POINT('',(0.4,1.666761426375,3.732514167383));
#8656 = VECTOR('',#8657,1.);
#8657 = DIRECTION('',(-1.,0.,0.));
#8658 = ORIENTED_EDGE('',*,*,#8036,.F.);
#8659 = PLANE('',#8660);
#8660 = AXIS2_PLACEMENT_3D('',#8661,#8662,#8663);
#8661 = CARTESIAN_POINT('',(0.32,1.666761426375,3.45));
#8662 = DIRECTION('',(0.,-1.,0.));
#8663 = DIRECTION('',(-1.,0.,0.));
#8664 = ADVANCED_FACE('',(#8665),#8691,.F.);
#8665 = FACE_BOUND('',#8666,.F.);
#8666 = EDGE_LOOP('',(#8667,#8677,#8683,#8684,#8685));
#8667 = ORIENTED_EDGE('',*,*,#8668,.F.);
#8668 = EDGE_CURVE('',#8669,#8671,#8673,.T.);
#8669 = VERTEX_POINT('',#8670);
#8670 = CARTESIAN_POINT('',(0.4,1.666761426375,3.732514167383));
#8671 = VERTEX_POINT('',#8672);
#8672 = CARTESIAN_POINT('',(0.4,2.366761426375,5.12847));
#8673 = LINE('',#8674,#8675);
#8674 = CARTESIAN_POINT('',(0.4,1.666761426375,3.732514167383));
#8675 = VECTOR('',#8676,1.);
#8676 = DIRECTION('',(0.,0.448249178262,0.8939086498));
#8677 = ORIENTED_EDGE('',*,*,#8678,.F.);
#8678 = EDGE_CURVE('',#8137,#8669,#8679,.T.);
#8679 = LINE('',#8680,#8681);
#8680 = CARTESIAN_POINT('',(0.4,1.40352285275,3.765283356459));
#8681 = VECTOR('',#8682,1.);
#8682 = DIRECTION('',(-0.,0.992340678184,-0.12353128519));
#8683 = ORIENTED_EDGE('',*,*,#8145,.F.);
#8684 = ORIENTED_EDGE('',*,*,#8076,.F.);
#8685 = ORIENTED_EDGE('',*,*,#8686,.F.);
#8686 = EDGE_CURVE('',#8671,#8077,#8687,.T.);
#8687 = LINE('',#8688,#8689);
#8688 = CARTESIAN_POINT('',(0.4,2.366761426375,5.12847));
#8689 = VECTOR('',#8690,1.);
#8690 = DIRECTION('',(0.,-0.8939086498,0.448249178262));
#8691 = PLANE('',#8692);
#8692 = AXIS2_PLACEMENT_3D('',#8693,#8694,#8695);
#8693 = CARTESIAN_POINT('',(0.4,1.332356653177,5.661145307804));
#8694 = DIRECTION('',(-1.,0.,0.));
#8695 = DIRECTION('',(0.,0.,1.));
#8696 = ADVANCED_FACE('',(#8697),#8708,.T.);
#8697 = FACE_BOUND('',#8698,.T.);
#8698 = EDGE_LOOP('',(#8699,#8705,#8706,#8707));
#8699 = ORIENTED_EDGE('',*,*,#8700,.T.);
#8700 = EDGE_CURVE('',#8671,#8601,#8701,.T.);
#8701 = LINE('',#8702,#8703);
#8702 = CARTESIAN_POINT('',(0.4,2.366761426375,5.12847));
#8703 = VECTOR('',#8704,1.);
#8704 = DIRECTION('',(-1.,0.,0.));
#8705 = ORIENTED_EDGE('',*,*,#8616,.T.);
#8706 = ORIENTED_EDGE('',*,*,#8086,.F.);
#8707 = ORIENTED_EDGE('',*,*,#8686,.F.);
#8708 = PLANE('',#8709);
#8709 = AXIS2_PLACEMENT_3D('',#8710,#8711,#8712);
#8710 = CARTESIAN_POINT('',(0.4,2.366761426375,5.12847));
#8711 = DIRECTION('',(0.,0.448249178262,0.8939086498));
#8712 = DIRECTION('',(0.,-0.8939086498,0.448249178262));
#8713 = ADVANCED_FACE('',(#8714),#8731,.T.);
#8714 = FACE_BOUND('',#8715,.T.);
#8715 = EDGE_LOOP('',(#8716,#8724,#8730));
#8716 = ORIENTED_EDGE('',*,*,#8717,.F.);
#8717 = EDGE_CURVE('',#8718,#8118,#8720,.T.);
#8718 = VERTEX_POINT('',#8719);
#8719 = CARTESIAN_POINT('',(0.4,1.666761426375,3.45));
#8720 = LINE('',#8721,#8722);
#8721 = CARTESIAN_POINT('',(0.4,1.666761426375,3.45));
#8722 = VECTOR('',#8723,1.);
#8723 = DIRECTION('',(0.,-1.,-2.E-16));
#8724 = ORIENTED_EDGE('',*,*,#8725,.T.);
#8725 = EDGE_CURVE('',#8718,#8120,#8726,.T.);
#8726 = LINE('',#8727,#8728);
#8727 = CARTESIAN_POINT('',(0.4,1.666761426375,3.45));
#8728 = VECTOR('',#8729,1.);
#8729 = DIRECTION('',(-1.,0.,0.));
#8730 = ORIENTED_EDGE('',*,*,#8117,.F.);
#8731 = PLANE('',#8732);
#8732 = AXIS2_PLACEMENT_3D('',#8733,#8734,#8735);
#8733 = CARTESIAN_POINT('',(0.4,1.666761426375,3.45));
#8734 = DIRECTION('',(0.,-2.E-16,1.));
#8735 = DIRECTION('',(0.,-1.,-2.E-16));
#8736 = ADVANCED_FACE('',(#8737),#8747,.T.);
#8737 = FACE_BOUND('',#8738,.T.);
#8738 = EDGE_LOOP('',(#8739,#8740,#8741));
#8739 = ORIENTED_EDGE('',*,*,#8678,.F.);
#8740 = ORIENTED_EDGE('',*,*,#8136,.F.);
#8741 = ORIENTED_EDGE('',*,*,#8742,.F.);
#8742 = EDGE_CURVE('',#8669,#8129,#8743,.T.);
#8743 = LINE('',#8744,#8745);
#8744 = CARTESIAN_POINT('',(0.4,1.666761426375,3.732514167383));
#8745 = VECTOR('',#8746,1.);
#8746 = DIRECTION('',(-1.,0.,0.));
#8747 = PLANE('',#8748);
#8748 = AXIS2_PLACEMENT_3D('',#8749,#8750,#8751);
#8749 = CARTESIAN_POINT('',(0.4,1.40352285275,3.765283356459));
#8750 = DIRECTION('',(0.,-0.12353128519,-0.992340678184));
#8751 = DIRECTION('',(-0.,0.992340678184,-0.12353128519));
#8752 = ADVANCED_FACE('',(#8753),#8764,.F.);
#8753 = FACE_BOUND('',#8754,.F.);
#8754 = EDGE_LOOP('',(#8755,#8761,#8762,#8763));
#8755 = ORIENTED_EDGE('',*,*,#8756,.T.);
#8756 = EDGE_CURVE('',#8448,#8313,#8757,.T.);
#8757 = LINE('',#8758,#8759);
#8758 = CARTESIAN_POINT('',(0.975,-7.823857362477E-02,3.45));
#8759 = VECTOR('',#8760,1.);
#8760 = DIRECTION('',(0.,0.,1.));
#8761 = ORIENTED_EDGE('',*,*,#8321,.T.);
#8762 = ORIENTED_EDGE('',*,*,#8163,.F.);
#8763 = ORIENTED_EDGE('',*,*,#8456,.F.);
#8764 = PLANE('',#8765);
#8765 = AXIS2_PLACEMENT_3D('',#8766,#8767,#8768);
#8766 = CARTESIAN_POINT('',(0.975,-7.823857362477E-02,3.45));
#8767 = DIRECTION('',(-1.,0.,0.));
#8768 = DIRECTION('',(0.,1.,0.));
#8769 = ADVANCED_FACE('',(#8770),#8781,.F.);
#8770 = FACE_BOUND('',#8771,.F.);
#8771 = EDGE_LOOP('',(#8772,#8778,#8779,#8780));
#8772 = ORIENTED_EDGE('',*,*,#8773,.T.);
#8773 = EDGE_CURVE('',#8199,#8245,#8774,.T.);
#8774 = LINE('',#8775,#8776);
#8775 = CARTESIAN_POINT('',(-0.698564,0.170214,9.45));
#8776 = VECTOR('',#8777,1.);
#8777 = DIRECTION('',(0.,0.,-1.));
#8778 = ORIENTED_EDGE('',*,*,#8244,.T.);
#8779 = ORIENTED_EDGE('',*,*,#8773,.F.);
#8780 = ORIENTED_EDGE('',*,*,#8198,.F.);
#8781 = CYLINDRICAL_SURFACE('',#8782,0.698564);
#8782 = AXIS2_PLACEMENT_3D('',#8783,#8784,#8785);
#8783 = CARTESIAN_POINT('',(-2.E-17,0.170214,9.45));
#8784 = DIRECTION('',(0.,0.,1.));
#8785 = DIRECTION('',(-1.,0.,0.));
#8786 = ADVANCED_FACE('',(#8787),#8798,.F.);
#8787 = FACE_BOUND('',#8788,.F.);
#8788 = EDGE_LOOP('',(#8789,#8790,#8791,#8792));
#8789 = ORIENTED_EDGE('',*,*,#8477,.T.);
#8790 = ORIENTED_EDGE('',*,*,#8296,.T.);
#8791 = ORIENTED_EDGE('',*,*,#8330,.F.);
#8792 = ORIENTED_EDGE('',*,*,#8793,.F.);
#8793 = EDGE_CURVE('',#8478,#8331,#8794,.T.);
#8794 = LINE('',#8795,#8796);
#8795 = CARTESIAN_POINT('',(0.711761426375,1.011761426375,3.45));
#8796 = VECTOR('',#8797,1.);
#8797 = DIRECTION('',(0.,0.,1.));
#8798 = CYLINDRICAL_SURFACE('',#8799,0.391761426375);
#8799 = AXIS2_PLACEMENT_3D('',#8800,#8801,#8802);
#8800 = CARTESIAN_POINT('',(0.32,1.011761426375,3.45));
#8801 = DIRECTION('',(0.,0.,-1.));
#8802 = DIRECTION('',(-1.,0.,0.));
#8803 = ADVANCED_FACE('',(#8804),#8833,.F.);
#8804 = FACE_BOUND('',#8805,.F.);
#8805 = EDGE_LOOP('',(#8806,#8815,#8823,#8830,#8831,#8832));
#8806 = ORIENTED_EDGE('',*,*,#8807,.T.);
#8807 = EDGE_CURVE('',#8464,#8808,#8810,.T.);
#8808 = VERTEX_POINT('',#8809);
#8809 = CARTESIAN_POINT('',(0.4,1.114684484901,3.336392809704));
#8810 = CIRCLE('',#8811,0.166761426375);
#8811 = AXIS2_PLACEMENT_3D('',#8812,#8813,#8814);
#8812 = CARTESIAN_POINT('',(0.4,1.236761426375,3.45));
#8813 = DIRECTION('',(-1.,0.,0.));
#8814 = DIRECTION('',(0.,-1.,0.));
#8815 = ORIENTED_EDGE('',*,*,#8816,.T.);
#8816 = EDGE_CURVE('',#8808,#8817,#8819,.T.);
#8817 = VERTEX_POINT('',#8818);
#8818 = CARTESIAN_POINT('',(-0.4,1.114684484901,3.336392809704));
#8819 = LINE('',#8820,#8821);
#8820 = CARTESIAN_POINT('',(0.4,1.114684484901,3.336392809704));
#8821 = VECTOR('',#8822,1.);
#8822 = DIRECTION('',(-1.,0.,0.));
#8823 = ORIENTED_EDGE('',*,*,#8824,.F.);
#8824 = EDGE_CURVE('',#8536,#8817,#8825,.T.);
#8825 = CIRCLE('',#8826,0.166761426375);
#8826 = AXIS2_PLACEMENT_3D('',#8827,#8828,#8829);
#8827 = CARTESIAN_POINT('',(-0.4,1.236761426375,3.45));
#8828 = DIRECTION('',(-1.,0.,0.));
#8829 = DIRECTION('',(0.,-1.,0.));
#8830 = ORIENTED_EDGE('',*,*,#8535,.F.);
#8831 = ORIENTED_EDGE('',*,*,#8288,.F.);
#8832 = ORIENTED_EDGE('',*,*,#8471,.F.);
#8833 = CYLINDRICAL_SURFACE('',#8834,0.166761426375);
#8834 = AXIS2_PLACEMENT_3D('',#8835,#8836,#8837);
#8835 = CARTESIAN_POINT('',(0.4,1.236761426375,3.45));
#8836 = DIRECTION('',(1.,0.,-0.));
#8837 = DIRECTION('',(0.,-1.,0.));
#8838 = ADVANCED_FACE('',(#8839),#8850,.F.);
#8839 = FACE_BOUND('',#8840,.F.);
#8840 = EDGE_LOOP('',(#8841,#8842,#8848,#8849));
#8841 = ORIENTED_EDGE('',*,*,#8528,.T.);
#8842 = ORIENTED_EDGE('',*,*,#8843,.T.);
#8843 = EDGE_CURVE('',#8521,#8374,#8844,.T.);
#8844 = LINE('',#8845,#8846);
#8845 = CARTESIAN_POINT('',(-0.711761426375,1.011761426375,3.45));
#8846 = VECTOR('',#8847,1.);
#8847 = DIRECTION('',(0.,0.,1.));
#8848 = ORIENTED_EDGE('',*,*,#8381,.F.);
#8849 = ORIENTED_EDGE('',*,*,#8280,.F.);
#8850 = CYLINDRICAL_SURFACE('',#8851,0.391761426375);
#8851 = AXIS2_PLACEMENT_3D('',#8852,#8853,#8854);
#8852 = CARTESIAN_POINT('',(-0.32,1.011761426375,3.45));
#8853 = DIRECTION('',(0.,0.,-1.));
#8854 = DIRECTION('',(-1.,0.,0.));
#8855 = ADVANCED_FACE('',(#8856),#8867,.T.);
#8856 = FACE_BOUND('',#8857,.T.);
#8857 = EDGE_LOOP('',(#8858,#8859,#8860,#8861));
#8858 = ORIENTED_EDGE('',*,*,#8445,.T.);
#8859 = ORIENTED_EDGE('',*,*,#8756,.T.);
#8860 = ORIENTED_EDGE('',*,*,#8310,.F.);
#8861 = ORIENTED_EDGE('',*,*,#8862,.F.);
#8862 = EDGE_CURVE('',#8446,#8311,#8863,.T.);
#8863 = LINE('',#8864,#8865);
#8864 = CARTESIAN_POINT('',(0.32,-0.733238573625,3.45));
#8865 = VECTOR('',#8866,1.);
#8866 = DIRECTION('',(0.,0.,1.));
#8867 = CYLINDRICAL_SURFACE('',#8868,0.655);
#8868 = AXIS2_PLACEMENT_3D('',#8869,#8870,#8871);
#8869 = CARTESIAN_POINT('',(0.32,-7.823857362477E-02,3.45));
#8870 = DIRECTION('',(0.,0.,-1.));
#8871 = DIRECTION('',(-1.,0.,0.));
#8872 = ADVANCED_FACE('',(#8873),#8884,.F.);
#8873 = FACE_BOUND('',#8874,.F.);
#8874 = EDGE_LOOP('',(#8875,#8881,#8882,#8883));
#8875 = ORIENTED_EDGE('',*,*,#8876,.T.);
#8876 = EDGE_CURVE('',#8559,#8400,#8877,.T.);
#8877 = LINE('',#8878,#8879);
#8878 = CARTESIAN_POINT('',(-0.32,-0.733238573625,3.45));
#8879 = VECTOR('',#8880,1.);
#8880 = DIRECTION('',(0.,0.,1.));
#8881 = ORIENTED_EDGE('',*,*,#8408,.T.);
#8882 = ORIENTED_EDGE('',*,*,#8862,.F.);
#8883 = ORIENTED_EDGE('',*,*,#8567,.F.);
#8884 = PLANE('',#8885);
#8885 = AXIS2_PLACEMENT_3D('',#8886,#8887,#8888);
#8886 = CARTESIAN_POINT('',(-0.32,-0.733238573625,3.45));
#8887 = DIRECTION('',(0.,1.,0.));
#8888 = DIRECTION('',(1.,0.,0.));
#8889 = ADVANCED_FACE('',(#8890),#8896,.T.);
#8890 = FACE_BOUND('',#8891,.T.);
#8891 = EDGE_LOOP('',(#8892,#8893,#8894,#8895));
#8892 = ORIENTED_EDGE('',*,*,#8558,.T.);
#8893 = ORIENTED_EDGE('',*,*,#8876,.T.);
#8894 = ORIENTED_EDGE('',*,*,#8399,.F.);
#8895 = ORIENTED_EDGE('',*,*,#8583,.F.);
#8896 = CYLINDRICAL_SURFACE('',#8897,0.655);
#8897 = AXIS2_PLACEMENT_3D('',#8898,#8899,#8900);
#8898 = CARTESIAN_POINT('',(-0.32,-7.823857362477E-02,3.45));
#8899 = DIRECTION('',(0.,0.,-1.));
#8900 = DIRECTION('',(-1.,0.,0.));
#8901 = ADVANCED_FACE('',(#8902),#8913,.T.);
#8902 = FACE_BOUND('',#8903,.T.);
#8903 = EDGE_LOOP('',(#8904,#8905,#8906,#8912));
#8904 = ORIENTED_EDGE('',*,*,#8843,.T.);
#8905 = ORIENTED_EDGE('',*,*,#8373,.T.);
#8906 = ORIENTED_EDGE('',*,*,#8907,.F.);
#8907 = EDGE_CURVE('',#8512,#8365,#8908,.T.);
#8908 = LINE('',#8909,#8910);
#8909 = CARTESIAN_POINT('',(-0.711761426375,-7.823857362477E-02,3.45));
#8910 = VECTOR('',#8911,1.);
#8911 = DIRECTION('',(0.,0.,1.));
#8912 = ORIENTED_EDGE('',*,*,#8520,.F.);
#8913 = PLANE('',#8914);
#8914 = AXIS2_PLACEMENT_3D('',#8915,#8916,#8917);
#8915 = CARTESIAN_POINT('',(-0.711761426375,1.011761426375,3.45));
#8916 = DIRECTION('',(1.,0.,0.));
#8917 = DIRECTION('',(0.,-1.,0.));
#8918 = ADVANCED_FACE('',(#8919),#8930,.F.);
#8919 = FACE_BOUND('',#8920,.F.);
#8920 = EDGE_LOOP('',(#8921,#8922,#8928,#8929));
#8921 = ORIENTED_EDGE('',*,*,#8511,.T.);
#8922 = ORIENTED_EDGE('',*,*,#8923,.T.);
#8923 = EDGE_CURVE('',#8504,#8357,#8924,.T.);
#8924 = LINE('',#8925,#8926);
#8925 = CARTESIAN_POINT('',(-0.32,-0.47,3.45));
#8926 = VECTOR('',#8927,1.);
#8927 = DIRECTION('',(0.,0.,1.));
#8928 = ORIENTED_EDGE('',*,*,#8364,.F.);
#8929 = ORIENTED_EDGE('',*,*,#8907,.F.);
#8930 = CYLINDRICAL_SURFACE('',#8931,0.391761426375);
#8931 = AXIS2_PLACEMENT_3D('',#8932,#8933,#8934);
#8932 = CARTESIAN_POINT('',(-0.32,-7.823857362477E-02,3.45));
#8933 = DIRECTION('',(0.,0.,-1.));
#8934 = DIRECTION('',(-1.,0.,0.));
#8935 = ADVANCED_FACE('',(#8936),#8947,.T.);
#8936 = FACE_BOUND('',#8937,.T.);
#8937 = EDGE_LOOP('',(#8938,#8939,#8940,#8946));
#8938 = ORIENTED_EDGE('',*,*,#8923,.T.);
#8939 = ORIENTED_EDGE('',*,*,#8356,.T.);
#8940 = ORIENTED_EDGE('',*,*,#8941,.F.);
#8941 = EDGE_CURVE('',#8495,#8348,#8942,.T.);
#8942 = LINE('',#8943,#8944);
#8943 = CARTESIAN_POINT('',(0.32,-0.47,3.45));
#8944 = VECTOR('',#8945,1.);
#8945 = DIRECTION('',(0.,0.,1.));
#8946 = ORIENTED_EDGE('',*,*,#8503,.F.);
#8947 = PLANE('',#8948);
#8948 = AXIS2_PLACEMENT_3D('',#8949,#8950,#8951);
#8949 = CARTESIAN_POINT('',(-0.32,-0.47,3.45));
#8950 = DIRECTION('',(0.,1.,0.));
#8951 = DIRECTION('',(1.,0.,0.));
#8952 = ADVANCED_FACE('',(#8953),#8964,.F.);
#8953 = FACE_BOUND('',#8954,.F.);
#8954 = EDGE_LOOP('',(#8955,#8956,#8962,#8963));
#8955 = ORIENTED_EDGE('',*,*,#8494,.T.);
#8956 = ORIENTED_EDGE('',*,*,#8957,.T.);
#8957 = EDGE_CURVE('',#8487,#8340,#8958,.T.);
#8958 = LINE('',#8959,#8960);
#8959 = CARTESIAN_POINT('',(0.711761426375,-7.823857362477E-02,3.45));
#8960 = VECTOR('',#8961,1.);
#8961 = DIRECTION('',(0.,0.,1.));
#8962 = ORIENTED_EDGE('',*,*,#8347,.F.);
#8963 = ORIENTED_EDGE('',*,*,#8941,.F.);
#8964 = CYLINDRICAL_SURFACE('',#8965,0.391761426375);
#8965 = AXIS2_PLACEMENT_3D('',#8966,#8967,#8968);
#8966 = CARTESIAN_POINT('',(0.32,-7.823857362477E-02,3.45));
#8967 = DIRECTION('',(0.,0.,-1.));
#8968 = DIRECTION('',(-1.,0.,0.));
#8969 = ADVANCED_FACE('',(#8970),#8976,.T.);
#8970 = FACE_BOUND('',#8971,.T.);
#8971 = EDGE_LOOP('',(#8972,#8973,#8974,#8975));
#8972 = ORIENTED_EDGE('',*,*,#8957,.T.);
#8973 = ORIENTED_EDGE('',*,*,#8339,.T.);
#8974 = ORIENTED_EDGE('',*,*,#8793,.F.);
#8975 = ORIENTED_EDGE('',*,*,#8486,.F.);
#8976 = PLANE('',#8977);
#8977 = AXIS2_PLACEMENT_3D('',#8978,#8979,#8980);
#8978 = CARTESIAN_POINT('',(0.711761426375,-7.823857362477E-02,3.45));
#8979 = DIRECTION('',(-1.,0.,0.));
#8980 = DIRECTION('',(0.,1.,0.));
#8981 = ADVANCED_FACE('',(#8982),#9070,.T.);
#8982 = FACE_BOUND('',#8983,.F.);
#8983 = EDGE_LOOP('',(#8984,#8985,#8986,#8987,#8995,#9004,#9012,#9021,
    #9029,#9038,#9046,#9055,#9063));
#8984 = ORIENTED_EDGE('',*,*,#8431,.T.);
#8985 = ORIENTED_EDGE('',*,*,#8543,.T.);
#8986 = ORIENTED_EDGE('',*,*,#8824,.T.);
#8987 = ORIENTED_EDGE('',*,*,#8988,.T.);
#8988 = EDGE_CURVE('',#8817,#8989,#8991,.T.);
#8989 = VERTEX_POINT('',#8990);
#8990 = CARTESIAN_POINT('',(-0.4,0.507864340432,3.988453186061));
#8991 = LINE('',#8992,#8993);
#8992 = CARTESIAN_POINT('',(-0.4,1.114684484901,3.336392809704));
#8993 = VECTOR('',#8994,1.);
#8994 = DIRECTION('',(0.,-0.681255808167,0.73204543837));
#8995 = ORIENTED_EDGE('',*,*,#8996,.T.);
#8996 = EDGE_CURVE('',#8989,#8997,#8999,.T.);
#8997 = VERTEX_POINT('',#8998);
#8998 = CARTESIAN_POINT('',(-0.4,0.433238573625,4.178184));
#8999 = CIRCLE('',#9000,0.278501572631);
#9000 = AXIS2_PLACEMENT_3D('',#9001,#9002,#9003);
#9001 = CARTESIAN_POINT('',(-0.4,0.711740146256,4.178184));
#9002 = DIRECTION('',(-1.,0.,0.));
#9003 = DIRECTION('',(0.,-1.,0.));
#9004 = ORIENTED_EDGE('',*,*,#9005,.T.);
#9005 = EDGE_CURVE('',#8997,#9006,#9008,.T.);
#9006 = VERTEX_POINT('',#9007);
#9007 = CARTESIAN_POINT('',(-0.4,0.433238573625,4.685074494728));
#9008 = LINE('',#9009,#9010);
#9009 = CARTESIAN_POINT('',(-0.4,0.433238573625,4.178184));
#9010 = VECTOR('',#9011,1.);
#9011 = DIRECTION('',(0.,0.,1.));
#9012 = ORIENTED_EDGE('',*,*,#9013,.T.);
#9013 = EDGE_CURVE('',#9006,#9014,#9016,.T.);
#9014 = VERTEX_POINT('',#9015);
#9015 = CARTESIAN_POINT('',(-0.4,0.575234225212,4.952153180724));
#9016 = CIRCLE('',#9017,0.332497);
#9017 = AXIS2_PLACEMENT_3D('',#9018,#9019,#9020);
#9018 = CARTESIAN_POINT('',(-0.4,0.765690642056,4.679608490276));
#9019 = DIRECTION('',(-1.,0.,0.));
#9020 = DIRECTION('',(0.,-1.,0.));
#9021 = ORIENTED_EDGE('',*,*,#9022,.F.);
#9022 = EDGE_CURVE('',#9023,#9014,#9025,.T.);
#9023 = VERTEX_POINT('',#9024);
#9024 = CARTESIAN_POINT('',(-0.4,0.424460852439,5.167911110498));
#9025 = LINE('',#9026,#9027);
#9026 = CARTESIAN_POINT('',(-0.4,0.424460852439,5.167911110498));
#9027 = VECTOR('',#9028,1.);
#9028 = DIRECTION('',(-0.,0.572806421845,-0.819690675251));
#9029 = ORIENTED_EDGE('',*,*,#9030,.F.);
#9030 = EDGE_CURVE('',#9031,#9023,#9033,.T.);
#9031 = VERTEX_POINT('',#9032);
#9032 = CARTESIAN_POINT('',(-0.4,0.17,4.685074494728));
#9033 = CIRCLE('',#9034,0.595715719314);
#9034 = AXIS2_PLACEMENT_3D('',#9035,#9036,#9037);
#9035 = CARTESIAN_POINT('',(-0.4,0.765690642056,4.679608490276));
#9036 = DIRECTION('',(-1.,0.,0.));
#9037 = DIRECTION('',(0.,-1.,0.));
#9038 = ORIENTED_EDGE('',*,*,#9039,.F.);
#9039 = EDGE_CURVE('',#9040,#9031,#9042,.T.);
#9040 = VERTEX_POINT('',#9041);
#9041 = CARTESIAN_POINT('',(-0.4,0.17,4.178184));
#9042 = LINE('',#9043,#9044);
#9043 = CARTESIAN_POINT('',(-0.4,0.17,4.178184));
#9044 = VECTOR('',#9045,1.);
#9045 = DIRECTION('',(0.,-1.1E-16,1.));
#9046 = ORIENTED_EDGE('',*,*,#9047,.F.);
#9047 = EDGE_CURVE('',#9048,#9040,#9050,.T.);
#9048 = VERTEX_POINT('',#9049);
#9049 = CARTESIAN_POINT('',(-0.4,0.315161743407,3.809120378846));
#9050 = CIRCLE('',#9051,0.541740146256);
#9051 = AXIS2_PLACEMENT_3D('',#9052,#9053,#9054);
#9052 = CARTESIAN_POINT('',(-0.4,0.711740146256,4.178184));
#9053 = DIRECTION('',(-1.,0.,0.));
#9054 = DIRECTION('',(0.,-1.,0.));
#9055 = ORIENTED_EDGE('',*,*,#9056,.F.);
#9056 = EDGE_CURVE('',#9057,#9048,#9059,.T.);
#9057 = VERTEX_POINT('',#9058);
#9058 = CARTESIAN_POINT('',(-0.4,0.921981887876,3.157060002488));
#9059 = LINE('',#9060,#9061);
#9060 = CARTESIAN_POINT('',(-0.4,0.921981887876,3.157060002488));
#9061 = VECTOR('',#9062,1.);
#9062 = DIRECTION('',(0.,-0.681255808167,0.73204543837));
#9063 = ORIENTED_EDGE('',*,*,#9064,.F.);
#9064 = EDGE_CURVE('',#8424,#9057,#9065,.T.);
#9065 = CIRCLE('',#9066,0.43);
#9066 = AXIS2_PLACEMENT_3D('',#9067,#9068,#9069);
#9067 = CARTESIAN_POINT('',(-0.4,1.236761426375,3.45));
#9068 = DIRECTION('',(-1.,0.,0.));
#9069 = DIRECTION('',(0.,-1.,0.));
#9070 = PLANE('',#9071);
#9071 = AXIS2_PLACEMENT_3D('',#9072,#9073,#9074);
#9072 = CARTESIAN_POINT('',(-0.4,1.332356653177,5.661145307804));
#9073 = DIRECTION('',(-1.,0.,0.));
#9074 = DIRECTION('',(0.,0.,1.));
#9075 = ADVANCED_FACE('',(#9076),#9097,.T.);
#9076 = FACE_BOUND('',#9077,.T.);
#9077 = EDGE_LOOP('',(#9078,#9087,#9093,#9094,#9095,#9096));
#9078 = ORIENTED_EDGE('',*,*,#9079,.T.);
#9079 = EDGE_CURVE('',#8718,#9080,#9082,.T.);
#9080 = VERTEX_POINT('',#9081);
#9081 = CARTESIAN_POINT('',(0.4,0.921981887876,3.157060002488));
#9082 = CIRCLE('',#9083,0.43);
#9083 = AXIS2_PLACEMENT_3D('',#9084,#9085,#9086);
#9084 = CARTESIAN_POINT('',(0.4,1.236761426375,3.45));
#9085 = DIRECTION('',(-1.,0.,0.));
#9086 = DIRECTION('',(0.,-1.,0.));
#9087 = ORIENTED_EDGE('',*,*,#9088,.T.);
#9088 = EDGE_CURVE('',#9080,#9057,#9089,.T.);
#9089 = LINE('',#9090,#9091);
#9090 = CARTESIAN_POINT('',(0.4,0.921981887876,3.157060002488));
#9091 = VECTOR('',#9092,1.);
#9092 = DIRECTION('',(-1.,0.,0.));
#9093 = ORIENTED_EDGE('',*,*,#9064,.F.);
#9094 = ORIENTED_EDGE('',*,*,#8423,.F.);
#9095 = ORIENTED_EDGE('',*,*,#8646,.F.);
#9096 = ORIENTED_EDGE('',*,*,#8725,.F.);
#9097 = CYLINDRICAL_SURFACE('',#9098,0.43);
#9098 = AXIS2_PLACEMENT_3D('',#9099,#9100,#9101);
#9099 = CARTESIAN_POINT('',(0.4,1.236761426375,3.45));
#9100 = DIRECTION('',(1.,0.,-0.));
#9101 = DIRECTION('',(0.,-1.,0.));
#9102 = ADVANCED_FACE('',(#9103),#9183,.F.);
#9103 = FACE_BOUND('',#9104,.T.);
#9104 = EDGE_LOOP('',(#9105,#9106,#9107,#9108,#9116,#9125,#9133,#9142,
    #9150,#9159,#9167,#9176,#9182));
#9105 = ORIENTED_EDGE('',*,*,#8717,.T.);
#9106 = ORIENTED_EDGE('',*,*,#8463,.T.);
#9107 = ORIENTED_EDGE('',*,*,#8807,.T.);
#9108 = ORIENTED_EDGE('',*,*,#9109,.T.);
#9109 = EDGE_CURVE('',#8808,#9110,#9112,.T.);
#9110 = VERTEX_POINT('',#9111);
#9111 = CARTESIAN_POINT('',(0.4,0.507864340432,3.988453186061));
#9112 = LINE('',#9113,#9114);
#9113 = CARTESIAN_POINT('',(0.4,1.114684484901,3.336392809704));
#9114 = VECTOR('',#9115,1.);
#9115 = DIRECTION('',(0.,-0.681255808167,0.73204543837));
#9116 = ORIENTED_EDGE('',*,*,#9117,.T.);
#9117 = EDGE_CURVE('',#9110,#9118,#9120,.T.);
#9118 = VERTEX_POINT('',#9119);
#9119 = CARTESIAN_POINT('',(0.4,0.433238573625,4.178184));
#9120 = CIRCLE('',#9121,0.278501572631);
#9121 = AXIS2_PLACEMENT_3D('',#9122,#9123,#9124);
#9122 = CARTESIAN_POINT('',(0.4,0.711740146256,4.178184));
#9123 = DIRECTION('',(-1.,0.,0.));
#9124 = DIRECTION('',(0.,-1.,0.));
#9125 = ORIENTED_EDGE('',*,*,#9126,.T.);
#9126 = EDGE_CURVE('',#9118,#9127,#9129,.T.);
#9127 = VERTEX_POINT('',#9128);
#9128 = CARTESIAN_POINT('',(0.4,0.433238573625,4.685074494728));
#9129 = LINE('',#9130,#9131);
#9130 = CARTESIAN_POINT('',(0.4,0.433238573625,4.178184));
#9131 = VECTOR('',#9132,1.);
#9132 = DIRECTION('',(0.,0.,1.));
#9133 = ORIENTED_EDGE('',*,*,#9134,.T.);
#9134 = EDGE_CURVE('',#9127,#9135,#9137,.T.);
#9135 = VERTEX_POINT('',#9136);
#9136 = CARTESIAN_POINT('',(0.4,0.575234225212,4.952153180724));
#9137 = CIRCLE('',#9138,0.332497);
#9138 = AXIS2_PLACEMENT_3D('',#9139,#9140,#9141);
#9139 = CARTESIAN_POINT('',(0.4,0.765690642056,4.679608490276));
#9140 = DIRECTION('',(-1.,0.,0.));
#9141 = DIRECTION('',(0.,-1.,0.));
#9142 = ORIENTED_EDGE('',*,*,#9143,.F.);
#9143 = EDGE_CURVE('',#9144,#9135,#9146,.T.);
#9144 = VERTEX_POINT('',#9145);
#9145 = CARTESIAN_POINT('',(0.4,0.424460852439,5.167911110498));
#9146 = LINE('',#9147,#9148);
#9147 = CARTESIAN_POINT('',(0.4,0.424460852439,5.167911110498));
#9148 = VECTOR('',#9149,1.);
#9149 = DIRECTION('',(-0.,0.572806421845,-0.819690675251));
#9150 = ORIENTED_EDGE('',*,*,#9151,.F.);
#9151 = EDGE_CURVE('',#9152,#9144,#9154,.T.);
#9152 = VERTEX_POINT('',#9153);
#9153 = CARTESIAN_POINT('',(0.4,0.17,4.685074494728));
#9154 = CIRCLE('',#9155,0.595715719314);
#9155 = AXIS2_PLACEMENT_3D('',#9156,#9157,#9158);
#9156 = CARTESIAN_POINT('',(0.4,0.765690642056,4.679608490276));
#9157 = DIRECTION('',(-1.,0.,0.));
#9158 = DIRECTION('',(0.,-1.,0.));
#9159 = ORIENTED_EDGE('',*,*,#9160,.F.);
#9160 = EDGE_CURVE('',#9161,#9152,#9163,.T.);
#9161 = VERTEX_POINT('',#9162);
#9162 = CARTESIAN_POINT('',(0.4,0.17,4.178184));
#9163 = LINE('',#9164,#9165);
#9164 = CARTESIAN_POINT('',(0.4,0.17,4.178184));
#9165 = VECTOR('',#9166,1.);
#9166 = DIRECTION('',(0.,-1.1E-16,1.));
#9167 = ORIENTED_EDGE('',*,*,#9168,.F.);
#9168 = EDGE_CURVE('',#9169,#9161,#9171,.T.);
#9169 = VERTEX_POINT('',#9170);
#9170 = CARTESIAN_POINT('',(0.4,0.315161743407,3.809120378846));
#9171 = CIRCLE('',#9172,0.541740146256);
#9172 = AXIS2_PLACEMENT_3D('',#9173,#9174,#9175);
#9173 = CARTESIAN_POINT('',(0.4,0.711740146256,4.178184));
#9174 = DIRECTION('',(-1.,0.,0.));
#9175 = DIRECTION('',(0.,-1.,0.));
#9176 = ORIENTED_EDGE('',*,*,#9177,.F.);
#9177 = EDGE_CURVE('',#9080,#9169,#9178,.T.);
#9178 = LINE('',#9179,#9180);
#9179 = CARTESIAN_POINT('',(0.4,0.921981887876,3.157060002488));
#9180 = VECTOR('',#9181,1.);
#9181 = DIRECTION('',(0.,-0.681255808167,0.73204543837));
#9182 = ORIENTED_EDGE('',*,*,#9079,.F.);
#9183 = PLANE('',#9184);
#9184 = AXIS2_PLACEMENT_3D('',#9185,#9186,#9187);
#9185 = CARTESIAN_POINT('',(0.4,1.332356653177,5.661145307804));
#9186 = DIRECTION('',(-1.,0.,0.));
#9187 = DIRECTION('',(0.,0.,1.));
#9188 = ADVANCED_FACE('',(#9189),#9197,.T.);
#9189 = FACE_BOUND('',#9190,.T.);
#9190 = EDGE_LOOP('',(#9191,#9192,#9193,#9194,#9195,#9196));
#9191 = ORIENTED_EDGE('',*,*,#8742,.T.);
#9192 = ORIENTED_EDGE('',*,*,#8653,.T.);
#9193 = ORIENTED_EDGE('',*,*,#8630,.T.);
#9194 = ORIENTED_EDGE('',*,*,#8598,.T.);
#9195 = ORIENTED_EDGE('',*,*,#8700,.F.);
#9196 = ORIENTED_EDGE('',*,*,#8668,.F.);
#9197 = PLANE('',#9198);
#9198 = AXIS2_PLACEMENT_3D('',#9199,#9200,#9201);
#9199 = CARTESIAN_POINT('',(0.4,1.666761426375,3.732514167383));
#9200 = DIRECTION('',(-0.,0.8939086498,-0.448249178262));
#9201 = DIRECTION('',(0.,0.448249178262,0.8939086498));
#9202 = ADVANCED_FACE('',(#9203),#9214,.T.);
#9203 = FACE_BOUND('',#9204,.T.);
#9204 = EDGE_LOOP('',(#9205,#9206,#9207,#9213));
#9205 = ORIENTED_EDGE('',*,*,#8816,.T.);
#9206 = ORIENTED_EDGE('',*,*,#8988,.T.);
#9207 = ORIENTED_EDGE('',*,*,#9208,.F.);
#9208 = EDGE_CURVE('',#9110,#8989,#9209,.T.);
#9209 = LINE('',#9210,#9211);
#9210 = CARTESIAN_POINT('',(0.4,0.507864340432,3.988453186061));
#9211 = VECTOR('',#9212,1.);
#9212 = DIRECTION('',(-1.,0.,0.));
#9213 = ORIENTED_EDGE('',*,*,#9109,.F.);
#9214 = PLANE('',#9215);
#9215 = AXIS2_PLACEMENT_3D('',#9216,#9217,#9218);
#9216 = CARTESIAN_POINT('',(0.4,1.114684484901,3.336392809704));
#9217 = DIRECTION('',(0.,0.73204543837,0.681255808167));
#9218 = DIRECTION('',(0.,-0.681255808167,0.73204543837));
#9219 = ADVANCED_FACE('',(#9220),#9231,.F.);
#9220 = FACE_BOUND('',#9221,.F.);
#9221 = EDGE_LOOP('',(#9222,#9223,#9229,#9230));
#9222 = ORIENTED_EDGE('',*,*,#9117,.T.);
#9223 = ORIENTED_EDGE('',*,*,#9224,.T.);
#9224 = EDGE_CURVE('',#9118,#8997,#9225,.T.);
#9225 = LINE('',#9226,#9227);
#9226 = CARTESIAN_POINT('',(0.4,0.433238573625,4.178184));
#9227 = VECTOR('',#9228,1.);
#9228 = DIRECTION('',(-1.,0.,0.));
#9229 = ORIENTED_EDGE('',*,*,#8996,.F.);
#9230 = ORIENTED_EDGE('',*,*,#9208,.F.);
#9231 = CYLINDRICAL_SURFACE('',#9232,0.278501572631);
#9232 = AXIS2_PLACEMENT_3D('',#9233,#9234,#9235);
#9233 = CARTESIAN_POINT('',(0.4,0.711740146256,4.178184));
#9234 = DIRECTION('',(1.,0.,-0.));
#9235 = DIRECTION('',(0.,-1.,0.));
#9236 = ADVANCED_FACE('',(#9237),#9248,.T.);
#9237 = FACE_BOUND('',#9238,.T.);
#9238 = EDGE_LOOP('',(#9239,#9240,#9241,#9247));
#9239 = ORIENTED_EDGE('',*,*,#9224,.T.);
#9240 = ORIENTED_EDGE('',*,*,#9005,.T.);
#9241 = ORIENTED_EDGE('',*,*,#9242,.F.);
#9242 = EDGE_CURVE('',#9127,#9006,#9243,.T.);
#9243 = LINE('',#9244,#9245);
#9244 = CARTESIAN_POINT('',(0.4,0.433238573625,4.685074494728));
#9245 = VECTOR('',#9246,1.);
#9246 = DIRECTION('',(-1.,0.,0.));
#9247 = ORIENTED_EDGE('',*,*,#9126,.F.);
#9248 = PLANE('',#9249);
#9249 = AXIS2_PLACEMENT_3D('',#9250,#9251,#9252);
#9250 = CARTESIAN_POINT('',(0.4,0.433238573625,4.178184));
#9251 = DIRECTION('',(0.,1.,0.));
#9252 = DIRECTION('',(0.,-0.,1.));
#9253 = ADVANCED_FACE('',(#9254),#9265,.F.);
#9254 = FACE_BOUND('',#9255,.F.);
#9255 = EDGE_LOOP('',(#9256,#9257,#9263,#9264));
#9256 = ORIENTED_EDGE('',*,*,#9134,.T.);
#9257 = ORIENTED_EDGE('',*,*,#9258,.T.);
#9258 = EDGE_CURVE('',#9135,#9014,#9259,.T.);
#9259 = LINE('',#9260,#9261);
#9260 = CARTESIAN_POINT('',(0.4,0.575234225212,4.952153180724));
#9261 = VECTOR('',#9262,1.);
#9262 = DIRECTION('',(-1.,0.,0.));
#9263 = ORIENTED_EDGE('',*,*,#9013,.F.);
#9264 = ORIENTED_EDGE('',*,*,#9242,.F.);
#9265 = CYLINDRICAL_SURFACE('',#9266,0.332497);
#9266 = AXIS2_PLACEMENT_3D('',#9267,#9268,#9269);
#9267 = CARTESIAN_POINT('',(0.4,0.765690642056,4.679608490276));
#9268 = DIRECTION('',(1.,0.,-0.));
#9269 = DIRECTION('',(0.,-1.,0.));
#9270 = ADVANCED_FACE('',(#9271),#9282,.F.);
#9271 = FACE_BOUND('',#9272,.F.);
#9272 = EDGE_LOOP('',(#9273,#9279,#9280,#9281));
#9273 = ORIENTED_EDGE('',*,*,#9274,.T.);
#9274 = EDGE_CURVE('',#9144,#9023,#9275,.T.);
#9275 = LINE('',#9276,#9277);
#9276 = CARTESIAN_POINT('',(0.4,0.424460852439,5.167911110498));
#9277 = VECTOR('',#9278,1.);
#9278 = DIRECTION('',(-1.,0.,0.));
#9279 = ORIENTED_EDGE('',*,*,#9022,.T.);
#9280 = ORIENTED_EDGE('',*,*,#9258,.F.);
#9281 = ORIENTED_EDGE('',*,*,#9143,.F.);
#9282 = PLANE('',#9283);
#9283 = AXIS2_PLACEMENT_3D('',#9284,#9285,#9286);
#9284 = CARTESIAN_POINT('',(0.4,0.424460852439,5.167911110498));
#9285 = DIRECTION('',(0.,-0.819690675251,-0.572806421845));
#9286 = DIRECTION('',(-0.,0.572806421845,-0.819690675251));
#9287 = ADVANCED_FACE('',(#9288),#9299,.T.);
#9288 = FACE_BOUND('',#9289,.T.);
#9289 = EDGE_LOOP('',(#9290,#9291,#9292,#9293));
#9290 = ORIENTED_EDGE('',*,*,#9151,.T.);
#9291 = ORIENTED_EDGE('',*,*,#9274,.T.);
#9292 = ORIENTED_EDGE('',*,*,#9030,.F.);
#9293 = ORIENTED_EDGE('',*,*,#9294,.F.);
#9294 = EDGE_CURVE('',#9152,#9031,#9295,.T.);
#9295 = LINE('',#9296,#9297);
#9296 = CARTESIAN_POINT('',(0.4,0.17,4.685074494728));
#9297 = VECTOR('',#9298,1.);
#9298 = DIRECTION('',(-1.,0.,0.));
#9299 = CYLINDRICAL_SURFACE('',#9300,0.595715719314);
#9300 = AXIS2_PLACEMENT_3D('',#9301,#9302,#9303);
#9301 = CARTESIAN_POINT('',(0.4,0.765690642056,4.679608490276));
#9302 = DIRECTION('',(1.,0.,-0.));
#9303 = DIRECTION('',(0.,-1.,0.));
#9304 = ADVANCED_FACE('',(#9305),#9316,.F.);
#9305 = FACE_BOUND('',#9306,.F.);
#9306 = EDGE_LOOP('',(#9307,#9313,#9314,#9315));
#9307 = ORIENTED_EDGE('',*,*,#9308,.T.);
#9308 = EDGE_CURVE('',#9161,#9040,#9309,.T.);
#9309 = LINE('',#9310,#9311);
#9310 = CARTESIAN_POINT('',(0.4,0.17,4.178184));
#9311 = VECTOR('',#9312,1.);
#9312 = DIRECTION('',(-1.,0.,0.));
#9313 = ORIENTED_EDGE('',*,*,#9039,.T.);
#9314 = ORIENTED_EDGE('',*,*,#9294,.F.);
#9315 = ORIENTED_EDGE('',*,*,#9160,.F.);
#9316 = PLANE('',#9317);
#9317 = AXIS2_PLACEMENT_3D('',#9318,#9319,#9320);
#9318 = CARTESIAN_POINT('',(0.4,0.17,4.178184));
#9319 = DIRECTION('',(0.,1.,1.1E-16));
#9320 = DIRECTION('',(0.,-1.1E-16,1.));
#9321 = ADVANCED_FACE('',(#9322),#9333,.T.);
#9322 = FACE_BOUND('',#9323,.T.);
#9323 = EDGE_LOOP('',(#9324,#9325,#9326,#9327));
#9324 = ORIENTED_EDGE('',*,*,#9168,.T.);
#9325 = ORIENTED_EDGE('',*,*,#9308,.T.);
#9326 = ORIENTED_EDGE('',*,*,#9047,.F.);
#9327 = ORIENTED_EDGE('',*,*,#9328,.F.);
#9328 = EDGE_CURVE('',#9169,#9048,#9329,.T.);
#9329 = LINE('',#9330,#9331);
#9330 = CARTESIAN_POINT('',(0.4,0.315161743407,3.809120378846));
#9331 = VECTOR('',#9332,1.);
#9332 = DIRECTION('',(-1.,0.,0.));
#9333 = CYLINDRICAL_SURFACE('',#9334,0.541740146256);
#9334 = AXIS2_PLACEMENT_3D('',#9335,#9336,#9337);
#9335 = CARTESIAN_POINT('',(0.4,0.711740146256,4.178184));
#9336 = DIRECTION('',(1.,0.,-0.));
#9337 = DIRECTION('',(0.,-1.,0.));
#9338 = ADVANCED_FACE('',(#9339),#9345,.F.);
#9339 = FACE_BOUND('',#9340,.F.);
#9340 = EDGE_LOOP('',(#9341,#9342,#9343,#9344));
#9341 = ORIENTED_EDGE('',*,*,#9088,.T.);
#9342 = ORIENTED_EDGE('',*,*,#9056,.T.);
#9343 = ORIENTED_EDGE('',*,*,#9328,.F.);
#9344 = ORIENTED_EDGE('',*,*,#9177,.F.);
#9345 = PLANE('',#9346);
#9346 = AXIS2_PLACEMENT_3D('',#9347,#9348,#9349);
#9347 = CARTESIAN_POINT('',(0.4,0.921981887876,3.157060002488));
#9348 = DIRECTION('',(0.,0.73204543837,0.681255808167));
#9349 = DIRECTION('',(0.,-0.681255808167,0.73204543837));
#9350 = ( GEOMETRIC_REPRESENTATION_CONTEXT(3) 
GLOBAL_UNCERTAINTY_ASSIGNED_CONTEXT((#9354)) 
GLOBAL_UNIT_ASSIGNED_CONTEXT((#9351,#9352,#9353)) REPRESENTATION_CONTEXT
('Context #1','3D Context with UNIT and UNCERTAINTY') );
#9351 = ( LENGTH_UNIT() NAMED_UNIT(*) SI_UNIT(.MILLI.,.METRE.) );
#9352 = ( NAMED_UNIT(*) PLANE_ANGLE_UNIT() SI_UNIT($,.RADIAN.) );
#9353 = ( NAMED_UNIT(*) SI_UNIT($,.STERADIAN.) SOLID_ANGLE_UNIT() );
#9354 = UNCERTAINTY_MEASURE_WITH_UNIT(LENGTH_MEASURE(1.E-07),#9351,
  'distance_accuracy_value','confusion accuracy');
#9355 = CONTEXT_DEPENDENT_SHAPE_REPRESENTATION(#9356,#9358);
#9356 = ( REPRESENTATION_RELATIONSHIP('','',#7743,#7684) 
REPRESENTATION_RELATIONSHIP_WITH_TRANSFORMATION(#9357) 
SHAPE_REPRESENTATION_RELATIONSHIP() );
#9357 = ITEM_DEFINED_TRANSFORMATION('','',#11,#7685);
#9358 = PRODUCT_DEFINITION_SHAPE('Placement','Placement of an item',
  #9359);
#9359 = NEXT_ASSEMBLY_USAGE_OCCURRENCE('157','0','',#7679,#7738,$);
#9360 = PRODUCT_RELATED_PRODUCT_CATEGORY('part',$,(#7740));
#9361 = CONTEXT_DEPENDENT_SHAPE_REPRESENTATION(#9362,#9364);
#9362 = ( REPRESENTATION_RELATIONSHIP('','',#7743,#7684) 
REPRESENTATION_RELATIONSHIP_WITH_TRANSFORMATION(#9363) 
SHAPE_REPRESENTATION_RELATIONSHIP() );
#9363 = ITEM_DEFINED_TRANSFORMATION('','',#11,#7689);
#9364 = PRODUCT_DEFINITION_SHAPE('Placement','Placement of an item',
  #9365);
#9365 = NEXT_ASSEMBLY_USAGE_OCCURRENCE('158','1','',#7679,#7738,$);
#9366 = CONTEXT_DEPENDENT_SHAPE_REPRESENTATION(#9367,#9369);
#9367 = ( REPRESENTATION_RELATIONSHIP('','',#7743,#7684) 
REPRESENTATION_RELATIONSHIP_WITH_TRANSFORMATION(#9368) 
SHAPE_REPRESENTATION_RELATIONSHIP() );
#9368 = ITEM_DEFINED_TRANSFORMATION('','',#11,#7693);
#9369 = PRODUCT_DEFINITION_SHAPE('Placement','Placement of an item',
  #9370);
#9370 = NEXT_ASSEMBLY_USAGE_OCCURRENCE('159','2','',#7679,#7738,$);
#9371 = CONTEXT_DEPENDENT_SHAPE_REPRESENTATION(#9372,#9374);
#9372 = ( REPRESENTATION_RELATIONSHIP('','',#7743,#7684) 
REPRESENTATION_RELATIONSHIP_WITH_TRANSFORMATION(#9373) 
SHAPE_REPRESENTATION_RELATIONSHIP() );
#9373 = ITEM_DEFINED_TRANSFORMATION('','',#11,#7697);
#9374 = PRODUCT_DEFINITION_SHAPE('Placement','Placement of an item',
  #9375);
#9375 = NEXT_ASSEMBLY_USAGE_OCCURRENCE('160','3','',#7679,#7738,$);
#9376 = CONTEXT_DEPENDENT_SHAPE_REPRESENTATION(#9377,#9379);
#9377 = ( REPRESENTATION_RELATIONSHIP('','',#7743,#7684) 
REPRESENTATION_RELATIONSHIP_WITH_TRANSFORMATION(#9378) 
SHAPE_REPRESENTATION_RELATIONSHIP() );
#9378 = ITEM_DEFINED_TRANSFORMATION('','',#11,#7701);
#9379 = PRODUCT_DEFINITION_SHAPE('Placement','Placement of an item',
  #9380);
#9380 = NEXT_ASSEMBLY_USAGE_OCCURRENCE('161','4','',#7679,#7738,$);
#9381 = CONTEXT_DEPENDENT_SHAPE_REPRESENTATION(#9382,#9384);
#9382 = ( REPRESENTATION_RELATIONSHIP('','',#7743,#7684) 
REPRESENTATION_RELATIONSHIP_WITH_TRANSFORMATION(#9383) 
SHAPE_REPRESENTATION_RELATIONSHIP() );
#9383 = ITEM_DEFINED_TRANSFORMATION('','',#11,#7705);
#9384 = PRODUCT_DEFINITION_SHAPE('Placement','Placement of an item',
  #9385);
#9385 = NEXT_ASSEMBLY_USAGE_OCCURRENCE('162','5','',#7679,#7738,$);
#9386 = CONTEXT_DEPENDENT_SHAPE_REPRESENTATION(#9387,#9389);
#9387 = ( REPRESENTATION_RELATIONSHIP('','',#7743,#7684) 
REPRESENTATION_RELATIONSHIP_WITH_TRANSFORMATION(#9388) 
SHAPE_REPRESENTATION_RELATIONSHIP() );
#9388 = ITEM_DEFINED_TRANSFORMATION('','',#11,#7709);
#9389 = PRODUCT_DEFINITION_SHAPE('Placement','Placement of an item',
  #9390);
#9390 = NEXT_ASSEMBLY_USAGE_OCCURRENCE('163','6','',#7679,#7738,$);
#9391 = CONTEXT_DEPENDENT_SHAPE_REPRESENTATION(#9392,#9394);
#9392 = ( REPRESENTATION_RELATIONSHIP('','',#7743,#7684) 
REPRESENTATION_RELATIONSHIP_WITH_TRANSFORMATION(#9393) 
SHAPE_REPRESENTATION_RELATIONSHIP() );
#9393 = ITEM_DEFINED_TRANSFORMATION('','',#11,#7713);
#9394 = PRODUCT_DEFINITION_SHAPE('Placement','Placement of an item',
  #9395);
#9395 = NEXT_ASSEMBLY_USAGE_OCCURRENCE('164','7','',#7679,#7738,$);
#9396 = CONTEXT_DEPENDENT_SHAPE_REPRESENTATION(#9397,#9399);
#9397 = ( REPRESENTATION_RELATIONSHIP('','',#7743,#7684) 
REPRESENTATION_RELATIONSHIP_WITH_TRANSFORMATION(#9398) 
SHAPE_REPRESENTATION_RELATIONSHIP() );
#9398 = ITEM_DEFINED_TRANSFORMATION('','',#11,#7717);
#9399 = PRODUCT_DEFINITION_SHAPE('Placement','Placement of an item',
  #9400);
#9400 = NEXT_ASSEMBLY_USAGE_OCCURRENCE('165','8','',#7679,#7738,$);
#9401 = CONTEXT_DEPENDENT_SHAPE_REPRESENTATION(#9402,#9404);
#9402 = ( REPRESENTATION_RELATIONSHIP('','',#7743,#7684) 
REPRESENTATION_RELATIONSHIP_WITH_TRANSFORMATION(#9403) 
SHAPE_REPRESENTATION_RELATIONSHIP() );
#9403 = ITEM_DEFINED_TRANSFORMATION('','',#11,#7721);
#9404 = PRODUCT_DEFINITION_SHAPE('Placement','Placement of an item',
  #9405);
#9405 = NEXT_ASSEMBLY_USAGE_OCCURRENCE('166','9','',#7679,#7738,$);
#9406 = MECHANICAL_DESIGN_GEOMETRIC_PRESENTATION_REPRESENTATION('',(
    #9407),#7666);
#9407 = STYLED_ITEM('color',(#9408),#37);
#9408 = PRESENTATION_STYLE_ASSIGNMENT((#9409,#9415));
#9409 = SURFACE_STYLE_USAGE(.BOTH.,#9410);
#9410 = SURFACE_SIDE_STYLE('',(#9411));
#9411 = SURFACE_STYLE_FILL_AREA(#9412);
#9412 = FILL_AREA_STYLE('',(#9413));
#9413 = FILL_AREA_STYLE_COLOUR('',#9414);
#9414 = DRAUGHTING_PRE_DEFINED_COLOUR('white');
#9415 = CURVE_STYLE('',#9416,POSITIVE_LENGTH_MEASURE(0.1),#9417);
#9416 = DRAUGHTING_PRE_DEFINED_CURVE_FONT('continuous');
#9417 = COLOUR_RGB('',9.803921802644E-02,9.803921802644E-02,
  9.803921802644E-02);
#9418 = MECHANICAL_DESIGN_GEOMETRIC_PRESENTATION_REPRESENTATION('',(
    #9419),#9350);
#9419 = STYLED_ITEM('color',(#9420),#7744);
#9420 = PRESENTATION_STYLE_ASSIGNMENT((#9421,#9427));
#9421 = SURFACE_STYLE_USAGE(.BOTH.,#9422);
#9422 = SURFACE_SIDE_STYLE('',(#9423));
#9423 = SURFACE_STYLE_FILL_AREA(#9424);
#9424 = FILL_AREA_STYLE('',(#9425));
#9425 = FILL_AREA_STYLE_COLOUR('',#9426);
#9426 = COLOUR_RGB('',0.399999997426,0.274509816483,0.);
#9427 = CURVE_STYLE('',#9428,POSITIVE_LENGTH_MEASURE(0.1),#9417);
#9428 = DRAUGHTING_PRE_DEFINED_CURVE_FONT('continuous');
ENDSEC;
END-ISO-10303-21;
