ISO-10303-21;
HEADER;
FILE_DESCRIPTION(('FreeCAD Model'),'2;1');
FILE_NAME('Open CASCADE Shape Model','2026-06-29T21:20:15',(''),(''),
  'Open CASCADE STEP processor 7.8','FreeCAD','Unknown');
FILE_SCHEMA(('AUTOMOTIVE_DESIGN { 1 0 10303 214 1 1 1 1 }'));
ENDSEC;
DATA;
#1 = APPLICATION_PROTOCOL_DEFINITION('international standard',
  'automotive_design',2000,#2);
#2 = APPLICATION_CONTEXT(
  'core data for automotive mechanical design processes');
#3 = SHAPE_DEFINITION_REPRESENTATION(#4,#10);
#4 = PRODUCT_DEFINITION_SHAPE('','',#5);
#5 = PRODUCT_DEFINITION('design','',#6,#9);
#6 = PRODUCT_DEFINITION_FORMATION('','',#7);
#7 = PRODUCT('XH_housing','XH_housing','',(#8));
#8 = PRODUCT_CONTEXT('',#2,'mechanical');
#9 = PRODUCT_DEFINITION_CONTEXT('part definition',#2,'design');
#10 = SHAPE_REPRESENTATION('',(#11,#15,#19),#23);
#11 = AXIS2_PLACEMENT_3D('',#12,#13,#14);
#12 = CARTESIAN_POINT('',(0.,0.,0.));
#13 = DIRECTION('',(0.,0.,1.));
#14 = DIRECTION('',(1.,0.,-0.));
#15 = AXIS2_PLACEMENT_3D('',#16,#17,#18);
#16 = CARTESIAN_POINT('',(17.5,0.,0.));
#17 = DIRECTION('',(0.,0.,1.));
#18 = DIRECTION('',(-1.,1.224646799147E-16,0.));
#19 = AXIS2_PLACEMENT_3D('',#20,#21,#22);
#20 = CARTESIAN_POINT('',(0.,0.,0.));
#21 = DIRECTION('',(0.,0.,1.));
#22 = DIRECTION('',(1.,0.,0.));
#23 = ( GEOMETRIC_REPRESENTATION_CONTEXT(3) 
GLOBAL_UNCERTAINTY_ASSIGNED_CONTEXT((#27)) GLOBAL_UNIT_ASSIGNED_CONTEXT(
(#24,#25,#26)) REPRESENTATION_CONTEXT('Context #1',
  '3D Context with UNIT and UNCERTAINTY') );
#24 = ( LENGTH_UNIT() NAMED_UNIT(*) SI_UNIT(.MILLI.,.METRE.) );
#25 = ( NAMED_UNIT(*) PLANE_ANGLE_UNIT() SI_UNIT($,.RADIAN.) );
#26 = ( NAMED_UNIT(*) SI_UNIT($,.STERADIAN.) SOLID_ANGLE_UNIT() );
#27 = UNCERTAINTY_MEASURE_WITH_UNIT(LENGTH_MEASURE(5.E-07),#24,
  'distance_accuracy_value','confusion accuracy');
#28 = PRODUCT_RELATED_PRODUCT_CATEGORY('part',$,(#7));
#29 = SHAPE_DEFINITION_REPRESENTATION(#30,#36);
#30 = PRODUCT_DEFINITION_SHAPE('','',#31);
#31 = PRODUCT_DEFINITION('design','',#32,#35);
#32 = PRODUCT_DEFINITION_FORMATION('','',#33);
#33 = PRODUCT('Housing','Housing','',(#34));
#34 = PRODUCT_CONTEXT('',#2,'mechanical');
#35 = PRODUCT_DEFINITION_CONTEXT('part definition',#2,'design');
#36 = ADVANCED_BREP_SHAPE_REPRESENTATION('',(#11,#37),#6350);
#37 = MANIFOLD_SOLID_BREP('',#38);
#38 = CLOSED_SHELL('',(#39,#95,#126,#770,#794,#850,#906,#989,#1006,#1172
    ,#1196,#1300,#1317,#1342,#1366,#1391,#1415,#1440,#1464,#1488,#1512,
    #1536,#1554,#1571,#1588,#1605,#1624,#1671,#1695,#1719,#1743,#1767,
    #1791,#1815,#1848,#1895,#1919,#1943,#1967,#1991,#2015,#2039,#2072,
    #2119,#2143,#2167,#2191,#2215,#2239,#2263,#2296,#2343,#2367,#2391,
    #2415,#2439,#2463,#2487,#2520,#2567,#2591,#2615,#2639,#2663,#2687,
    #2711,#2744,#2791,#2815,#2839,#2863,#2887,#2911,#2935,#2968,#3015,
    #3039,#3063,#3087,#3111,#3135,#3159,#3192,#3241,#3514,#3531,#3548,
    #3565,#3761,#3792,#3816,#3840,#3857,#3890,#3916,#4184,#4203,#4220,
    #4237,#4254,#4271,#4288,#4305,#4322,#4339,#4356,#4373,#4385,#4411,
    #4453,#4515,#4550,#4576,#4618,#4680,#4715,#4741,#4783,#4845,#4880,
    #4906,#4948,#5010,#5045,#5071,#5113,#5175,#5210,#5236,#5278,#5340,
    #5375,#5401,#5443,#5505,#5540,#5557,#5574,#5591,#5608,#5625,#5642,
    #5659,#5671,#5693,#5710,#5727,#5739,#5761,#5778,#5795,#5807,#5829,
    #5846,#5863,#5875,#5897,#5914,#5931,#5943,#5965,#5982,#5999,#6011,
    #6033,#6050,#6067,#6079,#6101,#6118,#6135,#6147,#6164,#6176,#6193,
    #6205,#6222,#6234,#6251,#6263,#6280,#6292,#6309,#6321,#6338));
#39 = ADVANCED_FACE('',(#40),#90,.F.);
#40 = FACE_BOUND('',#41,.F.);
#41 = EDGE_LOOP('',(#42,#52,#60,#68,#76,#84));
#42 = ORIENTED_EDGE('',*,*,#43,.F.);
#43 = EDGE_CURVE('',#44,#46,#48,.T.);
#44 = VERTEX_POINT('',#45);
#45 = CARTESIAN_POINT('',(18.55,1.52,3.45));
#46 = VERTEX_POINT('',#47);
#47 = CARTESIAN_POINT('',(18.55,1.52,9.8));
#48 = LINE('',#49,#50);
#49 = CARTESIAN_POINT('',(18.55,1.52,3.45));
#50 = VECTOR('',#51,1.);
#51 = DIRECTION('',(0.,0.,1.));
#52 = ORIENTED_EDGE('',*,*,#53,.T.);
#53 = EDGE_CURVE('',#44,#54,#56,.T.);
#54 = VERTEX_POINT('',#55);
#55 = CARTESIAN_POINT('',(18.1,1.52,3.45));
#56 = LINE('',#57,#58);
#57 = CARTESIAN_POINT('',(18.55,1.52,3.45));
#58 = VECTOR('',#59,1.);
#59 = DIRECTION('',(-1.,-0.,-0.));
#60 = ORIENTED_EDGE('',*,*,#61,.F.);
#61 = EDGE_CURVE('',#62,#54,#64,.T.);
#62 = VERTEX_POINT('',#63);
#63 = CARTESIAN_POINT('',(18.1,1.52,5.25));
#64 = LINE('',#65,#66);
#65 = CARTESIAN_POINT('',(18.1,1.52,5.25));
#66 = VECTOR('',#67,1.);
#67 = DIRECTION('',(0.,1.233581138472E-16,-1.));
#68 = ORIENTED_EDGE('',*,*,#69,.T.);
#69 = EDGE_CURVE('',#62,#70,#72,.T.);
#70 = VERTEX_POINT('',#71);
#71 = CARTESIAN_POINT('',(18.,1.52,5.25));
#72 = LINE('',#73,#74);
#73 = CARTESIAN_POINT('',(18.1,1.52,5.25));
#74 = VECTOR('',#75,1.);
#75 = DIRECTION('',(-1.,-0.,-0.));
#76 = ORIENTED_EDGE('',*,*,#77,.F.);
#77 = EDGE_CURVE('',#78,#70,#80,.T.);
#78 = VERTEX_POINT('',#79);
#79 = CARTESIAN_POINT('',(18.,1.52,9.8));
#80 = LINE('',#81,#82);
#81 = CARTESIAN_POINT('',(18.,1.52,9.8));
#82 = VECTOR('',#83,1.);
#83 = DIRECTION('',(0.,0.,-1.));
#84 = ORIENTED_EDGE('',*,*,#85,.F.);
#85 = EDGE_CURVE('',#46,#78,#86,.T.);
#86 = LINE('',#87,#88);
#87 = CARTESIAN_POINT('',(18.55,1.52,9.8));
#88 = VECTOR('',#89,1.);
#89 = DIRECTION('',(-1.,-0.,-0.));
#90 = PLANE('',#91);
#91 = AXIS2_PLACEMENT_3D('',#92,#93,#94);
#92 = CARTESIAN_POINT('',(18.55,1.52,3.45));
#93 = DIRECTION('',(0.,1.,0.));
#94 = DIRECTION('',(0.,0.,1.));
#95 = ADVANCED_FACE('',(#96),#121,.F.);
#96 = FACE_BOUND('',#97,.F.);
#97 = EDGE_LOOP('',(#98,#106,#107,#115));
#98 = ORIENTED_EDGE('',*,*,#99,.T.);
#99 = EDGE_CURVE('',#100,#44,#102,.T.);
#100 = VERTEX_POINT('',#101);
#101 = CARTESIAN_POINT('',(18.55,-0.98,3.45));
#102 = LINE('',#103,#104);
#103 = CARTESIAN_POINT('',(18.55,-0.98,3.45));
#104 = VECTOR('',#105,1.);
#105 = DIRECTION('',(0.,1.,0.));
#106 = ORIENTED_EDGE('',*,*,#43,.T.);
#107 = ORIENTED_EDGE('',*,*,#108,.T.);
#108 = EDGE_CURVE('',#46,#109,#111,.T.);
#109 = VERTEX_POINT('',#110);
#110 = CARTESIAN_POINT('',(18.55,-0.98,9.8));
#111 = LINE('',#112,#113);
#112 = CARTESIAN_POINT('',(18.55,1.52,9.8));
#113 = VECTOR('',#114,1.);
#114 = DIRECTION('',(0.,-1.,0.));
#115 = ORIENTED_EDGE('',*,*,#116,.T.);
#116 = EDGE_CURVE('',#109,#100,#117,.T.);
#117 = LINE('',#118,#119);
#118 = CARTESIAN_POINT('',(18.55,-0.98,9.8));
#119 = VECTOR('',#120,1.);
#120 = DIRECTION('',(0.,0.,-1.));
#121 = PLANE('',#122);
#122 = AXIS2_PLACEMENT_3D('',#123,#124,#125);
#123 = CARTESIAN_POINT('',(18.55,0.27,6.625));
#124 = DIRECTION('',(1.,0.,0.));
#125 = DIRECTION('',(0.,0.,1.));
#126 = ADVANCED_FACE('',(#127,#253,#303,#369,#435,#501,#567,#633,#699),
  #765,.T.);
#127 = FACE_BOUND('',#128,.T.);
#128 = EDGE_LOOP('',(#129,#139,#148,#156,#164,#172,#180,#189,#197,#206,
    #214,#223,#231,#239,#247));
#129 = ORIENTED_EDGE('',*,*,#130,.F.);
#130 = EDGE_CURVE('',#131,#133,#135,.T.);
#131 = VERTEX_POINT('',#132);
#132 = CARTESIAN_POINT('',(19.599999999988,-1.529999999991,9.8));
#133 = VERTEX_POINT('',#134);
#134 = CARTESIAN_POINT('',(17.45,-1.53,9.8));
#135 = LINE('',#136,#137);
#136 = CARTESIAN_POINT('',(-1.600000000002,-1.530000000024,9.8));
#137 = VECTOR('',#138,1.);
#138 = DIRECTION('',(-1.,0.,0.));
#139 = ORIENTED_EDGE('',*,*,#140,.T.);
#140 = EDGE_CURVE('',#131,#141,#143,.T.);
#141 = VERTEX_POINT('',#142);
#142 = CARTESIAN_POINT('',(19.900000000007,-1.229999999966,9.8));
#143 = CIRCLE('',#144,0.300000000016);
#144 = AXIS2_PLACEMENT_3D('',#145,#146,#147);
#145 = CARTESIAN_POINT('',(19.599999999992,-1.229999999971,9.8));
#146 = DIRECTION('',(0.,0.,1.));
#147 = DIRECTION('',(1.,0.,0.));
#148 = ORIENTED_EDGE('',*,*,#149,.F.);
#149 = EDGE_CURVE('',#150,#141,#152,.T.);
#150 = VERTEX_POINT('',#151);
#151 = CARTESIAN_POINT('',(19.900000000007,0.337499999995,9.8));
#152 = LINE('',#153,#154);
#153 = CARTESIAN_POINT('',(19.900000000007,3.069999999982,9.8));
#154 = VECTOR('',#155,1.);
#155 = DIRECTION('',(0.,-1.,0.));
#156 = ORIENTED_EDGE('',*,*,#157,.T.);
#157 = EDGE_CURVE('',#150,#158,#160,.T.);
#158 = VERTEX_POINT('',#159);
#159 = CARTESIAN_POINT('',(19.15,0.9,9.8));
#160 = LINE('',#161,#162);
#161 = CARTESIAN_POINT('',(19.95,0.3,9.8));
#162 = VECTOR('',#163,1.);
#163 = DIRECTION('',(-0.8,0.6,0.));
#164 = ORIENTED_EDGE('',*,*,#165,.T.);
#165 = EDGE_CURVE('',#158,#166,#168,.T.);
#166 = VERTEX_POINT('',#167);
#167 = CARTESIAN_POINT('',(19.900000000007,1.462500000005,9.8));
#168 = LINE('',#169,#170);
#169 = CARTESIAN_POINT('',(19.15,0.9,9.8));
#170 = VECTOR('',#171,1.);
#171 = DIRECTION('',(0.8,0.6,0.));
#172 = ORIENTED_EDGE('',*,*,#173,.F.);
#173 = EDGE_CURVE('',#174,#166,#176,.T.);
#174 = VERTEX_POINT('',#175);
#175 = CARTESIAN_POINT('',(19.900000000011,3.070000000005,9.8));
#176 = LINE('',#177,#178);
#177 = CARTESIAN_POINT('',(19.900000000007,3.069999999982,9.8));
#178 = VECTOR('',#179,1.);
#179 = DIRECTION('',(0.,-1.,0.));
#180 = ORIENTED_EDGE('',*,*,#181,.T.);
#181 = EDGE_CURVE('',#174,#182,#184,.T.);
#182 = VERTEX_POINT('',#183);
#183 = CARTESIAN_POINT('',(19.599999999987,3.370000000001,9.8));
#184 = CIRCLE('',#185,0.300000000016);
#185 = AXIS2_PLACEMENT_3D('',#186,#187,#188);
#186 = CARTESIAN_POINT('',(19.599999999999,3.069999999981,9.8));
#187 = DIRECTION('',(0.,0.,1.));
#188 = DIRECTION('',(1.,0.,0.));
#189 = ORIENTED_EDGE('',*,*,#190,.F.);
#190 = EDGE_CURVE('',#191,#182,#193,.T.);
#191 = VERTEX_POINT('',#192);
#192 = CARTESIAN_POINT('',(-2.100000000002,3.369999999999,9.8));
#193 = LINE('',#194,#195);
#194 = CARTESIAN_POINT('',(-2.09999999998,3.370000000006,9.8));
#195 = VECTOR('',#196,1.);
#196 = DIRECTION('',(1.,0.,0.));
#197 = ORIENTED_EDGE('',*,*,#198,.T.);
#198 = EDGE_CURVE('',#191,#199,#201,.T.);
#199 = VERTEX_POINT('',#200);
#200 = CARTESIAN_POINT('',(-2.399999999997,3.069999999979,9.8));
#201 = CIRCLE('',#202,0.300000000016);
#202 = AXIS2_PLACEMENT_3D('',#203,#204,#205);
#203 = CARTESIAN_POINT('',(-2.099999999981,3.069999999976,9.8));
#204 = DIRECTION('',(0.,0.,1.));
#205 = DIRECTION('',(1.,0.,0.));
#206 = ORIENTED_EDGE('',*,*,#207,.F.);
#207 = EDGE_CURVE('',#208,#199,#210,.T.);
#208 = VERTEX_POINT('',#209);
#209 = CARTESIAN_POINT('',(-2.400000000001,-1.229999999976,9.8));
#210 = LINE('',#211,#212);
#211 = CARTESIAN_POINT('',(-2.399999999997,-1.229999999999,9.8));
#212 = VECTOR('',#213,1.);
#213 = DIRECTION('',(0.,1.,0.));
#214 = ORIENTED_EDGE('',*,*,#215,.T.);
#215 = EDGE_CURVE('',#208,#216,#218,.T.);
#216 = VERTEX_POINT('',#217);
#217 = CARTESIAN_POINT('',(-2.100000000009,-1.530000000019,9.8));
#218 = CIRCLE('',#219,0.300000000016);
#219 = AXIS2_PLACEMENT_3D('',#220,#221,#222);
#220 = CARTESIAN_POINT('',(-2.09999999999,-1.229999999999,9.8));
#221 = DIRECTION('',(0.,0.,1.));
#222 = DIRECTION('',(1.,0.,0.));
#223 = ORIENTED_EDGE('',*,*,#224,.F.);
#224 = EDGE_CURVE('',#225,#216,#227,.T.);
#225 = VERTEX_POINT('',#226);
#226 = CARTESIAN_POINT('',(5.000000000012E-02,-1.530000000002,9.8));
#227 = LINE('',#228,#229);
#228 = CARTESIAN_POINT('',(-1.600000000002,-1.530000000024,9.8));
#229 = VECTOR('',#230,1.);
#230 = DIRECTION('',(-1.,0.,0.));
#231 = ORIENTED_EDGE('',*,*,#232,.T.);
#232 = EDGE_CURVE('',#225,#233,#235,.T.);
#233 = VERTEX_POINT('',#234);
#234 = CARTESIAN_POINT('',(5.000000000019E-02,-2.330000000002,9.8));
#235 = LINE('',#236,#237);
#236 = CARTESIAN_POINT('',(5.000000000012E-02,-1.530000000002,9.8));
#237 = VECTOR('',#238,1.);
#238 = DIRECTION('',(8.13501427887E-14,-1.,-1.09467990228E-13));
#239 = ORIENTED_EDGE('',*,*,#240,.T.);
#240 = EDGE_CURVE('',#233,#241,#243,.T.);
#241 = VERTEX_POINT('',#242);
#242 = CARTESIAN_POINT('',(17.45,-2.33,9.8));
#243 = LINE('',#244,#245);
#244 = CARTESIAN_POINT('',(5.000000000019E-02,-2.330000000002,9.8));
#245 = VECTOR('',#246,1.);
#246 = DIRECTION('',(1.,8.13501427887E-14,4.455486392688E-27));
#247 = ORIENTED_EDGE('',*,*,#248,.F.);
#248 = EDGE_CURVE('',#133,#241,#249,.T.);
#249 = LINE('',#250,#251);
#250 = CARTESIAN_POINT('',(17.45,-1.53,9.8));
#251 = VECTOR('',#252,1.);
#252 = DIRECTION('',(8.13501427887E-14,-1.,-1.09467990228E-13));
#253 = FACE_BOUND('',#254,.T.);
#254 = EDGE_LOOP('',(#255,#256,#257,#265,#273,#281,#289,#297));
#255 = ORIENTED_EDGE('',*,*,#85,.F.);
#256 = ORIENTED_EDGE('',*,*,#108,.T.);
#257 = ORIENTED_EDGE('',*,*,#258,.T.);
#258 = EDGE_CURVE('',#109,#259,#261,.T.);
#259 = VERTEX_POINT('',#260);
#260 = CARTESIAN_POINT('',(16.45,-0.98,9.8));
#261 = LINE('',#262,#263);
#262 = CARTESIAN_POINT('',(18.55,-0.98,9.8));
#263 = VECTOR('',#264,1.);
#264 = DIRECTION('',(-1.,-0.,-0.));
#265 = ORIENTED_EDGE('',*,*,#266,.F.);
#266 = EDGE_CURVE('',#267,#259,#269,.T.);
#267 = VERTEX_POINT('',#268);
#268 = CARTESIAN_POINT('',(16.45,1.52,9.8));
#269 = LINE('',#270,#271);
#270 = CARTESIAN_POINT('',(16.45,1.52,9.8));
#271 = VECTOR('',#272,1.);
#272 = DIRECTION('',(0.,-1.,0.));
#273 = ORIENTED_EDGE('',*,*,#274,.F.);
#274 = EDGE_CURVE('',#275,#267,#277,.T.);
#275 = VERTEX_POINT('',#276);
#276 = CARTESIAN_POINT('',(17.,1.52,9.8));
#277 = LINE('',#278,#279);
#278 = CARTESIAN_POINT('',(18.55,1.52,9.8));
#279 = VECTOR('',#280,1.);
#280 = DIRECTION('',(-1.,-0.,-0.));
#281 = ORIENTED_EDGE('',*,*,#282,.F.);
#282 = EDGE_CURVE('',#283,#275,#285,.T.);
#283 = VERTEX_POINT('',#284);
#284 = CARTESIAN_POINT('',(17.,1.92,9.8));
#285 = LINE('',#286,#287);
#286 = CARTESIAN_POINT('',(17.,1.92,9.8));
#287 = VECTOR('',#288,1.);
#288 = DIRECTION('',(0.,-1.,0.));
#289 = ORIENTED_EDGE('',*,*,#290,.F.);
#290 = EDGE_CURVE('',#291,#283,#293,.T.);
#291 = VERTEX_POINT('',#292);
#292 = CARTESIAN_POINT('',(18.,1.92,9.8));
#293 = LINE('',#294,#295);
#294 = CARTESIAN_POINT('',(18.,1.92,9.8));
#295 = VECTOR('',#296,1.);
#296 = DIRECTION('',(-1.,-0.,-0.));
#297 = ORIENTED_EDGE('',*,*,#298,.T.);
#298 = EDGE_CURVE('',#291,#78,#299,.T.);
#299 = LINE('',#300,#301);
#300 = CARTESIAN_POINT('',(18.,1.92,9.8));
#301 = VECTOR('',#302,1.);
#302 = DIRECTION('',(0.,-1.,0.));
#303 = FACE_BOUND('',#304,.T.);
#304 = EDGE_LOOP('',(#305,#315,#323,#331,#339,#347,#355,#363));
#305 = ORIENTED_EDGE('',*,*,#306,.F.);
#306 = EDGE_CURVE('',#307,#309,#311,.T.);
#307 = VERTEX_POINT('',#308);
#308 = CARTESIAN_POINT('',(16.05,1.52,9.8));
#309 = VERTEX_POINT('',#310);
#310 = CARTESIAN_POINT('',(15.5,1.52,9.8));
#311 = LINE('',#312,#313);
#312 = CARTESIAN_POINT('',(16.05,1.52,9.8));
#313 = VECTOR('',#314,1.);
#314 = DIRECTION('',(-1.,-0.,-0.));
#315 = ORIENTED_EDGE('',*,*,#316,.T.);
#316 = EDGE_CURVE('',#307,#317,#319,.T.);
#317 = VERTEX_POINT('',#318);
#318 = CARTESIAN_POINT('',(16.05,-0.98,9.8));
#319 = LINE('',#320,#321);
#320 = CARTESIAN_POINT('',(16.05,1.52,9.8));
#321 = VECTOR('',#322,1.);
#322 = DIRECTION('',(0.,-1.,0.));
#323 = ORIENTED_EDGE('',*,*,#324,.T.);
#324 = EDGE_CURVE('',#317,#325,#327,.T.);
#325 = VERTEX_POINT('',#326);
#326 = CARTESIAN_POINT('',(13.95,-0.98,9.8));
#327 = LINE('',#328,#329);
#328 = CARTESIAN_POINT('',(16.05,-0.98,9.8));
#329 = VECTOR('',#330,1.);
#330 = DIRECTION('',(-1.,-0.,-0.));
#331 = ORIENTED_EDGE('',*,*,#332,.F.);
#332 = EDGE_CURVE('',#333,#325,#335,.T.);
#333 = VERTEX_POINT('',#334);
#334 = CARTESIAN_POINT('',(13.95,1.52,9.8));
#335 = LINE('',#336,#337);
#336 = CARTESIAN_POINT('',(13.95,1.52,9.8));
#337 = VECTOR('',#338,1.);
#338 = DIRECTION('',(0.,-1.,0.));
#339 = ORIENTED_EDGE('',*,*,#340,.F.);
#340 = EDGE_CURVE('',#341,#333,#343,.T.);
#341 = VERTEX_POINT('',#342);
#342 = CARTESIAN_POINT('',(14.5,1.52,9.8));
#343 = LINE('',#344,#345);
#344 = CARTESIAN_POINT('',(16.05,1.52,9.8));
#345 = VECTOR('',#346,1.);
#346 = DIRECTION('',(-1.,-0.,-0.));
#347 = ORIENTED_EDGE('',*,*,#348,.F.);
#348 = EDGE_CURVE('',#349,#341,#351,.T.);
#349 = VERTEX_POINT('',#350);
#350 = CARTESIAN_POINT('',(14.5,1.92,9.8));
#351 = LINE('',#352,#353);
#352 = CARTESIAN_POINT('',(14.5,1.92,9.8));
#353 = VECTOR('',#354,1.);
#354 = DIRECTION('',(0.,-1.,0.));
#355 = ORIENTED_EDGE('',*,*,#356,.F.);
#356 = EDGE_CURVE('',#357,#349,#359,.T.);
#357 = VERTEX_POINT('',#358);
#358 = CARTESIAN_POINT('',(15.5,1.92,9.8));
#359 = LINE('',#360,#361);
#360 = CARTESIAN_POINT('',(15.5,1.92,9.8));
#361 = VECTOR('',#362,1.);
#362 = DIRECTION('',(-1.,-0.,-0.));
#363 = ORIENTED_EDGE('',*,*,#364,.T.);
#364 = EDGE_CURVE('',#357,#309,#365,.T.);
#365 = LINE('',#366,#367);
#366 = CARTESIAN_POINT('',(15.5,1.92,9.8));
#367 = VECTOR('',#368,1.);
#368 = DIRECTION('',(0.,-1.,0.));
#369 = FACE_BOUND('',#370,.T.);
#370 = EDGE_LOOP('',(#371,#381,#389,#397,#405,#413,#421,#429));
#371 = ORIENTED_EDGE('',*,*,#372,.F.);
#372 = EDGE_CURVE('',#373,#375,#377,.T.);
#373 = VERTEX_POINT('',#374);
#374 = CARTESIAN_POINT('',(13.55,1.52,9.8));
#375 = VERTEX_POINT('',#376);
#376 = CARTESIAN_POINT('',(13.,1.52,9.8));
#377 = LINE('',#378,#379);
#378 = CARTESIAN_POINT('',(13.55,1.52,9.8));
#379 = VECTOR('',#380,1.);
#380 = DIRECTION('',(-1.,-0.,-0.));
#381 = ORIENTED_EDGE('',*,*,#382,.T.);
#382 = EDGE_CURVE('',#373,#383,#385,.T.);
#383 = VERTEX_POINT('',#384);
#384 = CARTESIAN_POINT('',(13.55,-0.98,9.8));
#385 = LINE('',#386,#387);
#386 = CARTESIAN_POINT('',(13.55,1.52,9.8));
#387 = VECTOR('',#388,1.);
#388 = DIRECTION('',(0.,-1.,0.));
#389 = ORIENTED_EDGE('',*,*,#390,.T.);
#390 = EDGE_CURVE('',#383,#391,#393,.T.);
#391 = VERTEX_POINT('',#392);
#392 = CARTESIAN_POINT('',(11.45,-0.98,9.8));
#393 = LINE('',#394,#395);
#394 = CARTESIAN_POINT('',(13.55,-0.98,9.8));
#395 = VECTOR('',#396,1.);
#396 = DIRECTION('',(-1.,-0.,-0.));
#397 = ORIENTED_EDGE('',*,*,#398,.F.);
#398 = EDGE_CURVE('',#399,#391,#401,.T.);
#399 = VERTEX_POINT('',#400);
#400 = CARTESIAN_POINT('',(11.45,1.52,9.8));
#401 = LINE('',#402,#403);
#402 = CARTESIAN_POINT('',(11.45,1.52,9.8));
#403 = VECTOR('',#404,1.);
#404 = DIRECTION('',(0.,-1.,0.));
#405 = ORIENTED_EDGE('',*,*,#406,.F.);
#406 = EDGE_CURVE('',#407,#399,#409,.T.);
#407 = VERTEX_POINT('',#408);
#408 = CARTESIAN_POINT('',(12.,1.52,9.8));
#409 = LINE('',#410,#411);
#410 = CARTESIAN_POINT('',(13.55,1.52,9.8));
#411 = VECTOR('',#412,1.);
#412 = DIRECTION('',(-1.,-0.,-0.));
#413 = ORIENTED_EDGE('',*,*,#414,.F.);
#414 = EDGE_CURVE('',#415,#407,#417,.T.);
#415 = VERTEX_POINT('',#416);
#416 = CARTESIAN_POINT('',(12.,1.92,9.8));
#417 = LINE('',#418,#419);
#418 = CARTESIAN_POINT('',(12.,1.92,9.8));
#419 = VECTOR('',#420,1.);
#420 = DIRECTION('',(0.,-1.,0.));
#421 = ORIENTED_EDGE('',*,*,#422,.F.);
#422 = EDGE_CURVE('',#423,#415,#425,.T.);
#423 = VERTEX_POINT('',#424);
#424 = CARTESIAN_POINT('',(13.,1.92,9.8));
#425 = LINE('',#426,#427);
#426 = CARTESIAN_POINT('',(13.,1.92,9.8));
#427 = VECTOR('',#428,1.);
#428 = DIRECTION('',(-1.,-0.,-0.));
#429 = ORIENTED_EDGE('',*,*,#430,.T.);
#430 = EDGE_CURVE('',#423,#375,#431,.T.);
#431 = LINE('',#432,#433);
#432 = CARTESIAN_POINT('',(13.,1.92,9.8));
#433 = VECTOR('',#434,1.);
#434 = DIRECTION('',(0.,-1.,0.));
#435 = FACE_BOUND('',#436,.T.);
#436 = EDGE_LOOP('',(#437,#447,#455,#463,#471,#479,#487,#495));
#437 = ORIENTED_EDGE('',*,*,#438,.F.);
#438 = EDGE_CURVE('',#439,#441,#443,.T.);
#439 = VERTEX_POINT('',#440);
#440 = CARTESIAN_POINT('',(11.05,1.52,9.8));
#441 = VERTEX_POINT('',#442);
#442 = CARTESIAN_POINT('',(10.5,1.52,9.8));
#443 = LINE('',#444,#445);
#444 = CARTESIAN_POINT('',(11.05,1.52,9.8));
#445 = VECTOR('',#446,1.);
#446 = DIRECTION('',(-1.,-0.,-0.));
#447 = ORIENTED_EDGE('',*,*,#448,.T.);
#448 = EDGE_CURVE('',#439,#449,#451,.T.);
#449 = VERTEX_POINT('',#450);
#450 = CARTESIAN_POINT('',(11.05,-0.98,9.8));
#451 = LINE('',#452,#453);
#452 = CARTESIAN_POINT('',(11.05,1.52,9.8));
#453 = VECTOR('',#454,1.);
#454 = DIRECTION('',(0.,-1.,0.));
#455 = ORIENTED_EDGE('',*,*,#456,.T.);
#456 = EDGE_CURVE('',#449,#457,#459,.T.);
#457 = VERTEX_POINT('',#458);
#458 = CARTESIAN_POINT('',(8.95,-0.98,9.8));
#459 = LINE('',#460,#461);
#460 = CARTESIAN_POINT('',(11.05,-0.98,9.8));
#461 = VECTOR('',#462,1.);
#462 = DIRECTION('',(-1.,-0.,-0.));
#463 = ORIENTED_EDGE('',*,*,#464,.F.);
#464 = EDGE_CURVE('',#465,#457,#467,.T.);
#465 = VERTEX_POINT('',#466);
#466 = CARTESIAN_POINT('',(8.95,1.52,9.8));
#467 = LINE('',#468,#469);
#468 = CARTESIAN_POINT('',(8.95,1.52,9.8));
#469 = VECTOR('',#470,1.);
#470 = DIRECTION('',(0.,-1.,0.));
#471 = ORIENTED_EDGE('',*,*,#472,.F.);
#472 = EDGE_CURVE('',#473,#465,#475,.T.);
#473 = VERTEX_POINT('',#474);
#474 = CARTESIAN_POINT('',(9.5,1.52,9.8));
#475 = LINE('',#476,#477);
#476 = CARTESIAN_POINT('',(11.05,1.52,9.8));
#477 = VECTOR('',#478,1.);
#478 = DIRECTION('',(-1.,-0.,-0.));
#479 = ORIENTED_EDGE('',*,*,#480,.F.);
#480 = EDGE_CURVE('',#481,#473,#483,.T.);
#481 = VERTEX_POINT('',#482);
#482 = CARTESIAN_POINT('',(9.5,1.92,9.8));
#483 = LINE('',#484,#485);
#484 = CARTESIAN_POINT('',(9.5,1.92,9.8));
#485 = VECTOR('',#486,1.);
#486 = DIRECTION('',(0.,-1.,0.));
#487 = ORIENTED_EDGE('',*,*,#488,.F.);
#488 = EDGE_CURVE('',#489,#481,#491,.T.);
#489 = VERTEX_POINT('',#490);
#490 = CARTESIAN_POINT('',(10.5,1.92,9.8));
#491 = LINE('',#492,#493);
#492 = CARTESIAN_POINT('',(10.5,1.92,9.8));
#493 = VECTOR('',#494,1.);
#494 = DIRECTION('',(-1.,-0.,-0.));
#495 = ORIENTED_EDGE('',*,*,#496,.T.);
#496 = EDGE_CURVE('',#489,#441,#497,.T.);
#497 = LINE('',#498,#499);
#498 = CARTESIAN_POINT('',(10.5,1.92,9.8));
#499 = VECTOR('',#500,1.);
#500 = DIRECTION('',(0.,-1.,0.));
#501 = FACE_BOUND('',#502,.T.);
#502 = EDGE_LOOP('',(#503,#513,#521,#529,#537,#545,#553,#561));
#503 = ORIENTED_EDGE('',*,*,#504,.F.);
#504 = EDGE_CURVE('',#505,#507,#509,.T.);
#505 = VERTEX_POINT('',#506);
#506 = CARTESIAN_POINT('',(8.55,1.52,9.8));
#507 = VERTEX_POINT('',#508);
#508 = CARTESIAN_POINT('',(8.,1.52,9.8));
#509 = LINE('',#510,#511);
#510 = CARTESIAN_POINT('',(8.55,1.52,9.8));
#511 = VECTOR('',#512,1.);
#512 = DIRECTION('',(-1.,-0.,-0.));
#513 = ORIENTED_EDGE('',*,*,#514,.T.);
#514 = EDGE_CURVE('',#505,#515,#517,.T.);
#515 = VERTEX_POINT('',#516);
#516 = CARTESIAN_POINT('',(8.55,-0.98,9.8));
#517 = LINE('',#518,#519);
#518 = CARTESIAN_POINT('',(8.55,1.52,9.8));
#519 = VECTOR('',#520,1.);
#520 = DIRECTION('',(0.,-1.,0.));
#521 = ORIENTED_EDGE('',*,*,#522,.T.);
#522 = EDGE_CURVE('',#515,#523,#525,.T.);
#523 = VERTEX_POINT('',#524);
#524 = CARTESIAN_POINT('',(6.45,-0.98,9.8));
#525 = LINE('',#526,#527);
#526 = CARTESIAN_POINT('',(8.55,-0.98,9.8));
#527 = VECTOR('',#528,1.);
#528 = DIRECTION('',(-1.,-0.,-0.));
#529 = ORIENTED_EDGE('',*,*,#530,.F.);
#530 = EDGE_CURVE('',#531,#523,#533,.T.);
#531 = VERTEX_POINT('',#532);
#532 = CARTESIAN_POINT('',(6.45,1.52,9.8));
#533 = LINE('',#534,#535);
#534 = CARTESIAN_POINT('',(6.45,1.52,9.8));
#535 = VECTOR('',#536,1.);
#536 = DIRECTION('',(0.,-1.,0.));
#537 = ORIENTED_EDGE('',*,*,#538,.F.);
#538 = EDGE_CURVE('',#539,#531,#541,.T.);
#539 = VERTEX_POINT('',#540);
#540 = CARTESIAN_POINT('',(7.,1.52,9.8));
#541 = LINE('',#542,#543);
#542 = CARTESIAN_POINT('',(8.55,1.52,9.8));
#543 = VECTOR('',#544,1.);
#544 = DIRECTION('',(-1.,-0.,-0.));
#545 = ORIENTED_EDGE('',*,*,#546,.F.);
#546 = EDGE_CURVE('',#547,#539,#549,.T.);
#547 = VERTEX_POINT('',#548);
#548 = CARTESIAN_POINT('',(7.,1.92,9.8));
#549 = LINE('',#550,#551);
#550 = CARTESIAN_POINT('',(7.,1.92,9.8));
#551 = VECTOR('',#552,1.);
#552 = DIRECTION('',(0.,-1.,0.));
#553 = ORIENTED_EDGE('',*,*,#554,.F.);
#554 = EDGE_CURVE('',#555,#547,#557,.T.);
#555 = VERTEX_POINT('',#556);
#556 = CARTESIAN_POINT('',(8.,1.92,9.8));
#557 = LINE('',#558,#559);
#558 = CARTESIAN_POINT('',(8.,1.92,9.8));
#559 = VECTOR('',#560,1.);
#560 = DIRECTION('',(-1.,-0.,-0.));
#561 = ORIENTED_EDGE('',*,*,#562,.T.);
#562 = EDGE_CURVE('',#555,#507,#563,.T.);
#563 = LINE('',#564,#565);
#564 = CARTESIAN_POINT('',(8.,1.92,9.8));
#565 = VECTOR('',#566,1.);
#566 = DIRECTION('',(0.,-1.,0.));
#567 = FACE_BOUND('',#568,.T.);
#568 = EDGE_LOOP('',(#569,#579,#587,#595,#603,#611,#619,#627));
#569 = ORIENTED_EDGE('',*,*,#570,.F.);
#570 = EDGE_CURVE('',#571,#573,#575,.T.);
#571 = VERTEX_POINT('',#572);
#572 = CARTESIAN_POINT('',(6.05,1.52,9.8));
#573 = VERTEX_POINT('',#574);
#574 = CARTESIAN_POINT('',(5.5,1.52,9.8));
#575 = LINE('',#576,#577);
#576 = CARTESIAN_POINT('',(6.05,1.52,9.8));
#577 = VECTOR('',#578,1.);
#578 = DIRECTION('',(-1.,-0.,-0.));
#579 = ORIENTED_EDGE('',*,*,#580,.T.);
#580 = EDGE_CURVE('',#571,#581,#583,.T.);
#581 = VERTEX_POINT('',#582);
#582 = CARTESIAN_POINT('',(6.05,-0.98,9.8));
#583 = LINE('',#584,#585);
#584 = CARTESIAN_POINT('',(6.05,1.52,9.8));
#585 = VECTOR('',#586,1.);
#586 = DIRECTION('',(0.,-1.,0.));
#587 = ORIENTED_EDGE('',*,*,#588,.T.);
#588 = EDGE_CURVE('',#581,#589,#591,.T.);
#589 = VERTEX_POINT('',#590);
#590 = CARTESIAN_POINT('',(3.95,-0.98,9.8));
#591 = LINE('',#592,#593);
#592 = CARTESIAN_POINT('',(6.05,-0.98,9.8));
#593 = VECTOR('',#594,1.);
#594 = DIRECTION('',(-1.,-0.,-0.));
#595 = ORIENTED_EDGE('',*,*,#596,.F.);
#596 = EDGE_CURVE('',#597,#589,#599,.T.);
#597 = VERTEX_POINT('',#598);
#598 = CARTESIAN_POINT('',(3.95,1.52,9.8));
#599 = LINE('',#600,#601);
#600 = CARTESIAN_POINT('',(3.95,1.52,9.8));
#601 = VECTOR('',#602,1.);
#602 = DIRECTION('',(0.,-1.,0.));
#603 = ORIENTED_EDGE('',*,*,#604,.F.);
#604 = EDGE_CURVE('',#605,#597,#607,.T.);
#605 = VERTEX_POINT('',#606);
#606 = CARTESIAN_POINT('',(4.5,1.52,9.8));
#607 = LINE('',#608,#609);
#608 = CARTESIAN_POINT('',(6.05,1.52,9.8));
#609 = VECTOR('',#610,1.);
#610 = DIRECTION('',(-1.,-0.,-0.));
#611 = ORIENTED_EDGE('',*,*,#612,.F.);
#612 = EDGE_CURVE('',#613,#605,#615,.T.);
#613 = VERTEX_POINT('',#614);
#614 = CARTESIAN_POINT('',(4.5,1.92,9.8));
#615 = LINE('',#616,#617);
#616 = CARTESIAN_POINT('',(4.5,1.92,9.8));
#617 = VECTOR('',#618,1.);
#618 = DIRECTION('',(0.,-1.,0.));
#619 = ORIENTED_EDGE('',*,*,#620,.F.);
#620 = EDGE_CURVE('',#621,#613,#623,.T.);
#621 = VERTEX_POINT('',#622);
#622 = CARTESIAN_POINT('',(5.5,1.92,9.8));
#623 = LINE('',#624,#625);
#624 = CARTESIAN_POINT('',(5.5,1.92,9.8));
#625 = VECTOR('',#626,1.);
#626 = DIRECTION('',(-1.,-0.,-0.));
#627 = ORIENTED_EDGE('',*,*,#628,.T.);
#628 = EDGE_CURVE('',#621,#573,#629,.T.);
#629 = LINE('',#630,#631);
#630 = CARTESIAN_POINT('',(5.5,1.92,9.8));
#631 = VECTOR('',#632,1.);
#632 = DIRECTION('',(0.,-1.,0.));
#633 = FACE_BOUND('',#634,.T.);
#634 = EDGE_LOOP('',(#635,#645,#653,#661,#669,#677,#685,#693));
#635 = ORIENTED_EDGE('',*,*,#636,.F.);
#636 = EDGE_CURVE('',#637,#639,#641,.T.);
#637 = VERTEX_POINT('',#638);
#638 = CARTESIAN_POINT('',(3.55,1.52,9.8));
#639 = VERTEX_POINT('',#640);
#640 = CARTESIAN_POINT('',(3.,1.52,9.8));
#641 = LINE('',#642,#643);
#642 = CARTESIAN_POINT('',(3.55,1.52,9.8));
#643 = VECTOR('',#644,1.);
#644 = DIRECTION('',(-1.,-0.,-0.));
#645 = ORIENTED_EDGE('',*,*,#646,.T.);
#646 = EDGE_CURVE('',#637,#647,#649,.T.);
#647 = VERTEX_POINT('',#648);
#648 = CARTESIAN_POINT('',(3.55,-0.98,9.8));
#649 = LINE('',#650,#651);
#650 = CARTESIAN_POINT('',(3.55,1.52,9.8));
#651 = VECTOR('',#652,1.);
#652 = DIRECTION('',(0.,-1.,0.));
#653 = ORIENTED_EDGE('',*,*,#654,.T.);
#654 = EDGE_CURVE('',#647,#655,#657,.T.);
#655 = VERTEX_POINT('',#656);
#656 = CARTESIAN_POINT('',(1.45,-0.98,9.8));
#657 = LINE('',#658,#659);
#658 = CARTESIAN_POINT('',(3.55,-0.98,9.8));
#659 = VECTOR('',#660,1.);
#660 = DIRECTION('',(-1.,-0.,-0.));
#661 = ORIENTED_EDGE('',*,*,#662,.F.);
#662 = EDGE_CURVE('',#663,#655,#665,.T.);
#663 = VERTEX_POINT('',#664);
#664 = CARTESIAN_POINT('',(1.45,1.52,9.8));
#665 = LINE('',#666,#667);
#666 = CARTESIAN_POINT('',(1.45,1.52,9.8));
#667 = VECTOR('',#668,1.);
#668 = DIRECTION('',(0.,-1.,0.));
#669 = ORIENTED_EDGE('',*,*,#670,.F.);
#670 = EDGE_CURVE('',#671,#663,#673,.T.);
#671 = VERTEX_POINT('',#672);
#672 = CARTESIAN_POINT('',(2.,1.52,9.8));
#673 = LINE('',#674,#675);
#674 = CARTESIAN_POINT('',(3.55,1.52,9.8));
#675 = VECTOR('',#676,1.);
#676 = DIRECTION('',(-1.,-0.,-0.));
#677 = ORIENTED_EDGE('',*,*,#678,.F.);
#678 = EDGE_CURVE('',#679,#671,#681,.T.);
#679 = VERTEX_POINT('',#680);
#680 = CARTESIAN_POINT('',(2.,1.92,9.8));
#681 = LINE('',#682,#683);
#682 = CARTESIAN_POINT('',(2.,1.92,9.8));
#683 = VECTOR('',#684,1.);
#684 = DIRECTION('',(0.,-1.,0.));
#685 = ORIENTED_EDGE('',*,*,#686,.F.);
#686 = EDGE_CURVE('',#687,#679,#689,.T.);
#687 = VERTEX_POINT('',#688);
#688 = CARTESIAN_POINT('',(3.,1.92,9.8));
#689 = LINE('',#690,#691);
#690 = CARTESIAN_POINT('',(3.,1.92,9.8));
#691 = VECTOR('',#692,1.);
#692 = DIRECTION('',(-1.,-0.,-0.));
#693 = ORIENTED_EDGE('',*,*,#694,.T.);
#694 = EDGE_CURVE('',#687,#639,#695,.T.);
#695 = LINE('',#696,#697);
#696 = CARTESIAN_POINT('',(3.,1.92,9.8));
#697 = VECTOR('',#698,1.);
#698 = DIRECTION('',(0.,-1.,0.));
#699 = FACE_BOUND('',#700,.T.);
#700 = EDGE_LOOP('',(#701,#711,#719,#727,#735,#743,#751,#759));
#701 = ORIENTED_EDGE('',*,*,#702,.F.);
#702 = EDGE_CURVE('',#703,#705,#707,.T.);
#703 = VERTEX_POINT('',#704);
#704 = CARTESIAN_POINT('',(1.05,1.52,9.8));
#705 = VERTEX_POINT('',#706);
#706 = CARTESIAN_POINT('',(0.5,1.52,9.8));
#707 = LINE('',#708,#709);
#708 = CARTESIAN_POINT('',(1.05,1.52,9.8));
#709 = VECTOR('',#710,1.);
#710 = DIRECTION('',(-1.,-0.,-0.));
#711 = ORIENTED_EDGE('',*,*,#712,.T.);
#712 = EDGE_CURVE('',#703,#713,#715,.T.);
#713 = VERTEX_POINT('',#714);
#714 = CARTESIAN_POINT('',(1.05,-0.98,9.8));
#715 = LINE('',#716,#717);
#716 = CARTESIAN_POINT('',(1.05,1.52,9.8));
#717 = VECTOR('',#718,1.);
#718 = DIRECTION('',(0.,-1.,0.));
#719 = ORIENTED_EDGE('',*,*,#720,.T.);
#720 = EDGE_CURVE('',#713,#721,#723,.T.);
#721 = VERTEX_POINT('',#722);
#722 = CARTESIAN_POINT('',(-1.05,-0.98,9.8));
#723 = LINE('',#724,#725);
#724 = CARTESIAN_POINT('',(1.05,-0.98,9.8));
#725 = VECTOR('',#726,1.);
#726 = DIRECTION('',(-1.,-0.,-0.));
#727 = ORIENTED_EDGE('',*,*,#728,.F.);
#728 = EDGE_CURVE('',#729,#721,#731,.T.);
#729 = VERTEX_POINT('',#730);
#730 = CARTESIAN_POINT('',(-1.05,1.52,9.8));
#731 = LINE('',#732,#733);
#732 = CARTESIAN_POINT('',(-1.05,1.52,9.8));
#733 = VECTOR('',#734,1.);
#734 = DIRECTION('',(0.,-1.,0.));
#735 = ORIENTED_EDGE('',*,*,#736,.F.);
#736 = EDGE_CURVE('',#737,#729,#739,.T.);
#737 = VERTEX_POINT('',#738);
#738 = CARTESIAN_POINT('',(-0.5,1.52,9.8));
#739 = LINE('',#740,#741);
#740 = CARTESIAN_POINT('',(1.05,1.52,9.8));
#741 = VECTOR('',#742,1.);
#742 = DIRECTION('',(-1.,-0.,-0.));
#743 = ORIENTED_EDGE('',*,*,#744,.F.);
#744 = EDGE_CURVE('',#745,#737,#747,.T.);
#745 = VERTEX_POINT('',#746);
#746 = CARTESIAN_POINT('',(-0.5,1.92,9.8));
#747 = LINE('',#748,#749);
#748 = CARTESIAN_POINT('',(-0.5,1.92,9.8));
#749 = VECTOR('',#750,1.);
#750 = DIRECTION('',(0.,-1.,0.));
#751 = ORIENTED_EDGE('',*,*,#752,.F.);
#752 = EDGE_CURVE('',#753,#745,#755,.T.);
#753 = VERTEX_POINT('',#754);
#754 = CARTESIAN_POINT('',(0.5,1.92,9.8));
#755 = LINE('',#756,#757);
#756 = CARTESIAN_POINT('',(0.5,1.92,9.8));
#757 = VECTOR('',#758,1.);
#758 = DIRECTION('',(-1.,-0.,-0.));
#759 = ORIENTED_EDGE('',*,*,#760,.T.);
#760 = EDGE_CURVE('',#753,#705,#761,.T.);
#761 = LINE('',#762,#763);
#762 = CARTESIAN_POINT('',(0.5,1.92,9.8));
#763 = VECTOR('',#764,1.);
#764 = DIRECTION('',(0.,-1.,0.));
#765 = PLANE('',#766);
#766 = AXIS2_PLACEMENT_3D('',#767,#768,#769);
#767 = CARTESIAN_POINT('',(8.749999999997,0.586807883412,9.8));
#768 = DIRECTION('',(0.,-3.491552104579E-14,1.));
#769 = DIRECTION('',(0.,1.,3.491552104579E-14));
#770 = ADVANCED_FACE('',(#771),#789,.F.);
#771 = FACE_BOUND('',#772,.F.);
#772 = EDGE_LOOP('',(#773,#774,#782,#788));
#773 = ORIENTED_EDGE('',*,*,#77,.T.);
#774 = ORIENTED_EDGE('',*,*,#775,.T.);
#775 = EDGE_CURVE('',#70,#776,#778,.T.);
#776 = VERTEX_POINT('',#777);
#777 = CARTESIAN_POINT('',(18.,1.92,5.25));
#778 = LINE('',#779,#780);
#779 = CARTESIAN_POINT('',(18.,1.52,5.25));
#780 = VECTOR('',#781,1.);
#781 = DIRECTION('',(0.,1.,0.));
#782 = ORIENTED_EDGE('',*,*,#783,.T.);
#783 = EDGE_CURVE('',#776,#291,#784,.T.);
#784 = LINE('',#785,#786);
#785 = CARTESIAN_POINT('',(18.,1.92,5.25));
#786 = VECTOR('',#787,1.);
#787 = DIRECTION('',(0.,0.,1.));
#788 = ORIENTED_EDGE('',*,*,#298,.T.);
#789 = PLANE('',#790);
#790 = AXIS2_PLACEMENT_3D('',#791,#792,#793);
#791 = CARTESIAN_POINT('',(18.,1.72,7.525));
#792 = DIRECTION('',(1.,0.,0.));
#793 = DIRECTION('',(0.,0.,1.));
#794 = ADVANCED_FACE('',(#795),#845,.F.);
#795 = FACE_BOUND('',#796,.F.);
#796 = EDGE_LOOP('',(#797,#805,#813,#821,#829,#837,#843,#844));
#797 = ORIENTED_EDGE('',*,*,#798,.F.);
#798 = EDGE_CURVE('',#799,#62,#801,.T.);
#799 = VERTEX_POINT('',#800);
#800 = CARTESIAN_POINT('',(18.1,2.57,5.25));
#801 = LINE('',#802,#803);
#802 = CARTESIAN_POINT('',(18.1,2.57,5.25));
#803 = VECTOR('',#804,1.);
#804 = DIRECTION('',(0.,-1.,0.));
#805 = ORIENTED_EDGE('',*,*,#806,.T.);
#806 = EDGE_CURVE('',#799,#807,#809,.T.);
#807 = VERTEX_POINT('',#808);
#808 = CARTESIAN_POINT('',(16.9,2.57,5.25));
#809 = LINE('',#810,#811);
#810 = CARTESIAN_POINT('',(18.1,2.57,5.25));
#811 = VECTOR('',#812,1.);
#812 = DIRECTION('',(-1.,-0.,-0.));
#813 = ORIENTED_EDGE('',*,*,#814,.T.);
#814 = EDGE_CURVE('',#807,#815,#817,.T.);
#815 = VERTEX_POINT('',#816);
#816 = CARTESIAN_POINT('',(16.9,1.52,5.25));
#817 = LINE('',#818,#819);
#818 = CARTESIAN_POINT('',(16.9,2.57,5.25));
#819 = VECTOR('',#820,1.);
#820 = DIRECTION('',(0.,-1.,0.));
#821 = ORIENTED_EDGE('',*,*,#822,.F.);
#822 = EDGE_CURVE('',#823,#815,#825,.T.);
#823 = VERTEX_POINT('',#824);
#824 = CARTESIAN_POINT('',(17.,1.52,5.25));
#825 = LINE('',#826,#827);
#826 = CARTESIAN_POINT('',(18.1,1.52,5.25));
#827 = VECTOR('',#828,1.);
#828 = DIRECTION('',(-1.,-0.,-0.));
#829 = ORIENTED_EDGE('',*,*,#830,.T.);
#830 = EDGE_CURVE('',#823,#831,#833,.T.);
#831 = VERTEX_POINT('',#832);
#832 = CARTESIAN_POINT('',(17.,1.92,5.25));
#833 = LINE('',#834,#835);
#834 = CARTESIAN_POINT('',(17.,1.52,5.25));
#835 = VECTOR('',#836,1.);
#836 = DIRECTION('',(0.,1.,0.));
#837 = ORIENTED_EDGE('',*,*,#838,.F.);
#838 = EDGE_CURVE('',#776,#831,#839,.T.);
#839 = LINE('',#840,#841);
#840 = CARTESIAN_POINT('',(18.,1.92,5.25));
#841 = VECTOR('',#842,1.);
#842 = DIRECTION('',(-1.,-0.,-0.));
#843 = ORIENTED_EDGE('',*,*,#775,.F.);
#844 = ORIENTED_EDGE('',*,*,#69,.F.);
#845 = PLANE('',#846);
#846 = AXIS2_PLACEMENT_3D('',#847,#848,#849);
#847 = CARTESIAN_POINT('',(18.1,2.57,5.25));
#848 = DIRECTION('',(0.,0.,1.));
#849 = DIRECTION('',(0.,-1.,0.));
#850 = ADVANCED_FACE('',(#851),#901,.F.);
#851 = FACE_BOUND('',#852,.F.);
#852 = EDGE_LOOP('',(#853,#861,#862,#863,#871,#879,#887,#895));
#853 = ORIENTED_EDGE('',*,*,#854,.T.);
#854 = EDGE_CURVE('',#855,#799,#857,.T.);
#855 = VERTEX_POINT('',#856);
#856 = CARTESIAN_POINT('',(18.1,2.57,2.05));
#857 = LINE('',#858,#859);
#858 = CARTESIAN_POINT('',(18.1,2.57,2.05));
#859 = VECTOR('',#860,1.);
#860 = DIRECTION('',(0.,0.,1.));
#861 = ORIENTED_EDGE('',*,*,#798,.T.);
#862 = ORIENTED_EDGE('',*,*,#61,.T.);
#863 = ORIENTED_EDGE('',*,*,#864,.T.);
#864 = EDGE_CURVE('',#54,#865,#867,.T.);
#865 = VERTEX_POINT('',#866);
#866 = CARTESIAN_POINT('',(18.1,0.5468198,3.45));
#867 = LINE('',#868,#869);
#868 = CARTESIAN_POINT('',(18.1,1.52,3.45));
#869 = VECTOR('',#870,1.);
#870 = DIRECTION('',(0.,-1.,0.));
#871 = ORIENTED_EDGE('',*,*,#872,.T.);
#872 = EDGE_CURVE('',#865,#873,#875,.T.);
#873 = VERTEX_POINT('',#874);
#874 = CARTESIAN_POINT('',(18.1,1.044,2.6151));
#875 = LINE('',#876,#877);
#876 = CARTESIAN_POINT('',(18.1,0.5468198,3.45));
#877 = VECTOR('',#878,1.);
#878 = DIRECTION('',(0.,0.511647917429,-0.859195209828));
#879 = ORIENTED_EDGE('',*,*,#880,.T.);
#880 = EDGE_CURVE('',#873,#881,#883,.T.);
#881 = VERTEX_POINT('',#882);
#882 = CARTESIAN_POINT('',(18.1,1.52,2.6151));
#883 = LINE('',#884,#885);
#884 = CARTESIAN_POINT('',(18.1,1.044,2.6151));
#885 = VECTOR('',#886,1.);
#886 = DIRECTION('',(0.,1.,0.));
#887 = ORIENTED_EDGE('',*,*,#888,.T.);
#888 = EDGE_CURVE('',#881,#889,#891,.T.);
#889 = VERTEX_POINT('',#890);
#890 = CARTESIAN_POINT('',(18.1,1.52,2.05));
#891 = LINE('',#892,#893);
#892 = CARTESIAN_POINT('',(18.1,1.52,2.6151));
#893 = VECTOR('',#894,1.);
#894 = DIRECTION('',(0.,0.,-1.));
#895 = ORIENTED_EDGE('',*,*,#896,.T.);
#896 = EDGE_CURVE('',#889,#855,#897,.T.);
#897 = LINE('',#898,#899);
#898 = CARTESIAN_POINT('',(18.1,1.52,2.05));
#899 = VECTOR('',#900,1.);
#900 = DIRECTION('',(0.,1.,0.));
#901 = PLANE('',#902);
#902 = AXIS2_PLACEMENT_3D('',#903,#904,#905);
#903 = CARTESIAN_POINT('',(18.1,1.834452703854,3.573485056924));
#904 = DIRECTION('',(1.,0.,0.));
#905 = DIRECTION('',(0.,0.,1.));
#906 = ADVANCED_FACE('',(#907,#950),#984,.F.);
#907 = FACE_BOUND('',#908,.F.);
#908 = EDGE_LOOP('',(#909,#910,#918,#926,#934,#942,#948,#949));
#909 = ORIENTED_EDGE('',*,*,#99,.F.);
#910 = ORIENTED_EDGE('',*,*,#911,.T.);
#911 = EDGE_CURVE('',#100,#912,#914,.T.);
#912 = VERTEX_POINT('',#913);
#913 = CARTESIAN_POINT('',(16.45,-0.98,3.45));
#914 = LINE('',#915,#916);
#915 = CARTESIAN_POINT('',(18.55,-0.98,3.45));
#916 = VECTOR('',#917,1.);
#917 = DIRECTION('',(-1.,-0.,-0.));
#918 = ORIENTED_EDGE('',*,*,#919,.T.);
#919 = EDGE_CURVE('',#912,#920,#922,.T.);
#920 = VERTEX_POINT('',#921);
#921 = CARTESIAN_POINT('',(16.45,1.52,3.45));
#922 = LINE('',#923,#924);
#923 = CARTESIAN_POINT('',(16.45,-0.98,3.45));
#924 = VECTOR('',#925,1.);
#925 = DIRECTION('',(0.,1.,0.));
#926 = ORIENTED_EDGE('',*,*,#927,.F.);
#927 = EDGE_CURVE('',#928,#920,#930,.T.);
#928 = VERTEX_POINT('',#929);
#929 = CARTESIAN_POINT('',(16.9,1.52,3.45));
#930 = LINE('',#931,#932);
#931 = CARTESIAN_POINT('',(18.55,1.52,3.45));
#932 = VECTOR('',#933,1.);
#933 = DIRECTION('',(-1.,-0.,-0.));
#934 = ORIENTED_EDGE('',*,*,#935,.T.);
#935 = EDGE_CURVE('',#928,#936,#938,.T.);
#936 = VERTEX_POINT('',#937);
#937 = CARTESIAN_POINT('',(16.9,0.5468198,3.45));
#938 = LINE('',#939,#940);
#939 = CARTESIAN_POINT('',(16.9,1.52,3.45));
#940 = VECTOR('',#941,1.);
#941 = DIRECTION('',(0.,-1.,0.));
#942 = ORIENTED_EDGE('',*,*,#943,.F.);
#943 = EDGE_CURVE('',#865,#936,#944,.T.);
#944 = LINE('',#945,#946);
#945 = CARTESIAN_POINT('',(18.1,0.5468198,3.45));
#946 = VECTOR('',#947,1.);
#947 = DIRECTION('',(-1.,-0.,-0.));
#948 = ORIENTED_EDGE('',*,*,#864,.F.);
#949 = ORIENTED_EDGE('',*,*,#53,.F.);
#950 = FACE_BOUND('',#951,.F.);
#951 = EDGE_LOOP('',(#952,#962,#970,#978));
#952 = ORIENTED_EDGE('',*,*,#953,.F.);
#953 = EDGE_CURVE('',#954,#956,#958,.T.);
#954 = VERTEX_POINT('',#955);
#955 = CARTESIAN_POINT('',(17.9,-0.4,3.45));
#956 = VERTEX_POINT('',#957);
#957 = CARTESIAN_POINT('',(17.1,-0.4,3.45));
#958 = LINE('',#959,#960);
#959 = CARTESIAN_POINT('',(17.9,-0.4,3.45));
#960 = VECTOR('',#961,1.);
#961 = DIRECTION('',(-1.,-0.,-0.));
#962 = ORIENTED_EDGE('',*,*,#963,.F.);
#963 = EDGE_CURVE('',#964,#954,#966,.T.);
#964 = VERTEX_POINT('',#965);
#965 = CARTESIAN_POINT('',(17.9,0.4,3.45));
#966 = LINE('',#967,#968);
#967 = CARTESIAN_POINT('',(17.9,0.4,3.45));
#968 = VECTOR('',#969,1.);
#969 = DIRECTION('',(0.,-1.,0.));
#970 = ORIENTED_EDGE('',*,*,#971,.T.);
#971 = EDGE_CURVE('',#964,#972,#974,.T.);
#972 = VERTEX_POINT('',#973);
#973 = CARTESIAN_POINT('',(17.1,0.4,3.45));
#974 = LINE('',#975,#976);
#975 = CARTESIAN_POINT('',(17.9,0.4,3.45));
#976 = VECTOR('',#977,1.);
#977 = DIRECTION('',(-1.,-0.,-0.));
#978 = ORIENTED_EDGE('',*,*,#979,.T.);
#979 = EDGE_CURVE('',#972,#956,#980,.T.);
#980 = LINE('',#981,#982);
#981 = CARTESIAN_POINT('',(17.1,0.4,3.45));
#982 = VECTOR('',#983,1.);
#983 = DIRECTION('',(0.,-1.,0.));
#984 = PLANE('',#985);
#985 = AXIS2_PLACEMENT_3D('',#986,#987,#988);
#986 = CARTESIAN_POINT('',(18.55,-0.98,3.45));
#987 = DIRECTION('',(0.,0.,-1.));
#988 = DIRECTION('',(0.,1.,0.));
#989 = ADVANCED_FACE('',(#990),#1001,.F.);
#990 = FACE_BOUND('',#991,.F.);
#991 = EDGE_LOOP('',(#992,#993,#999,#1000));
#992 = ORIENTED_EDGE('',*,*,#258,.T.);
#993 = ORIENTED_EDGE('',*,*,#994,.T.);
#994 = EDGE_CURVE('',#259,#912,#995,.T.);
#995 = LINE('',#996,#997);
#996 = CARTESIAN_POINT('',(16.45,-0.98,9.8));
#997 = VECTOR('',#998,1.);
#998 = DIRECTION('',(0.,0.,-1.));
#999 = ORIENTED_EDGE('',*,*,#911,.F.);
#1000 = ORIENTED_EDGE('',*,*,#116,.F.);
#1001 = PLANE('',#1002);
#1002 = AXIS2_PLACEMENT_3D('',#1003,#1004,#1005);
#1003 = CARTESIAN_POINT('',(18.55,-0.98,9.8));
#1004 = DIRECTION('',(0.,-1.,0.));
#1005 = DIRECTION('',(0.,0.,-1.));
#1006 = ADVANCED_FACE('',(#1007),#1167,.T.);
#1007 = FACE_BOUND('',#1008,.T.);
#1008 = EDGE_LOOP('',(#1009,#1017,#1018,#1026,#1034,#1042,#1050,#1058,
    #1066,#1074,#1082,#1090,#1098,#1106,#1114,#1120,#1121,#1129,#1137,
    #1145,#1153,#1161));
#1009 = ORIENTED_EDGE('',*,*,#1010,.F.);
#1010 = EDGE_CURVE('',#131,#1011,#1013,.T.);
#1011 = VERTEX_POINT('',#1012);
#1012 = CARTESIAN_POINT('',(19.599999999988,-1.529999999991,9.2));
#1013 = LINE('',#1014,#1015);
#1014 = CARTESIAN_POINT('',(19.599999999988,-1.529999999991,9.8));
#1015 = VECTOR('',#1016,1.);
#1016 = DIRECTION('',(-0.,-0.,-1.));
#1017 = ORIENTED_EDGE('',*,*,#130,.T.);
#1018 = ORIENTED_EDGE('',*,*,#1019,.T.);
#1019 = EDGE_CURVE('',#133,#1020,#1022,.T.);
#1020 = VERTEX_POINT('',#1021);
#1021 = CARTESIAN_POINT('',(17.7,-1.53,5.7));
#1022 = LINE('',#1023,#1024);
#1023 = CARTESIAN_POINT('',(17.45,-1.53,9.8));
#1024 = VECTOR('',#1025,1.);
#1025 = DIRECTION('',(6.086257045056E-02,1.142162323809E-13,
    -0.998146155389));
#1026 = ORIENTED_EDGE('',*,*,#1027,.F.);
#1027 = EDGE_CURVE('',#1028,#1020,#1030,.T.);
#1028 = VERTEX_POINT('',#1029);
#1029 = CARTESIAN_POINT('',(18.15,-1.53,5.7));
#1030 = LINE('',#1031,#1032);
#1031 = CARTESIAN_POINT('',(18.15,-1.53,5.7));
#1032 = VECTOR('',#1033,1.);
#1033 = DIRECTION('',(-1.,-8.13501427887E-14,-4.455486392688E-27));
#1034 = ORIENTED_EDGE('',*,*,#1035,.F.);
#1035 = EDGE_CURVE('',#1036,#1028,#1038,.T.);
#1036 = VERTEX_POINT('',#1037);
#1037 = CARTESIAN_POINT('',(18.15,-1.529999999999,4.9));
#1038 = LINE('',#1039,#1040);
#1039 = CARTESIAN_POINT('',(18.15,-1.529999999999,4.9));
#1040 = VECTOR('',#1041,1.);
#1041 = DIRECTION('',(4.449750243154E-27,-1.09467990228E-13,1.));
#1042 = ORIENTED_EDGE('',*,*,#1043,.F.);
#1043 = EDGE_CURVE('',#1044,#1036,#1046,.T.);
#1044 = VERTEX_POINT('',#1045);
#1045 = CARTESIAN_POINT('',(17.45,-1.529999999999,3.7));
#1046 = LINE('',#1047,#1048);
#1047 = CARTESIAN_POINT('',(17.45,-1.529999999999,3.7));
#1048 = VECTOR('',#1049,1.);
#1049 = DIRECTION('',(0.503871025524,-5.356616040927E-14,0.863778900898)
  );
#1050 = ORIENTED_EDGE('',*,*,#1051,.F.);
#1051 = EDGE_CURVE('',#1052,#1044,#1054,.T.);
#1052 = VERTEX_POINT('',#1053);
#1053 = CARTESIAN_POINT('',(16.85,-1.529999999999,3.7));
#1054 = LINE('',#1055,#1056);
#1055 = CARTESIAN_POINT('',(16.85,-1.529999999999,3.7));
#1056 = VECTOR('',#1057,1.);
#1057 = DIRECTION('',(1.,8.13501427887E-14,4.455486392688E-27));
#1058 = ORIENTED_EDGE('',*,*,#1059,.F.);
#1059 = EDGE_CURVE('',#1060,#1052,#1062,.T.);
#1060 = VERTEX_POINT('',#1061);
#1061 = CARTESIAN_POINT('',(16.85,-1.53,9.));
#1062 = LINE('',#1063,#1064);
#1063 = CARTESIAN_POINT('',(16.85,-1.53,9.));
#1064 = VECTOR('',#1065,1.);
#1065 = DIRECTION('',(-4.449750243154E-27,1.09467990228E-13,-1.));
#1066 = ORIENTED_EDGE('',*,*,#1067,.F.);
#1067 = EDGE_CURVE('',#1068,#1060,#1070,.T.);
#1068 = VERTEX_POINT('',#1069);
#1069 = CARTESIAN_POINT('',(0.65,-1.530000000001,9.));
#1070 = LINE('',#1071,#1072);
#1071 = CARTESIAN_POINT('',(0.65,-1.530000000001,9.));
#1072 = VECTOR('',#1073,1.);
#1073 = DIRECTION('',(1.,8.13501427887E-14,4.455486392688E-27));
#1074 = ORIENTED_EDGE('',*,*,#1075,.T.);
#1075 = EDGE_CURVE('',#1068,#1076,#1078,.T.);
#1076 = VERTEX_POINT('',#1077);
#1077 = CARTESIAN_POINT('',(0.65,-1.530000000001,3.7));
#1078 = LINE('',#1079,#1080);
#1079 = CARTESIAN_POINT('',(0.65,-1.530000000001,9.));
#1080 = VECTOR('',#1081,1.);
#1081 = DIRECTION('',(-4.449750243154E-27,1.09467990228E-13,-1.));
#1082 = ORIENTED_EDGE('',*,*,#1083,.T.);
#1083 = EDGE_CURVE('',#1076,#1084,#1086,.T.);
#1084 = VERTEX_POINT('',#1085);
#1085 = CARTESIAN_POINT('',(5.000000000012E-02,-1.530000000001,3.7));
#1086 = LINE('',#1087,#1088);
#1087 = CARTESIAN_POINT('',(0.65,-1.530000000001,3.7));
#1088 = VECTOR('',#1089,1.);
#1089 = DIRECTION('',(-1.,-8.13501427887E-14,-4.455486392688E-27));
#1090 = ORIENTED_EDGE('',*,*,#1091,.T.);
#1091 = EDGE_CURVE('',#1084,#1092,#1094,.T.);
#1092 = VERTEX_POINT('',#1093);
#1093 = CARTESIAN_POINT('',(-0.65,-1.530000000001,4.9));
#1094 = LINE('',#1095,#1096);
#1095 = CARTESIAN_POINT('',(5.000000000012E-02,-1.530000000001,3.7));
#1096 = VECTOR('',#1097,1.);
#1097 = DIRECTION('',(-0.503871025524,-1.355461201562E-13,0.863778900898
    ));
#1098 = ORIENTED_EDGE('',*,*,#1099,.T.);
#1099 = EDGE_CURVE('',#1092,#1100,#1102,.T.);
#1100 = VERTEX_POINT('',#1101);
#1101 = CARTESIAN_POINT('',(-0.65,-1.530000000001,5.7));
#1102 = LINE('',#1103,#1104);
#1103 = CARTESIAN_POINT('',(-0.65,-1.530000000001,4.9));
#1104 = VECTOR('',#1105,1.);
#1105 = DIRECTION('',(4.449750243154E-27,-1.09467990228E-13,1.));
#1106 = ORIENTED_EDGE('',*,*,#1107,.T.);
#1107 = EDGE_CURVE('',#1100,#1108,#1110,.T.);
#1108 = VERTEX_POINT('',#1109);
#1109 = CARTESIAN_POINT('',(-0.2,-1.530000000001,5.7));
#1110 = LINE('',#1111,#1112);
#1111 = CARTESIAN_POINT('',(-0.65,-1.530000000001,5.7));
#1112 = VECTOR('',#1113,1.);
#1113 = DIRECTION('',(1.,8.13501427887E-14,4.455486392688E-27));
#1114 = ORIENTED_EDGE('',*,*,#1115,.F.);
#1115 = EDGE_CURVE('',#225,#1108,#1116,.T.);
#1116 = LINE('',#1117,#1118);
#1117 = CARTESIAN_POINT('',(5.000000000012E-02,-1.530000000002,9.8));
#1118 = VECTOR('',#1119,1.);
#1119 = DIRECTION('',(-6.086257045056E-02,1.043138747877E-13,
    -0.998146155389));
#1120 = ORIENTED_EDGE('',*,*,#224,.T.);
#1121 = ORIENTED_EDGE('',*,*,#1122,.T.);
#1122 = EDGE_CURVE('',#216,#1123,#1125,.T.);
#1123 = VERTEX_POINT('',#1124);
#1124 = CARTESIAN_POINT('',(-2.100000000009,-1.530000000019,9.2));
#1125 = LINE('',#1126,#1127);
#1126 = CARTESIAN_POINT('',(-2.100000000009,-1.530000000019,9.8));
#1127 = VECTOR('',#1128,1.);
#1128 = DIRECTION('',(-0.,-0.,-1.));
#1129 = ORIENTED_EDGE('',*,*,#1130,.F.);
#1130 = EDGE_CURVE('',#1131,#1123,#1133,.T.);
#1131 = VERTEX_POINT('',#1132);
#1132 = CARTESIAN_POINT('',(-1.600000000002,-1.530000000024,9.2));
#1133 = LINE('',#1134,#1135);
#1134 = CARTESIAN_POINT('',(-1.600000000002,-1.530000000024,9.2));
#1135 = VECTOR('',#1136,1.);
#1136 = DIRECTION('',(-1.,0.,0.));
#1137 = ORIENTED_EDGE('',*,*,#1138,.T.);
#1138 = EDGE_CURVE('',#1131,#1139,#1141,.T.);
#1139 = VERTEX_POINT('',#1140);
#1140 = CARTESIAN_POINT('',(-1.6,-1.53,2.7));
#1141 = LINE('',#1142,#1143);
#1142 = CARTESIAN_POINT('',(-1.6,-1.53,9.8));
#1143 = VECTOR('',#1144,1.);
#1144 = DIRECTION('',(0.,0.,-1.));
#1145 = ORIENTED_EDGE('',*,*,#1146,.F.);
#1146 = EDGE_CURVE('',#1147,#1139,#1149,.T.);
#1147 = VERTEX_POINT('',#1148);
#1148 = CARTESIAN_POINT('',(19.1,-1.53,2.7));
#1149 = LINE('',#1150,#1151);
#1150 = CARTESIAN_POINT('',(19.1,-1.53,2.7));
#1151 = VECTOR('',#1152,1.);
#1152 = DIRECTION('',(-1.,-0.,-0.));
#1153 = ORIENTED_EDGE('',*,*,#1154,.F.);
#1154 = EDGE_CURVE('',#1155,#1147,#1157,.T.);
#1155 = VERTEX_POINT('',#1156);
#1156 = CARTESIAN_POINT('',(19.099999999985,-1.529999999994,9.2));
#1157 = LINE('',#1158,#1159);
#1158 = CARTESIAN_POINT('',(19.1,-1.53,9.8));
#1159 = VECTOR('',#1160,1.);
#1160 = DIRECTION('',(0.,0.,-1.));
#1161 = ORIENTED_EDGE('',*,*,#1162,.F.);
#1162 = EDGE_CURVE('',#1011,#1155,#1163,.T.);
#1163 = LINE('',#1164,#1165);
#1164 = CARTESIAN_POINT('',(19.600000000002,-1.529999999994,9.2));
#1165 = VECTOR('',#1166,1.);
#1166 = DIRECTION('',(-1.,0.,0.));
#1167 = PLANE('',#1168);
#1168 = AXIS2_PLACEMENT_3D('',#1169,#1170,#1171);
#1169 = CARTESIAN_POINT('',(8.750000000011,-1.53,6.362847222223));
#1170 = DIRECTION('',(8.135014278869E-14,-1.,-1.095103856241E-13));
#1171 = DIRECTION('',(0.,1.095103856241E-13,-1.));
#1172 = ADVANCED_FACE('',(#1173),#1191,.T.);
#1173 = FACE_BOUND('',#1174,.T.);
#1174 = EDGE_LOOP('',(#1175,#1176,#1184,#1190));
#1175 = ORIENTED_EDGE('',*,*,#248,.T.);
#1176 = ORIENTED_EDGE('',*,*,#1177,.T.);
#1177 = EDGE_CURVE('',#241,#1178,#1180,.T.);
#1178 = VERTEX_POINT('',#1179);
#1179 = CARTESIAN_POINT('',(17.7,-2.33,5.7));
#1180 = LINE('',#1181,#1182);
#1181 = CARTESIAN_POINT('',(17.45,-2.33,9.8));
#1182 = VECTOR('',#1183,1.);
#1183 = DIRECTION('',(6.086257045056E-02,1.142162323809E-13,
    -0.998146155389));
#1184 = ORIENTED_EDGE('',*,*,#1185,.F.);
#1185 = EDGE_CURVE('',#1020,#1178,#1186,.T.);
#1186 = LINE('',#1187,#1188);
#1187 = CARTESIAN_POINT('',(17.7,-1.53,5.7));
#1188 = VECTOR('',#1189,1.);
#1189 = DIRECTION('',(8.13501427887E-14,-1.,-1.09467990228E-13));
#1190 = ORIENTED_EDGE('',*,*,#1019,.F.);
#1191 = PLANE('',#1192);
#1192 = AXIS2_PLACEMENT_3D('',#1193,#1194,#1195);
#1193 = CARTESIAN_POINT('',(17.45,-1.53,9.8));
#1194 = DIRECTION('',(0.998146155389,7.453682899756E-14,
    6.086257045056E-02));
#1195 = DIRECTION('',(6.086257045056E-02,1.142162323809E-13,
    -0.998146155389));
#1196 = ADVANCED_FACE('',(#1197),#1295,.F.);
#1197 = FACE_BOUND('',#1198,.T.);
#1198 = EDGE_LOOP('',(#1199,#1207,#1215,#1223,#1231,#1239,#1247,#1255,
    #1263,#1271,#1279,#1287,#1293,#1294));
#1199 = ORIENTED_EDGE('',*,*,#1200,.T.);
#1200 = EDGE_CURVE('',#233,#1201,#1203,.T.);
#1201 = VERTEX_POINT('',#1202);
#1202 = CARTESIAN_POINT('',(-0.2,-2.330000000001,5.7));
#1203 = LINE('',#1204,#1205);
#1204 = CARTESIAN_POINT('',(5.000000000019E-02,-2.330000000002,9.8));
#1205 = VECTOR('',#1206,1.);
#1206 = DIRECTION('',(-6.086257045056E-02,1.043138747877E-13,
    -0.998146155389));
#1207 = ORIENTED_EDGE('',*,*,#1208,.F.);
#1208 = EDGE_CURVE('',#1209,#1201,#1211,.T.);
#1209 = VERTEX_POINT('',#1210);
#1210 = CARTESIAN_POINT('',(-0.65,-2.330000000001,5.7));
#1211 = LINE('',#1212,#1213);
#1212 = CARTESIAN_POINT('',(-0.65,-2.330000000001,5.7));
#1213 = VECTOR('',#1214,1.);
#1214 = DIRECTION('',(1.,8.13501427887E-14,4.455486392688E-27));
#1215 = ORIENTED_EDGE('',*,*,#1216,.F.);
#1216 = EDGE_CURVE('',#1217,#1209,#1219,.T.);
#1217 = VERTEX_POINT('',#1218);
#1218 = CARTESIAN_POINT('',(-0.65,-2.330000000001,4.9));
#1219 = LINE('',#1220,#1221);
#1220 = CARTESIAN_POINT('',(-0.65,-2.330000000001,4.9));
#1221 = VECTOR('',#1222,1.);
#1222 = DIRECTION('',(4.449750243154E-27,-1.09467990228E-13,1.));
#1223 = ORIENTED_EDGE('',*,*,#1224,.F.);
#1224 = EDGE_CURVE('',#1225,#1217,#1227,.T.);
#1225 = VERTEX_POINT('',#1226);
#1226 = CARTESIAN_POINT('',(5.000000000019E-02,-2.330000000001,3.7));
#1227 = LINE('',#1228,#1229);
#1228 = CARTESIAN_POINT('',(5.000000000019E-02,-2.330000000001,3.7));
#1229 = VECTOR('',#1230,1.);
#1230 = DIRECTION('',(-0.503871025524,-1.355461201562E-13,0.863778900898
    ));
#1231 = ORIENTED_EDGE('',*,*,#1232,.F.);
#1232 = EDGE_CURVE('',#1233,#1225,#1235,.T.);
#1233 = VERTEX_POINT('',#1234);
#1234 = CARTESIAN_POINT('',(0.65,-2.330000000001,3.7));
#1235 = LINE('',#1236,#1237);
#1236 = CARTESIAN_POINT('',(0.65,-2.330000000001,3.7));
#1237 = VECTOR('',#1238,1.);
#1238 = DIRECTION('',(-1.,-8.13501427887E-14,-4.455486392688E-27));
#1239 = ORIENTED_EDGE('',*,*,#1240,.F.);
#1240 = EDGE_CURVE('',#1241,#1233,#1243,.T.);
#1241 = VERTEX_POINT('',#1242);
#1242 = CARTESIAN_POINT('',(0.65,-2.330000000001,9.));
#1243 = LINE('',#1244,#1245);
#1244 = CARTESIAN_POINT('',(0.65,-2.330000000001,9.));
#1245 = VECTOR('',#1246,1.);
#1246 = DIRECTION('',(-4.449750243154E-27,1.09467990228E-13,-1.));
#1247 = ORIENTED_EDGE('',*,*,#1248,.T.);
#1248 = EDGE_CURVE('',#1241,#1249,#1251,.T.);
#1249 = VERTEX_POINT('',#1250);
#1250 = CARTESIAN_POINT('',(16.85,-2.33,9.));
#1251 = LINE('',#1252,#1253);
#1252 = CARTESIAN_POINT('',(0.65,-2.330000000001,9.));
#1253 = VECTOR('',#1254,1.);
#1254 = DIRECTION('',(1.,8.13501427887E-14,4.455486392688E-27));
#1255 = ORIENTED_EDGE('',*,*,#1256,.T.);
#1256 = EDGE_CURVE('',#1249,#1257,#1259,.T.);
#1257 = VERTEX_POINT('',#1258);
#1258 = CARTESIAN_POINT('',(16.85,-2.329999999999,3.7));
#1259 = LINE('',#1260,#1261);
#1260 = CARTESIAN_POINT('',(16.85,-2.33,9.));
#1261 = VECTOR('',#1262,1.);
#1262 = DIRECTION('',(-4.449750243154E-27,1.09467990228E-13,-1.));
#1263 = ORIENTED_EDGE('',*,*,#1264,.T.);
#1264 = EDGE_CURVE('',#1257,#1265,#1267,.T.);
#1265 = VERTEX_POINT('',#1266);
#1266 = CARTESIAN_POINT('',(17.45,-2.329999999999,3.7));
#1267 = LINE('',#1268,#1269);
#1268 = CARTESIAN_POINT('',(16.85,-2.329999999999,3.7));
#1269 = VECTOR('',#1270,1.);
#1270 = DIRECTION('',(1.,8.13501427887E-14,4.455486392688E-27));
#1271 = ORIENTED_EDGE('',*,*,#1272,.T.);
#1272 = EDGE_CURVE('',#1265,#1273,#1275,.T.);
#1273 = VERTEX_POINT('',#1274);
#1274 = CARTESIAN_POINT('',(18.15,-2.329999999999,4.9));
#1275 = LINE('',#1276,#1277);
#1276 = CARTESIAN_POINT('',(17.45,-2.329999999999,3.7));
#1277 = VECTOR('',#1278,1.);
#1278 = DIRECTION('',(0.503871025524,-5.356616040927E-14,0.863778900898)
  );
#1279 = ORIENTED_EDGE('',*,*,#1280,.T.);
#1280 = EDGE_CURVE('',#1273,#1281,#1283,.T.);
#1281 = VERTEX_POINT('',#1282);
#1282 = CARTESIAN_POINT('',(18.15,-2.33,5.7));
#1283 = LINE('',#1284,#1285);
#1284 = CARTESIAN_POINT('',(18.15,-2.329999999999,4.9));
#1285 = VECTOR('',#1286,1.);
#1286 = DIRECTION('',(4.449750243154E-27,-1.09467990228E-13,1.));
#1287 = ORIENTED_EDGE('',*,*,#1288,.T.);
#1288 = EDGE_CURVE('',#1281,#1178,#1289,.T.);
#1289 = LINE('',#1290,#1291);
#1290 = CARTESIAN_POINT('',(18.15,-2.33,5.7));
#1291 = VECTOR('',#1292,1.);
#1292 = DIRECTION('',(-1.,-8.13501427887E-14,-4.455486392688E-27));
#1293 = ORIENTED_EDGE('',*,*,#1177,.F.);
#1294 = ORIENTED_EDGE('',*,*,#240,.F.);
#1295 = PLANE('',#1296);
#1296 = AXIS2_PLACEMENT_3D('',#1297,#1298,#1299);
#1297 = CARTESIAN_POINT('',(8.75,-2.330000000001,8.104353811552));
#1298 = DIRECTION('',(-8.135009642053E-14,1.,1.094658061367E-13));
#1299 = DIRECTION('',(0.,-1.094658061367E-13,1.));
#1300 = ADVANCED_FACE('',(#1301),#1312,.F.);
#1301 = FACE_BOUND('',#1302,.F.);
#1302 = EDGE_LOOP('',(#1303,#1304,#1305,#1311));
#1303 = ORIENTED_EDGE('',*,*,#232,.T.);
#1304 = ORIENTED_EDGE('',*,*,#1200,.T.);
#1305 = ORIENTED_EDGE('',*,*,#1306,.F.);
#1306 = EDGE_CURVE('',#1108,#1201,#1307,.T.);
#1307 = LINE('',#1308,#1309);
#1308 = CARTESIAN_POINT('',(-0.2,-1.530000000001,5.7));
#1309 = VECTOR('',#1310,1.);
#1310 = DIRECTION('',(8.13501427887E-14,-1.,-1.09467990228E-13));
#1311 = ORIENTED_EDGE('',*,*,#1115,.F.);
#1312 = PLANE('',#1313);
#1313 = AXIS2_PLACEMENT_3D('',#1314,#1315,#1316);
#1314 = CARTESIAN_POINT('',(5.000000000012E-02,-1.530000000002,9.8));
#1315 = DIRECTION('',(0.998146155389,8.786183553223E-14,
    -6.086257045056E-02));
#1316 = DIRECTION('',(-6.086257045056E-02,1.043138747877E-13,
    -0.998146155389));
#1317 = ADVANCED_FACE('',(#1318),#1337,.T.);
#1318 = FACE_BOUND('',#1319,.T.);
#1319 = EDGE_LOOP('',(#1320,#1328,#1335,#1336));
#1320 = ORIENTED_EDGE('',*,*,#1321,.T.);
#1321 = EDGE_CURVE('',#208,#1322,#1324,.T.);
#1322 = VERTEX_POINT('',#1323);
#1323 = CARTESIAN_POINT('',(-2.400000000001,-1.229999999976,9.2));
#1324 = LINE('',#1325,#1326);
#1325 = CARTESIAN_POINT('',(-2.400000000001,-1.229999999976,9.8));
#1326 = VECTOR('',#1327,1.);
#1327 = DIRECTION('',(-0.,-0.,-1.));
#1328 = ORIENTED_EDGE('',*,*,#1329,.T.);
#1329 = EDGE_CURVE('',#1322,#1123,#1330,.T.);
#1330 = CIRCLE('',#1331,0.300000000016);
#1331 = AXIS2_PLACEMENT_3D('',#1332,#1333,#1334);
#1332 = CARTESIAN_POINT('',(-2.09999999999,-1.229999999999,9.2));
#1333 = DIRECTION('',(0.,0.,1.));
#1334 = DIRECTION('',(1.,0.,0.));
#1335 = ORIENTED_EDGE('',*,*,#1122,.F.);
#1336 = ORIENTED_EDGE('',*,*,#215,.F.);
#1337 = CYLINDRICAL_SURFACE('',#1338,0.300000000016);
#1338 = AXIS2_PLACEMENT_3D('',#1339,#1340,#1341);
#1339 = CARTESIAN_POINT('',(-2.09999999999,-1.229999999999,9.8));
#1340 = DIRECTION('',(0.,0.,1.));
#1341 = DIRECTION('',(1.,0.,0.));
#1342 = ADVANCED_FACE('',(#1343),#1361,.F.);
#1343 = FACE_BOUND('',#1344,.F.);
#1344 = EDGE_LOOP('',(#1345,#1346,#1354,#1360));
#1345 = ORIENTED_EDGE('',*,*,#1321,.T.);
#1346 = ORIENTED_EDGE('',*,*,#1347,.T.);
#1347 = EDGE_CURVE('',#1322,#1348,#1350,.T.);
#1348 = VERTEX_POINT('',#1349);
#1349 = CARTESIAN_POINT('',(-2.399999999997,3.069999999979,9.2));
#1350 = LINE('',#1351,#1352);
#1351 = CARTESIAN_POINT('',(-2.399999999997,-1.229999999999,9.2));
#1352 = VECTOR('',#1353,1.);
#1353 = DIRECTION('',(0.,1.,0.));
#1354 = ORIENTED_EDGE('',*,*,#1355,.F.);
#1355 = EDGE_CURVE('',#199,#1348,#1356,.T.);
#1356 = LINE('',#1357,#1358);
#1357 = CARTESIAN_POINT('',(-2.399999999997,3.069999999979,9.8));
#1358 = VECTOR('',#1359,1.);
#1359 = DIRECTION('',(-0.,-0.,-1.));
#1360 = ORIENTED_EDGE('',*,*,#207,.F.);
#1361 = PLANE('',#1362);
#1362 = AXIS2_PLACEMENT_3D('',#1363,#1364,#1365);
#1363 = CARTESIAN_POINT('',(-2.399999999997,-1.229999999999,9.8));
#1364 = DIRECTION('',(1.,0.,0.));
#1365 = DIRECTION('',(0.,1.,0.));
#1366 = ADVANCED_FACE('',(#1367),#1386,.T.);
#1367 = FACE_BOUND('',#1368,.T.);
#1368 = EDGE_LOOP('',(#1369,#1377,#1384,#1385));
#1369 = ORIENTED_EDGE('',*,*,#1370,.T.);
#1370 = EDGE_CURVE('',#191,#1371,#1373,.T.);
#1371 = VERTEX_POINT('',#1372);
#1372 = CARTESIAN_POINT('',(-2.100000000002,3.369999999999,9.2));
#1373 = LINE('',#1374,#1375);
#1374 = CARTESIAN_POINT('',(-2.100000000002,3.369999999999,9.8));
#1375 = VECTOR('',#1376,1.);
#1376 = DIRECTION('',(-0.,-0.,-1.));
#1377 = ORIENTED_EDGE('',*,*,#1378,.T.);
#1378 = EDGE_CURVE('',#1371,#1348,#1379,.T.);
#1379 = CIRCLE('',#1380,0.300000000016);
#1380 = AXIS2_PLACEMENT_3D('',#1381,#1382,#1383);
#1381 = CARTESIAN_POINT('',(-2.099999999981,3.069999999976,9.2));
#1382 = DIRECTION('',(0.,0.,1.));
#1383 = DIRECTION('',(1.,0.,0.));
#1384 = ORIENTED_EDGE('',*,*,#1355,.F.);
#1385 = ORIENTED_EDGE('',*,*,#198,.F.);
#1386 = CYLINDRICAL_SURFACE('',#1387,0.300000000016);
#1387 = AXIS2_PLACEMENT_3D('',#1388,#1389,#1390);
#1388 = CARTESIAN_POINT('',(-2.099999999981,3.069999999976,9.8));
#1389 = DIRECTION('',(0.,0.,1.));
#1390 = DIRECTION('',(1.,0.,0.));
#1391 = ADVANCED_FACE('',(#1392),#1410,.F.);
#1392 = FACE_BOUND('',#1393,.F.);
#1393 = EDGE_LOOP('',(#1394,#1395,#1403,#1409));
#1394 = ORIENTED_EDGE('',*,*,#1370,.T.);
#1395 = ORIENTED_EDGE('',*,*,#1396,.T.);
#1396 = EDGE_CURVE('',#1371,#1397,#1399,.T.);
#1397 = VERTEX_POINT('',#1398);
#1398 = CARTESIAN_POINT('',(19.599999999987,3.370000000001,9.2));
#1399 = LINE('',#1400,#1401);
#1400 = CARTESIAN_POINT('',(-2.09999999998,3.370000000006,9.2));
#1401 = VECTOR('',#1402,1.);
#1402 = DIRECTION('',(1.,0.,0.));
#1403 = ORIENTED_EDGE('',*,*,#1404,.F.);
#1404 = EDGE_CURVE('',#182,#1397,#1405,.T.);
#1405 = LINE('',#1406,#1407);
#1406 = CARTESIAN_POINT('',(19.599999999987,3.370000000001,9.8));
#1407 = VECTOR('',#1408,1.);
#1408 = DIRECTION('',(-0.,-0.,-1.));
#1409 = ORIENTED_EDGE('',*,*,#190,.F.);
#1410 = PLANE('',#1411);
#1411 = AXIS2_PLACEMENT_3D('',#1412,#1413,#1414);
#1412 = CARTESIAN_POINT('',(-2.09999999998,3.370000000006,9.8));
#1413 = DIRECTION('',(0.,-1.,0.));
#1414 = DIRECTION('',(1.,0.,0.));
#1415 = ADVANCED_FACE('',(#1416),#1435,.T.);
#1416 = FACE_BOUND('',#1417,.T.);
#1417 = EDGE_LOOP('',(#1418,#1426,#1433,#1434));
#1418 = ORIENTED_EDGE('',*,*,#1419,.T.);
#1419 = EDGE_CURVE('',#174,#1420,#1422,.T.);
#1420 = VERTEX_POINT('',#1421);
#1421 = CARTESIAN_POINT('',(19.900000000011,3.070000000005,9.2));
#1422 = LINE('',#1423,#1424);
#1423 = CARTESIAN_POINT('',(19.900000000011,3.070000000005,9.8));
#1424 = VECTOR('',#1425,1.);
#1425 = DIRECTION('',(-0.,-0.,-1.));
#1426 = ORIENTED_EDGE('',*,*,#1427,.T.);
#1427 = EDGE_CURVE('',#1420,#1397,#1428,.T.);
#1428 = CIRCLE('',#1429,0.300000000016);
#1429 = AXIS2_PLACEMENT_3D('',#1430,#1431,#1432);
#1430 = CARTESIAN_POINT('',(19.599999999999,3.069999999981,9.2));
#1431 = DIRECTION('',(0.,0.,1.));
#1432 = DIRECTION('',(1.,0.,0.));
#1433 = ORIENTED_EDGE('',*,*,#1404,.F.);
#1434 = ORIENTED_EDGE('',*,*,#181,.F.);
#1435 = CYLINDRICAL_SURFACE('',#1436,0.300000000016);
#1436 = AXIS2_PLACEMENT_3D('',#1437,#1438,#1439);
#1437 = CARTESIAN_POINT('',(19.599999999999,3.069999999981,9.8));
#1438 = DIRECTION('',(0.,0.,1.));
#1439 = DIRECTION('',(1.,0.,0.));
#1440 = ADVANCED_FACE('',(#1441),#1459,.F.);
#1441 = FACE_BOUND('',#1442,.F.);
#1442 = EDGE_LOOP('',(#1443,#1444,#1445,#1453));
#1443 = ORIENTED_EDGE('',*,*,#173,.F.);
#1444 = ORIENTED_EDGE('',*,*,#1419,.T.);
#1445 = ORIENTED_EDGE('',*,*,#1446,.T.);
#1446 = EDGE_CURVE('',#1420,#1447,#1449,.T.);
#1447 = VERTEX_POINT('',#1448);
#1448 = CARTESIAN_POINT('',(19.900000000007,1.462500000005,9.2));
#1449 = LINE('',#1450,#1451);
#1450 = CARTESIAN_POINT('',(19.900000000007,3.069999999982,9.2));
#1451 = VECTOR('',#1452,1.);
#1452 = DIRECTION('',(0.,-1.,0.));
#1453 = ORIENTED_EDGE('',*,*,#1454,.T.);
#1454 = EDGE_CURVE('',#1447,#166,#1455,.T.);
#1455 = LINE('',#1456,#1457);
#1456 = CARTESIAN_POINT('',(19.900000000007,1.462500000005,9.8));
#1457 = VECTOR('',#1458,1.);
#1458 = DIRECTION('',(0.,0.,1.));
#1459 = PLANE('',#1460);
#1460 = AXIS2_PLACEMENT_3D('',#1461,#1462,#1463);
#1461 = CARTESIAN_POINT('',(19.900000000007,3.069999999982,9.8));
#1462 = DIRECTION('',(-1.,0.,0.));
#1463 = DIRECTION('',(0.,-1.,0.));
#1464 = ADVANCED_FACE('',(#1465),#1483,.T.);
#1465 = FACE_BOUND('',#1466,.T.);
#1466 = EDGE_LOOP('',(#1467,#1468,#1476,#1482));
#1467 = ORIENTED_EDGE('',*,*,#165,.F.);
#1468 = ORIENTED_EDGE('',*,*,#1469,.T.);
#1469 = EDGE_CURVE('',#158,#1470,#1472,.T.);
#1470 = VERTEX_POINT('',#1471);
#1471 = CARTESIAN_POINT('',(19.15,0.9,9.2));
#1472 = LINE('',#1473,#1474);
#1473 = CARTESIAN_POINT('',(19.15,0.9,9.8));
#1474 = VECTOR('',#1475,1.);
#1475 = DIRECTION('',(-0.,-0.,-1.));
#1476 = ORIENTED_EDGE('',*,*,#1477,.T.);
#1477 = EDGE_CURVE('',#1470,#1447,#1478,.T.);
#1478 = LINE('',#1479,#1480);
#1479 = CARTESIAN_POINT('',(15.8268,-1.5924,9.2));
#1480 = VECTOR('',#1481,1.);
#1481 = DIRECTION('',(0.8,0.6,0.));
#1482 = ORIENTED_EDGE('',*,*,#1454,.T.);
#1483 = PLANE('',#1484);
#1484 = AXIS2_PLACEMENT_3D('',#1485,#1486,#1487);
#1485 = CARTESIAN_POINT('',(19.15,0.9,9.8));
#1486 = DIRECTION('',(0.6,-0.8,0.));
#1487 = DIRECTION('',(0.8,0.6,0.));
#1488 = ADVANCED_FACE('',(#1489),#1507,.T.);
#1489 = FACE_BOUND('',#1490,.T.);
#1490 = EDGE_LOOP('',(#1491,#1492,#1500,#1506));
#1491 = ORIENTED_EDGE('',*,*,#157,.F.);
#1492 = ORIENTED_EDGE('',*,*,#1493,.T.);
#1493 = EDGE_CURVE('',#150,#1494,#1496,.T.);
#1494 = VERTEX_POINT('',#1495);
#1495 = CARTESIAN_POINT('',(19.900000000007,0.337499999995,9.2));
#1496 = LINE('',#1497,#1498);
#1497 = CARTESIAN_POINT('',(19.900000000007,0.337499999995,9.8));
#1498 = VECTOR('',#1499,1.);
#1499 = DIRECTION('',(0.,0.,-1.));
#1500 = ORIENTED_EDGE('',*,*,#1501,.T.);
#1501 = EDGE_CURVE('',#1494,#1470,#1502,.T.);
#1502 = LINE('',#1503,#1504);
#1503 = CARTESIAN_POINT('',(16.217200000003,3.099599999998,9.2));
#1504 = VECTOR('',#1505,1.);
#1505 = DIRECTION('',(-0.8,0.6,0.));
#1506 = ORIENTED_EDGE('',*,*,#1469,.F.);
#1507 = PLANE('',#1508);
#1508 = AXIS2_PLACEMENT_3D('',#1509,#1510,#1511);
#1509 = CARTESIAN_POINT('',(19.95,0.3,9.8));
#1510 = DIRECTION('',(0.6,0.8,0.));
#1511 = DIRECTION('',(-0.8,0.6,0.));
#1512 = ADVANCED_FACE('',(#1513),#1531,.F.);
#1513 = FACE_BOUND('',#1514,.F.);
#1514 = EDGE_LOOP('',(#1515,#1516,#1517,#1525));
#1515 = ORIENTED_EDGE('',*,*,#149,.F.);
#1516 = ORIENTED_EDGE('',*,*,#1493,.T.);
#1517 = ORIENTED_EDGE('',*,*,#1518,.T.);
#1518 = EDGE_CURVE('',#1494,#1519,#1521,.T.);
#1519 = VERTEX_POINT('',#1520);
#1520 = CARTESIAN_POINT('',(19.900000000007,-1.229999999966,9.2));
#1521 = LINE('',#1522,#1523);
#1522 = CARTESIAN_POINT('',(19.900000000007,3.069999999982,9.2));
#1523 = VECTOR('',#1524,1.);
#1524 = DIRECTION('',(0.,-1.,0.));
#1525 = ORIENTED_EDGE('',*,*,#1526,.F.);
#1526 = EDGE_CURVE('',#141,#1519,#1527,.T.);
#1527 = LINE('',#1528,#1529);
#1528 = CARTESIAN_POINT('',(19.900000000007,-1.229999999966,9.8));
#1529 = VECTOR('',#1530,1.);
#1530 = DIRECTION('',(-0.,-0.,-1.));
#1531 = PLANE('',#1532);
#1532 = AXIS2_PLACEMENT_3D('',#1533,#1534,#1535);
#1533 = CARTESIAN_POINT('',(19.900000000007,3.069999999982,9.8));
#1534 = DIRECTION('',(-1.,0.,0.));
#1535 = DIRECTION('',(0.,-1.,0.));
#1536 = ADVANCED_FACE('',(#1537),#1549,.T.);
#1537 = FACE_BOUND('',#1538,.T.);
#1538 = EDGE_LOOP('',(#1539,#1540,#1547,#1548));
#1539 = ORIENTED_EDGE('',*,*,#1010,.T.);
#1540 = ORIENTED_EDGE('',*,*,#1541,.T.);
#1541 = EDGE_CURVE('',#1011,#1519,#1542,.T.);
#1542 = CIRCLE('',#1543,0.300000000016);
#1543 = AXIS2_PLACEMENT_3D('',#1544,#1545,#1546);
#1544 = CARTESIAN_POINT('',(19.599999999992,-1.229999999971,9.2));
#1545 = DIRECTION('',(0.,0.,1.));
#1546 = DIRECTION('',(1.,0.,0.));
#1547 = ORIENTED_EDGE('',*,*,#1526,.F.);
#1548 = ORIENTED_EDGE('',*,*,#140,.F.);
#1549 = CYLINDRICAL_SURFACE('',#1550,0.300000000016);
#1550 = AXIS2_PLACEMENT_3D('',#1551,#1552,#1553);
#1551 = CARTESIAN_POINT('',(19.599999999992,-1.229999999971,9.8));
#1552 = DIRECTION('',(0.,0.,1.));
#1553 = DIRECTION('',(1.,0.,0.));
#1554 = ADVANCED_FACE('',(#1555),#1566,.F.);
#1555 = FACE_BOUND('',#1556,.F.);
#1556 = EDGE_LOOP('',(#1557,#1558,#1564,#1565));
#1557 = ORIENTED_EDGE('',*,*,#838,.T.);
#1558 = ORIENTED_EDGE('',*,*,#1559,.T.);
#1559 = EDGE_CURVE('',#831,#283,#1560,.T.);
#1560 = LINE('',#1561,#1562);
#1561 = CARTESIAN_POINT('',(17.,1.92,5.25));
#1562 = VECTOR('',#1563,1.);
#1563 = DIRECTION('',(0.,0.,1.));
#1564 = ORIENTED_EDGE('',*,*,#290,.F.);
#1565 = ORIENTED_EDGE('',*,*,#783,.F.);
#1566 = PLANE('',#1567);
#1567 = AXIS2_PLACEMENT_3D('',#1568,#1569,#1570);
#1568 = CARTESIAN_POINT('',(18.,1.92,5.25));
#1569 = DIRECTION('',(0.,1.,0.));
#1570 = DIRECTION('',(0.,0.,1.));
#1571 = ADVANCED_FACE('',(#1572),#1583,.T.);
#1572 = FACE_BOUND('',#1573,.T.);
#1573 = EDGE_LOOP('',(#1574,#1575,#1581,#1582));
#1574 = ORIENTED_EDGE('',*,*,#919,.T.);
#1575 = ORIENTED_EDGE('',*,*,#1576,.T.);
#1576 = EDGE_CURVE('',#920,#267,#1577,.T.);
#1577 = LINE('',#1578,#1579);
#1578 = CARTESIAN_POINT('',(16.45,1.52,3.45));
#1579 = VECTOR('',#1580,1.);
#1580 = DIRECTION('',(0.,0.,1.));
#1581 = ORIENTED_EDGE('',*,*,#266,.T.);
#1582 = ORIENTED_EDGE('',*,*,#994,.T.);
#1583 = PLANE('',#1584);
#1584 = AXIS2_PLACEMENT_3D('',#1585,#1586,#1587);
#1585 = CARTESIAN_POINT('',(16.45,0.27,6.625));
#1586 = DIRECTION('',(1.,0.,0.));
#1587 = DIRECTION('',(0.,0.,1.));
#1588 = ADVANCED_FACE('',(#1589),#1600,.T.);
#1589 = FACE_BOUND('',#1590,.T.);
#1590 = EDGE_LOOP('',(#1591,#1597,#1598,#1599));
#1591 = ORIENTED_EDGE('',*,*,#1592,.T.);
#1592 = EDGE_CURVE('',#275,#823,#1593,.T.);
#1593 = LINE('',#1594,#1595);
#1594 = CARTESIAN_POINT('',(17.,1.52,9.8));
#1595 = VECTOR('',#1596,1.);
#1596 = DIRECTION('',(0.,0.,-1.));
#1597 = ORIENTED_EDGE('',*,*,#830,.T.);
#1598 = ORIENTED_EDGE('',*,*,#1559,.T.);
#1599 = ORIENTED_EDGE('',*,*,#282,.T.);
#1600 = PLANE('',#1601);
#1601 = AXIS2_PLACEMENT_3D('',#1602,#1603,#1604);
#1602 = CARTESIAN_POINT('',(17.,1.72,7.525));
#1603 = DIRECTION('',(1.,0.,0.));
#1604 = DIRECTION('',(0.,0.,1.));
#1605 = ADVANCED_FACE('',(#1606),#1619,.F.);
#1606 = FACE_BOUND('',#1607,.F.);
#1607 = EDGE_LOOP('',(#1608,#1609,#1610,#1611,#1617,#1618));
#1608 = ORIENTED_EDGE('',*,*,#274,.F.);
#1609 = ORIENTED_EDGE('',*,*,#1592,.T.);
#1610 = ORIENTED_EDGE('',*,*,#822,.T.);
#1611 = ORIENTED_EDGE('',*,*,#1612,.T.);
#1612 = EDGE_CURVE('',#815,#928,#1613,.T.);
#1613 = LINE('',#1614,#1615);
#1614 = CARTESIAN_POINT('',(16.9,1.52,5.25));
#1615 = VECTOR('',#1616,1.);
#1616 = DIRECTION('',(0.,1.233581138472E-16,-1.));
#1617 = ORIENTED_EDGE('',*,*,#927,.T.);
#1618 = ORIENTED_EDGE('',*,*,#1576,.T.);
#1619 = PLANE('',#1620);
#1620 = AXIS2_PLACEMENT_3D('',#1621,#1622,#1623);
#1621 = CARTESIAN_POINT('',(18.55,1.52,3.45));
#1622 = DIRECTION('',(0.,1.,0.));
#1623 = DIRECTION('',(0.,0.,1.));
#1624 = ADVANCED_FACE('',(#1625),#1666,.F.);
#1625 = FACE_BOUND('',#1626,.F.);
#1626 = EDGE_LOOP('',(#1627,#1635,#1643,#1651,#1659,#1665));
#1627 = ORIENTED_EDGE('',*,*,#1628,.F.);
#1628 = EDGE_CURVE('',#1629,#307,#1631,.T.);
#1629 = VERTEX_POINT('',#1630);
#1630 = CARTESIAN_POINT('',(16.05,1.52,3.45));
#1631 = LINE('',#1632,#1633);
#1632 = CARTESIAN_POINT('',(16.05,1.52,3.45));
#1633 = VECTOR('',#1634,1.);
#1634 = DIRECTION('',(0.,0.,1.));
#1635 = ORIENTED_EDGE('',*,*,#1636,.T.);
#1636 = EDGE_CURVE('',#1629,#1637,#1639,.T.);
#1637 = VERTEX_POINT('',#1638);
#1638 = CARTESIAN_POINT('',(15.6,1.52,3.45));
#1639 = LINE('',#1640,#1641);
#1640 = CARTESIAN_POINT('',(16.05,1.52,3.45));
#1641 = VECTOR('',#1642,1.);
#1642 = DIRECTION('',(-1.,-0.,-0.));
#1643 = ORIENTED_EDGE('',*,*,#1644,.F.);
#1644 = EDGE_CURVE('',#1645,#1637,#1647,.T.);
#1645 = VERTEX_POINT('',#1646);
#1646 = CARTESIAN_POINT('',(15.6,1.52,5.25));
#1647 = LINE('',#1648,#1649);
#1648 = CARTESIAN_POINT('',(15.6,1.52,5.25));
#1649 = VECTOR('',#1650,1.);
#1650 = DIRECTION('',(0.,1.233581138472E-16,-1.));
#1651 = ORIENTED_EDGE('',*,*,#1652,.T.);
#1652 = EDGE_CURVE('',#1645,#1653,#1655,.T.);
#1653 = VERTEX_POINT('',#1654);
#1654 = CARTESIAN_POINT('',(15.5,1.52,5.25));
#1655 = LINE('',#1656,#1657);
#1656 = CARTESIAN_POINT('',(15.6,1.52,5.25));
#1657 = VECTOR('',#1658,1.);
#1658 = DIRECTION('',(-1.,-0.,-0.));
#1659 = ORIENTED_EDGE('',*,*,#1660,.F.);
#1660 = EDGE_CURVE('',#309,#1653,#1661,.T.);
#1661 = LINE('',#1662,#1663);
#1662 = CARTESIAN_POINT('',(15.5,1.52,9.8));
#1663 = VECTOR('',#1664,1.);
#1664 = DIRECTION('',(0.,0.,-1.));
#1665 = ORIENTED_EDGE('',*,*,#306,.F.);
#1666 = PLANE('',#1667);
#1667 = AXIS2_PLACEMENT_3D('',#1668,#1669,#1670);
#1668 = CARTESIAN_POINT('',(16.05,1.52,3.45));
#1669 = DIRECTION('',(0.,1.,0.));
#1670 = DIRECTION('',(0.,0.,1.));
#1671 = ADVANCED_FACE('',(#1672),#1690,.F.);
#1672 = FACE_BOUND('',#1673,.F.);
#1673 = EDGE_LOOP('',(#1674,#1682,#1683,#1684));
#1674 = ORIENTED_EDGE('',*,*,#1675,.T.);
#1675 = EDGE_CURVE('',#1676,#1629,#1678,.T.);
#1676 = VERTEX_POINT('',#1677);
#1677 = CARTESIAN_POINT('',(16.05,-0.98,3.45));
#1678 = LINE('',#1679,#1680);
#1679 = CARTESIAN_POINT('',(16.05,-0.98,3.45));
#1680 = VECTOR('',#1681,1.);
#1681 = DIRECTION('',(0.,1.,0.));
#1682 = ORIENTED_EDGE('',*,*,#1628,.T.);
#1683 = ORIENTED_EDGE('',*,*,#316,.T.);
#1684 = ORIENTED_EDGE('',*,*,#1685,.T.);
#1685 = EDGE_CURVE('',#317,#1676,#1686,.T.);
#1686 = LINE('',#1687,#1688);
#1687 = CARTESIAN_POINT('',(16.05,-0.98,9.8));
#1688 = VECTOR('',#1689,1.);
#1689 = DIRECTION('',(0.,0.,-1.));
#1690 = PLANE('',#1691);
#1691 = AXIS2_PLACEMENT_3D('',#1692,#1693,#1694);
#1692 = CARTESIAN_POINT('',(16.05,0.27,6.625));
#1693 = DIRECTION('',(1.,0.,0.));
#1694 = DIRECTION('',(0.,0.,1.));
#1695 = ADVANCED_FACE('',(#1696),#1714,.F.);
#1696 = FACE_BOUND('',#1697,.F.);
#1697 = EDGE_LOOP('',(#1698,#1699,#1707,#1713));
#1698 = ORIENTED_EDGE('',*,*,#1660,.T.);
#1699 = ORIENTED_EDGE('',*,*,#1700,.T.);
#1700 = EDGE_CURVE('',#1653,#1701,#1703,.T.);
#1701 = VERTEX_POINT('',#1702);
#1702 = CARTESIAN_POINT('',(15.5,1.92,5.25));
#1703 = LINE('',#1704,#1705);
#1704 = CARTESIAN_POINT('',(15.5,1.52,5.25));
#1705 = VECTOR('',#1706,1.);
#1706 = DIRECTION('',(0.,1.,0.));
#1707 = ORIENTED_EDGE('',*,*,#1708,.T.);
#1708 = EDGE_CURVE('',#1701,#357,#1709,.T.);
#1709 = LINE('',#1710,#1711);
#1710 = CARTESIAN_POINT('',(15.5,1.92,5.25));
#1711 = VECTOR('',#1712,1.);
#1712 = DIRECTION('',(0.,0.,1.));
#1713 = ORIENTED_EDGE('',*,*,#364,.T.);
#1714 = PLANE('',#1715);
#1715 = AXIS2_PLACEMENT_3D('',#1716,#1717,#1718);
#1716 = CARTESIAN_POINT('',(15.5,1.72,7.525));
#1717 = DIRECTION('',(1.,0.,0.));
#1718 = DIRECTION('',(0.,0.,1.));
#1719 = ADVANCED_FACE('',(#1720),#1738,.F.);
#1720 = FACE_BOUND('',#1721,.F.);
#1721 = EDGE_LOOP('',(#1722,#1723,#1731,#1737));
#1722 = ORIENTED_EDGE('',*,*,#324,.T.);
#1723 = ORIENTED_EDGE('',*,*,#1724,.T.);
#1724 = EDGE_CURVE('',#325,#1725,#1727,.T.);
#1725 = VERTEX_POINT('',#1726);
#1726 = CARTESIAN_POINT('',(13.95,-0.98,3.45));
#1727 = LINE('',#1728,#1729);
#1728 = CARTESIAN_POINT('',(13.95,-0.98,9.8));
#1729 = VECTOR('',#1730,1.);
#1730 = DIRECTION('',(0.,0.,-1.));
#1731 = ORIENTED_EDGE('',*,*,#1732,.F.);
#1732 = EDGE_CURVE('',#1676,#1725,#1733,.T.);
#1733 = LINE('',#1734,#1735);
#1734 = CARTESIAN_POINT('',(16.05,-0.98,3.45));
#1735 = VECTOR('',#1736,1.);
#1736 = DIRECTION('',(-1.,-0.,-0.));
#1737 = ORIENTED_EDGE('',*,*,#1685,.F.);
#1738 = PLANE('',#1739);
#1739 = AXIS2_PLACEMENT_3D('',#1740,#1741,#1742);
#1740 = CARTESIAN_POINT('',(16.05,-0.98,9.8));
#1741 = DIRECTION('',(0.,-1.,0.));
#1742 = DIRECTION('',(0.,0.,-1.));
#1743 = ADVANCED_FACE('',(#1744),#1762,.F.);
#1744 = FACE_BOUND('',#1745,.F.);
#1745 = EDGE_LOOP('',(#1746,#1754,#1760,#1761));
#1746 = ORIENTED_EDGE('',*,*,#1747,.T.);
#1747 = EDGE_CURVE('',#1701,#1748,#1750,.T.);
#1748 = VERTEX_POINT('',#1749);
#1749 = CARTESIAN_POINT('',(14.5,1.92,5.25));
#1750 = LINE('',#1751,#1752);
#1751 = CARTESIAN_POINT('',(15.5,1.92,5.25));
#1752 = VECTOR('',#1753,1.);
#1753 = DIRECTION('',(-1.,-0.,-0.));
#1754 = ORIENTED_EDGE('',*,*,#1755,.T.);
#1755 = EDGE_CURVE('',#1748,#349,#1756,.T.);
#1756 = LINE('',#1757,#1758);
#1757 = CARTESIAN_POINT('',(14.5,1.92,5.25));
#1758 = VECTOR('',#1759,1.);
#1759 = DIRECTION('',(0.,0.,1.));
#1760 = ORIENTED_EDGE('',*,*,#356,.F.);
#1761 = ORIENTED_EDGE('',*,*,#1708,.F.);
#1762 = PLANE('',#1763);
#1763 = AXIS2_PLACEMENT_3D('',#1764,#1765,#1766);
#1764 = CARTESIAN_POINT('',(15.5,1.92,5.25));
#1765 = DIRECTION('',(0.,1.,0.));
#1766 = DIRECTION('',(0.,0.,1.));
#1767 = ADVANCED_FACE('',(#1768),#1786,.T.);
#1768 = FACE_BOUND('',#1769,.T.);
#1769 = EDGE_LOOP('',(#1770,#1778,#1784,#1785));
#1770 = ORIENTED_EDGE('',*,*,#1771,.T.);
#1771 = EDGE_CURVE('',#1725,#1772,#1774,.T.);
#1772 = VERTEX_POINT('',#1773);
#1773 = CARTESIAN_POINT('',(13.95,1.52,3.45));
#1774 = LINE('',#1775,#1776);
#1775 = CARTESIAN_POINT('',(13.95,-0.98,3.45));
#1776 = VECTOR('',#1777,1.);
#1777 = DIRECTION('',(0.,1.,0.));
#1778 = ORIENTED_EDGE('',*,*,#1779,.T.);
#1779 = EDGE_CURVE('',#1772,#333,#1780,.T.);
#1780 = LINE('',#1781,#1782);
#1781 = CARTESIAN_POINT('',(13.95,1.52,3.45));
#1782 = VECTOR('',#1783,1.);
#1783 = DIRECTION('',(0.,0.,1.));
#1784 = ORIENTED_EDGE('',*,*,#332,.T.);
#1785 = ORIENTED_EDGE('',*,*,#1724,.T.);
#1786 = PLANE('',#1787);
#1787 = AXIS2_PLACEMENT_3D('',#1788,#1789,#1790);
#1788 = CARTESIAN_POINT('',(13.95,0.27,6.625));
#1789 = DIRECTION('',(1.,0.,0.));
#1790 = DIRECTION('',(0.,0.,1.));
#1791 = ADVANCED_FACE('',(#1792),#1810,.T.);
#1792 = FACE_BOUND('',#1793,.T.);
#1793 = EDGE_LOOP('',(#1794,#1802,#1808,#1809));
#1794 = ORIENTED_EDGE('',*,*,#1795,.T.);
#1795 = EDGE_CURVE('',#341,#1796,#1798,.T.);
#1796 = VERTEX_POINT('',#1797);
#1797 = CARTESIAN_POINT('',(14.5,1.52,5.25));
#1798 = LINE('',#1799,#1800);
#1799 = CARTESIAN_POINT('',(14.5,1.52,9.8));
#1800 = VECTOR('',#1801,1.);
#1801 = DIRECTION('',(0.,0.,-1.));
#1802 = ORIENTED_EDGE('',*,*,#1803,.T.);
#1803 = EDGE_CURVE('',#1796,#1748,#1804,.T.);
#1804 = LINE('',#1805,#1806);
#1805 = CARTESIAN_POINT('',(14.5,1.52,5.25));
#1806 = VECTOR('',#1807,1.);
#1807 = DIRECTION('',(0.,1.,0.));
#1808 = ORIENTED_EDGE('',*,*,#1755,.T.);
#1809 = ORIENTED_EDGE('',*,*,#348,.T.);
#1810 = PLANE('',#1811);
#1811 = AXIS2_PLACEMENT_3D('',#1812,#1813,#1814);
#1812 = CARTESIAN_POINT('',(14.5,1.72,7.525));
#1813 = DIRECTION('',(1.,0.,0.));
#1814 = DIRECTION('',(0.,0.,1.));
#1815 = ADVANCED_FACE('',(#1816),#1843,.F.);
#1816 = FACE_BOUND('',#1817,.F.);
#1817 = EDGE_LOOP('',(#1818,#1819,#1820,#1828,#1836,#1842));
#1818 = ORIENTED_EDGE('',*,*,#340,.F.);
#1819 = ORIENTED_EDGE('',*,*,#1795,.T.);
#1820 = ORIENTED_EDGE('',*,*,#1821,.T.);
#1821 = EDGE_CURVE('',#1796,#1822,#1824,.T.);
#1822 = VERTEX_POINT('',#1823);
#1823 = CARTESIAN_POINT('',(14.4,1.52,5.25));
#1824 = LINE('',#1825,#1826);
#1825 = CARTESIAN_POINT('',(15.6,1.52,5.25));
#1826 = VECTOR('',#1827,1.);
#1827 = DIRECTION('',(-1.,-0.,-0.));
#1828 = ORIENTED_EDGE('',*,*,#1829,.T.);
#1829 = EDGE_CURVE('',#1822,#1830,#1832,.T.);
#1830 = VERTEX_POINT('',#1831);
#1831 = CARTESIAN_POINT('',(14.4,1.52,3.45));
#1832 = LINE('',#1833,#1834);
#1833 = CARTESIAN_POINT('',(14.4,1.52,5.25));
#1834 = VECTOR('',#1835,1.);
#1835 = DIRECTION('',(0.,1.233581138472E-16,-1.));
#1836 = ORIENTED_EDGE('',*,*,#1837,.T.);
#1837 = EDGE_CURVE('',#1830,#1772,#1838,.T.);
#1838 = LINE('',#1839,#1840);
#1839 = CARTESIAN_POINT('',(16.05,1.52,3.45));
#1840 = VECTOR('',#1841,1.);
#1841 = DIRECTION('',(-1.,-0.,-0.));
#1842 = ORIENTED_EDGE('',*,*,#1779,.T.);
#1843 = PLANE('',#1844);
#1844 = AXIS2_PLACEMENT_3D('',#1845,#1846,#1847);
#1845 = CARTESIAN_POINT('',(16.05,1.52,3.45));
#1846 = DIRECTION('',(0.,1.,0.));
#1847 = DIRECTION('',(0.,0.,1.));
#1848 = ADVANCED_FACE('',(#1849),#1890,.F.);
#1849 = FACE_BOUND('',#1850,.F.);
#1850 = EDGE_LOOP('',(#1851,#1859,#1867,#1875,#1883,#1889));
#1851 = ORIENTED_EDGE('',*,*,#1852,.F.);
#1852 = EDGE_CURVE('',#1853,#373,#1855,.T.);
#1853 = VERTEX_POINT('',#1854);
#1854 = CARTESIAN_POINT('',(13.55,1.52,3.45));
#1855 = LINE('',#1856,#1857);
#1856 = CARTESIAN_POINT('',(13.55,1.52,3.45));
#1857 = VECTOR('',#1858,1.);
#1858 = DIRECTION('',(0.,0.,1.));
#1859 = ORIENTED_EDGE('',*,*,#1860,.T.);
#1860 = EDGE_CURVE('',#1853,#1861,#1863,.T.);
#1861 = VERTEX_POINT('',#1862);
#1862 = CARTESIAN_POINT('',(13.1,1.52,3.45));
#1863 = LINE('',#1864,#1865);
#1864 = CARTESIAN_POINT('',(13.55,1.52,3.45));
#1865 = VECTOR('',#1866,1.);
#1866 = DIRECTION('',(-1.,-0.,-0.));
#1867 = ORIENTED_EDGE('',*,*,#1868,.F.);
#1868 = EDGE_CURVE('',#1869,#1861,#1871,.T.);
#1869 = VERTEX_POINT('',#1870);
#1870 = CARTESIAN_POINT('',(13.1,1.52,5.25));
#1871 = LINE('',#1872,#1873);
#1872 = CARTESIAN_POINT('',(13.1,1.52,5.25));
#1873 = VECTOR('',#1874,1.);
#1874 = DIRECTION('',(0.,1.233581138472E-16,-1.));
#1875 = ORIENTED_EDGE('',*,*,#1876,.T.);
#1876 = EDGE_CURVE('',#1869,#1877,#1879,.T.);
#1877 = VERTEX_POINT('',#1878);
#1878 = CARTESIAN_POINT('',(13.,1.52,5.25));
#1879 = LINE('',#1880,#1881);
#1880 = CARTESIAN_POINT('',(13.1,1.52,5.25));
#1881 = VECTOR('',#1882,1.);
#1882 = DIRECTION('',(-1.,-0.,-0.));
#1883 = ORIENTED_EDGE('',*,*,#1884,.F.);
#1884 = EDGE_CURVE('',#375,#1877,#1885,.T.);
#1885 = LINE('',#1886,#1887);
#1886 = CARTESIAN_POINT('',(13.,1.52,9.8));
#1887 = VECTOR('',#1888,1.);
#1888 = DIRECTION('',(0.,0.,-1.));
#1889 = ORIENTED_EDGE('',*,*,#372,.F.);
#1890 = PLANE('',#1891);
#1891 = AXIS2_PLACEMENT_3D('',#1892,#1893,#1894);
#1892 = CARTESIAN_POINT('',(13.55,1.52,3.45));
#1893 = DIRECTION('',(0.,1.,0.));
#1894 = DIRECTION('',(0.,0.,1.));
#1895 = ADVANCED_FACE('',(#1896),#1914,.F.);
#1896 = FACE_BOUND('',#1897,.F.);
#1897 = EDGE_LOOP('',(#1898,#1906,#1907,#1908));
#1898 = ORIENTED_EDGE('',*,*,#1899,.T.);
#1899 = EDGE_CURVE('',#1900,#1853,#1902,.T.);
#1900 = VERTEX_POINT('',#1901);
#1901 = CARTESIAN_POINT('',(13.55,-0.98,3.45));
#1902 = LINE('',#1903,#1904);
#1903 = CARTESIAN_POINT('',(13.55,-0.98,3.45));
#1904 = VECTOR('',#1905,1.);
#1905 = DIRECTION('',(0.,1.,0.));
#1906 = ORIENTED_EDGE('',*,*,#1852,.T.);
#1907 = ORIENTED_EDGE('',*,*,#382,.T.);
#1908 = ORIENTED_EDGE('',*,*,#1909,.T.);
#1909 = EDGE_CURVE('',#383,#1900,#1910,.T.);
#1910 = LINE('',#1911,#1912);
#1911 = CARTESIAN_POINT('',(13.55,-0.98,9.8));
#1912 = VECTOR('',#1913,1.);
#1913 = DIRECTION('',(0.,0.,-1.));
#1914 = PLANE('',#1915);
#1915 = AXIS2_PLACEMENT_3D('',#1916,#1917,#1918);
#1916 = CARTESIAN_POINT('',(13.55,0.27,6.625));
#1917 = DIRECTION('',(1.,0.,0.));
#1918 = DIRECTION('',(0.,0.,1.));
#1919 = ADVANCED_FACE('',(#1920),#1938,.F.);
#1920 = FACE_BOUND('',#1921,.F.);
#1921 = EDGE_LOOP('',(#1922,#1923,#1931,#1937));
#1922 = ORIENTED_EDGE('',*,*,#1884,.T.);
#1923 = ORIENTED_EDGE('',*,*,#1924,.T.);
#1924 = EDGE_CURVE('',#1877,#1925,#1927,.T.);
#1925 = VERTEX_POINT('',#1926);
#1926 = CARTESIAN_POINT('',(13.,1.92,5.25));
#1927 = LINE('',#1928,#1929);
#1928 = CARTESIAN_POINT('',(13.,1.52,5.25));
#1929 = VECTOR('',#1930,1.);
#1930 = DIRECTION('',(0.,1.,0.));
#1931 = ORIENTED_EDGE('',*,*,#1932,.T.);
#1932 = EDGE_CURVE('',#1925,#423,#1933,.T.);
#1933 = LINE('',#1934,#1935);
#1934 = CARTESIAN_POINT('',(13.,1.92,5.25));
#1935 = VECTOR('',#1936,1.);
#1936 = DIRECTION('',(0.,0.,1.));
#1937 = ORIENTED_EDGE('',*,*,#430,.T.);
#1938 = PLANE('',#1939);
#1939 = AXIS2_PLACEMENT_3D('',#1940,#1941,#1942);
#1940 = CARTESIAN_POINT('',(13.,1.72,7.525));
#1941 = DIRECTION('',(1.,0.,0.));
#1942 = DIRECTION('',(0.,0.,1.));
#1943 = ADVANCED_FACE('',(#1944),#1962,.F.);
#1944 = FACE_BOUND('',#1945,.F.);
#1945 = EDGE_LOOP('',(#1946,#1947,#1955,#1961));
#1946 = ORIENTED_EDGE('',*,*,#390,.T.);
#1947 = ORIENTED_EDGE('',*,*,#1948,.T.);
#1948 = EDGE_CURVE('',#391,#1949,#1951,.T.);
#1949 = VERTEX_POINT('',#1950);
#1950 = CARTESIAN_POINT('',(11.45,-0.98,3.45));
#1951 = LINE('',#1952,#1953);
#1952 = CARTESIAN_POINT('',(11.45,-0.98,9.8));
#1953 = VECTOR('',#1954,1.);
#1954 = DIRECTION('',(0.,0.,-1.));
#1955 = ORIENTED_EDGE('',*,*,#1956,.F.);
#1956 = EDGE_CURVE('',#1900,#1949,#1957,.T.);
#1957 = LINE('',#1958,#1959);
#1958 = CARTESIAN_POINT('',(13.55,-0.98,3.45));
#1959 = VECTOR('',#1960,1.);
#1960 = DIRECTION('',(-1.,-0.,-0.));
#1961 = ORIENTED_EDGE('',*,*,#1909,.F.);
#1962 = PLANE('',#1963);
#1963 = AXIS2_PLACEMENT_3D('',#1964,#1965,#1966);
#1964 = CARTESIAN_POINT('',(13.55,-0.98,9.8));
#1965 = DIRECTION('',(0.,-1.,0.));
#1966 = DIRECTION('',(0.,0.,-1.));
#1967 = ADVANCED_FACE('',(#1968),#1986,.F.);
#1968 = FACE_BOUND('',#1969,.F.);
#1969 = EDGE_LOOP('',(#1970,#1978,#1984,#1985));
#1970 = ORIENTED_EDGE('',*,*,#1971,.T.);
#1971 = EDGE_CURVE('',#1925,#1972,#1974,.T.);
#1972 = VERTEX_POINT('',#1973);
#1973 = CARTESIAN_POINT('',(12.,1.92,5.25));
#1974 = LINE('',#1975,#1976);
#1975 = CARTESIAN_POINT('',(13.,1.92,5.25));
#1976 = VECTOR('',#1977,1.);
#1977 = DIRECTION('',(-1.,-0.,-0.));
#1978 = ORIENTED_EDGE('',*,*,#1979,.T.);
#1979 = EDGE_CURVE('',#1972,#415,#1980,.T.);
#1980 = LINE('',#1981,#1982);
#1981 = CARTESIAN_POINT('',(12.,1.92,5.25));
#1982 = VECTOR('',#1983,1.);
#1983 = DIRECTION('',(0.,0.,1.));
#1984 = ORIENTED_EDGE('',*,*,#422,.F.);
#1985 = ORIENTED_EDGE('',*,*,#1932,.F.);
#1986 = PLANE('',#1987);
#1987 = AXIS2_PLACEMENT_3D('',#1988,#1989,#1990);
#1988 = CARTESIAN_POINT('',(13.,1.92,5.25));
#1989 = DIRECTION('',(0.,1.,0.));
#1990 = DIRECTION('',(0.,0.,1.));
#1991 = ADVANCED_FACE('',(#1992),#2010,.T.);
#1992 = FACE_BOUND('',#1993,.T.);
#1993 = EDGE_LOOP('',(#1994,#2002,#2008,#2009));
#1994 = ORIENTED_EDGE('',*,*,#1995,.T.);
#1995 = EDGE_CURVE('',#1949,#1996,#1998,.T.);
#1996 = VERTEX_POINT('',#1997);
#1997 = CARTESIAN_POINT('',(11.45,1.52,3.45));
#1998 = LINE('',#1999,#2000);
#1999 = CARTESIAN_POINT('',(11.45,-0.98,3.45));
#2000 = VECTOR('',#2001,1.);
#2001 = DIRECTION('',(0.,1.,0.));
#2002 = ORIENTED_EDGE('',*,*,#2003,.T.);
#2003 = EDGE_CURVE('',#1996,#399,#2004,.T.);
#2004 = LINE('',#2005,#2006);
#2005 = CARTESIAN_POINT('',(11.45,1.52,3.45));
#2006 = VECTOR('',#2007,1.);
#2007 = DIRECTION('',(0.,0.,1.));
#2008 = ORIENTED_EDGE('',*,*,#398,.T.);
#2009 = ORIENTED_EDGE('',*,*,#1948,.T.);
#2010 = PLANE('',#2011);
#2011 = AXIS2_PLACEMENT_3D('',#2012,#2013,#2014);
#2012 = CARTESIAN_POINT('',(11.45,0.27,6.625));
#2013 = DIRECTION('',(1.,0.,0.));
#2014 = DIRECTION('',(0.,0.,1.));
#2015 = ADVANCED_FACE('',(#2016),#2034,.T.);
#2016 = FACE_BOUND('',#2017,.T.);
#2017 = EDGE_LOOP('',(#2018,#2026,#2032,#2033));
#2018 = ORIENTED_EDGE('',*,*,#2019,.T.);
#2019 = EDGE_CURVE('',#407,#2020,#2022,.T.);
#2020 = VERTEX_POINT('',#2021);
#2021 = CARTESIAN_POINT('',(12.,1.52,5.25));
#2022 = LINE('',#2023,#2024);
#2023 = CARTESIAN_POINT('',(12.,1.52,9.8));
#2024 = VECTOR('',#2025,1.);
#2025 = DIRECTION('',(0.,0.,-1.));
#2026 = ORIENTED_EDGE('',*,*,#2027,.T.);
#2027 = EDGE_CURVE('',#2020,#1972,#2028,.T.);
#2028 = LINE('',#2029,#2030);
#2029 = CARTESIAN_POINT('',(12.,1.52,5.25));
#2030 = VECTOR('',#2031,1.);
#2031 = DIRECTION('',(0.,1.,0.));
#2032 = ORIENTED_EDGE('',*,*,#1979,.T.);
#2033 = ORIENTED_EDGE('',*,*,#414,.T.);
#2034 = PLANE('',#2035);
#2035 = AXIS2_PLACEMENT_3D('',#2036,#2037,#2038);
#2036 = CARTESIAN_POINT('',(12.,1.72,7.525));
#2037 = DIRECTION('',(1.,0.,0.));
#2038 = DIRECTION('',(0.,0.,1.));
#2039 = ADVANCED_FACE('',(#2040),#2067,.F.);
#2040 = FACE_BOUND('',#2041,.F.);
#2041 = EDGE_LOOP('',(#2042,#2043,#2044,#2052,#2060,#2066));
#2042 = ORIENTED_EDGE('',*,*,#406,.F.);
#2043 = ORIENTED_EDGE('',*,*,#2019,.T.);
#2044 = ORIENTED_EDGE('',*,*,#2045,.T.);
#2045 = EDGE_CURVE('',#2020,#2046,#2048,.T.);
#2046 = VERTEX_POINT('',#2047);
#2047 = CARTESIAN_POINT('',(11.9,1.52,5.25));
#2048 = LINE('',#2049,#2050);
#2049 = CARTESIAN_POINT('',(13.1,1.52,5.25));
#2050 = VECTOR('',#2051,1.);
#2051 = DIRECTION('',(-1.,-0.,-0.));
#2052 = ORIENTED_EDGE('',*,*,#2053,.T.);
#2053 = EDGE_CURVE('',#2046,#2054,#2056,.T.);
#2054 = VERTEX_POINT('',#2055);
#2055 = CARTESIAN_POINT('',(11.9,1.52,3.45));
#2056 = LINE('',#2057,#2058);
#2057 = CARTESIAN_POINT('',(11.9,1.52,5.25));
#2058 = VECTOR('',#2059,1.);
#2059 = DIRECTION('',(0.,1.233581138472E-16,-1.));
#2060 = ORIENTED_EDGE('',*,*,#2061,.T.);
#2061 = EDGE_CURVE('',#2054,#1996,#2062,.T.);
#2062 = LINE('',#2063,#2064);
#2063 = CARTESIAN_POINT('',(13.55,1.52,3.45));
#2064 = VECTOR('',#2065,1.);
#2065 = DIRECTION('',(-1.,-0.,-0.));
#2066 = ORIENTED_EDGE('',*,*,#2003,.T.);
#2067 = PLANE('',#2068);
#2068 = AXIS2_PLACEMENT_3D('',#2069,#2070,#2071);
#2069 = CARTESIAN_POINT('',(13.55,1.52,3.45));
#2070 = DIRECTION('',(0.,1.,0.));
#2071 = DIRECTION('',(0.,0.,1.));
#2072 = ADVANCED_FACE('',(#2073),#2114,.F.);
#2073 = FACE_BOUND('',#2074,.F.);
#2074 = EDGE_LOOP('',(#2075,#2083,#2091,#2099,#2107,#2113));
#2075 = ORIENTED_EDGE('',*,*,#2076,.F.);
#2076 = EDGE_CURVE('',#2077,#439,#2079,.T.);
#2077 = VERTEX_POINT('',#2078);
#2078 = CARTESIAN_POINT('',(11.05,1.52,3.45));
#2079 = LINE('',#2080,#2081);
#2080 = CARTESIAN_POINT('',(11.05,1.52,3.45));
#2081 = VECTOR('',#2082,1.);
#2082 = DIRECTION('',(0.,0.,1.));
#2083 = ORIENTED_EDGE('',*,*,#2084,.T.);
#2084 = EDGE_CURVE('',#2077,#2085,#2087,.T.);
#2085 = VERTEX_POINT('',#2086);
#2086 = CARTESIAN_POINT('',(10.6,1.52,3.45));
#2087 = LINE('',#2088,#2089);
#2088 = CARTESIAN_POINT('',(11.05,1.52,3.45));
#2089 = VECTOR('',#2090,1.);
#2090 = DIRECTION('',(-1.,-0.,-0.));
#2091 = ORIENTED_EDGE('',*,*,#2092,.F.);
#2092 = EDGE_CURVE('',#2093,#2085,#2095,.T.);
#2093 = VERTEX_POINT('',#2094);
#2094 = CARTESIAN_POINT('',(10.6,1.52,5.25));
#2095 = LINE('',#2096,#2097);
#2096 = CARTESIAN_POINT('',(10.6,1.52,5.25));
#2097 = VECTOR('',#2098,1.);
#2098 = DIRECTION('',(0.,1.233581138472E-16,-1.));
#2099 = ORIENTED_EDGE('',*,*,#2100,.T.);
#2100 = EDGE_CURVE('',#2093,#2101,#2103,.T.);
#2101 = VERTEX_POINT('',#2102);
#2102 = CARTESIAN_POINT('',(10.5,1.52,5.25));
#2103 = LINE('',#2104,#2105);
#2104 = CARTESIAN_POINT('',(10.6,1.52,5.25));
#2105 = VECTOR('',#2106,1.);
#2106 = DIRECTION('',(-1.,-0.,-0.));
#2107 = ORIENTED_EDGE('',*,*,#2108,.F.);
#2108 = EDGE_CURVE('',#441,#2101,#2109,.T.);
#2109 = LINE('',#2110,#2111);
#2110 = CARTESIAN_POINT('',(10.5,1.52,9.8));
#2111 = VECTOR('',#2112,1.);
#2112 = DIRECTION('',(0.,0.,-1.));
#2113 = ORIENTED_EDGE('',*,*,#438,.F.);
#2114 = PLANE('',#2115);
#2115 = AXIS2_PLACEMENT_3D('',#2116,#2117,#2118);
#2116 = CARTESIAN_POINT('',(11.05,1.52,3.45));
#2117 = DIRECTION('',(0.,1.,0.));
#2118 = DIRECTION('',(0.,0.,1.));
#2119 = ADVANCED_FACE('',(#2120),#2138,.F.);
#2120 = FACE_BOUND('',#2121,.F.);
#2121 = EDGE_LOOP('',(#2122,#2130,#2131,#2132));
#2122 = ORIENTED_EDGE('',*,*,#2123,.T.);
#2123 = EDGE_CURVE('',#2124,#2077,#2126,.T.);
#2124 = VERTEX_POINT('',#2125);
#2125 = CARTESIAN_POINT('',(11.05,-0.98,3.45));
#2126 = LINE('',#2127,#2128);
#2127 = CARTESIAN_POINT('',(11.05,-0.98,3.45));
#2128 = VECTOR('',#2129,1.);
#2129 = DIRECTION('',(0.,1.,0.));
#2130 = ORIENTED_EDGE('',*,*,#2076,.T.);
#2131 = ORIENTED_EDGE('',*,*,#448,.T.);
#2132 = ORIENTED_EDGE('',*,*,#2133,.T.);
#2133 = EDGE_CURVE('',#449,#2124,#2134,.T.);
#2134 = LINE('',#2135,#2136);
#2135 = CARTESIAN_POINT('',(11.05,-0.98,9.8));
#2136 = VECTOR('',#2137,1.);
#2137 = DIRECTION('',(0.,0.,-1.));
#2138 = PLANE('',#2139);
#2139 = AXIS2_PLACEMENT_3D('',#2140,#2141,#2142);
#2140 = CARTESIAN_POINT('',(11.05,0.27,6.625));
#2141 = DIRECTION('',(1.,0.,0.));
#2142 = DIRECTION('',(0.,0.,1.));
#2143 = ADVANCED_FACE('',(#2144),#2162,.F.);
#2144 = FACE_BOUND('',#2145,.F.);
#2145 = EDGE_LOOP('',(#2146,#2147,#2155,#2161));
#2146 = ORIENTED_EDGE('',*,*,#2108,.T.);
#2147 = ORIENTED_EDGE('',*,*,#2148,.T.);
#2148 = EDGE_CURVE('',#2101,#2149,#2151,.T.);
#2149 = VERTEX_POINT('',#2150);
#2150 = CARTESIAN_POINT('',(10.5,1.92,5.25));
#2151 = LINE('',#2152,#2153);
#2152 = CARTESIAN_POINT('',(10.5,1.52,5.25));
#2153 = VECTOR('',#2154,1.);
#2154 = DIRECTION('',(0.,1.,0.));
#2155 = ORIENTED_EDGE('',*,*,#2156,.T.);
#2156 = EDGE_CURVE('',#2149,#489,#2157,.T.);
#2157 = LINE('',#2158,#2159);
#2158 = CARTESIAN_POINT('',(10.5,1.92,5.25));
#2159 = VECTOR('',#2160,1.);
#2160 = DIRECTION('',(0.,0.,1.));
#2161 = ORIENTED_EDGE('',*,*,#496,.T.);
#2162 = PLANE('',#2163);
#2163 = AXIS2_PLACEMENT_3D('',#2164,#2165,#2166);
#2164 = CARTESIAN_POINT('',(10.5,1.72,7.525));
#2165 = DIRECTION('',(1.,0.,0.));
#2166 = DIRECTION('',(0.,0.,1.));
#2167 = ADVANCED_FACE('',(#2168),#2186,.F.);
#2168 = FACE_BOUND('',#2169,.F.);
#2169 = EDGE_LOOP('',(#2170,#2171,#2179,#2185));
#2170 = ORIENTED_EDGE('',*,*,#456,.T.);
#2171 = ORIENTED_EDGE('',*,*,#2172,.T.);
#2172 = EDGE_CURVE('',#457,#2173,#2175,.T.);
#2173 = VERTEX_POINT('',#2174);
#2174 = CARTESIAN_POINT('',(8.95,-0.98,3.45));
#2175 = LINE('',#2176,#2177);
#2176 = CARTESIAN_POINT('',(8.95,-0.98,9.8));
#2177 = VECTOR('',#2178,1.);
#2178 = DIRECTION('',(0.,0.,-1.));
#2179 = ORIENTED_EDGE('',*,*,#2180,.F.);
#2180 = EDGE_CURVE('',#2124,#2173,#2181,.T.);
#2181 = LINE('',#2182,#2183);
#2182 = CARTESIAN_POINT('',(11.05,-0.98,3.45));
#2183 = VECTOR('',#2184,1.);
#2184 = DIRECTION('',(-1.,-0.,-0.));
#2185 = ORIENTED_EDGE('',*,*,#2133,.F.);
#2186 = PLANE('',#2187);
#2187 = AXIS2_PLACEMENT_3D('',#2188,#2189,#2190);
#2188 = CARTESIAN_POINT('',(11.05,-0.98,9.8));
#2189 = DIRECTION('',(0.,-1.,0.));
#2190 = DIRECTION('',(0.,0.,-1.));
#2191 = ADVANCED_FACE('',(#2192),#2210,.F.);
#2192 = FACE_BOUND('',#2193,.F.);
#2193 = EDGE_LOOP('',(#2194,#2202,#2208,#2209));
#2194 = ORIENTED_EDGE('',*,*,#2195,.T.);
#2195 = EDGE_CURVE('',#2149,#2196,#2198,.T.);
#2196 = VERTEX_POINT('',#2197);
#2197 = CARTESIAN_POINT('',(9.5,1.92,5.25));
#2198 = LINE('',#2199,#2200);
#2199 = CARTESIAN_POINT('',(10.5,1.92,5.25));
#2200 = VECTOR('',#2201,1.);
#2201 = DIRECTION('',(-1.,-0.,-0.));
#2202 = ORIENTED_EDGE('',*,*,#2203,.T.);
#2203 = EDGE_CURVE('',#2196,#481,#2204,.T.);
#2204 = LINE('',#2205,#2206);
#2205 = CARTESIAN_POINT('',(9.5,1.92,5.25));
#2206 = VECTOR('',#2207,1.);
#2207 = DIRECTION('',(0.,0.,1.));
#2208 = ORIENTED_EDGE('',*,*,#488,.F.);
#2209 = ORIENTED_EDGE('',*,*,#2156,.F.);
#2210 = PLANE('',#2211);
#2211 = AXIS2_PLACEMENT_3D('',#2212,#2213,#2214);
#2212 = CARTESIAN_POINT('',(10.5,1.92,5.25));
#2213 = DIRECTION('',(0.,1.,0.));
#2214 = DIRECTION('',(0.,0.,1.));
#2215 = ADVANCED_FACE('',(#2216),#2234,.T.);
#2216 = FACE_BOUND('',#2217,.T.);
#2217 = EDGE_LOOP('',(#2218,#2226,#2232,#2233));
#2218 = ORIENTED_EDGE('',*,*,#2219,.T.);
#2219 = EDGE_CURVE('',#2173,#2220,#2222,.T.);
#2220 = VERTEX_POINT('',#2221);
#2221 = CARTESIAN_POINT('',(8.95,1.52,3.45));
#2222 = LINE('',#2223,#2224);
#2223 = CARTESIAN_POINT('',(8.95,-0.98,3.45));
#2224 = VECTOR('',#2225,1.);
#2225 = DIRECTION('',(0.,1.,0.));
#2226 = ORIENTED_EDGE('',*,*,#2227,.T.);
#2227 = EDGE_CURVE('',#2220,#465,#2228,.T.);
#2228 = LINE('',#2229,#2230);
#2229 = CARTESIAN_POINT('',(8.95,1.52,3.45));
#2230 = VECTOR('',#2231,1.);
#2231 = DIRECTION('',(0.,0.,1.));
#2232 = ORIENTED_EDGE('',*,*,#464,.T.);
#2233 = ORIENTED_EDGE('',*,*,#2172,.T.);
#2234 = PLANE('',#2235);
#2235 = AXIS2_PLACEMENT_3D('',#2236,#2237,#2238);
#2236 = CARTESIAN_POINT('',(8.95,0.27,6.625));
#2237 = DIRECTION('',(1.,0.,0.));
#2238 = DIRECTION('',(0.,0.,1.));
#2239 = ADVANCED_FACE('',(#2240),#2258,.T.);
#2240 = FACE_BOUND('',#2241,.T.);
#2241 = EDGE_LOOP('',(#2242,#2250,#2256,#2257));
#2242 = ORIENTED_EDGE('',*,*,#2243,.T.);
#2243 = EDGE_CURVE('',#473,#2244,#2246,.T.);
#2244 = VERTEX_POINT('',#2245);
#2245 = CARTESIAN_POINT('',(9.5,1.52,5.25));
#2246 = LINE('',#2247,#2248);
#2247 = CARTESIAN_POINT('',(9.5,1.52,9.8));
#2248 = VECTOR('',#2249,1.);
#2249 = DIRECTION('',(0.,0.,-1.));
#2250 = ORIENTED_EDGE('',*,*,#2251,.T.);
#2251 = EDGE_CURVE('',#2244,#2196,#2252,.T.);
#2252 = LINE('',#2253,#2254);
#2253 = CARTESIAN_POINT('',(9.5,1.52,5.25));
#2254 = VECTOR('',#2255,1.);
#2255 = DIRECTION('',(0.,1.,0.));
#2256 = ORIENTED_EDGE('',*,*,#2203,.T.);
#2257 = ORIENTED_EDGE('',*,*,#480,.T.);
#2258 = PLANE('',#2259);
#2259 = AXIS2_PLACEMENT_3D('',#2260,#2261,#2262);
#2260 = CARTESIAN_POINT('',(9.5,1.72,7.525));
#2261 = DIRECTION('',(1.,0.,0.));
#2262 = DIRECTION('',(0.,0.,1.));
#2263 = ADVANCED_FACE('',(#2264),#2291,.F.);
#2264 = FACE_BOUND('',#2265,.F.);
#2265 = EDGE_LOOP('',(#2266,#2267,#2268,#2276,#2284,#2290));
#2266 = ORIENTED_EDGE('',*,*,#472,.F.);
#2267 = ORIENTED_EDGE('',*,*,#2243,.T.);
#2268 = ORIENTED_EDGE('',*,*,#2269,.T.);
#2269 = EDGE_CURVE('',#2244,#2270,#2272,.T.);
#2270 = VERTEX_POINT('',#2271);
#2271 = CARTESIAN_POINT('',(9.4,1.52,5.25));
#2272 = LINE('',#2273,#2274);
#2273 = CARTESIAN_POINT('',(10.6,1.52,5.25));
#2274 = VECTOR('',#2275,1.);
#2275 = DIRECTION('',(-1.,-0.,-0.));
#2276 = ORIENTED_EDGE('',*,*,#2277,.T.);
#2277 = EDGE_CURVE('',#2270,#2278,#2280,.T.);
#2278 = VERTEX_POINT('',#2279);
#2279 = CARTESIAN_POINT('',(9.4,1.52,3.45));
#2280 = LINE('',#2281,#2282);
#2281 = CARTESIAN_POINT('',(9.4,1.52,5.25));
#2282 = VECTOR('',#2283,1.);
#2283 = DIRECTION('',(0.,1.233581138472E-16,-1.));
#2284 = ORIENTED_EDGE('',*,*,#2285,.T.);
#2285 = EDGE_CURVE('',#2278,#2220,#2286,.T.);
#2286 = LINE('',#2287,#2288);
#2287 = CARTESIAN_POINT('',(11.05,1.52,3.45));
#2288 = VECTOR('',#2289,1.);
#2289 = DIRECTION('',(-1.,-0.,-0.));
#2290 = ORIENTED_EDGE('',*,*,#2227,.T.);
#2291 = PLANE('',#2292);
#2292 = AXIS2_PLACEMENT_3D('',#2293,#2294,#2295);
#2293 = CARTESIAN_POINT('',(11.05,1.52,3.45));
#2294 = DIRECTION('',(0.,1.,0.));
#2295 = DIRECTION('',(0.,0.,1.));
#2296 = ADVANCED_FACE('',(#2297),#2338,.F.);
#2297 = FACE_BOUND('',#2298,.F.);
#2298 = EDGE_LOOP('',(#2299,#2307,#2315,#2323,#2331,#2337));
#2299 = ORIENTED_EDGE('',*,*,#2300,.F.);
#2300 = EDGE_CURVE('',#2301,#505,#2303,.T.);
#2301 = VERTEX_POINT('',#2302);
#2302 = CARTESIAN_POINT('',(8.55,1.52,3.45));
#2303 = LINE('',#2304,#2305);
#2304 = CARTESIAN_POINT('',(8.55,1.52,3.45));
#2305 = VECTOR('',#2306,1.);
#2306 = DIRECTION('',(0.,0.,1.));
#2307 = ORIENTED_EDGE('',*,*,#2308,.T.);
#2308 = EDGE_CURVE('',#2301,#2309,#2311,.T.);
#2309 = VERTEX_POINT('',#2310);
#2310 = CARTESIAN_POINT('',(8.1,1.52,3.45));
#2311 = LINE('',#2312,#2313);
#2312 = CARTESIAN_POINT('',(8.55,1.52,3.45));
#2313 = VECTOR('',#2314,1.);
#2314 = DIRECTION('',(-1.,-0.,-0.));
#2315 = ORIENTED_EDGE('',*,*,#2316,.F.);
#2316 = EDGE_CURVE('',#2317,#2309,#2319,.T.);
#2317 = VERTEX_POINT('',#2318);
#2318 = CARTESIAN_POINT('',(8.1,1.52,5.25));
#2319 = LINE('',#2320,#2321);
#2320 = CARTESIAN_POINT('',(8.1,1.52,5.25));
#2321 = VECTOR('',#2322,1.);
#2322 = DIRECTION('',(0.,1.233581138472E-16,-1.));
#2323 = ORIENTED_EDGE('',*,*,#2324,.T.);
#2324 = EDGE_CURVE('',#2317,#2325,#2327,.T.);
#2325 = VERTEX_POINT('',#2326);
#2326 = CARTESIAN_POINT('',(8.,1.52,5.25));
#2327 = LINE('',#2328,#2329);
#2328 = CARTESIAN_POINT('',(8.1,1.52,5.25));
#2329 = VECTOR('',#2330,1.);
#2330 = DIRECTION('',(-1.,-0.,-0.));
#2331 = ORIENTED_EDGE('',*,*,#2332,.F.);
#2332 = EDGE_CURVE('',#507,#2325,#2333,.T.);
#2333 = LINE('',#2334,#2335);
#2334 = CARTESIAN_POINT('',(8.,1.52,9.8));
#2335 = VECTOR('',#2336,1.);
#2336 = DIRECTION('',(0.,0.,-1.));
#2337 = ORIENTED_EDGE('',*,*,#504,.F.);
#2338 = PLANE('',#2339);
#2339 = AXIS2_PLACEMENT_3D('',#2340,#2341,#2342);
#2340 = CARTESIAN_POINT('',(8.55,1.52,3.45));
#2341 = DIRECTION('',(0.,1.,0.));
#2342 = DIRECTION('',(0.,0.,1.));
#2343 = ADVANCED_FACE('',(#2344),#2362,.F.);
#2344 = FACE_BOUND('',#2345,.F.);
#2345 = EDGE_LOOP('',(#2346,#2354,#2355,#2356));
#2346 = ORIENTED_EDGE('',*,*,#2347,.T.);
#2347 = EDGE_CURVE('',#2348,#2301,#2350,.T.);
#2348 = VERTEX_POINT('',#2349);
#2349 = CARTESIAN_POINT('',(8.55,-0.98,3.45));
#2350 = LINE('',#2351,#2352);
#2351 = CARTESIAN_POINT('',(8.55,-0.98,3.45));
#2352 = VECTOR('',#2353,1.);
#2353 = DIRECTION('',(0.,1.,0.));
#2354 = ORIENTED_EDGE('',*,*,#2300,.T.);
#2355 = ORIENTED_EDGE('',*,*,#514,.T.);
#2356 = ORIENTED_EDGE('',*,*,#2357,.T.);
#2357 = EDGE_CURVE('',#515,#2348,#2358,.T.);
#2358 = LINE('',#2359,#2360);
#2359 = CARTESIAN_POINT('',(8.55,-0.98,9.8));
#2360 = VECTOR('',#2361,1.);
#2361 = DIRECTION('',(0.,0.,-1.));
#2362 = PLANE('',#2363);
#2363 = AXIS2_PLACEMENT_3D('',#2364,#2365,#2366);
#2364 = CARTESIAN_POINT('',(8.55,0.27,6.625));
#2365 = DIRECTION('',(1.,0.,0.));
#2366 = DIRECTION('',(0.,0.,1.));
#2367 = ADVANCED_FACE('',(#2368),#2386,.F.);
#2368 = FACE_BOUND('',#2369,.F.);
#2369 = EDGE_LOOP('',(#2370,#2371,#2379,#2385));
#2370 = ORIENTED_EDGE('',*,*,#2332,.T.);
#2371 = ORIENTED_EDGE('',*,*,#2372,.T.);
#2372 = EDGE_CURVE('',#2325,#2373,#2375,.T.);
#2373 = VERTEX_POINT('',#2374);
#2374 = CARTESIAN_POINT('',(8.,1.92,5.25));
#2375 = LINE('',#2376,#2377);
#2376 = CARTESIAN_POINT('',(8.,1.52,5.25));
#2377 = VECTOR('',#2378,1.);
#2378 = DIRECTION('',(0.,1.,0.));
#2379 = ORIENTED_EDGE('',*,*,#2380,.T.);
#2380 = EDGE_CURVE('',#2373,#555,#2381,.T.);
#2381 = LINE('',#2382,#2383);
#2382 = CARTESIAN_POINT('',(8.,1.92,5.25));
#2383 = VECTOR('',#2384,1.);
#2384 = DIRECTION('',(0.,0.,1.));
#2385 = ORIENTED_EDGE('',*,*,#562,.T.);
#2386 = PLANE('',#2387);
#2387 = AXIS2_PLACEMENT_3D('',#2388,#2389,#2390);
#2388 = CARTESIAN_POINT('',(8.,1.72,7.525));
#2389 = DIRECTION('',(1.,0.,0.));
#2390 = DIRECTION('',(0.,0.,1.));
#2391 = ADVANCED_FACE('',(#2392),#2410,.F.);
#2392 = FACE_BOUND('',#2393,.F.);
#2393 = EDGE_LOOP('',(#2394,#2395,#2403,#2409));
#2394 = ORIENTED_EDGE('',*,*,#522,.T.);
#2395 = ORIENTED_EDGE('',*,*,#2396,.T.);
#2396 = EDGE_CURVE('',#523,#2397,#2399,.T.);
#2397 = VERTEX_POINT('',#2398);
#2398 = CARTESIAN_POINT('',(6.45,-0.98,3.45));
#2399 = LINE('',#2400,#2401);
#2400 = CARTESIAN_POINT('',(6.45,-0.98,9.8));
#2401 = VECTOR('',#2402,1.);
#2402 = DIRECTION('',(0.,0.,-1.));
#2403 = ORIENTED_EDGE('',*,*,#2404,.F.);
#2404 = EDGE_CURVE('',#2348,#2397,#2405,.T.);
#2405 = LINE('',#2406,#2407);
#2406 = CARTESIAN_POINT('',(8.55,-0.98,3.45));
#2407 = VECTOR('',#2408,1.);
#2408 = DIRECTION('',(-1.,-0.,-0.));
#2409 = ORIENTED_EDGE('',*,*,#2357,.F.);
#2410 = PLANE('',#2411);
#2411 = AXIS2_PLACEMENT_3D('',#2412,#2413,#2414);
#2412 = CARTESIAN_POINT('',(8.55,-0.98,9.8));
#2413 = DIRECTION('',(0.,-1.,0.));
#2414 = DIRECTION('',(0.,0.,-1.));
#2415 = ADVANCED_FACE('',(#2416),#2434,.F.);
#2416 = FACE_BOUND('',#2417,.F.);
#2417 = EDGE_LOOP('',(#2418,#2426,#2432,#2433));
#2418 = ORIENTED_EDGE('',*,*,#2419,.T.);
#2419 = EDGE_CURVE('',#2373,#2420,#2422,.T.);
#2420 = VERTEX_POINT('',#2421);
#2421 = CARTESIAN_POINT('',(7.,1.92,5.25));
#2422 = LINE('',#2423,#2424);
#2423 = CARTESIAN_POINT('',(8.,1.92,5.25));
#2424 = VECTOR('',#2425,1.);
#2425 = DIRECTION('',(-1.,-0.,-0.));
#2426 = ORIENTED_EDGE('',*,*,#2427,.T.);
#2427 = EDGE_CURVE('',#2420,#547,#2428,.T.);
#2428 = LINE('',#2429,#2430);
#2429 = CARTESIAN_POINT('',(7.,1.92,5.25));
#2430 = VECTOR('',#2431,1.);
#2431 = DIRECTION('',(0.,0.,1.));
#2432 = ORIENTED_EDGE('',*,*,#554,.F.);
#2433 = ORIENTED_EDGE('',*,*,#2380,.F.);
#2434 = PLANE('',#2435);
#2435 = AXIS2_PLACEMENT_3D('',#2436,#2437,#2438);
#2436 = CARTESIAN_POINT('',(8.,1.92,5.25));
#2437 = DIRECTION('',(0.,1.,0.));
#2438 = DIRECTION('',(0.,0.,1.));
#2439 = ADVANCED_FACE('',(#2440),#2458,.T.);
#2440 = FACE_BOUND('',#2441,.T.);
#2441 = EDGE_LOOP('',(#2442,#2450,#2456,#2457));
#2442 = ORIENTED_EDGE('',*,*,#2443,.T.);
#2443 = EDGE_CURVE('',#2397,#2444,#2446,.T.);
#2444 = VERTEX_POINT('',#2445);
#2445 = CARTESIAN_POINT('',(6.45,1.52,3.45));
#2446 = LINE('',#2447,#2448);
#2447 = CARTESIAN_POINT('',(6.45,-0.98,3.45));
#2448 = VECTOR('',#2449,1.);
#2449 = DIRECTION('',(0.,1.,0.));
#2450 = ORIENTED_EDGE('',*,*,#2451,.T.);
#2451 = EDGE_CURVE('',#2444,#531,#2452,.T.);
#2452 = LINE('',#2453,#2454);
#2453 = CARTESIAN_POINT('',(6.45,1.52,3.45));
#2454 = VECTOR('',#2455,1.);
#2455 = DIRECTION('',(0.,0.,1.));
#2456 = ORIENTED_EDGE('',*,*,#530,.T.);
#2457 = ORIENTED_EDGE('',*,*,#2396,.T.);
#2458 = PLANE('',#2459);
#2459 = AXIS2_PLACEMENT_3D('',#2460,#2461,#2462);
#2460 = CARTESIAN_POINT('',(6.45,0.27,6.625));
#2461 = DIRECTION('',(1.,0.,0.));
#2462 = DIRECTION('',(0.,0.,1.));
#2463 = ADVANCED_FACE('',(#2464),#2482,.T.);
#2464 = FACE_BOUND('',#2465,.T.);
#2465 = EDGE_LOOP('',(#2466,#2474,#2480,#2481));
#2466 = ORIENTED_EDGE('',*,*,#2467,.T.);
#2467 = EDGE_CURVE('',#539,#2468,#2470,.T.);
#2468 = VERTEX_POINT('',#2469);
#2469 = CARTESIAN_POINT('',(7.,1.52,5.25));
#2470 = LINE('',#2471,#2472);
#2471 = CARTESIAN_POINT('',(7.,1.52,9.8));
#2472 = VECTOR('',#2473,1.);
#2473 = DIRECTION('',(0.,0.,-1.));
#2474 = ORIENTED_EDGE('',*,*,#2475,.T.);
#2475 = EDGE_CURVE('',#2468,#2420,#2476,.T.);
#2476 = LINE('',#2477,#2478);
#2477 = CARTESIAN_POINT('',(7.,1.52,5.25));
#2478 = VECTOR('',#2479,1.);
#2479 = DIRECTION('',(0.,1.,0.));
#2480 = ORIENTED_EDGE('',*,*,#2427,.T.);
#2481 = ORIENTED_EDGE('',*,*,#546,.T.);
#2482 = PLANE('',#2483);
#2483 = AXIS2_PLACEMENT_3D('',#2484,#2485,#2486);
#2484 = CARTESIAN_POINT('',(7.,1.72,7.525));
#2485 = DIRECTION('',(1.,0.,0.));
#2486 = DIRECTION('',(0.,0.,1.));
#2487 = ADVANCED_FACE('',(#2488),#2515,.F.);
#2488 = FACE_BOUND('',#2489,.F.);
#2489 = EDGE_LOOP('',(#2490,#2491,#2492,#2500,#2508,#2514));
#2490 = ORIENTED_EDGE('',*,*,#538,.F.);
#2491 = ORIENTED_EDGE('',*,*,#2467,.T.);
#2492 = ORIENTED_EDGE('',*,*,#2493,.T.);
#2493 = EDGE_CURVE('',#2468,#2494,#2496,.T.);
#2494 = VERTEX_POINT('',#2495);
#2495 = CARTESIAN_POINT('',(6.9,1.52,5.25));
#2496 = LINE('',#2497,#2498);
#2497 = CARTESIAN_POINT('',(8.1,1.52,5.25));
#2498 = VECTOR('',#2499,1.);
#2499 = DIRECTION('',(-1.,-0.,-0.));
#2500 = ORIENTED_EDGE('',*,*,#2501,.T.);
#2501 = EDGE_CURVE('',#2494,#2502,#2504,.T.);
#2502 = VERTEX_POINT('',#2503);
#2503 = CARTESIAN_POINT('',(6.9,1.52,3.45));
#2504 = LINE('',#2505,#2506);
#2505 = CARTESIAN_POINT('',(6.9,1.52,5.25));
#2506 = VECTOR('',#2507,1.);
#2507 = DIRECTION('',(0.,1.233581138472E-16,-1.));
#2508 = ORIENTED_EDGE('',*,*,#2509,.T.);
#2509 = EDGE_CURVE('',#2502,#2444,#2510,.T.);
#2510 = LINE('',#2511,#2512);
#2511 = CARTESIAN_POINT('',(8.55,1.52,3.45));
#2512 = VECTOR('',#2513,1.);
#2513 = DIRECTION('',(-1.,-0.,-0.));
#2514 = ORIENTED_EDGE('',*,*,#2451,.T.);
#2515 = PLANE('',#2516);
#2516 = AXIS2_PLACEMENT_3D('',#2517,#2518,#2519);
#2517 = CARTESIAN_POINT('',(8.55,1.52,3.45));
#2518 = DIRECTION('',(0.,1.,0.));
#2519 = DIRECTION('',(0.,0.,1.));
#2520 = ADVANCED_FACE('',(#2521),#2562,.F.);
#2521 = FACE_BOUND('',#2522,.F.);
#2522 = EDGE_LOOP('',(#2523,#2531,#2539,#2547,#2555,#2561));
#2523 = ORIENTED_EDGE('',*,*,#2524,.F.);
#2524 = EDGE_CURVE('',#2525,#571,#2527,.T.);
#2525 = VERTEX_POINT('',#2526);
#2526 = CARTESIAN_POINT('',(6.05,1.52,3.45));
#2527 = LINE('',#2528,#2529);
#2528 = CARTESIAN_POINT('',(6.05,1.52,3.45));
#2529 = VECTOR('',#2530,1.);
#2530 = DIRECTION('',(0.,0.,1.));
#2531 = ORIENTED_EDGE('',*,*,#2532,.T.);
#2532 = EDGE_CURVE('',#2525,#2533,#2535,.T.);
#2533 = VERTEX_POINT('',#2534);
#2534 = CARTESIAN_POINT('',(5.6,1.52,3.45));
#2535 = LINE('',#2536,#2537);
#2536 = CARTESIAN_POINT('',(6.05,1.52,3.45));
#2537 = VECTOR('',#2538,1.);
#2538 = DIRECTION('',(-1.,-0.,-0.));
#2539 = ORIENTED_EDGE('',*,*,#2540,.F.);
#2540 = EDGE_CURVE('',#2541,#2533,#2543,.T.);
#2541 = VERTEX_POINT('',#2542);
#2542 = CARTESIAN_POINT('',(5.6,1.52,5.25));
#2543 = LINE('',#2544,#2545);
#2544 = CARTESIAN_POINT('',(5.6,1.52,5.25));
#2545 = VECTOR('',#2546,1.);
#2546 = DIRECTION('',(0.,1.233581138472E-16,-1.));
#2547 = ORIENTED_EDGE('',*,*,#2548,.T.);
#2548 = EDGE_CURVE('',#2541,#2549,#2551,.T.);
#2549 = VERTEX_POINT('',#2550);
#2550 = CARTESIAN_POINT('',(5.5,1.52,5.25));
#2551 = LINE('',#2552,#2553);
#2552 = CARTESIAN_POINT('',(5.6,1.52,5.25));
#2553 = VECTOR('',#2554,1.);
#2554 = DIRECTION('',(-1.,-0.,-0.));
#2555 = ORIENTED_EDGE('',*,*,#2556,.F.);
#2556 = EDGE_CURVE('',#573,#2549,#2557,.T.);
#2557 = LINE('',#2558,#2559);
#2558 = CARTESIAN_POINT('',(5.5,1.52,9.8));
#2559 = VECTOR('',#2560,1.);
#2560 = DIRECTION('',(0.,0.,-1.));
#2561 = ORIENTED_EDGE('',*,*,#570,.F.);
#2562 = PLANE('',#2563);
#2563 = AXIS2_PLACEMENT_3D('',#2564,#2565,#2566);
#2564 = CARTESIAN_POINT('',(6.05,1.52,3.45));
#2565 = DIRECTION('',(0.,1.,0.));
#2566 = DIRECTION('',(0.,0.,1.));
#2567 = ADVANCED_FACE('',(#2568),#2586,.F.);
#2568 = FACE_BOUND('',#2569,.F.);
#2569 = EDGE_LOOP('',(#2570,#2578,#2579,#2580));
#2570 = ORIENTED_EDGE('',*,*,#2571,.T.);
#2571 = EDGE_CURVE('',#2572,#2525,#2574,.T.);
#2572 = VERTEX_POINT('',#2573);
#2573 = CARTESIAN_POINT('',(6.05,-0.98,3.45));
#2574 = LINE('',#2575,#2576);
#2575 = CARTESIAN_POINT('',(6.05,-0.98,3.45));
#2576 = VECTOR('',#2577,1.);
#2577 = DIRECTION('',(0.,1.,0.));
#2578 = ORIENTED_EDGE('',*,*,#2524,.T.);
#2579 = ORIENTED_EDGE('',*,*,#580,.T.);
#2580 = ORIENTED_EDGE('',*,*,#2581,.T.);
#2581 = EDGE_CURVE('',#581,#2572,#2582,.T.);
#2582 = LINE('',#2583,#2584);
#2583 = CARTESIAN_POINT('',(6.05,-0.98,9.8));
#2584 = VECTOR('',#2585,1.);
#2585 = DIRECTION('',(0.,0.,-1.));
#2586 = PLANE('',#2587);
#2587 = AXIS2_PLACEMENT_3D('',#2588,#2589,#2590);
#2588 = CARTESIAN_POINT('',(6.05,0.27,6.625));
#2589 = DIRECTION('',(1.,0.,0.));
#2590 = DIRECTION('',(0.,0.,1.));
#2591 = ADVANCED_FACE('',(#2592),#2610,.F.);
#2592 = FACE_BOUND('',#2593,.F.);
#2593 = EDGE_LOOP('',(#2594,#2595,#2603,#2609));
#2594 = ORIENTED_EDGE('',*,*,#2556,.T.);
#2595 = ORIENTED_EDGE('',*,*,#2596,.T.);
#2596 = EDGE_CURVE('',#2549,#2597,#2599,.T.);
#2597 = VERTEX_POINT('',#2598);
#2598 = CARTESIAN_POINT('',(5.5,1.92,5.25));
#2599 = LINE('',#2600,#2601);
#2600 = CARTESIAN_POINT('',(5.5,1.52,5.25));
#2601 = VECTOR('',#2602,1.);
#2602 = DIRECTION('',(0.,1.,0.));
#2603 = ORIENTED_EDGE('',*,*,#2604,.T.);
#2604 = EDGE_CURVE('',#2597,#621,#2605,.T.);
#2605 = LINE('',#2606,#2607);
#2606 = CARTESIAN_POINT('',(5.5,1.92,5.25));
#2607 = VECTOR('',#2608,1.);
#2608 = DIRECTION('',(0.,0.,1.));
#2609 = ORIENTED_EDGE('',*,*,#628,.T.);
#2610 = PLANE('',#2611);
#2611 = AXIS2_PLACEMENT_3D('',#2612,#2613,#2614);
#2612 = CARTESIAN_POINT('',(5.5,1.72,7.525));
#2613 = DIRECTION('',(1.,0.,0.));
#2614 = DIRECTION('',(0.,0.,1.));
#2615 = ADVANCED_FACE('',(#2616),#2634,.F.);
#2616 = FACE_BOUND('',#2617,.F.);
#2617 = EDGE_LOOP('',(#2618,#2619,#2627,#2633));
#2618 = ORIENTED_EDGE('',*,*,#588,.T.);
#2619 = ORIENTED_EDGE('',*,*,#2620,.T.);
#2620 = EDGE_CURVE('',#589,#2621,#2623,.T.);
#2621 = VERTEX_POINT('',#2622);
#2622 = CARTESIAN_POINT('',(3.95,-0.98,3.45));
#2623 = LINE('',#2624,#2625);
#2624 = CARTESIAN_POINT('',(3.95,-0.98,9.8));
#2625 = VECTOR('',#2626,1.);
#2626 = DIRECTION('',(0.,0.,-1.));
#2627 = ORIENTED_EDGE('',*,*,#2628,.F.);
#2628 = EDGE_CURVE('',#2572,#2621,#2629,.T.);
#2629 = LINE('',#2630,#2631);
#2630 = CARTESIAN_POINT('',(6.05,-0.98,3.45));
#2631 = VECTOR('',#2632,1.);
#2632 = DIRECTION('',(-1.,-0.,-0.));
#2633 = ORIENTED_EDGE('',*,*,#2581,.F.);
#2634 = PLANE('',#2635);
#2635 = AXIS2_PLACEMENT_3D('',#2636,#2637,#2638);
#2636 = CARTESIAN_POINT('',(6.05,-0.98,9.8));
#2637 = DIRECTION('',(0.,-1.,0.));
#2638 = DIRECTION('',(0.,0.,-1.));
#2639 = ADVANCED_FACE('',(#2640),#2658,.F.);
#2640 = FACE_BOUND('',#2641,.F.);
#2641 = EDGE_LOOP('',(#2642,#2650,#2656,#2657));
#2642 = ORIENTED_EDGE('',*,*,#2643,.T.);
#2643 = EDGE_CURVE('',#2597,#2644,#2646,.T.);
#2644 = VERTEX_POINT('',#2645);
#2645 = CARTESIAN_POINT('',(4.5,1.92,5.25));
#2646 = LINE('',#2647,#2648);
#2647 = CARTESIAN_POINT('',(5.5,1.92,5.25));
#2648 = VECTOR('',#2649,1.);
#2649 = DIRECTION('',(-1.,-0.,-0.));
#2650 = ORIENTED_EDGE('',*,*,#2651,.T.);
#2651 = EDGE_CURVE('',#2644,#613,#2652,.T.);
#2652 = LINE('',#2653,#2654);
#2653 = CARTESIAN_POINT('',(4.5,1.92,5.25));
#2654 = VECTOR('',#2655,1.);
#2655 = DIRECTION('',(0.,0.,1.));
#2656 = ORIENTED_EDGE('',*,*,#620,.F.);
#2657 = ORIENTED_EDGE('',*,*,#2604,.F.);
#2658 = PLANE('',#2659);
#2659 = AXIS2_PLACEMENT_3D('',#2660,#2661,#2662);
#2660 = CARTESIAN_POINT('',(5.5,1.92,5.25));
#2661 = DIRECTION('',(0.,1.,0.));
#2662 = DIRECTION('',(0.,0.,1.));
#2663 = ADVANCED_FACE('',(#2664),#2682,.T.);
#2664 = FACE_BOUND('',#2665,.T.);
#2665 = EDGE_LOOP('',(#2666,#2674,#2680,#2681));
#2666 = ORIENTED_EDGE('',*,*,#2667,.T.);
#2667 = EDGE_CURVE('',#2621,#2668,#2670,.T.);
#2668 = VERTEX_POINT('',#2669);
#2669 = CARTESIAN_POINT('',(3.95,1.52,3.45));
#2670 = LINE('',#2671,#2672);
#2671 = CARTESIAN_POINT('',(3.95,-0.98,3.45));
#2672 = VECTOR('',#2673,1.);
#2673 = DIRECTION('',(0.,1.,0.));
#2674 = ORIENTED_EDGE('',*,*,#2675,.T.);
#2675 = EDGE_CURVE('',#2668,#597,#2676,.T.);
#2676 = LINE('',#2677,#2678);
#2677 = CARTESIAN_POINT('',(3.95,1.52,3.45));
#2678 = VECTOR('',#2679,1.);
#2679 = DIRECTION('',(0.,0.,1.));
#2680 = ORIENTED_EDGE('',*,*,#596,.T.);
#2681 = ORIENTED_EDGE('',*,*,#2620,.T.);
#2682 = PLANE('',#2683);
#2683 = AXIS2_PLACEMENT_3D('',#2684,#2685,#2686);
#2684 = CARTESIAN_POINT('',(3.95,0.27,6.625));
#2685 = DIRECTION('',(1.,0.,0.));
#2686 = DIRECTION('',(0.,0.,1.));
#2687 = ADVANCED_FACE('',(#2688),#2706,.T.);
#2688 = FACE_BOUND('',#2689,.T.);
#2689 = EDGE_LOOP('',(#2690,#2698,#2704,#2705));
#2690 = ORIENTED_EDGE('',*,*,#2691,.T.);
#2691 = EDGE_CURVE('',#605,#2692,#2694,.T.);
#2692 = VERTEX_POINT('',#2693);
#2693 = CARTESIAN_POINT('',(4.5,1.52,5.25));
#2694 = LINE('',#2695,#2696);
#2695 = CARTESIAN_POINT('',(4.5,1.52,9.8));
#2696 = VECTOR('',#2697,1.);
#2697 = DIRECTION('',(0.,0.,-1.));
#2698 = ORIENTED_EDGE('',*,*,#2699,.T.);
#2699 = EDGE_CURVE('',#2692,#2644,#2700,.T.);
#2700 = LINE('',#2701,#2702);
#2701 = CARTESIAN_POINT('',(4.5,1.52,5.25));
#2702 = VECTOR('',#2703,1.);
#2703 = DIRECTION('',(0.,1.,0.));
#2704 = ORIENTED_EDGE('',*,*,#2651,.T.);
#2705 = ORIENTED_EDGE('',*,*,#612,.T.);
#2706 = PLANE('',#2707);
#2707 = AXIS2_PLACEMENT_3D('',#2708,#2709,#2710);
#2708 = CARTESIAN_POINT('',(4.5,1.72,7.525));
#2709 = DIRECTION('',(1.,0.,0.));
#2710 = DIRECTION('',(0.,0.,1.));
#2711 = ADVANCED_FACE('',(#2712),#2739,.F.);
#2712 = FACE_BOUND('',#2713,.F.);
#2713 = EDGE_LOOP('',(#2714,#2715,#2716,#2724,#2732,#2738));
#2714 = ORIENTED_EDGE('',*,*,#604,.F.);
#2715 = ORIENTED_EDGE('',*,*,#2691,.T.);
#2716 = ORIENTED_EDGE('',*,*,#2717,.T.);
#2717 = EDGE_CURVE('',#2692,#2718,#2720,.T.);
#2718 = VERTEX_POINT('',#2719);
#2719 = CARTESIAN_POINT('',(4.4,1.52,5.25));
#2720 = LINE('',#2721,#2722);
#2721 = CARTESIAN_POINT('',(5.6,1.52,5.25));
#2722 = VECTOR('',#2723,1.);
#2723 = DIRECTION('',(-1.,-0.,-0.));
#2724 = ORIENTED_EDGE('',*,*,#2725,.T.);
#2725 = EDGE_CURVE('',#2718,#2726,#2728,.T.);
#2726 = VERTEX_POINT('',#2727);
#2727 = CARTESIAN_POINT('',(4.4,1.52,3.45));
#2728 = LINE('',#2729,#2730);
#2729 = CARTESIAN_POINT('',(4.4,1.52,5.25));
#2730 = VECTOR('',#2731,1.);
#2731 = DIRECTION('',(0.,1.233581138472E-16,-1.));
#2732 = ORIENTED_EDGE('',*,*,#2733,.T.);
#2733 = EDGE_CURVE('',#2726,#2668,#2734,.T.);
#2734 = LINE('',#2735,#2736);
#2735 = CARTESIAN_POINT('',(6.05,1.52,3.45));
#2736 = VECTOR('',#2737,1.);
#2737 = DIRECTION('',(-1.,-0.,-0.));
#2738 = ORIENTED_EDGE('',*,*,#2675,.T.);
#2739 = PLANE('',#2740);
#2740 = AXIS2_PLACEMENT_3D('',#2741,#2742,#2743);
#2741 = CARTESIAN_POINT('',(6.05,1.52,3.45));
#2742 = DIRECTION('',(0.,1.,0.));
#2743 = DIRECTION('',(0.,0.,1.));
#2744 = ADVANCED_FACE('',(#2745),#2786,.F.);
#2745 = FACE_BOUND('',#2746,.F.);
#2746 = EDGE_LOOP('',(#2747,#2755,#2763,#2771,#2779,#2785));
#2747 = ORIENTED_EDGE('',*,*,#2748,.F.);
#2748 = EDGE_CURVE('',#2749,#637,#2751,.T.);
#2749 = VERTEX_POINT('',#2750);
#2750 = CARTESIAN_POINT('',(3.55,1.52,3.45));
#2751 = LINE('',#2752,#2753);
#2752 = CARTESIAN_POINT('',(3.55,1.52,3.45));
#2753 = VECTOR('',#2754,1.);
#2754 = DIRECTION('',(0.,0.,1.));
#2755 = ORIENTED_EDGE('',*,*,#2756,.T.);
#2756 = EDGE_CURVE('',#2749,#2757,#2759,.T.);
#2757 = VERTEX_POINT('',#2758);
#2758 = CARTESIAN_POINT('',(3.1,1.52,3.45));
#2759 = LINE('',#2760,#2761);
#2760 = CARTESIAN_POINT('',(3.55,1.52,3.45));
#2761 = VECTOR('',#2762,1.);
#2762 = DIRECTION('',(-1.,-0.,-0.));
#2763 = ORIENTED_EDGE('',*,*,#2764,.F.);
#2764 = EDGE_CURVE('',#2765,#2757,#2767,.T.);
#2765 = VERTEX_POINT('',#2766);
#2766 = CARTESIAN_POINT('',(3.1,1.52,5.25));
#2767 = LINE('',#2768,#2769);
#2768 = CARTESIAN_POINT('',(3.1,1.52,5.25));
#2769 = VECTOR('',#2770,1.);
#2770 = DIRECTION('',(0.,1.233581138472E-16,-1.));
#2771 = ORIENTED_EDGE('',*,*,#2772,.T.);
#2772 = EDGE_CURVE('',#2765,#2773,#2775,.T.);
#2773 = VERTEX_POINT('',#2774);
#2774 = CARTESIAN_POINT('',(3.,1.52,5.25));
#2775 = LINE('',#2776,#2777);
#2776 = CARTESIAN_POINT('',(3.1,1.52,5.25));
#2777 = VECTOR('',#2778,1.);
#2778 = DIRECTION('',(-1.,-0.,-0.));
#2779 = ORIENTED_EDGE('',*,*,#2780,.F.);
#2780 = EDGE_CURVE('',#639,#2773,#2781,.T.);
#2781 = LINE('',#2782,#2783);
#2782 = CARTESIAN_POINT('',(3.,1.52,9.8));
#2783 = VECTOR('',#2784,1.);
#2784 = DIRECTION('',(0.,0.,-1.));
#2785 = ORIENTED_EDGE('',*,*,#636,.F.);
#2786 = PLANE('',#2787);
#2787 = AXIS2_PLACEMENT_3D('',#2788,#2789,#2790);
#2788 = CARTESIAN_POINT('',(3.55,1.52,3.45));
#2789 = DIRECTION('',(0.,1.,0.));
#2790 = DIRECTION('',(0.,0.,1.));
#2791 = ADVANCED_FACE('',(#2792),#2810,.F.);
#2792 = FACE_BOUND('',#2793,.F.);
#2793 = EDGE_LOOP('',(#2794,#2802,#2803,#2804));
#2794 = ORIENTED_EDGE('',*,*,#2795,.T.);
#2795 = EDGE_CURVE('',#2796,#2749,#2798,.T.);
#2796 = VERTEX_POINT('',#2797);
#2797 = CARTESIAN_POINT('',(3.55,-0.98,3.45));
#2798 = LINE('',#2799,#2800);
#2799 = CARTESIAN_POINT('',(3.55,-0.98,3.45));
#2800 = VECTOR('',#2801,1.);
#2801 = DIRECTION('',(0.,1.,0.));
#2802 = ORIENTED_EDGE('',*,*,#2748,.T.);
#2803 = ORIENTED_EDGE('',*,*,#646,.T.);
#2804 = ORIENTED_EDGE('',*,*,#2805,.T.);
#2805 = EDGE_CURVE('',#647,#2796,#2806,.T.);
#2806 = LINE('',#2807,#2808);
#2807 = CARTESIAN_POINT('',(3.55,-0.98,9.8));
#2808 = VECTOR('',#2809,1.);
#2809 = DIRECTION('',(0.,0.,-1.));
#2810 = PLANE('',#2811);
#2811 = AXIS2_PLACEMENT_3D('',#2812,#2813,#2814);
#2812 = CARTESIAN_POINT('',(3.55,0.27,6.625));
#2813 = DIRECTION('',(1.,0.,0.));
#2814 = DIRECTION('',(0.,0.,1.));
#2815 = ADVANCED_FACE('',(#2816),#2834,.F.);
#2816 = FACE_BOUND('',#2817,.F.);
#2817 = EDGE_LOOP('',(#2818,#2819,#2827,#2833));
#2818 = ORIENTED_EDGE('',*,*,#2780,.T.);
#2819 = ORIENTED_EDGE('',*,*,#2820,.T.);
#2820 = EDGE_CURVE('',#2773,#2821,#2823,.T.);
#2821 = VERTEX_POINT('',#2822);
#2822 = CARTESIAN_POINT('',(3.,1.92,5.25));
#2823 = LINE('',#2824,#2825);
#2824 = CARTESIAN_POINT('',(3.,1.52,5.25));
#2825 = VECTOR('',#2826,1.);
#2826 = DIRECTION('',(0.,1.,0.));
#2827 = ORIENTED_EDGE('',*,*,#2828,.T.);
#2828 = EDGE_CURVE('',#2821,#687,#2829,.T.);
#2829 = LINE('',#2830,#2831);
#2830 = CARTESIAN_POINT('',(3.,1.92,5.25));
#2831 = VECTOR('',#2832,1.);
#2832 = DIRECTION('',(0.,0.,1.));
#2833 = ORIENTED_EDGE('',*,*,#694,.T.);
#2834 = PLANE('',#2835);
#2835 = AXIS2_PLACEMENT_3D('',#2836,#2837,#2838);
#2836 = CARTESIAN_POINT('',(3.,1.72,7.525));
#2837 = DIRECTION('',(1.,0.,0.));
#2838 = DIRECTION('',(0.,0.,1.));
#2839 = ADVANCED_FACE('',(#2840),#2858,.F.);
#2840 = FACE_BOUND('',#2841,.F.);
#2841 = EDGE_LOOP('',(#2842,#2843,#2851,#2857));
#2842 = ORIENTED_EDGE('',*,*,#654,.T.);
#2843 = ORIENTED_EDGE('',*,*,#2844,.T.);
#2844 = EDGE_CURVE('',#655,#2845,#2847,.T.);
#2845 = VERTEX_POINT('',#2846);
#2846 = CARTESIAN_POINT('',(1.45,-0.98,3.45));
#2847 = LINE('',#2848,#2849);
#2848 = CARTESIAN_POINT('',(1.45,-0.98,9.8));
#2849 = VECTOR('',#2850,1.);
#2850 = DIRECTION('',(0.,0.,-1.));
#2851 = ORIENTED_EDGE('',*,*,#2852,.F.);
#2852 = EDGE_CURVE('',#2796,#2845,#2853,.T.);
#2853 = LINE('',#2854,#2855);
#2854 = CARTESIAN_POINT('',(3.55,-0.98,3.45));
#2855 = VECTOR('',#2856,1.);
#2856 = DIRECTION('',(-1.,-0.,-0.));
#2857 = ORIENTED_EDGE('',*,*,#2805,.F.);
#2858 = PLANE('',#2859);
#2859 = AXIS2_PLACEMENT_3D('',#2860,#2861,#2862);
#2860 = CARTESIAN_POINT('',(3.55,-0.98,9.8));
#2861 = DIRECTION('',(0.,-1.,0.));
#2862 = DIRECTION('',(0.,0.,-1.));
#2863 = ADVANCED_FACE('',(#2864),#2882,.F.);
#2864 = FACE_BOUND('',#2865,.F.);
#2865 = EDGE_LOOP('',(#2866,#2874,#2880,#2881));
#2866 = ORIENTED_EDGE('',*,*,#2867,.T.);
#2867 = EDGE_CURVE('',#2821,#2868,#2870,.T.);
#2868 = VERTEX_POINT('',#2869);
#2869 = CARTESIAN_POINT('',(2.,1.92,5.25));
#2870 = LINE('',#2871,#2872);
#2871 = CARTESIAN_POINT('',(3.,1.92,5.25));
#2872 = VECTOR('',#2873,1.);
#2873 = DIRECTION('',(-1.,-0.,-0.));
#2874 = ORIENTED_EDGE('',*,*,#2875,.T.);
#2875 = EDGE_CURVE('',#2868,#679,#2876,.T.);
#2876 = LINE('',#2877,#2878);
#2877 = CARTESIAN_POINT('',(2.,1.92,5.25));
#2878 = VECTOR('',#2879,1.);
#2879 = DIRECTION('',(0.,0.,1.));
#2880 = ORIENTED_EDGE('',*,*,#686,.F.);
#2881 = ORIENTED_EDGE('',*,*,#2828,.F.);
#2882 = PLANE('',#2883);
#2883 = AXIS2_PLACEMENT_3D('',#2884,#2885,#2886);
#2884 = CARTESIAN_POINT('',(3.,1.92,5.25));
#2885 = DIRECTION('',(0.,1.,0.));
#2886 = DIRECTION('',(0.,0.,1.));
#2887 = ADVANCED_FACE('',(#2888),#2906,.T.);
#2888 = FACE_BOUND('',#2889,.T.);
#2889 = EDGE_LOOP('',(#2890,#2898,#2904,#2905));
#2890 = ORIENTED_EDGE('',*,*,#2891,.T.);
#2891 = EDGE_CURVE('',#2845,#2892,#2894,.T.);
#2892 = VERTEX_POINT('',#2893);
#2893 = CARTESIAN_POINT('',(1.45,1.52,3.45));
#2894 = LINE('',#2895,#2896);
#2895 = CARTESIAN_POINT('',(1.45,-0.98,3.45));
#2896 = VECTOR('',#2897,1.);
#2897 = DIRECTION('',(0.,1.,0.));
#2898 = ORIENTED_EDGE('',*,*,#2899,.T.);
#2899 = EDGE_CURVE('',#2892,#663,#2900,.T.);
#2900 = LINE('',#2901,#2902);
#2901 = CARTESIAN_POINT('',(1.45,1.52,3.45));
#2902 = VECTOR('',#2903,1.);
#2903 = DIRECTION('',(0.,0.,1.));
#2904 = ORIENTED_EDGE('',*,*,#662,.T.);
#2905 = ORIENTED_EDGE('',*,*,#2844,.T.);
#2906 = PLANE('',#2907);
#2907 = AXIS2_PLACEMENT_3D('',#2908,#2909,#2910);
#2908 = CARTESIAN_POINT('',(1.45,0.27,6.625));
#2909 = DIRECTION('',(1.,0.,0.));
#2910 = DIRECTION('',(0.,0.,1.));
#2911 = ADVANCED_FACE('',(#2912),#2930,.T.);
#2912 = FACE_BOUND('',#2913,.T.);
#2913 = EDGE_LOOP('',(#2914,#2922,#2928,#2929));
#2914 = ORIENTED_EDGE('',*,*,#2915,.T.);
#2915 = EDGE_CURVE('',#671,#2916,#2918,.T.);
#2916 = VERTEX_POINT('',#2917);
#2917 = CARTESIAN_POINT('',(2.,1.52,5.25));
#2918 = LINE('',#2919,#2920);
#2919 = CARTESIAN_POINT('',(2.,1.52,9.8));
#2920 = VECTOR('',#2921,1.);
#2921 = DIRECTION('',(0.,0.,-1.));
#2922 = ORIENTED_EDGE('',*,*,#2923,.T.);
#2923 = EDGE_CURVE('',#2916,#2868,#2924,.T.);
#2924 = LINE('',#2925,#2926);
#2925 = CARTESIAN_POINT('',(2.,1.52,5.25));
#2926 = VECTOR('',#2927,1.);
#2927 = DIRECTION('',(0.,1.,0.));
#2928 = ORIENTED_EDGE('',*,*,#2875,.T.);
#2929 = ORIENTED_EDGE('',*,*,#678,.T.);
#2930 = PLANE('',#2931);
#2931 = AXIS2_PLACEMENT_3D('',#2932,#2933,#2934);
#2932 = CARTESIAN_POINT('',(2.,1.72,7.525));
#2933 = DIRECTION('',(1.,0.,0.));
#2934 = DIRECTION('',(0.,0.,1.));
#2935 = ADVANCED_FACE('',(#2936),#2963,.F.);
#2936 = FACE_BOUND('',#2937,.F.);
#2937 = EDGE_LOOP('',(#2938,#2939,#2940,#2948,#2956,#2962));
#2938 = ORIENTED_EDGE('',*,*,#670,.F.);
#2939 = ORIENTED_EDGE('',*,*,#2915,.T.);
#2940 = ORIENTED_EDGE('',*,*,#2941,.T.);
#2941 = EDGE_CURVE('',#2916,#2942,#2944,.T.);
#2942 = VERTEX_POINT('',#2943);
#2943 = CARTESIAN_POINT('',(1.9,1.52,5.25));
#2944 = LINE('',#2945,#2946);
#2945 = CARTESIAN_POINT('',(3.1,1.52,5.25));
#2946 = VECTOR('',#2947,1.);
#2947 = DIRECTION('',(-1.,-0.,-0.));
#2948 = ORIENTED_EDGE('',*,*,#2949,.T.);
#2949 = EDGE_CURVE('',#2942,#2950,#2952,.T.);
#2950 = VERTEX_POINT('',#2951);
#2951 = CARTESIAN_POINT('',(1.9,1.52,3.45));
#2952 = LINE('',#2953,#2954);
#2953 = CARTESIAN_POINT('',(1.9,1.52,5.25));
#2954 = VECTOR('',#2955,1.);
#2955 = DIRECTION('',(0.,1.233581138472E-16,-1.));
#2956 = ORIENTED_EDGE('',*,*,#2957,.T.);
#2957 = EDGE_CURVE('',#2950,#2892,#2958,.T.);
#2958 = LINE('',#2959,#2960);
#2959 = CARTESIAN_POINT('',(3.55,1.52,3.45));
#2960 = VECTOR('',#2961,1.);
#2961 = DIRECTION('',(-1.,-0.,-0.));
#2962 = ORIENTED_EDGE('',*,*,#2899,.T.);
#2963 = PLANE('',#2964);
#2964 = AXIS2_PLACEMENT_3D('',#2965,#2966,#2967);
#2965 = CARTESIAN_POINT('',(3.55,1.52,3.45));
#2966 = DIRECTION('',(0.,1.,0.));
#2967 = DIRECTION('',(0.,0.,1.));
#2968 = ADVANCED_FACE('',(#2969),#3010,.F.);
#2969 = FACE_BOUND('',#2970,.F.);
#2970 = EDGE_LOOP('',(#2971,#2979,#2987,#2995,#3003,#3009));
#2971 = ORIENTED_EDGE('',*,*,#2972,.F.);
#2972 = EDGE_CURVE('',#2973,#703,#2975,.T.);
#2973 = VERTEX_POINT('',#2974);
#2974 = CARTESIAN_POINT('',(1.05,1.52,3.45));
#2975 = LINE('',#2976,#2977);
#2976 = CARTESIAN_POINT('',(1.05,1.52,3.45));
#2977 = VECTOR('',#2978,1.);
#2978 = DIRECTION('',(0.,0.,1.));
#2979 = ORIENTED_EDGE('',*,*,#2980,.T.);
#2980 = EDGE_CURVE('',#2973,#2981,#2983,.T.);
#2981 = VERTEX_POINT('',#2982);
#2982 = CARTESIAN_POINT('',(0.6,1.52,3.45));
#2983 = LINE('',#2984,#2985);
#2984 = CARTESIAN_POINT('',(1.05,1.52,3.45));
#2985 = VECTOR('',#2986,1.);
#2986 = DIRECTION('',(-1.,-0.,-0.));
#2987 = ORIENTED_EDGE('',*,*,#2988,.F.);
#2988 = EDGE_CURVE('',#2989,#2981,#2991,.T.);
#2989 = VERTEX_POINT('',#2990);
#2990 = CARTESIAN_POINT('',(0.6,1.52,5.25));
#2991 = LINE('',#2992,#2993);
#2992 = CARTESIAN_POINT('',(0.6,1.52,5.25));
#2993 = VECTOR('',#2994,1.);
#2994 = DIRECTION('',(0.,1.233581138472E-16,-1.));
#2995 = ORIENTED_EDGE('',*,*,#2996,.T.);
#2996 = EDGE_CURVE('',#2989,#2997,#2999,.T.);
#2997 = VERTEX_POINT('',#2998);
#2998 = CARTESIAN_POINT('',(0.5,1.52,5.25));
#2999 = LINE('',#3000,#3001);
#3000 = CARTESIAN_POINT('',(0.6,1.52,5.25));
#3001 = VECTOR('',#3002,1.);
#3002 = DIRECTION('',(-1.,-0.,-0.));
#3003 = ORIENTED_EDGE('',*,*,#3004,.F.);
#3004 = EDGE_CURVE('',#705,#2997,#3005,.T.);
#3005 = LINE('',#3006,#3007);
#3006 = CARTESIAN_POINT('',(0.5,1.52,9.8));
#3007 = VECTOR('',#3008,1.);
#3008 = DIRECTION('',(0.,0.,-1.));
#3009 = ORIENTED_EDGE('',*,*,#702,.F.);
#3010 = PLANE('',#3011);
#3011 = AXIS2_PLACEMENT_3D('',#3012,#3013,#3014);
#3012 = CARTESIAN_POINT('',(1.05,1.52,3.45));
#3013 = DIRECTION('',(0.,1.,0.));
#3014 = DIRECTION('',(0.,0.,1.));
#3015 = ADVANCED_FACE('',(#3016),#3034,.F.);
#3016 = FACE_BOUND('',#3017,.F.);
#3017 = EDGE_LOOP('',(#3018,#3026,#3027,#3028));
#3018 = ORIENTED_EDGE('',*,*,#3019,.T.);
#3019 = EDGE_CURVE('',#3020,#2973,#3022,.T.);
#3020 = VERTEX_POINT('',#3021);
#3021 = CARTESIAN_POINT('',(1.05,-0.98,3.45));
#3022 = LINE('',#3023,#3024);
#3023 = CARTESIAN_POINT('',(1.05,-0.98,3.45));
#3024 = VECTOR('',#3025,1.);
#3025 = DIRECTION('',(0.,1.,0.));
#3026 = ORIENTED_EDGE('',*,*,#2972,.T.);
#3027 = ORIENTED_EDGE('',*,*,#712,.T.);
#3028 = ORIENTED_EDGE('',*,*,#3029,.T.);
#3029 = EDGE_CURVE('',#713,#3020,#3030,.T.);
#3030 = LINE('',#3031,#3032);
#3031 = CARTESIAN_POINT('',(1.05,-0.98,9.8));
#3032 = VECTOR('',#3033,1.);
#3033 = DIRECTION('',(0.,0.,-1.));
#3034 = PLANE('',#3035);
#3035 = AXIS2_PLACEMENT_3D('',#3036,#3037,#3038);
#3036 = CARTESIAN_POINT('',(1.05,0.27,6.625));
#3037 = DIRECTION('',(1.,0.,0.));
#3038 = DIRECTION('',(0.,0.,1.));
#3039 = ADVANCED_FACE('',(#3040),#3058,.F.);
#3040 = FACE_BOUND('',#3041,.F.);
#3041 = EDGE_LOOP('',(#3042,#3043,#3051,#3057));
#3042 = ORIENTED_EDGE('',*,*,#3004,.T.);
#3043 = ORIENTED_EDGE('',*,*,#3044,.T.);
#3044 = EDGE_CURVE('',#2997,#3045,#3047,.T.);
#3045 = VERTEX_POINT('',#3046);
#3046 = CARTESIAN_POINT('',(0.5,1.92,5.25));
#3047 = LINE('',#3048,#3049);
#3048 = CARTESIAN_POINT('',(0.5,1.52,5.25));
#3049 = VECTOR('',#3050,1.);
#3050 = DIRECTION('',(0.,1.,0.));
#3051 = ORIENTED_EDGE('',*,*,#3052,.T.);
#3052 = EDGE_CURVE('',#3045,#753,#3053,.T.);
#3053 = LINE('',#3054,#3055);
#3054 = CARTESIAN_POINT('',(0.5,1.92,5.25));
#3055 = VECTOR('',#3056,1.);
#3056 = DIRECTION('',(0.,0.,1.));
#3057 = ORIENTED_EDGE('',*,*,#760,.T.);
#3058 = PLANE('',#3059);
#3059 = AXIS2_PLACEMENT_3D('',#3060,#3061,#3062);
#3060 = CARTESIAN_POINT('',(0.5,1.72,7.525));
#3061 = DIRECTION('',(1.,0.,0.));
#3062 = DIRECTION('',(0.,0.,1.));
#3063 = ADVANCED_FACE('',(#3064),#3082,.F.);
#3064 = FACE_BOUND('',#3065,.F.);
#3065 = EDGE_LOOP('',(#3066,#3067,#3075,#3081));
#3066 = ORIENTED_EDGE('',*,*,#720,.T.);
#3067 = ORIENTED_EDGE('',*,*,#3068,.T.);
#3068 = EDGE_CURVE('',#721,#3069,#3071,.T.);
#3069 = VERTEX_POINT('',#3070);
#3070 = CARTESIAN_POINT('',(-1.05,-0.98,3.45));
#3071 = LINE('',#3072,#3073);
#3072 = CARTESIAN_POINT('',(-1.05,-0.98,9.8));
#3073 = VECTOR('',#3074,1.);
#3074 = DIRECTION('',(0.,0.,-1.));
#3075 = ORIENTED_EDGE('',*,*,#3076,.F.);
#3076 = EDGE_CURVE('',#3020,#3069,#3077,.T.);
#3077 = LINE('',#3078,#3079);
#3078 = CARTESIAN_POINT('',(1.05,-0.98,3.45));
#3079 = VECTOR('',#3080,1.);
#3080 = DIRECTION('',(-1.,-0.,-0.));
#3081 = ORIENTED_EDGE('',*,*,#3029,.F.);
#3082 = PLANE('',#3083);
#3083 = AXIS2_PLACEMENT_3D('',#3084,#3085,#3086);
#3084 = CARTESIAN_POINT('',(1.05,-0.98,9.8));
#3085 = DIRECTION('',(0.,-1.,0.));
#3086 = DIRECTION('',(0.,0.,-1.));
#3087 = ADVANCED_FACE('',(#3088),#3106,.F.);
#3088 = FACE_BOUND('',#3089,.F.);
#3089 = EDGE_LOOP('',(#3090,#3098,#3104,#3105));
#3090 = ORIENTED_EDGE('',*,*,#3091,.T.);
#3091 = EDGE_CURVE('',#3045,#3092,#3094,.T.);
#3092 = VERTEX_POINT('',#3093);
#3093 = CARTESIAN_POINT('',(-0.5,1.92,5.25));
#3094 = LINE('',#3095,#3096);
#3095 = CARTESIAN_POINT('',(0.5,1.92,5.25));
#3096 = VECTOR('',#3097,1.);
#3097 = DIRECTION('',(-1.,-0.,-0.));
#3098 = ORIENTED_EDGE('',*,*,#3099,.T.);
#3099 = EDGE_CURVE('',#3092,#745,#3100,.T.);
#3100 = LINE('',#3101,#3102);
#3101 = CARTESIAN_POINT('',(-0.5,1.92,5.25));
#3102 = VECTOR('',#3103,1.);
#3103 = DIRECTION('',(0.,0.,1.));
#3104 = ORIENTED_EDGE('',*,*,#752,.F.);
#3105 = ORIENTED_EDGE('',*,*,#3052,.F.);
#3106 = PLANE('',#3107);
#3107 = AXIS2_PLACEMENT_3D('',#3108,#3109,#3110);
#3108 = CARTESIAN_POINT('',(0.5,1.92,5.25));
#3109 = DIRECTION('',(0.,1.,0.));
#3110 = DIRECTION('',(0.,0.,1.));
#3111 = ADVANCED_FACE('',(#3112),#3130,.T.);
#3112 = FACE_BOUND('',#3113,.T.);
#3113 = EDGE_LOOP('',(#3114,#3122,#3128,#3129));
#3114 = ORIENTED_EDGE('',*,*,#3115,.T.);
#3115 = EDGE_CURVE('',#3069,#3116,#3118,.T.);
#3116 = VERTEX_POINT('',#3117);
#3117 = CARTESIAN_POINT('',(-1.05,1.52,3.45));
#3118 = LINE('',#3119,#3120);
#3119 = CARTESIAN_POINT('',(-1.05,-0.98,3.45));
#3120 = VECTOR('',#3121,1.);
#3121 = DIRECTION('',(0.,1.,0.));
#3122 = ORIENTED_EDGE('',*,*,#3123,.T.);
#3123 = EDGE_CURVE('',#3116,#729,#3124,.T.);
#3124 = LINE('',#3125,#3126);
#3125 = CARTESIAN_POINT('',(-1.05,1.52,3.45));
#3126 = VECTOR('',#3127,1.);
#3127 = DIRECTION('',(0.,0.,1.));
#3128 = ORIENTED_EDGE('',*,*,#728,.T.);
#3129 = ORIENTED_EDGE('',*,*,#3068,.T.);
#3130 = PLANE('',#3131);
#3131 = AXIS2_PLACEMENT_3D('',#3132,#3133,#3134);
#3132 = CARTESIAN_POINT('',(-1.05,0.27,6.625));
#3133 = DIRECTION('',(1.,0.,0.));
#3134 = DIRECTION('',(0.,0.,1.));
#3135 = ADVANCED_FACE('',(#3136),#3154,.T.);
#3136 = FACE_BOUND('',#3137,.T.);
#3137 = EDGE_LOOP('',(#3138,#3146,#3152,#3153));
#3138 = ORIENTED_EDGE('',*,*,#3139,.T.);
#3139 = EDGE_CURVE('',#737,#3140,#3142,.T.);
#3140 = VERTEX_POINT('',#3141);
#3141 = CARTESIAN_POINT('',(-0.5,1.52,5.25));
#3142 = LINE('',#3143,#3144);
#3143 = CARTESIAN_POINT('',(-0.5,1.52,9.8));
#3144 = VECTOR('',#3145,1.);
#3145 = DIRECTION('',(0.,0.,-1.));
#3146 = ORIENTED_EDGE('',*,*,#3147,.T.);
#3147 = EDGE_CURVE('',#3140,#3092,#3148,.T.);
#3148 = LINE('',#3149,#3150);
#3149 = CARTESIAN_POINT('',(-0.5,1.52,5.25));
#3150 = VECTOR('',#3151,1.);
#3151 = DIRECTION('',(0.,1.,0.));
#3152 = ORIENTED_EDGE('',*,*,#3099,.T.);
#3153 = ORIENTED_EDGE('',*,*,#744,.T.);
#3154 = PLANE('',#3155);
#3155 = AXIS2_PLACEMENT_3D('',#3156,#3157,#3158);
#3156 = CARTESIAN_POINT('',(-0.5,1.72,7.525));
#3157 = DIRECTION('',(1.,0.,0.));
#3158 = DIRECTION('',(0.,0.,1.));
#3159 = ADVANCED_FACE('',(#3160),#3187,.F.);
#3160 = FACE_BOUND('',#3161,.F.);
#3161 = EDGE_LOOP('',(#3162,#3163,#3164,#3172,#3180,#3186));
#3162 = ORIENTED_EDGE('',*,*,#736,.F.);
#3163 = ORIENTED_EDGE('',*,*,#3139,.T.);
#3164 = ORIENTED_EDGE('',*,*,#3165,.T.);
#3165 = EDGE_CURVE('',#3140,#3166,#3168,.T.);
#3166 = VERTEX_POINT('',#3167);
#3167 = CARTESIAN_POINT('',(-0.6,1.52,5.25));
#3168 = LINE('',#3169,#3170);
#3169 = CARTESIAN_POINT('',(0.6,1.52,5.25));
#3170 = VECTOR('',#3171,1.);
#3171 = DIRECTION('',(-1.,-0.,-0.));
#3172 = ORIENTED_EDGE('',*,*,#3173,.T.);
#3173 = EDGE_CURVE('',#3166,#3174,#3176,.T.);
#3174 = VERTEX_POINT('',#3175);
#3175 = CARTESIAN_POINT('',(-0.6,1.52,3.45));
#3176 = LINE('',#3177,#3178);
#3177 = CARTESIAN_POINT('',(-0.6,1.52,5.25));
#3178 = VECTOR('',#3179,1.);
#3179 = DIRECTION('',(0.,1.233581138472E-16,-1.));
#3180 = ORIENTED_EDGE('',*,*,#3181,.T.);
#3181 = EDGE_CURVE('',#3174,#3116,#3182,.T.);
#3182 = LINE('',#3183,#3184);
#3183 = CARTESIAN_POINT('',(1.05,1.52,3.45));
#3184 = VECTOR('',#3185,1.);
#3185 = DIRECTION('',(-1.,-0.,-0.));
#3186 = ORIENTED_EDGE('',*,*,#3123,.T.);
#3187 = PLANE('',#3188);
#3188 = AXIS2_PLACEMENT_3D('',#3189,#3190,#3191);
#3189 = CARTESIAN_POINT('',(1.05,1.52,3.45));
#3190 = DIRECTION('',(0.,1.,0.));
#3191 = DIRECTION('',(0.,0.,1.));
#3192 = ADVANCED_FACE('',(#3193),#3236,.T.);
#3193 = FACE_BOUND('',#3194,.T.);
#3194 = EDGE_LOOP('',(#3195,#3203,#3204,#3205,#3206,#3214,#3222,#3230));
#3195 = ORIENTED_EDGE('',*,*,#3196,.T.);
#3196 = EDGE_CURVE('',#3197,#807,#3199,.T.);
#3197 = VERTEX_POINT('',#3198);
#3198 = CARTESIAN_POINT('',(16.9,2.57,2.05));
#3199 = LINE('',#3200,#3201);
#3200 = CARTESIAN_POINT('',(16.9,2.57,2.05));
#3201 = VECTOR('',#3202,1.);
#3202 = DIRECTION('',(0.,0.,1.));
#3203 = ORIENTED_EDGE('',*,*,#814,.T.);
#3204 = ORIENTED_EDGE('',*,*,#1612,.T.);
#3205 = ORIENTED_EDGE('',*,*,#935,.T.);
#3206 = ORIENTED_EDGE('',*,*,#3207,.T.);
#3207 = EDGE_CURVE('',#936,#3208,#3210,.T.);
#3208 = VERTEX_POINT('',#3209);
#3209 = CARTESIAN_POINT('',(16.9,1.044,2.6151));
#3210 = LINE('',#3211,#3212);
#3211 = CARTESIAN_POINT('',(16.9,0.5468198,3.45));
#3212 = VECTOR('',#3213,1.);
#3213 = DIRECTION('',(0.,0.511647917429,-0.859195209828));
#3214 = ORIENTED_EDGE('',*,*,#3215,.T.);
#3215 = EDGE_CURVE('',#3208,#3216,#3218,.T.);
#3216 = VERTEX_POINT('',#3217);
#3217 = CARTESIAN_POINT('',(16.9,1.52,2.6151));
#3218 = LINE('',#3219,#3220);
#3219 = CARTESIAN_POINT('',(16.9,1.044,2.6151));
#3220 = VECTOR('',#3221,1.);
#3221 = DIRECTION('',(0.,1.,0.));
#3222 = ORIENTED_EDGE('',*,*,#3223,.T.);
#3223 = EDGE_CURVE('',#3216,#3224,#3226,.T.);
#3224 = VERTEX_POINT('',#3225);
#3225 = CARTESIAN_POINT('',(16.9,1.52,2.05));
#3226 = LINE('',#3227,#3228);
#3227 = CARTESIAN_POINT('',(16.9,1.52,2.6151));
#3228 = VECTOR('',#3229,1.);
#3229 = DIRECTION('',(0.,0.,-1.));
#3230 = ORIENTED_EDGE('',*,*,#3231,.T.);
#3231 = EDGE_CURVE('',#3224,#3197,#3232,.T.);
#3232 = LINE('',#3233,#3234);
#3233 = CARTESIAN_POINT('',(16.9,1.52,2.05));
#3234 = VECTOR('',#3235,1.);
#3235 = DIRECTION('',(0.,1.,0.));
#3236 = PLANE('',#3237);
#3237 = AXIS2_PLACEMENT_3D('',#3238,#3239,#3240);
#3238 = CARTESIAN_POINT('',(16.9,1.834452703854,3.573485056924));
#3239 = DIRECTION('',(1.,0.,0.));
#3240 = DIRECTION('',(0.,0.,1.));
#3241 = ADVANCED_FACE('',(#3242),#3509,.T.);
#3242 = FACE_BOUND('',#3243,.T.);
#3243 = EDGE_LOOP('',(#3244,#3254,#3260,#3261,#3262,#3263,#3271,#3279,
    #3287,#3295,#3303,#3311,#3319,#3327,#3335,#3343,#3351,#3359,#3367,
    #3375,#3383,#3391,#3399,#3407,#3415,#3423,#3431,#3439,#3447,#3455,
    #3463,#3471,#3479,#3487,#3495,#3503));
#3244 = ORIENTED_EDGE('',*,*,#3245,.F.);
#3245 = EDGE_CURVE('',#3246,#3248,#3250,.T.);
#3246 = VERTEX_POINT('',#3247);
#3247 = CARTESIAN_POINT('',(19.1,2.57,2.05));
#3248 = VERTEX_POINT('',#3249);
#3249 = CARTESIAN_POINT('',(19.1,2.57,9.2));
#3250 = LINE('',#3251,#3252);
#3251 = CARTESIAN_POINT('',(19.1,2.57,2.05));
#3252 = VECTOR('',#3253,1.);
#3253 = DIRECTION('',(0.,0.,1.));
#3254 = ORIENTED_EDGE('',*,*,#3255,.T.);
#3255 = EDGE_CURVE('',#3246,#855,#3256,.T.);
#3256 = LINE('',#3257,#3258);
#3257 = CARTESIAN_POINT('',(19.1,2.57,2.05));
#3258 = VECTOR('',#3259,1.);
#3259 = DIRECTION('',(-1.,-0.,-0.));
#3260 = ORIENTED_EDGE('',*,*,#854,.T.);
#3261 = ORIENTED_EDGE('',*,*,#806,.T.);
#3262 = ORIENTED_EDGE('',*,*,#3196,.F.);
#3263 = ORIENTED_EDGE('',*,*,#3264,.T.);
#3264 = EDGE_CURVE('',#3197,#3265,#3267,.T.);
#3265 = VERTEX_POINT('',#3266);
#3266 = CARTESIAN_POINT('',(15.6,2.57,2.05));
#3267 = LINE('',#3268,#3269);
#3268 = CARTESIAN_POINT('',(19.1,2.57,2.05));
#3269 = VECTOR('',#3270,1.);
#3270 = DIRECTION('',(-1.,-0.,-0.));
#3271 = ORIENTED_EDGE('',*,*,#3272,.T.);
#3272 = EDGE_CURVE('',#3265,#3273,#3275,.T.);
#3273 = VERTEX_POINT('',#3274);
#3274 = CARTESIAN_POINT('',(15.6,2.57,5.25));
#3275 = LINE('',#3276,#3277);
#3276 = CARTESIAN_POINT('',(15.6,2.57,2.05));
#3277 = VECTOR('',#3278,1.);
#3278 = DIRECTION('',(0.,0.,1.));
#3279 = ORIENTED_EDGE('',*,*,#3280,.T.);
#3280 = EDGE_CURVE('',#3273,#3281,#3283,.T.);
#3281 = VERTEX_POINT('',#3282);
#3282 = CARTESIAN_POINT('',(14.4,2.57,5.25));
#3283 = LINE('',#3284,#3285);
#3284 = CARTESIAN_POINT('',(15.6,2.57,5.25));
#3285 = VECTOR('',#3286,1.);
#3286 = DIRECTION('',(-1.,-0.,-0.));
#3287 = ORIENTED_EDGE('',*,*,#3288,.F.);
#3288 = EDGE_CURVE('',#3289,#3281,#3291,.T.);
#3289 = VERTEX_POINT('',#3290);
#3290 = CARTESIAN_POINT('',(14.4,2.57,2.05));
#3291 = LINE('',#3292,#3293);
#3292 = CARTESIAN_POINT('',(14.4,2.57,2.05));
#3293 = VECTOR('',#3294,1.);
#3294 = DIRECTION('',(0.,0.,1.));
#3295 = ORIENTED_EDGE('',*,*,#3296,.T.);
#3296 = EDGE_CURVE('',#3289,#3297,#3299,.T.);
#3297 = VERTEX_POINT('',#3298);
#3298 = CARTESIAN_POINT('',(13.1,2.57,2.05));
#3299 = LINE('',#3300,#3301);
#3300 = CARTESIAN_POINT('',(19.1,2.57,2.05));
#3301 = VECTOR('',#3302,1.);
#3302 = DIRECTION('',(-1.,-0.,-0.));
#3303 = ORIENTED_EDGE('',*,*,#3304,.T.);
#3304 = EDGE_CURVE('',#3297,#3305,#3307,.T.);
#3305 = VERTEX_POINT('',#3306);
#3306 = CARTESIAN_POINT('',(13.1,2.57,5.25));
#3307 = LINE('',#3308,#3309);
#3308 = CARTESIAN_POINT('',(13.1,2.57,2.05));
#3309 = VECTOR('',#3310,1.);
#3310 = DIRECTION('',(0.,0.,1.));
#3311 = ORIENTED_EDGE('',*,*,#3312,.T.);
#3312 = EDGE_CURVE('',#3305,#3313,#3315,.T.);
#3313 = VERTEX_POINT('',#3314);
#3314 = CARTESIAN_POINT('',(11.9,2.57,5.25));
#3315 = LINE('',#3316,#3317);
#3316 = CARTESIAN_POINT('',(13.1,2.57,5.25));
#3317 = VECTOR('',#3318,1.);
#3318 = DIRECTION('',(-1.,-0.,-0.));
#3319 = ORIENTED_EDGE('',*,*,#3320,.F.);
#3320 = EDGE_CURVE('',#3321,#3313,#3323,.T.);
#3321 = VERTEX_POINT('',#3322);
#3322 = CARTESIAN_POINT('',(11.9,2.57,2.05));
#3323 = LINE('',#3324,#3325);
#3324 = CARTESIAN_POINT('',(11.9,2.57,2.05));
#3325 = VECTOR('',#3326,1.);
#3326 = DIRECTION('',(0.,0.,1.));
#3327 = ORIENTED_EDGE('',*,*,#3328,.T.);
#3328 = EDGE_CURVE('',#3321,#3329,#3331,.T.);
#3329 = VERTEX_POINT('',#3330);
#3330 = CARTESIAN_POINT('',(10.6,2.57,2.05));
#3331 = LINE('',#3332,#3333);
#3332 = CARTESIAN_POINT('',(19.1,2.57,2.05));
#3333 = VECTOR('',#3334,1.);
#3334 = DIRECTION('',(-1.,-0.,-0.));
#3335 = ORIENTED_EDGE('',*,*,#3336,.T.);
#3336 = EDGE_CURVE('',#3329,#3337,#3339,.T.);
#3337 = VERTEX_POINT('',#3338);
#3338 = CARTESIAN_POINT('',(10.6,2.57,5.25));
#3339 = LINE('',#3340,#3341);
#3340 = CARTESIAN_POINT('',(10.6,2.57,2.05));
#3341 = VECTOR('',#3342,1.);
#3342 = DIRECTION('',(0.,0.,1.));
#3343 = ORIENTED_EDGE('',*,*,#3344,.T.);
#3344 = EDGE_CURVE('',#3337,#3345,#3347,.T.);
#3345 = VERTEX_POINT('',#3346);
#3346 = CARTESIAN_POINT('',(9.4,2.57,5.25));
#3347 = LINE('',#3348,#3349);
#3348 = CARTESIAN_POINT('',(10.6,2.57,5.25));
#3349 = VECTOR('',#3350,1.);
#3350 = DIRECTION('',(-1.,-0.,-0.));
#3351 = ORIENTED_EDGE('',*,*,#3352,.F.);
#3352 = EDGE_CURVE('',#3353,#3345,#3355,.T.);
#3353 = VERTEX_POINT('',#3354);
#3354 = CARTESIAN_POINT('',(9.4,2.57,2.05));
#3355 = LINE('',#3356,#3357);
#3356 = CARTESIAN_POINT('',(9.4,2.57,2.05));
#3357 = VECTOR('',#3358,1.);
#3358 = DIRECTION('',(0.,0.,1.));
#3359 = ORIENTED_EDGE('',*,*,#3360,.T.);
#3360 = EDGE_CURVE('',#3353,#3361,#3363,.T.);
#3361 = VERTEX_POINT('',#3362);
#3362 = CARTESIAN_POINT('',(8.1,2.57,2.05));
#3363 = LINE('',#3364,#3365);
#3364 = CARTESIAN_POINT('',(19.1,2.57,2.05));
#3365 = VECTOR('',#3366,1.);
#3366 = DIRECTION('',(-1.,-0.,-0.));
#3367 = ORIENTED_EDGE('',*,*,#3368,.T.);
#3368 = EDGE_CURVE('',#3361,#3369,#3371,.T.);
#3369 = VERTEX_POINT('',#3370);
#3370 = CARTESIAN_POINT('',(8.1,2.57,5.25));
#3371 = LINE('',#3372,#3373);
#3372 = CARTESIAN_POINT('',(8.1,2.57,2.05));
#3373 = VECTOR('',#3374,1.);
#3374 = DIRECTION('',(0.,0.,1.));
#3375 = ORIENTED_EDGE('',*,*,#3376,.T.);
#3376 = EDGE_CURVE('',#3369,#3377,#3379,.T.);
#3377 = VERTEX_POINT('',#3378);
#3378 = CARTESIAN_POINT('',(6.9,2.57,5.25));
#3379 = LINE('',#3380,#3381);
#3380 = CARTESIAN_POINT('',(8.1,2.57,5.25));
#3381 = VECTOR('',#3382,1.);
#3382 = DIRECTION('',(-1.,-0.,-0.));
#3383 = ORIENTED_EDGE('',*,*,#3384,.F.);
#3384 = EDGE_CURVE('',#3385,#3377,#3387,.T.);
#3385 = VERTEX_POINT('',#3386);
#3386 = CARTESIAN_POINT('',(6.9,2.57,2.05));
#3387 = LINE('',#3388,#3389);
#3388 = CARTESIAN_POINT('',(6.9,2.57,2.05));
#3389 = VECTOR('',#3390,1.);
#3390 = DIRECTION('',(0.,0.,1.));
#3391 = ORIENTED_EDGE('',*,*,#3392,.T.);
#3392 = EDGE_CURVE('',#3385,#3393,#3395,.T.);
#3393 = VERTEX_POINT('',#3394);
#3394 = CARTESIAN_POINT('',(5.6,2.57,2.05));
#3395 = LINE('',#3396,#3397);
#3396 = CARTESIAN_POINT('',(19.1,2.57,2.05));
#3397 = VECTOR('',#3398,1.);
#3398 = DIRECTION('',(-1.,-0.,-0.));
#3399 = ORIENTED_EDGE('',*,*,#3400,.T.);
#3400 = EDGE_CURVE('',#3393,#3401,#3403,.T.);
#3401 = VERTEX_POINT('',#3402);
#3402 = CARTESIAN_POINT('',(5.6,2.57,5.25));
#3403 = LINE('',#3404,#3405);
#3404 = CARTESIAN_POINT('',(5.6,2.57,2.05));
#3405 = VECTOR('',#3406,1.);
#3406 = DIRECTION('',(0.,0.,1.));
#3407 = ORIENTED_EDGE('',*,*,#3408,.T.);
#3408 = EDGE_CURVE('',#3401,#3409,#3411,.T.);
#3409 = VERTEX_POINT('',#3410);
#3410 = CARTESIAN_POINT('',(4.4,2.57,5.25));
#3411 = LINE('',#3412,#3413);
#3412 = CARTESIAN_POINT('',(5.6,2.57,5.25));
#3413 = VECTOR('',#3414,1.);
#3414 = DIRECTION('',(-1.,-0.,-0.));
#3415 = ORIENTED_EDGE('',*,*,#3416,.F.);
#3416 = EDGE_CURVE('',#3417,#3409,#3419,.T.);
#3417 = VERTEX_POINT('',#3418);
#3418 = CARTESIAN_POINT('',(4.4,2.57,2.05));
#3419 = LINE('',#3420,#3421);
#3420 = CARTESIAN_POINT('',(4.4,2.57,2.05));
#3421 = VECTOR('',#3422,1.);
#3422 = DIRECTION('',(0.,0.,1.));
#3423 = ORIENTED_EDGE('',*,*,#3424,.T.);
#3424 = EDGE_CURVE('',#3417,#3425,#3427,.T.);
#3425 = VERTEX_POINT('',#3426);
#3426 = CARTESIAN_POINT('',(3.1,2.57,2.05));
#3427 = LINE('',#3428,#3429);
#3428 = CARTESIAN_POINT('',(19.1,2.57,2.05));
#3429 = VECTOR('',#3430,1.);
#3430 = DIRECTION('',(-1.,-0.,-0.));
#3431 = ORIENTED_EDGE('',*,*,#3432,.T.);
#3432 = EDGE_CURVE('',#3425,#3433,#3435,.T.);
#3433 = VERTEX_POINT('',#3434);
#3434 = CARTESIAN_POINT('',(3.1,2.57,5.25));
#3435 = LINE('',#3436,#3437);
#3436 = CARTESIAN_POINT('',(3.1,2.57,2.05));
#3437 = VECTOR('',#3438,1.);
#3438 = DIRECTION('',(0.,0.,1.));
#3439 = ORIENTED_EDGE('',*,*,#3440,.T.);
#3440 = EDGE_CURVE('',#3433,#3441,#3443,.T.);
#3441 = VERTEX_POINT('',#3442);
#3442 = CARTESIAN_POINT('',(1.9,2.57,5.25));
#3443 = LINE('',#3444,#3445);
#3444 = CARTESIAN_POINT('',(3.1,2.57,5.25));
#3445 = VECTOR('',#3446,1.);
#3446 = DIRECTION('',(-1.,-0.,-0.));
#3447 = ORIENTED_EDGE('',*,*,#3448,.F.);
#3448 = EDGE_CURVE('',#3449,#3441,#3451,.T.);
#3449 = VERTEX_POINT('',#3450);
#3450 = CARTESIAN_POINT('',(1.9,2.57,2.05));
#3451 = LINE('',#3452,#3453);
#3452 = CARTESIAN_POINT('',(1.9,2.57,2.05));
#3453 = VECTOR('',#3454,1.);
#3454 = DIRECTION('',(0.,0.,1.));
#3455 = ORIENTED_EDGE('',*,*,#3456,.T.);
#3456 = EDGE_CURVE('',#3449,#3457,#3459,.T.);
#3457 = VERTEX_POINT('',#3458);
#3458 = CARTESIAN_POINT('',(0.6,2.57,2.05));
#3459 = LINE('',#3460,#3461);
#3460 = CARTESIAN_POINT('',(19.1,2.57,2.05));
#3461 = VECTOR('',#3462,1.);
#3462 = DIRECTION('',(-1.,-0.,-0.));
#3463 = ORIENTED_EDGE('',*,*,#3464,.T.);
#3464 = EDGE_CURVE('',#3457,#3465,#3467,.T.);
#3465 = VERTEX_POINT('',#3466);
#3466 = CARTESIAN_POINT('',(0.6,2.57,5.25));
#3467 = LINE('',#3468,#3469);
#3468 = CARTESIAN_POINT('',(0.6,2.57,2.05));
#3469 = VECTOR('',#3470,1.);
#3470 = DIRECTION('',(0.,0.,1.));
#3471 = ORIENTED_EDGE('',*,*,#3472,.T.);
#3472 = EDGE_CURVE('',#3465,#3473,#3475,.T.);
#3473 = VERTEX_POINT('',#3474);
#3474 = CARTESIAN_POINT('',(-0.6,2.57,5.25));
#3475 = LINE('',#3476,#3477);
#3476 = CARTESIAN_POINT('',(0.6,2.57,5.25));
#3477 = VECTOR('',#3478,1.);
#3478 = DIRECTION('',(-1.,-0.,-0.));
#3479 = ORIENTED_EDGE('',*,*,#3480,.F.);
#3480 = EDGE_CURVE('',#3481,#3473,#3483,.T.);
#3481 = VERTEX_POINT('',#3482);
#3482 = CARTESIAN_POINT('',(-0.6,2.57,2.05));
#3483 = LINE('',#3484,#3485);
#3484 = CARTESIAN_POINT('',(-0.6,2.57,2.05));
#3485 = VECTOR('',#3486,1.);
#3486 = DIRECTION('',(0.,0.,1.));
#3487 = ORIENTED_EDGE('',*,*,#3488,.T.);
#3488 = EDGE_CURVE('',#3481,#3489,#3491,.T.);
#3489 = VERTEX_POINT('',#3490);
#3490 = CARTESIAN_POINT('',(-1.6,2.57,2.05));
#3491 = LINE('',#3492,#3493);
#3492 = CARTESIAN_POINT('',(19.1,2.57,2.05));
#3493 = VECTOR('',#3494,1.);
#3494 = DIRECTION('',(-1.,-0.,-0.));
#3495 = ORIENTED_EDGE('',*,*,#3496,.T.);
#3496 = EDGE_CURVE('',#3489,#3497,#3499,.T.);
#3497 = VERTEX_POINT('',#3498);
#3498 = CARTESIAN_POINT('',(-1.6,2.57,9.2));
#3499 = LINE('',#3500,#3501);
#3500 = CARTESIAN_POINT('',(-1.6,2.57,2.05));
#3501 = VECTOR('',#3502,1.);
#3502 = DIRECTION('',(0.,0.,1.));
#3503 = ORIENTED_EDGE('',*,*,#3504,.T.);
#3504 = EDGE_CURVE('',#3497,#3248,#3505,.T.);
#3505 = LINE('',#3506,#3507);
#3506 = CARTESIAN_POINT('',(13.925000000002,2.57,9.2));
#3507 = VECTOR('',#3508,1.);
#3508 = DIRECTION('',(1.,0.,0.));
#3509 = PLANE('',#3510);
#3510 = AXIS2_PLACEMENT_3D('',#3511,#3512,#3513);
#3511 = CARTESIAN_POINT('',(19.1,2.57,2.05));
#3512 = DIRECTION('',(0.,1.,0.));
#3513 = DIRECTION('',(0.,0.,1.));
#3514 = ADVANCED_FACE('',(#3515),#3526,.F.);
#3515 = FACE_BOUND('',#3516,.F.);
#3516 = EDGE_LOOP('',(#3517,#3518,#3519,#3525));
#3517 = ORIENTED_EDGE('',*,*,#943,.T.);
#3518 = ORIENTED_EDGE('',*,*,#3207,.T.);
#3519 = ORIENTED_EDGE('',*,*,#3520,.F.);
#3520 = EDGE_CURVE('',#873,#3208,#3521,.T.);
#3521 = LINE('',#3522,#3523);
#3522 = CARTESIAN_POINT('',(18.1,1.044,2.6151));
#3523 = VECTOR('',#3524,1.);
#3524 = DIRECTION('',(-1.,-0.,-0.));
#3525 = ORIENTED_EDGE('',*,*,#872,.F.);
#3526 = PLANE('',#3527);
#3527 = AXIS2_PLACEMENT_3D('',#3528,#3529,#3530);
#3528 = CARTESIAN_POINT('',(18.1,0.5468198,3.45));
#3529 = DIRECTION('',(0.,-0.859195209828,-0.511647917429));
#3530 = DIRECTION('',(0.,0.511647917429,-0.859195209828));
#3531 = ADVANCED_FACE('',(#3532),#3543,.F.);
#3532 = FACE_BOUND('',#3533,.F.);
#3533 = EDGE_LOOP('',(#3534,#3535,#3536,#3542));
#3534 = ORIENTED_EDGE('',*,*,#3520,.T.);
#3535 = ORIENTED_EDGE('',*,*,#3215,.T.);
#3536 = ORIENTED_EDGE('',*,*,#3537,.F.);
#3537 = EDGE_CURVE('',#881,#3216,#3538,.T.);
#3538 = LINE('',#3539,#3540);
#3539 = CARTESIAN_POINT('',(18.1,1.52,2.6151));
#3540 = VECTOR('',#3541,1.);
#3541 = DIRECTION('',(-1.,-0.,-0.));
#3542 = ORIENTED_EDGE('',*,*,#880,.F.);
#3543 = PLANE('',#3544);
#3544 = AXIS2_PLACEMENT_3D('',#3545,#3546,#3547);
#3545 = CARTESIAN_POINT('',(18.1,1.044,2.6151));
#3546 = DIRECTION('',(0.,0.,-1.));
#3547 = DIRECTION('',(0.,1.,0.));
#3548 = ADVANCED_FACE('',(#3549),#3560,.F.);
#3549 = FACE_BOUND('',#3550,.F.);
#3550 = EDGE_LOOP('',(#3551,#3552,#3553,#3559));
#3551 = ORIENTED_EDGE('',*,*,#3537,.T.);
#3552 = ORIENTED_EDGE('',*,*,#3223,.T.);
#3553 = ORIENTED_EDGE('',*,*,#3554,.F.);
#3554 = EDGE_CURVE('',#889,#3224,#3555,.T.);
#3555 = LINE('',#3556,#3557);
#3556 = CARTESIAN_POINT('',(18.1,1.52,2.05));
#3557 = VECTOR('',#3558,1.);
#3558 = DIRECTION('',(-1.,-0.,-0.));
#3559 = ORIENTED_EDGE('',*,*,#888,.F.);
#3560 = PLANE('',#3561);
#3561 = AXIS2_PLACEMENT_3D('',#3562,#3563,#3564);
#3562 = CARTESIAN_POINT('',(18.1,1.52,2.6151));
#3563 = DIRECTION('',(0.,-1.,0.));
#3564 = DIRECTION('',(0.,0.,-1.));
#3565 = ADVANCED_FACE('',(#3566),#3756,.T.);
#3566 = FACE_BOUND('',#3567,.T.);
#3567 = EDGE_LOOP('',(#3568,#3576,#3584,#3590,#3591,#3599,#3607,#3613,
    #3614,#3622,#3630,#3636,#3637,#3645,#3653,#3659,#3660,#3668,#3676,
    #3682,#3683,#3691,#3699,#3705,#3706,#3714,#3722,#3728,#3729,#3737,
    #3745,#3751,#3752,#3753,#3754,#3755));
#3568 = ORIENTED_EDGE('',*,*,#3569,.F.);
#3569 = EDGE_CURVE('',#3570,#3246,#3572,.T.);
#3570 = VERTEX_POINT('',#3571);
#3571 = CARTESIAN_POINT('',(19.1,0.945277674973,2.05));
#3572 = LINE('',#3573,#3574);
#3573 = CARTESIAN_POINT('',(19.1,0.945277674973,2.05));
#3574 = VECTOR('',#3575,1.);
#3575 = DIRECTION('',(0.,1.,0.));
#3576 = ORIENTED_EDGE('',*,*,#3577,.T.);
#3577 = EDGE_CURVE('',#3570,#3578,#3580,.T.);
#3578 = VERTEX_POINT('',#3579);
#3579 = CARTESIAN_POINT('',(-1.6,0.945277674973,2.05));
#3580 = LINE('',#3581,#3582);
#3581 = CARTESIAN_POINT('',(19.1,0.945277674973,2.05));
#3582 = VECTOR('',#3583,1.);
#3583 = DIRECTION('',(-1.,-0.,-0.));
#3584 = ORIENTED_EDGE('',*,*,#3585,.T.);
#3585 = EDGE_CURVE('',#3578,#3489,#3586,.T.);
#3586 = LINE('',#3587,#3588);
#3587 = CARTESIAN_POINT('',(-1.6,0.945277674973,2.05));
#3588 = VECTOR('',#3589,1.);
#3589 = DIRECTION('',(0.,1.,0.));
#3590 = ORIENTED_EDGE('',*,*,#3488,.F.);
#3591 = ORIENTED_EDGE('',*,*,#3592,.F.);
#3592 = EDGE_CURVE('',#3593,#3481,#3595,.T.);
#3593 = VERTEX_POINT('',#3594);
#3594 = CARTESIAN_POINT('',(-0.6,1.52,2.05));
#3595 = LINE('',#3596,#3597);
#3596 = CARTESIAN_POINT('',(-0.6,1.52,2.05));
#3597 = VECTOR('',#3598,1.);
#3598 = DIRECTION('',(0.,1.,0.));
#3599 = ORIENTED_EDGE('',*,*,#3600,.F.);
#3600 = EDGE_CURVE('',#3601,#3593,#3603,.T.);
#3601 = VERTEX_POINT('',#3602);
#3602 = CARTESIAN_POINT('',(0.6,1.52,2.05));
#3603 = LINE('',#3604,#3605);
#3604 = CARTESIAN_POINT('',(0.6,1.52,2.05));
#3605 = VECTOR('',#3606,1.);
#3606 = DIRECTION('',(-1.,-0.,-0.));
#3607 = ORIENTED_EDGE('',*,*,#3608,.T.);
#3608 = EDGE_CURVE('',#3601,#3457,#3609,.T.);
#3609 = LINE('',#3610,#3611);
#3610 = CARTESIAN_POINT('',(0.6,1.52,2.05));
#3611 = VECTOR('',#3612,1.);
#3612 = DIRECTION('',(0.,1.,0.));
#3613 = ORIENTED_EDGE('',*,*,#3456,.F.);
#3614 = ORIENTED_EDGE('',*,*,#3615,.F.);
#3615 = EDGE_CURVE('',#3616,#3449,#3618,.T.);
#3616 = VERTEX_POINT('',#3617);
#3617 = CARTESIAN_POINT('',(1.9,1.52,2.05));
#3618 = LINE('',#3619,#3620);
#3619 = CARTESIAN_POINT('',(1.9,1.52,2.05));
#3620 = VECTOR('',#3621,1.);
#3621 = DIRECTION('',(0.,1.,0.));
#3622 = ORIENTED_EDGE('',*,*,#3623,.F.);
#3623 = EDGE_CURVE('',#3624,#3616,#3626,.T.);
#3624 = VERTEX_POINT('',#3625);
#3625 = CARTESIAN_POINT('',(3.1,1.52,2.05));
#3626 = LINE('',#3627,#3628);
#3627 = CARTESIAN_POINT('',(3.1,1.52,2.05));
#3628 = VECTOR('',#3629,1.);
#3629 = DIRECTION('',(-1.,-0.,-0.));
#3630 = ORIENTED_EDGE('',*,*,#3631,.T.);
#3631 = EDGE_CURVE('',#3624,#3425,#3632,.T.);
#3632 = LINE('',#3633,#3634);
#3633 = CARTESIAN_POINT('',(3.1,1.52,2.05));
#3634 = VECTOR('',#3635,1.);
#3635 = DIRECTION('',(0.,1.,0.));
#3636 = ORIENTED_EDGE('',*,*,#3424,.F.);
#3637 = ORIENTED_EDGE('',*,*,#3638,.F.);
#3638 = EDGE_CURVE('',#3639,#3417,#3641,.T.);
#3639 = VERTEX_POINT('',#3640);
#3640 = CARTESIAN_POINT('',(4.4,1.52,2.05));
#3641 = LINE('',#3642,#3643);
#3642 = CARTESIAN_POINT('',(4.4,1.52,2.05));
#3643 = VECTOR('',#3644,1.);
#3644 = DIRECTION('',(0.,1.,0.));
#3645 = ORIENTED_EDGE('',*,*,#3646,.F.);
#3646 = EDGE_CURVE('',#3647,#3639,#3649,.T.);
#3647 = VERTEX_POINT('',#3648);
#3648 = CARTESIAN_POINT('',(5.6,1.52,2.05));
#3649 = LINE('',#3650,#3651);
#3650 = CARTESIAN_POINT('',(5.6,1.52,2.05));
#3651 = VECTOR('',#3652,1.);
#3652 = DIRECTION('',(-1.,-0.,-0.));
#3653 = ORIENTED_EDGE('',*,*,#3654,.T.);
#3654 = EDGE_CURVE('',#3647,#3393,#3655,.T.);
#3655 = LINE('',#3656,#3657);
#3656 = CARTESIAN_POINT('',(5.6,1.52,2.05));
#3657 = VECTOR('',#3658,1.);
#3658 = DIRECTION('',(0.,1.,0.));
#3659 = ORIENTED_EDGE('',*,*,#3392,.F.);
#3660 = ORIENTED_EDGE('',*,*,#3661,.F.);
#3661 = EDGE_CURVE('',#3662,#3385,#3664,.T.);
#3662 = VERTEX_POINT('',#3663);
#3663 = CARTESIAN_POINT('',(6.9,1.52,2.05));
#3664 = LINE('',#3665,#3666);
#3665 = CARTESIAN_POINT('',(6.9,1.52,2.05));
#3666 = VECTOR('',#3667,1.);
#3667 = DIRECTION('',(0.,1.,0.));
#3668 = ORIENTED_EDGE('',*,*,#3669,.F.);
#3669 = EDGE_CURVE('',#3670,#3662,#3672,.T.);
#3670 = VERTEX_POINT('',#3671);
#3671 = CARTESIAN_POINT('',(8.1,1.52,2.05));
#3672 = LINE('',#3673,#3674);
#3673 = CARTESIAN_POINT('',(8.1,1.52,2.05));
#3674 = VECTOR('',#3675,1.);
#3675 = DIRECTION('',(-1.,-0.,-0.));
#3676 = ORIENTED_EDGE('',*,*,#3677,.T.);
#3677 = EDGE_CURVE('',#3670,#3361,#3678,.T.);
#3678 = LINE('',#3679,#3680);
#3679 = CARTESIAN_POINT('',(8.1,1.52,2.05));
#3680 = VECTOR('',#3681,1.);
#3681 = DIRECTION('',(0.,1.,0.));
#3682 = ORIENTED_EDGE('',*,*,#3360,.F.);
#3683 = ORIENTED_EDGE('',*,*,#3684,.F.);
#3684 = EDGE_CURVE('',#3685,#3353,#3687,.T.);
#3685 = VERTEX_POINT('',#3686);
#3686 = CARTESIAN_POINT('',(9.4,1.52,2.05));
#3687 = LINE('',#3688,#3689);
#3688 = CARTESIAN_POINT('',(9.4,1.52,2.05));
#3689 = VECTOR('',#3690,1.);
#3690 = DIRECTION('',(0.,1.,0.));
#3691 = ORIENTED_EDGE('',*,*,#3692,.F.);
#3692 = EDGE_CURVE('',#3693,#3685,#3695,.T.);
#3693 = VERTEX_POINT('',#3694);
#3694 = CARTESIAN_POINT('',(10.6,1.52,2.05));
#3695 = LINE('',#3696,#3697);
#3696 = CARTESIAN_POINT('',(10.6,1.52,2.05));
#3697 = VECTOR('',#3698,1.);
#3698 = DIRECTION('',(-1.,-0.,-0.));
#3699 = ORIENTED_EDGE('',*,*,#3700,.T.);
#3700 = EDGE_CURVE('',#3693,#3329,#3701,.T.);
#3701 = LINE('',#3702,#3703);
#3702 = CARTESIAN_POINT('',(10.6,1.52,2.05));
#3703 = VECTOR('',#3704,1.);
#3704 = DIRECTION('',(0.,1.,0.));
#3705 = ORIENTED_EDGE('',*,*,#3328,.F.);
#3706 = ORIENTED_EDGE('',*,*,#3707,.F.);
#3707 = EDGE_CURVE('',#3708,#3321,#3710,.T.);
#3708 = VERTEX_POINT('',#3709);
#3709 = CARTESIAN_POINT('',(11.9,1.52,2.05));
#3710 = LINE('',#3711,#3712);
#3711 = CARTESIAN_POINT('',(11.9,1.52,2.05));
#3712 = VECTOR('',#3713,1.);
#3713 = DIRECTION('',(0.,1.,0.));
#3714 = ORIENTED_EDGE('',*,*,#3715,.F.);
#3715 = EDGE_CURVE('',#3716,#3708,#3718,.T.);
#3716 = VERTEX_POINT('',#3717);
#3717 = CARTESIAN_POINT('',(13.1,1.52,2.05));
#3718 = LINE('',#3719,#3720);
#3719 = CARTESIAN_POINT('',(13.1,1.52,2.05));
#3720 = VECTOR('',#3721,1.);
#3721 = DIRECTION('',(-1.,-0.,-0.));
#3722 = ORIENTED_EDGE('',*,*,#3723,.T.);
#3723 = EDGE_CURVE('',#3716,#3297,#3724,.T.);
#3724 = LINE('',#3725,#3726);
#3725 = CARTESIAN_POINT('',(13.1,1.52,2.05));
#3726 = VECTOR('',#3727,1.);
#3727 = DIRECTION('',(0.,1.,0.));
#3728 = ORIENTED_EDGE('',*,*,#3296,.F.);
#3729 = ORIENTED_EDGE('',*,*,#3730,.F.);
#3730 = EDGE_CURVE('',#3731,#3289,#3733,.T.);
#3731 = VERTEX_POINT('',#3732);
#3732 = CARTESIAN_POINT('',(14.4,1.52,2.05));
#3733 = LINE('',#3734,#3735);
#3734 = CARTESIAN_POINT('',(14.4,1.52,2.05));
#3735 = VECTOR('',#3736,1.);
#3736 = DIRECTION('',(0.,1.,0.));
#3737 = ORIENTED_EDGE('',*,*,#3738,.F.);
#3738 = EDGE_CURVE('',#3739,#3731,#3741,.T.);
#3739 = VERTEX_POINT('',#3740);
#3740 = CARTESIAN_POINT('',(15.6,1.52,2.05));
#3741 = LINE('',#3742,#3743);
#3742 = CARTESIAN_POINT('',(15.6,1.52,2.05));
#3743 = VECTOR('',#3744,1.);
#3744 = DIRECTION('',(-1.,-0.,-0.));
#3745 = ORIENTED_EDGE('',*,*,#3746,.T.);
#3746 = EDGE_CURVE('',#3739,#3265,#3747,.T.);
#3747 = LINE('',#3748,#3749);
#3748 = CARTESIAN_POINT('',(15.6,1.52,2.05));
#3749 = VECTOR('',#3750,1.);
#3750 = DIRECTION('',(0.,1.,0.));
#3751 = ORIENTED_EDGE('',*,*,#3264,.F.);
#3752 = ORIENTED_EDGE('',*,*,#3231,.F.);
#3753 = ORIENTED_EDGE('',*,*,#3554,.F.);
#3754 = ORIENTED_EDGE('',*,*,#896,.T.);
#3755 = ORIENTED_EDGE('',*,*,#3255,.F.);
#3756 = PLANE('',#3757);
#3757 = AXIS2_PLACEMENT_3D('',#3758,#3759,#3760);
#3758 = CARTESIAN_POINT('',(19.1,0.945277674973,2.05));
#3759 = DIRECTION('',(0.,0.,-1.));
#3760 = DIRECTION('',(0.,1.,0.));
#3761 = ADVANCED_FACE('',(#3762),#3787,.F.);
#3762 = FACE_BOUND('',#3763,.F.);
#3763 = EDGE_LOOP('',(#3764,#3772,#3773,#3781));
#3764 = ORIENTED_EDGE('',*,*,#3765,.F.);
#3765 = EDGE_CURVE('',#954,#3766,#3768,.T.);
#3766 = VERTEX_POINT('',#3767);
#3767 = CARTESIAN_POINT('',(17.9,-0.4,2.7));
#3768 = LINE('',#3769,#3770);
#3769 = CARTESIAN_POINT('',(17.9,-0.4,3.45));
#3770 = VECTOR('',#3771,1.);
#3771 = DIRECTION('',(0.,0.,-1.));
#3772 = ORIENTED_EDGE('',*,*,#953,.T.);
#3773 = ORIENTED_EDGE('',*,*,#3774,.T.);
#3774 = EDGE_CURVE('',#956,#3775,#3777,.T.);
#3775 = VERTEX_POINT('',#3776);
#3776 = CARTESIAN_POINT('',(17.1,-0.4,2.7));
#3777 = LINE('',#3778,#3779);
#3778 = CARTESIAN_POINT('',(17.1,-0.4,3.45));
#3779 = VECTOR('',#3780,1.);
#3780 = DIRECTION('',(0.,0.,-1.));
#3781 = ORIENTED_EDGE('',*,*,#3782,.F.);
#3782 = EDGE_CURVE('',#3766,#3775,#3783,.T.);
#3783 = LINE('',#3784,#3785);
#3784 = CARTESIAN_POINT('',(18.5,-0.4,2.7));
#3785 = VECTOR('',#3786,1.);
#3786 = DIRECTION('',(-1.,-0.,-0.));
#3787 = PLANE('',#3788);
#3788 = AXIS2_PLACEMENT_3D('',#3789,#3790,#3791);
#3789 = CARTESIAN_POINT('',(17.9,-0.4,3.45));
#3790 = DIRECTION('',(0.,-1.,0.));
#3791 = DIRECTION('',(0.,0.,-1.));
#3792 = ADVANCED_FACE('',(#3793),#3811,.F.);
#3793 = FACE_BOUND('',#3794,.F.);
#3794 = EDGE_LOOP('',(#3795,#3796,#3797,#3805));
#3795 = ORIENTED_EDGE('',*,*,#963,.T.);
#3796 = ORIENTED_EDGE('',*,*,#3765,.T.);
#3797 = ORIENTED_EDGE('',*,*,#3798,.F.);
#3798 = EDGE_CURVE('',#3799,#3766,#3801,.T.);
#3799 = VERTEX_POINT('',#3800);
#3800 = CARTESIAN_POINT('',(17.9,0.4,2.7));
#3801 = LINE('',#3802,#3803);
#3802 = CARTESIAN_POINT('',(17.9,-0.765,2.7));
#3803 = VECTOR('',#3804,1.);
#3804 = DIRECTION('',(0.,-1.,0.));
#3805 = ORIENTED_EDGE('',*,*,#3806,.T.);
#3806 = EDGE_CURVE('',#3799,#964,#3807,.T.);
#3807 = LINE('',#3808,#3809);
#3808 = CARTESIAN_POINT('',(17.9,0.4,2.45));
#3809 = VECTOR('',#3810,1.);
#3810 = DIRECTION('',(0.,0.,1.));
#3811 = PLANE('',#3812);
#3812 = AXIS2_PLACEMENT_3D('',#3813,#3814,#3815);
#3813 = CARTESIAN_POINT('',(17.9,0.,2.95));
#3814 = DIRECTION('',(1.,0.,0.));
#3815 = DIRECTION('',(0.,0.,1.));
#3816 = ADVANCED_FACE('',(#3817),#3835,.T.);
#3817 = FACE_BOUND('',#3818,.T.);
#3818 = EDGE_LOOP('',(#3819,#3820,#3821,#3829));
#3819 = ORIENTED_EDGE('',*,*,#979,.T.);
#3820 = ORIENTED_EDGE('',*,*,#3774,.T.);
#3821 = ORIENTED_EDGE('',*,*,#3822,.F.);
#3822 = EDGE_CURVE('',#3823,#3775,#3825,.T.);
#3823 = VERTEX_POINT('',#3824);
#3824 = CARTESIAN_POINT('',(17.1,0.4,2.7));
#3825 = LINE('',#3826,#3827);
#3826 = CARTESIAN_POINT('',(17.1,-0.765,2.7));
#3827 = VECTOR('',#3828,1.);
#3828 = DIRECTION('',(0.,-1.,0.));
#3829 = ORIENTED_EDGE('',*,*,#3830,.T.);
#3830 = EDGE_CURVE('',#3823,#972,#3831,.T.);
#3831 = LINE('',#3832,#3833);
#3832 = CARTESIAN_POINT('',(17.1,0.4,2.45));
#3833 = VECTOR('',#3834,1.);
#3834 = DIRECTION('',(0.,0.,1.));
#3835 = PLANE('',#3836);
#3836 = AXIS2_PLACEMENT_3D('',#3837,#3838,#3839);
#3837 = CARTESIAN_POINT('',(17.1,0.,2.95));
#3838 = DIRECTION('',(1.,0.,0.));
#3839 = DIRECTION('',(0.,0.,1.));
#3840 = ADVANCED_FACE('',(#3841),#3852,.F.);
#3841 = FACE_BOUND('',#3842,.F.);
#3842 = EDGE_LOOP('',(#3843,#3844,#3850,#3851));
#3843 = ORIENTED_EDGE('',*,*,#3806,.F.);
#3844 = ORIENTED_EDGE('',*,*,#3845,.F.);
#3845 = EDGE_CURVE('',#3823,#3799,#3846,.T.);
#3846 = LINE('',#3847,#3848);
#3847 = CARTESIAN_POINT('',(18.5,0.4,2.7));
#3848 = VECTOR('',#3849,1.);
#3849 = DIRECTION('',(1.,0.,0.));
#3850 = ORIENTED_EDGE('',*,*,#3830,.T.);
#3851 = ORIENTED_EDGE('',*,*,#971,.F.);
#3852 = PLANE('',#3853);
#3853 = AXIS2_PLACEMENT_3D('',#3854,#3855,#3856);
#3854 = CARTESIAN_POINT('',(17.9,0.4,2.45));
#3855 = DIRECTION('',(0.,1.,0.));
#3856 = DIRECTION('',(0.,0.,1.));
#3857 = ADVANCED_FACE('',(#3858),#3885,.F.);
#3858 = FACE_BOUND('',#3859,.F.);
#3859 = EDGE_LOOP('',(#3860,#3861,#3862,#3863,#3864,#3865,#3866,#3867,
    #3868,#3869,#3870,#3871,#3872,#3878,#3879));
#3860 = ORIENTED_EDGE('',*,*,#1162,.F.);
#3861 = ORIENTED_EDGE('',*,*,#1541,.T.);
#3862 = ORIENTED_EDGE('',*,*,#1518,.F.);
#3863 = ORIENTED_EDGE('',*,*,#1501,.T.);
#3864 = ORIENTED_EDGE('',*,*,#1477,.T.);
#3865 = ORIENTED_EDGE('',*,*,#1446,.F.);
#3866 = ORIENTED_EDGE('',*,*,#1427,.T.);
#3867 = ORIENTED_EDGE('',*,*,#1396,.F.);
#3868 = ORIENTED_EDGE('',*,*,#1378,.T.);
#3869 = ORIENTED_EDGE('',*,*,#1347,.F.);
#3870 = ORIENTED_EDGE('',*,*,#1329,.T.);
#3871 = ORIENTED_EDGE('',*,*,#1130,.F.);
#3872 = ORIENTED_EDGE('',*,*,#3873,.F.);
#3873 = EDGE_CURVE('',#3497,#1131,#3874,.T.);
#3874 = LINE('',#3875,#3876);
#3875 = CARTESIAN_POINT('',(-1.6,0.750345009566,9.2));
#3876 = VECTOR('',#3877,1.);
#3877 = DIRECTION('',(0.,-1.,0.));
#3878 = ORIENTED_EDGE('',*,*,#3504,.T.);
#3879 = ORIENTED_EDGE('',*,*,#3880,.T.);
#3880 = EDGE_CURVE('',#3248,#1155,#3881,.T.);
#3881 = LINE('',#3882,#3883);
#3882 = CARTESIAN_POINT('',(19.1,0.750345009566,9.2));
#3883 = VECTOR('',#3884,1.);
#3884 = DIRECTION('',(0.,-1.,0.));
#3885 = PLANE('',#3886);
#3886 = AXIS2_PLACEMENT_3D('',#3887,#3888,#3889);
#3887 = CARTESIAN_POINT('',(8.750000000004,0.919999999993,9.2));
#3888 = DIRECTION('',(0.,0.,1.));
#3889 = DIRECTION('',(1.,0.,0.));
#3890 = ADVANCED_FACE('',(#3891),#3911,.T.);
#3891 = FACE_BOUND('',#3892,.T.);
#3892 = EDGE_LOOP('',(#3893,#3894,#3895,#3903,#3909,#3910));
#3893 = ORIENTED_EDGE('',*,*,#3880,.T.);
#3894 = ORIENTED_EDGE('',*,*,#1154,.T.);
#3895 = ORIENTED_EDGE('',*,*,#3896,.T.);
#3896 = EDGE_CURVE('',#1147,#3897,#3899,.T.);
#3897 = VERTEX_POINT('',#3898);
#3898 = CARTESIAN_POINT('',(19.1,0.57,2.7));
#3899 = LINE('',#3900,#3901);
#3900 = CARTESIAN_POINT('',(19.1,-1.53,2.7));
#3901 = VECTOR('',#3902,1.);
#3902 = DIRECTION('',(0.,1.,0.));
#3903 = ORIENTED_EDGE('',*,*,#3904,.T.);
#3904 = EDGE_CURVE('',#3897,#3570,#3905,.T.);
#3905 = LINE('',#3906,#3907);
#3906 = CARTESIAN_POINT('',(19.1,0.57,2.7));
#3907 = VECTOR('',#3908,1.);
#3908 = DIRECTION('',(0.,0.5,-0.866025403784));
#3909 = ORIENTED_EDGE('',*,*,#3569,.T.);
#3910 = ORIENTED_EDGE('',*,*,#3245,.T.);
#3911 = PLANE('',#3912);
#3912 = AXIS2_PLACEMENT_3D('',#3913,#3914,#3915);
#3913 = CARTESIAN_POINT('',(19.1,0.580690019138,6.030109938605));
#3914 = DIRECTION('',(1.,0.,0.));
#3915 = DIRECTION('',(0.,0.,1.));
#3916 = ADVANCED_FACE('',(#3917,#3935,#3969,#4003,#4037,#4071,#4105,
    #4139,#4173),#4179,.T.);
#3917 = FACE_BOUND('',#3918,.T.);
#3918 = EDGE_LOOP('',(#3919,#3920,#3928,#3934));
#3919 = ORIENTED_EDGE('',*,*,#1146,.T.);
#3920 = ORIENTED_EDGE('',*,*,#3921,.T.);
#3921 = EDGE_CURVE('',#1139,#3922,#3924,.T.);
#3922 = VERTEX_POINT('',#3923);
#3923 = CARTESIAN_POINT('',(-1.6,0.57,2.7));
#3924 = LINE('',#3925,#3926);
#3925 = CARTESIAN_POINT('',(-1.6,-1.53,2.7));
#3926 = VECTOR('',#3927,1.);
#3927 = DIRECTION('',(0.,1.,0.));
#3928 = ORIENTED_EDGE('',*,*,#3929,.F.);
#3929 = EDGE_CURVE('',#3897,#3922,#3930,.T.);
#3930 = LINE('',#3931,#3932);
#3931 = CARTESIAN_POINT('',(19.1,0.57,2.7));
#3932 = VECTOR('',#3933,1.);
#3933 = DIRECTION('',(-1.,-0.,-0.));
#3934 = ORIENTED_EDGE('',*,*,#3896,.F.);
#3935 = FACE_BOUND('',#3936,.T.);
#3936 = EDGE_LOOP('',(#3937,#3947,#3955,#3963));
#3937 = ORIENTED_EDGE('',*,*,#3938,.F.);
#3938 = EDGE_CURVE('',#3939,#3941,#3943,.T.);
#3939 = VERTEX_POINT('',#3940);
#3940 = CARTESIAN_POINT('',(0.4,-0.4,2.7));
#3941 = VERTEX_POINT('',#3942);
#3942 = CARTESIAN_POINT('',(-0.4,-0.4,2.7));
#3943 = LINE('',#3944,#3945);
#3944 = CARTESIAN_POINT('',(9.75,-0.4,2.7));
#3945 = VECTOR('',#3946,1.);
#3946 = DIRECTION('',(-1.,-0.,-0.));
#3947 = ORIENTED_EDGE('',*,*,#3948,.F.);
#3948 = EDGE_CURVE('',#3949,#3939,#3951,.T.);
#3949 = VERTEX_POINT('',#3950);
#3950 = CARTESIAN_POINT('',(0.4,0.4,2.7));
#3951 = LINE('',#3952,#3953);
#3952 = CARTESIAN_POINT('',(0.4,-0.765,2.7));
#3953 = VECTOR('',#3954,1.);
#3954 = DIRECTION('',(0.,-1.,0.));
#3955 = ORIENTED_EDGE('',*,*,#3956,.F.);
#3956 = EDGE_CURVE('',#3957,#3949,#3959,.T.);
#3957 = VERTEX_POINT('',#3958);
#3958 = CARTESIAN_POINT('',(-0.4,0.4,2.7));
#3959 = LINE('',#3960,#3961);
#3960 = CARTESIAN_POINT('',(9.75,0.4,2.7));
#3961 = VECTOR('',#3962,1.);
#3962 = DIRECTION('',(1.,0.,0.));
#3963 = ORIENTED_EDGE('',*,*,#3964,.T.);
#3964 = EDGE_CURVE('',#3957,#3941,#3965,.T.);
#3965 = LINE('',#3966,#3967);
#3966 = CARTESIAN_POINT('',(-0.4,-0.765,2.7));
#3967 = VECTOR('',#3968,1.);
#3968 = DIRECTION('',(0.,-1.,0.));
#3969 = FACE_BOUND('',#3970,.T.);
#3970 = EDGE_LOOP('',(#3971,#3981,#3989,#3997));
#3971 = ORIENTED_EDGE('',*,*,#3972,.F.);
#3972 = EDGE_CURVE('',#3973,#3975,#3977,.T.);
#3973 = VERTEX_POINT('',#3974);
#3974 = CARTESIAN_POINT('',(2.9,-0.4,2.7));
#3975 = VERTEX_POINT('',#3976);
#3976 = CARTESIAN_POINT('',(2.1,-0.4,2.7));
#3977 = LINE('',#3978,#3979);
#3978 = CARTESIAN_POINT('',(11.,-0.4,2.7));
#3979 = VECTOR('',#3980,1.);
#3980 = DIRECTION('',(-1.,-0.,-0.));
#3981 = ORIENTED_EDGE('',*,*,#3982,.F.);
#3982 = EDGE_CURVE('',#3983,#3973,#3985,.T.);
#3983 = VERTEX_POINT('',#3984);
#3984 = CARTESIAN_POINT('',(2.9,0.4,2.7));
#3985 = LINE('',#3986,#3987);
#3986 = CARTESIAN_POINT('',(2.9,-0.765,2.7));
#3987 = VECTOR('',#3988,1.);
#3988 = DIRECTION('',(0.,-1.,0.));
#3989 = ORIENTED_EDGE('',*,*,#3990,.F.);
#3990 = EDGE_CURVE('',#3991,#3983,#3993,.T.);
#3991 = VERTEX_POINT('',#3992);
#3992 = CARTESIAN_POINT('',(2.1,0.4,2.7));
#3993 = LINE('',#3994,#3995);
#3994 = CARTESIAN_POINT('',(11.,0.4,2.7));
#3995 = VECTOR('',#3996,1.);
#3996 = DIRECTION('',(1.,0.,0.));
#3997 = ORIENTED_EDGE('',*,*,#3998,.T.);
#3998 = EDGE_CURVE('',#3991,#3975,#3999,.T.);
#3999 = LINE('',#4000,#4001);
#4000 = CARTESIAN_POINT('',(2.1,-0.765,2.7));
#4001 = VECTOR('',#4002,1.);
#4002 = DIRECTION('',(0.,-1.,0.));
#4003 = FACE_BOUND('',#4004,.T.);
#4004 = EDGE_LOOP('',(#4005,#4015,#4023,#4031));
#4005 = ORIENTED_EDGE('',*,*,#4006,.F.);
#4006 = EDGE_CURVE('',#4007,#4009,#4011,.T.);
#4007 = VERTEX_POINT('',#4008);
#4008 = CARTESIAN_POINT('',(5.4,-0.4,2.7));
#4009 = VERTEX_POINT('',#4010);
#4010 = CARTESIAN_POINT('',(4.6,-0.4,2.7));
#4011 = LINE('',#4012,#4013);
#4012 = CARTESIAN_POINT('',(12.25,-0.4,2.7));
#4013 = VECTOR('',#4014,1.);
#4014 = DIRECTION('',(-1.,-0.,-0.));
#4015 = ORIENTED_EDGE('',*,*,#4016,.F.);
#4016 = EDGE_CURVE('',#4017,#4007,#4019,.T.);
#4017 = VERTEX_POINT('',#4018);
#4018 = CARTESIAN_POINT('',(5.4,0.4,2.7));
#4019 = LINE('',#4020,#4021);
#4020 = CARTESIAN_POINT('',(5.4,-0.765,2.7));
#4021 = VECTOR('',#4022,1.);
#4022 = DIRECTION('',(0.,-1.,0.));
#4023 = ORIENTED_EDGE('',*,*,#4024,.F.);
#4024 = EDGE_CURVE('',#4025,#4017,#4027,.T.);
#4025 = VERTEX_POINT('',#4026);
#4026 = CARTESIAN_POINT('',(4.6,0.4,2.7));
#4027 = LINE('',#4028,#4029);
#4028 = CARTESIAN_POINT('',(12.25,0.4,2.7));
#4029 = VECTOR('',#4030,1.);
#4030 = DIRECTION('',(1.,0.,0.));
#4031 = ORIENTED_EDGE('',*,*,#4032,.T.);
#4032 = EDGE_CURVE('',#4025,#4009,#4033,.T.);
#4033 = LINE('',#4034,#4035);
#4034 = CARTESIAN_POINT('',(4.6,-0.765,2.7));
#4035 = VECTOR('',#4036,1.);
#4036 = DIRECTION('',(0.,-1.,0.));
#4037 = FACE_BOUND('',#4038,.T.);
#4038 = EDGE_LOOP('',(#4039,#4049,#4057,#4065));
#4039 = ORIENTED_EDGE('',*,*,#4040,.F.);
#4040 = EDGE_CURVE('',#4041,#4043,#4045,.T.);
#4041 = VERTEX_POINT('',#4042);
#4042 = CARTESIAN_POINT('',(7.9,-0.4,2.7));
#4043 = VERTEX_POINT('',#4044);
#4044 = CARTESIAN_POINT('',(7.1,-0.4,2.7));
#4045 = LINE('',#4046,#4047);
#4046 = CARTESIAN_POINT('',(13.5,-0.4,2.7));
#4047 = VECTOR('',#4048,1.);
#4048 = DIRECTION('',(-1.,-0.,-0.));
#4049 = ORIENTED_EDGE('',*,*,#4050,.F.);
#4050 = EDGE_CURVE('',#4051,#4041,#4053,.T.);
#4051 = VERTEX_POINT('',#4052);
#4052 = CARTESIAN_POINT('',(7.9,0.4,2.7));
#4053 = LINE('',#4054,#4055);
#4054 = CARTESIAN_POINT('',(7.9,-0.765,2.7));
#4055 = VECTOR('',#4056,1.);
#4056 = DIRECTION('',(0.,-1.,0.));
#4057 = ORIENTED_EDGE('',*,*,#4058,.F.);
#4058 = EDGE_CURVE('',#4059,#4051,#4061,.T.);
#4059 = VERTEX_POINT('',#4060);
#4060 = CARTESIAN_POINT('',(7.1,0.4,2.7));
#4061 = LINE('',#4062,#4063);
#4062 = CARTESIAN_POINT('',(13.5,0.4,2.7));
#4063 = VECTOR('',#4064,1.);
#4064 = DIRECTION('',(1.,0.,0.));
#4065 = ORIENTED_EDGE('',*,*,#4066,.T.);
#4066 = EDGE_CURVE('',#4059,#4043,#4067,.T.);
#4067 = LINE('',#4068,#4069);
#4068 = CARTESIAN_POINT('',(7.1,-0.765,2.7));
#4069 = VECTOR('',#4070,1.);
#4070 = DIRECTION('',(0.,-1.,0.));
#4071 = FACE_BOUND('',#4072,.T.);
#4072 = EDGE_LOOP('',(#4073,#4083,#4091,#4099));
#4073 = ORIENTED_EDGE('',*,*,#4074,.F.);
#4074 = EDGE_CURVE('',#4075,#4077,#4079,.T.);
#4075 = VERTEX_POINT('',#4076);
#4076 = CARTESIAN_POINT('',(10.4,-0.4,2.7));
#4077 = VERTEX_POINT('',#4078);
#4078 = CARTESIAN_POINT('',(9.6,-0.4,2.7));
#4079 = LINE('',#4080,#4081);
#4080 = CARTESIAN_POINT('',(14.75,-0.4,2.7));
#4081 = VECTOR('',#4082,1.);
#4082 = DIRECTION('',(-1.,-0.,-0.));
#4083 = ORIENTED_EDGE('',*,*,#4084,.F.);
#4084 = EDGE_CURVE('',#4085,#4075,#4087,.T.);
#4085 = VERTEX_POINT('',#4086);
#4086 = CARTESIAN_POINT('',(10.4,0.4,2.7));
#4087 = LINE('',#4088,#4089);
#4088 = CARTESIAN_POINT('',(10.4,-0.765,2.7));
#4089 = VECTOR('',#4090,1.);
#4090 = DIRECTION('',(0.,-1.,0.));
#4091 = ORIENTED_EDGE('',*,*,#4092,.F.);
#4092 = EDGE_CURVE('',#4093,#4085,#4095,.T.);
#4093 = VERTEX_POINT('',#4094);
#4094 = CARTESIAN_POINT('',(9.6,0.4,2.7));
#4095 = LINE('',#4096,#4097);
#4096 = CARTESIAN_POINT('',(14.75,0.4,2.7));
#4097 = VECTOR('',#4098,1.);
#4098 = DIRECTION('',(1.,0.,0.));
#4099 = ORIENTED_EDGE('',*,*,#4100,.T.);
#4100 = EDGE_CURVE('',#4093,#4077,#4101,.T.);
#4101 = LINE('',#4102,#4103);
#4102 = CARTESIAN_POINT('',(9.6,-0.765,2.7));
#4103 = VECTOR('',#4104,1.);
#4104 = DIRECTION('',(0.,-1.,0.));
#4105 = FACE_BOUND('',#4106,.T.);
#4106 = EDGE_LOOP('',(#4107,#4117,#4125,#4133));
#4107 = ORIENTED_EDGE('',*,*,#4108,.F.);
#4108 = EDGE_CURVE('',#4109,#4111,#4113,.T.);
#4109 = VERTEX_POINT('',#4110);
#4110 = CARTESIAN_POINT('',(12.9,-0.4,2.7));
#4111 = VERTEX_POINT('',#4112);
#4112 = CARTESIAN_POINT('',(12.1,-0.4,2.7));
#4113 = LINE('',#4114,#4115);
#4114 = CARTESIAN_POINT('',(16.,-0.4,2.7));
#4115 = VECTOR('',#4116,1.);
#4116 = DIRECTION('',(-1.,-0.,-0.));
#4117 = ORIENTED_EDGE('',*,*,#4118,.F.);
#4118 = EDGE_CURVE('',#4119,#4109,#4121,.T.);
#4119 = VERTEX_POINT('',#4120);
#4120 = CARTESIAN_POINT('',(12.9,0.4,2.7));
#4121 = LINE('',#4122,#4123);
#4122 = CARTESIAN_POINT('',(12.9,-0.765,2.7));
#4123 = VECTOR('',#4124,1.);
#4124 = DIRECTION('',(0.,-1.,0.));
#4125 = ORIENTED_EDGE('',*,*,#4126,.F.);
#4126 = EDGE_CURVE('',#4127,#4119,#4129,.T.);
#4127 = VERTEX_POINT('',#4128);
#4128 = CARTESIAN_POINT('',(12.1,0.4,2.7));
#4129 = LINE('',#4130,#4131);
#4130 = CARTESIAN_POINT('',(16.,0.4,2.7));
#4131 = VECTOR('',#4132,1.);
#4132 = DIRECTION('',(1.,0.,0.));
#4133 = ORIENTED_EDGE('',*,*,#4134,.T.);
#4134 = EDGE_CURVE('',#4127,#4111,#4135,.T.);
#4135 = LINE('',#4136,#4137);
#4136 = CARTESIAN_POINT('',(12.1,-0.765,2.7));
#4137 = VECTOR('',#4138,1.);
#4138 = DIRECTION('',(0.,-1.,0.));
#4139 = FACE_BOUND('',#4140,.T.);
#4140 = EDGE_LOOP('',(#4141,#4151,#4159,#4167));
#4141 = ORIENTED_EDGE('',*,*,#4142,.F.);
#4142 = EDGE_CURVE('',#4143,#4145,#4147,.T.);
#4143 = VERTEX_POINT('',#4144);
#4144 = CARTESIAN_POINT('',(15.4,-0.4,2.7));
#4145 = VERTEX_POINT('',#4146);
#4146 = CARTESIAN_POINT('',(14.6,-0.4,2.7));
#4147 = LINE('',#4148,#4149);
#4148 = CARTESIAN_POINT('',(17.25,-0.4,2.7));
#4149 = VECTOR('',#4150,1.);
#4150 = DIRECTION('',(-1.,-0.,-0.));
#4151 = ORIENTED_EDGE('',*,*,#4152,.F.);
#4152 = EDGE_CURVE('',#4153,#4143,#4155,.T.);
#4153 = VERTEX_POINT('',#4154);
#4154 = CARTESIAN_POINT('',(15.4,0.4,2.7));
#4155 = LINE('',#4156,#4157);
#4156 = CARTESIAN_POINT('',(15.4,-0.765,2.7));
#4157 = VECTOR('',#4158,1.);
#4158 = DIRECTION('',(0.,-1.,0.));
#4159 = ORIENTED_EDGE('',*,*,#4160,.F.);
#4160 = EDGE_CURVE('',#4161,#4153,#4163,.T.);
#4161 = VERTEX_POINT('',#4162);
#4162 = CARTESIAN_POINT('',(14.6,0.4,2.7));
#4163 = LINE('',#4164,#4165);
#4164 = CARTESIAN_POINT('',(17.25,0.4,2.7));
#4165 = VECTOR('',#4166,1.);
#4166 = DIRECTION('',(1.,0.,0.));
#4167 = ORIENTED_EDGE('',*,*,#4168,.T.);
#4168 = EDGE_CURVE('',#4161,#4145,#4169,.T.);
#4169 = LINE('',#4170,#4171);
#4170 = CARTESIAN_POINT('',(14.6,-0.765,2.7));
#4171 = VECTOR('',#4172,1.);
#4172 = DIRECTION('',(0.,-1.,0.));
#4173 = FACE_BOUND('',#4174,.T.);
#4174 = EDGE_LOOP('',(#4175,#4176,#4177,#4178));
#4175 = ORIENTED_EDGE('',*,*,#3782,.F.);
#4176 = ORIENTED_EDGE('',*,*,#3798,.F.);
#4177 = ORIENTED_EDGE('',*,*,#3845,.F.);
#4178 = ORIENTED_EDGE('',*,*,#3822,.T.);
#4179 = PLANE('',#4180);
#4180 = AXIS2_PLACEMENT_3D('',#4181,#4182,#4183);
#4181 = CARTESIAN_POINT('',(19.1,-1.53,2.7));
#4182 = DIRECTION('',(0.,0.,-1.));
#4183 = DIRECTION('',(0.,1.,0.));
#4184 = ADVANCED_FACE('',(#4185),#4198,.F.);
#4185 = FACE_BOUND('',#4186,.F.);
#4186 = EDGE_LOOP('',(#4187,#4188,#4189,#4190,#4196,#4197));
#4187 = ORIENTED_EDGE('',*,*,#3873,.T.);
#4188 = ORIENTED_EDGE('',*,*,#1138,.T.);
#4189 = ORIENTED_EDGE('',*,*,#3921,.T.);
#4190 = ORIENTED_EDGE('',*,*,#4191,.T.);
#4191 = EDGE_CURVE('',#3922,#3578,#4192,.T.);
#4192 = LINE('',#4193,#4194);
#4193 = CARTESIAN_POINT('',(-1.6,0.57,2.7));
#4194 = VECTOR('',#4195,1.);
#4195 = DIRECTION('',(0.,0.5,-0.866025403784));
#4196 = ORIENTED_EDGE('',*,*,#3585,.T.);
#4197 = ORIENTED_EDGE('',*,*,#3496,.T.);
#4198 = PLANE('',#4199);
#4199 = AXIS2_PLACEMENT_3D('',#4200,#4201,#4202);
#4200 = CARTESIAN_POINT('',(-1.6,0.580690019138,6.030109938605));
#4201 = DIRECTION('',(1.,0.,0.));
#4202 = DIRECTION('',(0.,0.,1.));
#4203 = ADVANCED_FACE('',(#4204),#4215,.T.);
#4204 = FACE_BOUND('',#4205,.T.);
#4205 = EDGE_LOOP('',(#4206,#4212,#4213,#4214));
#4206 = ORIENTED_EDGE('',*,*,#4207,.T.);
#4207 = EDGE_CURVE('',#1100,#1209,#4208,.T.);
#4208 = LINE('',#4209,#4210);
#4209 = CARTESIAN_POINT('',(-0.65,-1.530000000001,5.7));
#4210 = VECTOR('',#4211,1.);
#4211 = DIRECTION('',(8.13501427887E-14,-1.,-1.09467990228E-13));
#4212 = ORIENTED_EDGE('',*,*,#1208,.T.);
#4213 = ORIENTED_EDGE('',*,*,#1306,.F.);
#4214 = ORIENTED_EDGE('',*,*,#1107,.F.);
#4215 = PLANE('',#4216);
#4216 = AXIS2_PLACEMENT_3D('',#4217,#4218,#4219);
#4217 = CARTESIAN_POINT('',(-0.65,-1.530000000001,5.7));
#4218 = DIRECTION('',(4.449750243154E-27,-1.09467990228E-13,1.));
#4219 = DIRECTION('',(1.,8.13501427887E-14,4.455486392688E-27));
#4220 = ADVANCED_FACE('',(#4221),#4232,.T.);
#4221 = FACE_BOUND('',#4222,.T.);
#4222 = EDGE_LOOP('',(#4223,#4229,#4230,#4231));
#4223 = ORIENTED_EDGE('',*,*,#4224,.T.);
#4224 = EDGE_CURVE('',#1092,#1217,#4225,.T.);
#4225 = LINE('',#4226,#4227);
#4226 = CARTESIAN_POINT('',(-0.65,-1.530000000001,4.9));
#4227 = VECTOR('',#4228,1.);
#4228 = DIRECTION('',(8.13501427887E-14,-1.,-1.09467990228E-13));
#4229 = ORIENTED_EDGE('',*,*,#1216,.T.);
#4230 = ORIENTED_EDGE('',*,*,#4207,.F.);
#4231 = ORIENTED_EDGE('',*,*,#1099,.F.);
#4232 = PLANE('',#4233);
#4233 = AXIS2_PLACEMENT_3D('',#4234,#4235,#4236);
#4234 = CARTESIAN_POINT('',(-0.65,-1.530000000001,4.9));
#4235 = DIRECTION('',(-1.,-8.13501427887E-14,-4.455486392688E-27));
#4236 = DIRECTION('',(4.449750243154E-27,-1.09467990228E-13,1.));
#4237 = ADVANCED_FACE('',(#4238),#4249,.T.);
#4238 = FACE_BOUND('',#4239,.T.);
#4239 = EDGE_LOOP('',(#4240,#4246,#4247,#4248));
#4240 = ORIENTED_EDGE('',*,*,#4241,.T.);
#4241 = EDGE_CURVE('',#1084,#1225,#4242,.T.);
#4242 = LINE('',#4243,#4244);
#4243 = CARTESIAN_POINT('',(5.000000000012E-02,-1.530000000001,3.7));
#4244 = VECTOR('',#4245,1.);
#4245 = DIRECTION('',(8.13501427887E-14,-1.,-1.09467990228E-13));
#4246 = ORIENTED_EDGE('',*,*,#1224,.T.);
#4247 = ORIENTED_EDGE('',*,*,#4224,.F.);
#4248 = ORIENTED_EDGE('',*,*,#1091,.F.);
#4249 = PLANE('',#4250);
#4250 = AXIS2_PLACEMENT_3D('',#4251,#4252,#4253);
#4251 = CARTESIAN_POINT('',(5.000000000012E-02,-1.530000000001,3.7));
#4252 = DIRECTION('',(-0.863778900898,-1.511078842769E-14,
    -0.503871025524));
#4253 = DIRECTION('',(-0.503871025524,-1.355461201562E-13,0.863778900898
    ));
#4254 = ADVANCED_FACE('',(#4255),#4266,.T.);
#4255 = FACE_BOUND('',#4256,.T.);
#4256 = EDGE_LOOP('',(#4257,#4263,#4264,#4265));
#4257 = ORIENTED_EDGE('',*,*,#4258,.T.);
#4258 = EDGE_CURVE('',#1076,#1233,#4259,.T.);
#4259 = LINE('',#4260,#4261);
#4260 = CARTESIAN_POINT('',(0.65,-1.530000000001,3.7));
#4261 = VECTOR('',#4262,1.);
#4262 = DIRECTION('',(8.13501427887E-14,-1.,-1.09467990228E-13));
#4263 = ORIENTED_EDGE('',*,*,#1232,.T.);
#4264 = ORIENTED_EDGE('',*,*,#4241,.F.);
#4265 = ORIENTED_EDGE('',*,*,#1083,.F.);
#4266 = PLANE('',#4267);
#4267 = AXIS2_PLACEMENT_3D('',#4268,#4269,#4270);
#4268 = CARTESIAN_POINT('',(0.65,-1.530000000001,3.7));
#4269 = DIRECTION('',(-4.449750243154E-27,1.09467990228E-13,-1.));
#4270 = DIRECTION('',(-1.,-8.13501427887E-14,-4.455486392688E-27));
#4271 = ADVANCED_FACE('',(#4272),#4283,.T.);
#4272 = FACE_BOUND('',#4273,.T.);
#4273 = EDGE_LOOP('',(#4274,#4280,#4281,#4282));
#4274 = ORIENTED_EDGE('',*,*,#4275,.T.);
#4275 = EDGE_CURVE('',#1068,#1241,#4276,.T.);
#4276 = LINE('',#4277,#4278);
#4277 = CARTESIAN_POINT('',(0.65,-1.530000000001,9.));
#4278 = VECTOR('',#4279,1.);
#4279 = DIRECTION('',(8.13501427887E-14,-1.,-1.09467990228E-13));
#4280 = ORIENTED_EDGE('',*,*,#1240,.T.);
#4281 = ORIENTED_EDGE('',*,*,#4258,.F.);
#4282 = ORIENTED_EDGE('',*,*,#1075,.F.);
#4283 = PLANE('',#4284);
#4284 = AXIS2_PLACEMENT_3D('',#4285,#4286,#4287);
#4285 = CARTESIAN_POINT('',(0.65,-1.530000000001,9.));
#4286 = DIRECTION('',(1.,8.13501427887E-14,4.455486392688E-27));
#4287 = DIRECTION('',(-4.449750243154E-27,1.09467990228E-13,-1.));
#4288 = ADVANCED_FACE('',(#4289),#4300,.F.);
#4289 = FACE_BOUND('',#4290,.F.);
#4290 = EDGE_LOOP('',(#4291,#4292,#4293,#4299));
#4291 = ORIENTED_EDGE('',*,*,#4275,.T.);
#4292 = ORIENTED_EDGE('',*,*,#1248,.T.);
#4293 = ORIENTED_EDGE('',*,*,#4294,.F.);
#4294 = EDGE_CURVE('',#1060,#1249,#4295,.T.);
#4295 = LINE('',#4296,#4297);
#4296 = CARTESIAN_POINT('',(16.85,-1.53,9.));
#4297 = VECTOR('',#4298,1.);
#4298 = DIRECTION('',(8.13501427887E-14,-1.,-1.09467990228E-13));
#4299 = ORIENTED_EDGE('',*,*,#1067,.F.);
#4300 = PLANE('',#4301);
#4301 = AXIS2_PLACEMENT_3D('',#4302,#4303,#4304);
#4302 = CARTESIAN_POINT('',(0.65,-1.530000000001,9.));
#4303 = DIRECTION('',(4.449750243154E-27,-1.09467990228E-13,1.));
#4304 = DIRECTION('',(1.,8.13501427887E-14,4.455486392688E-27));
#4305 = ADVANCED_FACE('',(#4306),#4317,.F.);
#4306 = FACE_BOUND('',#4307,.F.);
#4307 = EDGE_LOOP('',(#4308,#4309,#4310,#4316));
#4308 = ORIENTED_EDGE('',*,*,#4294,.T.);
#4309 = ORIENTED_EDGE('',*,*,#1256,.T.);
#4310 = ORIENTED_EDGE('',*,*,#4311,.F.);
#4311 = EDGE_CURVE('',#1052,#1257,#4312,.T.);
#4312 = LINE('',#4313,#4314);
#4313 = CARTESIAN_POINT('',(16.85,-1.529999999999,3.7));
#4314 = VECTOR('',#4315,1.);
#4315 = DIRECTION('',(8.13501427887E-14,-1.,-1.09467990228E-13));
#4316 = ORIENTED_EDGE('',*,*,#1059,.F.);
#4317 = PLANE('',#4318);
#4318 = AXIS2_PLACEMENT_3D('',#4319,#4320,#4321);
#4319 = CARTESIAN_POINT('',(16.85,-1.53,9.));
#4320 = DIRECTION('',(1.,8.13501427887E-14,4.455486392688E-27));
#4321 = DIRECTION('',(-4.449750243154E-27,1.09467990228E-13,-1.));
#4322 = ADVANCED_FACE('',(#4323),#4334,.F.);
#4323 = FACE_BOUND('',#4324,.F.);
#4324 = EDGE_LOOP('',(#4325,#4326,#4327,#4333));
#4325 = ORIENTED_EDGE('',*,*,#4311,.T.);
#4326 = ORIENTED_EDGE('',*,*,#1264,.T.);
#4327 = ORIENTED_EDGE('',*,*,#4328,.F.);
#4328 = EDGE_CURVE('',#1044,#1265,#4329,.T.);
#4329 = LINE('',#4330,#4331);
#4330 = CARTESIAN_POINT('',(17.45,-1.529999999999,3.7));
#4331 = VECTOR('',#4332,1.);
#4332 = DIRECTION('',(8.13501427887E-14,-1.,-1.09467990228E-13));
#4333 = ORIENTED_EDGE('',*,*,#1051,.F.);
#4334 = PLANE('',#4335);
#4335 = AXIS2_PLACEMENT_3D('',#4336,#4337,#4338);
#4336 = CARTESIAN_POINT('',(16.85,-1.529999999999,3.7));
#4337 = DIRECTION('',(4.449750243154E-27,-1.09467990228E-13,1.));
#4338 = DIRECTION('',(1.,8.13501427887E-14,4.455486392688E-27));
#4339 = ADVANCED_FACE('',(#4340),#4351,.F.);
#4340 = FACE_BOUND('',#4341,.F.);
#4341 = EDGE_LOOP('',(#4342,#4343,#4344,#4350));
#4342 = ORIENTED_EDGE('',*,*,#4328,.T.);
#4343 = ORIENTED_EDGE('',*,*,#1272,.T.);
#4344 = ORIENTED_EDGE('',*,*,#4345,.F.);
#4345 = EDGE_CURVE('',#1036,#1273,#4346,.T.);
#4346 = LINE('',#4347,#4348);
#4347 = CARTESIAN_POINT('',(18.15,-1.529999999999,4.9));
#4348 = VECTOR('',#4349,1.);
#4349 = DIRECTION('',(8.13501427887E-14,-1.,-1.09467990228E-13));
#4350 = ORIENTED_EDGE('',*,*,#1043,.F.);
#4351 = PLANE('',#4352);
#4352 = AXIS2_PLACEMENT_3D('',#4353,#4354,#4355);
#4353 = CARTESIAN_POINT('',(17.45,-1.529999999999,3.7));
#4354 = DIRECTION('',(-0.863778900898,-1.254262854242E-13,0.503871025524
    ));
#4355 = DIRECTION('',(0.503871025524,-5.356616040927E-14,0.863778900898)
  );
#4356 = ADVANCED_FACE('',(#4357),#4368,.F.);
#4357 = FACE_BOUND('',#4358,.F.);
#4358 = EDGE_LOOP('',(#4359,#4360,#4361,#4367));
#4359 = ORIENTED_EDGE('',*,*,#4345,.T.);
#4360 = ORIENTED_EDGE('',*,*,#1280,.T.);
#4361 = ORIENTED_EDGE('',*,*,#4362,.F.);
#4362 = EDGE_CURVE('',#1028,#1281,#4363,.T.);
#4363 = LINE('',#4364,#4365);
#4364 = CARTESIAN_POINT('',(18.15,-1.53,5.7));
#4365 = VECTOR('',#4366,1.);
#4366 = DIRECTION('',(8.13501427887E-14,-1.,-1.09467990228E-13));
#4367 = ORIENTED_EDGE('',*,*,#1035,.F.);
#4368 = PLANE('',#4369);
#4369 = AXIS2_PLACEMENT_3D('',#4370,#4371,#4372);
#4370 = CARTESIAN_POINT('',(18.15,-1.529999999999,4.9));
#4371 = DIRECTION('',(-1.,-8.13501427887E-14,-4.455486392688E-27));
#4372 = DIRECTION('',(4.449750243154E-27,-1.09467990228E-13,1.));
#4373 = ADVANCED_FACE('',(#4374),#4380,.F.);
#4374 = FACE_BOUND('',#4375,.F.);
#4375 = EDGE_LOOP('',(#4376,#4377,#4378,#4379));
#4376 = ORIENTED_EDGE('',*,*,#4362,.T.);
#4377 = ORIENTED_EDGE('',*,*,#1288,.T.);
#4378 = ORIENTED_EDGE('',*,*,#1185,.F.);
#4379 = ORIENTED_EDGE('',*,*,#1027,.F.);
#4380 = PLANE('',#4381);
#4381 = AXIS2_PLACEMENT_3D('',#4382,#4383,#4384);
#4382 = CARTESIAN_POINT('',(18.15,-1.53,5.7));
#4383 = DIRECTION('',(-4.449750243154E-27,1.09467990228E-13,-1.));
#4384 = DIRECTION('',(-1.,-8.13501427887E-14,-4.455486392688E-27));
#4385 = ADVANCED_FACE('',(#4386),#4406,.F.);
#4386 = FACE_BOUND('',#4387,.F.);
#4387 = EDGE_LOOP('',(#4388,#4394,#4395,#4401,#4402,#4403,#4404,#4405));
#4388 = ORIENTED_EDGE('',*,*,#4389,.F.);
#4389 = EDGE_CURVE('',#3273,#1645,#4390,.T.);
#4390 = LINE('',#4391,#4392);
#4391 = CARTESIAN_POINT('',(15.6,2.57,5.25));
#4392 = VECTOR('',#4393,1.);
#4393 = DIRECTION('',(0.,-1.,0.));
#4394 = ORIENTED_EDGE('',*,*,#3280,.T.);
#4395 = ORIENTED_EDGE('',*,*,#4396,.T.);
#4396 = EDGE_CURVE('',#3281,#1822,#4397,.T.);
#4397 = LINE('',#4398,#4399);
#4398 = CARTESIAN_POINT('',(14.4,2.57,5.25));
#4399 = VECTOR('',#4400,1.);
#4400 = DIRECTION('',(0.,-1.,0.));
#4401 = ORIENTED_EDGE('',*,*,#1821,.F.);
#4402 = ORIENTED_EDGE('',*,*,#1803,.T.);
#4403 = ORIENTED_EDGE('',*,*,#1747,.F.);
#4404 = ORIENTED_EDGE('',*,*,#1700,.F.);
#4405 = ORIENTED_EDGE('',*,*,#1652,.F.);
#4406 = PLANE('',#4407);
#4407 = AXIS2_PLACEMENT_3D('',#4408,#4409,#4410);
#4408 = CARTESIAN_POINT('',(15.6,2.57,5.25));
#4409 = DIRECTION('',(0.,0.,1.));
#4410 = DIRECTION('',(0.,-1.,0.));
#4411 = ADVANCED_FACE('',(#4412),#4448,.F.);
#4412 = FACE_BOUND('',#4413,.F.);
#4413 = EDGE_LOOP('',(#4414,#4415,#4416,#4417,#4425,#4433,#4441,#4447));
#4414 = ORIENTED_EDGE('',*,*,#3272,.T.);
#4415 = ORIENTED_EDGE('',*,*,#4389,.T.);
#4416 = ORIENTED_EDGE('',*,*,#1644,.T.);
#4417 = ORIENTED_EDGE('',*,*,#4418,.T.);
#4418 = EDGE_CURVE('',#1637,#4419,#4421,.T.);
#4419 = VERTEX_POINT('',#4420);
#4420 = CARTESIAN_POINT('',(15.6,0.5468198,3.45));
#4421 = LINE('',#4422,#4423);
#4422 = CARTESIAN_POINT('',(15.6,1.52,3.45));
#4423 = VECTOR('',#4424,1.);
#4424 = DIRECTION('',(0.,-1.,0.));
#4425 = ORIENTED_EDGE('',*,*,#4426,.T.);
#4426 = EDGE_CURVE('',#4419,#4427,#4429,.T.);
#4427 = VERTEX_POINT('',#4428);
#4428 = CARTESIAN_POINT('',(15.6,1.044,2.6151));
#4429 = LINE('',#4430,#4431);
#4430 = CARTESIAN_POINT('',(15.6,0.5468198,3.45));
#4431 = VECTOR('',#4432,1.);
#4432 = DIRECTION('',(0.,0.511647917429,-0.859195209828));
#4433 = ORIENTED_EDGE('',*,*,#4434,.T.);
#4434 = EDGE_CURVE('',#4427,#4435,#4437,.T.);
#4435 = VERTEX_POINT('',#4436);
#4436 = CARTESIAN_POINT('',(15.6,1.52,2.6151));
#4437 = LINE('',#4438,#4439);
#4438 = CARTESIAN_POINT('',(15.6,1.044,2.6151));
#4439 = VECTOR('',#4440,1.);
#4440 = DIRECTION('',(0.,1.,0.));
#4441 = ORIENTED_EDGE('',*,*,#4442,.T.);
#4442 = EDGE_CURVE('',#4435,#3739,#4443,.T.);
#4443 = LINE('',#4444,#4445);
#4444 = CARTESIAN_POINT('',(15.6,1.52,2.6151));
#4445 = VECTOR('',#4446,1.);
#4446 = DIRECTION('',(0.,0.,-1.));
#4447 = ORIENTED_EDGE('',*,*,#3746,.T.);
#4448 = PLANE('',#4449);
#4449 = AXIS2_PLACEMENT_3D('',#4450,#4451,#4452);
#4450 = CARTESIAN_POINT('',(15.6,1.834452703854,3.573485056924));
#4451 = DIRECTION('',(1.,0.,0.));
#4452 = DIRECTION('',(0.,0.,1.));
#4453 = ADVANCED_FACE('',(#4454,#4476),#4510,.F.);
#4454 = FACE_BOUND('',#4455,.F.);
#4455 = EDGE_LOOP('',(#4456,#4457,#4458,#4459,#4460,#4468,#4474,#4475));
#4456 = ORIENTED_EDGE('',*,*,#1675,.F.);
#4457 = ORIENTED_EDGE('',*,*,#1732,.T.);
#4458 = ORIENTED_EDGE('',*,*,#1771,.T.);
#4459 = ORIENTED_EDGE('',*,*,#1837,.F.);
#4460 = ORIENTED_EDGE('',*,*,#4461,.T.);
#4461 = EDGE_CURVE('',#1830,#4462,#4464,.T.);
#4462 = VERTEX_POINT('',#4463);
#4463 = CARTESIAN_POINT('',(14.4,0.5468198,3.45));
#4464 = LINE('',#4465,#4466);
#4465 = CARTESIAN_POINT('',(14.4,1.52,3.45));
#4466 = VECTOR('',#4467,1.);
#4467 = DIRECTION('',(0.,-1.,0.));
#4468 = ORIENTED_EDGE('',*,*,#4469,.F.);
#4469 = EDGE_CURVE('',#4419,#4462,#4470,.T.);
#4470 = LINE('',#4471,#4472);
#4471 = CARTESIAN_POINT('',(15.6,0.5468198,3.45));
#4472 = VECTOR('',#4473,1.);
#4473 = DIRECTION('',(-1.,-0.,-0.));
#4474 = ORIENTED_EDGE('',*,*,#4418,.F.);
#4475 = ORIENTED_EDGE('',*,*,#1636,.F.);
#4476 = FACE_BOUND('',#4477,.F.);
#4477 = EDGE_LOOP('',(#4478,#4488,#4496,#4504));
#4478 = ORIENTED_EDGE('',*,*,#4479,.F.);
#4479 = EDGE_CURVE('',#4480,#4482,#4484,.T.);
#4480 = VERTEX_POINT('',#4481);
#4481 = CARTESIAN_POINT('',(15.4,-0.4,3.45));
#4482 = VERTEX_POINT('',#4483);
#4483 = CARTESIAN_POINT('',(14.6,-0.4,3.45));
#4484 = LINE('',#4485,#4486);
#4485 = CARTESIAN_POINT('',(15.4,-0.4,3.45));
#4486 = VECTOR('',#4487,1.);
#4487 = DIRECTION('',(-1.,-0.,-0.));
#4488 = ORIENTED_EDGE('',*,*,#4489,.F.);
#4489 = EDGE_CURVE('',#4490,#4480,#4492,.T.);
#4490 = VERTEX_POINT('',#4491);
#4491 = CARTESIAN_POINT('',(15.4,0.4,3.45));
#4492 = LINE('',#4493,#4494);
#4493 = CARTESIAN_POINT('',(15.4,0.4,3.45));
#4494 = VECTOR('',#4495,1.);
#4495 = DIRECTION('',(0.,-1.,0.));
#4496 = ORIENTED_EDGE('',*,*,#4497,.T.);
#4497 = EDGE_CURVE('',#4490,#4498,#4500,.T.);
#4498 = VERTEX_POINT('',#4499);
#4499 = CARTESIAN_POINT('',(14.6,0.4,3.45));
#4500 = LINE('',#4501,#4502);
#4501 = CARTESIAN_POINT('',(15.4,0.4,3.45));
#4502 = VECTOR('',#4503,1.);
#4503 = DIRECTION('',(-1.,-0.,-0.));
#4504 = ORIENTED_EDGE('',*,*,#4505,.T.);
#4505 = EDGE_CURVE('',#4498,#4482,#4506,.T.);
#4506 = LINE('',#4507,#4508);
#4507 = CARTESIAN_POINT('',(14.6,0.4,3.45));
#4508 = VECTOR('',#4509,1.);
#4509 = DIRECTION('',(0.,-1.,0.));
#4510 = PLANE('',#4511);
#4511 = AXIS2_PLACEMENT_3D('',#4512,#4513,#4514);
#4512 = CARTESIAN_POINT('',(16.05,-0.98,3.45));
#4513 = DIRECTION('',(0.,0.,-1.));
#4514 = DIRECTION('',(0.,1.,0.));
#4515 = ADVANCED_FACE('',(#4516),#4545,.T.);
#4516 = FACE_BOUND('',#4517,.T.);
#4517 = EDGE_LOOP('',(#4518,#4519,#4520,#4521,#4522,#4530,#4538,#4544));
#4518 = ORIENTED_EDGE('',*,*,#3288,.T.);
#4519 = ORIENTED_EDGE('',*,*,#4396,.T.);
#4520 = ORIENTED_EDGE('',*,*,#1829,.T.);
#4521 = ORIENTED_EDGE('',*,*,#4461,.T.);
#4522 = ORIENTED_EDGE('',*,*,#4523,.T.);
#4523 = EDGE_CURVE('',#4462,#4524,#4526,.T.);
#4524 = VERTEX_POINT('',#4525);
#4525 = CARTESIAN_POINT('',(14.4,1.044,2.6151));
#4526 = LINE('',#4527,#4528);
#4527 = CARTESIAN_POINT('',(14.4,0.5468198,3.45));
#4528 = VECTOR('',#4529,1.);
#4529 = DIRECTION('',(0.,0.511647917429,-0.859195209828));
#4530 = ORIENTED_EDGE('',*,*,#4531,.T.);
#4531 = EDGE_CURVE('',#4524,#4532,#4534,.T.);
#4532 = VERTEX_POINT('',#4533);
#4533 = CARTESIAN_POINT('',(14.4,1.52,2.6151));
#4534 = LINE('',#4535,#4536);
#4535 = CARTESIAN_POINT('',(14.4,1.044,2.6151));
#4536 = VECTOR('',#4537,1.);
#4537 = DIRECTION('',(0.,1.,0.));
#4538 = ORIENTED_EDGE('',*,*,#4539,.T.);
#4539 = EDGE_CURVE('',#4532,#3731,#4540,.T.);
#4540 = LINE('',#4541,#4542);
#4541 = CARTESIAN_POINT('',(14.4,1.52,2.6151));
#4542 = VECTOR('',#4543,1.);
#4543 = DIRECTION('',(0.,0.,-1.));
#4544 = ORIENTED_EDGE('',*,*,#3730,.T.);
#4545 = PLANE('',#4546);
#4546 = AXIS2_PLACEMENT_3D('',#4547,#4548,#4549);
#4547 = CARTESIAN_POINT('',(14.4,1.834452703854,3.573485056924));
#4548 = DIRECTION('',(1.,0.,0.));
#4549 = DIRECTION('',(0.,0.,1.));
#4550 = ADVANCED_FACE('',(#4551),#4571,.F.);
#4551 = FACE_BOUND('',#4552,.F.);
#4552 = EDGE_LOOP('',(#4553,#4559,#4560,#4566,#4567,#4568,#4569,#4570));
#4553 = ORIENTED_EDGE('',*,*,#4554,.F.);
#4554 = EDGE_CURVE('',#3305,#1869,#4555,.T.);
#4555 = LINE('',#4556,#4557);
#4556 = CARTESIAN_POINT('',(13.1,2.57,5.25));
#4557 = VECTOR('',#4558,1.);
#4558 = DIRECTION('',(0.,-1.,0.));
#4559 = ORIENTED_EDGE('',*,*,#3312,.T.);
#4560 = ORIENTED_EDGE('',*,*,#4561,.T.);
#4561 = EDGE_CURVE('',#3313,#2046,#4562,.T.);
#4562 = LINE('',#4563,#4564);
#4563 = CARTESIAN_POINT('',(11.9,2.57,5.25));
#4564 = VECTOR('',#4565,1.);
#4565 = DIRECTION('',(0.,-1.,0.));
#4566 = ORIENTED_EDGE('',*,*,#2045,.F.);
#4567 = ORIENTED_EDGE('',*,*,#2027,.T.);
#4568 = ORIENTED_EDGE('',*,*,#1971,.F.);
#4569 = ORIENTED_EDGE('',*,*,#1924,.F.);
#4570 = ORIENTED_EDGE('',*,*,#1876,.F.);
#4571 = PLANE('',#4572);
#4572 = AXIS2_PLACEMENT_3D('',#4573,#4574,#4575);
#4573 = CARTESIAN_POINT('',(13.1,2.57,5.25));
#4574 = DIRECTION('',(0.,0.,1.));
#4575 = DIRECTION('',(0.,-1.,0.));
#4576 = ADVANCED_FACE('',(#4577),#4613,.F.);
#4577 = FACE_BOUND('',#4578,.F.);
#4578 = EDGE_LOOP('',(#4579,#4580,#4581,#4582,#4590,#4598,#4606,#4612));
#4579 = ORIENTED_EDGE('',*,*,#3304,.T.);
#4580 = ORIENTED_EDGE('',*,*,#4554,.T.);
#4581 = ORIENTED_EDGE('',*,*,#1868,.T.);
#4582 = ORIENTED_EDGE('',*,*,#4583,.T.);
#4583 = EDGE_CURVE('',#1861,#4584,#4586,.T.);
#4584 = VERTEX_POINT('',#4585);
#4585 = CARTESIAN_POINT('',(13.1,0.5468198,3.45));
#4586 = LINE('',#4587,#4588);
#4587 = CARTESIAN_POINT('',(13.1,1.52,3.45));
#4588 = VECTOR('',#4589,1.);
#4589 = DIRECTION('',(0.,-1.,0.));
#4590 = ORIENTED_EDGE('',*,*,#4591,.T.);
#4591 = EDGE_CURVE('',#4584,#4592,#4594,.T.);
#4592 = VERTEX_POINT('',#4593);
#4593 = CARTESIAN_POINT('',(13.1,1.044,2.6151));
#4594 = LINE('',#4595,#4596);
#4595 = CARTESIAN_POINT('',(13.1,0.5468198,3.45));
#4596 = VECTOR('',#4597,1.);
#4597 = DIRECTION('',(0.,0.511647917429,-0.859195209828));
#4598 = ORIENTED_EDGE('',*,*,#4599,.T.);
#4599 = EDGE_CURVE('',#4592,#4600,#4602,.T.);
#4600 = VERTEX_POINT('',#4601);
#4601 = CARTESIAN_POINT('',(13.1,1.52,2.6151));
#4602 = LINE('',#4603,#4604);
#4603 = CARTESIAN_POINT('',(13.1,1.044,2.6151));
#4604 = VECTOR('',#4605,1.);
#4605 = DIRECTION('',(0.,1.,0.));
#4606 = ORIENTED_EDGE('',*,*,#4607,.T.);
#4607 = EDGE_CURVE('',#4600,#3716,#4608,.T.);
#4608 = LINE('',#4609,#4610);
#4609 = CARTESIAN_POINT('',(13.1,1.52,2.6151));
#4610 = VECTOR('',#4611,1.);
#4611 = DIRECTION('',(0.,0.,-1.));
#4612 = ORIENTED_EDGE('',*,*,#3723,.T.);
#4613 = PLANE('',#4614);
#4614 = AXIS2_PLACEMENT_3D('',#4615,#4616,#4617);
#4615 = CARTESIAN_POINT('',(13.1,1.834452703854,3.573485056924));
#4616 = DIRECTION('',(1.,0.,0.));
#4617 = DIRECTION('',(0.,0.,1.));
#4618 = ADVANCED_FACE('',(#4619,#4641),#4675,.F.);
#4619 = FACE_BOUND('',#4620,.F.);
#4620 = EDGE_LOOP('',(#4621,#4622,#4623,#4624,#4625,#4633,#4639,#4640));
#4621 = ORIENTED_EDGE('',*,*,#1899,.F.);
#4622 = ORIENTED_EDGE('',*,*,#1956,.T.);
#4623 = ORIENTED_EDGE('',*,*,#1995,.T.);
#4624 = ORIENTED_EDGE('',*,*,#2061,.F.);
#4625 = ORIENTED_EDGE('',*,*,#4626,.T.);
#4626 = EDGE_CURVE('',#2054,#4627,#4629,.T.);
#4627 = VERTEX_POINT('',#4628);
#4628 = CARTESIAN_POINT('',(11.9,0.5468198,3.45));
#4629 = LINE('',#4630,#4631);
#4630 = CARTESIAN_POINT('',(11.9,1.52,3.45));
#4631 = VECTOR('',#4632,1.);
#4632 = DIRECTION('',(0.,-1.,0.));
#4633 = ORIENTED_EDGE('',*,*,#4634,.F.);
#4634 = EDGE_CURVE('',#4584,#4627,#4635,.T.);
#4635 = LINE('',#4636,#4637);
#4636 = CARTESIAN_POINT('',(13.1,0.5468198,3.45));
#4637 = VECTOR('',#4638,1.);
#4638 = DIRECTION('',(-1.,-0.,-0.));
#4639 = ORIENTED_EDGE('',*,*,#4583,.F.);
#4640 = ORIENTED_EDGE('',*,*,#1860,.F.);
#4641 = FACE_BOUND('',#4642,.F.);
#4642 = EDGE_LOOP('',(#4643,#4653,#4661,#4669));
#4643 = ORIENTED_EDGE('',*,*,#4644,.F.);
#4644 = EDGE_CURVE('',#4645,#4647,#4649,.T.);
#4645 = VERTEX_POINT('',#4646);
#4646 = CARTESIAN_POINT('',(12.9,-0.4,3.45));
#4647 = VERTEX_POINT('',#4648);
#4648 = CARTESIAN_POINT('',(12.1,-0.4,3.45));
#4649 = LINE('',#4650,#4651);
#4650 = CARTESIAN_POINT('',(12.9,-0.4,3.45));
#4651 = VECTOR('',#4652,1.);
#4652 = DIRECTION('',(-1.,-0.,-0.));
#4653 = ORIENTED_EDGE('',*,*,#4654,.F.);
#4654 = EDGE_CURVE('',#4655,#4645,#4657,.T.);
#4655 = VERTEX_POINT('',#4656);
#4656 = CARTESIAN_POINT('',(12.9,0.4,3.45));
#4657 = LINE('',#4658,#4659);
#4658 = CARTESIAN_POINT('',(12.9,0.4,3.45));
#4659 = VECTOR('',#4660,1.);
#4660 = DIRECTION('',(0.,-1.,0.));
#4661 = ORIENTED_EDGE('',*,*,#4662,.T.);
#4662 = EDGE_CURVE('',#4655,#4663,#4665,.T.);
#4663 = VERTEX_POINT('',#4664);
#4664 = CARTESIAN_POINT('',(12.1,0.4,3.45));
#4665 = LINE('',#4666,#4667);
#4666 = CARTESIAN_POINT('',(12.9,0.4,3.45));
#4667 = VECTOR('',#4668,1.);
#4668 = DIRECTION('',(-1.,-0.,-0.));
#4669 = ORIENTED_EDGE('',*,*,#4670,.T.);
#4670 = EDGE_CURVE('',#4663,#4647,#4671,.T.);
#4671 = LINE('',#4672,#4673);
#4672 = CARTESIAN_POINT('',(12.1,0.4,3.45));
#4673 = VECTOR('',#4674,1.);
#4674 = DIRECTION('',(0.,-1.,0.));
#4675 = PLANE('',#4676);
#4676 = AXIS2_PLACEMENT_3D('',#4677,#4678,#4679);
#4677 = CARTESIAN_POINT('',(13.55,-0.98,3.45));
#4678 = DIRECTION('',(0.,0.,-1.));
#4679 = DIRECTION('',(0.,1.,0.));
#4680 = ADVANCED_FACE('',(#4681),#4710,.T.);
#4681 = FACE_BOUND('',#4682,.T.);
#4682 = EDGE_LOOP('',(#4683,#4684,#4685,#4686,#4687,#4695,#4703,#4709));
#4683 = ORIENTED_EDGE('',*,*,#3320,.T.);
#4684 = ORIENTED_EDGE('',*,*,#4561,.T.);
#4685 = ORIENTED_EDGE('',*,*,#2053,.T.);
#4686 = ORIENTED_EDGE('',*,*,#4626,.T.);
#4687 = ORIENTED_EDGE('',*,*,#4688,.T.);
#4688 = EDGE_CURVE('',#4627,#4689,#4691,.T.);
#4689 = VERTEX_POINT('',#4690);
#4690 = CARTESIAN_POINT('',(11.9,1.044,2.6151));
#4691 = LINE('',#4692,#4693);
#4692 = CARTESIAN_POINT('',(11.9,0.5468198,3.45));
#4693 = VECTOR('',#4694,1.);
#4694 = DIRECTION('',(0.,0.511647917429,-0.859195209828));
#4695 = ORIENTED_EDGE('',*,*,#4696,.T.);
#4696 = EDGE_CURVE('',#4689,#4697,#4699,.T.);
#4697 = VERTEX_POINT('',#4698);
#4698 = CARTESIAN_POINT('',(11.9,1.52,2.6151));
#4699 = LINE('',#4700,#4701);
#4700 = CARTESIAN_POINT('',(11.9,1.044,2.6151));
#4701 = VECTOR('',#4702,1.);
#4702 = DIRECTION('',(0.,1.,0.));
#4703 = ORIENTED_EDGE('',*,*,#4704,.T.);
#4704 = EDGE_CURVE('',#4697,#3708,#4705,.T.);
#4705 = LINE('',#4706,#4707);
#4706 = CARTESIAN_POINT('',(11.9,1.52,2.6151));
#4707 = VECTOR('',#4708,1.);
#4708 = DIRECTION('',(0.,0.,-1.));
#4709 = ORIENTED_EDGE('',*,*,#3707,.T.);
#4710 = PLANE('',#4711);
#4711 = AXIS2_PLACEMENT_3D('',#4712,#4713,#4714);
#4712 = CARTESIAN_POINT('',(11.9,1.834452703854,3.573485056924));
#4713 = DIRECTION('',(1.,0.,0.));
#4714 = DIRECTION('',(0.,0.,1.));
#4715 = ADVANCED_FACE('',(#4716),#4736,.F.);
#4716 = FACE_BOUND('',#4717,.F.);
#4717 = EDGE_LOOP('',(#4718,#4724,#4725,#4731,#4732,#4733,#4734,#4735));
#4718 = ORIENTED_EDGE('',*,*,#4719,.F.);
#4719 = EDGE_CURVE('',#3337,#2093,#4720,.T.);
#4720 = LINE('',#4721,#4722);
#4721 = CARTESIAN_POINT('',(10.6,2.57,5.25));
#4722 = VECTOR('',#4723,1.);
#4723 = DIRECTION('',(0.,-1.,0.));
#4724 = ORIENTED_EDGE('',*,*,#3344,.T.);
#4725 = ORIENTED_EDGE('',*,*,#4726,.T.);
#4726 = EDGE_CURVE('',#3345,#2270,#4727,.T.);
#4727 = LINE('',#4728,#4729);
#4728 = CARTESIAN_POINT('',(9.4,2.57,5.25));
#4729 = VECTOR('',#4730,1.);
#4730 = DIRECTION('',(0.,-1.,0.));
#4731 = ORIENTED_EDGE('',*,*,#2269,.F.);
#4732 = ORIENTED_EDGE('',*,*,#2251,.T.);
#4733 = ORIENTED_EDGE('',*,*,#2195,.F.);
#4734 = ORIENTED_EDGE('',*,*,#2148,.F.);
#4735 = ORIENTED_EDGE('',*,*,#2100,.F.);
#4736 = PLANE('',#4737);
#4737 = AXIS2_PLACEMENT_3D('',#4738,#4739,#4740);
#4738 = CARTESIAN_POINT('',(10.6,2.57,5.25));
#4739 = DIRECTION('',(0.,0.,1.));
#4740 = DIRECTION('',(0.,-1.,0.));
#4741 = ADVANCED_FACE('',(#4742),#4778,.F.);
#4742 = FACE_BOUND('',#4743,.F.);
#4743 = EDGE_LOOP('',(#4744,#4745,#4746,#4747,#4755,#4763,#4771,#4777));
#4744 = ORIENTED_EDGE('',*,*,#3336,.T.);
#4745 = ORIENTED_EDGE('',*,*,#4719,.T.);
#4746 = ORIENTED_EDGE('',*,*,#2092,.T.);
#4747 = ORIENTED_EDGE('',*,*,#4748,.T.);
#4748 = EDGE_CURVE('',#2085,#4749,#4751,.T.);
#4749 = VERTEX_POINT('',#4750);
#4750 = CARTESIAN_POINT('',(10.6,0.5468198,3.45));
#4751 = LINE('',#4752,#4753);
#4752 = CARTESIAN_POINT('',(10.6,1.52,3.45));
#4753 = VECTOR('',#4754,1.);
#4754 = DIRECTION('',(0.,-1.,0.));
#4755 = ORIENTED_EDGE('',*,*,#4756,.T.);
#4756 = EDGE_CURVE('',#4749,#4757,#4759,.T.);
#4757 = VERTEX_POINT('',#4758);
#4758 = CARTESIAN_POINT('',(10.6,1.044,2.6151));
#4759 = LINE('',#4760,#4761);
#4760 = CARTESIAN_POINT('',(10.6,0.5468198,3.45));
#4761 = VECTOR('',#4762,1.);
#4762 = DIRECTION('',(0.,0.511647917429,-0.859195209828));
#4763 = ORIENTED_EDGE('',*,*,#4764,.T.);
#4764 = EDGE_CURVE('',#4757,#4765,#4767,.T.);
#4765 = VERTEX_POINT('',#4766);
#4766 = CARTESIAN_POINT('',(10.6,1.52,2.6151));
#4767 = LINE('',#4768,#4769);
#4768 = CARTESIAN_POINT('',(10.6,1.044,2.6151));
#4769 = VECTOR('',#4770,1.);
#4770 = DIRECTION('',(0.,1.,0.));
#4771 = ORIENTED_EDGE('',*,*,#4772,.T.);
#4772 = EDGE_CURVE('',#4765,#3693,#4773,.T.);
#4773 = LINE('',#4774,#4775);
#4774 = CARTESIAN_POINT('',(10.6,1.52,2.6151));
#4775 = VECTOR('',#4776,1.);
#4776 = DIRECTION('',(0.,0.,-1.));
#4777 = ORIENTED_EDGE('',*,*,#3700,.T.);
#4778 = PLANE('',#4779);
#4779 = AXIS2_PLACEMENT_3D('',#4780,#4781,#4782);
#4780 = CARTESIAN_POINT('',(10.6,1.834452703854,3.573485056924));
#4781 = DIRECTION('',(1.,0.,0.));
#4782 = DIRECTION('',(0.,0.,1.));
#4783 = ADVANCED_FACE('',(#4784,#4806),#4840,.F.);
#4784 = FACE_BOUND('',#4785,.F.);
#4785 = EDGE_LOOP('',(#4786,#4787,#4788,#4789,#4790,#4798,#4804,#4805));
#4786 = ORIENTED_EDGE('',*,*,#2123,.F.);
#4787 = ORIENTED_EDGE('',*,*,#2180,.T.);
#4788 = ORIENTED_EDGE('',*,*,#2219,.T.);
#4789 = ORIENTED_EDGE('',*,*,#2285,.F.);
#4790 = ORIENTED_EDGE('',*,*,#4791,.T.);
#4791 = EDGE_CURVE('',#2278,#4792,#4794,.T.);
#4792 = VERTEX_POINT('',#4793);
#4793 = CARTESIAN_POINT('',(9.4,0.5468198,3.45));
#4794 = LINE('',#4795,#4796);
#4795 = CARTESIAN_POINT('',(9.4,1.52,3.45));
#4796 = VECTOR('',#4797,1.);
#4797 = DIRECTION('',(0.,-1.,0.));
#4798 = ORIENTED_EDGE('',*,*,#4799,.F.);
#4799 = EDGE_CURVE('',#4749,#4792,#4800,.T.);
#4800 = LINE('',#4801,#4802);
#4801 = CARTESIAN_POINT('',(10.6,0.5468198,3.45));
#4802 = VECTOR('',#4803,1.);
#4803 = DIRECTION('',(-1.,-0.,-0.));
#4804 = ORIENTED_EDGE('',*,*,#4748,.F.);
#4805 = ORIENTED_EDGE('',*,*,#2084,.F.);
#4806 = FACE_BOUND('',#4807,.F.);
#4807 = EDGE_LOOP('',(#4808,#4818,#4826,#4834));
#4808 = ORIENTED_EDGE('',*,*,#4809,.F.);
#4809 = EDGE_CURVE('',#4810,#4812,#4814,.T.);
#4810 = VERTEX_POINT('',#4811);
#4811 = CARTESIAN_POINT('',(10.4,-0.4,3.45));
#4812 = VERTEX_POINT('',#4813);
#4813 = CARTESIAN_POINT('',(9.6,-0.4,3.45));
#4814 = LINE('',#4815,#4816);
#4815 = CARTESIAN_POINT('',(10.4,-0.4,3.45));
#4816 = VECTOR('',#4817,1.);
#4817 = DIRECTION('',(-1.,-0.,-0.));
#4818 = ORIENTED_EDGE('',*,*,#4819,.F.);
#4819 = EDGE_CURVE('',#4820,#4810,#4822,.T.);
#4820 = VERTEX_POINT('',#4821);
#4821 = CARTESIAN_POINT('',(10.4,0.4,3.45));
#4822 = LINE('',#4823,#4824);
#4823 = CARTESIAN_POINT('',(10.4,0.4,3.45));
#4824 = VECTOR('',#4825,1.);
#4825 = DIRECTION('',(0.,-1.,0.));
#4826 = ORIENTED_EDGE('',*,*,#4827,.T.);
#4827 = EDGE_CURVE('',#4820,#4828,#4830,.T.);
#4828 = VERTEX_POINT('',#4829);
#4829 = CARTESIAN_POINT('',(9.6,0.4,3.45));
#4830 = LINE('',#4831,#4832);
#4831 = CARTESIAN_POINT('',(10.4,0.4,3.45));
#4832 = VECTOR('',#4833,1.);
#4833 = DIRECTION('',(-1.,-0.,-0.));
#4834 = ORIENTED_EDGE('',*,*,#4835,.T.);
#4835 = EDGE_CURVE('',#4828,#4812,#4836,.T.);
#4836 = LINE('',#4837,#4838);
#4837 = CARTESIAN_POINT('',(9.6,0.4,3.45));
#4838 = VECTOR('',#4839,1.);
#4839 = DIRECTION('',(0.,-1.,0.));
#4840 = PLANE('',#4841);
#4841 = AXIS2_PLACEMENT_3D('',#4842,#4843,#4844);
#4842 = CARTESIAN_POINT('',(11.05,-0.98,3.45));
#4843 = DIRECTION('',(0.,0.,-1.));
#4844 = DIRECTION('',(0.,1.,0.));
#4845 = ADVANCED_FACE('',(#4846),#4875,.T.);
#4846 = FACE_BOUND('',#4847,.T.);
#4847 = EDGE_LOOP('',(#4848,#4849,#4850,#4851,#4852,#4860,#4868,#4874));
#4848 = ORIENTED_EDGE('',*,*,#3352,.T.);
#4849 = ORIENTED_EDGE('',*,*,#4726,.T.);
#4850 = ORIENTED_EDGE('',*,*,#2277,.T.);
#4851 = ORIENTED_EDGE('',*,*,#4791,.T.);
#4852 = ORIENTED_EDGE('',*,*,#4853,.T.);
#4853 = EDGE_CURVE('',#4792,#4854,#4856,.T.);
#4854 = VERTEX_POINT('',#4855);
#4855 = CARTESIAN_POINT('',(9.4,1.044,2.6151));
#4856 = LINE('',#4857,#4858);
#4857 = CARTESIAN_POINT('',(9.4,0.5468198,3.45));
#4858 = VECTOR('',#4859,1.);
#4859 = DIRECTION('',(0.,0.511647917429,-0.859195209828));
#4860 = ORIENTED_EDGE('',*,*,#4861,.T.);
#4861 = EDGE_CURVE('',#4854,#4862,#4864,.T.);
#4862 = VERTEX_POINT('',#4863);
#4863 = CARTESIAN_POINT('',(9.4,1.52,2.6151));
#4864 = LINE('',#4865,#4866);
#4865 = CARTESIAN_POINT('',(9.4,1.044,2.6151));
#4866 = VECTOR('',#4867,1.);
#4867 = DIRECTION('',(0.,1.,0.));
#4868 = ORIENTED_EDGE('',*,*,#4869,.T.);
#4869 = EDGE_CURVE('',#4862,#3685,#4870,.T.);
#4870 = LINE('',#4871,#4872);
#4871 = CARTESIAN_POINT('',(9.4,1.52,2.6151));
#4872 = VECTOR('',#4873,1.);
#4873 = DIRECTION('',(0.,0.,-1.));
#4874 = ORIENTED_EDGE('',*,*,#3684,.T.);
#4875 = PLANE('',#4876);
#4876 = AXIS2_PLACEMENT_3D('',#4877,#4878,#4879);
#4877 = CARTESIAN_POINT('',(9.4,1.834452703854,3.573485056924));
#4878 = DIRECTION('',(1.,0.,0.));
#4879 = DIRECTION('',(0.,0.,1.));
#4880 = ADVANCED_FACE('',(#4881),#4901,.F.);
#4881 = FACE_BOUND('',#4882,.F.);
#4882 = EDGE_LOOP('',(#4883,#4889,#4890,#4896,#4897,#4898,#4899,#4900));
#4883 = ORIENTED_EDGE('',*,*,#4884,.F.);
#4884 = EDGE_CURVE('',#3369,#2317,#4885,.T.);
#4885 = LINE('',#4886,#4887);
#4886 = CARTESIAN_POINT('',(8.1,2.57,5.25));
#4887 = VECTOR('',#4888,1.);
#4888 = DIRECTION('',(0.,-1.,0.));
#4889 = ORIENTED_EDGE('',*,*,#3376,.T.);
#4890 = ORIENTED_EDGE('',*,*,#4891,.T.);
#4891 = EDGE_CURVE('',#3377,#2494,#4892,.T.);
#4892 = LINE('',#4893,#4894);
#4893 = CARTESIAN_POINT('',(6.9,2.57,5.25));
#4894 = VECTOR('',#4895,1.);
#4895 = DIRECTION('',(0.,-1.,0.));
#4896 = ORIENTED_EDGE('',*,*,#2493,.F.);
#4897 = ORIENTED_EDGE('',*,*,#2475,.T.);
#4898 = ORIENTED_EDGE('',*,*,#2419,.F.);
#4899 = ORIENTED_EDGE('',*,*,#2372,.F.);
#4900 = ORIENTED_EDGE('',*,*,#2324,.F.);
#4901 = PLANE('',#4902);
#4902 = AXIS2_PLACEMENT_3D('',#4903,#4904,#4905);
#4903 = CARTESIAN_POINT('',(8.1,2.57,5.25));
#4904 = DIRECTION('',(0.,0.,1.));
#4905 = DIRECTION('',(0.,-1.,0.));
#4906 = ADVANCED_FACE('',(#4907),#4943,.F.);
#4907 = FACE_BOUND('',#4908,.F.);
#4908 = EDGE_LOOP('',(#4909,#4910,#4911,#4912,#4920,#4928,#4936,#4942));
#4909 = ORIENTED_EDGE('',*,*,#3368,.T.);
#4910 = ORIENTED_EDGE('',*,*,#4884,.T.);
#4911 = ORIENTED_EDGE('',*,*,#2316,.T.);
#4912 = ORIENTED_EDGE('',*,*,#4913,.T.);
#4913 = EDGE_CURVE('',#2309,#4914,#4916,.T.);
#4914 = VERTEX_POINT('',#4915);
#4915 = CARTESIAN_POINT('',(8.1,0.5468198,3.45));
#4916 = LINE('',#4917,#4918);
#4917 = CARTESIAN_POINT('',(8.1,1.52,3.45));
#4918 = VECTOR('',#4919,1.);
#4919 = DIRECTION('',(0.,-1.,0.));
#4920 = ORIENTED_EDGE('',*,*,#4921,.T.);
#4921 = EDGE_CURVE('',#4914,#4922,#4924,.T.);
#4922 = VERTEX_POINT('',#4923);
#4923 = CARTESIAN_POINT('',(8.1,1.044,2.6151));
#4924 = LINE('',#4925,#4926);
#4925 = CARTESIAN_POINT('',(8.1,0.5468198,3.45));
#4926 = VECTOR('',#4927,1.);
#4927 = DIRECTION('',(0.,0.511647917429,-0.859195209828));
#4928 = ORIENTED_EDGE('',*,*,#4929,.T.);
#4929 = EDGE_CURVE('',#4922,#4930,#4932,.T.);
#4930 = VERTEX_POINT('',#4931);
#4931 = CARTESIAN_POINT('',(8.1,1.52,2.6151));
#4932 = LINE('',#4933,#4934);
#4933 = CARTESIAN_POINT('',(8.1,1.044,2.6151));
#4934 = VECTOR('',#4935,1.);
#4935 = DIRECTION('',(0.,1.,0.));
#4936 = ORIENTED_EDGE('',*,*,#4937,.T.);
#4937 = EDGE_CURVE('',#4930,#3670,#4938,.T.);
#4938 = LINE('',#4939,#4940);
#4939 = CARTESIAN_POINT('',(8.1,1.52,2.6151));
#4940 = VECTOR('',#4941,1.);
#4941 = DIRECTION('',(0.,0.,-1.));
#4942 = ORIENTED_EDGE('',*,*,#3677,.T.);
#4943 = PLANE('',#4944);
#4944 = AXIS2_PLACEMENT_3D('',#4945,#4946,#4947);
#4945 = CARTESIAN_POINT('',(8.1,1.834452703854,3.573485056924));
#4946 = DIRECTION('',(1.,0.,0.));
#4947 = DIRECTION('',(0.,0.,1.));
#4948 = ADVANCED_FACE('',(#4949,#4971),#5005,.F.);
#4949 = FACE_BOUND('',#4950,.F.);
#4950 = EDGE_LOOP('',(#4951,#4952,#4953,#4954,#4955,#4963,#4969,#4970));
#4951 = ORIENTED_EDGE('',*,*,#2347,.F.);
#4952 = ORIENTED_EDGE('',*,*,#2404,.T.);
#4953 = ORIENTED_EDGE('',*,*,#2443,.T.);
#4954 = ORIENTED_EDGE('',*,*,#2509,.F.);
#4955 = ORIENTED_EDGE('',*,*,#4956,.T.);
#4956 = EDGE_CURVE('',#2502,#4957,#4959,.T.);
#4957 = VERTEX_POINT('',#4958);
#4958 = CARTESIAN_POINT('',(6.9,0.5468198,3.45));
#4959 = LINE('',#4960,#4961);
#4960 = CARTESIAN_POINT('',(6.9,1.52,3.45));
#4961 = VECTOR('',#4962,1.);
#4962 = DIRECTION('',(0.,-1.,0.));
#4963 = ORIENTED_EDGE('',*,*,#4964,.F.);
#4964 = EDGE_CURVE('',#4914,#4957,#4965,.T.);
#4965 = LINE('',#4966,#4967);
#4966 = CARTESIAN_POINT('',(8.1,0.5468198,3.45));
#4967 = VECTOR('',#4968,1.);
#4968 = DIRECTION('',(-1.,-0.,-0.));
#4969 = ORIENTED_EDGE('',*,*,#4913,.F.);
#4970 = ORIENTED_EDGE('',*,*,#2308,.F.);
#4971 = FACE_BOUND('',#4972,.F.);
#4972 = EDGE_LOOP('',(#4973,#4983,#4991,#4999));
#4973 = ORIENTED_EDGE('',*,*,#4974,.F.);
#4974 = EDGE_CURVE('',#4975,#4977,#4979,.T.);
#4975 = VERTEX_POINT('',#4976);
#4976 = CARTESIAN_POINT('',(7.9,-0.4,3.45));
#4977 = VERTEX_POINT('',#4978);
#4978 = CARTESIAN_POINT('',(7.1,-0.4,3.45));
#4979 = LINE('',#4980,#4981);
#4980 = CARTESIAN_POINT('',(7.9,-0.4,3.45));
#4981 = VECTOR('',#4982,1.);
#4982 = DIRECTION('',(-1.,-0.,-0.));
#4983 = ORIENTED_EDGE('',*,*,#4984,.F.);
#4984 = EDGE_CURVE('',#4985,#4975,#4987,.T.);
#4985 = VERTEX_POINT('',#4986);
#4986 = CARTESIAN_POINT('',(7.9,0.4,3.45));
#4987 = LINE('',#4988,#4989);
#4988 = CARTESIAN_POINT('',(7.9,0.4,3.45));
#4989 = VECTOR('',#4990,1.);
#4990 = DIRECTION('',(0.,-1.,0.));
#4991 = ORIENTED_EDGE('',*,*,#4992,.T.);
#4992 = EDGE_CURVE('',#4985,#4993,#4995,.T.);
#4993 = VERTEX_POINT('',#4994);
#4994 = CARTESIAN_POINT('',(7.1,0.4,3.45));
#4995 = LINE('',#4996,#4997);
#4996 = CARTESIAN_POINT('',(7.9,0.4,3.45));
#4997 = VECTOR('',#4998,1.);
#4998 = DIRECTION('',(-1.,-0.,-0.));
#4999 = ORIENTED_EDGE('',*,*,#5000,.T.);
#5000 = EDGE_CURVE('',#4993,#4977,#5001,.T.);
#5001 = LINE('',#5002,#5003);
#5002 = CARTESIAN_POINT('',(7.1,0.4,3.45));
#5003 = VECTOR('',#5004,1.);
#5004 = DIRECTION('',(0.,-1.,0.));
#5005 = PLANE('',#5006);
#5006 = AXIS2_PLACEMENT_3D('',#5007,#5008,#5009);
#5007 = CARTESIAN_POINT('',(8.55,-0.98,3.45));
#5008 = DIRECTION('',(0.,0.,-1.));
#5009 = DIRECTION('',(0.,1.,0.));
#5010 = ADVANCED_FACE('',(#5011),#5040,.T.);
#5011 = FACE_BOUND('',#5012,.T.);
#5012 = EDGE_LOOP('',(#5013,#5014,#5015,#5016,#5017,#5025,#5033,#5039));
#5013 = ORIENTED_EDGE('',*,*,#3384,.T.);
#5014 = ORIENTED_EDGE('',*,*,#4891,.T.);
#5015 = ORIENTED_EDGE('',*,*,#2501,.T.);
#5016 = ORIENTED_EDGE('',*,*,#4956,.T.);
#5017 = ORIENTED_EDGE('',*,*,#5018,.T.);
#5018 = EDGE_CURVE('',#4957,#5019,#5021,.T.);
#5019 = VERTEX_POINT('',#5020);
#5020 = CARTESIAN_POINT('',(6.9,1.044,2.6151));
#5021 = LINE('',#5022,#5023);
#5022 = CARTESIAN_POINT('',(6.9,0.5468198,3.45));
#5023 = VECTOR('',#5024,1.);
#5024 = DIRECTION('',(0.,0.511647917429,-0.859195209828));
#5025 = ORIENTED_EDGE('',*,*,#5026,.T.);
#5026 = EDGE_CURVE('',#5019,#5027,#5029,.T.);
#5027 = VERTEX_POINT('',#5028);
#5028 = CARTESIAN_POINT('',(6.9,1.52,2.6151));
#5029 = LINE('',#5030,#5031);
#5030 = CARTESIAN_POINT('',(6.9,1.044,2.6151));
#5031 = VECTOR('',#5032,1.);
#5032 = DIRECTION('',(0.,1.,0.));
#5033 = ORIENTED_EDGE('',*,*,#5034,.T.);
#5034 = EDGE_CURVE('',#5027,#3662,#5035,.T.);
#5035 = LINE('',#5036,#5037);
#5036 = CARTESIAN_POINT('',(6.9,1.52,2.6151));
#5037 = VECTOR('',#5038,1.);
#5038 = DIRECTION('',(0.,0.,-1.));
#5039 = ORIENTED_EDGE('',*,*,#3661,.T.);
#5040 = PLANE('',#5041);
#5041 = AXIS2_PLACEMENT_3D('',#5042,#5043,#5044);
#5042 = CARTESIAN_POINT('',(6.9,1.834452703854,3.573485056924));
#5043 = DIRECTION('',(1.,0.,0.));
#5044 = DIRECTION('',(0.,0.,1.));
#5045 = ADVANCED_FACE('',(#5046),#5066,.F.);
#5046 = FACE_BOUND('',#5047,.F.);
#5047 = EDGE_LOOP('',(#5048,#5054,#5055,#5061,#5062,#5063,#5064,#5065));
#5048 = ORIENTED_EDGE('',*,*,#5049,.F.);
#5049 = EDGE_CURVE('',#3401,#2541,#5050,.T.);
#5050 = LINE('',#5051,#5052);
#5051 = CARTESIAN_POINT('',(5.6,2.57,5.25));
#5052 = VECTOR('',#5053,1.);
#5053 = DIRECTION('',(0.,-1.,0.));
#5054 = ORIENTED_EDGE('',*,*,#3408,.T.);
#5055 = ORIENTED_EDGE('',*,*,#5056,.T.);
#5056 = EDGE_CURVE('',#3409,#2718,#5057,.T.);
#5057 = LINE('',#5058,#5059);
#5058 = CARTESIAN_POINT('',(4.4,2.57,5.25));
#5059 = VECTOR('',#5060,1.);
#5060 = DIRECTION('',(0.,-1.,0.));
#5061 = ORIENTED_EDGE('',*,*,#2717,.F.);
#5062 = ORIENTED_EDGE('',*,*,#2699,.T.);
#5063 = ORIENTED_EDGE('',*,*,#2643,.F.);
#5064 = ORIENTED_EDGE('',*,*,#2596,.F.);
#5065 = ORIENTED_EDGE('',*,*,#2548,.F.);
#5066 = PLANE('',#5067);
#5067 = AXIS2_PLACEMENT_3D('',#5068,#5069,#5070);
#5068 = CARTESIAN_POINT('',(5.6,2.57,5.25));
#5069 = DIRECTION('',(0.,0.,1.));
#5070 = DIRECTION('',(0.,-1.,0.));
#5071 = ADVANCED_FACE('',(#5072),#5108,.F.);
#5072 = FACE_BOUND('',#5073,.F.);
#5073 = EDGE_LOOP('',(#5074,#5075,#5076,#5077,#5085,#5093,#5101,#5107));
#5074 = ORIENTED_EDGE('',*,*,#3400,.T.);
#5075 = ORIENTED_EDGE('',*,*,#5049,.T.);
#5076 = ORIENTED_EDGE('',*,*,#2540,.T.);
#5077 = ORIENTED_EDGE('',*,*,#5078,.T.);
#5078 = EDGE_CURVE('',#2533,#5079,#5081,.T.);
#5079 = VERTEX_POINT('',#5080);
#5080 = CARTESIAN_POINT('',(5.6,0.5468198,3.45));
#5081 = LINE('',#5082,#5083);
#5082 = CARTESIAN_POINT('',(5.6,1.52,3.45));
#5083 = VECTOR('',#5084,1.);
#5084 = DIRECTION('',(0.,-1.,0.));
#5085 = ORIENTED_EDGE('',*,*,#5086,.T.);
#5086 = EDGE_CURVE('',#5079,#5087,#5089,.T.);
#5087 = VERTEX_POINT('',#5088);
#5088 = CARTESIAN_POINT('',(5.6,1.044,2.6151));
#5089 = LINE('',#5090,#5091);
#5090 = CARTESIAN_POINT('',(5.6,0.5468198,3.45));
#5091 = VECTOR('',#5092,1.);
#5092 = DIRECTION('',(0.,0.511647917429,-0.859195209828));
#5093 = ORIENTED_EDGE('',*,*,#5094,.T.);
#5094 = EDGE_CURVE('',#5087,#5095,#5097,.T.);
#5095 = VERTEX_POINT('',#5096);
#5096 = CARTESIAN_POINT('',(5.6,1.52,2.6151));
#5097 = LINE('',#5098,#5099);
#5098 = CARTESIAN_POINT('',(5.6,1.044,2.6151));
#5099 = VECTOR('',#5100,1.);
#5100 = DIRECTION('',(0.,1.,0.));
#5101 = ORIENTED_EDGE('',*,*,#5102,.T.);
#5102 = EDGE_CURVE('',#5095,#3647,#5103,.T.);
#5103 = LINE('',#5104,#5105);
#5104 = CARTESIAN_POINT('',(5.6,1.52,2.6151));
#5105 = VECTOR('',#5106,1.);
#5106 = DIRECTION('',(0.,0.,-1.));
#5107 = ORIENTED_EDGE('',*,*,#3654,.T.);
#5108 = PLANE('',#5109);
#5109 = AXIS2_PLACEMENT_3D('',#5110,#5111,#5112);
#5110 = CARTESIAN_POINT('',(5.6,1.834452703854,3.573485056924));
#5111 = DIRECTION('',(1.,0.,0.));
#5112 = DIRECTION('',(0.,0.,1.));
#5113 = ADVANCED_FACE('',(#5114,#5136),#5170,.F.);
#5114 = FACE_BOUND('',#5115,.F.);
#5115 = EDGE_LOOP('',(#5116,#5117,#5118,#5119,#5120,#5128,#5134,#5135));
#5116 = ORIENTED_EDGE('',*,*,#2571,.F.);
#5117 = ORIENTED_EDGE('',*,*,#2628,.T.);
#5118 = ORIENTED_EDGE('',*,*,#2667,.T.);
#5119 = ORIENTED_EDGE('',*,*,#2733,.F.);
#5120 = ORIENTED_EDGE('',*,*,#5121,.T.);
#5121 = EDGE_CURVE('',#2726,#5122,#5124,.T.);
#5122 = VERTEX_POINT('',#5123);
#5123 = CARTESIAN_POINT('',(4.4,0.5468198,3.45));
#5124 = LINE('',#5125,#5126);
#5125 = CARTESIAN_POINT('',(4.4,1.52,3.45));
#5126 = VECTOR('',#5127,1.);
#5127 = DIRECTION('',(0.,-1.,0.));
#5128 = ORIENTED_EDGE('',*,*,#5129,.F.);
#5129 = EDGE_CURVE('',#5079,#5122,#5130,.T.);
#5130 = LINE('',#5131,#5132);
#5131 = CARTESIAN_POINT('',(5.6,0.5468198,3.45));
#5132 = VECTOR('',#5133,1.);
#5133 = DIRECTION('',(-1.,-0.,-0.));
#5134 = ORIENTED_EDGE('',*,*,#5078,.F.);
#5135 = ORIENTED_EDGE('',*,*,#2532,.F.);
#5136 = FACE_BOUND('',#5137,.F.);
#5137 = EDGE_LOOP('',(#5138,#5148,#5156,#5164));
#5138 = ORIENTED_EDGE('',*,*,#5139,.F.);
#5139 = EDGE_CURVE('',#5140,#5142,#5144,.T.);
#5140 = VERTEX_POINT('',#5141);
#5141 = CARTESIAN_POINT('',(5.4,-0.4,3.45));
#5142 = VERTEX_POINT('',#5143);
#5143 = CARTESIAN_POINT('',(4.6,-0.4,3.45));
#5144 = LINE('',#5145,#5146);
#5145 = CARTESIAN_POINT('',(5.4,-0.4,3.45));
#5146 = VECTOR('',#5147,1.);
#5147 = DIRECTION('',(-1.,-0.,-0.));
#5148 = ORIENTED_EDGE('',*,*,#5149,.F.);
#5149 = EDGE_CURVE('',#5150,#5140,#5152,.T.);
#5150 = VERTEX_POINT('',#5151);
#5151 = CARTESIAN_POINT('',(5.4,0.4,3.45));
#5152 = LINE('',#5153,#5154);
#5153 = CARTESIAN_POINT('',(5.4,0.4,3.45));
#5154 = VECTOR('',#5155,1.);
#5155 = DIRECTION('',(0.,-1.,0.));
#5156 = ORIENTED_EDGE('',*,*,#5157,.T.);
#5157 = EDGE_CURVE('',#5150,#5158,#5160,.T.);
#5158 = VERTEX_POINT('',#5159);
#5159 = CARTESIAN_POINT('',(4.6,0.4,3.45));
#5160 = LINE('',#5161,#5162);
#5161 = CARTESIAN_POINT('',(5.4,0.4,3.45));
#5162 = VECTOR('',#5163,1.);
#5163 = DIRECTION('',(-1.,-0.,-0.));
#5164 = ORIENTED_EDGE('',*,*,#5165,.T.);
#5165 = EDGE_CURVE('',#5158,#5142,#5166,.T.);
#5166 = LINE('',#5167,#5168);
#5167 = CARTESIAN_POINT('',(4.6,0.4,3.45));
#5168 = VECTOR('',#5169,1.);
#5169 = DIRECTION('',(0.,-1.,0.));
#5170 = PLANE('',#5171);
#5171 = AXIS2_PLACEMENT_3D('',#5172,#5173,#5174);
#5172 = CARTESIAN_POINT('',(6.05,-0.98,3.45));
#5173 = DIRECTION('',(0.,0.,-1.));
#5174 = DIRECTION('',(0.,1.,0.));
#5175 = ADVANCED_FACE('',(#5176),#5205,.T.);
#5176 = FACE_BOUND('',#5177,.T.);
#5177 = EDGE_LOOP('',(#5178,#5179,#5180,#5181,#5182,#5190,#5198,#5204));
#5178 = ORIENTED_EDGE('',*,*,#3416,.T.);
#5179 = ORIENTED_EDGE('',*,*,#5056,.T.);
#5180 = ORIENTED_EDGE('',*,*,#2725,.T.);
#5181 = ORIENTED_EDGE('',*,*,#5121,.T.);
#5182 = ORIENTED_EDGE('',*,*,#5183,.T.);
#5183 = EDGE_CURVE('',#5122,#5184,#5186,.T.);
#5184 = VERTEX_POINT('',#5185);
#5185 = CARTESIAN_POINT('',(4.4,1.044,2.6151));
#5186 = LINE('',#5187,#5188);
#5187 = CARTESIAN_POINT('',(4.4,0.5468198,3.45));
#5188 = VECTOR('',#5189,1.);
#5189 = DIRECTION('',(0.,0.511647917429,-0.859195209828));
#5190 = ORIENTED_EDGE('',*,*,#5191,.T.);
#5191 = EDGE_CURVE('',#5184,#5192,#5194,.T.);
#5192 = VERTEX_POINT('',#5193);
#5193 = CARTESIAN_POINT('',(4.4,1.52,2.6151));
#5194 = LINE('',#5195,#5196);
#5195 = CARTESIAN_POINT('',(4.4,1.044,2.6151));
#5196 = VECTOR('',#5197,1.);
#5197 = DIRECTION('',(0.,1.,0.));
#5198 = ORIENTED_EDGE('',*,*,#5199,.T.);
#5199 = EDGE_CURVE('',#5192,#3639,#5200,.T.);
#5200 = LINE('',#5201,#5202);
#5201 = CARTESIAN_POINT('',(4.4,1.52,2.6151));
#5202 = VECTOR('',#5203,1.);
#5203 = DIRECTION('',(0.,0.,-1.));
#5204 = ORIENTED_EDGE('',*,*,#3638,.T.);
#5205 = PLANE('',#5206);
#5206 = AXIS2_PLACEMENT_3D('',#5207,#5208,#5209);
#5207 = CARTESIAN_POINT('',(4.4,1.834452703854,3.573485056924));
#5208 = DIRECTION('',(1.,0.,0.));
#5209 = DIRECTION('',(0.,0.,1.));
#5210 = ADVANCED_FACE('',(#5211),#5231,.F.);
#5211 = FACE_BOUND('',#5212,.F.);
#5212 = EDGE_LOOP('',(#5213,#5219,#5220,#5226,#5227,#5228,#5229,#5230));
#5213 = ORIENTED_EDGE('',*,*,#5214,.F.);
#5214 = EDGE_CURVE('',#3433,#2765,#5215,.T.);
#5215 = LINE('',#5216,#5217);
#5216 = CARTESIAN_POINT('',(3.1,2.57,5.25));
#5217 = VECTOR('',#5218,1.);
#5218 = DIRECTION('',(0.,-1.,0.));
#5219 = ORIENTED_EDGE('',*,*,#3440,.T.);
#5220 = ORIENTED_EDGE('',*,*,#5221,.T.);
#5221 = EDGE_CURVE('',#3441,#2942,#5222,.T.);
#5222 = LINE('',#5223,#5224);
#5223 = CARTESIAN_POINT('',(1.9,2.57,5.25));
#5224 = VECTOR('',#5225,1.);
#5225 = DIRECTION('',(0.,-1.,0.));
#5226 = ORIENTED_EDGE('',*,*,#2941,.F.);
#5227 = ORIENTED_EDGE('',*,*,#2923,.T.);
#5228 = ORIENTED_EDGE('',*,*,#2867,.F.);
#5229 = ORIENTED_EDGE('',*,*,#2820,.F.);
#5230 = ORIENTED_EDGE('',*,*,#2772,.F.);
#5231 = PLANE('',#5232);
#5232 = AXIS2_PLACEMENT_3D('',#5233,#5234,#5235);
#5233 = CARTESIAN_POINT('',(3.1,2.57,5.25));
#5234 = DIRECTION('',(0.,0.,1.));
#5235 = DIRECTION('',(0.,-1.,0.));
#5236 = ADVANCED_FACE('',(#5237),#5273,.F.);
#5237 = FACE_BOUND('',#5238,.F.);
#5238 = EDGE_LOOP('',(#5239,#5240,#5241,#5242,#5250,#5258,#5266,#5272));
#5239 = ORIENTED_EDGE('',*,*,#3432,.T.);
#5240 = ORIENTED_EDGE('',*,*,#5214,.T.);
#5241 = ORIENTED_EDGE('',*,*,#2764,.T.);
#5242 = ORIENTED_EDGE('',*,*,#5243,.T.);
#5243 = EDGE_CURVE('',#2757,#5244,#5246,.T.);
#5244 = VERTEX_POINT('',#5245);
#5245 = CARTESIAN_POINT('',(3.1,0.5468198,3.45));
#5246 = LINE('',#5247,#5248);
#5247 = CARTESIAN_POINT('',(3.1,1.52,3.45));
#5248 = VECTOR('',#5249,1.);
#5249 = DIRECTION('',(0.,-1.,0.));
#5250 = ORIENTED_EDGE('',*,*,#5251,.T.);
#5251 = EDGE_CURVE('',#5244,#5252,#5254,.T.);
#5252 = VERTEX_POINT('',#5253);
#5253 = CARTESIAN_POINT('',(3.1,1.044,2.6151));
#5254 = LINE('',#5255,#5256);
#5255 = CARTESIAN_POINT('',(3.1,0.5468198,3.45));
#5256 = VECTOR('',#5257,1.);
#5257 = DIRECTION('',(0.,0.511647917429,-0.859195209828));
#5258 = ORIENTED_EDGE('',*,*,#5259,.T.);
#5259 = EDGE_CURVE('',#5252,#5260,#5262,.T.);
#5260 = VERTEX_POINT('',#5261);
#5261 = CARTESIAN_POINT('',(3.1,1.52,2.6151));
#5262 = LINE('',#5263,#5264);
#5263 = CARTESIAN_POINT('',(3.1,1.044,2.6151));
#5264 = VECTOR('',#5265,1.);
#5265 = DIRECTION('',(0.,1.,0.));
#5266 = ORIENTED_EDGE('',*,*,#5267,.T.);
#5267 = EDGE_CURVE('',#5260,#3624,#5268,.T.);
#5268 = LINE('',#5269,#5270);
#5269 = CARTESIAN_POINT('',(3.1,1.52,2.6151));
#5270 = VECTOR('',#5271,1.);
#5271 = DIRECTION('',(0.,0.,-1.));
#5272 = ORIENTED_EDGE('',*,*,#3631,.T.);
#5273 = PLANE('',#5274);
#5274 = AXIS2_PLACEMENT_3D('',#5275,#5276,#5277);
#5275 = CARTESIAN_POINT('',(3.1,1.834452703854,3.573485056924));
#5276 = DIRECTION('',(1.,0.,0.));
#5277 = DIRECTION('',(0.,0.,1.));
#5278 = ADVANCED_FACE('',(#5279,#5301),#5335,.F.);
#5279 = FACE_BOUND('',#5280,.F.);
#5280 = EDGE_LOOP('',(#5281,#5282,#5283,#5284,#5285,#5293,#5299,#5300));
#5281 = ORIENTED_EDGE('',*,*,#2795,.F.);
#5282 = ORIENTED_EDGE('',*,*,#2852,.T.);
#5283 = ORIENTED_EDGE('',*,*,#2891,.T.);
#5284 = ORIENTED_EDGE('',*,*,#2957,.F.);
#5285 = ORIENTED_EDGE('',*,*,#5286,.T.);
#5286 = EDGE_CURVE('',#2950,#5287,#5289,.T.);
#5287 = VERTEX_POINT('',#5288);
#5288 = CARTESIAN_POINT('',(1.9,0.5468198,3.45));
#5289 = LINE('',#5290,#5291);
#5290 = CARTESIAN_POINT('',(1.9,1.52,3.45));
#5291 = VECTOR('',#5292,1.);
#5292 = DIRECTION('',(0.,-1.,0.));
#5293 = ORIENTED_EDGE('',*,*,#5294,.F.);
#5294 = EDGE_CURVE('',#5244,#5287,#5295,.T.);
#5295 = LINE('',#5296,#5297);
#5296 = CARTESIAN_POINT('',(3.1,0.5468198,3.45));
#5297 = VECTOR('',#5298,1.);
#5298 = DIRECTION('',(-1.,-0.,-0.));
#5299 = ORIENTED_EDGE('',*,*,#5243,.F.);
#5300 = ORIENTED_EDGE('',*,*,#2756,.F.);
#5301 = FACE_BOUND('',#5302,.F.);
#5302 = EDGE_LOOP('',(#5303,#5313,#5321,#5329));
#5303 = ORIENTED_EDGE('',*,*,#5304,.F.);
#5304 = EDGE_CURVE('',#5305,#5307,#5309,.T.);
#5305 = VERTEX_POINT('',#5306);
#5306 = CARTESIAN_POINT('',(2.9,-0.4,3.45));
#5307 = VERTEX_POINT('',#5308);
#5308 = CARTESIAN_POINT('',(2.1,-0.4,3.45));
#5309 = LINE('',#5310,#5311);
#5310 = CARTESIAN_POINT('',(2.9,-0.4,3.45));
#5311 = VECTOR('',#5312,1.);
#5312 = DIRECTION('',(-1.,-0.,-0.));
#5313 = ORIENTED_EDGE('',*,*,#5314,.F.);
#5314 = EDGE_CURVE('',#5315,#5305,#5317,.T.);
#5315 = VERTEX_POINT('',#5316);
#5316 = CARTESIAN_POINT('',(2.9,0.4,3.45));
#5317 = LINE('',#5318,#5319);
#5318 = CARTESIAN_POINT('',(2.9,0.4,3.45));
#5319 = VECTOR('',#5320,1.);
#5320 = DIRECTION('',(0.,-1.,0.));
#5321 = ORIENTED_EDGE('',*,*,#5322,.T.);
#5322 = EDGE_CURVE('',#5315,#5323,#5325,.T.);
#5323 = VERTEX_POINT('',#5324);
#5324 = CARTESIAN_POINT('',(2.1,0.4,3.45));
#5325 = LINE('',#5326,#5327);
#5326 = CARTESIAN_POINT('',(2.9,0.4,3.45));
#5327 = VECTOR('',#5328,1.);
#5328 = DIRECTION('',(-1.,-0.,-0.));
#5329 = ORIENTED_EDGE('',*,*,#5330,.T.);
#5330 = EDGE_CURVE('',#5323,#5307,#5331,.T.);
#5331 = LINE('',#5332,#5333);
#5332 = CARTESIAN_POINT('',(2.1,0.4,3.45));
#5333 = VECTOR('',#5334,1.);
#5334 = DIRECTION('',(0.,-1.,0.));
#5335 = PLANE('',#5336);
#5336 = AXIS2_PLACEMENT_3D('',#5337,#5338,#5339);
#5337 = CARTESIAN_POINT('',(3.55,-0.98,3.45));
#5338 = DIRECTION('',(0.,0.,-1.));
#5339 = DIRECTION('',(0.,1.,0.));
#5340 = ADVANCED_FACE('',(#5341),#5370,.T.);
#5341 = FACE_BOUND('',#5342,.T.);
#5342 = EDGE_LOOP('',(#5343,#5344,#5345,#5346,#5347,#5355,#5363,#5369));
#5343 = ORIENTED_EDGE('',*,*,#3448,.T.);
#5344 = ORIENTED_EDGE('',*,*,#5221,.T.);
#5345 = ORIENTED_EDGE('',*,*,#2949,.T.);
#5346 = ORIENTED_EDGE('',*,*,#5286,.T.);
#5347 = ORIENTED_EDGE('',*,*,#5348,.T.);
#5348 = EDGE_CURVE('',#5287,#5349,#5351,.T.);
#5349 = VERTEX_POINT('',#5350);
#5350 = CARTESIAN_POINT('',(1.9,1.044,2.6151));
#5351 = LINE('',#5352,#5353);
#5352 = CARTESIAN_POINT('',(1.9,0.5468198,3.45));
#5353 = VECTOR('',#5354,1.);
#5354 = DIRECTION('',(0.,0.511647917429,-0.859195209828));
#5355 = ORIENTED_EDGE('',*,*,#5356,.T.);
#5356 = EDGE_CURVE('',#5349,#5357,#5359,.T.);
#5357 = VERTEX_POINT('',#5358);
#5358 = CARTESIAN_POINT('',(1.9,1.52,2.6151));
#5359 = LINE('',#5360,#5361);
#5360 = CARTESIAN_POINT('',(1.9,1.044,2.6151));
#5361 = VECTOR('',#5362,1.);
#5362 = DIRECTION('',(0.,1.,0.));
#5363 = ORIENTED_EDGE('',*,*,#5364,.T.);
#5364 = EDGE_CURVE('',#5357,#3616,#5365,.T.);
#5365 = LINE('',#5366,#5367);
#5366 = CARTESIAN_POINT('',(1.9,1.52,2.6151));
#5367 = VECTOR('',#5368,1.);
#5368 = DIRECTION('',(0.,0.,-1.));
#5369 = ORIENTED_EDGE('',*,*,#3615,.T.);
#5370 = PLANE('',#5371);
#5371 = AXIS2_PLACEMENT_3D('',#5372,#5373,#5374);
#5372 = CARTESIAN_POINT('',(1.9,1.834452703854,3.573485056924));
#5373 = DIRECTION('',(1.,0.,0.));
#5374 = DIRECTION('',(0.,0.,1.));
#5375 = ADVANCED_FACE('',(#5376),#5396,.F.);
#5376 = FACE_BOUND('',#5377,.F.);
#5377 = EDGE_LOOP('',(#5378,#5384,#5385,#5391,#5392,#5393,#5394,#5395));
#5378 = ORIENTED_EDGE('',*,*,#5379,.F.);
#5379 = EDGE_CURVE('',#3465,#2989,#5380,.T.);
#5380 = LINE('',#5381,#5382);
#5381 = CARTESIAN_POINT('',(0.6,2.57,5.25));
#5382 = VECTOR('',#5383,1.);
#5383 = DIRECTION('',(0.,-1.,0.));
#5384 = ORIENTED_EDGE('',*,*,#3472,.T.);
#5385 = ORIENTED_EDGE('',*,*,#5386,.T.);
#5386 = EDGE_CURVE('',#3473,#3166,#5387,.T.);
#5387 = LINE('',#5388,#5389);
#5388 = CARTESIAN_POINT('',(-0.6,2.57,5.25));
#5389 = VECTOR('',#5390,1.);
#5390 = DIRECTION('',(0.,-1.,0.));
#5391 = ORIENTED_EDGE('',*,*,#3165,.F.);
#5392 = ORIENTED_EDGE('',*,*,#3147,.T.);
#5393 = ORIENTED_EDGE('',*,*,#3091,.F.);
#5394 = ORIENTED_EDGE('',*,*,#3044,.F.);
#5395 = ORIENTED_EDGE('',*,*,#2996,.F.);
#5396 = PLANE('',#5397);
#5397 = AXIS2_PLACEMENT_3D('',#5398,#5399,#5400);
#5398 = CARTESIAN_POINT('',(0.6,2.57,5.25));
#5399 = DIRECTION('',(0.,0.,1.));
#5400 = DIRECTION('',(0.,-1.,0.));
#5401 = ADVANCED_FACE('',(#5402),#5438,.F.);
#5402 = FACE_BOUND('',#5403,.F.);
#5403 = EDGE_LOOP('',(#5404,#5405,#5406,#5407,#5415,#5423,#5431,#5437));
#5404 = ORIENTED_EDGE('',*,*,#3464,.T.);
#5405 = ORIENTED_EDGE('',*,*,#5379,.T.);
#5406 = ORIENTED_EDGE('',*,*,#2988,.T.);
#5407 = ORIENTED_EDGE('',*,*,#5408,.T.);
#5408 = EDGE_CURVE('',#2981,#5409,#5411,.T.);
#5409 = VERTEX_POINT('',#5410);
#5410 = CARTESIAN_POINT('',(0.6,0.5468198,3.45));
#5411 = LINE('',#5412,#5413);
#5412 = CARTESIAN_POINT('',(0.6,1.52,3.45));
#5413 = VECTOR('',#5414,1.);
#5414 = DIRECTION('',(0.,-1.,0.));
#5415 = ORIENTED_EDGE('',*,*,#5416,.T.);
#5416 = EDGE_CURVE('',#5409,#5417,#5419,.T.);
#5417 = VERTEX_POINT('',#5418);
#5418 = CARTESIAN_POINT('',(0.6,1.044,2.6151));
#5419 = LINE('',#5420,#5421);
#5420 = CARTESIAN_POINT('',(0.6,0.5468198,3.45));
#5421 = VECTOR('',#5422,1.);
#5422 = DIRECTION('',(0.,0.511647917429,-0.859195209828));
#5423 = ORIENTED_EDGE('',*,*,#5424,.T.);
#5424 = EDGE_CURVE('',#5417,#5425,#5427,.T.);
#5425 = VERTEX_POINT('',#5426);
#5426 = CARTESIAN_POINT('',(0.6,1.52,2.6151));
#5427 = LINE('',#5428,#5429);
#5428 = CARTESIAN_POINT('',(0.6,1.044,2.6151));
#5429 = VECTOR('',#5430,1.);
#5430 = DIRECTION('',(0.,1.,0.));
#5431 = ORIENTED_EDGE('',*,*,#5432,.T.);
#5432 = EDGE_CURVE('',#5425,#3601,#5433,.T.);
#5433 = LINE('',#5434,#5435);
#5434 = CARTESIAN_POINT('',(0.6,1.52,2.6151));
#5435 = VECTOR('',#5436,1.);
#5436 = DIRECTION('',(0.,0.,-1.));
#5437 = ORIENTED_EDGE('',*,*,#3608,.T.);
#5438 = PLANE('',#5439);
#5439 = AXIS2_PLACEMENT_3D('',#5440,#5441,#5442);
#5440 = CARTESIAN_POINT('',(0.6,1.834452703854,3.573485056924));
#5441 = DIRECTION('',(1.,0.,0.));
#5442 = DIRECTION('',(0.,0.,1.));
#5443 = ADVANCED_FACE('',(#5444,#5466),#5500,.F.);
#5444 = FACE_BOUND('',#5445,.F.);
#5445 = EDGE_LOOP('',(#5446,#5447,#5448,#5449,#5450,#5458,#5464,#5465));
#5446 = ORIENTED_EDGE('',*,*,#3019,.F.);
#5447 = ORIENTED_EDGE('',*,*,#3076,.T.);
#5448 = ORIENTED_EDGE('',*,*,#3115,.T.);
#5449 = ORIENTED_EDGE('',*,*,#3181,.F.);
#5450 = ORIENTED_EDGE('',*,*,#5451,.T.);
#5451 = EDGE_CURVE('',#3174,#5452,#5454,.T.);
#5452 = VERTEX_POINT('',#5453);
#5453 = CARTESIAN_POINT('',(-0.6,0.5468198,3.45));
#5454 = LINE('',#5455,#5456);
#5455 = CARTESIAN_POINT('',(-0.6,1.52,3.45));
#5456 = VECTOR('',#5457,1.);
#5457 = DIRECTION('',(0.,-1.,0.));
#5458 = ORIENTED_EDGE('',*,*,#5459,.F.);
#5459 = EDGE_CURVE('',#5409,#5452,#5460,.T.);
#5460 = LINE('',#5461,#5462);
#5461 = CARTESIAN_POINT('',(0.6,0.5468198,3.45));
#5462 = VECTOR('',#5463,1.);
#5463 = DIRECTION('',(-1.,-0.,-0.));
#5464 = ORIENTED_EDGE('',*,*,#5408,.F.);
#5465 = ORIENTED_EDGE('',*,*,#2980,.F.);
#5466 = FACE_BOUND('',#5467,.F.);
#5467 = EDGE_LOOP('',(#5468,#5478,#5486,#5494));
#5468 = ORIENTED_EDGE('',*,*,#5469,.F.);
#5469 = EDGE_CURVE('',#5470,#5472,#5474,.T.);
#5470 = VERTEX_POINT('',#5471);
#5471 = CARTESIAN_POINT('',(0.4,-0.4,3.45));
#5472 = VERTEX_POINT('',#5473);
#5473 = CARTESIAN_POINT('',(-0.4,-0.4,3.45));
#5474 = LINE('',#5475,#5476);
#5475 = CARTESIAN_POINT('',(0.4,-0.4,3.45));
#5476 = VECTOR('',#5477,1.);
#5477 = DIRECTION('',(-1.,-0.,-0.));
#5478 = ORIENTED_EDGE('',*,*,#5479,.F.);
#5479 = EDGE_CURVE('',#5480,#5470,#5482,.T.);
#5480 = VERTEX_POINT('',#5481);
#5481 = CARTESIAN_POINT('',(0.4,0.4,3.45));
#5482 = LINE('',#5483,#5484);
#5483 = CARTESIAN_POINT('',(0.4,0.4,3.45));
#5484 = VECTOR('',#5485,1.);
#5485 = DIRECTION('',(0.,-1.,0.));
#5486 = ORIENTED_EDGE('',*,*,#5487,.T.);
#5487 = EDGE_CURVE('',#5480,#5488,#5490,.T.);
#5488 = VERTEX_POINT('',#5489);
#5489 = CARTESIAN_POINT('',(-0.4,0.4,3.45));
#5490 = LINE('',#5491,#5492);
#5491 = CARTESIAN_POINT('',(0.4,0.4,3.45));
#5492 = VECTOR('',#5493,1.);
#5493 = DIRECTION('',(-1.,-0.,-0.));
#5494 = ORIENTED_EDGE('',*,*,#5495,.T.);
#5495 = EDGE_CURVE('',#5488,#5472,#5496,.T.);
#5496 = LINE('',#5497,#5498);
#5497 = CARTESIAN_POINT('',(-0.4,0.4,3.45));
#5498 = VECTOR('',#5499,1.);
#5499 = DIRECTION('',(0.,-1.,0.));
#5500 = PLANE('',#5501);
#5501 = AXIS2_PLACEMENT_3D('',#5502,#5503,#5504);
#5502 = CARTESIAN_POINT('',(1.05,-0.98,3.45));
#5503 = DIRECTION('',(0.,0.,-1.));
#5504 = DIRECTION('',(0.,1.,0.));
#5505 = ADVANCED_FACE('',(#5506),#5535,.T.);
#5506 = FACE_BOUND('',#5507,.T.);
#5507 = EDGE_LOOP('',(#5508,#5509,#5510,#5511,#5512,#5520,#5528,#5534));
#5508 = ORIENTED_EDGE('',*,*,#3480,.T.);
#5509 = ORIENTED_EDGE('',*,*,#5386,.T.);
#5510 = ORIENTED_EDGE('',*,*,#3173,.T.);
#5511 = ORIENTED_EDGE('',*,*,#5451,.T.);
#5512 = ORIENTED_EDGE('',*,*,#5513,.T.);
#5513 = EDGE_CURVE('',#5452,#5514,#5516,.T.);
#5514 = VERTEX_POINT('',#5515);
#5515 = CARTESIAN_POINT('',(-0.6,1.044,2.6151));
#5516 = LINE('',#5517,#5518);
#5517 = CARTESIAN_POINT('',(-0.6,0.5468198,3.45));
#5518 = VECTOR('',#5519,1.);
#5519 = DIRECTION('',(0.,0.511647917429,-0.859195209828));
#5520 = ORIENTED_EDGE('',*,*,#5521,.T.);
#5521 = EDGE_CURVE('',#5514,#5522,#5524,.T.);
#5522 = VERTEX_POINT('',#5523);
#5523 = CARTESIAN_POINT('',(-0.6,1.52,2.6151));
#5524 = LINE('',#5525,#5526);
#5525 = CARTESIAN_POINT('',(-0.6,1.044,2.6151));
#5526 = VECTOR('',#5527,1.);
#5527 = DIRECTION('',(0.,1.,0.));
#5528 = ORIENTED_EDGE('',*,*,#5529,.T.);
#5529 = EDGE_CURVE('',#5522,#3593,#5530,.T.);
#5530 = LINE('',#5531,#5532);
#5531 = CARTESIAN_POINT('',(-0.6,1.52,2.6151));
#5532 = VECTOR('',#5533,1.);
#5533 = DIRECTION('',(0.,0.,-1.));
#5534 = ORIENTED_EDGE('',*,*,#3592,.T.);
#5535 = PLANE('',#5536);
#5536 = AXIS2_PLACEMENT_3D('',#5537,#5538,#5539);
#5537 = CARTESIAN_POINT('',(-0.6,1.834452703854,3.573485056924));
#5538 = DIRECTION('',(1.,0.,0.));
#5539 = DIRECTION('',(0.,0.,1.));
#5540 = ADVANCED_FACE('',(#5541),#5552,.F.);
#5541 = FACE_BOUND('',#5542,.F.);
#5542 = EDGE_LOOP('',(#5543,#5549,#5550,#5551));
#5543 = ORIENTED_EDGE('',*,*,#5544,.T.);
#5544 = EDGE_CURVE('',#4435,#4532,#5545,.T.);
#5545 = LINE('',#5546,#5547);
#5546 = CARTESIAN_POINT('',(15.6,1.52,2.6151));
#5547 = VECTOR('',#5548,1.);
#5548 = DIRECTION('',(-1.,-0.,-0.));
#5549 = ORIENTED_EDGE('',*,*,#4539,.T.);
#5550 = ORIENTED_EDGE('',*,*,#3738,.F.);
#5551 = ORIENTED_EDGE('',*,*,#4442,.F.);
#5552 = PLANE('',#5553);
#5553 = AXIS2_PLACEMENT_3D('',#5554,#5555,#5556);
#5554 = CARTESIAN_POINT('',(15.6,1.52,2.6151));
#5555 = DIRECTION('',(0.,-1.,0.));
#5556 = DIRECTION('',(0.,0.,-1.));
#5557 = ADVANCED_FACE('',(#5558),#5569,.F.);
#5558 = FACE_BOUND('',#5559,.F.);
#5559 = EDGE_LOOP('',(#5560,#5566,#5567,#5568));
#5560 = ORIENTED_EDGE('',*,*,#5561,.T.);
#5561 = EDGE_CURVE('',#4600,#4697,#5562,.T.);
#5562 = LINE('',#5563,#5564);
#5563 = CARTESIAN_POINT('',(13.1,1.52,2.6151));
#5564 = VECTOR('',#5565,1.);
#5565 = DIRECTION('',(-1.,-0.,-0.));
#5566 = ORIENTED_EDGE('',*,*,#4704,.T.);
#5567 = ORIENTED_EDGE('',*,*,#3715,.F.);
#5568 = ORIENTED_EDGE('',*,*,#4607,.F.);
#5569 = PLANE('',#5570);
#5570 = AXIS2_PLACEMENT_3D('',#5571,#5572,#5573);
#5571 = CARTESIAN_POINT('',(13.1,1.52,2.6151));
#5572 = DIRECTION('',(0.,-1.,0.));
#5573 = DIRECTION('',(0.,0.,-1.));
#5574 = ADVANCED_FACE('',(#5575),#5586,.F.);
#5575 = FACE_BOUND('',#5576,.F.);
#5576 = EDGE_LOOP('',(#5577,#5583,#5584,#5585));
#5577 = ORIENTED_EDGE('',*,*,#5578,.T.);
#5578 = EDGE_CURVE('',#4765,#4862,#5579,.T.);
#5579 = LINE('',#5580,#5581);
#5580 = CARTESIAN_POINT('',(10.6,1.52,2.6151));
#5581 = VECTOR('',#5582,1.);
#5582 = DIRECTION('',(-1.,-0.,-0.));
#5583 = ORIENTED_EDGE('',*,*,#4869,.T.);
#5584 = ORIENTED_EDGE('',*,*,#3692,.F.);
#5585 = ORIENTED_EDGE('',*,*,#4772,.F.);
#5586 = PLANE('',#5587);
#5587 = AXIS2_PLACEMENT_3D('',#5588,#5589,#5590);
#5588 = CARTESIAN_POINT('',(10.6,1.52,2.6151));
#5589 = DIRECTION('',(0.,-1.,0.));
#5590 = DIRECTION('',(0.,0.,-1.));
#5591 = ADVANCED_FACE('',(#5592),#5603,.F.);
#5592 = FACE_BOUND('',#5593,.F.);
#5593 = EDGE_LOOP('',(#5594,#5600,#5601,#5602));
#5594 = ORIENTED_EDGE('',*,*,#5595,.T.);
#5595 = EDGE_CURVE('',#4930,#5027,#5596,.T.);
#5596 = LINE('',#5597,#5598);
#5597 = CARTESIAN_POINT('',(8.1,1.52,2.6151));
#5598 = VECTOR('',#5599,1.);
#5599 = DIRECTION('',(-1.,-0.,-0.));
#5600 = ORIENTED_EDGE('',*,*,#5034,.T.);
#5601 = ORIENTED_EDGE('',*,*,#3669,.F.);
#5602 = ORIENTED_EDGE('',*,*,#4937,.F.);
#5603 = PLANE('',#5604);
#5604 = AXIS2_PLACEMENT_3D('',#5605,#5606,#5607);
#5605 = CARTESIAN_POINT('',(8.1,1.52,2.6151));
#5606 = DIRECTION('',(0.,-1.,0.));
#5607 = DIRECTION('',(0.,0.,-1.));
#5608 = ADVANCED_FACE('',(#5609),#5620,.F.);
#5609 = FACE_BOUND('',#5610,.F.);
#5610 = EDGE_LOOP('',(#5611,#5617,#5618,#5619));
#5611 = ORIENTED_EDGE('',*,*,#5612,.T.);
#5612 = EDGE_CURVE('',#5095,#5192,#5613,.T.);
#5613 = LINE('',#5614,#5615);
#5614 = CARTESIAN_POINT('',(5.6,1.52,2.6151));
#5615 = VECTOR('',#5616,1.);
#5616 = DIRECTION('',(-1.,-0.,-0.));
#5617 = ORIENTED_EDGE('',*,*,#5199,.T.);
#5618 = ORIENTED_EDGE('',*,*,#3646,.F.);
#5619 = ORIENTED_EDGE('',*,*,#5102,.F.);
#5620 = PLANE('',#5621);
#5621 = AXIS2_PLACEMENT_3D('',#5622,#5623,#5624);
#5622 = CARTESIAN_POINT('',(5.6,1.52,2.6151));
#5623 = DIRECTION('',(0.,-1.,0.));
#5624 = DIRECTION('',(0.,0.,-1.));
#5625 = ADVANCED_FACE('',(#5626),#5637,.F.);
#5626 = FACE_BOUND('',#5627,.F.);
#5627 = EDGE_LOOP('',(#5628,#5634,#5635,#5636));
#5628 = ORIENTED_EDGE('',*,*,#5629,.T.);
#5629 = EDGE_CURVE('',#5260,#5357,#5630,.T.);
#5630 = LINE('',#5631,#5632);
#5631 = CARTESIAN_POINT('',(3.1,1.52,2.6151));
#5632 = VECTOR('',#5633,1.);
#5633 = DIRECTION('',(-1.,-0.,-0.));
#5634 = ORIENTED_EDGE('',*,*,#5364,.T.);
#5635 = ORIENTED_EDGE('',*,*,#3623,.F.);
#5636 = ORIENTED_EDGE('',*,*,#5267,.F.);
#5637 = PLANE('',#5638);
#5638 = AXIS2_PLACEMENT_3D('',#5639,#5640,#5641);
#5639 = CARTESIAN_POINT('',(3.1,1.52,2.6151));
#5640 = DIRECTION('',(0.,-1.,0.));
#5641 = DIRECTION('',(0.,0.,-1.));
#5642 = ADVANCED_FACE('',(#5643),#5654,.F.);
#5643 = FACE_BOUND('',#5644,.F.);
#5644 = EDGE_LOOP('',(#5645,#5651,#5652,#5653));
#5645 = ORIENTED_EDGE('',*,*,#5646,.T.);
#5646 = EDGE_CURVE('',#5425,#5522,#5647,.T.);
#5647 = LINE('',#5648,#5649);
#5648 = CARTESIAN_POINT('',(0.6,1.52,2.6151));
#5649 = VECTOR('',#5650,1.);
#5650 = DIRECTION('',(-1.,-0.,-0.));
#5651 = ORIENTED_EDGE('',*,*,#5529,.T.);
#5652 = ORIENTED_EDGE('',*,*,#3600,.F.);
#5653 = ORIENTED_EDGE('',*,*,#5432,.F.);
#5654 = PLANE('',#5655);
#5655 = AXIS2_PLACEMENT_3D('',#5656,#5657,#5658);
#5656 = CARTESIAN_POINT('',(0.6,1.52,2.6151));
#5657 = DIRECTION('',(0.,-1.,0.));
#5658 = DIRECTION('',(0.,0.,-1.));
#5659 = ADVANCED_FACE('',(#5660),#5666,.T.);
#5660 = FACE_BOUND('',#5661,.T.);
#5661 = EDGE_LOOP('',(#5662,#5663,#5664,#5665));
#5662 = ORIENTED_EDGE('',*,*,#3929,.T.);
#5663 = ORIENTED_EDGE('',*,*,#4191,.T.);
#5664 = ORIENTED_EDGE('',*,*,#3577,.F.);
#5665 = ORIENTED_EDGE('',*,*,#3904,.F.);
#5666 = PLANE('',#5667);
#5667 = AXIS2_PLACEMENT_3D('',#5668,#5669,#5670);
#5668 = CARTESIAN_POINT('',(19.1,0.57,2.7));
#5669 = DIRECTION('',(0.,-0.866025403784,-0.5));
#5670 = DIRECTION('',(0.,0.5,-0.866025403784));
#5671 = ADVANCED_FACE('',(#5672),#5688,.F.);
#5672 = FACE_BOUND('',#5673,.F.);
#5673 = EDGE_LOOP('',(#5674,#5680,#5681,#5687));
#5674 = ORIENTED_EDGE('',*,*,#5675,.F.);
#5675 = EDGE_CURVE('',#5470,#3939,#5676,.T.);
#5676 = LINE('',#5677,#5678);
#5677 = CARTESIAN_POINT('',(0.4,-0.4,3.45));
#5678 = VECTOR('',#5679,1.);
#5679 = DIRECTION('',(0.,0.,-1.));
#5680 = ORIENTED_EDGE('',*,*,#5469,.T.);
#5681 = ORIENTED_EDGE('',*,*,#5682,.T.);
#5682 = EDGE_CURVE('',#5472,#3941,#5683,.T.);
#5683 = LINE('',#5684,#5685);
#5684 = CARTESIAN_POINT('',(-0.4,-0.4,3.45));
#5685 = VECTOR('',#5686,1.);
#5686 = DIRECTION('',(0.,0.,-1.));
#5687 = ORIENTED_EDGE('',*,*,#3938,.F.);
#5688 = PLANE('',#5689);
#5689 = AXIS2_PLACEMENT_3D('',#5690,#5691,#5692);
#5690 = CARTESIAN_POINT('',(0.4,-0.4,3.45));
#5691 = DIRECTION('',(0.,-1.,0.));
#5692 = DIRECTION('',(0.,0.,-1.));
#5693 = ADVANCED_FACE('',(#5694),#5705,.F.);
#5694 = FACE_BOUND('',#5695,.F.);
#5695 = EDGE_LOOP('',(#5696,#5697,#5698,#5699));
#5696 = ORIENTED_EDGE('',*,*,#5479,.T.);
#5697 = ORIENTED_EDGE('',*,*,#5675,.T.);
#5698 = ORIENTED_EDGE('',*,*,#3948,.F.);
#5699 = ORIENTED_EDGE('',*,*,#5700,.T.);
#5700 = EDGE_CURVE('',#3949,#5480,#5701,.T.);
#5701 = LINE('',#5702,#5703);
#5702 = CARTESIAN_POINT('',(0.4,0.4,2.45));
#5703 = VECTOR('',#5704,1.);
#5704 = DIRECTION('',(0.,0.,1.));
#5705 = PLANE('',#5706);
#5706 = AXIS2_PLACEMENT_3D('',#5707,#5708,#5709);
#5707 = CARTESIAN_POINT('',(0.4,0.,2.95));
#5708 = DIRECTION('',(1.,0.,0.));
#5709 = DIRECTION('',(0.,0.,1.));
#5710 = ADVANCED_FACE('',(#5711),#5722,.T.);
#5711 = FACE_BOUND('',#5712,.T.);
#5712 = EDGE_LOOP('',(#5713,#5714,#5715,#5716));
#5713 = ORIENTED_EDGE('',*,*,#5495,.T.);
#5714 = ORIENTED_EDGE('',*,*,#5682,.T.);
#5715 = ORIENTED_EDGE('',*,*,#3964,.F.);
#5716 = ORIENTED_EDGE('',*,*,#5717,.T.);
#5717 = EDGE_CURVE('',#3957,#5488,#5718,.T.);
#5718 = LINE('',#5719,#5720);
#5719 = CARTESIAN_POINT('',(-0.4,0.4,2.45));
#5720 = VECTOR('',#5721,1.);
#5721 = DIRECTION('',(0.,0.,1.));
#5722 = PLANE('',#5723);
#5723 = AXIS2_PLACEMENT_3D('',#5724,#5725,#5726);
#5724 = CARTESIAN_POINT('',(-0.4,0.,2.95));
#5725 = DIRECTION('',(1.,0.,0.));
#5726 = DIRECTION('',(0.,0.,1.));
#5727 = ADVANCED_FACE('',(#5728),#5734,.F.);
#5728 = FACE_BOUND('',#5729,.F.);
#5729 = EDGE_LOOP('',(#5730,#5731,#5732,#5733));
#5730 = ORIENTED_EDGE('',*,*,#5700,.F.);
#5731 = ORIENTED_EDGE('',*,*,#3956,.F.);
#5732 = ORIENTED_EDGE('',*,*,#5717,.T.);
#5733 = ORIENTED_EDGE('',*,*,#5487,.F.);
#5734 = PLANE('',#5735);
#5735 = AXIS2_PLACEMENT_3D('',#5736,#5737,#5738);
#5736 = CARTESIAN_POINT('',(0.4,0.4,2.45));
#5737 = DIRECTION('',(0.,1.,0.));
#5738 = DIRECTION('',(0.,0.,1.));
#5739 = ADVANCED_FACE('',(#5740),#5756,.F.);
#5740 = FACE_BOUND('',#5741,.F.);
#5741 = EDGE_LOOP('',(#5742,#5748,#5749,#5755));
#5742 = ORIENTED_EDGE('',*,*,#5743,.F.);
#5743 = EDGE_CURVE('',#5305,#3973,#5744,.T.);
#5744 = LINE('',#5745,#5746);
#5745 = CARTESIAN_POINT('',(2.9,-0.4,3.45));
#5746 = VECTOR('',#5747,1.);
#5747 = DIRECTION('',(0.,0.,-1.));
#5748 = ORIENTED_EDGE('',*,*,#5304,.T.);
#5749 = ORIENTED_EDGE('',*,*,#5750,.T.);
#5750 = EDGE_CURVE('',#5307,#3975,#5751,.T.);
#5751 = LINE('',#5752,#5753);
#5752 = CARTESIAN_POINT('',(2.1,-0.4,3.45));
#5753 = VECTOR('',#5754,1.);
#5754 = DIRECTION('',(0.,0.,-1.));
#5755 = ORIENTED_EDGE('',*,*,#3972,.F.);
#5756 = PLANE('',#5757);
#5757 = AXIS2_PLACEMENT_3D('',#5758,#5759,#5760);
#5758 = CARTESIAN_POINT('',(2.9,-0.4,3.45));
#5759 = DIRECTION('',(0.,-1.,0.));
#5760 = DIRECTION('',(0.,0.,-1.));
#5761 = ADVANCED_FACE('',(#5762),#5773,.T.);
#5762 = FACE_BOUND('',#5763,.T.);
#5763 = EDGE_LOOP('',(#5764,#5765,#5766,#5767));
#5764 = ORIENTED_EDGE('',*,*,#5330,.T.);
#5765 = ORIENTED_EDGE('',*,*,#5750,.T.);
#5766 = ORIENTED_EDGE('',*,*,#3998,.F.);
#5767 = ORIENTED_EDGE('',*,*,#5768,.T.);
#5768 = EDGE_CURVE('',#3991,#5323,#5769,.T.);
#5769 = LINE('',#5770,#5771);
#5770 = CARTESIAN_POINT('',(2.1,0.4,2.45));
#5771 = VECTOR('',#5772,1.);
#5772 = DIRECTION('',(0.,0.,1.));
#5773 = PLANE('',#5774);
#5774 = AXIS2_PLACEMENT_3D('',#5775,#5776,#5777);
#5775 = CARTESIAN_POINT('',(2.1,0.,2.95));
#5776 = DIRECTION('',(1.,0.,0.));
#5777 = DIRECTION('',(0.,0.,1.));
#5778 = ADVANCED_FACE('',(#5779),#5790,.F.);
#5779 = FACE_BOUND('',#5780,.F.);
#5780 = EDGE_LOOP('',(#5781,#5787,#5788,#5789));
#5781 = ORIENTED_EDGE('',*,*,#5782,.F.);
#5782 = EDGE_CURVE('',#3983,#5315,#5783,.T.);
#5783 = LINE('',#5784,#5785);
#5784 = CARTESIAN_POINT('',(2.9,0.4,2.45));
#5785 = VECTOR('',#5786,1.);
#5786 = DIRECTION('',(0.,0.,1.));
#5787 = ORIENTED_EDGE('',*,*,#3990,.F.);
#5788 = ORIENTED_EDGE('',*,*,#5768,.T.);
#5789 = ORIENTED_EDGE('',*,*,#5322,.F.);
#5790 = PLANE('',#5791);
#5791 = AXIS2_PLACEMENT_3D('',#5792,#5793,#5794);
#5792 = CARTESIAN_POINT('',(2.9,0.4,2.45));
#5793 = DIRECTION('',(0.,1.,0.));
#5794 = DIRECTION('',(0.,0.,1.));
#5795 = ADVANCED_FACE('',(#5796),#5802,.F.);
#5796 = FACE_BOUND('',#5797,.F.);
#5797 = EDGE_LOOP('',(#5798,#5799,#5800,#5801));
#5798 = ORIENTED_EDGE('',*,*,#5314,.T.);
#5799 = ORIENTED_EDGE('',*,*,#5743,.T.);
#5800 = ORIENTED_EDGE('',*,*,#3982,.F.);
#5801 = ORIENTED_EDGE('',*,*,#5782,.T.);
#5802 = PLANE('',#5803);
#5803 = AXIS2_PLACEMENT_3D('',#5804,#5805,#5806);
#5804 = CARTESIAN_POINT('',(2.9,0.,2.95));
#5805 = DIRECTION('',(1.,0.,0.));
#5806 = DIRECTION('',(0.,0.,1.));
#5807 = ADVANCED_FACE('',(#5808),#5824,.F.);
#5808 = FACE_BOUND('',#5809,.F.);
#5809 = EDGE_LOOP('',(#5810,#5816,#5817,#5823));
#5810 = ORIENTED_EDGE('',*,*,#5811,.F.);
#5811 = EDGE_CURVE('',#5140,#4007,#5812,.T.);
#5812 = LINE('',#5813,#5814);
#5813 = CARTESIAN_POINT('',(5.4,-0.4,3.45));
#5814 = VECTOR('',#5815,1.);
#5815 = DIRECTION('',(0.,0.,-1.));
#5816 = ORIENTED_EDGE('',*,*,#5139,.T.);
#5817 = ORIENTED_EDGE('',*,*,#5818,.T.);
#5818 = EDGE_CURVE('',#5142,#4009,#5819,.T.);
#5819 = LINE('',#5820,#5821);
#5820 = CARTESIAN_POINT('',(4.6,-0.4,3.45));
#5821 = VECTOR('',#5822,1.);
#5822 = DIRECTION('',(0.,0.,-1.));
#5823 = ORIENTED_EDGE('',*,*,#4006,.F.);
#5824 = PLANE('',#5825);
#5825 = AXIS2_PLACEMENT_3D('',#5826,#5827,#5828);
#5826 = CARTESIAN_POINT('',(5.4,-0.4,3.45));
#5827 = DIRECTION('',(0.,-1.,0.));
#5828 = DIRECTION('',(0.,0.,-1.));
#5829 = ADVANCED_FACE('',(#5830),#5841,.T.);
#5830 = FACE_BOUND('',#5831,.T.);
#5831 = EDGE_LOOP('',(#5832,#5833,#5834,#5835));
#5832 = ORIENTED_EDGE('',*,*,#5165,.T.);
#5833 = ORIENTED_EDGE('',*,*,#5818,.T.);
#5834 = ORIENTED_EDGE('',*,*,#4032,.F.);
#5835 = ORIENTED_EDGE('',*,*,#5836,.T.);
#5836 = EDGE_CURVE('',#4025,#5158,#5837,.T.);
#5837 = LINE('',#5838,#5839);
#5838 = CARTESIAN_POINT('',(4.6,0.4,2.45));
#5839 = VECTOR('',#5840,1.);
#5840 = DIRECTION('',(0.,0.,1.));
#5841 = PLANE('',#5842);
#5842 = AXIS2_PLACEMENT_3D('',#5843,#5844,#5845);
#5843 = CARTESIAN_POINT('',(4.6,0.,2.95));
#5844 = DIRECTION('',(1.,0.,0.));
#5845 = DIRECTION('',(0.,0.,1.));
#5846 = ADVANCED_FACE('',(#5847),#5858,.F.);
#5847 = FACE_BOUND('',#5848,.F.);
#5848 = EDGE_LOOP('',(#5849,#5855,#5856,#5857));
#5849 = ORIENTED_EDGE('',*,*,#5850,.F.);
#5850 = EDGE_CURVE('',#4017,#5150,#5851,.T.);
#5851 = LINE('',#5852,#5853);
#5852 = CARTESIAN_POINT('',(5.4,0.4,2.45));
#5853 = VECTOR('',#5854,1.);
#5854 = DIRECTION('',(0.,0.,1.));
#5855 = ORIENTED_EDGE('',*,*,#4024,.F.);
#5856 = ORIENTED_EDGE('',*,*,#5836,.T.);
#5857 = ORIENTED_EDGE('',*,*,#5157,.F.);
#5858 = PLANE('',#5859);
#5859 = AXIS2_PLACEMENT_3D('',#5860,#5861,#5862);
#5860 = CARTESIAN_POINT('',(5.4,0.4,2.45));
#5861 = DIRECTION('',(0.,1.,0.));
#5862 = DIRECTION('',(0.,0.,1.));
#5863 = ADVANCED_FACE('',(#5864),#5870,.F.);
#5864 = FACE_BOUND('',#5865,.F.);
#5865 = EDGE_LOOP('',(#5866,#5867,#5868,#5869));
#5866 = ORIENTED_EDGE('',*,*,#5149,.T.);
#5867 = ORIENTED_EDGE('',*,*,#5811,.T.);
#5868 = ORIENTED_EDGE('',*,*,#4016,.F.);
#5869 = ORIENTED_EDGE('',*,*,#5850,.T.);
#5870 = PLANE('',#5871);
#5871 = AXIS2_PLACEMENT_3D('',#5872,#5873,#5874);
#5872 = CARTESIAN_POINT('',(5.4,0.,2.95));
#5873 = DIRECTION('',(1.,0.,0.));
#5874 = DIRECTION('',(0.,0.,1.));
#5875 = ADVANCED_FACE('',(#5876),#5892,.F.);
#5876 = FACE_BOUND('',#5877,.F.);
#5877 = EDGE_LOOP('',(#5878,#5884,#5885,#5891));
#5878 = ORIENTED_EDGE('',*,*,#5879,.F.);
#5879 = EDGE_CURVE('',#4975,#4041,#5880,.T.);
#5880 = LINE('',#5881,#5882);
#5881 = CARTESIAN_POINT('',(7.9,-0.4,3.45));
#5882 = VECTOR('',#5883,1.);
#5883 = DIRECTION('',(0.,0.,-1.));
#5884 = ORIENTED_EDGE('',*,*,#4974,.T.);
#5885 = ORIENTED_EDGE('',*,*,#5886,.T.);
#5886 = EDGE_CURVE('',#4977,#4043,#5887,.T.);
#5887 = LINE('',#5888,#5889);
#5888 = CARTESIAN_POINT('',(7.1,-0.4,3.45));
#5889 = VECTOR('',#5890,1.);
#5890 = DIRECTION('',(0.,0.,-1.));
#5891 = ORIENTED_EDGE('',*,*,#4040,.F.);
#5892 = PLANE('',#5893);
#5893 = AXIS2_PLACEMENT_3D('',#5894,#5895,#5896);
#5894 = CARTESIAN_POINT('',(7.9,-0.4,3.45));
#5895 = DIRECTION('',(0.,-1.,0.));
#5896 = DIRECTION('',(0.,0.,-1.));
#5897 = ADVANCED_FACE('',(#5898),#5909,.T.);
#5898 = FACE_BOUND('',#5899,.T.);
#5899 = EDGE_LOOP('',(#5900,#5901,#5902,#5903));
#5900 = ORIENTED_EDGE('',*,*,#5000,.T.);
#5901 = ORIENTED_EDGE('',*,*,#5886,.T.);
#5902 = ORIENTED_EDGE('',*,*,#4066,.F.);
#5903 = ORIENTED_EDGE('',*,*,#5904,.T.);
#5904 = EDGE_CURVE('',#4059,#4993,#5905,.T.);
#5905 = LINE('',#5906,#5907);
#5906 = CARTESIAN_POINT('',(7.1,0.4,2.45));
#5907 = VECTOR('',#5908,1.);
#5908 = DIRECTION('',(0.,0.,1.));
#5909 = PLANE('',#5910);
#5910 = AXIS2_PLACEMENT_3D('',#5911,#5912,#5913);
#5911 = CARTESIAN_POINT('',(7.1,0.,2.95));
#5912 = DIRECTION('',(1.,0.,0.));
#5913 = DIRECTION('',(0.,0.,1.));
#5914 = ADVANCED_FACE('',(#5915),#5926,.F.);
#5915 = FACE_BOUND('',#5916,.F.);
#5916 = EDGE_LOOP('',(#5917,#5923,#5924,#5925));
#5917 = ORIENTED_EDGE('',*,*,#5918,.F.);
#5918 = EDGE_CURVE('',#4051,#4985,#5919,.T.);
#5919 = LINE('',#5920,#5921);
#5920 = CARTESIAN_POINT('',(7.9,0.4,2.45));
#5921 = VECTOR('',#5922,1.);
#5922 = DIRECTION('',(0.,0.,1.));
#5923 = ORIENTED_EDGE('',*,*,#4058,.F.);
#5924 = ORIENTED_EDGE('',*,*,#5904,.T.);
#5925 = ORIENTED_EDGE('',*,*,#4992,.F.);
#5926 = PLANE('',#5927);
#5927 = AXIS2_PLACEMENT_3D('',#5928,#5929,#5930);
#5928 = CARTESIAN_POINT('',(7.9,0.4,2.45));
#5929 = DIRECTION('',(0.,1.,0.));
#5930 = DIRECTION('',(0.,0.,1.));
#5931 = ADVANCED_FACE('',(#5932),#5938,.F.);
#5932 = FACE_BOUND('',#5933,.F.);
#5933 = EDGE_LOOP('',(#5934,#5935,#5936,#5937));
#5934 = ORIENTED_EDGE('',*,*,#4984,.T.);
#5935 = ORIENTED_EDGE('',*,*,#5879,.T.);
#5936 = ORIENTED_EDGE('',*,*,#4050,.F.);
#5937 = ORIENTED_EDGE('',*,*,#5918,.T.);
#5938 = PLANE('',#5939);
#5939 = AXIS2_PLACEMENT_3D('',#5940,#5941,#5942);
#5940 = CARTESIAN_POINT('',(7.9,0.,2.95));
#5941 = DIRECTION('',(1.,0.,0.));
#5942 = DIRECTION('',(0.,0.,1.));
#5943 = ADVANCED_FACE('',(#5944),#5960,.F.);
#5944 = FACE_BOUND('',#5945,.F.);
#5945 = EDGE_LOOP('',(#5946,#5952,#5953,#5959));
#5946 = ORIENTED_EDGE('',*,*,#5947,.F.);
#5947 = EDGE_CURVE('',#4810,#4075,#5948,.T.);
#5948 = LINE('',#5949,#5950);
#5949 = CARTESIAN_POINT('',(10.4,-0.4,3.45));
#5950 = VECTOR('',#5951,1.);
#5951 = DIRECTION('',(0.,0.,-1.));
#5952 = ORIENTED_EDGE('',*,*,#4809,.T.);
#5953 = ORIENTED_EDGE('',*,*,#5954,.T.);
#5954 = EDGE_CURVE('',#4812,#4077,#5955,.T.);
#5955 = LINE('',#5956,#5957);
#5956 = CARTESIAN_POINT('',(9.6,-0.4,3.45));
#5957 = VECTOR('',#5958,1.);
#5958 = DIRECTION('',(0.,0.,-1.));
#5959 = ORIENTED_EDGE('',*,*,#4074,.F.);
#5960 = PLANE('',#5961);
#5961 = AXIS2_PLACEMENT_3D('',#5962,#5963,#5964);
#5962 = CARTESIAN_POINT('',(10.4,-0.4,3.45));
#5963 = DIRECTION('',(0.,-1.,0.));
#5964 = DIRECTION('',(0.,0.,-1.));
#5965 = ADVANCED_FACE('',(#5966),#5977,.T.);
#5966 = FACE_BOUND('',#5967,.T.);
#5967 = EDGE_LOOP('',(#5968,#5969,#5970,#5971));
#5968 = ORIENTED_EDGE('',*,*,#4835,.T.);
#5969 = ORIENTED_EDGE('',*,*,#5954,.T.);
#5970 = ORIENTED_EDGE('',*,*,#4100,.F.);
#5971 = ORIENTED_EDGE('',*,*,#5972,.T.);
#5972 = EDGE_CURVE('',#4093,#4828,#5973,.T.);
#5973 = LINE('',#5974,#5975);
#5974 = CARTESIAN_POINT('',(9.6,0.4,2.45));
#5975 = VECTOR('',#5976,1.);
#5976 = DIRECTION('',(0.,0.,1.));
#5977 = PLANE('',#5978);
#5978 = AXIS2_PLACEMENT_3D('',#5979,#5980,#5981);
#5979 = CARTESIAN_POINT('',(9.6,0.,2.95));
#5980 = DIRECTION('',(1.,0.,0.));
#5981 = DIRECTION('',(0.,0.,1.));
#5982 = ADVANCED_FACE('',(#5983),#5994,.F.);
#5983 = FACE_BOUND('',#5984,.F.);
#5984 = EDGE_LOOP('',(#5985,#5991,#5992,#5993));
#5985 = ORIENTED_EDGE('',*,*,#5986,.F.);
#5986 = EDGE_CURVE('',#4085,#4820,#5987,.T.);
#5987 = LINE('',#5988,#5989);
#5988 = CARTESIAN_POINT('',(10.4,0.4,2.45));
#5989 = VECTOR('',#5990,1.);
#5990 = DIRECTION('',(0.,0.,1.));
#5991 = ORIENTED_EDGE('',*,*,#4092,.F.);
#5992 = ORIENTED_EDGE('',*,*,#5972,.T.);
#5993 = ORIENTED_EDGE('',*,*,#4827,.F.);
#5994 = PLANE('',#5995);
#5995 = AXIS2_PLACEMENT_3D('',#5996,#5997,#5998);
#5996 = CARTESIAN_POINT('',(10.4,0.4,2.45));
#5997 = DIRECTION('',(0.,1.,0.));
#5998 = DIRECTION('',(0.,0.,1.));
#5999 = ADVANCED_FACE('',(#6000),#6006,.F.);
#6000 = FACE_BOUND('',#6001,.F.);
#6001 = EDGE_LOOP('',(#6002,#6003,#6004,#6005));
#6002 = ORIENTED_EDGE('',*,*,#4819,.T.);
#6003 = ORIENTED_EDGE('',*,*,#5947,.T.);
#6004 = ORIENTED_EDGE('',*,*,#4084,.F.);
#6005 = ORIENTED_EDGE('',*,*,#5986,.T.);
#6006 = PLANE('',#6007);
#6007 = AXIS2_PLACEMENT_3D('',#6008,#6009,#6010);
#6008 = CARTESIAN_POINT('',(10.4,0.,2.95));
#6009 = DIRECTION('',(1.,0.,0.));
#6010 = DIRECTION('',(0.,0.,1.));
#6011 = ADVANCED_FACE('',(#6012),#6028,.F.);
#6012 = FACE_BOUND('',#6013,.F.);
#6013 = EDGE_LOOP('',(#6014,#6020,#6021,#6027));
#6014 = ORIENTED_EDGE('',*,*,#6015,.F.);
#6015 = EDGE_CURVE('',#4645,#4109,#6016,.T.);
#6016 = LINE('',#6017,#6018);
#6017 = CARTESIAN_POINT('',(12.9,-0.4,3.45));
#6018 = VECTOR('',#6019,1.);
#6019 = DIRECTION('',(0.,0.,-1.));
#6020 = ORIENTED_EDGE('',*,*,#4644,.T.);
#6021 = ORIENTED_EDGE('',*,*,#6022,.T.);
#6022 = EDGE_CURVE('',#4647,#4111,#6023,.T.);
#6023 = LINE('',#6024,#6025);
#6024 = CARTESIAN_POINT('',(12.1,-0.4,3.45));
#6025 = VECTOR('',#6026,1.);
#6026 = DIRECTION('',(0.,0.,-1.));
#6027 = ORIENTED_EDGE('',*,*,#4108,.F.);
#6028 = PLANE('',#6029);
#6029 = AXIS2_PLACEMENT_3D('',#6030,#6031,#6032);
#6030 = CARTESIAN_POINT('',(12.9,-0.4,3.45));
#6031 = DIRECTION('',(0.,-1.,0.));
#6032 = DIRECTION('',(0.,0.,-1.));
#6033 = ADVANCED_FACE('',(#6034),#6045,.T.);
#6034 = FACE_BOUND('',#6035,.T.);
#6035 = EDGE_LOOP('',(#6036,#6037,#6038,#6039));
#6036 = ORIENTED_EDGE('',*,*,#4670,.T.);
#6037 = ORIENTED_EDGE('',*,*,#6022,.T.);
#6038 = ORIENTED_EDGE('',*,*,#4134,.F.);
#6039 = ORIENTED_EDGE('',*,*,#6040,.T.);
#6040 = EDGE_CURVE('',#4127,#4663,#6041,.T.);
#6041 = LINE('',#6042,#6043);
#6042 = CARTESIAN_POINT('',(12.1,0.4,2.45));
#6043 = VECTOR('',#6044,1.);
#6044 = DIRECTION('',(0.,0.,1.));
#6045 = PLANE('',#6046);
#6046 = AXIS2_PLACEMENT_3D('',#6047,#6048,#6049);
#6047 = CARTESIAN_POINT('',(12.1,0.,2.95));
#6048 = DIRECTION('',(1.,0.,0.));
#6049 = DIRECTION('',(0.,0.,1.));
#6050 = ADVANCED_FACE('',(#6051),#6062,.F.);
#6051 = FACE_BOUND('',#6052,.F.);
#6052 = EDGE_LOOP('',(#6053,#6059,#6060,#6061));
#6053 = ORIENTED_EDGE('',*,*,#6054,.F.);
#6054 = EDGE_CURVE('',#4119,#4655,#6055,.T.);
#6055 = LINE('',#6056,#6057);
#6056 = CARTESIAN_POINT('',(12.9,0.4,2.45));
#6057 = VECTOR('',#6058,1.);
#6058 = DIRECTION('',(0.,0.,1.));
#6059 = ORIENTED_EDGE('',*,*,#4126,.F.);
#6060 = ORIENTED_EDGE('',*,*,#6040,.T.);
#6061 = ORIENTED_EDGE('',*,*,#4662,.F.);
#6062 = PLANE('',#6063);
#6063 = AXIS2_PLACEMENT_3D('',#6064,#6065,#6066);
#6064 = CARTESIAN_POINT('',(12.9,0.4,2.45));
#6065 = DIRECTION('',(0.,1.,0.));
#6066 = DIRECTION('',(0.,0.,1.));
#6067 = ADVANCED_FACE('',(#6068),#6074,.F.);
#6068 = FACE_BOUND('',#6069,.F.);
#6069 = EDGE_LOOP('',(#6070,#6071,#6072,#6073));
#6070 = ORIENTED_EDGE('',*,*,#4654,.T.);
#6071 = ORIENTED_EDGE('',*,*,#6015,.T.);
#6072 = ORIENTED_EDGE('',*,*,#4118,.F.);
#6073 = ORIENTED_EDGE('',*,*,#6054,.T.);
#6074 = PLANE('',#6075);
#6075 = AXIS2_PLACEMENT_3D('',#6076,#6077,#6078);
#6076 = CARTESIAN_POINT('',(12.9,0.,2.95));
#6077 = DIRECTION('',(1.,0.,0.));
#6078 = DIRECTION('',(0.,0.,1.));
#6079 = ADVANCED_FACE('',(#6080),#6096,.F.);
#6080 = FACE_BOUND('',#6081,.F.);
#6081 = EDGE_LOOP('',(#6082,#6088,#6089,#6095));
#6082 = ORIENTED_EDGE('',*,*,#6083,.F.);
#6083 = EDGE_CURVE('',#4480,#4143,#6084,.T.);
#6084 = LINE('',#6085,#6086);
#6085 = CARTESIAN_POINT('',(15.4,-0.4,3.45));
#6086 = VECTOR('',#6087,1.);
#6087 = DIRECTION('',(0.,0.,-1.));
#6088 = ORIENTED_EDGE('',*,*,#4479,.T.);
#6089 = ORIENTED_EDGE('',*,*,#6090,.T.);
#6090 = EDGE_CURVE('',#4482,#4145,#6091,.T.);
#6091 = LINE('',#6092,#6093);
#6092 = CARTESIAN_POINT('',(14.6,-0.4,3.45));
#6093 = VECTOR('',#6094,1.);
#6094 = DIRECTION('',(0.,0.,-1.));
#6095 = ORIENTED_EDGE('',*,*,#4142,.F.);
#6096 = PLANE('',#6097);
#6097 = AXIS2_PLACEMENT_3D('',#6098,#6099,#6100);
#6098 = CARTESIAN_POINT('',(15.4,-0.4,3.45));
#6099 = DIRECTION('',(0.,-1.,0.));
#6100 = DIRECTION('',(0.,0.,-1.));
#6101 = ADVANCED_FACE('',(#6102),#6113,.T.);
#6102 = FACE_BOUND('',#6103,.T.);
#6103 = EDGE_LOOP('',(#6104,#6105,#6106,#6107));
#6104 = ORIENTED_EDGE('',*,*,#4505,.T.);
#6105 = ORIENTED_EDGE('',*,*,#6090,.T.);
#6106 = ORIENTED_EDGE('',*,*,#4168,.F.);
#6107 = ORIENTED_EDGE('',*,*,#6108,.T.);
#6108 = EDGE_CURVE('',#4161,#4498,#6109,.T.);
#6109 = LINE('',#6110,#6111);
#6110 = CARTESIAN_POINT('',(14.6,0.4,2.45));
#6111 = VECTOR('',#6112,1.);
#6112 = DIRECTION('',(0.,0.,1.));
#6113 = PLANE('',#6114);
#6114 = AXIS2_PLACEMENT_3D('',#6115,#6116,#6117);
#6115 = CARTESIAN_POINT('',(14.6,0.,2.95));
#6116 = DIRECTION('',(1.,0.,0.));
#6117 = DIRECTION('',(0.,0.,1.));
#6118 = ADVANCED_FACE('',(#6119),#6130,.F.);
#6119 = FACE_BOUND('',#6120,.F.);
#6120 = EDGE_LOOP('',(#6121,#6127,#6128,#6129));
#6121 = ORIENTED_EDGE('',*,*,#6122,.F.);
#6122 = EDGE_CURVE('',#4153,#4490,#6123,.T.);
#6123 = LINE('',#6124,#6125);
#6124 = CARTESIAN_POINT('',(15.4,0.4,2.45));
#6125 = VECTOR('',#6126,1.);
#6126 = DIRECTION('',(0.,0.,1.));
#6127 = ORIENTED_EDGE('',*,*,#4160,.F.);
#6128 = ORIENTED_EDGE('',*,*,#6108,.T.);
#6129 = ORIENTED_EDGE('',*,*,#4497,.F.);
#6130 = PLANE('',#6131);
#6131 = AXIS2_PLACEMENT_3D('',#6132,#6133,#6134);
#6132 = CARTESIAN_POINT('',(15.4,0.4,2.45));
#6133 = DIRECTION('',(0.,1.,0.));
#6134 = DIRECTION('',(0.,0.,1.));
#6135 = ADVANCED_FACE('',(#6136),#6142,.F.);
#6136 = FACE_BOUND('',#6137,.F.);
#6137 = EDGE_LOOP('',(#6138,#6139,#6140,#6141));
#6138 = ORIENTED_EDGE('',*,*,#4489,.T.);
#6139 = ORIENTED_EDGE('',*,*,#6083,.T.);
#6140 = ORIENTED_EDGE('',*,*,#4152,.F.);
#6141 = ORIENTED_EDGE('',*,*,#6122,.T.);
#6142 = PLANE('',#6143);
#6143 = AXIS2_PLACEMENT_3D('',#6144,#6145,#6146);
#6144 = CARTESIAN_POINT('',(15.4,0.,2.95));
#6145 = DIRECTION('',(1.,0.,0.));
#6146 = DIRECTION('',(0.,0.,1.));
#6147 = ADVANCED_FACE('',(#6148),#6159,.F.);
#6148 = FACE_BOUND('',#6149,.F.);
#6149 = EDGE_LOOP('',(#6150,#6151,#6152,#6158));
#6150 = ORIENTED_EDGE('',*,*,#4469,.T.);
#6151 = ORIENTED_EDGE('',*,*,#4523,.T.);
#6152 = ORIENTED_EDGE('',*,*,#6153,.F.);
#6153 = EDGE_CURVE('',#4427,#4524,#6154,.T.);
#6154 = LINE('',#6155,#6156);
#6155 = CARTESIAN_POINT('',(15.6,1.044,2.6151));
#6156 = VECTOR('',#6157,1.);
#6157 = DIRECTION('',(-1.,-0.,-0.));
#6158 = ORIENTED_EDGE('',*,*,#4426,.F.);
#6159 = PLANE('',#6160);
#6160 = AXIS2_PLACEMENT_3D('',#6161,#6162,#6163);
#6161 = CARTESIAN_POINT('',(15.6,0.5468198,3.45));
#6162 = DIRECTION('',(0.,-0.859195209828,-0.511647917429));
#6163 = DIRECTION('',(0.,0.511647917429,-0.859195209828));
#6164 = ADVANCED_FACE('',(#6165),#6171,.F.);
#6165 = FACE_BOUND('',#6166,.F.);
#6166 = EDGE_LOOP('',(#6167,#6168,#6169,#6170));
#6167 = ORIENTED_EDGE('',*,*,#6153,.T.);
#6168 = ORIENTED_EDGE('',*,*,#4531,.T.);
#6169 = ORIENTED_EDGE('',*,*,#5544,.F.);
#6170 = ORIENTED_EDGE('',*,*,#4434,.F.);
#6171 = PLANE('',#6172);
#6172 = AXIS2_PLACEMENT_3D('',#6173,#6174,#6175);
#6173 = CARTESIAN_POINT('',(15.6,1.044,2.6151));
#6174 = DIRECTION('',(0.,0.,-1.));
#6175 = DIRECTION('',(0.,1.,0.));
#6176 = ADVANCED_FACE('',(#6177),#6188,.F.);
#6177 = FACE_BOUND('',#6178,.F.);
#6178 = EDGE_LOOP('',(#6179,#6180,#6181,#6187));
#6179 = ORIENTED_EDGE('',*,*,#4634,.T.);
#6180 = ORIENTED_EDGE('',*,*,#4688,.T.);
#6181 = ORIENTED_EDGE('',*,*,#6182,.F.);
#6182 = EDGE_CURVE('',#4592,#4689,#6183,.T.);
#6183 = LINE('',#6184,#6185);
#6184 = CARTESIAN_POINT('',(13.1,1.044,2.6151));
#6185 = VECTOR('',#6186,1.);
#6186 = DIRECTION('',(-1.,-0.,-0.));
#6187 = ORIENTED_EDGE('',*,*,#4591,.F.);
#6188 = PLANE('',#6189);
#6189 = AXIS2_PLACEMENT_3D('',#6190,#6191,#6192);
#6190 = CARTESIAN_POINT('',(13.1,0.5468198,3.45));
#6191 = DIRECTION('',(0.,-0.859195209828,-0.511647917429));
#6192 = DIRECTION('',(0.,0.511647917429,-0.859195209828));
#6193 = ADVANCED_FACE('',(#6194),#6200,.F.);
#6194 = FACE_BOUND('',#6195,.F.);
#6195 = EDGE_LOOP('',(#6196,#6197,#6198,#6199));
#6196 = ORIENTED_EDGE('',*,*,#6182,.T.);
#6197 = ORIENTED_EDGE('',*,*,#4696,.T.);
#6198 = ORIENTED_EDGE('',*,*,#5561,.F.);
#6199 = ORIENTED_EDGE('',*,*,#4599,.F.);
#6200 = PLANE('',#6201);
#6201 = AXIS2_PLACEMENT_3D('',#6202,#6203,#6204);
#6202 = CARTESIAN_POINT('',(13.1,1.044,2.6151));
#6203 = DIRECTION('',(0.,0.,-1.));
#6204 = DIRECTION('',(0.,1.,0.));
#6205 = ADVANCED_FACE('',(#6206),#6217,.F.);
#6206 = FACE_BOUND('',#6207,.F.);
#6207 = EDGE_LOOP('',(#6208,#6209,#6210,#6216));
#6208 = ORIENTED_EDGE('',*,*,#4799,.T.);
#6209 = ORIENTED_EDGE('',*,*,#4853,.T.);
#6210 = ORIENTED_EDGE('',*,*,#6211,.F.);
#6211 = EDGE_CURVE('',#4757,#4854,#6212,.T.);
#6212 = LINE('',#6213,#6214);
#6213 = CARTESIAN_POINT('',(10.6,1.044,2.6151));
#6214 = VECTOR('',#6215,1.);
#6215 = DIRECTION('',(-1.,-0.,-0.));
#6216 = ORIENTED_EDGE('',*,*,#4756,.F.);
#6217 = PLANE('',#6218);
#6218 = AXIS2_PLACEMENT_3D('',#6219,#6220,#6221);
#6219 = CARTESIAN_POINT('',(10.6,0.5468198,3.45));
#6220 = DIRECTION('',(0.,-0.859195209828,-0.511647917429));
#6221 = DIRECTION('',(0.,0.511647917429,-0.859195209828));
#6222 = ADVANCED_FACE('',(#6223),#6229,.F.);
#6223 = FACE_BOUND('',#6224,.F.);
#6224 = EDGE_LOOP('',(#6225,#6226,#6227,#6228));
#6225 = ORIENTED_EDGE('',*,*,#6211,.T.);
#6226 = ORIENTED_EDGE('',*,*,#4861,.T.);
#6227 = ORIENTED_EDGE('',*,*,#5578,.F.);
#6228 = ORIENTED_EDGE('',*,*,#4764,.F.);
#6229 = PLANE('',#6230);
#6230 = AXIS2_PLACEMENT_3D('',#6231,#6232,#6233);
#6231 = CARTESIAN_POINT('',(10.6,1.044,2.6151));
#6232 = DIRECTION('',(0.,0.,-1.));
#6233 = DIRECTION('',(0.,1.,0.));
#6234 = ADVANCED_FACE('',(#6235),#6246,.F.);
#6235 = FACE_BOUND('',#6236,.F.);
#6236 = EDGE_LOOP('',(#6237,#6238,#6239,#6245));
#6237 = ORIENTED_EDGE('',*,*,#4964,.T.);
#6238 = ORIENTED_EDGE('',*,*,#5018,.T.);
#6239 = ORIENTED_EDGE('',*,*,#6240,.F.);
#6240 = EDGE_CURVE('',#4922,#5019,#6241,.T.);
#6241 = LINE('',#6242,#6243);
#6242 = CARTESIAN_POINT('',(8.1,1.044,2.6151));
#6243 = VECTOR('',#6244,1.);
#6244 = DIRECTION('',(-1.,-0.,-0.));
#6245 = ORIENTED_EDGE('',*,*,#4921,.F.);
#6246 = PLANE('',#6247);
#6247 = AXIS2_PLACEMENT_3D('',#6248,#6249,#6250);
#6248 = CARTESIAN_POINT('',(8.1,0.5468198,3.45));
#6249 = DIRECTION('',(0.,-0.859195209828,-0.511647917429));
#6250 = DIRECTION('',(0.,0.511647917429,-0.859195209828));
#6251 = ADVANCED_FACE('',(#6252),#6258,.F.);
#6252 = FACE_BOUND('',#6253,.F.);
#6253 = EDGE_LOOP('',(#6254,#6255,#6256,#6257));
#6254 = ORIENTED_EDGE('',*,*,#6240,.T.);
#6255 = ORIENTED_EDGE('',*,*,#5026,.T.);
#6256 = ORIENTED_EDGE('',*,*,#5595,.F.);
#6257 = ORIENTED_EDGE('',*,*,#4929,.F.);
#6258 = PLANE('',#6259);
#6259 = AXIS2_PLACEMENT_3D('',#6260,#6261,#6262);
#6260 = CARTESIAN_POINT('',(8.1,1.044,2.6151));
#6261 = DIRECTION('',(0.,0.,-1.));
#6262 = DIRECTION('',(0.,1.,0.));
#6263 = ADVANCED_FACE('',(#6264),#6275,.F.);
#6264 = FACE_BOUND('',#6265,.F.);
#6265 = EDGE_LOOP('',(#6266,#6267,#6268,#6274));
#6266 = ORIENTED_EDGE('',*,*,#5129,.T.);
#6267 = ORIENTED_EDGE('',*,*,#5183,.T.);
#6268 = ORIENTED_EDGE('',*,*,#6269,.F.);
#6269 = EDGE_CURVE('',#5087,#5184,#6270,.T.);
#6270 = LINE('',#6271,#6272);
#6271 = CARTESIAN_POINT('',(5.6,1.044,2.6151));
#6272 = VECTOR('',#6273,1.);
#6273 = DIRECTION('',(-1.,-0.,-0.));
#6274 = ORIENTED_EDGE('',*,*,#5086,.F.);
#6275 = PLANE('',#6276);
#6276 = AXIS2_PLACEMENT_3D('',#6277,#6278,#6279);
#6277 = CARTESIAN_POINT('',(5.6,0.5468198,3.45));
#6278 = DIRECTION('',(0.,-0.859195209828,-0.511647917429));
#6279 = DIRECTION('',(0.,0.511647917429,-0.859195209828));
#6280 = ADVANCED_FACE('',(#6281),#6287,.F.);
#6281 = FACE_BOUND('',#6282,.F.);
#6282 = EDGE_LOOP('',(#6283,#6284,#6285,#6286));
#6283 = ORIENTED_EDGE('',*,*,#6269,.T.);
#6284 = ORIENTED_EDGE('',*,*,#5191,.T.);
#6285 = ORIENTED_EDGE('',*,*,#5612,.F.);
#6286 = ORIENTED_EDGE('',*,*,#5094,.F.);
#6287 = PLANE('',#6288);
#6288 = AXIS2_PLACEMENT_3D('',#6289,#6290,#6291);
#6289 = CARTESIAN_POINT('',(5.6,1.044,2.6151));
#6290 = DIRECTION('',(0.,0.,-1.));
#6291 = DIRECTION('',(0.,1.,0.));
#6292 = ADVANCED_FACE('',(#6293),#6304,.F.);
#6293 = FACE_BOUND('',#6294,.F.);
#6294 = EDGE_LOOP('',(#6295,#6296,#6297,#6303));
#6295 = ORIENTED_EDGE('',*,*,#5294,.T.);
#6296 = ORIENTED_EDGE('',*,*,#5348,.T.);
#6297 = ORIENTED_EDGE('',*,*,#6298,.F.);
#6298 = EDGE_CURVE('',#5252,#5349,#6299,.T.);
#6299 = LINE('',#6300,#6301);
#6300 = CARTESIAN_POINT('',(3.1,1.044,2.6151));
#6301 = VECTOR('',#6302,1.);
#6302 = DIRECTION('',(-1.,-0.,-0.));
#6303 = ORIENTED_EDGE('',*,*,#5251,.F.);
#6304 = PLANE('',#6305);
#6305 = AXIS2_PLACEMENT_3D('',#6306,#6307,#6308);
#6306 = CARTESIAN_POINT('',(3.1,0.5468198,3.45));
#6307 = DIRECTION('',(0.,-0.859195209828,-0.511647917429));
#6308 = DIRECTION('',(0.,0.511647917429,-0.859195209828));
#6309 = ADVANCED_FACE('',(#6310),#6316,.F.);
#6310 = FACE_BOUND('',#6311,.F.);
#6311 = EDGE_LOOP('',(#6312,#6313,#6314,#6315));
#6312 = ORIENTED_EDGE('',*,*,#6298,.T.);
#6313 = ORIENTED_EDGE('',*,*,#5356,.T.);
#6314 = ORIENTED_EDGE('',*,*,#5629,.F.);
#6315 = ORIENTED_EDGE('',*,*,#5259,.F.);
#6316 = PLANE('',#6317);
#6317 = AXIS2_PLACEMENT_3D('',#6318,#6319,#6320);
#6318 = CARTESIAN_POINT('',(3.1,1.044,2.6151));
#6319 = DIRECTION('',(0.,0.,-1.));
#6320 = DIRECTION('',(0.,1.,0.));
#6321 = ADVANCED_FACE('',(#6322),#6333,.F.);
#6322 = FACE_BOUND('',#6323,.F.);
#6323 = EDGE_LOOP('',(#6324,#6325,#6326,#6332));
#6324 = ORIENTED_EDGE('',*,*,#5459,.T.);
#6325 = ORIENTED_EDGE('',*,*,#5513,.T.);
#6326 = ORIENTED_EDGE('',*,*,#6327,.F.);
#6327 = EDGE_CURVE('',#5417,#5514,#6328,.T.);
#6328 = LINE('',#6329,#6330);
#6329 = CARTESIAN_POINT('',(0.6,1.044,2.6151));
#6330 = VECTOR('',#6331,1.);
#6331 = DIRECTION('',(-1.,-0.,-0.));
#6332 = ORIENTED_EDGE('',*,*,#5416,.F.);
#6333 = PLANE('',#6334);
#6334 = AXIS2_PLACEMENT_3D('',#6335,#6336,#6337);
#6335 = CARTESIAN_POINT('',(0.6,0.5468198,3.45));
#6336 = DIRECTION('',(0.,-0.859195209828,-0.511647917429));
#6337 = DIRECTION('',(0.,0.511647917429,-0.859195209828));
#6338 = ADVANCED_FACE('',(#6339),#6345,.F.);
#6339 = FACE_BOUND('',#6340,.F.);
#6340 = EDGE_LOOP('',(#6341,#6342,#6343,#6344));
#6341 = ORIENTED_EDGE('',*,*,#6327,.T.);
#6342 = ORIENTED_EDGE('',*,*,#5521,.T.);
#6343 = ORIENTED_EDGE('',*,*,#5646,.F.);
#6344 = ORIENTED_EDGE('',*,*,#5424,.F.);
#6345 = PLANE('',#6346);
#6346 = AXIS2_PLACEMENT_3D('',#6347,#6348,#6349);
#6347 = CARTESIAN_POINT('',(0.6,1.044,2.6151));
#6348 = DIRECTION('',(0.,0.,-1.));
#6349 = DIRECTION('',(0.,1.,0.));
#6350 = ( GEOMETRIC_REPRESENTATION_CONTEXT(3) 
GLOBAL_UNCERTAINTY_ASSIGNED_CONTEXT((#6354)) 
GLOBAL_UNIT_ASSIGNED_CONTEXT((#6351,#6352,#6353)) REPRESENTATION_CONTEXT
('Context #1','3D Context with UNIT and UNCERTAINTY') );
#6351 = ( LENGTH_UNIT() NAMED_UNIT(*) SI_UNIT(.MILLI.,.METRE.) );
#6352 = ( NAMED_UNIT(*) PLANE_ANGLE_UNIT() SI_UNIT($,.RADIAN.) );
#6353 = ( NAMED_UNIT(*) SI_UNIT($,.STERADIAN.) SOLID_ANGLE_UNIT() );
#6354 = UNCERTAINTY_MEASURE_WITH_UNIT(LENGTH_MEASURE(1.E-06),#6351,
  'distance_accuracy_value','confusion accuracy');
#6355 = CONTEXT_DEPENDENT_SHAPE_REPRESENTATION(#6356,#6358);
#6356 = ( REPRESENTATION_RELATIONSHIP('','',#36,#10) 
REPRESENTATION_RELATIONSHIP_WITH_TRANSFORMATION(#6357) 
SHAPE_REPRESENTATION_RELATIONSHIP() );
#6357 = ITEM_DEFINED_TRANSFORMATION('','',#11,#15);
#6358 = PRODUCT_DEFINITION_SHAPE('Placement','Placement of an item',
  #6359);
#6359 = NEXT_ASSEMBLY_USAGE_OCCURRENCE('135','Housing','',#5,#31,$);
#6360 = PRODUCT_RELATED_PRODUCT_CATEGORY('part',$,(#33));
#6361 = SHAPE_DEFINITION_REPRESENTATION(#6362,#6368);
#6362 = PRODUCT_DEFINITION_SHAPE('','',#6363);
#6363 = PRODUCT_DEFINITION('design','',#6364,#6367);
#6364 = PRODUCT_DEFINITION_FORMATION('','',#6365);
#6365 = PRODUCT('female_pin_array','female_pin_array','',(#6366));
#6366 = PRODUCT_CONTEXT('',#2,'mechanical');
#6367 = PRODUCT_DEFINITION_CONTEXT('part definition',#2,'design');
#6368 = SHAPE_REPRESENTATION('',(#11,#6369,#6373,#6377,#6381,#6385,#6389
    ,#6393,#6397),#6401);
#6369 = AXIS2_PLACEMENT_3D('',#6370,#6371,#6372);
#6370 = CARTESIAN_POINT('',(0.,0.,0.));
#6371 = DIRECTION('',(0.,0.,1.));
#6372 = DIRECTION('',(-1.,0.,0.));
#6373 = AXIS2_PLACEMENT_3D('',#6374,#6375,#6376);
#6374 = CARTESIAN_POINT('',(2.5,0.,0.));
#6375 = DIRECTION('',(0.,0.,1.));
#6376 = DIRECTION('',(-1.,1.224646799147E-16,0.));
#6377 = AXIS2_PLACEMENT_3D('',#6378,#6379,#6380);
#6378 = CARTESIAN_POINT('',(5.,0.,0.));
#6379 = DIRECTION('',(0.,0.,1.));
#6380 = DIRECTION('',(-1.,1.224646799147E-16,0.));
#6381 = AXIS2_PLACEMENT_3D('',#6382,#6383,#6384);
#6382 = CARTESIAN_POINT('',(7.5,0.,0.));
#6383 = DIRECTION('',(0.,0.,1.));
#6384 = DIRECTION('',(-1.,1.224646799147E-16,0.));
#6385 = AXIS2_PLACEMENT_3D('',#6386,#6387,#6388);
#6386 = CARTESIAN_POINT('',(10.,0.,0.));
#6387 = DIRECTION('',(0.,0.,1.));
#6388 = DIRECTION('',(-1.,1.224646799147E-16,0.));
#6389 = AXIS2_PLACEMENT_3D('',#6390,#6391,#6392);
#6390 = CARTESIAN_POINT('',(12.5,0.,0.));
#6391 = DIRECTION('',(0.,0.,1.));
#6392 = DIRECTION('',(-1.,1.224646799147E-16,0.));
#6393 = AXIS2_PLACEMENT_3D('',#6394,#6395,#6396);
#6394 = CARTESIAN_POINT('',(15.,0.,0.));
#6395 = DIRECTION('',(0.,0.,1.));
#6396 = DIRECTION('',(-1.,1.224646799147E-16,0.));
#6397 = AXIS2_PLACEMENT_3D('',#6398,#6399,#6400);
#6398 = CARTESIAN_POINT('',(17.5,0.,0.));
#6399 = DIRECTION('',(0.,0.,1.));
#6400 = DIRECTION('',(-1.,1.224646799147E-16,0.));
#6401 = ( GEOMETRIC_REPRESENTATION_CONTEXT(3) 
GLOBAL_UNCERTAINTY_ASSIGNED_CONTEXT((#6405)) 
GLOBAL_UNIT_ASSIGNED_CONTEXT((#6402,#6403,#6404)) REPRESENTATION_CONTEXT
('Context #1','3D Context with UNIT and UNCERTAINTY') );
#6402 = ( LENGTH_UNIT() NAMED_UNIT(*) SI_UNIT(.MILLI.,.METRE.) );
#6403 = ( NAMED_UNIT(*) PLANE_ANGLE_UNIT() SI_UNIT($,.RADIAN.) );
#6404 = ( NAMED_UNIT(*) SI_UNIT($,.STERADIAN.) SOLID_ANGLE_UNIT() );
#6405 = UNCERTAINTY_MEASURE_WITH_UNIT(LENGTH_MEASURE(1.E-07),#6402,
  'distance_accuracy_value','confusion accuracy');
#6406 = CONTEXT_DEPENDENT_SHAPE_REPRESENTATION(#6407,#6409);
#6407 = ( REPRESENTATION_RELATIONSHIP('','',#6368,#10) 
REPRESENTATION_RELATIONSHIP_WITH_TRANSFORMATION(#6408) 
SHAPE_REPRESENTATION_RELATIONSHIP() );
#6408 = ITEM_DEFINED_TRANSFORMATION('','',#11,#19);
#6409 = PRODUCT_DEFINITION_SHAPE('Placement','Placement of an item',
  #6410);
#6410 = NEXT_ASSEMBLY_USAGE_OCCURRENCE('144','female_pin_array','',#5,
  #6363,$);
#6411 = PRODUCT_RELATED_PRODUCT_CATEGORY('part',$,(#6365));
#6412 = SHAPE_DEFINITION_REPRESENTATION(#6413,#6419);
#6413 = PRODUCT_DEFINITION_SHAPE('','',#6414);
#6414 = PRODUCT_DEFINITION('design','',#6415,#6418);
#6415 = PRODUCT_DEFINITION_FORMATION('','',#6416);
#6416 = PRODUCT('modele_pin','modele_pin','',(#6417));
#6417 = PRODUCT_CONTEXT('',#2,'mechanical');
#6418 = PRODUCT_DEFINITION_CONTEXT('part definition',#2,'design');
#6419 = ADVANCED_BREP_SHAPE_REPRESENTATION('',(#11,#6420),#8026);
#6420 = MANIFOLD_SOLID_BREP('',#6421);
#6421 = CLOSED_SHELL('',(#6422,#6494,#6557,#6581,#6598,#6654,#6731,#6748
    ,#6789,#6858,#6887,#6905,#6933,#6982,#7094,#7117,#7253,#7270,#7302,
    #7318,#7340,#7372,#7389,#7412,#7428,#7445,#7462,#7479,#7514,#7531,
    #7548,#7565,#7577,#7594,#7611,#7628,#7645,#7657,#7751,#7778,#7864,
    #7878,#7895,#7912,#7929,#7946,#7963,#7980,#7997,#8014));
#6422 = ADVANCED_FACE('',(#6423),#6489,.T.);
#6423 = FACE_BOUND('',#6424,.T.);
#6424 = EDGE_LOOP('',(#6425,#6435,#6443,#6451,#6459,#6467,#6475,#6483));
#6425 = ORIENTED_EDGE('',*,*,#6426,.F.);
#6426 = EDGE_CURVE('',#6427,#6429,#6431,.T.);
#6427 = VERTEX_POINT('',#6428);
#6428 = CARTESIAN_POINT('',(-0.4,1.666761426375,8.95));
#6429 = VERTEX_POINT('',#6430);
#6430 = CARTESIAN_POINT('',(-0.4,1.666761426375,5.45));
#6431 = LINE('',#6432,#6433);
#6432 = CARTESIAN_POINT('',(-0.4,1.666761426375,9.45));
#6433 = VECTOR('',#6434,1.);
#6434 = DIRECTION('',(0.,0.,-1.));
#6435 = ORIENTED_EDGE('',*,*,#6436,.F.);
#6436 = EDGE_CURVE('',#6437,#6427,#6439,.T.);
#6437 = VERTEX_POINT('',#6438);
#6438 = CARTESIAN_POINT('',(0.4,1.666761426375,8.95));
#6439 = LINE('',#6440,#6441);
#6440 = CARTESIAN_POINT('',(0.4,1.666761426375,8.95));
#6441 = VECTOR('',#6442,1.);
#6442 = DIRECTION('',(-1.,0.,0.));
#6443 = ORIENTED_EDGE('',*,*,#6444,.T.);
#6444 = EDGE_CURVE('',#6437,#6445,#6447,.T.);
#6445 = VERTEX_POINT('',#6446);
#6446 = CARTESIAN_POINT('',(0.4,1.666761426375,5.45));
#6447 = LINE('',#6448,#6449);
#6448 = CARTESIAN_POINT('',(0.4,1.666761426375,9.45));
#6449 = VECTOR('',#6450,1.);
#6450 = DIRECTION('',(0.,0.,-1.));
#6451 = ORIENTED_EDGE('',*,*,#6452,.T.);
#6452 = EDGE_CURVE('',#6445,#6453,#6455,.T.);
#6453 = VERTEX_POINT('',#6454);
#6454 = CARTESIAN_POINT('',(0.32,1.666761426375,5.45));
#6455 = LINE('',#6456,#6457);
#6456 = CARTESIAN_POINT('',(0.4,1.666761426375,5.45));
#6457 = VECTOR('',#6458,1.);
#6458 = DIRECTION('',(-1.,0.,0.));
#6459 = ORIENTED_EDGE('',*,*,#6460,.F.);
#6460 = EDGE_CURVE('',#6461,#6453,#6463,.T.);
#6461 = VERTEX_POINT('',#6462);
#6462 = CARTESIAN_POINT('',(0.32,1.666761426375,4.290239673918));
#6463 = LINE('',#6464,#6465);
#6464 = CARTESIAN_POINT('',(0.32,1.666761426375,3.45));
#6465 = VECTOR('',#6466,1.);
#6466 = DIRECTION('',(0.,0.,1.));
#6467 = ORIENTED_EDGE('',*,*,#6468,.T.);
#6468 = EDGE_CURVE('',#6461,#6469,#6471,.T.);
#6469 = VERTEX_POINT('',#6470);
#6470 = CARTESIAN_POINT('',(-0.32,1.666761426375,4.290239673918));
#6471 = LINE('',#6472,#6473);
#6472 = CARTESIAN_POINT('',(0.36,1.666761426375,4.290239673918));
#6473 = VECTOR('',#6474,1.);
#6474 = DIRECTION('',(-1.,0.,0.));
#6475 = ORIENTED_EDGE('',*,*,#6476,.T.);
#6476 = EDGE_CURVE('',#6469,#6477,#6479,.T.);
#6477 = VERTEX_POINT('',#6478);
#6478 = CARTESIAN_POINT('',(-0.32,1.666761426375,5.45));
#6479 = LINE('',#6480,#6481);
#6480 = CARTESIAN_POINT('',(-0.32,1.666761426375,3.45));
#6481 = VECTOR('',#6482,1.);
#6482 = DIRECTION('',(0.,0.,1.));
#6483 = ORIENTED_EDGE('',*,*,#6484,.T.);
#6484 = EDGE_CURVE('',#6477,#6429,#6485,.T.);
#6485 = LINE('',#6486,#6487);
#6486 = CARTESIAN_POINT('',(0.4,1.666761426375,5.45));
#6487 = VECTOR('',#6488,1.);
#6488 = DIRECTION('',(-1.,0.,0.));
#6489 = PLANE('',#6490);
#6490 = AXIS2_PLACEMENT_3D('',#6491,#6492,#6493);
#6491 = CARTESIAN_POINT('',(-2.E-17,1.666761426375,6.885687715701));
#6492 = DIRECTION('',(0.,1.,-0.));
#6493 = DIRECTION('',(0.,-0.,-1.));
#6494 = ADVANCED_FACE('',(#6495),#6552,.T.);
#6495 = FACE_BOUND('',#6496,.T.);
#6496 = EDGE_LOOP('',(#6497,#6507,#6513,#6514,#6522,#6530,#6538,#6546));
#6497 = ORIENTED_EDGE('',*,*,#6498,.F.);
#6498 = EDGE_CURVE('',#6499,#6501,#6503,.T.);
#6499 = VERTEX_POINT('',#6500);
#6500 = CARTESIAN_POINT('',(-0.4,1.166761426375,9.45));
#6501 = VERTEX_POINT('',#6502);
#6502 = CARTESIAN_POINT('',(-0.399999999992,1.059064000007,9.45));
#6503 = LINE('',#6504,#6505);
#6504 = CARTESIAN_POINT('',(-0.4,1.40352285275,9.45));
#6505 = VECTOR('',#6506,1.);
#6506 = DIRECTION('',(0.,-1.,0.));
#6507 = ORIENTED_EDGE('',*,*,#6508,.F.);
#6508 = EDGE_CURVE('',#6427,#6499,#6509,.T.);
#6509 = LINE('',#6510,#6511);
#6510 = CARTESIAN_POINT('',(-0.400000000002,1.840799248077,
    8.775962178298));
#6511 = VECTOR('',#6512,1.);
#6512 = DIRECTION('',(7.27868E-12,-0.707106781187,0.707106781187));
#6513 = ORIENTED_EDGE('',*,*,#6426,.T.);
#6514 = ORIENTED_EDGE('',*,*,#6515,.T.);
#6515 = EDGE_CURVE('',#6429,#6516,#6518,.T.);
#6516 = VERTEX_POINT('',#6517);
#6517 = CARTESIAN_POINT('',(-0.4,1.66185757311,5.45));
#6518 = LINE('',#6519,#6520);
#6519 = CARTESIAN_POINT('',(-0.4,1.666761426375,5.45));
#6520 = VECTOR('',#6521,1.);
#6521 = DIRECTION('',(0.,-1.,0.));
#6522 = ORIENTED_EDGE('',*,*,#6523,.T.);
#6523 = EDGE_CURVE('',#6516,#6524,#6526,.T.);
#6524 = VERTEX_POINT('',#6525);
#6525 = CARTESIAN_POINT('',(-0.4,1.40352285275,5.45));
#6526 = LINE('',#6527,#6528);
#6527 = CARTESIAN_POINT('',(-0.4,1.666761426375,5.45));
#6528 = VECTOR('',#6529,1.);
#6529 = DIRECTION('',(0.,-1.,0.));
#6530 = ORIENTED_EDGE('',*,*,#6531,.T.);
#6531 = EDGE_CURVE('',#6524,#6532,#6534,.T.);
#6532 = VERTEX_POINT('',#6533);
#6533 = CARTESIAN_POINT('',(-0.4,1.40352285275,7.45));
#6534 = LINE('',#6535,#6536);
#6535 = CARTESIAN_POINT('',(-0.4,1.40352285275,5.45));
#6536 = VECTOR('',#6537,1.);
#6537 = DIRECTION('',(0.,0.,1.));
#6538 = ORIENTED_EDGE('',*,*,#6539,.T.);
#6539 = EDGE_CURVE('',#6532,#6540,#6542,.T.);
#6540 = VERTEX_POINT('',#6541);
#6541 = CARTESIAN_POINT('',(-0.399999999992,1.059064000007,7.45));
#6542 = LINE('',#6543,#6544);
#6543 = CARTESIAN_POINT('',(-0.4,1.40352285275,7.45));
#6544 = VECTOR('',#6545,1.);
#6545 = DIRECTION('',(0.,-1.,0.));
#6546 = ORIENTED_EDGE('',*,*,#6547,.F.);
#6547 = EDGE_CURVE('',#6501,#6540,#6548,.T.);
#6548 = LINE('',#6549,#6550);
#6549 = CARTESIAN_POINT('',(-0.399999999992,1.059064000007,9.45));
#6550 = VECTOR('',#6551,1.);
#6551 = DIRECTION('',(0.,0.,-1.));
#6552 = PLANE('',#6553);
#6553 = AXIS2_PLACEMENT_3D('',#6554,#6555,#6556);
#6554 = CARTESIAN_POINT('',(-0.399999999998,1.43766997715,7.524757263958
    ));
#6555 = DIRECTION('',(-1.,-1.007779E-11,2.1583E-13));
#6556 = DIRECTION('',(1.007779E-11,-1.,0.));
#6557 = ADVANCED_FACE('',(#6558),#6576,.T.);
#6558 = FACE_BOUND('',#6559,.T.);
#6559 = EDGE_LOOP('',(#6560,#6568,#6569,#6570));
#6560 = ORIENTED_EDGE('',*,*,#6561,.F.);
#6561 = EDGE_CURVE('',#6437,#6562,#6564,.T.);
#6562 = VERTEX_POINT('',#6563);
#6563 = CARTESIAN_POINT('',(0.4,1.166761426375,9.45));
#6564 = LINE('',#6565,#6566);
#6565 = CARTESIAN_POINT('',(0.4,1.840799248078,8.775962178297));
#6566 = VECTOR('',#6567,1.);
#6567 = DIRECTION('',(4.8E-16,-0.707106781187,0.707106781187));
#6568 = ORIENTED_EDGE('',*,*,#6436,.T.);
#6569 = ORIENTED_EDGE('',*,*,#6508,.T.);
#6570 = ORIENTED_EDGE('',*,*,#6571,.F.);
#6571 = EDGE_CURVE('',#6562,#6499,#6572,.T.);
#6572 = LINE('',#6573,#6574);
#6573 = CARTESIAN_POINT('',(0.4,1.166761426375,9.45));
#6574 = VECTOR('',#6575,1.);
#6575 = DIRECTION('',(-1.,0.,0.));
#6576 = PLANE('',#6577);
#6577 = AXIS2_PLACEMENT_3D('',#6578,#6579,#6580);
#6578 = CARTESIAN_POINT('',(0.4,1.416761426375,9.2));
#6579 = DIRECTION('',(0.,0.707106781187,0.707106781187));
#6580 = DIRECTION('',(-1.,0.,0.));
#6581 = ADVANCED_FACE('',(#6582),#6593,.F.);
#6582 = FACE_BOUND('',#6583,.F.);
#6583 = EDGE_LOOP('',(#6584,#6591,#6592));
#6584 = ORIENTED_EDGE('',*,*,#6585,.F.);
#6585 = EDGE_CURVE('',#6477,#6516,#6586,.T.);
#6586 = CIRCLE('',#6587,0.655);
#6587 = AXIS2_PLACEMENT_3D('',#6588,#6589,#6590);
#6588 = CARTESIAN_POINT('',(-0.32,1.011761426375,5.45));
#6589 = DIRECTION('',(0.,0.,1.));
#6590 = DIRECTION('',(-1.,0.,0.));
#6591 = ORIENTED_EDGE('',*,*,#6484,.T.);
#6592 = ORIENTED_EDGE('',*,*,#6515,.T.);
#6593 = PLANE('',#6594);
#6594 = AXIS2_PLACEMENT_3D('',#6595,#6596,#6597);
#6595 = CARTESIAN_POINT('',(0.4,1.666761426375,5.45));
#6596 = DIRECTION('',(0.,0.,1.));
#6597 = DIRECTION('',(0.,-1.,0.));
#6598 = ADVANCED_FACE('',(#6599),#6649,.T.);
#6599 = FACE_BOUND('',#6600,.T.);
#6600 = EDGE_LOOP('',(#6601,#6602,#6603,#6611,#6619,#6627,#6635,#6643));
#6601 = ORIENTED_EDGE('',*,*,#6444,.F.);
#6602 = ORIENTED_EDGE('',*,*,#6561,.T.);
#6603 = ORIENTED_EDGE('',*,*,#6604,.F.);
#6604 = EDGE_CURVE('',#6605,#6562,#6607,.T.);
#6605 = VERTEX_POINT('',#6606);
#6606 = CARTESIAN_POINT('',(0.4,1.059064,9.45));
#6607 = LINE('',#6608,#6609);
#6608 = CARTESIAN_POINT('',(0.4,1.40352285275,9.45));
#6609 = VECTOR('',#6610,1.);
#6610 = DIRECTION('',(0.,1.,0.));
#6611 = ORIENTED_EDGE('',*,*,#6612,.T.);
#6612 = EDGE_CURVE('',#6605,#6613,#6615,.T.);
#6613 = VERTEX_POINT('',#6614);
#6614 = CARTESIAN_POINT('',(0.4,1.059064,7.45));
#6615 = LINE('',#6616,#6617);
#6616 = CARTESIAN_POINT('',(0.4,1.059064,9.45));
#6617 = VECTOR('',#6618,1.);
#6618 = DIRECTION('',(0.,0.,-1.));
#6619 = ORIENTED_EDGE('',*,*,#6620,.F.);
#6620 = EDGE_CURVE('',#6621,#6613,#6623,.T.);
#6621 = VERTEX_POINT('',#6622);
#6622 = CARTESIAN_POINT('',(0.4,1.40352285275,7.45));
#6623 = LINE('',#6624,#6625);
#6624 = CARTESIAN_POINT('',(0.4,1.40352285275,7.45));
#6625 = VECTOR('',#6626,1.);
#6626 = DIRECTION('',(0.,-1.,0.));
#6627 = ORIENTED_EDGE('',*,*,#6628,.F.);
#6628 = EDGE_CURVE('',#6629,#6621,#6631,.T.);
#6629 = VERTEX_POINT('',#6630);
#6630 = CARTESIAN_POINT('',(0.4,1.40352285275,5.45));
#6631 = LINE('',#6632,#6633);
#6632 = CARTESIAN_POINT('',(0.4,1.40352285275,5.45));
#6633 = VECTOR('',#6634,1.);
#6634 = DIRECTION('',(0.,0.,1.));
#6635 = ORIENTED_EDGE('',*,*,#6636,.F.);
#6636 = EDGE_CURVE('',#6637,#6629,#6639,.T.);
#6637 = VERTEX_POINT('',#6638);
#6638 = CARTESIAN_POINT('',(0.4,1.66185757311,5.45));
#6639 = LINE('',#6640,#6641);
#6640 = CARTESIAN_POINT('',(0.4,1.666761426375,5.45));
#6641 = VECTOR('',#6642,1.);
#6642 = DIRECTION('',(0.,-1.,0.));
#6643 = ORIENTED_EDGE('',*,*,#6644,.F.);
#6644 = EDGE_CURVE('',#6445,#6637,#6645,.T.);
#6645 = LINE('',#6646,#6647);
#6646 = CARTESIAN_POINT('',(0.4,1.666761426375,5.45));
#6647 = VECTOR('',#6648,1.);
#6648 = DIRECTION('',(0.,-1.,0.));
#6649 = PLANE('',#6650);
#6650 = AXIS2_PLACEMENT_3D('',#6651,#6652,#6653);
#6651 = CARTESIAN_POINT('',(0.4,1.437669977147,7.52475726396));
#6652 = DIRECTION('',(1.,6.8E-16,-0.));
#6653 = DIRECTION('',(-6.8E-16,1.,0.));
#6654 = ADVANCED_FACE('',(#6655),#6726,.T.);
#6655 = FACE_BOUND('',#6656,.T.);
#6656 = EDGE_LOOP('',(#6657,#6668,#6676,#6683,#6684,#6685,#6694,#6702,
    #6711,#6719));
#6657 = ORIENTED_EDGE('',*,*,#6658,.T.);
#6658 = EDGE_CURVE('',#6659,#6661,#6663,.T.);
#6659 = VERTEX_POINT('',#6660);
#6660 = CARTESIAN_POINT('',(-0.4,1.66185757311,3.45));
#6661 = VERTEX_POINT('',#6662);
#6662 = CARTESIAN_POINT('',(-0.975,1.011761426375,3.45));
#6663 = CIRCLE('',#6664,0.655);
#6664 = AXIS2_PLACEMENT_3D('',#6665,#6666,#6667);
#6665 = CARTESIAN_POINT('',(-0.32,1.011761426375,3.45));
#6666 = DIRECTION('',(0.,0.,1.));
#6667 = DIRECTION('',(-1.,0.,0.));
#6668 = ORIENTED_EDGE('',*,*,#6669,.T.);
#6669 = EDGE_CURVE('',#6661,#6670,#6672,.T.);
#6670 = VERTEX_POINT('',#6671);
#6671 = CARTESIAN_POINT('',(-0.975,1.011761426375,5.45));
#6672 = LINE('',#6673,#6674);
#6673 = CARTESIAN_POINT('',(-0.975,1.011761426375,3.45));
#6674 = VECTOR('',#6675,1.);
#6675 = DIRECTION('',(0.,0.,1.));
#6676 = ORIENTED_EDGE('',*,*,#6677,.F.);
#6677 = EDGE_CURVE('',#6516,#6670,#6678,.T.);
#6678 = CIRCLE('',#6679,0.655);
#6679 = AXIS2_PLACEMENT_3D('',#6680,#6681,#6682);
#6680 = CARTESIAN_POINT('',(-0.32,1.011761426375,5.45));
#6681 = DIRECTION('',(0.,0.,1.));
#6682 = DIRECTION('',(-1.,0.,0.));
#6683 = ORIENTED_EDGE('',*,*,#6585,.F.);
#6684 = ORIENTED_EDGE('',*,*,#6476,.F.);
#6685 = ORIENTED_EDGE('',*,*,#6686,.T.);
#6686 = EDGE_CURVE('',#6469,#6687,#6689,.T.);
#6687 = VERTEX_POINT('',#6688);
#6688 = CARTESIAN_POINT('',(-0.4,1.66185757311,4.280460298822));
#6689 = ELLIPSE('',#6690,1.461240827122,0.655);
#6690 = AXIS2_PLACEMENT_3D('',#6691,#6692,#6693);
#6691 = CARTESIAN_POINT('',(-0.32,1.011761426375,2.984023859112));
#6692 = DIRECTION('',(0.,-0.8939086498,0.448249178262));
#6693 = DIRECTION('',(0.,-0.448249178262,-0.8939086498));
#6694 = ORIENTED_EDGE('',*,*,#6695,.T.);
#6695 = EDGE_CURVE('',#6687,#6696,#6698,.T.);
#6696 = VERTEX_POINT('',#6697);
#6697 = CARTESIAN_POINT('',(-0.4,1.66185757311,3.73312462235));
#6698 = LINE('',#6699,#6700);
#6699 = CARTESIAN_POINT('',(-0.4,1.66185757311,3.45));
#6700 = VECTOR('',#6701,1.);
#6701 = DIRECTION('',(0.,0.,-1.));
#6702 = ORIENTED_EDGE('',*,*,#6703,.T.);
#6703 = EDGE_CURVE('',#6696,#6704,#6706,.T.);
#6704 = VERTEX_POINT('',#6705);
#6705 = CARTESIAN_POINT('',(-0.32,1.666761426375,3.732514167383));
#6706 = ELLIPSE('',#6707,0.660055578089,0.655);
#6707 = AXIS2_PLACEMENT_3D('',#6708,#6709,#6710);
#6708 = CARTESIAN_POINT('',(-0.32,1.011761426375,3.814051681241));
#6709 = DIRECTION('',(0.,-0.12353128519,-0.992340678184));
#6710 = DIRECTION('',(-0.,0.992340678184,-0.12353128519));
#6711 = ORIENTED_EDGE('',*,*,#6712,.F.);
#6712 = EDGE_CURVE('',#6713,#6704,#6715,.T.);
#6713 = VERTEX_POINT('',#6714);
#6714 = CARTESIAN_POINT('',(-0.32,1.666761426375,3.45));
#6715 = LINE('',#6716,#6717);
#6716 = CARTESIAN_POINT('',(-0.32,1.666761426375,3.45));
#6717 = VECTOR('',#6718,1.);
#6718 = DIRECTION('',(0.,0.,1.));
#6719 = ORIENTED_EDGE('',*,*,#6720,.T.);
#6720 = EDGE_CURVE('',#6713,#6659,#6721,.T.);
#6721 = CIRCLE('',#6722,0.655);
#6722 = AXIS2_PLACEMENT_3D('',#6723,#6724,#6725);
#6723 = CARTESIAN_POINT('',(-0.32,1.011761426375,3.45));
#6724 = DIRECTION('',(0.,0.,1.));
#6725 = DIRECTION('',(-1.,0.,0.));
#6726 = CYLINDRICAL_SURFACE('',#6727,0.655);
#6727 = AXIS2_PLACEMENT_3D('',#6728,#6729,#6730);
#6728 = CARTESIAN_POINT('',(-0.32,1.011761426375,3.45));
#6729 = DIRECTION('',(0.,0.,-1.));
#6730 = DIRECTION('',(-1.,0.,0.));
#6731 = ADVANCED_FACE('',(#6732),#6743,.F.);
#6732 = FACE_BOUND('',#6733,.F.);
#6733 = EDGE_LOOP('',(#6734,#6735,#6736));
#6734 = ORIENTED_EDGE('',*,*,#6644,.F.);
#6735 = ORIENTED_EDGE('',*,*,#6452,.T.);
#6736 = ORIENTED_EDGE('',*,*,#6737,.F.);
#6737 = EDGE_CURVE('',#6637,#6453,#6738,.T.);
#6738 = CIRCLE('',#6739,0.655);
#6739 = AXIS2_PLACEMENT_3D('',#6740,#6741,#6742);
#6740 = CARTESIAN_POINT('',(0.32,1.011761426375,5.45));
#6741 = DIRECTION('',(0.,0.,1.));
#6742 = DIRECTION('',(-1.,0.,0.));
#6743 = PLANE('',#6744);
#6744 = AXIS2_PLACEMENT_3D('',#6745,#6746,#6747);
#6745 = CARTESIAN_POINT('',(0.4,1.666761426375,5.45));
#6746 = DIRECTION('',(0.,0.,1.));
#6747 = DIRECTION('',(0.,-1.,0.));
#6748 = ADVANCED_FACE('',(#6749),#6784,.T.);
#6749 = FACE_BOUND('',#6750,.T.);
#6750 = EDGE_LOOP('',(#6751,#6761,#6769,#6775,#6776,#6777));
#6751 = ORIENTED_EDGE('',*,*,#6752,.F.);
#6752 = EDGE_CURVE('',#6753,#6755,#6757,.T.);
#6753 = VERTEX_POINT('',#6754);
#6754 = CARTESIAN_POINT('',(0.4,2.143284263925,5.240532294565));
#6755 = VERTEX_POINT('',#6756);
#6756 = CARTESIAN_POINT('',(0.4,1.66185757311,4.280460298822));
#6757 = LINE('',#6758,#6759);
#6758 = CARTESIAN_POINT('',(0.4,2.143284263925,5.240532294565));
#6759 = VECTOR('',#6760,1.);
#6760 = DIRECTION('',(0.,-0.448249178262,-0.8939086498));
#6761 = ORIENTED_EDGE('',*,*,#6762,.T.);
#6762 = EDGE_CURVE('',#6753,#6763,#6765,.T.);
#6763 = VERTEX_POINT('',#6764);
#6764 = CARTESIAN_POINT('',(-0.4,2.143284263925,5.240532294565));
#6765 = LINE('',#6766,#6767);
#6766 = CARTESIAN_POINT('',(0.4,2.143284263925,5.240532294565));
#6767 = VECTOR('',#6768,1.);
#6768 = DIRECTION('',(-1.,0.,0.));
#6769 = ORIENTED_EDGE('',*,*,#6770,.T.);
#6770 = EDGE_CURVE('',#6763,#6687,#6771,.T.);
#6771 = LINE('',#6772,#6773);
#6772 = CARTESIAN_POINT('',(-0.4,2.143284263925,5.240532294565));
#6773 = VECTOR('',#6774,1.);
#6774 = DIRECTION('',(0.,-0.448249178262,-0.8939086498));
#6775 = ORIENTED_EDGE('',*,*,#6686,.F.);
#6776 = ORIENTED_EDGE('',*,*,#6468,.F.);
#6777 = ORIENTED_EDGE('',*,*,#6778,.F.);
#6778 = EDGE_CURVE('',#6755,#6461,#6779,.T.);
#6779 = ELLIPSE('',#6780,1.461240827122,0.655);
#6780 = AXIS2_PLACEMENT_3D('',#6781,#6782,#6783);
#6781 = CARTESIAN_POINT('',(0.32,1.011761426375,2.984023859112));
#6782 = DIRECTION('',(0.,-0.8939086498,0.448249178262));
#6783 = DIRECTION('',(0.,-0.448249178262,-0.8939086498));
#6784 = PLANE('',#6785);
#6785 = AXIS2_PLACEMENT_3D('',#6786,#6787,#6788);
#6786 = CARTESIAN_POINT('',(0.4,2.143284263925,5.240532294565));
#6787 = DIRECTION('',(0.,-0.8939086498,0.448249178262));
#6788 = DIRECTION('',(0.,-0.448249178262,-0.8939086498));
#6789 = ADVANCED_FACE('',(#6790),#6853,.T.);
#6790 = FACE_BOUND('',#6791,.T.);
#6791 = EDGE_LOOP('',(#6792,#6803,#6811,#6820,#6826,#6827,#6828,#6829,
    #6838,#6846));
#6792 = ORIENTED_EDGE('',*,*,#6793,.T.);
#6793 = EDGE_CURVE('',#6794,#6796,#6798,.T.);
#6794 = VERTEX_POINT('',#6795);
#6795 = CARTESIAN_POINT('',(0.4,1.66185757311,3.45));
#6796 = VERTEX_POINT('',#6797);
#6797 = CARTESIAN_POINT('',(0.32,1.666761426375,3.45));
#6798 = CIRCLE('',#6799,0.655);
#6799 = AXIS2_PLACEMENT_3D('',#6800,#6801,#6802);
#6800 = CARTESIAN_POINT('',(0.32,1.011761426375,3.45));
#6801 = DIRECTION('',(0.,0.,1.));
#6802 = DIRECTION('',(-1.,0.,0.));
#6803 = ORIENTED_EDGE('',*,*,#6804,.T.);
#6804 = EDGE_CURVE('',#6796,#6805,#6807,.T.);
#6805 = VERTEX_POINT('',#6806);
#6806 = CARTESIAN_POINT('',(0.32,1.666761426375,3.732514167383));
#6807 = LINE('',#6808,#6809);
#6808 = CARTESIAN_POINT('',(0.32,1.666761426375,3.45));
#6809 = VECTOR('',#6810,1.);
#6810 = DIRECTION('',(0.,0.,1.));
#6811 = ORIENTED_EDGE('',*,*,#6812,.T.);
#6812 = EDGE_CURVE('',#6805,#6813,#6815,.T.);
#6813 = VERTEX_POINT('',#6814);
#6814 = CARTESIAN_POINT('',(0.4,1.66185757311,3.73312462235));
#6815 = ELLIPSE('',#6816,0.660055578089,0.655);
#6816 = AXIS2_PLACEMENT_3D('',#6817,#6818,#6819);
#6817 = CARTESIAN_POINT('',(0.32,1.011761426375,3.814051681241));
#6818 = DIRECTION('',(0.,-0.12353128519,-0.992340678184));
#6819 = DIRECTION('',(-0.,0.992340678184,-0.12353128519));
#6820 = ORIENTED_EDGE('',*,*,#6821,.F.);
#6821 = EDGE_CURVE('',#6755,#6813,#6822,.T.);
#6822 = LINE('',#6823,#6824);
#6823 = CARTESIAN_POINT('',(0.4,1.66185757311,3.45));
#6824 = VECTOR('',#6825,1.);
#6825 = DIRECTION('',(0.,0.,-1.));
#6826 = ORIENTED_EDGE('',*,*,#6778,.T.);
#6827 = ORIENTED_EDGE('',*,*,#6460,.T.);
#6828 = ORIENTED_EDGE('',*,*,#6737,.F.);
#6829 = ORIENTED_EDGE('',*,*,#6830,.F.);
#6830 = EDGE_CURVE('',#6831,#6637,#6833,.T.);
#6831 = VERTEX_POINT('',#6832);
#6832 = CARTESIAN_POINT('',(0.975,1.011761426375,5.45));
#6833 = CIRCLE('',#6834,0.655);
#6834 = AXIS2_PLACEMENT_3D('',#6835,#6836,#6837);
#6835 = CARTESIAN_POINT('',(0.32,1.011761426375,5.45));
#6836 = DIRECTION('',(0.,0.,1.));
#6837 = DIRECTION('',(-1.,0.,0.));
#6838 = ORIENTED_EDGE('',*,*,#6839,.F.);
#6839 = EDGE_CURVE('',#6840,#6831,#6842,.T.);
#6840 = VERTEX_POINT('',#6841);
#6841 = CARTESIAN_POINT('',(0.975,1.011761426375,3.45));
#6842 = LINE('',#6843,#6844);
#6843 = CARTESIAN_POINT('',(0.975,1.011761426375,3.45));
#6844 = VECTOR('',#6845,1.);
#6845 = DIRECTION('',(0.,0.,1.));
#6846 = ORIENTED_EDGE('',*,*,#6847,.T.);
#6847 = EDGE_CURVE('',#6840,#6794,#6848,.T.);
#6848 = CIRCLE('',#6849,0.655);
#6849 = AXIS2_PLACEMENT_3D('',#6850,#6851,#6852);
#6850 = CARTESIAN_POINT('',(0.32,1.011761426375,3.45));
#6851 = DIRECTION('',(0.,0.,1.));
#6852 = DIRECTION('',(-1.,0.,0.));
#6853 = CYLINDRICAL_SURFACE('',#6854,0.655);
#6854 = AXIS2_PLACEMENT_3D('',#6855,#6856,#6857);
#6855 = CARTESIAN_POINT('',(0.32,1.011761426375,3.45));
#6856 = DIRECTION('',(0.,0.,-1.));
#6857 = DIRECTION('',(-1.,0.,0.));
#6858 = ADVANCED_FACE('',(#6859,#6871),#6882,.T.);
#6859 = FACE_BOUND('',#6860,.T.);
#6860 = EDGE_LOOP('',(#6861,#6862,#6869,#6870));
#6861 = ORIENTED_EDGE('',*,*,#6498,.T.);
#6862 = ORIENTED_EDGE('',*,*,#6863,.T.);
#6863 = EDGE_CURVE('',#6501,#6605,#6864,.T.);
#6864 = CIRCLE('',#6865,0.974707300937);
#6865 = AXIS2_PLACEMENT_3D('',#6866,#6867,#6868);
#6866 = CARTESIAN_POINT('',(-2.E-17,0.170214,9.45));
#6867 = DIRECTION('',(0.,0.,1.));
#6868 = DIRECTION('',(-1.,0.,0.));
#6869 = ORIENTED_EDGE('',*,*,#6604,.T.);
#6870 = ORIENTED_EDGE('',*,*,#6571,.T.);
#6871 = FACE_BOUND('',#6872,.T.);
#6872 = EDGE_LOOP('',(#6873));
#6873 = ORIENTED_EDGE('',*,*,#6874,.F.);
#6874 = EDGE_CURVE('',#6875,#6875,#6877,.T.);
#6875 = VERTEX_POINT('',#6876);
#6876 = CARTESIAN_POINT('',(-0.698564,0.170214,9.45));
#6877 = CIRCLE('',#6878,0.698564);
#6878 = AXIS2_PLACEMENT_3D('',#6879,#6880,#6881);
#6879 = CARTESIAN_POINT('',(-2.E-17,0.170214,9.45));
#6880 = DIRECTION('',(0.,0.,1.));
#6881 = DIRECTION('',(-1.,0.,0.));
#6882 = PLANE('',#6883);
#6883 = AXIS2_PLACEMENT_3D('',#6884,#6885,#6886);
#6884 = CARTESIAN_POINT('',(-2.1126E-13,0.497442120671,9.45));
#6885 = DIRECTION('',(0.,0.,1.));
#6886 = DIRECTION('',(-1.,0.,0.));
#6887 = ADVANCED_FACE('',(#6888),#6900,.T.);
#6888 = FACE_BOUND('',#6889,.T.);
#6889 = EDGE_LOOP('',(#6890,#6891,#6898,#6899));
#6890 = ORIENTED_EDGE('',*,*,#6547,.T.);
#6891 = ORIENTED_EDGE('',*,*,#6892,.T.);
#6892 = EDGE_CURVE('',#6540,#6613,#6893,.T.);
#6893 = CIRCLE('',#6894,0.974707300937);
#6894 = AXIS2_PLACEMENT_3D('',#6895,#6896,#6897);
#6895 = CARTESIAN_POINT('',(-2.E-17,0.170214,7.45));
#6896 = DIRECTION('',(0.,0.,1.));
#6897 = DIRECTION('',(-1.,0.,0.));
#6898 = ORIENTED_EDGE('',*,*,#6612,.F.);
#6899 = ORIENTED_EDGE('',*,*,#6863,.F.);
#6900 = CYLINDRICAL_SURFACE('',#6901,0.974707300937);
#6901 = AXIS2_PLACEMENT_3D('',#6902,#6903,#6904);
#6902 = CARTESIAN_POINT('',(-2.E-17,0.170214,9.45));
#6903 = DIRECTION('',(0.,0.,1.));
#6904 = DIRECTION('',(-1.,0.,0.));
#6905 = ADVANCED_FACE('',(#6906,#6917),#6928,.F.);
#6906 = FACE_BOUND('',#6907,.F.);
#6907 = EDGE_LOOP('',(#6908,#6909,#6910,#6916));
#6908 = ORIENTED_EDGE('',*,*,#6892,.T.);
#6909 = ORIENTED_EDGE('',*,*,#6620,.F.);
#6910 = ORIENTED_EDGE('',*,*,#6911,.T.);
#6911 = EDGE_CURVE('',#6621,#6532,#6912,.T.);
#6912 = LINE('',#6913,#6914);
#6913 = CARTESIAN_POINT('',(0.4,1.40352285275,7.45));
#6914 = VECTOR('',#6915,1.);
#6915 = DIRECTION('',(-1.,0.,0.));
#6916 = ORIENTED_EDGE('',*,*,#6539,.T.);
#6917 = FACE_BOUND('',#6918,.T.);
#6918 = EDGE_LOOP('',(#6919));
#6919 = ORIENTED_EDGE('',*,*,#6920,.T.);
#6920 = EDGE_CURVE('',#6921,#6921,#6923,.T.);
#6921 = VERTEX_POINT('',#6922);
#6922 = CARTESIAN_POINT('',(-0.698564,0.170214,7.45));
#6923 = CIRCLE('',#6924,0.698564);
#6924 = AXIS2_PLACEMENT_3D('',#6925,#6926,#6927);
#6925 = CARTESIAN_POINT('',(-2.E-17,0.170214,7.45));
#6926 = DIRECTION('',(0.,0.,1.));
#6927 = DIRECTION('',(-1.,0.,0.));
#6928 = PLANE('',#6929);
#6929 = AXIS2_PLACEMENT_3D('',#6930,#6931,#6932);
#6930 = CARTESIAN_POINT('',(-1.438E-13,0.297420100742,7.45));
#6931 = DIRECTION('',(0.,0.,1.));
#6932 = DIRECTION('',(-1.,0.,0.));
#6933 = ADVANCED_FACE('',(#6934),#6977,.T.);
#6934 = FACE_BOUND('',#6935,.T.);
#6935 = EDGE_LOOP('',(#6936,#6944,#6945,#6946,#6947,#6955,#6963,#6971));
#6936 = ORIENTED_EDGE('',*,*,#6937,.F.);
#6937 = EDGE_CURVE('',#6629,#6938,#6940,.T.);
#6938 = VERTEX_POINT('',#6939);
#6939 = CARTESIAN_POINT('',(0.32,1.40352285275,5.45));
#6940 = LINE('',#6941,#6942);
#6941 = CARTESIAN_POINT('',(0.4,1.40352285275,5.45));
#6942 = VECTOR('',#6943,1.);
#6943 = DIRECTION('',(-1.,0.,0.));
#6944 = ORIENTED_EDGE('',*,*,#6628,.T.);
#6945 = ORIENTED_EDGE('',*,*,#6911,.T.);
#6946 = ORIENTED_EDGE('',*,*,#6531,.F.);
#6947 = ORIENTED_EDGE('',*,*,#6948,.F.);
#6948 = EDGE_CURVE('',#6949,#6524,#6951,.T.);
#6949 = VERTEX_POINT('',#6950);
#6950 = CARTESIAN_POINT('',(-0.32,1.40352285275,5.45));
#6951 = LINE('',#6952,#6953);
#6952 = CARTESIAN_POINT('',(0.4,1.40352285275,5.45));
#6953 = VECTOR('',#6954,1.);
#6954 = DIRECTION('',(-1.,0.,0.));
#6955 = ORIENTED_EDGE('',*,*,#6956,.F.);
#6956 = EDGE_CURVE('',#6957,#6949,#6959,.T.);
#6957 = VERTEX_POINT('',#6958);
#6958 = CARTESIAN_POINT('',(-0.32,1.40352285275,3.45));
#6959 = LINE('',#6960,#6961);
#6960 = CARTESIAN_POINT('',(-0.32,1.40352285275,3.45));
#6961 = VECTOR('',#6962,1.);
#6962 = DIRECTION('',(0.,0.,1.));
#6963 = ORIENTED_EDGE('',*,*,#6964,.F.);
#6964 = EDGE_CURVE('',#6965,#6957,#6967,.T.);
#6965 = VERTEX_POINT('',#6966);
#6966 = CARTESIAN_POINT('',(0.32,1.40352285275,3.45));
#6967 = LINE('',#6968,#6969);
#6968 = CARTESIAN_POINT('',(0.32,1.40352285275,3.45));
#6969 = VECTOR('',#6970,1.);
#6970 = DIRECTION('',(-1.,0.,0.));
#6971 = ORIENTED_EDGE('',*,*,#6972,.T.);
#6972 = EDGE_CURVE('',#6965,#6938,#6973,.T.);
#6973 = LINE('',#6974,#6975);
#6974 = CARTESIAN_POINT('',(0.32,1.40352285275,3.45));
#6975 = VECTOR('',#6976,1.);
#6976 = DIRECTION('',(0.,0.,1.));
#6977 = PLANE('',#6978);
#6978 = AXIS2_PLACEMENT_3D('',#6979,#6980,#6981);
#6979 = CARTESIAN_POINT('',(-1.E-17,1.40352285275,6.473529411765));
#6980 = DIRECTION('',(0.,-1.,0.));
#6981 = DIRECTION('',(0.,0.,1.));
#6982 = ADVANCED_FACE('',(#6983),#7089,.T.);
#6983 = FACE_BOUND('',#6984,.T.);
#6984 = EDGE_LOOP('',(#6985,#6996,#7002,#7003,#7004,#7005,#7014,#7022,
    #7031,#7039,#7048,#7056,#7063,#7064,#7065,#7066,#7074,#7083));
#6985 = ORIENTED_EDGE('',*,*,#6986,.T.);
#6986 = EDGE_CURVE('',#6987,#6989,#6991,.T.);
#6987 = VERTEX_POINT('',#6988);
#6988 = CARTESIAN_POINT('',(0.32,-0.733238573625,5.45));
#6989 = VERTEX_POINT('',#6990);
#6990 = CARTESIAN_POINT('',(0.975,-7.823857362477E-02,5.45));
#6991 = CIRCLE('',#6992,0.655);
#6992 = AXIS2_PLACEMENT_3D('',#6993,#6994,#6995);
#6993 = CARTESIAN_POINT('',(0.32,-7.823857362477E-02,5.45));
#6994 = DIRECTION('',(0.,0.,1.));
#6995 = DIRECTION('',(-1.,0.,0.));
#6996 = ORIENTED_EDGE('',*,*,#6997,.T.);
#6997 = EDGE_CURVE('',#6989,#6831,#6998,.T.);
#6998 = LINE('',#6999,#7000);
#6999 = CARTESIAN_POINT('',(0.975,-7.823857362477E-02,5.45));
#7000 = VECTOR('',#7001,1.);
#7001 = DIRECTION('',(0.,1.,0.));
#7002 = ORIENTED_EDGE('',*,*,#6830,.T.);
#7003 = ORIENTED_EDGE('',*,*,#6636,.T.);
#7004 = ORIENTED_EDGE('',*,*,#6937,.T.);
#7005 = ORIENTED_EDGE('',*,*,#7006,.F.);
#7006 = EDGE_CURVE('',#7007,#6938,#7009,.T.);
#7007 = VERTEX_POINT('',#7008);
#7008 = CARTESIAN_POINT('',(0.711761426375,1.011761426375,5.45));
#7009 = CIRCLE('',#7010,0.391761426375);
#7010 = AXIS2_PLACEMENT_3D('',#7011,#7012,#7013);
#7011 = CARTESIAN_POINT('',(0.32,1.011761426375,5.45));
#7012 = DIRECTION('',(0.,0.,1.));
#7013 = DIRECTION('',(-1.,0.,0.));
#7014 = ORIENTED_EDGE('',*,*,#7015,.F.);
#7015 = EDGE_CURVE('',#7016,#7007,#7018,.T.);
#7016 = VERTEX_POINT('',#7017);
#7017 = CARTESIAN_POINT('',(0.711761426375,-7.823857362477E-02,5.45));
#7018 = LINE('',#7019,#7020);
#7019 = CARTESIAN_POINT('',(0.711761426375,-7.823857362477E-02,5.45));
#7020 = VECTOR('',#7021,1.);
#7021 = DIRECTION('',(0.,1.,0.));
#7022 = ORIENTED_EDGE('',*,*,#7023,.F.);
#7023 = EDGE_CURVE('',#7024,#7016,#7026,.T.);
#7024 = VERTEX_POINT('',#7025);
#7025 = CARTESIAN_POINT('',(0.32,-0.47,5.45));
#7026 = CIRCLE('',#7027,0.391761426375);
#7027 = AXIS2_PLACEMENT_3D('',#7028,#7029,#7030);
#7028 = CARTESIAN_POINT('',(0.32,-7.823857362477E-02,5.45));
#7029 = DIRECTION('',(0.,0.,1.));
#7030 = DIRECTION('',(-1.,0.,0.));
#7031 = ORIENTED_EDGE('',*,*,#7032,.F.);
#7032 = EDGE_CURVE('',#7033,#7024,#7035,.T.);
#7033 = VERTEX_POINT('',#7034);
#7034 = CARTESIAN_POINT('',(-0.32,-0.47,5.45));
#7035 = LINE('',#7036,#7037);
#7036 = CARTESIAN_POINT('',(-0.32,-0.47,5.45));
#7037 = VECTOR('',#7038,1.);
#7038 = DIRECTION('',(1.,0.,0.));
#7039 = ORIENTED_EDGE('',*,*,#7040,.F.);
#7040 = EDGE_CURVE('',#7041,#7033,#7043,.T.);
#7041 = VERTEX_POINT('',#7042);
#7042 = CARTESIAN_POINT('',(-0.711761426375,-7.823857362477E-02,5.45));
#7043 = CIRCLE('',#7044,0.391761426375);
#7044 = AXIS2_PLACEMENT_3D('',#7045,#7046,#7047);
#7045 = CARTESIAN_POINT('',(-0.32,-7.823857362477E-02,5.45));
#7046 = DIRECTION('',(0.,0.,1.));
#7047 = DIRECTION('',(-1.,0.,0.));
#7048 = ORIENTED_EDGE('',*,*,#7049,.F.);
#7049 = EDGE_CURVE('',#7050,#7041,#7052,.T.);
#7050 = VERTEX_POINT('',#7051);
#7051 = CARTESIAN_POINT('',(-0.711761426375,1.011761426375,5.45));
#7052 = LINE('',#7053,#7054);
#7053 = CARTESIAN_POINT('',(-0.711761426375,1.011761426375,5.45));
#7054 = VECTOR('',#7055,1.);
#7055 = DIRECTION('',(0.,-1.,0.));
#7056 = ORIENTED_EDGE('',*,*,#7057,.F.);
#7057 = EDGE_CURVE('',#6949,#7050,#7058,.T.);
#7058 = CIRCLE('',#7059,0.391761426375);
#7059 = AXIS2_PLACEMENT_3D('',#7060,#7061,#7062);
#7060 = CARTESIAN_POINT('',(-0.32,1.011761426375,5.45));
#7061 = DIRECTION('',(0.,0.,1.));
#7062 = DIRECTION('',(-1.,0.,0.));
#7063 = ORIENTED_EDGE('',*,*,#6948,.T.);
#7064 = ORIENTED_EDGE('',*,*,#6523,.F.);
#7065 = ORIENTED_EDGE('',*,*,#6677,.T.);
#7066 = ORIENTED_EDGE('',*,*,#7067,.T.);
#7067 = EDGE_CURVE('',#6670,#7068,#7070,.T.);
#7068 = VERTEX_POINT('',#7069);
#7069 = CARTESIAN_POINT('',(-0.975,-7.823857362477E-02,5.45));
#7070 = LINE('',#7071,#7072);
#7071 = CARTESIAN_POINT('',(-0.975,1.011761426375,5.45));
#7072 = VECTOR('',#7073,1.);
#7073 = DIRECTION('',(0.,-1.,0.));
#7074 = ORIENTED_EDGE('',*,*,#7075,.T.);
#7075 = EDGE_CURVE('',#7068,#7076,#7078,.T.);
#7076 = VERTEX_POINT('',#7077);
#7077 = CARTESIAN_POINT('',(-0.32,-0.733238573625,5.45));
#7078 = CIRCLE('',#7079,0.655);
#7079 = AXIS2_PLACEMENT_3D('',#7080,#7081,#7082);
#7080 = CARTESIAN_POINT('',(-0.32,-7.823857362477E-02,5.45));
#7081 = DIRECTION('',(0.,0.,1.));
#7082 = DIRECTION('',(-1.,0.,0.));
#7083 = ORIENTED_EDGE('',*,*,#7084,.T.);
#7084 = EDGE_CURVE('',#7076,#6987,#7085,.T.);
#7085 = LINE('',#7086,#7087);
#7086 = CARTESIAN_POINT('',(-0.32,-0.733238573625,5.45));
#7087 = VECTOR('',#7088,1.);
#7088 = DIRECTION('',(1.,0.,0.));
#7089 = PLANE('',#7090);
#7090 = AXIS2_PLACEMENT_3D('',#7091,#7092,#7093);
#7091 = CARTESIAN_POINT('',(-3.E-17,0.466761426375,5.45));
#7092 = DIRECTION('',(0.,0.,1.));
#7093 = DIRECTION('',(-1.,0.,0.));
#7094 = ADVANCED_FACE('',(#7095),#7112,.T.);
#7095 = FACE_BOUND('',#7096,.T.);
#7096 = EDGE_LOOP('',(#7097,#7098,#7106));
#7097 = ORIENTED_EDGE('',*,*,#6720,.F.);
#7098 = ORIENTED_EDGE('',*,*,#7099,.T.);
#7099 = EDGE_CURVE('',#6713,#7100,#7102,.T.);
#7100 = VERTEX_POINT('',#7101);
#7101 = CARTESIAN_POINT('',(-0.4,1.666761426375,3.45));
#7102 = LINE('',#7103,#7104);
#7103 = CARTESIAN_POINT('',(0.4,1.666761426375,3.45));
#7104 = VECTOR('',#7105,1.);
#7105 = DIRECTION('',(-1.,0.,0.));
#7106 = ORIENTED_EDGE('',*,*,#7107,.T.);
#7107 = EDGE_CURVE('',#7100,#6659,#7108,.T.);
#7108 = LINE('',#7109,#7110);
#7109 = CARTESIAN_POINT('',(-0.4,1.666761426375,3.45));
#7110 = VECTOR('',#7111,1.);
#7111 = DIRECTION('',(0.,-1.,-2.E-16));
#7112 = PLANE('',#7113);
#7113 = AXIS2_PLACEMENT_3D('',#7114,#7115,#7116);
#7114 = CARTESIAN_POINT('',(0.4,1.666761426375,3.45));
#7115 = DIRECTION('',(0.,-2.E-16,1.));
#7116 = DIRECTION('',(0.,-1.,-2.E-16));
#7117 = ADVANCED_FACE('',(#7118),#7248,.F.);
#7118 = FACE_BOUND('',#7119,.F.);
#7119 = EDGE_LOOP('',(#7120,#7131,#7137,#7138,#7146,#7152,#7161,#7169,
    #7178,#7186,#7195,#7203,#7210,#7218,#7224,#7225,#7233,#7242));
#7120 = ORIENTED_EDGE('',*,*,#7121,.T.);
#7121 = EDGE_CURVE('',#7122,#7124,#7126,.T.);
#7122 = VERTEX_POINT('',#7123);
#7123 = CARTESIAN_POINT('',(0.32,-0.733238573625,3.45));
#7124 = VERTEX_POINT('',#7125);
#7125 = CARTESIAN_POINT('',(0.975,-7.823857362477E-02,3.45));
#7126 = CIRCLE('',#7127,0.655);
#7127 = AXIS2_PLACEMENT_3D('',#7128,#7129,#7130);
#7128 = CARTESIAN_POINT('',(0.32,-7.823857362477E-02,3.45));
#7129 = DIRECTION('',(0.,0.,1.));
#7130 = DIRECTION('',(-1.,0.,0.));
#7131 = ORIENTED_EDGE('',*,*,#7132,.T.);
#7132 = EDGE_CURVE('',#7124,#6840,#7133,.T.);
#7133 = LINE('',#7134,#7135);
#7134 = CARTESIAN_POINT('',(0.975,-7.823857362477E-02,3.45));
#7135 = VECTOR('',#7136,1.);
#7136 = DIRECTION('',(0.,1.,0.));
#7137 = ORIENTED_EDGE('',*,*,#6847,.T.);
#7138 = ORIENTED_EDGE('',*,*,#7139,.T.);
#7139 = EDGE_CURVE('',#6794,#7140,#7142,.T.);
#7140 = VERTEX_POINT('',#7141);
#7141 = CARTESIAN_POINT('',(0.4,1.40352285275,3.45));
#7142 = LINE('',#7143,#7144);
#7143 = CARTESIAN_POINT('',(0.4,1.666761426375,3.45));
#7144 = VECTOR('',#7145,1.);
#7145 = DIRECTION('',(0.,-1.,-2.E-16));
#7146 = ORIENTED_EDGE('',*,*,#7147,.T.);
#7147 = EDGE_CURVE('',#7140,#6965,#7148,.T.);
#7148 = LINE('',#7149,#7150);
#7149 = CARTESIAN_POINT('',(0.4,1.40352285275,3.45));
#7150 = VECTOR('',#7151,1.);
#7151 = DIRECTION('',(-1.,0.,0.));
#7152 = ORIENTED_EDGE('',*,*,#7153,.F.);
#7153 = EDGE_CURVE('',#7154,#6965,#7156,.T.);
#7154 = VERTEX_POINT('',#7155);
#7155 = CARTESIAN_POINT('',(0.711761426375,1.011761426375,3.45));
#7156 = CIRCLE('',#7157,0.391761426375);
#7157 = AXIS2_PLACEMENT_3D('',#7158,#7159,#7160);
#7158 = CARTESIAN_POINT('',(0.32,1.011761426375,3.45));
#7159 = DIRECTION('',(0.,0.,1.));
#7160 = DIRECTION('',(-1.,0.,0.));
#7161 = ORIENTED_EDGE('',*,*,#7162,.F.);
#7162 = EDGE_CURVE('',#7163,#7154,#7165,.T.);
#7163 = VERTEX_POINT('',#7164);
#7164 = CARTESIAN_POINT('',(0.711761426375,-7.823857362477E-02,3.45));
#7165 = LINE('',#7166,#7167);
#7166 = CARTESIAN_POINT('',(0.711761426375,-7.823857362477E-02,3.45));
#7167 = VECTOR('',#7168,1.);
#7168 = DIRECTION('',(0.,1.,0.));
#7169 = ORIENTED_EDGE('',*,*,#7170,.F.);
#7170 = EDGE_CURVE('',#7171,#7163,#7173,.T.);
#7171 = VERTEX_POINT('',#7172);
#7172 = CARTESIAN_POINT('',(0.32,-0.47,3.45));
#7173 = CIRCLE('',#7174,0.391761426375);
#7174 = AXIS2_PLACEMENT_3D('',#7175,#7176,#7177);
#7175 = CARTESIAN_POINT('',(0.32,-7.823857362477E-02,3.45));
#7176 = DIRECTION('',(0.,0.,1.));
#7177 = DIRECTION('',(-1.,0.,0.));
#7178 = ORIENTED_EDGE('',*,*,#7179,.F.);
#7179 = EDGE_CURVE('',#7180,#7171,#7182,.T.);
#7180 = VERTEX_POINT('',#7181);
#7181 = CARTESIAN_POINT('',(-0.32,-0.47,3.45));
#7182 = LINE('',#7183,#7184);
#7183 = CARTESIAN_POINT('',(-0.32,-0.47,3.45));
#7184 = VECTOR('',#7185,1.);
#7185 = DIRECTION('',(1.,0.,0.));
#7186 = ORIENTED_EDGE('',*,*,#7187,.F.);
#7187 = EDGE_CURVE('',#7188,#7180,#7190,.T.);
#7188 = VERTEX_POINT('',#7189);
#7189 = CARTESIAN_POINT('',(-0.711761426375,-7.823857362477E-02,3.45));
#7190 = CIRCLE('',#7191,0.391761426375);
#7191 = AXIS2_PLACEMENT_3D('',#7192,#7193,#7194);
#7192 = CARTESIAN_POINT('',(-0.32,-7.823857362477E-02,3.45));
#7193 = DIRECTION('',(0.,0.,1.));
#7194 = DIRECTION('',(-1.,0.,0.));
#7195 = ORIENTED_EDGE('',*,*,#7196,.F.);
#7196 = EDGE_CURVE('',#7197,#7188,#7199,.T.);
#7197 = VERTEX_POINT('',#7198);
#7198 = CARTESIAN_POINT('',(-0.711761426375,1.011761426375,3.45));
#7199 = LINE('',#7200,#7201);
#7200 = CARTESIAN_POINT('',(-0.711761426375,1.011761426375,3.45));
#7201 = VECTOR('',#7202,1.);
#7202 = DIRECTION('',(0.,-1.,0.));
#7203 = ORIENTED_EDGE('',*,*,#7204,.F.);
#7204 = EDGE_CURVE('',#6957,#7197,#7205,.T.);
#7205 = CIRCLE('',#7206,0.391761426375);
#7206 = AXIS2_PLACEMENT_3D('',#7207,#7208,#7209);
#7207 = CARTESIAN_POINT('',(-0.32,1.011761426375,3.45));
#7208 = DIRECTION('',(0.,0.,1.));
#7209 = DIRECTION('',(-1.,0.,0.));
#7210 = ORIENTED_EDGE('',*,*,#7211,.T.);
#7211 = EDGE_CURVE('',#6957,#7212,#7214,.T.);
#7212 = VERTEX_POINT('',#7213);
#7213 = CARTESIAN_POINT('',(-0.4,1.40352285275,3.45));
#7214 = LINE('',#7215,#7216);
#7215 = CARTESIAN_POINT('',(0.4,1.40352285275,3.45));
#7216 = VECTOR('',#7217,1.);
#7217 = DIRECTION('',(-1.,0.,0.));
#7218 = ORIENTED_EDGE('',*,*,#7219,.F.);
#7219 = EDGE_CURVE('',#6659,#7212,#7220,.T.);
#7220 = LINE('',#7221,#7222);
#7221 = CARTESIAN_POINT('',(-0.4,1.666761426375,3.45));
#7222 = VECTOR('',#7223,1.);
#7223 = DIRECTION('',(0.,-1.,-2.E-16));
#7224 = ORIENTED_EDGE('',*,*,#6658,.T.);
#7225 = ORIENTED_EDGE('',*,*,#7226,.T.);
#7226 = EDGE_CURVE('',#6661,#7227,#7229,.T.);
#7227 = VERTEX_POINT('',#7228);
#7228 = CARTESIAN_POINT('',(-0.975,-7.823857362477E-02,3.45));
#7229 = LINE('',#7230,#7231);
#7230 = CARTESIAN_POINT('',(-0.975,1.011761426375,3.45));
#7231 = VECTOR('',#7232,1.);
#7232 = DIRECTION('',(0.,-1.,0.));
#7233 = ORIENTED_EDGE('',*,*,#7234,.T.);
#7234 = EDGE_CURVE('',#7227,#7235,#7237,.T.);
#7235 = VERTEX_POINT('',#7236);
#7236 = CARTESIAN_POINT('',(-0.32,-0.733238573625,3.45));
#7237 = CIRCLE('',#7238,0.655);
#7238 = AXIS2_PLACEMENT_3D('',#7239,#7240,#7241);
#7239 = CARTESIAN_POINT('',(-0.32,-7.823857362477E-02,3.45));
#7240 = DIRECTION('',(0.,0.,1.));
#7241 = DIRECTION('',(-1.,0.,0.));
#7242 = ORIENTED_EDGE('',*,*,#7243,.T.);
#7243 = EDGE_CURVE('',#7235,#7122,#7244,.T.);
#7244 = LINE('',#7245,#7246);
#7245 = CARTESIAN_POINT('',(-0.32,-0.733238573625,3.45));
#7246 = VECTOR('',#7247,1.);
#7247 = DIRECTION('',(1.,0.,0.));
#7248 = PLANE('',#7249);
#7249 = AXIS2_PLACEMENT_3D('',#7250,#7251,#7252);
#7250 = CARTESIAN_POINT('',(-3.E-17,0.466761426375,3.45));
#7251 = DIRECTION('',(0.,0.,1.));
#7252 = DIRECTION('',(-1.,0.,0.));
#7253 = ADVANCED_FACE('',(#7254),#7265,.F.);
#7254 = FACE_BOUND('',#7255,.F.);
#7255 = EDGE_LOOP('',(#7256,#7257,#7258,#7264));
#7256 = ORIENTED_EDGE('',*,*,#6669,.T.);
#7257 = ORIENTED_EDGE('',*,*,#7067,.T.);
#7258 = ORIENTED_EDGE('',*,*,#7259,.F.);
#7259 = EDGE_CURVE('',#7227,#7068,#7260,.T.);
#7260 = LINE('',#7261,#7262);
#7261 = CARTESIAN_POINT('',(-0.975,-7.823857362477E-02,3.45));
#7262 = VECTOR('',#7263,1.);
#7263 = DIRECTION('',(0.,0.,1.));
#7264 = ORIENTED_EDGE('',*,*,#7226,.F.);
#7265 = PLANE('',#7266);
#7266 = AXIS2_PLACEMENT_3D('',#7267,#7268,#7269);
#7267 = CARTESIAN_POINT('',(-0.975,1.011761426375,3.45));
#7268 = DIRECTION('',(1.,0.,0.));
#7269 = DIRECTION('',(0.,-1.,0.));
#7270 = ADVANCED_FACE('',(#7271),#7297,.T.);
#7271 = FACE_BOUND('',#7272,.T.);
#7272 = EDGE_LOOP('',(#7273,#7283,#7289,#7290,#7291));
#7273 = ORIENTED_EDGE('',*,*,#7274,.F.);
#7274 = EDGE_CURVE('',#7275,#7277,#7279,.T.);
#7275 = VERTEX_POINT('',#7276);
#7276 = CARTESIAN_POINT('',(-0.4,1.666761426375,3.732514167383));
#7277 = VERTEX_POINT('',#7278);
#7278 = CARTESIAN_POINT('',(-0.4,2.366761426375,5.12847));
#7279 = LINE('',#7280,#7281);
#7280 = CARTESIAN_POINT('',(-0.4,1.666761426375,3.732514167383));
#7281 = VECTOR('',#7282,1.);
#7282 = DIRECTION('',(0.,0.448249178262,0.8939086498));
#7283 = ORIENTED_EDGE('',*,*,#7284,.F.);
#7284 = EDGE_CURVE('',#6696,#7275,#7285,.T.);
#7285 = LINE('',#7286,#7287);
#7286 = CARTESIAN_POINT('',(-0.4,1.40352285275,3.765283356459));
#7287 = VECTOR('',#7288,1.);
#7288 = DIRECTION('',(-0.,0.992340678184,-0.12353128519));
#7289 = ORIENTED_EDGE('',*,*,#6695,.F.);
#7290 = ORIENTED_EDGE('',*,*,#6770,.F.);
#7291 = ORIENTED_EDGE('',*,*,#7292,.F.);
#7292 = EDGE_CURVE('',#7277,#6763,#7293,.T.);
#7293 = LINE('',#7294,#7295);
#7294 = CARTESIAN_POINT('',(-0.4,2.366761426375,5.12847));
#7295 = VECTOR('',#7296,1.);
#7296 = DIRECTION('',(0.,-0.8939086498,0.448249178262));
#7297 = PLANE('',#7298);
#7298 = AXIS2_PLACEMENT_3D('',#7299,#7300,#7301);
#7299 = CARTESIAN_POINT('',(-0.4,1.332356653177,5.661145307804));
#7300 = DIRECTION('',(-1.,0.,0.));
#7301 = DIRECTION('',(0.,0.,1.));
#7302 = ADVANCED_FACE('',(#7303),#7313,.T.);
#7303 = FACE_BOUND('',#7304,.T.);
#7304 = EDGE_LOOP('',(#7305,#7311,#7312));
#7305 = ORIENTED_EDGE('',*,*,#7306,.F.);
#7306 = EDGE_CURVE('',#6704,#7275,#7307,.T.);
#7307 = LINE('',#7308,#7309);
#7308 = CARTESIAN_POINT('',(0.4,1.666761426375,3.732514167383));
#7309 = VECTOR('',#7310,1.);
#7310 = DIRECTION('',(-1.,0.,0.));
#7311 = ORIENTED_EDGE('',*,*,#6703,.F.);
#7312 = ORIENTED_EDGE('',*,*,#7284,.T.);
#7313 = PLANE('',#7314);
#7314 = AXIS2_PLACEMENT_3D('',#7315,#7316,#7317);
#7315 = CARTESIAN_POINT('',(0.4,1.40352285275,3.765283356459));
#7316 = DIRECTION('',(0.,-0.12353128519,-0.992340678184));
#7317 = DIRECTION('',(-0.,0.992340678184,-0.12353128519));
#7318 = ADVANCED_FACE('',(#7319),#7335,.F.);
#7319 = FACE_BOUND('',#7320,.F.);
#7320 = EDGE_LOOP('',(#7321,#7327,#7328,#7334));
#7321 = ORIENTED_EDGE('',*,*,#7322,.F.);
#7322 = EDGE_CURVE('',#6796,#6713,#7323,.T.);
#7323 = LINE('',#7324,#7325);
#7324 = CARTESIAN_POINT('',(0.32,1.666761426375,3.45));
#7325 = VECTOR('',#7326,1.);
#7326 = DIRECTION('',(-1.,0.,0.));
#7327 = ORIENTED_EDGE('',*,*,#6804,.T.);
#7328 = ORIENTED_EDGE('',*,*,#7329,.T.);
#7329 = EDGE_CURVE('',#6805,#6704,#7330,.T.);
#7330 = LINE('',#7331,#7332);
#7331 = CARTESIAN_POINT('',(0.4,1.666761426375,3.732514167383));
#7332 = VECTOR('',#7333,1.);
#7333 = DIRECTION('',(-1.,0.,0.));
#7334 = ORIENTED_EDGE('',*,*,#6712,.F.);
#7335 = PLANE('',#7336);
#7336 = AXIS2_PLACEMENT_3D('',#7337,#7338,#7339);
#7337 = CARTESIAN_POINT('',(0.32,1.666761426375,3.45));
#7338 = DIRECTION('',(0.,-1.,0.));
#7339 = DIRECTION('',(-1.,0.,0.));
#7340 = ADVANCED_FACE('',(#7341),#7367,.F.);
#7341 = FACE_BOUND('',#7342,.F.);
#7342 = EDGE_LOOP('',(#7343,#7353,#7359,#7360,#7361));
#7343 = ORIENTED_EDGE('',*,*,#7344,.F.);
#7344 = EDGE_CURVE('',#7345,#7347,#7349,.T.);
#7345 = VERTEX_POINT('',#7346);
#7346 = CARTESIAN_POINT('',(0.4,1.666761426375,3.732514167383));
#7347 = VERTEX_POINT('',#7348);
#7348 = CARTESIAN_POINT('',(0.4,2.366761426375,5.12847));
#7349 = LINE('',#7350,#7351);
#7350 = CARTESIAN_POINT('',(0.4,1.666761426375,3.732514167383));
#7351 = VECTOR('',#7352,1.);
#7352 = DIRECTION('',(0.,0.448249178262,0.8939086498));
#7353 = ORIENTED_EDGE('',*,*,#7354,.F.);
#7354 = EDGE_CURVE('',#6813,#7345,#7355,.T.);
#7355 = LINE('',#7356,#7357);
#7356 = CARTESIAN_POINT('',(0.4,1.40352285275,3.765283356459));
#7357 = VECTOR('',#7358,1.);
#7358 = DIRECTION('',(-0.,0.992340678184,-0.12353128519));
#7359 = ORIENTED_EDGE('',*,*,#6821,.F.);
#7360 = ORIENTED_EDGE('',*,*,#6752,.F.);
#7361 = ORIENTED_EDGE('',*,*,#7362,.F.);
#7362 = EDGE_CURVE('',#7347,#6753,#7363,.T.);
#7363 = LINE('',#7364,#7365);
#7364 = CARTESIAN_POINT('',(0.4,2.366761426375,5.12847));
#7365 = VECTOR('',#7366,1.);
#7366 = DIRECTION('',(0.,-0.8939086498,0.448249178262));
#7367 = PLANE('',#7368);
#7368 = AXIS2_PLACEMENT_3D('',#7369,#7370,#7371);
#7369 = CARTESIAN_POINT('',(0.4,1.332356653177,5.661145307804));
#7370 = DIRECTION('',(-1.,0.,0.));
#7371 = DIRECTION('',(0.,0.,1.));
#7372 = ADVANCED_FACE('',(#7373),#7384,.T.);
#7373 = FACE_BOUND('',#7374,.T.);
#7374 = EDGE_LOOP('',(#7375,#7381,#7382,#7383));
#7375 = ORIENTED_EDGE('',*,*,#7376,.T.);
#7376 = EDGE_CURVE('',#7347,#7277,#7377,.T.);
#7377 = LINE('',#7378,#7379);
#7378 = CARTESIAN_POINT('',(0.4,2.366761426375,5.12847));
#7379 = VECTOR('',#7380,1.);
#7380 = DIRECTION('',(-1.,0.,0.));
#7381 = ORIENTED_EDGE('',*,*,#7292,.T.);
#7382 = ORIENTED_EDGE('',*,*,#6762,.F.);
#7383 = ORIENTED_EDGE('',*,*,#7362,.F.);
#7384 = PLANE('',#7385);
#7385 = AXIS2_PLACEMENT_3D('',#7386,#7387,#7388);
#7386 = CARTESIAN_POINT('',(0.4,2.366761426375,5.12847));
#7387 = DIRECTION('',(0.,0.448249178262,0.8939086498));
#7388 = DIRECTION('',(0.,-0.8939086498,0.448249178262));
#7389 = ADVANCED_FACE('',(#7390),#7407,.T.);
#7390 = FACE_BOUND('',#7391,.T.);
#7391 = EDGE_LOOP('',(#7392,#7400,#7406));
#7392 = ORIENTED_EDGE('',*,*,#7393,.F.);
#7393 = EDGE_CURVE('',#7394,#6794,#7396,.T.);
#7394 = VERTEX_POINT('',#7395);
#7395 = CARTESIAN_POINT('',(0.4,1.666761426375,3.45));
#7396 = LINE('',#7397,#7398);
#7397 = CARTESIAN_POINT('',(0.4,1.666761426375,3.45));
#7398 = VECTOR('',#7399,1.);
#7399 = DIRECTION('',(0.,-1.,-2.E-16));
#7400 = ORIENTED_EDGE('',*,*,#7401,.T.);
#7401 = EDGE_CURVE('',#7394,#6796,#7402,.T.);
#7402 = LINE('',#7403,#7404);
#7403 = CARTESIAN_POINT('',(0.4,1.666761426375,3.45));
#7404 = VECTOR('',#7405,1.);
#7405 = DIRECTION('',(-1.,0.,0.));
#7406 = ORIENTED_EDGE('',*,*,#6793,.F.);
#7407 = PLANE('',#7408);
#7408 = AXIS2_PLACEMENT_3D('',#7409,#7410,#7411);
#7409 = CARTESIAN_POINT('',(0.4,1.666761426375,3.45));
#7410 = DIRECTION('',(0.,-2.E-16,1.));
#7411 = DIRECTION('',(0.,-1.,-2.E-16));
#7412 = ADVANCED_FACE('',(#7413),#7423,.T.);
#7413 = FACE_BOUND('',#7414,.T.);
#7414 = EDGE_LOOP('',(#7415,#7416,#7417));
#7415 = ORIENTED_EDGE('',*,*,#7354,.F.);
#7416 = ORIENTED_EDGE('',*,*,#6812,.F.);
#7417 = ORIENTED_EDGE('',*,*,#7418,.F.);
#7418 = EDGE_CURVE('',#7345,#6805,#7419,.T.);
#7419 = LINE('',#7420,#7421);
#7420 = CARTESIAN_POINT('',(0.4,1.666761426375,3.732514167383));
#7421 = VECTOR('',#7422,1.);
#7422 = DIRECTION('',(-1.,0.,0.));
#7423 = PLANE('',#7424);
#7424 = AXIS2_PLACEMENT_3D('',#7425,#7426,#7427);
#7425 = CARTESIAN_POINT('',(0.4,1.40352285275,3.765283356459));
#7426 = DIRECTION('',(0.,-0.12353128519,-0.992340678184));
#7427 = DIRECTION('',(-0.,0.992340678184,-0.12353128519));
#7428 = ADVANCED_FACE('',(#7429),#7440,.F.);
#7429 = FACE_BOUND('',#7430,.F.);
#7430 = EDGE_LOOP('',(#7431,#7437,#7438,#7439));
#7431 = ORIENTED_EDGE('',*,*,#7432,.T.);
#7432 = EDGE_CURVE('',#7124,#6989,#7433,.T.);
#7433 = LINE('',#7434,#7435);
#7434 = CARTESIAN_POINT('',(0.975,-7.823857362477E-02,3.45));
#7435 = VECTOR('',#7436,1.);
#7436 = DIRECTION('',(0.,0.,1.));
#7437 = ORIENTED_EDGE('',*,*,#6997,.T.);
#7438 = ORIENTED_EDGE('',*,*,#6839,.F.);
#7439 = ORIENTED_EDGE('',*,*,#7132,.F.);
#7440 = PLANE('',#7441);
#7441 = AXIS2_PLACEMENT_3D('',#7442,#7443,#7444);
#7442 = CARTESIAN_POINT('',(0.975,-7.823857362477E-02,3.45));
#7443 = DIRECTION('',(-1.,0.,0.));
#7444 = DIRECTION('',(0.,1.,0.));
#7445 = ADVANCED_FACE('',(#7446),#7457,.F.);
#7446 = FACE_BOUND('',#7447,.F.);
#7447 = EDGE_LOOP('',(#7448,#7454,#7455,#7456));
#7448 = ORIENTED_EDGE('',*,*,#7449,.T.);
#7449 = EDGE_CURVE('',#6875,#6921,#7450,.T.);
#7450 = LINE('',#7451,#7452);
#7451 = CARTESIAN_POINT('',(-0.698564,0.170214,9.45));
#7452 = VECTOR('',#7453,1.);
#7453 = DIRECTION('',(0.,0.,-1.));
#7454 = ORIENTED_EDGE('',*,*,#6920,.T.);
#7455 = ORIENTED_EDGE('',*,*,#7449,.F.);
#7456 = ORIENTED_EDGE('',*,*,#6874,.F.);
#7457 = CYLINDRICAL_SURFACE('',#7458,0.698564);
#7458 = AXIS2_PLACEMENT_3D('',#7459,#7460,#7461);
#7459 = CARTESIAN_POINT('',(-2.E-17,0.170214,9.45));
#7460 = DIRECTION('',(0.,0.,1.));
#7461 = DIRECTION('',(-1.,0.,0.));
#7462 = ADVANCED_FACE('',(#7463),#7474,.F.);
#7463 = FACE_BOUND('',#7464,.F.);
#7464 = EDGE_LOOP('',(#7465,#7466,#7467,#7468));
#7465 = ORIENTED_EDGE('',*,*,#7153,.T.);
#7466 = ORIENTED_EDGE('',*,*,#6972,.T.);
#7467 = ORIENTED_EDGE('',*,*,#7006,.F.);
#7468 = ORIENTED_EDGE('',*,*,#7469,.F.);
#7469 = EDGE_CURVE('',#7154,#7007,#7470,.T.);
#7470 = LINE('',#7471,#7472);
#7471 = CARTESIAN_POINT('',(0.711761426375,1.011761426375,3.45));
#7472 = VECTOR('',#7473,1.);
#7473 = DIRECTION('',(0.,0.,1.));
#7474 = CYLINDRICAL_SURFACE('',#7475,0.391761426375);
#7475 = AXIS2_PLACEMENT_3D('',#7476,#7477,#7478);
#7476 = CARTESIAN_POINT('',(0.32,1.011761426375,3.45));
#7477 = DIRECTION('',(0.,0.,-1.));
#7478 = DIRECTION('',(-1.,0.,0.));
#7479 = ADVANCED_FACE('',(#7480),#7509,.F.);
#7480 = FACE_BOUND('',#7481,.F.);
#7481 = EDGE_LOOP('',(#7482,#7491,#7499,#7506,#7507,#7508));
#7482 = ORIENTED_EDGE('',*,*,#7483,.T.);
#7483 = EDGE_CURVE('',#7140,#7484,#7486,.T.);
#7484 = VERTEX_POINT('',#7485);
#7485 = CARTESIAN_POINT('',(0.4,1.114684484901,3.336392809704));
#7486 = CIRCLE('',#7487,0.166761426375);
#7487 = AXIS2_PLACEMENT_3D('',#7488,#7489,#7490);
#7488 = CARTESIAN_POINT('',(0.4,1.236761426375,3.45));
#7489 = DIRECTION('',(-1.,0.,0.));
#7490 = DIRECTION('',(0.,-1.,0.));
#7491 = ORIENTED_EDGE('',*,*,#7492,.T.);
#7492 = EDGE_CURVE('',#7484,#7493,#7495,.T.);
#7493 = VERTEX_POINT('',#7494);
#7494 = CARTESIAN_POINT('',(-0.4,1.114684484901,3.336392809704));
#7495 = LINE('',#7496,#7497);
#7496 = CARTESIAN_POINT('',(0.4,1.114684484901,3.336392809704));
#7497 = VECTOR('',#7498,1.);
#7498 = DIRECTION('',(-1.,0.,0.));
#7499 = ORIENTED_EDGE('',*,*,#7500,.F.);
#7500 = EDGE_CURVE('',#7212,#7493,#7501,.T.);
#7501 = CIRCLE('',#7502,0.166761426375);
#7502 = AXIS2_PLACEMENT_3D('',#7503,#7504,#7505);
#7503 = CARTESIAN_POINT('',(-0.4,1.236761426375,3.45));
#7504 = DIRECTION('',(-1.,0.,0.));
#7505 = DIRECTION('',(0.,-1.,0.));
#7506 = ORIENTED_EDGE('',*,*,#7211,.F.);
#7507 = ORIENTED_EDGE('',*,*,#6964,.F.);
#7508 = ORIENTED_EDGE('',*,*,#7147,.F.);
#7509 = CYLINDRICAL_SURFACE('',#7510,0.166761426375);
#7510 = AXIS2_PLACEMENT_3D('',#7511,#7512,#7513);
#7511 = CARTESIAN_POINT('',(0.4,1.236761426375,3.45));
#7512 = DIRECTION('',(1.,0.,-0.));
#7513 = DIRECTION('',(0.,-1.,0.));
#7514 = ADVANCED_FACE('',(#7515),#7526,.F.);
#7515 = FACE_BOUND('',#7516,.F.);
#7516 = EDGE_LOOP('',(#7517,#7518,#7524,#7525));
#7517 = ORIENTED_EDGE('',*,*,#7204,.T.);
#7518 = ORIENTED_EDGE('',*,*,#7519,.T.);
#7519 = EDGE_CURVE('',#7197,#7050,#7520,.T.);
#7520 = LINE('',#7521,#7522);
#7521 = CARTESIAN_POINT('',(-0.711761426375,1.011761426375,3.45));
#7522 = VECTOR('',#7523,1.);
#7523 = DIRECTION('',(0.,0.,1.));
#7524 = ORIENTED_EDGE('',*,*,#7057,.F.);
#7525 = ORIENTED_EDGE('',*,*,#6956,.F.);
#7526 = CYLINDRICAL_SURFACE('',#7527,0.391761426375);
#7527 = AXIS2_PLACEMENT_3D('',#7528,#7529,#7530);
#7528 = CARTESIAN_POINT('',(-0.32,1.011761426375,3.45));
#7529 = DIRECTION('',(0.,0.,-1.));
#7530 = DIRECTION('',(-1.,0.,0.));
#7531 = ADVANCED_FACE('',(#7532),#7543,.T.);
#7532 = FACE_BOUND('',#7533,.T.);
#7533 = EDGE_LOOP('',(#7534,#7535,#7536,#7537));
#7534 = ORIENTED_EDGE('',*,*,#7121,.T.);
#7535 = ORIENTED_EDGE('',*,*,#7432,.T.);
#7536 = ORIENTED_EDGE('',*,*,#6986,.F.);
#7537 = ORIENTED_EDGE('',*,*,#7538,.F.);
#7538 = EDGE_CURVE('',#7122,#6987,#7539,.T.);
#7539 = LINE('',#7540,#7541);
#7540 = CARTESIAN_POINT('',(0.32,-0.733238573625,3.45));
#7541 = VECTOR('',#7542,1.);
#7542 = DIRECTION('',(0.,0.,1.));
#7543 = CYLINDRICAL_SURFACE('',#7544,0.655);
#7544 = AXIS2_PLACEMENT_3D('',#7545,#7546,#7547);
#7545 = CARTESIAN_POINT('',(0.32,-7.823857362477E-02,3.45));
#7546 = DIRECTION('',(0.,0.,-1.));
#7547 = DIRECTION('',(-1.,0.,0.));
#7548 = ADVANCED_FACE('',(#7549),#7560,.F.);
#7549 = FACE_BOUND('',#7550,.F.);
#7550 = EDGE_LOOP('',(#7551,#7557,#7558,#7559));
#7551 = ORIENTED_EDGE('',*,*,#7552,.T.);
#7552 = EDGE_CURVE('',#7235,#7076,#7553,.T.);
#7553 = LINE('',#7554,#7555);
#7554 = CARTESIAN_POINT('',(-0.32,-0.733238573625,3.45));
#7555 = VECTOR('',#7556,1.);
#7556 = DIRECTION('',(0.,0.,1.));
#7557 = ORIENTED_EDGE('',*,*,#7084,.T.);
#7558 = ORIENTED_EDGE('',*,*,#7538,.F.);
#7559 = ORIENTED_EDGE('',*,*,#7243,.F.);
#7560 = PLANE('',#7561);
#7561 = AXIS2_PLACEMENT_3D('',#7562,#7563,#7564);
#7562 = CARTESIAN_POINT('',(-0.32,-0.733238573625,3.45));
#7563 = DIRECTION('',(0.,1.,0.));
#7564 = DIRECTION('',(1.,0.,0.));
#7565 = ADVANCED_FACE('',(#7566),#7572,.T.);
#7566 = FACE_BOUND('',#7567,.T.);
#7567 = EDGE_LOOP('',(#7568,#7569,#7570,#7571));
#7568 = ORIENTED_EDGE('',*,*,#7234,.T.);
#7569 = ORIENTED_EDGE('',*,*,#7552,.T.);
#7570 = ORIENTED_EDGE('',*,*,#7075,.F.);
#7571 = ORIENTED_EDGE('',*,*,#7259,.F.);
#7572 = CYLINDRICAL_SURFACE('',#7573,0.655);
#7573 = AXIS2_PLACEMENT_3D('',#7574,#7575,#7576);
#7574 = CARTESIAN_POINT('',(-0.32,-7.823857362477E-02,3.45));
#7575 = DIRECTION('',(0.,0.,-1.));
#7576 = DIRECTION('',(-1.,0.,0.));
#7577 = ADVANCED_FACE('',(#7578),#7589,.T.);
#7578 = FACE_BOUND('',#7579,.T.);
#7579 = EDGE_LOOP('',(#7580,#7581,#7582,#7588));
#7580 = ORIENTED_EDGE('',*,*,#7519,.T.);
#7581 = ORIENTED_EDGE('',*,*,#7049,.T.);
#7582 = ORIENTED_EDGE('',*,*,#7583,.F.);
#7583 = EDGE_CURVE('',#7188,#7041,#7584,.T.);
#7584 = LINE('',#7585,#7586);
#7585 = CARTESIAN_POINT('',(-0.711761426375,-7.823857362477E-02,3.45));
#7586 = VECTOR('',#7587,1.);
#7587 = DIRECTION('',(0.,0.,1.));
#7588 = ORIENTED_EDGE('',*,*,#7196,.F.);
#7589 = PLANE('',#7590);
#7590 = AXIS2_PLACEMENT_3D('',#7591,#7592,#7593);
#7591 = CARTESIAN_POINT('',(-0.711761426375,1.011761426375,3.45));
#7592 = DIRECTION('',(1.,0.,0.));
#7593 = DIRECTION('',(0.,-1.,0.));
#7594 = ADVANCED_FACE('',(#7595),#7606,.F.);
#7595 = FACE_BOUND('',#7596,.F.);
#7596 = EDGE_LOOP('',(#7597,#7598,#7604,#7605));
#7597 = ORIENTED_EDGE('',*,*,#7187,.T.);
#7598 = ORIENTED_EDGE('',*,*,#7599,.T.);
#7599 = EDGE_CURVE('',#7180,#7033,#7600,.T.);
#7600 = LINE('',#7601,#7602);
#7601 = CARTESIAN_POINT('',(-0.32,-0.47,3.45));
#7602 = VECTOR('',#7603,1.);
#7603 = DIRECTION('',(0.,0.,1.));
#7604 = ORIENTED_EDGE('',*,*,#7040,.F.);
#7605 = ORIENTED_EDGE('',*,*,#7583,.F.);
#7606 = CYLINDRICAL_SURFACE('',#7607,0.391761426375);
#7607 = AXIS2_PLACEMENT_3D('',#7608,#7609,#7610);
#7608 = CARTESIAN_POINT('',(-0.32,-7.823857362477E-02,3.45));
#7609 = DIRECTION('',(0.,0.,-1.));
#7610 = DIRECTION('',(-1.,0.,0.));
#7611 = ADVANCED_FACE('',(#7612),#7623,.T.);
#7612 = FACE_BOUND('',#7613,.T.);
#7613 = EDGE_LOOP('',(#7614,#7615,#7616,#7622));
#7614 = ORIENTED_EDGE('',*,*,#7599,.T.);
#7615 = ORIENTED_EDGE('',*,*,#7032,.T.);
#7616 = ORIENTED_EDGE('',*,*,#7617,.F.);
#7617 = EDGE_CURVE('',#7171,#7024,#7618,.T.);
#7618 = LINE('',#7619,#7620);
#7619 = CARTESIAN_POINT('',(0.32,-0.47,3.45));
#7620 = VECTOR('',#7621,1.);
#7621 = DIRECTION('',(0.,0.,1.));
#7622 = ORIENTED_EDGE('',*,*,#7179,.F.);
#7623 = PLANE('',#7624);
#7624 = AXIS2_PLACEMENT_3D('',#7625,#7626,#7627);
#7625 = CARTESIAN_POINT('',(-0.32,-0.47,3.45));
#7626 = DIRECTION('',(0.,1.,0.));
#7627 = DIRECTION('',(1.,0.,0.));
#7628 = ADVANCED_FACE('',(#7629),#7640,.F.);
#7629 = FACE_BOUND('',#7630,.F.);
#7630 = EDGE_LOOP('',(#7631,#7632,#7638,#7639));
#7631 = ORIENTED_EDGE('',*,*,#7170,.T.);
#7632 = ORIENTED_EDGE('',*,*,#7633,.T.);
#7633 = EDGE_CURVE('',#7163,#7016,#7634,.T.);
#7634 = LINE('',#7635,#7636);
#7635 = CARTESIAN_POINT('',(0.711761426375,-7.823857362477E-02,3.45));
#7636 = VECTOR('',#7637,1.);
#7637 = DIRECTION('',(0.,0.,1.));
#7638 = ORIENTED_EDGE('',*,*,#7023,.F.);
#7639 = ORIENTED_EDGE('',*,*,#7617,.F.);
#7640 = CYLINDRICAL_SURFACE('',#7641,0.391761426375);
#7641 = AXIS2_PLACEMENT_3D('',#7642,#7643,#7644);
#7642 = CARTESIAN_POINT('',(0.32,-7.823857362477E-02,3.45));
#7643 = DIRECTION('',(0.,0.,-1.));
#7644 = DIRECTION('',(-1.,0.,0.));
#7645 = ADVANCED_FACE('',(#7646),#7652,.T.);
#7646 = FACE_BOUND('',#7647,.T.);
#7647 = EDGE_LOOP('',(#7648,#7649,#7650,#7651));
#7648 = ORIENTED_EDGE('',*,*,#7633,.T.);
#7649 = ORIENTED_EDGE('',*,*,#7015,.T.);
#7650 = ORIENTED_EDGE('',*,*,#7469,.F.);
#7651 = ORIENTED_EDGE('',*,*,#7162,.F.);
#7652 = PLANE('',#7653);
#7653 = AXIS2_PLACEMENT_3D('',#7654,#7655,#7656);
#7654 = CARTESIAN_POINT('',(0.711761426375,-7.823857362477E-02,3.45));
#7655 = DIRECTION('',(-1.,0.,0.));
#7656 = DIRECTION('',(0.,1.,0.));
#7657 = ADVANCED_FACE('',(#7658),#7746,.T.);
#7658 = FACE_BOUND('',#7659,.F.);
#7659 = EDGE_LOOP('',(#7660,#7661,#7662,#7663,#7671,#7680,#7688,#7697,
    #7705,#7714,#7722,#7731,#7739));
#7660 = ORIENTED_EDGE('',*,*,#7107,.T.);
#7661 = ORIENTED_EDGE('',*,*,#7219,.T.);
#7662 = ORIENTED_EDGE('',*,*,#7500,.T.);
#7663 = ORIENTED_EDGE('',*,*,#7664,.T.);
#7664 = EDGE_CURVE('',#7493,#7665,#7667,.T.);
#7665 = VERTEX_POINT('',#7666);
#7666 = CARTESIAN_POINT('',(-0.4,0.507864340432,3.988453186061));
#7667 = LINE('',#7668,#7669);
#7668 = CARTESIAN_POINT('',(-0.4,1.114684484901,3.336392809704));
#7669 = VECTOR('',#7670,1.);
#7670 = DIRECTION('',(0.,-0.681255808167,0.73204543837));
#7671 = ORIENTED_EDGE('',*,*,#7672,.T.);
#7672 = EDGE_CURVE('',#7665,#7673,#7675,.T.);
#7673 = VERTEX_POINT('',#7674);
#7674 = CARTESIAN_POINT('',(-0.4,0.433238573625,4.178184));
#7675 = CIRCLE('',#7676,0.278501572631);
#7676 = AXIS2_PLACEMENT_3D('',#7677,#7678,#7679);
#7677 = CARTESIAN_POINT('',(-0.4,0.711740146256,4.178184));
#7678 = DIRECTION('',(-1.,0.,0.));
#7679 = DIRECTION('',(0.,-1.,0.));
#7680 = ORIENTED_EDGE('',*,*,#7681,.T.);
#7681 = EDGE_CURVE('',#7673,#7682,#7684,.T.);
#7682 = VERTEX_POINT('',#7683);
#7683 = CARTESIAN_POINT('',(-0.4,0.433238573625,4.685074494728));
#7684 = LINE('',#7685,#7686);
#7685 = CARTESIAN_POINT('',(-0.4,0.433238573625,4.178184));
#7686 = VECTOR('',#7687,1.);
#7687 = DIRECTION('',(0.,0.,1.));
#7688 = ORIENTED_EDGE('',*,*,#7689,.T.);
#7689 = EDGE_CURVE('',#7682,#7690,#7692,.T.);
#7690 = VERTEX_POINT('',#7691);
#7691 = CARTESIAN_POINT('',(-0.4,0.575234225212,4.952153180724));
#7692 = CIRCLE('',#7693,0.332497);
#7693 = AXIS2_PLACEMENT_3D('',#7694,#7695,#7696);
#7694 = CARTESIAN_POINT('',(-0.4,0.765690642056,4.679608490276));
#7695 = DIRECTION('',(-1.,0.,0.));
#7696 = DIRECTION('',(0.,-1.,0.));
#7697 = ORIENTED_EDGE('',*,*,#7698,.F.);
#7698 = EDGE_CURVE('',#7699,#7690,#7701,.T.);
#7699 = VERTEX_POINT('',#7700);
#7700 = CARTESIAN_POINT('',(-0.4,0.424460852439,5.167911110498));
#7701 = LINE('',#7702,#7703);
#7702 = CARTESIAN_POINT('',(-0.4,0.424460852439,5.167911110498));
#7703 = VECTOR('',#7704,1.);
#7704 = DIRECTION('',(-0.,0.572806421845,-0.819690675251));
#7705 = ORIENTED_EDGE('',*,*,#7706,.F.);
#7706 = EDGE_CURVE('',#7707,#7699,#7709,.T.);
#7707 = VERTEX_POINT('',#7708);
#7708 = CARTESIAN_POINT('',(-0.4,0.17,4.685074494728));
#7709 = CIRCLE('',#7710,0.595715719314);
#7710 = AXIS2_PLACEMENT_3D('',#7711,#7712,#7713);
#7711 = CARTESIAN_POINT('',(-0.4,0.765690642056,4.679608490276));
#7712 = DIRECTION('',(-1.,0.,0.));
#7713 = DIRECTION('',(0.,-1.,0.));
#7714 = ORIENTED_EDGE('',*,*,#7715,.F.);
#7715 = EDGE_CURVE('',#7716,#7707,#7718,.T.);
#7716 = VERTEX_POINT('',#7717);
#7717 = CARTESIAN_POINT('',(-0.4,0.17,4.178184));
#7718 = LINE('',#7719,#7720);
#7719 = CARTESIAN_POINT('',(-0.4,0.17,4.178184));
#7720 = VECTOR('',#7721,1.);
#7721 = DIRECTION('',(0.,-1.1E-16,1.));
#7722 = ORIENTED_EDGE('',*,*,#7723,.F.);
#7723 = EDGE_CURVE('',#7724,#7716,#7726,.T.);
#7724 = VERTEX_POINT('',#7725);
#7725 = CARTESIAN_POINT('',(-0.4,0.315161743407,3.809120378846));
#7726 = CIRCLE('',#7727,0.541740146256);
#7727 = AXIS2_PLACEMENT_3D('',#7728,#7729,#7730);
#7728 = CARTESIAN_POINT('',(-0.4,0.711740146256,4.178184));
#7729 = DIRECTION('',(-1.,0.,0.));
#7730 = DIRECTION('',(0.,-1.,0.));
#7731 = ORIENTED_EDGE('',*,*,#7732,.F.);
#7732 = EDGE_CURVE('',#7733,#7724,#7735,.T.);
#7733 = VERTEX_POINT('',#7734);
#7734 = CARTESIAN_POINT('',(-0.4,0.921981887876,3.157060002488));
#7735 = LINE('',#7736,#7737);
#7736 = CARTESIAN_POINT('',(-0.4,0.921981887876,3.157060002488));
#7737 = VECTOR('',#7738,1.);
#7738 = DIRECTION('',(0.,-0.681255808167,0.73204543837));
#7739 = ORIENTED_EDGE('',*,*,#7740,.F.);
#7740 = EDGE_CURVE('',#7100,#7733,#7741,.T.);
#7741 = CIRCLE('',#7742,0.43);
#7742 = AXIS2_PLACEMENT_3D('',#7743,#7744,#7745);
#7743 = CARTESIAN_POINT('',(-0.4,1.236761426375,3.45));
#7744 = DIRECTION('',(-1.,0.,0.));
#7745 = DIRECTION('',(0.,-1.,0.));
#7746 = PLANE('',#7747);
#7747 = AXIS2_PLACEMENT_3D('',#7748,#7749,#7750);
#7748 = CARTESIAN_POINT('',(-0.4,1.332356653177,5.661145307804));
#7749 = DIRECTION('',(-1.,0.,0.));
#7750 = DIRECTION('',(0.,0.,1.));
#7751 = ADVANCED_FACE('',(#7752),#7773,.T.);
#7752 = FACE_BOUND('',#7753,.T.);
#7753 = EDGE_LOOP('',(#7754,#7763,#7769,#7770,#7771,#7772));
#7754 = ORIENTED_EDGE('',*,*,#7755,.T.);
#7755 = EDGE_CURVE('',#7394,#7756,#7758,.T.);
#7756 = VERTEX_POINT('',#7757);
#7757 = CARTESIAN_POINT('',(0.4,0.921981887876,3.157060002488));
#7758 = CIRCLE('',#7759,0.43);
#7759 = AXIS2_PLACEMENT_3D('',#7760,#7761,#7762);
#7760 = CARTESIAN_POINT('',(0.4,1.236761426375,3.45));
#7761 = DIRECTION('',(-1.,0.,0.));
#7762 = DIRECTION('',(0.,-1.,0.));
#7763 = ORIENTED_EDGE('',*,*,#7764,.T.);
#7764 = EDGE_CURVE('',#7756,#7733,#7765,.T.);
#7765 = LINE('',#7766,#7767);
#7766 = CARTESIAN_POINT('',(0.4,0.921981887876,3.157060002488));
#7767 = VECTOR('',#7768,1.);
#7768 = DIRECTION('',(-1.,0.,0.));
#7769 = ORIENTED_EDGE('',*,*,#7740,.F.);
#7770 = ORIENTED_EDGE('',*,*,#7099,.F.);
#7771 = ORIENTED_EDGE('',*,*,#7322,.F.);
#7772 = ORIENTED_EDGE('',*,*,#7401,.F.);
#7773 = CYLINDRICAL_SURFACE('',#7774,0.43);
#7774 = AXIS2_PLACEMENT_3D('',#7775,#7776,#7777);
#7775 = CARTESIAN_POINT('',(0.4,1.236761426375,3.45));
#7776 = DIRECTION('',(1.,0.,-0.));
#7777 = DIRECTION('',(0.,-1.,0.));
#7778 = ADVANCED_FACE('',(#7779),#7859,.F.);
#7779 = FACE_BOUND('',#7780,.T.);
#7780 = EDGE_LOOP('',(#7781,#7782,#7783,#7784,#7792,#7801,#7809,#7818,
    #7826,#7835,#7843,#7852,#7858));
#7781 = ORIENTED_EDGE('',*,*,#7393,.T.);
#7782 = ORIENTED_EDGE('',*,*,#7139,.T.);
#7783 = ORIENTED_EDGE('',*,*,#7483,.T.);
#7784 = ORIENTED_EDGE('',*,*,#7785,.T.);
#7785 = EDGE_CURVE('',#7484,#7786,#7788,.T.);
#7786 = VERTEX_POINT('',#7787);
#7787 = CARTESIAN_POINT('',(0.4,0.507864340432,3.988453186061));
#7788 = LINE('',#7789,#7790);
#7789 = CARTESIAN_POINT('',(0.4,1.114684484901,3.336392809704));
#7790 = VECTOR('',#7791,1.);
#7791 = DIRECTION('',(0.,-0.681255808167,0.73204543837));
#7792 = ORIENTED_EDGE('',*,*,#7793,.T.);
#7793 = EDGE_CURVE('',#7786,#7794,#7796,.T.);
#7794 = VERTEX_POINT('',#7795);
#7795 = CARTESIAN_POINT('',(0.4,0.433238573625,4.178184));
#7796 = CIRCLE('',#7797,0.278501572631);
#7797 = AXIS2_PLACEMENT_3D('',#7798,#7799,#7800);
#7798 = CARTESIAN_POINT('',(0.4,0.711740146256,4.178184));
#7799 = DIRECTION('',(-1.,0.,0.));
#7800 = DIRECTION('',(0.,-1.,0.));
#7801 = ORIENTED_EDGE('',*,*,#7802,.T.);
#7802 = EDGE_CURVE('',#7794,#7803,#7805,.T.);
#7803 = VERTEX_POINT('',#7804);
#7804 = CARTESIAN_POINT('',(0.4,0.433238573625,4.685074494728));
#7805 = LINE('',#7806,#7807);
#7806 = CARTESIAN_POINT('',(0.4,0.433238573625,4.178184));
#7807 = VECTOR('',#7808,1.);
#7808 = DIRECTION('',(0.,0.,1.));
#7809 = ORIENTED_EDGE('',*,*,#7810,.T.);
#7810 = EDGE_CURVE('',#7803,#7811,#7813,.T.);
#7811 = VERTEX_POINT('',#7812);
#7812 = CARTESIAN_POINT('',(0.4,0.575234225212,4.952153180724));
#7813 = CIRCLE('',#7814,0.332497);
#7814 = AXIS2_PLACEMENT_3D('',#7815,#7816,#7817);
#7815 = CARTESIAN_POINT('',(0.4,0.765690642056,4.679608490276));
#7816 = DIRECTION('',(-1.,0.,0.));
#7817 = DIRECTION('',(0.,-1.,0.));
#7818 = ORIENTED_EDGE('',*,*,#7819,.F.);
#7819 = EDGE_CURVE('',#7820,#7811,#7822,.T.);
#7820 = VERTEX_POINT('',#7821);
#7821 = CARTESIAN_POINT('',(0.4,0.424460852439,5.167911110498));
#7822 = LINE('',#7823,#7824);
#7823 = CARTESIAN_POINT('',(0.4,0.424460852439,5.167911110498));
#7824 = VECTOR('',#7825,1.);
#7825 = DIRECTION('',(-0.,0.572806421845,-0.819690675251));
#7826 = ORIENTED_EDGE('',*,*,#7827,.F.);
#7827 = EDGE_CURVE('',#7828,#7820,#7830,.T.);
#7828 = VERTEX_POINT('',#7829);
#7829 = CARTESIAN_POINT('',(0.4,0.17,4.685074494728));
#7830 = CIRCLE('',#7831,0.595715719314);
#7831 = AXIS2_PLACEMENT_3D('',#7832,#7833,#7834);
#7832 = CARTESIAN_POINT('',(0.4,0.765690642056,4.679608490276));
#7833 = DIRECTION('',(-1.,0.,0.));
#7834 = DIRECTION('',(0.,-1.,0.));
#7835 = ORIENTED_EDGE('',*,*,#7836,.F.);
#7836 = EDGE_CURVE('',#7837,#7828,#7839,.T.);
#7837 = VERTEX_POINT('',#7838);
#7838 = CARTESIAN_POINT('',(0.4,0.17,4.178184));
#7839 = LINE('',#7840,#7841);
#7840 = CARTESIAN_POINT('',(0.4,0.17,4.178184));
#7841 = VECTOR('',#7842,1.);
#7842 = DIRECTION('',(0.,-1.1E-16,1.));
#7843 = ORIENTED_EDGE('',*,*,#7844,.F.);
#7844 = EDGE_CURVE('',#7845,#7837,#7847,.T.);
#7845 = VERTEX_POINT('',#7846);
#7846 = CARTESIAN_POINT('',(0.4,0.315161743407,3.809120378846));
#7847 = CIRCLE('',#7848,0.541740146256);
#7848 = AXIS2_PLACEMENT_3D('',#7849,#7850,#7851);
#7849 = CARTESIAN_POINT('',(0.4,0.711740146256,4.178184));
#7850 = DIRECTION('',(-1.,0.,0.));
#7851 = DIRECTION('',(0.,-1.,0.));
#7852 = ORIENTED_EDGE('',*,*,#7853,.F.);
#7853 = EDGE_CURVE('',#7756,#7845,#7854,.T.);
#7854 = LINE('',#7855,#7856);
#7855 = CARTESIAN_POINT('',(0.4,0.921981887876,3.157060002488));
#7856 = VECTOR('',#7857,1.);
#7857 = DIRECTION('',(0.,-0.681255808167,0.73204543837));
#7858 = ORIENTED_EDGE('',*,*,#7755,.F.);
#7859 = PLANE('',#7860);
#7860 = AXIS2_PLACEMENT_3D('',#7861,#7862,#7863);
#7861 = CARTESIAN_POINT('',(0.4,1.332356653177,5.661145307804));
#7862 = DIRECTION('',(-1.,0.,0.));
#7863 = DIRECTION('',(0.,0.,1.));
#7864 = ADVANCED_FACE('',(#7865),#7873,.T.);
#7865 = FACE_BOUND('',#7866,.T.);
#7866 = EDGE_LOOP('',(#7867,#7868,#7869,#7870,#7871,#7872));
#7867 = ORIENTED_EDGE('',*,*,#7418,.T.);
#7868 = ORIENTED_EDGE('',*,*,#7329,.T.);
#7869 = ORIENTED_EDGE('',*,*,#7306,.T.);
#7870 = ORIENTED_EDGE('',*,*,#7274,.T.);
#7871 = ORIENTED_EDGE('',*,*,#7376,.F.);
#7872 = ORIENTED_EDGE('',*,*,#7344,.F.);
#7873 = PLANE('',#7874);
#7874 = AXIS2_PLACEMENT_3D('',#7875,#7876,#7877);
#7875 = CARTESIAN_POINT('',(0.4,1.666761426375,3.732514167383));
#7876 = DIRECTION('',(-0.,0.8939086498,-0.448249178262));
#7877 = DIRECTION('',(0.,0.448249178262,0.8939086498));
#7878 = ADVANCED_FACE('',(#7879),#7890,.T.);
#7879 = FACE_BOUND('',#7880,.T.);
#7880 = EDGE_LOOP('',(#7881,#7882,#7883,#7889));
#7881 = ORIENTED_EDGE('',*,*,#7492,.T.);
#7882 = ORIENTED_EDGE('',*,*,#7664,.T.);
#7883 = ORIENTED_EDGE('',*,*,#7884,.F.);
#7884 = EDGE_CURVE('',#7786,#7665,#7885,.T.);
#7885 = LINE('',#7886,#7887);
#7886 = CARTESIAN_POINT('',(0.4,0.507864340432,3.988453186061));
#7887 = VECTOR('',#7888,1.);
#7888 = DIRECTION('',(-1.,0.,0.));
#7889 = ORIENTED_EDGE('',*,*,#7785,.F.);
#7890 = PLANE('',#7891);
#7891 = AXIS2_PLACEMENT_3D('',#7892,#7893,#7894);
#7892 = CARTESIAN_POINT('',(0.4,1.114684484901,3.336392809704));
#7893 = DIRECTION('',(0.,0.73204543837,0.681255808167));
#7894 = DIRECTION('',(0.,-0.681255808167,0.73204543837));
#7895 = ADVANCED_FACE('',(#7896),#7907,.F.);
#7896 = FACE_BOUND('',#7897,.F.);
#7897 = EDGE_LOOP('',(#7898,#7899,#7905,#7906));
#7898 = ORIENTED_EDGE('',*,*,#7793,.T.);
#7899 = ORIENTED_EDGE('',*,*,#7900,.T.);
#7900 = EDGE_CURVE('',#7794,#7673,#7901,.T.);
#7901 = LINE('',#7902,#7903);
#7902 = CARTESIAN_POINT('',(0.4,0.433238573625,4.178184));
#7903 = VECTOR('',#7904,1.);
#7904 = DIRECTION('',(-1.,0.,0.));
#7905 = ORIENTED_EDGE('',*,*,#7672,.F.);
#7906 = ORIENTED_EDGE('',*,*,#7884,.F.);
#7907 = CYLINDRICAL_SURFACE('',#7908,0.278501572631);
#7908 = AXIS2_PLACEMENT_3D('',#7909,#7910,#7911);
#7909 = CARTESIAN_POINT('',(0.4,0.711740146256,4.178184));
#7910 = DIRECTION('',(1.,0.,-0.));
#7911 = DIRECTION('',(0.,-1.,0.));
#7912 = ADVANCED_FACE('',(#7913),#7924,.T.);
#7913 = FACE_BOUND('',#7914,.T.);
#7914 = EDGE_LOOP('',(#7915,#7916,#7917,#7923));
#7915 = ORIENTED_EDGE('',*,*,#7900,.T.);
#7916 = ORIENTED_EDGE('',*,*,#7681,.T.);
#7917 = ORIENTED_EDGE('',*,*,#7918,.F.);
#7918 = EDGE_CURVE('',#7803,#7682,#7919,.T.);
#7919 = LINE('',#7920,#7921);
#7920 = CARTESIAN_POINT('',(0.4,0.433238573625,4.685074494728));
#7921 = VECTOR('',#7922,1.);
#7922 = DIRECTION('',(-1.,0.,0.));
#7923 = ORIENTED_EDGE('',*,*,#7802,.F.);
#7924 = PLANE('',#7925);
#7925 = AXIS2_PLACEMENT_3D('',#7926,#7927,#7928);
#7926 = CARTESIAN_POINT('',(0.4,0.433238573625,4.178184));
#7927 = DIRECTION('',(0.,1.,0.));
#7928 = DIRECTION('',(0.,-0.,1.));
#7929 = ADVANCED_FACE('',(#7930),#7941,.F.);
#7930 = FACE_BOUND('',#7931,.F.);
#7931 = EDGE_LOOP('',(#7932,#7933,#7939,#7940));
#7932 = ORIENTED_EDGE('',*,*,#7810,.T.);
#7933 = ORIENTED_EDGE('',*,*,#7934,.T.);
#7934 = EDGE_CURVE('',#7811,#7690,#7935,.T.);
#7935 = LINE('',#7936,#7937);
#7936 = CARTESIAN_POINT('',(0.4,0.575234225212,4.952153180724));
#7937 = VECTOR('',#7938,1.);
#7938 = DIRECTION('',(-1.,0.,0.));
#7939 = ORIENTED_EDGE('',*,*,#7689,.F.);
#7940 = ORIENTED_EDGE('',*,*,#7918,.F.);
#7941 = CYLINDRICAL_SURFACE('',#7942,0.332497);
#7942 = AXIS2_PLACEMENT_3D('',#7943,#7944,#7945);
#7943 = CARTESIAN_POINT('',(0.4,0.765690642056,4.679608490276));
#7944 = DIRECTION('',(1.,0.,-0.));
#7945 = DIRECTION('',(0.,-1.,0.));
#7946 = ADVANCED_FACE('',(#7947),#7958,.F.);
#7947 = FACE_BOUND('',#7948,.F.);
#7948 = EDGE_LOOP('',(#7949,#7955,#7956,#7957));
#7949 = ORIENTED_EDGE('',*,*,#7950,.T.);
#7950 = EDGE_CURVE('',#7820,#7699,#7951,.T.);
#7951 = LINE('',#7952,#7953);
#7952 = CARTESIAN_POINT('',(0.4,0.424460852439,5.167911110498));
#7953 = VECTOR('',#7954,1.);
#7954 = DIRECTION('',(-1.,0.,0.));
#7955 = ORIENTED_EDGE('',*,*,#7698,.T.);
#7956 = ORIENTED_EDGE('',*,*,#7934,.F.);
#7957 = ORIENTED_EDGE('',*,*,#7819,.F.);
#7958 = PLANE('',#7959);
#7959 = AXIS2_PLACEMENT_3D('',#7960,#7961,#7962);
#7960 = CARTESIAN_POINT('',(0.4,0.424460852439,5.167911110498));
#7961 = DIRECTION('',(0.,-0.819690675251,-0.572806421845));
#7962 = DIRECTION('',(-0.,0.572806421845,-0.819690675251));
#7963 = ADVANCED_FACE('',(#7964),#7975,.T.);
#7964 = FACE_BOUND('',#7965,.T.);
#7965 = EDGE_LOOP('',(#7966,#7967,#7968,#7969));
#7966 = ORIENTED_EDGE('',*,*,#7827,.T.);
#7967 = ORIENTED_EDGE('',*,*,#7950,.T.);
#7968 = ORIENTED_EDGE('',*,*,#7706,.F.);
#7969 = ORIENTED_EDGE('',*,*,#7970,.F.);
#7970 = EDGE_CURVE('',#7828,#7707,#7971,.T.);
#7971 = LINE('',#7972,#7973);
#7972 = CARTESIAN_POINT('',(0.4,0.17,4.685074494728));
#7973 = VECTOR('',#7974,1.);
#7974 = DIRECTION('',(-1.,0.,0.));
#7975 = CYLINDRICAL_SURFACE('',#7976,0.595715719314);
#7976 = AXIS2_PLACEMENT_3D('',#7977,#7978,#7979);
#7977 = CARTESIAN_POINT('',(0.4,0.765690642056,4.679608490276));
#7978 = DIRECTION('',(1.,0.,-0.));
#7979 = DIRECTION('',(0.,-1.,0.));
#7980 = ADVANCED_FACE('',(#7981),#7992,.F.);
#7981 = FACE_BOUND('',#7982,.F.);
#7982 = EDGE_LOOP('',(#7983,#7989,#7990,#7991));
#7983 = ORIENTED_EDGE('',*,*,#7984,.T.);
#7984 = EDGE_CURVE('',#7837,#7716,#7985,.T.);
#7985 = LINE('',#7986,#7987);
#7986 = CARTESIAN_POINT('',(0.4,0.17,4.178184));
#7987 = VECTOR('',#7988,1.);
#7988 = DIRECTION('',(-1.,0.,0.));
#7989 = ORIENTED_EDGE('',*,*,#7715,.T.);
#7990 = ORIENTED_EDGE('',*,*,#7970,.F.);
#7991 = ORIENTED_EDGE('',*,*,#7836,.F.);
#7992 = PLANE('',#7993);
#7993 = AXIS2_PLACEMENT_3D('',#7994,#7995,#7996);
#7994 = CARTESIAN_POINT('',(0.4,0.17,4.178184));
#7995 = DIRECTION('',(0.,1.,1.1E-16));
#7996 = DIRECTION('',(0.,-1.1E-16,1.));
#7997 = ADVANCED_FACE('',(#7998),#8009,.T.);
#7998 = FACE_BOUND('',#7999,.T.);
#7999 = EDGE_LOOP('',(#8000,#8001,#8002,#8003));
#8000 = ORIENTED_EDGE('',*,*,#7844,.T.);
#8001 = ORIENTED_EDGE('',*,*,#7984,.T.);
#8002 = ORIENTED_EDGE('',*,*,#7723,.F.);
#8003 = ORIENTED_EDGE('',*,*,#8004,.F.);
#8004 = EDGE_CURVE('',#7845,#7724,#8005,.T.);
#8005 = LINE('',#8006,#8007);
#8006 = CARTESIAN_POINT('',(0.4,0.315161743407,3.809120378846));
#8007 = VECTOR('',#8008,1.);
#8008 = DIRECTION('',(-1.,0.,0.));
#8009 = CYLINDRICAL_SURFACE('',#8010,0.541740146256);
#8010 = AXIS2_PLACEMENT_3D('',#8011,#8012,#8013);
#8011 = CARTESIAN_POINT('',(0.4,0.711740146256,4.178184));
#8012 = DIRECTION('',(1.,0.,-0.));
#8013 = DIRECTION('',(0.,-1.,0.));
#8014 = ADVANCED_FACE('',(#8015),#8021,.F.);
#8015 = FACE_BOUND('',#8016,.F.);
#8016 = EDGE_LOOP('',(#8017,#8018,#8019,#8020));
#8017 = ORIENTED_EDGE('',*,*,#7764,.T.);
#8018 = ORIENTED_EDGE('',*,*,#7732,.T.);
#8019 = ORIENTED_EDGE('',*,*,#8004,.F.);
#8020 = ORIENTED_EDGE('',*,*,#7853,.F.);
#8021 = PLANE('',#8022);
#8022 = AXIS2_PLACEMENT_3D('',#8023,#8024,#8025);
#8023 = CARTESIAN_POINT('',(0.4,0.921981887876,3.157060002488));
#8024 = DIRECTION('',(0.,0.73204543837,0.681255808167));
#8025 = DIRECTION('',(0.,-0.681255808167,0.73204543837));
#8026 = ( GEOMETRIC_REPRESENTATION_CONTEXT(3) 
GLOBAL_UNCERTAINTY_ASSIGNED_CONTEXT((#8030)) 
GLOBAL_UNIT_ASSIGNED_CONTEXT((#8027,#8028,#8029)) REPRESENTATION_CONTEXT
('Context #1','3D Context with UNIT and UNCERTAINTY') );
#8027 = ( LENGTH_UNIT() NAMED_UNIT(*) SI_UNIT(.MILLI.,.METRE.) );
#8028 = ( NAMED_UNIT(*) PLANE_ANGLE_UNIT() SI_UNIT($,.RADIAN.) );
#8029 = ( NAMED_UNIT(*) SI_UNIT($,.STERADIAN.) SOLID_ANGLE_UNIT() );
#8030 = UNCERTAINTY_MEASURE_WITH_UNIT(LENGTH_MEASURE(1.E-07),#8027,
  'distance_accuracy_value','confusion accuracy');
#8031 = CONTEXT_DEPENDENT_SHAPE_REPRESENTATION(#8032,#8034);
#8032 = ( REPRESENTATION_RELATIONSHIP('','',#6419,#6368) 
REPRESENTATION_RELATIONSHIP_WITH_TRANSFORMATION(#8033) 
SHAPE_REPRESENTATION_RELATIONSHIP() );
#8033 = ITEM_DEFINED_TRANSFORMATION('','',#11,#6369);
#8034 = PRODUCT_DEFINITION_SHAPE('Placement','Placement of an item',
  #8035);
#8035 = NEXT_ASSEMBLY_USAGE_OCCURRENCE('136','0','',#6363,#6414,$);
#8036 = PRODUCT_RELATED_PRODUCT_CATEGORY('part',$,(#6416));
#8037 = CONTEXT_DEPENDENT_SHAPE_REPRESENTATION(#8038,#8040);
#8038 = ( REPRESENTATION_RELATIONSHIP('','',#6419,#6368) 
REPRESENTATION_RELATIONSHIP_WITH_TRANSFORMATION(#8039) 
SHAPE_REPRESENTATION_RELATIONSHIP() );
#8039 = ITEM_DEFINED_TRANSFORMATION('','',#11,#6373);
#8040 = PRODUCT_DEFINITION_SHAPE('Placement','Placement of an item',
  #8041);
#8041 = NEXT_ASSEMBLY_USAGE_OCCURRENCE('137','1','',#6363,#6414,$);
#8042 = CONTEXT_DEPENDENT_SHAPE_REPRESENTATION(#8043,#8045);
#8043 = ( REPRESENTATION_RELATIONSHIP('','',#6419,#6368) 
REPRESENTATION_RELATIONSHIP_WITH_TRANSFORMATION(#8044) 
SHAPE_REPRESENTATION_RELATIONSHIP() );
#8044 = ITEM_DEFINED_TRANSFORMATION('','',#11,#6377);
#8045 = PRODUCT_DEFINITION_SHAPE('Placement','Placement of an item',
  #8046);
#8046 = NEXT_ASSEMBLY_USAGE_OCCURRENCE('138','2','',#6363,#6414,$);
#8047 = CONTEXT_DEPENDENT_SHAPE_REPRESENTATION(#8048,#8050);
#8048 = ( REPRESENTATION_RELATIONSHIP('','',#6419,#6368) 
REPRESENTATION_RELATIONSHIP_WITH_TRANSFORMATION(#8049) 
SHAPE_REPRESENTATION_RELATIONSHIP() );
#8049 = ITEM_DEFINED_TRANSFORMATION('','',#11,#6381);
#8050 = PRODUCT_DEFINITION_SHAPE('Placement','Placement of an item',
  #8051);
#8051 = NEXT_ASSEMBLY_USAGE_OCCURRENCE('139','3','',#6363,#6414,$);
#8052 = CONTEXT_DEPENDENT_SHAPE_REPRESENTATION(#8053,#8055);
#8053 = ( REPRESENTATION_RELATIONSHIP('','',#6419,#6368) 
REPRESENTATION_RELATIONSHIP_WITH_TRANSFORMATION(#8054) 
SHAPE_REPRESENTATION_RELATIONSHIP() );
#8054 = ITEM_DEFINED_TRANSFORMATION('','',#11,#6385);
#8055 = PRODUCT_DEFINITION_SHAPE('Placement','Placement of an item',
  #8056);
#8056 = NEXT_ASSEMBLY_USAGE_OCCURRENCE('140','4','',#6363,#6414,$);
#8057 = CONTEXT_DEPENDENT_SHAPE_REPRESENTATION(#8058,#8060);
#8058 = ( REPRESENTATION_RELATIONSHIP('','',#6419,#6368) 
REPRESENTATION_RELATIONSHIP_WITH_TRANSFORMATION(#8059) 
SHAPE_REPRESENTATION_RELATIONSHIP() );
#8059 = ITEM_DEFINED_TRANSFORMATION('','',#11,#6389);
#8060 = PRODUCT_DEFINITION_SHAPE('Placement','Placement of an item',
  #8061);
#8061 = NEXT_ASSEMBLY_USAGE_OCCURRENCE('141','5','',#6363,#6414,$);
#8062 = CONTEXT_DEPENDENT_SHAPE_REPRESENTATION(#8063,#8065);
#8063 = ( REPRESENTATION_RELATIONSHIP('','',#6419,#6368) 
REPRESENTATION_RELATIONSHIP_WITH_TRANSFORMATION(#8064) 
SHAPE_REPRESENTATION_RELATIONSHIP() );
#8064 = ITEM_DEFINED_TRANSFORMATION('','',#11,#6393);
#8065 = PRODUCT_DEFINITION_SHAPE('Placement','Placement of an item',
  #8066);
#8066 = NEXT_ASSEMBLY_USAGE_OCCURRENCE('142','6','',#6363,#6414,$);
#8067 = CONTEXT_DEPENDENT_SHAPE_REPRESENTATION(#8068,#8070);
#8068 = ( REPRESENTATION_RELATIONSHIP('','',#6419,#6368) 
REPRESENTATION_RELATIONSHIP_WITH_TRANSFORMATION(#8069) 
SHAPE_REPRESENTATION_RELATIONSHIP() );
#8069 = ITEM_DEFINED_TRANSFORMATION('','',#11,#6397);
#8070 = PRODUCT_DEFINITION_SHAPE('Placement','Placement of an item',
  #8071);
#8071 = NEXT_ASSEMBLY_USAGE_OCCURRENCE('143','7','',#6363,#6414,$);
#8072 = MECHANICAL_DESIGN_GEOMETRIC_PRESENTATION_REPRESENTATION('',(
    #8073),#6350);
#8073 = STYLED_ITEM('color',(#8074),#37);
#8074 = PRESENTATION_STYLE_ASSIGNMENT((#8075,#8081));
#8075 = SURFACE_STYLE_USAGE(.BOTH.,#8076);
#8076 = SURFACE_SIDE_STYLE('',(#8077));
#8077 = SURFACE_STYLE_FILL_AREA(#8078);
#8078 = FILL_AREA_STYLE('',(#8079));
#8079 = FILL_AREA_STYLE_COLOUR('',#8080);
#8080 = DRAUGHTING_PRE_DEFINED_COLOUR('white');
#8081 = CURVE_STYLE('',#8082,POSITIVE_LENGTH_MEASURE(0.1),#8083);
#8082 = DRAUGHTING_PRE_DEFINED_CURVE_FONT('continuous');
#8083 = COLOUR_RGB('',9.803921802644E-02,9.803921802644E-02,
  9.803921802644E-02);
#8084 = MECHANICAL_DESIGN_GEOMETRIC_PRESENTATION_REPRESENTATION('',(
    #8085),#8026);
#8085 = STYLED_ITEM('color',(#8086),#6420);
#8086 = PRESENTATION_STYLE_ASSIGNMENT((#8087,#8093));
#8087 = SURFACE_STYLE_USAGE(.BOTH.,#8088);
#8088 = SURFACE_SIDE_STYLE('',(#8089));
#8089 = SURFACE_STYLE_FILL_AREA(#8090);
#8090 = FILL_AREA_STYLE('',(#8091));
#8091 = FILL_AREA_STYLE_COLOUR('',#8092);
#8092 = COLOUR_RGB('',0.399999997426,0.274509816483,0.);
#8093 = CURVE_STYLE('',#8094,POSITIVE_LENGTH_MEASURE(0.1),#8083);
#8094 = DRAUGHTING_PRE_DEFINED_CURVE_FONT('continuous');
ENDSEC;
END-ISO-10303-21;
