ISO-10303-21;
HEADER;
FILE_DESCRIPTION(('FreeCAD Model'),'2;1');
FILE_NAME('Open CASCADE Shape Model','2026-06-29T21:21:07',(''),(''),
  'Open CASCADE STEP processor 7.8','FreeCAD','Unknown');
FILE_SCHEMA(('AUTOMOTIVE_DESIGN { 1 0 10303 214 1 1 1 1 }'));
ENDSEC;
DATA;
#1 = APPLICATION_PROTOCOL_DEFINITION('international standard',
  'automotive_design',2000,#2);
#2 = APPLICATION_CONTEXT(
  'core data for automotive mechanical design processes');
#3 = SHAPE_DEFINITION_REPRESENTATION(#4,#10);
#4 = PRODUCT_DEFINITION_SHAPE('','',#5);
#5 = PRODUCT_DEFINITION('design','',#6,#9);
#6 = PRODUCT_DEFINITION_FORMATION('','',#7);
#7 = PRODUCT('XH_housing','XH_housing','',(#8));
#8 = PRODUCT_CONTEXT('',#2,'mechanical');
#9 = PRODUCT_DEFINITION_CONTEXT('part definition',#2,'design');
#10 = SHAPE_REPRESENTATION('',(#11,#15,#19),#23);
#11 = AXIS2_PLACEMENT_3D('',#12,#13,#14);
#12 = CARTESIAN_POINT('',(0.,0.,0.));
#13 = DIRECTION('',(0.,0.,1.));
#14 = DIRECTION('',(1.,0.,-0.));
#15 = AXIS2_PLACEMENT_3D('',#16,#17,#18);
#16 = CARTESIAN_POINT('',(25.,0.,0.));
#17 = DIRECTION('',(0.,0.,1.));
#18 = DIRECTION('',(-1.,1.224646799147E-16,0.));
#19 = AXIS2_PLACEMENT_3D('',#20,#21,#22);
#20 = CARTESIAN_POINT('',(0.,0.,0.));
#21 = DIRECTION('',(0.,0.,1.));
#22 = DIRECTION('',(1.,0.,0.));
#23 = ( GEOMETRIC_REPRESENTATION_CONTEXT(3) 
GLOBAL_UNCERTAINTY_ASSIGNED_CONTEXT((#27)) GLOBAL_UNIT_ASSIGNED_CONTEXT(
(#24,#25,#26)) REPRESENTATION_CONTEXT('Context #1',
  '3D Context with UNIT and UNCERTAINTY') );
#24 = ( LENGTH_UNIT() NAMED_UNIT(*) SI_UNIT(.MILLI.,.METRE.) );
#25 = ( NAMED_UNIT(*) PLANE_ANGLE_UNIT() SI_UNIT($,.RADIAN.) );
#26 = ( NAMED_UNIT(*) SI_UNIT($,.STERADIAN.) SOLID_ANGLE_UNIT() );
#27 = UNCERTAINTY_MEASURE_WITH_UNIT(LENGTH_MEASURE(5.E-07),#24,
  'distance_accuracy_value','confusion accuracy');
#28 = PRODUCT_RELATED_PRODUCT_CATEGORY('part',$,(#7));
#29 = SHAPE_DEFINITION_REPRESENTATION(#30,#36);
#30 = PRODUCT_DEFINITION_SHAPE('','',#31);
#31 = PRODUCT_DEFINITION('design','',#32,#35);
#32 = PRODUCT_DEFINITION_FORMATION('','',#33);
#33 = PRODUCT('Housing','Housing','',(#34));
#34 = PRODUCT_CONTEXT('',#2,'mechanical');
#35 = PRODUCT_DEFINITION_CONTEXT('part definition',#2,'design');
#36 = ADVANCED_BREP_SHAPE_REPRESENTATION('',(#11,#37),#8324);
#37 = MANIFOLD_SOLID_BREP('',#38);
#38 = CLOSED_SHELL('',(#39,#95,#126,#968,#992,#1048,#1104,#1187,#1204,
    #1370,#1394,#1498,#1515,#1540,#1564,#1589,#1613,#1638,#1662,#1686,
    #1710,#1734,#1752,#1799,#1823,#1847,#1871,#1895,#1919,#1943,#1976,
    #2023,#2047,#2071,#2095,#2119,#2143,#2167,#2200,#2247,#2271,#2295,
    #2319,#2343,#2367,#2391,#2424,#2471,#2495,#2519,#2543,#2567,#2591,
    #2615,#2648,#2695,#2719,#2743,#2767,#2791,#2815,#2839,#2872,#2919,
    #2943,#2967,#2991,#3015,#3039,#3063,#3096,#3143,#3167,#3191,#3215,
    #3239,#3263,#3287,#3320,#3367,#3391,#3415,#3439,#3463,#3487,#3511,
    #3544,#3591,#3615,#3639,#3663,#3687,#3711,#3735,#3768,#3815,#3839,
    #3863,#3887,#3911,#3935,#3959,#3992,#4009,#4026,#4043,#4062,#4111,
    #4480,#4497,#4514,#4531,#4796,#4827,#4851,#4875,#4892,#4925,#4951,
    #5321,#5340,#5357,#5374,#5391,#5408,#5425,#5442,#5459,#5476,#5493,
    #5510,#5522,#5548,#5590,#5652,#5687,#5713,#5755,#5817,#5852,#5878,
    #5920,#5982,#6017,#6043,#6085,#6147,#6182,#6208,#6250,#6312,#6347,
    #6373,#6415,#6477,#6512,#6538,#6580,#6642,#6677,#6703,#6745,#6807,
    #6842,#6868,#6910,#6972,#7007,#7033,#7075,#7137,#7172,#7189,#7206,
    #7223,#7240,#7257,#7274,#7291,#7308,#7325,#7342,#7354,#7376,#7393,
    #7410,#7422,#7444,#7461,#7478,#7490,#7512,#7529,#7546,#7558,#7580,
    #7597,#7614,#7626,#7648,#7665,#7682,#7694,#7716,#7733,#7750,#7762,
    #7784,#7801,#7818,#7830,#7852,#7869,#7886,#7898,#7920,#7937,#7954,
    #7966,#7988,#8005,#8022,#8034,#8051,#8063,#8080,#8092,#8109,#8121,
    #8138,#8150,#8167,#8179,#8196,#8208,#8225,#8237,#8254,#8266,#8283,
    #8295,#8312));
#39 = ADVANCED_FACE('',(#40),#90,.F.);
#40 = FACE_BOUND('',#41,.F.);
#41 = EDGE_LOOP('',(#42,#52,#60,#68,#76,#84));
#42 = ORIENTED_EDGE('',*,*,#43,.F.);
#43 = EDGE_CURVE('',#44,#46,#48,.T.);
#44 = VERTEX_POINT('',#45);
#45 = CARTESIAN_POINT('',(26.05,1.52,3.45));
#46 = VERTEX_POINT('',#47);
#47 = CARTESIAN_POINT('',(26.05,1.52,9.8));
#48 = LINE('',#49,#50);
#49 = CARTESIAN_POINT('',(26.05,1.52,3.45));
#50 = VECTOR('',#51,1.);
#51 = DIRECTION('',(0.,0.,1.));
#52 = ORIENTED_EDGE('',*,*,#53,.T.);
#53 = EDGE_CURVE('',#44,#54,#56,.T.);
#54 = VERTEX_POINT('',#55);
#55 = CARTESIAN_POINT('',(25.6,1.52,3.45));
#56 = LINE('',#57,#58);
#57 = CARTESIAN_POINT('',(26.05,1.52,3.45));
#58 = VECTOR('',#59,1.);
#59 = DIRECTION('',(-1.,-0.,-0.));
#60 = ORIENTED_EDGE('',*,*,#61,.F.);
#61 = EDGE_CURVE('',#62,#54,#64,.T.);
#62 = VERTEX_POINT('',#63);
#63 = CARTESIAN_POINT('',(25.6,1.52,5.25));
#64 = LINE('',#65,#66);
#65 = CARTESIAN_POINT('',(25.6,1.52,5.25));
#66 = VECTOR('',#67,1.);
#67 = DIRECTION('',(0.,1.233581138472E-16,-1.));
#68 = ORIENTED_EDGE('',*,*,#69,.T.);
#69 = EDGE_CURVE('',#62,#70,#72,.T.);
#70 = VERTEX_POINT('',#71);
#71 = CARTESIAN_POINT('',(25.5,1.52,5.25));
#72 = LINE('',#73,#74);
#73 = CARTESIAN_POINT('',(25.6,1.52,5.25));
#74 = VECTOR('',#75,1.);
#75 = DIRECTION('',(-1.,-0.,-0.));
#76 = ORIENTED_EDGE('',*,*,#77,.F.);
#77 = EDGE_CURVE('',#78,#70,#80,.T.);
#78 = VERTEX_POINT('',#79);
#79 = CARTESIAN_POINT('',(25.5,1.52,9.8));
#80 = LINE('',#81,#82);
#81 = CARTESIAN_POINT('',(25.5,1.52,9.8));
#82 = VECTOR('',#83,1.);
#83 = DIRECTION('',(0.,0.,-1.));
#84 = ORIENTED_EDGE('',*,*,#85,.F.);
#85 = EDGE_CURVE('',#46,#78,#86,.T.);
#86 = LINE('',#87,#88);
#87 = CARTESIAN_POINT('',(26.05,1.52,9.8));
#88 = VECTOR('',#89,1.);
#89 = DIRECTION('',(-1.,-0.,-0.));
#90 = PLANE('',#91);
#91 = AXIS2_PLACEMENT_3D('',#92,#93,#94);
#92 = CARTESIAN_POINT('',(26.05,1.52,3.45));
#93 = DIRECTION('',(0.,1.,0.));
#94 = DIRECTION('',(0.,0.,1.));
#95 = ADVANCED_FACE('',(#96),#121,.F.);
#96 = FACE_BOUND('',#97,.F.);
#97 = EDGE_LOOP('',(#98,#106,#107,#115));
#98 = ORIENTED_EDGE('',*,*,#99,.T.);
#99 = EDGE_CURVE('',#100,#44,#102,.T.);
#100 = VERTEX_POINT('',#101);
#101 = CARTESIAN_POINT('',(26.05,-0.98,3.45));
#102 = LINE('',#103,#104);
#103 = CARTESIAN_POINT('',(26.05,-0.98,3.45));
#104 = VECTOR('',#105,1.);
#105 = DIRECTION('',(0.,1.,0.));
#106 = ORIENTED_EDGE('',*,*,#43,.T.);
#107 = ORIENTED_EDGE('',*,*,#108,.T.);
#108 = EDGE_CURVE('',#46,#109,#111,.T.);
#109 = VERTEX_POINT('',#110);
#110 = CARTESIAN_POINT('',(26.05,-0.98,9.8));
#111 = LINE('',#112,#113);
#112 = CARTESIAN_POINT('',(26.05,1.52,9.8));
#113 = VECTOR('',#114,1.);
#114 = DIRECTION('',(0.,-1.,0.));
#115 = ORIENTED_EDGE('',*,*,#116,.T.);
#116 = EDGE_CURVE('',#109,#100,#117,.T.);
#117 = LINE('',#118,#119);
#118 = CARTESIAN_POINT('',(26.05,-0.98,9.8));
#119 = VECTOR('',#120,1.);
#120 = DIRECTION('',(0.,0.,-1.));
#121 = PLANE('',#122);
#122 = AXIS2_PLACEMENT_3D('',#123,#124,#125);
#123 = CARTESIAN_POINT('',(26.05,0.27,6.625));
#124 = DIRECTION('',(1.,0.,0.));
#125 = DIRECTION('',(0.,0.,1.));
#126 = ADVANCED_FACE('',(#127,#253,#319,#385,#451,#517,#583,#649,#715,
    #781,#847,#913),#963,.T.);
#127 = FACE_BOUND('',#128,.T.);
#128 = EDGE_LOOP('',(#129,#139,#148,#156,#164,#172,#180,#189,#197,#206,
    #214,#223,#231,#239,#247));
#129 = ORIENTED_EDGE('',*,*,#130,.F.);
#130 = EDGE_CURVE('',#131,#133,#135,.T.);
#131 = VERTEX_POINT('',#132);
#132 = CARTESIAN_POINT('',(27.1,-1.53,9.8));
#133 = VERTEX_POINT('',#134);
#134 = CARTESIAN_POINT('',(24.95,-1.53,9.8));
#135 = LINE('',#136,#137);
#136 = CARTESIAN_POINT('',(-1.6,-1.53,9.8));
#137 = VECTOR('',#138,1.);
#138 = DIRECTION('',(-1.,0.,0.));
#139 = ORIENTED_EDGE('',*,*,#140,.T.);
#140 = EDGE_CURVE('',#131,#141,#143,.T.);
#141 = VERTEX_POINT('',#142);
#142 = CARTESIAN_POINT('',(27.4,-1.23,9.8));
#143 = CIRCLE('',#144,0.3);
#144 = AXIS2_PLACEMENT_3D('',#145,#146,#147);
#145 = CARTESIAN_POINT('',(27.1,-1.23,9.8));
#146 = DIRECTION('',(0.,0.,1.));
#147 = DIRECTION('',(1.,0.,0.));
#148 = ORIENTED_EDGE('',*,*,#149,.F.);
#149 = EDGE_CURVE('',#150,#141,#152,.T.);
#150 = VERTEX_POINT('',#151);
#151 = CARTESIAN_POINT('',(27.4,0.3375,9.8));
#152 = LINE('',#153,#154);
#153 = CARTESIAN_POINT('',(27.4,3.07,9.8));
#154 = VECTOR('',#155,1.);
#155 = DIRECTION('',(0.,-1.,0.));
#156 = ORIENTED_EDGE('',*,*,#157,.T.);
#157 = EDGE_CURVE('',#150,#158,#160,.T.);
#158 = VERTEX_POINT('',#159);
#159 = CARTESIAN_POINT('',(26.65,0.9,9.8));
#160 = LINE('',#161,#162);
#161 = CARTESIAN_POINT('',(27.45,0.3,9.8));
#162 = VECTOR('',#163,1.);
#163 = DIRECTION('',(-0.8,0.6,0.));
#164 = ORIENTED_EDGE('',*,*,#165,.T.);
#165 = EDGE_CURVE('',#158,#166,#168,.T.);
#166 = VERTEX_POINT('',#167);
#167 = CARTESIAN_POINT('',(27.4,1.4625,9.8));
#168 = LINE('',#169,#170);
#169 = CARTESIAN_POINT('',(26.65,0.9,9.8));
#170 = VECTOR('',#171,1.);
#171 = DIRECTION('',(0.8,0.6,0.));
#172 = ORIENTED_EDGE('',*,*,#173,.F.);
#173 = EDGE_CURVE('',#174,#166,#176,.T.);
#174 = VERTEX_POINT('',#175);
#175 = CARTESIAN_POINT('',(27.4,3.07,9.8));
#176 = LINE('',#177,#178);
#177 = CARTESIAN_POINT('',(27.4,3.07,9.8));
#178 = VECTOR('',#179,1.);
#179 = DIRECTION('',(0.,-1.,0.));
#180 = ORIENTED_EDGE('',*,*,#181,.T.);
#181 = EDGE_CURVE('',#174,#182,#184,.T.);
#182 = VERTEX_POINT('',#183);
#183 = CARTESIAN_POINT('',(27.1,3.37,9.8));
#184 = CIRCLE('',#185,0.3);
#185 = AXIS2_PLACEMENT_3D('',#186,#187,#188);
#186 = CARTESIAN_POINT('',(27.1,3.07,9.8));
#187 = DIRECTION('',(0.,0.,1.));
#188 = DIRECTION('',(1.,0.,0.));
#189 = ORIENTED_EDGE('',*,*,#190,.F.);
#190 = EDGE_CURVE('',#191,#182,#193,.T.);
#191 = VERTEX_POINT('',#192);
#192 = CARTESIAN_POINT('',(-2.1,3.37,9.8));
#193 = LINE('',#194,#195);
#194 = CARTESIAN_POINT('',(-2.1,3.37,9.8));
#195 = VECTOR('',#196,1.);
#196 = DIRECTION('',(1.,0.,0.));
#197 = ORIENTED_EDGE('',*,*,#198,.T.);
#198 = EDGE_CURVE('',#191,#199,#201,.T.);
#199 = VERTEX_POINT('',#200);
#200 = CARTESIAN_POINT('',(-2.4,3.07,9.8));
#201 = CIRCLE('',#202,0.3);
#202 = AXIS2_PLACEMENT_3D('',#203,#204,#205);
#203 = CARTESIAN_POINT('',(-2.1,3.07,9.8));
#204 = DIRECTION('',(0.,0.,1.));
#205 = DIRECTION('',(1.,0.,0.));
#206 = ORIENTED_EDGE('',*,*,#207,.F.);
#207 = EDGE_CURVE('',#208,#199,#210,.T.);
#208 = VERTEX_POINT('',#209);
#209 = CARTESIAN_POINT('',(-2.4,-1.23,9.8));
#210 = LINE('',#211,#212);
#211 = CARTESIAN_POINT('',(-2.4,-1.23,9.8));
#212 = VECTOR('',#213,1.);
#213 = DIRECTION('',(0.,1.,0.));
#214 = ORIENTED_EDGE('',*,*,#215,.T.);
#215 = EDGE_CURVE('',#208,#216,#218,.T.);
#216 = VERTEX_POINT('',#217);
#217 = CARTESIAN_POINT('',(-2.1,-1.53,9.8));
#218 = CIRCLE('',#219,0.3);
#219 = AXIS2_PLACEMENT_3D('',#220,#221,#222);
#220 = CARTESIAN_POINT('',(-2.1,-1.23,9.8));
#221 = DIRECTION('',(0.,0.,1.));
#222 = DIRECTION('',(1.,0.,0.));
#223 = ORIENTED_EDGE('',*,*,#224,.F.);
#224 = EDGE_CURVE('',#225,#216,#227,.T.);
#225 = VERTEX_POINT('',#226);
#226 = CARTESIAN_POINT('',(5.E-02,-1.53,9.8));
#227 = LINE('',#228,#229);
#228 = CARTESIAN_POINT('',(-1.6,-1.53,9.8));
#229 = VECTOR('',#230,1.);
#230 = DIRECTION('',(-1.,0.,0.));
#231 = ORIENTED_EDGE('',*,*,#232,.T.);
#232 = EDGE_CURVE('',#225,#233,#235,.T.);
#233 = VERTEX_POINT('',#234);
#234 = CARTESIAN_POINT('',(5.E-02,-2.33,9.8));
#235 = LINE('',#236,#237);
#236 = CARTESIAN_POINT('',(5.E-02,-1.53,9.8));
#237 = VECTOR('',#238,1.);
#238 = DIRECTION('',(0.,-1.,2.22044604925E-16));
#239 = ORIENTED_EDGE('',*,*,#240,.T.);
#240 = EDGE_CURVE('',#233,#241,#243,.T.);
#241 = VERTEX_POINT('',#242);
#242 = CARTESIAN_POINT('',(24.95,-2.33,9.8));
#243 = LINE('',#244,#245);
#244 = CARTESIAN_POINT('',(5.E-02,-2.33,9.8));
#245 = VECTOR('',#246,1.);
#246 = DIRECTION('',(1.,0.,0.));
#247 = ORIENTED_EDGE('',*,*,#248,.F.);
#248 = EDGE_CURVE('',#133,#241,#249,.T.);
#249 = LINE('',#250,#251);
#250 = CARTESIAN_POINT('',(24.95,-1.53,9.8));
#251 = VECTOR('',#252,1.);
#252 = DIRECTION('',(0.,-1.,2.22044604925E-16));
#253 = FACE_BOUND('',#254,.T.);
#254 = EDGE_LOOP('',(#255,#265,#273,#281,#289,#297,#305,#313));
#255 = ORIENTED_EDGE('',*,*,#256,.F.);
#256 = EDGE_CURVE('',#257,#259,#261,.T.);
#257 = VERTEX_POINT('',#258);
#258 = CARTESIAN_POINT('',(1.05,1.52,9.8));
#259 = VERTEX_POINT('',#260);
#260 = CARTESIAN_POINT('',(0.5,1.52,9.8));
#261 = LINE('',#262,#263);
#262 = CARTESIAN_POINT('',(1.05,1.52,9.8));
#263 = VECTOR('',#264,1.);
#264 = DIRECTION('',(-1.,-0.,-0.));
#265 = ORIENTED_EDGE('',*,*,#266,.T.);
#266 = EDGE_CURVE('',#257,#267,#269,.T.);
#267 = VERTEX_POINT('',#268);
#268 = CARTESIAN_POINT('',(1.05,-0.98,9.8));
#269 = LINE('',#270,#271);
#270 = CARTESIAN_POINT('',(1.05,1.52,9.8));
#271 = VECTOR('',#272,1.);
#272 = DIRECTION('',(0.,-1.,0.));
#273 = ORIENTED_EDGE('',*,*,#274,.T.);
#274 = EDGE_CURVE('',#267,#275,#277,.T.);
#275 = VERTEX_POINT('',#276);
#276 = CARTESIAN_POINT('',(-1.05,-0.98,9.8));
#277 = LINE('',#278,#279);
#278 = CARTESIAN_POINT('',(1.05,-0.98,9.8));
#279 = VECTOR('',#280,1.);
#280 = DIRECTION('',(-1.,-0.,-0.));
#281 = ORIENTED_EDGE('',*,*,#282,.F.);
#282 = EDGE_CURVE('',#283,#275,#285,.T.);
#283 = VERTEX_POINT('',#284);
#284 = CARTESIAN_POINT('',(-1.05,1.52,9.8));
#285 = LINE('',#286,#287);
#286 = CARTESIAN_POINT('',(-1.05,1.52,9.8));
#287 = VECTOR('',#288,1.);
#288 = DIRECTION('',(0.,-1.,0.));
#289 = ORIENTED_EDGE('',*,*,#290,.F.);
#290 = EDGE_CURVE('',#291,#283,#293,.T.);
#291 = VERTEX_POINT('',#292);
#292 = CARTESIAN_POINT('',(-0.5,1.52,9.8));
#293 = LINE('',#294,#295);
#294 = CARTESIAN_POINT('',(1.05,1.52,9.8));
#295 = VECTOR('',#296,1.);
#296 = DIRECTION('',(-1.,-0.,-0.));
#297 = ORIENTED_EDGE('',*,*,#298,.F.);
#298 = EDGE_CURVE('',#299,#291,#301,.T.);
#299 = VERTEX_POINT('',#300);
#300 = CARTESIAN_POINT('',(-0.5,1.92,9.8));
#301 = LINE('',#302,#303);
#302 = CARTESIAN_POINT('',(-0.5,1.92,9.8));
#303 = VECTOR('',#304,1.);
#304 = DIRECTION('',(0.,-1.,0.));
#305 = ORIENTED_EDGE('',*,*,#306,.F.);
#306 = EDGE_CURVE('',#307,#299,#309,.T.);
#307 = VERTEX_POINT('',#308);
#308 = CARTESIAN_POINT('',(0.5,1.92,9.8));
#309 = LINE('',#310,#311);
#310 = CARTESIAN_POINT('',(0.5,1.92,9.8));
#311 = VECTOR('',#312,1.);
#312 = DIRECTION('',(-1.,-0.,-0.));
#313 = ORIENTED_EDGE('',*,*,#314,.T.);
#314 = EDGE_CURVE('',#307,#259,#315,.T.);
#315 = LINE('',#316,#317);
#316 = CARTESIAN_POINT('',(0.5,1.92,9.8));
#317 = VECTOR('',#318,1.);
#318 = DIRECTION('',(0.,-1.,0.));
#319 = FACE_BOUND('',#320,.T.);
#320 = EDGE_LOOP('',(#321,#331,#339,#347,#355,#363,#371,#379));
#321 = ORIENTED_EDGE('',*,*,#322,.F.);
#322 = EDGE_CURVE('',#323,#325,#327,.T.);
#323 = VERTEX_POINT('',#324);
#324 = CARTESIAN_POINT('',(3.55,1.52,9.8));
#325 = VERTEX_POINT('',#326);
#326 = CARTESIAN_POINT('',(3.,1.52,9.8));
#327 = LINE('',#328,#329);
#328 = CARTESIAN_POINT('',(3.55,1.52,9.8));
#329 = VECTOR('',#330,1.);
#330 = DIRECTION('',(-1.,-0.,-0.));
#331 = ORIENTED_EDGE('',*,*,#332,.T.);
#332 = EDGE_CURVE('',#323,#333,#335,.T.);
#333 = VERTEX_POINT('',#334);
#334 = CARTESIAN_POINT('',(3.55,-0.98,9.8));
#335 = LINE('',#336,#337);
#336 = CARTESIAN_POINT('',(3.55,1.52,9.8));
#337 = VECTOR('',#338,1.);
#338 = DIRECTION('',(0.,-1.,0.));
#339 = ORIENTED_EDGE('',*,*,#340,.T.);
#340 = EDGE_CURVE('',#333,#341,#343,.T.);
#341 = VERTEX_POINT('',#342);
#342 = CARTESIAN_POINT('',(1.45,-0.98,9.8));
#343 = LINE('',#344,#345);
#344 = CARTESIAN_POINT('',(3.55,-0.98,9.8));
#345 = VECTOR('',#346,1.);
#346 = DIRECTION('',(-1.,-0.,-0.));
#347 = ORIENTED_EDGE('',*,*,#348,.F.);
#348 = EDGE_CURVE('',#349,#341,#351,.T.);
#349 = VERTEX_POINT('',#350);
#350 = CARTESIAN_POINT('',(1.45,1.52,9.8));
#351 = LINE('',#352,#353);
#352 = CARTESIAN_POINT('',(1.45,1.52,9.8));
#353 = VECTOR('',#354,1.);
#354 = DIRECTION('',(0.,-1.,0.));
#355 = ORIENTED_EDGE('',*,*,#356,.F.);
#356 = EDGE_CURVE('',#357,#349,#359,.T.);
#357 = VERTEX_POINT('',#358);
#358 = CARTESIAN_POINT('',(2.,1.52,9.8));
#359 = LINE('',#360,#361);
#360 = CARTESIAN_POINT('',(3.55,1.52,9.8));
#361 = VECTOR('',#362,1.);
#362 = DIRECTION('',(-1.,-0.,-0.));
#363 = ORIENTED_EDGE('',*,*,#364,.F.);
#364 = EDGE_CURVE('',#365,#357,#367,.T.);
#365 = VERTEX_POINT('',#366);
#366 = CARTESIAN_POINT('',(2.,1.92,9.8));
#367 = LINE('',#368,#369);
#368 = CARTESIAN_POINT('',(2.,1.92,9.8));
#369 = VECTOR('',#370,1.);
#370 = DIRECTION('',(0.,-1.,0.));
#371 = ORIENTED_EDGE('',*,*,#372,.F.);
#372 = EDGE_CURVE('',#373,#365,#375,.T.);
#373 = VERTEX_POINT('',#374);
#374 = CARTESIAN_POINT('',(3.,1.92,9.8));
#375 = LINE('',#376,#377);
#376 = CARTESIAN_POINT('',(3.,1.92,9.8));
#377 = VECTOR('',#378,1.);
#378 = DIRECTION('',(-1.,-0.,-0.));
#379 = ORIENTED_EDGE('',*,*,#380,.T.);
#380 = EDGE_CURVE('',#373,#325,#381,.T.);
#381 = LINE('',#382,#383);
#382 = CARTESIAN_POINT('',(3.,1.92,9.8));
#383 = VECTOR('',#384,1.);
#384 = DIRECTION('',(0.,-1.,0.));
#385 = FACE_BOUND('',#386,.T.);
#386 = EDGE_LOOP('',(#387,#397,#405,#413,#421,#429,#437,#445));
#387 = ORIENTED_EDGE('',*,*,#388,.F.);
#388 = EDGE_CURVE('',#389,#391,#393,.T.);
#389 = VERTEX_POINT('',#390);
#390 = CARTESIAN_POINT('',(6.05,1.52,9.8));
#391 = VERTEX_POINT('',#392);
#392 = CARTESIAN_POINT('',(5.5,1.52,9.8));
#393 = LINE('',#394,#395);
#394 = CARTESIAN_POINT('',(6.05,1.52,9.8));
#395 = VECTOR('',#396,1.);
#396 = DIRECTION('',(-1.,-0.,-0.));
#397 = ORIENTED_EDGE('',*,*,#398,.T.);
#398 = EDGE_CURVE('',#389,#399,#401,.T.);
#399 = VERTEX_POINT('',#400);
#400 = CARTESIAN_POINT('',(6.05,-0.98,9.8));
#401 = LINE('',#402,#403);
#402 = CARTESIAN_POINT('',(6.05,1.52,9.8));
#403 = VECTOR('',#404,1.);
#404 = DIRECTION('',(0.,-1.,0.));
#405 = ORIENTED_EDGE('',*,*,#406,.T.);
#406 = EDGE_CURVE('',#399,#407,#409,.T.);
#407 = VERTEX_POINT('',#408);
#408 = CARTESIAN_POINT('',(3.95,-0.98,9.8));
#409 = LINE('',#410,#411);
#410 = CARTESIAN_POINT('',(6.05,-0.98,9.8));
#411 = VECTOR('',#412,1.);
#412 = DIRECTION('',(-1.,-0.,-0.));
#413 = ORIENTED_EDGE('',*,*,#414,.F.);
#414 = EDGE_CURVE('',#415,#407,#417,.T.);
#415 = VERTEX_POINT('',#416);
#416 = CARTESIAN_POINT('',(3.95,1.52,9.8));
#417 = LINE('',#418,#419);
#418 = CARTESIAN_POINT('',(3.95,1.52,9.8));
#419 = VECTOR('',#420,1.);
#420 = DIRECTION('',(0.,-1.,0.));
#421 = ORIENTED_EDGE('',*,*,#422,.F.);
#422 = EDGE_CURVE('',#423,#415,#425,.T.);
#423 = VERTEX_POINT('',#424);
#424 = CARTESIAN_POINT('',(4.5,1.52,9.8));
#425 = LINE('',#426,#427);
#426 = CARTESIAN_POINT('',(6.05,1.52,9.8));
#427 = VECTOR('',#428,1.);
#428 = DIRECTION('',(-1.,-0.,-0.));
#429 = ORIENTED_EDGE('',*,*,#430,.F.);
#430 = EDGE_CURVE('',#431,#423,#433,.T.);
#431 = VERTEX_POINT('',#432);
#432 = CARTESIAN_POINT('',(4.5,1.92,9.8));
#433 = LINE('',#434,#435);
#434 = CARTESIAN_POINT('',(4.5,1.92,9.8));
#435 = VECTOR('',#436,1.);
#436 = DIRECTION('',(0.,-1.,0.));
#437 = ORIENTED_EDGE('',*,*,#438,.F.);
#438 = EDGE_CURVE('',#439,#431,#441,.T.);
#439 = VERTEX_POINT('',#440);
#440 = CARTESIAN_POINT('',(5.5,1.92,9.8));
#441 = LINE('',#442,#443);
#442 = CARTESIAN_POINT('',(5.5,1.92,9.8));
#443 = VECTOR('',#444,1.);
#444 = DIRECTION('',(-1.,-0.,-0.));
#445 = ORIENTED_EDGE('',*,*,#446,.T.);
#446 = EDGE_CURVE('',#439,#391,#447,.T.);
#447 = LINE('',#448,#449);
#448 = CARTESIAN_POINT('',(5.5,1.92,9.8));
#449 = VECTOR('',#450,1.);
#450 = DIRECTION('',(0.,-1.,0.));
#451 = FACE_BOUND('',#452,.T.);
#452 = EDGE_LOOP('',(#453,#463,#471,#479,#487,#495,#503,#511));
#453 = ORIENTED_EDGE('',*,*,#454,.F.);
#454 = EDGE_CURVE('',#455,#457,#459,.T.);
#455 = VERTEX_POINT('',#456);
#456 = CARTESIAN_POINT('',(8.55,1.52,9.8));
#457 = VERTEX_POINT('',#458);
#458 = CARTESIAN_POINT('',(8.,1.52,9.8));
#459 = LINE('',#460,#461);
#460 = CARTESIAN_POINT('',(8.55,1.52,9.8));
#461 = VECTOR('',#462,1.);
#462 = DIRECTION('',(-1.,-0.,-0.));
#463 = ORIENTED_EDGE('',*,*,#464,.T.);
#464 = EDGE_CURVE('',#455,#465,#467,.T.);
#465 = VERTEX_POINT('',#466);
#466 = CARTESIAN_POINT('',(8.55,-0.98,9.8));
#467 = LINE('',#468,#469);
#468 = CARTESIAN_POINT('',(8.55,1.52,9.8));
#469 = VECTOR('',#470,1.);
#470 = DIRECTION('',(0.,-1.,0.));
#471 = ORIENTED_EDGE('',*,*,#472,.T.);
#472 = EDGE_CURVE('',#465,#473,#475,.T.);
#473 = VERTEX_POINT('',#474);
#474 = CARTESIAN_POINT('',(6.45,-0.98,9.8));
#475 = LINE('',#476,#477);
#476 = CARTESIAN_POINT('',(8.55,-0.98,9.8));
#477 = VECTOR('',#478,1.);
#478 = DIRECTION('',(-1.,-0.,-0.));
#479 = ORIENTED_EDGE('',*,*,#480,.F.);
#480 = EDGE_CURVE('',#481,#473,#483,.T.);
#481 = VERTEX_POINT('',#482);
#482 = CARTESIAN_POINT('',(6.45,1.52,9.8));
#483 = LINE('',#484,#485);
#484 = CARTESIAN_POINT('',(6.45,1.52,9.8));
#485 = VECTOR('',#486,1.);
#486 = DIRECTION('',(0.,-1.,0.));
#487 = ORIENTED_EDGE('',*,*,#488,.F.);
#488 = EDGE_CURVE('',#489,#481,#491,.T.);
#489 = VERTEX_POINT('',#490);
#490 = CARTESIAN_POINT('',(7.,1.52,9.8));
#491 = LINE('',#492,#493);
#492 = CARTESIAN_POINT('',(8.55,1.52,9.8));
#493 = VECTOR('',#494,1.);
#494 = DIRECTION('',(-1.,-0.,-0.));
#495 = ORIENTED_EDGE('',*,*,#496,.F.);
#496 = EDGE_CURVE('',#497,#489,#499,.T.);
#497 = VERTEX_POINT('',#498);
#498 = CARTESIAN_POINT('',(7.,1.92,9.8));
#499 = LINE('',#500,#501);
#500 = CARTESIAN_POINT('',(7.,1.92,9.8));
#501 = VECTOR('',#502,1.);
#502 = DIRECTION('',(0.,-1.,0.));
#503 = ORIENTED_EDGE('',*,*,#504,.F.);
#504 = EDGE_CURVE('',#505,#497,#507,.T.);
#505 = VERTEX_POINT('',#506);
#506 = CARTESIAN_POINT('',(8.,1.92,9.8));
#507 = LINE('',#508,#509);
#508 = CARTESIAN_POINT('',(8.,1.92,9.8));
#509 = VECTOR('',#510,1.);
#510 = DIRECTION('',(-1.,-0.,-0.));
#511 = ORIENTED_EDGE('',*,*,#512,.T.);
#512 = EDGE_CURVE('',#505,#457,#513,.T.);
#513 = LINE('',#514,#515);
#514 = CARTESIAN_POINT('',(8.,1.92,9.8));
#515 = VECTOR('',#516,1.);
#516 = DIRECTION('',(0.,-1.,0.));
#517 = FACE_BOUND('',#518,.T.);
#518 = EDGE_LOOP('',(#519,#529,#537,#545,#553,#561,#569,#577));
#519 = ORIENTED_EDGE('',*,*,#520,.F.);
#520 = EDGE_CURVE('',#521,#523,#525,.T.);
#521 = VERTEX_POINT('',#522);
#522 = CARTESIAN_POINT('',(11.05,1.52,9.8));
#523 = VERTEX_POINT('',#524);
#524 = CARTESIAN_POINT('',(10.5,1.52,9.8));
#525 = LINE('',#526,#527);
#526 = CARTESIAN_POINT('',(11.05,1.52,9.8));
#527 = VECTOR('',#528,1.);
#528 = DIRECTION('',(-1.,-0.,-0.));
#529 = ORIENTED_EDGE('',*,*,#530,.T.);
#530 = EDGE_CURVE('',#521,#531,#533,.T.);
#531 = VERTEX_POINT('',#532);
#532 = CARTESIAN_POINT('',(11.05,-0.98,9.8));
#533 = LINE('',#534,#535);
#534 = CARTESIAN_POINT('',(11.05,1.52,9.8));
#535 = VECTOR('',#536,1.);
#536 = DIRECTION('',(0.,-1.,0.));
#537 = ORIENTED_EDGE('',*,*,#538,.T.);
#538 = EDGE_CURVE('',#531,#539,#541,.T.);
#539 = VERTEX_POINT('',#540);
#540 = CARTESIAN_POINT('',(8.95,-0.98,9.8));
#541 = LINE('',#542,#543);
#542 = CARTESIAN_POINT('',(11.05,-0.98,9.8));
#543 = VECTOR('',#544,1.);
#544 = DIRECTION('',(-1.,-0.,-0.));
#545 = ORIENTED_EDGE('',*,*,#546,.F.);
#546 = EDGE_CURVE('',#547,#539,#549,.T.);
#547 = VERTEX_POINT('',#548);
#548 = CARTESIAN_POINT('',(8.95,1.52,9.8));
#549 = LINE('',#550,#551);
#550 = CARTESIAN_POINT('',(8.95,1.52,9.8));
#551 = VECTOR('',#552,1.);
#552 = DIRECTION('',(0.,-1.,0.));
#553 = ORIENTED_EDGE('',*,*,#554,.F.);
#554 = EDGE_CURVE('',#555,#547,#557,.T.);
#555 = VERTEX_POINT('',#556);
#556 = CARTESIAN_POINT('',(9.5,1.52,9.8));
#557 = LINE('',#558,#559);
#558 = CARTESIAN_POINT('',(11.05,1.52,9.8));
#559 = VECTOR('',#560,1.);
#560 = DIRECTION('',(-1.,-0.,-0.));
#561 = ORIENTED_EDGE('',*,*,#562,.F.);
#562 = EDGE_CURVE('',#563,#555,#565,.T.);
#563 = VERTEX_POINT('',#564);
#564 = CARTESIAN_POINT('',(9.5,1.92,9.8));
#565 = LINE('',#566,#567);
#566 = CARTESIAN_POINT('',(9.5,1.92,9.8));
#567 = VECTOR('',#568,1.);
#568 = DIRECTION('',(0.,-1.,0.));
#569 = ORIENTED_EDGE('',*,*,#570,.F.);
#570 = EDGE_CURVE('',#571,#563,#573,.T.);
#571 = VERTEX_POINT('',#572);
#572 = CARTESIAN_POINT('',(10.5,1.92,9.8));
#573 = LINE('',#574,#575);
#574 = CARTESIAN_POINT('',(10.5,1.92,9.8));
#575 = VECTOR('',#576,1.);
#576 = DIRECTION('',(-1.,-0.,-0.));
#577 = ORIENTED_EDGE('',*,*,#578,.T.);
#578 = EDGE_CURVE('',#571,#523,#579,.T.);
#579 = LINE('',#580,#581);
#580 = CARTESIAN_POINT('',(10.5,1.92,9.8));
#581 = VECTOR('',#582,1.);
#582 = DIRECTION('',(0.,-1.,0.));
#583 = FACE_BOUND('',#584,.T.);
#584 = EDGE_LOOP('',(#585,#595,#603,#611,#619,#627,#635,#643));
#585 = ORIENTED_EDGE('',*,*,#586,.F.);
#586 = EDGE_CURVE('',#587,#589,#591,.T.);
#587 = VERTEX_POINT('',#588);
#588 = CARTESIAN_POINT('',(13.55,1.52,9.8));
#589 = VERTEX_POINT('',#590);
#590 = CARTESIAN_POINT('',(13.,1.52,9.8));
#591 = LINE('',#592,#593);
#592 = CARTESIAN_POINT('',(13.55,1.52,9.8));
#593 = VECTOR('',#594,1.);
#594 = DIRECTION('',(-1.,-0.,-0.));
#595 = ORIENTED_EDGE('',*,*,#596,.T.);
#596 = EDGE_CURVE('',#587,#597,#599,.T.);
#597 = VERTEX_POINT('',#598);
#598 = CARTESIAN_POINT('',(13.55,-0.98,9.8));
#599 = LINE('',#600,#601);
#600 = CARTESIAN_POINT('',(13.55,1.52,9.8));
#601 = VECTOR('',#602,1.);
#602 = DIRECTION('',(0.,-1.,0.));
#603 = ORIENTED_EDGE('',*,*,#604,.T.);
#604 = EDGE_CURVE('',#597,#605,#607,.T.);
#605 = VERTEX_POINT('',#606);
#606 = CARTESIAN_POINT('',(11.45,-0.98,9.8));
#607 = LINE('',#608,#609);
#608 = CARTESIAN_POINT('',(13.55,-0.98,9.8));
#609 = VECTOR('',#610,1.);
#610 = DIRECTION('',(-1.,-0.,-0.));
#611 = ORIENTED_EDGE('',*,*,#612,.F.);
#612 = EDGE_CURVE('',#613,#605,#615,.T.);
#613 = VERTEX_POINT('',#614);
#614 = CARTESIAN_POINT('',(11.45,1.52,9.8));
#615 = LINE('',#616,#617);
#616 = CARTESIAN_POINT('',(11.45,1.52,9.8));
#617 = VECTOR('',#618,1.);
#618 = DIRECTION('',(0.,-1.,0.));
#619 = ORIENTED_EDGE('',*,*,#620,.F.);
#620 = EDGE_CURVE('',#621,#613,#623,.T.);
#621 = VERTEX_POINT('',#622);
#622 = CARTESIAN_POINT('',(12.,1.52,9.8));
#623 = LINE('',#624,#625);
#624 = CARTESIAN_POINT('',(13.55,1.52,9.8));
#625 = VECTOR('',#626,1.);
#626 = DIRECTION('',(-1.,-0.,-0.));
#627 = ORIENTED_EDGE('',*,*,#628,.F.);
#628 = EDGE_CURVE('',#629,#621,#631,.T.);
#629 = VERTEX_POINT('',#630);
#630 = CARTESIAN_POINT('',(12.,1.92,9.8));
#631 = LINE('',#632,#633);
#632 = CARTESIAN_POINT('',(12.,1.92,9.8));
#633 = VECTOR('',#634,1.);
#634 = DIRECTION('',(0.,-1.,0.));
#635 = ORIENTED_EDGE('',*,*,#636,.F.);
#636 = EDGE_CURVE('',#637,#629,#639,.T.);
#637 = VERTEX_POINT('',#638);
#638 = CARTESIAN_POINT('',(13.,1.92,9.8));
#639 = LINE('',#640,#641);
#640 = CARTESIAN_POINT('',(13.,1.92,9.8));
#641 = VECTOR('',#642,1.);
#642 = DIRECTION('',(-1.,-0.,-0.));
#643 = ORIENTED_EDGE('',*,*,#644,.T.);
#644 = EDGE_CURVE('',#637,#589,#645,.T.);
#645 = LINE('',#646,#647);
#646 = CARTESIAN_POINT('',(13.,1.92,9.8));
#647 = VECTOR('',#648,1.);
#648 = DIRECTION('',(0.,-1.,0.));
#649 = FACE_BOUND('',#650,.T.);
#650 = EDGE_LOOP('',(#651,#661,#669,#677,#685,#693,#701,#709));
#651 = ORIENTED_EDGE('',*,*,#652,.F.);
#652 = EDGE_CURVE('',#653,#655,#657,.T.);
#653 = VERTEX_POINT('',#654);
#654 = CARTESIAN_POINT('',(16.05,1.52,9.8));
#655 = VERTEX_POINT('',#656);
#656 = CARTESIAN_POINT('',(15.5,1.52,9.8));
#657 = LINE('',#658,#659);
#658 = CARTESIAN_POINT('',(16.05,1.52,9.8));
#659 = VECTOR('',#660,1.);
#660 = DIRECTION('',(-1.,-0.,-0.));
#661 = ORIENTED_EDGE('',*,*,#662,.T.);
#662 = EDGE_CURVE('',#653,#663,#665,.T.);
#663 = VERTEX_POINT('',#664);
#664 = CARTESIAN_POINT('',(16.05,-0.98,9.8));
#665 = LINE('',#666,#667);
#666 = CARTESIAN_POINT('',(16.05,1.52,9.8));
#667 = VECTOR('',#668,1.);
#668 = DIRECTION('',(0.,-1.,0.));
#669 = ORIENTED_EDGE('',*,*,#670,.T.);
#670 = EDGE_CURVE('',#663,#671,#673,.T.);
#671 = VERTEX_POINT('',#672);
#672 = CARTESIAN_POINT('',(13.95,-0.98,9.8));
#673 = LINE('',#674,#675);
#674 = CARTESIAN_POINT('',(16.05,-0.98,9.8));
#675 = VECTOR('',#676,1.);
#676 = DIRECTION('',(-1.,-0.,-0.));
#677 = ORIENTED_EDGE('',*,*,#678,.F.);
#678 = EDGE_CURVE('',#679,#671,#681,.T.);
#679 = VERTEX_POINT('',#680);
#680 = CARTESIAN_POINT('',(13.95,1.52,9.8));
#681 = LINE('',#682,#683);
#682 = CARTESIAN_POINT('',(13.95,1.52,9.8));
#683 = VECTOR('',#684,1.);
#684 = DIRECTION('',(0.,-1.,0.));
#685 = ORIENTED_EDGE('',*,*,#686,.F.);
#686 = EDGE_CURVE('',#687,#679,#689,.T.);
#687 = VERTEX_POINT('',#688);
#688 = CARTESIAN_POINT('',(14.5,1.52,9.8));
#689 = LINE('',#690,#691);
#690 = CARTESIAN_POINT('',(16.05,1.52,9.8));
#691 = VECTOR('',#692,1.);
#692 = DIRECTION('',(-1.,-0.,-0.));
#693 = ORIENTED_EDGE('',*,*,#694,.F.);
#694 = EDGE_CURVE('',#695,#687,#697,.T.);
#695 = VERTEX_POINT('',#696);
#696 = CARTESIAN_POINT('',(14.5,1.92,9.8));
#697 = LINE('',#698,#699);
#698 = CARTESIAN_POINT('',(14.5,1.92,9.8));
#699 = VECTOR('',#700,1.);
#700 = DIRECTION('',(0.,-1.,0.));
#701 = ORIENTED_EDGE('',*,*,#702,.F.);
#702 = EDGE_CURVE('',#703,#695,#705,.T.);
#703 = VERTEX_POINT('',#704);
#704 = CARTESIAN_POINT('',(15.5,1.92,9.8));
#705 = LINE('',#706,#707);
#706 = CARTESIAN_POINT('',(15.5,1.92,9.8));
#707 = VECTOR('',#708,1.);
#708 = DIRECTION('',(-1.,-0.,-0.));
#709 = ORIENTED_EDGE('',*,*,#710,.T.);
#710 = EDGE_CURVE('',#703,#655,#711,.T.);
#711 = LINE('',#712,#713);
#712 = CARTESIAN_POINT('',(15.5,1.92,9.8));
#713 = VECTOR('',#714,1.);
#714 = DIRECTION('',(0.,-1.,0.));
#715 = FACE_BOUND('',#716,.T.);
#716 = EDGE_LOOP('',(#717,#727,#735,#743,#751,#759,#767,#775));
#717 = ORIENTED_EDGE('',*,*,#718,.F.);
#718 = EDGE_CURVE('',#719,#721,#723,.T.);
#719 = VERTEX_POINT('',#720);
#720 = CARTESIAN_POINT('',(18.55,1.52,9.8));
#721 = VERTEX_POINT('',#722);
#722 = CARTESIAN_POINT('',(18.,1.52,9.8));
#723 = LINE('',#724,#725);
#724 = CARTESIAN_POINT('',(18.55,1.52,9.8));
#725 = VECTOR('',#726,1.);
#726 = DIRECTION('',(-1.,-0.,-0.));
#727 = ORIENTED_EDGE('',*,*,#728,.T.);
#728 = EDGE_CURVE('',#719,#729,#731,.T.);
#729 = VERTEX_POINT('',#730);
#730 = CARTESIAN_POINT('',(18.55,-0.98,9.8));
#731 = LINE('',#732,#733);
#732 = CARTESIAN_POINT('',(18.55,1.52,9.8));
#733 = VECTOR('',#734,1.);
#734 = DIRECTION('',(0.,-1.,0.));
#735 = ORIENTED_EDGE('',*,*,#736,.T.);
#736 = EDGE_CURVE('',#729,#737,#739,.T.);
#737 = VERTEX_POINT('',#738);
#738 = CARTESIAN_POINT('',(16.45,-0.98,9.8));
#739 = LINE('',#740,#741);
#740 = CARTESIAN_POINT('',(18.55,-0.98,9.8));
#741 = VECTOR('',#742,1.);
#742 = DIRECTION('',(-1.,-0.,-0.));
#743 = ORIENTED_EDGE('',*,*,#744,.F.);
#744 = EDGE_CURVE('',#745,#737,#747,.T.);
#745 = VERTEX_POINT('',#746);
#746 = CARTESIAN_POINT('',(16.45,1.52,9.8));
#747 = LINE('',#748,#749);
#748 = CARTESIAN_POINT('',(16.45,1.52,9.8));
#749 = VECTOR('',#750,1.);
#750 = DIRECTION('',(0.,-1.,0.));
#751 = ORIENTED_EDGE('',*,*,#752,.F.);
#752 = EDGE_CURVE('',#753,#745,#755,.T.);
#753 = VERTEX_POINT('',#754);
#754 = CARTESIAN_POINT('',(17.,1.52,9.8));
#755 = LINE('',#756,#757);
#756 = CARTESIAN_POINT('',(18.55,1.52,9.8));
#757 = VECTOR('',#758,1.);
#758 = DIRECTION('',(-1.,-0.,-0.));
#759 = ORIENTED_EDGE('',*,*,#760,.F.);
#760 = EDGE_CURVE('',#761,#753,#763,.T.);
#761 = VERTEX_POINT('',#762);
#762 = CARTESIAN_POINT('',(17.,1.92,9.8));
#763 = LINE('',#764,#765);
#764 = CARTESIAN_POINT('',(17.,1.92,9.8));
#765 = VECTOR('',#766,1.);
#766 = DIRECTION('',(0.,-1.,0.));
#767 = ORIENTED_EDGE('',*,*,#768,.F.);
#768 = EDGE_CURVE('',#769,#761,#771,.T.);
#769 = VERTEX_POINT('',#770);
#770 = CARTESIAN_POINT('',(18.,1.92,9.8));
#771 = LINE('',#772,#773);
#772 = CARTESIAN_POINT('',(18.,1.92,9.8));
#773 = VECTOR('',#774,1.);
#774 = DIRECTION('',(-1.,-0.,-0.));
#775 = ORIENTED_EDGE('',*,*,#776,.T.);
#776 = EDGE_CURVE('',#769,#721,#777,.T.);
#777 = LINE('',#778,#779);
#778 = CARTESIAN_POINT('',(18.,1.92,9.8));
#779 = VECTOR('',#780,1.);
#780 = DIRECTION('',(0.,-1.,0.));
#781 = FACE_BOUND('',#782,.T.);
#782 = EDGE_LOOP('',(#783,#793,#801,#809,#817,#825,#833,#841));
#783 = ORIENTED_EDGE('',*,*,#784,.F.);
#784 = EDGE_CURVE('',#785,#787,#789,.T.);
#785 = VERTEX_POINT('',#786);
#786 = CARTESIAN_POINT('',(21.05,1.52,9.8));
#787 = VERTEX_POINT('',#788);
#788 = CARTESIAN_POINT('',(20.5,1.52,9.8));
#789 = LINE('',#790,#791);
#790 = CARTESIAN_POINT('',(21.05,1.52,9.8));
#791 = VECTOR('',#792,1.);
#792 = DIRECTION('',(-1.,-0.,-0.));
#793 = ORIENTED_EDGE('',*,*,#794,.T.);
#794 = EDGE_CURVE('',#785,#795,#797,.T.);
#795 = VERTEX_POINT('',#796);
#796 = CARTESIAN_POINT('',(21.05,-0.98,9.8));
#797 = LINE('',#798,#799);
#798 = CARTESIAN_POINT('',(21.05,1.52,9.8));
#799 = VECTOR('',#800,1.);
#800 = DIRECTION('',(0.,-1.,0.));
#801 = ORIENTED_EDGE('',*,*,#802,.T.);
#802 = EDGE_CURVE('',#795,#803,#805,.T.);
#803 = VERTEX_POINT('',#804);
#804 = CARTESIAN_POINT('',(18.95,-0.98,9.8));
#805 = LINE('',#806,#807);
#806 = CARTESIAN_POINT('',(21.05,-0.98,9.8));
#807 = VECTOR('',#808,1.);
#808 = DIRECTION('',(-1.,-0.,-0.));
#809 = ORIENTED_EDGE('',*,*,#810,.F.);
#810 = EDGE_CURVE('',#811,#803,#813,.T.);
#811 = VERTEX_POINT('',#812);
#812 = CARTESIAN_POINT('',(18.95,1.52,9.8));
#813 = LINE('',#814,#815);
#814 = CARTESIAN_POINT('',(18.95,1.52,9.8));
#815 = VECTOR('',#816,1.);
#816 = DIRECTION('',(0.,-1.,0.));
#817 = ORIENTED_EDGE('',*,*,#818,.F.);
#818 = EDGE_CURVE('',#819,#811,#821,.T.);
#819 = VERTEX_POINT('',#820);
#820 = CARTESIAN_POINT('',(19.5,1.52,9.8));
#821 = LINE('',#822,#823);
#822 = CARTESIAN_POINT('',(21.05,1.52,9.8));
#823 = VECTOR('',#824,1.);
#824 = DIRECTION('',(-1.,-0.,-0.));
#825 = ORIENTED_EDGE('',*,*,#826,.F.);
#826 = EDGE_CURVE('',#827,#819,#829,.T.);
#827 = VERTEX_POINT('',#828);
#828 = CARTESIAN_POINT('',(19.5,1.92,9.8));
#829 = LINE('',#830,#831);
#830 = CARTESIAN_POINT('',(19.5,1.92,9.8));
#831 = VECTOR('',#832,1.);
#832 = DIRECTION('',(0.,-1.,0.));
#833 = ORIENTED_EDGE('',*,*,#834,.F.);
#834 = EDGE_CURVE('',#835,#827,#837,.T.);
#835 = VERTEX_POINT('',#836);
#836 = CARTESIAN_POINT('',(20.5,1.92,9.8));
#837 = LINE('',#838,#839);
#838 = CARTESIAN_POINT('',(20.5,1.92,9.8));
#839 = VECTOR('',#840,1.);
#840 = DIRECTION('',(-1.,-0.,-0.));
#841 = ORIENTED_EDGE('',*,*,#842,.T.);
#842 = EDGE_CURVE('',#835,#787,#843,.T.);
#843 = LINE('',#844,#845);
#844 = CARTESIAN_POINT('',(20.5,1.92,9.8));
#845 = VECTOR('',#846,1.);
#846 = DIRECTION('',(0.,-1.,0.));
#847 = FACE_BOUND('',#848,.T.);
#848 = EDGE_LOOP('',(#849,#859,#867,#875,#883,#891,#899,#907));
#849 = ORIENTED_EDGE('',*,*,#850,.F.);
#850 = EDGE_CURVE('',#851,#853,#855,.T.);
#851 = VERTEX_POINT('',#852);
#852 = CARTESIAN_POINT('',(23.55,1.52,9.8));
#853 = VERTEX_POINT('',#854);
#854 = CARTESIAN_POINT('',(23.,1.52,9.8));
#855 = LINE('',#856,#857);
#856 = CARTESIAN_POINT('',(23.55,1.52,9.8));
#857 = VECTOR('',#858,1.);
#858 = DIRECTION('',(-1.,-0.,-0.));
#859 = ORIENTED_EDGE('',*,*,#860,.T.);
#860 = EDGE_CURVE('',#851,#861,#863,.T.);
#861 = VERTEX_POINT('',#862);
#862 = CARTESIAN_POINT('',(23.55,-0.98,9.8));
#863 = LINE('',#864,#865);
#864 = CARTESIAN_POINT('',(23.55,1.52,9.8));
#865 = VECTOR('',#866,1.);
#866 = DIRECTION('',(0.,-1.,0.));
#867 = ORIENTED_EDGE('',*,*,#868,.T.);
#868 = EDGE_CURVE('',#861,#869,#871,.T.);
#869 = VERTEX_POINT('',#870);
#870 = CARTESIAN_POINT('',(21.45,-0.98,9.8));
#871 = LINE('',#872,#873);
#872 = CARTESIAN_POINT('',(23.55,-0.98,9.8));
#873 = VECTOR('',#874,1.);
#874 = DIRECTION('',(-1.,-0.,-0.));
#875 = ORIENTED_EDGE('',*,*,#876,.F.);
#876 = EDGE_CURVE('',#877,#869,#879,.T.);
#877 = VERTEX_POINT('',#878);
#878 = CARTESIAN_POINT('',(21.45,1.52,9.8));
#879 = LINE('',#880,#881);
#880 = CARTESIAN_POINT('',(21.45,1.52,9.8));
#881 = VECTOR('',#882,1.);
#882 = DIRECTION('',(0.,-1.,0.));
#883 = ORIENTED_EDGE('',*,*,#884,.F.);
#884 = EDGE_CURVE('',#885,#877,#887,.T.);
#885 = VERTEX_POINT('',#886);
#886 = CARTESIAN_POINT('',(22.,1.52,9.8));
#887 = LINE('',#888,#889);
#888 = CARTESIAN_POINT('',(23.55,1.52,9.8));
#889 = VECTOR('',#890,1.);
#890 = DIRECTION('',(-1.,-0.,-0.));
#891 = ORIENTED_EDGE('',*,*,#892,.F.);
#892 = EDGE_CURVE('',#893,#885,#895,.T.);
#893 = VERTEX_POINT('',#894);
#894 = CARTESIAN_POINT('',(22.,1.92,9.8));
#895 = LINE('',#896,#897);
#896 = CARTESIAN_POINT('',(22.,1.92,9.8));
#897 = VECTOR('',#898,1.);
#898 = DIRECTION('',(0.,-1.,0.));
#899 = ORIENTED_EDGE('',*,*,#900,.F.);
#900 = EDGE_CURVE('',#901,#893,#903,.T.);
#901 = VERTEX_POINT('',#902);
#902 = CARTESIAN_POINT('',(23.,1.92,9.8));
#903 = LINE('',#904,#905);
#904 = CARTESIAN_POINT('',(23.,1.92,9.8));
#905 = VECTOR('',#906,1.);
#906 = DIRECTION('',(-1.,-0.,-0.));
#907 = ORIENTED_EDGE('',*,*,#908,.T.);
#908 = EDGE_CURVE('',#901,#853,#909,.T.);
#909 = LINE('',#910,#911);
#910 = CARTESIAN_POINT('',(23.,1.92,9.8));
#911 = VECTOR('',#912,1.);
#912 = DIRECTION('',(0.,-1.,0.));
#913 = FACE_BOUND('',#914,.T.);
#914 = EDGE_LOOP('',(#915,#916,#917,#925,#933,#941,#949,#957));
#915 = ORIENTED_EDGE('',*,*,#85,.F.);
#916 = ORIENTED_EDGE('',*,*,#108,.T.);
#917 = ORIENTED_EDGE('',*,*,#918,.T.);
#918 = EDGE_CURVE('',#109,#919,#921,.T.);
#919 = VERTEX_POINT('',#920);
#920 = CARTESIAN_POINT('',(23.95,-0.98,9.8));
#921 = LINE('',#922,#923);
#922 = CARTESIAN_POINT('',(26.05,-0.98,9.8));
#923 = VECTOR('',#924,1.);
#924 = DIRECTION('',(-1.,-0.,-0.));
#925 = ORIENTED_EDGE('',*,*,#926,.F.);
#926 = EDGE_CURVE('',#927,#919,#929,.T.);
#927 = VERTEX_POINT('',#928);
#928 = CARTESIAN_POINT('',(23.95,1.52,9.8));
#929 = LINE('',#930,#931);
#930 = CARTESIAN_POINT('',(23.95,1.52,9.8));
#931 = VECTOR('',#932,1.);
#932 = DIRECTION('',(0.,-1.,0.));
#933 = ORIENTED_EDGE('',*,*,#934,.F.);
#934 = EDGE_CURVE('',#935,#927,#937,.T.);
#935 = VERTEX_POINT('',#936);
#936 = CARTESIAN_POINT('',(24.5,1.52,9.8));
#937 = LINE('',#938,#939);
#938 = CARTESIAN_POINT('',(26.05,1.52,9.8));
#939 = VECTOR('',#940,1.);
#940 = DIRECTION('',(-1.,-0.,-0.));
#941 = ORIENTED_EDGE('',*,*,#942,.F.);
#942 = EDGE_CURVE('',#943,#935,#945,.T.);
#943 = VERTEX_POINT('',#944);
#944 = CARTESIAN_POINT('',(24.5,1.92,9.8));
#945 = LINE('',#946,#947);
#946 = CARTESIAN_POINT('',(24.5,1.92,9.8));
#947 = VECTOR('',#948,1.);
#948 = DIRECTION('',(0.,-1.,0.));
#949 = ORIENTED_EDGE('',*,*,#950,.F.);
#950 = EDGE_CURVE('',#951,#943,#953,.T.);
#951 = VERTEX_POINT('',#952);
#952 = CARTESIAN_POINT('',(25.5,1.92,9.8));
#953 = LINE('',#954,#955);
#954 = CARTESIAN_POINT('',(25.5,1.92,9.8));
#955 = VECTOR('',#956,1.);
#956 = DIRECTION('',(-1.,-0.,-0.));
#957 = ORIENTED_EDGE('',*,*,#958,.T.);
#958 = EDGE_CURVE('',#951,#78,#959,.T.);
#959 = LINE('',#960,#961);
#960 = CARTESIAN_POINT('',(25.5,1.92,9.8));
#961 = VECTOR('',#962,1.);
#962 = DIRECTION('',(0.,-1.,0.));
#963 = PLANE('',#964);
#964 = AXIS2_PLACEMENT_3D('',#965,#966,#967);
#965 = CARTESIAN_POINT('',(12.5,0.572586076495,9.8));
#966 = DIRECTION('',(0.,0.,1.));
#967 = DIRECTION('',(1.,0.,0.));
#968 = ADVANCED_FACE('',(#969),#987,.F.);
#969 = FACE_BOUND('',#970,.F.);
#970 = EDGE_LOOP('',(#971,#972,#980,#986));
#971 = ORIENTED_EDGE('',*,*,#77,.T.);
#972 = ORIENTED_EDGE('',*,*,#973,.T.);
#973 = EDGE_CURVE('',#70,#974,#976,.T.);
#974 = VERTEX_POINT('',#975);
#975 = CARTESIAN_POINT('',(25.5,1.92,5.25));
#976 = LINE('',#977,#978);
#977 = CARTESIAN_POINT('',(25.5,1.52,5.25));
#978 = VECTOR('',#979,1.);
#979 = DIRECTION('',(0.,1.,0.));
#980 = ORIENTED_EDGE('',*,*,#981,.T.);
#981 = EDGE_CURVE('',#974,#951,#982,.T.);
#982 = LINE('',#983,#984);
#983 = CARTESIAN_POINT('',(25.5,1.92,5.25));
#984 = VECTOR('',#985,1.);
#985 = DIRECTION('',(0.,0.,1.));
#986 = ORIENTED_EDGE('',*,*,#958,.T.);
#987 = PLANE('',#988);
#988 = AXIS2_PLACEMENT_3D('',#989,#990,#991);
#989 = CARTESIAN_POINT('',(25.5,1.72,7.525));
#990 = DIRECTION('',(1.,0.,0.));
#991 = DIRECTION('',(0.,0.,1.));
#992 = ADVANCED_FACE('',(#993),#1043,.F.);
#993 = FACE_BOUND('',#994,.F.);
#994 = EDGE_LOOP('',(#995,#1003,#1011,#1019,#1027,#1035,#1041,#1042));
#995 = ORIENTED_EDGE('',*,*,#996,.F.);
#996 = EDGE_CURVE('',#997,#62,#999,.T.);
#997 = VERTEX_POINT('',#998);
#998 = CARTESIAN_POINT('',(25.6,2.57,5.25));
#999 = LINE('',#1000,#1001);
#1000 = CARTESIAN_POINT('',(25.6,2.57,5.25));
#1001 = VECTOR('',#1002,1.);
#1002 = DIRECTION('',(0.,-1.,0.));
#1003 = ORIENTED_EDGE('',*,*,#1004,.T.);
#1004 = EDGE_CURVE('',#997,#1005,#1007,.T.);
#1005 = VERTEX_POINT('',#1006);
#1006 = CARTESIAN_POINT('',(24.4,2.57,5.25));
#1007 = LINE('',#1008,#1009);
#1008 = CARTESIAN_POINT('',(25.6,2.57,5.25));
#1009 = VECTOR('',#1010,1.);
#1010 = DIRECTION('',(-1.,-0.,-0.));
#1011 = ORIENTED_EDGE('',*,*,#1012,.T.);
#1012 = EDGE_CURVE('',#1005,#1013,#1015,.T.);
#1013 = VERTEX_POINT('',#1014);
#1014 = CARTESIAN_POINT('',(24.4,1.52,5.25));
#1015 = LINE('',#1016,#1017);
#1016 = CARTESIAN_POINT('',(24.4,2.57,5.25));
#1017 = VECTOR('',#1018,1.);
#1018 = DIRECTION('',(0.,-1.,0.));
#1019 = ORIENTED_EDGE('',*,*,#1020,.F.);
#1020 = EDGE_CURVE('',#1021,#1013,#1023,.T.);
#1021 = VERTEX_POINT('',#1022);
#1022 = CARTESIAN_POINT('',(24.5,1.52,5.25));
#1023 = LINE('',#1024,#1025);
#1024 = CARTESIAN_POINT('',(25.6,1.52,5.25));
#1025 = VECTOR('',#1026,1.);
#1026 = DIRECTION('',(-1.,-0.,-0.));
#1027 = ORIENTED_EDGE('',*,*,#1028,.T.);
#1028 = EDGE_CURVE('',#1021,#1029,#1031,.T.);
#1029 = VERTEX_POINT('',#1030);
#1030 = CARTESIAN_POINT('',(24.5,1.92,5.25));
#1031 = LINE('',#1032,#1033);
#1032 = CARTESIAN_POINT('',(24.5,1.52,5.25));
#1033 = VECTOR('',#1034,1.);
#1034 = DIRECTION('',(0.,1.,0.));
#1035 = ORIENTED_EDGE('',*,*,#1036,.F.);
#1036 = EDGE_CURVE('',#974,#1029,#1037,.T.);
#1037 = LINE('',#1038,#1039);
#1038 = CARTESIAN_POINT('',(25.5,1.92,5.25));
#1039 = VECTOR('',#1040,1.);
#1040 = DIRECTION('',(-1.,-0.,-0.));
#1041 = ORIENTED_EDGE('',*,*,#973,.F.);
#1042 = ORIENTED_EDGE('',*,*,#69,.F.);
#1043 = PLANE('',#1044);
#1044 = AXIS2_PLACEMENT_3D('',#1045,#1046,#1047);
#1045 = CARTESIAN_POINT('',(25.6,2.57,5.25));
#1046 = DIRECTION('',(0.,0.,1.));
#1047 = DIRECTION('',(0.,-1.,0.));
#1048 = ADVANCED_FACE('',(#1049),#1099,.F.);
#1049 = FACE_BOUND('',#1050,.F.);
#1050 = EDGE_LOOP('',(#1051,#1059,#1060,#1061,#1069,#1077,#1085,#1093));
#1051 = ORIENTED_EDGE('',*,*,#1052,.T.);
#1052 = EDGE_CURVE('',#1053,#997,#1055,.T.);
#1053 = VERTEX_POINT('',#1054);
#1054 = CARTESIAN_POINT('',(25.6,2.57,2.05));
#1055 = LINE('',#1056,#1057);
#1056 = CARTESIAN_POINT('',(25.6,2.57,2.05));
#1057 = VECTOR('',#1058,1.);
#1058 = DIRECTION('',(0.,0.,1.));
#1059 = ORIENTED_EDGE('',*,*,#996,.T.);
#1060 = ORIENTED_EDGE('',*,*,#61,.T.);
#1061 = ORIENTED_EDGE('',*,*,#1062,.T.);
#1062 = EDGE_CURVE('',#54,#1063,#1065,.T.);
#1063 = VERTEX_POINT('',#1064);
#1064 = CARTESIAN_POINT('',(25.6,0.5468198,3.45));
#1065 = LINE('',#1066,#1067);
#1066 = CARTESIAN_POINT('',(25.6,1.52,3.45));
#1067 = VECTOR('',#1068,1.);
#1068 = DIRECTION('',(0.,-1.,0.));
#1069 = ORIENTED_EDGE('',*,*,#1070,.T.);
#1070 = EDGE_CURVE('',#1063,#1071,#1073,.T.);
#1071 = VERTEX_POINT('',#1072);
#1072 = CARTESIAN_POINT('',(25.6,1.044,2.6151));
#1073 = LINE('',#1074,#1075);
#1074 = CARTESIAN_POINT('',(25.6,0.5468198,3.45));
#1075 = VECTOR('',#1076,1.);
#1076 = DIRECTION('',(0.,0.511647917429,-0.859195209828));
#1077 = ORIENTED_EDGE('',*,*,#1078,.T.);
#1078 = EDGE_CURVE('',#1071,#1079,#1081,.T.);
#1079 = VERTEX_POINT('',#1080);
#1080 = CARTESIAN_POINT('',(25.6,1.52,2.6151));
#1081 = LINE('',#1082,#1083);
#1082 = CARTESIAN_POINT('',(25.6,1.044,2.6151));
#1083 = VECTOR('',#1084,1.);
#1084 = DIRECTION('',(0.,1.,0.));
#1085 = ORIENTED_EDGE('',*,*,#1086,.T.);
#1086 = EDGE_CURVE('',#1079,#1087,#1089,.T.);
#1087 = VERTEX_POINT('',#1088);
#1088 = CARTESIAN_POINT('',(25.6,1.52,2.05));
#1089 = LINE('',#1090,#1091);
#1090 = CARTESIAN_POINT('',(25.6,1.52,2.6151));
#1091 = VECTOR('',#1092,1.);
#1092 = DIRECTION('',(0.,0.,-1.));
#1093 = ORIENTED_EDGE('',*,*,#1094,.T.);
#1094 = EDGE_CURVE('',#1087,#1053,#1095,.T.);
#1095 = LINE('',#1096,#1097);
#1096 = CARTESIAN_POINT('',(25.6,1.52,2.05));
#1097 = VECTOR('',#1098,1.);
#1098 = DIRECTION('',(0.,1.,0.));
#1099 = PLANE('',#1100);
#1100 = AXIS2_PLACEMENT_3D('',#1101,#1102,#1103);
#1101 = CARTESIAN_POINT('',(25.6,1.834452703854,3.573485056924));
#1102 = DIRECTION('',(1.,0.,0.));
#1103 = DIRECTION('',(0.,0.,1.));
#1104 = ADVANCED_FACE('',(#1105,#1148),#1182,.F.);
#1105 = FACE_BOUND('',#1106,.F.);
#1106 = EDGE_LOOP('',(#1107,#1108,#1116,#1124,#1132,#1140,#1146,#1147));
#1107 = ORIENTED_EDGE('',*,*,#99,.F.);
#1108 = ORIENTED_EDGE('',*,*,#1109,.T.);
#1109 = EDGE_CURVE('',#100,#1110,#1112,.T.);
#1110 = VERTEX_POINT('',#1111);
#1111 = CARTESIAN_POINT('',(23.95,-0.98,3.45));
#1112 = LINE('',#1113,#1114);
#1113 = CARTESIAN_POINT('',(26.05,-0.98,3.45));
#1114 = VECTOR('',#1115,1.);
#1115 = DIRECTION('',(-1.,-0.,-0.));
#1116 = ORIENTED_EDGE('',*,*,#1117,.T.);
#1117 = EDGE_CURVE('',#1110,#1118,#1120,.T.);
#1118 = VERTEX_POINT('',#1119);
#1119 = CARTESIAN_POINT('',(23.95,1.52,3.45));
#1120 = LINE('',#1121,#1122);
#1121 = CARTESIAN_POINT('',(23.95,-0.98,3.45));
#1122 = VECTOR('',#1123,1.);
#1123 = DIRECTION('',(0.,1.,0.));
#1124 = ORIENTED_EDGE('',*,*,#1125,.F.);
#1125 = EDGE_CURVE('',#1126,#1118,#1128,.T.);
#1126 = VERTEX_POINT('',#1127);
#1127 = CARTESIAN_POINT('',(24.4,1.52,3.45));
#1128 = LINE('',#1129,#1130);
#1129 = CARTESIAN_POINT('',(26.05,1.52,3.45));
#1130 = VECTOR('',#1131,1.);
#1131 = DIRECTION('',(-1.,-0.,-0.));
#1132 = ORIENTED_EDGE('',*,*,#1133,.T.);
#1133 = EDGE_CURVE('',#1126,#1134,#1136,.T.);
#1134 = VERTEX_POINT('',#1135);
#1135 = CARTESIAN_POINT('',(24.4,0.5468198,3.45));
#1136 = LINE('',#1137,#1138);
#1137 = CARTESIAN_POINT('',(24.4,1.52,3.45));
#1138 = VECTOR('',#1139,1.);
#1139 = DIRECTION('',(0.,-1.,0.));
#1140 = ORIENTED_EDGE('',*,*,#1141,.F.);
#1141 = EDGE_CURVE('',#1063,#1134,#1142,.T.);
#1142 = LINE('',#1143,#1144);
#1143 = CARTESIAN_POINT('',(25.6,0.5468198,3.45));
#1144 = VECTOR('',#1145,1.);
#1145 = DIRECTION('',(-1.,-0.,-0.));
#1146 = ORIENTED_EDGE('',*,*,#1062,.F.);
#1147 = ORIENTED_EDGE('',*,*,#53,.F.);
#1148 = FACE_BOUND('',#1149,.F.);
#1149 = EDGE_LOOP('',(#1150,#1160,#1168,#1176));
#1150 = ORIENTED_EDGE('',*,*,#1151,.F.);
#1151 = EDGE_CURVE('',#1152,#1154,#1156,.T.);
#1152 = VERTEX_POINT('',#1153);
#1153 = CARTESIAN_POINT('',(25.4,-0.4,3.45));
#1154 = VERTEX_POINT('',#1155);
#1155 = CARTESIAN_POINT('',(24.6,-0.4,3.45));
#1156 = LINE('',#1157,#1158);
#1157 = CARTESIAN_POINT('',(25.4,-0.4,3.45));
#1158 = VECTOR('',#1159,1.);
#1159 = DIRECTION('',(-1.,-0.,-0.));
#1160 = ORIENTED_EDGE('',*,*,#1161,.F.);
#1161 = EDGE_CURVE('',#1162,#1152,#1164,.T.);
#1162 = VERTEX_POINT('',#1163);
#1163 = CARTESIAN_POINT('',(25.4,0.4,3.45));
#1164 = LINE('',#1165,#1166);
#1165 = CARTESIAN_POINT('',(25.4,0.4,3.45));
#1166 = VECTOR('',#1167,1.);
#1167 = DIRECTION('',(0.,-1.,0.));
#1168 = ORIENTED_EDGE('',*,*,#1169,.T.);
#1169 = EDGE_CURVE('',#1162,#1170,#1172,.T.);
#1170 = VERTEX_POINT('',#1171);
#1171 = CARTESIAN_POINT('',(24.6,0.4,3.45));
#1172 = LINE('',#1173,#1174);
#1173 = CARTESIAN_POINT('',(25.4,0.4,3.45));
#1174 = VECTOR('',#1175,1.);
#1175 = DIRECTION('',(-1.,-0.,-0.));
#1176 = ORIENTED_EDGE('',*,*,#1177,.T.);
#1177 = EDGE_CURVE('',#1170,#1154,#1178,.T.);
#1178 = LINE('',#1179,#1180);
#1179 = CARTESIAN_POINT('',(24.6,0.4,3.45));
#1180 = VECTOR('',#1181,1.);
#1181 = DIRECTION('',(0.,-1.,0.));
#1182 = PLANE('',#1183);
#1183 = AXIS2_PLACEMENT_3D('',#1184,#1185,#1186);
#1184 = CARTESIAN_POINT('',(26.05,-0.98,3.45));
#1185 = DIRECTION('',(0.,0.,-1.));
#1186 = DIRECTION('',(0.,1.,0.));
#1187 = ADVANCED_FACE('',(#1188),#1199,.F.);
#1188 = FACE_BOUND('',#1189,.F.);
#1189 = EDGE_LOOP('',(#1190,#1191,#1197,#1198));
#1190 = ORIENTED_EDGE('',*,*,#918,.T.);
#1191 = ORIENTED_EDGE('',*,*,#1192,.T.);
#1192 = EDGE_CURVE('',#919,#1110,#1193,.T.);
#1193 = LINE('',#1194,#1195);
#1194 = CARTESIAN_POINT('',(23.95,-0.98,9.8));
#1195 = VECTOR('',#1196,1.);
#1196 = DIRECTION('',(0.,0.,-1.));
#1197 = ORIENTED_EDGE('',*,*,#1109,.F.);
#1198 = ORIENTED_EDGE('',*,*,#116,.F.);
#1199 = PLANE('',#1200);
#1200 = AXIS2_PLACEMENT_3D('',#1201,#1202,#1203);
#1201 = CARTESIAN_POINT('',(26.05,-0.98,9.8));
#1202 = DIRECTION('',(0.,-1.,0.));
#1203 = DIRECTION('',(0.,0.,-1.));
#1204 = ADVANCED_FACE('',(#1205),#1365,.T.);
#1205 = FACE_BOUND('',#1206,.T.);
#1206 = EDGE_LOOP('',(#1207,#1215,#1216,#1224,#1232,#1240,#1248,#1256,
    #1264,#1272,#1280,#1288,#1296,#1304,#1312,#1318,#1319,#1327,#1335,
    #1343,#1351,#1359));
#1207 = ORIENTED_EDGE('',*,*,#1208,.F.);
#1208 = EDGE_CURVE('',#131,#1209,#1211,.T.);
#1209 = VERTEX_POINT('',#1210);
#1210 = CARTESIAN_POINT('',(27.1,-1.53,9.2));
#1211 = LINE('',#1212,#1213);
#1212 = CARTESIAN_POINT('',(27.1,-1.53,9.8));
#1213 = VECTOR('',#1214,1.);
#1214 = DIRECTION('',(-0.,-0.,-1.));
#1215 = ORIENTED_EDGE('',*,*,#130,.T.);
#1216 = ORIENTED_EDGE('',*,*,#1217,.T.);
#1217 = EDGE_CURVE('',#133,#1218,#1220,.T.);
#1218 = VERTEX_POINT('',#1219);
#1219 = CARTESIAN_POINT('',(25.2,-1.53,5.7));
#1220 = LINE('',#1221,#1222);
#1221 = CARTESIAN_POINT('',(24.95,-1.53,9.8));
#1222 = VECTOR('',#1223,1.);
#1223 = DIRECTION('',(6.086257045056E-02,-2.216329687308E-16,
    -0.998146155389));
#1224 = ORIENTED_EDGE('',*,*,#1225,.F.);
#1225 = EDGE_CURVE('',#1226,#1218,#1228,.T.);
#1226 = VERTEX_POINT('',#1227);
#1227 = CARTESIAN_POINT('',(25.65,-1.53,5.7));
#1228 = LINE('',#1229,#1230);
#1229 = CARTESIAN_POINT('',(25.65,-1.53,5.7));
#1230 = VECTOR('',#1231,1.);
#1231 = DIRECTION('',(-1.,0.,0.));
#1232 = ORIENTED_EDGE('',*,*,#1233,.F.);
#1233 = EDGE_CURVE('',#1234,#1226,#1236,.T.);
#1234 = VERTEX_POINT('',#1235);
#1235 = CARTESIAN_POINT('',(25.65,-1.53,4.9));
#1236 = LINE('',#1237,#1238);
#1237 = CARTESIAN_POINT('',(25.65,-1.53,4.9));
#1238 = VECTOR('',#1239,1.);
#1239 = DIRECTION('',(0.,2.22044604925E-16,1.));
#1240 = ORIENTED_EDGE('',*,*,#1241,.F.);
#1241 = EDGE_CURVE('',#1242,#1234,#1244,.T.);
#1242 = VERTEX_POINT('',#1243);
#1243 = CARTESIAN_POINT('',(24.95,-1.53,3.7));
#1244 = LINE('',#1245,#1246);
#1245 = CARTESIAN_POINT('',(24.95,-1.53,3.7));
#1246 = VECTOR('',#1247,1.);
#1247 = DIRECTION('',(0.503871025524,1.917974447926E-16,0.863778900898)
  );
#1248 = ORIENTED_EDGE('',*,*,#1249,.F.);
#1249 = EDGE_CURVE('',#1250,#1242,#1252,.T.);
#1250 = VERTEX_POINT('',#1251);
#1251 = CARTESIAN_POINT('',(24.35,-1.53,3.7));
#1252 = LINE('',#1253,#1254);
#1253 = CARTESIAN_POINT('',(24.35,-1.53,3.7));
#1254 = VECTOR('',#1255,1.);
#1255 = DIRECTION('',(1.,0.,0.));
#1256 = ORIENTED_EDGE('',*,*,#1257,.F.);
#1257 = EDGE_CURVE('',#1258,#1250,#1260,.T.);
#1258 = VERTEX_POINT('',#1259);
#1259 = CARTESIAN_POINT('',(24.35,-1.53,9.));
#1260 = LINE('',#1261,#1262);
#1261 = CARTESIAN_POINT('',(24.35,-1.53,9.));
#1262 = VECTOR('',#1263,1.);
#1263 = DIRECTION('',(0.,-2.22044604925E-16,-1.));
#1264 = ORIENTED_EDGE('',*,*,#1265,.F.);
#1265 = EDGE_CURVE('',#1266,#1258,#1268,.T.);
#1266 = VERTEX_POINT('',#1267);
#1267 = CARTESIAN_POINT('',(0.65,-1.53,9.));
#1268 = LINE('',#1269,#1270);
#1269 = CARTESIAN_POINT('',(0.65,-1.53,9.));
#1270 = VECTOR('',#1271,1.);
#1271 = DIRECTION('',(1.,0.,0.));
#1272 = ORIENTED_EDGE('',*,*,#1273,.T.);
#1273 = EDGE_CURVE('',#1266,#1274,#1276,.T.);
#1274 = VERTEX_POINT('',#1275);
#1275 = CARTESIAN_POINT('',(0.65,-1.53,3.7));
#1276 = LINE('',#1277,#1278);
#1277 = CARTESIAN_POINT('',(0.65,-1.53,9.));
#1278 = VECTOR('',#1279,1.);
#1279 = DIRECTION('',(0.,-2.22044604925E-16,-1.));
#1280 = ORIENTED_EDGE('',*,*,#1281,.T.);
#1281 = EDGE_CURVE('',#1274,#1282,#1284,.T.);
#1282 = VERTEX_POINT('',#1283);
#1283 = CARTESIAN_POINT('',(5.E-02,-1.53,3.7));
#1284 = LINE('',#1285,#1286);
#1285 = CARTESIAN_POINT('',(0.65,-1.53,3.7));
#1286 = VECTOR('',#1287,1.);
#1287 = DIRECTION('',(-1.,0.,0.));
#1288 = ORIENTED_EDGE('',*,*,#1289,.T.);
#1289 = EDGE_CURVE('',#1282,#1290,#1292,.T.);
#1290 = VERTEX_POINT('',#1291);
#1291 = CARTESIAN_POINT('',(-0.65,-1.53,4.9));
#1292 = LINE('',#1293,#1294);
#1293 = CARTESIAN_POINT('',(5.E-02,-1.53,3.7));
#1294 = VECTOR('',#1295,1.);
#1295 = DIRECTION('',(-0.503871025524,1.917974447926E-16,0.863778900898)
  );
#1296 = ORIENTED_EDGE('',*,*,#1297,.T.);
#1297 = EDGE_CURVE('',#1290,#1298,#1300,.T.);
#1298 = VERTEX_POINT('',#1299);
#1299 = CARTESIAN_POINT('',(-0.65,-1.53,5.7));
#1300 = LINE('',#1301,#1302);
#1301 = CARTESIAN_POINT('',(-0.65,-1.53,4.9));
#1302 = VECTOR('',#1303,1.);
#1303 = DIRECTION('',(0.,2.22044604925E-16,1.));
#1304 = ORIENTED_EDGE('',*,*,#1305,.T.);
#1305 = EDGE_CURVE('',#1298,#1306,#1308,.T.);
#1306 = VERTEX_POINT('',#1307);
#1307 = CARTESIAN_POINT('',(-0.2,-1.53,5.7));
#1308 = LINE('',#1309,#1310);
#1309 = CARTESIAN_POINT('',(-0.65,-1.53,5.7));
#1310 = VECTOR('',#1311,1.);
#1311 = DIRECTION('',(1.,0.,0.));
#1312 = ORIENTED_EDGE('',*,*,#1313,.F.);
#1313 = EDGE_CURVE('',#225,#1306,#1314,.T.);
#1314 = LINE('',#1315,#1316);
#1315 = CARTESIAN_POINT('',(5.E-02,-1.53,9.8));
#1316 = VECTOR('',#1317,1.);
#1317 = DIRECTION('',(-6.086257045056E-02,-2.216329687308E-16,
    -0.998146155389));
#1318 = ORIENTED_EDGE('',*,*,#224,.T.);
#1319 = ORIENTED_EDGE('',*,*,#1320,.T.);
#1320 = EDGE_CURVE('',#216,#1321,#1323,.T.);
#1321 = VERTEX_POINT('',#1322);
#1322 = CARTESIAN_POINT('',(-2.1,-1.53,9.2));
#1323 = LINE('',#1324,#1325);
#1324 = CARTESIAN_POINT('',(-2.1,-1.53,9.8));
#1325 = VECTOR('',#1326,1.);
#1326 = DIRECTION('',(-0.,-0.,-1.));
#1327 = ORIENTED_EDGE('',*,*,#1328,.F.);
#1328 = EDGE_CURVE('',#1329,#1321,#1331,.T.);
#1329 = VERTEX_POINT('',#1330);
#1330 = CARTESIAN_POINT('',(-1.6,-1.53,9.2));
#1331 = LINE('',#1332,#1333);
#1332 = CARTESIAN_POINT('',(27.1,-1.53,9.2));
#1333 = VECTOR('',#1334,1.);
#1334 = DIRECTION('',(-1.,0.,0.));
#1335 = ORIENTED_EDGE('',*,*,#1336,.T.);
#1336 = EDGE_CURVE('',#1329,#1337,#1339,.T.);
#1337 = VERTEX_POINT('',#1338);
#1338 = CARTESIAN_POINT('',(-1.6,-1.53,2.7));
#1339 = LINE('',#1340,#1341);
#1340 = CARTESIAN_POINT('',(-1.6,-1.53,9.8));
#1341 = VECTOR('',#1342,1.);
#1342 = DIRECTION('',(0.,0.,-1.));
#1343 = ORIENTED_EDGE('',*,*,#1344,.F.);
#1344 = EDGE_CURVE('',#1345,#1337,#1347,.T.);
#1345 = VERTEX_POINT('',#1346);
#1346 = CARTESIAN_POINT('',(26.6,-1.53,2.7));
#1347 = LINE('',#1348,#1349);
#1348 = CARTESIAN_POINT('',(26.6,-1.53,2.7));
#1349 = VECTOR('',#1350,1.);
#1350 = DIRECTION('',(-1.,-0.,-0.));
#1351 = ORIENTED_EDGE('',*,*,#1352,.F.);
#1352 = EDGE_CURVE('',#1353,#1345,#1355,.T.);
#1353 = VERTEX_POINT('',#1354);
#1354 = CARTESIAN_POINT('',(26.6,-1.53,9.2));
#1355 = LINE('',#1356,#1357);
#1356 = CARTESIAN_POINT('',(26.6,-1.53,9.8));
#1357 = VECTOR('',#1358,1.);
#1358 = DIRECTION('',(0.,0.,-1.));
#1359 = ORIENTED_EDGE('',*,*,#1360,.F.);
#1360 = EDGE_CURVE('',#1209,#1353,#1361,.T.);
#1361 = LINE('',#1362,#1363);
#1362 = CARTESIAN_POINT('',(27.1,-1.53,9.2));
#1363 = VECTOR('',#1364,1.);
#1364 = DIRECTION('',(-1.,0.,0.));
#1365 = PLANE('',#1366);
#1366 = AXIS2_PLACEMENT_3D('',#1367,#1368,#1369);
#1367 = CARTESIAN_POINT('',(12.5,-1.53,6.339531680441));
#1368 = DIRECTION('',(-0.,-1.,-0.));
#1369 = DIRECTION('',(0.,0.,-1.));
#1370 = ADVANCED_FACE('',(#1371),#1389,.T.);
#1371 = FACE_BOUND('',#1372,.T.);
#1372 = EDGE_LOOP('',(#1373,#1374,#1382,#1388));
#1373 = ORIENTED_EDGE('',*,*,#248,.T.);
#1374 = ORIENTED_EDGE('',*,*,#1375,.T.);
#1375 = EDGE_CURVE('',#241,#1376,#1378,.T.);
#1376 = VERTEX_POINT('',#1377);
#1377 = CARTESIAN_POINT('',(25.2,-2.33,5.7));
#1378 = LINE('',#1379,#1380);
#1379 = CARTESIAN_POINT('',(24.95,-2.33,9.8));
#1380 = VECTOR('',#1381,1.);
#1381 = DIRECTION('',(6.086257045056E-02,-2.216329687308E-16,
    -0.998146155389));
#1382 = ORIENTED_EDGE('',*,*,#1383,.F.);
#1383 = EDGE_CURVE('',#1218,#1376,#1384,.T.);
#1384 = LINE('',#1385,#1386);
#1385 = CARTESIAN_POINT('',(25.2,-1.53,5.7));
#1386 = VECTOR('',#1387,1.);
#1387 = DIRECTION('',(0.,-1.,2.22044604925E-16));
#1388 = ORIENTED_EDGE('',*,*,#1217,.F.);
#1389 = PLANE('',#1390);
#1390 = AXIS2_PLACEMENT_3D('',#1391,#1392,#1393);
#1391 = CARTESIAN_POINT('',(24.95,-1.53,9.8));
#1392 = DIRECTION('',(0.998146155389,1.351420541042E-17,
    6.086257045056E-02));
#1393 = DIRECTION('',(6.086257045056E-02,-2.216329687308E-16,
    -0.998146155389));
#1394 = ADVANCED_FACE('',(#1395),#1493,.F.);
#1395 = FACE_BOUND('',#1396,.T.);
#1396 = EDGE_LOOP('',(#1397,#1405,#1413,#1421,#1429,#1437,#1445,#1453,
    #1461,#1469,#1477,#1485,#1491,#1492));
#1397 = ORIENTED_EDGE('',*,*,#1398,.T.);
#1398 = EDGE_CURVE('',#233,#1399,#1401,.T.);
#1399 = VERTEX_POINT('',#1400);
#1400 = CARTESIAN_POINT('',(-0.2,-2.33,5.7));
#1401 = LINE('',#1402,#1403);
#1402 = CARTESIAN_POINT('',(5.E-02,-2.33,9.8));
#1403 = VECTOR('',#1404,1.);
#1404 = DIRECTION('',(-6.086257045056E-02,-2.216329687308E-16,
    -0.998146155389));
#1405 = ORIENTED_EDGE('',*,*,#1406,.F.);
#1406 = EDGE_CURVE('',#1407,#1399,#1409,.T.);
#1407 = VERTEX_POINT('',#1408);
#1408 = CARTESIAN_POINT('',(-0.65,-2.33,5.7));
#1409 = LINE('',#1410,#1411);
#1410 = CARTESIAN_POINT('',(-0.65,-2.33,5.7));
#1411 = VECTOR('',#1412,1.);
#1412 = DIRECTION('',(1.,0.,0.));
#1413 = ORIENTED_EDGE('',*,*,#1414,.F.);
#1414 = EDGE_CURVE('',#1415,#1407,#1417,.T.);
#1415 = VERTEX_POINT('',#1416);
#1416 = CARTESIAN_POINT('',(-0.65,-2.33,4.9));
#1417 = LINE('',#1418,#1419);
#1418 = CARTESIAN_POINT('',(-0.65,-2.33,4.9));
#1419 = VECTOR('',#1420,1.);
#1420 = DIRECTION('',(0.,2.22044604925E-16,1.));
#1421 = ORIENTED_EDGE('',*,*,#1422,.F.);
#1422 = EDGE_CURVE('',#1423,#1415,#1425,.T.);
#1423 = VERTEX_POINT('',#1424);
#1424 = CARTESIAN_POINT('',(5.E-02,-2.33,3.7));
#1425 = LINE('',#1426,#1427);
#1426 = CARTESIAN_POINT('',(5.E-02,-2.33,3.7));
#1427 = VECTOR('',#1428,1.);
#1428 = DIRECTION('',(-0.503871025524,1.917974447926E-16,0.863778900898)
  );
#1429 = ORIENTED_EDGE('',*,*,#1430,.F.);
#1430 = EDGE_CURVE('',#1431,#1423,#1433,.T.);
#1431 = VERTEX_POINT('',#1432);
#1432 = CARTESIAN_POINT('',(0.65,-2.33,3.7));
#1433 = LINE('',#1434,#1435);
#1434 = CARTESIAN_POINT('',(0.65,-2.33,3.7));
#1435 = VECTOR('',#1436,1.);
#1436 = DIRECTION('',(-1.,0.,0.));
#1437 = ORIENTED_EDGE('',*,*,#1438,.F.);
#1438 = EDGE_CURVE('',#1439,#1431,#1441,.T.);
#1439 = VERTEX_POINT('',#1440);
#1440 = CARTESIAN_POINT('',(0.65,-2.33,9.));
#1441 = LINE('',#1442,#1443);
#1442 = CARTESIAN_POINT('',(0.65,-2.33,9.));
#1443 = VECTOR('',#1444,1.);
#1444 = DIRECTION('',(0.,-2.22044604925E-16,-1.));
#1445 = ORIENTED_EDGE('',*,*,#1446,.T.);
#1446 = EDGE_CURVE('',#1439,#1447,#1449,.T.);
#1447 = VERTEX_POINT('',#1448);
#1448 = CARTESIAN_POINT('',(24.35,-2.33,9.));
#1449 = LINE('',#1450,#1451);
#1450 = CARTESIAN_POINT('',(0.65,-2.33,9.));
#1451 = VECTOR('',#1452,1.);
#1452 = DIRECTION('',(1.,0.,0.));
#1453 = ORIENTED_EDGE('',*,*,#1454,.T.);
#1454 = EDGE_CURVE('',#1447,#1455,#1457,.T.);
#1455 = VERTEX_POINT('',#1456);
#1456 = CARTESIAN_POINT('',(24.35,-2.33,3.7));
#1457 = LINE('',#1458,#1459);
#1458 = CARTESIAN_POINT('',(24.35,-2.33,9.));
#1459 = VECTOR('',#1460,1.);
#1460 = DIRECTION('',(0.,-2.22044604925E-16,-1.));
#1461 = ORIENTED_EDGE('',*,*,#1462,.T.);
#1462 = EDGE_CURVE('',#1455,#1463,#1465,.T.);
#1463 = VERTEX_POINT('',#1464);
#1464 = CARTESIAN_POINT('',(24.95,-2.33,3.7));
#1465 = LINE('',#1466,#1467);
#1466 = CARTESIAN_POINT('',(24.35,-2.33,3.7));
#1467 = VECTOR('',#1468,1.);
#1468 = DIRECTION('',(1.,0.,0.));
#1469 = ORIENTED_EDGE('',*,*,#1470,.T.);
#1470 = EDGE_CURVE('',#1463,#1471,#1473,.T.);
#1471 = VERTEX_POINT('',#1472);
#1472 = CARTESIAN_POINT('',(25.65,-2.33,4.9));
#1473 = LINE('',#1474,#1475);
#1474 = CARTESIAN_POINT('',(24.95,-2.33,3.7));
#1475 = VECTOR('',#1476,1.);
#1476 = DIRECTION('',(0.503871025524,1.917974447926E-16,0.863778900898)
  );
#1477 = ORIENTED_EDGE('',*,*,#1478,.T.);
#1478 = EDGE_CURVE('',#1471,#1479,#1481,.T.);
#1479 = VERTEX_POINT('',#1480);
#1480 = CARTESIAN_POINT('',(25.65,-2.33,5.7));
#1481 = LINE('',#1482,#1483);
#1482 = CARTESIAN_POINT('',(25.65,-2.33,4.9));
#1483 = VECTOR('',#1484,1.);
#1484 = DIRECTION('',(0.,2.22044604925E-16,1.));
#1485 = ORIENTED_EDGE('',*,*,#1486,.T.);
#1486 = EDGE_CURVE('',#1479,#1376,#1487,.T.);
#1487 = LINE('',#1488,#1489);
#1488 = CARTESIAN_POINT('',(25.65,-2.33,5.7));
#1489 = VECTOR('',#1490,1.);
#1490 = DIRECTION('',(-1.,0.,0.));
#1491 = ORIENTED_EDGE('',*,*,#1375,.F.);
#1492 = ORIENTED_EDGE('',*,*,#240,.F.);
#1493 = PLANE('',#1494);
#1494 = AXIS2_PLACEMENT_3D('',#1495,#1496,#1497);
#1495 = CARTESIAN_POINT('',(12.5,-2.33,8.367362538223));
#1496 = DIRECTION('',(0.,1.,0.));
#1497 = DIRECTION('',(0.,0.,1.));
#1498 = ADVANCED_FACE('',(#1499),#1510,.F.);
#1499 = FACE_BOUND('',#1500,.F.);
#1500 = EDGE_LOOP('',(#1501,#1502,#1503,#1509));
#1501 = ORIENTED_EDGE('',*,*,#232,.T.);
#1502 = ORIENTED_EDGE('',*,*,#1398,.T.);
#1503 = ORIENTED_EDGE('',*,*,#1504,.F.);
#1504 = EDGE_CURVE('',#1306,#1399,#1505,.T.);
#1505 = LINE('',#1506,#1507);
#1506 = CARTESIAN_POINT('',(-0.2,-1.53,5.7));
#1507 = VECTOR('',#1508,1.);
#1508 = DIRECTION('',(0.,-1.,2.22044604925E-16));
#1509 = ORIENTED_EDGE('',*,*,#1313,.F.);
#1510 = PLANE('',#1511);
#1511 = AXIS2_PLACEMENT_3D('',#1512,#1513,#1514);
#1512 = CARTESIAN_POINT('',(5.E-02,-1.53,9.8));
#1513 = DIRECTION('',(0.998146155389,-1.351420541042E-17,
    -6.086257045056E-02));
#1514 = DIRECTION('',(-6.086257045056E-02,-2.216329687308E-16,
    -0.998146155389));
#1515 = ADVANCED_FACE('',(#1516),#1535,.T.);
#1516 = FACE_BOUND('',#1517,.T.);
#1517 = EDGE_LOOP('',(#1518,#1526,#1533,#1534));
#1518 = ORIENTED_EDGE('',*,*,#1519,.T.);
#1519 = EDGE_CURVE('',#208,#1520,#1522,.T.);
#1520 = VERTEX_POINT('',#1521);
#1521 = CARTESIAN_POINT('',(-2.4,-1.23,9.2));
#1522 = LINE('',#1523,#1524);
#1523 = CARTESIAN_POINT('',(-2.4,-1.23,9.8));
#1524 = VECTOR('',#1525,1.);
#1525 = DIRECTION('',(-0.,-0.,-1.));
#1526 = ORIENTED_EDGE('',*,*,#1527,.T.);
#1527 = EDGE_CURVE('',#1520,#1321,#1528,.T.);
#1528 = CIRCLE('',#1529,0.3);
#1529 = AXIS2_PLACEMENT_3D('',#1530,#1531,#1532);
#1530 = CARTESIAN_POINT('',(-2.1,-1.23,9.2));
#1531 = DIRECTION('',(0.,0.,1.));
#1532 = DIRECTION('',(1.,0.,0.));
#1533 = ORIENTED_EDGE('',*,*,#1320,.F.);
#1534 = ORIENTED_EDGE('',*,*,#215,.F.);
#1535 = CYLINDRICAL_SURFACE('',#1536,0.3);
#1536 = AXIS2_PLACEMENT_3D('',#1537,#1538,#1539);
#1537 = CARTESIAN_POINT('',(-2.1,-1.23,9.8));
#1538 = DIRECTION('',(0.,0.,1.));
#1539 = DIRECTION('',(1.,0.,0.));
#1540 = ADVANCED_FACE('',(#1541),#1559,.F.);
#1541 = FACE_BOUND('',#1542,.F.);
#1542 = EDGE_LOOP('',(#1543,#1544,#1552,#1558));
#1543 = ORIENTED_EDGE('',*,*,#1519,.T.);
#1544 = ORIENTED_EDGE('',*,*,#1545,.T.);
#1545 = EDGE_CURVE('',#1520,#1546,#1548,.T.);
#1546 = VERTEX_POINT('',#1547);
#1547 = CARTESIAN_POINT('',(-2.4,3.07,9.2));
#1548 = LINE('',#1549,#1550);
#1549 = CARTESIAN_POINT('',(-2.4,-1.23,9.2));
#1550 = VECTOR('',#1551,1.);
#1551 = DIRECTION('',(0.,1.,0.));
#1552 = ORIENTED_EDGE('',*,*,#1553,.F.);
#1553 = EDGE_CURVE('',#199,#1546,#1554,.T.);
#1554 = LINE('',#1555,#1556);
#1555 = CARTESIAN_POINT('',(-2.4,3.07,9.8));
#1556 = VECTOR('',#1557,1.);
#1557 = DIRECTION('',(-0.,-0.,-1.));
#1558 = ORIENTED_EDGE('',*,*,#207,.F.);
#1559 = PLANE('',#1560);
#1560 = AXIS2_PLACEMENT_3D('',#1561,#1562,#1563);
#1561 = CARTESIAN_POINT('',(-2.4,-1.23,9.8));
#1562 = DIRECTION('',(1.,0.,0.));
#1563 = DIRECTION('',(0.,1.,0.));
#1564 = ADVANCED_FACE('',(#1565),#1584,.T.);
#1565 = FACE_BOUND('',#1566,.T.);
#1566 = EDGE_LOOP('',(#1567,#1575,#1582,#1583));
#1567 = ORIENTED_EDGE('',*,*,#1568,.T.);
#1568 = EDGE_CURVE('',#191,#1569,#1571,.T.);
#1569 = VERTEX_POINT('',#1570);
#1570 = CARTESIAN_POINT('',(-2.1,3.37,9.2));
#1571 = LINE('',#1572,#1573);
#1572 = CARTESIAN_POINT('',(-2.1,3.37,9.8));
#1573 = VECTOR('',#1574,1.);
#1574 = DIRECTION('',(-0.,-0.,-1.));
#1575 = ORIENTED_EDGE('',*,*,#1576,.T.);
#1576 = EDGE_CURVE('',#1569,#1546,#1577,.T.);
#1577 = CIRCLE('',#1578,0.3);
#1578 = AXIS2_PLACEMENT_3D('',#1579,#1580,#1581);
#1579 = CARTESIAN_POINT('',(-2.1,3.07,9.2));
#1580 = DIRECTION('',(0.,0.,1.));
#1581 = DIRECTION('',(1.,0.,0.));
#1582 = ORIENTED_EDGE('',*,*,#1553,.F.);
#1583 = ORIENTED_EDGE('',*,*,#198,.F.);
#1584 = CYLINDRICAL_SURFACE('',#1585,0.3);
#1585 = AXIS2_PLACEMENT_3D('',#1586,#1587,#1588);
#1586 = CARTESIAN_POINT('',(-2.1,3.07,9.8));
#1587 = DIRECTION('',(0.,0.,1.));
#1588 = DIRECTION('',(1.,0.,0.));
#1589 = ADVANCED_FACE('',(#1590),#1608,.F.);
#1590 = FACE_BOUND('',#1591,.F.);
#1591 = EDGE_LOOP('',(#1592,#1593,#1601,#1607));
#1592 = ORIENTED_EDGE('',*,*,#1568,.T.);
#1593 = ORIENTED_EDGE('',*,*,#1594,.T.);
#1594 = EDGE_CURVE('',#1569,#1595,#1597,.T.);
#1595 = VERTEX_POINT('',#1596);
#1596 = CARTESIAN_POINT('',(27.1,3.37,9.2));
#1597 = LINE('',#1598,#1599);
#1598 = CARTESIAN_POINT('',(-2.1,3.37,9.2));
#1599 = VECTOR('',#1600,1.);
#1600 = DIRECTION('',(1.,0.,0.));
#1601 = ORIENTED_EDGE('',*,*,#1602,.F.);
#1602 = EDGE_CURVE('',#182,#1595,#1603,.T.);
#1603 = LINE('',#1604,#1605);
#1604 = CARTESIAN_POINT('',(27.1,3.37,9.8));
#1605 = VECTOR('',#1606,1.);
#1606 = DIRECTION('',(-0.,-0.,-1.));
#1607 = ORIENTED_EDGE('',*,*,#190,.F.);
#1608 = PLANE('',#1609);
#1609 = AXIS2_PLACEMENT_3D('',#1610,#1611,#1612);
#1610 = CARTESIAN_POINT('',(-2.1,3.37,9.8));
#1611 = DIRECTION('',(0.,-1.,0.));
#1612 = DIRECTION('',(1.,0.,0.));
#1613 = ADVANCED_FACE('',(#1614),#1633,.T.);
#1614 = FACE_BOUND('',#1615,.T.);
#1615 = EDGE_LOOP('',(#1616,#1624,#1631,#1632));
#1616 = ORIENTED_EDGE('',*,*,#1617,.T.);
#1617 = EDGE_CURVE('',#174,#1618,#1620,.T.);
#1618 = VERTEX_POINT('',#1619);
#1619 = CARTESIAN_POINT('',(27.4,3.07,9.2));
#1620 = LINE('',#1621,#1622);
#1621 = CARTESIAN_POINT('',(27.4,3.07,9.8));
#1622 = VECTOR('',#1623,1.);
#1623 = DIRECTION('',(-0.,-0.,-1.));
#1624 = ORIENTED_EDGE('',*,*,#1625,.T.);
#1625 = EDGE_CURVE('',#1618,#1595,#1626,.T.);
#1626 = CIRCLE('',#1627,0.3);
#1627 = AXIS2_PLACEMENT_3D('',#1628,#1629,#1630);
#1628 = CARTESIAN_POINT('',(27.1,3.07,9.2));
#1629 = DIRECTION('',(0.,0.,1.));
#1630 = DIRECTION('',(1.,0.,0.));
#1631 = ORIENTED_EDGE('',*,*,#1602,.F.);
#1632 = ORIENTED_EDGE('',*,*,#181,.F.);
#1633 = CYLINDRICAL_SURFACE('',#1634,0.3);
#1634 = AXIS2_PLACEMENT_3D('',#1635,#1636,#1637);
#1635 = CARTESIAN_POINT('',(27.1,3.07,9.8));
#1636 = DIRECTION('',(0.,0.,1.));
#1637 = DIRECTION('',(1.,0.,0.));
#1638 = ADVANCED_FACE('',(#1639),#1657,.F.);
#1639 = FACE_BOUND('',#1640,.F.);
#1640 = EDGE_LOOP('',(#1641,#1642,#1643,#1651));
#1641 = ORIENTED_EDGE('',*,*,#173,.F.);
#1642 = ORIENTED_EDGE('',*,*,#1617,.T.);
#1643 = ORIENTED_EDGE('',*,*,#1644,.T.);
#1644 = EDGE_CURVE('',#1618,#1645,#1647,.T.);
#1645 = VERTEX_POINT('',#1646);
#1646 = CARTESIAN_POINT('',(27.4,1.4625,9.2));
#1647 = LINE('',#1648,#1649);
#1648 = CARTESIAN_POINT('',(27.4,3.07,9.2));
#1649 = VECTOR('',#1650,1.);
#1650 = DIRECTION('',(0.,-1.,0.));
#1651 = ORIENTED_EDGE('',*,*,#1652,.T.);
#1652 = EDGE_CURVE('',#1645,#166,#1653,.T.);
#1653 = LINE('',#1654,#1655);
#1654 = CARTESIAN_POINT('',(27.4,1.4625,9.8));
#1655 = VECTOR('',#1656,1.);
#1656 = DIRECTION('',(0.,0.,1.));
#1657 = PLANE('',#1658);
#1658 = AXIS2_PLACEMENT_3D('',#1659,#1660,#1661);
#1659 = CARTESIAN_POINT('',(27.4,3.07,9.8));
#1660 = DIRECTION('',(-1.,0.,0.));
#1661 = DIRECTION('',(0.,-1.,0.));
#1662 = ADVANCED_FACE('',(#1663),#1681,.T.);
#1663 = FACE_BOUND('',#1664,.T.);
#1664 = EDGE_LOOP('',(#1665,#1666,#1674,#1680));
#1665 = ORIENTED_EDGE('',*,*,#165,.F.);
#1666 = ORIENTED_EDGE('',*,*,#1667,.T.);
#1667 = EDGE_CURVE('',#158,#1668,#1670,.T.);
#1668 = VERTEX_POINT('',#1669);
#1669 = CARTESIAN_POINT('',(26.65,0.9,9.2));
#1670 = LINE('',#1671,#1672);
#1671 = CARTESIAN_POINT('',(26.65,0.9,9.8));
#1672 = VECTOR('',#1673,1.);
#1673 = DIRECTION('',(-0.,-0.,-1.));
#1674 = ORIENTED_EDGE('',*,*,#1675,.T.);
#1675 = EDGE_CURVE('',#1668,#1645,#1676,.T.);
#1676 = LINE('',#1677,#1678);
#1677 = CARTESIAN_POINT('',(22.1268,-2.4924,9.2));
#1678 = VECTOR('',#1679,1.);
#1679 = DIRECTION('',(0.8,0.6,0.));
#1680 = ORIENTED_EDGE('',*,*,#1652,.T.);
#1681 = PLANE('',#1682);
#1682 = AXIS2_PLACEMENT_3D('',#1683,#1684,#1685);
#1683 = CARTESIAN_POINT('',(26.65,0.9,9.8));
#1684 = DIRECTION('',(0.6,-0.8,0.));
#1685 = DIRECTION('',(0.8,0.6,0.));
#1686 = ADVANCED_FACE('',(#1687),#1705,.T.);
#1687 = FACE_BOUND('',#1688,.T.);
#1688 = EDGE_LOOP('',(#1689,#1690,#1698,#1704));
#1689 = ORIENTED_EDGE('',*,*,#157,.F.);
#1690 = ORIENTED_EDGE('',*,*,#1691,.T.);
#1691 = EDGE_CURVE('',#150,#1692,#1694,.T.);
#1692 = VERTEX_POINT('',#1693);
#1693 = CARTESIAN_POINT('',(27.4,0.3375,9.2));
#1694 = LINE('',#1695,#1696);
#1695 = CARTESIAN_POINT('',(27.4,0.3375,9.8));
#1696 = VECTOR('',#1697,1.);
#1697 = DIRECTION('',(0.,0.,-1.));
#1698 = ORIENTED_EDGE('',*,*,#1699,.T.);
#1699 = EDGE_CURVE('',#1692,#1668,#1700,.T.);
#1700 = LINE('',#1701,#1702);
#1701 = CARTESIAN_POINT('',(22.5172,3.9996,9.2));
#1702 = VECTOR('',#1703,1.);
#1703 = DIRECTION('',(-0.8,0.6,0.));
#1704 = ORIENTED_EDGE('',*,*,#1667,.F.);
#1705 = PLANE('',#1706);
#1706 = AXIS2_PLACEMENT_3D('',#1707,#1708,#1709);
#1707 = CARTESIAN_POINT('',(27.45,0.3,9.8));
#1708 = DIRECTION('',(0.6,0.8,0.));
#1709 = DIRECTION('',(-0.8,0.6,0.));
#1710 = ADVANCED_FACE('',(#1711),#1729,.F.);
#1711 = FACE_BOUND('',#1712,.F.);
#1712 = EDGE_LOOP('',(#1713,#1714,#1715,#1723));
#1713 = ORIENTED_EDGE('',*,*,#149,.F.);
#1714 = ORIENTED_EDGE('',*,*,#1691,.T.);
#1715 = ORIENTED_EDGE('',*,*,#1716,.T.);
#1716 = EDGE_CURVE('',#1692,#1717,#1719,.T.);
#1717 = VERTEX_POINT('',#1718);
#1718 = CARTESIAN_POINT('',(27.4,-1.23,9.2));
#1719 = LINE('',#1720,#1721);
#1720 = CARTESIAN_POINT('',(27.4,3.07,9.2));
#1721 = VECTOR('',#1722,1.);
#1722 = DIRECTION('',(0.,-1.,0.));
#1723 = ORIENTED_EDGE('',*,*,#1724,.F.);
#1724 = EDGE_CURVE('',#141,#1717,#1725,.T.);
#1725 = LINE('',#1726,#1727);
#1726 = CARTESIAN_POINT('',(27.4,-1.23,9.8));
#1727 = VECTOR('',#1728,1.);
#1728 = DIRECTION('',(-0.,-0.,-1.));
#1729 = PLANE('',#1730);
#1730 = AXIS2_PLACEMENT_3D('',#1731,#1732,#1733);
#1731 = CARTESIAN_POINT('',(27.4,3.07,9.8));
#1732 = DIRECTION('',(-1.,0.,0.));
#1733 = DIRECTION('',(0.,-1.,0.));
#1734 = ADVANCED_FACE('',(#1735),#1747,.T.);
#1735 = FACE_BOUND('',#1736,.T.);
#1736 = EDGE_LOOP('',(#1737,#1738,#1745,#1746));
#1737 = ORIENTED_EDGE('',*,*,#1208,.T.);
#1738 = ORIENTED_EDGE('',*,*,#1739,.T.);
#1739 = EDGE_CURVE('',#1209,#1717,#1740,.T.);
#1740 = CIRCLE('',#1741,0.3);
#1741 = AXIS2_PLACEMENT_3D('',#1742,#1743,#1744);
#1742 = CARTESIAN_POINT('',(27.1,-1.23,9.2));
#1743 = DIRECTION('',(0.,0.,1.));
#1744 = DIRECTION('',(1.,0.,0.));
#1745 = ORIENTED_EDGE('',*,*,#1724,.F.);
#1746 = ORIENTED_EDGE('',*,*,#140,.F.);
#1747 = CYLINDRICAL_SURFACE('',#1748,0.3);
#1748 = AXIS2_PLACEMENT_3D('',#1749,#1750,#1751);
#1749 = CARTESIAN_POINT('',(27.1,-1.23,9.8));
#1750 = DIRECTION('',(0.,0.,1.));
#1751 = DIRECTION('',(1.,0.,0.));
#1752 = ADVANCED_FACE('',(#1753),#1794,.F.);
#1753 = FACE_BOUND('',#1754,.F.);
#1754 = EDGE_LOOP('',(#1755,#1763,#1771,#1779,#1787,#1793));
#1755 = ORIENTED_EDGE('',*,*,#1756,.F.);
#1756 = EDGE_CURVE('',#1757,#257,#1759,.T.);
#1757 = VERTEX_POINT('',#1758);
#1758 = CARTESIAN_POINT('',(1.05,1.52,3.45));
#1759 = LINE('',#1760,#1761);
#1760 = CARTESIAN_POINT('',(1.05,1.52,3.45));
#1761 = VECTOR('',#1762,1.);
#1762 = DIRECTION('',(0.,0.,1.));
#1763 = ORIENTED_EDGE('',*,*,#1764,.T.);
#1764 = EDGE_CURVE('',#1757,#1765,#1767,.T.);
#1765 = VERTEX_POINT('',#1766);
#1766 = CARTESIAN_POINT('',(0.6,1.52,3.45));
#1767 = LINE('',#1768,#1769);
#1768 = CARTESIAN_POINT('',(1.05,1.52,3.45));
#1769 = VECTOR('',#1770,1.);
#1770 = DIRECTION('',(-1.,-0.,-0.));
#1771 = ORIENTED_EDGE('',*,*,#1772,.F.);
#1772 = EDGE_CURVE('',#1773,#1765,#1775,.T.);
#1773 = VERTEX_POINT('',#1774);
#1774 = CARTESIAN_POINT('',(0.6,1.52,5.25));
#1775 = LINE('',#1776,#1777);
#1776 = CARTESIAN_POINT('',(0.6,1.52,5.25));
#1777 = VECTOR('',#1778,1.);
#1778 = DIRECTION('',(0.,1.233581138472E-16,-1.));
#1779 = ORIENTED_EDGE('',*,*,#1780,.T.);
#1780 = EDGE_CURVE('',#1773,#1781,#1783,.T.);
#1781 = VERTEX_POINT('',#1782);
#1782 = CARTESIAN_POINT('',(0.5,1.52,5.25));
#1783 = LINE('',#1784,#1785);
#1784 = CARTESIAN_POINT('',(0.6,1.52,5.25));
#1785 = VECTOR('',#1786,1.);
#1786 = DIRECTION('',(-1.,-0.,-0.));
#1787 = ORIENTED_EDGE('',*,*,#1788,.F.);
#1788 = EDGE_CURVE('',#259,#1781,#1789,.T.);
#1789 = LINE('',#1790,#1791);
#1790 = CARTESIAN_POINT('',(0.5,1.52,9.8));
#1791 = VECTOR('',#1792,1.);
#1792 = DIRECTION('',(0.,0.,-1.));
#1793 = ORIENTED_EDGE('',*,*,#256,.F.);
#1794 = PLANE('',#1795);
#1795 = AXIS2_PLACEMENT_3D('',#1796,#1797,#1798);
#1796 = CARTESIAN_POINT('',(1.05,1.52,3.45));
#1797 = DIRECTION('',(0.,1.,0.));
#1798 = DIRECTION('',(0.,0.,1.));
#1799 = ADVANCED_FACE('',(#1800),#1818,.F.);
#1800 = FACE_BOUND('',#1801,.F.);
#1801 = EDGE_LOOP('',(#1802,#1810,#1811,#1812));
#1802 = ORIENTED_EDGE('',*,*,#1803,.T.);
#1803 = EDGE_CURVE('',#1804,#1757,#1806,.T.);
#1804 = VERTEX_POINT('',#1805);
#1805 = CARTESIAN_POINT('',(1.05,-0.98,3.45));
#1806 = LINE('',#1807,#1808);
#1807 = CARTESIAN_POINT('',(1.05,-0.98,3.45));
#1808 = VECTOR('',#1809,1.);
#1809 = DIRECTION('',(0.,1.,0.));
#1810 = ORIENTED_EDGE('',*,*,#1756,.T.);
#1811 = ORIENTED_EDGE('',*,*,#266,.T.);
#1812 = ORIENTED_EDGE('',*,*,#1813,.T.);
#1813 = EDGE_CURVE('',#267,#1804,#1814,.T.);
#1814 = LINE('',#1815,#1816);
#1815 = CARTESIAN_POINT('',(1.05,-0.98,9.8));
#1816 = VECTOR('',#1817,1.);
#1817 = DIRECTION('',(0.,0.,-1.));
#1818 = PLANE('',#1819);
#1819 = AXIS2_PLACEMENT_3D('',#1820,#1821,#1822);
#1820 = CARTESIAN_POINT('',(1.05,0.27,6.625));
#1821 = DIRECTION('',(1.,0.,0.));
#1822 = DIRECTION('',(0.,0.,1.));
#1823 = ADVANCED_FACE('',(#1824),#1842,.F.);
#1824 = FACE_BOUND('',#1825,.F.);
#1825 = EDGE_LOOP('',(#1826,#1827,#1835,#1841));
#1826 = ORIENTED_EDGE('',*,*,#1788,.T.);
#1827 = ORIENTED_EDGE('',*,*,#1828,.T.);
#1828 = EDGE_CURVE('',#1781,#1829,#1831,.T.);
#1829 = VERTEX_POINT('',#1830);
#1830 = CARTESIAN_POINT('',(0.5,1.92,5.25));
#1831 = LINE('',#1832,#1833);
#1832 = CARTESIAN_POINT('',(0.5,1.52,5.25));
#1833 = VECTOR('',#1834,1.);
#1834 = DIRECTION('',(0.,1.,0.));
#1835 = ORIENTED_EDGE('',*,*,#1836,.T.);
#1836 = EDGE_CURVE('',#1829,#307,#1837,.T.);
#1837 = LINE('',#1838,#1839);
#1838 = CARTESIAN_POINT('',(0.5,1.92,5.25));
#1839 = VECTOR('',#1840,1.);
#1840 = DIRECTION('',(0.,0.,1.));
#1841 = ORIENTED_EDGE('',*,*,#314,.T.);
#1842 = PLANE('',#1843);
#1843 = AXIS2_PLACEMENT_3D('',#1844,#1845,#1846);
#1844 = CARTESIAN_POINT('',(0.5,1.72,7.525));
#1845 = DIRECTION('',(1.,0.,0.));
#1846 = DIRECTION('',(0.,0.,1.));
#1847 = ADVANCED_FACE('',(#1848),#1866,.F.);
#1848 = FACE_BOUND('',#1849,.F.);
#1849 = EDGE_LOOP('',(#1850,#1851,#1859,#1865));
#1850 = ORIENTED_EDGE('',*,*,#274,.T.);
#1851 = ORIENTED_EDGE('',*,*,#1852,.T.);
#1852 = EDGE_CURVE('',#275,#1853,#1855,.T.);
#1853 = VERTEX_POINT('',#1854);
#1854 = CARTESIAN_POINT('',(-1.05,-0.98,3.45));
#1855 = LINE('',#1856,#1857);
#1856 = CARTESIAN_POINT('',(-1.05,-0.98,9.8));
#1857 = VECTOR('',#1858,1.);
#1858 = DIRECTION('',(0.,0.,-1.));
#1859 = ORIENTED_EDGE('',*,*,#1860,.F.);
#1860 = EDGE_CURVE('',#1804,#1853,#1861,.T.);
#1861 = LINE('',#1862,#1863);
#1862 = CARTESIAN_POINT('',(1.05,-0.98,3.45));
#1863 = VECTOR('',#1864,1.);
#1864 = DIRECTION('',(-1.,-0.,-0.));
#1865 = ORIENTED_EDGE('',*,*,#1813,.F.);
#1866 = PLANE('',#1867);
#1867 = AXIS2_PLACEMENT_3D('',#1868,#1869,#1870);
#1868 = CARTESIAN_POINT('',(1.05,-0.98,9.8));
#1869 = DIRECTION('',(0.,-1.,0.));
#1870 = DIRECTION('',(0.,0.,-1.));
#1871 = ADVANCED_FACE('',(#1872),#1890,.F.);
#1872 = FACE_BOUND('',#1873,.F.);
#1873 = EDGE_LOOP('',(#1874,#1882,#1888,#1889));
#1874 = ORIENTED_EDGE('',*,*,#1875,.T.);
#1875 = EDGE_CURVE('',#1829,#1876,#1878,.T.);
#1876 = VERTEX_POINT('',#1877);
#1877 = CARTESIAN_POINT('',(-0.5,1.92,5.25));
#1878 = LINE('',#1879,#1880);
#1879 = CARTESIAN_POINT('',(0.5,1.92,5.25));
#1880 = VECTOR('',#1881,1.);
#1881 = DIRECTION('',(-1.,-0.,-0.));
#1882 = ORIENTED_EDGE('',*,*,#1883,.T.);
#1883 = EDGE_CURVE('',#1876,#299,#1884,.T.);
#1884 = LINE('',#1885,#1886);
#1885 = CARTESIAN_POINT('',(-0.5,1.92,5.25));
#1886 = VECTOR('',#1887,1.);
#1887 = DIRECTION('',(0.,0.,1.));
#1888 = ORIENTED_EDGE('',*,*,#306,.F.);
#1889 = ORIENTED_EDGE('',*,*,#1836,.F.);
#1890 = PLANE('',#1891);
#1891 = AXIS2_PLACEMENT_3D('',#1892,#1893,#1894);
#1892 = CARTESIAN_POINT('',(0.5,1.92,5.25));
#1893 = DIRECTION('',(0.,1.,0.));
#1894 = DIRECTION('',(0.,0.,1.));
#1895 = ADVANCED_FACE('',(#1896),#1914,.T.);
#1896 = FACE_BOUND('',#1897,.T.);
#1897 = EDGE_LOOP('',(#1898,#1906,#1912,#1913));
#1898 = ORIENTED_EDGE('',*,*,#1899,.T.);
#1899 = EDGE_CURVE('',#1853,#1900,#1902,.T.);
#1900 = VERTEX_POINT('',#1901);
#1901 = CARTESIAN_POINT('',(-1.05,1.52,3.45));
#1902 = LINE('',#1903,#1904);
#1903 = CARTESIAN_POINT('',(-1.05,-0.98,3.45));
#1904 = VECTOR('',#1905,1.);
#1905 = DIRECTION('',(0.,1.,0.));
#1906 = ORIENTED_EDGE('',*,*,#1907,.T.);
#1907 = EDGE_CURVE('',#1900,#283,#1908,.T.);
#1908 = LINE('',#1909,#1910);
#1909 = CARTESIAN_POINT('',(-1.05,1.52,3.45));
#1910 = VECTOR('',#1911,1.);
#1911 = DIRECTION('',(0.,0.,1.));
#1912 = ORIENTED_EDGE('',*,*,#282,.T.);
#1913 = ORIENTED_EDGE('',*,*,#1852,.T.);
#1914 = PLANE('',#1915);
#1915 = AXIS2_PLACEMENT_3D('',#1916,#1917,#1918);
#1916 = CARTESIAN_POINT('',(-1.05,0.27,6.625));
#1917 = DIRECTION('',(1.,0.,0.));
#1918 = DIRECTION('',(0.,0.,1.));
#1919 = ADVANCED_FACE('',(#1920),#1938,.T.);
#1920 = FACE_BOUND('',#1921,.T.);
#1921 = EDGE_LOOP('',(#1922,#1930,#1936,#1937));
#1922 = ORIENTED_EDGE('',*,*,#1923,.T.);
#1923 = EDGE_CURVE('',#291,#1924,#1926,.T.);
#1924 = VERTEX_POINT('',#1925);
#1925 = CARTESIAN_POINT('',(-0.5,1.52,5.25));
#1926 = LINE('',#1927,#1928);
#1927 = CARTESIAN_POINT('',(-0.5,1.52,9.8));
#1928 = VECTOR('',#1929,1.);
#1929 = DIRECTION('',(0.,0.,-1.));
#1930 = ORIENTED_EDGE('',*,*,#1931,.T.);
#1931 = EDGE_CURVE('',#1924,#1876,#1932,.T.);
#1932 = LINE('',#1933,#1934);
#1933 = CARTESIAN_POINT('',(-0.5,1.52,5.25));
#1934 = VECTOR('',#1935,1.);
#1935 = DIRECTION('',(0.,1.,0.));
#1936 = ORIENTED_EDGE('',*,*,#1883,.T.);
#1937 = ORIENTED_EDGE('',*,*,#298,.T.);
#1938 = PLANE('',#1939);
#1939 = AXIS2_PLACEMENT_3D('',#1940,#1941,#1942);
#1940 = CARTESIAN_POINT('',(-0.5,1.72,7.525));
#1941 = DIRECTION('',(1.,0.,0.));
#1942 = DIRECTION('',(0.,0.,1.));
#1943 = ADVANCED_FACE('',(#1944),#1971,.F.);
#1944 = FACE_BOUND('',#1945,.F.);
#1945 = EDGE_LOOP('',(#1946,#1947,#1948,#1956,#1964,#1970));
#1946 = ORIENTED_EDGE('',*,*,#290,.F.);
#1947 = ORIENTED_EDGE('',*,*,#1923,.T.);
#1948 = ORIENTED_EDGE('',*,*,#1949,.T.);
#1949 = EDGE_CURVE('',#1924,#1950,#1952,.T.);
#1950 = VERTEX_POINT('',#1951);
#1951 = CARTESIAN_POINT('',(-0.6,1.52,5.25));
#1952 = LINE('',#1953,#1954);
#1953 = CARTESIAN_POINT('',(0.6,1.52,5.25));
#1954 = VECTOR('',#1955,1.);
#1955 = DIRECTION('',(-1.,-0.,-0.));
#1956 = ORIENTED_EDGE('',*,*,#1957,.T.);
#1957 = EDGE_CURVE('',#1950,#1958,#1960,.T.);
#1958 = VERTEX_POINT('',#1959);
#1959 = CARTESIAN_POINT('',(-0.6,1.52,3.45));
#1960 = LINE('',#1961,#1962);
#1961 = CARTESIAN_POINT('',(-0.6,1.52,5.25));
#1962 = VECTOR('',#1963,1.);
#1963 = DIRECTION('',(0.,1.233581138472E-16,-1.));
#1964 = ORIENTED_EDGE('',*,*,#1965,.T.);
#1965 = EDGE_CURVE('',#1958,#1900,#1966,.T.);
#1966 = LINE('',#1967,#1968);
#1967 = CARTESIAN_POINT('',(1.05,1.52,3.45));
#1968 = VECTOR('',#1969,1.);
#1969 = DIRECTION('',(-1.,-0.,-0.));
#1970 = ORIENTED_EDGE('',*,*,#1907,.T.);
#1971 = PLANE('',#1972);
#1972 = AXIS2_PLACEMENT_3D('',#1973,#1974,#1975);
#1973 = CARTESIAN_POINT('',(1.05,1.52,3.45));
#1974 = DIRECTION('',(0.,1.,0.));
#1975 = DIRECTION('',(0.,0.,1.));
#1976 = ADVANCED_FACE('',(#1977),#2018,.F.);
#1977 = FACE_BOUND('',#1978,.F.);
#1978 = EDGE_LOOP('',(#1979,#1987,#1995,#2003,#2011,#2017));
#1979 = ORIENTED_EDGE('',*,*,#1980,.F.);
#1980 = EDGE_CURVE('',#1981,#323,#1983,.T.);
#1981 = VERTEX_POINT('',#1982);
#1982 = CARTESIAN_POINT('',(3.55,1.52,3.45));
#1983 = LINE('',#1984,#1985);
#1984 = CARTESIAN_POINT('',(3.55,1.52,3.45));
#1985 = VECTOR('',#1986,1.);
#1986 = DIRECTION('',(0.,0.,1.));
#1987 = ORIENTED_EDGE('',*,*,#1988,.T.);
#1988 = EDGE_CURVE('',#1981,#1989,#1991,.T.);
#1989 = VERTEX_POINT('',#1990);
#1990 = CARTESIAN_POINT('',(3.1,1.52,3.45));
#1991 = LINE('',#1992,#1993);
#1992 = CARTESIAN_POINT('',(3.55,1.52,3.45));
#1993 = VECTOR('',#1994,1.);
#1994 = DIRECTION('',(-1.,-0.,-0.));
#1995 = ORIENTED_EDGE('',*,*,#1996,.F.);
#1996 = EDGE_CURVE('',#1997,#1989,#1999,.T.);
#1997 = VERTEX_POINT('',#1998);
#1998 = CARTESIAN_POINT('',(3.1,1.52,5.25));
#1999 = LINE('',#2000,#2001);
#2000 = CARTESIAN_POINT('',(3.1,1.52,5.25));
#2001 = VECTOR('',#2002,1.);
#2002 = DIRECTION('',(0.,1.233581138472E-16,-1.));
#2003 = ORIENTED_EDGE('',*,*,#2004,.T.);
#2004 = EDGE_CURVE('',#1997,#2005,#2007,.T.);
#2005 = VERTEX_POINT('',#2006);
#2006 = CARTESIAN_POINT('',(3.,1.52,5.25));
#2007 = LINE('',#2008,#2009);
#2008 = CARTESIAN_POINT('',(3.1,1.52,5.25));
#2009 = VECTOR('',#2010,1.);
#2010 = DIRECTION('',(-1.,-0.,-0.));
#2011 = ORIENTED_EDGE('',*,*,#2012,.F.);
#2012 = EDGE_CURVE('',#325,#2005,#2013,.T.);
#2013 = LINE('',#2014,#2015);
#2014 = CARTESIAN_POINT('',(3.,1.52,9.8));
#2015 = VECTOR('',#2016,1.);
#2016 = DIRECTION('',(0.,0.,-1.));
#2017 = ORIENTED_EDGE('',*,*,#322,.F.);
#2018 = PLANE('',#2019);
#2019 = AXIS2_PLACEMENT_3D('',#2020,#2021,#2022);
#2020 = CARTESIAN_POINT('',(3.55,1.52,3.45));
#2021 = DIRECTION('',(0.,1.,0.));
#2022 = DIRECTION('',(0.,0.,1.));
#2023 = ADVANCED_FACE('',(#2024),#2042,.F.);
#2024 = FACE_BOUND('',#2025,.F.);
#2025 = EDGE_LOOP('',(#2026,#2034,#2035,#2036));
#2026 = ORIENTED_EDGE('',*,*,#2027,.T.);
#2027 = EDGE_CURVE('',#2028,#1981,#2030,.T.);
#2028 = VERTEX_POINT('',#2029);
#2029 = CARTESIAN_POINT('',(3.55,-0.98,3.45));
#2030 = LINE('',#2031,#2032);
#2031 = CARTESIAN_POINT('',(3.55,-0.98,3.45));
#2032 = VECTOR('',#2033,1.);
#2033 = DIRECTION('',(0.,1.,0.));
#2034 = ORIENTED_EDGE('',*,*,#1980,.T.);
#2035 = ORIENTED_EDGE('',*,*,#332,.T.);
#2036 = ORIENTED_EDGE('',*,*,#2037,.T.);
#2037 = EDGE_CURVE('',#333,#2028,#2038,.T.);
#2038 = LINE('',#2039,#2040);
#2039 = CARTESIAN_POINT('',(3.55,-0.98,9.8));
#2040 = VECTOR('',#2041,1.);
#2041 = DIRECTION('',(0.,0.,-1.));
#2042 = PLANE('',#2043);
#2043 = AXIS2_PLACEMENT_3D('',#2044,#2045,#2046);
#2044 = CARTESIAN_POINT('',(3.55,0.27,6.625));
#2045 = DIRECTION('',(1.,0.,0.));
#2046 = DIRECTION('',(0.,0.,1.));
#2047 = ADVANCED_FACE('',(#2048),#2066,.F.);
#2048 = FACE_BOUND('',#2049,.F.);
#2049 = EDGE_LOOP('',(#2050,#2051,#2059,#2065));
#2050 = ORIENTED_EDGE('',*,*,#2012,.T.);
#2051 = ORIENTED_EDGE('',*,*,#2052,.T.);
#2052 = EDGE_CURVE('',#2005,#2053,#2055,.T.);
#2053 = VERTEX_POINT('',#2054);
#2054 = CARTESIAN_POINT('',(3.,1.92,5.25));
#2055 = LINE('',#2056,#2057);
#2056 = CARTESIAN_POINT('',(3.,1.52,5.25));
#2057 = VECTOR('',#2058,1.);
#2058 = DIRECTION('',(0.,1.,0.));
#2059 = ORIENTED_EDGE('',*,*,#2060,.T.);
#2060 = EDGE_CURVE('',#2053,#373,#2061,.T.);
#2061 = LINE('',#2062,#2063);
#2062 = CARTESIAN_POINT('',(3.,1.92,5.25));
#2063 = VECTOR('',#2064,1.);
#2064 = DIRECTION('',(0.,0.,1.));
#2065 = ORIENTED_EDGE('',*,*,#380,.T.);
#2066 = PLANE('',#2067);
#2067 = AXIS2_PLACEMENT_3D('',#2068,#2069,#2070);
#2068 = CARTESIAN_POINT('',(3.,1.72,7.525));
#2069 = DIRECTION('',(1.,0.,0.));
#2070 = DIRECTION('',(0.,0.,1.));
#2071 = ADVANCED_FACE('',(#2072),#2090,.F.);
#2072 = FACE_BOUND('',#2073,.F.);
#2073 = EDGE_LOOP('',(#2074,#2075,#2083,#2089));
#2074 = ORIENTED_EDGE('',*,*,#340,.T.);
#2075 = ORIENTED_EDGE('',*,*,#2076,.T.);
#2076 = EDGE_CURVE('',#341,#2077,#2079,.T.);
#2077 = VERTEX_POINT('',#2078);
#2078 = CARTESIAN_POINT('',(1.45,-0.98,3.45));
#2079 = LINE('',#2080,#2081);
#2080 = CARTESIAN_POINT('',(1.45,-0.98,9.8));
#2081 = VECTOR('',#2082,1.);
#2082 = DIRECTION('',(0.,0.,-1.));
#2083 = ORIENTED_EDGE('',*,*,#2084,.F.);
#2084 = EDGE_CURVE('',#2028,#2077,#2085,.T.);
#2085 = LINE('',#2086,#2087);
#2086 = CARTESIAN_POINT('',(3.55,-0.98,3.45));
#2087 = VECTOR('',#2088,1.);
#2088 = DIRECTION('',(-1.,-0.,-0.));
#2089 = ORIENTED_EDGE('',*,*,#2037,.F.);
#2090 = PLANE('',#2091);
#2091 = AXIS2_PLACEMENT_3D('',#2092,#2093,#2094);
#2092 = CARTESIAN_POINT('',(3.55,-0.98,9.8));
#2093 = DIRECTION('',(0.,-1.,0.));
#2094 = DIRECTION('',(0.,0.,-1.));
#2095 = ADVANCED_FACE('',(#2096),#2114,.F.);
#2096 = FACE_BOUND('',#2097,.F.);
#2097 = EDGE_LOOP('',(#2098,#2106,#2112,#2113));
#2098 = ORIENTED_EDGE('',*,*,#2099,.T.);
#2099 = EDGE_CURVE('',#2053,#2100,#2102,.T.);
#2100 = VERTEX_POINT('',#2101);
#2101 = CARTESIAN_POINT('',(2.,1.92,5.25));
#2102 = LINE('',#2103,#2104);
#2103 = CARTESIAN_POINT('',(3.,1.92,5.25));
#2104 = VECTOR('',#2105,1.);
#2105 = DIRECTION('',(-1.,-0.,-0.));
#2106 = ORIENTED_EDGE('',*,*,#2107,.T.);
#2107 = EDGE_CURVE('',#2100,#365,#2108,.T.);
#2108 = LINE('',#2109,#2110);
#2109 = CARTESIAN_POINT('',(2.,1.92,5.25));
#2110 = VECTOR('',#2111,1.);
#2111 = DIRECTION('',(0.,0.,1.));
#2112 = ORIENTED_EDGE('',*,*,#372,.F.);
#2113 = ORIENTED_EDGE('',*,*,#2060,.F.);
#2114 = PLANE('',#2115);
#2115 = AXIS2_PLACEMENT_3D('',#2116,#2117,#2118);
#2116 = CARTESIAN_POINT('',(3.,1.92,5.25));
#2117 = DIRECTION('',(0.,1.,0.));
#2118 = DIRECTION('',(0.,0.,1.));
#2119 = ADVANCED_FACE('',(#2120),#2138,.T.);
#2120 = FACE_BOUND('',#2121,.T.);
#2121 = EDGE_LOOP('',(#2122,#2130,#2136,#2137));
#2122 = ORIENTED_EDGE('',*,*,#2123,.T.);
#2123 = EDGE_CURVE('',#2077,#2124,#2126,.T.);
#2124 = VERTEX_POINT('',#2125);
#2125 = CARTESIAN_POINT('',(1.45,1.52,3.45));
#2126 = LINE('',#2127,#2128);
#2127 = CARTESIAN_POINT('',(1.45,-0.98,3.45));
#2128 = VECTOR('',#2129,1.);
#2129 = DIRECTION('',(0.,1.,0.));
#2130 = ORIENTED_EDGE('',*,*,#2131,.T.);
#2131 = EDGE_CURVE('',#2124,#349,#2132,.T.);
#2132 = LINE('',#2133,#2134);
#2133 = CARTESIAN_POINT('',(1.45,1.52,3.45));
#2134 = VECTOR('',#2135,1.);
#2135 = DIRECTION('',(0.,0.,1.));
#2136 = ORIENTED_EDGE('',*,*,#348,.T.);
#2137 = ORIENTED_EDGE('',*,*,#2076,.T.);
#2138 = PLANE('',#2139);
#2139 = AXIS2_PLACEMENT_3D('',#2140,#2141,#2142);
#2140 = CARTESIAN_POINT('',(1.45,0.27,6.625));
#2141 = DIRECTION('',(1.,0.,0.));
#2142 = DIRECTION('',(0.,0.,1.));
#2143 = ADVANCED_FACE('',(#2144),#2162,.T.);
#2144 = FACE_BOUND('',#2145,.T.);
#2145 = EDGE_LOOP('',(#2146,#2154,#2160,#2161));
#2146 = ORIENTED_EDGE('',*,*,#2147,.T.);
#2147 = EDGE_CURVE('',#357,#2148,#2150,.T.);
#2148 = VERTEX_POINT('',#2149);
#2149 = CARTESIAN_POINT('',(2.,1.52,5.25));
#2150 = LINE('',#2151,#2152);
#2151 = CARTESIAN_POINT('',(2.,1.52,9.8));
#2152 = VECTOR('',#2153,1.);
#2153 = DIRECTION('',(0.,0.,-1.));
#2154 = ORIENTED_EDGE('',*,*,#2155,.T.);
#2155 = EDGE_CURVE('',#2148,#2100,#2156,.T.);
#2156 = LINE('',#2157,#2158);
#2157 = CARTESIAN_POINT('',(2.,1.52,5.25));
#2158 = VECTOR('',#2159,1.);
#2159 = DIRECTION('',(0.,1.,0.));
#2160 = ORIENTED_EDGE('',*,*,#2107,.T.);
#2161 = ORIENTED_EDGE('',*,*,#364,.T.);
#2162 = PLANE('',#2163);
#2163 = AXIS2_PLACEMENT_3D('',#2164,#2165,#2166);
#2164 = CARTESIAN_POINT('',(2.,1.72,7.525));
#2165 = DIRECTION('',(1.,0.,0.));
#2166 = DIRECTION('',(0.,0.,1.));
#2167 = ADVANCED_FACE('',(#2168),#2195,.F.);
#2168 = FACE_BOUND('',#2169,.F.);
#2169 = EDGE_LOOP('',(#2170,#2171,#2172,#2180,#2188,#2194));
#2170 = ORIENTED_EDGE('',*,*,#356,.F.);
#2171 = ORIENTED_EDGE('',*,*,#2147,.T.);
#2172 = ORIENTED_EDGE('',*,*,#2173,.T.);
#2173 = EDGE_CURVE('',#2148,#2174,#2176,.T.);
#2174 = VERTEX_POINT('',#2175);
#2175 = CARTESIAN_POINT('',(1.9,1.52,5.25));
#2176 = LINE('',#2177,#2178);
#2177 = CARTESIAN_POINT('',(3.1,1.52,5.25));
#2178 = VECTOR('',#2179,1.);
#2179 = DIRECTION('',(-1.,-0.,-0.));
#2180 = ORIENTED_EDGE('',*,*,#2181,.T.);
#2181 = EDGE_CURVE('',#2174,#2182,#2184,.T.);
#2182 = VERTEX_POINT('',#2183);
#2183 = CARTESIAN_POINT('',(1.9,1.52,3.45));
#2184 = LINE('',#2185,#2186);
#2185 = CARTESIAN_POINT('',(1.9,1.52,5.25));
#2186 = VECTOR('',#2187,1.);
#2187 = DIRECTION('',(0.,1.233581138472E-16,-1.));
#2188 = ORIENTED_EDGE('',*,*,#2189,.T.);
#2189 = EDGE_CURVE('',#2182,#2124,#2190,.T.);
#2190 = LINE('',#2191,#2192);
#2191 = CARTESIAN_POINT('',(3.55,1.52,3.45));
#2192 = VECTOR('',#2193,1.);
#2193 = DIRECTION('',(-1.,-0.,-0.));
#2194 = ORIENTED_EDGE('',*,*,#2131,.T.);
#2195 = PLANE('',#2196);
#2196 = AXIS2_PLACEMENT_3D('',#2197,#2198,#2199);
#2197 = CARTESIAN_POINT('',(3.55,1.52,3.45));
#2198 = DIRECTION('',(0.,1.,0.));
#2199 = DIRECTION('',(0.,0.,1.));
#2200 = ADVANCED_FACE('',(#2201),#2242,.F.);
#2201 = FACE_BOUND('',#2202,.F.);
#2202 = EDGE_LOOP('',(#2203,#2211,#2219,#2227,#2235,#2241));
#2203 = ORIENTED_EDGE('',*,*,#2204,.F.);
#2204 = EDGE_CURVE('',#2205,#389,#2207,.T.);
#2205 = VERTEX_POINT('',#2206);
#2206 = CARTESIAN_POINT('',(6.05,1.52,3.45));
#2207 = LINE('',#2208,#2209);
#2208 = CARTESIAN_POINT('',(6.05,1.52,3.45));
#2209 = VECTOR('',#2210,1.);
#2210 = DIRECTION('',(0.,0.,1.));
#2211 = ORIENTED_EDGE('',*,*,#2212,.T.);
#2212 = EDGE_CURVE('',#2205,#2213,#2215,.T.);
#2213 = VERTEX_POINT('',#2214);
#2214 = CARTESIAN_POINT('',(5.6,1.52,3.45));
#2215 = LINE('',#2216,#2217);
#2216 = CARTESIAN_POINT('',(6.05,1.52,3.45));
#2217 = VECTOR('',#2218,1.);
#2218 = DIRECTION('',(-1.,-0.,-0.));
#2219 = ORIENTED_EDGE('',*,*,#2220,.F.);
#2220 = EDGE_CURVE('',#2221,#2213,#2223,.T.);
#2221 = VERTEX_POINT('',#2222);
#2222 = CARTESIAN_POINT('',(5.6,1.52,5.25));
#2223 = LINE('',#2224,#2225);
#2224 = CARTESIAN_POINT('',(5.6,1.52,5.25));
#2225 = VECTOR('',#2226,1.);
#2226 = DIRECTION('',(0.,1.233581138472E-16,-1.));
#2227 = ORIENTED_EDGE('',*,*,#2228,.T.);
#2228 = EDGE_CURVE('',#2221,#2229,#2231,.T.);
#2229 = VERTEX_POINT('',#2230);
#2230 = CARTESIAN_POINT('',(5.5,1.52,5.25));
#2231 = LINE('',#2232,#2233);
#2232 = CARTESIAN_POINT('',(5.6,1.52,5.25));
#2233 = VECTOR('',#2234,1.);
#2234 = DIRECTION('',(-1.,-0.,-0.));
#2235 = ORIENTED_EDGE('',*,*,#2236,.F.);
#2236 = EDGE_CURVE('',#391,#2229,#2237,.T.);
#2237 = LINE('',#2238,#2239);
#2238 = CARTESIAN_POINT('',(5.5,1.52,9.8));
#2239 = VECTOR('',#2240,1.);
#2240 = DIRECTION('',(0.,0.,-1.));
#2241 = ORIENTED_EDGE('',*,*,#388,.F.);
#2242 = PLANE('',#2243);
#2243 = AXIS2_PLACEMENT_3D('',#2244,#2245,#2246);
#2244 = CARTESIAN_POINT('',(6.05,1.52,3.45));
#2245 = DIRECTION('',(0.,1.,0.));
#2246 = DIRECTION('',(0.,0.,1.));
#2247 = ADVANCED_FACE('',(#2248),#2266,.F.);
#2248 = FACE_BOUND('',#2249,.F.);
#2249 = EDGE_LOOP('',(#2250,#2258,#2259,#2260));
#2250 = ORIENTED_EDGE('',*,*,#2251,.T.);
#2251 = EDGE_CURVE('',#2252,#2205,#2254,.T.);
#2252 = VERTEX_POINT('',#2253);
#2253 = CARTESIAN_POINT('',(6.05,-0.98,3.45));
#2254 = LINE('',#2255,#2256);
#2255 = CARTESIAN_POINT('',(6.05,-0.98,3.45));
#2256 = VECTOR('',#2257,1.);
#2257 = DIRECTION('',(0.,1.,0.));
#2258 = ORIENTED_EDGE('',*,*,#2204,.T.);
#2259 = ORIENTED_EDGE('',*,*,#398,.T.);
#2260 = ORIENTED_EDGE('',*,*,#2261,.T.);
#2261 = EDGE_CURVE('',#399,#2252,#2262,.T.);
#2262 = LINE('',#2263,#2264);
#2263 = CARTESIAN_POINT('',(6.05,-0.98,9.8));
#2264 = VECTOR('',#2265,1.);
#2265 = DIRECTION('',(0.,0.,-1.));
#2266 = PLANE('',#2267);
#2267 = AXIS2_PLACEMENT_3D('',#2268,#2269,#2270);
#2268 = CARTESIAN_POINT('',(6.05,0.27,6.625));
#2269 = DIRECTION('',(1.,0.,0.));
#2270 = DIRECTION('',(0.,0.,1.));
#2271 = ADVANCED_FACE('',(#2272),#2290,.F.);
#2272 = FACE_BOUND('',#2273,.F.);
#2273 = EDGE_LOOP('',(#2274,#2275,#2283,#2289));
#2274 = ORIENTED_EDGE('',*,*,#2236,.T.);
#2275 = ORIENTED_EDGE('',*,*,#2276,.T.);
#2276 = EDGE_CURVE('',#2229,#2277,#2279,.T.);
#2277 = VERTEX_POINT('',#2278);
#2278 = CARTESIAN_POINT('',(5.5,1.92,5.25));
#2279 = LINE('',#2280,#2281);
#2280 = CARTESIAN_POINT('',(5.5,1.52,5.25));
#2281 = VECTOR('',#2282,1.);
#2282 = DIRECTION('',(0.,1.,0.));
#2283 = ORIENTED_EDGE('',*,*,#2284,.T.);
#2284 = EDGE_CURVE('',#2277,#439,#2285,.T.);
#2285 = LINE('',#2286,#2287);
#2286 = CARTESIAN_POINT('',(5.5,1.92,5.25));
#2287 = VECTOR('',#2288,1.);
#2288 = DIRECTION('',(0.,0.,1.));
#2289 = ORIENTED_EDGE('',*,*,#446,.T.);
#2290 = PLANE('',#2291);
#2291 = AXIS2_PLACEMENT_3D('',#2292,#2293,#2294);
#2292 = CARTESIAN_POINT('',(5.5,1.72,7.525));
#2293 = DIRECTION('',(1.,0.,0.));
#2294 = DIRECTION('',(0.,0.,1.));
#2295 = ADVANCED_FACE('',(#2296),#2314,.F.);
#2296 = FACE_BOUND('',#2297,.F.);
#2297 = EDGE_LOOP('',(#2298,#2299,#2307,#2313));
#2298 = ORIENTED_EDGE('',*,*,#406,.T.);
#2299 = ORIENTED_EDGE('',*,*,#2300,.T.);
#2300 = EDGE_CURVE('',#407,#2301,#2303,.T.);
#2301 = VERTEX_POINT('',#2302);
#2302 = CARTESIAN_POINT('',(3.95,-0.98,3.45));
#2303 = LINE('',#2304,#2305);
#2304 = CARTESIAN_POINT('',(3.95,-0.98,9.8));
#2305 = VECTOR('',#2306,1.);
#2306 = DIRECTION('',(0.,0.,-1.));
#2307 = ORIENTED_EDGE('',*,*,#2308,.F.);
#2308 = EDGE_CURVE('',#2252,#2301,#2309,.T.);
#2309 = LINE('',#2310,#2311);
#2310 = CARTESIAN_POINT('',(6.05,-0.98,3.45));
#2311 = VECTOR('',#2312,1.);
#2312 = DIRECTION('',(-1.,-0.,-0.));
#2313 = ORIENTED_EDGE('',*,*,#2261,.F.);
#2314 = PLANE('',#2315);
#2315 = AXIS2_PLACEMENT_3D('',#2316,#2317,#2318);
#2316 = CARTESIAN_POINT('',(6.05,-0.98,9.8));
#2317 = DIRECTION('',(0.,-1.,0.));
#2318 = DIRECTION('',(0.,0.,-1.));
#2319 = ADVANCED_FACE('',(#2320),#2338,.F.);
#2320 = FACE_BOUND('',#2321,.F.);
#2321 = EDGE_LOOP('',(#2322,#2330,#2336,#2337));
#2322 = ORIENTED_EDGE('',*,*,#2323,.T.);
#2323 = EDGE_CURVE('',#2277,#2324,#2326,.T.);
#2324 = VERTEX_POINT('',#2325);
#2325 = CARTESIAN_POINT('',(4.5,1.92,5.25));
#2326 = LINE('',#2327,#2328);
#2327 = CARTESIAN_POINT('',(5.5,1.92,5.25));
#2328 = VECTOR('',#2329,1.);
#2329 = DIRECTION('',(-1.,-0.,-0.));
#2330 = ORIENTED_EDGE('',*,*,#2331,.T.);
#2331 = EDGE_CURVE('',#2324,#431,#2332,.T.);
#2332 = LINE('',#2333,#2334);
#2333 = CARTESIAN_POINT('',(4.5,1.92,5.25));
#2334 = VECTOR('',#2335,1.);
#2335 = DIRECTION('',(0.,0.,1.));
#2336 = ORIENTED_EDGE('',*,*,#438,.F.);
#2337 = ORIENTED_EDGE('',*,*,#2284,.F.);
#2338 = PLANE('',#2339);
#2339 = AXIS2_PLACEMENT_3D('',#2340,#2341,#2342);
#2340 = CARTESIAN_POINT('',(5.5,1.92,5.25));
#2341 = DIRECTION('',(0.,1.,0.));
#2342 = DIRECTION('',(0.,0.,1.));
#2343 = ADVANCED_FACE('',(#2344),#2362,.T.);
#2344 = FACE_BOUND('',#2345,.T.);
#2345 = EDGE_LOOP('',(#2346,#2354,#2360,#2361));
#2346 = ORIENTED_EDGE('',*,*,#2347,.T.);
#2347 = EDGE_CURVE('',#2301,#2348,#2350,.T.);
#2348 = VERTEX_POINT('',#2349);
#2349 = CARTESIAN_POINT('',(3.95,1.52,3.45));
#2350 = LINE('',#2351,#2352);
#2351 = CARTESIAN_POINT('',(3.95,-0.98,3.45));
#2352 = VECTOR('',#2353,1.);
#2353 = DIRECTION('',(0.,1.,0.));
#2354 = ORIENTED_EDGE('',*,*,#2355,.T.);
#2355 = EDGE_CURVE('',#2348,#415,#2356,.T.);
#2356 = LINE('',#2357,#2358);
#2357 = CARTESIAN_POINT('',(3.95,1.52,3.45));
#2358 = VECTOR('',#2359,1.);
#2359 = DIRECTION('',(0.,0.,1.));
#2360 = ORIENTED_EDGE('',*,*,#414,.T.);
#2361 = ORIENTED_EDGE('',*,*,#2300,.T.);
#2362 = PLANE('',#2363);
#2363 = AXIS2_PLACEMENT_3D('',#2364,#2365,#2366);
#2364 = CARTESIAN_POINT('',(3.95,0.27,6.625));
#2365 = DIRECTION('',(1.,0.,0.));
#2366 = DIRECTION('',(0.,0.,1.));
#2367 = ADVANCED_FACE('',(#2368),#2386,.T.);
#2368 = FACE_BOUND('',#2369,.T.);
#2369 = EDGE_LOOP('',(#2370,#2378,#2384,#2385));
#2370 = ORIENTED_EDGE('',*,*,#2371,.T.);
#2371 = EDGE_CURVE('',#423,#2372,#2374,.T.);
#2372 = VERTEX_POINT('',#2373);
#2373 = CARTESIAN_POINT('',(4.5,1.52,5.25));
#2374 = LINE('',#2375,#2376);
#2375 = CARTESIAN_POINT('',(4.5,1.52,9.8));
#2376 = VECTOR('',#2377,1.);
#2377 = DIRECTION('',(0.,0.,-1.));
#2378 = ORIENTED_EDGE('',*,*,#2379,.T.);
#2379 = EDGE_CURVE('',#2372,#2324,#2380,.T.);
#2380 = LINE('',#2381,#2382);
#2381 = CARTESIAN_POINT('',(4.5,1.52,5.25));
#2382 = VECTOR('',#2383,1.);
#2383 = DIRECTION('',(0.,1.,0.));
#2384 = ORIENTED_EDGE('',*,*,#2331,.T.);
#2385 = ORIENTED_EDGE('',*,*,#430,.T.);
#2386 = PLANE('',#2387);
#2387 = AXIS2_PLACEMENT_3D('',#2388,#2389,#2390);
#2388 = CARTESIAN_POINT('',(4.5,1.72,7.525));
#2389 = DIRECTION('',(1.,0.,0.));
#2390 = DIRECTION('',(0.,0.,1.));
#2391 = ADVANCED_FACE('',(#2392),#2419,.F.);
#2392 = FACE_BOUND('',#2393,.F.);
#2393 = EDGE_LOOP('',(#2394,#2395,#2396,#2404,#2412,#2418));
#2394 = ORIENTED_EDGE('',*,*,#422,.F.);
#2395 = ORIENTED_EDGE('',*,*,#2371,.T.);
#2396 = ORIENTED_EDGE('',*,*,#2397,.T.);
#2397 = EDGE_CURVE('',#2372,#2398,#2400,.T.);
#2398 = VERTEX_POINT('',#2399);
#2399 = CARTESIAN_POINT('',(4.4,1.52,5.25));
#2400 = LINE('',#2401,#2402);
#2401 = CARTESIAN_POINT('',(5.6,1.52,5.25));
#2402 = VECTOR('',#2403,1.);
#2403 = DIRECTION('',(-1.,-0.,-0.));
#2404 = ORIENTED_EDGE('',*,*,#2405,.T.);
#2405 = EDGE_CURVE('',#2398,#2406,#2408,.T.);
#2406 = VERTEX_POINT('',#2407);
#2407 = CARTESIAN_POINT('',(4.4,1.52,3.45));
#2408 = LINE('',#2409,#2410);
#2409 = CARTESIAN_POINT('',(4.4,1.52,5.25));
#2410 = VECTOR('',#2411,1.);
#2411 = DIRECTION('',(0.,1.233581138472E-16,-1.));
#2412 = ORIENTED_EDGE('',*,*,#2413,.T.);
#2413 = EDGE_CURVE('',#2406,#2348,#2414,.T.);
#2414 = LINE('',#2415,#2416);
#2415 = CARTESIAN_POINT('',(6.05,1.52,3.45));
#2416 = VECTOR('',#2417,1.);
#2417 = DIRECTION('',(-1.,-0.,-0.));
#2418 = ORIENTED_EDGE('',*,*,#2355,.T.);
#2419 = PLANE('',#2420);
#2420 = AXIS2_PLACEMENT_3D('',#2421,#2422,#2423);
#2421 = CARTESIAN_POINT('',(6.05,1.52,3.45));
#2422 = DIRECTION('',(0.,1.,0.));
#2423 = DIRECTION('',(0.,0.,1.));
#2424 = ADVANCED_FACE('',(#2425),#2466,.F.);
#2425 = FACE_BOUND('',#2426,.F.);
#2426 = EDGE_LOOP('',(#2427,#2435,#2443,#2451,#2459,#2465));
#2427 = ORIENTED_EDGE('',*,*,#2428,.F.);
#2428 = EDGE_CURVE('',#2429,#455,#2431,.T.);
#2429 = VERTEX_POINT('',#2430);
#2430 = CARTESIAN_POINT('',(8.55,1.52,3.45));
#2431 = LINE('',#2432,#2433);
#2432 = CARTESIAN_POINT('',(8.55,1.52,3.45));
#2433 = VECTOR('',#2434,1.);
#2434 = DIRECTION('',(0.,0.,1.));
#2435 = ORIENTED_EDGE('',*,*,#2436,.T.);
#2436 = EDGE_CURVE('',#2429,#2437,#2439,.T.);
#2437 = VERTEX_POINT('',#2438);
#2438 = CARTESIAN_POINT('',(8.1,1.52,3.45));
#2439 = LINE('',#2440,#2441);
#2440 = CARTESIAN_POINT('',(8.55,1.52,3.45));
#2441 = VECTOR('',#2442,1.);
#2442 = DIRECTION('',(-1.,-0.,-0.));
#2443 = ORIENTED_EDGE('',*,*,#2444,.F.);
#2444 = EDGE_CURVE('',#2445,#2437,#2447,.T.);
#2445 = VERTEX_POINT('',#2446);
#2446 = CARTESIAN_POINT('',(8.1,1.52,5.25));
#2447 = LINE('',#2448,#2449);
#2448 = CARTESIAN_POINT('',(8.1,1.52,5.25));
#2449 = VECTOR('',#2450,1.);
#2450 = DIRECTION('',(0.,1.233581138472E-16,-1.));
#2451 = ORIENTED_EDGE('',*,*,#2452,.T.);
#2452 = EDGE_CURVE('',#2445,#2453,#2455,.T.);
#2453 = VERTEX_POINT('',#2454);
#2454 = CARTESIAN_POINT('',(8.,1.52,5.25));
#2455 = LINE('',#2456,#2457);
#2456 = CARTESIAN_POINT('',(8.1,1.52,5.25));
#2457 = VECTOR('',#2458,1.);
#2458 = DIRECTION('',(-1.,-0.,-0.));
#2459 = ORIENTED_EDGE('',*,*,#2460,.F.);
#2460 = EDGE_CURVE('',#457,#2453,#2461,.T.);
#2461 = LINE('',#2462,#2463);
#2462 = CARTESIAN_POINT('',(8.,1.52,9.8));
#2463 = VECTOR('',#2464,1.);
#2464 = DIRECTION('',(0.,0.,-1.));
#2465 = ORIENTED_EDGE('',*,*,#454,.F.);
#2466 = PLANE('',#2467);
#2467 = AXIS2_PLACEMENT_3D('',#2468,#2469,#2470);
#2468 = CARTESIAN_POINT('',(8.55,1.52,3.45));
#2469 = DIRECTION('',(0.,1.,0.));
#2470 = DIRECTION('',(0.,0.,1.));
#2471 = ADVANCED_FACE('',(#2472),#2490,.F.);
#2472 = FACE_BOUND('',#2473,.F.);
#2473 = EDGE_LOOP('',(#2474,#2482,#2483,#2484));
#2474 = ORIENTED_EDGE('',*,*,#2475,.T.);
#2475 = EDGE_CURVE('',#2476,#2429,#2478,.T.);
#2476 = VERTEX_POINT('',#2477);
#2477 = CARTESIAN_POINT('',(8.55,-0.98,3.45));
#2478 = LINE('',#2479,#2480);
#2479 = CARTESIAN_POINT('',(8.55,-0.98,3.45));
#2480 = VECTOR('',#2481,1.);
#2481 = DIRECTION('',(0.,1.,0.));
#2482 = ORIENTED_EDGE('',*,*,#2428,.T.);
#2483 = ORIENTED_EDGE('',*,*,#464,.T.);
#2484 = ORIENTED_EDGE('',*,*,#2485,.T.);
#2485 = EDGE_CURVE('',#465,#2476,#2486,.T.);
#2486 = LINE('',#2487,#2488);
#2487 = CARTESIAN_POINT('',(8.55,-0.98,9.8));
#2488 = VECTOR('',#2489,1.);
#2489 = DIRECTION('',(0.,0.,-1.));
#2490 = PLANE('',#2491);
#2491 = AXIS2_PLACEMENT_3D('',#2492,#2493,#2494);
#2492 = CARTESIAN_POINT('',(8.55,0.27,6.625));
#2493 = DIRECTION('',(1.,0.,0.));
#2494 = DIRECTION('',(0.,0.,1.));
#2495 = ADVANCED_FACE('',(#2496),#2514,.F.);
#2496 = FACE_BOUND('',#2497,.F.);
#2497 = EDGE_LOOP('',(#2498,#2499,#2507,#2513));
#2498 = ORIENTED_EDGE('',*,*,#2460,.T.);
#2499 = ORIENTED_EDGE('',*,*,#2500,.T.);
#2500 = EDGE_CURVE('',#2453,#2501,#2503,.T.);
#2501 = VERTEX_POINT('',#2502);
#2502 = CARTESIAN_POINT('',(8.,1.92,5.25));
#2503 = LINE('',#2504,#2505);
#2504 = CARTESIAN_POINT('',(8.,1.52,5.25));
#2505 = VECTOR('',#2506,1.);
#2506 = DIRECTION('',(0.,1.,0.));
#2507 = ORIENTED_EDGE('',*,*,#2508,.T.);
#2508 = EDGE_CURVE('',#2501,#505,#2509,.T.);
#2509 = LINE('',#2510,#2511);
#2510 = CARTESIAN_POINT('',(8.,1.92,5.25));
#2511 = VECTOR('',#2512,1.);
#2512 = DIRECTION('',(0.,0.,1.));
#2513 = ORIENTED_EDGE('',*,*,#512,.T.);
#2514 = PLANE('',#2515);
#2515 = AXIS2_PLACEMENT_3D('',#2516,#2517,#2518);
#2516 = CARTESIAN_POINT('',(8.,1.72,7.525));
#2517 = DIRECTION('',(1.,0.,0.));
#2518 = DIRECTION('',(0.,0.,1.));
#2519 = ADVANCED_FACE('',(#2520),#2538,.F.);
#2520 = FACE_BOUND('',#2521,.F.);
#2521 = EDGE_LOOP('',(#2522,#2523,#2531,#2537));
#2522 = ORIENTED_EDGE('',*,*,#472,.T.);
#2523 = ORIENTED_EDGE('',*,*,#2524,.T.);
#2524 = EDGE_CURVE('',#473,#2525,#2527,.T.);
#2525 = VERTEX_POINT('',#2526);
#2526 = CARTESIAN_POINT('',(6.45,-0.98,3.45));
#2527 = LINE('',#2528,#2529);
#2528 = CARTESIAN_POINT('',(6.45,-0.98,9.8));
#2529 = VECTOR('',#2530,1.);
#2530 = DIRECTION('',(0.,0.,-1.));
#2531 = ORIENTED_EDGE('',*,*,#2532,.F.);
#2532 = EDGE_CURVE('',#2476,#2525,#2533,.T.);
#2533 = LINE('',#2534,#2535);
#2534 = CARTESIAN_POINT('',(8.55,-0.98,3.45));
#2535 = VECTOR('',#2536,1.);
#2536 = DIRECTION('',(-1.,-0.,-0.));
#2537 = ORIENTED_EDGE('',*,*,#2485,.F.);
#2538 = PLANE('',#2539);
#2539 = AXIS2_PLACEMENT_3D('',#2540,#2541,#2542);
#2540 = CARTESIAN_POINT('',(8.55,-0.98,9.8));
#2541 = DIRECTION('',(0.,-1.,0.));
#2542 = DIRECTION('',(0.,0.,-1.));
#2543 = ADVANCED_FACE('',(#2544),#2562,.F.);
#2544 = FACE_BOUND('',#2545,.F.);
#2545 = EDGE_LOOP('',(#2546,#2554,#2560,#2561));
#2546 = ORIENTED_EDGE('',*,*,#2547,.T.);
#2547 = EDGE_CURVE('',#2501,#2548,#2550,.T.);
#2548 = VERTEX_POINT('',#2549);
#2549 = CARTESIAN_POINT('',(7.,1.92,5.25));
#2550 = LINE('',#2551,#2552);
#2551 = CARTESIAN_POINT('',(8.,1.92,5.25));
#2552 = VECTOR('',#2553,1.);
#2553 = DIRECTION('',(-1.,-0.,-0.));
#2554 = ORIENTED_EDGE('',*,*,#2555,.T.);
#2555 = EDGE_CURVE('',#2548,#497,#2556,.T.);
#2556 = LINE('',#2557,#2558);
#2557 = CARTESIAN_POINT('',(7.,1.92,5.25));
#2558 = VECTOR('',#2559,1.);
#2559 = DIRECTION('',(0.,0.,1.));
#2560 = ORIENTED_EDGE('',*,*,#504,.F.);
#2561 = ORIENTED_EDGE('',*,*,#2508,.F.);
#2562 = PLANE('',#2563);
#2563 = AXIS2_PLACEMENT_3D('',#2564,#2565,#2566);
#2564 = CARTESIAN_POINT('',(8.,1.92,5.25));
#2565 = DIRECTION('',(0.,1.,0.));
#2566 = DIRECTION('',(0.,0.,1.));
#2567 = ADVANCED_FACE('',(#2568),#2586,.T.);
#2568 = FACE_BOUND('',#2569,.T.);
#2569 = EDGE_LOOP('',(#2570,#2578,#2584,#2585));
#2570 = ORIENTED_EDGE('',*,*,#2571,.T.);
#2571 = EDGE_CURVE('',#2525,#2572,#2574,.T.);
#2572 = VERTEX_POINT('',#2573);
#2573 = CARTESIAN_POINT('',(6.45,1.52,3.45));
#2574 = LINE('',#2575,#2576);
#2575 = CARTESIAN_POINT('',(6.45,-0.98,3.45));
#2576 = VECTOR('',#2577,1.);
#2577 = DIRECTION('',(0.,1.,0.));
#2578 = ORIENTED_EDGE('',*,*,#2579,.T.);
#2579 = EDGE_CURVE('',#2572,#481,#2580,.T.);
#2580 = LINE('',#2581,#2582);
#2581 = CARTESIAN_POINT('',(6.45,1.52,3.45));
#2582 = VECTOR('',#2583,1.);
#2583 = DIRECTION('',(0.,0.,1.));
#2584 = ORIENTED_EDGE('',*,*,#480,.T.);
#2585 = ORIENTED_EDGE('',*,*,#2524,.T.);
#2586 = PLANE('',#2587);
#2587 = AXIS2_PLACEMENT_3D('',#2588,#2589,#2590);
#2588 = CARTESIAN_POINT('',(6.45,0.27,6.625));
#2589 = DIRECTION('',(1.,0.,0.));
#2590 = DIRECTION('',(0.,0.,1.));
#2591 = ADVANCED_FACE('',(#2592),#2610,.T.);
#2592 = FACE_BOUND('',#2593,.T.);
#2593 = EDGE_LOOP('',(#2594,#2602,#2608,#2609));
#2594 = ORIENTED_EDGE('',*,*,#2595,.T.);
#2595 = EDGE_CURVE('',#489,#2596,#2598,.T.);
#2596 = VERTEX_POINT('',#2597);
#2597 = CARTESIAN_POINT('',(7.,1.52,5.25));
#2598 = LINE('',#2599,#2600);
#2599 = CARTESIAN_POINT('',(7.,1.52,9.8));
#2600 = VECTOR('',#2601,1.);
#2601 = DIRECTION('',(0.,0.,-1.));
#2602 = ORIENTED_EDGE('',*,*,#2603,.T.);
#2603 = EDGE_CURVE('',#2596,#2548,#2604,.T.);
#2604 = LINE('',#2605,#2606);
#2605 = CARTESIAN_POINT('',(7.,1.52,5.25));
#2606 = VECTOR('',#2607,1.);
#2607 = DIRECTION('',(0.,1.,0.));
#2608 = ORIENTED_EDGE('',*,*,#2555,.T.);
#2609 = ORIENTED_EDGE('',*,*,#496,.T.);
#2610 = PLANE('',#2611);
#2611 = AXIS2_PLACEMENT_3D('',#2612,#2613,#2614);
#2612 = CARTESIAN_POINT('',(7.,1.72,7.525));
#2613 = DIRECTION('',(1.,0.,0.));
#2614 = DIRECTION('',(0.,0.,1.));
#2615 = ADVANCED_FACE('',(#2616),#2643,.F.);
#2616 = FACE_BOUND('',#2617,.F.);
#2617 = EDGE_LOOP('',(#2618,#2619,#2620,#2628,#2636,#2642));
#2618 = ORIENTED_EDGE('',*,*,#488,.F.);
#2619 = ORIENTED_EDGE('',*,*,#2595,.T.);
#2620 = ORIENTED_EDGE('',*,*,#2621,.T.);
#2621 = EDGE_CURVE('',#2596,#2622,#2624,.T.);
#2622 = VERTEX_POINT('',#2623);
#2623 = CARTESIAN_POINT('',(6.9,1.52,5.25));
#2624 = LINE('',#2625,#2626);
#2625 = CARTESIAN_POINT('',(8.1,1.52,5.25));
#2626 = VECTOR('',#2627,1.);
#2627 = DIRECTION('',(-1.,-0.,-0.));
#2628 = ORIENTED_EDGE('',*,*,#2629,.T.);
#2629 = EDGE_CURVE('',#2622,#2630,#2632,.T.);
#2630 = VERTEX_POINT('',#2631);
#2631 = CARTESIAN_POINT('',(6.9,1.52,3.45));
#2632 = LINE('',#2633,#2634);
#2633 = CARTESIAN_POINT('',(6.9,1.52,5.25));
#2634 = VECTOR('',#2635,1.);
#2635 = DIRECTION('',(0.,1.233581138472E-16,-1.));
#2636 = ORIENTED_EDGE('',*,*,#2637,.T.);
#2637 = EDGE_CURVE('',#2630,#2572,#2638,.T.);
#2638 = LINE('',#2639,#2640);
#2639 = CARTESIAN_POINT('',(8.55,1.52,3.45));
#2640 = VECTOR('',#2641,1.);
#2641 = DIRECTION('',(-1.,-0.,-0.));
#2642 = ORIENTED_EDGE('',*,*,#2579,.T.);
#2643 = PLANE('',#2644);
#2644 = AXIS2_PLACEMENT_3D('',#2645,#2646,#2647);
#2645 = CARTESIAN_POINT('',(8.55,1.52,3.45));
#2646 = DIRECTION('',(0.,1.,0.));
#2647 = DIRECTION('',(0.,0.,1.));
#2648 = ADVANCED_FACE('',(#2649),#2690,.F.);
#2649 = FACE_BOUND('',#2650,.F.);
#2650 = EDGE_LOOP('',(#2651,#2659,#2667,#2675,#2683,#2689));
#2651 = ORIENTED_EDGE('',*,*,#2652,.F.);
#2652 = EDGE_CURVE('',#2653,#521,#2655,.T.);
#2653 = VERTEX_POINT('',#2654);
#2654 = CARTESIAN_POINT('',(11.05,1.52,3.45));
#2655 = LINE('',#2656,#2657);
#2656 = CARTESIAN_POINT('',(11.05,1.52,3.45));
#2657 = VECTOR('',#2658,1.);
#2658 = DIRECTION('',(0.,0.,1.));
#2659 = ORIENTED_EDGE('',*,*,#2660,.T.);
#2660 = EDGE_CURVE('',#2653,#2661,#2663,.T.);
#2661 = VERTEX_POINT('',#2662);
#2662 = CARTESIAN_POINT('',(10.6,1.52,3.45));
#2663 = LINE('',#2664,#2665);
#2664 = CARTESIAN_POINT('',(11.05,1.52,3.45));
#2665 = VECTOR('',#2666,1.);
#2666 = DIRECTION('',(-1.,-0.,-0.));
#2667 = ORIENTED_EDGE('',*,*,#2668,.F.);
#2668 = EDGE_CURVE('',#2669,#2661,#2671,.T.);
#2669 = VERTEX_POINT('',#2670);
#2670 = CARTESIAN_POINT('',(10.6,1.52,5.25));
#2671 = LINE('',#2672,#2673);
#2672 = CARTESIAN_POINT('',(10.6,1.52,5.25));
#2673 = VECTOR('',#2674,1.);
#2674 = DIRECTION('',(0.,1.233581138472E-16,-1.));
#2675 = ORIENTED_EDGE('',*,*,#2676,.T.);
#2676 = EDGE_CURVE('',#2669,#2677,#2679,.T.);
#2677 = VERTEX_POINT('',#2678);
#2678 = CARTESIAN_POINT('',(10.5,1.52,5.25));
#2679 = LINE('',#2680,#2681);
#2680 = CARTESIAN_POINT('',(10.6,1.52,5.25));
#2681 = VECTOR('',#2682,1.);
#2682 = DIRECTION('',(-1.,-0.,-0.));
#2683 = ORIENTED_EDGE('',*,*,#2684,.F.);
#2684 = EDGE_CURVE('',#523,#2677,#2685,.T.);
#2685 = LINE('',#2686,#2687);
#2686 = CARTESIAN_POINT('',(10.5,1.52,9.8));
#2687 = VECTOR('',#2688,1.);
#2688 = DIRECTION('',(0.,0.,-1.));
#2689 = ORIENTED_EDGE('',*,*,#520,.F.);
#2690 = PLANE('',#2691);
#2691 = AXIS2_PLACEMENT_3D('',#2692,#2693,#2694);
#2692 = CARTESIAN_POINT('',(11.05,1.52,3.45));
#2693 = DIRECTION('',(0.,1.,0.));
#2694 = DIRECTION('',(0.,0.,1.));
#2695 = ADVANCED_FACE('',(#2696),#2714,.F.);
#2696 = FACE_BOUND('',#2697,.F.);
#2697 = EDGE_LOOP('',(#2698,#2706,#2707,#2708));
#2698 = ORIENTED_EDGE('',*,*,#2699,.T.);
#2699 = EDGE_CURVE('',#2700,#2653,#2702,.T.);
#2700 = VERTEX_POINT('',#2701);
#2701 = CARTESIAN_POINT('',(11.05,-0.98,3.45));
#2702 = LINE('',#2703,#2704);
#2703 = CARTESIAN_POINT('',(11.05,-0.98,3.45));
#2704 = VECTOR('',#2705,1.);
#2705 = DIRECTION('',(0.,1.,0.));
#2706 = ORIENTED_EDGE('',*,*,#2652,.T.);
#2707 = ORIENTED_EDGE('',*,*,#530,.T.);
#2708 = ORIENTED_EDGE('',*,*,#2709,.T.);
#2709 = EDGE_CURVE('',#531,#2700,#2710,.T.);
#2710 = LINE('',#2711,#2712);
#2711 = CARTESIAN_POINT('',(11.05,-0.98,9.8));
#2712 = VECTOR('',#2713,1.);
#2713 = DIRECTION('',(0.,0.,-1.));
#2714 = PLANE('',#2715);
#2715 = AXIS2_PLACEMENT_3D('',#2716,#2717,#2718);
#2716 = CARTESIAN_POINT('',(11.05,0.27,6.625));
#2717 = DIRECTION('',(1.,0.,0.));
#2718 = DIRECTION('',(0.,0.,1.));
#2719 = ADVANCED_FACE('',(#2720),#2738,.F.);
#2720 = FACE_BOUND('',#2721,.F.);
#2721 = EDGE_LOOP('',(#2722,#2723,#2731,#2737));
#2722 = ORIENTED_EDGE('',*,*,#2684,.T.);
#2723 = ORIENTED_EDGE('',*,*,#2724,.T.);
#2724 = EDGE_CURVE('',#2677,#2725,#2727,.T.);
#2725 = VERTEX_POINT('',#2726);
#2726 = CARTESIAN_POINT('',(10.5,1.92,5.25));
#2727 = LINE('',#2728,#2729);
#2728 = CARTESIAN_POINT('',(10.5,1.52,5.25));
#2729 = VECTOR('',#2730,1.);
#2730 = DIRECTION('',(0.,1.,0.));
#2731 = ORIENTED_EDGE('',*,*,#2732,.T.);
#2732 = EDGE_CURVE('',#2725,#571,#2733,.T.);
#2733 = LINE('',#2734,#2735);
#2734 = CARTESIAN_POINT('',(10.5,1.92,5.25));
#2735 = VECTOR('',#2736,1.);
#2736 = DIRECTION('',(0.,0.,1.));
#2737 = ORIENTED_EDGE('',*,*,#578,.T.);
#2738 = PLANE('',#2739);
#2739 = AXIS2_PLACEMENT_3D('',#2740,#2741,#2742);
#2740 = CARTESIAN_POINT('',(10.5,1.72,7.525));
#2741 = DIRECTION('',(1.,0.,0.));
#2742 = DIRECTION('',(0.,0.,1.));
#2743 = ADVANCED_FACE('',(#2744),#2762,.F.);
#2744 = FACE_BOUND('',#2745,.F.);
#2745 = EDGE_LOOP('',(#2746,#2747,#2755,#2761));
#2746 = ORIENTED_EDGE('',*,*,#538,.T.);
#2747 = ORIENTED_EDGE('',*,*,#2748,.T.);
#2748 = EDGE_CURVE('',#539,#2749,#2751,.T.);
#2749 = VERTEX_POINT('',#2750);
#2750 = CARTESIAN_POINT('',(8.95,-0.98,3.45));
#2751 = LINE('',#2752,#2753);
#2752 = CARTESIAN_POINT('',(8.95,-0.98,9.8));
#2753 = VECTOR('',#2754,1.);
#2754 = DIRECTION('',(0.,0.,-1.));
#2755 = ORIENTED_EDGE('',*,*,#2756,.F.);
#2756 = EDGE_CURVE('',#2700,#2749,#2757,.T.);
#2757 = LINE('',#2758,#2759);
#2758 = CARTESIAN_POINT('',(11.05,-0.98,3.45));
#2759 = VECTOR('',#2760,1.);
#2760 = DIRECTION('',(-1.,-0.,-0.));
#2761 = ORIENTED_EDGE('',*,*,#2709,.F.);
#2762 = PLANE('',#2763);
#2763 = AXIS2_PLACEMENT_3D('',#2764,#2765,#2766);
#2764 = CARTESIAN_POINT('',(11.05,-0.98,9.8));
#2765 = DIRECTION('',(0.,-1.,0.));
#2766 = DIRECTION('',(0.,0.,-1.));
#2767 = ADVANCED_FACE('',(#2768),#2786,.F.);
#2768 = FACE_BOUND('',#2769,.F.);
#2769 = EDGE_LOOP('',(#2770,#2778,#2784,#2785));
#2770 = ORIENTED_EDGE('',*,*,#2771,.T.);
#2771 = EDGE_CURVE('',#2725,#2772,#2774,.T.);
#2772 = VERTEX_POINT('',#2773);
#2773 = CARTESIAN_POINT('',(9.5,1.92,5.25));
#2774 = LINE('',#2775,#2776);
#2775 = CARTESIAN_POINT('',(10.5,1.92,5.25));
#2776 = VECTOR('',#2777,1.);
#2777 = DIRECTION('',(-1.,-0.,-0.));
#2778 = ORIENTED_EDGE('',*,*,#2779,.T.);
#2779 = EDGE_CURVE('',#2772,#563,#2780,.T.);
#2780 = LINE('',#2781,#2782);
#2781 = CARTESIAN_POINT('',(9.5,1.92,5.25));
#2782 = VECTOR('',#2783,1.);
#2783 = DIRECTION('',(0.,0.,1.));
#2784 = ORIENTED_EDGE('',*,*,#570,.F.);
#2785 = ORIENTED_EDGE('',*,*,#2732,.F.);
#2786 = PLANE('',#2787);
#2787 = AXIS2_PLACEMENT_3D('',#2788,#2789,#2790);
#2788 = CARTESIAN_POINT('',(10.5,1.92,5.25));
#2789 = DIRECTION('',(0.,1.,0.));
#2790 = DIRECTION('',(0.,0.,1.));
#2791 = ADVANCED_FACE('',(#2792),#2810,.T.);
#2792 = FACE_BOUND('',#2793,.T.);
#2793 = EDGE_LOOP('',(#2794,#2802,#2808,#2809));
#2794 = ORIENTED_EDGE('',*,*,#2795,.T.);
#2795 = EDGE_CURVE('',#2749,#2796,#2798,.T.);
#2796 = VERTEX_POINT('',#2797);
#2797 = CARTESIAN_POINT('',(8.95,1.52,3.45));
#2798 = LINE('',#2799,#2800);
#2799 = CARTESIAN_POINT('',(8.95,-0.98,3.45));
#2800 = VECTOR('',#2801,1.);
#2801 = DIRECTION('',(0.,1.,0.));
#2802 = ORIENTED_EDGE('',*,*,#2803,.T.);
#2803 = EDGE_CURVE('',#2796,#547,#2804,.T.);
#2804 = LINE('',#2805,#2806);
#2805 = CARTESIAN_POINT('',(8.95,1.52,3.45));
#2806 = VECTOR('',#2807,1.);
#2807 = DIRECTION('',(0.,0.,1.));
#2808 = ORIENTED_EDGE('',*,*,#546,.T.);
#2809 = ORIENTED_EDGE('',*,*,#2748,.T.);
#2810 = PLANE('',#2811);
#2811 = AXIS2_PLACEMENT_3D('',#2812,#2813,#2814);
#2812 = CARTESIAN_POINT('',(8.95,0.27,6.625));
#2813 = DIRECTION('',(1.,0.,0.));
#2814 = DIRECTION('',(0.,0.,1.));
#2815 = ADVANCED_FACE('',(#2816),#2834,.T.);
#2816 = FACE_BOUND('',#2817,.T.);
#2817 = EDGE_LOOP('',(#2818,#2826,#2832,#2833));
#2818 = ORIENTED_EDGE('',*,*,#2819,.T.);
#2819 = EDGE_CURVE('',#555,#2820,#2822,.T.);
#2820 = VERTEX_POINT('',#2821);
#2821 = CARTESIAN_POINT('',(9.5,1.52,5.25));
#2822 = LINE('',#2823,#2824);
#2823 = CARTESIAN_POINT('',(9.5,1.52,9.8));
#2824 = VECTOR('',#2825,1.);
#2825 = DIRECTION('',(0.,0.,-1.));
#2826 = ORIENTED_EDGE('',*,*,#2827,.T.);
#2827 = EDGE_CURVE('',#2820,#2772,#2828,.T.);
#2828 = LINE('',#2829,#2830);
#2829 = CARTESIAN_POINT('',(9.5,1.52,5.25));
#2830 = VECTOR('',#2831,1.);
#2831 = DIRECTION('',(0.,1.,0.));
#2832 = ORIENTED_EDGE('',*,*,#2779,.T.);
#2833 = ORIENTED_EDGE('',*,*,#562,.T.);
#2834 = PLANE('',#2835);
#2835 = AXIS2_PLACEMENT_3D('',#2836,#2837,#2838);
#2836 = CARTESIAN_POINT('',(9.5,1.72,7.525));
#2837 = DIRECTION('',(1.,0.,0.));
#2838 = DIRECTION('',(0.,0.,1.));
#2839 = ADVANCED_FACE('',(#2840),#2867,.F.);
#2840 = FACE_BOUND('',#2841,.F.);
#2841 = EDGE_LOOP('',(#2842,#2843,#2844,#2852,#2860,#2866));
#2842 = ORIENTED_EDGE('',*,*,#554,.F.);
#2843 = ORIENTED_EDGE('',*,*,#2819,.T.);
#2844 = ORIENTED_EDGE('',*,*,#2845,.T.);
#2845 = EDGE_CURVE('',#2820,#2846,#2848,.T.);
#2846 = VERTEX_POINT('',#2847);
#2847 = CARTESIAN_POINT('',(9.4,1.52,5.25));
#2848 = LINE('',#2849,#2850);
#2849 = CARTESIAN_POINT('',(10.6,1.52,5.25));
#2850 = VECTOR('',#2851,1.);
#2851 = DIRECTION('',(-1.,-0.,-0.));
#2852 = ORIENTED_EDGE('',*,*,#2853,.T.);
#2853 = EDGE_CURVE('',#2846,#2854,#2856,.T.);
#2854 = VERTEX_POINT('',#2855);
#2855 = CARTESIAN_POINT('',(9.4,1.52,3.45));
#2856 = LINE('',#2857,#2858);
#2857 = CARTESIAN_POINT('',(9.4,1.52,5.25));
#2858 = VECTOR('',#2859,1.);
#2859 = DIRECTION('',(0.,1.233581138472E-16,-1.));
#2860 = ORIENTED_EDGE('',*,*,#2861,.T.);
#2861 = EDGE_CURVE('',#2854,#2796,#2862,.T.);
#2862 = LINE('',#2863,#2864);
#2863 = CARTESIAN_POINT('',(11.05,1.52,3.45));
#2864 = VECTOR('',#2865,1.);
#2865 = DIRECTION('',(-1.,-0.,-0.));
#2866 = ORIENTED_EDGE('',*,*,#2803,.T.);
#2867 = PLANE('',#2868);
#2868 = AXIS2_PLACEMENT_3D('',#2869,#2870,#2871);
#2869 = CARTESIAN_POINT('',(11.05,1.52,3.45));
#2870 = DIRECTION('',(0.,1.,0.));
#2871 = DIRECTION('',(0.,0.,1.));
#2872 = ADVANCED_FACE('',(#2873),#2914,.F.);
#2873 = FACE_BOUND('',#2874,.F.);
#2874 = EDGE_LOOP('',(#2875,#2883,#2891,#2899,#2907,#2913));
#2875 = ORIENTED_EDGE('',*,*,#2876,.F.);
#2876 = EDGE_CURVE('',#2877,#587,#2879,.T.);
#2877 = VERTEX_POINT('',#2878);
#2878 = CARTESIAN_POINT('',(13.55,1.52,3.45));
#2879 = LINE('',#2880,#2881);
#2880 = CARTESIAN_POINT('',(13.55,1.52,3.45));
#2881 = VECTOR('',#2882,1.);
#2882 = DIRECTION('',(0.,0.,1.));
#2883 = ORIENTED_EDGE('',*,*,#2884,.T.);
#2884 = EDGE_CURVE('',#2877,#2885,#2887,.T.);
#2885 = VERTEX_POINT('',#2886);
#2886 = CARTESIAN_POINT('',(13.1,1.52,3.45));
#2887 = LINE('',#2888,#2889);
#2888 = CARTESIAN_POINT('',(13.55,1.52,3.45));
#2889 = VECTOR('',#2890,1.);
#2890 = DIRECTION('',(-1.,-0.,-0.));
#2891 = ORIENTED_EDGE('',*,*,#2892,.F.);
#2892 = EDGE_CURVE('',#2893,#2885,#2895,.T.);
#2893 = VERTEX_POINT('',#2894);
#2894 = CARTESIAN_POINT('',(13.1,1.52,5.25));
#2895 = LINE('',#2896,#2897);
#2896 = CARTESIAN_POINT('',(13.1,1.52,5.25));
#2897 = VECTOR('',#2898,1.);
#2898 = DIRECTION('',(0.,1.233581138472E-16,-1.));
#2899 = ORIENTED_EDGE('',*,*,#2900,.T.);
#2900 = EDGE_CURVE('',#2893,#2901,#2903,.T.);
#2901 = VERTEX_POINT('',#2902);
#2902 = CARTESIAN_POINT('',(13.,1.52,5.25));
#2903 = LINE('',#2904,#2905);
#2904 = CARTESIAN_POINT('',(13.1,1.52,5.25));
#2905 = VECTOR('',#2906,1.);
#2906 = DIRECTION('',(-1.,-0.,-0.));
#2907 = ORIENTED_EDGE('',*,*,#2908,.F.);
#2908 = EDGE_CURVE('',#589,#2901,#2909,.T.);
#2909 = LINE('',#2910,#2911);
#2910 = CARTESIAN_POINT('',(13.,1.52,9.8));
#2911 = VECTOR('',#2912,1.);
#2912 = DIRECTION('',(0.,0.,-1.));
#2913 = ORIENTED_EDGE('',*,*,#586,.F.);
#2914 = PLANE('',#2915);
#2915 = AXIS2_PLACEMENT_3D('',#2916,#2917,#2918);
#2916 = CARTESIAN_POINT('',(13.55,1.52,3.45));
#2917 = DIRECTION('',(0.,1.,0.));
#2918 = DIRECTION('',(0.,0.,1.));
#2919 = ADVANCED_FACE('',(#2920),#2938,.F.);
#2920 = FACE_BOUND('',#2921,.F.);
#2921 = EDGE_LOOP('',(#2922,#2930,#2931,#2932));
#2922 = ORIENTED_EDGE('',*,*,#2923,.T.);
#2923 = EDGE_CURVE('',#2924,#2877,#2926,.T.);
#2924 = VERTEX_POINT('',#2925);
#2925 = CARTESIAN_POINT('',(13.55,-0.98,3.45));
#2926 = LINE('',#2927,#2928);
#2927 = CARTESIAN_POINT('',(13.55,-0.98,3.45));
#2928 = VECTOR('',#2929,1.);
#2929 = DIRECTION('',(0.,1.,0.));
#2930 = ORIENTED_EDGE('',*,*,#2876,.T.);
#2931 = ORIENTED_EDGE('',*,*,#596,.T.);
#2932 = ORIENTED_EDGE('',*,*,#2933,.T.);
#2933 = EDGE_CURVE('',#597,#2924,#2934,.T.);
#2934 = LINE('',#2935,#2936);
#2935 = CARTESIAN_POINT('',(13.55,-0.98,9.8));
#2936 = VECTOR('',#2937,1.);
#2937 = DIRECTION('',(0.,0.,-1.));
#2938 = PLANE('',#2939);
#2939 = AXIS2_PLACEMENT_3D('',#2940,#2941,#2942);
#2940 = CARTESIAN_POINT('',(13.55,0.27,6.625));
#2941 = DIRECTION('',(1.,0.,0.));
#2942 = DIRECTION('',(0.,0.,1.));
#2943 = ADVANCED_FACE('',(#2944),#2962,.F.);
#2944 = FACE_BOUND('',#2945,.F.);
#2945 = EDGE_LOOP('',(#2946,#2947,#2955,#2961));
#2946 = ORIENTED_EDGE('',*,*,#2908,.T.);
#2947 = ORIENTED_EDGE('',*,*,#2948,.T.);
#2948 = EDGE_CURVE('',#2901,#2949,#2951,.T.);
#2949 = VERTEX_POINT('',#2950);
#2950 = CARTESIAN_POINT('',(13.,1.92,5.25));
#2951 = LINE('',#2952,#2953);
#2952 = CARTESIAN_POINT('',(13.,1.52,5.25));
#2953 = VECTOR('',#2954,1.);
#2954 = DIRECTION('',(0.,1.,0.));
#2955 = ORIENTED_EDGE('',*,*,#2956,.T.);
#2956 = EDGE_CURVE('',#2949,#637,#2957,.T.);
#2957 = LINE('',#2958,#2959);
#2958 = CARTESIAN_POINT('',(13.,1.92,5.25));
#2959 = VECTOR('',#2960,1.);
#2960 = DIRECTION('',(0.,0.,1.));
#2961 = ORIENTED_EDGE('',*,*,#644,.T.);
#2962 = PLANE('',#2963);
#2963 = AXIS2_PLACEMENT_3D('',#2964,#2965,#2966);
#2964 = CARTESIAN_POINT('',(13.,1.72,7.525));
#2965 = DIRECTION('',(1.,0.,0.));
#2966 = DIRECTION('',(0.,0.,1.));
#2967 = ADVANCED_FACE('',(#2968),#2986,.F.);
#2968 = FACE_BOUND('',#2969,.F.);
#2969 = EDGE_LOOP('',(#2970,#2971,#2979,#2985));
#2970 = ORIENTED_EDGE('',*,*,#604,.T.);
#2971 = ORIENTED_EDGE('',*,*,#2972,.T.);
#2972 = EDGE_CURVE('',#605,#2973,#2975,.T.);
#2973 = VERTEX_POINT('',#2974);
#2974 = CARTESIAN_POINT('',(11.45,-0.98,3.45));
#2975 = LINE('',#2976,#2977);
#2976 = CARTESIAN_POINT('',(11.45,-0.98,9.8));
#2977 = VECTOR('',#2978,1.);
#2978 = DIRECTION('',(0.,0.,-1.));
#2979 = ORIENTED_EDGE('',*,*,#2980,.F.);
#2980 = EDGE_CURVE('',#2924,#2973,#2981,.T.);
#2981 = LINE('',#2982,#2983);
#2982 = CARTESIAN_POINT('',(13.55,-0.98,3.45));
#2983 = VECTOR('',#2984,1.);
#2984 = DIRECTION('',(-1.,-0.,-0.));
#2985 = ORIENTED_EDGE('',*,*,#2933,.F.);
#2986 = PLANE('',#2987);
#2987 = AXIS2_PLACEMENT_3D('',#2988,#2989,#2990);
#2988 = CARTESIAN_POINT('',(13.55,-0.98,9.8));
#2989 = DIRECTION('',(0.,-1.,0.));
#2990 = DIRECTION('',(0.,0.,-1.));
#2991 = ADVANCED_FACE('',(#2992),#3010,.F.);
#2992 = FACE_BOUND('',#2993,.F.);
#2993 = EDGE_LOOP('',(#2994,#3002,#3008,#3009));
#2994 = ORIENTED_EDGE('',*,*,#2995,.T.);
#2995 = EDGE_CURVE('',#2949,#2996,#2998,.T.);
#2996 = VERTEX_POINT('',#2997);
#2997 = CARTESIAN_POINT('',(12.,1.92,5.25));
#2998 = LINE('',#2999,#3000);
#2999 = CARTESIAN_POINT('',(13.,1.92,5.25));
#3000 = VECTOR('',#3001,1.);
#3001 = DIRECTION('',(-1.,-0.,-0.));
#3002 = ORIENTED_EDGE('',*,*,#3003,.T.);
#3003 = EDGE_CURVE('',#2996,#629,#3004,.T.);
#3004 = LINE('',#3005,#3006);
#3005 = CARTESIAN_POINT('',(12.,1.92,5.25));
#3006 = VECTOR('',#3007,1.);
#3007 = DIRECTION('',(0.,0.,1.));
#3008 = ORIENTED_EDGE('',*,*,#636,.F.);
#3009 = ORIENTED_EDGE('',*,*,#2956,.F.);
#3010 = PLANE('',#3011);
#3011 = AXIS2_PLACEMENT_3D('',#3012,#3013,#3014);
#3012 = CARTESIAN_POINT('',(13.,1.92,5.25));
#3013 = DIRECTION('',(0.,1.,0.));
#3014 = DIRECTION('',(0.,0.,1.));
#3015 = ADVANCED_FACE('',(#3016),#3034,.T.);
#3016 = FACE_BOUND('',#3017,.T.);
#3017 = EDGE_LOOP('',(#3018,#3026,#3032,#3033));
#3018 = ORIENTED_EDGE('',*,*,#3019,.T.);
#3019 = EDGE_CURVE('',#2973,#3020,#3022,.T.);
#3020 = VERTEX_POINT('',#3021);
#3021 = CARTESIAN_POINT('',(11.45,1.52,3.45));
#3022 = LINE('',#3023,#3024);
#3023 = CARTESIAN_POINT('',(11.45,-0.98,3.45));
#3024 = VECTOR('',#3025,1.);
#3025 = DIRECTION('',(0.,1.,0.));
#3026 = ORIENTED_EDGE('',*,*,#3027,.T.);
#3027 = EDGE_CURVE('',#3020,#613,#3028,.T.);
#3028 = LINE('',#3029,#3030);
#3029 = CARTESIAN_POINT('',(11.45,1.52,3.45));
#3030 = VECTOR('',#3031,1.);
#3031 = DIRECTION('',(0.,0.,1.));
#3032 = ORIENTED_EDGE('',*,*,#612,.T.);
#3033 = ORIENTED_EDGE('',*,*,#2972,.T.);
#3034 = PLANE('',#3035);
#3035 = AXIS2_PLACEMENT_3D('',#3036,#3037,#3038);
#3036 = CARTESIAN_POINT('',(11.45,0.27,6.625));
#3037 = DIRECTION('',(1.,0.,0.));
#3038 = DIRECTION('',(0.,0.,1.));
#3039 = ADVANCED_FACE('',(#3040),#3058,.T.);
#3040 = FACE_BOUND('',#3041,.T.);
#3041 = EDGE_LOOP('',(#3042,#3050,#3056,#3057));
#3042 = ORIENTED_EDGE('',*,*,#3043,.T.);
#3043 = EDGE_CURVE('',#621,#3044,#3046,.T.);
#3044 = VERTEX_POINT('',#3045);
#3045 = CARTESIAN_POINT('',(12.,1.52,5.25));
#3046 = LINE('',#3047,#3048);
#3047 = CARTESIAN_POINT('',(12.,1.52,9.8));
#3048 = VECTOR('',#3049,1.);
#3049 = DIRECTION('',(0.,0.,-1.));
#3050 = ORIENTED_EDGE('',*,*,#3051,.T.);
#3051 = EDGE_CURVE('',#3044,#2996,#3052,.T.);
#3052 = LINE('',#3053,#3054);
#3053 = CARTESIAN_POINT('',(12.,1.52,5.25));
#3054 = VECTOR('',#3055,1.);
#3055 = DIRECTION('',(0.,1.,0.));
#3056 = ORIENTED_EDGE('',*,*,#3003,.T.);
#3057 = ORIENTED_EDGE('',*,*,#628,.T.);
#3058 = PLANE('',#3059);
#3059 = AXIS2_PLACEMENT_3D('',#3060,#3061,#3062);
#3060 = CARTESIAN_POINT('',(12.,1.72,7.525));
#3061 = DIRECTION('',(1.,0.,0.));
#3062 = DIRECTION('',(0.,0.,1.));
#3063 = ADVANCED_FACE('',(#3064),#3091,.F.);
#3064 = FACE_BOUND('',#3065,.F.);
#3065 = EDGE_LOOP('',(#3066,#3067,#3068,#3076,#3084,#3090));
#3066 = ORIENTED_EDGE('',*,*,#620,.F.);
#3067 = ORIENTED_EDGE('',*,*,#3043,.T.);
#3068 = ORIENTED_EDGE('',*,*,#3069,.T.);
#3069 = EDGE_CURVE('',#3044,#3070,#3072,.T.);
#3070 = VERTEX_POINT('',#3071);
#3071 = CARTESIAN_POINT('',(11.9,1.52,5.25));
#3072 = LINE('',#3073,#3074);
#3073 = CARTESIAN_POINT('',(13.1,1.52,5.25));
#3074 = VECTOR('',#3075,1.);
#3075 = DIRECTION('',(-1.,-0.,-0.));
#3076 = ORIENTED_EDGE('',*,*,#3077,.T.);
#3077 = EDGE_CURVE('',#3070,#3078,#3080,.T.);
#3078 = VERTEX_POINT('',#3079);
#3079 = CARTESIAN_POINT('',(11.9,1.52,3.45));
#3080 = LINE('',#3081,#3082);
#3081 = CARTESIAN_POINT('',(11.9,1.52,5.25));
#3082 = VECTOR('',#3083,1.);
#3083 = DIRECTION('',(0.,1.233581138472E-16,-1.));
#3084 = ORIENTED_EDGE('',*,*,#3085,.T.);
#3085 = EDGE_CURVE('',#3078,#3020,#3086,.T.);
#3086 = LINE('',#3087,#3088);
#3087 = CARTESIAN_POINT('',(13.55,1.52,3.45));
#3088 = VECTOR('',#3089,1.);
#3089 = DIRECTION('',(-1.,-0.,-0.));
#3090 = ORIENTED_EDGE('',*,*,#3027,.T.);
#3091 = PLANE('',#3092);
#3092 = AXIS2_PLACEMENT_3D('',#3093,#3094,#3095);
#3093 = CARTESIAN_POINT('',(13.55,1.52,3.45));
#3094 = DIRECTION('',(0.,1.,0.));
#3095 = DIRECTION('',(0.,0.,1.));
#3096 = ADVANCED_FACE('',(#3097),#3138,.F.);
#3097 = FACE_BOUND('',#3098,.F.);
#3098 = EDGE_LOOP('',(#3099,#3107,#3115,#3123,#3131,#3137));
#3099 = ORIENTED_EDGE('',*,*,#3100,.F.);
#3100 = EDGE_CURVE('',#3101,#653,#3103,.T.);
#3101 = VERTEX_POINT('',#3102);
#3102 = CARTESIAN_POINT('',(16.05,1.52,3.45));
#3103 = LINE('',#3104,#3105);
#3104 = CARTESIAN_POINT('',(16.05,1.52,3.45));
#3105 = VECTOR('',#3106,1.);
#3106 = DIRECTION('',(0.,0.,1.));
#3107 = ORIENTED_EDGE('',*,*,#3108,.T.);
#3108 = EDGE_CURVE('',#3101,#3109,#3111,.T.);
#3109 = VERTEX_POINT('',#3110);
#3110 = CARTESIAN_POINT('',(15.6,1.52,3.45));
#3111 = LINE('',#3112,#3113);
#3112 = CARTESIAN_POINT('',(16.05,1.52,3.45));
#3113 = VECTOR('',#3114,1.);
#3114 = DIRECTION('',(-1.,-0.,-0.));
#3115 = ORIENTED_EDGE('',*,*,#3116,.F.);
#3116 = EDGE_CURVE('',#3117,#3109,#3119,.T.);
#3117 = VERTEX_POINT('',#3118);
#3118 = CARTESIAN_POINT('',(15.6,1.52,5.25));
#3119 = LINE('',#3120,#3121);
#3120 = CARTESIAN_POINT('',(15.6,1.52,5.25));
#3121 = VECTOR('',#3122,1.);
#3122 = DIRECTION('',(0.,1.233581138472E-16,-1.));
#3123 = ORIENTED_EDGE('',*,*,#3124,.T.);
#3124 = EDGE_CURVE('',#3117,#3125,#3127,.T.);
#3125 = VERTEX_POINT('',#3126);
#3126 = CARTESIAN_POINT('',(15.5,1.52,5.25));
#3127 = LINE('',#3128,#3129);
#3128 = CARTESIAN_POINT('',(15.6,1.52,5.25));
#3129 = VECTOR('',#3130,1.);
#3130 = DIRECTION('',(-1.,-0.,-0.));
#3131 = ORIENTED_EDGE('',*,*,#3132,.F.);
#3132 = EDGE_CURVE('',#655,#3125,#3133,.T.);
#3133 = LINE('',#3134,#3135);
#3134 = CARTESIAN_POINT('',(15.5,1.52,9.8));
#3135 = VECTOR('',#3136,1.);
#3136 = DIRECTION('',(0.,0.,-1.));
#3137 = ORIENTED_EDGE('',*,*,#652,.F.);
#3138 = PLANE('',#3139);
#3139 = AXIS2_PLACEMENT_3D('',#3140,#3141,#3142);
#3140 = CARTESIAN_POINT('',(16.05,1.52,3.45));
#3141 = DIRECTION('',(0.,1.,0.));
#3142 = DIRECTION('',(0.,0.,1.));
#3143 = ADVANCED_FACE('',(#3144),#3162,.F.);
#3144 = FACE_BOUND('',#3145,.F.);
#3145 = EDGE_LOOP('',(#3146,#3154,#3155,#3156));
#3146 = ORIENTED_EDGE('',*,*,#3147,.T.);
#3147 = EDGE_CURVE('',#3148,#3101,#3150,.T.);
#3148 = VERTEX_POINT('',#3149);
#3149 = CARTESIAN_POINT('',(16.05,-0.98,3.45));
#3150 = LINE('',#3151,#3152);
#3151 = CARTESIAN_POINT('',(16.05,-0.98,3.45));
#3152 = VECTOR('',#3153,1.);
#3153 = DIRECTION('',(0.,1.,0.));
#3154 = ORIENTED_EDGE('',*,*,#3100,.T.);
#3155 = ORIENTED_EDGE('',*,*,#662,.T.);
#3156 = ORIENTED_EDGE('',*,*,#3157,.T.);
#3157 = EDGE_CURVE('',#663,#3148,#3158,.T.);
#3158 = LINE('',#3159,#3160);
#3159 = CARTESIAN_POINT('',(16.05,-0.98,9.8));
#3160 = VECTOR('',#3161,1.);
#3161 = DIRECTION('',(0.,0.,-1.));
#3162 = PLANE('',#3163);
#3163 = AXIS2_PLACEMENT_3D('',#3164,#3165,#3166);
#3164 = CARTESIAN_POINT('',(16.05,0.27,6.625));
#3165 = DIRECTION('',(1.,0.,0.));
#3166 = DIRECTION('',(0.,0.,1.));
#3167 = ADVANCED_FACE('',(#3168),#3186,.F.);
#3168 = FACE_BOUND('',#3169,.F.);
#3169 = EDGE_LOOP('',(#3170,#3171,#3179,#3185));
#3170 = ORIENTED_EDGE('',*,*,#3132,.T.);
#3171 = ORIENTED_EDGE('',*,*,#3172,.T.);
#3172 = EDGE_CURVE('',#3125,#3173,#3175,.T.);
#3173 = VERTEX_POINT('',#3174);
#3174 = CARTESIAN_POINT('',(15.5,1.92,5.25));
#3175 = LINE('',#3176,#3177);
#3176 = CARTESIAN_POINT('',(15.5,1.52,5.25));
#3177 = VECTOR('',#3178,1.);
#3178 = DIRECTION('',(0.,1.,0.));
#3179 = ORIENTED_EDGE('',*,*,#3180,.T.);
#3180 = EDGE_CURVE('',#3173,#703,#3181,.T.);
#3181 = LINE('',#3182,#3183);
#3182 = CARTESIAN_POINT('',(15.5,1.92,5.25));
#3183 = VECTOR('',#3184,1.);
#3184 = DIRECTION('',(0.,0.,1.));
#3185 = ORIENTED_EDGE('',*,*,#710,.T.);
#3186 = PLANE('',#3187);
#3187 = AXIS2_PLACEMENT_3D('',#3188,#3189,#3190);
#3188 = CARTESIAN_POINT('',(15.5,1.72,7.525));
#3189 = DIRECTION('',(1.,0.,0.));
#3190 = DIRECTION('',(0.,0.,1.));
#3191 = ADVANCED_FACE('',(#3192),#3210,.F.);
#3192 = FACE_BOUND('',#3193,.F.);
#3193 = EDGE_LOOP('',(#3194,#3195,#3203,#3209));
#3194 = ORIENTED_EDGE('',*,*,#670,.T.);
#3195 = ORIENTED_EDGE('',*,*,#3196,.T.);
#3196 = EDGE_CURVE('',#671,#3197,#3199,.T.);
#3197 = VERTEX_POINT('',#3198);
#3198 = CARTESIAN_POINT('',(13.95,-0.98,3.45));
#3199 = LINE('',#3200,#3201);
#3200 = CARTESIAN_POINT('',(13.95,-0.98,9.8));
#3201 = VECTOR('',#3202,1.);
#3202 = DIRECTION('',(0.,0.,-1.));
#3203 = ORIENTED_EDGE('',*,*,#3204,.F.);
#3204 = EDGE_CURVE('',#3148,#3197,#3205,.T.);
#3205 = LINE('',#3206,#3207);
#3206 = CARTESIAN_POINT('',(16.05,-0.98,3.45));
#3207 = VECTOR('',#3208,1.);
#3208 = DIRECTION('',(-1.,-0.,-0.));
#3209 = ORIENTED_EDGE('',*,*,#3157,.F.);
#3210 = PLANE('',#3211);
#3211 = AXIS2_PLACEMENT_3D('',#3212,#3213,#3214);
#3212 = CARTESIAN_POINT('',(16.05,-0.98,9.8));
#3213 = DIRECTION('',(0.,-1.,0.));
#3214 = DIRECTION('',(0.,0.,-1.));
#3215 = ADVANCED_FACE('',(#3216),#3234,.F.);
#3216 = FACE_BOUND('',#3217,.F.);
#3217 = EDGE_LOOP('',(#3218,#3226,#3232,#3233));
#3218 = ORIENTED_EDGE('',*,*,#3219,.T.);
#3219 = EDGE_CURVE('',#3173,#3220,#3222,.T.);
#3220 = VERTEX_POINT('',#3221);
#3221 = CARTESIAN_POINT('',(14.5,1.92,5.25));
#3222 = LINE('',#3223,#3224);
#3223 = CARTESIAN_POINT('',(15.5,1.92,5.25));
#3224 = VECTOR('',#3225,1.);
#3225 = DIRECTION('',(-1.,-0.,-0.));
#3226 = ORIENTED_EDGE('',*,*,#3227,.T.);
#3227 = EDGE_CURVE('',#3220,#695,#3228,.T.);
#3228 = LINE('',#3229,#3230);
#3229 = CARTESIAN_POINT('',(14.5,1.92,5.25));
#3230 = VECTOR('',#3231,1.);
#3231 = DIRECTION('',(0.,0.,1.));
#3232 = ORIENTED_EDGE('',*,*,#702,.F.);
#3233 = ORIENTED_EDGE('',*,*,#3180,.F.);
#3234 = PLANE('',#3235);
#3235 = AXIS2_PLACEMENT_3D('',#3236,#3237,#3238);
#3236 = CARTESIAN_POINT('',(15.5,1.92,5.25));
#3237 = DIRECTION('',(0.,1.,0.));
#3238 = DIRECTION('',(0.,0.,1.));
#3239 = ADVANCED_FACE('',(#3240),#3258,.T.);
#3240 = FACE_BOUND('',#3241,.T.);
#3241 = EDGE_LOOP('',(#3242,#3250,#3256,#3257));
#3242 = ORIENTED_EDGE('',*,*,#3243,.T.);
#3243 = EDGE_CURVE('',#3197,#3244,#3246,.T.);
#3244 = VERTEX_POINT('',#3245);
#3245 = CARTESIAN_POINT('',(13.95,1.52,3.45));
#3246 = LINE('',#3247,#3248);
#3247 = CARTESIAN_POINT('',(13.95,-0.98,3.45));
#3248 = VECTOR('',#3249,1.);
#3249 = DIRECTION('',(0.,1.,0.));
#3250 = ORIENTED_EDGE('',*,*,#3251,.T.);
#3251 = EDGE_CURVE('',#3244,#679,#3252,.T.);
#3252 = LINE('',#3253,#3254);
#3253 = CARTESIAN_POINT('',(13.95,1.52,3.45));
#3254 = VECTOR('',#3255,1.);
#3255 = DIRECTION('',(0.,0.,1.));
#3256 = ORIENTED_EDGE('',*,*,#678,.T.);
#3257 = ORIENTED_EDGE('',*,*,#3196,.T.);
#3258 = PLANE('',#3259);
#3259 = AXIS2_PLACEMENT_3D('',#3260,#3261,#3262);
#3260 = CARTESIAN_POINT('',(13.95,0.27,6.625));
#3261 = DIRECTION('',(1.,0.,0.));
#3262 = DIRECTION('',(0.,0.,1.));
#3263 = ADVANCED_FACE('',(#3264),#3282,.T.);
#3264 = FACE_BOUND('',#3265,.T.);
#3265 = EDGE_LOOP('',(#3266,#3274,#3280,#3281));
#3266 = ORIENTED_EDGE('',*,*,#3267,.T.);
#3267 = EDGE_CURVE('',#687,#3268,#3270,.T.);
#3268 = VERTEX_POINT('',#3269);
#3269 = CARTESIAN_POINT('',(14.5,1.52,5.25));
#3270 = LINE('',#3271,#3272);
#3271 = CARTESIAN_POINT('',(14.5,1.52,9.8));
#3272 = VECTOR('',#3273,1.);
#3273 = DIRECTION('',(0.,0.,-1.));
#3274 = ORIENTED_EDGE('',*,*,#3275,.T.);
#3275 = EDGE_CURVE('',#3268,#3220,#3276,.T.);
#3276 = LINE('',#3277,#3278);
#3277 = CARTESIAN_POINT('',(14.5,1.52,5.25));
#3278 = VECTOR('',#3279,1.);
#3279 = DIRECTION('',(0.,1.,0.));
#3280 = ORIENTED_EDGE('',*,*,#3227,.T.);
#3281 = ORIENTED_EDGE('',*,*,#694,.T.);
#3282 = PLANE('',#3283);
#3283 = AXIS2_PLACEMENT_3D('',#3284,#3285,#3286);
#3284 = CARTESIAN_POINT('',(14.5,1.72,7.525));
#3285 = DIRECTION('',(1.,0.,0.));
#3286 = DIRECTION('',(0.,0.,1.));
#3287 = ADVANCED_FACE('',(#3288),#3315,.F.);
#3288 = FACE_BOUND('',#3289,.F.);
#3289 = EDGE_LOOP('',(#3290,#3291,#3292,#3300,#3308,#3314));
#3290 = ORIENTED_EDGE('',*,*,#686,.F.);
#3291 = ORIENTED_EDGE('',*,*,#3267,.T.);
#3292 = ORIENTED_EDGE('',*,*,#3293,.T.);
#3293 = EDGE_CURVE('',#3268,#3294,#3296,.T.);
#3294 = VERTEX_POINT('',#3295);
#3295 = CARTESIAN_POINT('',(14.4,1.52,5.25));
#3296 = LINE('',#3297,#3298);
#3297 = CARTESIAN_POINT('',(15.6,1.52,5.25));
#3298 = VECTOR('',#3299,1.);
#3299 = DIRECTION('',(-1.,-0.,-0.));
#3300 = ORIENTED_EDGE('',*,*,#3301,.T.);
#3301 = EDGE_CURVE('',#3294,#3302,#3304,.T.);
#3302 = VERTEX_POINT('',#3303);
#3303 = CARTESIAN_POINT('',(14.4,1.52,3.45));
#3304 = LINE('',#3305,#3306);
#3305 = CARTESIAN_POINT('',(14.4,1.52,5.25));
#3306 = VECTOR('',#3307,1.);
#3307 = DIRECTION('',(0.,1.233581138472E-16,-1.));
#3308 = ORIENTED_EDGE('',*,*,#3309,.T.);
#3309 = EDGE_CURVE('',#3302,#3244,#3310,.T.);
#3310 = LINE('',#3311,#3312);
#3311 = CARTESIAN_POINT('',(16.05,1.52,3.45));
#3312 = VECTOR('',#3313,1.);
#3313 = DIRECTION('',(-1.,-0.,-0.));
#3314 = ORIENTED_EDGE('',*,*,#3251,.T.);
#3315 = PLANE('',#3316);
#3316 = AXIS2_PLACEMENT_3D('',#3317,#3318,#3319);
#3317 = CARTESIAN_POINT('',(16.05,1.52,3.45));
#3318 = DIRECTION('',(0.,1.,0.));
#3319 = DIRECTION('',(0.,0.,1.));
#3320 = ADVANCED_FACE('',(#3321),#3362,.F.);
#3321 = FACE_BOUND('',#3322,.F.);
#3322 = EDGE_LOOP('',(#3323,#3331,#3339,#3347,#3355,#3361));
#3323 = ORIENTED_EDGE('',*,*,#3324,.F.);
#3324 = EDGE_CURVE('',#3325,#719,#3327,.T.);
#3325 = VERTEX_POINT('',#3326);
#3326 = CARTESIAN_POINT('',(18.55,1.52,3.45));
#3327 = LINE('',#3328,#3329);
#3328 = CARTESIAN_POINT('',(18.55,1.52,3.45));
#3329 = VECTOR('',#3330,1.);
#3330 = DIRECTION('',(0.,0.,1.));
#3331 = ORIENTED_EDGE('',*,*,#3332,.T.);
#3332 = EDGE_CURVE('',#3325,#3333,#3335,.T.);
#3333 = VERTEX_POINT('',#3334);
#3334 = CARTESIAN_POINT('',(18.1,1.52,3.45));
#3335 = LINE('',#3336,#3337);
#3336 = CARTESIAN_POINT('',(18.55,1.52,3.45));
#3337 = VECTOR('',#3338,1.);
#3338 = DIRECTION('',(-1.,-0.,-0.));
#3339 = ORIENTED_EDGE('',*,*,#3340,.F.);
#3340 = EDGE_CURVE('',#3341,#3333,#3343,.T.);
#3341 = VERTEX_POINT('',#3342);
#3342 = CARTESIAN_POINT('',(18.1,1.52,5.25));
#3343 = LINE('',#3344,#3345);
#3344 = CARTESIAN_POINT('',(18.1,1.52,5.25));
#3345 = VECTOR('',#3346,1.);
#3346 = DIRECTION('',(0.,1.233581138472E-16,-1.));
#3347 = ORIENTED_EDGE('',*,*,#3348,.T.);
#3348 = EDGE_CURVE('',#3341,#3349,#3351,.T.);
#3349 = VERTEX_POINT('',#3350);
#3350 = CARTESIAN_POINT('',(18.,1.52,5.25));
#3351 = LINE('',#3352,#3353);
#3352 = CARTESIAN_POINT('',(18.1,1.52,5.25));
#3353 = VECTOR('',#3354,1.);
#3354 = DIRECTION('',(-1.,-0.,-0.));
#3355 = ORIENTED_EDGE('',*,*,#3356,.F.);
#3356 = EDGE_CURVE('',#721,#3349,#3357,.T.);
#3357 = LINE('',#3358,#3359);
#3358 = CARTESIAN_POINT('',(18.,1.52,9.8));
#3359 = VECTOR('',#3360,1.);
#3360 = DIRECTION('',(0.,0.,-1.));
#3361 = ORIENTED_EDGE('',*,*,#718,.F.);
#3362 = PLANE('',#3363);
#3363 = AXIS2_PLACEMENT_3D('',#3364,#3365,#3366);
#3364 = CARTESIAN_POINT('',(18.55,1.52,3.45));
#3365 = DIRECTION('',(0.,1.,0.));
#3366 = DIRECTION('',(0.,0.,1.));
#3367 = ADVANCED_FACE('',(#3368),#3386,.F.);
#3368 = FACE_BOUND('',#3369,.F.);
#3369 = EDGE_LOOP('',(#3370,#3378,#3379,#3380));
#3370 = ORIENTED_EDGE('',*,*,#3371,.T.);
#3371 = EDGE_CURVE('',#3372,#3325,#3374,.T.);
#3372 = VERTEX_POINT('',#3373);
#3373 = CARTESIAN_POINT('',(18.55,-0.98,3.45));
#3374 = LINE('',#3375,#3376);
#3375 = CARTESIAN_POINT('',(18.55,-0.98,3.45));
#3376 = VECTOR('',#3377,1.);
#3377 = DIRECTION('',(0.,1.,0.));
#3378 = ORIENTED_EDGE('',*,*,#3324,.T.);
#3379 = ORIENTED_EDGE('',*,*,#728,.T.);
#3380 = ORIENTED_EDGE('',*,*,#3381,.T.);
#3381 = EDGE_CURVE('',#729,#3372,#3382,.T.);
#3382 = LINE('',#3383,#3384);
#3383 = CARTESIAN_POINT('',(18.55,-0.98,9.8));
#3384 = VECTOR('',#3385,1.);
#3385 = DIRECTION('',(0.,0.,-1.));
#3386 = PLANE('',#3387);
#3387 = AXIS2_PLACEMENT_3D('',#3388,#3389,#3390);
#3388 = CARTESIAN_POINT('',(18.55,0.27,6.625));
#3389 = DIRECTION('',(1.,0.,0.));
#3390 = DIRECTION('',(0.,0.,1.));
#3391 = ADVANCED_FACE('',(#3392),#3410,.F.);
#3392 = FACE_BOUND('',#3393,.F.);
#3393 = EDGE_LOOP('',(#3394,#3395,#3403,#3409));
#3394 = ORIENTED_EDGE('',*,*,#3356,.T.);
#3395 = ORIENTED_EDGE('',*,*,#3396,.T.);
#3396 = EDGE_CURVE('',#3349,#3397,#3399,.T.);
#3397 = VERTEX_POINT('',#3398);
#3398 = CARTESIAN_POINT('',(18.,1.92,5.25));
#3399 = LINE('',#3400,#3401);
#3400 = CARTESIAN_POINT('',(18.,1.52,5.25));
#3401 = VECTOR('',#3402,1.);
#3402 = DIRECTION('',(0.,1.,0.));
#3403 = ORIENTED_EDGE('',*,*,#3404,.T.);
#3404 = EDGE_CURVE('',#3397,#769,#3405,.T.);
#3405 = LINE('',#3406,#3407);
#3406 = CARTESIAN_POINT('',(18.,1.92,5.25));
#3407 = VECTOR('',#3408,1.);
#3408 = DIRECTION('',(0.,0.,1.));
#3409 = ORIENTED_EDGE('',*,*,#776,.T.);
#3410 = PLANE('',#3411);
#3411 = AXIS2_PLACEMENT_3D('',#3412,#3413,#3414);
#3412 = CARTESIAN_POINT('',(18.,1.72,7.525));
#3413 = DIRECTION('',(1.,0.,0.));
#3414 = DIRECTION('',(0.,0.,1.));
#3415 = ADVANCED_FACE('',(#3416),#3434,.F.);
#3416 = FACE_BOUND('',#3417,.F.);
#3417 = EDGE_LOOP('',(#3418,#3419,#3427,#3433));
#3418 = ORIENTED_EDGE('',*,*,#736,.T.);
#3419 = ORIENTED_EDGE('',*,*,#3420,.T.);
#3420 = EDGE_CURVE('',#737,#3421,#3423,.T.);
#3421 = VERTEX_POINT('',#3422);
#3422 = CARTESIAN_POINT('',(16.45,-0.98,3.45));
#3423 = LINE('',#3424,#3425);
#3424 = CARTESIAN_POINT('',(16.45,-0.98,9.8));
#3425 = VECTOR('',#3426,1.);
#3426 = DIRECTION('',(0.,0.,-1.));
#3427 = ORIENTED_EDGE('',*,*,#3428,.F.);
#3428 = EDGE_CURVE('',#3372,#3421,#3429,.T.);
#3429 = LINE('',#3430,#3431);
#3430 = CARTESIAN_POINT('',(18.55,-0.98,3.45));
#3431 = VECTOR('',#3432,1.);
#3432 = DIRECTION('',(-1.,-0.,-0.));
#3433 = ORIENTED_EDGE('',*,*,#3381,.F.);
#3434 = PLANE('',#3435);
#3435 = AXIS2_PLACEMENT_3D('',#3436,#3437,#3438);
#3436 = CARTESIAN_POINT('',(18.55,-0.98,9.8));
#3437 = DIRECTION('',(0.,-1.,0.));
#3438 = DIRECTION('',(0.,0.,-1.));
#3439 = ADVANCED_FACE('',(#3440),#3458,.F.);
#3440 = FACE_BOUND('',#3441,.F.);
#3441 = EDGE_LOOP('',(#3442,#3450,#3456,#3457));
#3442 = ORIENTED_EDGE('',*,*,#3443,.T.);
#3443 = EDGE_CURVE('',#3397,#3444,#3446,.T.);
#3444 = VERTEX_POINT('',#3445);
#3445 = CARTESIAN_POINT('',(17.,1.92,5.25));
#3446 = LINE('',#3447,#3448);
#3447 = CARTESIAN_POINT('',(18.,1.92,5.25));
#3448 = VECTOR('',#3449,1.);
#3449 = DIRECTION('',(-1.,-0.,-0.));
#3450 = ORIENTED_EDGE('',*,*,#3451,.T.);
#3451 = EDGE_CURVE('',#3444,#761,#3452,.T.);
#3452 = LINE('',#3453,#3454);
#3453 = CARTESIAN_POINT('',(17.,1.92,5.25));
#3454 = VECTOR('',#3455,1.);
#3455 = DIRECTION('',(0.,0.,1.));
#3456 = ORIENTED_EDGE('',*,*,#768,.F.);
#3457 = ORIENTED_EDGE('',*,*,#3404,.F.);
#3458 = PLANE('',#3459);
#3459 = AXIS2_PLACEMENT_3D('',#3460,#3461,#3462);
#3460 = CARTESIAN_POINT('',(18.,1.92,5.25));
#3461 = DIRECTION('',(0.,1.,0.));
#3462 = DIRECTION('',(0.,0.,1.));
#3463 = ADVANCED_FACE('',(#3464),#3482,.T.);
#3464 = FACE_BOUND('',#3465,.T.);
#3465 = EDGE_LOOP('',(#3466,#3474,#3480,#3481));
#3466 = ORIENTED_EDGE('',*,*,#3467,.T.);
#3467 = EDGE_CURVE('',#3421,#3468,#3470,.T.);
#3468 = VERTEX_POINT('',#3469);
#3469 = CARTESIAN_POINT('',(16.45,1.52,3.45));
#3470 = LINE('',#3471,#3472);
#3471 = CARTESIAN_POINT('',(16.45,-0.98,3.45));
#3472 = VECTOR('',#3473,1.);
#3473 = DIRECTION('',(0.,1.,0.));
#3474 = ORIENTED_EDGE('',*,*,#3475,.T.);
#3475 = EDGE_CURVE('',#3468,#745,#3476,.T.);
#3476 = LINE('',#3477,#3478);
#3477 = CARTESIAN_POINT('',(16.45,1.52,3.45));
#3478 = VECTOR('',#3479,1.);
#3479 = DIRECTION('',(0.,0.,1.));
#3480 = ORIENTED_EDGE('',*,*,#744,.T.);
#3481 = ORIENTED_EDGE('',*,*,#3420,.T.);
#3482 = PLANE('',#3483);
#3483 = AXIS2_PLACEMENT_3D('',#3484,#3485,#3486);
#3484 = CARTESIAN_POINT('',(16.45,0.27,6.625));
#3485 = DIRECTION('',(1.,0.,0.));
#3486 = DIRECTION('',(0.,0.,1.));
#3487 = ADVANCED_FACE('',(#3488),#3506,.T.);
#3488 = FACE_BOUND('',#3489,.T.);
#3489 = EDGE_LOOP('',(#3490,#3498,#3504,#3505));
#3490 = ORIENTED_EDGE('',*,*,#3491,.T.);
#3491 = EDGE_CURVE('',#753,#3492,#3494,.T.);
#3492 = VERTEX_POINT('',#3493);
#3493 = CARTESIAN_POINT('',(17.,1.52,5.25));
#3494 = LINE('',#3495,#3496);
#3495 = CARTESIAN_POINT('',(17.,1.52,9.8));
#3496 = VECTOR('',#3497,1.);
#3497 = DIRECTION('',(0.,0.,-1.));
#3498 = ORIENTED_EDGE('',*,*,#3499,.T.);
#3499 = EDGE_CURVE('',#3492,#3444,#3500,.T.);
#3500 = LINE('',#3501,#3502);
#3501 = CARTESIAN_POINT('',(17.,1.52,5.25));
#3502 = VECTOR('',#3503,1.);
#3503 = DIRECTION('',(0.,1.,0.));
#3504 = ORIENTED_EDGE('',*,*,#3451,.T.);
#3505 = ORIENTED_EDGE('',*,*,#760,.T.);
#3506 = PLANE('',#3507);
#3507 = AXIS2_PLACEMENT_3D('',#3508,#3509,#3510);
#3508 = CARTESIAN_POINT('',(17.,1.72,7.525));
#3509 = DIRECTION('',(1.,0.,0.));
#3510 = DIRECTION('',(0.,0.,1.));
#3511 = ADVANCED_FACE('',(#3512),#3539,.F.);
#3512 = FACE_BOUND('',#3513,.F.);
#3513 = EDGE_LOOP('',(#3514,#3515,#3516,#3524,#3532,#3538));
#3514 = ORIENTED_EDGE('',*,*,#752,.F.);
#3515 = ORIENTED_EDGE('',*,*,#3491,.T.);
#3516 = ORIENTED_EDGE('',*,*,#3517,.T.);
#3517 = EDGE_CURVE('',#3492,#3518,#3520,.T.);
#3518 = VERTEX_POINT('',#3519);
#3519 = CARTESIAN_POINT('',(16.9,1.52,5.25));
#3520 = LINE('',#3521,#3522);
#3521 = CARTESIAN_POINT('',(18.1,1.52,5.25));
#3522 = VECTOR('',#3523,1.);
#3523 = DIRECTION('',(-1.,-0.,-0.));
#3524 = ORIENTED_EDGE('',*,*,#3525,.T.);
#3525 = EDGE_CURVE('',#3518,#3526,#3528,.T.);
#3526 = VERTEX_POINT('',#3527);
#3527 = CARTESIAN_POINT('',(16.9,1.52,3.45));
#3528 = LINE('',#3529,#3530);
#3529 = CARTESIAN_POINT('',(16.9,1.52,5.25));
#3530 = VECTOR('',#3531,1.);
#3531 = DIRECTION('',(0.,1.233581138472E-16,-1.));
#3532 = ORIENTED_EDGE('',*,*,#3533,.T.);
#3533 = EDGE_CURVE('',#3526,#3468,#3534,.T.);
#3534 = LINE('',#3535,#3536);
#3535 = CARTESIAN_POINT('',(18.55,1.52,3.45));
#3536 = VECTOR('',#3537,1.);
#3537 = DIRECTION('',(-1.,-0.,-0.));
#3538 = ORIENTED_EDGE('',*,*,#3475,.T.);
#3539 = PLANE('',#3540);
#3540 = AXIS2_PLACEMENT_3D('',#3541,#3542,#3543);
#3541 = CARTESIAN_POINT('',(18.55,1.52,3.45));
#3542 = DIRECTION('',(0.,1.,0.));
#3543 = DIRECTION('',(0.,0.,1.));
#3544 = ADVANCED_FACE('',(#3545),#3586,.F.);
#3545 = FACE_BOUND('',#3546,.F.);
#3546 = EDGE_LOOP('',(#3547,#3555,#3563,#3571,#3579,#3585));
#3547 = ORIENTED_EDGE('',*,*,#3548,.F.);
#3548 = EDGE_CURVE('',#3549,#785,#3551,.T.);
#3549 = VERTEX_POINT('',#3550);
#3550 = CARTESIAN_POINT('',(21.05,1.52,3.45));
#3551 = LINE('',#3552,#3553);
#3552 = CARTESIAN_POINT('',(21.05,1.52,3.45));
#3553 = VECTOR('',#3554,1.);
#3554 = DIRECTION('',(0.,0.,1.));
#3555 = ORIENTED_EDGE('',*,*,#3556,.T.);
#3556 = EDGE_CURVE('',#3549,#3557,#3559,.T.);
#3557 = VERTEX_POINT('',#3558);
#3558 = CARTESIAN_POINT('',(20.6,1.52,3.45));
#3559 = LINE('',#3560,#3561);
#3560 = CARTESIAN_POINT('',(21.05,1.52,3.45));
#3561 = VECTOR('',#3562,1.);
#3562 = DIRECTION('',(-1.,-0.,-0.));
#3563 = ORIENTED_EDGE('',*,*,#3564,.F.);
#3564 = EDGE_CURVE('',#3565,#3557,#3567,.T.);
#3565 = VERTEX_POINT('',#3566);
#3566 = CARTESIAN_POINT('',(20.6,1.52,5.25));
#3567 = LINE('',#3568,#3569);
#3568 = CARTESIAN_POINT('',(20.6,1.52,5.25));
#3569 = VECTOR('',#3570,1.);
#3570 = DIRECTION('',(0.,1.233581138472E-16,-1.));
#3571 = ORIENTED_EDGE('',*,*,#3572,.T.);
#3572 = EDGE_CURVE('',#3565,#3573,#3575,.T.);
#3573 = VERTEX_POINT('',#3574);
#3574 = CARTESIAN_POINT('',(20.5,1.52,5.25));
#3575 = LINE('',#3576,#3577);
#3576 = CARTESIAN_POINT('',(20.6,1.52,5.25));
#3577 = VECTOR('',#3578,1.);
#3578 = DIRECTION('',(-1.,-0.,-0.));
#3579 = ORIENTED_EDGE('',*,*,#3580,.F.);
#3580 = EDGE_CURVE('',#787,#3573,#3581,.T.);
#3581 = LINE('',#3582,#3583);
#3582 = CARTESIAN_POINT('',(20.5,1.52,9.8));
#3583 = VECTOR('',#3584,1.);
#3584 = DIRECTION('',(0.,0.,-1.));
#3585 = ORIENTED_EDGE('',*,*,#784,.F.);
#3586 = PLANE('',#3587);
#3587 = AXIS2_PLACEMENT_3D('',#3588,#3589,#3590);
#3588 = CARTESIAN_POINT('',(21.05,1.52,3.45));
#3589 = DIRECTION('',(0.,1.,0.));
#3590 = DIRECTION('',(0.,0.,1.));
#3591 = ADVANCED_FACE('',(#3592),#3610,.F.);
#3592 = FACE_BOUND('',#3593,.F.);
#3593 = EDGE_LOOP('',(#3594,#3602,#3603,#3604));
#3594 = ORIENTED_EDGE('',*,*,#3595,.T.);
#3595 = EDGE_CURVE('',#3596,#3549,#3598,.T.);
#3596 = VERTEX_POINT('',#3597);
#3597 = CARTESIAN_POINT('',(21.05,-0.98,3.45));
#3598 = LINE('',#3599,#3600);
#3599 = CARTESIAN_POINT('',(21.05,-0.98,3.45));
#3600 = VECTOR('',#3601,1.);
#3601 = DIRECTION('',(0.,1.,0.));
#3602 = ORIENTED_EDGE('',*,*,#3548,.T.);
#3603 = ORIENTED_EDGE('',*,*,#794,.T.);
#3604 = ORIENTED_EDGE('',*,*,#3605,.T.);
#3605 = EDGE_CURVE('',#795,#3596,#3606,.T.);
#3606 = LINE('',#3607,#3608);
#3607 = CARTESIAN_POINT('',(21.05,-0.98,9.8));
#3608 = VECTOR('',#3609,1.);
#3609 = DIRECTION('',(0.,0.,-1.));
#3610 = PLANE('',#3611);
#3611 = AXIS2_PLACEMENT_3D('',#3612,#3613,#3614);
#3612 = CARTESIAN_POINT('',(21.05,0.27,6.625));
#3613 = DIRECTION('',(1.,0.,0.));
#3614 = DIRECTION('',(0.,0.,1.));
#3615 = ADVANCED_FACE('',(#3616),#3634,.F.);
#3616 = FACE_BOUND('',#3617,.F.);
#3617 = EDGE_LOOP('',(#3618,#3619,#3627,#3633));
#3618 = ORIENTED_EDGE('',*,*,#3580,.T.);
#3619 = ORIENTED_EDGE('',*,*,#3620,.T.);
#3620 = EDGE_CURVE('',#3573,#3621,#3623,.T.);
#3621 = VERTEX_POINT('',#3622);
#3622 = CARTESIAN_POINT('',(20.5,1.92,5.25));
#3623 = LINE('',#3624,#3625);
#3624 = CARTESIAN_POINT('',(20.5,1.52,5.25));
#3625 = VECTOR('',#3626,1.);
#3626 = DIRECTION('',(0.,1.,0.));
#3627 = ORIENTED_EDGE('',*,*,#3628,.T.);
#3628 = EDGE_CURVE('',#3621,#835,#3629,.T.);
#3629 = LINE('',#3630,#3631);
#3630 = CARTESIAN_POINT('',(20.5,1.92,5.25));
#3631 = VECTOR('',#3632,1.);
#3632 = DIRECTION('',(0.,0.,1.));
#3633 = ORIENTED_EDGE('',*,*,#842,.T.);
#3634 = PLANE('',#3635);
#3635 = AXIS2_PLACEMENT_3D('',#3636,#3637,#3638);
#3636 = CARTESIAN_POINT('',(20.5,1.72,7.525));
#3637 = DIRECTION('',(1.,0.,0.));
#3638 = DIRECTION('',(0.,0.,1.));
#3639 = ADVANCED_FACE('',(#3640),#3658,.F.);
#3640 = FACE_BOUND('',#3641,.F.);
#3641 = EDGE_LOOP('',(#3642,#3643,#3651,#3657));
#3642 = ORIENTED_EDGE('',*,*,#802,.T.);
#3643 = ORIENTED_EDGE('',*,*,#3644,.T.);
#3644 = EDGE_CURVE('',#803,#3645,#3647,.T.);
#3645 = VERTEX_POINT('',#3646);
#3646 = CARTESIAN_POINT('',(18.95,-0.98,3.45));
#3647 = LINE('',#3648,#3649);
#3648 = CARTESIAN_POINT('',(18.95,-0.98,9.8));
#3649 = VECTOR('',#3650,1.);
#3650 = DIRECTION('',(0.,0.,-1.));
#3651 = ORIENTED_EDGE('',*,*,#3652,.F.);
#3652 = EDGE_CURVE('',#3596,#3645,#3653,.T.);
#3653 = LINE('',#3654,#3655);
#3654 = CARTESIAN_POINT('',(21.05,-0.98,3.45));
#3655 = VECTOR('',#3656,1.);
#3656 = DIRECTION('',(-1.,-0.,-0.));
#3657 = ORIENTED_EDGE('',*,*,#3605,.F.);
#3658 = PLANE('',#3659);
#3659 = AXIS2_PLACEMENT_3D('',#3660,#3661,#3662);
#3660 = CARTESIAN_POINT('',(21.05,-0.98,9.8));
#3661 = DIRECTION('',(0.,-1.,0.));
#3662 = DIRECTION('',(0.,0.,-1.));
#3663 = ADVANCED_FACE('',(#3664),#3682,.F.);
#3664 = FACE_BOUND('',#3665,.F.);
#3665 = EDGE_LOOP('',(#3666,#3674,#3680,#3681));
#3666 = ORIENTED_EDGE('',*,*,#3667,.T.);
#3667 = EDGE_CURVE('',#3621,#3668,#3670,.T.);
#3668 = VERTEX_POINT('',#3669);
#3669 = CARTESIAN_POINT('',(19.5,1.92,5.25));
#3670 = LINE('',#3671,#3672);
#3671 = CARTESIAN_POINT('',(20.5,1.92,5.25));
#3672 = VECTOR('',#3673,1.);
#3673 = DIRECTION('',(-1.,-0.,-0.));
#3674 = ORIENTED_EDGE('',*,*,#3675,.T.);
#3675 = EDGE_CURVE('',#3668,#827,#3676,.T.);
#3676 = LINE('',#3677,#3678);
#3677 = CARTESIAN_POINT('',(19.5,1.92,5.25));
#3678 = VECTOR('',#3679,1.);
#3679 = DIRECTION('',(0.,0.,1.));
#3680 = ORIENTED_EDGE('',*,*,#834,.F.);
#3681 = ORIENTED_EDGE('',*,*,#3628,.F.);
#3682 = PLANE('',#3683);
#3683 = AXIS2_PLACEMENT_3D('',#3684,#3685,#3686);
#3684 = CARTESIAN_POINT('',(20.5,1.92,5.25));
#3685 = DIRECTION('',(0.,1.,0.));
#3686 = DIRECTION('',(0.,0.,1.));
#3687 = ADVANCED_FACE('',(#3688),#3706,.T.);
#3688 = FACE_BOUND('',#3689,.T.);
#3689 = EDGE_LOOP('',(#3690,#3698,#3704,#3705));
#3690 = ORIENTED_EDGE('',*,*,#3691,.T.);
#3691 = EDGE_CURVE('',#3645,#3692,#3694,.T.);
#3692 = VERTEX_POINT('',#3693);
#3693 = CARTESIAN_POINT('',(18.95,1.52,3.45));
#3694 = LINE('',#3695,#3696);
#3695 = CARTESIAN_POINT('',(18.95,-0.98,3.45));
#3696 = VECTOR('',#3697,1.);
#3697 = DIRECTION('',(0.,1.,0.));
#3698 = ORIENTED_EDGE('',*,*,#3699,.T.);
#3699 = EDGE_CURVE('',#3692,#811,#3700,.T.);
#3700 = LINE('',#3701,#3702);
#3701 = CARTESIAN_POINT('',(18.95,1.52,3.45));
#3702 = VECTOR('',#3703,1.);
#3703 = DIRECTION('',(0.,0.,1.));
#3704 = ORIENTED_EDGE('',*,*,#810,.T.);
#3705 = ORIENTED_EDGE('',*,*,#3644,.T.);
#3706 = PLANE('',#3707);
#3707 = AXIS2_PLACEMENT_3D('',#3708,#3709,#3710);
#3708 = CARTESIAN_POINT('',(18.95,0.27,6.625));
#3709 = DIRECTION('',(1.,0.,0.));
#3710 = DIRECTION('',(0.,0.,1.));
#3711 = ADVANCED_FACE('',(#3712),#3730,.T.);
#3712 = FACE_BOUND('',#3713,.T.);
#3713 = EDGE_LOOP('',(#3714,#3722,#3728,#3729));
#3714 = ORIENTED_EDGE('',*,*,#3715,.T.);
#3715 = EDGE_CURVE('',#819,#3716,#3718,.T.);
#3716 = VERTEX_POINT('',#3717);
#3717 = CARTESIAN_POINT('',(19.5,1.52,5.25));
#3718 = LINE('',#3719,#3720);
#3719 = CARTESIAN_POINT('',(19.5,1.52,9.8));
#3720 = VECTOR('',#3721,1.);
#3721 = DIRECTION('',(0.,0.,-1.));
#3722 = ORIENTED_EDGE('',*,*,#3723,.T.);
#3723 = EDGE_CURVE('',#3716,#3668,#3724,.T.);
#3724 = LINE('',#3725,#3726);
#3725 = CARTESIAN_POINT('',(19.5,1.52,5.25));
#3726 = VECTOR('',#3727,1.);
#3727 = DIRECTION('',(0.,1.,0.));
#3728 = ORIENTED_EDGE('',*,*,#3675,.T.);
#3729 = ORIENTED_EDGE('',*,*,#826,.T.);
#3730 = PLANE('',#3731);
#3731 = AXIS2_PLACEMENT_3D('',#3732,#3733,#3734);
#3732 = CARTESIAN_POINT('',(19.5,1.72,7.525));
#3733 = DIRECTION('',(1.,0.,0.));
#3734 = DIRECTION('',(0.,0.,1.));
#3735 = ADVANCED_FACE('',(#3736),#3763,.F.);
#3736 = FACE_BOUND('',#3737,.F.);
#3737 = EDGE_LOOP('',(#3738,#3739,#3740,#3748,#3756,#3762));
#3738 = ORIENTED_EDGE('',*,*,#818,.F.);
#3739 = ORIENTED_EDGE('',*,*,#3715,.T.);
#3740 = ORIENTED_EDGE('',*,*,#3741,.T.);
#3741 = EDGE_CURVE('',#3716,#3742,#3744,.T.);
#3742 = VERTEX_POINT('',#3743);
#3743 = CARTESIAN_POINT('',(19.4,1.52,5.25));
#3744 = LINE('',#3745,#3746);
#3745 = CARTESIAN_POINT('',(20.6,1.52,5.25));
#3746 = VECTOR('',#3747,1.);
#3747 = DIRECTION('',(-1.,-0.,-0.));
#3748 = ORIENTED_EDGE('',*,*,#3749,.T.);
#3749 = EDGE_CURVE('',#3742,#3750,#3752,.T.);
#3750 = VERTEX_POINT('',#3751);
#3751 = CARTESIAN_POINT('',(19.4,1.52,3.45));
#3752 = LINE('',#3753,#3754);
#3753 = CARTESIAN_POINT('',(19.4,1.52,5.25));
#3754 = VECTOR('',#3755,1.);
#3755 = DIRECTION('',(0.,1.233581138472E-16,-1.));
#3756 = ORIENTED_EDGE('',*,*,#3757,.T.);
#3757 = EDGE_CURVE('',#3750,#3692,#3758,.T.);
#3758 = LINE('',#3759,#3760);
#3759 = CARTESIAN_POINT('',(21.05,1.52,3.45));
#3760 = VECTOR('',#3761,1.);
#3761 = DIRECTION('',(-1.,-0.,-0.));
#3762 = ORIENTED_EDGE('',*,*,#3699,.T.);
#3763 = PLANE('',#3764);
#3764 = AXIS2_PLACEMENT_3D('',#3765,#3766,#3767);
#3765 = CARTESIAN_POINT('',(21.05,1.52,3.45));
#3766 = DIRECTION('',(0.,1.,0.));
#3767 = DIRECTION('',(0.,0.,1.));
#3768 = ADVANCED_FACE('',(#3769),#3810,.F.);
#3769 = FACE_BOUND('',#3770,.F.);
#3770 = EDGE_LOOP('',(#3771,#3779,#3787,#3795,#3803,#3809));
#3771 = ORIENTED_EDGE('',*,*,#3772,.F.);
#3772 = EDGE_CURVE('',#3773,#851,#3775,.T.);
#3773 = VERTEX_POINT('',#3774);
#3774 = CARTESIAN_POINT('',(23.55,1.52,3.45));
#3775 = LINE('',#3776,#3777);
#3776 = CARTESIAN_POINT('',(23.55,1.52,3.45));
#3777 = VECTOR('',#3778,1.);
#3778 = DIRECTION('',(0.,0.,1.));
#3779 = ORIENTED_EDGE('',*,*,#3780,.T.);
#3780 = EDGE_CURVE('',#3773,#3781,#3783,.T.);
#3781 = VERTEX_POINT('',#3782);
#3782 = CARTESIAN_POINT('',(23.1,1.52,3.45));
#3783 = LINE('',#3784,#3785);
#3784 = CARTESIAN_POINT('',(23.55,1.52,3.45));
#3785 = VECTOR('',#3786,1.);
#3786 = DIRECTION('',(-1.,-0.,-0.));
#3787 = ORIENTED_EDGE('',*,*,#3788,.F.);
#3788 = EDGE_CURVE('',#3789,#3781,#3791,.T.);
#3789 = VERTEX_POINT('',#3790);
#3790 = CARTESIAN_POINT('',(23.1,1.52,5.25));
#3791 = LINE('',#3792,#3793);
#3792 = CARTESIAN_POINT('',(23.1,1.52,5.25));
#3793 = VECTOR('',#3794,1.);
#3794 = DIRECTION('',(0.,1.233581138472E-16,-1.));
#3795 = ORIENTED_EDGE('',*,*,#3796,.T.);
#3796 = EDGE_CURVE('',#3789,#3797,#3799,.T.);
#3797 = VERTEX_POINT('',#3798);
#3798 = CARTESIAN_POINT('',(23.,1.52,5.25));
#3799 = LINE('',#3800,#3801);
#3800 = CARTESIAN_POINT('',(23.1,1.52,5.25));
#3801 = VECTOR('',#3802,1.);
#3802 = DIRECTION('',(-1.,-0.,-0.));
#3803 = ORIENTED_EDGE('',*,*,#3804,.F.);
#3804 = EDGE_CURVE('',#853,#3797,#3805,.T.);
#3805 = LINE('',#3806,#3807);
#3806 = CARTESIAN_POINT('',(23.,1.52,9.8));
#3807 = VECTOR('',#3808,1.);
#3808 = DIRECTION('',(0.,0.,-1.));
#3809 = ORIENTED_EDGE('',*,*,#850,.F.);
#3810 = PLANE('',#3811);
#3811 = AXIS2_PLACEMENT_3D('',#3812,#3813,#3814);
#3812 = CARTESIAN_POINT('',(23.55,1.52,3.45));
#3813 = DIRECTION('',(0.,1.,0.));
#3814 = DIRECTION('',(0.,0.,1.));
#3815 = ADVANCED_FACE('',(#3816),#3834,.F.);
#3816 = FACE_BOUND('',#3817,.F.);
#3817 = EDGE_LOOP('',(#3818,#3826,#3827,#3828));
#3818 = ORIENTED_EDGE('',*,*,#3819,.T.);
#3819 = EDGE_CURVE('',#3820,#3773,#3822,.T.);
#3820 = VERTEX_POINT('',#3821);
#3821 = CARTESIAN_POINT('',(23.55,-0.98,3.45));
#3822 = LINE('',#3823,#3824);
#3823 = CARTESIAN_POINT('',(23.55,-0.98,3.45));
#3824 = VECTOR('',#3825,1.);
#3825 = DIRECTION('',(0.,1.,0.));
#3826 = ORIENTED_EDGE('',*,*,#3772,.T.);
#3827 = ORIENTED_EDGE('',*,*,#860,.T.);
#3828 = ORIENTED_EDGE('',*,*,#3829,.T.);
#3829 = EDGE_CURVE('',#861,#3820,#3830,.T.);
#3830 = LINE('',#3831,#3832);
#3831 = CARTESIAN_POINT('',(23.55,-0.98,9.8));
#3832 = VECTOR('',#3833,1.);
#3833 = DIRECTION('',(0.,0.,-1.));
#3834 = PLANE('',#3835);
#3835 = AXIS2_PLACEMENT_3D('',#3836,#3837,#3838);
#3836 = CARTESIAN_POINT('',(23.55,0.27,6.625));
#3837 = DIRECTION('',(1.,0.,0.));
#3838 = DIRECTION('',(0.,0.,1.));
#3839 = ADVANCED_FACE('',(#3840),#3858,.F.);
#3840 = FACE_BOUND('',#3841,.F.);
#3841 = EDGE_LOOP('',(#3842,#3843,#3851,#3857));
#3842 = ORIENTED_EDGE('',*,*,#3804,.T.);
#3843 = ORIENTED_EDGE('',*,*,#3844,.T.);
#3844 = EDGE_CURVE('',#3797,#3845,#3847,.T.);
#3845 = VERTEX_POINT('',#3846);
#3846 = CARTESIAN_POINT('',(23.,1.92,5.25));
#3847 = LINE('',#3848,#3849);
#3848 = CARTESIAN_POINT('',(23.,1.52,5.25));
#3849 = VECTOR('',#3850,1.);
#3850 = DIRECTION('',(0.,1.,0.));
#3851 = ORIENTED_EDGE('',*,*,#3852,.T.);
#3852 = EDGE_CURVE('',#3845,#901,#3853,.T.);
#3853 = LINE('',#3854,#3855);
#3854 = CARTESIAN_POINT('',(23.,1.92,5.25));
#3855 = VECTOR('',#3856,1.);
#3856 = DIRECTION('',(0.,0.,1.));
#3857 = ORIENTED_EDGE('',*,*,#908,.T.);
#3858 = PLANE('',#3859);
#3859 = AXIS2_PLACEMENT_3D('',#3860,#3861,#3862);
#3860 = CARTESIAN_POINT('',(23.,1.72,7.525));
#3861 = DIRECTION('',(1.,0.,0.));
#3862 = DIRECTION('',(0.,0.,1.));
#3863 = ADVANCED_FACE('',(#3864),#3882,.F.);
#3864 = FACE_BOUND('',#3865,.F.);
#3865 = EDGE_LOOP('',(#3866,#3867,#3875,#3881));
#3866 = ORIENTED_EDGE('',*,*,#868,.T.);
#3867 = ORIENTED_EDGE('',*,*,#3868,.T.);
#3868 = EDGE_CURVE('',#869,#3869,#3871,.T.);
#3869 = VERTEX_POINT('',#3870);
#3870 = CARTESIAN_POINT('',(21.45,-0.98,3.45));
#3871 = LINE('',#3872,#3873);
#3872 = CARTESIAN_POINT('',(21.45,-0.98,9.8));
#3873 = VECTOR('',#3874,1.);
#3874 = DIRECTION('',(0.,0.,-1.));
#3875 = ORIENTED_EDGE('',*,*,#3876,.F.);
#3876 = EDGE_CURVE('',#3820,#3869,#3877,.T.);
#3877 = LINE('',#3878,#3879);
#3878 = CARTESIAN_POINT('',(23.55,-0.98,3.45));
#3879 = VECTOR('',#3880,1.);
#3880 = DIRECTION('',(-1.,-0.,-0.));
#3881 = ORIENTED_EDGE('',*,*,#3829,.F.);
#3882 = PLANE('',#3883);
#3883 = AXIS2_PLACEMENT_3D('',#3884,#3885,#3886);
#3884 = CARTESIAN_POINT('',(23.55,-0.98,9.8));
#3885 = DIRECTION('',(0.,-1.,0.));
#3886 = DIRECTION('',(0.,0.,-1.));
#3887 = ADVANCED_FACE('',(#3888),#3906,.F.);
#3888 = FACE_BOUND('',#3889,.F.);
#3889 = EDGE_LOOP('',(#3890,#3898,#3904,#3905));
#3890 = ORIENTED_EDGE('',*,*,#3891,.T.);
#3891 = EDGE_CURVE('',#3845,#3892,#3894,.T.);
#3892 = VERTEX_POINT('',#3893);
#3893 = CARTESIAN_POINT('',(22.,1.92,5.25));
#3894 = LINE('',#3895,#3896);
#3895 = CARTESIAN_POINT('',(23.,1.92,5.25));
#3896 = VECTOR('',#3897,1.);
#3897 = DIRECTION('',(-1.,-0.,-0.));
#3898 = ORIENTED_EDGE('',*,*,#3899,.T.);
#3899 = EDGE_CURVE('',#3892,#893,#3900,.T.);
#3900 = LINE('',#3901,#3902);
#3901 = CARTESIAN_POINT('',(22.,1.92,5.25));
#3902 = VECTOR('',#3903,1.);
#3903 = DIRECTION('',(0.,0.,1.));
#3904 = ORIENTED_EDGE('',*,*,#900,.F.);
#3905 = ORIENTED_EDGE('',*,*,#3852,.F.);
#3906 = PLANE('',#3907);
#3907 = AXIS2_PLACEMENT_3D('',#3908,#3909,#3910);
#3908 = CARTESIAN_POINT('',(23.,1.92,5.25));
#3909 = DIRECTION('',(0.,1.,0.));
#3910 = DIRECTION('',(0.,0.,1.));
#3911 = ADVANCED_FACE('',(#3912),#3930,.T.);
#3912 = FACE_BOUND('',#3913,.T.);
#3913 = EDGE_LOOP('',(#3914,#3922,#3928,#3929));
#3914 = ORIENTED_EDGE('',*,*,#3915,.T.);
#3915 = EDGE_CURVE('',#3869,#3916,#3918,.T.);
#3916 = VERTEX_POINT('',#3917);
#3917 = CARTESIAN_POINT('',(21.45,1.52,3.45));
#3918 = LINE('',#3919,#3920);
#3919 = CARTESIAN_POINT('',(21.45,-0.98,3.45));
#3920 = VECTOR('',#3921,1.);
#3921 = DIRECTION('',(0.,1.,0.));
#3922 = ORIENTED_EDGE('',*,*,#3923,.T.);
#3923 = EDGE_CURVE('',#3916,#877,#3924,.T.);
#3924 = LINE('',#3925,#3926);
#3925 = CARTESIAN_POINT('',(21.45,1.52,3.45));
#3926 = VECTOR('',#3927,1.);
#3927 = DIRECTION('',(0.,0.,1.));
#3928 = ORIENTED_EDGE('',*,*,#876,.T.);
#3929 = ORIENTED_EDGE('',*,*,#3868,.T.);
#3930 = PLANE('',#3931);
#3931 = AXIS2_PLACEMENT_3D('',#3932,#3933,#3934);
#3932 = CARTESIAN_POINT('',(21.45,0.27,6.625));
#3933 = DIRECTION('',(1.,0.,0.));
#3934 = DIRECTION('',(0.,0.,1.));
#3935 = ADVANCED_FACE('',(#3936),#3954,.T.);
#3936 = FACE_BOUND('',#3937,.T.);
#3937 = EDGE_LOOP('',(#3938,#3946,#3952,#3953));
#3938 = ORIENTED_EDGE('',*,*,#3939,.T.);
#3939 = EDGE_CURVE('',#885,#3940,#3942,.T.);
#3940 = VERTEX_POINT('',#3941);
#3941 = CARTESIAN_POINT('',(22.,1.52,5.25));
#3942 = LINE('',#3943,#3944);
#3943 = CARTESIAN_POINT('',(22.,1.52,9.8));
#3944 = VECTOR('',#3945,1.);
#3945 = DIRECTION('',(0.,0.,-1.));
#3946 = ORIENTED_EDGE('',*,*,#3947,.T.);
#3947 = EDGE_CURVE('',#3940,#3892,#3948,.T.);
#3948 = LINE('',#3949,#3950);
#3949 = CARTESIAN_POINT('',(22.,1.52,5.25));
#3950 = VECTOR('',#3951,1.);
#3951 = DIRECTION('',(0.,1.,0.));
#3952 = ORIENTED_EDGE('',*,*,#3899,.T.);
#3953 = ORIENTED_EDGE('',*,*,#892,.T.);
#3954 = PLANE('',#3955);
#3955 = AXIS2_PLACEMENT_3D('',#3956,#3957,#3958);
#3956 = CARTESIAN_POINT('',(22.,1.72,7.525));
#3957 = DIRECTION('',(1.,0.,0.));
#3958 = DIRECTION('',(0.,0.,1.));
#3959 = ADVANCED_FACE('',(#3960),#3987,.F.);
#3960 = FACE_BOUND('',#3961,.F.);
#3961 = EDGE_LOOP('',(#3962,#3963,#3964,#3972,#3980,#3986));
#3962 = ORIENTED_EDGE('',*,*,#884,.F.);
#3963 = ORIENTED_EDGE('',*,*,#3939,.T.);
#3964 = ORIENTED_EDGE('',*,*,#3965,.T.);
#3965 = EDGE_CURVE('',#3940,#3966,#3968,.T.);
#3966 = VERTEX_POINT('',#3967);
#3967 = CARTESIAN_POINT('',(21.9,1.52,5.25));
#3968 = LINE('',#3969,#3970);
#3969 = CARTESIAN_POINT('',(23.1,1.52,5.25));
#3970 = VECTOR('',#3971,1.);
#3971 = DIRECTION('',(-1.,-0.,-0.));
#3972 = ORIENTED_EDGE('',*,*,#3973,.T.);
#3973 = EDGE_CURVE('',#3966,#3974,#3976,.T.);
#3974 = VERTEX_POINT('',#3975);
#3975 = CARTESIAN_POINT('',(21.9,1.52,3.45));
#3976 = LINE('',#3977,#3978);
#3977 = CARTESIAN_POINT('',(21.9,1.52,5.25));
#3978 = VECTOR('',#3979,1.);
#3979 = DIRECTION('',(0.,1.233581138472E-16,-1.));
#3980 = ORIENTED_EDGE('',*,*,#3981,.T.);
#3981 = EDGE_CURVE('',#3974,#3916,#3982,.T.);
#3982 = LINE('',#3983,#3984);
#3983 = CARTESIAN_POINT('',(23.55,1.52,3.45));
#3984 = VECTOR('',#3985,1.);
#3985 = DIRECTION('',(-1.,-0.,-0.));
#3986 = ORIENTED_EDGE('',*,*,#3923,.T.);
#3987 = PLANE('',#3988);
#3988 = AXIS2_PLACEMENT_3D('',#3989,#3990,#3991);
#3989 = CARTESIAN_POINT('',(23.55,1.52,3.45));
#3990 = DIRECTION('',(0.,1.,0.));
#3991 = DIRECTION('',(0.,0.,1.));
#3992 = ADVANCED_FACE('',(#3993),#4004,.F.);
#3993 = FACE_BOUND('',#3994,.F.);
#3994 = EDGE_LOOP('',(#3995,#3996,#4002,#4003));
#3995 = ORIENTED_EDGE('',*,*,#1036,.T.);
#3996 = ORIENTED_EDGE('',*,*,#3997,.T.);
#3997 = EDGE_CURVE('',#1029,#943,#3998,.T.);
#3998 = LINE('',#3999,#4000);
#3999 = CARTESIAN_POINT('',(24.5,1.92,5.25));
#4000 = VECTOR('',#4001,1.);
#4001 = DIRECTION('',(0.,0.,1.));
#4002 = ORIENTED_EDGE('',*,*,#950,.F.);
#4003 = ORIENTED_EDGE('',*,*,#981,.F.);
#4004 = PLANE('',#4005);
#4005 = AXIS2_PLACEMENT_3D('',#4006,#4007,#4008);
#4006 = CARTESIAN_POINT('',(25.5,1.92,5.25));
#4007 = DIRECTION('',(0.,1.,0.));
#4008 = DIRECTION('',(0.,0.,1.));
#4009 = ADVANCED_FACE('',(#4010),#4021,.T.);
#4010 = FACE_BOUND('',#4011,.T.);
#4011 = EDGE_LOOP('',(#4012,#4013,#4019,#4020));
#4012 = ORIENTED_EDGE('',*,*,#1117,.T.);
#4013 = ORIENTED_EDGE('',*,*,#4014,.T.);
#4014 = EDGE_CURVE('',#1118,#927,#4015,.T.);
#4015 = LINE('',#4016,#4017);
#4016 = CARTESIAN_POINT('',(23.95,1.52,3.45));
#4017 = VECTOR('',#4018,1.);
#4018 = DIRECTION('',(0.,0.,1.));
#4019 = ORIENTED_EDGE('',*,*,#926,.T.);
#4020 = ORIENTED_EDGE('',*,*,#1192,.T.);
#4021 = PLANE('',#4022);
#4022 = AXIS2_PLACEMENT_3D('',#4023,#4024,#4025);
#4023 = CARTESIAN_POINT('',(23.95,0.27,6.625));
#4024 = DIRECTION('',(1.,0.,0.));
#4025 = DIRECTION('',(0.,0.,1.));
#4026 = ADVANCED_FACE('',(#4027),#4038,.T.);
#4027 = FACE_BOUND('',#4028,.T.);
#4028 = EDGE_LOOP('',(#4029,#4035,#4036,#4037));
#4029 = ORIENTED_EDGE('',*,*,#4030,.T.);
#4030 = EDGE_CURVE('',#935,#1021,#4031,.T.);
#4031 = LINE('',#4032,#4033);
#4032 = CARTESIAN_POINT('',(24.5,1.52,9.8));
#4033 = VECTOR('',#4034,1.);
#4034 = DIRECTION('',(0.,0.,-1.));
#4035 = ORIENTED_EDGE('',*,*,#1028,.T.);
#4036 = ORIENTED_EDGE('',*,*,#3997,.T.);
#4037 = ORIENTED_EDGE('',*,*,#942,.T.);
#4038 = PLANE('',#4039);
#4039 = AXIS2_PLACEMENT_3D('',#4040,#4041,#4042);
#4040 = CARTESIAN_POINT('',(24.5,1.72,7.525));
#4041 = DIRECTION('',(1.,0.,0.));
#4042 = DIRECTION('',(0.,0.,1.));
#4043 = ADVANCED_FACE('',(#4044),#4057,.F.);
#4044 = FACE_BOUND('',#4045,.F.);
#4045 = EDGE_LOOP('',(#4046,#4047,#4048,#4049,#4055,#4056));
#4046 = ORIENTED_EDGE('',*,*,#934,.F.);
#4047 = ORIENTED_EDGE('',*,*,#4030,.T.);
#4048 = ORIENTED_EDGE('',*,*,#1020,.T.);
#4049 = ORIENTED_EDGE('',*,*,#4050,.T.);
#4050 = EDGE_CURVE('',#1013,#1126,#4051,.T.);
#4051 = LINE('',#4052,#4053);
#4052 = CARTESIAN_POINT('',(24.4,1.52,5.25));
#4053 = VECTOR('',#4054,1.);
#4054 = DIRECTION('',(0.,1.233581138472E-16,-1.));
#4055 = ORIENTED_EDGE('',*,*,#1125,.T.);
#4056 = ORIENTED_EDGE('',*,*,#4014,.T.);
#4057 = PLANE('',#4058);
#4058 = AXIS2_PLACEMENT_3D('',#4059,#4060,#4061);
#4059 = CARTESIAN_POINT('',(26.05,1.52,3.45));
#4060 = DIRECTION('',(0.,1.,0.));
#4061 = DIRECTION('',(0.,0.,1.));
#4062 = ADVANCED_FACE('',(#4063),#4106,.T.);
#4063 = FACE_BOUND('',#4064,.T.);
#4064 = EDGE_LOOP('',(#4065,#4073,#4074,#4075,#4076,#4084,#4092,#4100));
#4065 = ORIENTED_EDGE('',*,*,#4066,.T.);
#4066 = EDGE_CURVE('',#4067,#1005,#4069,.T.);
#4067 = VERTEX_POINT('',#4068);
#4068 = CARTESIAN_POINT('',(24.4,2.57,2.05));
#4069 = LINE('',#4070,#4071);
#4070 = CARTESIAN_POINT('',(24.4,2.57,2.05));
#4071 = VECTOR('',#4072,1.);
#4072 = DIRECTION('',(0.,0.,1.));
#4073 = ORIENTED_EDGE('',*,*,#1012,.T.);
#4074 = ORIENTED_EDGE('',*,*,#4050,.T.);
#4075 = ORIENTED_EDGE('',*,*,#1133,.T.);
#4076 = ORIENTED_EDGE('',*,*,#4077,.T.);
#4077 = EDGE_CURVE('',#1134,#4078,#4080,.T.);
#4078 = VERTEX_POINT('',#4079);
#4079 = CARTESIAN_POINT('',(24.4,1.044,2.6151));
#4080 = LINE('',#4081,#4082);
#4081 = CARTESIAN_POINT('',(24.4,0.5468198,3.45));
#4082 = VECTOR('',#4083,1.);
#4083 = DIRECTION('',(0.,0.511647917429,-0.859195209828));
#4084 = ORIENTED_EDGE('',*,*,#4085,.T.);
#4085 = EDGE_CURVE('',#4078,#4086,#4088,.T.);
#4086 = VERTEX_POINT('',#4087);
#4087 = CARTESIAN_POINT('',(24.4,1.52,2.6151));
#4088 = LINE('',#4089,#4090);
#4089 = CARTESIAN_POINT('',(24.4,1.044,2.6151));
#4090 = VECTOR('',#4091,1.);
#4091 = DIRECTION('',(0.,1.,0.));
#4092 = ORIENTED_EDGE('',*,*,#4093,.T.);
#4093 = EDGE_CURVE('',#4086,#4094,#4096,.T.);
#4094 = VERTEX_POINT('',#4095);
#4095 = CARTESIAN_POINT('',(24.4,1.52,2.05));
#4096 = LINE('',#4097,#4098);
#4097 = CARTESIAN_POINT('',(24.4,1.52,2.6151));
#4098 = VECTOR('',#4099,1.);
#4099 = DIRECTION('',(0.,0.,-1.));
#4100 = ORIENTED_EDGE('',*,*,#4101,.T.);
#4101 = EDGE_CURVE('',#4094,#4067,#4102,.T.);
#4102 = LINE('',#4103,#4104);
#4103 = CARTESIAN_POINT('',(24.4,1.52,2.05));
#4104 = VECTOR('',#4105,1.);
#4105 = DIRECTION('',(0.,1.,0.));
#4106 = PLANE('',#4107);
#4107 = AXIS2_PLACEMENT_3D('',#4108,#4109,#4110);
#4108 = CARTESIAN_POINT('',(24.4,1.834452703854,3.573485056924));
#4109 = DIRECTION('',(1.,0.,0.));
#4110 = DIRECTION('',(0.,0.,1.));
#4111 = ADVANCED_FACE('',(#4112),#4475,.T.);
#4112 = FACE_BOUND('',#4113,.T.);
#4113 = EDGE_LOOP('',(#4114,#4124,#4130,#4131,#4132,#4133,#4141,#4149,
    #4157,#4165,#4173,#4181,#4189,#4197,#4205,#4213,#4221,#4229,#4237,
    #4245,#4253,#4261,#4269,#4277,#4285,#4293,#4301,#4309,#4317,#4325,
    #4333,#4341,#4349,#4357,#4365,#4373,#4381,#4389,#4397,#4405,#4413,
    #4421,#4429,#4437,#4445,#4453,#4461,#4469));
#4114 = ORIENTED_EDGE('',*,*,#4115,.F.);
#4115 = EDGE_CURVE('',#4116,#4118,#4120,.T.);
#4116 = VERTEX_POINT('',#4117);
#4117 = CARTESIAN_POINT('',(26.6,2.57,2.05));
#4118 = VERTEX_POINT('',#4119);
#4119 = CARTESIAN_POINT('',(26.6,2.57,9.2));
#4120 = LINE('',#4121,#4122);
#4121 = CARTESIAN_POINT('',(26.6,2.57,2.05));
#4122 = VECTOR('',#4123,1.);
#4123 = DIRECTION('',(0.,0.,1.));
#4124 = ORIENTED_EDGE('',*,*,#4125,.T.);
#4125 = EDGE_CURVE('',#4116,#1053,#4126,.T.);
#4126 = LINE('',#4127,#4128);
#4127 = CARTESIAN_POINT('',(26.6,2.57,2.05));
#4128 = VECTOR('',#4129,1.);
#4129 = DIRECTION('',(-1.,-0.,-0.));
#4130 = ORIENTED_EDGE('',*,*,#1052,.T.);
#4131 = ORIENTED_EDGE('',*,*,#1004,.T.);
#4132 = ORIENTED_EDGE('',*,*,#4066,.F.);
#4133 = ORIENTED_EDGE('',*,*,#4134,.T.);
#4134 = EDGE_CURVE('',#4067,#4135,#4137,.T.);
#4135 = VERTEX_POINT('',#4136);
#4136 = CARTESIAN_POINT('',(23.1,2.57,2.05));
#4137 = LINE('',#4138,#4139);
#4138 = CARTESIAN_POINT('',(26.6,2.57,2.05));
#4139 = VECTOR('',#4140,1.);
#4140 = DIRECTION('',(-1.,-0.,-0.));
#4141 = ORIENTED_EDGE('',*,*,#4142,.T.);
#4142 = EDGE_CURVE('',#4135,#4143,#4145,.T.);
#4143 = VERTEX_POINT('',#4144);
#4144 = CARTESIAN_POINT('',(23.1,2.57,5.25));
#4145 = LINE('',#4146,#4147);
#4146 = CARTESIAN_POINT('',(23.1,2.57,2.05));
#4147 = VECTOR('',#4148,1.);
#4148 = DIRECTION('',(0.,0.,1.));
#4149 = ORIENTED_EDGE('',*,*,#4150,.T.);
#4150 = EDGE_CURVE('',#4143,#4151,#4153,.T.);
#4151 = VERTEX_POINT('',#4152);
#4152 = CARTESIAN_POINT('',(21.9,2.57,5.25));
#4153 = LINE('',#4154,#4155);
#4154 = CARTESIAN_POINT('',(23.1,2.57,5.25));
#4155 = VECTOR('',#4156,1.);
#4156 = DIRECTION('',(-1.,-0.,-0.));
#4157 = ORIENTED_EDGE('',*,*,#4158,.F.);
#4158 = EDGE_CURVE('',#4159,#4151,#4161,.T.);
#4159 = VERTEX_POINT('',#4160);
#4160 = CARTESIAN_POINT('',(21.9,2.57,2.05));
#4161 = LINE('',#4162,#4163);
#4162 = CARTESIAN_POINT('',(21.9,2.57,2.05));
#4163 = VECTOR('',#4164,1.);
#4164 = DIRECTION('',(0.,0.,1.));
#4165 = ORIENTED_EDGE('',*,*,#4166,.T.);
#4166 = EDGE_CURVE('',#4159,#4167,#4169,.T.);
#4167 = VERTEX_POINT('',#4168);
#4168 = CARTESIAN_POINT('',(20.6,2.57,2.05));
#4169 = LINE('',#4170,#4171);
#4170 = CARTESIAN_POINT('',(26.6,2.57,2.05));
#4171 = VECTOR('',#4172,1.);
#4172 = DIRECTION('',(-1.,-0.,-0.));
#4173 = ORIENTED_EDGE('',*,*,#4174,.T.);
#4174 = EDGE_CURVE('',#4167,#4175,#4177,.T.);
#4175 = VERTEX_POINT('',#4176);
#4176 = CARTESIAN_POINT('',(20.6,2.57,5.25));
#4177 = LINE('',#4178,#4179);
#4178 = CARTESIAN_POINT('',(20.6,2.57,2.05));
#4179 = VECTOR('',#4180,1.);
#4180 = DIRECTION('',(0.,0.,1.));
#4181 = ORIENTED_EDGE('',*,*,#4182,.T.);
#4182 = EDGE_CURVE('',#4175,#4183,#4185,.T.);
#4183 = VERTEX_POINT('',#4184);
#4184 = CARTESIAN_POINT('',(19.4,2.57,5.25));
#4185 = LINE('',#4186,#4187);
#4186 = CARTESIAN_POINT('',(20.6,2.57,5.25));
#4187 = VECTOR('',#4188,1.);
#4188 = DIRECTION('',(-1.,-0.,-0.));
#4189 = ORIENTED_EDGE('',*,*,#4190,.F.);
#4190 = EDGE_CURVE('',#4191,#4183,#4193,.T.);
#4191 = VERTEX_POINT('',#4192);
#4192 = CARTESIAN_POINT('',(19.4,2.57,2.05));
#4193 = LINE('',#4194,#4195);
#4194 = CARTESIAN_POINT('',(19.4,2.57,2.05));
#4195 = VECTOR('',#4196,1.);
#4196 = DIRECTION('',(0.,0.,1.));
#4197 = ORIENTED_EDGE('',*,*,#4198,.T.);
#4198 = EDGE_CURVE('',#4191,#4199,#4201,.T.);
#4199 = VERTEX_POINT('',#4200);
#4200 = CARTESIAN_POINT('',(18.1,2.57,2.05));
#4201 = LINE('',#4202,#4203);
#4202 = CARTESIAN_POINT('',(26.6,2.57,2.05));
#4203 = VECTOR('',#4204,1.);
#4204 = DIRECTION('',(-1.,-0.,-0.));
#4205 = ORIENTED_EDGE('',*,*,#4206,.T.);
#4206 = EDGE_CURVE('',#4199,#4207,#4209,.T.);
#4207 = VERTEX_POINT('',#4208);
#4208 = CARTESIAN_POINT('',(18.1,2.57,5.25));
#4209 = LINE('',#4210,#4211);
#4210 = CARTESIAN_POINT('',(18.1,2.57,2.05));
#4211 = VECTOR('',#4212,1.);
#4212 = DIRECTION('',(0.,0.,1.));
#4213 = ORIENTED_EDGE('',*,*,#4214,.T.);
#4214 = EDGE_CURVE('',#4207,#4215,#4217,.T.);
#4215 = VERTEX_POINT('',#4216);
#4216 = CARTESIAN_POINT('',(16.9,2.57,5.25));
#4217 = LINE('',#4218,#4219);
#4218 = CARTESIAN_POINT('',(18.1,2.57,5.25));
#4219 = VECTOR('',#4220,1.);
#4220 = DIRECTION('',(-1.,-0.,-0.));
#4221 = ORIENTED_EDGE('',*,*,#4222,.F.);
#4222 = EDGE_CURVE('',#4223,#4215,#4225,.T.);
#4223 = VERTEX_POINT('',#4224);
#4224 = CARTESIAN_POINT('',(16.9,2.57,2.05));
#4225 = LINE('',#4226,#4227);
#4226 = CARTESIAN_POINT('',(16.9,2.57,2.05));
#4227 = VECTOR('',#4228,1.);
#4228 = DIRECTION('',(0.,0.,1.));
#4229 = ORIENTED_EDGE('',*,*,#4230,.T.);
#4230 = EDGE_CURVE('',#4223,#4231,#4233,.T.);
#4231 = VERTEX_POINT('',#4232);
#4232 = CARTESIAN_POINT('',(15.6,2.57,2.05));
#4233 = LINE('',#4234,#4235);
#4234 = CARTESIAN_POINT('',(26.6,2.57,2.05));
#4235 = VECTOR('',#4236,1.);
#4236 = DIRECTION('',(-1.,-0.,-0.));
#4237 = ORIENTED_EDGE('',*,*,#4238,.T.);
#4238 = EDGE_CURVE('',#4231,#4239,#4241,.T.);
#4239 = VERTEX_POINT('',#4240);
#4240 = CARTESIAN_POINT('',(15.6,2.57,5.25));
#4241 = LINE('',#4242,#4243);
#4242 = CARTESIAN_POINT('',(15.6,2.57,2.05));
#4243 = VECTOR('',#4244,1.);
#4244 = DIRECTION('',(0.,0.,1.));
#4245 = ORIENTED_EDGE('',*,*,#4246,.T.);
#4246 = EDGE_CURVE('',#4239,#4247,#4249,.T.);
#4247 = VERTEX_POINT('',#4248);
#4248 = CARTESIAN_POINT('',(14.4,2.57,5.25));
#4249 = LINE('',#4250,#4251);
#4250 = CARTESIAN_POINT('',(15.6,2.57,5.25));
#4251 = VECTOR('',#4252,1.);
#4252 = DIRECTION('',(-1.,-0.,-0.));
#4253 = ORIENTED_EDGE('',*,*,#4254,.F.);
#4254 = EDGE_CURVE('',#4255,#4247,#4257,.T.);
#4255 = VERTEX_POINT('',#4256);
#4256 = CARTESIAN_POINT('',(14.4,2.57,2.05));
#4257 = LINE('',#4258,#4259);
#4258 = CARTESIAN_POINT('',(14.4,2.57,2.05));
#4259 = VECTOR('',#4260,1.);
#4260 = DIRECTION('',(0.,0.,1.));
#4261 = ORIENTED_EDGE('',*,*,#4262,.T.);
#4262 = EDGE_CURVE('',#4255,#4263,#4265,.T.);
#4263 = VERTEX_POINT('',#4264);
#4264 = CARTESIAN_POINT('',(13.1,2.57,2.05));
#4265 = LINE('',#4266,#4267);
#4266 = CARTESIAN_POINT('',(26.6,2.57,2.05));
#4267 = VECTOR('',#4268,1.);
#4268 = DIRECTION('',(-1.,-0.,-0.));
#4269 = ORIENTED_EDGE('',*,*,#4270,.T.);
#4270 = EDGE_CURVE('',#4263,#4271,#4273,.T.);
#4271 = VERTEX_POINT('',#4272);
#4272 = CARTESIAN_POINT('',(13.1,2.57,5.25));
#4273 = LINE('',#4274,#4275);
#4274 = CARTESIAN_POINT('',(13.1,2.57,2.05));
#4275 = VECTOR('',#4276,1.);
#4276 = DIRECTION('',(0.,0.,1.));
#4277 = ORIENTED_EDGE('',*,*,#4278,.T.);
#4278 = EDGE_CURVE('',#4271,#4279,#4281,.T.);
#4279 = VERTEX_POINT('',#4280);
#4280 = CARTESIAN_POINT('',(11.9,2.57,5.25));
#4281 = LINE('',#4282,#4283);
#4282 = CARTESIAN_POINT('',(13.1,2.57,5.25));
#4283 = VECTOR('',#4284,1.);
#4284 = DIRECTION('',(-1.,-0.,-0.));
#4285 = ORIENTED_EDGE('',*,*,#4286,.F.);
#4286 = EDGE_CURVE('',#4287,#4279,#4289,.T.);
#4287 = VERTEX_POINT('',#4288);
#4288 = CARTESIAN_POINT('',(11.9,2.57,2.05));
#4289 = LINE('',#4290,#4291);
#4290 = CARTESIAN_POINT('',(11.9,2.57,2.05));
#4291 = VECTOR('',#4292,1.);
#4292 = DIRECTION('',(0.,0.,1.));
#4293 = ORIENTED_EDGE('',*,*,#4294,.T.);
#4294 = EDGE_CURVE('',#4287,#4295,#4297,.T.);
#4295 = VERTEX_POINT('',#4296);
#4296 = CARTESIAN_POINT('',(10.6,2.57,2.05));
#4297 = LINE('',#4298,#4299);
#4298 = CARTESIAN_POINT('',(26.6,2.57,2.05));
#4299 = VECTOR('',#4300,1.);
#4300 = DIRECTION('',(-1.,-0.,-0.));
#4301 = ORIENTED_EDGE('',*,*,#4302,.T.);
#4302 = EDGE_CURVE('',#4295,#4303,#4305,.T.);
#4303 = VERTEX_POINT('',#4304);
#4304 = CARTESIAN_POINT('',(10.6,2.57,5.25));
#4305 = LINE('',#4306,#4307);
#4306 = CARTESIAN_POINT('',(10.6,2.57,2.05));
#4307 = VECTOR('',#4308,1.);
#4308 = DIRECTION('',(0.,0.,1.));
#4309 = ORIENTED_EDGE('',*,*,#4310,.T.);
#4310 = EDGE_CURVE('',#4303,#4311,#4313,.T.);
#4311 = VERTEX_POINT('',#4312);
#4312 = CARTESIAN_POINT('',(9.4,2.57,5.25));
#4313 = LINE('',#4314,#4315);
#4314 = CARTESIAN_POINT('',(10.6,2.57,5.25));
#4315 = VECTOR('',#4316,1.);
#4316 = DIRECTION('',(-1.,-0.,-0.));
#4317 = ORIENTED_EDGE('',*,*,#4318,.F.);
#4318 = EDGE_CURVE('',#4319,#4311,#4321,.T.);
#4319 = VERTEX_POINT('',#4320);
#4320 = CARTESIAN_POINT('',(9.4,2.57,2.05));
#4321 = LINE('',#4322,#4323);
#4322 = CARTESIAN_POINT('',(9.4,2.57,2.05));
#4323 = VECTOR('',#4324,1.);
#4324 = DIRECTION('',(0.,0.,1.));
#4325 = ORIENTED_EDGE('',*,*,#4326,.T.);
#4326 = EDGE_CURVE('',#4319,#4327,#4329,.T.);
#4327 = VERTEX_POINT('',#4328);
#4328 = CARTESIAN_POINT('',(8.1,2.57,2.05));
#4329 = LINE('',#4330,#4331);
#4330 = CARTESIAN_POINT('',(26.6,2.57,2.05));
#4331 = VECTOR('',#4332,1.);
#4332 = DIRECTION('',(-1.,-0.,-0.));
#4333 = ORIENTED_EDGE('',*,*,#4334,.T.);
#4334 = EDGE_CURVE('',#4327,#4335,#4337,.T.);
#4335 = VERTEX_POINT('',#4336);
#4336 = CARTESIAN_POINT('',(8.1,2.57,5.25));
#4337 = LINE('',#4338,#4339);
#4338 = CARTESIAN_POINT('',(8.1,2.57,2.05));
#4339 = VECTOR('',#4340,1.);
#4340 = DIRECTION('',(0.,0.,1.));
#4341 = ORIENTED_EDGE('',*,*,#4342,.T.);
#4342 = EDGE_CURVE('',#4335,#4343,#4345,.T.);
#4343 = VERTEX_POINT('',#4344);
#4344 = CARTESIAN_POINT('',(6.9,2.57,5.25));
#4345 = LINE('',#4346,#4347);
#4346 = CARTESIAN_POINT('',(8.1,2.57,5.25));
#4347 = VECTOR('',#4348,1.);
#4348 = DIRECTION('',(-1.,-0.,-0.));
#4349 = ORIENTED_EDGE('',*,*,#4350,.F.);
#4350 = EDGE_CURVE('',#4351,#4343,#4353,.T.);
#4351 = VERTEX_POINT('',#4352);
#4352 = CARTESIAN_POINT('',(6.9,2.57,2.05));
#4353 = LINE('',#4354,#4355);
#4354 = CARTESIAN_POINT('',(6.9,2.57,2.05));
#4355 = VECTOR('',#4356,1.);
#4356 = DIRECTION('',(0.,0.,1.));
#4357 = ORIENTED_EDGE('',*,*,#4358,.T.);
#4358 = EDGE_CURVE('',#4351,#4359,#4361,.T.);
#4359 = VERTEX_POINT('',#4360);
#4360 = CARTESIAN_POINT('',(5.6,2.57,2.05));
#4361 = LINE('',#4362,#4363);
#4362 = CARTESIAN_POINT('',(26.6,2.57,2.05));
#4363 = VECTOR('',#4364,1.);
#4364 = DIRECTION('',(-1.,-0.,-0.));
#4365 = ORIENTED_EDGE('',*,*,#4366,.T.);
#4366 = EDGE_CURVE('',#4359,#4367,#4369,.T.);
#4367 = VERTEX_POINT('',#4368);
#4368 = CARTESIAN_POINT('',(5.6,2.57,5.25));
#4369 = LINE('',#4370,#4371);
#4370 = CARTESIAN_POINT('',(5.6,2.57,2.05));
#4371 = VECTOR('',#4372,1.);
#4372 = DIRECTION('',(0.,0.,1.));
#4373 = ORIENTED_EDGE('',*,*,#4374,.T.);
#4374 = EDGE_CURVE('',#4367,#4375,#4377,.T.);
#4375 = VERTEX_POINT('',#4376);
#4376 = CARTESIAN_POINT('',(4.4,2.57,5.25));
#4377 = LINE('',#4378,#4379);
#4378 = CARTESIAN_POINT('',(5.6,2.57,5.25));
#4379 = VECTOR('',#4380,1.);
#4380 = DIRECTION('',(-1.,-0.,-0.));
#4381 = ORIENTED_EDGE('',*,*,#4382,.F.);
#4382 = EDGE_CURVE('',#4383,#4375,#4385,.T.);
#4383 = VERTEX_POINT('',#4384);
#4384 = CARTESIAN_POINT('',(4.4,2.57,2.05));
#4385 = LINE('',#4386,#4387);
#4386 = CARTESIAN_POINT('',(4.4,2.57,2.05));
#4387 = VECTOR('',#4388,1.);
#4388 = DIRECTION('',(0.,0.,1.));
#4389 = ORIENTED_EDGE('',*,*,#4390,.T.);
#4390 = EDGE_CURVE('',#4383,#4391,#4393,.T.);
#4391 = VERTEX_POINT('',#4392);
#4392 = CARTESIAN_POINT('',(3.1,2.57,2.05));
#4393 = LINE('',#4394,#4395);
#4394 = CARTESIAN_POINT('',(26.6,2.57,2.05));
#4395 = VECTOR('',#4396,1.);
#4396 = DIRECTION('',(-1.,-0.,-0.));
#4397 = ORIENTED_EDGE('',*,*,#4398,.T.);
#4398 = EDGE_CURVE('',#4391,#4399,#4401,.T.);
#4399 = VERTEX_POINT('',#4400);
#4400 = CARTESIAN_POINT('',(3.1,2.57,5.25));
#4401 = LINE('',#4402,#4403);
#4402 = CARTESIAN_POINT('',(3.1,2.57,2.05));
#4403 = VECTOR('',#4404,1.);
#4404 = DIRECTION('',(0.,0.,1.));
#4405 = ORIENTED_EDGE('',*,*,#4406,.T.);
#4406 = EDGE_CURVE('',#4399,#4407,#4409,.T.);
#4407 = VERTEX_POINT('',#4408);
#4408 = CARTESIAN_POINT('',(1.9,2.57,5.25));
#4409 = LINE('',#4410,#4411);
#4410 = CARTESIAN_POINT('',(3.1,2.57,5.25));
#4411 = VECTOR('',#4412,1.);
#4412 = DIRECTION('',(-1.,-0.,-0.));
#4413 = ORIENTED_EDGE('',*,*,#4414,.F.);
#4414 = EDGE_CURVE('',#4415,#4407,#4417,.T.);
#4415 = VERTEX_POINT('',#4416);
#4416 = CARTESIAN_POINT('',(1.9,2.57,2.05));
#4417 = LINE('',#4418,#4419);
#4418 = CARTESIAN_POINT('',(1.9,2.57,2.05));
#4419 = VECTOR('',#4420,1.);
#4420 = DIRECTION('',(0.,0.,1.));
#4421 = ORIENTED_EDGE('',*,*,#4422,.T.);
#4422 = EDGE_CURVE('',#4415,#4423,#4425,.T.);
#4423 = VERTEX_POINT('',#4424);
#4424 = CARTESIAN_POINT('',(0.6,2.57,2.05));
#4425 = LINE('',#4426,#4427);
#4426 = CARTESIAN_POINT('',(26.6,2.57,2.05));
#4427 = VECTOR('',#4428,1.);
#4428 = DIRECTION('',(-1.,-0.,-0.));
#4429 = ORIENTED_EDGE('',*,*,#4430,.T.);
#4430 = EDGE_CURVE('',#4423,#4431,#4433,.T.);
#4431 = VERTEX_POINT('',#4432);
#4432 = CARTESIAN_POINT('',(0.6,2.57,5.25));
#4433 = LINE('',#4434,#4435);
#4434 = CARTESIAN_POINT('',(0.6,2.57,2.05));
#4435 = VECTOR('',#4436,1.);
#4436 = DIRECTION('',(0.,0.,1.));
#4437 = ORIENTED_EDGE('',*,*,#4438,.T.);
#4438 = EDGE_CURVE('',#4431,#4439,#4441,.T.);
#4439 = VERTEX_POINT('',#4440);
#4440 = CARTESIAN_POINT('',(-0.6,2.57,5.25));
#4441 = LINE('',#4442,#4443);
#4442 = CARTESIAN_POINT('',(0.6,2.57,5.25));
#4443 = VECTOR('',#4444,1.);
#4444 = DIRECTION('',(-1.,-0.,-0.));
#4445 = ORIENTED_EDGE('',*,*,#4446,.F.);
#4446 = EDGE_CURVE('',#4447,#4439,#4449,.T.);
#4447 = VERTEX_POINT('',#4448);
#4448 = CARTESIAN_POINT('',(-0.6,2.57,2.05));
#4449 = LINE('',#4450,#4451);
#4450 = CARTESIAN_POINT('',(-0.6,2.57,2.05));
#4451 = VECTOR('',#4452,1.);
#4452 = DIRECTION('',(0.,0.,1.));
#4453 = ORIENTED_EDGE('',*,*,#4454,.T.);
#4454 = EDGE_CURVE('',#4447,#4455,#4457,.T.);
#4455 = VERTEX_POINT('',#4456);
#4456 = CARTESIAN_POINT('',(-1.6,2.57,2.05));
#4457 = LINE('',#4458,#4459);
#4458 = CARTESIAN_POINT('',(26.6,2.57,2.05));
#4459 = VECTOR('',#4460,1.);
#4460 = DIRECTION('',(-1.,-0.,-0.));
#4461 = ORIENTED_EDGE('',*,*,#4462,.T.);
#4462 = EDGE_CURVE('',#4455,#4463,#4465,.T.);
#4463 = VERTEX_POINT('',#4464);
#4464 = CARTESIAN_POINT('',(-1.6,2.57,9.2));
#4465 = LINE('',#4466,#4467);
#4466 = CARTESIAN_POINT('',(-1.6,2.57,2.05));
#4467 = VECTOR('',#4468,1.);
#4468 = DIRECTION('',(0.,0.,1.));
#4469 = ORIENTED_EDGE('',*,*,#4470,.T.);
#4470 = EDGE_CURVE('',#4463,#4118,#4471,.T.);
#4471 = LINE('',#4472,#4473);
#4472 = CARTESIAN_POINT('',(19.55,2.57,9.2));
#4473 = VECTOR('',#4474,1.);
#4474 = DIRECTION('',(1.,0.,0.));
#4475 = PLANE('',#4476);
#4476 = AXIS2_PLACEMENT_3D('',#4477,#4478,#4479);
#4477 = CARTESIAN_POINT('',(26.6,2.57,2.05));
#4478 = DIRECTION('',(0.,1.,0.));
#4479 = DIRECTION('',(0.,0.,1.));
#4480 = ADVANCED_FACE('',(#4481),#4492,.F.);
#4481 = FACE_BOUND('',#4482,.F.);
#4482 = EDGE_LOOP('',(#4483,#4484,#4485,#4491));
#4483 = ORIENTED_EDGE('',*,*,#1141,.T.);
#4484 = ORIENTED_EDGE('',*,*,#4077,.T.);
#4485 = ORIENTED_EDGE('',*,*,#4486,.F.);
#4486 = EDGE_CURVE('',#1071,#4078,#4487,.T.);
#4487 = LINE('',#4488,#4489);
#4488 = CARTESIAN_POINT('',(25.6,1.044,2.6151));
#4489 = VECTOR('',#4490,1.);
#4490 = DIRECTION('',(-1.,-0.,-0.));
#4491 = ORIENTED_EDGE('',*,*,#1070,.F.);
#4492 = PLANE('',#4493);
#4493 = AXIS2_PLACEMENT_3D('',#4494,#4495,#4496);
#4494 = CARTESIAN_POINT('',(25.6,0.5468198,3.45));
#4495 = DIRECTION('',(0.,-0.859195209828,-0.511647917429));
#4496 = DIRECTION('',(0.,0.511647917429,-0.859195209828));
#4497 = ADVANCED_FACE('',(#4498),#4509,.F.);
#4498 = FACE_BOUND('',#4499,.F.);
#4499 = EDGE_LOOP('',(#4500,#4501,#4502,#4508));
#4500 = ORIENTED_EDGE('',*,*,#4486,.T.);
#4501 = ORIENTED_EDGE('',*,*,#4085,.T.);
#4502 = ORIENTED_EDGE('',*,*,#4503,.F.);
#4503 = EDGE_CURVE('',#1079,#4086,#4504,.T.);
#4504 = LINE('',#4505,#4506);
#4505 = CARTESIAN_POINT('',(25.6,1.52,2.6151));
#4506 = VECTOR('',#4507,1.);
#4507 = DIRECTION('',(-1.,-0.,-0.));
#4508 = ORIENTED_EDGE('',*,*,#1078,.F.);
#4509 = PLANE('',#4510);
#4510 = AXIS2_PLACEMENT_3D('',#4511,#4512,#4513);
#4511 = CARTESIAN_POINT('',(25.6,1.044,2.6151));
#4512 = DIRECTION('',(0.,0.,-1.));
#4513 = DIRECTION('',(0.,1.,0.));
#4514 = ADVANCED_FACE('',(#4515),#4526,.F.);
#4515 = FACE_BOUND('',#4516,.F.);
#4516 = EDGE_LOOP('',(#4517,#4518,#4519,#4525));
#4517 = ORIENTED_EDGE('',*,*,#4503,.T.);
#4518 = ORIENTED_EDGE('',*,*,#4093,.T.);
#4519 = ORIENTED_EDGE('',*,*,#4520,.F.);
#4520 = EDGE_CURVE('',#1087,#4094,#4521,.T.);
#4521 = LINE('',#4522,#4523);
#4522 = CARTESIAN_POINT('',(25.6,1.52,2.05));
#4523 = VECTOR('',#4524,1.);
#4524 = DIRECTION('',(-1.,-0.,-0.));
#4525 = ORIENTED_EDGE('',*,*,#1086,.F.);
#4526 = PLANE('',#4527);
#4527 = AXIS2_PLACEMENT_3D('',#4528,#4529,#4530);
#4528 = CARTESIAN_POINT('',(25.6,1.52,2.6151));
#4529 = DIRECTION('',(0.,-1.,0.));
#4530 = DIRECTION('',(0.,0.,-1.));
#4531 = ADVANCED_FACE('',(#4532),#4791,.T.);
#4532 = FACE_BOUND('',#4533,.T.);
#4533 = EDGE_LOOP('',(#4534,#4542,#4550,#4556,#4557,#4565,#4573,#4579,
    #4580,#4588,#4596,#4602,#4603,#4611,#4619,#4625,#4626,#4634,#4642,
    #4648,#4649,#4657,#4665,#4671,#4672,#4680,#4688,#4694,#4695,#4703,
    #4711,#4717,#4718,#4726,#4734,#4740,#4741,#4749,#4757,#4763,#4764,
    #4772,#4780,#4786,#4787,#4788,#4789,#4790));
#4534 = ORIENTED_EDGE('',*,*,#4535,.F.);
#4535 = EDGE_CURVE('',#4536,#4116,#4538,.T.);
#4536 = VERTEX_POINT('',#4537);
#4537 = CARTESIAN_POINT('',(26.6,0.945277674973,2.05));
#4538 = LINE('',#4539,#4540);
#4539 = CARTESIAN_POINT('',(26.6,0.945277674973,2.05));
#4540 = VECTOR('',#4541,1.);
#4541 = DIRECTION('',(0.,1.,0.));
#4542 = ORIENTED_EDGE('',*,*,#4543,.T.);
#4543 = EDGE_CURVE('',#4536,#4544,#4546,.T.);
#4544 = VERTEX_POINT('',#4545);
#4545 = CARTESIAN_POINT('',(-1.6,0.945277674973,2.05));
#4546 = LINE('',#4547,#4548);
#4547 = CARTESIAN_POINT('',(26.6,0.945277674973,2.05));
#4548 = VECTOR('',#4549,1.);
#4549 = DIRECTION('',(-1.,-0.,-0.));
#4550 = ORIENTED_EDGE('',*,*,#4551,.T.);
#4551 = EDGE_CURVE('',#4544,#4455,#4552,.T.);
#4552 = LINE('',#4553,#4554);
#4553 = CARTESIAN_POINT('',(-1.6,0.945277674973,2.05));
#4554 = VECTOR('',#4555,1.);
#4555 = DIRECTION('',(0.,1.,0.));
#4556 = ORIENTED_EDGE('',*,*,#4454,.F.);
#4557 = ORIENTED_EDGE('',*,*,#4558,.F.);
#4558 = EDGE_CURVE('',#4559,#4447,#4561,.T.);
#4559 = VERTEX_POINT('',#4560);
#4560 = CARTESIAN_POINT('',(-0.6,1.52,2.05));
#4561 = LINE('',#4562,#4563);
#4562 = CARTESIAN_POINT('',(-0.6,1.52,2.05));
#4563 = VECTOR('',#4564,1.);
#4564 = DIRECTION('',(0.,1.,0.));
#4565 = ORIENTED_EDGE('',*,*,#4566,.F.);
#4566 = EDGE_CURVE('',#4567,#4559,#4569,.T.);
#4567 = VERTEX_POINT('',#4568);
#4568 = CARTESIAN_POINT('',(0.6,1.52,2.05));
#4569 = LINE('',#4570,#4571);
#4570 = CARTESIAN_POINT('',(0.6,1.52,2.05));
#4571 = VECTOR('',#4572,1.);
#4572 = DIRECTION('',(-1.,-0.,-0.));
#4573 = ORIENTED_EDGE('',*,*,#4574,.T.);
#4574 = EDGE_CURVE('',#4567,#4423,#4575,.T.);
#4575 = LINE('',#4576,#4577);
#4576 = CARTESIAN_POINT('',(0.6,1.52,2.05));
#4577 = VECTOR('',#4578,1.);
#4578 = DIRECTION('',(0.,1.,0.));
#4579 = ORIENTED_EDGE('',*,*,#4422,.F.);
#4580 = ORIENTED_EDGE('',*,*,#4581,.F.);
#4581 = EDGE_CURVE('',#4582,#4415,#4584,.T.);
#4582 = VERTEX_POINT('',#4583);
#4583 = CARTESIAN_POINT('',(1.9,1.52,2.05));
#4584 = LINE('',#4585,#4586);
#4585 = CARTESIAN_POINT('',(1.9,1.52,2.05));
#4586 = VECTOR('',#4587,1.);
#4587 = DIRECTION('',(0.,1.,0.));
#4588 = ORIENTED_EDGE('',*,*,#4589,.F.);
#4589 = EDGE_CURVE('',#4590,#4582,#4592,.T.);
#4590 = VERTEX_POINT('',#4591);
#4591 = CARTESIAN_POINT('',(3.1,1.52,2.05));
#4592 = LINE('',#4593,#4594);
#4593 = CARTESIAN_POINT('',(3.1,1.52,2.05));
#4594 = VECTOR('',#4595,1.);
#4595 = DIRECTION('',(-1.,-0.,-0.));
#4596 = ORIENTED_EDGE('',*,*,#4597,.T.);
#4597 = EDGE_CURVE('',#4590,#4391,#4598,.T.);
#4598 = LINE('',#4599,#4600);
#4599 = CARTESIAN_POINT('',(3.1,1.52,2.05));
#4600 = VECTOR('',#4601,1.);
#4601 = DIRECTION('',(0.,1.,0.));
#4602 = ORIENTED_EDGE('',*,*,#4390,.F.);
#4603 = ORIENTED_EDGE('',*,*,#4604,.F.);
#4604 = EDGE_CURVE('',#4605,#4383,#4607,.T.);
#4605 = VERTEX_POINT('',#4606);
#4606 = CARTESIAN_POINT('',(4.4,1.52,2.05));
#4607 = LINE('',#4608,#4609);
#4608 = CARTESIAN_POINT('',(4.4,1.52,2.05));
#4609 = VECTOR('',#4610,1.);
#4610 = DIRECTION('',(0.,1.,0.));
#4611 = ORIENTED_EDGE('',*,*,#4612,.F.);
#4612 = EDGE_CURVE('',#4613,#4605,#4615,.T.);
#4613 = VERTEX_POINT('',#4614);
#4614 = CARTESIAN_POINT('',(5.6,1.52,2.05));
#4615 = LINE('',#4616,#4617);
#4616 = CARTESIAN_POINT('',(5.6,1.52,2.05));
#4617 = VECTOR('',#4618,1.);
#4618 = DIRECTION('',(-1.,-0.,-0.));
#4619 = ORIENTED_EDGE('',*,*,#4620,.T.);
#4620 = EDGE_CURVE('',#4613,#4359,#4621,.T.);
#4621 = LINE('',#4622,#4623);
#4622 = CARTESIAN_POINT('',(5.6,1.52,2.05));
#4623 = VECTOR('',#4624,1.);
#4624 = DIRECTION('',(0.,1.,0.));
#4625 = ORIENTED_EDGE('',*,*,#4358,.F.);
#4626 = ORIENTED_EDGE('',*,*,#4627,.F.);
#4627 = EDGE_CURVE('',#4628,#4351,#4630,.T.);
#4628 = VERTEX_POINT('',#4629);
#4629 = CARTESIAN_POINT('',(6.9,1.52,2.05));
#4630 = LINE('',#4631,#4632);
#4631 = CARTESIAN_POINT('',(6.9,1.52,2.05));
#4632 = VECTOR('',#4633,1.);
#4633 = DIRECTION('',(0.,1.,0.));
#4634 = ORIENTED_EDGE('',*,*,#4635,.F.);
#4635 = EDGE_CURVE('',#4636,#4628,#4638,.T.);
#4636 = VERTEX_POINT('',#4637);
#4637 = CARTESIAN_POINT('',(8.1,1.52,2.05));
#4638 = LINE('',#4639,#4640);
#4639 = CARTESIAN_POINT('',(8.1,1.52,2.05));
#4640 = VECTOR('',#4641,1.);
#4641 = DIRECTION('',(-1.,-0.,-0.));
#4642 = ORIENTED_EDGE('',*,*,#4643,.T.);
#4643 = EDGE_CURVE('',#4636,#4327,#4644,.T.);
#4644 = LINE('',#4645,#4646);
#4645 = CARTESIAN_POINT('',(8.1,1.52,2.05));
#4646 = VECTOR('',#4647,1.);
#4647 = DIRECTION('',(0.,1.,0.));
#4648 = ORIENTED_EDGE('',*,*,#4326,.F.);
#4649 = ORIENTED_EDGE('',*,*,#4650,.F.);
#4650 = EDGE_CURVE('',#4651,#4319,#4653,.T.);
#4651 = VERTEX_POINT('',#4652);
#4652 = CARTESIAN_POINT('',(9.4,1.52,2.05));
#4653 = LINE('',#4654,#4655);
#4654 = CARTESIAN_POINT('',(9.4,1.52,2.05));
#4655 = VECTOR('',#4656,1.);
#4656 = DIRECTION('',(0.,1.,0.));
#4657 = ORIENTED_EDGE('',*,*,#4658,.F.);
#4658 = EDGE_CURVE('',#4659,#4651,#4661,.T.);
#4659 = VERTEX_POINT('',#4660);
#4660 = CARTESIAN_POINT('',(10.6,1.52,2.05));
#4661 = LINE('',#4662,#4663);
#4662 = CARTESIAN_POINT('',(10.6,1.52,2.05));
#4663 = VECTOR('',#4664,1.);
#4664 = DIRECTION('',(-1.,-0.,-0.));
#4665 = ORIENTED_EDGE('',*,*,#4666,.T.);
#4666 = EDGE_CURVE('',#4659,#4295,#4667,.T.);
#4667 = LINE('',#4668,#4669);
#4668 = CARTESIAN_POINT('',(10.6,1.52,2.05));
#4669 = VECTOR('',#4670,1.);
#4670 = DIRECTION('',(0.,1.,0.));
#4671 = ORIENTED_EDGE('',*,*,#4294,.F.);
#4672 = ORIENTED_EDGE('',*,*,#4673,.F.);
#4673 = EDGE_CURVE('',#4674,#4287,#4676,.T.);
#4674 = VERTEX_POINT('',#4675);
#4675 = CARTESIAN_POINT('',(11.9,1.52,2.05));
#4676 = LINE('',#4677,#4678);
#4677 = CARTESIAN_POINT('',(11.9,1.52,2.05));
#4678 = VECTOR('',#4679,1.);
#4679 = DIRECTION('',(0.,1.,0.));
#4680 = ORIENTED_EDGE('',*,*,#4681,.F.);
#4681 = EDGE_CURVE('',#4682,#4674,#4684,.T.);
#4682 = VERTEX_POINT('',#4683);
#4683 = CARTESIAN_POINT('',(13.1,1.52,2.05));
#4684 = LINE('',#4685,#4686);
#4685 = CARTESIAN_POINT('',(13.1,1.52,2.05));
#4686 = VECTOR('',#4687,1.);
#4687 = DIRECTION('',(-1.,-0.,-0.));
#4688 = ORIENTED_EDGE('',*,*,#4689,.T.);
#4689 = EDGE_CURVE('',#4682,#4263,#4690,.T.);
#4690 = LINE('',#4691,#4692);
#4691 = CARTESIAN_POINT('',(13.1,1.52,2.05));
#4692 = VECTOR('',#4693,1.);
#4693 = DIRECTION('',(0.,1.,0.));
#4694 = ORIENTED_EDGE('',*,*,#4262,.F.);
#4695 = ORIENTED_EDGE('',*,*,#4696,.F.);
#4696 = EDGE_CURVE('',#4697,#4255,#4699,.T.);
#4697 = VERTEX_POINT('',#4698);
#4698 = CARTESIAN_POINT('',(14.4,1.52,2.05));
#4699 = LINE('',#4700,#4701);
#4700 = CARTESIAN_POINT('',(14.4,1.52,2.05));
#4701 = VECTOR('',#4702,1.);
#4702 = DIRECTION('',(0.,1.,0.));
#4703 = ORIENTED_EDGE('',*,*,#4704,.F.);
#4704 = EDGE_CURVE('',#4705,#4697,#4707,.T.);
#4705 = VERTEX_POINT('',#4706);
#4706 = CARTESIAN_POINT('',(15.6,1.52,2.05));
#4707 = LINE('',#4708,#4709);
#4708 = CARTESIAN_POINT('',(15.6,1.52,2.05));
#4709 = VECTOR('',#4710,1.);
#4710 = DIRECTION('',(-1.,-0.,-0.));
#4711 = ORIENTED_EDGE('',*,*,#4712,.T.);
#4712 = EDGE_CURVE('',#4705,#4231,#4713,.T.);
#4713 = LINE('',#4714,#4715);
#4714 = CARTESIAN_POINT('',(15.6,1.52,2.05));
#4715 = VECTOR('',#4716,1.);
#4716 = DIRECTION('',(0.,1.,0.));
#4717 = ORIENTED_EDGE('',*,*,#4230,.F.);
#4718 = ORIENTED_EDGE('',*,*,#4719,.F.);
#4719 = EDGE_CURVE('',#4720,#4223,#4722,.T.);
#4720 = VERTEX_POINT('',#4721);
#4721 = CARTESIAN_POINT('',(16.9,1.52,2.05));
#4722 = LINE('',#4723,#4724);
#4723 = CARTESIAN_POINT('',(16.9,1.52,2.05));
#4724 = VECTOR('',#4725,1.);
#4725 = DIRECTION('',(0.,1.,0.));
#4726 = ORIENTED_EDGE('',*,*,#4727,.F.);
#4727 = EDGE_CURVE('',#4728,#4720,#4730,.T.);
#4728 = VERTEX_POINT('',#4729);
#4729 = CARTESIAN_POINT('',(18.1,1.52,2.05));
#4730 = LINE('',#4731,#4732);
#4731 = CARTESIAN_POINT('',(18.1,1.52,2.05));
#4732 = VECTOR('',#4733,1.);
#4733 = DIRECTION('',(-1.,-0.,-0.));
#4734 = ORIENTED_EDGE('',*,*,#4735,.T.);
#4735 = EDGE_CURVE('',#4728,#4199,#4736,.T.);
#4736 = LINE('',#4737,#4738);
#4737 = CARTESIAN_POINT('',(18.1,1.52,2.05));
#4738 = VECTOR('',#4739,1.);
#4739 = DIRECTION('',(0.,1.,0.));
#4740 = ORIENTED_EDGE('',*,*,#4198,.F.);
#4741 = ORIENTED_EDGE('',*,*,#4742,.F.);
#4742 = EDGE_CURVE('',#4743,#4191,#4745,.T.);
#4743 = VERTEX_POINT('',#4744);
#4744 = CARTESIAN_POINT('',(19.4,1.52,2.05));
#4745 = LINE('',#4746,#4747);
#4746 = CARTESIAN_POINT('',(19.4,1.52,2.05));
#4747 = VECTOR('',#4748,1.);
#4748 = DIRECTION('',(0.,1.,0.));
#4749 = ORIENTED_EDGE('',*,*,#4750,.F.);
#4750 = EDGE_CURVE('',#4751,#4743,#4753,.T.);
#4751 = VERTEX_POINT('',#4752);
#4752 = CARTESIAN_POINT('',(20.6,1.52,2.05));
#4753 = LINE('',#4754,#4755);
#4754 = CARTESIAN_POINT('',(20.6,1.52,2.05));
#4755 = VECTOR('',#4756,1.);
#4756 = DIRECTION('',(-1.,-0.,-0.));
#4757 = ORIENTED_EDGE('',*,*,#4758,.T.);
#4758 = EDGE_CURVE('',#4751,#4167,#4759,.T.);
#4759 = LINE('',#4760,#4761);
#4760 = CARTESIAN_POINT('',(20.6,1.52,2.05));
#4761 = VECTOR('',#4762,1.);
#4762 = DIRECTION('',(0.,1.,0.));
#4763 = ORIENTED_EDGE('',*,*,#4166,.F.);
#4764 = ORIENTED_EDGE('',*,*,#4765,.F.);
#4765 = EDGE_CURVE('',#4766,#4159,#4768,.T.);
#4766 = VERTEX_POINT('',#4767);
#4767 = CARTESIAN_POINT('',(21.9,1.52,2.05));
#4768 = LINE('',#4769,#4770);
#4769 = CARTESIAN_POINT('',(21.9,1.52,2.05));
#4770 = VECTOR('',#4771,1.);
#4771 = DIRECTION('',(0.,1.,0.));
#4772 = ORIENTED_EDGE('',*,*,#4773,.F.);
#4773 = EDGE_CURVE('',#4774,#4766,#4776,.T.);
#4774 = VERTEX_POINT('',#4775);
#4775 = CARTESIAN_POINT('',(23.1,1.52,2.05));
#4776 = LINE('',#4777,#4778);
#4777 = CARTESIAN_POINT('',(23.1,1.52,2.05));
#4778 = VECTOR('',#4779,1.);
#4779 = DIRECTION('',(-1.,-0.,-0.));
#4780 = ORIENTED_EDGE('',*,*,#4781,.T.);
#4781 = EDGE_CURVE('',#4774,#4135,#4782,.T.);
#4782 = LINE('',#4783,#4784);
#4783 = CARTESIAN_POINT('',(23.1,1.52,2.05));
#4784 = VECTOR('',#4785,1.);
#4785 = DIRECTION('',(0.,1.,0.));
#4786 = ORIENTED_EDGE('',*,*,#4134,.F.);
#4787 = ORIENTED_EDGE('',*,*,#4101,.F.);
#4788 = ORIENTED_EDGE('',*,*,#4520,.F.);
#4789 = ORIENTED_EDGE('',*,*,#1094,.T.);
#4790 = ORIENTED_EDGE('',*,*,#4125,.F.);
#4791 = PLANE('',#4792);
#4792 = AXIS2_PLACEMENT_3D('',#4793,#4794,#4795);
#4793 = CARTESIAN_POINT('',(26.6,0.945277674973,2.05));
#4794 = DIRECTION('',(0.,0.,-1.));
#4795 = DIRECTION('',(0.,1.,0.));
#4796 = ADVANCED_FACE('',(#4797),#4822,.F.);
#4797 = FACE_BOUND('',#4798,.F.);
#4798 = EDGE_LOOP('',(#4799,#4807,#4808,#4816));
#4799 = ORIENTED_EDGE('',*,*,#4800,.F.);
#4800 = EDGE_CURVE('',#1152,#4801,#4803,.T.);
#4801 = VERTEX_POINT('',#4802);
#4802 = CARTESIAN_POINT('',(25.4,-0.4,2.7));
#4803 = LINE('',#4804,#4805);
#4804 = CARTESIAN_POINT('',(25.4,-0.4,3.45));
#4805 = VECTOR('',#4806,1.);
#4806 = DIRECTION('',(0.,0.,-1.));
#4807 = ORIENTED_EDGE('',*,*,#1151,.T.);
#4808 = ORIENTED_EDGE('',*,*,#4809,.T.);
#4809 = EDGE_CURVE('',#1154,#4810,#4812,.T.);
#4810 = VERTEX_POINT('',#4811);
#4811 = CARTESIAN_POINT('',(24.6,-0.4,2.7));
#4812 = LINE('',#4813,#4814);
#4813 = CARTESIAN_POINT('',(24.6,-0.4,3.45));
#4814 = VECTOR('',#4815,1.);
#4815 = DIRECTION('',(0.,0.,-1.));
#4816 = ORIENTED_EDGE('',*,*,#4817,.F.);
#4817 = EDGE_CURVE('',#4801,#4810,#4818,.T.);
#4818 = LINE('',#4819,#4820);
#4819 = CARTESIAN_POINT('',(26.,-0.4,2.7));
#4820 = VECTOR('',#4821,1.);
#4821 = DIRECTION('',(-1.,-0.,-0.));
#4822 = PLANE('',#4823);
#4823 = AXIS2_PLACEMENT_3D('',#4824,#4825,#4826);
#4824 = CARTESIAN_POINT('',(25.4,-0.4,3.45));
#4825 = DIRECTION('',(0.,-1.,0.));
#4826 = DIRECTION('',(0.,0.,-1.));
#4827 = ADVANCED_FACE('',(#4828),#4846,.F.);
#4828 = FACE_BOUND('',#4829,.F.);
#4829 = EDGE_LOOP('',(#4830,#4831,#4832,#4840));
#4830 = ORIENTED_EDGE('',*,*,#1161,.T.);
#4831 = ORIENTED_EDGE('',*,*,#4800,.T.);
#4832 = ORIENTED_EDGE('',*,*,#4833,.F.);
#4833 = EDGE_CURVE('',#4834,#4801,#4836,.T.);
#4834 = VERTEX_POINT('',#4835);
#4835 = CARTESIAN_POINT('',(25.4,0.4,2.7));
#4836 = LINE('',#4837,#4838);
#4837 = CARTESIAN_POINT('',(25.4,-0.765,2.7));
#4838 = VECTOR('',#4839,1.);
#4839 = DIRECTION('',(0.,-1.,0.));
#4840 = ORIENTED_EDGE('',*,*,#4841,.T.);
#4841 = EDGE_CURVE('',#4834,#1162,#4842,.T.);
#4842 = LINE('',#4843,#4844);
#4843 = CARTESIAN_POINT('',(25.4,0.4,2.45));
#4844 = VECTOR('',#4845,1.);
#4845 = DIRECTION('',(0.,0.,1.));
#4846 = PLANE('',#4847);
#4847 = AXIS2_PLACEMENT_3D('',#4848,#4849,#4850);
#4848 = CARTESIAN_POINT('',(25.4,0.,2.95));
#4849 = DIRECTION('',(1.,0.,0.));
#4850 = DIRECTION('',(0.,0.,1.));
#4851 = ADVANCED_FACE('',(#4852),#4870,.T.);
#4852 = FACE_BOUND('',#4853,.T.);
#4853 = EDGE_LOOP('',(#4854,#4855,#4856,#4864));
#4854 = ORIENTED_EDGE('',*,*,#1177,.T.);
#4855 = ORIENTED_EDGE('',*,*,#4809,.T.);
#4856 = ORIENTED_EDGE('',*,*,#4857,.F.);
#4857 = EDGE_CURVE('',#4858,#4810,#4860,.T.);
#4858 = VERTEX_POINT('',#4859);
#4859 = CARTESIAN_POINT('',(24.6,0.4,2.7));
#4860 = LINE('',#4861,#4862);
#4861 = CARTESIAN_POINT('',(24.6,-0.765,2.7));
#4862 = VECTOR('',#4863,1.);
#4863 = DIRECTION('',(0.,-1.,0.));
#4864 = ORIENTED_EDGE('',*,*,#4865,.T.);
#4865 = EDGE_CURVE('',#4858,#1170,#4866,.T.);
#4866 = LINE('',#4867,#4868);
#4867 = CARTESIAN_POINT('',(24.6,0.4,2.45));
#4868 = VECTOR('',#4869,1.);
#4869 = DIRECTION('',(0.,0.,1.));
#4870 = PLANE('',#4871);
#4871 = AXIS2_PLACEMENT_3D('',#4872,#4873,#4874);
#4872 = CARTESIAN_POINT('',(24.6,0.,2.95));
#4873 = DIRECTION('',(1.,0.,0.));
#4874 = DIRECTION('',(0.,0.,1.));
#4875 = ADVANCED_FACE('',(#4876),#4887,.F.);
#4876 = FACE_BOUND('',#4877,.F.);
#4877 = EDGE_LOOP('',(#4878,#4879,#4885,#4886));
#4878 = ORIENTED_EDGE('',*,*,#4841,.F.);
#4879 = ORIENTED_EDGE('',*,*,#4880,.F.);
#4880 = EDGE_CURVE('',#4858,#4834,#4881,.T.);
#4881 = LINE('',#4882,#4883);
#4882 = CARTESIAN_POINT('',(26.,0.4,2.7));
#4883 = VECTOR('',#4884,1.);
#4884 = DIRECTION('',(1.,0.,0.));
#4885 = ORIENTED_EDGE('',*,*,#4865,.T.);
#4886 = ORIENTED_EDGE('',*,*,#1169,.F.);
#4887 = PLANE('',#4888);
#4888 = AXIS2_PLACEMENT_3D('',#4889,#4890,#4891);
#4889 = CARTESIAN_POINT('',(25.4,0.4,2.45));
#4890 = DIRECTION('',(0.,1.,0.));
#4891 = DIRECTION('',(0.,0.,1.));
#4892 = ADVANCED_FACE('',(#4893),#4920,.F.);
#4893 = FACE_BOUND('',#4894,.F.);
#4894 = EDGE_LOOP('',(#4895,#4896,#4897,#4898,#4899,#4900,#4901,#4902,
    #4903,#4904,#4905,#4906,#4907,#4913,#4914));
#4895 = ORIENTED_EDGE('',*,*,#1360,.F.);
#4896 = ORIENTED_EDGE('',*,*,#1739,.T.);
#4897 = ORIENTED_EDGE('',*,*,#1716,.F.);
#4898 = ORIENTED_EDGE('',*,*,#1699,.T.);
#4899 = ORIENTED_EDGE('',*,*,#1675,.T.);
#4900 = ORIENTED_EDGE('',*,*,#1644,.F.);
#4901 = ORIENTED_EDGE('',*,*,#1625,.T.);
#4902 = ORIENTED_EDGE('',*,*,#1594,.F.);
#4903 = ORIENTED_EDGE('',*,*,#1576,.T.);
#4904 = ORIENTED_EDGE('',*,*,#1545,.F.);
#4905 = ORIENTED_EDGE('',*,*,#1527,.T.);
#4906 = ORIENTED_EDGE('',*,*,#1328,.F.);
#4907 = ORIENTED_EDGE('',*,*,#4908,.F.);
#4908 = EDGE_CURVE('',#4463,#1329,#4909,.T.);
#4909 = LINE('',#4910,#4911);
#4910 = CARTESIAN_POINT('',(-1.6,0.750345009569,9.2));
#4911 = VECTOR('',#4912,1.);
#4912 = DIRECTION('',(0.,-1.,0.));
#4913 = ORIENTED_EDGE('',*,*,#4470,.T.);
#4914 = ORIENTED_EDGE('',*,*,#4915,.T.);
#4915 = EDGE_CURVE('',#4118,#1353,#4916,.T.);
#4916 = LINE('',#4917,#4918);
#4917 = CARTESIAN_POINT('',(26.6,0.750345009569,9.2));
#4918 = VECTOR('',#4919,1.);
#4919 = DIRECTION('',(0.,-1.,0.));
#4920 = PLANE('',#4921);
#4921 = AXIS2_PLACEMENT_3D('',#4922,#4923,#4924);
#4922 = CARTESIAN_POINT('',(12.5,0.92,9.2));
#4923 = DIRECTION('',(0.,0.,1.));
#4924 = DIRECTION('',(1.,0.,0.));
#4925 = ADVANCED_FACE('',(#4926),#4946,.T.);
#4926 = FACE_BOUND('',#4927,.T.);
#4927 = EDGE_LOOP('',(#4928,#4929,#4930,#4938,#4944,#4945));
#4928 = ORIENTED_EDGE('',*,*,#4915,.T.);
#4929 = ORIENTED_EDGE('',*,*,#1352,.T.);
#4930 = ORIENTED_EDGE('',*,*,#4931,.T.);
#4931 = EDGE_CURVE('',#1345,#4932,#4934,.T.);
#4932 = VERTEX_POINT('',#4933);
#4933 = CARTESIAN_POINT('',(26.6,0.57,2.7));
#4934 = LINE('',#4935,#4936);
#4935 = CARTESIAN_POINT('',(26.6,-1.53,2.7));
#4936 = VECTOR('',#4937,1.);
#4937 = DIRECTION('',(0.,1.,0.));
#4938 = ORIENTED_EDGE('',*,*,#4939,.T.);
#4939 = EDGE_CURVE('',#4932,#4536,#4940,.T.);
#4940 = LINE('',#4941,#4942);
#4941 = CARTESIAN_POINT('',(26.6,0.57,2.7));
#4942 = VECTOR('',#4943,1.);
#4943 = DIRECTION('',(0.,0.5,-0.866025403784));
#4944 = ORIENTED_EDGE('',*,*,#4535,.T.);
#4945 = ORIENTED_EDGE('',*,*,#4115,.T.);
#4946 = PLANE('',#4947);
#4947 = AXIS2_PLACEMENT_3D('',#4948,#4949,#4950);
#4948 = CARTESIAN_POINT('',(26.6,0.580690019138,6.030109938605));
#4949 = DIRECTION('',(1.,0.,0.));
#4950 = DIRECTION('',(0.,0.,1.));
#4951 = ADVANCED_FACE('',(#4952,#4970,#5004,#5038,#5072,#5106,#5140,
    #5174,#5208,#5242,#5276,#5310),#5316,.T.);
#4952 = FACE_BOUND('',#4953,.T.);
#4953 = EDGE_LOOP('',(#4954,#4955,#4963,#4969));
#4954 = ORIENTED_EDGE('',*,*,#1344,.T.);
#4955 = ORIENTED_EDGE('',*,*,#4956,.T.);
#4956 = EDGE_CURVE('',#1337,#4957,#4959,.T.);
#4957 = VERTEX_POINT('',#4958);
#4958 = CARTESIAN_POINT('',(-1.6,0.57,2.7));
#4959 = LINE('',#4960,#4961);
#4960 = CARTESIAN_POINT('',(-1.6,-1.53,2.7));
#4961 = VECTOR('',#4962,1.);
#4962 = DIRECTION('',(0.,1.,0.));
#4963 = ORIENTED_EDGE('',*,*,#4964,.F.);
#4964 = EDGE_CURVE('',#4932,#4957,#4965,.T.);
#4965 = LINE('',#4966,#4967);
#4966 = CARTESIAN_POINT('',(26.6,0.57,2.7));
#4967 = VECTOR('',#4968,1.);
#4968 = DIRECTION('',(-1.,-0.,-0.));
#4969 = ORIENTED_EDGE('',*,*,#4931,.F.);
#4970 = FACE_BOUND('',#4971,.T.);
#4971 = EDGE_LOOP('',(#4972,#4982,#4990,#4998));
#4972 = ORIENTED_EDGE('',*,*,#4973,.F.);
#4973 = EDGE_CURVE('',#4974,#4976,#4978,.T.);
#4974 = VERTEX_POINT('',#4975);
#4975 = CARTESIAN_POINT('',(0.4,-0.4,2.7));
#4976 = VERTEX_POINT('',#4977);
#4977 = CARTESIAN_POINT('',(-0.4,-0.4,2.7));
#4978 = LINE('',#4979,#4980);
#4979 = CARTESIAN_POINT('',(13.5,-0.4,2.7));
#4980 = VECTOR('',#4981,1.);
#4981 = DIRECTION('',(-1.,-0.,-0.));
#4982 = ORIENTED_EDGE('',*,*,#4983,.F.);
#4983 = EDGE_CURVE('',#4984,#4974,#4986,.T.);
#4984 = VERTEX_POINT('',#4985);
#4985 = CARTESIAN_POINT('',(0.4,0.4,2.7));
#4986 = LINE('',#4987,#4988);
#4987 = CARTESIAN_POINT('',(0.4,-0.765,2.7));
#4988 = VECTOR('',#4989,1.);
#4989 = DIRECTION('',(0.,-1.,0.));
#4990 = ORIENTED_EDGE('',*,*,#4991,.F.);
#4991 = EDGE_CURVE('',#4992,#4984,#4994,.T.);
#4992 = VERTEX_POINT('',#4993);
#4993 = CARTESIAN_POINT('',(-0.4,0.4,2.7));
#4994 = LINE('',#4995,#4996);
#4995 = CARTESIAN_POINT('',(13.5,0.4,2.7));
#4996 = VECTOR('',#4997,1.);
#4997 = DIRECTION('',(1.,0.,0.));
#4998 = ORIENTED_EDGE('',*,*,#4999,.T.);
#4999 = EDGE_CURVE('',#4992,#4976,#5000,.T.);
#5000 = LINE('',#5001,#5002);
#5001 = CARTESIAN_POINT('',(-0.4,-0.765,2.7));
#5002 = VECTOR('',#5003,1.);
#5003 = DIRECTION('',(0.,-1.,0.));
#5004 = FACE_BOUND('',#5005,.T.);
#5005 = EDGE_LOOP('',(#5006,#5016,#5024,#5032));
#5006 = ORIENTED_EDGE('',*,*,#5007,.F.);
#5007 = EDGE_CURVE('',#5008,#5010,#5012,.T.);
#5008 = VERTEX_POINT('',#5009);
#5009 = CARTESIAN_POINT('',(2.9,-0.4,2.7));
#5010 = VERTEX_POINT('',#5011);
#5011 = CARTESIAN_POINT('',(2.1,-0.4,2.7));
#5012 = LINE('',#5013,#5014);
#5013 = CARTESIAN_POINT('',(14.75,-0.4,2.7));
#5014 = VECTOR('',#5015,1.);
#5015 = DIRECTION('',(-1.,-0.,-0.));
#5016 = ORIENTED_EDGE('',*,*,#5017,.F.);
#5017 = EDGE_CURVE('',#5018,#5008,#5020,.T.);
#5018 = VERTEX_POINT('',#5019);
#5019 = CARTESIAN_POINT('',(2.9,0.4,2.7));
#5020 = LINE('',#5021,#5022);
#5021 = CARTESIAN_POINT('',(2.9,-0.765,2.7));
#5022 = VECTOR('',#5023,1.);
#5023 = DIRECTION('',(0.,-1.,0.));
#5024 = ORIENTED_EDGE('',*,*,#5025,.F.);
#5025 = EDGE_CURVE('',#5026,#5018,#5028,.T.);
#5026 = VERTEX_POINT('',#5027);
#5027 = CARTESIAN_POINT('',(2.1,0.4,2.7));
#5028 = LINE('',#5029,#5030);
#5029 = CARTESIAN_POINT('',(14.75,0.4,2.7));
#5030 = VECTOR('',#5031,1.);
#5031 = DIRECTION('',(1.,0.,0.));
#5032 = ORIENTED_EDGE('',*,*,#5033,.T.);
#5033 = EDGE_CURVE('',#5026,#5010,#5034,.T.);
#5034 = LINE('',#5035,#5036);
#5035 = CARTESIAN_POINT('',(2.1,-0.765,2.7));
#5036 = VECTOR('',#5037,1.);
#5037 = DIRECTION('',(0.,-1.,0.));
#5038 = FACE_BOUND('',#5039,.T.);
#5039 = EDGE_LOOP('',(#5040,#5050,#5058,#5066));
#5040 = ORIENTED_EDGE('',*,*,#5041,.F.);
#5041 = EDGE_CURVE('',#5042,#5044,#5046,.T.);
#5042 = VERTEX_POINT('',#5043);
#5043 = CARTESIAN_POINT('',(5.4,-0.4,2.7));
#5044 = VERTEX_POINT('',#5045);
#5045 = CARTESIAN_POINT('',(4.6,-0.4,2.7));
#5046 = LINE('',#5047,#5048);
#5047 = CARTESIAN_POINT('',(16.,-0.4,2.7));
#5048 = VECTOR('',#5049,1.);
#5049 = DIRECTION('',(-1.,-0.,-0.));
#5050 = ORIENTED_EDGE('',*,*,#5051,.F.);
#5051 = EDGE_CURVE('',#5052,#5042,#5054,.T.);
#5052 = VERTEX_POINT('',#5053);
#5053 = CARTESIAN_POINT('',(5.4,0.4,2.7));
#5054 = LINE('',#5055,#5056);
#5055 = CARTESIAN_POINT('',(5.4,-0.765,2.7));
#5056 = VECTOR('',#5057,1.);
#5057 = DIRECTION('',(0.,-1.,0.));
#5058 = ORIENTED_EDGE('',*,*,#5059,.F.);
#5059 = EDGE_CURVE('',#5060,#5052,#5062,.T.);
#5060 = VERTEX_POINT('',#5061);
#5061 = CARTESIAN_POINT('',(4.6,0.4,2.7));
#5062 = LINE('',#5063,#5064);
#5063 = CARTESIAN_POINT('',(16.,0.4,2.7));
#5064 = VECTOR('',#5065,1.);
#5065 = DIRECTION('',(1.,0.,0.));
#5066 = ORIENTED_EDGE('',*,*,#5067,.T.);
#5067 = EDGE_CURVE('',#5060,#5044,#5068,.T.);
#5068 = LINE('',#5069,#5070);
#5069 = CARTESIAN_POINT('',(4.6,-0.765,2.7));
#5070 = VECTOR('',#5071,1.);
#5071 = DIRECTION('',(0.,-1.,0.));
#5072 = FACE_BOUND('',#5073,.T.);
#5073 = EDGE_LOOP('',(#5074,#5084,#5092,#5100));
#5074 = ORIENTED_EDGE('',*,*,#5075,.F.);
#5075 = EDGE_CURVE('',#5076,#5078,#5080,.T.);
#5076 = VERTEX_POINT('',#5077);
#5077 = CARTESIAN_POINT('',(7.9,-0.4,2.7));
#5078 = VERTEX_POINT('',#5079);
#5079 = CARTESIAN_POINT('',(7.1,-0.4,2.7));
#5080 = LINE('',#5081,#5082);
#5081 = CARTESIAN_POINT('',(17.25,-0.4,2.7));
#5082 = VECTOR('',#5083,1.);
#5083 = DIRECTION('',(-1.,-0.,-0.));
#5084 = ORIENTED_EDGE('',*,*,#5085,.F.);
#5085 = EDGE_CURVE('',#5086,#5076,#5088,.T.);
#5086 = VERTEX_POINT('',#5087);
#5087 = CARTESIAN_POINT('',(7.9,0.4,2.7));
#5088 = LINE('',#5089,#5090);
#5089 = CARTESIAN_POINT('',(7.9,-0.765,2.7));
#5090 = VECTOR('',#5091,1.);
#5091 = DIRECTION('',(0.,-1.,0.));
#5092 = ORIENTED_EDGE('',*,*,#5093,.F.);
#5093 = EDGE_CURVE('',#5094,#5086,#5096,.T.);
#5094 = VERTEX_POINT('',#5095);
#5095 = CARTESIAN_POINT('',(7.1,0.4,2.7));
#5096 = LINE('',#5097,#5098);
#5097 = CARTESIAN_POINT('',(17.25,0.4,2.7));
#5098 = VECTOR('',#5099,1.);
#5099 = DIRECTION('',(1.,0.,0.));
#5100 = ORIENTED_EDGE('',*,*,#5101,.T.);
#5101 = EDGE_CURVE('',#5094,#5078,#5102,.T.);
#5102 = LINE('',#5103,#5104);
#5103 = CARTESIAN_POINT('',(7.1,-0.765,2.7));
#5104 = VECTOR('',#5105,1.);
#5105 = DIRECTION('',(0.,-1.,0.));
#5106 = FACE_BOUND('',#5107,.T.);
#5107 = EDGE_LOOP('',(#5108,#5118,#5126,#5134));
#5108 = ORIENTED_EDGE('',*,*,#5109,.F.);
#5109 = EDGE_CURVE('',#5110,#5112,#5114,.T.);
#5110 = VERTEX_POINT('',#5111);
#5111 = CARTESIAN_POINT('',(10.4,-0.4,2.7));
#5112 = VERTEX_POINT('',#5113);
#5113 = CARTESIAN_POINT('',(9.6,-0.4,2.7));
#5114 = LINE('',#5115,#5116);
#5115 = CARTESIAN_POINT('',(18.5,-0.4,2.7));
#5116 = VECTOR('',#5117,1.);
#5117 = DIRECTION('',(-1.,-0.,-0.));
#5118 = ORIENTED_EDGE('',*,*,#5119,.F.);
#5119 = EDGE_CURVE('',#5120,#5110,#5122,.T.);
#5120 = VERTEX_POINT('',#5121);
#5121 = CARTESIAN_POINT('',(10.4,0.4,2.7));
#5122 = LINE('',#5123,#5124);
#5123 = CARTESIAN_POINT('',(10.4,-0.765,2.7));
#5124 = VECTOR('',#5125,1.);
#5125 = DIRECTION('',(0.,-1.,0.));
#5126 = ORIENTED_EDGE('',*,*,#5127,.F.);
#5127 = EDGE_CURVE('',#5128,#5120,#5130,.T.);
#5128 = VERTEX_POINT('',#5129);
#5129 = CARTESIAN_POINT('',(9.6,0.4,2.7));
#5130 = LINE('',#5131,#5132);
#5131 = CARTESIAN_POINT('',(18.5,0.4,2.7));
#5132 = VECTOR('',#5133,1.);
#5133 = DIRECTION('',(1.,0.,0.));
#5134 = ORIENTED_EDGE('',*,*,#5135,.T.);
#5135 = EDGE_CURVE('',#5128,#5112,#5136,.T.);
#5136 = LINE('',#5137,#5138);
#5137 = CARTESIAN_POINT('',(9.6,-0.765,2.7));
#5138 = VECTOR('',#5139,1.);
#5139 = DIRECTION('',(0.,-1.,0.));
#5140 = FACE_BOUND('',#5141,.T.);
#5141 = EDGE_LOOP('',(#5142,#5152,#5160,#5168));
#5142 = ORIENTED_EDGE('',*,*,#5143,.F.);
#5143 = EDGE_CURVE('',#5144,#5146,#5148,.T.);
#5144 = VERTEX_POINT('',#5145);
#5145 = CARTESIAN_POINT('',(12.9,-0.4,2.7));
#5146 = VERTEX_POINT('',#5147);
#5147 = CARTESIAN_POINT('',(12.1,-0.4,2.7));
#5148 = LINE('',#5149,#5150);
#5149 = CARTESIAN_POINT('',(19.75,-0.4,2.7));
#5150 = VECTOR('',#5151,1.);
#5151 = DIRECTION('',(-1.,-0.,-0.));
#5152 = ORIENTED_EDGE('',*,*,#5153,.F.);
#5153 = EDGE_CURVE('',#5154,#5144,#5156,.T.);
#5154 = VERTEX_POINT('',#5155);
#5155 = CARTESIAN_POINT('',(12.9,0.4,2.7));
#5156 = LINE('',#5157,#5158);
#5157 = CARTESIAN_POINT('',(12.9,-0.765,2.7));
#5158 = VECTOR('',#5159,1.);
#5159 = DIRECTION('',(0.,-1.,0.));
#5160 = ORIENTED_EDGE('',*,*,#5161,.F.);
#5161 = EDGE_CURVE('',#5162,#5154,#5164,.T.);
#5162 = VERTEX_POINT('',#5163);
#5163 = CARTESIAN_POINT('',(12.1,0.4,2.7));
#5164 = LINE('',#5165,#5166);
#5165 = CARTESIAN_POINT('',(19.75,0.4,2.7));
#5166 = VECTOR('',#5167,1.);
#5167 = DIRECTION('',(1.,0.,0.));
#5168 = ORIENTED_EDGE('',*,*,#5169,.T.);
#5169 = EDGE_CURVE('',#5162,#5146,#5170,.T.);
#5170 = LINE('',#5171,#5172);
#5171 = CARTESIAN_POINT('',(12.1,-0.765,2.7));
#5172 = VECTOR('',#5173,1.);
#5173 = DIRECTION('',(0.,-1.,0.));
#5174 = FACE_BOUND('',#5175,.T.);
#5175 = EDGE_LOOP('',(#5176,#5186,#5194,#5202));
#5176 = ORIENTED_EDGE('',*,*,#5177,.F.);
#5177 = EDGE_CURVE('',#5178,#5180,#5182,.T.);
#5178 = VERTEX_POINT('',#5179);
#5179 = CARTESIAN_POINT('',(15.4,-0.4,2.7));
#5180 = VERTEX_POINT('',#5181);
#5181 = CARTESIAN_POINT('',(14.6,-0.4,2.7));
#5182 = LINE('',#5183,#5184);
#5183 = CARTESIAN_POINT('',(21.,-0.4,2.7));
#5184 = VECTOR('',#5185,1.);
#5185 = DIRECTION('',(-1.,-0.,-0.));
#5186 = ORIENTED_EDGE('',*,*,#5187,.F.);
#5187 = EDGE_CURVE('',#5188,#5178,#5190,.T.);
#5188 = VERTEX_POINT('',#5189);
#5189 = CARTESIAN_POINT('',(15.4,0.4,2.7));
#5190 = LINE('',#5191,#5192);
#5191 = CARTESIAN_POINT('',(15.4,-0.765,2.7));
#5192 = VECTOR('',#5193,1.);
#5193 = DIRECTION('',(0.,-1.,0.));
#5194 = ORIENTED_EDGE('',*,*,#5195,.F.);
#5195 = EDGE_CURVE('',#5196,#5188,#5198,.T.);
#5196 = VERTEX_POINT('',#5197);
#5197 = CARTESIAN_POINT('',(14.6,0.4,2.7));
#5198 = LINE('',#5199,#5200);
#5199 = CARTESIAN_POINT('',(21.,0.4,2.7));
#5200 = VECTOR('',#5201,1.);
#5201 = DIRECTION('',(1.,0.,0.));
#5202 = ORIENTED_EDGE('',*,*,#5203,.T.);
#5203 = EDGE_CURVE('',#5196,#5180,#5204,.T.);
#5204 = LINE('',#5205,#5206);
#5205 = CARTESIAN_POINT('',(14.6,-0.765,2.7));
#5206 = VECTOR('',#5207,1.);
#5207 = DIRECTION('',(0.,-1.,0.));
#5208 = FACE_BOUND('',#5209,.T.);
#5209 = EDGE_LOOP('',(#5210,#5220,#5228,#5236));
#5210 = ORIENTED_EDGE('',*,*,#5211,.F.);
#5211 = EDGE_CURVE('',#5212,#5214,#5216,.T.);
#5212 = VERTEX_POINT('',#5213);
#5213 = CARTESIAN_POINT('',(17.9,-0.4,2.7));
#5214 = VERTEX_POINT('',#5215);
#5215 = CARTESIAN_POINT('',(17.1,-0.4,2.7));
#5216 = LINE('',#5217,#5218);
#5217 = CARTESIAN_POINT('',(22.25,-0.4,2.7));
#5218 = VECTOR('',#5219,1.);
#5219 = DIRECTION('',(-1.,-0.,-0.));
#5220 = ORIENTED_EDGE('',*,*,#5221,.F.);
#5221 = EDGE_CURVE('',#5222,#5212,#5224,.T.);
#5222 = VERTEX_POINT('',#5223);
#5223 = CARTESIAN_POINT('',(17.9,0.4,2.7));
#5224 = LINE('',#5225,#5226);
#5225 = CARTESIAN_POINT('',(17.9,-0.765,2.7));
#5226 = VECTOR('',#5227,1.);
#5227 = DIRECTION('',(0.,-1.,0.));
#5228 = ORIENTED_EDGE('',*,*,#5229,.F.);
#5229 = EDGE_CURVE('',#5230,#5222,#5232,.T.);
#5230 = VERTEX_POINT('',#5231);
#5231 = CARTESIAN_POINT('',(17.1,0.4,2.7));
#5232 = LINE('',#5233,#5234);
#5233 = CARTESIAN_POINT('',(22.25,0.4,2.7));
#5234 = VECTOR('',#5235,1.);
#5235 = DIRECTION('',(1.,0.,0.));
#5236 = ORIENTED_EDGE('',*,*,#5237,.T.);
#5237 = EDGE_CURVE('',#5230,#5214,#5238,.T.);
#5238 = LINE('',#5239,#5240);
#5239 = CARTESIAN_POINT('',(17.1,-0.765,2.7));
#5240 = VECTOR('',#5241,1.);
#5241 = DIRECTION('',(0.,-1.,0.));
#5242 = FACE_BOUND('',#5243,.T.);
#5243 = EDGE_LOOP('',(#5244,#5254,#5262,#5270));
#5244 = ORIENTED_EDGE('',*,*,#5245,.F.);
#5245 = EDGE_CURVE('',#5246,#5248,#5250,.T.);
#5246 = VERTEX_POINT('',#5247);
#5247 = CARTESIAN_POINT('',(20.4,-0.4,2.7));
#5248 = VERTEX_POINT('',#5249);
#5249 = CARTESIAN_POINT('',(19.6,-0.4,2.7));
#5250 = LINE('',#5251,#5252);
#5251 = CARTESIAN_POINT('',(23.5,-0.4,2.7));
#5252 = VECTOR('',#5253,1.);
#5253 = DIRECTION('',(-1.,-0.,-0.));
#5254 = ORIENTED_EDGE('',*,*,#5255,.F.);
#5255 = EDGE_CURVE('',#5256,#5246,#5258,.T.);
#5256 = VERTEX_POINT('',#5257);
#5257 = CARTESIAN_POINT('',(20.4,0.4,2.7));
#5258 = LINE('',#5259,#5260);
#5259 = CARTESIAN_POINT('',(20.4,-0.765,2.7));
#5260 = VECTOR('',#5261,1.);
#5261 = DIRECTION('',(0.,-1.,0.));
#5262 = ORIENTED_EDGE('',*,*,#5263,.F.);
#5263 = EDGE_CURVE('',#5264,#5256,#5266,.T.);
#5264 = VERTEX_POINT('',#5265);
#5265 = CARTESIAN_POINT('',(19.6,0.4,2.7));
#5266 = LINE('',#5267,#5268);
#5267 = CARTESIAN_POINT('',(23.5,0.4,2.7));
#5268 = VECTOR('',#5269,1.);
#5269 = DIRECTION('',(1.,0.,0.));
#5270 = ORIENTED_EDGE('',*,*,#5271,.T.);
#5271 = EDGE_CURVE('',#5264,#5248,#5272,.T.);
#5272 = LINE('',#5273,#5274);
#5273 = CARTESIAN_POINT('',(19.6,-0.765,2.7));
#5274 = VECTOR('',#5275,1.);
#5275 = DIRECTION('',(0.,-1.,0.));
#5276 = FACE_BOUND('',#5277,.T.);
#5277 = EDGE_LOOP('',(#5278,#5288,#5296,#5304));
#5278 = ORIENTED_EDGE('',*,*,#5279,.F.);
#5279 = EDGE_CURVE('',#5280,#5282,#5284,.T.);
#5280 = VERTEX_POINT('',#5281);
#5281 = CARTESIAN_POINT('',(22.9,-0.4,2.7));
#5282 = VERTEX_POINT('',#5283);
#5283 = CARTESIAN_POINT('',(22.1,-0.4,2.7));
#5284 = LINE('',#5285,#5286);
#5285 = CARTESIAN_POINT('',(24.75,-0.4,2.7));
#5286 = VECTOR('',#5287,1.);
#5287 = DIRECTION('',(-1.,-0.,-0.));
#5288 = ORIENTED_EDGE('',*,*,#5289,.F.);
#5289 = EDGE_CURVE('',#5290,#5280,#5292,.T.);
#5290 = VERTEX_POINT('',#5291);
#5291 = CARTESIAN_POINT('',(22.9,0.4,2.7));
#5292 = LINE('',#5293,#5294);
#5293 = CARTESIAN_POINT('',(22.9,-0.765,2.7));
#5294 = VECTOR('',#5295,1.);
#5295 = DIRECTION('',(0.,-1.,0.));
#5296 = ORIENTED_EDGE('',*,*,#5297,.F.);
#5297 = EDGE_CURVE('',#5298,#5290,#5300,.T.);
#5298 = VERTEX_POINT('',#5299);
#5299 = CARTESIAN_POINT('',(22.1,0.4,2.7));
#5300 = LINE('',#5301,#5302);
#5301 = CARTESIAN_POINT('',(24.75,0.4,2.7));
#5302 = VECTOR('',#5303,1.);
#5303 = DIRECTION('',(1.,0.,0.));
#5304 = ORIENTED_EDGE('',*,*,#5305,.T.);
#5305 = EDGE_CURVE('',#5298,#5282,#5306,.T.);
#5306 = LINE('',#5307,#5308);
#5307 = CARTESIAN_POINT('',(22.1,-0.765,2.7));
#5308 = VECTOR('',#5309,1.);
#5309 = DIRECTION('',(0.,-1.,0.));
#5310 = FACE_BOUND('',#5311,.T.);
#5311 = EDGE_LOOP('',(#5312,#5313,#5314,#5315));
#5312 = ORIENTED_EDGE('',*,*,#4817,.F.);
#5313 = ORIENTED_EDGE('',*,*,#4833,.F.);
#5314 = ORIENTED_EDGE('',*,*,#4880,.F.);
#5315 = ORIENTED_EDGE('',*,*,#4857,.T.);
#5316 = PLANE('',#5317);
#5317 = AXIS2_PLACEMENT_3D('',#5318,#5319,#5320);
#5318 = CARTESIAN_POINT('',(26.6,-1.53,2.7));
#5319 = DIRECTION('',(0.,0.,-1.));
#5320 = DIRECTION('',(0.,1.,0.));
#5321 = ADVANCED_FACE('',(#5322),#5335,.F.);
#5322 = FACE_BOUND('',#5323,.F.);
#5323 = EDGE_LOOP('',(#5324,#5325,#5326,#5327,#5333,#5334));
#5324 = ORIENTED_EDGE('',*,*,#4908,.T.);
#5325 = ORIENTED_EDGE('',*,*,#1336,.T.);
#5326 = ORIENTED_EDGE('',*,*,#4956,.T.);
#5327 = ORIENTED_EDGE('',*,*,#5328,.T.);
#5328 = EDGE_CURVE('',#4957,#4544,#5329,.T.);
#5329 = LINE('',#5330,#5331);
#5330 = CARTESIAN_POINT('',(-1.6,0.57,2.7));
#5331 = VECTOR('',#5332,1.);
#5332 = DIRECTION('',(0.,0.5,-0.866025403784));
#5333 = ORIENTED_EDGE('',*,*,#4551,.T.);
#5334 = ORIENTED_EDGE('',*,*,#4462,.T.);
#5335 = PLANE('',#5336);
#5336 = AXIS2_PLACEMENT_3D('',#5337,#5338,#5339);
#5337 = CARTESIAN_POINT('',(-1.6,0.580690019138,6.030109938605));
#5338 = DIRECTION('',(1.,0.,0.));
#5339 = DIRECTION('',(0.,0.,1.));
#5340 = ADVANCED_FACE('',(#5341),#5352,.T.);
#5341 = FACE_BOUND('',#5342,.T.);
#5342 = EDGE_LOOP('',(#5343,#5349,#5350,#5351));
#5343 = ORIENTED_EDGE('',*,*,#5344,.T.);
#5344 = EDGE_CURVE('',#1298,#1407,#5345,.T.);
#5345 = LINE('',#5346,#5347);
#5346 = CARTESIAN_POINT('',(-0.65,-1.53,5.7));
#5347 = VECTOR('',#5348,1.);
#5348 = DIRECTION('',(0.,-1.,2.22044604925E-16));
#5349 = ORIENTED_EDGE('',*,*,#1406,.T.);
#5350 = ORIENTED_EDGE('',*,*,#1504,.F.);
#5351 = ORIENTED_EDGE('',*,*,#1305,.F.);
#5352 = PLANE('',#5353);
#5353 = AXIS2_PLACEMENT_3D('',#5354,#5355,#5356);
#5354 = CARTESIAN_POINT('',(-0.65,-1.53,5.7));
#5355 = DIRECTION('',(0.,2.22044604925E-16,1.));
#5356 = DIRECTION('',(1.,0.,0.));
#5357 = ADVANCED_FACE('',(#5358),#5369,.T.);
#5358 = FACE_BOUND('',#5359,.T.);
#5359 = EDGE_LOOP('',(#5360,#5366,#5367,#5368));
#5360 = ORIENTED_EDGE('',*,*,#5361,.T.);
#5361 = EDGE_CURVE('',#1290,#1415,#5362,.T.);
#5362 = LINE('',#5363,#5364);
#5363 = CARTESIAN_POINT('',(-0.65,-1.53,4.9));
#5364 = VECTOR('',#5365,1.);
#5365 = DIRECTION('',(0.,-1.,2.22044604925E-16));
#5366 = ORIENTED_EDGE('',*,*,#1414,.T.);
#5367 = ORIENTED_EDGE('',*,*,#5344,.F.);
#5368 = ORIENTED_EDGE('',*,*,#1297,.F.);
#5369 = PLANE('',#5370);
#5370 = AXIS2_PLACEMENT_3D('',#5371,#5372,#5373);
#5371 = CARTESIAN_POINT('',(-0.65,-1.53,4.9));
#5372 = DIRECTION('',(-1.,0.,0.));
#5373 = DIRECTION('',(0.,2.22044604925E-16,1.));
#5374 = ADVANCED_FACE('',(#5375),#5386,.T.);
#5375 = FACE_BOUND('',#5376,.T.);
#5376 = EDGE_LOOP('',(#5377,#5383,#5384,#5385));
#5377 = ORIENTED_EDGE('',*,*,#5378,.T.);
#5378 = EDGE_CURVE('',#1282,#1423,#5379,.T.);
#5379 = LINE('',#5380,#5381);
#5380 = CARTESIAN_POINT('',(5.E-02,-1.53,3.7));
#5381 = VECTOR('',#5382,1.);
#5382 = DIRECTION('',(0.,-1.,2.22044604925E-16));
#5383 = ORIENTED_EDGE('',*,*,#1422,.T.);
#5384 = ORIENTED_EDGE('',*,*,#5361,.F.);
#5385 = ORIENTED_EDGE('',*,*,#1289,.F.);
#5386 = PLANE('',#5387);
#5387 = AXIS2_PLACEMENT_3D('',#5388,#5389,#5390);
#5388 = CARTESIAN_POINT('',(5.E-02,-1.53,3.7));
#5389 = DIRECTION('',(-0.863778900898,-1.118818427957E-16,
    -0.503871025524));
#5390 = DIRECTION('',(-0.503871025524,1.917974447926E-16,0.863778900898)
  );
#5391 = ADVANCED_FACE('',(#5392),#5403,.T.);
#5392 = FACE_BOUND('',#5393,.T.);
#5393 = EDGE_LOOP('',(#5394,#5400,#5401,#5402));
#5394 = ORIENTED_EDGE('',*,*,#5395,.T.);
#5395 = EDGE_CURVE('',#1274,#1431,#5396,.T.);
#5396 = LINE('',#5397,#5398);
#5397 = CARTESIAN_POINT('',(0.65,-1.53,3.7));
#5398 = VECTOR('',#5399,1.);
#5399 = DIRECTION('',(0.,-1.,2.22044604925E-16));
#5400 = ORIENTED_EDGE('',*,*,#1430,.T.);
#5401 = ORIENTED_EDGE('',*,*,#5378,.F.);
#5402 = ORIENTED_EDGE('',*,*,#1281,.F.);
#5403 = PLANE('',#5404);
#5404 = AXIS2_PLACEMENT_3D('',#5405,#5406,#5407);
#5405 = CARTESIAN_POINT('',(0.65,-1.53,3.7));
#5406 = DIRECTION('',(-0.,-2.22044604925E-16,-1.));
#5407 = DIRECTION('',(-1.,0.,0.));
#5408 = ADVANCED_FACE('',(#5409),#5420,.T.);
#5409 = FACE_BOUND('',#5410,.T.);
#5410 = EDGE_LOOP('',(#5411,#5417,#5418,#5419));
#5411 = ORIENTED_EDGE('',*,*,#5412,.T.);
#5412 = EDGE_CURVE('',#1266,#1439,#5413,.T.);
#5413 = LINE('',#5414,#5415);
#5414 = CARTESIAN_POINT('',(0.65,-1.53,9.));
#5415 = VECTOR('',#5416,1.);
#5416 = DIRECTION('',(0.,-1.,2.22044604925E-16));
#5417 = ORIENTED_EDGE('',*,*,#1438,.T.);
#5418 = ORIENTED_EDGE('',*,*,#5395,.F.);
#5419 = ORIENTED_EDGE('',*,*,#1273,.F.);
#5420 = PLANE('',#5421);
#5421 = AXIS2_PLACEMENT_3D('',#5422,#5423,#5424);
#5422 = CARTESIAN_POINT('',(0.65,-1.53,9.));
#5423 = DIRECTION('',(1.,0.,0.));
#5424 = DIRECTION('',(0.,-2.22044604925E-16,-1.));
#5425 = ADVANCED_FACE('',(#5426),#5437,.F.);
#5426 = FACE_BOUND('',#5427,.F.);
#5427 = EDGE_LOOP('',(#5428,#5429,#5430,#5436));
#5428 = ORIENTED_EDGE('',*,*,#5412,.T.);
#5429 = ORIENTED_EDGE('',*,*,#1446,.T.);
#5430 = ORIENTED_EDGE('',*,*,#5431,.F.);
#5431 = EDGE_CURVE('',#1258,#1447,#5432,.T.);
#5432 = LINE('',#5433,#5434);
#5433 = CARTESIAN_POINT('',(24.35,-1.53,9.));
#5434 = VECTOR('',#5435,1.);
#5435 = DIRECTION('',(0.,-1.,2.22044604925E-16));
#5436 = ORIENTED_EDGE('',*,*,#1265,.F.);
#5437 = PLANE('',#5438);
#5438 = AXIS2_PLACEMENT_3D('',#5439,#5440,#5441);
#5439 = CARTESIAN_POINT('',(0.65,-1.53,9.));
#5440 = DIRECTION('',(0.,2.22044604925E-16,1.));
#5441 = DIRECTION('',(1.,0.,0.));
#5442 = ADVANCED_FACE('',(#5443),#5454,.F.);
#5443 = FACE_BOUND('',#5444,.F.);
#5444 = EDGE_LOOP('',(#5445,#5446,#5447,#5453));
#5445 = ORIENTED_EDGE('',*,*,#5431,.T.);
#5446 = ORIENTED_EDGE('',*,*,#1454,.T.);
#5447 = ORIENTED_EDGE('',*,*,#5448,.F.);
#5448 = EDGE_CURVE('',#1250,#1455,#5449,.T.);
#5449 = LINE('',#5450,#5451);
#5450 = CARTESIAN_POINT('',(24.35,-1.53,3.7));
#5451 = VECTOR('',#5452,1.);
#5452 = DIRECTION('',(0.,-1.,2.22044604925E-16));
#5453 = ORIENTED_EDGE('',*,*,#1257,.F.);
#5454 = PLANE('',#5455);
#5455 = AXIS2_PLACEMENT_3D('',#5456,#5457,#5458);
#5456 = CARTESIAN_POINT('',(24.35,-1.53,9.));
#5457 = DIRECTION('',(1.,0.,0.));
#5458 = DIRECTION('',(0.,-2.22044604925E-16,-1.));
#5459 = ADVANCED_FACE('',(#5460),#5471,.F.);
#5460 = FACE_BOUND('',#5461,.F.);
#5461 = EDGE_LOOP('',(#5462,#5463,#5464,#5470));
#5462 = ORIENTED_EDGE('',*,*,#5448,.T.);
#5463 = ORIENTED_EDGE('',*,*,#1462,.T.);
#5464 = ORIENTED_EDGE('',*,*,#5465,.F.);
#5465 = EDGE_CURVE('',#1242,#1463,#5466,.T.);
#5466 = LINE('',#5467,#5468);
#5467 = CARTESIAN_POINT('',(24.95,-1.53,3.7));
#5468 = VECTOR('',#5469,1.);
#5469 = DIRECTION('',(0.,-1.,2.22044604925E-16));
#5470 = ORIENTED_EDGE('',*,*,#1249,.F.);
#5471 = PLANE('',#5472);
#5472 = AXIS2_PLACEMENT_3D('',#5473,#5474,#5475);
#5473 = CARTESIAN_POINT('',(24.35,-1.53,3.7));
#5474 = DIRECTION('',(0.,2.22044604925E-16,1.));
#5475 = DIRECTION('',(1.,0.,0.));
#5476 = ADVANCED_FACE('',(#5477),#5488,.F.);
#5477 = FACE_BOUND('',#5478,.F.);
#5478 = EDGE_LOOP('',(#5479,#5480,#5481,#5487));
#5479 = ORIENTED_EDGE('',*,*,#5465,.T.);
#5480 = ORIENTED_EDGE('',*,*,#1470,.T.);
#5481 = ORIENTED_EDGE('',*,*,#5482,.F.);
#5482 = EDGE_CURVE('',#1234,#1471,#5483,.T.);
#5483 = LINE('',#5484,#5485);
#5484 = CARTESIAN_POINT('',(25.65,-1.53,4.9));
#5485 = VECTOR('',#5486,1.);
#5486 = DIRECTION('',(0.,-1.,2.22044604925E-16));
#5487 = ORIENTED_EDGE('',*,*,#1241,.F.);
#5488 = PLANE('',#5489);
#5489 = AXIS2_PLACEMENT_3D('',#5490,#5491,#5492);
#5490 = CARTESIAN_POINT('',(24.95,-1.53,3.7));
#5491 = DIRECTION('',(-0.863778900898,1.118818427957E-16,0.503871025524)
  );
#5492 = DIRECTION('',(0.503871025524,1.917974447926E-16,0.863778900898)
  );
#5493 = ADVANCED_FACE('',(#5494),#5505,.F.);
#5494 = FACE_BOUND('',#5495,.F.);
#5495 = EDGE_LOOP('',(#5496,#5497,#5498,#5504));
#5496 = ORIENTED_EDGE('',*,*,#5482,.T.);
#5497 = ORIENTED_EDGE('',*,*,#1478,.T.);
#5498 = ORIENTED_EDGE('',*,*,#5499,.F.);
#5499 = EDGE_CURVE('',#1226,#1479,#5500,.T.);
#5500 = LINE('',#5501,#5502);
#5501 = CARTESIAN_POINT('',(25.65,-1.53,5.7));
#5502 = VECTOR('',#5503,1.);
#5503 = DIRECTION('',(0.,-1.,2.22044604925E-16));
#5504 = ORIENTED_EDGE('',*,*,#1233,.F.);
#5505 = PLANE('',#5506);
#5506 = AXIS2_PLACEMENT_3D('',#5507,#5508,#5509);
#5507 = CARTESIAN_POINT('',(25.65,-1.53,4.9));
#5508 = DIRECTION('',(-1.,0.,0.));
#5509 = DIRECTION('',(0.,2.22044604925E-16,1.));
#5510 = ADVANCED_FACE('',(#5511),#5517,.F.);
#5511 = FACE_BOUND('',#5512,.F.);
#5512 = EDGE_LOOP('',(#5513,#5514,#5515,#5516));
#5513 = ORIENTED_EDGE('',*,*,#5499,.T.);
#5514 = ORIENTED_EDGE('',*,*,#1486,.T.);
#5515 = ORIENTED_EDGE('',*,*,#1383,.F.);
#5516 = ORIENTED_EDGE('',*,*,#1225,.F.);
#5517 = PLANE('',#5518);
#5518 = AXIS2_PLACEMENT_3D('',#5519,#5520,#5521);
#5519 = CARTESIAN_POINT('',(25.65,-1.53,5.7));
#5520 = DIRECTION('',(-0.,-2.22044604925E-16,-1.));
#5521 = DIRECTION('',(-1.,0.,0.));
#5522 = ADVANCED_FACE('',(#5523),#5543,.F.);
#5523 = FACE_BOUND('',#5524,.F.);
#5524 = EDGE_LOOP('',(#5525,#5531,#5532,#5538,#5539,#5540,#5541,#5542));
#5525 = ORIENTED_EDGE('',*,*,#5526,.F.);
#5526 = EDGE_CURVE('',#4431,#1773,#5527,.T.);
#5527 = LINE('',#5528,#5529);
#5528 = CARTESIAN_POINT('',(0.6,2.57,5.25));
#5529 = VECTOR('',#5530,1.);
#5530 = DIRECTION('',(0.,-1.,0.));
#5531 = ORIENTED_EDGE('',*,*,#4438,.T.);
#5532 = ORIENTED_EDGE('',*,*,#5533,.T.);
#5533 = EDGE_CURVE('',#4439,#1950,#5534,.T.);
#5534 = LINE('',#5535,#5536);
#5535 = CARTESIAN_POINT('',(-0.6,2.57,5.25));
#5536 = VECTOR('',#5537,1.);
#5537 = DIRECTION('',(0.,-1.,0.));
#5538 = ORIENTED_EDGE('',*,*,#1949,.F.);
#5539 = ORIENTED_EDGE('',*,*,#1931,.T.);
#5540 = ORIENTED_EDGE('',*,*,#1875,.F.);
#5541 = ORIENTED_EDGE('',*,*,#1828,.F.);
#5542 = ORIENTED_EDGE('',*,*,#1780,.F.);
#5543 = PLANE('',#5544);
#5544 = AXIS2_PLACEMENT_3D('',#5545,#5546,#5547);
#5545 = CARTESIAN_POINT('',(0.6,2.57,5.25));
#5546 = DIRECTION('',(0.,0.,1.));
#5547 = DIRECTION('',(0.,-1.,0.));
#5548 = ADVANCED_FACE('',(#5549),#5585,.F.);
#5549 = FACE_BOUND('',#5550,.F.);
#5550 = EDGE_LOOP('',(#5551,#5552,#5553,#5554,#5562,#5570,#5578,#5584));
#5551 = ORIENTED_EDGE('',*,*,#4430,.T.);
#5552 = ORIENTED_EDGE('',*,*,#5526,.T.);
#5553 = ORIENTED_EDGE('',*,*,#1772,.T.);
#5554 = ORIENTED_EDGE('',*,*,#5555,.T.);
#5555 = EDGE_CURVE('',#1765,#5556,#5558,.T.);
#5556 = VERTEX_POINT('',#5557);
#5557 = CARTESIAN_POINT('',(0.6,0.5468198,3.45));
#5558 = LINE('',#5559,#5560);
#5559 = CARTESIAN_POINT('',(0.6,1.52,3.45));
#5560 = VECTOR('',#5561,1.);
#5561 = DIRECTION('',(0.,-1.,0.));
#5562 = ORIENTED_EDGE('',*,*,#5563,.T.);
#5563 = EDGE_CURVE('',#5556,#5564,#5566,.T.);
#5564 = VERTEX_POINT('',#5565);
#5565 = CARTESIAN_POINT('',(0.6,1.044,2.6151));
#5566 = LINE('',#5567,#5568);
#5567 = CARTESIAN_POINT('',(0.6,0.5468198,3.45));
#5568 = VECTOR('',#5569,1.);
#5569 = DIRECTION('',(0.,0.511647917429,-0.859195209828));
#5570 = ORIENTED_EDGE('',*,*,#5571,.T.);
#5571 = EDGE_CURVE('',#5564,#5572,#5574,.T.);
#5572 = VERTEX_POINT('',#5573);
#5573 = CARTESIAN_POINT('',(0.6,1.52,2.6151));
#5574 = LINE('',#5575,#5576);
#5575 = CARTESIAN_POINT('',(0.6,1.044,2.6151));
#5576 = VECTOR('',#5577,1.);
#5577 = DIRECTION('',(0.,1.,0.));
#5578 = ORIENTED_EDGE('',*,*,#5579,.T.);
#5579 = EDGE_CURVE('',#5572,#4567,#5580,.T.);
#5580 = LINE('',#5581,#5582);
#5581 = CARTESIAN_POINT('',(0.6,1.52,2.6151));
#5582 = VECTOR('',#5583,1.);
#5583 = DIRECTION('',(0.,0.,-1.));
#5584 = ORIENTED_EDGE('',*,*,#4574,.T.);
#5585 = PLANE('',#5586);
#5586 = AXIS2_PLACEMENT_3D('',#5587,#5588,#5589);
#5587 = CARTESIAN_POINT('',(0.6,1.834452703854,3.573485056924));
#5588 = DIRECTION('',(1.,0.,0.));
#5589 = DIRECTION('',(0.,0.,1.));
#5590 = ADVANCED_FACE('',(#5591,#5613),#5647,.F.);
#5591 = FACE_BOUND('',#5592,.F.);
#5592 = EDGE_LOOP('',(#5593,#5594,#5595,#5596,#5597,#5605,#5611,#5612));
#5593 = ORIENTED_EDGE('',*,*,#1803,.F.);
#5594 = ORIENTED_EDGE('',*,*,#1860,.T.);
#5595 = ORIENTED_EDGE('',*,*,#1899,.T.);
#5596 = ORIENTED_EDGE('',*,*,#1965,.F.);
#5597 = ORIENTED_EDGE('',*,*,#5598,.T.);
#5598 = EDGE_CURVE('',#1958,#5599,#5601,.T.);
#5599 = VERTEX_POINT('',#5600);
#5600 = CARTESIAN_POINT('',(-0.6,0.5468198,3.45));
#5601 = LINE('',#5602,#5603);
#5602 = CARTESIAN_POINT('',(-0.6,1.52,3.45));
#5603 = VECTOR('',#5604,1.);
#5604 = DIRECTION('',(0.,-1.,0.));
#5605 = ORIENTED_EDGE('',*,*,#5606,.F.);
#5606 = EDGE_CURVE('',#5556,#5599,#5607,.T.);
#5607 = LINE('',#5608,#5609);
#5608 = CARTESIAN_POINT('',(0.6,0.5468198,3.45));
#5609 = VECTOR('',#5610,1.);
#5610 = DIRECTION('',(-1.,-0.,-0.));
#5611 = ORIENTED_EDGE('',*,*,#5555,.F.);
#5612 = ORIENTED_EDGE('',*,*,#1764,.F.);
#5613 = FACE_BOUND('',#5614,.F.);
#5614 = EDGE_LOOP('',(#5615,#5625,#5633,#5641));
#5615 = ORIENTED_EDGE('',*,*,#5616,.F.);
#5616 = EDGE_CURVE('',#5617,#5619,#5621,.T.);
#5617 = VERTEX_POINT('',#5618);
#5618 = CARTESIAN_POINT('',(0.4,-0.4,3.45));
#5619 = VERTEX_POINT('',#5620);
#5620 = CARTESIAN_POINT('',(-0.4,-0.4,3.45));
#5621 = LINE('',#5622,#5623);
#5622 = CARTESIAN_POINT('',(0.4,-0.4,3.45));
#5623 = VECTOR('',#5624,1.);
#5624 = DIRECTION('',(-1.,-0.,-0.));
#5625 = ORIENTED_EDGE('',*,*,#5626,.F.);
#5626 = EDGE_CURVE('',#5627,#5617,#5629,.T.);
#5627 = VERTEX_POINT('',#5628);
#5628 = CARTESIAN_POINT('',(0.4,0.4,3.45));
#5629 = LINE('',#5630,#5631);
#5630 = CARTESIAN_POINT('',(0.4,0.4,3.45));
#5631 = VECTOR('',#5632,1.);
#5632 = DIRECTION('',(0.,-1.,0.));
#5633 = ORIENTED_EDGE('',*,*,#5634,.T.);
#5634 = EDGE_CURVE('',#5627,#5635,#5637,.T.);
#5635 = VERTEX_POINT('',#5636);
#5636 = CARTESIAN_POINT('',(-0.4,0.4,3.45));
#5637 = LINE('',#5638,#5639);
#5638 = CARTESIAN_POINT('',(0.4,0.4,3.45));
#5639 = VECTOR('',#5640,1.);
#5640 = DIRECTION('',(-1.,-0.,-0.));
#5641 = ORIENTED_EDGE('',*,*,#5642,.T.);
#5642 = EDGE_CURVE('',#5635,#5619,#5643,.T.);
#5643 = LINE('',#5644,#5645);
#5644 = CARTESIAN_POINT('',(-0.4,0.4,3.45));
#5645 = VECTOR('',#5646,1.);
#5646 = DIRECTION('',(0.,-1.,0.));
#5647 = PLANE('',#5648);
#5648 = AXIS2_PLACEMENT_3D('',#5649,#5650,#5651);
#5649 = CARTESIAN_POINT('',(1.05,-0.98,3.45));
#5650 = DIRECTION('',(0.,0.,-1.));
#5651 = DIRECTION('',(0.,1.,0.));
#5652 = ADVANCED_FACE('',(#5653),#5682,.T.);
#5653 = FACE_BOUND('',#5654,.T.);
#5654 = EDGE_LOOP('',(#5655,#5656,#5657,#5658,#5659,#5667,#5675,#5681));
#5655 = ORIENTED_EDGE('',*,*,#4446,.T.);
#5656 = ORIENTED_EDGE('',*,*,#5533,.T.);
#5657 = ORIENTED_EDGE('',*,*,#1957,.T.);
#5658 = ORIENTED_EDGE('',*,*,#5598,.T.);
#5659 = ORIENTED_EDGE('',*,*,#5660,.T.);
#5660 = EDGE_CURVE('',#5599,#5661,#5663,.T.);
#5661 = VERTEX_POINT('',#5662);
#5662 = CARTESIAN_POINT('',(-0.6,1.044,2.6151));
#5663 = LINE('',#5664,#5665);
#5664 = CARTESIAN_POINT('',(-0.6,0.5468198,3.45));
#5665 = VECTOR('',#5666,1.);
#5666 = DIRECTION('',(0.,0.511647917429,-0.859195209828));
#5667 = ORIENTED_EDGE('',*,*,#5668,.T.);
#5668 = EDGE_CURVE('',#5661,#5669,#5671,.T.);
#5669 = VERTEX_POINT('',#5670);
#5670 = CARTESIAN_POINT('',(-0.6,1.52,2.6151));
#5671 = LINE('',#5672,#5673);
#5672 = CARTESIAN_POINT('',(-0.6,1.044,2.6151));
#5673 = VECTOR('',#5674,1.);
#5674 = DIRECTION('',(0.,1.,0.));
#5675 = ORIENTED_EDGE('',*,*,#5676,.T.);
#5676 = EDGE_CURVE('',#5669,#4559,#5677,.T.);
#5677 = LINE('',#5678,#5679);
#5678 = CARTESIAN_POINT('',(-0.6,1.52,2.6151));
#5679 = VECTOR('',#5680,1.);
#5680 = DIRECTION('',(0.,0.,-1.));
#5681 = ORIENTED_EDGE('',*,*,#4558,.T.);
#5682 = PLANE('',#5683);
#5683 = AXIS2_PLACEMENT_3D('',#5684,#5685,#5686);
#5684 = CARTESIAN_POINT('',(-0.6,1.834452703854,3.573485056924));
#5685 = DIRECTION('',(1.,0.,0.));
#5686 = DIRECTION('',(0.,0.,1.));
#5687 = ADVANCED_FACE('',(#5688),#5708,.F.);
#5688 = FACE_BOUND('',#5689,.F.);
#5689 = EDGE_LOOP('',(#5690,#5696,#5697,#5703,#5704,#5705,#5706,#5707));
#5690 = ORIENTED_EDGE('',*,*,#5691,.F.);
#5691 = EDGE_CURVE('',#4399,#1997,#5692,.T.);
#5692 = LINE('',#5693,#5694);
#5693 = CARTESIAN_POINT('',(3.1,2.57,5.25));
#5694 = VECTOR('',#5695,1.);
#5695 = DIRECTION('',(0.,-1.,0.));
#5696 = ORIENTED_EDGE('',*,*,#4406,.T.);
#5697 = ORIENTED_EDGE('',*,*,#5698,.T.);
#5698 = EDGE_CURVE('',#4407,#2174,#5699,.T.);
#5699 = LINE('',#5700,#5701);
#5700 = CARTESIAN_POINT('',(1.9,2.57,5.25));
#5701 = VECTOR('',#5702,1.);
#5702 = DIRECTION('',(0.,-1.,0.));
#5703 = ORIENTED_EDGE('',*,*,#2173,.F.);
#5704 = ORIENTED_EDGE('',*,*,#2155,.T.);
#5705 = ORIENTED_EDGE('',*,*,#2099,.F.);
#5706 = ORIENTED_EDGE('',*,*,#2052,.F.);
#5707 = ORIENTED_EDGE('',*,*,#2004,.F.);
#5708 = PLANE('',#5709);
#5709 = AXIS2_PLACEMENT_3D('',#5710,#5711,#5712);
#5710 = CARTESIAN_POINT('',(3.1,2.57,5.25));
#5711 = DIRECTION('',(0.,0.,1.));
#5712 = DIRECTION('',(0.,-1.,0.));
#5713 = ADVANCED_FACE('',(#5714),#5750,.F.);
#5714 = FACE_BOUND('',#5715,.F.);
#5715 = EDGE_LOOP('',(#5716,#5717,#5718,#5719,#5727,#5735,#5743,#5749));
#5716 = ORIENTED_EDGE('',*,*,#4398,.T.);
#5717 = ORIENTED_EDGE('',*,*,#5691,.T.);
#5718 = ORIENTED_EDGE('',*,*,#1996,.T.);
#5719 = ORIENTED_EDGE('',*,*,#5720,.T.);
#5720 = EDGE_CURVE('',#1989,#5721,#5723,.T.);
#5721 = VERTEX_POINT('',#5722);
#5722 = CARTESIAN_POINT('',(3.1,0.5468198,3.45));
#5723 = LINE('',#5724,#5725);
#5724 = CARTESIAN_POINT('',(3.1,1.52,3.45));
#5725 = VECTOR('',#5726,1.);
#5726 = DIRECTION('',(0.,-1.,0.));
#5727 = ORIENTED_EDGE('',*,*,#5728,.T.);
#5728 = EDGE_CURVE('',#5721,#5729,#5731,.T.);
#5729 = VERTEX_POINT('',#5730);
#5730 = CARTESIAN_POINT('',(3.1,1.044,2.6151));
#5731 = LINE('',#5732,#5733);
#5732 = CARTESIAN_POINT('',(3.1,0.5468198,3.45));
#5733 = VECTOR('',#5734,1.);
#5734 = DIRECTION('',(0.,0.511647917429,-0.859195209828));
#5735 = ORIENTED_EDGE('',*,*,#5736,.T.);
#5736 = EDGE_CURVE('',#5729,#5737,#5739,.T.);
#5737 = VERTEX_POINT('',#5738);
#5738 = CARTESIAN_POINT('',(3.1,1.52,2.6151));
#5739 = LINE('',#5740,#5741);
#5740 = CARTESIAN_POINT('',(3.1,1.044,2.6151));
#5741 = VECTOR('',#5742,1.);
#5742 = DIRECTION('',(0.,1.,0.));
#5743 = ORIENTED_EDGE('',*,*,#5744,.T.);
#5744 = EDGE_CURVE('',#5737,#4590,#5745,.T.);
#5745 = LINE('',#5746,#5747);
#5746 = CARTESIAN_POINT('',(3.1,1.52,2.6151));
#5747 = VECTOR('',#5748,1.);
#5748 = DIRECTION('',(0.,0.,-1.));
#5749 = ORIENTED_EDGE('',*,*,#4597,.T.);
#5750 = PLANE('',#5751);
#5751 = AXIS2_PLACEMENT_3D('',#5752,#5753,#5754);
#5752 = CARTESIAN_POINT('',(3.1,1.834452703854,3.573485056924));
#5753 = DIRECTION('',(1.,0.,0.));
#5754 = DIRECTION('',(0.,0.,1.));
#5755 = ADVANCED_FACE('',(#5756,#5778),#5812,.F.);
#5756 = FACE_BOUND('',#5757,.F.);
#5757 = EDGE_LOOP('',(#5758,#5759,#5760,#5761,#5762,#5770,#5776,#5777));
#5758 = ORIENTED_EDGE('',*,*,#2027,.F.);
#5759 = ORIENTED_EDGE('',*,*,#2084,.T.);
#5760 = ORIENTED_EDGE('',*,*,#2123,.T.);
#5761 = ORIENTED_EDGE('',*,*,#2189,.F.);
#5762 = ORIENTED_EDGE('',*,*,#5763,.T.);
#5763 = EDGE_CURVE('',#2182,#5764,#5766,.T.);
#5764 = VERTEX_POINT('',#5765);
#5765 = CARTESIAN_POINT('',(1.9,0.5468198,3.45));
#5766 = LINE('',#5767,#5768);
#5767 = CARTESIAN_POINT('',(1.9,1.52,3.45));
#5768 = VECTOR('',#5769,1.);
#5769 = DIRECTION('',(0.,-1.,0.));
#5770 = ORIENTED_EDGE('',*,*,#5771,.F.);
#5771 = EDGE_CURVE('',#5721,#5764,#5772,.T.);
#5772 = LINE('',#5773,#5774);
#5773 = CARTESIAN_POINT('',(3.1,0.5468198,3.45));
#5774 = VECTOR('',#5775,1.);
#5775 = DIRECTION('',(-1.,-0.,-0.));
#5776 = ORIENTED_EDGE('',*,*,#5720,.F.);
#5777 = ORIENTED_EDGE('',*,*,#1988,.F.);
#5778 = FACE_BOUND('',#5779,.F.);
#5779 = EDGE_LOOP('',(#5780,#5790,#5798,#5806));
#5780 = ORIENTED_EDGE('',*,*,#5781,.F.);
#5781 = EDGE_CURVE('',#5782,#5784,#5786,.T.);
#5782 = VERTEX_POINT('',#5783);
#5783 = CARTESIAN_POINT('',(2.9,-0.4,3.45));
#5784 = VERTEX_POINT('',#5785);
#5785 = CARTESIAN_POINT('',(2.1,-0.4,3.45));
#5786 = LINE('',#5787,#5788);
#5787 = CARTESIAN_POINT('',(2.9,-0.4,3.45));
#5788 = VECTOR('',#5789,1.);
#5789 = DIRECTION('',(-1.,-0.,-0.));
#5790 = ORIENTED_EDGE('',*,*,#5791,.F.);
#5791 = EDGE_CURVE('',#5792,#5782,#5794,.T.);
#5792 = VERTEX_POINT('',#5793);
#5793 = CARTESIAN_POINT('',(2.9,0.4,3.45));
#5794 = LINE('',#5795,#5796);
#5795 = CARTESIAN_POINT('',(2.9,0.4,3.45));
#5796 = VECTOR('',#5797,1.);
#5797 = DIRECTION('',(0.,-1.,0.));
#5798 = ORIENTED_EDGE('',*,*,#5799,.T.);
#5799 = EDGE_CURVE('',#5792,#5800,#5802,.T.);
#5800 = VERTEX_POINT('',#5801);
#5801 = CARTESIAN_POINT('',(2.1,0.4,3.45));
#5802 = LINE('',#5803,#5804);
#5803 = CARTESIAN_POINT('',(2.9,0.4,3.45));
#5804 = VECTOR('',#5805,1.);
#5805 = DIRECTION('',(-1.,-0.,-0.));
#5806 = ORIENTED_EDGE('',*,*,#5807,.T.);
#5807 = EDGE_CURVE('',#5800,#5784,#5808,.T.);
#5808 = LINE('',#5809,#5810);
#5809 = CARTESIAN_POINT('',(2.1,0.4,3.45));
#5810 = VECTOR('',#5811,1.);
#5811 = DIRECTION('',(0.,-1.,0.));
#5812 = PLANE('',#5813);
#5813 = AXIS2_PLACEMENT_3D('',#5814,#5815,#5816);
#5814 = CARTESIAN_POINT('',(3.55,-0.98,3.45));
#5815 = DIRECTION('',(0.,0.,-1.));
#5816 = DIRECTION('',(0.,1.,0.));
#5817 = ADVANCED_FACE('',(#5818),#5847,.T.);
#5818 = FACE_BOUND('',#5819,.T.);
#5819 = EDGE_LOOP('',(#5820,#5821,#5822,#5823,#5824,#5832,#5840,#5846));
#5820 = ORIENTED_EDGE('',*,*,#4414,.T.);
#5821 = ORIENTED_EDGE('',*,*,#5698,.T.);
#5822 = ORIENTED_EDGE('',*,*,#2181,.T.);
#5823 = ORIENTED_EDGE('',*,*,#5763,.T.);
#5824 = ORIENTED_EDGE('',*,*,#5825,.T.);
#5825 = EDGE_CURVE('',#5764,#5826,#5828,.T.);
#5826 = VERTEX_POINT('',#5827);
#5827 = CARTESIAN_POINT('',(1.9,1.044,2.6151));
#5828 = LINE('',#5829,#5830);
#5829 = CARTESIAN_POINT('',(1.9,0.5468198,3.45));
#5830 = VECTOR('',#5831,1.);
#5831 = DIRECTION('',(0.,0.511647917429,-0.859195209828));
#5832 = ORIENTED_EDGE('',*,*,#5833,.T.);
#5833 = EDGE_CURVE('',#5826,#5834,#5836,.T.);
#5834 = VERTEX_POINT('',#5835);
#5835 = CARTESIAN_POINT('',(1.9,1.52,2.6151));
#5836 = LINE('',#5837,#5838);
#5837 = CARTESIAN_POINT('',(1.9,1.044,2.6151));
#5838 = VECTOR('',#5839,1.);
#5839 = DIRECTION('',(0.,1.,0.));
#5840 = ORIENTED_EDGE('',*,*,#5841,.T.);
#5841 = EDGE_CURVE('',#5834,#4582,#5842,.T.);
#5842 = LINE('',#5843,#5844);
#5843 = CARTESIAN_POINT('',(1.9,1.52,2.6151));
#5844 = VECTOR('',#5845,1.);
#5845 = DIRECTION('',(0.,0.,-1.));
#5846 = ORIENTED_EDGE('',*,*,#4581,.T.);
#5847 = PLANE('',#5848);
#5848 = AXIS2_PLACEMENT_3D('',#5849,#5850,#5851);
#5849 = CARTESIAN_POINT('',(1.9,1.834452703854,3.573485056924));
#5850 = DIRECTION('',(1.,0.,0.));
#5851 = DIRECTION('',(0.,0.,1.));
#5852 = ADVANCED_FACE('',(#5853),#5873,.F.);
#5853 = FACE_BOUND('',#5854,.F.);
#5854 = EDGE_LOOP('',(#5855,#5861,#5862,#5868,#5869,#5870,#5871,#5872));
#5855 = ORIENTED_EDGE('',*,*,#5856,.F.);
#5856 = EDGE_CURVE('',#4367,#2221,#5857,.T.);
#5857 = LINE('',#5858,#5859);
#5858 = CARTESIAN_POINT('',(5.6,2.57,5.25));
#5859 = VECTOR('',#5860,1.);
#5860 = DIRECTION('',(0.,-1.,0.));
#5861 = ORIENTED_EDGE('',*,*,#4374,.T.);
#5862 = ORIENTED_EDGE('',*,*,#5863,.T.);
#5863 = EDGE_CURVE('',#4375,#2398,#5864,.T.);
#5864 = LINE('',#5865,#5866);
#5865 = CARTESIAN_POINT('',(4.4,2.57,5.25));
#5866 = VECTOR('',#5867,1.);
#5867 = DIRECTION('',(0.,-1.,0.));
#5868 = ORIENTED_EDGE('',*,*,#2397,.F.);
#5869 = ORIENTED_EDGE('',*,*,#2379,.T.);
#5870 = ORIENTED_EDGE('',*,*,#2323,.F.);
#5871 = ORIENTED_EDGE('',*,*,#2276,.F.);
#5872 = ORIENTED_EDGE('',*,*,#2228,.F.);
#5873 = PLANE('',#5874);
#5874 = AXIS2_PLACEMENT_3D('',#5875,#5876,#5877);
#5875 = CARTESIAN_POINT('',(5.6,2.57,5.25));
#5876 = DIRECTION('',(0.,0.,1.));
#5877 = DIRECTION('',(0.,-1.,0.));
#5878 = ADVANCED_FACE('',(#5879),#5915,.F.);
#5879 = FACE_BOUND('',#5880,.F.);
#5880 = EDGE_LOOP('',(#5881,#5882,#5883,#5884,#5892,#5900,#5908,#5914));
#5881 = ORIENTED_EDGE('',*,*,#4366,.T.);
#5882 = ORIENTED_EDGE('',*,*,#5856,.T.);
#5883 = ORIENTED_EDGE('',*,*,#2220,.T.);
#5884 = ORIENTED_EDGE('',*,*,#5885,.T.);
#5885 = EDGE_CURVE('',#2213,#5886,#5888,.T.);
#5886 = VERTEX_POINT('',#5887);
#5887 = CARTESIAN_POINT('',(5.6,0.5468198,3.45));
#5888 = LINE('',#5889,#5890);
#5889 = CARTESIAN_POINT('',(5.6,1.52,3.45));
#5890 = VECTOR('',#5891,1.);
#5891 = DIRECTION('',(0.,-1.,0.));
#5892 = ORIENTED_EDGE('',*,*,#5893,.T.);
#5893 = EDGE_CURVE('',#5886,#5894,#5896,.T.);
#5894 = VERTEX_POINT('',#5895);
#5895 = CARTESIAN_POINT('',(5.6,1.044,2.6151));
#5896 = LINE('',#5897,#5898);
#5897 = CARTESIAN_POINT('',(5.6,0.5468198,3.45));
#5898 = VECTOR('',#5899,1.);
#5899 = DIRECTION('',(0.,0.511647917429,-0.859195209828));
#5900 = ORIENTED_EDGE('',*,*,#5901,.T.);
#5901 = EDGE_CURVE('',#5894,#5902,#5904,.T.);
#5902 = VERTEX_POINT('',#5903);
#5903 = CARTESIAN_POINT('',(5.6,1.52,2.6151));
#5904 = LINE('',#5905,#5906);
#5905 = CARTESIAN_POINT('',(5.6,1.044,2.6151));
#5906 = VECTOR('',#5907,1.);
#5907 = DIRECTION('',(0.,1.,0.));
#5908 = ORIENTED_EDGE('',*,*,#5909,.T.);
#5909 = EDGE_CURVE('',#5902,#4613,#5910,.T.);
#5910 = LINE('',#5911,#5912);
#5911 = CARTESIAN_POINT('',(5.6,1.52,2.6151));
#5912 = VECTOR('',#5913,1.);
#5913 = DIRECTION('',(0.,0.,-1.));
#5914 = ORIENTED_EDGE('',*,*,#4620,.T.);
#5915 = PLANE('',#5916);
#5916 = AXIS2_PLACEMENT_3D('',#5917,#5918,#5919);
#5917 = CARTESIAN_POINT('',(5.6,1.834452703854,3.573485056924));
#5918 = DIRECTION('',(1.,0.,0.));
#5919 = DIRECTION('',(0.,0.,1.));
#5920 = ADVANCED_FACE('',(#5921,#5943),#5977,.F.);
#5921 = FACE_BOUND('',#5922,.F.);
#5922 = EDGE_LOOP('',(#5923,#5924,#5925,#5926,#5927,#5935,#5941,#5942));
#5923 = ORIENTED_EDGE('',*,*,#2251,.F.);
#5924 = ORIENTED_EDGE('',*,*,#2308,.T.);
#5925 = ORIENTED_EDGE('',*,*,#2347,.T.);
#5926 = ORIENTED_EDGE('',*,*,#2413,.F.);
#5927 = ORIENTED_EDGE('',*,*,#5928,.T.);
#5928 = EDGE_CURVE('',#2406,#5929,#5931,.T.);
#5929 = VERTEX_POINT('',#5930);
#5930 = CARTESIAN_POINT('',(4.4,0.5468198,3.45));
#5931 = LINE('',#5932,#5933);
#5932 = CARTESIAN_POINT('',(4.4,1.52,3.45));
#5933 = VECTOR('',#5934,1.);
#5934 = DIRECTION('',(0.,-1.,0.));
#5935 = ORIENTED_EDGE('',*,*,#5936,.F.);
#5936 = EDGE_CURVE('',#5886,#5929,#5937,.T.);
#5937 = LINE('',#5938,#5939);
#5938 = CARTESIAN_POINT('',(5.6,0.5468198,3.45));
#5939 = VECTOR('',#5940,1.);
#5940 = DIRECTION('',(-1.,-0.,-0.));
#5941 = ORIENTED_EDGE('',*,*,#5885,.F.);
#5942 = ORIENTED_EDGE('',*,*,#2212,.F.);
#5943 = FACE_BOUND('',#5944,.F.);
#5944 = EDGE_LOOP('',(#5945,#5955,#5963,#5971));
#5945 = ORIENTED_EDGE('',*,*,#5946,.F.);
#5946 = EDGE_CURVE('',#5947,#5949,#5951,.T.);
#5947 = VERTEX_POINT('',#5948);
#5948 = CARTESIAN_POINT('',(5.4,-0.4,3.45));
#5949 = VERTEX_POINT('',#5950);
#5950 = CARTESIAN_POINT('',(4.6,-0.4,3.45));
#5951 = LINE('',#5952,#5953);
#5952 = CARTESIAN_POINT('',(5.4,-0.4,3.45));
#5953 = VECTOR('',#5954,1.);
#5954 = DIRECTION('',(-1.,-0.,-0.));
#5955 = ORIENTED_EDGE('',*,*,#5956,.F.);
#5956 = EDGE_CURVE('',#5957,#5947,#5959,.T.);
#5957 = VERTEX_POINT('',#5958);
#5958 = CARTESIAN_POINT('',(5.4,0.4,3.45));
#5959 = LINE('',#5960,#5961);
#5960 = CARTESIAN_POINT('',(5.4,0.4,3.45));
#5961 = VECTOR('',#5962,1.);
#5962 = DIRECTION('',(0.,-1.,0.));
#5963 = ORIENTED_EDGE('',*,*,#5964,.T.);
#5964 = EDGE_CURVE('',#5957,#5965,#5967,.T.);
#5965 = VERTEX_POINT('',#5966);
#5966 = CARTESIAN_POINT('',(4.6,0.4,3.45));
#5967 = LINE('',#5968,#5969);
#5968 = CARTESIAN_POINT('',(5.4,0.4,3.45));
#5969 = VECTOR('',#5970,1.);
#5970 = DIRECTION('',(-1.,-0.,-0.));
#5971 = ORIENTED_EDGE('',*,*,#5972,.T.);
#5972 = EDGE_CURVE('',#5965,#5949,#5973,.T.);
#5973 = LINE('',#5974,#5975);
#5974 = CARTESIAN_POINT('',(4.6,0.4,3.45));
#5975 = VECTOR('',#5976,1.);
#5976 = DIRECTION('',(0.,-1.,0.));
#5977 = PLANE('',#5978);
#5978 = AXIS2_PLACEMENT_3D('',#5979,#5980,#5981);
#5979 = CARTESIAN_POINT('',(6.05,-0.98,3.45));
#5980 = DIRECTION('',(0.,0.,-1.));
#5981 = DIRECTION('',(0.,1.,0.));
#5982 = ADVANCED_FACE('',(#5983),#6012,.T.);
#5983 = FACE_BOUND('',#5984,.T.);
#5984 = EDGE_LOOP('',(#5985,#5986,#5987,#5988,#5989,#5997,#6005,#6011));
#5985 = ORIENTED_EDGE('',*,*,#4382,.T.);
#5986 = ORIENTED_EDGE('',*,*,#5863,.T.);
#5987 = ORIENTED_EDGE('',*,*,#2405,.T.);
#5988 = ORIENTED_EDGE('',*,*,#5928,.T.);
#5989 = ORIENTED_EDGE('',*,*,#5990,.T.);
#5990 = EDGE_CURVE('',#5929,#5991,#5993,.T.);
#5991 = VERTEX_POINT('',#5992);
#5992 = CARTESIAN_POINT('',(4.4,1.044,2.6151));
#5993 = LINE('',#5994,#5995);
#5994 = CARTESIAN_POINT('',(4.4,0.5468198,3.45));
#5995 = VECTOR('',#5996,1.);
#5996 = DIRECTION('',(0.,0.511647917429,-0.859195209828));
#5997 = ORIENTED_EDGE('',*,*,#5998,.T.);
#5998 = EDGE_CURVE('',#5991,#5999,#6001,.T.);
#5999 = VERTEX_POINT('',#6000);
#6000 = CARTESIAN_POINT('',(4.4,1.52,2.6151));
#6001 = LINE('',#6002,#6003);
#6002 = CARTESIAN_POINT('',(4.4,1.044,2.6151));
#6003 = VECTOR('',#6004,1.);
#6004 = DIRECTION('',(0.,1.,0.));
#6005 = ORIENTED_EDGE('',*,*,#6006,.T.);
#6006 = EDGE_CURVE('',#5999,#4605,#6007,.T.);
#6007 = LINE('',#6008,#6009);
#6008 = CARTESIAN_POINT('',(4.4,1.52,2.6151));
#6009 = VECTOR('',#6010,1.);
#6010 = DIRECTION('',(0.,0.,-1.));
#6011 = ORIENTED_EDGE('',*,*,#4604,.T.);
#6012 = PLANE('',#6013);
#6013 = AXIS2_PLACEMENT_3D('',#6014,#6015,#6016);
#6014 = CARTESIAN_POINT('',(4.4,1.834452703854,3.573485056924));
#6015 = DIRECTION('',(1.,0.,0.));
#6016 = DIRECTION('',(0.,0.,1.));
#6017 = ADVANCED_FACE('',(#6018),#6038,.F.);
#6018 = FACE_BOUND('',#6019,.F.);
#6019 = EDGE_LOOP('',(#6020,#6026,#6027,#6033,#6034,#6035,#6036,#6037));
#6020 = ORIENTED_EDGE('',*,*,#6021,.F.);
#6021 = EDGE_CURVE('',#4335,#2445,#6022,.T.);
#6022 = LINE('',#6023,#6024);
#6023 = CARTESIAN_POINT('',(8.1,2.57,5.25));
#6024 = VECTOR('',#6025,1.);
#6025 = DIRECTION('',(0.,-1.,0.));
#6026 = ORIENTED_EDGE('',*,*,#4342,.T.);
#6027 = ORIENTED_EDGE('',*,*,#6028,.T.);
#6028 = EDGE_CURVE('',#4343,#2622,#6029,.T.);
#6029 = LINE('',#6030,#6031);
#6030 = CARTESIAN_POINT('',(6.9,2.57,5.25));
#6031 = VECTOR('',#6032,1.);
#6032 = DIRECTION('',(0.,-1.,0.));
#6033 = ORIENTED_EDGE('',*,*,#2621,.F.);
#6034 = ORIENTED_EDGE('',*,*,#2603,.T.);
#6035 = ORIENTED_EDGE('',*,*,#2547,.F.);
#6036 = ORIENTED_EDGE('',*,*,#2500,.F.);
#6037 = ORIENTED_EDGE('',*,*,#2452,.F.);
#6038 = PLANE('',#6039);
#6039 = AXIS2_PLACEMENT_3D('',#6040,#6041,#6042);
#6040 = CARTESIAN_POINT('',(8.1,2.57,5.25));
#6041 = DIRECTION('',(0.,0.,1.));
#6042 = DIRECTION('',(0.,-1.,0.));
#6043 = ADVANCED_FACE('',(#6044),#6080,.F.);
#6044 = FACE_BOUND('',#6045,.F.);
#6045 = EDGE_LOOP('',(#6046,#6047,#6048,#6049,#6057,#6065,#6073,#6079));
#6046 = ORIENTED_EDGE('',*,*,#4334,.T.);
#6047 = ORIENTED_EDGE('',*,*,#6021,.T.);
#6048 = ORIENTED_EDGE('',*,*,#2444,.T.);
#6049 = ORIENTED_EDGE('',*,*,#6050,.T.);
#6050 = EDGE_CURVE('',#2437,#6051,#6053,.T.);
#6051 = VERTEX_POINT('',#6052);
#6052 = CARTESIAN_POINT('',(8.1,0.5468198,3.45));
#6053 = LINE('',#6054,#6055);
#6054 = CARTESIAN_POINT('',(8.1,1.52,3.45));
#6055 = VECTOR('',#6056,1.);
#6056 = DIRECTION('',(0.,-1.,0.));
#6057 = ORIENTED_EDGE('',*,*,#6058,.T.);
#6058 = EDGE_CURVE('',#6051,#6059,#6061,.T.);
#6059 = VERTEX_POINT('',#6060);
#6060 = CARTESIAN_POINT('',(8.1,1.044,2.6151));
#6061 = LINE('',#6062,#6063);
#6062 = CARTESIAN_POINT('',(8.1,0.5468198,3.45));
#6063 = VECTOR('',#6064,1.);
#6064 = DIRECTION('',(0.,0.511647917429,-0.859195209828));
#6065 = ORIENTED_EDGE('',*,*,#6066,.T.);
#6066 = EDGE_CURVE('',#6059,#6067,#6069,.T.);
#6067 = VERTEX_POINT('',#6068);
#6068 = CARTESIAN_POINT('',(8.1,1.52,2.6151));
#6069 = LINE('',#6070,#6071);
#6070 = CARTESIAN_POINT('',(8.1,1.044,2.6151));
#6071 = VECTOR('',#6072,1.);
#6072 = DIRECTION('',(0.,1.,0.));
#6073 = ORIENTED_EDGE('',*,*,#6074,.T.);
#6074 = EDGE_CURVE('',#6067,#4636,#6075,.T.);
#6075 = LINE('',#6076,#6077);
#6076 = CARTESIAN_POINT('',(8.1,1.52,2.6151));
#6077 = VECTOR('',#6078,1.);
#6078 = DIRECTION('',(0.,0.,-1.));
#6079 = ORIENTED_EDGE('',*,*,#4643,.T.);
#6080 = PLANE('',#6081);
#6081 = AXIS2_PLACEMENT_3D('',#6082,#6083,#6084);
#6082 = CARTESIAN_POINT('',(8.1,1.834452703854,3.573485056924));
#6083 = DIRECTION('',(1.,0.,0.));
#6084 = DIRECTION('',(0.,0.,1.));
#6085 = ADVANCED_FACE('',(#6086,#6108),#6142,.F.);
#6086 = FACE_BOUND('',#6087,.F.);
#6087 = EDGE_LOOP('',(#6088,#6089,#6090,#6091,#6092,#6100,#6106,#6107));
#6088 = ORIENTED_EDGE('',*,*,#2475,.F.);
#6089 = ORIENTED_EDGE('',*,*,#2532,.T.);
#6090 = ORIENTED_EDGE('',*,*,#2571,.T.);
#6091 = ORIENTED_EDGE('',*,*,#2637,.F.);
#6092 = ORIENTED_EDGE('',*,*,#6093,.T.);
#6093 = EDGE_CURVE('',#2630,#6094,#6096,.T.);
#6094 = VERTEX_POINT('',#6095);
#6095 = CARTESIAN_POINT('',(6.9,0.5468198,3.45));
#6096 = LINE('',#6097,#6098);
#6097 = CARTESIAN_POINT('',(6.9,1.52,3.45));
#6098 = VECTOR('',#6099,1.);
#6099 = DIRECTION('',(0.,-1.,0.));
#6100 = ORIENTED_EDGE('',*,*,#6101,.F.);
#6101 = EDGE_CURVE('',#6051,#6094,#6102,.T.);
#6102 = LINE('',#6103,#6104);
#6103 = CARTESIAN_POINT('',(8.1,0.5468198,3.45));
#6104 = VECTOR('',#6105,1.);
#6105 = DIRECTION('',(-1.,-0.,-0.));
#6106 = ORIENTED_EDGE('',*,*,#6050,.F.);
#6107 = ORIENTED_EDGE('',*,*,#2436,.F.);
#6108 = FACE_BOUND('',#6109,.F.);
#6109 = EDGE_LOOP('',(#6110,#6120,#6128,#6136));
#6110 = ORIENTED_EDGE('',*,*,#6111,.F.);
#6111 = EDGE_CURVE('',#6112,#6114,#6116,.T.);
#6112 = VERTEX_POINT('',#6113);
#6113 = CARTESIAN_POINT('',(7.9,-0.4,3.45));
#6114 = VERTEX_POINT('',#6115);
#6115 = CARTESIAN_POINT('',(7.1,-0.4,3.45));
#6116 = LINE('',#6117,#6118);
#6117 = CARTESIAN_POINT('',(7.9,-0.4,3.45));
#6118 = VECTOR('',#6119,1.);
#6119 = DIRECTION('',(-1.,-0.,-0.));
#6120 = ORIENTED_EDGE('',*,*,#6121,.F.);
#6121 = EDGE_CURVE('',#6122,#6112,#6124,.T.);
#6122 = VERTEX_POINT('',#6123);
#6123 = CARTESIAN_POINT('',(7.9,0.4,3.45));
#6124 = LINE('',#6125,#6126);
#6125 = CARTESIAN_POINT('',(7.9,0.4,3.45));
#6126 = VECTOR('',#6127,1.);
#6127 = DIRECTION('',(0.,-1.,0.));
#6128 = ORIENTED_EDGE('',*,*,#6129,.T.);
#6129 = EDGE_CURVE('',#6122,#6130,#6132,.T.);
#6130 = VERTEX_POINT('',#6131);
#6131 = CARTESIAN_POINT('',(7.1,0.4,3.45));
#6132 = LINE('',#6133,#6134);
#6133 = CARTESIAN_POINT('',(7.9,0.4,3.45));
#6134 = VECTOR('',#6135,1.);
#6135 = DIRECTION('',(-1.,-0.,-0.));
#6136 = ORIENTED_EDGE('',*,*,#6137,.T.);
#6137 = EDGE_CURVE('',#6130,#6114,#6138,.T.);
#6138 = LINE('',#6139,#6140);
#6139 = CARTESIAN_POINT('',(7.1,0.4,3.45));
#6140 = VECTOR('',#6141,1.);
#6141 = DIRECTION('',(0.,-1.,0.));
#6142 = PLANE('',#6143);
#6143 = AXIS2_PLACEMENT_3D('',#6144,#6145,#6146);
#6144 = CARTESIAN_POINT('',(8.55,-0.98,3.45));
#6145 = DIRECTION('',(0.,0.,-1.));
#6146 = DIRECTION('',(0.,1.,0.));
#6147 = ADVANCED_FACE('',(#6148),#6177,.T.);
#6148 = FACE_BOUND('',#6149,.T.);
#6149 = EDGE_LOOP('',(#6150,#6151,#6152,#6153,#6154,#6162,#6170,#6176));
#6150 = ORIENTED_EDGE('',*,*,#4350,.T.);
#6151 = ORIENTED_EDGE('',*,*,#6028,.T.);
#6152 = ORIENTED_EDGE('',*,*,#2629,.T.);
#6153 = ORIENTED_EDGE('',*,*,#6093,.T.);
#6154 = ORIENTED_EDGE('',*,*,#6155,.T.);
#6155 = EDGE_CURVE('',#6094,#6156,#6158,.T.);
#6156 = VERTEX_POINT('',#6157);
#6157 = CARTESIAN_POINT('',(6.9,1.044,2.6151));
#6158 = LINE('',#6159,#6160);
#6159 = CARTESIAN_POINT('',(6.9,0.5468198,3.45));
#6160 = VECTOR('',#6161,1.);
#6161 = DIRECTION('',(0.,0.511647917429,-0.859195209828));
#6162 = ORIENTED_EDGE('',*,*,#6163,.T.);
#6163 = EDGE_CURVE('',#6156,#6164,#6166,.T.);
#6164 = VERTEX_POINT('',#6165);
#6165 = CARTESIAN_POINT('',(6.9,1.52,2.6151));
#6166 = LINE('',#6167,#6168);
#6167 = CARTESIAN_POINT('',(6.9,1.044,2.6151));
#6168 = VECTOR('',#6169,1.);
#6169 = DIRECTION('',(0.,1.,0.));
#6170 = ORIENTED_EDGE('',*,*,#6171,.T.);
#6171 = EDGE_CURVE('',#6164,#4628,#6172,.T.);
#6172 = LINE('',#6173,#6174);
#6173 = CARTESIAN_POINT('',(6.9,1.52,2.6151));
#6174 = VECTOR('',#6175,1.);
#6175 = DIRECTION('',(0.,0.,-1.));
#6176 = ORIENTED_EDGE('',*,*,#4627,.T.);
#6177 = PLANE('',#6178);
#6178 = AXIS2_PLACEMENT_3D('',#6179,#6180,#6181);
#6179 = CARTESIAN_POINT('',(6.9,1.834452703854,3.573485056924));
#6180 = DIRECTION('',(1.,0.,0.));
#6181 = DIRECTION('',(0.,0.,1.));
#6182 = ADVANCED_FACE('',(#6183),#6203,.F.);
#6183 = FACE_BOUND('',#6184,.F.);
#6184 = EDGE_LOOP('',(#6185,#6191,#6192,#6198,#6199,#6200,#6201,#6202));
#6185 = ORIENTED_EDGE('',*,*,#6186,.F.);
#6186 = EDGE_CURVE('',#4303,#2669,#6187,.T.);
#6187 = LINE('',#6188,#6189);
#6188 = CARTESIAN_POINT('',(10.6,2.57,5.25));
#6189 = VECTOR('',#6190,1.);
#6190 = DIRECTION('',(0.,-1.,0.));
#6191 = ORIENTED_EDGE('',*,*,#4310,.T.);
#6192 = ORIENTED_EDGE('',*,*,#6193,.T.);
#6193 = EDGE_CURVE('',#4311,#2846,#6194,.T.);
#6194 = LINE('',#6195,#6196);
#6195 = CARTESIAN_POINT('',(9.4,2.57,5.25));
#6196 = VECTOR('',#6197,1.);
#6197 = DIRECTION('',(0.,-1.,0.));
#6198 = ORIENTED_EDGE('',*,*,#2845,.F.);
#6199 = ORIENTED_EDGE('',*,*,#2827,.T.);
#6200 = ORIENTED_EDGE('',*,*,#2771,.F.);
#6201 = ORIENTED_EDGE('',*,*,#2724,.F.);
#6202 = ORIENTED_EDGE('',*,*,#2676,.F.);
#6203 = PLANE('',#6204);
#6204 = AXIS2_PLACEMENT_3D('',#6205,#6206,#6207);
#6205 = CARTESIAN_POINT('',(10.6,2.57,5.25));
#6206 = DIRECTION('',(0.,0.,1.));
#6207 = DIRECTION('',(0.,-1.,0.));
#6208 = ADVANCED_FACE('',(#6209),#6245,.F.);
#6209 = FACE_BOUND('',#6210,.F.);
#6210 = EDGE_LOOP('',(#6211,#6212,#6213,#6214,#6222,#6230,#6238,#6244));
#6211 = ORIENTED_EDGE('',*,*,#4302,.T.);
#6212 = ORIENTED_EDGE('',*,*,#6186,.T.);
#6213 = ORIENTED_EDGE('',*,*,#2668,.T.);
#6214 = ORIENTED_EDGE('',*,*,#6215,.T.);
#6215 = EDGE_CURVE('',#2661,#6216,#6218,.T.);
#6216 = VERTEX_POINT('',#6217);
#6217 = CARTESIAN_POINT('',(10.6,0.5468198,3.45));
#6218 = LINE('',#6219,#6220);
#6219 = CARTESIAN_POINT('',(10.6,1.52,3.45));
#6220 = VECTOR('',#6221,1.);
#6221 = DIRECTION('',(0.,-1.,0.));
#6222 = ORIENTED_EDGE('',*,*,#6223,.T.);
#6223 = EDGE_CURVE('',#6216,#6224,#6226,.T.);
#6224 = VERTEX_POINT('',#6225);
#6225 = CARTESIAN_POINT('',(10.6,1.044,2.6151));
#6226 = LINE('',#6227,#6228);
#6227 = CARTESIAN_POINT('',(10.6,0.5468198,3.45));
#6228 = VECTOR('',#6229,1.);
#6229 = DIRECTION('',(0.,0.511647917429,-0.859195209828));
#6230 = ORIENTED_EDGE('',*,*,#6231,.T.);
#6231 = EDGE_CURVE('',#6224,#6232,#6234,.T.);
#6232 = VERTEX_POINT('',#6233);
#6233 = CARTESIAN_POINT('',(10.6,1.52,2.6151));
#6234 = LINE('',#6235,#6236);
#6235 = CARTESIAN_POINT('',(10.6,1.044,2.6151));
#6236 = VECTOR('',#6237,1.);
#6237 = DIRECTION('',(0.,1.,0.));
#6238 = ORIENTED_EDGE('',*,*,#6239,.T.);
#6239 = EDGE_CURVE('',#6232,#4659,#6240,.T.);
#6240 = LINE('',#6241,#6242);
#6241 = CARTESIAN_POINT('',(10.6,1.52,2.6151));
#6242 = VECTOR('',#6243,1.);
#6243 = DIRECTION('',(0.,0.,-1.));
#6244 = ORIENTED_EDGE('',*,*,#4666,.T.);
#6245 = PLANE('',#6246);
#6246 = AXIS2_PLACEMENT_3D('',#6247,#6248,#6249);
#6247 = CARTESIAN_POINT('',(10.6,1.834452703854,3.573485056924));
#6248 = DIRECTION('',(1.,0.,0.));
#6249 = DIRECTION('',(0.,0.,1.));
#6250 = ADVANCED_FACE('',(#6251,#6273),#6307,.F.);
#6251 = FACE_BOUND('',#6252,.F.);
#6252 = EDGE_LOOP('',(#6253,#6254,#6255,#6256,#6257,#6265,#6271,#6272));
#6253 = ORIENTED_EDGE('',*,*,#2699,.F.);
#6254 = ORIENTED_EDGE('',*,*,#2756,.T.);
#6255 = ORIENTED_EDGE('',*,*,#2795,.T.);
#6256 = ORIENTED_EDGE('',*,*,#2861,.F.);
#6257 = ORIENTED_EDGE('',*,*,#6258,.T.);
#6258 = EDGE_CURVE('',#2854,#6259,#6261,.T.);
#6259 = VERTEX_POINT('',#6260);
#6260 = CARTESIAN_POINT('',(9.4,0.5468198,3.45));
#6261 = LINE('',#6262,#6263);
#6262 = CARTESIAN_POINT('',(9.4,1.52,3.45));
#6263 = VECTOR('',#6264,1.);
#6264 = DIRECTION('',(0.,-1.,0.));
#6265 = ORIENTED_EDGE('',*,*,#6266,.F.);
#6266 = EDGE_CURVE('',#6216,#6259,#6267,.T.);
#6267 = LINE('',#6268,#6269);
#6268 = CARTESIAN_POINT('',(10.6,0.5468198,3.45));
#6269 = VECTOR('',#6270,1.);
#6270 = DIRECTION('',(-1.,-0.,-0.));
#6271 = ORIENTED_EDGE('',*,*,#6215,.F.);
#6272 = ORIENTED_EDGE('',*,*,#2660,.F.);
#6273 = FACE_BOUND('',#6274,.F.);
#6274 = EDGE_LOOP('',(#6275,#6285,#6293,#6301));
#6275 = ORIENTED_EDGE('',*,*,#6276,.F.);
#6276 = EDGE_CURVE('',#6277,#6279,#6281,.T.);
#6277 = VERTEX_POINT('',#6278);
#6278 = CARTESIAN_POINT('',(10.4,-0.4,3.45));
#6279 = VERTEX_POINT('',#6280);
#6280 = CARTESIAN_POINT('',(9.6,-0.4,3.45));
#6281 = LINE('',#6282,#6283);
#6282 = CARTESIAN_POINT('',(10.4,-0.4,3.45));
#6283 = VECTOR('',#6284,1.);
#6284 = DIRECTION('',(-1.,-0.,-0.));
#6285 = ORIENTED_EDGE('',*,*,#6286,.F.);
#6286 = EDGE_CURVE('',#6287,#6277,#6289,.T.);
#6287 = VERTEX_POINT('',#6288);
#6288 = CARTESIAN_POINT('',(10.4,0.4,3.45));
#6289 = LINE('',#6290,#6291);
#6290 = CARTESIAN_POINT('',(10.4,0.4,3.45));
#6291 = VECTOR('',#6292,1.);
#6292 = DIRECTION('',(0.,-1.,0.));
#6293 = ORIENTED_EDGE('',*,*,#6294,.T.);
#6294 = EDGE_CURVE('',#6287,#6295,#6297,.T.);
#6295 = VERTEX_POINT('',#6296);
#6296 = CARTESIAN_POINT('',(9.6,0.4,3.45));
#6297 = LINE('',#6298,#6299);
#6298 = CARTESIAN_POINT('',(10.4,0.4,3.45));
#6299 = VECTOR('',#6300,1.);
#6300 = DIRECTION('',(-1.,-0.,-0.));
#6301 = ORIENTED_EDGE('',*,*,#6302,.T.);
#6302 = EDGE_CURVE('',#6295,#6279,#6303,.T.);
#6303 = LINE('',#6304,#6305);
#6304 = CARTESIAN_POINT('',(9.6,0.4,3.45));
#6305 = VECTOR('',#6306,1.);
#6306 = DIRECTION('',(0.,-1.,0.));
#6307 = PLANE('',#6308);
#6308 = AXIS2_PLACEMENT_3D('',#6309,#6310,#6311);
#6309 = CARTESIAN_POINT('',(11.05,-0.98,3.45));
#6310 = DIRECTION('',(0.,0.,-1.));
#6311 = DIRECTION('',(0.,1.,0.));
#6312 = ADVANCED_FACE('',(#6313),#6342,.T.);
#6313 = FACE_BOUND('',#6314,.T.);
#6314 = EDGE_LOOP('',(#6315,#6316,#6317,#6318,#6319,#6327,#6335,#6341));
#6315 = ORIENTED_EDGE('',*,*,#4318,.T.);
#6316 = ORIENTED_EDGE('',*,*,#6193,.T.);
#6317 = ORIENTED_EDGE('',*,*,#2853,.T.);
#6318 = ORIENTED_EDGE('',*,*,#6258,.T.);
#6319 = ORIENTED_EDGE('',*,*,#6320,.T.);
#6320 = EDGE_CURVE('',#6259,#6321,#6323,.T.);
#6321 = VERTEX_POINT('',#6322);
#6322 = CARTESIAN_POINT('',(9.4,1.044,2.6151));
#6323 = LINE('',#6324,#6325);
#6324 = CARTESIAN_POINT('',(9.4,0.5468198,3.45));
#6325 = VECTOR('',#6326,1.);
#6326 = DIRECTION('',(0.,0.511647917429,-0.859195209828));
#6327 = ORIENTED_EDGE('',*,*,#6328,.T.);
#6328 = EDGE_CURVE('',#6321,#6329,#6331,.T.);
#6329 = VERTEX_POINT('',#6330);
#6330 = CARTESIAN_POINT('',(9.4,1.52,2.6151));
#6331 = LINE('',#6332,#6333);
#6332 = CARTESIAN_POINT('',(9.4,1.044,2.6151));
#6333 = VECTOR('',#6334,1.);
#6334 = DIRECTION('',(0.,1.,0.));
#6335 = ORIENTED_EDGE('',*,*,#6336,.T.);
#6336 = EDGE_CURVE('',#6329,#4651,#6337,.T.);
#6337 = LINE('',#6338,#6339);
#6338 = CARTESIAN_POINT('',(9.4,1.52,2.6151));
#6339 = VECTOR('',#6340,1.);
#6340 = DIRECTION('',(0.,0.,-1.));
#6341 = ORIENTED_EDGE('',*,*,#4650,.T.);
#6342 = PLANE('',#6343);
#6343 = AXIS2_PLACEMENT_3D('',#6344,#6345,#6346);
#6344 = CARTESIAN_POINT('',(9.4,1.834452703854,3.573485056924));
#6345 = DIRECTION('',(1.,0.,0.));
#6346 = DIRECTION('',(0.,0.,1.));
#6347 = ADVANCED_FACE('',(#6348),#6368,.F.);
#6348 = FACE_BOUND('',#6349,.F.);
#6349 = EDGE_LOOP('',(#6350,#6356,#6357,#6363,#6364,#6365,#6366,#6367));
#6350 = ORIENTED_EDGE('',*,*,#6351,.F.);
#6351 = EDGE_CURVE('',#4271,#2893,#6352,.T.);
#6352 = LINE('',#6353,#6354);
#6353 = CARTESIAN_POINT('',(13.1,2.57,5.25));
#6354 = VECTOR('',#6355,1.);
#6355 = DIRECTION('',(0.,-1.,0.));
#6356 = ORIENTED_EDGE('',*,*,#4278,.T.);
#6357 = ORIENTED_EDGE('',*,*,#6358,.T.);
#6358 = EDGE_CURVE('',#4279,#3070,#6359,.T.);
#6359 = LINE('',#6360,#6361);
#6360 = CARTESIAN_POINT('',(11.9,2.57,5.25));
#6361 = VECTOR('',#6362,1.);
#6362 = DIRECTION('',(0.,-1.,0.));
#6363 = ORIENTED_EDGE('',*,*,#3069,.F.);
#6364 = ORIENTED_EDGE('',*,*,#3051,.T.);
#6365 = ORIENTED_EDGE('',*,*,#2995,.F.);
#6366 = ORIENTED_EDGE('',*,*,#2948,.F.);
#6367 = ORIENTED_EDGE('',*,*,#2900,.F.);
#6368 = PLANE('',#6369);
#6369 = AXIS2_PLACEMENT_3D('',#6370,#6371,#6372);
#6370 = CARTESIAN_POINT('',(13.1,2.57,5.25));
#6371 = DIRECTION('',(0.,0.,1.));
#6372 = DIRECTION('',(0.,-1.,0.));
#6373 = ADVANCED_FACE('',(#6374),#6410,.F.);
#6374 = FACE_BOUND('',#6375,.F.);
#6375 = EDGE_LOOP('',(#6376,#6377,#6378,#6379,#6387,#6395,#6403,#6409));
#6376 = ORIENTED_EDGE('',*,*,#4270,.T.);
#6377 = ORIENTED_EDGE('',*,*,#6351,.T.);
#6378 = ORIENTED_EDGE('',*,*,#2892,.T.);
#6379 = ORIENTED_EDGE('',*,*,#6380,.T.);
#6380 = EDGE_CURVE('',#2885,#6381,#6383,.T.);
#6381 = VERTEX_POINT('',#6382);
#6382 = CARTESIAN_POINT('',(13.1,0.5468198,3.45));
#6383 = LINE('',#6384,#6385);
#6384 = CARTESIAN_POINT('',(13.1,1.52,3.45));
#6385 = VECTOR('',#6386,1.);
#6386 = DIRECTION('',(0.,-1.,0.));
#6387 = ORIENTED_EDGE('',*,*,#6388,.T.);
#6388 = EDGE_CURVE('',#6381,#6389,#6391,.T.);
#6389 = VERTEX_POINT('',#6390);
#6390 = CARTESIAN_POINT('',(13.1,1.044,2.6151));
#6391 = LINE('',#6392,#6393);
#6392 = CARTESIAN_POINT('',(13.1,0.5468198,3.45));
#6393 = VECTOR('',#6394,1.);
#6394 = DIRECTION('',(0.,0.511647917429,-0.859195209828));
#6395 = ORIENTED_EDGE('',*,*,#6396,.T.);
#6396 = EDGE_CURVE('',#6389,#6397,#6399,.T.);
#6397 = VERTEX_POINT('',#6398);
#6398 = CARTESIAN_POINT('',(13.1,1.52,2.6151));
#6399 = LINE('',#6400,#6401);
#6400 = CARTESIAN_POINT('',(13.1,1.044,2.6151));
#6401 = VECTOR('',#6402,1.);
#6402 = DIRECTION('',(0.,1.,0.));
#6403 = ORIENTED_EDGE('',*,*,#6404,.T.);
#6404 = EDGE_CURVE('',#6397,#4682,#6405,.T.);
#6405 = LINE('',#6406,#6407);
#6406 = CARTESIAN_POINT('',(13.1,1.52,2.6151));
#6407 = VECTOR('',#6408,1.);
#6408 = DIRECTION('',(0.,0.,-1.));
#6409 = ORIENTED_EDGE('',*,*,#4689,.T.);
#6410 = PLANE('',#6411);
#6411 = AXIS2_PLACEMENT_3D('',#6412,#6413,#6414);
#6412 = CARTESIAN_POINT('',(13.1,1.834452703854,3.573485056924));
#6413 = DIRECTION('',(1.,0.,0.));
#6414 = DIRECTION('',(0.,0.,1.));
#6415 = ADVANCED_FACE('',(#6416,#6438),#6472,.F.);
#6416 = FACE_BOUND('',#6417,.F.);
#6417 = EDGE_LOOP('',(#6418,#6419,#6420,#6421,#6422,#6430,#6436,#6437));
#6418 = ORIENTED_EDGE('',*,*,#2923,.F.);
#6419 = ORIENTED_EDGE('',*,*,#2980,.T.);
#6420 = ORIENTED_EDGE('',*,*,#3019,.T.);
#6421 = ORIENTED_EDGE('',*,*,#3085,.F.);
#6422 = ORIENTED_EDGE('',*,*,#6423,.T.);
#6423 = EDGE_CURVE('',#3078,#6424,#6426,.T.);
#6424 = VERTEX_POINT('',#6425);
#6425 = CARTESIAN_POINT('',(11.9,0.5468198,3.45));
#6426 = LINE('',#6427,#6428);
#6427 = CARTESIAN_POINT('',(11.9,1.52,3.45));
#6428 = VECTOR('',#6429,1.);
#6429 = DIRECTION('',(0.,-1.,0.));
#6430 = ORIENTED_EDGE('',*,*,#6431,.F.);
#6431 = EDGE_CURVE('',#6381,#6424,#6432,.T.);
#6432 = LINE('',#6433,#6434);
#6433 = CARTESIAN_POINT('',(13.1,0.5468198,3.45));
#6434 = VECTOR('',#6435,1.);
#6435 = DIRECTION('',(-1.,-0.,-0.));
#6436 = ORIENTED_EDGE('',*,*,#6380,.F.);
#6437 = ORIENTED_EDGE('',*,*,#2884,.F.);
#6438 = FACE_BOUND('',#6439,.F.);
#6439 = EDGE_LOOP('',(#6440,#6450,#6458,#6466));
#6440 = ORIENTED_EDGE('',*,*,#6441,.F.);
#6441 = EDGE_CURVE('',#6442,#6444,#6446,.T.);
#6442 = VERTEX_POINT('',#6443);
#6443 = CARTESIAN_POINT('',(12.9,-0.4,3.45));
#6444 = VERTEX_POINT('',#6445);
#6445 = CARTESIAN_POINT('',(12.1,-0.4,3.45));
#6446 = LINE('',#6447,#6448);
#6447 = CARTESIAN_POINT('',(12.9,-0.4,3.45));
#6448 = VECTOR('',#6449,1.);
#6449 = DIRECTION('',(-1.,-0.,-0.));
#6450 = ORIENTED_EDGE('',*,*,#6451,.F.);
#6451 = EDGE_CURVE('',#6452,#6442,#6454,.T.);
#6452 = VERTEX_POINT('',#6453);
#6453 = CARTESIAN_POINT('',(12.9,0.4,3.45));
#6454 = LINE('',#6455,#6456);
#6455 = CARTESIAN_POINT('',(12.9,0.4,3.45));
#6456 = VECTOR('',#6457,1.);
#6457 = DIRECTION('',(0.,-1.,0.));
#6458 = ORIENTED_EDGE('',*,*,#6459,.T.);
#6459 = EDGE_CURVE('',#6452,#6460,#6462,.T.);
#6460 = VERTEX_POINT('',#6461);
#6461 = CARTESIAN_POINT('',(12.1,0.4,3.45));
#6462 = LINE('',#6463,#6464);
#6463 = CARTESIAN_POINT('',(12.9,0.4,3.45));
#6464 = VECTOR('',#6465,1.);
#6465 = DIRECTION('',(-1.,-0.,-0.));
#6466 = ORIENTED_EDGE('',*,*,#6467,.T.);
#6467 = EDGE_CURVE('',#6460,#6444,#6468,.T.);
#6468 = LINE('',#6469,#6470);
#6469 = CARTESIAN_POINT('',(12.1,0.4,3.45));
#6470 = VECTOR('',#6471,1.);
#6471 = DIRECTION('',(0.,-1.,0.));
#6472 = PLANE('',#6473);
#6473 = AXIS2_PLACEMENT_3D('',#6474,#6475,#6476);
#6474 = CARTESIAN_POINT('',(13.55,-0.98,3.45));
#6475 = DIRECTION('',(0.,0.,-1.));
#6476 = DIRECTION('',(0.,1.,0.));
#6477 = ADVANCED_FACE('',(#6478),#6507,.T.);
#6478 = FACE_BOUND('',#6479,.T.);
#6479 = EDGE_LOOP('',(#6480,#6481,#6482,#6483,#6484,#6492,#6500,#6506));
#6480 = ORIENTED_EDGE('',*,*,#4286,.T.);
#6481 = ORIENTED_EDGE('',*,*,#6358,.T.);
#6482 = ORIENTED_EDGE('',*,*,#3077,.T.);
#6483 = ORIENTED_EDGE('',*,*,#6423,.T.);
#6484 = ORIENTED_EDGE('',*,*,#6485,.T.);
#6485 = EDGE_CURVE('',#6424,#6486,#6488,.T.);
#6486 = VERTEX_POINT('',#6487);
#6487 = CARTESIAN_POINT('',(11.9,1.044,2.6151));
#6488 = LINE('',#6489,#6490);
#6489 = CARTESIAN_POINT('',(11.9,0.5468198,3.45));
#6490 = VECTOR('',#6491,1.);
#6491 = DIRECTION('',(0.,0.511647917429,-0.859195209828));
#6492 = ORIENTED_EDGE('',*,*,#6493,.T.);
#6493 = EDGE_CURVE('',#6486,#6494,#6496,.T.);
#6494 = VERTEX_POINT('',#6495);
#6495 = CARTESIAN_POINT('',(11.9,1.52,2.6151));
#6496 = LINE('',#6497,#6498);
#6497 = CARTESIAN_POINT('',(11.9,1.044,2.6151));
#6498 = VECTOR('',#6499,1.);
#6499 = DIRECTION('',(0.,1.,0.));
#6500 = ORIENTED_EDGE('',*,*,#6501,.T.);
#6501 = EDGE_CURVE('',#6494,#4674,#6502,.T.);
#6502 = LINE('',#6503,#6504);
#6503 = CARTESIAN_POINT('',(11.9,1.52,2.6151));
#6504 = VECTOR('',#6505,1.);
#6505 = DIRECTION('',(0.,0.,-1.));
#6506 = ORIENTED_EDGE('',*,*,#4673,.T.);
#6507 = PLANE('',#6508);
#6508 = AXIS2_PLACEMENT_3D('',#6509,#6510,#6511);
#6509 = CARTESIAN_POINT('',(11.9,1.834452703854,3.573485056924));
#6510 = DIRECTION('',(1.,0.,0.));
#6511 = DIRECTION('',(0.,0.,1.));
#6512 = ADVANCED_FACE('',(#6513),#6533,.F.);
#6513 = FACE_BOUND('',#6514,.F.);
#6514 = EDGE_LOOP('',(#6515,#6521,#6522,#6528,#6529,#6530,#6531,#6532));
#6515 = ORIENTED_EDGE('',*,*,#6516,.F.);
#6516 = EDGE_CURVE('',#4239,#3117,#6517,.T.);
#6517 = LINE('',#6518,#6519);
#6518 = CARTESIAN_POINT('',(15.6,2.57,5.25));
#6519 = VECTOR('',#6520,1.);
#6520 = DIRECTION('',(0.,-1.,0.));
#6521 = ORIENTED_EDGE('',*,*,#4246,.T.);
#6522 = ORIENTED_EDGE('',*,*,#6523,.T.);
#6523 = EDGE_CURVE('',#4247,#3294,#6524,.T.);
#6524 = LINE('',#6525,#6526);
#6525 = CARTESIAN_POINT('',(14.4,2.57,5.25));
#6526 = VECTOR('',#6527,1.);
#6527 = DIRECTION('',(0.,-1.,0.));
#6528 = ORIENTED_EDGE('',*,*,#3293,.F.);
#6529 = ORIENTED_EDGE('',*,*,#3275,.T.);
#6530 = ORIENTED_EDGE('',*,*,#3219,.F.);
#6531 = ORIENTED_EDGE('',*,*,#3172,.F.);
#6532 = ORIENTED_EDGE('',*,*,#3124,.F.);
#6533 = PLANE('',#6534);
#6534 = AXIS2_PLACEMENT_3D('',#6535,#6536,#6537);
#6535 = CARTESIAN_POINT('',(15.6,2.57,5.25));
#6536 = DIRECTION('',(0.,0.,1.));
#6537 = DIRECTION('',(0.,-1.,0.));
#6538 = ADVANCED_FACE('',(#6539),#6575,.F.);
#6539 = FACE_BOUND('',#6540,.F.);
#6540 = EDGE_LOOP('',(#6541,#6542,#6543,#6544,#6552,#6560,#6568,#6574));
#6541 = ORIENTED_EDGE('',*,*,#4238,.T.);
#6542 = ORIENTED_EDGE('',*,*,#6516,.T.);
#6543 = ORIENTED_EDGE('',*,*,#3116,.T.);
#6544 = ORIENTED_EDGE('',*,*,#6545,.T.);
#6545 = EDGE_CURVE('',#3109,#6546,#6548,.T.);
#6546 = VERTEX_POINT('',#6547);
#6547 = CARTESIAN_POINT('',(15.6,0.5468198,3.45));
#6548 = LINE('',#6549,#6550);
#6549 = CARTESIAN_POINT('',(15.6,1.52,3.45));
#6550 = VECTOR('',#6551,1.);
#6551 = DIRECTION('',(0.,-1.,0.));
#6552 = ORIENTED_EDGE('',*,*,#6553,.T.);
#6553 = EDGE_CURVE('',#6546,#6554,#6556,.T.);
#6554 = VERTEX_POINT('',#6555);
#6555 = CARTESIAN_POINT('',(15.6,1.044,2.6151));
#6556 = LINE('',#6557,#6558);
#6557 = CARTESIAN_POINT('',(15.6,0.5468198,3.45));
#6558 = VECTOR('',#6559,1.);
#6559 = DIRECTION('',(0.,0.511647917429,-0.859195209828));
#6560 = ORIENTED_EDGE('',*,*,#6561,.T.);
#6561 = EDGE_CURVE('',#6554,#6562,#6564,.T.);
#6562 = VERTEX_POINT('',#6563);
#6563 = CARTESIAN_POINT('',(15.6,1.52,2.6151));
#6564 = LINE('',#6565,#6566);
#6565 = CARTESIAN_POINT('',(15.6,1.044,2.6151));
#6566 = VECTOR('',#6567,1.);
#6567 = DIRECTION('',(0.,1.,0.));
#6568 = ORIENTED_EDGE('',*,*,#6569,.T.);
#6569 = EDGE_CURVE('',#6562,#4705,#6570,.T.);
#6570 = LINE('',#6571,#6572);
#6571 = CARTESIAN_POINT('',(15.6,1.52,2.6151));
#6572 = VECTOR('',#6573,1.);
#6573 = DIRECTION('',(0.,0.,-1.));
#6574 = ORIENTED_EDGE('',*,*,#4712,.T.);
#6575 = PLANE('',#6576);
#6576 = AXIS2_PLACEMENT_3D('',#6577,#6578,#6579);
#6577 = CARTESIAN_POINT('',(15.6,1.834452703854,3.573485056924));
#6578 = DIRECTION('',(1.,0.,0.));
#6579 = DIRECTION('',(0.,0.,1.));
#6580 = ADVANCED_FACE('',(#6581,#6603),#6637,.F.);
#6581 = FACE_BOUND('',#6582,.F.);
#6582 = EDGE_LOOP('',(#6583,#6584,#6585,#6586,#6587,#6595,#6601,#6602));
#6583 = ORIENTED_EDGE('',*,*,#3147,.F.);
#6584 = ORIENTED_EDGE('',*,*,#3204,.T.);
#6585 = ORIENTED_EDGE('',*,*,#3243,.T.);
#6586 = ORIENTED_EDGE('',*,*,#3309,.F.);
#6587 = ORIENTED_EDGE('',*,*,#6588,.T.);
#6588 = EDGE_CURVE('',#3302,#6589,#6591,.T.);
#6589 = VERTEX_POINT('',#6590);
#6590 = CARTESIAN_POINT('',(14.4,0.5468198,3.45));
#6591 = LINE('',#6592,#6593);
#6592 = CARTESIAN_POINT('',(14.4,1.52,3.45));
#6593 = VECTOR('',#6594,1.);
#6594 = DIRECTION('',(0.,-1.,0.));
#6595 = ORIENTED_EDGE('',*,*,#6596,.F.);
#6596 = EDGE_CURVE('',#6546,#6589,#6597,.T.);
#6597 = LINE('',#6598,#6599);
#6598 = CARTESIAN_POINT('',(15.6,0.5468198,3.45));
#6599 = VECTOR('',#6600,1.);
#6600 = DIRECTION('',(-1.,-0.,-0.));
#6601 = ORIENTED_EDGE('',*,*,#6545,.F.);
#6602 = ORIENTED_EDGE('',*,*,#3108,.F.);
#6603 = FACE_BOUND('',#6604,.F.);
#6604 = EDGE_LOOP('',(#6605,#6615,#6623,#6631));
#6605 = ORIENTED_EDGE('',*,*,#6606,.F.);
#6606 = EDGE_CURVE('',#6607,#6609,#6611,.T.);
#6607 = VERTEX_POINT('',#6608);
#6608 = CARTESIAN_POINT('',(15.4,-0.4,3.45));
#6609 = VERTEX_POINT('',#6610);
#6610 = CARTESIAN_POINT('',(14.6,-0.4,3.45));
#6611 = LINE('',#6612,#6613);
#6612 = CARTESIAN_POINT('',(15.4,-0.4,3.45));
#6613 = VECTOR('',#6614,1.);
#6614 = DIRECTION('',(-1.,-0.,-0.));
#6615 = ORIENTED_EDGE('',*,*,#6616,.F.);
#6616 = EDGE_CURVE('',#6617,#6607,#6619,.T.);
#6617 = VERTEX_POINT('',#6618);
#6618 = CARTESIAN_POINT('',(15.4,0.4,3.45));
#6619 = LINE('',#6620,#6621);
#6620 = CARTESIAN_POINT('',(15.4,0.4,3.45));
#6621 = VECTOR('',#6622,1.);
#6622 = DIRECTION('',(0.,-1.,0.));
#6623 = ORIENTED_EDGE('',*,*,#6624,.T.);
#6624 = EDGE_CURVE('',#6617,#6625,#6627,.T.);
#6625 = VERTEX_POINT('',#6626);
#6626 = CARTESIAN_POINT('',(14.6,0.4,3.45));
#6627 = LINE('',#6628,#6629);
#6628 = CARTESIAN_POINT('',(15.4,0.4,3.45));
#6629 = VECTOR('',#6630,1.);
#6630 = DIRECTION('',(-1.,-0.,-0.));
#6631 = ORIENTED_EDGE('',*,*,#6632,.T.);
#6632 = EDGE_CURVE('',#6625,#6609,#6633,.T.);
#6633 = LINE('',#6634,#6635);
#6634 = CARTESIAN_POINT('',(14.6,0.4,3.45));
#6635 = VECTOR('',#6636,1.);
#6636 = DIRECTION('',(0.,-1.,0.));
#6637 = PLANE('',#6638);
#6638 = AXIS2_PLACEMENT_3D('',#6639,#6640,#6641);
#6639 = CARTESIAN_POINT('',(16.05,-0.98,3.45));
#6640 = DIRECTION('',(0.,0.,-1.));
#6641 = DIRECTION('',(0.,1.,0.));
#6642 = ADVANCED_FACE('',(#6643),#6672,.T.);
#6643 = FACE_BOUND('',#6644,.T.);
#6644 = EDGE_LOOP('',(#6645,#6646,#6647,#6648,#6649,#6657,#6665,#6671));
#6645 = ORIENTED_EDGE('',*,*,#4254,.T.);
#6646 = ORIENTED_EDGE('',*,*,#6523,.T.);
#6647 = ORIENTED_EDGE('',*,*,#3301,.T.);
#6648 = ORIENTED_EDGE('',*,*,#6588,.T.);
#6649 = ORIENTED_EDGE('',*,*,#6650,.T.);
#6650 = EDGE_CURVE('',#6589,#6651,#6653,.T.);
#6651 = VERTEX_POINT('',#6652);
#6652 = CARTESIAN_POINT('',(14.4,1.044,2.6151));
#6653 = LINE('',#6654,#6655);
#6654 = CARTESIAN_POINT('',(14.4,0.5468198,3.45));
#6655 = VECTOR('',#6656,1.);
#6656 = DIRECTION('',(0.,0.511647917429,-0.859195209828));
#6657 = ORIENTED_EDGE('',*,*,#6658,.T.);
#6658 = EDGE_CURVE('',#6651,#6659,#6661,.T.);
#6659 = VERTEX_POINT('',#6660);
#6660 = CARTESIAN_POINT('',(14.4,1.52,2.6151));
#6661 = LINE('',#6662,#6663);
#6662 = CARTESIAN_POINT('',(14.4,1.044,2.6151));
#6663 = VECTOR('',#6664,1.);
#6664 = DIRECTION('',(0.,1.,0.));
#6665 = ORIENTED_EDGE('',*,*,#6666,.T.);
#6666 = EDGE_CURVE('',#6659,#4697,#6667,.T.);
#6667 = LINE('',#6668,#6669);
#6668 = CARTESIAN_POINT('',(14.4,1.52,2.6151));
#6669 = VECTOR('',#6670,1.);
#6670 = DIRECTION('',(0.,0.,-1.));
#6671 = ORIENTED_EDGE('',*,*,#4696,.T.);
#6672 = PLANE('',#6673);
#6673 = AXIS2_PLACEMENT_3D('',#6674,#6675,#6676);
#6674 = CARTESIAN_POINT('',(14.4,1.834452703854,3.573485056924));
#6675 = DIRECTION('',(1.,0.,0.));
#6676 = DIRECTION('',(0.,0.,1.));
#6677 = ADVANCED_FACE('',(#6678),#6698,.F.);
#6678 = FACE_BOUND('',#6679,.F.);
#6679 = EDGE_LOOP('',(#6680,#6686,#6687,#6693,#6694,#6695,#6696,#6697));
#6680 = ORIENTED_EDGE('',*,*,#6681,.F.);
#6681 = EDGE_CURVE('',#4207,#3341,#6682,.T.);
#6682 = LINE('',#6683,#6684);
#6683 = CARTESIAN_POINT('',(18.1,2.57,5.25));
#6684 = VECTOR('',#6685,1.);
#6685 = DIRECTION('',(0.,-1.,0.));
#6686 = ORIENTED_EDGE('',*,*,#4214,.T.);
#6687 = ORIENTED_EDGE('',*,*,#6688,.T.);
#6688 = EDGE_CURVE('',#4215,#3518,#6689,.T.);
#6689 = LINE('',#6690,#6691);
#6690 = CARTESIAN_POINT('',(16.9,2.57,5.25));
#6691 = VECTOR('',#6692,1.);
#6692 = DIRECTION('',(0.,-1.,0.));
#6693 = ORIENTED_EDGE('',*,*,#3517,.F.);
#6694 = ORIENTED_EDGE('',*,*,#3499,.T.);
#6695 = ORIENTED_EDGE('',*,*,#3443,.F.);
#6696 = ORIENTED_EDGE('',*,*,#3396,.F.);
#6697 = ORIENTED_EDGE('',*,*,#3348,.F.);
#6698 = PLANE('',#6699);
#6699 = AXIS2_PLACEMENT_3D('',#6700,#6701,#6702);
#6700 = CARTESIAN_POINT('',(18.1,2.57,5.25));
#6701 = DIRECTION('',(0.,0.,1.));
#6702 = DIRECTION('',(0.,-1.,0.));
#6703 = ADVANCED_FACE('',(#6704),#6740,.F.);
#6704 = FACE_BOUND('',#6705,.F.);
#6705 = EDGE_LOOP('',(#6706,#6707,#6708,#6709,#6717,#6725,#6733,#6739));
#6706 = ORIENTED_EDGE('',*,*,#4206,.T.);
#6707 = ORIENTED_EDGE('',*,*,#6681,.T.);
#6708 = ORIENTED_EDGE('',*,*,#3340,.T.);
#6709 = ORIENTED_EDGE('',*,*,#6710,.T.);
#6710 = EDGE_CURVE('',#3333,#6711,#6713,.T.);
#6711 = VERTEX_POINT('',#6712);
#6712 = CARTESIAN_POINT('',(18.1,0.5468198,3.45));
#6713 = LINE('',#6714,#6715);
#6714 = CARTESIAN_POINT('',(18.1,1.52,3.45));
#6715 = VECTOR('',#6716,1.);
#6716 = DIRECTION('',(0.,-1.,0.));
#6717 = ORIENTED_EDGE('',*,*,#6718,.T.);
#6718 = EDGE_CURVE('',#6711,#6719,#6721,.T.);
#6719 = VERTEX_POINT('',#6720);
#6720 = CARTESIAN_POINT('',(18.1,1.044,2.6151));
#6721 = LINE('',#6722,#6723);
#6722 = CARTESIAN_POINT('',(18.1,0.5468198,3.45));
#6723 = VECTOR('',#6724,1.);
#6724 = DIRECTION('',(0.,0.511647917429,-0.859195209828));
#6725 = ORIENTED_EDGE('',*,*,#6726,.T.);
#6726 = EDGE_CURVE('',#6719,#6727,#6729,.T.);
#6727 = VERTEX_POINT('',#6728);
#6728 = CARTESIAN_POINT('',(18.1,1.52,2.6151));
#6729 = LINE('',#6730,#6731);
#6730 = CARTESIAN_POINT('',(18.1,1.044,2.6151));
#6731 = VECTOR('',#6732,1.);
#6732 = DIRECTION('',(0.,1.,0.));
#6733 = ORIENTED_EDGE('',*,*,#6734,.T.);
#6734 = EDGE_CURVE('',#6727,#4728,#6735,.T.);
#6735 = LINE('',#6736,#6737);
#6736 = CARTESIAN_POINT('',(18.1,1.52,2.6151));
#6737 = VECTOR('',#6738,1.);
#6738 = DIRECTION('',(0.,0.,-1.));
#6739 = ORIENTED_EDGE('',*,*,#4735,.T.);
#6740 = PLANE('',#6741);
#6741 = AXIS2_PLACEMENT_3D('',#6742,#6743,#6744);
#6742 = CARTESIAN_POINT('',(18.1,1.834452703854,3.573485056924));
#6743 = DIRECTION('',(1.,0.,0.));
#6744 = DIRECTION('',(0.,0.,1.));
#6745 = ADVANCED_FACE('',(#6746,#6768),#6802,.F.);
#6746 = FACE_BOUND('',#6747,.F.);
#6747 = EDGE_LOOP('',(#6748,#6749,#6750,#6751,#6752,#6760,#6766,#6767));
#6748 = ORIENTED_EDGE('',*,*,#3371,.F.);
#6749 = ORIENTED_EDGE('',*,*,#3428,.T.);
#6750 = ORIENTED_EDGE('',*,*,#3467,.T.);
#6751 = ORIENTED_EDGE('',*,*,#3533,.F.);
#6752 = ORIENTED_EDGE('',*,*,#6753,.T.);
#6753 = EDGE_CURVE('',#3526,#6754,#6756,.T.);
#6754 = VERTEX_POINT('',#6755);
#6755 = CARTESIAN_POINT('',(16.9,0.5468198,3.45));
#6756 = LINE('',#6757,#6758);
#6757 = CARTESIAN_POINT('',(16.9,1.52,3.45));
#6758 = VECTOR('',#6759,1.);
#6759 = DIRECTION('',(0.,-1.,0.));
#6760 = ORIENTED_EDGE('',*,*,#6761,.F.);
#6761 = EDGE_CURVE('',#6711,#6754,#6762,.T.);
#6762 = LINE('',#6763,#6764);
#6763 = CARTESIAN_POINT('',(18.1,0.5468198,3.45));
#6764 = VECTOR('',#6765,1.);
#6765 = DIRECTION('',(-1.,-0.,-0.));
#6766 = ORIENTED_EDGE('',*,*,#6710,.F.);
#6767 = ORIENTED_EDGE('',*,*,#3332,.F.);
#6768 = FACE_BOUND('',#6769,.F.);
#6769 = EDGE_LOOP('',(#6770,#6780,#6788,#6796));
#6770 = ORIENTED_EDGE('',*,*,#6771,.F.);
#6771 = EDGE_CURVE('',#6772,#6774,#6776,.T.);
#6772 = VERTEX_POINT('',#6773);
#6773 = CARTESIAN_POINT('',(17.9,-0.4,3.45));
#6774 = VERTEX_POINT('',#6775);
#6775 = CARTESIAN_POINT('',(17.1,-0.4,3.45));
#6776 = LINE('',#6777,#6778);
#6777 = CARTESIAN_POINT('',(17.9,-0.4,3.45));
#6778 = VECTOR('',#6779,1.);
#6779 = DIRECTION('',(-1.,-0.,-0.));
#6780 = ORIENTED_EDGE('',*,*,#6781,.F.);
#6781 = EDGE_CURVE('',#6782,#6772,#6784,.T.);
#6782 = VERTEX_POINT('',#6783);
#6783 = CARTESIAN_POINT('',(17.9,0.4,3.45));
#6784 = LINE('',#6785,#6786);
#6785 = CARTESIAN_POINT('',(17.9,0.4,3.45));
#6786 = VECTOR('',#6787,1.);
#6787 = DIRECTION('',(0.,-1.,0.));
#6788 = ORIENTED_EDGE('',*,*,#6789,.T.);
#6789 = EDGE_CURVE('',#6782,#6790,#6792,.T.);
#6790 = VERTEX_POINT('',#6791);
#6791 = CARTESIAN_POINT('',(17.1,0.4,3.45));
#6792 = LINE('',#6793,#6794);
#6793 = CARTESIAN_POINT('',(17.9,0.4,3.45));
#6794 = VECTOR('',#6795,1.);
#6795 = DIRECTION('',(-1.,-0.,-0.));
#6796 = ORIENTED_EDGE('',*,*,#6797,.T.);
#6797 = EDGE_CURVE('',#6790,#6774,#6798,.T.);
#6798 = LINE('',#6799,#6800);
#6799 = CARTESIAN_POINT('',(17.1,0.4,3.45));
#6800 = VECTOR('',#6801,1.);
#6801 = DIRECTION('',(0.,-1.,0.));
#6802 = PLANE('',#6803);
#6803 = AXIS2_PLACEMENT_3D('',#6804,#6805,#6806);
#6804 = CARTESIAN_POINT('',(18.55,-0.98,3.45));
#6805 = DIRECTION('',(0.,0.,-1.));
#6806 = DIRECTION('',(0.,1.,0.));
#6807 = ADVANCED_FACE('',(#6808),#6837,.T.);
#6808 = FACE_BOUND('',#6809,.T.);
#6809 = EDGE_LOOP('',(#6810,#6811,#6812,#6813,#6814,#6822,#6830,#6836));
#6810 = ORIENTED_EDGE('',*,*,#4222,.T.);
#6811 = ORIENTED_EDGE('',*,*,#6688,.T.);
#6812 = ORIENTED_EDGE('',*,*,#3525,.T.);
#6813 = ORIENTED_EDGE('',*,*,#6753,.T.);
#6814 = ORIENTED_EDGE('',*,*,#6815,.T.);
#6815 = EDGE_CURVE('',#6754,#6816,#6818,.T.);
#6816 = VERTEX_POINT('',#6817);
#6817 = CARTESIAN_POINT('',(16.9,1.044,2.6151));
#6818 = LINE('',#6819,#6820);
#6819 = CARTESIAN_POINT('',(16.9,0.5468198,3.45));
#6820 = VECTOR('',#6821,1.);
#6821 = DIRECTION('',(0.,0.511647917429,-0.859195209828));
#6822 = ORIENTED_EDGE('',*,*,#6823,.T.);
#6823 = EDGE_CURVE('',#6816,#6824,#6826,.T.);
#6824 = VERTEX_POINT('',#6825);
#6825 = CARTESIAN_POINT('',(16.9,1.52,2.6151));
#6826 = LINE('',#6827,#6828);
#6827 = CARTESIAN_POINT('',(16.9,1.044,2.6151));
#6828 = VECTOR('',#6829,1.);
#6829 = DIRECTION('',(0.,1.,0.));
#6830 = ORIENTED_EDGE('',*,*,#6831,.T.);
#6831 = EDGE_CURVE('',#6824,#4720,#6832,.T.);
#6832 = LINE('',#6833,#6834);
#6833 = CARTESIAN_POINT('',(16.9,1.52,2.6151));
#6834 = VECTOR('',#6835,1.);
#6835 = DIRECTION('',(0.,0.,-1.));
#6836 = ORIENTED_EDGE('',*,*,#4719,.T.);
#6837 = PLANE('',#6838);
#6838 = AXIS2_PLACEMENT_3D('',#6839,#6840,#6841);
#6839 = CARTESIAN_POINT('',(16.9,1.834452703854,3.573485056924));
#6840 = DIRECTION('',(1.,0.,0.));
#6841 = DIRECTION('',(0.,0.,1.));
#6842 = ADVANCED_FACE('',(#6843),#6863,.F.);
#6843 = FACE_BOUND('',#6844,.F.);
#6844 = EDGE_LOOP('',(#6845,#6851,#6852,#6858,#6859,#6860,#6861,#6862));
#6845 = ORIENTED_EDGE('',*,*,#6846,.F.);
#6846 = EDGE_CURVE('',#4175,#3565,#6847,.T.);
#6847 = LINE('',#6848,#6849);
#6848 = CARTESIAN_POINT('',(20.6,2.57,5.25));
#6849 = VECTOR('',#6850,1.);
#6850 = DIRECTION('',(0.,-1.,0.));
#6851 = ORIENTED_EDGE('',*,*,#4182,.T.);
#6852 = ORIENTED_EDGE('',*,*,#6853,.T.);
#6853 = EDGE_CURVE('',#4183,#3742,#6854,.T.);
#6854 = LINE('',#6855,#6856);
#6855 = CARTESIAN_POINT('',(19.4,2.57,5.25));
#6856 = VECTOR('',#6857,1.);
#6857 = DIRECTION('',(0.,-1.,0.));
#6858 = ORIENTED_EDGE('',*,*,#3741,.F.);
#6859 = ORIENTED_EDGE('',*,*,#3723,.T.);
#6860 = ORIENTED_EDGE('',*,*,#3667,.F.);
#6861 = ORIENTED_EDGE('',*,*,#3620,.F.);
#6862 = ORIENTED_EDGE('',*,*,#3572,.F.);
#6863 = PLANE('',#6864);
#6864 = AXIS2_PLACEMENT_3D('',#6865,#6866,#6867);
#6865 = CARTESIAN_POINT('',(20.6,2.57,5.25));
#6866 = DIRECTION('',(0.,0.,1.));
#6867 = DIRECTION('',(0.,-1.,0.));
#6868 = ADVANCED_FACE('',(#6869),#6905,.F.);
#6869 = FACE_BOUND('',#6870,.F.);
#6870 = EDGE_LOOP('',(#6871,#6872,#6873,#6874,#6882,#6890,#6898,#6904));
#6871 = ORIENTED_EDGE('',*,*,#4174,.T.);
#6872 = ORIENTED_EDGE('',*,*,#6846,.T.);
#6873 = ORIENTED_EDGE('',*,*,#3564,.T.);
#6874 = ORIENTED_EDGE('',*,*,#6875,.T.);
#6875 = EDGE_CURVE('',#3557,#6876,#6878,.T.);
#6876 = VERTEX_POINT('',#6877);
#6877 = CARTESIAN_POINT('',(20.6,0.5468198,3.45));
#6878 = LINE('',#6879,#6880);
#6879 = CARTESIAN_POINT('',(20.6,1.52,3.45));
#6880 = VECTOR('',#6881,1.);
#6881 = DIRECTION('',(0.,-1.,0.));
#6882 = ORIENTED_EDGE('',*,*,#6883,.T.);
#6883 = EDGE_CURVE('',#6876,#6884,#6886,.T.);
#6884 = VERTEX_POINT('',#6885);
#6885 = CARTESIAN_POINT('',(20.6,1.044,2.6151));
#6886 = LINE('',#6887,#6888);
#6887 = CARTESIAN_POINT('',(20.6,0.5468198,3.45));
#6888 = VECTOR('',#6889,1.);
#6889 = DIRECTION('',(0.,0.511647917429,-0.859195209828));
#6890 = ORIENTED_EDGE('',*,*,#6891,.T.);
#6891 = EDGE_CURVE('',#6884,#6892,#6894,.T.);
#6892 = VERTEX_POINT('',#6893);
#6893 = CARTESIAN_POINT('',(20.6,1.52,2.6151));
#6894 = LINE('',#6895,#6896);
#6895 = CARTESIAN_POINT('',(20.6,1.044,2.6151));
#6896 = VECTOR('',#6897,1.);
#6897 = DIRECTION('',(0.,1.,0.));
#6898 = ORIENTED_EDGE('',*,*,#6899,.T.);
#6899 = EDGE_CURVE('',#6892,#4751,#6900,.T.);
#6900 = LINE('',#6901,#6902);
#6901 = CARTESIAN_POINT('',(20.6,1.52,2.6151));
#6902 = VECTOR('',#6903,1.);
#6903 = DIRECTION('',(0.,0.,-1.));
#6904 = ORIENTED_EDGE('',*,*,#4758,.T.);
#6905 = PLANE('',#6906);
#6906 = AXIS2_PLACEMENT_3D('',#6907,#6908,#6909);
#6907 = CARTESIAN_POINT('',(20.6,1.834452703854,3.573485056924));
#6908 = DIRECTION('',(1.,0.,0.));
#6909 = DIRECTION('',(0.,0.,1.));
#6910 = ADVANCED_FACE('',(#6911,#6933),#6967,.F.);
#6911 = FACE_BOUND('',#6912,.F.);
#6912 = EDGE_LOOP('',(#6913,#6914,#6915,#6916,#6917,#6925,#6931,#6932));
#6913 = ORIENTED_EDGE('',*,*,#3595,.F.);
#6914 = ORIENTED_EDGE('',*,*,#3652,.T.);
#6915 = ORIENTED_EDGE('',*,*,#3691,.T.);
#6916 = ORIENTED_EDGE('',*,*,#3757,.F.);
#6917 = ORIENTED_EDGE('',*,*,#6918,.T.);
#6918 = EDGE_CURVE('',#3750,#6919,#6921,.T.);
#6919 = VERTEX_POINT('',#6920);
#6920 = CARTESIAN_POINT('',(19.4,0.5468198,3.45));
#6921 = LINE('',#6922,#6923);
#6922 = CARTESIAN_POINT('',(19.4,1.52,3.45));
#6923 = VECTOR('',#6924,1.);
#6924 = DIRECTION('',(0.,-1.,0.));
#6925 = ORIENTED_EDGE('',*,*,#6926,.F.);
#6926 = EDGE_CURVE('',#6876,#6919,#6927,.T.);
#6927 = LINE('',#6928,#6929);
#6928 = CARTESIAN_POINT('',(20.6,0.5468198,3.45));
#6929 = VECTOR('',#6930,1.);
#6930 = DIRECTION('',(-1.,-0.,-0.));
#6931 = ORIENTED_EDGE('',*,*,#6875,.F.);
#6932 = ORIENTED_EDGE('',*,*,#3556,.F.);
#6933 = FACE_BOUND('',#6934,.F.);
#6934 = EDGE_LOOP('',(#6935,#6945,#6953,#6961));
#6935 = ORIENTED_EDGE('',*,*,#6936,.F.);
#6936 = EDGE_CURVE('',#6937,#6939,#6941,.T.);
#6937 = VERTEX_POINT('',#6938);
#6938 = CARTESIAN_POINT('',(20.4,-0.4,3.45));
#6939 = VERTEX_POINT('',#6940);
#6940 = CARTESIAN_POINT('',(19.6,-0.4,3.45));
#6941 = LINE('',#6942,#6943);
#6942 = CARTESIAN_POINT('',(20.4,-0.4,3.45));
#6943 = VECTOR('',#6944,1.);
#6944 = DIRECTION('',(-1.,-0.,-0.));
#6945 = ORIENTED_EDGE('',*,*,#6946,.F.);
#6946 = EDGE_CURVE('',#6947,#6937,#6949,.T.);
#6947 = VERTEX_POINT('',#6948);
#6948 = CARTESIAN_POINT('',(20.4,0.4,3.45));
#6949 = LINE('',#6950,#6951);
#6950 = CARTESIAN_POINT('',(20.4,0.4,3.45));
#6951 = VECTOR('',#6952,1.);
#6952 = DIRECTION('',(0.,-1.,0.));
#6953 = ORIENTED_EDGE('',*,*,#6954,.T.);
#6954 = EDGE_CURVE('',#6947,#6955,#6957,.T.);
#6955 = VERTEX_POINT('',#6956);
#6956 = CARTESIAN_POINT('',(19.6,0.4,3.45));
#6957 = LINE('',#6958,#6959);
#6958 = CARTESIAN_POINT('',(20.4,0.4,3.45));
#6959 = VECTOR('',#6960,1.);
#6960 = DIRECTION('',(-1.,-0.,-0.));
#6961 = ORIENTED_EDGE('',*,*,#6962,.T.);
#6962 = EDGE_CURVE('',#6955,#6939,#6963,.T.);
#6963 = LINE('',#6964,#6965);
#6964 = CARTESIAN_POINT('',(19.6,0.4,3.45));
#6965 = VECTOR('',#6966,1.);
#6966 = DIRECTION('',(0.,-1.,0.));
#6967 = PLANE('',#6968);
#6968 = AXIS2_PLACEMENT_3D('',#6969,#6970,#6971);
#6969 = CARTESIAN_POINT('',(21.05,-0.98,3.45));
#6970 = DIRECTION('',(0.,0.,-1.));
#6971 = DIRECTION('',(0.,1.,0.));
#6972 = ADVANCED_FACE('',(#6973),#7002,.T.);
#6973 = FACE_BOUND('',#6974,.T.);
#6974 = EDGE_LOOP('',(#6975,#6976,#6977,#6978,#6979,#6987,#6995,#7001));
#6975 = ORIENTED_EDGE('',*,*,#4190,.T.);
#6976 = ORIENTED_EDGE('',*,*,#6853,.T.);
#6977 = ORIENTED_EDGE('',*,*,#3749,.T.);
#6978 = ORIENTED_EDGE('',*,*,#6918,.T.);
#6979 = ORIENTED_EDGE('',*,*,#6980,.T.);
#6980 = EDGE_CURVE('',#6919,#6981,#6983,.T.);
#6981 = VERTEX_POINT('',#6982);
#6982 = CARTESIAN_POINT('',(19.4,1.044,2.6151));
#6983 = LINE('',#6984,#6985);
#6984 = CARTESIAN_POINT('',(19.4,0.5468198,3.45));
#6985 = VECTOR('',#6986,1.);
#6986 = DIRECTION('',(0.,0.511647917429,-0.859195209828));
#6987 = ORIENTED_EDGE('',*,*,#6988,.T.);
#6988 = EDGE_CURVE('',#6981,#6989,#6991,.T.);
#6989 = VERTEX_POINT('',#6990);
#6990 = CARTESIAN_POINT('',(19.4,1.52,2.6151));
#6991 = LINE('',#6992,#6993);
#6992 = CARTESIAN_POINT('',(19.4,1.044,2.6151));
#6993 = VECTOR('',#6994,1.);
#6994 = DIRECTION('',(0.,1.,0.));
#6995 = ORIENTED_EDGE('',*,*,#6996,.T.);
#6996 = EDGE_CURVE('',#6989,#4743,#6997,.T.);
#6997 = LINE('',#6998,#6999);
#6998 = CARTESIAN_POINT('',(19.4,1.52,2.6151));
#6999 = VECTOR('',#7000,1.);
#7000 = DIRECTION('',(0.,0.,-1.));
#7001 = ORIENTED_EDGE('',*,*,#4742,.T.);
#7002 = PLANE('',#7003);
#7003 = AXIS2_PLACEMENT_3D('',#7004,#7005,#7006);
#7004 = CARTESIAN_POINT('',(19.4,1.834452703854,3.573485056924));
#7005 = DIRECTION('',(1.,0.,0.));
#7006 = DIRECTION('',(0.,0.,1.));
#7007 = ADVANCED_FACE('',(#7008),#7028,.F.);
#7008 = FACE_BOUND('',#7009,.F.);
#7009 = EDGE_LOOP('',(#7010,#7016,#7017,#7023,#7024,#7025,#7026,#7027));
#7010 = ORIENTED_EDGE('',*,*,#7011,.F.);
#7011 = EDGE_CURVE('',#4143,#3789,#7012,.T.);
#7012 = LINE('',#7013,#7014);
#7013 = CARTESIAN_POINT('',(23.1,2.57,5.25));
#7014 = VECTOR('',#7015,1.);
#7015 = DIRECTION('',(0.,-1.,0.));
#7016 = ORIENTED_EDGE('',*,*,#4150,.T.);
#7017 = ORIENTED_EDGE('',*,*,#7018,.T.);
#7018 = EDGE_CURVE('',#4151,#3966,#7019,.T.);
#7019 = LINE('',#7020,#7021);
#7020 = CARTESIAN_POINT('',(21.9,2.57,5.25));
#7021 = VECTOR('',#7022,1.);
#7022 = DIRECTION('',(0.,-1.,0.));
#7023 = ORIENTED_EDGE('',*,*,#3965,.F.);
#7024 = ORIENTED_EDGE('',*,*,#3947,.T.);
#7025 = ORIENTED_EDGE('',*,*,#3891,.F.);
#7026 = ORIENTED_EDGE('',*,*,#3844,.F.);
#7027 = ORIENTED_EDGE('',*,*,#3796,.F.);
#7028 = PLANE('',#7029);
#7029 = AXIS2_PLACEMENT_3D('',#7030,#7031,#7032);
#7030 = CARTESIAN_POINT('',(23.1,2.57,5.25));
#7031 = DIRECTION('',(0.,0.,1.));
#7032 = DIRECTION('',(0.,-1.,0.));
#7033 = ADVANCED_FACE('',(#7034),#7070,.F.);
#7034 = FACE_BOUND('',#7035,.F.);
#7035 = EDGE_LOOP('',(#7036,#7037,#7038,#7039,#7047,#7055,#7063,#7069));
#7036 = ORIENTED_EDGE('',*,*,#4142,.T.);
#7037 = ORIENTED_EDGE('',*,*,#7011,.T.);
#7038 = ORIENTED_EDGE('',*,*,#3788,.T.);
#7039 = ORIENTED_EDGE('',*,*,#7040,.T.);
#7040 = EDGE_CURVE('',#3781,#7041,#7043,.T.);
#7041 = VERTEX_POINT('',#7042);
#7042 = CARTESIAN_POINT('',(23.1,0.5468198,3.45));
#7043 = LINE('',#7044,#7045);
#7044 = CARTESIAN_POINT('',(23.1,1.52,3.45));
#7045 = VECTOR('',#7046,1.);
#7046 = DIRECTION('',(0.,-1.,0.));
#7047 = ORIENTED_EDGE('',*,*,#7048,.T.);
#7048 = EDGE_CURVE('',#7041,#7049,#7051,.T.);
#7049 = VERTEX_POINT('',#7050);
#7050 = CARTESIAN_POINT('',(23.1,1.044,2.6151));
#7051 = LINE('',#7052,#7053);
#7052 = CARTESIAN_POINT('',(23.1,0.5468198,3.45));
#7053 = VECTOR('',#7054,1.);
#7054 = DIRECTION('',(0.,0.511647917429,-0.859195209828));
#7055 = ORIENTED_EDGE('',*,*,#7056,.T.);
#7056 = EDGE_CURVE('',#7049,#7057,#7059,.T.);
#7057 = VERTEX_POINT('',#7058);
#7058 = CARTESIAN_POINT('',(23.1,1.52,2.6151));
#7059 = LINE('',#7060,#7061);
#7060 = CARTESIAN_POINT('',(23.1,1.044,2.6151));
#7061 = VECTOR('',#7062,1.);
#7062 = DIRECTION('',(0.,1.,0.));
#7063 = ORIENTED_EDGE('',*,*,#7064,.T.);
#7064 = EDGE_CURVE('',#7057,#4774,#7065,.T.);
#7065 = LINE('',#7066,#7067);
#7066 = CARTESIAN_POINT('',(23.1,1.52,2.6151));
#7067 = VECTOR('',#7068,1.);
#7068 = DIRECTION('',(0.,0.,-1.));
#7069 = ORIENTED_EDGE('',*,*,#4781,.T.);
#7070 = PLANE('',#7071);
#7071 = AXIS2_PLACEMENT_3D('',#7072,#7073,#7074);
#7072 = CARTESIAN_POINT('',(23.1,1.834452703854,3.573485056924));
#7073 = DIRECTION('',(1.,0.,0.));
#7074 = DIRECTION('',(0.,0.,1.));
#7075 = ADVANCED_FACE('',(#7076,#7098),#7132,.F.);
#7076 = FACE_BOUND('',#7077,.F.);
#7077 = EDGE_LOOP('',(#7078,#7079,#7080,#7081,#7082,#7090,#7096,#7097));
#7078 = ORIENTED_EDGE('',*,*,#3819,.F.);
#7079 = ORIENTED_EDGE('',*,*,#3876,.T.);
#7080 = ORIENTED_EDGE('',*,*,#3915,.T.);
#7081 = ORIENTED_EDGE('',*,*,#3981,.F.);
#7082 = ORIENTED_EDGE('',*,*,#7083,.T.);
#7083 = EDGE_CURVE('',#3974,#7084,#7086,.T.);
#7084 = VERTEX_POINT('',#7085);
#7085 = CARTESIAN_POINT('',(21.9,0.5468198,3.45));
#7086 = LINE('',#7087,#7088);
#7087 = CARTESIAN_POINT('',(21.9,1.52,3.45));
#7088 = VECTOR('',#7089,1.);
#7089 = DIRECTION('',(0.,-1.,0.));
#7090 = ORIENTED_EDGE('',*,*,#7091,.F.);
#7091 = EDGE_CURVE('',#7041,#7084,#7092,.T.);
#7092 = LINE('',#7093,#7094);
#7093 = CARTESIAN_POINT('',(23.1,0.5468198,3.45));
#7094 = VECTOR('',#7095,1.);
#7095 = DIRECTION('',(-1.,-0.,-0.));
#7096 = ORIENTED_EDGE('',*,*,#7040,.F.);
#7097 = ORIENTED_EDGE('',*,*,#3780,.F.);
#7098 = FACE_BOUND('',#7099,.F.);
#7099 = EDGE_LOOP('',(#7100,#7110,#7118,#7126));
#7100 = ORIENTED_EDGE('',*,*,#7101,.F.);
#7101 = EDGE_CURVE('',#7102,#7104,#7106,.T.);
#7102 = VERTEX_POINT('',#7103);
#7103 = CARTESIAN_POINT('',(22.9,-0.4,3.45));
#7104 = VERTEX_POINT('',#7105);
#7105 = CARTESIAN_POINT('',(22.1,-0.4,3.45));
#7106 = LINE('',#7107,#7108);
#7107 = CARTESIAN_POINT('',(22.9,-0.4,3.45));
#7108 = VECTOR('',#7109,1.);
#7109 = DIRECTION('',(-1.,-0.,-0.));
#7110 = ORIENTED_EDGE('',*,*,#7111,.F.);
#7111 = EDGE_CURVE('',#7112,#7102,#7114,.T.);
#7112 = VERTEX_POINT('',#7113);
#7113 = CARTESIAN_POINT('',(22.9,0.4,3.45));
#7114 = LINE('',#7115,#7116);
#7115 = CARTESIAN_POINT('',(22.9,0.4,3.45));
#7116 = VECTOR('',#7117,1.);
#7117 = DIRECTION('',(0.,-1.,0.));
#7118 = ORIENTED_EDGE('',*,*,#7119,.T.);
#7119 = EDGE_CURVE('',#7112,#7120,#7122,.T.);
#7120 = VERTEX_POINT('',#7121);
#7121 = CARTESIAN_POINT('',(22.1,0.4,3.45));
#7122 = LINE('',#7123,#7124);
#7123 = CARTESIAN_POINT('',(22.9,0.4,3.45));
#7124 = VECTOR('',#7125,1.);
#7125 = DIRECTION('',(-1.,-0.,-0.));
#7126 = ORIENTED_EDGE('',*,*,#7127,.T.);
#7127 = EDGE_CURVE('',#7120,#7104,#7128,.T.);
#7128 = LINE('',#7129,#7130);
#7129 = CARTESIAN_POINT('',(22.1,0.4,3.45));
#7130 = VECTOR('',#7131,1.);
#7131 = DIRECTION('',(0.,-1.,0.));
#7132 = PLANE('',#7133);
#7133 = AXIS2_PLACEMENT_3D('',#7134,#7135,#7136);
#7134 = CARTESIAN_POINT('',(23.55,-0.98,3.45));
#7135 = DIRECTION('',(0.,0.,-1.));
#7136 = DIRECTION('',(0.,1.,0.));
#7137 = ADVANCED_FACE('',(#7138),#7167,.T.);
#7138 = FACE_BOUND('',#7139,.T.);
#7139 = EDGE_LOOP('',(#7140,#7141,#7142,#7143,#7144,#7152,#7160,#7166));
#7140 = ORIENTED_EDGE('',*,*,#4158,.T.);
#7141 = ORIENTED_EDGE('',*,*,#7018,.T.);
#7142 = ORIENTED_EDGE('',*,*,#3973,.T.);
#7143 = ORIENTED_EDGE('',*,*,#7083,.T.);
#7144 = ORIENTED_EDGE('',*,*,#7145,.T.);
#7145 = EDGE_CURVE('',#7084,#7146,#7148,.T.);
#7146 = VERTEX_POINT('',#7147);
#7147 = CARTESIAN_POINT('',(21.9,1.044,2.6151));
#7148 = LINE('',#7149,#7150);
#7149 = CARTESIAN_POINT('',(21.9,0.5468198,3.45));
#7150 = VECTOR('',#7151,1.);
#7151 = DIRECTION('',(0.,0.511647917429,-0.859195209828));
#7152 = ORIENTED_EDGE('',*,*,#7153,.T.);
#7153 = EDGE_CURVE('',#7146,#7154,#7156,.T.);
#7154 = VERTEX_POINT('',#7155);
#7155 = CARTESIAN_POINT('',(21.9,1.52,2.6151));
#7156 = LINE('',#7157,#7158);
#7157 = CARTESIAN_POINT('',(21.9,1.044,2.6151));
#7158 = VECTOR('',#7159,1.);
#7159 = DIRECTION('',(0.,1.,0.));
#7160 = ORIENTED_EDGE('',*,*,#7161,.T.);
#7161 = EDGE_CURVE('',#7154,#4766,#7162,.T.);
#7162 = LINE('',#7163,#7164);
#7163 = CARTESIAN_POINT('',(21.9,1.52,2.6151));
#7164 = VECTOR('',#7165,1.);
#7165 = DIRECTION('',(0.,0.,-1.));
#7166 = ORIENTED_EDGE('',*,*,#4765,.T.);
#7167 = PLANE('',#7168);
#7168 = AXIS2_PLACEMENT_3D('',#7169,#7170,#7171);
#7169 = CARTESIAN_POINT('',(21.9,1.834452703854,3.573485056924));
#7170 = DIRECTION('',(1.,0.,0.));
#7171 = DIRECTION('',(0.,0.,1.));
#7172 = ADVANCED_FACE('',(#7173),#7184,.F.);
#7173 = FACE_BOUND('',#7174,.F.);
#7174 = EDGE_LOOP('',(#7175,#7181,#7182,#7183));
#7175 = ORIENTED_EDGE('',*,*,#7176,.T.);
#7176 = EDGE_CURVE('',#7057,#7154,#7177,.T.);
#7177 = LINE('',#7178,#7179);
#7178 = CARTESIAN_POINT('',(23.1,1.52,2.6151));
#7179 = VECTOR('',#7180,1.);
#7180 = DIRECTION('',(-1.,-0.,-0.));
#7181 = ORIENTED_EDGE('',*,*,#7161,.T.);
#7182 = ORIENTED_EDGE('',*,*,#4773,.F.);
#7183 = ORIENTED_EDGE('',*,*,#7064,.F.);
#7184 = PLANE('',#7185);
#7185 = AXIS2_PLACEMENT_3D('',#7186,#7187,#7188);
#7186 = CARTESIAN_POINT('',(23.1,1.52,2.6151));
#7187 = DIRECTION('',(0.,-1.,0.));
#7188 = DIRECTION('',(0.,0.,-1.));
#7189 = ADVANCED_FACE('',(#7190),#7201,.F.);
#7190 = FACE_BOUND('',#7191,.F.);
#7191 = EDGE_LOOP('',(#7192,#7198,#7199,#7200));
#7192 = ORIENTED_EDGE('',*,*,#7193,.T.);
#7193 = EDGE_CURVE('',#6892,#6989,#7194,.T.);
#7194 = LINE('',#7195,#7196);
#7195 = CARTESIAN_POINT('',(20.6,1.52,2.6151));
#7196 = VECTOR('',#7197,1.);
#7197 = DIRECTION('',(-1.,-0.,-0.));
#7198 = ORIENTED_EDGE('',*,*,#6996,.T.);
#7199 = ORIENTED_EDGE('',*,*,#4750,.F.);
#7200 = ORIENTED_EDGE('',*,*,#6899,.F.);
#7201 = PLANE('',#7202);
#7202 = AXIS2_PLACEMENT_3D('',#7203,#7204,#7205);
#7203 = CARTESIAN_POINT('',(20.6,1.52,2.6151));
#7204 = DIRECTION('',(0.,-1.,0.));
#7205 = DIRECTION('',(0.,0.,-1.));
#7206 = ADVANCED_FACE('',(#7207),#7218,.F.);
#7207 = FACE_BOUND('',#7208,.F.);
#7208 = EDGE_LOOP('',(#7209,#7215,#7216,#7217));
#7209 = ORIENTED_EDGE('',*,*,#7210,.T.);
#7210 = EDGE_CURVE('',#6727,#6824,#7211,.T.);
#7211 = LINE('',#7212,#7213);
#7212 = CARTESIAN_POINT('',(18.1,1.52,2.6151));
#7213 = VECTOR('',#7214,1.);
#7214 = DIRECTION('',(-1.,-0.,-0.));
#7215 = ORIENTED_EDGE('',*,*,#6831,.T.);
#7216 = ORIENTED_EDGE('',*,*,#4727,.F.);
#7217 = ORIENTED_EDGE('',*,*,#6734,.F.);
#7218 = PLANE('',#7219);
#7219 = AXIS2_PLACEMENT_3D('',#7220,#7221,#7222);
#7220 = CARTESIAN_POINT('',(18.1,1.52,2.6151));
#7221 = DIRECTION('',(0.,-1.,0.));
#7222 = DIRECTION('',(0.,0.,-1.));
#7223 = ADVANCED_FACE('',(#7224),#7235,.F.);
#7224 = FACE_BOUND('',#7225,.F.);
#7225 = EDGE_LOOP('',(#7226,#7232,#7233,#7234));
#7226 = ORIENTED_EDGE('',*,*,#7227,.T.);
#7227 = EDGE_CURVE('',#6562,#6659,#7228,.T.);
#7228 = LINE('',#7229,#7230);
#7229 = CARTESIAN_POINT('',(15.6,1.52,2.6151));
#7230 = VECTOR('',#7231,1.);
#7231 = DIRECTION('',(-1.,-0.,-0.));
#7232 = ORIENTED_EDGE('',*,*,#6666,.T.);
#7233 = ORIENTED_EDGE('',*,*,#4704,.F.);
#7234 = ORIENTED_EDGE('',*,*,#6569,.F.);
#7235 = PLANE('',#7236);
#7236 = AXIS2_PLACEMENT_3D('',#7237,#7238,#7239);
#7237 = CARTESIAN_POINT('',(15.6,1.52,2.6151));
#7238 = DIRECTION('',(0.,-1.,0.));
#7239 = DIRECTION('',(0.,0.,-1.));
#7240 = ADVANCED_FACE('',(#7241),#7252,.F.);
#7241 = FACE_BOUND('',#7242,.F.);
#7242 = EDGE_LOOP('',(#7243,#7249,#7250,#7251));
#7243 = ORIENTED_EDGE('',*,*,#7244,.T.);
#7244 = EDGE_CURVE('',#6397,#6494,#7245,.T.);
#7245 = LINE('',#7246,#7247);
#7246 = CARTESIAN_POINT('',(13.1,1.52,2.6151));
#7247 = VECTOR('',#7248,1.);
#7248 = DIRECTION('',(-1.,-0.,-0.));
#7249 = ORIENTED_EDGE('',*,*,#6501,.T.);
#7250 = ORIENTED_EDGE('',*,*,#4681,.F.);
#7251 = ORIENTED_EDGE('',*,*,#6404,.F.);
#7252 = PLANE('',#7253);
#7253 = AXIS2_PLACEMENT_3D('',#7254,#7255,#7256);
#7254 = CARTESIAN_POINT('',(13.1,1.52,2.6151));
#7255 = DIRECTION('',(0.,-1.,0.));
#7256 = DIRECTION('',(0.,0.,-1.));
#7257 = ADVANCED_FACE('',(#7258),#7269,.F.);
#7258 = FACE_BOUND('',#7259,.F.);
#7259 = EDGE_LOOP('',(#7260,#7266,#7267,#7268));
#7260 = ORIENTED_EDGE('',*,*,#7261,.T.);
#7261 = EDGE_CURVE('',#6232,#6329,#7262,.T.);
#7262 = LINE('',#7263,#7264);
#7263 = CARTESIAN_POINT('',(10.6,1.52,2.6151));
#7264 = VECTOR('',#7265,1.);
#7265 = DIRECTION('',(-1.,-0.,-0.));
#7266 = ORIENTED_EDGE('',*,*,#6336,.T.);
#7267 = ORIENTED_EDGE('',*,*,#4658,.F.);
#7268 = ORIENTED_EDGE('',*,*,#6239,.F.);
#7269 = PLANE('',#7270);
#7270 = AXIS2_PLACEMENT_3D('',#7271,#7272,#7273);
#7271 = CARTESIAN_POINT('',(10.6,1.52,2.6151));
#7272 = DIRECTION('',(0.,-1.,0.));
#7273 = DIRECTION('',(0.,0.,-1.));
#7274 = ADVANCED_FACE('',(#7275),#7286,.F.);
#7275 = FACE_BOUND('',#7276,.F.);
#7276 = EDGE_LOOP('',(#7277,#7283,#7284,#7285));
#7277 = ORIENTED_EDGE('',*,*,#7278,.T.);
#7278 = EDGE_CURVE('',#6067,#6164,#7279,.T.);
#7279 = LINE('',#7280,#7281);
#7280 = CARTESIAN_POINT('',(8.1,1.52,2.6151));
#7281 = VECTOR('',#7282,1.);
#7282 = DIRECTION('',(-1.,-0.,-0.));
#7283 = ORIENTED_EDGE('',*,*,#6171,.T.);
#7284 = ORIENTED_EDGE('',*,*,#4635,.F.);
#7285 = ORIENTED_EDGE('',*,*,#6074,.F.);
#7286 = PLANE('',#7287);
#7287 = AXIS2_PLACEMENT_3D('',#7288,#7289,#7290);
#7288 = CARTESIAN_POINT('',(8.1,1.52,2.6151));
#7289 = DIRECTION('',(0.,-1.,0.));
#7290 = DIRECTION('',(0.,0.,-1.));
#7291 = ADVANCED_FACE('',(#7292),#7303,.F.);
#7292 = FACE_BOUND('',#7293,.F.);
#7293 = EDGE_LOOP('',(#7294,#7300,#7301,#7302));
#7294 = ORIENTED_EDGE('',*,*,#7295,.T.);
#7295 = EDGE_CURVE('',#5902,#5999,#7296,.T.);
#7296 = LINE('',#7297,#7298);
#7297 = CARTESIAN_POINT('',(5.6,1.52,2.6151));
#7298 = VECTOR('',#7299,1.);
#7299 = DIRECTION('',(-1.,-0.,-0.));
#7300 = ORIENTED_EDGE('',*,*,#6006,.T.);
#7301 = ORIENTED_EDGE('',*,*,#4612,.F.);
#7302 = ORIENTED_EDGE('',*,*,#5909,.F.);
#7303 = PLANE('',#7304);
#7304 = AXIS2_PLACEMENT_3D('',#7305,#7306,#7307);
#7305 = CARTESIAN_POINT('',(5.6,1.52,2.6151));
#7306 = DIRECTION('',(0.,-1.,0.));
#7307 = DIRECTION('',(0.,0.,-1.));
#7308 = ADVANCED_FACE('',(#7309),#7320,.F.);
#7309 = FACE_BOUND('',#7310,.F.);
#7310 = EDGE_LOOP('',(#7311,#7317,#7318,#7319));
#7311 = ORIENTED_EDGE('',*,*,#7312,.T.);
#7312 = EDGE_CURVE('',#5737,#5834,#7313,.T.);
#7313 = LINE('',#7314,#7315);
#7314 = CARTESIAN_POINT('',(3.1,1.52,2.6151));
#7315 = VECTOR('',#7316,1.);
#7316 = DIRECTION('',(-1.,-0.,-0.));
#7317 = ORIENTED_EDGE('',*,*,#5841,.T.);
#7318 = ORIENTED_EDGE('',*,*,#4589,.F.);
#7319 = ORIENTED_EDGE('',*,*,#5744,.F.);
#7320 = PLANE('',#7321);
#7321 = AXIS2_PLACEMENT_3D('',#7322,#7323,#7324);
#7322 = CARTESIAN_POINT('',(3.1,1.52,2.6151));
#7323 = DIRECTION('',(0.,-1.,0.));
#7324 = DIRECTION('',(0.,0.,-1.));
#7325 = ADVANCED_FACE('',(#7326),#7337,.F.);
#7326 = FACE_BOUND('',#7327,.F.);
#7327 = EDGE_LOOP('',(#7328,#7334,#7335,#7336));
#7328 = ORIENTED_EDGE('',*,*,#7329,.T.);
#7329 = EDGE_CURVE('',#5572,#5669,#7330,.T.);
#7330 = LINE('',#7331,#7332);
#7331 = CARTESIAN_POINT('',(0.6,1.52,2.6151));
#7332 = VECTOR('',#7333,1.);
#7333 = DIRECTION('',(-1.,-0.,-0.));
#7334 = ORIENTED_EDGE('',*,*,#5676,.T.);
#7335 = ORIENTED_EDGE('',*,*,#4566,.F.);
#7336 = ORIENTED_EDGE('',*,*,#5579,.F.);
#7337 = PLANE('',#7338);
#7338 = AXIS2_PLACEMENT_3D('',#7339,#7340,#7341);
#7339 = CARTESIAN_POINT('',(0.6,1.52,2.6151));
#7340 = DIRECTION('',(0.,-1.,0.));
#7341 = DIRECTION('',(0.,0.,-1.));
#7342 = ADVANCED_FACE('',(#7343),#7349,.T.);
#7343 = FACE_BOUND('',#7344,.T.);
#7344 = EDGE_LOOP('',(#7345,#7346,#7347,#7348));
#7345 = ORIENTED_EDGE('',*,*,#4964,.T.);
#7346 = ORIENTED_EDGE('',*,*,#5328,.T.);
#7347 = ORIENTED_EDGE('',*,*,#4543,.F.);
#7348 = ORIENTED_EDGE('',*,*,#4939,.F.);
#7349 = PLANE('',#7350);
#7350 = AXIS2_PLACEMENT_3D('',#7351,#7352,#7353);
#7351 = CARTESIAN_POINT('',(26.6,0.57,2.7));
#7352 = DIRECTION('',(0.,-0.866025403784,-0.5));
#7353 = DIRECTION('',(0.,0.5,-0.866025403784));
#7354 = ADVANCED_FACE('',(#7355),#7371,.F.);
#7355 = FACE_BOUND('',#7356,.F.);
#7356 = EDGE_LOOP('',(#7357,#7363,#7364,#7370));
#7357 = ORIENTED_EDGE('',*,*,#7358,.F.);
#7358 = EDGE_CURVE('',#5617,#4974,#7359,.T.);
#7359 = LINE('',#7360,#7361);
#7360 = CARTESIAN_POINT('',(0.4,-0.4,3.45));
#7361 = VECTOR('',#7362,1.);
#7362 = DIRECTION('',(0.,0.,-1.));
#7363 = ORIENTED_EDGE('',*,*,#5616,.T.);
#7364 = ORIENTED_EDGE('',*,*,#7365,.T.);
#7365 = EDGE_CURVE('',#5619,#4976,#7366,.T.);
#7366 = LINE('',#7367,#7368);
#7367 = CARTESIAN_POINT('',(-0.4,-0.4,3.45));
#7368 = VECTOR('',#7369,1.);
#7369 = DIRECTION('',(0.,0.,-1.));
#7370 = ORIENTED_EDGE('',*,*,#4973,.F.);
#7371 = PLANE('',#7372);
#7372 = AXIS2_PLACEMENT_3D('',#7373,#7374,#7375);
#7373 = CARTESIAN_POINT('',(0.4,-0.4,3.45));
#7374 = DIRECTION('',(0.,-1.,0.));
#7375 = DIRECTION('',(0.,0.,-1.));
#7376 = ADVANCED_FACE('',(#7377),#7388,.F.);
#7377 = FACE_BOUND('',#7378,.F.);
#7378 = EDGE_LOOP('',(#7379,#7380,#7381,#7382));
#7379 = ORIENTED_EDGE('',*,*,#5626,.T.);
#7380 = ORIENTED_EDGE('',*,*,#7358,.T.);
#7381 = ORIENTED_EDGE('',*,*,#4983,.F.);
#7382 = ORIENTED_EDGE('',*,*,#7383,.T.);
#7383 = EDGE_CURVE('',#4984,#5627,#7384,.T.);
#7384 = LINE('',#7385,#7386);
#7385 = CARTESIAN_POINT('',(0.4,0.4,2.45));
#7386 = VECTOR('',#7387,1.);
#7387 = DIRECTION('',(0.,0.,1.));
#7388 = PLANE('',#7389);
#7389 = AXIS2_PLACEMENT_3D('',#7390,#7391,#7392);
#7390 = CARTESIAN_POINT('',(0.4,0.,2.95));
#7391 = DIRECTION('',(1.,0.,0.));
#7392 = DIRECTION('',(0.,0.,1.));
#7393 = ADVANCED_FACE('',(#7394),#7405,.T.);
#7394 = FACE_BOUND('',#7395,.T.);
#7395 = EDGE_LOOP('',(#7396,#7397,#7398,#7399));
#7396 = ORIENTED_EDGE('',*,*,#5642,.T.);
#7397 = ORIENTED_EDGE('',*,*,#7365,.T.);
#7398 = ORIENTED_EDGE('',*,*,#4999,.F.);
#7399 = ORIENTED_EDGE('',*,*,#7400,.T.);
#7400 = EDGE_CURVE('',#4992,#5635,#7401,.T.);
#7401 = LINE('',#7402,#7403);
#7402 = CARTESIAN_POINT('',(-0.4,0.4,2.45));
#7403 = VECTOR('',#7404,1.);
#7404 = DIRECTION('',(0.,0.,1.));
#7405 = PLANE('',#7406);
#7406 = AXIS2_PLACEMENT_3D('',#7407,#7408,#7409);
#7407 = CARTESIAN_POINT('',(-0.4,0.,2.95));
#7408 = DIRECTION('',(1.,0.,0.));
#7409 = DIRECTION('',(0.,0.,1.));
#7410 = ADVANCED_FACE('',(#7411),#7417,.F.);
#7411 = FACE_BOUND('',#7412,.F.);
#7412 = EDGE_LOOP('',(#7413,#7414,#7415,#7416));
#7413 = ORIENTED_EDGE('',*,*,#7383,.F.);
#7414 = ORIENTED_EDGE('',*,*,#4991,.F.);
#7415 = ORIENTED_EDGE('',*,*,#7400,.T.);
#7416 = ORIENTED_EDGE('',*,*,#5634,.F.);
#7417 = PLANE('',#7418);
#7418 = AXIS2_PLACEMENT_3D('',#7419,#7420,#7421);
#7419 = CARTESIAN_POINT('',(0.4,0.4,2.45));
#7420 = DIRECTION('',(0.,1.,0.));
#7421 = DIRECTION('',(0.,0.,1.));
#7422 = ADVANCED_FACE('',(#7423),#7439,.F.);
#7423 = FACE_BOUND('',#7424,.F.);
#7424 = EDGE_LOOP('',(#7425,#7431,#7432,#7438));
#7425 = ORIENTED_EDGE('',*,*,#7426,.F.);
#7426 = EDGE_CURVE('',#5782,#5008,#7427,.T.);
#7427 = LINE('',#7428,#7429);
#7428 = CARTESIAN_POINT('',(2.9,-0.4,3.45));
#7429 = VECTOR('',#7430,1.);
#7430 = DIRECTION('',(0.,0.,-1.));
#7431 = ORIENTED_EDGE('',*,*,#5781,.T.);
#7432 = ORIENTED_EDGE('',*,*,#7433,.T.);
#7433 = EDGE_CURVE('',#5784,#5010,#7434,.T.);
#7434 = LINE('',#7435,#7436);
#7435 = CARTESIAN_POINT('',(2.1,-0.4,3.45));
#7436 = VECTOR('',#7437,1.);
#7437 = DIRECTION('',(0.,0.,-1.));
#7438 = ORIENTED_EDGE('',*,*,#5007,.F.);
#7439 = PLANE('',#7440);
#7440 = AXIS2_PLACEMENT_3D('',#7441,#7442,#7443);
#7441 = CARTESIAN_POINT('',(2.9,-0.4,3.45));
#7442 = DIRECTION('',(0.,-1.,0.));
#7443 = DIRECTION('',(0.,0.,-1.));
#7444 = ADVANCED_FACE('',(#7445),#7456,.T.);
#7445 = FACE_BOUND('',#7446,.T.);
#7446 = EDGE_LOOP('',(#7447,#7448,#7449,#7450));
#7447 = ORIENTED_EDGE('',*,*,#5807,.T.);
#7448 = ORIENTED_EDGE('',*,*,#7433,.T.);
#7449 = ORIENTED_EDGE('',*,*,#5033,.F.);
#7450 = ORIENTED_EDGE('',*,*,#7451,.T.);
#7451 = EDGE_CURVE('',#5026,#5800,#7452,.T.);
#7452 = LINE('',#7453,#7454);
#7453 = CARTESIAN_POINT('',(2.1,0.4,2.45));
#7454 = VECTOR('',#7455,1.);
#7455 = DIRECTION('',(0.,0.,1.));
#7456 = PLANE('',#7457);
#7457 = AXIS2_PLACEMENT_3D('',#7458,#7459,#7460);
#7458 = CARTESIAN_POINT('',(2.1,0.,2.95));
#7459 = DIRECTION('',(1.,0.,0.));
#7460 = DIRECTION('',(0.,0.,1.));
#7461 = ADVANCED_FACE('',(#7462),#7473,.F.);
#7462 = FACE_BOUND('',#7463,.F.);
#7463 = EDGE_LOOP('',(#7464,#7470,#7471,#7472));
#7464 = ORIENTED_EDGE('',*,*,#7465,.F.);
#7465 = EDGE_CURVE('',#5018,#5792,#7466,.T.);
#7466 = LINE('',#7467,#7468);
#7467 = CARTESIAN_POINT('',(2.9,0.4,2.45));
#7468 = VECTOR('',#7469,1.);
#7469 = DIRECTION('',(0.,0.,1.));
#7470 = ORIENTED_EDGE('',*,*,#5025,.F.);
#7471 = ORIENTED_EDGE('',*,*,#7451,.T.);
#7472 = ORIENTED_EDGE('',*,*,#5799,.F.);
#7473 = PLANE('',#7474);
#7474 = AXIS2_PLACEMENT_3D('',#7475,#7476,#7477);
#7475 = CARTESIAN_POINT('',(2.9,0.4,2.45));
#7476 = DIRECTION('',(0.,1.,0.));
#7477 = DIRECTION('',(0.,0.,1.));
#7478 = ADVANCED_FACE('',(#7479),#7485,.F.);
#7479 = FACE_BOUND('',#7480,.F.);
#7480 = EDGE_LOOP('',(#7481,#7482,#7483,#7484));
#7481 = ORIENTED_EDGE('',*,*,#5791,.T.);
#7482 = ORIENTED_EDGE('',*,*,#7426,.T.);
#7483 = ORIENTED_EDGE('',*,*,#5017,.F.);
#7484 = ORIENTED_EDGE('',*,*,#7465,.T.);
#7485 = PLANE('',#7486);
#7486 = AXIS2_PLACEMENT_3D('',#7487,#7488,#7489);
#7487 = CARTESIAN_POINT('',(2.9,0.,2.95));
#7488 = DIRECTION('',(1.,0.,0.));
#7489 = DIRECTION('',(0.,0.,1.));
#7490 = ADVANCED_FACE('',(#7491),#7507,.F.);
#7491 = FACE_BOUND('',#7492,.F.);
#7492 = EDGE_LOOP('',(#7493,#7499,#7500,#7506));
#7493 = ORIENTED_EDGE('',*,*,#7494,.F.);
#7494 = EDGE_CURVE('',#5947,#5042,#7495,.T.);
#7495 = LINE('',#7496,#7497);
#7496 = CARTESIAN_POINT('',(5.4,-0.4,3.45));
#7497 = VECTOR('',#7498,1.);
#7498 = DIRECTION('',(0.,0.,-1.));
#7499 = ORIENTED_EDGE('',*,*,#5946,.T.);
#7500 = ORIENTED_EDGE('',*,*,#7501,.T.);
#7501 = EDGE_CURVE('',#5949,#5044,#7502,.T.);
#7502 = LINE('',#7503,#7504);
#7503 = CARTESIAN_POINT('',(4.6,-0.4,3.45));
#7504 = VECTOR('',#7505,1.);
#7505 = DIRECTION('',(0.,0.,-1.));
#7506 = ORIENTED_EDGE('',*,*,#5041,.F.);
#7507 = PLANE('',#7508);
#7508 = AXIS2_PLACEMENT_3D('',#7509,#7510,#7511);
#7509 = CARTESIAN_POINT('',(5.4,-0.4,3.45));
#7510 = DIRECTION('',(0.,-1.,0.));
#7511 = DIRECTION('',(0.,0.,-1.));
#7512 = ADVANCED_FACE('',(#7513),#7524,.T.);
#7513 = FACE_BOUND('',#7514,.T.);
#7514 = EDGE_LOOP('',(#7515,#7516,#7517,#7518));
#7515 = ORIENTED_EDGE('',*,*,#5972,.T.);
#7516 = ORIENTED_EDGE('',*,*,#7501,.T.);
#7517 = ORIENTED_EDGE('',*,*,#5067,.F.);
#7518 = ORIENTED_EDGE('',*,*,#7519,.T.);
#7519 = EDGE_CURVE('',#5060,#5965,#7520,.T.);
#7520 = LINE('',#7521,#7522);
#7521 = CARTESIAN_POINT('',(4.6,0.4,2.45));
#7522 = VECTOR('',#7523,1.);
#7523 = DIRECTION('',(0.,0.,1.));
#7524 = PLANE('',#7525);
#7525 = AXIS2_PLACEMENT_3D('',#7526,#7527,#7528);
#7526 = CARTESIAN_POINT('',(4.6,0.,2.95));
#7527 = DIRECTION('',(1.,0.,0.));
#7528 = DIRECTION('',(0.,0.,1.));
#7529 = ADVANCED_FACE('',(#7530),#7541,.F.);
#7530 = FACE_BOUND('',#7531,.F.);
#7531 = EDGE_LOOP('',(#7532,#7538,#7539,#7540));
#7532 = ORIENTED_EDGE('',*,*,#7533,.F.);
#7533 = EDGE_CURVE('',#5052,#5957,#7534,.T.);
#7534 = LINE('',#7535,#7536);
#7535 = CARTESIAN_POINT('',(5.4,0.4,2.45));
#7536 = VECTOR('',#7537,1.);
#7537 = DIRECTION('',(0.,0.,1.));
#7538 = ORIENTED_EDGE('',*,*,#5059,.F.);
#7539 = ORIENTED_EDGE('',*,*,#7519,.T.);
#7540 = ORIENTED_EDGE('',*,*,#5964,.F.);
#7541 = PLANE('',#7542);
#7542 = AXIS2_PLACEMENT_3D('',#7543,#7544,#7545);
#7543 = CARTESIAN_POINT('',(5.4,0.4,2.45));
#7544 = DIRECTION('',(0.,1.,0.));
#7545 = DIRECTION('',(0.,0.,1.));
#7546 = ADVANCED_FACE('',(#7547),#7553,.F.);
#7547 = FACE_BOUND('',#7548,.F.);
#7548 = EDGE_LOOP('',(#7549,#7550,#7551,#7552));
#7549 = ORIENTED_EDGE('',*,*,#5956,.T.);
#7550 = ORIENTED_EDGE('',*,*,#7494,.T.);
#7551 = ORIENTED_EDGE('',*,*,#5051,.F.);
#7552 = ORIENTED_EDGE('',*,*,#7533,.T.);
#7553 = PLANE('',#7554);
#7554 = AXIS2_PLACEMENT_3D('',#7555,#7556,#7557);
#7555 = CARTESIAN_POINT('',(5.4,0.,2.95));
#7556 = DIRECTION('',(1.,0.,0.));
#7557 = DIRECTION('',(0.,0.,1.));
#7558 = ADVANCED_FACE('',(#7559),#7575,.F.);
#7559 = FACE_BOUND('',#7560,.F.);
#7560 = EDGE_LOOP('',(#7561,#7567,#7568,#7574));
#7561 = ORIENTED_EDGE('',*,*,#7562,.F.);
#7562 = EDGE_CURVE('',#6112,#5076,#7563,.T.);
#7563 = LINE('',#7564,#7565);
#7564 = CARTESIAN_POINT('',(7.9,-0.4,3.45));
#7565 = VECTOR('',#7566,1.);
#7566 = DIRECTION('',(0.,0.,-1.));
#7567 = ORIENTED_EDGE('',*,*,#6111,.T.);
#7568 = ORIENTED_EDGE('',*,*,#7569,.T.);
#7569 = EDGE_CURVE('',#6114,#5078,#7570,.T.);
#7570 = LINE('',#7571,#7572);
#7571 = CARTESIAN_POINT('',(7.1,-0.4,3.45));
#7572 = VECTOR('',#7573,1.);
#7573 = DIRECTION('',(0.,0.,-1.));
#7574 = ORIENTED_EDGE('',*,*,#5075,.F.);
#7575 = PLANE('',#7576);
#7576 = AXIS2_PLACEMENT_3D('',#7577,#7578,#7579);
#7577 = CARTESIAN_POINT('',(7.9,-0.4,3.45));
#7578 = DIRECTION('',(0.,-1.,0.));
#7579 = DIRECTION('',(0.,0.,-1.));
#7580 = ADVANCED_FACE('',(#7581),#7592,.T.);
#7581 = FACE_BOUND('',#7582,.T.);
#7582 = EDGE_LOOP('',(#7583,#7584,#7585,#7586));
#7583 = ORIENTED_EDGE('',*,*,#6137,.T.);
#7584 = ORIENTED_EDGE('',*,*,#7569,.T.);
#7585 = ORIENTED_EDGE('',*,*,#5101,.F.);
#7586 = ORIENTED_EDGE('',*,*,#7587,.T.);
#7587 = EDGE_CURVE('',#5094,#6130,#7588,.T.);
#7588 = LINE('',#7589,#7590);
#7589 = CARTESIAN_POINT('',(7.1,0.4,2.45));
#7590 = VECTOR('',#7591,1.);
#7591 = DIRECTION('',(0.,0.,1.));
#7592 = PLANE('',#7593);
#7593 = AXIS2_PLACEMENT_3D('',#7594,#7595,#7596);
#7594 = CARTESIAN_POINT('',(7.1,0.,2.95));
#7595 = DIRECTION('',(1.,0.,0.));
#7596 = DIRECTION('',(0.,0.,1.));
#7597 = ADVANCED_FACE('',(#7598),#7609,.F.);
#7598 = FACE_BOUND('',#7599,.F.);
#7599 = EDGE_LOOP('',(#7600,#7606,#7607,#7608));
#7600 = ORIENTED_EDGE('',*,*,#7601,.F.);
#7601 = EDGE_CURVE('',#5086,#6122,#7602,.T.);
#7602 = LINE('',#7603,#7604);
#7603 = CARTESIAN_POINT('',(7.9,0.4,2.45));
#7604 = VECTOR('',#7605,1.);
#7605 = DIRECTION('',(0.,0.,1.));
#7606 = ORIENTED_EDGE('',*,*,#5093,.F.);
#7607 = ORIENTED_EDGE('',*,*,#7587,.T.);
#7608 = ORIENTED_EDGE('',*,*,#6129,.F.);
#7609 = PLANE('',#7610);
#7610 = AXIS2_PLACEMENT_3D('',#7611,#7612,#7613);
#7611 = CARTESIAN_POINT('',(7.9,0.4,2.45));
#7612 = DIRECTION('',(0.,1.,0.));
#7613 = DIRECTION('',(0.,0.,1.));
#7614 = ADVANCED_FACE('',(#7615),#7621,.F.);
#7615 = FACE_BOUND('',#7616,.F.);
#7616 = EDGE_LOOP('',(#7617,#7618,#7619,#7620));
#7617 = ORIENTED_EDGE('',*,*,#6121,.T.);
#7618 = ORIENTED_EDGE('',*,*,#7562,.T.);
#7619 = ORIENTED_EDGE('',*,*,#5085,.F.);
#7620 = ORIENTED_EDGE('',*,*,#7601,.T.);
#7621 = PLANE('',#7622);
#7622 = AXIS2_PLACEMENT_3D('',#7623,#7624,#7625);
#7623 = CARTESIAN_POINT('',(7.9,0.,2.95));
#7624 = DIRECTION('',(1.,0.,0.));
#7625 = DIRECTION('',(0.,0.,1.));
#7626 = ADVANCED_FACE('',(#7627),#7643,.F.);
#7627 = FACE_BOUND('',#7628,.F.);
#7628 = EDGE_LOOP('',(#7629,#7635,#7636,#7642));
#7629 = ORIENTED_EDGE('',*,*,#7630,.F.);
#7630 = EDGE_CURVE('',#6277,#5110,#7631,.T.);
#7631 = LINE('',#7632,#7633);
#7632 = CARTESIAN_POINT('',(10.4,-0.4,3.45));
#7633 = VECTOR('',#7634,1.);
#7634 = DIRECTION('',(0.,0.,-1.));
#7635 = ORIENTED_EDGE('',*,*,#6276,.T.);
#7636 = ORIENTED_EDGE('',*,*,#7637,.T.);
#7637 = EDGE_CURVE('',#6279,#5112,#7638,.T.);
#7638 = LINE('',#7639,#7640);
#7639 = CARTESIAN_POINT('',(9.6,-0.4,3.45));
#7640 = VECTOR('',#7641,1.);
#7641 = DIRECTION('',(0.,0.,-1.));
#7642 = ORIENTED_EDGE('',*,*,#5109,.F.);
#7643 = PLANE('',#7644);
#7644 = AXIS2_PLACEMENT_3D('',#7645,#7646,#7647);
#7645 = CARTESIAN_POINT('',(10.4,-0.4,3.45));
#7646 = DIRECTION('',(0.,-1.,0.));
#7647 = DIRECTION('',(0.,0.,-1.));
#7648 = ADVANCED_FACE('',(#7649),#7660,.T.);
#7649 = FACE_BOUND('',#7650,.T.);
#7650 = EDGE_LOOP('',(#7651,#7652,#7653,#7654));
#7651 = ORIENTED_EDGE('',*,*,#6302,.T.);
#7652 = ORIENTED_EDGE('',*,*,#7637,.T.);
#7653 = ORIENTED_EDGE('',*,*,#5135,.F.);
#7654 = ORIENTED_EDGE('',*,*,#7655,.T.);
#7655 = EDGE_CURVE('',#5128,#6295,#7656,.T.);
#7656 = LINE('',#7657,#7658);
#7657 = CARTESIAN_POINT('',(9.6,0.4,2.45));
#7658 = VECTOR('',#7659,1.);
#7659 = DIRECTION('',(0.,0.,1.));
#7660 = PLANE('',#7661);
#7661 = AXIS2_PLACEMENT_3D('',#7662,#7663,#7664);
#7662 = CARTESIAN_POINT('',(9.6,0.,2.95));
#7663 = DIRECTION('',(1.,0.,0.));
#7664 = DIRECTION('',(0.,0.,1.));
#7665 = ADVANCED_FACE('',(#7666),#7677,.F.);
#7666 = FACE_BOUND('',#7667,.F.);
#7667 = EDGE_LOOP('',(#7668,#7674,#7675,#7676));
#7668 = ORIENTED_EDGE('',*,*,#7669,.F.);
#7669 = EDGE_CURVE('',#5120,#6287,#7670,.T.);
#7670 = LINE('',#7671,#7672);
#7671 = CARTESIAN_POINT('',(10.4,0.4,2.45));
#7672 = VECTOR('',#7673,1.);
#7673 = DIRECTION('',(0.,0.,1.));
#7674 = ORIENTED_EDGE('',*,*,#5127,.F.);
#7675 = ORIENTED_EDGE('',*,*,#7655,.T.);
#7676 = ORIENTED_EDGE('',*,*,#6294,.F.);
#7677 = PLANE('',#7678);
#7678 = AXIS2_PLACEMENT_3D('',#7679,#7680,#7681);
#7679 = CARTESIAN_POINT('',(10.4,0.4,2.45));
#7680 = DIRECTION('',(0.,1.,0.));
#7681 = DIRECTION('',(0.,0.,1.));
#7682 = ADVANCED_FACE('',(#7683),#7689,.F.);
#7683 = FACE_BOUND('',#7684,.F.);
#7684 = EDGE_LOOP('',(#7685,#7686,#7687,#7688));
#7685 = ORIENTED_EDGE('',*,*,#6286,.T.);
#7686 = ORIENTED_EDGE('',*,*,#7630,.T.);
#7687 = ORIENTED_EDGE('',*,*,#5119,.F.);
#7688 = ORIENTED_EDGE('',*,*,#7669,.T.);
#7689 = PLANE('',#7690);
#7690 = AXIS2_PLACEMENT_3D('',#7691,#7692,#7693);
#7691 = CARTESIAN_POINT('',(10.4,0.,2.95));
#7692 = DIRECTION('',(1.,0.,0.));
#7693 = DIRECTION('',(0.,0.,1.));
#7694 = ADVANCED_FACE('',(#7695),#7711,.F.);
#7695 = FACE_BOUND('',#7696,.F.);
#7696 = EDGE_LOOP('',(#7697,#7703,#7704,#7710));
#7697 = ORIENTED_EDGE('',*,*,#7698,.F.);
#7698 = EDGE_CURVE('',#6442,#5144,#7699,.T.);
#7699 = LINE('',#7700,#7701);
#7700 = CARTESIAN_POINT('',(12.9,-0.4,3.45));
#7701 = VECTOR('',#7702,1.);
#7702 = DIRECTION('',(0.,0.,-1.));
#7703 = ORIENTED_EDGE('',*,*,#6441,.T.);
#7704 = ORIENTED_EDGE('',*,*,#7705,.T.);
#7705 = EDGE_CURVE('',#6444,#5146,#7706,.T.);
#7706 = LINE('',#7707,#7708);
#7707 = CARTESIAN_POINT('',(12.1,-0.4,3.45));
#7708 = VECTOR('',#7709,1.);
#7709 = DIRECTION('',(0.,0.,-1.));
#7710 = ORIENTED_EDGE('',*,*,#5143,.F.);
#7711 = PLANE('',#7712);
#7712 = AXIS2_PLACEMENT_3D('',#7713,#7714,#7715);
#7713 = CARTESIAN_POINT('',(12.9,-0.4,3.45));
#7714 = DIRECTION('',(0.,-1.,0.));
#7715 = DIRECTION('',(0.,0.,-1.));
#7716 = ADVANCED_FACE('',(#7717),#7728,.T.);
#7717 = FACE_BOUND('',#7718,.T.);
#7718 = EDGE_LOOP('',(#7719,#7720,#7721,#7722));
#7719 = ORIENTED_EDGE('',*,*,#6467,.T.);
#7720 = ORIENTED_EDGE('',*,*,#7705,.T.);
#7721 = ORIENTED_EDGE('',*,*,#5169,.F.);
#7722 = ORIENTED_EDGE('',*,*,#7723,.T.);
#7723 = EDGE_CURVE('',#5162,#6460,#7724,.T.);
#7724 = LINE('',#7725,#7726);
#7725 = CARTESIAN_POINT('',(12.1,0.4,2.45));
#7726 = VECTOR('',#7727,1.);
#7727 = DIRECTION('',(0.,0.,1.));
#7728 = PLANE('',#7729);
#7729 = AXIS2_PLACEMENT_3D('',#7730,#7731,#7732);
#7730 = CARTESIAN_POINT('',(12.1,0.,2.95));
#7731 = DIRECTION('',(1.,0.,0.));
#7732 = DIRECTION('',(0.,0.,1.));
#7733 = ADVANCED_FACE('',(#7734),#7745,.F.);
#7734 = FACE_BOUND('',#7735,.F.);
#7735 = EDGE_LOOP('',(#7736,#7742,#7743,#7744));
#7736 = ORIENTED_EDGE('',*,*,#7737,.F.);
#7737 = EDGE_CURVE('',#5154,#6452,#7738,.T.);
#7738 = LINE('',#7739,#7740);
#7739 = CARTESIAN_POINT('',(12.9,0.4,2.45));
#7740 = VECTOR('',#7741,1.);
#7741 = DIRECTION('',(0.,0.,1.));
#7742 = ORIENTED_EDGE('',*,*,#5161,.F.);
#7743 = ORIENTED_EDGE('',*,*,#7723,.T.);
#7744 = ORIENTED_EDGE('',*,*,#6459,.F.);
#7745 = PLANE('',#7746);
#7746 = AXIS2_PLACEMENT_3D('',#7747,#7748,#7749);
#7747 = CARTESIAN_POINT('',(12.9,0.4,2.45));
#7748 = DIRECTION('',(0.,1.,0.));
#7749 = DIRECTION('',(0.,0.,1.));
#7750 = ADVANCED_FACE('',(#7751),#7757,.F.);
#7751 = FACE_BOUND('',#7752,.F.);
#7752 = EDGE_LOOP('',(#7753,#7754,#7755,#7756));
#7753 = ORIENTED_EDGE('',*,*,#6451,.T.);
#7754 = ORIENTED_EDGE('',*,*,#7698,.T.);
#7755 = ORIENTED_EDGE('',*,*,#5153,.F.);
#7756 = ORIENTED_EDGE('',*,*,#7737,.T.);
#7757 = PLANE('',#7758);
#7758 = AXIS2_PLACEMENT_3D('',#7759,#7760,#7761);
#7759 = CARTESIAN_POINT('',(12.9,0.,2.95));
#7760 = DIRECTION('',(1.,0.,0.));
#7761 = DIRECTION('',(0.,0.,1.));
#7762 = ADVANCED_FACE('',(#7763),#7779,.F.);
#7763 = FACE_BOUND('',#7764,.F.);
#7764 = EDGE_LOOP('',(#7765,#7771,#7772,#7778));
#7765 = ORIENTED_EDGE('',*,*,#7766,.F.);
#7766 = EDGE_CURVE('',#6607,#5178,#7767,.T.);
#7767 = LINE('',#7768,#7769);
#7768 = CARTESIAN_POINT('',(15.4,-0.4,3.45));
#7769 = VECTOR('',#7770,1.);
#7770 = DIRECTION('',(0.,0.,-1.));
#7771 = ORIENTED_EDGE('',*,*,#6606,.T.);
#7772 = ORIENTED_EDGE('',*,*,#7773,.T.);
#7773 = EDGE_CURVE('',#6609,#5180,#7774,.T.);
#7774 = LINE('',#7775,#7776);
#7775 = CARTESIAN_POINT('',(14.6,-0.4,3.45));
#7776 = VECTOR('',#7777,1.);
#7777 = DIRECTION('',(0.,0.,-1.));
#7778 = ORIENTED_EDGE('',*,*,#5177,.F.);
#7779 = PLANE('',#7780);
#7780 = AXIS2_PLACEMENT_3D('',#7781,#7782,#7783);
#7781 = CARTESIAN_POINT('',(15.4,-0.4,3.45));
#7782 = DIRECTION('',(0.,-1.,0.));
#7783 = DIRECTION('',(0.,0.,-1.));
#7784 = ADVANCED_FACE('',(#7785),#7796,.T.);
#7785 = FACE_BOUND('',#7786,.T.);
#7786 = EDGE_LOOP('',(#7787,#7788,#7789,#7790));
#7787 = ORIENTED_EDGE('',*,*,#6632,.T.);
#7788 = ORIENTED_EDGE('',*,*,#7773,.T.);
#7789 = ORIENTED_EDGE('',*,*,#5203,.F.);
#7790 = ORIENTED_EDGE('',*,*,#7791,.T.);
#7791 = EDGE_CURVE('',#5196,#6625,#7792,.T.);
#7792 = LINE('',#7793,#7794);
#7793 = CARTESIAN_POINT('',(14.6,0.4,2.45));
#7794 = VECTOR('',#7795,1.);
#7795 = DIRECTION('',(0.,0.,1.));
#7796 = PLANE('',#7797);
#7797 = AXIS2_PLACEMENT_3D('',#7798,#7799,#7800);
#7798 = CARTESIAN_POINT('',(14.6,0.,2.95));
#7799 = DIRECTION('',(1.,0.,0.));
#7800 = DIRECTION('',(0.,0.,1.));
#7801 = ADVANCED_FACE('',(#7802),#7813,.F.);
#7802 = FACE_BOUND('',#7803,.F.);
#7803 = EDGE_LOOP('',(#7804,#7810,#7811,#7812));
#7804 = ORIENTED_EDGE('',*,*,#7805,.F.);
#7805 = EDGE_CURVE('',#5188,#6617,#7806,.T.);
#7806 = LINE('',#7807,#7808);
#7807 = CARTESIAN_POINT('',(15.4,0.4,2.45));
#7808 = VECTOR('',#7809,1.);
#7809 = DIRECTION('',(0.,0.,1.));
#7810 = ORIENTED_EDGE('',*,*,#5195,.F.);
#7811 = ORIENTED_EDGE('',*,*,#7791,.T.);
#7812 = ORIENTED_EDGE('',*,*,#6624,.F.);
#7813 = PLANE('',#7814);
#7814 = AXIS2_PLACEMENT_3D('',#7815,#7816,#7817);
#7815 = CARTESIAN_POINT('',(15.4,0.4,2.45));
#7816 = DIRECTION('',(0.,1.,0.));
#7817 = DIRECTION('',(0.,0.,1.));
#7818 = ADVANCED_FACE('',(#7819),#7825,.F.);
#7819 = FACE_BOUND('',#7820,.F.);
#7820 = EDGE_LOOP('',(#7821,#7822,#7823,#7824));
#7821 = ORIENTED_EDGE('',*,*,#6616,.T.);
#7822 = ORIENTED_EDGE('',*,*,#7766,.T.);
#7823 = ORIENTED_EDGE('',*,*,#5187,.F.);
#7824 = ORIENTED_EDGE('',*,*,#7805,.T.);
#7825 = PLANE('',#7826);
#7826 = AXIS2_PLACEMENT_3D('',#7827,#7828,#7829);
#7827 = CARTESIAN_POINT('',(15.4,0.,2.95));
#7828 = DIRECTION('',(1.,0.,0.));
#7829 = DIRECTION('',(0.,0.,1.));
#7830 = ADVANCED_FACE('',(#7831),#7847,.F.);
#7831 = FACE_BOUND('',#7832,.F.);
#7832 = EDGE_LOOP('',(#7833,#7839,#7840,#7846));
#7833 = ORIENTED_EDGE('',*,*,#7834,.F.);
#7834 = EDGE_CURVE('',#6772,#5212,#7835,.T.);
#7835 = LINE('',#7836,#7837);
#7836 = CARTESIAN_POINT('',(17.9,-0.4,3.45));
#7837 = VECTOR('',#7838,1.);
#7838 = DIRECTION('',(0.,0.,-1.));
#7839 = ORIENTED_EDGE('',*,*,#6771,.T.);
#7840 = ORIENTED_EDGE('',*,*,#7841,.T.);
#7841 = EDGE_CURVE('',#6774,#5214,#7842,.T.);
#7842 = LINE('',#7843,#7844);
#7843 = CARTESIAN_POINT('',(17.1,-0.4,3.45));
#7844 = VECTOR('',#7845,1.);
#7845 = DIRECTION('',(0.,0.,-1.));
#7846 = ORIENTED_EDGE('',*,*,#5211,.F.);
#7847 = PLANE('',#7848);
#7848 = AXIS2_PLACEMENT_3D('',#7849,#7850,#7851);
#7849 = CARTESIAN_POINT('',(17.9,-0.4,3.45));
#7850 = DIRECTION('',(0.,-1.,0.));
#7851 = DIRECTION('',(0.,0.,-1.));
#7852 = ADVANCED_FACE('',(#7853),#7864,.T.);
#7853 = FACE_BOUND('',#7854,.T.);
#7854 = EDGE_LOOP('',(#7855,#7856,#7857,#7858));
#7855 = ORIENTED_EDGE('',*,*,#6797,.T.);
#7856 = ORIENTED_EDGE('',*,*,#7841,.T.);
#7857 = ORIENTED_EDGE('',*,*,#5237,.F.);
#7858 = ORIENTED_EDGE('',*,*,#7859,.T.);
#7859 = EDGE_CURVE('',#5230,#6790,#7860,.T.);
#7860 = LINE('',#7861,#7862);
#7861 = CARTESIAN_POINT('',(17.1,0.4,2.45));
#7862 = VECTOR('',#7863,1.);
#7863 = DIRECTION('',(0.,0.,1.));
#7864 = PLANE('',#7865);
#7865 = AXIS2_PLACEMENT_3D('',#7866,#7867,#7868);
#7866 = CARTESIAN_POINT('',(17.1,0.,2.95));
#7867 = DIRECTION('',(1.,0.,0.));
#7868 = DIRECTION('',(0.,0.,1.));
#7869 = ADVANCED_FACE('',(#7870),#7881,.F.);
#7870 = FACE_BOUND('',#7871,.F.);
#7871 = EDGE_LOOP('',(#7872,#7878,#7879,#7880));
#7872 = ORIENTED_EDGE('',*,*,#7873,.F.);
#7873 = EDGE_CURVE('',#5222,#6782,#7874,.T.);
#7874 = LINE('',#7875,#7876);
#7875 = CARTESIAN_POINT('',(17.9,0.4,2.45));
#7876 = VECTOR('',#7877,1.);
#7877 = DIRECTION('',(0.,0.,1.));
#7878 = ORIENTED_EDGE('',*,*,#5229,.F.);
#7879 = ORIENTED_EDGE('',*,*,#7859,.T.);
#7880 = ORIENTED_EDGE('',*,*,#6789,.F.);
#7881 = PLANE('',#7882);
#7882 = AXIS2_PLACEMENT_3D('',#7883,#7884,#7885);
#7883 = CARTESIAN_POINT('',(17.9,0.4,2.45));
#7884 = DIRECTION('',(0.,1.,0.));
#7885 = DIRECTION('',(0.,0.,1.));
#7886 = ADVANCED_FACE('',(#7887),#7893,.F.);
#7887 = FACE_BOUND('',#7888,.F.);
#7888 = EDGE_LOOP('',(#7889,#7890,#7891,#7892));
#7889 = ORIENTED_EDGE('',*,*,#6781,.T.);
#7890 = ORIENTED_EDGE('',*,*,#7834,.T.);
#7891 = ORIENTED_EDGE('',*,*,#5221,.F.);
#7892 = ORIENTED_EDGE('',*,*,#7873,.T.);
#7893 = PLANE('',#7894);
#7894 = AXIS2_PLACEMENT_3D('',#7895,#7896,#7897);
#7895 = CARTESIAN_POINT('',(17.9,0.,2.95));
#7896 = DIRECTION('',(1.,0.,0.));
#7897 = DIRECTION('',(0.,0.,1.));
#7898 = ADVANCED_FACE('',(#7899),#7915,.F.);
#7899 = FACE_BOUND('',#7900,.F.);
#7900 = EDGE_LOOP('',(#7901,#7907,#7908,#7914));
#7901 = ORIENTED_EDGE('',*,*,#7902,.F.);
#7902 = EDGE_CURVE('',#6937,#5246,#7903,.T.);
#7903 = LINE('',#7904,#7905);
#7904 = CARTESIAN_POINT('',(20.4,-0.4,3.45));
#7905 = VECTOR('',#7906,1.);
#7906 = DIRECTION('',(0.,0.,-1.));
#7907 = ORIENTED_EDGE('',*,*,#6936,.T.);
#7908 = ORIENTED_EDGE('',*,*,#7909,.T.);
#7909 = EDGE_CURVE('',#6939,#5248,#7910,.T.);
#7910 = LINE('',#7911,#7912);
#7911 = CARTESIAN_POINT('',(19.6,-0.4,3.45));
#7912 = VECTOR('',#7913,1.);
#7913 = DIRECTION('',(0.,0.,-1.));
#7914 = ORIENTED_EDGE('',*,*,#5245,.F.);
#7915 = PLANE('',#7916);
#7916 = AXIS2_PLACEMENT_3D('',#7917,#7918,#7919);
#7917 = CARTESIAN_POINT('',(20.4,-0.4,3.45));
#7918 = DIRECTION('',(0.,-1.,0.));
#7919 = DIRECTION('',(0.,0.,-1.));
#7920 = ADVANCED_FACE('',(#7921),#7932,.T.);
#7921 = FACE_BOUND('',#7922,.T.);
#7922 = EDGE_LOOP('',(#7923,#7924,#7925,#7926));
#7923 = ORIENTED_EDGE('',*,*,#6962,.T.);
#7924 = ORIENTED_EDGE('',*,*,#7909,.T.);
#7925 = ORIENTED_EDGE('',*,*,#5271,.F.);
#7926 = ORIENTED_EDGE('',*,*,#7927,.T.);
#7927 = EDGE_CURVE('',#5264,#6955,#7928,.T.);
#7928 = LINE('',#7929,#7930);
#7929 = CARTESIAN_POINT('',(19.6,0.4,2.45));
#7930 = VECTOR('',#7931,1.);
#7931 = DIRECTION('',(0.,0.,1.));
#7932 = PLANE('',#7933);
#7933 = AXIS2_PLACEMENT_3D('',#7934,#7935,#7936);
#7934 = CARTESIAN_POINT('',(19.6,0.,2.95));
#7935 = DIRECTION('',(1.,0.,0.));
#7936 = DIRECTION('',(0.,0.,1.));
#7937 = ADVANCED_FACE('',(#7938),#7949,.F.);
#7938 = FACE_BOUND('',#7939,.F.);
#7939 = EDGE_LOOP('',(#7940,#7946,#7947,#7948));
#7940 = ORIENTED_EDGE('',*,*,#7941,.F.);
#7941 = EDGE_CURVE('',#5256,#6947,#7942,.T.);
#7942 = LINE('',#7943,#7944);
#7943 = CARTESIAN_POINT('',(20.4,0.4,2.45));
#7944 = VECTOR('',#7945,1.);
#7945 = DIRECTION('',(0.,0.,1.));
#7946 = ORIENTED_EDGE('',*,*,#5263,.F.);
#7947 = ORIENTED_EDGE('',*,*,#7927,.T.);
#7948 = ORIENTED_EDGE('',*,*,#6954,.F.);
#7949 = PLANE('',#7950);
#7950 = AXIS2_PLACEMENT_3D('',#7951,#7952,#7953);
#7951 = CARTESIAN_POINT('',(20.4,0.4,2.45));
#7952 = DIRECTION('',(0.,1.,0.));
#7953 = DIRECTION('',(0.,0.,1.));
#7954 = ADVANCED_FACE('',(#7955),#7961,.F.);
#7955 = FACE_BOUND('',#7956,.F.);
#7956 = EDGE_LOOP('',(#7957,#7958,#7959,#7960));
#7957 = ORIENTED_EDGE('',*,*,#6946,.T.);
#7958 = ORIENTED_EDGE('',*,*,#7902,.T.);
#7959 = ORIENTED_EDGE('',*,*,#5255,.F.);
#7960 = ORIENTED_EDGE('',*,*,#7941,.T.);
#7961 = PLANE('',#7962);
#7962 = AXIS2_PLACEMENT_3D('',#7963,#7964,#7965);
#7963 = CARTESIAN_POINT('',(20.4,0.,2.95));
#7964 = DIRECTION('',(1.,0.,0.));
#7965 = DIRECTION('',(0.,0.,1.));
#7966 = ADVANCED_FACE('',(#7967),#7983,.F.);
#7967 = FACE_BOUND('',#7968,.F.);
#7968 = EDGE_LOOP('',(#7969,#7975,#7976,#7982));
#7969 = ORIENTED_EDGE('',*,*,#7970,.F.);
#7970 = EDGE_CURVE('',#7102,#5280,#7971,.T.);
#7971 = LINE('',#7972,#7973);
#7972 = CARTESIAN_POINT('',(22.9,-0.4,3.45));
#7973 = VECTOR('',#7974,1.);
#7974 = DIRECTION('',(0.,0.,-1.));
#7975 = ORIENTED_EDGE('',*,*,#7101,.T.);
#7976 = ORIENTED_EDGE('',*,*,#7977,.T.);
#7977 = EDGE_CURVE('',#7104,#5282,#7978,.T.);
#7978 = LINE('',#7979,#7980);
#7979 = CARTESIAN_POINT('',(22.1,-0.4,3.45));
#7980 = VECTOR('',#7981,1.);
#7981 = DIRECTION('',(0.,0.,-1.));
#7982 = ORIENTED_EDGE('',*,*,#5279,.F.);
#7983 = PLANE('',#7984);
#7984 = AXIS2_PLACEMENT_3D('',#7985,#7986,#7987);
#7985 = CARTESIAN_POINT('',(22.9,-0.4,3.45));
#7986 = DIRECTION('',(0.,-1.,0.));
#7987 = DIRECTION('',(0.,0.,-1.));
#7988 = ADVANCED_FACE('',(#7989),#8000,.T.);
#7989 = FACE_BOUND('',#7990,.T.);
#7990 = EDGE_LOOP('',(#7991,#7992,#7993,#7994));
#7991 = ORIENTED_EDGE('',*,*,#7127,.T.);
#7992 = ORIENTED_EDGE('',*,*,#7977,.T.);
#7993 = ORIENTED_EDGE('',*,*,#5305,.F.);
#7994 = ORIENTED_EDGE('',*,*,#7995,.T.);
#7995 = EDGE_CURVE('',#5298,#7120,#7996,.T.);
#7996 = LINE('',#7997,#7998);
#7997 = CARTESIAN_POINT('',(22.1,0.4,2.45));
#7998 = VECTOR('',#7999,1.);
#7999 = DIRECTION('',(0.,0.,1.));
#8000 = PLANE('',#8001);
#8001 = AXIS2_PLACEMENT_3D('',#8002,#8003,#8004);
#8002 = CARTESIAN_POINT('',(22.1,0.,2.95));
#8003 = DIRECTION('',(1.,0.,0.));
#8004 = DIRECTION('',(0.,0.,1.));
#8005 = ADVANCED_FACE('',(#8006),#8017,.F.);
#8006 = FACE_BOUND('',#8007,.F.);
#8007 = EDGE_LOOP('',(#8008,#8014,#8015,#8016));
#8008 = ORIENTED_EDGE('',*,*,#8009,.F.);
#8009 = EDGE_CURVE('',#5290,#7112,#8010,.T.);
#8010 = LINE('',#8011,#8012);
#8011 = CARTESIAN_POINT('',(22.9,0.4,2.45));
#8012 = VECTOR('',#8013,1.);
#8013 = DIRECTION('',(0.,0.,1.));
#8014 = ORIENTED_EDGE('',*,*,#5297,.F.);
#8015 = ORIENTED_EDGE('',*,*,#7995,.T.);
#8016 = ORIENTED_EDGE('',*,*,#7119,.F.);
#8017 = PLANE('',#8018);
#8018 = AXIS2_PLACEMENT_3D('',#8019,#8020,#8021);
#8019 = CARTESIAN_POINT('',(22.9,0.4,2.45));
#8020 = DIRECTION('',(0.,1.,0.));
#8021 = DIRECTION('',(0.,0.,1.));
#8022 = ADVANCED_FACE('',(#8023),#8029,.F.);
#8023 = FACE_BOUND('',#8024,.F.);
#8024 = EDGE_LOOP('',(#8025,#8026,#8027,#8028));
#8025 = ORIENTED_EDGE('',*,*,#7111,.T.);
#8026 = ORIENTED_EDGE('',*,*,#7970,.T.);
#8027 = ORIENTED_EDGE('',*,*,#5289,.F.);
#8028 = ORIENTED_EDGE('',*,*,#8009,.T.);
#8029 = PLANE('',#8030);
#8030 = AXIS2_PLACEMENT_3D('',#8031,#8032,#8033);
#8031 = CARTESIAN_POINT('',(22.9,0.,2.95));
#8032 = DIRECTION('',(1.,0.,0.));
#8033 = DIRECTION('',(0.,0.,1.));
#8034 = ADVANCED_FACE('',(#8035),#8046,.F.);
#8035 = FACE_BOUND('',#8036,.F.);
#8036 = EDGE_LOOP('',(#8037,#8038,#8039,#8045));
#8037 = ORIENTED_EDGE('',*,*,#5606,.T.);
#8038 = ORIENTED_EDGE('',*,*,#5660,.T.);
#8039 = ORIENTED_EDGE('',*,*,#8040,.F.);
#8040 = EDGE_CURVE('',#5564,#5661,#8041,.T.);
#8041 = LINE('',#8042,#8043);
#8042 = CARTESIAN_POINT('',(0.6,1.044,2.6151));
#8043 = VECTOR('',#8044,1.);
#8044 = DIRECTION('',(-1.,-0.,-0.));
#8045 = ORIENTED_EDGE('',*,*,#5563,.F.);
#8046 = PLANE('',#8047);
#8047 = AXIS2_PLACEMENT_3D('',#8048,#8049,#8050);
#8048 = CARTESIAN_POINT('',(0.6,0.5468198,3.45));
#8049 = DIRECTION('',(0.,-0.859195209828,-0.511647917429));
#8050 = DIRECTION('',(0.,0.511647917429,-0.859195209828));
#8051 = ADVANCED_FACE('',(#8052),#8058,.F.);
#8052 = FACE_BOUND('',#8053,.F.);
#8053 = EDGE_LOOP('',(#8054,#8055,#8056,#8057));
#8054 = ORIENTED_EDGE('',*,*,#8040,.T.);
#8055 = ORIENTED_EDGE('',*,*,#5668,.T.);
#8056 = ORIENTED_EDGE('',*,*,#7329,.F.);
#8057 = ORIENTED_EDGE('',*,*,#5571,.F.);
#8058 = PLANE('',#8059);
#8059 = AXIS2_PLACEMENT_3D('',#8060,#8061,#8062);
#8060 = CARTESIAN_POINT('',(0.6,1.044,2.6151));
#8061 = DIRECTION('',(0.,0.,-1.));
#8062 = DIRECTION('',(0.,1.,0.));
#8063 = ADVANCED_FACE('',(#8064),#8075,.F.);
#8064 = FACE_BOUND('',#8065,.F.);
#8065 = EDGE_LOOP('',(#8066,#8067,#8068,#8074));
#8066 = ORIENTED_EDGE('',*,*,#5771,.T.);
#8067 = ORIENTED_EDGE('',*,*,#5825,.T.);
#8068 = ORIENTED_EDGE('',*,*,#8069,.F.);
#8069 = EDGE_CURVE('',#5729,#5826,#8070,.T.);
#8070 = LINE('',#8071,#8072);
#8071 = CARTESIAN_POINT('',(3.1,1.044,2.6151));
#8072 = VECTOR('',#8073,1.);
#8073 = DIRECTION('',(-1.,-0.,-0.));
#8074 = ORIENTED_EDGE('',*,*,#5728,.F.);
#8075 = PLANE('',#8076);
#8076 = AXIS2_PLACEMENT_3D('',#8077,#8078,#8079);
#8077 = CARTESIAN_POINT('',(3.1,0.5468198,3.45));
#8078 = DIRECTION('',(0.,-0.859195209828,-0.511647917429));
#8079 = DIRECTION('',(0.,0.511647917429,-0.859195209828));
#8080 = ADVANCED_FACE('',(#8081),#8087,.F.);
#8081 = FACE_BOUND('',#8082,.F.);
#8082 = EDGE_LOOP('',(#8083,#8084,#8085,#8086));
#8083 = ORIENTED_EDGE('',*,*,#8069,.T.);
#8084 = ORIENTED_EDGE('',*,*,#5833,.T.);
#8085 = ORIENTED_EDGE('',*,*,#7312,.F.);
#8086 = ORIENTED_EDGE('',*,*,#5736,.F.);
#8087 = PLANE('',#8088);
#8088 = AXIS2_PLACEMENT_3D('',#8089,#8090,#8091);
#8089 = CARTESIAN_POINT('',(3.1,1.044,2.6151));
#8090 = DIRECTION('',(0.,0.,-1.));
#8091 = DIRECTION('',(0.,1.,0.));
#8092 = ADVANCED_FACE('',(#8093),#8104,.F.);
#8093 = FACE_BOUND('',#8094,.F.);
#8094 = EDGE_LOOP('',(#8095,#8096,#8097,#8103));
#8095 = ORIENTED_EDGE('',*,*,#5936,.T.);
#8096 = ORIENTED_EDGE('',*,*,#5990,.T.);
#8097 = ORIENTED_EDGE('',*,*,#8098,.F.);
#8098 = EDGE_CURVE('',#5894,#5991,#8099,.T.);
#8099 = LINE('',#8100,#8101);
#8100 = CARTESIAN_POINT('',(5.6,1.044,2.6151));
#8101 = VECTOR('',#8102,1.);
#8102 = DIRECTION('',(-1.,-0.,-0.));
#8103 = ORIENTED_EDGE('',*,*,#5893,.F.);
#8104 = PLANE('',#8105);
#8105 = AXIS2_PLACEMENT_3D('',#8106,#8107,#8108);
#8106 = CARTESIAN_POINT('',(5.6,0.5468198,3.45));
#8107 = DIRECTION('',(0.,-0.859195209828,-0.511647917429));
#8108 = DIRECTION('',(0.,0.511647917429,-0.859195209828));
#8109 = ADVANCED_FACE('',(#8110),#8116,.F.);
#8110 = FACE_BOUND('',#8111,.F.);
#8111 = EDGE_LOOP('',(#8112,#8113,#8114,#8115));
#8112 = ORIENTED_EDGE('',*,*,#8098,.T.);
#8113 = ORIENTED_EDGE('',*,*,#5998,.T.);
#8114 = ORIENTED_EDGE('',*,*,#7295,.F.);
#8115 = ORIENTED_EDGE('',*,*,#5901,.F.);
#8116 = PLANE('',#8117);
#8117 = AXIS2_PLACEMENT_3D('',#8118,#8119,#8120);
#8118 = CARTESIAN_POINT('',(5.6,1.044,2.6151));
#8119 = DIRECTION('',(0.,0.,-1.));
#8120 = DIRECTION('',(0.,1.,0.));
#8121 = ADVANCED_FACE('',(#8122),#8133,.F.);
#8122 = FACE_BOUND('',#8123,.F.);
#8123 = EDGE_LOOP('',(#8124,#8125,#8126,#8132));
#8124 = ORIENTED_EDGE('',*,*,#6101,.T.);
#8125 = ORIENTED_EDGE('',*,*,#6155,.T.);
#8126 = ORIENTED_EDGE('',*,*,#8127,.F.);
#8127 = EDGE_CURVE('',#6059,#6156,#8128,.T.);
#8128 = LINE('',#8129,#8130);
#8129 = CARTESIAN_POINT('',(8.1,1.044,2.6151));
#8130 = VECTOR('',#8131,1.);
#8131 = DIRECTION('',(-1.,-0.,-0.));
#8132 = ORIENTED_EDGE('',*,*,#6058,.F.);
#8133 = PLANE('',#8134);
#8134 = AXIS2_PLACEMENT_3D('',#8135,#8136,#8137);
#8135 = CARTESIAN_POINT('',(8.1,0.5468198,3.45));
#8136 = DIRECTION('',(0.,-0.859195209828,-0.511647917429));
#8137 = DIRECTION('',(0.,0.511647917429,-0.859195209828));
#8138 = ADVANCED_FACE('',(#8139),#8145,.F.);
#8139 = FACE_BOUND('',#8140,.F.);
#8140 = EDGE_LOOP('',(#8141,#8142,#8143,#8144));
#8141 = ORIENTED_EDGE('',*,*,#8127,.T.);
#8142 = ORIENTED_EDGE('',*,*,#6163,.T.);
#8143 = ORIENTED_EDGE('',*,*,#7278,.F.);
#8144 = ORIENTED_EDGE('',*,*,#6066,.F.);
#8145 = PLANE('',#8146);
#8146 = AXIS2_PLACEMENT_3D('',#8147,#8148,#8149);
#8147 = CARTESIAN_POINT('',(8.1,1.044,2.6151));
#8148 = DIRECTION('',(0.,0.,-1.));
#8149 = DIRECTION('',(0.,1.,0.));
#8150 = ADVANCED_FACE('',(#8151),#8162,.F.);
#8151 = FACE_BOUND('',#8152,.F.);
#8152 = EDGE_LOOP('',(#8153,#8154,#8155,#8161));
#8153 = ORIENTED_EDGE('',*,*,#6266,.T.);
#8154 = ORIENTED_EDGE('',*,*,#6320,.T.);
#8155 = ORIENTED_EDGE('',*,*,#8156,.F.);
#8156 = EDGE_CURVE('',#6224,#6321,#8157,.T.);
#8157 = LINE('',#8158,#8159);
#8158 = CARTESIAN_POINT('',(10.6,1.044,2.6151));
#8159 = VECTOR('',#8160,1.);
#8160 = DIRECTION('',(-1.,-0.,-0.));
#8161 = ORIENTED_EDGE('',*,*,#6223,.F.);
#8162 = PLANE('',#8163);
#8163 = AXIS2_PLACEMENT_3D('',#8164,#8165,#8166);
#8164 = CARTESIAN_POINT('',(10.6,0.5468198,3.45));
#8165 = DIRECTION('',(0.,-0.859195209828,-0.511647917429));
#8166 = DIRECTION('',(0.,0.511647917429,-0.859195209828));
#8167 = ADVANCED_FACE('',(#8168),#8174,.F.);
#8168 = FACE_BOUND('',#8169,.F.);
#8169 = EDGE_LOOP('',(#8170,#8171,#8172,#8173));
#8170 = ORIENTED_EDGE('',*,*,#8156,.T.);
#8171 = ORIENTED_EDGE('',*,*,#6328,.T.);
#8172 = ORIENTED_EDGE('',*,*,#7261,.F.);
#8173 = ORIENTED_EDGE('',*,*,#6231,.F.);
#8174 = PLANE('',#8175);
#8175 = AXIS2_PLACEMENT_3D('',#8176,#8177,#8178);
#8176 = CARTESIAN_POINT('',(10.6,1.044,2.6151));
#8177 = DIRECTION('',(0.,0.,-1.));
#8178 = DIRECTION('',(0.,1.,0.));
#8179 = ADVANCED_FACE('',(#8180),#8191,.F.);
#8180 = FACE_BOUND('',#8181,.F.);
#8181 = EDGE_LOOP('',(#8182,#8183,#8184,#8190));
#8182 = ORIENTED_EDGE('',*,*,#6431,.T.);
#8183 = ORIENTED_EDGE('',*,*,#6485,.T.);
#8184 = ORIENTED_EDGE('',*,*,#8185,.F.);
#8185 = EDGE_CURVE('',#6389,#6486,#8186,.T.);
#8186 = LINE('',#8187,#8188);
#8187 = CARTESIAN_POINT('',(13.1,1.044,2.6151));
#8188 = VECTOR('',#8189,1.);
#8189 = DIRECTION('',(-1.,-0.,-0.));
#8190 = ORIENTED_EDGE('',*,*,#6388,.F.);
#8191 = PLANE('',#8192);
#8192 = AXIS2_PLACEMENT_3D('',#8193,#8194,#8195);
#8193 = CARTESIAN_POINT('',(13.1,0.5468198,3.45));
#8194 = DIRECTION('',(0.,-0.859195209828,-0.511647917429));
#8195 = DIRECTION('',(0.,0.511647917429,-0.859195209828));
#8196 = ADVANCED_FACE('',(#8197),#8203,.F.);
#8197 = FACE_BOUND('',#8198,.F.);
#8198 = EDGE_LOOP('',(#8199,#8200,#8201,#8202));
#8199 = ORIENTED_EDGE('',*,*,#8185,.T.);
#8200 = ORIENTED_EDGE('',*,*,#6493,.T.);
#8201 = ORIENTED_EDGE('',*,*,#7244,.F.);
#8202 = ORIENTED_EDGE('',*,*,#6396,.F.);
#8203 = PLANE('',#8204);
#8204 = AXIS2_PLACEMENT_3D('',#8205,#8206,#8207);
#8205 = CARTESIAN_POINT('',(13.1,1.044,2.6151));
#8206 = DIRECTION('',(0.,0.,-1.));
#8207 = DIRECTION('',(0.,1.,0.));
#8208 = ADVANCED_FACE('',(#8209),#8220,.F.);
#8209 = FACE_BOUND('',#8210,.F.);
#8210 = EDGE_LOOP('',(#8211,#8212,#8213,#8219));
#8211 = ORIENTED_EDGE('',*,*,#6596,.T.);
#8212 = ORIENTED_EDGE('',*,*,#6650,.T.);
#8213 = ORIENTED_EDGE('',*,*,#8214,.F.);
#8214 = EDGE_CURVE('',#6554,#6651,#8215,.T.);
#8215 = LINE('',#8216,#8217);
#8216 = CARTESIAN_POINT('',(15.6,1.044,2.6151));
#8217 = VECTOR('',#8218,1.);
#8218 = DIRECTION('',(-1.,-0.,-0.));
#8219 = ORIENTED_EDGE('',*,*,#6553,.F.);
#8220 = PLANE('',#8221);
#8221 = AXIS2_PLACEMENT_3D('',#8222,#8223,#8224);
#8222 = CARTESIAN_POINT('',(15.6,0.5468198,3.45));
#8223 = DIRECTION('',(0.,-0.859195209828,-0.511647917429));
#8224 = DIRECTION('',(0.,0.511647917429,-0.859195209828));
#8225 = ADVANCED_FACE('',(#8226),#8232,.F.);
#8226 = FACE_BOUND('',#8227,.F.);
#8227 = EDGE_LOOP('',(#8228,#8229,#8230,#8231));
#8228 = ORIENTED_EDGE('',*,*,#8214,.T.);
#8229 = ORIENTED_EDGE('',*,*,#6658,.T.);
#8230 = ORIENTED_EDGE('',*,*,#7227,.F.);
#8231 = ORIENTED_EDGE('',*,*,#6561,.F.);
#8232 = PLANE('',#8233);
#8233 = AXIS2_PLACEMENT_3D('',#8234,#8235,#8236);
#8234 = CARTESIAN_POINT('',(15.6,1.044,2.6151));
#8235 = DIRECTION('',(0.,0.,-1.));
#8236 = DIRECTION('',(0.,1.,0.));
#8237 = ADVANCED_FACE('',(#8238),#8249,.F.);
#8238 = FACE_BOUND('',#8239,.F.);
#8239 = EDGE_LOOP('',(#8240,#8241,#8242,#8248));
#8240 = ORIENTED_EDGE('',*,*,#6761,.T.);
#8241 = ORIENTED_EDGE('',*,*,#6815,.T.);
#8242 = ORIENTED_EDGE('',*,*,#8243,.F.);
#8243 = EDGE_CURVE('',#6719,#6816,#8244,.T.);
#8244 = LINE('',#8245,#8246);
#8245 = CARTESIAN_POINT('',(18.1,1.044,2.6151));
#8246 = VECTOR('',#8247,1.);
#8247 = DIRECTION('',(-1.,-0.,-0.));
#8248 = ORIENTED_EDGE('',*,*,#6718,.F.);
#8249 = PLANE('',#8250);
#8250 = AXIS2_PLACEMENT_3D('',#8251,#8252,#8253);
#8251 = CARTESIAN_POINT('',(18.1,0.5468198,3.45));
#8252 = DIRECTION('',(0.,-0.859195209828,-0.511647917429));
#8253 = DIRECTION('',(0.,0.511647917429,-0.859195209828));
#8254 = ADVANCED_FACE('',(#8255),#8261,.F.);
#8255 = FACE_BOUND('',#8256,.F.);
#8256 = EDGE_LOOP('',(#8257,#8258,#8259,#8260));
#8257 = ORIENTED_EDGE('',*,*,#8243,.T.);
#8258 = ORIENTED_EDGE('',*,*,#6823,.T.);
#8259 = ORIENTED_EDGE('',*,*,#7210,.F.);
#8260 = ORIENTED_EDGE('',*,*,#6726,.F.);
#8261 = PLANE('',#8262);
#8262 = AXIS2_PLACEMENT_3D('',#8263,#8264,#8265);
#8263 = CARTESIAN_POINT('',(18.1,1.044,2.6151));
#8264 = DIRECTION('',(0.,0.,-1.));
#8265 = DIRECTION('',(0.,1.,0.));
#8266 = ADVANCED_FACE('',(#8267),#8278,.F.);
#8267 = FACE_BOUND('',#8268,.F.);
#8268 = EDGE_LOOP('',(#8269,#8270,#8271,#8277));
#8269 = ORIENTED_EDGE('',*,*,#6926,.T.);
#8270 = ORIENTED_EDGE('',*,*,#6980,.T.);
#8271 = ORIENTED_EDGE('',*,*,#8272,.F.);
#8272 = EDGE_CURVE('',#6884,#6981,#8273,.T.);
#8273 = LINE('',#8274,#8275);
#8274 = CARTESIAN_POINT('',(20.6,1.044,2.6151));
#8275 = VECTOR('',#8276,1.);
#8276 = DIRECTION('',(-1.,-0.,-0.));
#8277 = ORIENTED_EDGE('',*,*,#6883,.F.);
#8278 = PLANE('',#8279);
#8279 = AXIS2_PLACEMENT_3D('',#8280,#8281,#8282);
#8280 = CARTESIAN_POINT('',(20.6,0.5468198,3.45));
#8281 = DIRECTION('',(0.,-0.859195209828,-0.511647917429));
#8282 = DIRECTION('',(0.,0.511647917429,-0.859195209828));
#8283 = ADVANCED_FACE('',(#8284),#8290,.F.);
#8284 = FACE_BOUND('',#8285,.F.);
#8285 = EDGE_LOOP('',(#8286,#8287,#8288,#8289));
#8286 = ORIENTED_EDGE('',*,*,#8272,.T.);
#8287 = ORIENTED_EDGE('',*,*,#6988,.T.);
#8288 = ORIENTED_EDGE('',*,*,#7193,.F.);
#8289 = ORIENTED_EDGE('',*,*,#6891,.F.);
#8290 = PLANE('',#8291);
#8291 = AXIS2_PLACEMENT_3D('',#8292,#8293,#8294);
#8292 = CARTESIAN_POINT('',(20.6,1.044,2.6151));
#8293 = DIRECTION('',(0.,0.,-1.));
#8294 = DIRECTION('',(0.,1.,0.));
#8295 = ADVANCED_FACE('',(#8296),#8307,.F.);
#8296 = FACE_BOUND('',#8297,.F.);
#8297 = EDGE_LOOP('',(#8298,#8299,#8300,#8306));
#8298 = ORIENTED_EDGE('',*,*,#7091,.T.);
#8299 = ORIENTED_EDGE('',*,*,#7145,.T.);
#8300 = ORIENTED_EDGE('',*,*,#8301,.F.);
#8301 = EDGE_CURVE('',#7049,#7146,#8302,.T.);
#8302 = LINE('',#8303,#8304);
#8303 = CARTESIAN_POINT('',(23.1,1.044,2.6151));
#8304 = VECTOR('',#8305,1.);
#8305 = DIRECTION('',(-1.,-0.,-0.));
#8306 = ORIENTED_EDGE('',*,*,#7048,.F.);
#8307 = PLANE('',#8308);
#8308 = AXIS2_PLACEMENT_3D('',#8309,#8310,#8311);
#8309 = CARTESIAN_POINT('',(23.1,0.5468198,3.45));
#8310 = DIRECTION('',(0.,-0.859195209828,-0.511647917429));
#8311 = DIRECTION('',(0.,0.511647917429,-0.859195209828));
#8312 = ADVANCED_FACE('',(#8313),#8319,.F.);
#8313 = FACE_BOUND('',#8314,.F.);
#8314 = EDGE_LOOP('',(#8315,#8316,#8317,#8318));
#8315 = ORIENTED_EDGE('',*,*,#8301,.T.);
#8316 = ORIENTED_EDGE('',*,*,#7153,.T.);
#8317 = ORIENTED_EDGE('',*,*,#7176,.F.);
#8318 = ORIENTED_EDGE('',*,*,#7056,.F.);
#8319 = PLANE('',#8320);
#8320 = AXIS2_PLACEMENT_3D('',#8321,#8322,#8323);
#8321 = CARTESIAN_POINT('',(23.1,1.044,2.6151));
#8322 = DIRECTION('',(0.,0.,-1.));
#8323 = DIRECTION('',(0.,1.,0.));
#8324 = ( GEOMETRIC_REPRESENTATION_CONTEXT(3) 
GLOBAL_UNCERTAINTY_ASSIGNED_CONTEXT((#8328)) 
GLOBAL_UNIT_ASSIGNED_CONTEXT((#8325,#8326,#8327)) REPRESENTATION_CONTEXT
('Context #1','3D Context with UNIT and UNCERTAINTY') );
#8325 = ( LENGTH_UNIT() NAMED_UNIT(*) SI_UNIT(.MILLI.,.METRE.) );
#8326 = ( NAMED_UNIT(*) PLANE_ANGLE_UNIT() SI_UNIT($,.RADIAN.) );
#8327 = ( NAMED_UNIT(*) SI_UNIT($,.STERADIAN.) SOLID_ANGLE_UNIT() );
#8328 = UNCERTAINTY_MEASURE_WITH_UNIT(LENGTH_MEASURE(2.E-06),#8325,
  'distance_accuracy_value','confusion accuracy');
#8329 = CONTEXT_DEPENDENT_SHAPE_REPRESENTATION(#8330,#8332);
#8330 = ( REPRESENTATION_RELATIONSHIP('','',#36,#10) 
REPRESENTATION_RELATIONSHIP_WITH_TRANSFORMATION(#8331) 
SHAPE_REPRESENTATION_RELATIONSHIP() );
#8331 = ITEM_DEFINED_TRANSFORMATION('','',#11,#15);
#8332 = PRODUCT_DEFINITION_SHAPE('Placement','Placement of an item',
  #8333);
#8333 = NEXT_ASSEMBLY_USAGE_OCCURRENCE('168','Housing','',#5,#31,$);
#8334 = PRODUCT_RELATED_PRODUCT_CATEGORY('part',$,(#33));
#8335 = SHAPE_DEFINITION_REPRESENTATION(#8336,#8342);
#8336 = PRODUCT_DEFINITION_SHAPE('','',#8337);
#8337 = PRODUCT_DEFINITION('design','',#8338,#8341);
#8338 = PRODUCT_DEFINITION_FORMATION('','',#8339);
#8339 = PRODUCT('female_pin_array','female_pin_array','',(#8340));
#8340 = PRODUCT_CONTEXT('',#2,'mechanical');
#8341 = PRODUCT_DEFINITION_CONTEXT('part definition',#2,'design');
#8342 = SHAPE_REPRESENTATION('',(#11,#8343,#8347,#8351,#8355,#8359,#8363
    ,#8367,#8371,#8375,#8379,#8383),#8387);
#8343 = AXIS2_PLACEMENT_3D('',#8344,#8345,#8346);
#8344 = CARTESIAN_POINT('',(0.,0.,0.));
#8345 = DIRECTION('',(0.,0.,1.));
#8346 = DIRECTION('',(-1.,0.,0.));
#8347 = AXIS2_PLACEMENT_3D('',#8348,#8349,#8350);
#8348 = CARTESIAN_POINT('',(2.5,0.,0.));
#8349 = DIRECTION('',(0.,0.,1.));
#8350 = DIRECTION('',(-1.,1.224646799147E-16,0.));
#8351 = AXIS2_PLACEMENT_3D('',#8352,#8353,#8354);
#8352 = CARTESIAN_POINT('',(5.,0.,0.));
#8353 = DIRECTION('',(0.,0.,1.));
#8354 = DIRECTION('',(-1.,1.224646799147E-16,0.));
#8355 = AXIS2_PLACEMENT_3D('',#8356,#8357,#8358);
#8356 = CARTESIAN_POINT('',(7.5,0.,0.));
#8357 = DIRECTION('',(0.,0.,1.));
#8358 = DIRECTION('',(-1.,1.224646799147E-16,0.));
#8359 = AXIS2_PLACEMENT_3D('',#8360,#8361,#8362);
#8360 = CARTESIAN_POINT('',(10.,0.,0.));
#8361 = DIRECTION('',(0.,0.,1.));
#8362 = DIRECTION('',(-1.,1.224646799147E-16,0.));
#8363 = AXIS2_PLACEMENT_3D('',#8364,#8365,#8366);
#8364 = CARTESIAN_POINT('',(12.5,0.,0.));
#8365 = DIRECTION('',(0.,0.,1.));
#8366 = DIRECTION('',(-1.,1.224646799147E-16,0.));
#8367 = AXIS2_PLACEMENT_3D('',#8368,#8369,#8370);
#8368 = CARTESIAN_POINT('',(15.,0.,0.));
#8369 = DIRECTION('',(0.,0.,1.));
#8370 = DIRECTION('',(-1.,1.224646799147E-16,0.));
#8371 = AXIS2_PLACEMENT_3D('',#8372,#8373,#8374);
#8372 = CARTESIAN_POINT('',(17.5,0.,0.));
#8373 = DIRECTION('',(0.,0.,1.));
#8374 = DIRECTION('',(-1.,1.224646799147E-16,0.));
#8375 = AXIS2_PLACEMENT_3D('',#8376,#8377,#8378);
#8376 = CARTESIAN_POINT('',(20.,0.,0.));
#8377 = DIRECTION('',(0.,0.,1.));
#8378 = DIRECTION('',(-1.,1.224646799147E-16,0.));
#8379 = AXIS2_PLACEMENT_3D('',#8380,#8381,#8382);
#8380 = CARTESIAN_POINT('',(22.5,0.,0.));
#8381 = DIRECTION('',(0.,0.,1.));
#8382 = DIRECTION('',(-1.,1.224646799147E-16,0.));
#8383 = AXIS2_PLACEMENT_3D('',#8384,#8385,#8386);
#8384 = CARTESIAN_POINT('',(25.,0.,0.));
#8385 = DIRECTION('',(0.,0.,1.));
#8386 = DIRECTION('',(-1.,1.224646799147E-16,0.));
#8387 = ( GEOMETRIC_REPRESENTATION_CONTEXT(3) 
GLOBAL_UNCERTAINTY_ASSIGNED_CONTEXT((#8391)) 
GLOBAL_UNIT_ASSIGNED_CONTEXT((#8388,#8389,#8390)) REPRESENTATION_CONTEXT
('Context #1','3D Context with UNIT and UNCERTAINTY') );
#8388 = ( LENGTH_UNIT() NAMED_UNIT(*) SI_UNIT(.MILLI.,.METRE.) );
#8389 = ( NAMED_UNIT(*) PLANE_ANGLE_UNIT() SI_UNIT($,.RADIAN.) );
#8390 = ( NAMED_UNIT(*) SI_UNIT($,.STERADIAN.) SOLID_ANGLE_UNIT() );
#8391 = UNCERTAINTY_MEASURE_WITH_UNIT(LENGTH_MEASURE(1.E-07),#8388,
  'distance_accuracy_value','confusion accuracy');
#8392 = CONTEXT_DEPENDENT_SHAPE_REPRESENTATION(#8393,#8395);
#8393 = ( REPRESENTATION_RELATIONSHIP('','',#8342,#10) 
REPRESENTATION_RELATIONSHIP_WITH_TRANSFORMATION(#8394) 
SHAPE_REPRESENTATION_RELATIONSHIP() );
#8394 = ITEM_DEFINED_TRANSFORMATION('','',#11,#19);
#8395 = PRODUCT_DEFINITION_SHAPE('Placement','Placement of an item',
  #8396);
#8396 = NEXT_ASSEMBLY_USAGE_OCCURRENCE('180','female_pin_array','',#5,
  #8337,$);
#8397 = PRODUCT_RELATED_PRODUCT_CATEGORY('part',$,(#8339));
#8398 = SHAPE_DEFINITION_REPRESENTATION(#8399,#8405);
#8399 = PRODUCT_DEFINITION_SHAPE('','',#8400);
#8400 = PRODUCT_DEFINITION('design','',#8401,#8404);
#8401 = PRODUCT_DEFINITION_FORMATION('','',#8402);
#8402 = PRODUCT('modele_pin','modele_pin','',(#8403));
#8403 = PRODUCT_CONTEXT('',#2,'mechanical');
#8404 = PRODUCT_DEFINITION_CONTEXT('part definition',#2,'design');
#8405 = ADVANCED_BREP_SHAPE_REPRESENTATION('',(#11,#8406),#10012);
#8406 = MANIFOLD_SOLID_BREP('',#8407);
#8407 = CLOSED_SHELL('',(#8408,#8480,#8543,#8567,#8584,#8640,#8717,#8734
    ,#8775,#8844,#8873,#8891,#8919,#8968,#9080,#9103,#9239,#9256,#9288,
    #9304,#9326,#9358,#9375,#9398,#9414,#9431,#9448,#9465,#9500,#9517,
    #9534,#9551,#9563,#9580,#9597,#9614,#9631,#9643,#9737,#9764,#9850,
    #9864,#9881,#9898,#9915,#9932,#9949,#9966,#9983,#10000));
#8408 = ADVANCED_FACE('',(#8409),#8475,.T.);
#8409 = FACE_BOUND('',#8410,.T.);
#8410 = EDGE_LOOP('',(#8411,#8421,#8429,#8437,#8445,#8453,#8461,#8469));
#8411 = ORIENTED_EDGE('',*,*,#8412,.F.);
#8412 = EDGE_CURVE('',#8413,#8415,#8417,.T.);
#8413 = VERTEX_POINT('',#8414);
#8414 = CARTESIAN_POINT('',(-0.4,1.666761426375,8.95));
#8415 = VERTEX_POINT('',#8416);
#8416 = CARTESIAN_POINT('',(-0.4,1.666761426375,5.45));
#8417 = LINE('',#8418,#8419);
#8418 = CARTESIAN_POINT('',(-0.4,1.666761426375,9.45));
#8419 = VECTOR('',#8420,1.);
#8420 = DIRECTION('',(0.,0.,-1.));
#8421 = ORIENTED_EDGE('',*,*,#8422,.F.);
#8422 = EDGE_CURVE('',#8423,#8413,#8425,.T.);
#8423 = VERTEX_POINT('',#8424);
#8424 = CARTESIAN_POINT('',(0.4,1.666761426375,8.95));
#8425 = LINE('',#8426,#8427);
#8426 = CARTESIAN_POINT('',(0.4,1.666761426375,8.95));
#8427 = VECTOR('',#8428,1.);
#8428 = DIRECTION('',(-1.,0.,0.));
#8429 = ORIENTED_EDGE('',*,*,#8430,.T.);
#8430 = EDGE_CURVE('',#8423,#8431,#8433,.T.);
#8431 = VERTEX_POINT('',#8432);
#8432 = CARTESIAN_POINT('',(0.4,1.666761426375,5.45));
#8433 = LINE('',#8434,#8435);
#8434 = CARTESIAN_POINT('',(0.4,1.666761426375,9.45));
#8435 = VECTOR('',#8436,1.);
#8436 = DIRECTION('',(0.,0.,-1.));
#8437 = ORIENTED_EDGE('',*,*,#8438,.T.);
#8438 = EDGE_CURVE('',#8431,#8439,#8441,.T.);
#8439 = VERTEX_POINT('',#8440);
#8440 = CARTESIAN_POINT('',(0.32,1.666761426375,5.45));
#8441 = LINE('',#8442,#8443);
#8442 = CARTESIAN_POINT('',(0.4,1.666761426375,5.45));
#8443 = VECTOR('',#8444,1.);
#8444 = DIRECTION('',(-1.,0.,0.));
#8445 = ORIENTED_EDGE('',*,*,#8446,.F.);
#8446 = EDGE_CURVE('',#8447,#8439,#8449,.T.);
#8447 = VERTEX_POINT('',#8448);
#8448 = CARTESIAN_POINT('',(0.32,1.666761426375,4.290239673918));
#8449 = LINE('',#8450,#8451);
#8450 = CARTESIAN_POINT('',(0.32,1.666761426375,3.45));
#8451 = VECTOR('',#8452,1.);
#8452 = DIRECTION('',(0.,0.,1.));
#8453 = ORIENTED_EDGE('',*,*,#8454,.T.);
#8454 = EDGE_CURVE('',#8447,#8455,#8457,.T.);
#8455 = VERTEX_POINT('',#8456);
#8456 = CARTESIAN_POINT('',(-0.32,1.666761426375,4.290239673918));
#8457 = LINE('',#8458,#8459);
#8458 = CARTESIAN_POINT('',(0.36,1.666761426375,4.290239673918));
#8459 = VECTOR('',#8460,1.);
#8460 = DIRECTION('',(-1.,0.,0.));
#8461 = ORIENTED_EDGE('',*,*,#8462,.T.);
#8462 = EDGE_CURVE('',#8455,#8463,#8465,.T.);
#8463 = VERTEX_POINT('',#8464);
#8464 = CARTESIAN_POINT('',(-0.32,1.666761426375,5.45));
#8465 = LINE('',#8466,#8467);
#8466 = CARTESIAN_POINT('',(-0.32,1.666761426375,3.45));
#8467 = VECTOR('',#8468,1.);
#8468 = DIRECTION('',(0.,0.,1.));
#8469 = ORIENTED_EDGE('',*,*,#8470,.T.);
#8470 = EDGE_CURVE('',#8463,#8415,#8471,.T.);
#8471 = LINE('',#8472,#8473);
#8472 = CARTESIAN_POINT('',(0.4,1.666761426375,5.45));
#8473 = VECTOR('',#8474,1.);
#8474 = DIRECTION('',(-1.,0.,0.));
#8475 = PLANE('',#8476);
#8476 = AXIS2_PLACEMENT_3D('',#8477,#8478,#8479);
#8477 = CARTESIAN_POINT('',(-2.E-17,1.666761426375,6.885687715701));
#8478 = DIRECTION('',(0.,1.,-0.));
#8479 = DIRECTION('',(0.,-0.,-1.));
#8480 = ADVANCED_FACE('',(#8481),#8538,.T.);
#8481 = FACE_BOUND('',#8482,.T.);
#8482 = EDGE_LOOP('',(#8483,#8493,#8499,#8500,#8508,#8516,#8524,#8532));
#8483 = ORIENTED_EDGE('',*,*,#8484,.F.);
#8484 = EDGE_CURVE('',#8485,#8487,#8489,.T.);
#8485 = VERTEX_POINT('',#8486);
#8486 = CARTESIAN_POINT('',(-0.4,1.166761426375,9.45));
#8487 = VERTEX_POINT('',#8488);
#8488 = CARTESIAN_POINT('',(-0.399999999992,1.059064000007,9.45));
#8489 = LINE('',#8490,#8491);
#8490 = CARTESIAN_POINT('',(-0.4,1.40352285275,9.45));
#8491 = VECTOR('',#8492,1.);
#8492 = DIRECTION('',(0.,-1.,0.));
#8493 = ORIENTED_EDGE('',*,*,#8494,.F.);
#8494 = EDGE_CURVE('',#8413,#8485,#8495,.T.);
#8495 = LINE('',#8496,#8497);
#8496 = CARTESIAN_POINT('',(-0.400000000002,1.840799248077,
    8.775962178298));
#8497 = VECTOR('',#8498,1.);
#8498 = DIRECTION('',(7.27868E-12,-0.707106781187,0.707106781187));
#8499 = ORIENTED_EDGE('',*,*,#8412,.T.);
#8500 = ORIENTED_EDGE('',*,*,#8501,.T.);
#8501 = EDGE_CURVE('',#8415,#8502,#8504,.T.);
#8502 = VERTEX_POINT('',#8503);
#8503 = CARTESIAN_POINT('',(-0.4,1.66185757311,5.45));
#8504 = LINE('',#8505,#8506);
#8505 = CARTESIAN_POINT('',(-0.4,1.666761426375,5.45));
#8506 = VECTOR('',#8507,1.);
#8507 = DIRECTION('',(0.,-1.,0.));
#8508 = ORIENTED_EDGE('',*,*,#8509,.T.);
#8509 = EDGE_CURVE('',#8502,#8510,#8512,.T.);
#8510 = VERTEX_POINT('',#8511);
#8511 = CARTESIAN_POINT('',(-0.4,1.40352285275,5.45));
#8512 = LINE('',#8513,#8514);
#8513 = CARTESIAN_POINT('',(-0.4,1.666761426375,5.45));
#8514 = VECTOR('',#8515,1.);
#8515 = DIRECTION('',(0.,-1.,0.));
#8516 = ORIENTED_EDGE('',*,*,#8517,.T.);
#8517 = EDGE_CURVE('',#8510,#8518,#8520,.T.);
#8518 = VERTEX_POINT('',#8519);
#8519 = CARTESIAN_POINT('',(-0.4,1.40352285275,7.45));
#8520 = LINE('',#8521,#8522);
#8521 = CARTESIAN_POINT('',(-0.4,1.40352285275,5.45));
#8522 = VECTOR('',#8523,1.);
#8523 = DIRECTION('',(0.,0.,1.));
#8524 = ORIENTED_EDGE('',*,*,#8525,.T.);
#8525 = EDGE_CURVE('',#8518,#8526,#8528,.T.);
#8526 = VERTEX_POINT('',#8527);
#8527 = CARTESIAN_POINT('',(-0.399999999992,1.059064000007,7.45));
#8528 = LINE('',#8529,#8530);
#8529 = CARTESIAN_POINT('',(-0.4,1.40352285275,7.45));
#8530 = VECTOR('',#8531,1.);
#8531 = DIRECTION('',(0.,-1.,0.));
#8532 = ORIENTED_EDGE('',*,*,#8533,.F.);
#8533 = EDGE_CURVE('',#8487,#8526,#8534,.T.);
#8534 = LINE('',#8535,#8536);
#8535 = CARTESIAN_POINT('',(-0.399999999992,1.059064000007,9.45));
#8536 = VECTOR('',#8537,1.);
#8537 = DIRECTION('',(0.,0.,-1.));
#8538 = PLANE('',#8539);
#8539 = AXIS2_PLACEMENT_3D('',#8540,#8541,#8542);
#8540 = CARTESIAN_POINT('',(-0.399999999998,1.43766997715,7.524757263958
    ));
#8541 = DIRECTION('',(-1.,-1.007779E-11,2.1583E-13));
#8542 = DIRECTION('',(1.007779E-11,-1.,0.));
#8543 = ADVANCED_FACE('',(#8544),#8562,.T.);
#8544 = FACE_BOUND('',#8545,.T.);
#8545 = EDGE_LOOP('',(#8546,#8554,#8555,#8556));
#8546 = ORIENTED_EDGE('',*,*,#8547,.F.);
#8547 = EDGE_CURVE('',#8423,#8548,#8550,.T.);
#8548 = VERTEX_POINT('',#8549);
#8549 = CARTESIAN_POINT('',(0.4,1.166761426375,9.45));
#8550 = LINE('',#8551,#8552);
#8551 = CARTESIAN_POINT('',(0.4,1.840799248078,8.775962178297));
#8552 = VECTOR('',#8553,1.);
#8553 = DIRECTION('',(4.8E-16,-0.707106781187,0.707106781187));
#8554 = ORIENTED_EDGE('',*,*,#8422,.T.);
#8555 = ORIENTED_EDGE('',*,*,#8494,.T.);
#8556 = ORIENTED_EDGE('',*,*,#8557,.F.);
#8557 = EDGE_CURVE('',#8548,#8485,#8558,.T.);
#8558 = LINE('',#8559,#8560);
#8559 = CARTESIAN_POINT('',(0.4,1.166761426375,9.45));
#8560 = VECTOR('',#8561,1.);
#8561 = DIRECTION('',(-1.,0.,0.));
#8562 = PLANE('',#8563);
#8563 = AXIS2_PLACEMENT_3D('',#8564,#8565,#8566);
#8564 = CARTESIAN_POINT('',(0.4,1.416761426375,9.2));
#8565 = DIRECTION('',(0.,0.707106781187,0.707106781187));
#8566 = DIRECTION('',(-1.,0.,0.));
#8567 = ADVANCED_FACE('',(#8568),#8579,.F.);
#8568 = FACE_BOUND('',#8569,.F.);
#8569 = EDGE_LOOP('',(#8570,#8577,#8578));
#8570 = ORIENTED_EDGE('',*,*,#8571,.F.);
#8571 = EDGE_CURVE('',#8463,#8502,#8572,.T.);
#8572 = CIRCLE('',#8573,0.655);
#8573 = AXIS2_PLACEMENT_3D('',#8574,#8575,#8576);
#8574 = CARTESIAN_POINT('',(-0.32,1.011761426375,5.45));
#8575 = DIRECTION('',(0.,0.,1.));
#8576 = DIRECTION('',(-1.,0.,0.));
#8577 = ORIENTED_EDGE('',*,*,#8470,.T.);
#8578 = ORIENTED_EDGE('',*,*,#8501,.T.);
#8579 = PLANE('',#8580);
#8580 = AXIS2_PLACEMENT_3D('',#8581,#8582,#8583);
#8581 = CARTESIAN_POINT('',(0.4,1.666761426375,5.45));
#8582 = DIRECTION('',(0.,0.,1.));
#8583 = DIRECTION('',(0.,-1.,0.));
#8584 = ADVANCED_FACE('',(#8585),#8635,.T.);
#8585 = FACE_BOUND('',#8586,.T.);
#8586 = EDGE_LOOP('',(#8587,#8588,#8589,#8597,#8605,#8613,#8621,#8629));
#8587 = ORIENTED_EDGE('',*,*,#8430,.F.);
#8588 = ORIENTED_EDGE('',*,*,#8547,.T.);
#8589 = ORIENTED_EDGE('',*,*,#8590,.F.);
#8590 = EDGE_CURVE('',#8591,#8548,#8593,.T.);
#8591 = VERTEX_POINT('',#8592);
#8592 = CARTESIAN_POINT('',(0.4,1.059064,9.45));
#8593 = LINE('',#8594,#8595);
#8594 = CARTESIAN_POINT('',(0.4,1.40352285275,9.45));
#8595 = VECTOR('',#8596,1.);
#8596 = DIRECTION('',(0.,1.,0.));
#8597 = ORIENTED_EDGE('',*,*,#8598,.T.);
#8598 = EDGE_CURVE('',#8591,#8599,#8601,.T.);
#8599 = VERTEX_POINT('',#8600);
#8600 = CARTESIAN_POINT('',(0.4,1.059064,7.45));
#8601 = LINE('',#8602,#8603);
#8602 = CARTESIAN_POINT('',(0.4,1.059064,9.45));
#8603 = VECTOR('',#8604,1.);
#8604 = DIRECTION('',(0.,0.,-1.));
#8605 = ORIENTED_EDGE('',*,*,#8606,.F.);
#8606 = EDGE_CURVE('',#8607,#8599,#8609,.T.);
#8607 = VERTEX_POINT('',#8608);
#8608 = CARTESIAN_POINT('',(0.4,1.40352285275,7.45));
#8609 = LINE('',#8610,#8611);
#8610 = CARTESIAN_POINT('',(0.4,1.40352285275,7.45));
#8611 = VECTOR('',#8612,1.);
#8612 = DIRECTION('',(0.,-1.,0.));
#8613 = ORIENTED_EDGE('',*,*,#8614,.F.);
#8614 = EDGE_CURVE('',#8615,#8607,#8617,.T.);
#8615 = VERTEX_POINT('',#8616);
#8616 = CARTESIAN_POINT('',(0.4,1.40352285275,5.45));
#8617 = LINE('',#8618,#8619);
#8618 = CARTESIAN_POINT('',(0.4,1.40352285275,5.45));
#8619 = VECTOR('',#8620,1.);
#8620 = DIRECTION('',(0.,0.,1.));
#8621 = ORIENTED_EDGE('',*,*,#8622,.F.);
#8622 = EDGE_CURVE('',#8623,#8615,#8625,.T.);
#8623 = VERTEX_POINT('',#8624);
#8624 = CARTESIAN_POINT('',(0.4,1.66185757311,5.45));
#8625 = LINE('',#8626,#8627);
#8626 = CARTESIAN_POINT('',(0.4,1.666761426375,5.45));
#8627 = VECTOR('',#8628,1.);
#8628 = DIRECTION('',(0.,-1.,0.));
#8629 = ORIENTED_EDGE('',*,*,#8630,.F.);
#8630 = EDGE_CURVE('',#8431,#8623,#8631,.T.);
#8631 = LINE('',#8632,#8633);
#8632 = CARTESIAN_POINT('',(0.4,1.666761426375,5.45));
#8633 = VECTOR('',#8634,1.);
#8634 = DIRECTION('',(0.,-1.,0.));
#8635 = PLANE('',#8636);
#8636 = AXIS2_PLACEMENT_3D('',#8637,#8638,#8639);
#8637 = CARTESIAN_POINT('',(0.4,1.437669977147,7.52475726396));
#8638 = DIRECTION('',(1.,6.8E-16,-0.));
#8639 = DIRECTION('',(-6.8E-16,1.,0.));
#8640 = ADVANCED_FACE('',(#8641),#8712,.T.);
#8641 = FACE_BOUND('',#8642,.T.);
#8642 = EDGE_LOOP('',(#8643,#8654,#8662,#8669,#8670,#8671,#8680,#8688,
    #8697,#8705));
#8643 = ORIENTED_EDGE('',*,*,#8644,.T.);
#8644 = EDGE_CURVE('',#8645,#8647,#8649,.T.);
#8645 = VERTEX_POINT('',#8646);
#8646 = CARTESIAN_POINT('',(-0.4,1.66185757311,3.45));
#8647 = VERTEX_POINT('',#8648);
#8648 = CARTESIAN_POINT('',(-0.975,1.011761426375,3.45));
#8649 = CIRCLE('',#8650,0.655);
#8650 = AXIS2_PLACEMENT_3D('',#8651,#8652,#8653);
#8651 = CARTESIAN_POINT('',(-0.32,1.011761426375,3.45));
#8652 = DIRECTION('',(0.,0.,1.));
#8653 = DIRECTION('',(-1.,0.,0.));
#8654 = ORIENTED_EDGE('',*,*,#8655,.T.);
#8655 = EDGE_CURVE('',#8647,#8656,#8658,.T.);
#8656 = VERTEX_POINT('',#8657);
#8657 = CARTESIAN_POINT('',(-0.975,1.011761426375,5.45));
#8658 = LINE('',#8659,#8660);
#8659 = CARTESIAN_POINT('',(-0.975,1.011761426375,3.45));
#8660 = VECTOR('',#8661,1.);
#8661 = DIRECTION('',(0.,0.,1.));
#8662 = ORIENTED_EDGE('',*,*,#8663,.F.);
#8663 = EDGE_CURVE('',#8502,#8656,#8664,.T.);
#8664 = CIRCLE('',#8665,0.655);
#8665 = AXIS2_PLACEMENT_3D('',#8666,#8667,#8668);
#8666 = CARTESIAN_POINT('',(-0.32,1.011761426375,5.45));
#8667 = DIRECTION('',(0.,0.,1.));
#8668 = DIRECTION('',(-1.,0.,0.));
#8669 = ORIENTED_EDGE('',*,*,#8571,.F.);
#8670 = ORIENTED_EDGE('',*,*,#8462,.F.);
#8671 = ORIENTED_EDGE('',*,*,#8672,.T.);
#8672 = EDGE_CURVE('',#8455,#8673,#8675,.T.);
#8673 = VERTEX_POINT('',#8674);
#8674 = CARTESIAN_POINT('',(-0.4,1.66185757311,4.280460298822));
#8675 = ELLIPSE('',#8676,1.461240827122,0.655);
#8676 = AXIS2_PLACEMENT_3D('',#8677,#8678,#8679);
#8677 = CARTESIAN_POINT('',(-0.32,1.011761426375,2.984023859112));
#8678 = DIRECTION('',(0.,-0.8939086498,0.448249178262));
#8679 = DIRECTION('',(0.,-0.448249178262,-0.8939086498));
#8680 = ORIENTED_EDGE('',*,*,#8681,.T.);
#8681 = EDGE_CURVE('',#8673,#8682,#8684,.T.);
#8682 = VERTEX_POINT('',#8683);
#8683 = CARTESIAN_POINT('',(-0.4,1.66185757311,3.73312462235));
#8684 = LINE('',#8685,#8686);
#8685 = CARTESIAN_POINT('',(-0.4,1.66185757311,3.45));
#8686 = VECTOR('',#8687,1.);
#8687 = DIRECTION('',(0.,0.,-1.));
#8688 = ORIENTED_EDGE('',*,*,#8689,.T.);
#8689 = EDGE_CURVE('',#8682,#8690,#8692,.T.);
#8690 = VERTEX_POINT('',#8691);
#8691 = CARTESIAN_POINT('',(-0.32,1.666761426375,3.732514167383));
#8692 = ELLIPSE('',#8693,0.660055578089,0.655);
#8693 = AXIS2_PLACEMENT_3D('',#8694,#8695,#8696);
#8694 = CARTESIAN_POINT('',(-0.32,1.011761426375,3.814051681241));
#8695 = DIRECTION('',(0.,-0.12353128519,-0.992340678184));
#8696 = DIRECTION('',(-0.,0.992340678184,-0.12353128519));
#8697 = ORIENTED_EDGE('',*,*,#8698,.F.);
#8698 = EDGE_CURVE('',#8699,#8690,#8701,.T.);
#8699 = VERTEX_POINT('',#8700);
#8700 = CARTESIAN_POINT('',(-0.32,1.666761426375,3.45));
#8701 = LINE('',#8702,#8703);
#8702 = CARTESIAN_POINT('',(-0.32,1.666761426375,3.45));
#8703 = VECTOR('',#8704,1.);
#8704 = DIRECTION('',(0.,0.,1.));
#8705 = ORIENTED_EDGE('',*,*,#8706,.T.);
#8706 = EDGE_CURVE('',#8699,#8645,#8707,.T.);
#8707 = CIRCLE('',#8708,0.655);
#8708 = AXIS2_PLACEMENT_3D('',#8709,#8710,#8711);
#8709 = CARTESIAN_POINT('',(-0.32,1.011761426375,3.45));
#8710 = DIRECTION('',(0.,0.,1.));
#8711 = DIRECTION('',(-1.,0.,0.));
#8712 = CYLINDRICAL_SURFACE('',#8713,0.655);
#8713 = AXIS2_PLACEMENT_3D('',#8714,#8715,#8716);
#8714 = CARTESIAN_POINT('',(-0.32,1.011761426375,3.45));
#8715 = DIRECTION('',(0.,0.,-1.));
#8716 = DIRECTION('',(-1.,0.,0.));
#8717 = ADVANCED_FACE('',(#8718),#8729,.F.);
#8718 = FACE_BOUND('',#8719,.F.);
#8719 = EDGE_LOOP('',(#8720,#8721,#8722));
#8720 = ORIENTED_EDGE('',*,*,#8630,.F.);
#8721 = ORIENTED_EDGE('',*,*,#8438,.T.);
#8722 = ORIENTED_EDGE('',*,*,#8723,.F.);
#8723 = EDGE_CURVE('',#8623,#8439,#8724,.T.);
#8724 = CIRCLE('',#8725,0.655);
#8725 = AXIS2_PLACEMENT_3D('',#8726,#8727,#8728);
#8726 = CARTESIAN_POINT('',(0.32,1.011761426375,5.45));
#8727 = DIRECTION('',(0.,0.,1.));
#8728 = DIRECTION('',(-1.,0.,0.));
#8729 = PLANE('',#8730);
#8730 = AXIS2_PLACEMENT_3D('',#8731,#8732,#8733);
#8731 = CARTESIAN_POINT('',(0.4,1.666761426375,5.45));
#8732 = DIRECTION('',(0.,0.,1.));
#8733 = DIRECTION('',(0.,-1.,0.));
#8734 = ADVANCED_FACE('',(#8735),#8770,.T.);
#8735 = FACE_BOUND('',#8736,.T.);
#8736 = EDGE_LOOP('',(#8737,#8747,#8755,#8761,#8762,#8763));
#8737 = ORIENTED_EDGE('',*,*,#8738,.F.);
#8738 = EDGE_CURVE('',#8739,#8741,#8743,.T.);
#8739 = VERTEX_POINT('',#8740);
#8740 = CARTESIAN_POINT('',(0.4,2.143284263925,5.240532294565));
#8741 = VERTEX_POINT('',#8742);
#8742 = CARTESIAN_POINT('',(0.4,1.66185757311,4.280460298822));
#8743 = LINE('',#8744,#8745);
#8744 = CARTESIAN_POINT('',(0.4,2.143284263925,5.240532294565));
#8745 = VECTOR('',#8746,1.);
#8746 = DIRECTION('',(0.,-0.448249178262,-0.8939086498));
#8747 = ORIENTED_EDGE('',*,*,#8748,.T.);
#8748 = EDGE_CURVE('',#8739,#8749,#8751,.T.);
#8749 = VERTEX_POINT('',#8750);
#8750 = CARTESIAN_POINT('',(-0.4,2.143284263925,5.240532294565));
#8751 = LINE('',#8752,#8753);
#8752 = CARTESIAN_POINT('',(0.4,2.143284263925,5.240532294565));
#8753 = VECTOR('',#8754,1.);
#8754 = DIRECTION('',(-1.,0.,0.));
#8755 = ORIENTED_EDGE('',*,*,#8756,.T.);
#8756 = EDGE_CURVE('',#8749,#8673,#8757,.T.);
#8757 = LINE('',#8758,#8759);
#8758 = CARTESIAN_POINT('',(-0.4,2.143284263925,5.240532294565));
#8759 = VECTOR('',#8760,1.);
#8760 = DIRECTION('',(0.,-0.448249178262,-0.8939086498));
#8761 = ORIENTED_EDGE('',*,*,#8672,.F.);
#8762 = ORIENTED_EDGE('',*,*,#8454,.F.);
#8763 = ORIENTED_EDGE('',*,*,#8764,.F.);
#8764 = EDGE_CURVE('',#8741,#8447,#8765,.T.);
#8765 = ELLIPSE('',#8766,1.461240827122,0.655);
#8766 = AXIS2_PLACEMENT_3D('',#8767,#8768,#8769);
#8767 = CARTESIAN_POINT('',(0.32,1.011761426375,2.984023859112));
#8768 = DIRECTION('',(0.,-0.8939086498,0.448249178262));
#8769 = DIRECTION('',(0.,-0.448249178262,-0.8939086498));
#8770 = PLANE('',#8771);
#8771 = AXIS2_PLACEMENT_3D('',#8772,#8773,#8774);
#8772 = CARTESIAN_POINT('',(0.4,2.143284263925,5.240532294565));
#8773 = DIRECTION('',(0.,-0.8939086498,0.448249178262));
#8774 = DIRECTION('',(0.,-0.448249178262,-0.8939086498));
#8775 = ADVANCED_FACE('',(#8776),#8839,.T.);
#8776 = FACE_BOUND('',#8777,.T.);
#8777 = EDGE_LOOP('',(#8778,#8789,#8797,#8806,#8812,#8813,#8814,#8815,
    #8824,#8832));
#8778 = ORIENTED_EDGE('',*,*,#8779,.T.);
#8779 = EDGE_CURVE('',#8780,#8782,#8784,.T.);
#8780 = VERTEX_POINT('',#8781);
#8781 = CARTESIAN_POINT('',(0.4,1.66185757311,3.45));
#8782 = VERTEX_POINT('',#8783);
#8783 = CARTESIAN_POINT('',(0.32,1.666761426375,3.45));
#8784 = CIRCLE('',#8785,0.655);
#8785 = AXIS2_PLACEMENT_3D('',#8786,#8787,#8788);
#8786 = CARTESIAN_POINT('',(0.32,1.011761426375,3.45));
#8787 = DIRECTION('',(0.,0.,1.));
#8788 = DIRECTION('',(-1.,0.,0.));
#8789 = ORIENTED_EDGE('',*,*,#8790,.T.);
#8790 = EDGE_CURVE('',#8782,#8791,#8793,.T.);
#8791 = VERTEX_POINT('',#8792);
#8792 = CARTESIAN_POINT('',(0.32,1.666761426375,3.732514167383));
#8793 = LINE('',#8794,#8795);
#8794 = CARTESIAN_POINT('',(0.32,1.666761426375,3.45));
#8795 = VECTOR('',#8796,1.);
#8796 = DIRECTION('',(0.,0.,1.));
#8797 = ORIENTED_EDGE('',*,*,#8798,.T.);
#8798 = EDGE_CURVE('',#8791,#8799,#8801,.T.);
#8799 = VERTEX_POINT('',#8800);
#8800 = CARTESIAN_POINT('',(0.4,1.66185757311,3.73312462235));
#8801 = ELLIPSE('',#8802,0.660055578089,0.655);
#8802 = AXIS2_PLACEMENT_3D('',#8803,#8804,#8805);
#8803 = CARTESIAN_POINT('',(0.32,1.011761426375,3.814051681241));
#8804 = DIRECTION('',(0.,-0.12353128519,-0.992340678184));
#8805 = DIRECTION('',(-0.,0.992340678184,-0.12353128519));
#8806 = ORIENTED_EDGE('',*,*,#8807,.F.);
#8807 = EDGE_CURVE('',#8741,#8799,#8808,.T.);
#8808 = LINE('',#8809,#8810);
#8809 = CARTESIAN_POINT('',(0.4,1.66185757311,3.45));
#8810 = VECTOR('',#8811,1.);
#8811 = DIRECTION('',(0.,0.,-1.));
#8812 = ORIENTED_EDGE('',*,*,#8764,.T.);
#8813 = ORIENTED_EDGE('',*,*,#8446,.T.);
#8814 = ORIENTED_EDGE('',*,*,#8723,.F.);
#8815 = ORIENTED_EDGE('',*,*,#8816,.F.);
#8816 = EDGE_CURVE('',#8817,#8623,#8819,.T.);
#8817 = VERTEX_POINT('',#8818);
#8818 = CARTESIAN_POINT('',(0.975,1.011761426375,5.45));
#8819 = CIRCLE('',#8820,0.655);
#8820 = AXIS2_PLACEMENT_3D('',#8821,#8822,#8823);
#8821 = CARTESIAN_POINT('',(0.32,1.011761426375,5.45));
#8822 = DIRECTION('',(0.,0.,1.));
#8823 = DIRECTION('',(-1.,0.,0.));
#8824 = ORIENTED_EDGE('',*,*,#8825,.F.);
#8825 = EDGE_CURVE('',#8826,#8817,#8828,.T.);
#8826 = VERTEX_POINT('',#8827);
#8827 = CARTESIAN_POINT('',(0.975,1.011761426375,3.45));
#8828 = LINE('',#8829,#8830);
#8829 = CARTESIAN_POINT('',(0.975,1.011761426375,3.45));
#8830 = VECTOR('',#8831,1.);
#8831 = DIRECTION('',(0.,0.,1.));
#8832 = ORIENTED_EDGE('',*,*,#8833,.T.);
#8833 = EDGE_CURVE('',#8826,#8780,#8834,.T.);
#8834 = CIRCLE('',#8835,0.655);
#8835 = AXIS2_PLACEMENT_3D('',#8836,#8837,#8838);
#8836 = CARTESIAN_POINT('',(0.32,1.011761426375,3.45));
#8837 = DIRECTION('',(0.,0.,1.));
#8838 = DIRECTION('',(-1.,0.,0.));
#8839 = CYLINDRICAL_SURFACE('',#8840,0.655);
#8840 = AXIS2_PLACEMENT_3D('',#8841,#8842,#8843);
#8841 = CARTESIAN_POINT('',(0.32,1.011761426375,3.45));
#8842 = DIRECTION('',(0.,0.,-1.));
#8843 = DIRECTION('',(-1.,0.,0.));
#8844 = ADVANCED_FACE('',(#8845,#8857),#8868,.T.);
#8845 = FACE_BOUND('',#8846,.T.);
#8846 = EDGE_LOOP('',(#8847,#8848,#8855,#8856));
#8847 = ORIENTED_EDGE('',*,*,#8484,.T.);
#8848 = ORIENTED_EDGE('',*,*,#8849,.T.);
#8849 = EDGE_CURVE('',#8487,#8591,#8850,.T.);
#8850 = CIRCLE('',#8851,0.974707300937);
#8851 = AXIS2_PLACEMENT_3D('',#8852,#8853,#8854);
#8852 = CARTESIAN_POINT('',(-2.E-17,0.170214,9.45));
#8853 = DIRECTION('',(0.,0.,1.));
#8854 = DIRECTION('',(-1.,0.,0.));
#8855 = ORIENTED_EDGE('',*,*,#8590,.T.);
#8856 = ORIENTED_EDGE('',*,*,#8557,.T.);
#8857 = FACE_BOUND('',#8858,.T.);
#8858 = EDGE_LOOP('',(#8859));
#8859 = ORIENTED_EDGE('',*,*,#8860,.F.);
#8860 = EDGE_CURVE('',#8861,#8861,#8863,.T.);
#8861 = VERTEX_POINT('',#8862);
#8862 = CARTESIAN_POINT('',(-0.698564,0.170214,9.45));
#8863 = CIRCLE('',#8864,0.698564);
#8864 = AXIS2_PLACEMENT_3D('',#8865,#8866,#8867);
#8865 = CARTESIAN_POINT('',(-2.E-17,0.170214,9.45));
#8866 = DIRECTION('',(0.,0.,1.));
#8867 = DIRECTION('',(-1.,0.,0.));
#8868 = PLANE('',#8869);
#8869 = AXIS2_PLACEMENT_3D('',#8870,#8871,#8872);
#8870 = CARTESIAN_POINT('',(-2.1126E-13,0.497442120671,9.45));
#8871 = DIRECTION('',(0.,0.,1.));
#8872 = DIRECTION('',(-1.,0.,0.));
#8873 = ADVANCED_FACE('',(#8874),#8886,.T.);
#8874 = FACE_BOUND('',#8875,.T.);
#8875 = EDGE_LOOP('',(#8876,#8877,#8884,#8885));
#8876 = ORIENTED_EDGE('',*,*,#8533,.T.);
#8877 = ORIENTED_EDGE('',*,*,#8878,.T.);
#8878 = EDGE_CURVE('',#8526,#8599,#8879,.T.);
#8879 = CIRCLE('',#8880,0.974707300937);
#8880 = AXIS2_PLACEMENT_3D('',#8881,#8882,#8883);
#8881 = CARTESIAN_POINT('',(-2.E-17,0.170214,7.45));
#8882 = DIRECTION('',(0.,0.,1.));
#8883 = DIRECTION('',(-1.,0.,0.));
#8884 = ORIENTED_EDGE('',*,*,#8598,.F.);
#8885 = ORIENTED_EDGE('',*,*,#8849,.F.);
#8886 = CYLINDRICAL_SURFACE('',#8887,0.974707300937);
#8887 = AXIS2_PLACEMENT_3D('',#8888,#8889,#8890);
#8888 = CARTESIAN_POINT('',(-2.E-17,0.170214,9.45));
#8889 = DIRECTION('',(0.,0.,1.));
#8890 = DIRECTION('',(-1.,0.,0.));
#8891 = ADVANCED_FACE('',(#8892,#8903),#8914,.F.);
#8892 = FACE_BOUND('',#8893,.F.);
#8893 = EDGE_LOOP('',(#8894,#8895,#8896,#8902));
#8894 = ORIENTED_EDGE('',*,*,#8878,.T.);
#8895 = ORIENTED_EDGE('',*,*,#8606,.F.);
#8896 = ORIENTED_EDGE('',*,*,#8897,.T.);
#8897 = EDGE_CURVE('',#8607,#8518,#8898,.T.);
#8898 = LINE('',#8899,#8900);
#8899 = CARTESIAN_POINT('',(0.4,1.40352285275,7.45));
#8900 = VECTOR('',#8901,1.);
#8901 = DIRECTION('',(-1.,0.,0.));
#8902 = ORIENTED_EDGE('',*,*,#8525,.T.);
#8903 = FACE_BOUND('',#8904,.T.);
#8904 = EDGE_LOOP('',(#8905));
#8905 = ORIENTED_EDGE('',*,*,#8906,.T.);
#8906 = EDGE_CURVE('',#8907,#8907,#8909,.T.);
#8907 = VERTEX_POINT('',#8908);
#8908 = CARTESIAN_POINT('',(-0.698564,0.170214,7.45));
#8909 = CIRCLE('',#8910,0.698564);
#8910 = AXIS2_PLACEMENT_3D('',#8911,#8912,#8913);
#8911 = CARTESIAN_POINT('',(-2.E-17,0.170214,7.45));
#8912 = DIRECTION('',(0.,0.,1.));
#8913 = DIRECTION('',(-1.,0.,0.));
#8914 = PLANE('',#8915);
#8915 = AXIS2_PLACEMENT_3D('',#8916,#8917,#8918);
#8916 = CARTESIAN_POINT('',(-1.438E-13,0.297420100742,7.45));
#8917 = DIRECTION('',(0.,0.,1.));
#8918 = DIRECTION('',(-1.,0.,0.));
#8919 = ADVANCED_FACE('',(#8920),#8963,.T.);
#8920 = FACE_BOUND('',#8921,.T.);
#8921 = EDGE_LOOP('',(#8922,#8930,#8931,#8932,#8933,#8941,#8949,#8957));
#8922 = ORIENTED_EDGE('',*,*,#8923,.F.);
#8923 = EDGE_CURVE('',#8615,#8924,#8926,.T.);
#8924 = VERTEX_POINT('',#8925);
#8925 = CARTESIAN_POINT('',(0.32,1.40352285275,5.45));
#8926 = LINE('',#8927,#8928);
#8927 = CARTESIAN_POINT('',(0.4,1.40352285275,5.45));
#8928 = VECTOR('',#8929,1.);
#8929 = DIRECTION('',(-1.,0.,0.));
#8930 = ORIENTED_EDGE('',*,*,#8614,.T.);
#8931 = ORIENTED_EDGE('',*,*,#8897,.T.);
#8932 = ORIENTED_EDGE('',*,*,#8517,.F.);
#8933 = ORIENTED_EDGE('',*,*,#8934,.F.);
#8934 = EDGE_CURVE('',#8935,#8510,#8937,.T.);
#8935 = VERTEX_POINT('',#8936);
#8936 = CARTESIAN_POINT('',(-0.32,1.40352285275,5.45));
#8937 = LINE('',#8938,#8939);
#8938 = CARTESIAN_POINT('',(0.4,1.40352285275,5.45));
#8939 = VECTOR('',#8940,1.);
#8940 = DIRECTION('',(-1.,0.,0.));
#8941 = ORIENTED_EDGE('',*,*,#8942,.F.);
#8942 = EDGE_CURVE('',#8943,#8935,#8945,.T.);
#8943 = VERTEX_POINT('',#8944);
#8944 = CARTESIAN_POINT('',(-0.32,1.40352285275,3.45));
#8945 = LINE('',#8946,#8947);
#8946 = CARTESIAN_POINT('',(-0.32,1.40352285275,3.45));
#8947 = VECTOR('',#8948,1.);
#8948 = DIRECTION('',(0.,0.,1.));
#8949 = ORIENTED_EDGE('',*,*,#8950,.F.);
#8950 = EDGE_CURVE('',#8951,#8943,#8953,.T.);
#8951 = VERTEX_POINT('',#8952);
#8952 = CARTESIAN_POINT('',(0.32,1.40352285275,3.45));
#8953 = LINE('',#8954,#8955);
#8954 = CARTESIAN_POINT('',(0.32,1.40352285275,3.45));
#8955 = VECTOR('',#8956,1.);
#8956 = DIRECTION('',(-1.,0.,0.));
#8957 = ORIENTED_EDGE('',*,*,#8958,.T.);
#8958 = EDGE_CURVE('',#8951,#8924,#8959,.T.);
#8959 = LINE('',#8960,#8961);
#8960 = CARTESIAN_POINT('',(0.32,1.40352285275,3.45));
#8961 = VECTOR('',#8962,1.);
#8962 = DIRECTION('',(0.,0.,1.));
#8963 = PLANE('',#8964);
#8964 = AXIS2_PLACEMENT_3D('',#8965,#8966,#8967);
#8965 = CARTESIAN_POINT('',(-1.E-17,1.40352285275,6.473529411765));
#8966 = DIRECTION('',(0.,-1.,0.));
#8967 = DIRECTION('',(0.,0.,1.));
#8968 = ADVANCED_FACE('',(#8969),#9075,.T.);
#8969 = FACE_BOUND('',#8970,.T.);
#8970 = EDGE_LOOP('',(#8971,#8982,#8988,#8989,#8990,#8991,#9000,#9008,
    #9017,#9025,#9034,#9042,#9049,#9050,#9051,#9052,#9060,#9069));
#8971 = ORIENTED_EDGE('',*,*,#8972,.T.);
#8972 = EDGE_CURVE('',#8973,#8975,#8977,.T.);
#8973 = VERTEX_POINT('',#8974);
#8974 = CARTESIAN_POINT('',(0.32,-0.733238573625,5.45));
#8975 = VERTEX_POINT('',#8976);
#8976 = CARTESIAN_POINT('',(0.975,-7.823857362477E-02,5.45));
#8977 = CIRCLE('',#8978,0.655);
#8978 = AXIS2_PLACEMENT_3D('',#8979,#8980,#8981);
#8979 = CARTESIAN_POINT('',(0.32,-7.823857362477E-02,5.45));
#8980 = DIRECTION('',(0.,0.,1.));
#8981 = DIRECTION('',(-1.,0.,0.));
#8982 = ORIENTED_EDGE('',*,*,#8983,.T.);
#8983 = EDGE_CURVE('',#8975,#8817,#8984,.T.);
#8984 = LINE('',#8985,#8986);
#8985 = CARTESIAN_POINT('',(0.975,-7.823857362477E-02,5.45));
#8986 = VECTOR('',#8987,1.);
#8987 = DIRECTION('',(0.,1.,0.));
#8988 = ORIENTED_EDGE('',*,*,#8816,.T.);
#8989 = ORIENTED_EDGE('',*,*,#8622,.T.);
#8990 = ORIENTED_EDGE('',*,*,#8923,.T.);
#8991 = ORIENTED_EDGE('',*,*,#8992,.F.);
#8992 = EDGE_CURVE('',#8993,#8924,#8995,.T.);
#8993 = VERTEX_POINT('',#8994);
#8994 = CARTESIAN_POINT('',(0.711761426375,1.011761426375,5.45));
#8995 = CIRCLE('',#8996,0.391761426375);
#8996 = AXIS2_PLACEMENT_3D('',#8997,#8998,#8999);
#8997 = CARTESIAN_POINT('',(0.32,1.011761426375,5.45));
#8998 = DIRECTION('',(0.,0.,1.));
#8999 = DIRECTION('',(-1.,0.,0.));
#9000 = ORIENTED_EDGE('',*,*,#9001,.F.);
#9001 = EDGE_CURVE('',#9002,#8993,#9004,.T.);
#9002 = VERTEX_POINT('',#9003);
#9003 = CARTESIAN_POINT('',(0.711761426375,-7.823857362477E-02,5.45));
#9004 = LINE('',#9005,#9006);
#9005 = CARTESIAN_POINT('',(0.711761426375,-7.823857362477E-02,5.45));
#9006 = VECTOR('',#9007,1.);
#9007 = DIRECTION('',(0.,1.,0.));
#9008 = ORIENTED_EDGE('',*,*,#9009,.F.);
#9009 = EDGE_CURVE('',#9010,#9002,#9012,.T.);
#9010 = VERTEX_POINT('',#9011);
#9011 = CARTESIAN_POINT('',(0.32,-0.47,5.45));
#9012 = CIRCLE('',#9013,0.391761426375);
#9013 = AXIS2_PLACEMENT_3D('',#9014,#9015,#9016);
#9014 = CARTESIAN_POINT('',(0.32,-7.823857362477E-02,5.45));
#9015 = DIRECTION('',(0.,0.,1.));
#9016 = DIRECTION('',(-1.,0.,0.));
#9017 = ORIENTED_EDGE('',*,*,#9018,.F.);
#9018 = EDGE_CURVE('',#9019,#9010,#9021,.T.);
#9019 = VERTEX_POINT('',#9020);
#9020 = CARTESIAN_POINT('',(-0.32,-0.47,5.45));
#9021 = LINE('',#9022,#9023);
#9022 = CARTESIAN_POINT('',(-0.32,-0.47,5.45));
#9023 = VECTOR('',#9024,1.);
#9024 = DIRECTION('',(1.,0.,0.));
#9025 = ORIENTED_EDGE('',*,*,#9026,.F.);
#9026 = EDGE_CURVE('',#9027,#9019,#9029,.T.);
#9027 = VERTEX_POINT('',#9028);
#9028 = CARTESIAN_POINT('',(-0.711761426375,-7.823857362477E-02,5.45));
#9029 = CIRCLE('',#9030,0.391761426375);
#9030 = AXIS2_PLACEMENT_3D('',#9031,#9032,#9033);
#9031 = CARTESIAN_POINT('',(-0.32,-7.823857362477E-02,5.45));
#9032 = DIRECTION('',(0.,0.,1.));
#9033 = DIRECTION('',(-1.,0.,0.));
#9034 = ORIENTED_EDGE('',*,*,#9035,.F.);
#9035 = EDGE_CURVE('',#9036,#9027,#9038,.T.);
#9036 = VERTEX_POINT('',#9037);
#9037 = CARTESIAN_POINT('',(-0.711761426375,1.011761426375,5.45));
#9038 = LINE('',#9039,#9040);
#9039 = CARTESIAN_POINT('',(-0.711761426375,1.011761426375,5.45));
#9040 = VECTOR('',#9041,1.);
#9041 = DIRECTION('',(0.,-1.,0.));
#9042 = ORIENTED_EDGE('',*,*,#9043,.F.);
#9043 = EDGE_CURVE('',#8935,#9036,#9044,.T.);
#9044 = CIRCLE('',#9045,0.391761426375);
#9045 = AXIS2_PLACEMENT_3D('',#9046,#9047,#9048);
#9046 = CARTESIAN_POINT('',(-0.32,1.011761426375,5.45));
#9047 = DIRECTION('',(0.,0.,1.));
#9048 = DIRECTION('',(-1.,0.,0.));
#9049 = ORIENTED_EDGE('',*,*,#8934,.T.);
#9050 = ORIENTED_EDGE('',*,*,#8509,.F.);
#9051 = ORIENTED_EDGE('',*,*,#8663,.T.);
#9052 = ORIENTED_EDGE('',*,*,#9053,.T.);
#9053 = EDGE_CURVE('',#8656,#9054,#9056,.T.);
#9054 = VERTEX_POINT('',#9055);
#9055 = CARTESIAN_POINT('',(-0.975,-7.823857362477E-02,5.45));
#9056 = LINE('',#9057,#9058);
#9057 = CARTESIAN_POINT('',(-0.975,1.011761426375,5.45));
#9058 = VECTOR('',#9059,1.);
#9059 = DIRECTION('',(0.,-1.,0.));
#9060 = ORIENTED_EDGE('',*,*,#9061,.T.);
#9061 = EDGE_CURVE('',#9054,#9062,#9064,.T.);
#9062 = VERTEX_POINT('',#9063);
#9063 = CARTESIAN_POINT('',(-0.32,-0.733238573625,5.45));
#9064 = CIRCLE('',#9065,0.655);
#9065 = AXIS2_PLACEMENT_3D('',#9066,#9067,#9068);
#9066 = CARTESIAN_POINT('',(-0.32,-7.823857362477E-02,5.45));
#9067 = DIRECTION('',(0.,0.,1.));
#9068 = DIRECTION('',(-1.,0.,0.));
#9069 = ORIENTED_EDGE('',*,*,#9070,.T.);
#9070 = EDGE_CURVE('',#9062,#8973,#9071,.T.);
#9071 = LINE('',#9072,#9073);
#9072 = CARTESIAN_POINT('',(-0.32,-0.733238573625,5.45));
#9073 = VECTOR('',#9074,1.);
#9074 = DIRECTION('',(1.,0.,0.));
#9075 = PLANE('',#9076);
#9076 = AXIS2_PLACEMENT_3D('',#9077,#9078,#9079);
#9077 = CARTESIAN_POINT('',(-3.E-17,0.466761426375,5.45));
#9078 = DIRECTION('',(0.,0.,1.));
#9079 = DIRECTION('',(-1.,0.,0.));
#9080 = ADVANCED_FACE('',(#9081),#9098,.T.);
#9081 = FACE_BOUND('',#9082,.T.);
#9082 = EDGE_LOOP('',(#9083,#9084,#9092));
#9083 = ORIENTED_EDGE('',*,*,#8706,.F.);
#9084 = ORIENTED_EDGE('',*,*,#9085,.T.);
#9085 = EDGE_CURVE('',#8699,#9086,#9088,.T.);
#9086 = VERTEX_POINT('',#9087);
#9087 = CARTESIAN_POINT('',(-0.4,1.666761426375,3.45));
#9088 = LINE('',#9089,#9090);
#9089 = CARTESIAN_POINT('',(0.4,1.666761426375,3.45));
#9090 = VECTOR('',#9091,1.);
#9091 = DIRECTION('',(-1.,0.,0.));
#9092 = ORIENTED_EDGE('',*,*,#9093,.T.);
#9093 = EDGE_CURVE('',#9086,#8645,#9094,.T.);
#9094 = LINE('',#9095,#9096);
#9095 = CARTESIAN_POINT('',(-0.4,1.666761426375,3.45));
#9096 = VECTOR('',#9097,1.);
#9097 = DIRECTION('',(0.,-1.,-2.E-16));
#9098 = PLANE('',#9099);
#9099 = AXIS2_PLACEMENT_3D('',#9100,#9101,#9102);
#9100 = CARTESIAN_POINT('',(0.4,1.666761426375,3.45));
#9101 = DIRECTION('',(0.,-2.E-16,1.));
#9102 = DIRECTION('',(0.,-1.,-2.E-16));
#9103 = ADVANCED_FACE('',(#9104),#9234,.F.);
#9104 = FACE_BOUND('',#9105,.F.);
#9105 = EDGE_LOOP('',(#9106,#9117,#9123,#9124,#9132,#9138,#9147,#9155,
    #9164,#9172,#9181,#9189,#9196,#9204,#9210,#9211,#9219,#9228));
#9106 = ORIENTED_EDGE('',*,*,#9107,.T.);
#9107 = EDGE_CURVE('',#9108,#9110,#9112,.T.);
#9108 = VERTEX_POINT('',#9109);
#9109 = CARTESIAN_POINT('',(0.32,-0.733238573625,3.45));
#9110 = VERTEX_POINT('',#9111);
#9111 = CARTESIAN_POINT('',(0.975,-7.823857362477E-02,3.45));
#9112 = CIRCLE('',#9113,0.655);
#9113 = AXIS2_PLACEMENT_3D('',#9114,#9115,#9116);
#9114 = CARTESIAN_POINT('',(0.32,-7.823857362477E-02,3.45));
#9115 = DIRECTION('',(0.,0.,1.));
#9116 = DIRECTION('',(-1.,0.,0.));
#9117 = ORIENTED_EDGE('',*,*,#9118,.T.);
#9118 = EDGE_CURVE('',#9110,#8826,#9119,.T.);
#9119 = LINE('',#9120,#9121);
#9120 = CARTESIAN_POINT('',(0.975,-7.823857362477E-02,3.45));
#9121 = VECTOR('',#9122,1.);
#9122 = DIRECTION('',(0.,1.,0.));
#9123 = ORIENTED_EDGE('',*,*,#8833,.T.);
#9124 = ORIENTED_EDGE('',*,*,#9125,.T.);
#9125 = EDGE_CURVE('',#8780,#9126,#9128,.T.);
#9126 = VERTEX_POINT('',#9127);
#9127 = CARTESIAN_POINT('',(0.4,1.40352285275,3.45));
#9128 = LINE('',#9129,#9130);
#9129 = CARTESIAN_POINT('',(0.4,1.666761426375,3.45));
#9130 = VECTOR('',#9131,1.);
#9131 = DIRECTION('',(0.,-1.,-2.E-16));
#9132 = ORIENTED_EDGE('',*,*,#9133,.T.);
#9133 = EDGE_CURVE('',#9126,#8951,#9134,.T.);
#9134 = LINE('',#9135,#9136);
#9135 = CARTESIAN_POINT('',(0.4,1.40352285275,3.45));
#9136 = VECTOR('',#9137,1.);
#9137 = DIRECTION('',(-1.,0.,0.));
#9138 = ORIENTED_EDGE('',*,*,#9139,.F.);
#9139 = EDGE_CURVE('',#9140,#8951,#9142,.T.);
#9140 = VERTEX_POINT('',#9141);
#9141 = CARTESIAN_POINT('',(0.711761426375,1.011761426375,3.45));
#9142 = CIRCLE('',#9143,0.391761426375);
#9143 = AXIS2_PLACEMENT_3D('',#9144,#9145,#9146);
#9144 = CARTESIAN_POINT('',(0.32,1.011761426375,3.45));
#9145 = DIRECTION('',(0.,0.,1.));
#9146 = DIRECTION('',(-1.,0.,0.));
#9147 = ORIENTED_EDGE('',*,*,#9148,.F.);
#9148 = EDGE_CURVE('',#9149,#9140,#9151,.T.);
#9149 = VERTEX_POINT('',#9150);
#9150 = CARTESIAN_POINT('',(0.711761426375,-7.823857362477E-02,3.45));
#9151 = LINE('',#9152,#9153);
#9152 = CARTESIAN_POINT('',(0.711761426375,-7.823857362477E-02,3.45));
#9153 = VECTOR('',#9154,1.);
#9154 = DIRECTION('',(0.,1.,0.));
#9155 = ORIENTED_EDGE('',*,*,#9156,.F.);
#9156 = EDGE_CURVE('',#9157,#9149,#9159,.T.);
#9157 = VERTEX_POINT('',#9158);
#9158 = CARTESIAN_POINT('',(0.32,-0.47,3.45));
#9159 = CIRCLE('',#9160,0.391761426375);
#9160 = AXIS2_PLACEMENT_3D('',#9161,#9162,#9163);
#9161 = CARTESIAN_POINT('',(0.32,-7.823857362477E-02,3.45));
#9162 = DIRECTION('',(0.,0.,1.));
#9163 = DIRECTION('',(-1.,0.,0.));
#9164 = ORIENTED_EDGE('',*,*,#9165,.F.);
#9165 = EDGE_CURVE('',#9166,#9157,#9168,.T.);
#9166 = VERTEX_POINT('',#9167);
#9167 = CARTESIAN_POINT('',(-0.32,-0.47,3.45));
#9168 = LINE('',#9169,#9170);
#9169 = CARTESIAN_POINT('',(-0.32,-0.47,3.45));
#9170 = VECTOR('',#9171,1.);
#9171 = DIRECTION('',(1.,0.,0.));
#9172 = ORIENTED_EDGE('',*,*,#9173,.F.);
#9173 = EDGE_CURVE('',#9174,#9166,#9176,.T.);
#9174 = VERTEX_POINT('',#9175);
#9175 = CARTESIAN_POINT('',(-0.711761426375,-7.823857362477E-02,3.45));
#9176 = CIRCLE('',#9177,0.391761426375);
#9177 = AXIS2_PLACEMENT_3D('',#9178,#9179,#9180);
#9178 = CARTESIAN_POINT('',(-0.32,-7.823857362477E-02,3.45));
#9179 = DIRECTION('',(0.,0.,1.));
#9180 = DIRECTION('',(-1.,0.,0.));
#9181 = ORIENTED_EDGE('',*,*,#9182,.F.);
#9182 = EDGE_CURVE('',#9183,#9174,#9185,.T.);
#9183 = VERTEX_POINT('',#9184);
#9184 = CARTESIAN_POINT('',(-0.711761426375,1.011761426375,3.45));
#9185 = LINE('',#9186,#9187);
#9186 = CARTESIAN_POINT('',(-0.711761426375,1.011761426375,3.45));
#9187 = VECTOR('',#9188,1.);
#9188 = DIRECTION('',(0.,-1.,0.));
#9189 = ORIENTED_EDGE('',*,*,#9190,.F.);
#9190 = EDGE_CURVE('',#8943,#9183,#9191,.T.);
#9191 = CIRCLE('',#9192,0.391761426375);
#9192 = AXIS2_PLACEMENT_3D('',#9193,#9194,#9195);
#9193 = CARTESIAN_POINT('',(-0.32,1.011761426375,3.45));
#9194 = DIRECTION('',(0.,0.,1.));
#9195 = DIRECTION('',(-1.,0.,0.));
#9196 = ORIENTED_EDGE('',*,*,#9197,.T.);
#9197 = EDGE_CURVE('',#8943,#9198,#9200,.T.);
#9198 = VERTEX_POINT('',#9199);
#9199 = CARTESIAN_POINT('',(-0.4,1.40352285275,3.45));
#9200 = LINE('',#9201,#9202);
#9201 = CARTESIAN_POINT('',(0.4,1.40352285275,3.45));
#9202 = VECTOR('',#9203,1.);
#9203 = DIRECTION('',(-1.,0.,0.));
#9204 = ORIENTED_EDGE('',*,*,#9205,.F.);
#9205 = EDGE_CURVE('',#8645,#9198,#9206,.T.);
#9206 = LINE('',#9207,#9208);
#9207 = CARTESIAN_POINT('',(-0.4,1.666761426375,3.45));
#9208 = VECTOR('',#9209,1.);
#9209 = DIRECTION('',(0.,-1.,-2.E-16));
#9210 = ORIENTED_EDGE('',*,*,#8644,.T.);
#9211 = ORIENTED_EDGE('',*,*,#9212,.T.);
#9212 = EDGE_CURVE('',#8647,#9213,#9215,.T.);
#9213 = VERTEX_POINT('',#9214);
#9214 = CARTESIAN_POINT('',(-0.975,-7.823857362477E-02,3.45));
#9215 = LINE('',#9216,#9217);
#9216 = CARTESIAN_POINT('',(-0.975,1.011761426375,3.45));
#9217 = VECTOR('',#9218,1.);
#9218 = DIRECTION('',(0.,-1.,0.));
#9219 = ORIENTED_EDGE('',*,*,#9220,.T.);
#9220 = EDGE_CURVE('',#9213,#9221,#9223,.T.);
#9221 = VERTEX_POINT('',#9222);
#9222 = CARTESIAN_POINT('',(-0.32,-0.733238573625,3.45));
#9223 = CIRCLE('',#9224,0.655);
#9224 = AXIS2_PLACEMENT_3D('',#9225,#9226,#9227);
#9225 = CARTESIAN_POINT('',(-0.32,-7.823857362477E-02,3.45));
#9226 = DIRECTION('',(0.,0.,1.));
#9227 = DIRECTION('',(-1.,0.,0.));
#9228 = ORIENTED_EDGE('',*,*,#9229,.T.);
#9229 = EDGE_CURVE('',#9221,#9108,#9230,.T.);
#9230 = LINE('',#9231,#9232);
#9231 = CARTESIAN_POINT('',(-0.32,-0.733238573625,3.45));
#9232 = VECTOR('',#9233,1.);
#9233 = DIRECTION('',(1.,0.,0.));
#9234 = PLANE('',#9235);
#9235 = AXIS2_PLACEMENT_3D('',#9236,#9237,#9238);
#9236 = CARTESIAN_POINT('',(-3.E-17,0.466761426375,3.45));
#9237 = DIRECTION('',(0.,0.,1.));
#9238 = DIRECTION('',(-1.,0.,0.));
#9239 = ADVANCED_FACE('',(#9240),#9251,.F.);
#9240 = FACE_BOUND('',#9241,.F.);
#9241 = EDGE_LOOP('',(#9242,#9243,#9244,#9250));
#9242 = ORIENTED_EDGE('',*,*,#8655,.T.);
#9243 = ORIENTED_EDGE('',*,*,#9053,.T.);
#9244 = ORIENTED_EDGE('',*,*,#9245,.F.);
#9245 = EDGE_CURVE('',#9213,#9054,#9246,.T.);
#9246 = LINE('',#9247,#9248);
#9247 = CARTESIAN_POINT('',(-0.975,-7.823857362477E-02,3.45));
#9248 = VECTOR('',#9249,1.);
#9249 = DIRECTION('',(0.,0.,1.));
#9250 = ORIENTED_EDGE('',*,*,#9212,.F.);
#9251 = PLANE('',#9252);
#9252 = AXIS2_PLACEMENT_3D('',#9253,#9254,#9255);
#9253 = CARTESIAN_POINT('',(-0.975,1.011761426375,3.45));
#9254 = DIRECTION('',(1.,0.,0.));
#9255 = DIRECTION('',(0.,-1.,0.));
#9256 = ADVANCED_FACE('',(#9257),#9283,.T.);
#9257 = FACE_BOUND('',#9258,.T.);
#9258 = EDGE_LOOP('',(#9259,#9269,#9275,#9276,#9277));
#9259 = ORIENTED_EDGE('',*,*,#9260,.F.);
#9260 = EDGE_CURVE('',#9261,#9263,#9265,.T.);
#9261 = VERTEX_POINT('',#9262);
#9262 = CARTESIAN_POINT('',(-0.4,1.666761426375,3.732514167383));
#9263 = VERTEX_POINT('',#9264);
#9264 = CARTESIAN_POINT('',(-0.4,2.366761426375,5.12847));
#9265 = LINE('',#9266,#9267);
#9266 = CARTESIAN_POINT('',(-0.4,1.666761426375,3.732514167383));
#9267 = VECTOR('',#9268,1.);
#9268 = DIRECTION('',(0.,0.448249178262,0.8939086498));
#9269 = ORIENTED_EDGE('',*,*,#9270,.F.);
#9270 = EDGE_CURVE('',#8682,#9261,#9271,.T.);
#9271 = LINE('',#9272,#9273);
#9272 = CARTESIAN_POINT('',(-0.4,1.40352285275,3.765283356459));
#9273 = VECTOR('',#9274,1.);
#9274 = DIRECTION('',(-0.,0.992340678184,-0.12353128519));
#9275 = ORIENTED_EDGE('',*,*,#8681,.F.);
#9276 = ORIENTED_EDGE('',*,*,#8756,.F.);
#9277 = ORIENTED_EDGE('',*,*,#9278,.F.);
#9278 = EDGE_CURVE('',#9263,#8749,#9279,.T.);
#9279 = LINE('',#9280,#9281);
#9280 = CARTESIAN_POINT('',(-0.4,2.366761426375,5.12847));
#9281 = VECTOR('',#9282,1.);
#9282 = DIRECTION('',(0.,-0.8939086498,0.448249178262));
#9283 = PLANE('',#9284);
#9284 = AXIS2_PLACEMENT_3D('',#9285,#9286,#9287);
#9285 = CARTESIAN_POINT('',(-0.4,1.332356653177,5.661145307804));
#9286 = DIRECTION('',(-1.,0.,0.));
#9287 = DIRECTION('',(0.,0.,1.));
#9288 = ADVANCED_FACE('',(#9289),#9299,.T.);
#9289 = FACE_BOUND('',#9290,.T.);
#9290 = EDGE_LOOP('',(#9291,#9297,#9298));
#9291 = ORIENTED_EDGE('',*,*,#9292,.F.);
#9292 = EDGE_CURVE('',#8690,#9261,#9293,.T.);
#9293 = LINE('',#9294,#9295);
#9294 = CARTESIAN_POINT('',(0.4,1.666761426375,3.732514167383));
#9295 = VECTOR('',#9296,1.);
#9296 = DIRECTION('',(-1.,0.,0.));
#9297 = ORIENTED_EDGE('',*,*,#8689,.F.);
#9298 = ORIENTED_EDGE('',*,*,#9270,.T.);
#9299 = PLANE('',#9300);
#9300 = AXIS2_PLACEMENT_3D('',#9301,#9302,#9303);
#9301 = CARTESIAN_POINT('',(0.4,1.40352285275,3.765283356459));
#9302 = DIRECTION('',(0.,-0.12353128519,-0.992340678184));
#9303 = DIRECTION('',(-0.,0.992340678184,-0.12353128519));
#9304 = ADVANCED_FACE('',(#9305),#9321,.F.);
#9305 = FACE_BOUND('',#9306,.F.);
#9306 = EDGE_LOOP('',(#9307,#9313,#9314,#9320));
#9307 = ORIENTED_EDGE('',*,*,#9308,.F.);
#9308 = EDGE_CURVE('',#8782,#8699,#9309,.T.);
#9309 = LINE('',#9310,#9311);
#9310 = CARTESIAN_POINT('',(0.32,1.666761426375,3.45));
#9311 = VECTOR('',#9312,1.);
#9312 = DIRECTION('',(-1.,0.,0.));
#9313 = ORIENTED_EDGE('',*,*,#8790,.T.);
#9314 = ORIENTED_EDGE('',*,*,#9315,.T.);
#9315 = EDGE_CURVE('',#8791,#8690,#9316,.T.);
#9316 = LINE('',#9317,#9318);
#9317 = CARTESIAN_POINT('',(0.4,1.666761426375,3.732514167383));
#9318 = VECTOR('',#9319,1.);
#9319 = DIRECTION('',(-1.,0.,0.));
#9320 = ORIENTED_EDGE('',*,*,#8698,.F.);
#9321 = PLANE('',#9322);
#9322 = AXIS2_PLACEMENT_3D('',#9323,#9324,#9325);
#9323 = CARTESIAN_POINT('',(0.32,1.666761426375,3.45));
#9324 = DIRECTION('',(0.,-1.,0.));
#9325 = DIRECTION('',(-1.,0.,0.));
#9326 = ADVANCED_FACE('',(#9327),#9353,.F.);
#9327 = FACE_BOUND('',#9328,.F.);
#9328 = EDGE_LOOP('',(#9329,#9339,#9345,#9346,#9347));
#9329 = ORIENTED_EDGE('',*,*,#9330,.F.);
#9330 = EDGE_CURVE('',#9331,#9333,#9335,.T.);
#9331 = VERTEX_POINT('',#9332);
#9332 = CARTESIAN_POINT('',(0.4,1.666761426375,3.732514167383));
#9333 = VERTEX_POINT('',#9334);
#9334 = CARTESIAN_POINT('',(0.4,2.366761426375,5.12847));
#9335 = LINE('',#9336,#9337);
#9336 = CARTESIAN_POINT('',(0.4,1.666761426375,3.732514167383));
#9337 = VECTOR('',#9338,1.);
#9338 = DIRECTION('',(0.,0.448249178262,0.8939086498));
#9339 = ORIENTED_EDGE('',*,*,#9340,.F.);
#9340 = EDGE_CURVE('',#8799,#9331,#9341,.T.);
#9341 = LINE('',#9342,#9343);
#9342 = CARTESIAN_POINT('',(0.4,1.40352285275,3.765283356459));
#9343 = VECTOR('',#9344,1.);
#9344 = DIRECTION('',(-0.,0.992340678184,-0.12353128519));
#9345 = ORIENTED_EDGE('',*,*,#8807,.F.);
#9346 = ORIENTED_EDGE('',*,*,#8738,.F.);
#9347 = ORIENTED_EDGE('',*,*,#9348,.F.);
#9348 = EDGE_CURVE('',#9333,#8739,#9349,.T.);
#9349 = LINE('',#9350,#9351);
#9350 = CARTESIAN_POINT('',(0.4,2.366761426375,5.12847));
#9351 = VECTOR('',#9352,1.);
#9352 = DIRECTION('',(0.,-0.8939086498,0.448249178262));
#9353 = PLANE('',#9354);
#9354 = AXIS2_PLACEMENT_3D('',#9355,#9356,#9357);
#9355 = CARTESIAN_POINT('',(0.4,1.332356653177,5.661145307804));
#9356 = DIRECTION('',(-1.,0.,0.));
#9357 = DIRECTION('',(0.,0.,1.));
#9358 = ADVANCED_FACE('',(#9359),#9370,.T.);
#9359 = FACE_BOUND('',#9360,.T.);
#9360 = EDGE_LOOP('',(#9361,#9367,#9368,#9369));
#9361 = ORIENTED_EDGE('',*,*,#9362,.T.);
#9362 = EDGE_CURVE('',#9333,#9263,#9363,.T.);
#9363 = LINE('',#9364,#9365);
#9364 = CARTESIAN_POINT('',(0.4,2.366761426375,5.12847));
#9365 = VECTOR('',#9366,1.);
#9366 = DIRECTION('',(-1.,0.,0.));
#9367 = ORIENTED_EDGE('',*,*,#9278,.T.);
#9368 = ORIENTED_EDGE('',*,*,#8748,.F.);
#9369 = ORIENTED_EDGE('',*,*,#9348,.F.);
#9370 = PLANE('',#9371);
#9371 = AXIS2_PLACEMENT_3D('',#9372,#9373,#9374);
#9372 = CARTESIAN_POINT('',(0.4,2.366761426375,5.12847));
#9373 = DIRECTION('',(0.,0.448249178262,0.8939086498));
#9374 = DIRECTION('',(0.,-0.8939086498,0.448249178262));
#9375 = ADVANCED_FACE('',(#9376),#9393,.T.);
#9376 = FACE_BOUND('',#9377,.T.);
#9377 = EDGE_LOOP('',(#9378,#9386,#9392));
#9378 = ORIENTED_EDGE('',*,*,#9379,.F.);
#9379 = EDGE_CURVE('',#9380,#8780,#9382,.T.);
#9380 = VERTEX_POINT('',#9381);
#9381 = CARTESIAN_POINT('',(0.4,1.666761426375,3.45));
#9382 = LINE('',#9383,#9384);
#9383 = CARTESIAN_POINT('',(0.4,1.666761426375,3.45));
#9384 = VECTOR('',#9385,1.);
#9385 = DIRECTION('',(0.,-1.,-2.E-16));
#9386 = ORIENTED_EDGE('',*,*,#9387,.T.);
#9387 = EDGE_CURVE('',#9380,#8782,#9388,.T.);
#9388 = LINE('',#9389,#9390);
#9389 = CARTESIAN_POINT('',(0.4,1.666761426375,3.45));
#9390 = VECTOR('',#9391,1.);
#9391 = DIRECTION('',(-1.,0.,0.));
#9392 = ORIENTED_EDGE('',*,*,#8779,.F.);
#9393 = PLANE('',#9394);
#9394 = AXIS2_PLACEMENT_3D('',#9395,#9396,#9397);
#9395 = CARTESIAN_POINT('',(0.4,1.666761426375,3.45));
#9396 = DIRECTION('',(0.,-2.E-16,1.));
#9397 = DIRECTION('',(0.,-1.,-2.E-16));
#9398 = ADVANCED_FACE('',(#9399),#9409,.T.);
#9399 = FACE_BOUND('',#9400,.T.);
#9400 = EDGE_LOOP('',(#9401,#9402,#9403));
#9401 = ORIENTED_EDGE('',*,*,#9340,.F.);
#9402 = ORIENTED_EDGE('',*,*,#8798,.F.);
#9403 = ORIENTED_EDGE('',*,*,#9404,.F.);
#9404 = EDGE_CURVE('',#9331,#8791,#9405,.T.);
#9405 = LINE('',#9406,#9407);
#9406 = CARTESIAN_POINT('',(0.4,1.666761426375,3.732514167383));
#9407 = VECTOR('',#9408,1.);
#9408 = DIRECTION('',(-1.,0.,0.));
#9409 = PLANE('',#9410);
#9410 = AXIS2_PLACEMENT_3D('',#9411,#9412,#9413);
#9411 = CARTESIAN_POINT('',(0.4,1.40352285275,3.765283356459));
#9412 = DIRECTION('',(0.,-0.12353128519,-0.992340678184));
#9413 = DIRECTION('',(-0.,0.992340678184,-0.12353128519));
#9414 = ADVANCED_FACE('',(#9415),#9426,.F.);
#9415 = FACE_BOUND('',#9416,.F.);
#9416 = EDGE_LOOP('',(#9417,#9423,#9424,#9425));
#9417 = ORIENTED_EDGE('',*,*,#9418,.T.);
#9418 = EDGE_CURVE('',#9110,#8975,#9419,.T.);
#9419 = LINE('',#9420,#9421);
#9420 = CARTESIAN_POINT('',(0.975,-7.823857362477E-02,3.45));
#9421 = VECTOR('',#9422,1.);
#9422 = DIRECTION('',(0.,0.,1.));
#9423 = ORIENTED_EDGE('',*,*,#8983,.T.);
#9424 = ORIENTED_EDGE('',*,*,#8825,.F.);
#9425 = ORIENTED_EDGE('',*,*,#9118,.F.);
#9426 = PLANE('',#9427);
#9427 = AXIS2_PLACEMENT_3D('',#9428,#9429,#9430);
#9428 = CARTESIAN_POINT('',(0.975,-7.823857362477E-02,3.45));
#9429 = DIRECTION('',(-1.,0.,0.));
#9430 = DIRECTION('',(0.,1.,0.));
#9431 = ADVANCED_FACE('',(#9432),#9443,.F.);
#9432 = FACE_BOUND('',#9433,.F.);
#9433 = EDGE_LOOP('',(#9434,#9440,#9441,#9442));
#9434 = ORIENTED_EDGE('',*,*,#9435,.T.);
#9435 = EDGE_CURVE('',#8861,#8907,#9436,.T.);
#9436 = LINE('',#9437,#9438);
#9437 = CARTESIAN_POINT('',(-0.698564,0.170214,9.45));
#9438 = VECTOR('',#9439,1.);
#9439 = DIRECTION('',(0.,0.,-1.));
#9440 = ORIENTED_EDGE('',*,*,#8906,.T.);
#9441 = ORIENTED_EDGE('',*,*,#9435,.F.);
#9442 = ORIENTED_EDGE('',*,*,#8860,.F.);
#9443 = CYLINDRICAL_SURFACE('',#9444,0.698564);
#9444 = AXIS2_PLACEMENT_3D('',#9445,#9446,#9447);
#9445 = CARTESIAN_POINT('',(-2.E-17,0.170214,9.45));
#9446 = DIRECTION('',(0.,0.,1.));
#9447 = DIRECTION('',(-1.,0.,0.));
#9448 = ADVANCED_FACE('',(#9449),#9460,.F.);
#9449 = FACE_BOUND('',#9450,.F.);
#9450 = EDGE_LOOP('',(#9451,#9452,#9453,#9454));
#9451 = ORIENTED_EDGE('',*,*,#9139,.T.);
#9452 = ORIENTED_EDGE('',*,*,#8958,.T.);
#9453 = ORIENTED_EDGE('',*,*,#8992,.F.);
#9454 = ORIENTED_EDGE('',*,*,#9455,.F.);
#9455 = EDGE_CURVE('',#9140,#8993,#9456,.T.);
#9456 = LINE('',#9457,#9458);
#9457 = CARTESIAN_POINT('',(0.711761426375,1.011761426375,3.45));
#9458 = VECTOR('',#9459,1.);
#9459 = DIRECTION('',(0.,0.,1.));
#9460 = CYLINDRICAL_SURFACE('',#9461,0.391761426375);
#9461 = AXIS2_PLACEMENT_3D('',#9462,#9463,#9464);
#9462 = CARTESIAN_POINT('',(0.32,1.011761426375,3.45));
#9463 = DIRECTION('',(0.,0.,-1.));
#9464 = DIRECTION('',(-1.,0.,0.));
#9465 = ADVANCED_FACE('',(#9466),#9495,.F.);
#9466 = FACE_BOUND('',#9467,.F.);
#9467 = EDGE_LOOP('',(#9468,#9477,#9485,#9492,#9493,#9494));
#9468 = ORIENTED_EDGE('',*,*,#9469,.T.);
#9469 = EDGE_CURVE('',#9126,#9470,#9472,.T.);
#9470 = VERTEX_POINT('',#9471);
#9471 = CARTESIAN_POINT('',(0.4,1.114684484901,3.336392809704));
#9472 = CIRCLE('',#9473,0.166761426375);
#9473 = AXIS2_PLACEMENT_3D('',#9474,#9475,#9476);
#9474 = CARTESIAN_POINT('',(0.4,1.236761426375,3.45));
#9475 = DIRECTION('',(-1.,0.,0.));
#9476 = DIRECTION('',(0.,-1.,0.));
#9477 = ORIENTED_EDGE('',*,*,#9478,.T.);
#9478 = EDGE_CURVE('',#9470,#9479,#9481,.T.);
#9479 = VERTEX_POINT('',#9480);
#9480 = CARTESIAN_POINT('',(-0.4,1.114684484901,3.336392809704));
#9481 = LINE('',#9482,#9483);
#9482 = CARTESIAN_POINT('',(0.4,1.114684484901,3.336392809704));
#9483 = VECTOR('',#9484,1.);
#9484 = DIRECTION('',(-1.,0.,0.));
#9485 = ORIENTED_EDGE('',*,*,#9486,.F.);
#9486 = EDGE_CURVE('',#9198,#9479,#9487,.T.);
#9487 = CIRCLE('',#9488,0.166761426375);
#9488 = AXIS2_PLACEMENT_3D('',#9489,#9490,#9491);
#9489 = CARTESIAN_POINT('',(-0.4,1.236761426375,3.45));
#9490 = DIRECTION('',(-1.,0.,0.));
#9491 = DIRECTION('',(0.,-1.,0.));
#9492 = ORIENTED_EDGE('',*,*,#9197,.F.);
#9493 = ORIENTED_EDGE('',*,*,#8950,.F.);
#9494 = ORIENTED_EDGE('',*,*,#9133,.F.);
#9495 = CYLINDRICAL_SURFACE('',#9496,0.166761426375);
#9496 = AXIS2_PLACEMENT_3D('',#9497,#9498,#9499);
#9497 = CARTESIAN_POINT('',(0.4,1.236761426375,3.45));
#9498 = DIRECTION('',(1.,0.,-0.));
#9499 = DIRECTION('',(0.,-1.,0.));
#9500 = ADVANCED_FACE('',(#9501),#9512,.F.);
#9501 = FACE_BOUND('',#9502,.F.);
#9502 = EDGE_LOOP('',(#9503,#9504,#9510,#9511));
#9503 = ORIENTED_EDGE('',*,*,#9190,.T.);
#9504 = ORIENTED_EDGE('',*,*,#9505,.T.);
#9505 = EDGE_CURVE('',#9183,#9036,#9506,.T.);
#9506 = LINE('',#9507,#9508);
#9507 = CARTESIAN_POINT('',(-0.711761426375,1.011761426375,3.45));
#9508 = VECTOR('',#9509,1.);
#9509 = DIRECTION('',(0.,0.,1.));
#9510 = ORIENTED_EDGE('',*,*,#9043,.F.);
#9511 = ORIENTED_EDGE('',*,*,#8942,.F.);
#9512 = CYLINDRICAL_SURFACE('',#9513,0.391761426375);
#9513 = AXIS2_PLACEMENT_3D('',#9514,#9515,#9516);
#9514 = CARTESIAN_POINT('',(-0.32,1.011761426375,3.45));
#9515 = DIRECTION('',(0.,0.,-1.));
#9516 = DIRECTION('',(-1.,0.,0.));
#9517 = ADVANCED_FACE('',(#9518),#9529,.T.);
#9518 = FACE_BOUND('',#9519,.T.);
#9519 = EDGE_LOOP('',(#9520,#9521,#9522,#9523));
#9520 = ORIENTED_EDGE('',*,*,#9107,.T.);
#9521 = ORIENTED_EDGE('',*,*,#9418,.T.);
#9522 = ORIENTED_EDGE('',*,*,#8972,.F.);
#9523 = ORIENTED_EDGE('',*,*,#9524,.F.);
#9524 = EDGE_CURVE('',#9108,#8973,#9525,.T.);
#9525 = LINE('',#9526,#9527);
#9526 = CARTESIAN_POINT('',(0.32,-0.733238573625,3.45));
#9527 = VECTOR('',#9528,1.);
#9528 = DIRECTION('',(0.,0.,1.));
#9529 = CYLINDRICAL_SURFACE('',#9530,0.655);
#9530 = AXIS2_PLACEMENT_3D('',#9531,#9532,#9533);
#9531 = CARTESIAN_POINT('',(0.32,-7.823857362477E-02,3.45));
#9532 = DIRECTION('',(0.,0.,-1.));
#9533 = DIRECTION('',(-1.,0.,0.));
#9534 = ADVANCED_FACE('',(#9535),#9546,.F.);
#9535 = FACE_BOUND('',#9536,.F.);
#9536 = EDGE_LOOP('',(#9537,#9543,#9544,#9545));
#9537 = ORIENTED_EDGE('',*,*,#9538,.T.);
#9538 = EDGE_CURVE('',#9221,#9062,#9539,.T.);
#9539 = LINE('',#9540,#9541);
#9540 = CARTESIAN_POINT('',(-0.32,-0.733238573625,3.45));
#9541 = VECTOR('',#9542,1.);
#9542 = DIRECTION('',(0.,0.,1.));
#9543 = ORIENTED_EDGE('',*,*,#9070,.T.);
#9544 = ORIENTED_EDGE('',*,*,#9524,.F.);
#9545 = ORIENTED_EDGE('',*,*,#9229,.F.);
#9546 = PLANE('',#9547);
#9547 = AXIS2_PLACEMENT_3D('',#9548,#9549,#9550);
#9548 = CARTESIAN_POINT('',(-0.32,-0.733238573625,3.45));
#9549 = DIRECTION('',(0.,1.,0.));
#9550 = DIRECTION('',(1.,0.,0.));
#9551 = ADVANCED_FACE('',(#9552),#9558,.T.);
#9552 = FACE_BOUND('',#9553,.T.);
#9553 = EDGE_LOOP('',(#9554,#9555,#9556,#9557));
#9554 = ORIENTED_EDGE('',*,*,#9220,.T.);
#9555 = ORIENTED_EDGE('',*,*,#9538,.T.);
#9556 = ORIENTED_EDGE('',*,*,#9061,.F.);
#9557 = ORIENTED_EDGE('',*,*,#9245,.F.);
#9558 = CYLINDRICAL_SURFACE('',#9559,0.655);
#9559 = AXIS2_PLACEMENT_3D('',#9560,#9561,#9562);
#9560 = CARTESIAN_POINT('',(-0.32,-7.823857362477E-02,3.45));
#9561 = DIRECTION('',(0.,0.,-1.));
#9562 = DIRECTION('',(-1.,0.,0.));
#9563 = ADVANCED_FACE('',(#9564),#9575,.T.);
#9564 = FACE_BOUND('',#9565,.T.);
#9565 = EDGE_LOOP('',(#9566,#9567,#9568,#9574));
#9566 = ORIENTED_EDGE('',*,*,#9505,.T.);
#9567 = ORIENTED_EDGE('',*,*,#9035,.T.);
#9568 = ORIENTED_EDGE('',*,*,#9569,.F.);
#9569 = EDGE_CURVE('',#9174,#9027,#9570,.T.);
#9570 = LINE('',#9571,#9572);
#9571 = CARTESIAN_POINT('',(-0.711761426375,-7.823857362477E-02,3.45));
#9572 = VECTOR('',#9573,1.);
#9573 = DIRECTION('',(0.,0.,1.));
#9574 = ORIENTED_EDGE('',*,*,#9182,.F.);
#9575 = PLANE('',#9576);
#9576 = AXIS2_PLACEMENT_3D('',#9577,#9578,#9579);
#9577 = CARTESIAN_POINT('',(-0.711761426375,1.011761426375,3.45));
#9578 = DIRECTION('',(1.,0.,0.));
#9579 = DIRECTION('',(0.,-1.,0.));
#9580 = ADVANCED_FACE('',(#9581),#9592,.F.);
#9581 = FACE_BOUND('',#9582,.F.);
#9582 = EDGE_LOOP('',(#9583,#9584,#9590,#9591));
#9583 = ORIENTED_EDGE('',*,*,#9173,.T.);
#9584 = ORIENTED_EDGE('',*,*,#9585,.T.);
#9585 = EDGE_CURVE('',#9166,#9019,#9586,.T.);
#9586 = LINE('',#9587,#9588);
#9587 = CARTESIAN_POINT('',(-0.32,-0.47,3.45));
#9588 = VECTOR('',#9589,1.);
#9589 = DIRECTION('',(0.,0.,1.));
#9590 = ORIENTED_EDGE('',*,*,#9026,.F.);
#9591 = ORIENTED_EDGE('',*,*,#9569,.F.);
#9592 = CYLINDRICAL_SURFACE('',#9593,0.391761426375);
#9593 = AXIS2_PLACEMENT_3D('',#9594,#9595,#9596);
#9594 = CARTESIAN_POINT('',(-0.32,-7.823857362477E-02,3.45));
#9595 = DIRECTION('',(0.,0.,-1.));
#9596 = DIRECTION('',(-1.,0.,0.));
#9597 = ADVANCED_FACE('',(#9598),#9609,.T.);
#9598 = FACE_BOUND('',#9599,.T.);
#9599 = EDGE_LOOP('',(#9600,#9601,#9602,#9608));
#9600 = ORIENTED_EDGE('',*,*,#9585,.T.);
#9601 = ORIENTED_EDGE('',*,*,#9018,.T.);
#9602 = ORIENTED_EDGE('',*,*,#9603,.F.);
#9603 = EDGE_CURVE('',#9157,#9010,#9604,.T.);
#9604 = LINE('',#9605,#9606);
#9605 = CARTESIAN_POINT('',(0.32,-0.47,3.45));
#9606 = VECTOR('',#9607,1.);
#9607 = DIRECTION('',(0.,0.,1.));
#9608 = ORIENTED_EDGE('',*,*,#9165,.F.);
#9609 = PLANE('',#9610);
#9610 = AXIS2_PLACEMENT_3D('',#9611,#9612,#9613);
#9611 = CARTESIAN_POINT('',(-0.32,-0.47,3.45));
#9612 = DIRECTION('',(0.,1.,0.));
#9613 = DIRECTION('',(1.,0.,0.));
#9614 = ADVANCED_FACE('',(#9615),#9626,.F.);
#9615 = FACE_BOUND('',#9616,.F.);
#9616 = EDGE_LOOP('',(#9617,#9618,#9624,#9625));
#9617 = ORIENTED_EDGE('',*,*,#9156,.T.);
#9618 = ORIENTED_EDGE('',*,*,#9619,.T.);
#9619 = EDGE_CURVE('',#9149,#9002,#9620,.T.);
#9620 = LINE('',#9621,#9622);
#9621 = CARTESIAN_POINT('',(0.711761426375,-7.823857362477E-02,3.45));
#9622 = VECTOR('',#9623,1.);
#9623 = DIRECTION('',(0.,0.,1.));
#9624 = ORIENTED_EDGE('',*,*,#9009,.F.);
#9625 = ORIENTED_EDGE('',*,*,#9603,.F.);
#9626 = CYLINDRICAL_SURFACE('',#9627,0.391761426375);
#9627 = AXIS2_PLACEMENT_3D('',#9628,#9629,#9630);
#9628 = CARTESIAN_POINT('',(0.32,-7.823857362477E-02,3.45));
#9629 = DIRECTION('',(0.,0.,-1.));
#9630 = DIRECTION('',(-1.,0.,0.));
#9631 = ADVANCED_FACE('',(#9632),#9638,.T.);
#9632 = FACE_BOUND('',#9633,.T.);
#9633 = EDGE_LOOP('',(#9634,#9635,#9636,#9637));
#9634 = ORIENTED_EDGE('',*,*,#9619,.T.);
#9635 = ORIENTED_EDGE('',*,*,#9001,.T.);
#9636 = ORIENTED_EDGE('',*,*,#9455,.F.);
#9637 = ORIENTED_EDGE('',*,*,#9148,.F.);
#9638 = PLANE('',#9639);
#9639 = AXIS2_PLACEMENT_3D('',#9640,#9641,#9642);
#9640 = CARTESIAN_POINT('',(0.711761426375,-7.823857362477E-02,3.45));
#9641 = DIRECTION('',(-1.,0.,0.));
#9642 = DIRECTION('',(0.,1.,0.));
#9643 = ADVANCED_FACE('',(#9644),#9732,.T.);
#9644 = FACE_BOUND('',#9645,.F.);
#9645 = EDGE_LOOP('',(#9646,#9647,#9648,#9649,#9657,#9666,#9674,#9683,
    #9691,#9700,#9708,#9717,#9725));
#9646 = ORIENTED_EDGE('',*,*,#9093,.T.);
#9647 = ORIENTED_EDGE('',*,*,#9205,.T.);
#9648 = ORIENTED_EDGE('',*,*,#9486,.T.);
#9649 = ORIENTED_EDGE('',*,*,#9650,.T.);
#9650 = EDGE_CURVE('',#9479,#9651,#9653,.T.);
#9651 = VERTEX_POINT('',#9652);
#9652 = CARTESIAN_POINT('',(-0.4,0.507864340432,3.988453186061));
#9653 = LINE('',#9654,#9655);
#9654 = CARTESIAN_POINT('',(-0.4,1.114684484901,3.336392809704));
#9655 = VECTOR('',#9656,1.);
#9656 = DIRECTION('',(0.,-0.681255808167,0.73204543837));
#9657 = ORIENTED_EDGE('',*,*,#9658,.T.);
#9658 = EDGE_CURVE('',#9651,#9659,#9661,.T.);
#9659 = VERTEX_POINT('',#9660);
#9660 = CARTESIAN_POINT('',(-0.4,0.433238573625,4.178184));
#9661 = CIRCLE('',#9662,0.278501572631);
#9662 = AXIS2_PLACEMENT_3D('',#9663,#9664,#9665);
#9663 = CARTESIAN_POINT('',(-0.4,0.711740146256,4.178184));
#9664 = DIRECTION('',(-1.,0.,0.));
#9665 = DIRECTION('',(0.,-1.,0.));
#9666 = ORIENTED_EDGE('',*,*,#9667,.T.);
#9667 = EDGE_CURVE('',#9659,#9668,#9670,.T.);
#9668 = VERTEX_POINT('',#9669);
#9669 = CARTESIAN_POINT('',(-0.4,0.433238573625,4.685074494728));
#9670 = LINE('',#9671,#9672);
#9671 = CARTESIAN_POINT('',(-0.4,0.433238573625,4.178184));
#9672 = VECTOR('',#9673,1.);
#9673 = DIRECTION('',(0.,0.,1.));
#9674 = ORIENTED_EDGE('',*,*,#9675,.T.);
#9675 = EDGE_CURVE('',#9668,#9676,#9678,.T.);
#9676 = VERTEX_POINT('',#9677);
#9677 = CARTESIAN_POINT('',(-0.4,0.575234225212,4.952153180724));
#9678 = CIRCLE('',#9679,0.332497);
#9679 = AXIS2_PLACEMENT_3D('',#9680,#9681,#9682);
#9680 = CARTESIAN_POINT('',(-0.4,0.765690642056,4.679608490276));
#9681 = DIRECTION('',(-1.,0.,0.));
#9682 = DIRECTION('',(0.,-1.,0.));
#9683 = ORIENTED_EDGE('',*,*,#9684,.F.);
#9684 = EDGE_CURVE('',#9685,#9676,#9687,.T.);
#9685 = VERTEX_POINT('',#9686);
#9686 = CARTESIAN_POINT('',(-0.4,0.424460852439,5.167911110498));
#9687 = LINE('',#9688,#9689);
#9688 = CARTESIAN_POINT('',(-0.4,0.424460852439,5.167911110498));
#9689 = VECTOR('',#9690,1.);
#9690 = DIRECTION('',(-0.,0.572806421845,-0.819690675251));
#9691 = ORIENTED_EDGE('',*,*,#9692,.F.);
#9692 = EDGE_CURVE('',#9693,#9685,#9695,.T.);
#9693 = VERTEX_POINT('',#9694);
#9694 = CARTESIAN_POINT('',(-0.4,0.17,4.685074494728));
#9695 = CIRCLE('',#9696,0.595715719314);
#9696 = AXIS2_PLACEMENT_3D('',#9697,#9698,#9699);
#9697 = CARTESIAN_POINT('',(-0.4,0.765690642056,4.679608490276));
#9698 = DIRECTION('',(-1.,0.,0.));
#9699 = DIRECTION('',(0.,-1.,0.));
#9700 = ORIENTED_EDGE('',*,*,#9701,.F.);
#9701 = EDGE_CURVE('',#9702,#9693,#9704,.T.);
#9702 = VERTEX_POINT('',#9703);
#9703 = CARTESIAN_POINT('',(-0.4,0.17,4.178184));
#9704 = LINE('',#9705,#9706);
#9705 = CARTESIAN_POINT('',(-0.4,0.17,4.178184));
#9706 = VECTOR('',#9707,1.);
#9707 = DIRECTION('',(0.,-1.1E-16,1.));
#9708 = ORIENTED_EDGE('',*,*,#9709,.F.);
#9709 = EDGE_CURVE('',#9710,#9702,#9712,.T.);
#9710 = VERTEX_POINT('',#9711);
#9711 = CARTESIAN_POINT('',(-0.4,0.315161743407,3.809120378846));
#9712 = CIRCLE('',#9713,0.541740146256);
#9713 = AXIS2_PLACEMENT_3D('',#9714,#9715,#9716);
#9714 = CARTESIAN_POINT('',(-0.4,0.711740146256,4.178184));
#9715 = DIRECTION('',(-1.,0.,0.));
#9716 = DIRECTION('',(0.,-1.,0.));
#9717 = ORIENTED_EDGE('',*,*,#9718,.F.);
#9718 = EDGE_CURVE('',#9719,#9710,#9721,.T.);
#9719 = VERTEX_POINT('',#9720);
#9720 = CARTESIAN_POINT('',(-0.4,0.921981887876,3.157060002488));
#9721 = LINE('',#9722,#9723);
#9722 = CARTESIAN_POINT('',(-0.4,0.921981887876,3.157060002488));
#9723 = VECTOR('',#9724,1.);
#9724 = DIRECTION('',(0.,-0.681255808167,0.73204543837));
#9725 = ORIENTED_EDGE('',*,*,#9726,.F.);
#9726 = EDGE_CURVE('',#9086,#9719,#9727,.T.);
#9727 = CIRCLE('',#9728,0.43);
#9728 = AXIS2_PLACEMENT_3D('',#9729,#9730,#9731);
#9729 = CARTESIAN_POINT('',(-0.4,1.236761426375,3.45));
#9730 = DIRECTION('',(-1.,0.,0.));
#9731 = DIRECTION('',(0.,-1.,0.));
#9732 = PLANE('',#9733);
#9733 = AXIS2_PLACEMENT_3D('',#9734,#9735,#9736);
#9734 = CARTESIAN_POINT('',(-0.4,1.332356653177,5.661145307804));
#9735 = DIRECTION('',(-1.,0.,0.));
#9736 = DIRECTION('',(0.,0.,1.));
#9737 = ADVANCED_FACE('',(#9738),#9759,.T.);
#9738 = FACE_BOUND('',#9739,.T.);
#9739 = EDGE_LOOP('',(#9740,#9749,#9755,#9756,#9757,#9758));
#9740 = ORIENTED_EDGE('',*,*,#9741,.T.);
#9741 = EDGE_CURVE('',#9380,#9742,#9744,.T.);
#9742 = VERTEX_POINT('',#9743);
#9743 = CARTESIAN_POINT('',(0.4,0.921981887876,3.157060002488));
#9744 = CIRCLE('',#9745,0.43);
#9745 = AXIS2_PLACEMENT_3D('',#9746,#9747,#9748);
#9746 = CARTESIAN_POINT('',(0.4,1.236761426375,3.45));
#9747 = DIRECTION('',(-1.,0.,0.));
#9748 = DIRECTION('',(0.,-1.,0.));
#9749 = ORIENTED_EDGE('',*,*,#9750,.T.);
#9750 = EDGE_CURVE('',#9742,#9719,#9751,.T.);
#9751 = LINE('',#9752,#9753);
#9752 = CARTESIAN_POINT('',(0.4,0.921981887876,3.157060002488));
#9753 = VECTOR('',#9754,1.);
#9754 = DIRECTION('',(-1.,0.,0.));
#9755 = ORIENTED_EDGE('',*,*,#9726,.F.);
#9756 = ORIENTED_EDGE('',*,*,#9085,.F.);
#9757 = ORIENTED_EDGE('',*,*,#9308,.F.);
#9758 = ORIENTED_EDGE('',*,*,#9387,.F.);
#9759 = CYLINDRICAL_SURFACE('',#9760,0.43);
#9760 = AXIS2_PLACEMENT_3D('',#9761,#9762,#9763);
#9761 = CARTESIAN_POINT('',(0.4,1.236761426375,3.45));
#9762 = DIRECTION('',(1.,0.,-0.));
#9763 = DIRECTION('',(0.,-1.,0.));
#9764 = ADVANCED_FACE('',(#9765),#9845,.F.);
#9765 = FACE_BOUND('',#9766,.T.);
#9766 = EDGE_LOOP('',(#9767,#9768,#9769,#9770,#9778,#9787,#9795,#9804,
    #9812,#9821,#9829,#9838,#9844));
#9767 = ORIENTED_EDGE('',*,*,#9379,.T.);
#9768 = ORIENTED_EDGE('',*,*,#9125,.T.);
#9769 = ORIENTED_EDGE('',*,*,#9469,.T.);
#9770 = ORIENTED_EDGE('',*,*,#9771,.T.);
#9771 = EDGE_CURVE('',#9470,#9772,#9774,.T.);
#9772 = VERTEX_POINT('',#9773);
#9773 = CARTESIAN_POINT('',(0.4,0.507864340432,3.988453186061));
#9774 = LINE('',#9775,#9776);
#9775 = CARTESIAN_POINT('',(0.4,1.114684484901,3.336392809704));
#9776 = VECTOR('',#9777,1.);
#9777 = DIRECTION('',(0.,-0.681255808167,0.73204543837));
#9778 = ORIENTED_EDGE('',*,*,#9779,.T.);
#9779 = EDGE_CURVE('',#9772,#9780,#9782,.T.);
#9780 = VERTEX_POINT('',#9781);
#9781 = CARTESIAN_POINT('',(0.4,0.433238573625,4.178184));
#9782 = CIRCLE('',#9783,0.278501572631);
#9783 = AXIS2_PLACEMENT_3D('',#9784,#9785,#9786);
#9784 = CARTESIAN_POINT('',(0.4,0.711740146256,4.178184));
#9785 = DIRECTION('',(-1.,0.,0.));
#9786 = DIRECTION('',(0.,-1.,0.));
#9787 = ORIENTED_EDGE('',*,*,#9788,.T.);
#9788 = EDGE_CURVE('',#9780,#9789,#9791,.T.);
#9789 = VERTEX_POINT('',#9790);
#9790 = CARTESIAN_POINT('',(0.4,0.433238573625,4.685074494728));
#9791 = LINE('',#9792,#9793);
#9792 = CARTESIAN_POINT('',(0.4,0.433238573625,4.178184));
#9793 = VECTOR('',#9794,1.);
#9794 = DIRECTION('',(0.,0.,1.));
#9795 = ORIENTED_EDGE('',*,*,#9796,.T.);
#9796 = EDGE_CURVE('',#9789,#9797,#9799,.T.);
#9797 = VERTEX_POINT('',#9798);
#9798 = CARTESIAN_POINT('',(0.4,0.575234225212,4.952153180724));
#9799 = CIRCLE('',#9800,0.332497);
#9800 = AXIS2_PLACEMENT_3D('',#9801,#9802,#9803);
#9801 = CARTESIAN_POINT('',(0.4,0.765690642056,4.679608490276));
#9802 = DIRECTION('',(-1.,0.,0.));
#9803 = DIRECTION('',(0.,-1.,0.));
#9804 = ORIENTED_EDGE('',*,*,#9805,.F.);
#9805 = EDGE_CURVE('',#9806,#9797,#9808,.T.);
#9806 = VERTEX_POINT('',#9807);
#9807 = CARTESIAN_POINT('',(0.4,0.424460852439,5.167911110498));
#9808 = LINE('',#9809,#9810);
#9809 = CARTESIAN_POINT('',(0.4,0.424460852439,5.167911110498));
#9810 = VECTOR('',#9811,1.);
#9811 = DIRECTION('',(-0.,0.572806421845,-0.819690675251));
#9812 = ORIENTED_EDGE('',*,*,#9813,.F.);
#9813 = EDGE_CURVE('',#9814,#9806,#9816,.T.);
#9814 = VERTEX_POINT('',#9815);
#9815 = CARTESIAN_POINT('',(0.4,0.17,4.685074494728));
#9816 = CIRCLE('',#9817,0.595715719314);
#9817 = AXIS2_PLACEMENT_3D('',#9818,#9819,#9820);
#9818 = CARTESIAN_POINT('',(0.4,0.765690642056,4.679608490276));
#9819 = DIRECTION('',(-1.,0.,0.));
#9820 = DIRECTION('',(0.,-1.,0.));
#9821 = ORIENTED_EDGE('',*,*,#9822,.F.);
#9822 = EDGE_CURVE('',#9823,#9814,#9825,.T.);
#9823 = VERTEX_POINT('',#9824);
#9824 = CARTESIAN_POINT('',(0.4,0.17,4.178184));
#9825 = LINE('',#9826,#9827);
#9826 = CARTESIAN_POINT('',(0.4,0.17,4.178184));
#9827 = VECTOR('',#9828,1.);
#9828 = DIRECTION('',(0.,-1.1E-16,1.));
#9829 = ORIENTED_EDGE('',*,*,#9830,.F.);
#9830 = EDGE_CURVE('',#9831,#9823,#9833,.T.);
#9831 = VERTEX_POINT('',#9832);
#9832 = CARTESIAN_POINT('',(0.4,0.315161743407,3.809120378846));
#9833 = CIRCLE('',#9834,0.541740146256);
#9834 = AXIS2_PLACEMENT_3D('',#9835,#9836,#9837);
#9835 = CARTESIAN_POINT('',(0.4,0.711740146256,4.178184));
#9836 = DIRECTION('',(-1.,0.,0.));
#9837 = DIRECTION('',(0.,-1.,0.));
#9838 = ORIENTED_EDGE('',*,*,#9839,.F.);
#9839 = EDGE_CURVE('',#9742,#9831,#9840,.T.);
#9840 = LINE('',#9841,#9842);
#9841 = CARTESIAN_POINT('',(0.4,0.921981887876,3.157060002488));
#9842 = VECTOR('',#9843,1.);
#9843 = DIRECTION('',(0.,-0.681255808167,0.73204543837));
#9844 = ORIENTED_EDGE('',*,*,#9741,.F.);
#9845 = PLANE('',#9846);
#9846 = AXIS2_PLACEMENT_3D('',#9847,#9848,#9849);
#9847 = CARTESIAN_POINT('',(0.4,1.332356653177,5.661145307804));
#9848 = DIRECTION('',(-1.,0.,0.));
#9849 = DIRECTION('',(0.,0.,1.));
#9850 = ADVANCED_FACE('',(#9851),#9859,.T.);
#9851 = FACE_BOUND('',#9852,.T.);
#9852 = EDGE_LOOP('',(#9853,#9854,#9855,#9856,#9857,#9858));
#9853 = ORIENTED_EDGE('',*,*,#9404,.T.);
#9854 = ORIENTED_EDGE('',*,*,#9315,.T.);
#9855 = ORIENTED_EDGE('',*,*,#9292,.T.);
#9856 = ORIENTED_EDGE('',*,*,#9260,.T.);
#9857 = ORIENTED_EDGE('',*,*,#9362,.F.);
#9858 = ORIENTED_EDGE('',*,*,#9330,.F.);
#9859 = PLANE('',#9860);
#9860 = AXIS2_PLACEMENT_3D('',#9861,#9862,#9863);
#9861 = CARTESIAN_POINT('',(0.4,1.666761426375,3.732514167383));
#9862 = DIRECTION('',(-0.,0.8939086498,-0.448249178262));
#9863 = DIRECTION('',(0.,0.448249178262,0.8939086498));
#9864 = ADVANCED_FACE('',(#9865),#9876,.T.);
#9865 = FACE_BOUND('',#9866,.T.);
#9866 = EDGE_LOOP('',(#9867,#9868,#9869,#9875));
#9867 = ORIENTED_EDGE('',*,*,#9478,.T.);
#9868 = ORIENTED_EDGE('',*,*,#9650,.T.);
#9869 = ORIENTED_EDGE('',*,*,#9870,.F.);
#9870 = EDGE_CURVE('',#9772,#9651,#9871,.T.);
#9871 = LINE('',#9872,#9873);
#9872 = CARTESIAN_POINT('',(0.4,0.507864340432,3.988453186061));
#9873 = VECTOR('',#9874,1.);
#9874 = DIRECTION('',(-1.,0.,0.));
#9875 = ORIENTED_EDGE('',*,*,#9771,.F.);
#9876 = PLANE('',#9877);
#9877 = AXIS2_PLACEMENT_3D('',#9878,#9879,#9880);
#9878 = CARTESIAN_POINT('',(0.4,1.114684484901,3.336392809704));
#9879 = DIRECTION('',(0.,0.73204543837,0.681255808167));
#9880 = DIRECTION('',(0.,-0.681255808167,0.73204543837));
#9881 = ADVANCED_FACE('',(#9882),#9893,.F.);
#9882 = FACE_BOUND('',#9883,.F.);
#9883 = EDGE_LOOP('',(#9884,#9885,#9891,#9892));
#9884 = ORIENTED_EDGE('',*,*,#9779,.T.);
#9885 = ORIENTED_EDGE('',*,*,#9886,.T.);
#9886 = EDGE_CURVE('',#9780,#9659,#9887,.T.);
#9887 = LINE('',#9888,#9889);
#9888 = CARTESIAN_POINT('',(0.4,0.433238573625,4.178184));
#9889 = VECTOR('',#9890,1.);
#9890 = DIRECTION('',(-1.,0.,0.));
#9891 = ORIENTED_EDGE('',*,*,#9658,.F.);
#9892 = ORIENTED_EDGE('',*,*,#9870,.F.);
#9893 = CYLINDRICAL_SURFACE('',#9894,0.278501572631);
#9894 = AXIS2_PLACEMENT_3D('',#9895,#9896,#9897);
#9895 = CARTESIAN_POINT('',(0.4,0.711740146256,4.178184));
#9896 = DIRECTION('',(1.,0.,-0.));
#9897 = DIRECTION('',(0.,-1.,0.));
#9898 = ADVANCED_FACE('',(#9899),#9910,.T.);
#9899 = FACE_BOUND('',#9900,.T.);
#9900 = EDGE_LOOP('',(#9901,#9902,#9903,#9909));
#9901 = ORIENTED_EDGE('',*,*,#9886,.T.);
#9902 = ORIENTED_EDGE('',*,*,#9667,.T.);
#9903 = ORIENTED_EDGE('',*,*,#9904,.F.);
#9904 = EDGE_CURVE('',#9789,#9668,#9905,.T.);
#9905 = LINE('',#9906,#9907);
#9906 = CARTESIAN_POINT('',(0.4,0.433238573625,4.685074494728));
#9907 = VECTOR('',#9908,1.);
#9908 = DIRECTION('',(-1.,0.,0.));
#9909 = ORIENTED_EDGE('',*,*,#9788,.F.);
#9910 = PLANE('',#9911);
#9911 = AXIS2_PLACEMENT_3D('',#9912,#9913,#9914);
#9912 = CARTESIAN_POINT('',(0.4,0.433238573625,4.178184));
#9913 = DIRECTION('',(0.,1.,0.));
#9914 = DIRECTION('',(0.,-0.,1.));
#9915 = ADVANCED_FACE('',(#9916),#9927,.F.);
#9916 = FACE_BOUND('',#9917,.F.);
#9917 = EDGE_LOOP('',(#9918,#9919,#9925,#9926));
#9918 = ORIENTED_EDGE('',*,*,#9796,.T.);
#9919 = ORIENTED_EDGE('',*,*,#9920,.T.);
#9920 = EDGE_CURVE('',#9797,#9676,#9921,.T.);
#9921 = LINE('',#9922,#9923);
#9922 = CARTESIAN_POINT('',(0.4,0.575234225212,4.952153180724));
#9923 = VECTOR('',#9924,1.);
#9924 = DIRECTION('',(-1.,0.,0.));
#9925 = ORIENTED_EDGE('',*,*,#9675,.F.);
#9926 = ORIENTED_EDGE('',*,*,#9904,.F.);
#9927 = CYLINDRICAL_SURFACE('',#9928,0.332497);
#9928 = AXIS2_PLACEMENT_3D('',#9929,#9930,#9931);
#9929 = CARTESIAN_POINT('',(0.4,0.765690642056,4.679608490276));
#9930 = DIRECTION('',(1.,0.,-0.));
#9931 = DIRECTION('',(0.,-1.,0.));
#9932 = ADVANCED_FACE('',(#9933),#9944,.F.);
#9933 = FACE_BOUND('',#9934,.F.);
#9934 = EDGE_LOOP('',(#9935,#9941,#9942,#9943));
#9935 = ORIENTED_EDGE('',*,*,#9936,.T.);
#9936 = EDGE_CURVE('',#9806,#9685,#9937,.T.);
#9937 = LINE('',#9938,#9939);
#9938 = CARTESIAN_POINT('',(0.4,0.424460852439,5.167911110498));
#9939 = VECTOR('',#9940,1.);
#9940 = DIRECTION('',(-1.,0.,0.));
#9941 = ORIENTED_EDGE('',*,*,#9684,.T.);
#9942 = ORIENTED_EDGE('',*,*,#9920,.F.);
#9943 = ORIENTED_EDGE('',*,*,#9805,.F.);
#9944 = PLANE('',#9945);
#9945 = AXIS2_PLACEMENT_3D('',#9946,#9947,#9948);
#9946 = CARTESIAN_POINT('',(0.4,0.424460852439,5.167911110498));
#9947 = DIRECTION('',(0.,-0.819690675251,-0.572806421845));
#9948 = DIRECTION('',(-0.,0.572806421845,-0.819690675251));
#9949 = ADVANCED_FACE('',(#9950),#9961,.T.);
#9950 = FACE_BOUND('',#9951,.T.);
#9951 = EDGE_LOOP('',(#9952,#9953,#9954,#9955));
#9952 = ORIENTED_EDGE('',*,*,#9813,.T.);
#9953 = ORIENTED_EDGE('',*,*,#9936,.T.);
#9954 = ORIENTED_EDGE('',*,*,#9692,.F.);
#9955 = ORIENTED_EDGE('',*,*,#9956,.F.);
#9956 = EDGE_CURVE('',#9814,#9693,#9957,.T.);
#9957 = LINE('',#9958,#9959);
#9958 = CARTESIAN_POINT('',(0.4,0.17,4.685074494728));
#9959 = VECTOR('',#9960,1.);
#9960 = DIRECTION('',(-1.,0.,0.));
#9961 = CYLINDRICAL_SURFACE('',#9962,0.595715719314);
#9962 = AXIS2_PLACEMENT_3D('',#9963,#9964,#9965);
#9963 = CARTESIAN_POINT('',(0.4,0.765690642056,4.679608490276));
#9964 = DIRECTION('',(1.,0.,-0.));
#9965 = DIRECTION('',(0.,-1.,0.));
#9966 = ADVANCED_FACE('',(#9967),#9978,.F.);
#9967 = FACE_BOUND('',#9968,.F.);
#9968 = EDGE_LOOP('',(#9969,#9975,#9976,#9977));
#9969 = ORIENTED_EDGE('',*,*,#9970,.T.);
#9970 = EDGE_CURVE('',#9823,#9702,#9971,.T.);
#9971 = LINE('',#9972,#9973);
#9972 = CARTESIAN_POINT('',(0.4,0.17,4.178184));
#9973 = VECTOR('',#9974,1.);
#9974 = DIRECTION('',(-1.,0.,0.));
#9975 = ORIENTED_EDGE('',*,*,#9701,.T.);
#9976 = ORIENTED_EDGE('',*,*,#9956,.F.);
#9977 = ORIENTED_EDGE('',*,*,#9822,.F.);
#9978 = PLANE('',#9979);
#9979 = AXIS2_PLACEMENT_3D('',#9980,#9981,#9982);
#9980 = CARTESIAN_POINT('',(0.4,0.17,4.178184));
#9981 = DIRECTION('',(0.,1.,1.1E-16));
#9982 = DIRECTION('',(0.,-1.1E-16,1.));
#9983 = ADVANCED_FACE('',(#9984),#9995,.T.);
#9984 = FACE_BOUND('',#9985,.T.);
#9985 = EDGE_LOOP('',(#9986,#9987,#9988,#9989));
#9986 = ORIENTED_EDGE('',*,*,#9830,.T.);
#9987 = ORIENTED_EDGE('',*,*,#9970,.T.);
#9988 = ORIENTED_EDGE('',*,*,#9709,.F.);
#9989 = ORIENTED_EDGE('',*,*,#9990,.F.);
#9990 = EDGE_CURVE('',#9831,#9710,#9991,.T.);
#9991 = LINE('',#9992,#9993);
#9992 = CARTESIAN_POINT('',(0.4,0.315161743407,3.809120378846));
#9993 = VECTOR('',#9994,1.);
#9994 = DIRECTION('',(-1.,0.,0.));
#9995 = CYLINDRICAL_SURFACE('',#9996,0.541740146256);
#9996 = AXIS2_PLACEMENT_3D('',#9997,#9998,#9999);
#9997 = CARTESIAN_POINT('',(0.4,0.711740146256,4.178184));
#9998 = DIRECTION('',(1.,0.,-0.));
#9999 = DIRECTION('',(0.,-1.,0.));
#10000 = ADVANCED_FACE('',(#10001),#10007,.F.);
#10001 = FACE_BOUND('',#10002,.F.);
#10002 = EDGE_LOOP('',(#10003,#10004,#10005,#10006));
#10003 = ORIENTED_EDGE('',*,*,#9750,.T.);
#10004 = ORIENTED_EDGE('',*,*,#9718,.T.);
#10005 = ORIENTED_EDGE('',*,*,#9990,.F.);
#10006 = ORIENTED_EDGE('',*,*,#9839,.F.);
#10007 = PLANE('',#10008);
#10008 = AXIS2_PLACEMENT_3D('',#10009,#10010,#10011);
#10009 = CARTESIAN_POINT('',(0.4,0.921981887876,3.157060002488));
#10010 = DIRECTION('',(0.,0.73204543837,0.681255808167));
#10011 = DIRECTION('',(0.,-0.681255808167,0.73204543837));
#10012 = ( GEOMETRIC_REPRESENTATION_CONTEXT(3) 
GLOBAL_UNCERTAINTY_ASSIGNED_CONTEXT((#10016)) 
GLOBAL_UNIT_ASSIGNED_CONTEXT((#10013,#10014,#10015)) 
REPRESENTATION_CONTEXT('Context #1',
  '3D Context with UNIT and UNCERTAINTY') );
#10013 = ( LENGTH_UNIT() NAMED_UNIT(*) SI_UNIT(.MILLI.,.METRE.) );
#10014 = ( NAMED_UNIT(*) PLANE_ANGLE_UNIT() SI_UNIT($,.RADIAN.) );
#10015 = ( NAMED_UNIT(*) SI_UNIT($,.STERADIAN.) SOLID_ANGLE_UNIT() );
#10016 = UNCERTAINTY_MEASURE_WITH_UNIT(LENGTH_MEASURE(1.E-07),#10013,
  'distance_accuracy_value','confusion accuracy');
#10017 = CONTEXT_DEPENDENT_SHAPE_REPRESENTATION(#10018,#10020);
#10018 = ( REPRESENTATION_RELATIONSHIP('','',#8405,#8342) 
REPRESENTATION_RELATIONSHIP_WITH_TRANSFORMATION(#10019) 
SHAPE_REPRESENTATION_RELATIONSHIP() );
#10019 = ITEM_DEFINED_TRANSFORMATION('','',#11,#8343);
#10020 = PRODUCT_DEFINITION_SHAPE('Placement','Placement of an item',
  #10021);
#10021 = NEXT_ASSEMBLY_USAGE_OCCURRENCE('169','0','',#8337,#8400,$);
#10022 = PRODUCT_RELATED_PRODUCT_CATEGORY('part',$,(#8402));
#10023 = CONTEXT_DEPENDENT_SHAPE_REPRESENTATION(#10024,#10026);
#10024 = ( REPRESENTATION_RELATIONSHIP('','',#8405,#8342) 
REPRESENTATION_RELATIONSHIP_WITH_TRANSFORMATION(#10025) 
SHAPE_REPRESENTATION_RELATIONSHIP() );
#10025 = ITEM_DEFINED_TRANSFORMATION('','',#11,#8347);
#10026 = PRODUCT_DEFINITION_SHAPE('Placement','Placement of an item',
  #10027);
#10027 = NEXT_ASSEMBLY_USAGE_OCCURRENCE('170','1','',#8337,#8400,$);
#10028 = CONTEXT_DEPENDENT_SHAPE_REPRESENTATION(#10029,#10031);
#10029 = ( REPRESENTATION_RELATIONSHIP('','',#8405,#8342) 
REPRESENTATION_RELATIONSHIP_WITH_TRANSFORMATION(#10030) 
SHAPE_REPRESENTATION_RELATIONSHIP() );
#10030 = ITEM_DEFINED_TRANSFORMATION('','',#11,#8351);
#10031 = PRODUCT_DEFINITION_SHAPE('Placement','Placement of an item',
  #10032);
#10032 = NEXT_ASSEMBLY_USAGE_OCCURRENCE('171','2','',#8337,#8400,$);
#10033 = CONTEXT_DEPENDENT_SHAPE_REPRESENTATION(#10034,#10036);
#10034 = ( REPRESENTATION_RELATIONSHIP('','',#8405,#8342) 
REPRESENTATION_RELATIONSHIP_WITH_TRANSFORMATION(#10035) 
SHAPE_REPRESENTATION_RELATIONSHIP() );
#10035 = ITEM_DEFINED_TRANSFORMATION('','',#11,#8355);
#10036 = PRODUCT_DEFINITION_SHAPE('Placement','Placement of an item',
  #10037);
#10037 = NEXT_ASSEMBLY_USAGE_OCCURRENCE('172','3','',#8337,#8400,$);
#10038 = CONTEXT_DEPENDENT_SHAPE_REPRESENTATION(#10039,#10041);
#10039 = ( REPRESENTATION_RELATIONSHIP('','',#8405,#8342) 
REPRESENTATION_RELATIONSHIP_WITH_TRANSFORMATION(#10040) 
SHAPE_REPRESENTATION_RELATIONSHIP() );
#10040 = ITEM_DEFINED_TRANSFORMATION('','',#11,#8359);
#10041 = PRODUCT_DEFINITION_SHAPE('Placement','Placement of an item',
  #10042);
#10042 = NEXT_ASSEMBLY_USAGE_OCCURRENCE('173','4','',#8337,#8400,$);
#10043 = CONTEXT_DEPENDENT_SHAPE_REPRESENTATION(#10044,#10046);
#10044 = ( REPRESENTATION_RELATIONSHIP('','',#8405,#8342) 
REPRESENTATION_RELATIONSHIP_WITH_TRANSFORMATION(#10045) 
SHAPE_REPRESENTATION_RELATIONSHIP() );
#10045 = ITEM_DEFINED_TRANSFORMATION('','',#11,#8363);
#10046 = PRODUCT_DEFINITION_SHAPE('Placement','Placement of an item',
  #10047);
#10047 = NEXT_ASSEMBLY_USAGE_OCCURRENCE('174','5','',#8337,#8400,$);
#10048 = CONTEXT_DEPENDENT_SHAPE_REPRESENTATION(#10049,#10051);
#10049 = ( REPRESENTATION_RELATIONSHIP('','',#8405,#8342) 
REPRESENTATION_RELATIONSHIP_WITH_TRANSFORMATION(#10050) 
SHAPE_REPRESENTATION_RELATIONSHIP() );
#10050 = ITEM_DEFINED_TRANSFORMATION('','',#11,#8367);
#10051 = PRODUCT_DEFINITION_SHAPE('Placement','Placement of an item',
  #10052);
#10052 = NEXT_ASSEMBLY_USAGE_OCCURRENCE('175','6','',#8337,#8400,$);
#10053 = CONTEXT_DEPENDENT_SHAPE_REPRESENTATION(#10054,#10056);
#10054 = ( REPRESENTATION_RELATIONSHIP('','',#8405,#8342) 
REPRESENTATION_RELATIONSHIP_WITH_TRANSFORMATION(#10055) 
SHAPE_REPRESENTATION_RELATIONSHIP() );
#10055 = ITEM_DEFINED_TRANSFORMATION('','',#11,#8371);
#10056 = PRODUCT_DEFINITION_SHAPE('Placement','Placement of an item',
  #10057);
#10057 = NEXT_ASSEMBLY_USAGE_OCCURRENCE('176','7','',#8337,#8400,$);
#10058 = CONTEXT_DEPENDENT_SHAPE_REPRESENTATION(#10059,#10061);
#10059 = ( REPRESENTATION_RELATIONSHIP('','',#8405,#8342) 
REPRESENTATION_RELATIONSHIP_WITH_TRANSFORMATION(#10060) 
SHAPE_REPRESENTATION_RELATIONSHIP() );
#10060 = ITEM_DEFINED_TRANSFORMATION('','',#11,#8375);
#10061 = PRODUCT_DEFINITION_SHAPE('Placement','Placement of an item',
  #10062);
#10062 = NEXT_ASSEMBLY_USAGE_OCCURRENCE('177','8','',#8337,#8400,$);
#10063 = CONTEXT_DEPENDENT_SHAPE_REPRESENTATION(#10064,#10066);
#10064 = ( REPRESENTATION_RELATIONSHIP('','',#8405,#8342) 
REPRESENTATION_RELATIONSHIP_WITH_TRANSFORMATION(#10065) 
SHAPE_REPRESENTATION_RELATIONSHIP() );
#10065 = ITEM_DEFINED_TRANSFORMATION('','',#11,#8379);
#10066 = PRODUCT_DEFINITION_SHAPE('Placement','Placement of an item',
  #10067);
#10067 = NEXT_ASSEMBLY_USAGE_OCCURRENCE('178','9','',#8337,#8400,$);
#10068 = CONTEXT_DEPENDENT_SHAPE_REPRESENTATION(#10069,#10071);
#10069 = ( REPRESENTATION_RELATIONSHIP('','',#8405,#8342) 
REPRESENTATION_RELATIONSHIP_WITH_TRANSFORMATION(#10070) 
SHAPE_REPRESENTATION_RELATIONSHIP() );
#10070 = ITEM_DEFINED_TRANSFORMATION('','',#11,#8383);
#10071 = PRODUCT_DEFINITION_SHAPE('Placement','Placement of an item',
  #10072);
#10072 = NEXT_ASSEMBLY_USAGE_OCCURRENCE('179','10','',#8337,#8400,$);
#10073 = MECHANICAL_DESIGN_GEOMETRIC_PRESENTATION_REPRESENTATION('',(
    #10074),#8324);
#10074 = STYLED_ITEM('color',(#10075),#37);
#10075 = PRESENTATION_STYLE_ASSIGNMENT((#10076,#10082));
#10076 = SURFACE_STYLE_USAGE(.BOTH.,#10077);
#10077 = SURFACE_SIDE_STYLE('',(#10078));
#10078 = SURFACE_STYLE_FILL_AREA(#10079);
#10079 = FILL_AREA_STYLE('',(#10080));
#10080 = FILL_AREA_STYLE_COLOUR('',#10081);
#10081 = DRAUGHTING_PRE_DEFINED_COLOUR('white');
#10082 = CURVE_STYLE('',#10083,POSITIVE_LENGTH_MEASURE(0.1),#10084);
#10083 = DRAUGHTING_PRE_DEFINED_CURVE_FONT('continuous');
#10084 = COLOUR_RGB('',9.803921802644E-02,9.803921802644E-02,
  9.803921802644E-02);
#10085 = MECHANICAL_DESIGN_GEOMETRIC_PRESENTATION_REPRESENTATION('',(
    #10086),#10012);
#10086 = STYLED_ITEM('color',(#10087),#8406);
#10087 = PRESENTATION_STYLE_ASSIGNMENT((#10088,#10094));
#10088 = SURFACE_STYLE_USAGE(.BOTH.,#10089);
#10089 = SURFACE_SIDE_STYLE('',(#10090));
#10090 = SURFACE_STYLE_FILL_AREA(#10091);
#10091 = FILL_AREA_STYLE('',(#10092));
#10092 = FILL_AREA_STYLE_COLOUR('',#10093);
#10093 = COLOUR_RGB('',0.399999997426,0.274509816483,0.);
#10094 = CURVE_STYLE('',#10095,POSITIVE_LENGTH_MEASURE(0.1),#10084);
#10095 = DRAUGHTING_PRE_DEFINED_CURVE_FONT('continuous');
ENDSEC;
END-ISO-10303-21;
