ISO-10303-21;
HEADER;
FILE_DESCRIPTION(('FreeCAD Model'),'2;1');
FILE_NAME('Open CASCADE Shape Model','2026-06-29T21:20:30',(''),(''),
  'Open CASCADE STEP processor 7.8','FreeCAD','Unknown');
FILE_SCHEMA(('AUTOMOTIVE_DESIGN { 1 0 10303 214 1 1 1 1 }'));
ENDSEC;
DATA;
#1 = APPLICATION_PROTOCOL_DEFINITION('international standard',
  'automotive_design',2000,#2);
#2 = APPLICATION_CONTEXT(
  'core data for automotive mechanical design processes');
#3 = SHAPE_DEFINITION_REPRESENTATION(#4,#10);
#4 = PRODUCT_DEFINITION_SHAPE('','',#5);
#5 = PRODUCT_DEFINITION('design','',#6,#9);
#6 = PRODUCT_DEFINITION_FORMATION('','',#7);
#7 = PRODUCT('XH_housing','XH_housing','',(#8));
#8 = PRODUCT_CONTEXT('',#2,'mechanical');
#9 = PRODUCT_DEFINITION_CONTEXT('part definition',#2,'design');
#10 = SHAPE_REPRESENTATION('',(#11,#15,#19),#23);
#11 = AXIS2_PLACEMENT_3D('',#12,#13,#14);
#12 = CARTESIAN_POINT('',(0.,0.,0.));
#13 = DIRECTION('',(0.,0.,1.));
#14 = DIRECTION('',(1.,0.,-0.));
#15 = AXIS2_PLACEMENT_3D('',#16,#17,#18);
#16 = CARTESIAN_POINT('',(20.,0.,0.));
#17 = DIRECTION('',(0.,0.,1.));
#18 = DIRECTION('',(-1.,1.224646799147E-16,0.));
#19 = AXIS2_PLACEMENT_3D('',#20,#21,#22);
#20 = CARTESIAN_POINT('',(0.,0.,0.));
#21 = DIRECTION('',(0.,0.,1.));
#22 = DIRECTION('',(1.,0.,0.));
#23 = ( GEOMETRIC_REPRESENTATION_CONTEXT(3) 
GLOBAL_UNCERTAINTY_ASSIGNED_CONTEXT((#27)) GLOBAL_UNIT_ASSIGNED_CONTEXT(
(#24,#25,#26)) REPRESENTATION_CONTEXT('Context #1',
  '3D Context with UNIT and UNCERTAINTY') );
#24 = ( LENGTH_UNIT() NAMED_UNIT(*) SI_UNIT(.MILLI.,.METRE.) );
#25 = ( NAMED_UNIT(*) PLANE_ANGLE_UNIT() SI_UNIT($,.RADIAN.) );
#26 = ( NAMED_UNIT(*) SI_UNIT($,.STERADIAN.) SOLID_ANGLE_UNIT() );
#27 = UNCERTAINTY_MEASURE_WITH_UNIT(LENGTH_MEASURE(5.E-07),#24,
  'distance_accuracy_value','confusion accuracy');
#28 = PRODUCT_RELATED_PRODUCT_CATEGORY('part',$,(#7));
#29 = SHAPE_DEFINITION_REPRESENTATION(#30,#36);
#30 = PRODUCT_DEFINITION_SHAPE('','',#31);
#31 = PRODUCT_DEFINITION('design','',#32,#35);
#32 = PRODUCT_DEFINITION_FORMATION('','',#33);
#33 = PRODUCT('Housing','Housing','',(#34));
#34 = PRODUCT_CONTEXT('',#2,'mechanical');
#35 = PRODUCT_DEFINITION_CONTEXT('part definition',#2,'design');
#36 = ADVANCED_BREP_SHAPE_REPRESENTATION('',(#11,#37),#7008);
#37 = MANIFOLD_SOLID_BREP('',#38);
#38 = CLOSED_SHELL('',(#39,#95,#126,#836,#860,#916,#972,#1055,#1072,
    #1238,#1262,#1366,#1383,#1408,#1432,#1457,#1481,#1506,#1530,#1554,
    #1578,#1602,#1620,#1667,#1691,#1715,#1739,#1763,#1787,#1811,#1844,
    #1891,#1915,#1939,#1963,#1987,#2011,#2035,#2068,#2115,#2139,#2163,
    #2187,#2211,#2235,#2259,#2292,#2339,#2363,#2387,#2411,#2435,#2459,
    #2483,#2516,#2563,#2587,#2611,#2635,#2659,#2683,#2707,#2740,#2787,
    #2811,#2835,#2859,#2883,#2907,#2931,#2964,#3011,#3035,#3059,#3083,
    #3107,#3131,#3155,#3188,#3235,#3259,#3283,#3307,#3331,#3355,#3379,
    #3412,#3429,#3446,#3463,#3482,#3531,#3836,#3853,#3870,#3887,#4106,
    #4137,#4161,#4185,#4202,#4235,#4261,#4563,#4582,#4599,#4616,#4633,
    #4650,#4667,#4684,#4701,#4718,#4735,#4752,#4764,#4790,#4832,#4894,
    #4929,#4955,#4997,#5059,#5094,#5120,#5162,#5224,#5259,#5285,#5327,
    #5389,#5424,#5450,#5492,#5554,#5589,#5615,#5657,#5719,#5754,#5780,
    #5822,#5884,#5919,#5945,#5987,#6049,#6084,#6101,#6118,#6135,#6152,
    #6169,#6186,#6203,#6220,#6232,#6254,#6271,#6288,#6300,#6322,#6339,
    #6356,#6368,#6390,#6407,#6424,#6436,#6458,#6475,#6492,#6504,#6526,
    #6543,#6560,#6572,#6594,#6611,#6628,#6640,#6662,#6679,#6696,#6708,
    #6730,#6747,#6764,#6776,#6793,#6805,#6822,#6834,#6851,#6863,#6880,
    #6892,#6909,#6921,#6938,#6950,#6967,#6979,#6996));
#39 = ADVANCED_FACE('',(#40),#90,.F.);
#40 = FACE_BOUND('',#41,.F.);
#41 = EDGE_LOOP('',(#42,#52,#60,#68,#76,#84));
#42 = ORIENTED_EDGE('',*,*,#43,.F.);
#43 = EDGE_CURVE('',#44,#46,#48,.T.);
#44 = VERTEX_POINT('',#45);
#45 = CARTESIAN_POINT('',(21.05,1.52,3.45));
#46 = VERTEX_POINT('',#47);
#47 = CARTESIAN_POINT('',(21.05,1.52,9.8));
#48 = LINE('',#49,#50);
#49 = CARTESIAN_POINT('',(21.05,1.52,3.45));
#50 = VECTOR('',#51,1.);
#51 = DIRECTION('',(0.,0.,1.));
#52 = ORIENTED_EDGE('',*,*,#53,.T.);
#53 = EDGE_CURVE('',#44,#54,#56,.T.);
#54 = VERTEX_POINT('',#55);
#55 = CARTESIAN_POINT('',(20.6,1.52,3.45));
#56 = LINE('',#57,#58);
#57 = CARTESIAN_POINT('',(21.05,1.52,3.45));
#58 = VECTOR('',#59,1.);
#59 = DIRECTION('',(-1.,-0.,-0.));
#60 = ORIENTED_EDGE('',*,*,#61,.F.);
#61 = EDGE_CURVE('',#62,#54,#64,.T.);
#62 = VERTEX_POINT('',#63);
#63 = CARTESIAN_POINT('',(20.6,1.52,5.25));
#64 = LINE('',#65,#66);
#65 = CARTESIAN_POINT('',(20.6,1.52,5.25));
#66 = VECTOR('',#67,1.);
#67 = DIRECTION('',(0.,1.233581138472E-16,-1.));
#68 = ORIENTED_EDGE('',*,*,#69,.T.);
#69 = EDGE_CURVE('',#62,#70,#72,.T.);
#70 = VERTEX_POINT('',#71);
#71 = CARTESIAN_POINT('',(20.5,1.52,5.25));
#72 = LINE('',#73,#74);
#73 = CARTESIAN_POINT('',(20.6,1.52,5.25));
#74 = VECTOR('',#75,1.);
#75 = DIRECTION('',(-1.,-0.,-0.));
#76 = ORIENTED_EDGE('',*,*,#77,.F.);
#77 = EDGE_CURVE('',#78,#70,#80,.T.);
#78 = VERTEX_POINT('',#79);
#79 = CARTESIAN_POINT('',(20.5,1.52,9.8));
#80 = LINE('',#81,#82);
#81 = CARTESIAN_POINT('',(20.5,1.52,9.8));
#82 = VECTOR('',#83,1.);
#83 = DIRECTION('',(0.,0.,-1.));
#84 = ORIENTED_EDGE('',*,*,#85,.F.);
#85 = EDGE_CURVE('',#46,#78,#86,.T.);
#86 = LINE('',#87,#88);
#87 = CARTESIAN_POINT('',(21.05,1.52,9.8));
#88 = VECTOR('',#89,1.);
#89 = DIRECTION('',(-1.,-0.,-0.));
#90 = PLANE('',#91);
#91 = AXIS2_PLACEMENT_3D('',#92,#93,#94);
#92 = CARTESIAN_POINT('',(21.05,1.52,3.45));
#93 = DIRECTION('',(0.,1.,0.));
#94 = DIRECTION('',(0.,0.,1.));
#95 = ADVANCED_FACE('',(#96),#121,.F.);
#96 = FACE_BOUND('',#97,.F.);
#97 = EDGE_LOOP('',(#98,#106,#107,#115));
#98 = ORIENTED_EDGE('',*,*,#99,.T.);
#99 = EDGE_CURVE('',#100,#44,#102,.T.);
#100 = VERTEX_POINT('',#101);
#101 = CARTESIAN_POINT('',(21.05,-0.98,3.45));
#102 = LINE('',#103,#104);
#103 = CARTESIAN_POINT('',(21.05,-0.98,3.45));
#104 = VECTOR('',#105,1.);
#105 = DIRECTION('',(0.,1.,0.));
#106 = ORIENTED_EDGE('',*,*,#43,.T.);
#107 = ORIENTED_EDGE('',*,*,#108,.T.);
#108 = EDGE_CURVE('',#46,#109,#111,.T.);
#109 = VERTEX_POINT('',#110);
#110 = CARTESIAN_POINT('',(21.05,-0.98,9.8));
#111 = LINE('',#112,#113);
#112 = CARTESIAN_POINT('',(21.05,1.52,9.8));
#113 = VECTOR('',#114,1.);
#114 = DIRECTION('',(0.,-1.,0.));
#115 = ORIENTED_EDGE('',*,*,#116,.T.);
#116 = EDGE_CURVE('',#109,#100,#117,.T.);
#117 = LINE('',#118,#119);
#118 = CARTESIAN_POINT('',(21.05,-0.98,9.8));
#119 = VECTOR('',#120,1.);
#120 = DIRECTION('',(0.,0.,-1.));
#121 = PLANE('',#122);
#122 = AXIS2_PLACEMENT_3D('',#123,#124,#125);
#123 = CARTESIAN_POINT('',(21.05,0.27,6.625));
#124 = DIRECTION('',(1.,0.,0.));
#125 = DIRECTION('',(0.,0.,1.));
#126 = ADVANCED_FACE('',(#127,#253,#319,#385,#451,#517,#583,#649,#715,
    #781),#831,.T.);
#127 = FACE_BOUND('',#128,.T.);
#128 = EDGE_LOOP('',(#129,#139,#148,#156,#164,#172,#180,#189,#197,#206,
    #214,#223,#231,#239,#247));
#129 = ORIENTED_EDGE('',*,*,#130,.F.);
#130 = EDGE_CURVE('',#131,#133,#135,.T.);
#131 = VERTEX_POINT('',#132);
#132 = CARTESIAN_POINT('',(22.1,-1.53,9.8));
#133 = VERTEX_POINT('',#134);
#134 = CARTESIAN_POINT('',(19.95,-1.53,9.8));
#135 = LINE('',#136,#137);
#136 = CARTESIAN_POINT('',(-1.6,-1.53,9.8));
#137 = VECTOR('',#138,1.);
#138 = DIRECTION('',(-1.,0.,0.));
#139 = ORIENTED_EDGE('',*,*,#140,.T.);
#140 = EDGE_CURVE('',#131,#141,#143,.T.);
#141 = VERTEX_POINT('',#142);
#142 = CARTESIAN_POINT('',(22.4,-1.23,9.8));
#143 = CIRCLE('',#144,0.3);
#144 = AXIS2_PLACEMENT_3D('',#145,#146,#147);
#145 = CARTESIAN_POINT('',(22.1,-1.23,9.8));
#146 = DIRECTION('',(0.,0.,1.));
#147 = DIRECTION('',(1.,0.,0.));
#148 = ORIENTED_EDGE('',*,*,#149,.F.);
#149 = EDGE_CURVE('',#150,#141,#152,.T.);
#150 = VERTEX_POINT('',#151);
#151 = CARTESIAN_POINT('',(22.4,0.3375,9.8));
#152 = LINE('',#153,#154);
#153 = CARTESIAN_POINT('',(22.4,3.07,9.8));
#154 = VECTOR('',#155,1.);
#155 = DIRECTION('',(0.,-1.,0.));
#156 = ORIENTED_EDGE('',*,*,#157,.T.);
#157 = EDGE_CURVE('',#150,#158,#160,.T.);
#158 = VERTEX_POINT('',#159);
#159 = CARTESIAN_POINT('',(21.65,0.9,9.8));
#160 = LINE('',#161,#162);
#161 = CARTESIAN_POINT('',(22.45,0.3,9.8));
#162 = VECTOR('',#163,1.);
#163 = DIRECTION('',(-0.8,0.6,0.));
#164 = ORIENTED_EDGE('',*,*,#165,.T.);
#165 = EDGE_CURVE('',#158,#166,#168,.T.);
#166 = VERTEX_POINT('',#167);
#167 = CARTESIAN_POINT('',(22.4,1.4625,9.8));
#168 = LINE('',#169,#170);
#169 = CARTESIAN_POINT('',(21.65,0.9,9.8));
#170 = VECTOR('',#171,1.);
#171 = DIRECTION('',(0.8,0.6,0.));
#172 = ORIENTED_EDGE('',*,*,#173,.F.);
#173 = EDGE_CURVE('',#174,#166,#176,.T.);
#174 = VERTEX_POINT('',#175);
#175 = CARTESIAN_POINT('',(22.4,3.07,9.8));
#176 = LINE('',#177,#178);
#177 = CARTESIAN_POINT('',(22.4,3.07,9.8));
#178 = VECTOR('',#179,1.);
#179 = DIRECTION('',(0.,-1.,0.));
#180 = ORIENTED_EDGE('',*,*,#181,.T.);
#181 = EDGE_CURVE('',#174,#182,#184,.T.);
#182 = VERTEX_POINT('',#183);
#183 = CARTESIAN_POINT('',(22.1,3.37,9.8));
#184 = CIRCLE('',#185,0.3);
#185 = AXIS2_PLACEMENT_3D('',#186,#187,#188);
#186 = CARTESIAN_POINT('',(22.1,3.07,9.8));
#187 = DIRECTION('',(0.,0.,1.));
#188 = DIRECTION('',(1.,0.,0.));
#189 = ORIENTED_EDGE('',*,*,#190,.F.);
#190 = EDGE_CURVE('',#191,#182,#193,.T.);
#191 = VERTEX_POINT('',#192);
#192 = CARTESIAN_POINT('',(-2.1,3.37,9.8));
#193 = LINE('',#194,#195);
#194 = CARTESIAN_POINT('',(-2.1,3.37,9.8));
#195 = VECTOR('',#196,1.);
#196 = DIRECTION('',(1.,0.,0.));
#197 = ORIENTED_EDGE('',*,*,#198,.T.);
#198 = EDGE_CURVE('',#191,#199,#201,.T.);
#199 = VERTEX_POINT('',#200);
#200 = CARTESIAN_POINT('',(-2.4,3.07,9.8));
#201 = CIRCLE('',#202,0.3);
#202 = AXIS2_PLACEMENT_3D('',#203,#204,#205);
#203 = CARTESIAN_POINT('',(-2.1,3.07,9.8));
#204 = DIRECTION('',(0.,0.,1.));
#205 = DIRECTION('',(1.,0.,0.));
#206 = ORIENTED_EDGE('',*,*,#207,.F.);
#207 = EDGE_CURVE('',#208,#199,#210,.T.);
#208 = VERTEX_POINT('',#209);
#209 = CARTESIAN_POINT('',(-2.4,-1.23,9.8));
#210 = LINE('',#211,#212);
#211 = CARTESIAN_POINT('',(-2.4,-1.23,9.8));
#212 = VECTOR('',#213,1.);
#213 = DIRECTION('',(0.,1.,0.));
#214 = ORIENTED_EDGE('',*,*,#215,.T.);
#215 = EDGE_CURVE('',#208,#216,#218,.T.);
#216 = VERTEX_POINT('',#217);
#217 = CARTESIAN_POINT('',(-2.1,-1.53,9.8));
#218 = CIRCLE('',#219,0.3);
#219 = AXIS2_PLACEMENT_3D('',#220,#221,#222);
#220 = CARTESIAN_POINT('',(-2.1,-1.23,9.8));
#221 = DIRECTION('',(0.,0.,1.));
#222 = DIRECTION('',(1.,0.,0.));
#223 = ORIENTED_EDGE('',*,*,#224,.F.);
#224 = EDGE_CURVE('',#225,#216,#227,.T.);
#225 = VERTEX_POINT('',#226);
#226 = CARTESIAN_POINT('',(5.E-02,-1.53,9.8));
#227 = LINE('',#228,#229);
#228 = CARTESIAN_POINT('',(-1.6,-1.53,9.8));
#229 = VECTOR('',#230,1.);
#230 = DIRECTION('',(-1.,0.,0.));
#231 = ORIENTED_EDGE('',*,*,#232,.T.);
#232 = EDGE_CURVE('',#225,#233,#235,.T.);
#233 = VERTEX_POINT('',#234);
#234 = CARTESIAN_POINT('',(5.E-02,-2.33,9.8));
#235 = LINE('',#236,#237);
#236 = CARTESIAN_POINT('',(5.E-02,-1.53,9.8));
#237 = VECTOR('',#238,1.);
#238 = DIRECTION('',(0.,-1.,2.22044604925E-16));
#239 = ORIENTED_EDGE('',*,*,#240,.T.);
#240 = EDGE_CURVE('',#233,#241,#243,.T.);
#241 = VERTEX_POINT('',#242);
#242 = CARTESIAN_POINT('',(19.95,-2.33,9.8));
#243 = LINE('',#244,#245);
#244 = CARTESIAN_POINT('',(5.E-02,-2.33,9.8));
#245 = VECTOR('',#246,1.);
#246 = DIRECTION('',(1.,0.,0.));
#247 = ORIENTED_EDGE('',*,*,#248,.F.);
#248 = EDGE_CURVE('',#133,#241,#249,.T.);
#249 = LINE('',#250,#251);
#250 = CARTESIAN_POINT('',(19.95,-1.53,9.8));
#251 = VECTOR('',#252,1.);
#252 = DIRECTION('',(0.,-1.,2.22044604925E-16));
#253 = FACE_BOUND('',#254,.T.);
#254 = EDGE_LOOP('',(#255,#265,#273,#281,#289,#297,#305,#313));
#255 = ORIENTED_EDGE('',*,*,#256,.F.);
#256 = EDGE_CURVE('',#257,#259,#261,.T.);
#257 = VERTEX_POINT('',#258);
#258 = CARTESIAN_POINT('',(1.05,1.52,9.8));
#259 = VERTEX_POINT('',#260);
#260 = CARTESIAN_POINT('',(0.5,1.52,9.8));
#261 = LINE('',#262,#263);
#262 = CARTESIAN_POINT('',(1.05,1.52,9.8));
#263 = VECTOR('',#264,1.);
#264 = DIRECTION('',(-1.,-0.,-0.));
#265 = ORIENTED_EDGE('',*,*,#266,.T.);
#266 = EDGE_CURVE('',#257,#267,#269,.T.);
#267 = VERTEX_POINT('',#268);
#268 = CARTESIAN_POINT('',(1.05,-0.98,9.8));
#269 = LINE('',#270,#271);
#270 = CARTESIAN_POINT('',(1.05,1.52,9.8));
#271 = VECTOR('',#272,1.);
#272 = DIRECTION('',(0.,-1.,0.));
#273 = ORIENTED_EDGE('',*,*,#274,.T.);
#274 = EDGE_CURVE('',#267,#275,#277,.T.);
#275 = VERTEX_POINT('',#276);
#276 = CARTESIAN_POINT('',(-1.05,-0.98,9.8));
#277 = LINE('',#278,#279);
#278 = CARTESIAN_POINT('',(1.05,-0.98,9.8));
#279 = VECTOR('',#280,1.);
#280 = DIRECTION('',(-1.,-0.,-0.));
#281 = ORIENTED_EDGE('',*,*,#282,.F.);
#282 = EDGE_CURVE('',#283,#275,#285,.T.);
#283 = VERTEX_POINT('',#284);
#284 = CARTESIAN_POINT('',(-1.05,1.52,9.8));
#285 = LINE('',#286,#287);
#286 = CARTESIAN_POINT('',(-1.05,1.52,9.8));
#287 = VECTOR('',#288,1.);
#288 = DIRECTION('',(0.,-1.,0.));
#289 = ORIENTED_EDGE('',*,*,#290,.F.);
#290 = EDGE_CURVE('',#291,#283,#293,.T.);
#291 = VERTEX_POINT('',#292);
#292 = CARTESIAN_POINT('',(-0.5,1.52,9.8));
#293 = LINE('',#294,#295);
#294 = CARTESIAN_POINT('',(1.05,1.52,9.8));
#295 = VECTOR('',#296,1.);
#296 = DIRECTION('',(-1.,-0.,-0.));
#297 = ORIENTED_EDGE('',*,*,#298,.F.);
#298 = EDGE_CURVE('',#299,#291,#301,.T.);
#299 = VERTEX_POINT('',#300);
#300 = CARTESIAN_POINT('',(-0.5,1.92,9.8));
#301 = LINE('',#302,#303);
#302 = CARTESIAN_POINT('',(-0.5,1.92,9.8));
#303 = VECTOR('',#304,1.);
#304 = DIRECTION('',(0.,-1.,0.));
#305 = ORIENTED_EDGE('',*,*,#306,.F.);
#306 = EDGE_CURVE('',#307,#299,#309,.T.);
#307 = VERTEX_POINT('',#308);
#308 = CARTESIAN_POINT('',(0.5,1.92,9.8));
#309 = LINE('',#310,#311);
#310 = CARTESIAN_POINT('',(0.5,1.92,9.8));
#311 = VECTOR('',#312,1.);
#312 = DIRECTION('',(-1.,-0.,-0.));
#313 = ORIENTED_EDGE('',*,*,#314,.T.);
#314 = EDGE_CURVE('',#307,#259,#315,.T.);
#315 = LINE('',#316,#317);
#316 = CARTESIAN_POINT('',(0.5,1.92,9.8));
#317 = VECTOR('',#318,1.);
#318 = DIRECTION('',(0.,-1.,0.));
#319 = FACE_BOUND('',#320,.T.);
#320 = EDGE_LOOP('',(#321,#331,#339,#347,#355,#363,#371,#379));
#321 = ORIENTED_EDGE('',*,*,#322,.F.);
#322 = EDGE_CURVE('',#323,#325,#327,.T.);
#323 = VERTEX_POINT('',#324);
#324 = CARTESIAN_POINT('',(3.55,1.52,9.8));
#325 = VERTEX_POINT('',#326);
#326 = CARTESIAN_POINT('',(3.,1.52,9.8));
#327 = LINE('',#328,#329);
#328 = CARTESIAN_POINT('',(3.55,1.52,9.8));
#329 = VECTOR('',#330,1.);
#330 = DIRECTION('',(-1.,-0.,-0.));
#331 = ORIENTED_EDGE('',*,*,#332,.T.);
#332 = EDGE_CURVE('',#323,#333,#335,.T.);
#333 = VERTEX_POINT('',#334);
#334 = CARTESIAN_POINT('',(3.55,-0.98,9.8));
#335 = LINE('',#336,#337);
#336 = CARTESIAN_POINT('',(3.55,1.52,9.8));
#337 = VECTOR('',#338,1.);
#338 = DIRECTION('',(0.,-1.,0.));
#339 = ORIENTED_EDGE('',*,*,#340,.T.);
#340 = EDGE_CURVE('',#333,#341,#343,.T.);
#341 = VERTEX_POINT('',#342);
#342 = CARTESIAN_POINT('',(1.45,-0.98,9.8));
#343 = LINE('',#344,#345);
#344 = CARTESIAN_POINT('',(3.55,-0.98,9.8));
#345 = VECTOR('',#346,1.);
#346 = DIRECTION('',(-1.,-0.,-0.));
#347 = ORIENTED_EDGE('',*,*,#348,.F.);
#348 = EDGE_CURVE('',#349,#341,#351,.T.);
#349 = VERTEX_POINT('',#350);
#350 = CARTESIAN_POINT('',(1.45,1.52,9.8));
#351 = LINE('',#352,#353);
#352 = CARTESIAN_POINT('',(1.45,1.52,9.8));
#353 = VECTOR('',#354,1.);
#354 = DIRECTION('',(0.,-1.,0.));
#355 = ORIENTED_EDGE('',*,*,#356,.F.);
#356 = EDGE_CURVE('',#357,#349,#359,.T.);
#357 = VERTEX_POINT('',#358);
#358 = CARTESIAN_POINT('',(2.,1.52,9.8));
#359 = LINE('',#360,#361);
#360 = CARTESIAN_POINT('',(3.55,1.52,9.8));
#361 = VECTOR('',#362,1.);
#362 = DIRECTION('',(-1.,-0.,-0.));
#363 = ORIENTED_EDGE('',*,*,#364,.F.);
#364 = EDGE_CURVE('',#365,#357,#367,.T.);
#365 = VERTEX_POINT('',#366);
#366 = CARTESIAN_POINT('',(2.,1.92,9.8));
#367 = LINE('',#368,#369);
#368 = CARTESIAN_POINT('',(2.,1.92,9.8));
#369 = VECTOR('',#370,1.);
#370 = DIRECTION('',(0.,-1.,0.));
#371 = ORIENTED_EDGE('',*,*,#372,.F.);
#372 = EDGE_CURVE('',#373,#365,#375,.T.);
#373 = VERTEX_POINT('',#374);
#374 = CARTESIAN_POINT('',(3.,1.92,9.8));
#375 = LINE('',#376,#377);
#376 = CARTESIAN_POINT('',(3.,1.92,9.8));
#377 = VECTOR('',#378,1.);
#378 = DIRECTION('',(-1.,-0.,-0.));
#379 = ORIENTED_EDGE('',*,*,#380,.T.);
#380 = EDGE_CURVE('',#373,#325,#381,.T.);
#381 = LINE('',#382,#383);
#382 = CARTESIAN_POINT('',(3.,1.92,9.8));
#383 = VECTOR('',#384,1.);
#384 = DIRECTION('',(0.,-1.,0.));
#385 = FACE_BOUND('',#386,.T.);
#386 = EDGE_LOOP('',(#387,#397,#405,#413,#421,#429,#437,#445));
#387 = ORIENTED_EDGE('',*,*,#388,.F.);
#388 = EDGE_CURVE('',#389,#391,#393,.T.);
#389 = VERTEX_POINT('',#390);
#390 = CARTESIAN_POINT('',(6.05,1.52,9.8));
#391 = VERTEX_POINT('',#392);
#392 = CARTESIAN_POINT('',(5.5,1.52,9.8));
#393 = LINE('',#394,#395);
#394 = CARTESIAN_POINT('',(6.05,1.52,9.8));
#395 = VECTOR('',#396,1.);
#396 = DIRECTION('',(-1.,-0.,-0.));
#397 = ORIENTED_EDGE('',*,*,#398,.T.);
#398 = EDGE_CURVE('',#389,#399,#401,.T.);
#399 = VERTEX_POINT('',#400);
#400 = CARTESIAN_POINT('',(6.05,-0.98,9.8));
#401 = LINE('',#402,#403);
#402 = CARTESIAN_POINT('',(6.05,1.52,9.8));
#403 = VECTOR('',#404,1.);
#404 = DIRECTION('',(0.,-1.,0.));
#405 = ORIENTED_EDGE('',*,*,#406,.T.);
#406 = EDGE_CURVE('',#399,#407,#409,.T.);
#407 = VERTEX_POINT('',#408);
#408 = CARTESIAN_POINT('',(3.95,-0.98,9.8));
#409 = LINE('',#410,#411);
#410 = CARTESIAN_POINT('',(6.05,-0.98,9.8));
#411 = VECTOR('',#412,1.);
#412 = DIRECTION('',(-1.,-0.,-0.));
#413 = ORIENTED_EDGE('',*,*,#414,.F.);
#414 = EDGE_CURVE('',#415,#407,#417,.T.);
#415 = VERTEX_POINT('',#416);
#416 = CARTESIAN_POINT('',(3.95,1.52,9.8));
#417 = LINE('',#418,#419);
#418 = CARTESIAN_POINT('',(3.95,1.52,9.8));
#419 = VECTOR('',#420,1.);
#420 = DIRECTION('',(0.,-1.,0.));
#421 = ORIENTED_EDGE('',*,*,#422,.F.);
#422 = EDGE_CURVE('',#423,#415,#425,.T.);
#423 = VERTEX_POINT('',#424);
#424 = CARTESIAN_POINT('',(4.5,1.52,9.8));
#425 = LINE('',#426,#427);
#426 = CARTESIAN_POINT('',(6.05,1.52,9.8));
#427 = VECTOR('',#428,1.);
#428 = DIRECTION('',(-1.,-0.,-0.));
#429 = ORIENTED_EDGE('',*,*,#430,.F.);
#430 = EDGE_CURVE('',#431,#423,#433,.T.);
#431 = VERTEX_POINT('',#432);
#432 = CARTESIAN_POINT('',(4.5,1.92,9.8));
#433 = LINE('',#434,#435);
#434 = CARTESIAN_POINT('',(4.5,1.92,9.8));
#435 = VECTOR('',#436,1.);
#436 = DIRECTION('',(0.,-1.,0.));
#437 = ORIENTED_EDGE('',*,*,#438,.F.);
#438 = EDGE_CURVE('',#439,#431,#441,.T.);
#439 = VERTEX_POINT('',#440);
#440 = CARTESIAN_POINT('',(5.5,1.92,9.8));
#441 = LINE('',#442,#443);
#442 = CARTESIAN_POINT('',(5.5,1.92,9.8));
#443 = VECTOR('',#444,1.);
#444 = DIRECTION('',(-1.,-0.,-0.));
#445 = ORIENTED_EDGE('',*,*,#446,.T.);
#446 = EDGE_CURVE('',#439,#391,#447,.T.);
#447 = LINE('',#448,#449);
#448 = CARTESIAN_POINT('',(5.5,1.92,9.8));
#449 = VECTOR('',#450,1.);
#450 = DIRECTION('',(0.,-1.,0.));
#451 = FACE_BOUND('',#452,.T.);
#452 = EDGE_LOOP('',(#453,#463,#471,#479,#487,#495,#503,#511));
#453 = ORIENTED_EDGE('',*,*,#454,.F.);
#454 = EDGE_CURVE('',#455,#457,#459,.T.);
#455 = VERTEX_POINT('',#456);
#456 = CARTESIAN_POINT('',(8.55,1.52,9.8));
#457 = VERTEX_POINT('',#458);
#458 = CARTESIAN_POINT('',(8.,1.52,9.8));
#459 = LINE('',#460,#461);
#460 = CARTESIAN_POINT('',(8.55,1.52,9.8));
#461 = VECTOR('',#462,1.);
#462 = DIRECTION('',(-1.,-0.,-0.));
#463 = ORIENTED_EDGE('',*,*,#464,.T.);
#464 = EDGE_CURVE('',#455,#465,#467,.T.);
#465 = VERTEX_POINT('',#466);
#466 = CARTESIAN_POINT('',(8.55,-0.98,9.8));
#467 = LINE('',#468,#469);
#468 = CARTESIAN_POINT('',(8.55,1.52,9.8));
#469 = VECTOR('',#470,1.);
#470 = DIRECTION('',(0.,-1.,0.));
#471 = ORIENTED_EDGE('',*,*,#472,.T.);
#472 = EDGE_CURVE('',#465,#473,#475,.T.);
#473 = VERTEX_POINT('',#474);
#474 = CARTESIAN_POINT('',(6.45,-0.98,9.8));
#475 = LINE('',#476,#477);
#476 = CARTESIAN_POINT('',(8.55,-0.98,9.8));
#477 = VECTOR('',#478,1.);
#478 = DIRECTION('',(-1.,-0.,-0.));
#479 = ORIENTED_EDGE('',*,*,#480,.F.);
#480 = EDGE_CURVE('',#481,#473,#483,.T.);
#481 = VERTEX_POINT('',#482);
#482 = CARTESIAN_POINT('',(6.45,1.52,9.8));
#483 = LINE('',#484,#485);
#484 = CARTESIAN_POINT('',(6.45,1.52,9.8));
#485 = VECTOR('',#486,1.);
#486 = DIRECTION('',(0.,-1.,0.));
#487 = ORIENTED_EDGE('',*,*,#488,.F.);
#488 = EDGE_CURVE('',#489,#481,#491,.T.);
#489 = VERTEX_POINT('',#490);
#490 = CARTESIAN_POINT('',(7.,1.52,9.8));
#491 = LINE('',#492,#493);
#492 = CARTESIAN_POINT('',(8.55,1.52,9.8));
#493 = VECTOR('',#494,1.);
#494 = DIRECTION('',(-1.,-0.,-0.));
#495 = ORIENTED_EDGE('',*,*,#496,.F.);
#496 = EDGE_CURVE('',#497,#489,#499,.T.);
#497 = VERTEX_POINT('',#498);
#498 = CARTESIAN_POINT('',(7.,1.92,9.8));
#499 = LINE('',#500,#501);
#500 = CARTESIAN_POINT('',(7.,1.92,9.8));
#501 = VECTOR('',#502,1.);
#502 = DIRECTION('',(0.,-1.,0.));
#503 = ORIENTED_EDGE('',*,*,#504,.F.);
#504 = EDGE_CURVE('',#505,#497,#507,.T.);
#505 = VERTEX_POINT('',#506);
#506 = CARTESIAN_POINT('',(8.,1.92,9.8));
#507 = LINE('',#508,#509);
#508 = CARTESIAN_POINT('',(8.,1.92,9.8));
#509 = VECTOR('',#510,1.);
#510 = DIRECTION('',(-1.,-0.,-0.));
#511 = ORIENTED_EDGE('',*,*,#512,.T.);
#512 = EDGE_CURVE('',#505,#457,#513,.T.);
#513 = LINE('',#514,#515);
#514 = CARTESIAN_POINT('',(8.,1.92,9.8));
#515 = VECTOR('',#516,1.);
#516 = DIRECTION('',(0.,-1.,0.));
#517 = FACE_BOUND('',#518,.T.);
#518 = EDGE_LOOP('',(#519,#529,#537,#545,#553,#561,#569,#577));
#519 = ORIENTED_EDGE('',*,*,#520,.F.);
#520 = EDGE_CURVE('',#521,#523,#525,.T.);
#521 = VERTEX_POINT('',#522);
#522 = CARTESIAN_POINT('',(11.05,1.52,9.8));
#523 = VERTEX_POINT('',#524);
#524 = CARTESIAN_POINT('',(10.5,1.52,9.8));
#525 = LINE('',#526,#527);
#526 = CARTESIAN_POINT('',(11.05,1.52,9.8));
#527 = VECTOR('',#528,1.);
#528 = DIRECTION('',(-1.,-0.,-0.));
#529 = ORIENTED_EDGE('',*,*,#530,.T.);
#530 = EDGE_CURVE('',#521,#531,#533,.T.);
#531 = VERTEX_POINT('',#532);
#532 = CARTESIAN_POINT('',(11.05,-0.98,9.8));
#533 = LINE('',#534,#535);
#534 = CARTESIAN_POINT('',(11.05,1.52,9.8));
#535 = VECTOR('',#536,1.);
#536 = DIRECTION('',(0.,-1.,0.));
#537 = ORIENTED_EDGE('',*,*,#538,.T.);
#538 = EDGE_CURVE('',#531,#539,#541,.T.);
#539 = VERTEX_POINT('',#540);
#540 = CARTESIAN_POINT('',(8.95,-0.98,9.8));
#541 = LINE('',#542,#543);
#542 = CARTESIAN_POINT('',(11.05,-0.98,9.8));
#543 = VECTOR('',#544,1.);
#544 = DIRECTION('',(-1.,-0.,-0.));
#545 = ORIENTED_EDGE('',*,*,#546,.F.);
#546 = EDGE_CURVE('',#547,#539,#549,.T.);
#547 = VERTEX_POINT('',#548);
#548 = CARTESIAN_POINT('',(8.95,1.52,9.8));
#549 = LINE('',#550,#551);
#550 = CARTESIAN_POINT('',(8.95,1.52,9.8));
#551 = VECTOR('',#552,1.);
#552 = DIRECTION('',(0.,-1.,0.));
#553 = ORIENTED_EDGE('',*,*,#554,.F.);
#554 = EDGE_CURVE('',#555,#547,#557,.T.);
#555 = VERTEX_POINT('',#556);
#556 = CARTESIAN_POINT('',(9.5,1.52,9.8));
#557 = LINE('',#558,#559);
#558 = CARTESIAN_POINT('',(11.05,1.52,9.8));
#559 = VECTOR('',#560,1.);
#560 = DIRECTION('',(-1.,-0.,-0.));
#561 = ORIENTED_EDGE('',*,*,#562,.F.);
#562 = EDGE_CURVE('',#563,#555,#565,.T.);
#563 = VERTEX_POINT('',#564);
#564 = CARTESIAN_POINT('',(9.5,1.92,9.8));
#565 = LINE('',#566,#567);
#566 = CARTESIAN_POINT('',(9.5,1.92,9.8));
#567 = VECTOR('',#568,1.);
#568 = DIRECTION('',(0.,-1.,0.));
#569 = ORIENTED_EDGE('',*,*,#570,.F.);
#570 = EDGE_CURVE('',#571,#563,#573,.T.);
#571 = VERTEX_POINT('',#572);
#572 = CARTESIAN_POINT('',(10.5,1.92,9.8));
#573 = LINE('',#574,#575);
#574 = CARTESIAN_POINT('',(10.5,1.92,9.8));
#575 = VECTOR('',#576,1.);
#576 = DIRECTION('',(-1.,-0.,-0.));
#577 = ORIENTED_EDGE('',*,*,#578,.T.);
#578 = EDGE_CURVE('',#571,#523,#579,.T.);
#579 = LINE('',#580,#581);
#580 = CARTESIAN_POINT('',(10.5,1.92,9.8));
#581 = VECTOR('',#582,1.);
#582 = DIRECTION('',(0.,-1.,0.));
#583 = FACE_BOUND('',#584,.T.);
#584 = EDGE_LOOP('',(#585,#595,#603,#611,#619,#627,#635,#643));
#585 = ORIENTED_EDGE('',*,*,#586,.F.);
#586 = EDGE_CURVE('',#587,#589,#591,.T.);
#587 = VERTEX_POINT('',#588);
#588 = CARTESIAN_POINT('',(13.55,1.52,9.8));
#589 = VERTEX_POINT('',#590);
#590 = CARTESIAN_POINT('',(13.,1.52,9.8));
#591 = LINE('',#592,#593);
#592 = CARTESIAN_POINT('',(13.55,1.52,9.8));
#593 = VECTOR('',#594,1.);
#594 = DIRECTION('',(-1.,-0.,-0.));
#595 = ORIENTED_EDGE('',*,*,#596,.T.);
#596 = EDGE_CURVE('',#587,#597,#599,.T.);
#597 = VERTEX_POINT('',#598);
#598 = CARTESIAN_POINT('',(13.55,-0.98,9.8));
#599 = LINE('',#600,#601);
#600 = CARTESIAN_POINT('',(13.55,1.52,9.8));
#601 = VECTOR('',#602,1.);
#602 = DIRECTION('',(0.,-1.,0.));
#603 = ORIENTED_EDGE('',*,*,#604,.T.);
#604 = EDGE_CURVE('',#597,#605,#607,.T.);
#605 = VERTEX_POINT('',#606);
#606 = CARTESIAN_POINT('',(11.45,-0.98,9.8));
#607 = LINE('',#608,#609);
#608 = CARTESIAN_POINT('',(13.55,-0.98,9.8));
#609 = VECTOR('',#610,1.);
#610 = DIRECTION('',(-1.,-0.,-0.));
#611 = ORIENTED_EDGE('',*,*,#612,.F.);
#612 = EDGE_CURVE('',#613,#605,#615,.T.);
#613 = VERTEX_POINT('',#614);
#614 = CARTESIAN_POINT('',(11.45,1.52,9.8));
#615 = LINE('',#616,#617);
#616 = CARTESIAN_POINT('',(11.45,1.52,9.8));
#617 = VECTOR('',#618,1.);
#618 = DIRECTION('',(0.,-1.,0.));
#619 = ORIENTED_EDGE('',*,*,#620,.F.);
#620 = EDGE_CURVE('',#621,#613,#623,.T.);
#621 = VERTEX_POINT('',#622);
#622 = CARTESIAN_POINT('',(12.,1.52,9.8));
#623 = LINE('',#624,#625);
#624 = CARTESIAN_POINT('',(13.55,1.52,9.8));
#625 = VECTOR('',#626,1.);
#626 = DIRECTION('',(-1.,-0.,-0.));
#627 = ORIENTED_EDGE('',*,*,#628,.F.);
#628 = EDGE_CURVE('',#629,#621,#631,.T.);
#629 = VERTEX_POINT('',#630);
#630 = CARTESIAN_POINT('',(12.,1.92,9.8));
#631 = LINE('',#632,#633);
#632 = CARTESIAN_POINT('',(12.,1.92,9.8));
#633 = VECTOR('',#634,1.);
#634 = DIRECTION('',(0.,-1.,0.));
#635 = ORIENTED_EDGE('',*,*,#636,.F.);
#636 = EDGE_CURVE('',#637,#629,#639,.T.);
#637 = VERTEX_POINT('',#638);
#638 = CARTESIAN_POINT('',(13.,1.92,9.8));
#639 = LINE('',#640,#641);
#640 = CARTESIAN_POINT('',(13.,1.92,9.8));
#641 = VECTOR('',#642,1.);
#642 = DIRECTION('',(-1.,-0.,-0.));
#643 = ORIENTED_EDGE('',*,*,#644,.T.);
#644 = EDGE_CURVE('',#637,#589,#645,.T.);
#645 = LINE('',#646,#647);
#646 = CARTESIAN_POINT('',(13.,1.92,9.8));
#647 = VECTOR('',#648,1.);
#648 = DIRECTION('',(0.,-1.,0.));
#649 = FACE_BOUND('',#650,.T.);
#650 = EDGE_LOOP('',(#651,#661,#669,#677,#685,#693,#701,#709));
#651 = ORIENTED_EDGE('',*,*,#652,.F.);
#652 = EDGE_CURVE('',#653,#655,#657,.T.);
#653 = VERTEX_POINT('',#654);
#654 = CARTESIAN_POINT('',(16.05,1.52,9.8));
#655 = VERTEX_POINT('',#656);
#656 = CARTESIAN_POINT('',(15.5,1.52,9.8));
#657 = LINE('',#658,#659);
#658 = CARTESIAN_POINT('',(16.05,1.52,9.8));
#659 = VECTOR('',#660,1.);
#660 = DIRECTION('',(-1.,-0.,-0.));
#661 = ORIENTED_EDGE('',*,*,#662,.T.);
#662 = EDGE_CURVE('',#653,#663,#665,.T.);
#663 = VERTEX_POINT('',#664);
#664 = CARTESIAN_POINT('',(16.05,-0.98,9.8));
#665 = LINE('',#666,#667);
#666 = CARTESIAN_POINT('',(16.05,1.52,9.8));
#667 = VECTOR('',#668,1.);
#668 = DIRECTION('',(0.,-1.,0.));
#669 = ORIENTED_EDGE('',*,*,#670,.T.);
#670 = EDGE_CURVE('',#663,#671,#673,.T.);
#671 = VERTEX_POINT('',#672);
#672 = CARTESIAN_POINT('',(13.95,-0.98,9.8));
#673 = LINE('',#674,#675);
#674 = CARTESIAN_POINT('',(16.05,-0.98,9.8));
#675 = VECTOR('',#676,1.);
#676 = DIRECTION('',(-1.,-0.,-0.));
#677 = ORIENTED_EDGE('',*,*,#678,.F.);
#678 = EDGE_CURVE('',#679,#671,#681,.T.);
#679 = VERTEX_POINT('',#680);
#680 = CARTESIAN_POINT('',(13.95,1.52,9.8));
#681 = LINE('',#682,#683);
#682 = CARTESIAN_POINT('',(13.95,1.52,9.8));
#683 = VECTOR('',#684,1.);
#684 = DIRECTION('',(0.,-1.,0.));
#685 = ORIENTED_EDGE('',*,*,#686,.F.);
#686 = EDGE_CURVE('',#687,#679,#689,.T.);
#687 = VERTEX_POINT('',#688);
#688 = CARTESIAN_POINT('',(14.5,1.52,9.8));
#689 = LINE('',#690,#691);
#690 = CARTESIAN_POINT('',(16.05,1.52,9.8));
#691 = VECTOR('',#692,1.);
#692 = DIRECTION('',(-1.,-0.,-0.));
#693 = ORIENTED_EDGE('',*,*,#694,.F.);
#694 = EDGE_CURVE('',#695,#687,#697,.T.);
#695 = VERTEX_POINT('',#696);
#696 = CARTESIAN_POINT('',(14.5,1.92,9.8));
#697 = LINE('',#698,#699);
#698 = CARTESIAN_POINT('',(14.5,1.92,9.8));
#699 = VECTOR('',#700,1.);
#700 = DIRECTION('',(0.,-1.,0.));
#701 = ORIENTED_EDGE('',*,*,#702,.F.);
#702 = EDGE_CURVE('',#703,#695,#705,.T.);
#703 = VERTEX_POINT('',#704);
#704 = CARTESIAN_POINT('',(15.5,1.92,9.8));
#705 = LINE('',#706,#707);
#706 = CARTESIAN_POINT('',(15.5,1.92,9.8));
#707 = VECTOR('',#708,1.);
#708 = DIRECTION('',(-1.,-0.,-0.));
#709 = ORIENTED_EDGE('',*,*,#710,.T.);
#710 = EDGE_CURVE('',#703,#655,#711,.T.);
#711 = LINE('',#712,#713);
#712 = CARTESIAN_POINT('',(15.5,1.92,9.8));
#713 = VECTOR('',#714,1.);
#714 = DIRECTION('',(0.,-1.,0.));
#715 = FACE_BOUND('',#716,.T.);
#716 = EDGE_LOOP('',(#717,#727,#735,#743,#751,#759,#767,#775));
#717 = ORIENTED_EDGE('',*,*,#718,.F.);
#718 = EDGE_CURVE('',#719,#721,#723,.T.);
#719 = VERTEX_POINT('',#720);
#720 = CARTESIAN_POINT('',(18.55,1.52,9.8));
#721 = VERTEX_POINT('',#722);
#722 = CARTESIAN_POINT('',(18.,1.52,9.8));
#723 = LINE('',#724,#725);
#724 = CARTESIAN_POINT('',(18.55,1.52,9.8));
#725 = VECTOR('',#726,1.);
#726 = DIRECTION('',(-1.,-0.,-0.));
#727 = ORIENTED_EDGE('',*,*,#728,.T.);
#728 = EDGE_CURVE('',#719,#729,#731,.T.);
#729 = VERTEX_POINT('',#730);
#730 = CARTESIAN_POINT('',(18.55,-0.98,9.8));
#731 = LINE('',#732,#733);
#732 = CARTESIAN_POINT('',(18.55,1.52,9.8));
#733 = VECTOR('',#734,1.);
#734 = DIRECTION('',(0.,-1.,0.));
#735 = ORIENTED_EDGE('',*,*,#736,.T.);
#736 = EDGE_CURVE('',#729,#737,#739,.T.);
#737 = VERTEX_POINT('',#738);
#738 = CARTESIAN_POINT('',(16.45,-0.98,9.8));
#739 = LINE('',#740,#741);
#740 = CARTESIAN_POINT('',(18.55,-0.98,9.8));
#741 = VECTOR('',#742,1.);
#742 = DIRECTION('',(-1.,-0.,-0.));
#743 = ORIENTED_EDGE('',*,*,#744,.F.);
#744 = EDGE_CURVE('',#745,#737,#747,.T.);
#745 = VERTEX_POINT('',#746);
#746 = CARTESIAN_POINT('',(16.45,1.52,9.8));
#747 = LINE('',#748,#749);
#748 = CARTESIAN_POINT('',(16.45,1.52,9.8));
#749 = VECTOR('',#750,1.);
#750 = DIRECTION('',(0.,-1.,0.));
#751 = ORIENTED_EDGE('',*,*,#752,.F.);
#752 = EDGE_CURVE('',#753,#745,#755,.T.);
#753 = VERTEX_POINT('',#754);
#754 = CARTESIAN_POINT('',(17.,1.52,9.8));
#755 = LINE('',#756,#757);
#756 = CARTESIAN_POINT('',(18.55,1.52,9.8));
#757 = VECTOR('',#758,1.);
#758 = DIRECTION('',(-1.,-0.,-0.));
#759 = ORIENTED_EDGE('',*,*,#760,.F.);
#760 = EDGE_CURVE('',#761,#753,#763,.T.);
#761 = VERTEX_POINT('',#762);
#762 = CARTESIAN_POINT('',(17.,1.92,9.8));
#763 = LINE('',#764,#765);
#764 = CARTESIAN_POINT('',(17.,1.92,9.8));
#765 = VECTOR('',#766,1.);
#766 = DIRECTION('',(0.,-1.,0.));
#767 = ORIENTED_EDGE('',*,*,#768,.F.);
#768 = EDGE_CURVE('',#769,#761,#771,.T.);
#769 = VERTEX_POINT('',#770);
#770 = CARTESIAN_POINT('',(18.,1.92,9.8));
#771 = LINE('',#772,#773);
#772 = CARTESIAN_POINT('',(18.,1.92,9.8));
#773 = VECTOR('',#774,1.);
#774 = DIRECTION('',(-1.,-0.,-0.));
#775 = ORIENTED_EDGE('',*,*,#776,.T.);
#776 = EDGE_CURVE('',#769,#721,#777,.T.);
#777 = LINE('',#778,#779);
#778 = CARTESIAN_POINT('',(18.,1.92,9.8));
#779 = VECTOR('',#780,1.);
#780 = DIRECTION('',(0.,-1.,0.));
#781 = FACE_BOUND('',#782,.T.);
#782 = EDGE_LOOP('',(#783,#784,#785,#793,#801,#809,#817,#825));
#783 = ORIENTED_EDGE('',*,*,#85,.F.);
#784 = ORIENTED_EDGE('',*,*,#108,.T.);
#785 = ORIENTED_EDGE('',*,*,#786,.T.);
#786 = EDGE_CURVE('',#109,#787,#789,.T.);
#787 = VERTEX_POINT('',#788);
#788 = CARTESIAN_POINT('',(18.95,-0.98,9.8));
#789 = LINE('',#790,#791);
#790 = CARTESIAN_POINT('',(21.05,-0.98,9.8));
#791 = VECTOR('',#792,1.);
#792 = DIRECTION('',(-1.,-0.,-0.));
#793 = ORIENTED_EDGE('',*,*,#794,.F.);
#794 = EDGE_CURVE('',#795,#787,#797,.T.);
#795 = VERTEX_POINT('',#796);
#796 = CARTESIAN_POINT('',(18.95,1.52,9.8));
#797 = LINE('',#798,#799);
#798 = CARTESIAN_POINT('',(18.95,1.52,9.8));
#799 = VECTOR('',#800,1.);
#800 = DIRECTION('',(0.,-1.,0.));
#801 = ORIENTED_EDGE('',*,*,#802,.F.);
#802 = EDGE_CURVE('',#803,#795,#805,.T.);
#803 = VERTEX_POINT('',#804);
#804 = CARTESIAN_POINT('',(19.5,1.52,9.8));
#805 = LINE('',#806,#807);
#806 = CARTESIAN_POINT('',(21.05,1.52,9.8));
#807 = VECTOR('',#808,1.);
#808 = DIRECTION('',(-1.,-0.,-0.));
#809 = ORIENTED_EDGE('',*,*,#810,.F.);
#810 = EDGE_CURVE('',#811,#803,#813,.T.);
#811 = VERTEX_POINT('',#812);
#812 = CARTESIAN_POINT('',(19.5,1.92,9.8));
#813 = LINE('',#814,#815);
#814 = CARTESIAN_POINT('',(19.5,1.92,9.8));
#815 = VECTOR('',#816,1.);
#816 = DIRECTION('',(0.,-1.,0.));
#817 = ORIENTED_EDGE('',*,*,#818,.F.);
#818 = EDGE_CURVE('',#819,#811,#821,.T.);
#819 = VERTEX_POINT('',#820);
#820 = CARTESIAN_POINT('',(20.5,1.92,9.8));
#821 = LINE('',#822,#823);
#822 = CARTESIAN_POINT('',(20.5,1.92,9.8));
#823 = VECTOR('',#824,1.);
#824 = DIRECTION('',(-1.,-0.,-0.));
#825 = ORIENTED_EDGE('',*,*,#826,.T.);
#826 = EDGE_CURVE('',#819,#78,#827,.T.);
#827 = LINE('',#828,#829);
#828 = CARTESIAN_POINT('',(20.5,1.92,9.8));
#829 = VECTOR('',#830,1.);
#830 = DIRECTION('',(0.,-1.,0.));
#831 = PLANE('',#832);
#832 = AXIS2_PLACEMENT_3D('',#833,#834,#835);
#833 = CARTESIAN_POINT('',(10.,0.581283237426,9.8));
#834 = DIRECTION('',(0.,0.,1.));
#835 = DIRECTION('',(1.,0.,0.));
#836 = ADVANCED_FACE('',(#837),#855,.F.);
#837 = FACE_BOUND('',#838,.F.);
#838 = EDGE_LOOP('',(#839,#840,#848,#854));
#839 = ORIENTED_EDGE('',*,*,#77,.T.);
#840 = ORIENTED_EDGE('',*,*,#841,.T.);
#841 = EDGE_CURVE('',#70,#842,#844,.T.);
#842 = VERTEX_POINT('',#843);
#843 = CARTESIAN_POINT('',(20.5,1.92,5.25));
#844 = LINE('',#845,#846);
#845 = CARTESIAN_POINT('',(20.5,1.52,5.25));
#846 = VECTOR('',#847,1.);
#847 = DIRECTION('',(0.,1.,0.));
#848 = ORIENTED_EDGE('',*,*,#849,.T.);
#849 = EDGE_CURVE('',#842,#819,#850,.T.);
#850 = LINE('',#851,#852);
#851 = CARTESIAN_POINT('',(20.5,1.92,5.25));
#852 = VECTOR('',#853,1.);
#853 = DIRECTION('',(0.,0.,1.));
#854 = ORIENTED_EDGE('',*,*,#826,.T.);
#855 = PLANE('',#856);
#856 = AXIS2_PLACEMENT_3D('',#857,#858,#859);
#857 = CARTESIAN_POINT('',(20.5,1.72,7.525));
#858 = DIRECTION('',(1.,0.,0.));
#859 = DIRECTION('',(0.,0.,1.));
#860 = ADVANCED_FACE('',(#861),#911,.F.);
#861 = FACE_BOUND('',#862,.F.);
#862 = EDGE_LOOP('',(#863,#871,#879,#887,#895,#903,#909,#910));
#863 = ORIENTED_EDGE('',*,*,#864,.F.);
#864 = EDGE_CURVE('',#865,#62,#867,.T.);
#865 = VERTEX_POINT('',#866);
#866 = CARTESIAN_POINT('',(20.6,2.57,5.25));
#867 = LINE('',#868,#869);
#868 = CARTESIAN_POINT('',(20.6,2.57,5.25));
#869 = VECTOR('',#870,1.);
#870 = DIRECTION('',(0.,-1.,0.));
#871 = ORIENTED_EDGE('',*,*,#872,.T.);
#872 = EDGE_CURVE('',#865,#873,#875,.T.);
#873 = VERTEX_POINT('',#874);
#874 = CARTESIAN_POINT('',(19.4,2.57,5.25));
#875 = LINE('',#876,#877);
#876 = CARTESIAN_POINT('',(20.6,2.57,5.25));
#877 = VECTOR('',#878,1.);
#878 = DIRECTION('',(-1.,-0.,-0.));
#879 = ORIENTED_EDGE('',*,*,#880,.T.);
#880 = EDGE_CURVE('',#873,#881,#883,.T.);
#881 = VERTEX_POINT('',#882);
#882 = CARTESIAN_POINT('',(19.4,1.52,5.25));
#883 = LINE('',#884,#885);
#884 = CARTESIAN_POINT('',(19.4,2.57,5.25));
#885 = VECTOR('',#886,1.);
#886 = DIRECTION('',(0.,-1.,0.));
#887 = ORIENTED_EDGE('',*,*,#888,.F.);
#888 = EDGE_CURVE('',#889,#881,#891,.T.);
#889 = VERTEX_POINT('',#890);
#890 = CARTESIAN_POINT('',(19.5,1.52,5.25));
#891 = LINE('',#892,#893);
#892 = CARTESIAN_POINT('',(20.6,1.52,5.25));
#893 = VECTOR('',#894,1.);
#894 = DIRECTION('',(-1.,-0.,-0.));
#895 = ORIENTED_EDGE('',*,*,#896,.T.);
#896 = EDGE_CURVE('',#889,#897,#899,.T.);
#897 = VERTEX_POINT('',#898);
#898 = CARTESIAN_POINT('',(19.5,1.92,5.25));
#899 = LINE('',#900,#901);
#900 = CARTESIAN_POINT('',(19.5,1.52,5.25));
#901 = VECTOR('',#902,1.);
#902 = DIRECTION('',(0.,1.,0.));
#903 = ORIENTED_EDGE('',*,*,#904,.F.);
#904 = EDGE_CURVE('',#842,#897,#905,.T.);
#905 = LINE('',#906,#907);
#906 = CARTESIAN_POINT('',(20.5,1.92,5.25));
#907 = VECTOR('',#908,1.);
#908 = DIRECTION('',(-1.,-0.,-0.));
#909 = ORIENTED_EDGE('',*,*,#841,.F.);
#910 = ORIENTED_EDGE('',*,*,#69,.F.);
#911 = PLANE('',#912);
#912 = AXIS2_PLACEMENT_3D('',#913,#914,#915);
#913 = CARTESIAN_POINT('',(20.6,2.57,5.25));
#914 = DIRECTION('',(0.,0.,1.));
#915 = DIRECTION('',(0.,-1.,0.));
#916 = ADVANCED_FACE('',(#917),#967,.F.);
#917 = FACE_BOUND('',#918,.F.);
#918 = EDGE_LOOP('',(#919,#927,#928,#929,#937,#945,#953,#961));
#919 = ORIENTED_EDGE('',*,*,#920,.T.);
#920 = EDGE_CURVE('',#921,#865,#923,.T.);
#921 = VERTEX_POINT('',#922);
#922 = CARTESIAN_POINT('',(20.6,2.57,2.05));
#923 = LINE('',#924,#925);
#924 = CARTESIAN_POINT('',(20.6,2.57,2.05));
#925 = VECTOR('',#926,1.);
#926 = DIRECTION('',(0.,0.,1.));
#927 = ORIENTED_EDGE('',*,*,#864,.T.);
#928 = ORIENTED_EDGE('',*,*,#61,.T.);
#929 = ORIENTED_EDGE('',*,*,#930,.T.);
#930 = EDGE_CURVE('',#54,#931,#933,.T.);
#931 = VERTEX_POINT('',#932);
#932 = CARTESIAN_POINT('',(20.6,0.5468198,3.45));
#933 = LINE('',#934,#935);
#934 = CARTESIAN_POINT('',(20.6,1.52,3.45));
#935 = VECTOR('',#936,1.);
#936 = DIRECTION('',(0.,-1.,0.));
#937 = ORIENTED_EDGE('',*,*,#938,.T.);
#938 = EDGE_CURVE('',#931,#939,#941,.T.);
#939 = VERTEX_POINT('',#940);
#940 = CARTESIAN_POINT('',(20.6,1.044,2.6151));
#941 = LINE('',#942,#943);
#942 = CARTESIAN_POINT('',(20.6,0.5468198,3.45));
#943 = VECTOR('',#944,1.);
#944 = DIRECTION('',(0.,0.511647917429,-0.859195209828));
#945 = ORIENTED_EDGE('',*,*,#946,.T.);
#946 = EDGE_CURVE('',#939,#947,#949,.T.);
#947 = VERTEX_POINT('',#948);
#948 = CARTESIAN_POINT('',(20.6,1.52,2.6151));
#949 = LINE('',#950,#951);
#950 = CARTESIAN_POINT('',(20.6,1.044,2.6151));
#951 = VECTOR('',#952,1.);
#952 = DIRECTION('',(0.,1.,0.));
#953 = ORIENTED_EDGE('',*,*,#954,.T.);
#954 = EDGE_CURVE('',#947,#955,#957,.T.);
#955 = VERTEX_POINT('',#956);
#956 = CARTESIAN_POINT('',(20.6,1.52,2.05));
#957 = LINE('',#958,#959);
#958 = CARTESIAN_POINT('',(20.6,1.52,2.6151));
#959 = VECTOR('',#960,1.);
#960 = DIRECTION('',(0.,0.,-1.));
#961 = ORIENTED_EDGE('',*,*,#962,.T.);
#962 = EDGE_CURVE('',#955,#921,#963,.T.);
#963 = LINE('',#964,#965);
#964 = CARTESIAN_POINT('',(20.6,1.52,2.05));
#965 = VECTOR('',#966,1.);
#966 = DIRECTION('',(0.,1.,0.));
#967 = PLANE('',#968);
#968 = AXIS2_PLACEMENT_3D('',#969,#970,#971);
#969 = CARTESIAN_POINT('',(20.6,1.834452703854,3.573485056924));
#970 = DIRECTION('',(1.,0.,0.));
#971 = DIRECTION('',(0.,0.,1.));
#972 = ADVANCED_FACE('',(#973,#1016),#1050,.F.);
#973 = FACE_BOUND('',#974,.F.);
#974 = EDGE_LOOP('',(#975,#976,#984,#992,#1000,#1008,#1014,#1015));
#975 = ORIENTED_EDGE('',*,*,#99,.F.);
#976 = ORIENTED_EDGE('',*,*,#977,.T.);
#977 = EDGE_CURVE('',#100,#978,#980,.T.);
#978 = VERTEX_POINT('',#979);
#979 = CARTESIAN_POINT('',(18.95,-0.98,3.45));
#980 = LINE('',#981,#982);
#981 = CARTESIAN_POINT('',(21.05,-0.98,3.45));
#982 = VECTOR('',#983,1.);
#983 = DIRECTION('',(-1.,-0.,-0.));
#984 = ORIENTED_EDGE('',*,*,#985,.T.);
#985 = EDGE_CURVE('',#978,#986,#988,.T.);
#986 = VERTEX_POINT('',#987);
#987 = CARTESIAN_POINT('',(18.95,1.52,3.45));
#988 = LINE('',#989,#990);
#989 = CARTESIAN_POINT('',(18.95,-0.98,3.45));
#990 = VECTOR('',#991,1.);
#991 = DIRECTION('',(0.,1.,0.));
#992 = ORIENTED_EDGE('',*,*,#993,.F.);
#993 = EDGE_CURVE('',#994,#986,#996,.T.);
#994 = VERTEX_POINT('',#995);
#995 = CARTESIAN_POINT('',(19.4,1.52,3.45));
#996 = LINE('',#997,#998);
#997 = CARTESIAN_POINT('',(21.05,1.52,3.45));
#998 = VECTOR('',#999,1.);
#999 = DIRECTION('',(-1.,-0.,-0.));
#1000 = ORIENTED_EDGE('',*,*,#1001,.T.);
#1001 = EDGE_CURVE('',#994,#1002,#1004,.T.);
#1002 = VERTEX_POINT('',#1003);
#1003 = CARTESIAN_POINT('',(19.4,0.5468198,3.45));
#1004 = LINE('',#1005,#1006);
#1005 = CARTESIAN_POINT('',(19.4,1.52,3.45));
#1006 = VECTOR('',#1007,1.);
#1007 = DIRECTION('',(0.,-1.,0.));
#1008 = ORIENTED_EDGE('',*,*,#1009,.F.);
#1009 = EDGE_CURVE('',#931,#1002,#1010,.T.);
#1010 = LINE('',#1011,#1012);
#1011 = CARTESIAN_POINT('',(20.6,0.5468198,3.45));
#1012 = VECTOR('',#1013,1.);
#1013 = DIRECTION('',(-1.,-0.,-0.));
#1014 = ORIENTED_EDGE('',*,*,#930,.F.);
#1015 = ORIENTED_EDGE('',*,*,#53,.F.);
#1016 = FACE_BOUND('',#1017,.F.);
#1017 = EDGE_LOOP('',(#1018,#1028,#1036,#1044));
#1018 = ORIENTED_EDGE('',*,*,#1019,.F.);
#1019 = EDGE_CURVE('',#1020,#1022,#1024,.T.);
#1020 = VERTEX_POINT('',#1021);
#1021 = CARTESIAN_POINT('',(20.4,-0.4,3.45));
#1022 = VERTEX_POINT('',#1023);
#1023 = CARTESIAN_POINT('',(19.6,-0.4,3.45));
#1024 = LINE('',#1025,#1026);
#1025 = CARTESIAN_POINT('',(20.4,-0.4,3.45));
#1026 = VECTOR('',#1027,1.);
#1027 = DIRECTION('',(-1.,-0.,-0.));
#1028 = ORIENTED_EDGE('',*,*,#1029,.F.);
#1029 = EDGE_CURVE('',#1030,#1020,#1032,.T.);
#1030 = VERTEX_POINT('',#1031);
#1031 = CARTESIAN_POINT('',(20.4,0.4,3.45));
#1032 = LINE('',#1033,#1034);
#1033 = CARTESIAN_POINT('',(20.4,0.4,3.45));
#1034 = VECTOR('',#1035,1.);
#1035 = DIRECTION('',(0.,-1.,0.));
#1036 = ORIENTED_EDGE('',*,*,#1037,.T.);
#1037 = EDGE_CURVE('',#1030,#1038,#1040,.T.);
#1038 = VERTEX_POINT('',#1039);
#1039 = CARTESIAN_POINT('',(19.6,0.4,3.45));
#1040 = LINE('',#1041,#1042);
#1041 = CARTESIAN_POINT('',(20.4,0.4,3.45));
#1042 = VECTOR('',#1043,1.);
#1043 = DIRECTION('',(-1.,-0.,-0.));
#1044 = ORIENTED_EDGE('',*,*,#1045,.T.);
#1045 = EDGE_CURVE('',#1038,#1022,#1046,.T.);
#1046 = LINE('',#1047,#1048);
#1047 = CARTESIAN_POINT('',(19.6,0.4,3.45));
#1048 = VECTOR('',#1049,1.);
#1049 = DIRECTION('',(0.,-1.,0.));
#1050 = PLANE('',#1051);
#1051 = AXIS2_PLACEMENT_3D('',#1052,#1053,#1054);
#1052 = CARTESIAN_POINT('',(21.05,-0.98,3.45));
#1053 = DIRECTION('',(0.,0.,-1.));
#1054 = DIRECTION('',(0.,1.,0.));
#1055 = ADVANCED_FACE('',(#1056),#1067,.F.);
#1056 = FACE_BOUND('',#1057,.F.);
#1057 = EDGE_LOOP('',(#1058,#1059,#1065,#1066));
#1058 = ORIENTED_EDGE('',*,*,#786,.T.);
#1059 = ORIENTED_EDGE('',*,*,#1060,.T.);
#1060 = EDGE_CURVE('',#787,#978,#1061,.T.);
#1061 = LINE('',#1062,#1063);
#1062 = CARTESIAN_POINT('',(18.95,-0.98,9.8));
#1063 = VECTOR('',#1064,1.);
#1064 = DIRECTION('',(0.,0.,-1.));
#1065 = ORIENTED_EDGE('',*,*,#977,.F.);
#1066 = ORIENTED_EDGE('',*,*,#116,.F.);
#1067 = PLANE('',#1068);
#1068 = AXIS2_PLACEMENT_3D('',#1069,#1070,#1071);
#1069 = CARTESIAN_POINT('',(21.05,-0.98,9.8));
#1070 = DIRECTION('',(0.,-1.,0.));
#1071 = DIRECTION('',(0.,0.,-1.));
#1072 = ADVANCED_FACE('',(#1073),#1233,.T.);
#1073 = FACE_BOUND('',#1074,.T.);
#1074 = EDGE_LOOP('',(#1075,#1083,#1084,#1092,#1100,#1108,#1116,#1124,
    #1132,#1140,#1148,#1156,#1164,#1172,#1180,#1186,#1187,#1195,#1203,
    #1211,#1219,#1227));
#1075 = ORIENTED_EDGE('',*,*,#1076,.F.);
#1076 = EDGE_CURVE('',#131,#1077,#1079,.T.);
#1077 = VERTEX_POINT('',#1078);
#1078 = CARTESIAN_POINT('',(22.1,-1.53,9.2));
#1079 = LINE('',#1080,#1081);
#1080 = CARTESIAN_POINT('',(22.1,-1.53,9.8));
#1081 = VECTOR('',#1082,1.);
#1082 = DIRECTION('',(-0.,-0.,-1.));
#1083 = ORIENTED_EDGE('',*,*,#130,.T.);
#1084 = ORIENTED_EDGE('',*,*,#1085,.T.);
#1085 = EDGE_CURVE('',#133,#1086,#1088,.T.);
#1086 = VERTEX_POINT('',#1087);
#1087 = CARTESIAN_POINT('',(20.2,-1.53,5.7));
#1088 = LINE('',#1089,#1090);
#1089 = CARTESIAN_POINT('',(19.95,-1.53,9.8));
#1090 = VECTOR('',#1091,1.);
#1091 = DIRECTION('',(6.086257045056E-02,-2.216329687308E-16,
    -0.998146155389));
#1092 = ORIENTED_EDGE('',*,*,#1093,.F.);
#1093 = EDGE_CURVE('',#1094,#1086,#1096,.T.);
#1094 = VERTEX_POINT('',#1095);
#1095 = CARTESIAN_POINT('',(20.65,-1.53,5.7));
#1096 = LINE('',#1097,#1098);
#1097 = CARTESIAN_POINT('',(20.65,-1.53,5.7));
#1098 = VECTOR('',#1099,1.);
#1099 = DIRECTION('',(-1.,0.,0.));
#1100 = ORIENTED_EDGE('',*,*,#1101,.F.);
#1101 = EDGE_CURVE('',#1102,#1094,#1104,.T.);
#1102 = VERTEX_POINT('',#1103);
#1103 = CARTESIAN_POINT('',(20.65,-1.53,4.9));
#1104 = LINE('',#1105,#1106);
#1105 = CARTESIAN_POINT('',(20.65,-1.53,4.9));
#1106 = VECTOR('',#1107,1.);
#1107 = DIRECTION('',(0.,2.22044604925E-16,1.));
#1108 = ORIENTED_EDGE('',*,*,#1109,.F.);
#1109 = EDGE_CURVE('',#1110,#1102,#1112,.T.);
#1110 = VERTEX_POINT('',#1111);
#1111 = CARTESIAN_POINT('',(19.95,-1.53,3.7));
#1112 = LINE('',#1113,#1114);
#1113 = CARTESIAN_POINT('',(19.95,-1.53,3.7));
#1114 = VECTOR('',#1115,1.);
#1115 = DIRECTION('',(0.503871025524,1.917974447926E-16,0.863778900898)
  );
#1116 = ORIENTED_EDGE('',*,*,#1117,.F.);
#1117 = EDGE_CURVE('',#1118,#1110,#1120,.T.);
#1118 = VERTEX_POINT('',#1119);
#1119 = CARTESIAN_POINT('',(19.35,-1.53,3.7));
#1120 = LINE('',#1121,#1122);
#1121 = CARTESIAN_POINT('',(19.35,-1.53,3.7));
#1122 = VECTOR('',#1123,1.);
#1123 = DIRECTION('',(1.,0.,0.));
#1124 = ORIENTED_EDGE('',*,*,#1125,.F.);
#1125 = EDGE_CURVE('',#1126,#1118,#1128,.T.);
#1126 = VERTEX_POINT('',#1127);
#1127 = CARTESIAN_POINT('',(19.35,-1.53,9.));
#1128 = LINE('',#1129,#1130);
#1129 = CARTESIAN_POINT('',(19.35,-1.53,9.));
#1130 = VECTOR('',#1131,1.);
#1131 = DIRECTION('',(0.,-2.22044604925E-16,-1.));
#1132 = ORIENTED_EDGE('',*,*,#1133,.F.);
#1133 = EDGE_CURVE('',#1134,#1126,#1136,.T.);
#1134 = VERTEX_POINT('',#1135);
#1135 = CARTESIAN_POINT('',(0.65,-1.53,9.));
#1136 = LINE('',#1137,#1138);
#1137 = CARTESIAN_POINT('',(0.65,-1.53,9.));
#1138 = VECTOR('',#1139,1.);
#1139 = DIRECTION('',(1.,0.,0.));
#1140 = ORIENTED_EDGE('',*,*,#1141,.T.);
#1141 = EDGE_CURVE('',#1134,#1142,#1144,.T.);
#1142 = VERTEX_POINT('',#1143);
#1143 = CARTESIAN_POINT('',(0.65,-1.53,3.7));
#1144 = LINE('',#1145,#1146);
#1145 = CARTESIAN_POINT('',(0.65,-1.53,9.));
#1146 = VECTOR('',#1147,1.);
#1147 = DIRECTION('',(0.,-2.22044604925E-16,-1.));
#1148 = ORIENTED_EDGE('',*,*,#1149,.T.);
#1149 = EDGE_CURVE('',#1142,#1150,#1152,.T.);
#1150 = VERTEX_POINT('',#1151);
#1151 = CARTESIAN_POINT('',(5.E-02,-1.53,3.7));
#1152 = LINE('',#1153,#1154);
#1153 = CARTESIAN_POINT('',(0.65,-1.53,3.7));
#1154 = VECTOR('',#1155,1.);
#1155 = DIRECTION('',(-1.,0.,0.));
#1156 = ORIENTED_EDGE('',*,*,#1157,.T.);
#1157 = EDGE_CURVE('',#1150,#1158,#1160,.T.);
#1158 = VERTEX_POINT('',#1159);
#1159 = CARTESIAN_POINT('',(-0.65,-1.53,4.9));
#1160 = LINE('',#1161,#1162);
#1161 = CARTESIAN_POINT('',(5.E-02,-1.53,3.7));
#1162 = VECTOR('',#1163,1.);
#1163 = DIRECTION('',(-0.503871025524,1.917974447926E-16,0.863778900898)
  );
#1164 = ORIENTED_EDGE('',*,*,#1165,.T.);
#1165 = EDGE_CURVE('',#1158,#1166,#1168,.T.);
#1166 = VERTEX_POINT('',#1167);
#1167 = CARTESIAN_POINT('',(-0.65,-1.53,5.7));
#1168 = LINE('',#1169,#1170);
#1169 = CARTESIAN_POINT('',(-0.65,-1.53,4.9));
#1170 = VECTOR('',#1171,1.);
#1171 = DIRECTION('',(0.,2.22044604925E-16,1.));
#1172 = ORIENTED_EDGE('',*,*,#1173,.T.);
#1173 = EDGE_CURVE('',#1166,#1174,#1176,.T.);
#1174 = VERTEX_POINT('',#1175);
#1175 = CARTESIAN_POINT('',(-0.2,-1.53,5.7));
#1176 = LINE('',#1177,#1178);
#1177 = CARTESIAN_POINT('',(-0.65,-1.53,5.7));
#1178 = VECTOR('',#1179,1.);
#1179 = DIRECTION('',(1.,0.,0.));
#1180 = ORIENTED_EDGE('',*,*,#1181,.F.);
#1181 = EDGE_CURVE('',#225,#1174,#1182,.T.);
#1182 = LINE('',#1183,#1184);
#1183 = CARTESIAN_POINT('',(5.E-02,-1.53,9.8));
#1184 = VECTOR('',#1185,1.);
#1185 = DIRECTION('',(-6.086257045056E-02,-2.216329687308E-16,
    -0.998146155389));
#1186 = ORIENTED_EDGE('',*,*,#224,.T.);
#1187 = ORIENTED_EDGE('',*,*,#1188,.T.);
#1188 = EDGE_CURVE('',#216,#1189,#1191,.T.);
#1189 = VERTEX_POINT('',#1190);
#1190 = CARTESIAN_POINT('',(-2.1,-1.53,9.2));
#1191 = LINE('',#1192,#1193);
#1192 = CARTESIAN_POINT('',(-2.1,-1.53,9.8));
#1193 = VECTOR('',#1194,1.);
#1194 = DIRECTION('',(-0.,-0.,-1.));
#1195 = ORIENTED_EDGE('',*,*,#1196,.F.);
#1196 = EDGE_CURVE('',#1197,#1189,#1199,.T.);
#1197 = VERTEX_POINT('',#1198);
#1198 = CARTESIAN_POINT('',(-1.6,-1.53,9.2));
#1199 = LINE('',#1200,#1201);
#1200 = CARTESIAN_POINT('',(22.1,-1.53,9.2));
#1201 = VECTOR('',#1202,1.);
#1202 = DIRECTION('',(-1.,0.,0.));
#1203 = ORIENTED_EDGE('',*,*,#1204,.T.);
#1204 = EDGE_CURVE('',#1197,#1205,#1207,.T.);
#1205 = VERTEX_POINT('',#1206);
#1206 = CARTESIAN_POINT('',(-1.6,-1.53,2.7));
#1207 = LINE('',#1208,#1209);
#1208 = CARTESIAN_POINT('',(-1.6,-1.53,9.8));
#1209 = VECTOR('',#1210,1.);
#1210 = DIRECTION('',(0.,0.,-1.));
#1211 = ORIENTED_EDGE('',*,*,#1212,.F.);
#1212 = EDGE_CURVE('',#1213,#1205,#1215,.T.);
#1213 = VERTEX_POINT('',#1214);
#1214 = CARTESIAN_POINT('',(21.6,-1.53,2.7));
#1215 = LINE('',#1216,#1217);
#1216 = CARTESIAN_POINT('',(21.6,-1.53,2.7));
#1217 = VECTOR('',#1218,1.);
#1218 = DIRECTION('',(-1.,-0.,-0.));
#1219 = ORIENTED_EDGE('',*,*,#1220,.F.);
#1220 = EDGE_CURVE('',#1221,#1213,#1223,.T.);
#1221 = VERTEX_POINT('',#1222);
#1222 = CARTESIAN_POINT('',(21.6,-1.53,9.2));
#1223 = LINE('',#1224,#1225);
#1224 = CARTESIAN_POINT('',(21.6,-1.53,9.8));
#1225 = VECTOR('',#1226,1.);
#1226 = DIRECTION('',(0.,0.,-1.));
#1227 = ORIENTED_EDGE('',*,*,#1228,.F.);
#1228 = EDGE_CURVE('',#1077,#1221,#1229,.T.);
#1229 = LINE('',#1230,#1231);
#1230 = CARTESIAN_POINT('',(22.1,-1.53,9.2));
#1231 = VECTOR('',#1232,1.);
#1232 = DIRECTION('',(-1.,0.,0.));
#1233 = PLANE('',#1234);
#1234 = AXIS2_PLACEMENT_3D('',#1235,#1236,#1237);
#1235 = CARTESIAN_POINT('',(10.,-1.53,6.353833865815));
#1236 = DIRECTION('',(-0.,-1.,-0.));
#1237 = DIRECTION('',(0.,0.,-1.));
#1238 = ADVANCED_FACE('',(#1239),#1257,.T.);
#1239 = FACE_BOUND('',#1240,.T.);
#1240 = EDGE_LOOP('',(#1241,#1242,#1250,#1256));
#1241 = ORIENTED_EDGE('',*,*,#248,.T.);
#1242 = ORIENTED_EDGE('',*,*,#1243,.T.);
#1243 = EDGE_CURVE('',#241,#1244,#1246,.T.);
#1244 = VERTEX_POINT('',#1245);
#1245 = CARTESIAN_POINT('',(20.2,-2.33,5.7));
#1246 = LINE('',#1247,#1248);
#1247 = CARTESIAN_POINT('',(19.95,-2.33,9.8));
#1248 = VECTOR('',#1249,1.);
#1249 = DIRECTION('',(6.086257045056E-02,-2.216329687308E-16,
    -0.998146155389));
#1250 = ORIENTED_EDGE('',*,*,#1251,.F.);
#1251 = EDGE_CURVE('',#1086,#1244,#1252,.T.);
#1252 = LINE('',#1253,#1254);
#1253 = CARTESIAN_POINT('',(20.2,-1.53,5.7));
#1254 = VECTOR('',#1255,1.);
#1255 = DIRECTION('',(0.,-1.,2.22044604925E-16));
#1256 = ORIENTED_EDGE('',*,*,#1085,.F.);
#1257 = PLANE('',#1258);
#1258 = AXIS2_PLACEMENT_3D('',#1259,#1260,#1261);
#1259 = CARTESIAN_POINT('',(19.95,-1.53,9.8));
#1260 = DIRECTION('',(0.998146155389,1.351420541042E-17,
    6.086257045056E-02));
#1261 = DIRECTION('',(6.086257045056E-02,-2.216329687308E-16,
    -0.998146155389));
#1262 = ADVANCED_FACE('',(#1263),#1361,.F.);
#1263 = FACE_BOUND('',#1264,.T.);
#1264 = EDGE_LOOP('',(#1265,#1273,#1281,#1289,#1297,#1305,#1313,#1321,
    #1329,#1337,#1345,#1353,#1359,#1360));
#1265 = ORIENTED_EDGE('',*,*,#1266,.T.);
#1266 = EDGE_CURVE('',#233,#1267,#1269,.T.);
#1267 = VERTEX_POINT('',#1268);
#1268 = CARTESIAN_POINT('',(-0.2,-2.33,5.7));
#1269 = LINE('',#1270,#1271);
#1270 = CARTESIAN_POINT('',(5.E-02,-2.33,9.8));
#1271 = VECTOR('',#1272,1.);
#1272 = DIRECTION('',(-6.086257045056E-02,-2.216329687308E-16,
    -0.998146155389));
#1273 = ORIENTED_EDGE('',*,*,#1274,.F.);
#1274 = EDGE_CURVE('',#1275,#1267,#1277,.T.);
#1275 = VERTEX_POINT('',#1276);
#1276 = CARTESIAN_POINT('',(-0.65,-2.33,5.7));
#1277 = LINE('',#1278,#1279);
#1278 = CARTESIAN_POINT('',(-0.65,-2.33,5.7));
#1279 = VECTOR('',#1280,1.);
#1280 = DIRECTION('',(1.,0.,0.));
#1281 = ORIENTED_EDGE('',*,*,#1282,.F.);
#1282 = EDGE_CURVE('',#1283,#1275,#1285,.T.);
#1283 = VERTEX_POINT('',#1284);
#1284 = CARTESIAN_POINT('',(-0.65,-2.33,4.9));
#1285 = LINE('',#1286,#1287);
#1286 = CARTESIAN_POINT('',(-0.65,-2.33,4.9));
#1287 = VECTOR('',#1288,1.);
#1288 = DIRECTION('',(0.,2.22044604925E-16,1.));
#1289 = ORIENTED_EDGE('',*,*,#1290,.F.);
#1290 = EDGE_CURVE('',#1291,#1283,#1293,.T.);
#1291 = VERTEX_POINT('',#1292);
#1292 = CARTESIAN_POINT('',(5.E-02,-2.33,3.7));
#1293 = LINE('',#1294,#1295);
#1294 = CARTESIAN_POINT('',(5.E-02,-2.33,3.7));
#1295 = VECTOR('',#1296,1.);
#1296 = DIRECTION('',(-0.503871025524,1.917974447926E-16,0.863778900898)
  );
#1297 = ORIENTED_EDGE('',*,*,#1298,.F.);
#1298 = EDGE_CURVE('',#1299,#1291,#1301,.T.);
#1299 = VERTEX_POINT('',#1300);
#1300 = CARTESIAN_POINT('',(0.65,-2.33,3.7));
#1301 = LINE('',#1302,#1303);
#1302 = CARTESIAN_POINT('',(0.65,-2.33,3.7));
#1303 = VECTOR('',#1304,1.);
#1304 = DIRECTION('',(-1.,0.,0.));
#1305 = ORIENTED_EDGE('',*,*,#1306,.F.);
#1306 = EDGE_CURVE('',#1307,#1299,#1309,.T.);
#1307 = VERTEX_POINT('',#1308);
#1308 = CARTESIAN_POINT('',(0.65,-2.33,9.));
#1309 = LINE('',#1310,#1311);
#1310 = CARTESIAN_POINT('',(0.65,-2.33,9.));
#1311 = VECTOR('',#1312,1.);
#1312 = DIRECTION('',(0.,-2.22044604925E-16,-1.));
#1313 = ORIENTED_EDGE('',*,*,#1314,.T.);
#1314 = EDGE_CURVE('',#1307,#1315,#1317,.T.);
#1315 = VERTEX_POINT('',#1316);
#1316 = CARTESIAN_POINT('',(19.35,-2.33,9.));
#1317 = LINE('',#1318,#1319);
#1318 = CARTESIAN_POINT('',(0.65,-2.33,9.));
#1319 = VECTOR('',#1320,1.);
#1320 = DIRECTION('',(1.,0.,0.));
#1321 = ORIENTED_EDGE('',*,*,#1322,.T.);
#1322 = EDGE_CURVE('',#1315,#1323,#1325,.T.);
#1323 = VERTEX_POINT('',#1324);
#1324 = CARTESIAN_POINT('',(19.35,-2.33,3.7));
#1325 = LINE('',#1326,#1327);
#1326 = CARTESIAN_POINT('',(19.35,-2.33,9.));
#1327 = VECTOR('',#1328,1.);
#1328 = DIRECTION('',(0.,-2.22044604925E-16,-1.));
#1329 = ORIENTED_EDGE('',*,*,#1330,.T.);
#1330 = EDGE_CURVE('',#1323,#1331,#1333,.T.);
#1331 = VERTEX_POINT('',#1332);
#1332 = CARTESIAN_POINT('',(19.95,-2.33,3.7));
#1333 = LINE('',#1334,#1335);
#1334 = CARTESIAN_POINT('',(19.35,-2.33,3.7));
#1335 = VECTOR('',#1336,1.);
#1336 = DIRECTION('',(1.,0.,0.));
#1337 = ORIENTED_EDGE('',*,*,#1338,.T.);
#1338 = EDGE_CURVE('',#1331,#1339,#1341,.T.);
#1339 = VERTEX_POINT('',#1340);
#1340 = CARTESIAN_POINT('',(20.65,-2.33,4.9));
#1341 = LINE('',#1342,#1343);
#1342 = CARTESIAN_POINT('',(19.95,-2.33,3.7));
#1343 = VECTOR('',#1344,1.);
#1344 = DIRECTION('',(0.503871025524,1.917974447926E-16,0.863778900898)
  );
#1345 = ORIENTED_EDGE('',*,*,#1346,.T.);
#1346 = EDGE_CURVE('',#1339,#1347,#1349,.T.);
#1347 = VERTEX_POINT('',#1348);
#1348 = CARTESIAN_POINT('',(20.65,-2.33,5.7));
#1349 = LINE('',#1350,#1351);
#1350 = CARTESIAN_POINT('',(20.65,-2.33,4.9));
#1351 = VECTOR('',#1352,1.);
#1352 = DIRECTION('',(0.,2.22044604925E-16,1.));
#1353 = ORIENTED_EDGE('',*,*,#1354,.T.);
#1354 = EDGE_CURVE('',#1347,#1244,#1355,.T.);
#1355 = LINE('',#1356,#1357);
#1356 = CARTESIAN_POINT('',(20.65,-2.33,5.7));
#1357 = VECTOR('',#1358,1.);
#1358 = DIRECTION('',(-1.,0.,0.));
#1359 = ORIENTED_EDGE('',*,*,#1243,.F.);
#1360 = ORIENTED_EDGE('',*,*,#240,.F.);
#1361 = PLANE('',#1362);
#1362 = AXIS2_PLACEMENT_3D('',#1363,#1364,#1365);
#1363 = CARTESIAN_POINT('',(10.,-2.33,8.205744544296));
#1364 = DIRECTION('',(0.,1.,0.));
#1365 = DIRECTION('',(0.,0.,1.));
#1366 = ADVANCED_FACE('',(#1367),#1378,.F.);
#1367 = FACE_BOUND('',#1368,.F.);
#1368 = EDGE_LOOP('',(#1369,#1370,#1371,#1377));
#1369 = ORIENTED_EDGE('',*,*,#232,.T.);
#1370 = ORIENTED_EDGE('',*,*,#1266,.T.);
#1371 = ORIENTED_EDGE('',*,*,#1372,.F.);
#1372 = EDGE_CURVE('',#1174,#1267,#1373,.T.);
#1373 = LINE('',#1374,#1375);
#1374 = CARTESIAN_POINT('',(-0.2,-1.53,5.7));
#1375 = VECTOR('',#1376,1.);
#1376 = DIRECTION('',(0.,-1.,2.22044604925E-16));
#1377 = ORIENTED_EDGE('',*,*,#1181,.F.);
#1378 = PLANE('',#1379);
#1379 = AXIS2_PLACEMENT_3D('',#1380,#1381,#1382);
#1380 = CARTESIAN_POINT('',(5.E-02,-1.53,9.8));
#1381 = DIRECTION('',(0.998146155389,-1.351420541042E-17,
    -6.086257045056E-02));
#1382 = DIRECTION('',(-6.086257045056E-02,-2.216329687308E-16,
    -0.998146155389));
#1383 = ADVANCED_FACE('',(#1384),#1403,.T.);
#1384 = FACE_BOUND('',#1385,.T.);
#1385 = EDGE_LOOP('',(#1386,#1394,#1401,#1402));
#1386 = ORIENTED_EDGE('',*,*,#1387,.T.);
#1387 = EDGE_CURVE('',#208,#1388,#1390,.T.);
#1388 = VERTEX_POINT('',#1389);
#1389 = CARTESIAN_POINT('',(-2.4,-1.23,9.2));
#1390 = LINE('',#1391,#1392);
#1391 = CARTESIAN_POINT('',(-2.4,-1.23,9.8));
#1392 = VECTOR('',#1393,1.);
#1393 = DIRECTION('',(-0.,-0.,-1.));
#1394 = ORIENTED_EDGE('',*,*,#1395,.T.);
#1395 = EDGE_CURVE('',#1388,#1189,#1396,.T.);
#1396 = CIRCLE('',#1397,0.3);
#1397 = AXIS2_PLACEMENT_3D('',#1398,#1399,#1400);
#1398 = CARTESIAN_POINT('',(-2.1,-1.23,9.2));
#1399 = DIRECTION('',(0.,0.,1.));
#1400 = DIRECTION('',(1.,0.,0.));
#1401 = ORIENTED_EDGE('',*,*,#1188,.F.);
#1402 = ORIENTED_EDGE('',*,*,#215,.F.);
#1403 = CYLINDRICAL_SURFACE('',#1404,0.3);
#1404 = AXIS2_PLACEMENT_3D('',#1405,#1406,#1407);
#1405 = CARTESIAN_POINT('',(-2.1,-1.23,9.8));
#1406 = DIRECTION('',(0.,0.,1.));
#1407 = DIRECTION('',(1.,0.,0.));
#1408 = ADVANCED_FACE('',(#1409),#1427,.F.);
#1409 = FACE_BOUND('',#1410,.F.);
#1410 = EDGE_LOOP('',(#1411,#1412,#1420,#1426));
#1411 = ORIENTED_EDGE('',*,*,#1387,.T.);
#1412 = ORIENTED_EDGE('',*,*,#1413,.T.);
#1413 = EDGE_CURVE('',#1388,#1414,#1416,.T.);
#1414 = VERTEX_POINT('',#1415);
#1415 = CARTESIAN_POINT('',(-2.4,3.07,9.2));
#1416 = LINE('',#1417,#1418);
#1417 = CARTESIAN_POINT('',(-2.4,-1.23,9.2));
#1418 = VECTOR('',#1419,1.);
#1419 = DIRECTION('',(0.,1.,0.));
#1420 = ORIENTED_EDGE('',*,*,#1421,.F.);
#1421 = EDGE_CURVE('',#199,#1414,#1422,.T.);
#1422 = LINE('',#1423,#1424);
#1423 = CARTESIAN_POINT('',(-2.4,3.07,9.8));
#1424 = VECTOR('',#1425,1.);
#1425 = DIRECTION('',(-0.,-0.,-1.));
#1426 = ORIENTED_EDGE('',*,*,#207,.F.);
#1427 = PLANE('',#1428);
#1428 = AXIS2_PLACEMENT_3D('',#1429,#1430,#1431);
#1429 = CARTESIAN_POINT('',(-2.4,-1.23,9.8));
#1430 = DIRECTION('',(1.,0.,0.));
#1431 = DIRECTION('',(0.,1.,0.));
#1432 = ADVANCED_FACE('',(#1433),#1452,.T.);
#1433 = FACE_BOUND('',#1434,.T.);
#1434 = EDGE_LOOP('',(#1435,#1443,#1450,#1451));
#1435 = ORIENTED_EDGE('',*,*,#1436,.T.);
#1436 = EDGE_CURVE('',#191,#1437,#1439,.T.);
#1437 = VERTEX_POINT('',#1438);
#1438 = CARTESIAN_POINT('',(-2.1,3.37,9.2));
#1439 = LINE('',#1440,#1441);
#1440 = CARTESIAN_POINT('',(-2.1,3.37,9.8));
#1441 = VECTOR('',#1442,1.);
#1442 = DIRECTION('',(-0.,-0.,-1.));
#1443 = ORIENTED_EDGE('',*,*,#1444,.T.);
#1444 = EDGE_CURVE('',#1437,#1414,#1445,.T.);
#1445 = CIRCLE('',#1446,0.3);
#1446 = AXIS2_PLACEMENT_3D('',#1447,#1448,#1449);
#1447 = CARTESIAN_POINT('',(-2.1,3.07,9.2));
#1448 = DIRECTION('',(0.,0.,1.));
#1449 = DIRECTION('',(1.,0.,0.));
#1450 = ORIENTED_EDGE('',*,*,#1421,.F.);
#1451 = ORIENTED_EDGE('',*,*,#198,.F.);
#1452 = CYLINDRICAL_SURFACE('',#1453,0.3);
#1453 = AXIS2_PLACEMENT_3D('',#1454,#1455,#1456);
#1454 = CARTESIAN_POINT('',(-2.1,3.07,9.8));
#1455 = DIRECTION('',(0.,0.,1.));
#1456 = DIRECTION('',(1.,0.,0.));
#1457 = ADVANCED_FACE('',(#1458),#1476,.F.);
#1458 = FACE_BOUND('',#1459,.F.);
#1459 = EDGE_LOOP('',(#1460,#1461,#1469,#1475));
#1460 = ORIENTED_EDGE('',*,*,#1436,.T.);
#1461 = ORIENTED_EDGE('',*,*,#1462,.T.);
#1462 = EDGE_CURVE('',#1437,#1463,#1465,.T.);
#1463 = VERTEX_POINT('',#1464);
#1464 = CARTESIAN_POINT('',(22.1,3.37,9.2));
#1465 = LINE('',#1466,#1467);
#1466 = CARTESIAN_POINT('',(-2.1,3.37,9.2));
#1467 = VECTOR('',#1468,1.);
#1468 = DIRECTION('',(1.,0.,0.));
#1469 = ORIENTED_EDGE('',*,*,#1470,.F.);
#1470 = EDGE_CURVE('',#182,#1463,#1471,.T.);
#1471 = LINE('',#1472,#1473);
#1472 = CARTESIAN_POINT('',(22.1,3.37,9.8));
#1473 = VECTOR('',#1474,1.);
#1474 = DIRECTION('',(-0.,-0.,-1.));
#1475 = ORIENTED_EDGE('',*,*,#190,.F.);
#1476 = PLANE('',#1477);
#1477 = AXIS2_PLACEMENT_3D('',#1478,#1479,#1480);
#1478 = CARTESIAN_POINT('',(-2.1,3.37,9.8));
#1479 = DIRECTION('',(0.,-1.,0.));
#1480 = DIRECTION('',(1.,0.,0.));
#1481 = ADVANCED_FACE('',(#1482),#1501,.T.);
#1482 = FACE_BOUND('',#1483,.T.);
#1483 = EDGE_LOOP('',(#1484,#1492,#1499,#1500));
#1484 = ORIENTED_EDGE('',*,*,#1485,.T.);
#1485 = EDGE_CURVE('',#174,#1486,#1488,.T.);
#1486 = VERTEX_POINT('',#1487);
#1487 = CARTESIAN_POINT('',(22.4,3.07,9.2));
#1488 = LINE('',#1489,#1490);
#1489 = CARTESIAN_POINT('',(22.4,3.07,9.8));
#1490 = VECTOR('',#1491,1.);
#1491 = DIRECTION('',(-0.,-0.,-1.));
#1492 = ORIENTED_EDGE('',*,*,#1493,.T.);
#1493 = EDGE_CURVE('',#1486,#1463,#1494,.T.);
#1494 = CIRCLE('',#1495,0.3);
#1495 = AXIS2_PLACEMENT_3D('',#1496,#1497,#1498);
#1496 = CARTESIAN_POINT('',(22.1,3.07,9.2));
#1497 = DIRECTION('',(0.,0.,1.));
#1498 = DIRECTION('',(1.,0.,0.));
#1499 = ORIENTED_EDGE('',*,*,#1470,.F.);
#1500 = ORIENTED_EDGE('',*,*,#181,.F.);
#1501 = CYLINDRICAL_SURFACE('',#1502,0.3);
#1502 = AXIS2_PLACEMENT_3D('',#1503,#1504,#1505);
#1503 = CARTESIAN_POINT('',(22.1,3.07,9.8));
#1504 = DIRECTION('',(0.,0.,1.));
#1505 = DIRECTION('',(1.,0.,0.));
#1506 = ADVANCED_FACE('',(#1507),#1525,.F.);
#1507 = FACE_BOUND('',#1508,.F.);
#1508 = EDGE_LOOP('',(#1509,#1510,#1511,#1519));
#1509 = ORIENTED_EDGE('',*,*,#173,.F.);
#1510 = ORIENTED_EDGE('',*,*,#1485,.T.);
#1511 = ORIENTED_EDGE('',*,*,#1512,.T.);
#1512 = EDGE_CURVE('',#1486,#1513,#1515,.T.);
#1513 = VERTEX_POINT('',#1514);
#1514 = CARTESIAN_POINT('',(22.4,1.4625,9.2));
#1515 = LINE('',#1516,#1517);
#1516 = CARTESIAN_POINT('',(22.4,3.07,9.2));
#1517 = VECTOR('',#1518,1.);
#1518 = DIRECTION('',(0.,-1.,0.));
#1519 = ORIENTED_EDGE('',*,*,#1520,.T.);
#1520 = EDGE_CURVE('',#1513,#166,#1521,.T.);
#1521 = LINE('',#1522,#1523);
#1522 = CARTESIAN_POINT('',(22.4,1.4625,9.8));
#1523 = VECTOR('',#1524,1.);
#1524 = DIRECTION('',(0.,0.,1.));
#1525 = PLANE('',#1526);
#1526 = AXIS2_PLACEMENT_3D('',#1527,#1528,#1529);
#1527 = CARTESIAN_POINT('',(22.4,3.07,9.8));
#1528 = DIRECTION('',(-1.,0.,0.));
#1529 = DIRECTION('',(0.,-1.,0.));
#1530 = ADVANCED_FACE('',(#1531),#1549,.T.);
#1531 = FACE_BOUND('',#1532,.T.);
#1532 = EDGE_LOOP('',(#1533,#1534,#1542,#1548));
#1533 = ORIENTED_EDGE('',*,*,#165,.F.);
#1534 = ORIENTED_EDGE('',*,*,#1535,.T.);
#1535 = EDGE_CURVE('',#158,#1536,#1538,.T.);
#1536 = VERTEX_POINT('',#1537);
#1537 = CARTESIAN_POINT('',(21.65,0.9,9.2));
#1538 = LINE('',#1539,#1540);
#1539 = CARTESIAN_POINT('',(21.65,0.9,9.8));
#1540 = VECTOR('',#1541,1.);
#1541 = DIRECTION('',(-0.,-0.,-1.));
#1542 = ORIENTED_EDGE('',*,*,#1543,.T.);
#1543 = EDGE_CURVE('',#1536,#1513,#1544,.T.);
#1544 = LINE('',#1545,#1546);
#1545 = CARTESIAN_POINT('',(17.9268,-1.8924,9.2));
#1546 = VECTOR('',#1547,1.);
#1547 = DIRECTION('',(0.8,0.6,0.));
#1548 = ORIENTED_EDGE('',*,*,#1520,.T.);
#1549 = PLANE('',#1550);
#1550 = AXIS2_PLACEMENT_3D('',#1551,#1552,#1553);
#1551 = CARTESIAN_POINT('',(21.65,0.9,9.8));
#1552 = DIRECTION('',(0.6,-0.8,0.));
#1553 = DIRECTION('',(0.8,0.6,0.));
#1554 = ADVANCED_FACE('',(#1555),#1573,.T.);
#1555 = FACE_BOUND('',#1556,.T.);
#1556 = EDGE_LOOP('',(#1557,#1558,#1566,#1572));
#1557 = ORIENTED_EDGE('',*,*,#157,.F.);
#1558 = ORIENTED_EDGE('',*,*,#1559,.T.);
#1559 = EDGE_CURVE('',#150,#1560,#1562,.T.);
#1560 = VERTEX_POINT('',#1561);
#1561 = CARTESIAN_POINT('',(22.4,0.3375,9.2));
#1562 = LINE('',#1563,#1564);
#1563 = CARTESIAN_POINT('',(22.4,0.3375,9.8));
#1564 = VECTOR('',#1565,1.);
#1565 = DIRECTION('',(0.,0.,-1.));
#1566 = ORIENTED_EDGE('',*,*,#1567,.T.);
#1567 = EDGE_CURVE('',#1560,#1536,#1568,.T.);
#1568 = LINE('',#1569,#1570);
#1569 = CARTESIAN_POINT('',(18.3172,3.3996,9.2));
#1570 = VECTOR('',#1571,1.);
#1571 = DIRECTION('',(-0.8,0.6,0.));
#1572 = ORIENTED_EDGE('',*,*,#1535,.F.);
#1573 = PLANE('',#1574);
#1574 = AXIS2_PLACEMENT_3D('',#1575,#1576,#1577);
#1575 = CARTESIAN_POINT('',(22.45,0.3,9.8));
#1576 = DIRECTION('',(0.6,0.8,0.));
#1577 = DIRECTION('',(-0.8,0.6,0.));
#1578 = ADVANCED_FACE('',(#1579),#1597,.F.);
#1579 = FACE_BOUND('',#1580,.F.);
#1580 = EDGE_LOOP('',(#1581,#1582,#1583,#1591));
#1581 = ORIENTED_EDGE('',*,*,#149,.F.);
#1582 = ORIENTED_EDGE('',*,*,#1559,.T.);
#1583 = ORIENTED_EDGE('',*,*,#1584,.T.);
#1584 = EDGE_CURVE('',#1560,#1585,#1587,.T.);
#1585 = VERTEX_POINT('',#1586);
#1586 = CARTESIAN_POINT('',(22.4,-1.23,9.2));
#1587 = LINE('',#1588,#1589);
#1588 = CARTESIAN_POINT('',(22.4,3.07,9.2));
#1589 = VECTOR('',#1590,1.);
#1590 = DIRECTION('',(0.,-1.,0.));
#1591 = ORIENTED_EDGE('',*,*,#1592,.F.);
#1592 = EDGE_CURVE('',#141,#1585,#1593,.T.);
#1593 = LINE('',#1594,#1595);
#1594 = CARTESIAN_POINT('',(22.4,-1.23,9.8));
#1595 = VECTOR('',#1596,1.);
#1596 = DIRECTION('',(-0.,-0.,-1.));
#1597 = PLANE('',#1598);
#1598 = AXIS2_PLACEMENT_3D('',#1599,#1600,#1601);
#1599 = CARTESIAN_POINT('',(22.4,3.07,9.8));
#1600 = DIRECTION('',(-1.,0.,0.));
#1601 = DIRECTION('',(0.,-1.,0.));
#1602 = ADVANCED_FACE('',(#1603),#1615,.T.);
#1603 = FACE_BOUND('',#1604,.T.);
#1604 = EDGE_LOOP('',(#1605,#1606,#1613,#1614));
#1605 = ORIENTED_EDGE('',*,*,#1076,.T.);
#1606 = ORIENTED_EDGE('',*,*,#1607,.T.);
#1607 = EDGE_CURVE('',#1077,#1585,#1608,.T.);
#1608 = CIRCLE('',#1609,0.3);
#1609 = AXIS2_PLACEMENT_3D('',#1610,#1611,#1612);
#1610 = CARTESIAN_POINT('',(22.1,-1.23,9.2));
#1611 = DIRECTION('',(0.,0.,1.));
#1612 = DIRECTION('',(1.,0.,0.));
#1613 = ORIENTED_EDGE('',*,*,#1592,.F.);
#1614 = ORIENTED_EDGE('',*,*,#140,.F.);
#1615 = CYLINDRICAL_SURFACE('',#1616,0.3);
#1616 = AXIS2_PLACEMENT_3D('',#1617,#1618,#1619);
#1617 = CARTESIAN_POINT('',(22.1,-1.23,9.8));
#1618 = DIRECTION('',(0.,0.,1.));
#1619 = DIRECTION('',(1.,0.,0.));
#1620 = ADVANCED_FACE('',(#1621),#1662,.F.);
#1621 = FACE_BOUND('',#1622,.F.);
#1622 = EDGE_LOOP('',(#1623,#1631,#1639,#1647,#1655,#1661));
#1623 = ORIENTED_EDGE('',*,*,#1624,.F.);
#1624 = EDGE_CURVE('',#1625,#257,#1627,.T.);
#1625 = VERTEX_POINT('',#1626);
#1626 = CARTESIAN_POINT('',(1.05,1.52,3.45));
#1627 = LINE('',#1628,#1629);
#1628 = CARTESIAN_POINT('',(1.05,1.52,3.45));
#1629 = VECTOR('',#1630,1.);
#1630 = DIRECTION('',(0.,0.,1.));
#1631 = ORIENTED_EDGE('',*,*,#1632,.T.);
#1632 = EDGE_CURVE('',#1625,#1633,#1635,.T.);
#1633 = VERTEX_POINT('',#1634);
#1634 = CARTESIAN_POINT('',(0.6,1.52,3.45));
#1635 = LINE('',#1636,#1637);
#1636 = CARTESIAN_POINT('',(1.05,1.52,3.45));
#1637 = VECTOR('',#1638,1.);
#1638 = DIRECTION('',(-1.,-0.,-0.));
#1639 = ORIENTED_EDGE('',*,*,#1640,.F.);
#1640 = EDGE_CURVE('',#1641,#1633,#1643,.T.);
#1641 = VERTEX_POINT('',#1642);
#1642 = CARTESIAN_POINT('',(0.6,1.52,5.25));
#1643 = LINE('',#1644,#1645);
#1644 = CARTESIAN_POINT('',(0.6,1.52,5.25));
#1645 = VECTOR('',#1646,1.);
#1646 = DIRECTION('',(0.,1.233581138472E-16,-1.));
#1647 = ORIENTED_EDGE('',*,*,#1648,.T.);
#1648 = EDGE_CURVE('',#1641,#1649,#1651,.T.);
#1649 = VERTEX_POINT('',#1650);
#1650 = CARTESIAN_POINT('',(0.5,1.52,5.25));
#1651 = LINE('',#1652,#1653);
#1652 = CARTESIAN_POINT('',(0.6,1.52,5.25));
#1653 = VECTOR('',#1654,1.);
#1654 = DIRECTION('',(-1.,-0.,-0.));
#1655 = ORIENTED_EDGE('',*,*,#1656,.F.);
#1656 = EDGE_CURVE('',#259,#1649,#1657,.T.);
#1657 = LINE('',#1658,#1659);
#1658 = CARTESIAN_POINT('',(0.5,1.52,9.8));
#1659 = VECTOR('',#1660,1.);
#1660 = DIRECTION('',(0.,0.,-1.));
#1661 = ORIENTED_EDGE('',*,*,#256,.F.);
#1662 = PLANE('',#1663);
#1663 = AXIS2_PLACEMENT_3D('',#1664,#1665,#1666);
#1664 = CARTESIAN_POINT('',(1.05,1.52,3.45));
#1665 = DIRECTION('',(0.,1.,0.));
#1666 = DIRECTION('',(0.,0.,1.));
#1667 = ADVANCED_FACE('',(#1668),#1686,.F.);
#1668 = FACE_BOUND('',#1669,.F.);
#1669 = EDGE_LOOP('',(#1670,#1678,#1679,#1680));
#1670 = ORIENTED_EDGE('',*,*,#1671,.T.);
#1671 = EDGE_CURVE('',#1672,#1625,#1674,.T.);
#1672 = VERTEX_POINT('',#1673);
#1673 = CARTESIAN_POINT('',(1.05,-0.98,3.45));
#1674 = LINE('',#1675,#1676);
#1675 = CARTESIAN_POINT('',(1.05,-0.98,3.45));
#1676 = VECTOR('',#1677,1.);
#1677 = DIRECTION('',(0.,1.,0.));
#1678 = ORIENTED_EDGE('',*,*,#1624,.T.);
#1679 = ORIENTED_EDGE('',*,*,#266,.T.);
#1680 = ORIENTED_EDGE('',*,*,#1681,.T.);
#1681 = EDGE_CURVE('',#267,#1672,#1682,.T.);
#1682 = LINE('',#1683,#1684);
#1683 = CARTESIAN_POINT('',(1.05,-0.98,9.8));
#1684 = VECTOR('',#1685,1.);
#1685 = DIRECTION('',(0.,0.,-1.));
#1686 = PLANE('',#1687);
#1687 = AXIS2_PLACEMENT_3D('',#1688,#1689,#1690);
#1688 = CARTESIAN_POINT('',(1.05,0.27,6.625));
#1689 = DIRECTION('',(1.,0.,0.));
#1690 = DIRECTION('',(0.,0.,1.));
#1691 = ADVANCED_FACE('',(#1692),#1710,.F.);
#1692 = FACE_BOUND('',#1693,.F.);
#1693 = EDGE_LOOP('',(#1694,#1695,#1703,#1709));
#1694 = ORIENTED_EDGE('',*,*,#1656,.T.);
#1695 = ORIENTED_EDGE('',*,*,#1696,.T.);
#1696 = EDGE_CURVE('',#1649,#1697,#1699,.T.);
#1697 = VERTEX_POINT('',#1698);
#1698 = CARTESIAN_POINT('',(0.5,1.92,5.25));
#1699 = LINE('',#1700,#1701);
#1700 = CARTESIAN_POINT('',(0.5,1.52,5.25));
#1701 = VECTOR('',#1702,1.);
#1702 = DIRECTION('',(0.,1.,0.));
#1703 = ORIENTED_EDGE('',*,*,#1704,.T.);
#1704 = EDGE_CURVE('',#1697,#307,#1705,.T.);
#1705 = LINE('',#1706,#1707);
#1706 = CARTESIAN_POINT('',(0.5,1.92,5.25));
#1707 = VECTOR('',#1708,1.);
#1708 = DIRECTION('',(0.,0.,1.));
#1709 = ORIENTED_EDGE('',*,*,#314,.T.);
#1710 = PLANE('',#1711);
#1711 = AXIS2_PLACEMENT_3D('',#1712,#1713,#1714);
#1712 = CARTESIAN_POINT('',(0.5,1.72,7.525));
#1713 = DIRECTION('',(1.,0.,0.));
#1714 = DIRECTION('',(0.,0.,1.));
#1715 = ADVANCED_FACE('',(#1716),#1734,.F.);
#1716 = FACE_BOUND('',#1717,.F.);
#1717 = EDGE_LOOP('',(#1718,#1719,#1727,#1733));
#1718 = ORIENTED_EDGE('',*,*,#274,.T.);
#1719 = ORIENTED_EDGE('',*,*,#1720,.T.);
#1720 = EDGE_CURVE('',#275,#1721,#1723,.T.);
#1721 = VERTEX_POINT('',#1722);
#1722 = CARTESIAN_POINT('',(-1.05,-0.98,3.45));
#1723 = LINE('',#1724,#1725);
#1724 = CARTESIAN_POINT('',(-1.05,-0.98,9.8));
#1725 = VECTOR('',#1726,1.);
#1726 = DIRECTION('',(0.,0.,-1.));
#1727 = ORIENTED_EDGE('',*,*,#1728,.F.);
#1728 = EDGE_CURVE('',#1672,#1721,#1729,.T.);
#1729 = LINE('',#1730,#1731);
#1730 = CARTESIAN_POINT('',(1.05,-0.98,3.45));
#1731 = VECTOR('',#1732,1.);
#1732 = DIRECTION('',(-1.,-0.,-0.));
#1733 = ORIENTED_EDGE('',*,*,#1681,.F.);
#1734 = PLANE('',#1735);
#1735 = AXIS2_PLACEMENT_3D('',#1736,#1737,#1738);
#1736 = CARTESIAN_POINT('',(1.05,-0.98,9.8));
#1737 = DIRECTION('',(0.,-1.,0.));
#1738 = DIRECTION('',(0.,0.,-1.));
#1739 = ADVANCED_FACE('',(#1740),#1758,.F.);
#1740 = FACE_BOUND('',#1741,.F.);
#1741 = EDGE_LOOP('',(#1742,#1750,#1756,#1757));
#1742 = ORIENTED_EDGE('',*,*,#1743,.T.);
#1743 = EDGE_CURVE('',#1697,#1744,#1746,.T.);
#1744 = VERTEX_POINT('',#1745);
#1745 = CARTESIAN_POINT('',(-0.5,1.92,5.25));
#1746 = LINE('',#1747,#1748);
#1747 = CARTESIAN_POINT('',(0.5,1.92,5.25));
#1748 = VECTOR('',#1749,1.);
#1749 = DIRECTION('',(-1.,-0.,-0.));
#1750 = ORIENTED_EDGE('',*,*,#1751,.T.);
#1751 = EDGE_CURVE('',#1744,#299,#1752,.T.);
#1752 = LINE('',#1753,#1754);
#1753 = CARTESIAN_POINT('',(-0.5,1.92,5.25));
#1754 = VECTOR('',#1755,1.);
#1755 = DIRECTION('',(0.,0.,1.));
#1756 = ORIENTED_EDGE('',*,*,#306,.F.);
#1757 = ORIENTED_EDGE('',*,*,#1704,.F.);
#1758 = PLANE('',#1759);
#1759 = AXIS2_PLACEMENT_3D('',#1760,#1761,#1762);
#1760 = CARTESIAN_POINT('',(0.5,1.92,5.25));
#1761 = DIRECTION('',(0.,1.,0.));
#1762 = DIRECTION('',(0.,0.,1.));
#1763 = ADVANCED_FACE('',(#1764),#1782,.T.);
#1764 = FACE_BOUND('',#1765,.T.);
#1765 = EDGE_LOOP('',(#1766,#1774,#1780,#1781));
#1766 = ORIENTED_EDGE('',*,*,#1767,.T.);
#1767 = EDGE_CURVE('',#1721,#1768,#1770,.T.);
#1768 = VERTEX_POINT('',#1769);
#1769 = CARTESIAN_POINT('',(-1.05,1.52,3.45));
#1770 = LINE('',#1771,#1772);
#1771 = CARTESIAN_POINT('',(-1.05,-0.98,3.45));
#1772 = VECTOR('',#1773,1.);
#1773 = DIRECTION('',(0.,1.,0.));
#1774 = ORIENTED_EDGE('',*,*,#1775,.T.);
#1775 = EDGE_CURVE('',#1768,#283,#1776,.T.);
#1776 = LINE('',#1777,#1778);
#1777 = CARTESIAN_POINT('',(-1.05,1.52,3.45));
#1778 = VECTOR('',#1779,1.);
#1779 = DIRECTION('',(0.,0.,1.));
#1780 = ORIENTED_EDGE('',*,*,#282,.T.);
#1781 = ORIENTED_EDGE('',*,*,#1720,.T.);
#1782 = PLANE('',#1783);
#1783 = AXIS2_PLACEMENT_3D('',#1784,#1785,#1786);
#1784 = CARTESIAN_POINT('',(-1.05,0.27,6.625));
#1785 = DIRECTION('',(1.,0.,0.));
#1786 = DIRECTION('',(0.,0.,1.));
#1787 = ADVANCED_FACE('',(#1788),#1806,.T.);
#1788 = FACE_BOUND('',#1789,.T.);
#1789 = EDGE_LOOP('',(#1790,#1798,#1804,#1805));
#1790 = ORIENTED_EDGE('',*,*,#1791,.T.);
#1791 = EDGE_CURVE('',#291,#1792,#1794,.T.);
#1792 = VERTEX_POINT('',#1793);
#1793 = CARTESIAN_POINT('',(-0.5,1.52,5.25));
#1794 = LINE('',#1795,#1796);
#1795 = CARTESIAN_POINT('',(-0.5,1.52,9.8));
#1796 = VECTOR('',#1797,1.);
#1797 = DIRECTION('',(0.,0.,-1.));
#1798 = ORIENTED_EDGE('',*,*,#1799,.T.);
#1799 = EDGE_CURVE('',#1792,#1744,#1800,.T.);
#1800 = LINE('',#1801,#1802);
#1801 = CARTESIAN_POINT('',(-0.5,1.52,5.25));
#1802 = VECTOR('',#1803,1.);
#1803 = DIRECTION('',(0.,1.,0.));
#1804 = ORIENTED_EDGE('',*,*,#1751,.T.);
#1805 = ORIENTED_EDGE('',*,*,#298,.T.);
#1806 = PLANE('',#1807);
#1807 = AXIS2_PLACEMENT_3D('',#1808,#1809,#1810);
#1808 = CARTESIAN_POINT('',(-0.5,1.72,7.525));
#1809 = DIRECTION('',(1.,0.,0.));
#1810 = DIRECTION('',(0.,0.,1.));
#1811 = ADVANCED_FACE('',(#1812),#1839,.F.);
#1812 = FACE_BOUND('',#1813,.F.);
#1813 = EDGE_LOOP('',(#1814,#1815,#1816,#1824,#1832,#1838));
#1814 = ORIENTED_EDGE('',*,*,#290,.F.);
#1815 = ORIENTED_EDGE('',*,*,#1791,.T.);
#1816 = ORIENTED_EDGE('',*,*,#1817,.T.);
#1817 = EDGE_CURVE('',#1792,#1818,#1820,.T.);
#1818 = VERTEX_POINT('',#1819);
#1819 = CARTESIAN_POINT('',(-0.6,1.52,5.25));
#1820 = LINE('',#1821,#1822);
#1821 = CARTESIAN_POINT('',(0.6,1.52,5.25));
#1822 = VECTOR('',#1823,1.);
#1823 = DIRECTION('',(-1.,-0.,-0.));
#1824 = ORIENTED_EDGE('',*,*,#1825,.T.);
#1825 = EDGE_CURVE('',#1818,#1826,#1828,.T.);
#1826 = VERTEX_POINT('',#1827);
#1827 = CARTESIAN_POINT('',(-0.6,1.52,3.45));
#1828 = LINE('',#1829,#1830);
#1829 = CARTESIAN_POINT('',(-0.6,1.52,5.25));
#1830 = VECTOR('',#1831,1.);
#1831 = DIRECTION('',(0.,1.233581138472E-16,-1.));
#1832 = ORIENTED_EDGE('',*,*,#1833,.T.);
#1833 = EDGE_CURVE('',#1826,#1768,#1834,.T.);
#1834 = LINE('',#1835,#1836);
#1835 = CARTESIAN_POINT('',(1.05,1.52,3.45));
#1836 = VECTOR('',#1837,1.);
#1837 = DIRECTION('',(-1.,-0.,-0.));
#1838 = ORIENTED_EDGE('',*,*,#1775,.T.);
#1839 = PLANE('',#1840);
#1840 = AXIS2_PLACEMENT_3D('',#1841,#1842,#1843);
#1841 = CARTESIAN_POINT('',(1.05,1.52,3.45));
#1842 = DIRECTION('',(0.,1.,0.));
#1843 = DIRECTION('',(0.,0.,1.));
#1844 = ADVANCED_FACE('',(#1845),#1886,.F.);
#1845 = FACE_BOUND('',#1846,.F.);
#1846 = EDGE_LOOP('',(#1847,#1855,#1863,#1871,#1879,#1885));
#1847 = ORIENTED_EDGE('',*,*,#1848,.F.);
#1848 = EDGE_CURVE('',#1849,#323,#1851,.T.);
#1849 = VERTEX_POINT('',#1850);
#1850 = CARTESIAN_POINT('',(3.55,1.52,3.45));
#1851 = LINE('',#1852,#1853);
#1852 = CARTESIAN_POINT('',(3.55,1.52,3.45));
#1853 = VECTOR('',#1854,1.);
#1854 = DIRECTION('',(0.,0.,1.));
#1855 = ORIENTED_EDGE('',*,*,#1856,.T.);
#1856 = EDGE_CURVE('',#1849,#1857,#1859,.T.);
#1857 = VERTEX_POINT('',#1858);
#1858 = CARTESIAN_POINT('',(3.1,1.52,3.45));
#1859 = LINE('',#1860,#1861);
#1860 = CARTESIAN_POINT('',(3.55,1.52,3.45));
#1861 = VECTOR('',#1862,1.);
#1862 = DIRECTION('',(-1.,-0.,-0.));
#1863 = ORIENTED_EDGE('',*,*,#1864,.F.);
#1864 = EDGE_CURVE('',#1865,#1857,#1867,.T.);
#1865 = VERTEX_POINT('',#1866);
#1866 = CARTESIAN_POINT('',(3.1,1.52,5.25));
#1867 = LINE('',#1868,#1869);
#1868 = CARTESIAN_POINT('',(3.1,1.52,5.25));
#1869 = VECTOR('',#1870,1.);
#1870 = DIRECTION('',(0.,1.233581138472E-16,-1.));
#1871 = ORIENTED_EDGE('',*,*,#1872,.T.);
#1872 = EDGE_CURVE('',#1865,#1873,#1875,.T.);
#1873 = VERTEX_POINT('',#1874);
#1874 = CARTESIAN_POINT('',(3.,1.52,5.25));
#1875 = LINE('',#1876,#1877);
#1876 = CARTESIAN_POINT('',(3.1,1.52,5.25));
#1877 = VECTOR('',#1878,1.);
#1878 = DIRECTION('',(-1.,-0.,-0.));
#1879 = ORIENTED_EDGE('',*,*,#1880,.F.);
#1880 = EDGE_CURVE('',#325,#1873,#1881,.T.);
#1881 = LINE('',#1882,#1883);
#1882 = CARTESIAN_POINT('',(3.,1.52,9.8));
#1883 = VECTOR('',#1884,1.);
#1884 = DIRECTION('',(0.,0.,-1.));
#1885 = ORIENTED_EDGE('',*,*,#322,.F.);
#1886 = PLANE('',#1887);
#1887 = AXIS2_PLACEMENT_3D('',#1888,#1889,#1890);
#1888 = CARTESIAN_POINT('',(3.55,1.52,3.45));
#1889 = DIRECTION('',(0.,1.,0.));
#1890 = DIRECTION('',(0.,0.,1.));
#1891 = ADVANCED_FACE('',(#1892),#1910,.F.);
#1892 = FACE_BOUND('',#1893,.F.);
#1893 = EDGE_LOOP('',(#1894,#1902,#1903,#1904));
#1894 = ORIENTED_EDGE('',*,*,#1895,.T.);
#1895 = EDGE_CURVE('',#1896,#1849,#1898,.T.);
#1896 = VERTEX_POINT('',#1897);
#1897 = CARTESIAN_POINT('',(3.55,-0.98,3.45));
#1898 = LINE('',#1899,#1900);
#1899 = CARTESIAN_POINT('',(3.55,-0.98,3.45));
#1900 = VECTOR('',#1901,1.);
#1901 = DIRECTION('',(0.,1.,0.));
#1902 = ORIENTED_EDGE('',*,*,#1848,.T.);
#1903 = ORIENTED_EDGE('',*,*,#332,.T.);
#1904 = ORIENTED_EDGE('',*,*,#1905,.T.);
#1905 = EDGE_CURVE('',#333,#1896,#1906,.T.);
#1906 = LINE('',#1907,#1908);
#1907 = CARTESIAN_POINT('',(3.55,-0.98,9.8));
#1908 = VECTOR('',#1909,1.);
#1909 = DIRECTION('',(0.,0.,-1.));
#1910 = PLANE('',#1911);
#1911 = AXIS2_PLACEMENT_3D('',#1912,#1913,#1914);
#1912 = CARTESIAN_POINT('',(3.55,0.27,6.625));
#1913 = DIRECTION('',(1.,0.,0.));
#1914 = DIRECTION('',(0.,0.,1.));
#1915 = ADVANCED_FACE('',(#1916),#1934,.F.);
#1916 = FACE_BOUND('',#1917,.F.);
#1917 = EDGE_LOOP('',(#1918,#1919,#1927,#1933));
#1918 = ORIENTED_EDGE('',*,*,#1880,.T.);
#1919 = ORIENTED_EDGE('',*,*,#1920,.T.);
#1920 = EDGE_CURVE('',#1873,#1921,#1923,.T.);
#1921 = VERTEX_POINT('',#1922);
#1922 = CARTESIAN_POINT('',(3.,1.92,5.25));
#1923 = LINE('',#1924,#1925);
#1924 = CARTESIAN_POINT('',(3.,1.52,5.25));
#1925 = VECTOR('',#1926,1.);
#1926 = DIRECTION('',(0.,1.,0.));
#1927 = ORIENTED_EDGE('',*,*,#1928,.T.);
#1928 = EDGE_CURVE('',#1921,#373,#1929,.T.);
#1929 = LINE('',#1930,#1931);
#1930 = CARTESIAN_POINT('',(3.,1.92,5.25));
#1931 = VECTOR('',#1932,1.);
#1932 = DIRECTION('',(0.,0.,1.));
#1933 = ORIENTED_EDGE('',*,*,#380,.T.);
#1934 = PLANE('',#1935);
#1935 = AXIS2_PLACEMENT_3D('',#1936,#1937,#1938);
#1936 = CARTESIAN_POINT('',(3.,1.72,7.525));
#1937 = DIRECTION('',(1.,0.,0.));
#1938 = DIRECTION('',(0.,0.,1.));
#1939 = ADVANCED_FACE('',(#1940),#1958,.F.);
#1940 = FACE_BOUND('',#1941,.F.);
#1941 = EDGE_LOOP('',(#1942,#1943,#1951,#1957));
#1942 = ORIENTED_EDGE('',*,*,#340,.T.);
#1943 = ORIENTED_EDGE('',*,*,#1944,.T.);
#1944 = EDGE_CURVE('',#341,#1945,#1947,.T.);
#1945 = VERTEX_POINT('',#1946);
#1946 = CARTESIAN_POINT('',(1.45,-0.98,3.45));
#1947 = LINE('',#1948,#1949);
#1948 = CARTESIAN_POINT('',(1.45,-0.98,9.8));
#1949 = VECTOR('',#1950,1.);
#1950 = DIRECTION('',(0.,0.,-1.));
#1951 = ORIENTED_EDGE('',*,*,#1952,.F.);
#1952 = EDGE_CURVE('',#1896,#1945,#1953,.T.);
#1953 = LINE('',#1954,#1955);
#1954 = CARTESIAN_POINT('',(3.55,-0.98,3.45));
#1955 = VECTOR('',#1956,1.);
#1956 = DIRECTION('',(-1.,-0.,-0.));
#1957 = ORIENTED_EDGE('',*,*,#1905,.F.);
#1958 = PLANE('',#1959);
#1959 = AXIS2_PLACEMENT_3D('',#1960,#1961,#1962);
#1960 = CARTESIAN_POINT('',(3.55,-0.98,9.8));
#1961 = DIRECTION('',(0.,-1.,0.));
#1962 = DIRECTION('',(0.,0.,-1.));
#1963 = ADVANCED_FACE('',(#1964),#1982,.F.);
#1964 = FACE_BOUND('',#1965,.F.);
#1965 = EDGE_LOOP('',(#1966,#1974,#1980,#1981));
#1966 = ORIENTED_EDGE('',*,*,#1967,.T.);
#1967 = EDGE_CURVE('',#1921,#1968,#1970,.T.);
#1968 = VERTEX_POINT('',#1969);
#1969 = CARTESIAN_POINT('',(2.,1.92,5.25));
#1970 = LINE('',#1971,#1972);
#1971 = CARTESIAN_POINT('',(3.,1.92,5.25));
#1972 = VECTOR('',#1973,1.);
#1973 = DIRECTION('',(-1.,-0.,-0.));
#1974 = ORIENTED_EDGE('',*,*,#1975,.T.);
#1975 = EDGE_CURVE('',#1968,#365,#1976,.T.);
#1976 = LINE('',#1977,#1978);
#1977 = CARTESIAN_POINT('',(2.,1.92,5.25));
#1978 = VECTOR('',#1979,1.);
#1979 = DIRECTION('',(0.,0.,1.));
#1980 = ORIENTED_EDGE('',*,*,#372,.F.);
#1981 = ORIENTED_EDGE('',*,*,#1928,.F.);
#1982 = PLANE('',#1983);
#1983 = AXIS2_PLACEMENT_3D('',#1984,#1985,#1986);
#1984 = CARTESIAN_POINT('',(3.,1.92,5.25));
#1985 = DIRECTION('',(0.,1.,0.));
#1986 = DIRECTION('',(0.,0.,1.));
#1987 = ADVANCED_FACE('',(#1988),#2006,.T.);
#1988 = FACE_BOUND('',#1989,.T.);
#1989 = EDGE_LOOP('',(#1990,#1998,#2004,#2005));
#1990 = ORIENTED_EDGE('',*,*,#1991,.T.);
#1991 = EDGE_CURVE('',#1945,#1992,#1994,.T.);
#1992 = VERTEX_POINT('',#1993);
#1993 = CARTESIAN_POINT('',(1.45,1.52,3.45));
#1994 = LINE('',#1995,#1996);
#1995 = CARTESIAN_POINT('',(1.45,-0.98,3.45));
#1996 = VECTOR('',#1997,1.);
#1997 = DIRECTION('',(0.,1.,0.));
#1998 = ORIENTED_EDGE('',*,*,#1999,.T.);
#1999 = EDGE_CURVE('',#1992,#349,#2000,.T.);
#2000 = LINE('',#2001,#2002);
#2001 = CARTESIAN_POINT('',(1.45,1.52,3.45));
#2002 = VECTOR('',#2003,1.);
#2003 = DIRECTION('',(0.,0.,1.));
#2004 = ORIENTED_EDGE('',*,*,#348,.T.);
#2005 = ORIENTED_EDGE('',*,*,#1944,.T.);
#2006 = PLANE('',#2007);
#2007 = AXIS2_PLACEMENT_3D('',#2008,#2009,#2010);
#2008 = CARTESIAN_POINT('',(1.45,0.27,6.625));
#2009 = DIRECTION('',(1.,0.,0.));
#2010 = DIRECTION('',(0.,0.,1.));
#2011 = ADVANCED_FACE('',(#2012),#2030,.T.);
#2012 = FACE_BOUND('',#2013,.T.);
#2013 = EDGE_LOOP('',(#2014,#2022,#2028,#2029));
#2014 = ORIENTED_EDGE('',*,*,#2015,.T.);
#2015 = EDGE_CURVE('',#357,#2016,#2018,.T.);
#2016 = VERTEX_POINT('',#2017);
#2017 = CARTESIAN_POINT('',(2.,1.52,5.25));
#2018 = LINE('',#2019,#2020);
#2019 = CARTESIAN_POINT('',(2.,1.52,9.8));
#2020 = VECTOR('',#2021,1.);
#2021 = DIRECTION('',(0.,0.,-1.));
#2022 = ORIENTED_EDGE('',*,*,#2023,.T.);
#2023 = EDGE_CURVE('',#2016,#1968,#2024,.T.);
#2024 = LINE('',#2025,#2026);
#2025 = CARTESIAN_POINT('',(2.,1.52,5.25));
#2026 = VECTOR('',#2027,1.);
#2027 = DIRECTION('',(0.,1.,0.));
#2028 = ORIENTED_EDGE('',*,*,#1975,.T.);
#2029 = ORIENTED_EDGE('',*,*,#364,.T.);
#2030 = PLANE('',#2031);
#2031 = AXIS2_PLACEMENT_3D('',#2032,#2033,#2034);
#2032 = CARTESIAN_POINT('',(2.,1.72,7.525));
#2033 = DIRECTION('',(1.,0.,0.));
#2034 = DIRECTION('',(0.,0.,1.));
#2035 = ADVANCED_FACE('',(#2036),#2063,.F.);
#2036 = FACE_BOUND('',#2037,.F.);
#2037 = EDGE_LOOP('',(#2038,#2039,#2040,#2048,#2056,#2062));
#2038 = ORIENTED_EDGE('',*,*,#356,.F.);
#2039 = ORIENTED_EDGE('',*,*,#2015,.T.);
#2040 = ORIENTED_EDGE('',*,*,#2041,.T.);
#2041 = EDGE_CURVE('',#2016,#2042,#2044,.T.);
#2042 = VERTEX_POINT('',#2043);
#2043 = CARTESIAN_POINT('',(1.9,1.52,5.25));
#2044 = LINE('',#2045,#2046);
#2045 = CARTESIAN_POINT('',(3.1,1.52,5.25));
#2046 = VECTOR('',#2047,1.);
#2047 = DIRECTION('',(-1.,-0.,-0.));
#2048 = ORIENTED_EDGE('',*,*,#2049,.T.);
#2049 = EDGE_CURVE('',#2042,#2050,#2052,.T.);
#2050 = VERTEX_POINT('',#2051);
#2051 = CARTESIAN_POINT('',(1.9,1.52,3.45));
#2052 = LINE('',#2053,#2054);
#2053 = CARTESIAN_POINT('',(1.9,1.52,5.25));
#2054 = VECTOR('',#2055,1.);
#2055 = DIRECTION('',(0.,1.233581138472E-16,-1.));
#2056 = ORIENTED_EDGE('',*,*,#2057,.T.);
#2057 = EDGE_CURVE('',#2050,#1992,#2058,.T.);
#2058 = LINE('',#2059,#2060);
#2059 = CARTESIAN_POINT('',(3.55,1.52,3.45));
#2060 = VECTOR('',#2061,1.);
#2061 = DIRECTION('',(-1.,-0.,-0.));
#2062 = ORIENTED_EDGE('',*,*,#1999,.T.);
#2063 = PLANE('',#2064);
#2064 = AXIS2_PLACEMENT_3D('',#2065,#2066,#2067);
#2065 = CARTESIAN_POINT('',(3.55,1.52,3.45));
#2066 = DIRECTION('',(0.,1.,0.));
#2067 = DIRECTION('',(0.,0.,1.));
#2068 = ADVANCED_FACE('',(#2069),#2110,.F.);
#2069 = FACE_BOUND('',#2070,.F.);
#2070 = EDGE_LOOP('',(#2071,#2079,#2087,#2095,#2103,#2109));
#2071 = ORIENTED_EDGE('',*,*,#2072,.F.);
#2072 = EDGE_CURVE('',#2073,#389,#2075,.T.);
#2073 = VERTEX_POINT('',#2074);
#2074 = CARTESIAN_POINT('',(6.05,1.52,3.45));
#2075 = LINE('',#2076,#2077);
#2076 = CARTESIAN_POINT('',(6.05,1.52,3.45));
#2077 = VECTOR('',#2078,1.);
#2078 = DIRECTION('',(0.,0.,1.));
#2079 = ORIENTED_EDGE('',*,*,#2080,.T.);
#2080 = EDGE_CURVE('',#2073,#2081,#2083,.T.);
#2081 = VERTEX_POINT('',#2082);
#2082 = CARTESIAN_POINT('',(5.6,1.52,3.45));
#2083 = LINE('',#2084,#2085);
#2084 = CARTESIAN_POINT('',(6.05,1.52,3.45));
#2085 = VECTOR('',#2086,1.);
#2086 = DIRECTION('',(-1.,-0.,-0.));
#2087 = ORIENTED_EDGE('',*,*,#2088,.F.);
#2088 = EDGE_CURVE('',#2089,#2081,#2091,.T.);
#2089 = VERTEX_POINT('',#2090);
#2090 = CARTESIAN_POINT('',(5.6,1.52,5.25));
#2091 = LINE('',#2092,#2093);
#2092 = CARTESIAN_POINT('',(5.6,1.52,5.25));
#2093 = VECTOR('',#2094,1.);
#2094 = DIRECTION('',(0.,1.233581138472E-16,-1.));
#2095 = ORIENTED_EDGE('',*,*,#2096,.T.);
#2096 = EDGE_CURVE('',#2089,#2097,#2099,.T.);
#2097 = VERTEX_POINT('',#2098);
#2098 = CARTESIAN_POINT('',(5.5,1.52,5.25));
#2099 = LINE('',#2100,#2101);
#2100 = CARTESIAN_POINT('',(5.6,1.52,5.25));
#2101 = VECTOR('',#2102,1.);
#2102 = DIRECTION('',(-1.,-0.,-0.));
#2103 = ORIENTED_EDGE('',*,*,#2104,.F.);
#2104 = EDGE_CURVE('',#391,#2097,#2105,.T.);
#2105 = LINE('',#2106,#2107);
#2106 = CARTESIAN_POINT('',(5.5,1.52,9.8));
#2107 = VECTOR('',#2108,1.);
#2108 = DIRECTION('',(0.,0.,-1.));
#2109 = ORIENTED_EDGE('',*,*,#388,.F.);
#2110 = PLANE('',#2111);
#2111 = AXIS2_PLACEMENT_3D('',#2112,#2113,#2114);
#2112 = CARTESIAN_POINT('',(6.05,1.52,3.45));
#2113 = DIRECTION('',(0.,1.,0.));
#2114 = DIRECTION('',(0.,0.,1.));
#2115 = ADVANCED_FACE('',(#2116),#2134,.F.);
#2116 = FACE_BOUND('',#2117,.F.);
#2117 = EDGE_LOOP('',(#2118,#2126,#2127,#2128));
#2118 = ORIENTED_EDGE('',*,*,#2119,.T.);
#2119 = EDGE_CURVE('',#2120,#2073,#2122,.T.);
#2120 = VERTEX_POINT('',#2121);
#2121 = CARTESIAN_POINT('',(6.05,-0.98,3.45));
#2122 = LINE('',#2123,#2124);
#2123 = CARTESIAN_POINT('',(6.05,-0.98,3.45));
#2124 = VECTOR('',#2125,1.);
#2125 = DIRECTION('',(0.,1.,0.));
#2126 = ORIENTED_EDGE('',*,*,#2072,.T.);
#2127 = ORIENTED_EDGE('',*,*,#398,.T.);
#2128 = ORIENTED_EDGE('',*,*,#2129,.T.);
#2129 = EDGE_CURVE('',#399,#2120,#2130,.T.);
#2130 = LINE('',#2131,#2132);
#2131 = CARTESIAN_POINT('',(6.05,-0.98,9.8));
#2132 = VECTOR('',#2133,1.);
#2133 = DIRECTION('',(0.,0.,-1.));
#2134 = PLANE('',#2135);
#2135 = AXIS2_PLACEMENT_3D('',#2136,#2137,#2138);
#2136 = CARTESIAN_POINT('',(6.05,0.27,6.625));
#2137 = DIRECTION('',(1.,0.,0.));
#2138 = DIRECTION('',(0.,0.,1.));
#2139 = ADVANCED_FACE('',(#2140),#2158,.F.);
#2140 = FACE_BOUND('',#2141,.F.);
#2141 = EDGE_LOOP('',(#2142,#2143,#2151,#2157));
#2142 = ORIENTED_EDGE('',*,*,#2104,.T.);
#2143 = ORIENTED_EDGE('',*,*,#2144,.T.);
#2144 = EDGE_CURVE('',#2097,#2145,#2147,.T.);
#2145 = VERTEX_POINT('',#2146);
#2146 = CARTESIAN_POINT('',(5.5,1.92,5.25));
#2147 = LINE('',#2148,#2149);
#2148 = CARTESIAN_POINT('',(5.5,1.52,5.25));
#2149 = VECTOR('',#2150,1.);
#2150 = DIRECTION('',(0.,1.,0.));
#2151 = ORIENTED_EDGE('',*,*,#2152,.T.);
#2152 = EDGE_CURVE('',#2145,#439,#2153,.T.);
#2153 = LINE('',#2154,#2155);
#2154 = CARTESIAN_POINT('',(5.5,1.92,5.25));
#2155 = VECTOR('',#2156,1.);
#2156 = DIRECTION('',(0.,0.,1.));
#2157 = ORIENTED_EDGE('',*,*,#446,.T.);
#2158 = PLANE('',#2159);
#2159 = AXIS2_PLACEMENT_3D('',#2160,#2161,#2162);
#2160 = CARTESIAN_POINT('',(5.5,1.72,7.525));
#2161 = DIRECTION('',(1.,0.,0.));
#2162 = DIRECTION('',(0.,0.,1.));
#2163 = ADVANCED_FACE('',(#2164),#2182,.F.);
#2164 = FACE_BOUND('',#2165,.F.);
#2165 = EDGE_LOOP('',(#2166,#2167,#2175,#2181));
#2166 = ORIENTED_EDGE('',*,*,#406,.T.);
#2167 = ORIENTED_EDGE('',*,*,#2168,.T.);
#2168 = EDGE_CURVE('',#407,#2169,#2171,.T.);
#2169 = VERTEX_POINT('',#2170);
#2170 = CARTESIAN_POINT('',(3.95,-0.98,3.45));
#2171 = LINE('',#2172,#2173);
#2172 = CARTESIAN_POINT('',(3.95,-0.98,9.8));
#2173 = VECTOR('',#2174,1.);
#2174 = DIRECTION('',(0.,0.,-1.));
#2175 = ORIENTED_EDGE('',*,*,#2176,.F.);
#2176 = EDGE_CURVE('',#2120,#2169,#2177,.T.);
#2177 = LINE('',#2178,#2179);
#2178 = CARTESIAN_POINT('',(6.05,-0.98,3.45));
#2179 = VECTOR('',#2180,1.);
#2180 = DIRECTION('',(-1.,-0.,-0.));
#2181 = ORIENTED_EDGE('',*,*,#2129,.F.);
#2182 = PLANE('',#2183);
#2183 = AXIS2_PLACEMENT_3D('',#2184,#2185,#2186);
#2184 = CARTESIAN_POINT('',(6.05,-0.98,9.8));
#2185 = DIRECTION('',(0.,-1.,0.));
#2186 = DIRECTION('',(0.,0.,-1.));
#2187 = ADVANCED_FACE('',(#2188),#2206,.F.);
#2188 = FACE_BOUND('',#2189,.F.);
#2189 = EDGE_LOOP('',(#2190,#2198,#2204,#2205));
#2190 = ORIENTED_EDGE('',*,*,#2191,.T.);
#2191 = EDGE_CURVE('',#2145,#2192,#2194,.T.);
#2192 = VERTEX_POINT('',#2193);
#2193 = CARTESIAN_POINT('',(4.5,1.92,5.25));
#2194 = LINE('',#2195,#2196);
#2195 = CARTESIAN_POINT('',(5.5,1.92,5.25));
#2196 = VECTOR('',#2197,1.);
#2197 = DIRECTION('',(-1.,-0.,-0.));
#2198 = ORIENTED_EDGE('',*,*,#2199,.T.);
#2199 = EDGE_CURVE('',#2192,#431,#2200,.T.);
#2200 = LINE('',#2201,#2202);
#2201 = CARTESIAN_POINT('',(4.5,1.92,5.25));
#2202 = VECTOR('',#2203,1.);
#2203 = DIRECTION('',(0.,0.,1.));
#2204 = ORIENTED_EDGE('',*,*,#438,.F.);
#2205 = ORIENTED_EDGE('',*,*,#2152,.F.);
#2206 = PLANE('',#2207);
#2207 = AXIS2_PLACEMENT_3D('',#2208,#2209,#2210);
#2208 = CARTESIAN_POINT('',(5.5,1.92,5.25));
#2209 = DIRECTION('',(0.,1.,0.));
#2210 = DIRECTION('',(0.,0.,1.));
#2211 = ADVANCED_FACE('',(#2212),#2230,.T.);
#2212 = FACE_BOUND('',#2213,.T.);
#2213 = EDGE_LOOP('',(#2214,#2222,#2228,#2229));
#2214 = ORIENTED_EDGE('',*,*,#2215,.T.);
#2215 = EDGE_CURVE('',#2169,#2216,#2218,.T.);
#2216 = VERTEX_POINT('',#2217);
#2217 = CARTESIAN_POINT('',(3.95,1.52,3.45));
#2218 = LINE('',#2219,#2220);
#2219 = CARTESIAN_POINT('',(3.95,-0.98,3.45));
#2220 = VECTOR('',#2221,1.);
#2221 = DIRECTION('',(0.,1.,0.));
#2222 = ORIENTED_EDGE('',*,*,#2223,.T.);
#2223 = EDGE_CURVE('',#2216,#415,#2224,.T.);
#2224 = LINE('',#2225,#2226);
#2225 = CARTESIAN_POINT('',(3.95,1.52,3.45));
#2226 = VECTOR('',#2227,1.);
#2227 = DIRECTION('',(0.,0.,1.));
#2228 = ORIENTED_EDGE('',*,*,#414,.T.);
#2229 = ORIENTED_EDGE('',*,*,#2168,.T.);
#2230 = PLANE('',#2231);
#2231 = AXIS2_PLACEMENT_3D('',#2232,#2233,#2234);
#2232 = CARTESIAN_POINT('',(3.95,0.27,6.625));
#2233 = DIRECTION('',(1.,0.,0.));
#2234 = DIRECTION('',(0.,0.,1.));
#2235 = ADVANCED_FACE('',(#2236),#2254,.T.);
#2236 = FACE_BOUND('',#2237,.T.);
#2237 = EDGE_LOOP('',(#2238,#2246,#2252,#2253));
#2238 = ORIENTED_EDGE('',*,*,#2239,.T.);
#2239 = EDGE_CURVE('',#423,#2240,#2242,.T.);
#2240 = VERTEX_POINT('',#2241);
#2241 = CARTESIAN_POINT('',(4.5,1.52,5.25));
#2242 = LINE('',#2243,#2244);
#2243 = CARTESIAN_POINT('',(4.5,1.52,9.8));
#2244 = VECTOR('',#2245,1.);
#2245 = DIRECTION('',(0.,0.,-1.));
#2246 = ORIENTED_EDGE('',*,*,#2247,.T.);
#2247 = EDGE_CURVE('',#2240,#2192,#2248,.T.);
#2248 = LINE('',#2249,#2250);
#2249 = CARTESIAN_POINT('',(4.5,1.52,5.25));
#2250 = VECTOR('',#2251,1.);
#2251 = DIRECTION('',(0.,1.,0.));
#2252 = ORIENTED_EDGE('',*,*,#2199,.T.);
#2253 = ORIENTED_EDGE('',*,*,#430,.T.);
#2254 = PLANE('',#2255);
#2255 = AXIS2_PLACEMENT_3D('',#2256,#2257,#2258);
#2256 = CARTESIAN_POINT('',(4.5,1.72,7.525));
#2257 = DIRECTION('',(1.,0.,0.));
#2258 = DIRECTION('',(0.,0.,1.));
#2259 = ADVANCED_FACE('',(#2260),#2287,.F.);
#2260 = FACE_BOUND('',#2261,.F.);
#2261 = EDGE_LOOP('',(#2262,#2263,#2264,#2272,#2280,#2286));
#2262 = ORIENTED_EDGE('',*,*,#422,.F.);
#2263 = ORIENTED_EDGE('',*,*,#2239,.T.);
#2264 = ORIENTED_EDGE('',*,*,#2265,.T.);
#2265 = EDGE_CURVE('',#2240,#2266,#2268,.T.);
#2266 = VERTEX_POINT('',#2267);
#2267 = CARTESIAN_POINT('',(4.4,1.52,5.25));
#2268 = LINE('',#2269,#2270);
#2269 = CARTESIAN_POINT('',(5.6,1.52,5.25));
#2270 = VECTOR('',#2271,1.);
#2271 = DIRECTION('',(-1.,-0.,-0.));
#2272 = ORIENTED_EDGE('',*,*,#2273,.T.);
#2273 = EDGE_CURVE('',#2266,#2274,#2276,.T.);
#2274 = VERTEX_POINT('',#2275);
#2275 = CARTESIAN_POINT('',(4.4,1.52,3.45));
#2276 = LINE('',#2277,#2278);
#2277 = CARTESIAN_POINT('',(4.4,1.52,5.25));
#2278 = VECTOR('',#2279,1.);
#2279 = DIRECTION('',(0.,1.233581138472E-16,-1.));
#2280 = ORIENTED_EDGE('',*,*,#2281,.T.);
#2281 = EDGE_CURVE('',#2274,#2216,#2282,.T.);
#2282 = LINE('',#2283,#2284);
#2283 = CARTESIAN_POINT('',(6.05,1.52,3.45));
#2284 = VECTOR('',#2285,1.);
#2285 = DIRECTION('',(-1.,-0.,-0.));
#2286 = ORIENTED_EDGE('',*,*,#2223,.T.);
#2287 = PLANE('',#2288);
#2288 = AXIS2_PLACEMENT_3D('',#2289,#2290,#2291);
#2289 = CARTESIAN_POINT('',(6.05,1.52,3.45));
#2290 = DIRECTION('',(0.,1.,0.));
#2291 = DIRECTION('',(0.,0.,1.));
#2292 = ADVANCED_FACE('',(#2293),#2334,.F.);
#2293 = FACE_BOUND('',#2294,.F.);
#2294 = EDGE_LOOP('',(#2295,#2303,#2311,#2319,#2327,#2333));
#2295 = ORIENTED_EDGE('',*,*,#2296,.F.);
#2296 = EDGE_CURVE('',#2297,#455,#2299,.T.);
#2297 = VERTEX_POINT('',#2298);
#2298 = CARTESIAN_POINT('',(8.55,1.52,3.45));
#2299 = LINE('',#2300,#2301);
#2300 = CARTESIAN_POINT('',(8.55,1.52,3.45));
#2301 = VECTOR('',#2302,1.);
#2302 = DIRECTION('',(0.,0.,1.));
#2303 = ORIENTED_EDGE('',*,*,#2304,.T.);
#2304 = EDGE_CURVE('',#2297,#2305,#2307,.T.);
#2305 = VERTEX_POINT('',#2306);
#2306 = CARTESIAN_POINT('',(8.1,1.52,3.45));
#2307 = LINE('',#2308,#2309);
#2308 = CARTESIAN_POINT('',(8.55,1.52,3.45));
#2309 = VECTOR('',#2310,1.);
#2310 = DIRECTION('',(-1.,-0.,-0.));
#2311 = ORIENTED_EDGE('',*,*,#2312,.F.);
#2312 = EDGE_CURVE('',#2313,#2305,#2315,.T.);
#2313 = VERTEX_POINT('',#2314);
#2314 = CARTESIAN_POINT('',(8.1,1.52,5.25));
#2315 = LINE('',#2316,#2317);
#2316 = CARTESIAN_POINT('',(8.1,1.52,5.25));
#2317 = VECTOR('',#2318,1.);
#2318 = DIRECTION('',(0.,1.233581138472E-16,-1.));
#2319 = ORIENTED_EDGE('',*,*,#2320,.T.);
#2320 = EDGE_CURVE('',#2313,#2321,#2323,.T.);
#2321 = VERTEX_POINT('',#2322);
#2322 = CARTESIAN_POINT('',(8.,1.52,5.25));
#2323 = LINE('',#2324,#2325);
#2324 = CARTESIAN_POINT('',(8.1,1.52,5.25));
#2325 = VECTOR('',#2326,1.);
#2326 = DIRECTION('',(-1.,-0.,-0.));
#2327 = ORIENTED_EDGE('',*,*,#2328,.F.);
#2328 = EDGE_CURVE('',#457,#2321,#2329,.T.);
#2329 = LINE('',#2330,#2331);
#2330 = CARTESIAN_POINT('',(8.,1.52,9.8));
#2331 = VECTOR('',#2332,1.);
#2332 = DIRECTION('',(0.,0.,-1.));
#2333 = ORIENTED_EDGE('',*,*,#454,.F.);
#2334 = PLANE('',#2335);
#2335 = AXIS2_PLACEMENT_3D('',#2336,#2337,#2338);
#2336 = CARTESIAN_POINT('',(8.55,1.52,3.45));
#2337 = DIRECTION('',(0.,1.,0.));
#2338 = DIRECTION('',(0.,0.,1.));
#2339 = ADVANCED_FACE('',(#2340),#2358,.F.);
#2340 = FACE_BOUND('',#2341,.F.);
#2341 = EDGE_LOOP('',(#2342,#2350,#2351,#2352));
#2342 = ORIENTED_EDGE('',*,*,#2343,.T.);
#2343 = EDGE_CURVE('',#2344,#2297,#2346,.T.);
#2344 = VERTEX_POINT('',#2345);
#2345 = CARTESIAN_POINT('',(8.55,-0.98,3.45));
#2346 = LINE('',#2347,#2348);
#2347 = CARTESIAN_POINT('',(8.55,-0.98,3.45));
#2348 = VECTOR('',#2349,1.);
#2349 = DIRECTION('',(0.,1.,0.));
#2350 = ORIENTED_EDGE('',*,*,#2296,.T.);
#2351 = ORIENTED_EDGE('',*,*,#464,.T.);
#2352 = ORIENTED_EDGE('',*,*,#2353,.T.);
#2353 = EDGE_CURVE('',#465,#2344,#2354,.T.);
#2354 = LINE('',#2355,#2356);
#2355 = CARTESIAN_POINT('',(8.55,-0.98,9.8));
#2356 = VECTOR('',#2357,1.);
#2357 = DIRECTION('',(0.,0.,-1.));
#2358 = PLANE('',#2359);
#2359 = AXIS2_PLACEMENT_3D('',#2360,#2361,#2362);
#2360 = CARTESIAN_POINT('',(8.55,0.27,6.625));
#2361 = DIRECTION('',(1.,0.,0.));
#2362 = DIRECTION('',(0.,0.,1.));
#2363 = ADVANCED_FACE('',(#2364),#2382,.F.);
#2364 = FACE_BOUND('',#2365,.F.);
#2365 = EDGE_LOOP('',(#2366,#2367,#2375,#2381));
#2366 = ORIENTED_EDGE('',*,*,#2328,.T.);
#2367 = ORIENTED_EDGE('',*,*,#2368,.T.);
#2368 = EDGE_CURVE('',#2321,#2369,#2371,.T.);
#2369 = VERTEX_POINT('',#2370);
#2370 = CARTESIAN_POINT('',(8.,1.92,5.25));
#2371 = LINE('',#2372,#2373);
#2372 = CARTESIAN_POINT('',(8.,1.52,5.25));
#2373 = VECTOR('',#2374,1.);
#2374 = DIRECTION('',(0.,1.,0.));
#2375 = ORIENTED_EDGE('',*,*,#2376,.T.);
#2376 = EDGE_CURVE('',#2369,#505,#2377,.T.);
#2377 = LINE('',#2378,#2379);
#2378 = CARTESIAN_POINT('',(8.,1.92,5.25));
#2379 = VECTOR('',#2380,1.);
#2380 = DIRECTION('',(0.,0.,1.));
#2381 = ORIENTED_EDGE('',*,*,#512,.T.);
#2382 = PLANE('',#2383);
#2383 = AXIS2_PLACEMENT_3D('',#2384,#2385,#2386);
#2384 = CARTESIAN_POINT('',(8.,1.72,7.525));
#2385 = DIRECTION('',(1.,0.,0.));
#2386 = DIRECTION('',(0.,0.,1.));
#2387 = ADVANCED_FACE('',(#2388),#2406,.F.);
#2388 = FACE_BOUND('',#2389,.F.);
#2389 = EDGE_LOOP('',(#2390,#2391,#2399,#2405));
#2390 = ORIENTED_EDGE('',*,*,#472,.T.);
#2391 = ORIENTED_EDGE('',*,*,#2392,.T.);
#2392 = EDGE_CURVE('',#473,#2393,#2395,.T.);
#2393 = VERTEX_POINT('',#2394);
#2394 = CARTESIAN_POINT('',(6.45,-0.98,3.45));
#2395 = LINE('',#2396,#2397);
#2396 = CARTESIAN_POINT('',(6.45,-0.98,9.8));
#2397 = VECTOR('',#2398,1.);
#2398 = DIRECTION('',(0.,0.,-1.));
#2399 = ORIENTED_EDGE('',*,*,#2400,.F.);
#2400 = EDGE_CURVE('',#2344,#2393,#2401,.T.);
#2401 = LINE('',#2402,#2403);
#2402 = CARTESIAN_POINT('',(8.55,-0.98,3.45));
#2403 = VECTOR('',#2404,1.);
#2404 = DIRECTION('',(-1.,-0.,-0.));
#2405 = ORIENTED_EDGE('',*,*,#2353,.F.);
#2406 = PLANE('',#2407);
#2407 = AXIS2_PLACEMENT_3D('',#2408,#2409,#2410);
#2408 = CARTESIAN_POINT('',(8.55,-0.98,9.8));
#2409 = DIRECTION('',(0.,-1.,0.));
#2410 = DIRECTION('',(0.,0.,-1.));
#2411 = ADVANCED_FACE('',(#2412),#2430,.F.);
#2412 = FACE_BOUND('',#2413,.F.);
#2413 = EDGE_LOOP('',(#2414,#2422,#2428,#2429));
#2414 = ORIENTED_EDGE('',*,*,#2415,.T.);
#2415 = EDGE_CURVE('',#2369,#2416,#2418,.T.);
#2416 = VERTEX_POINT('',#2417);
#2417 = CARTESIAN_POINT('',(7.,1.92,5.25));
#2418 = LINE('',#2419,#2420);
#2419 = CARTESIAN_POINT('',(8.,1.92,5.25));
#2420 = VECTOR('',#2421,1.);
#2421 = DIRECTION('',(-1.,-0.,-0.));
#2422 = ORIENTED_EDGE('',*,*,#2423,.T.);
#2423 = EDGE_CURVE('',#2416,#497,#2424,.T.);
#2424 = LINE('',#2425,#2426);
#2425 = CARTESIAN_POINT('',(7.,1.92,5.25));
#2426 = VECTOR('',#2427,1.);
#2427 = DIRECTION('',(0.,0.,1.));
#2428 = ORIENTED_EDGE('',*,*,#504,.F.);
#2429 = ORIENTED_EDGE('',*,*,#2376,.F.);
#2430 = PLANE('',#2431);
#2431 = AXIS2_PLACEMENT_3D('',#2432,#2433,#2434);
#2432 = CARTESIAN_POINT('',(8.,1.92,5.25));
#2433 = DIRECTION('',(0.,1.,0.));
#2434 = DIRECTION('',(0.,0.,1.));
#2435 = ADVANCED_FACE('',(#2436),#2454,.T.);
#2436 = FACE_BOUND('',#2437,.T.);
#2437 = EDGE_LOOP('',(#2438,#2446,#2452,#2453));
#2438 = ORIENTED_EDGE('',*,*,#2439,.T.);
#2439 = EDGE_CURVE('',#2393,#2440,#2442,.T.);
#2440 = VERTEX_POINT('',#2441);
#2441 = CARTESIAN_POINT('',(6.45,1.52,3.45));
#2442 = LINE('',#2443,#2444);
#2443 = CARTESIAN_POINT('',(6.45,-0.98,3.45));
#2444 = VECTOR('',#2445,1.);
#2445 = DIRECTION('',(0.,1.,0.));
#2446 = ORIENTED_EDGE('',*,*,#2447,.T.);
#2447 = EDGE_CURVE('',#2440,#481,#2448,.T.);
#2448 = LINE('',#2449,#2450);
#2449 = CARTESIAN_POINT('',(6.45,1.52,3.45));
#2450 = VECTOR('',#2451,1.);
#2451 = DIRECTION('',(0.,0.,1.));
#2452 = ORIENTED_EDGE('',*,*,#480,.T.);
#2453 = ORIENTED_EDGE('',*,*,#2392,.T.);
#2454 = PLANE('',#2455);
#2455 = AXIS2_PLACEMENT_3D('',#2456,#2457,#2458);
#2456 = CARTESIAN_POINT('',(6.45,0.27,6.625));
#2457 = DIRECTION('',(1.,0.,0.));
#2458 = DIRECTION('',(0.,0.,1.));
#2459 = ADVANCED_FACE('',(#2460),#2478,.T.);
#2460 = FACE_BOUND('',#2461,.T.);
#2461 = EDGE_LOOP('',(#2462,#2470,#2476,#2477));
#2462 = ORIENTED_EDGE('',*,*,#2463,.T.);
#2463 = EDGE_CURVE('',#489,#2464,#2466,.T.);
#2464 = VERTEX_POINT('',#2465);
#2465 = CARTESIAN_POINT('',(7.,1.52,5.25));
#2466 = LINE('',#2467,#2468);
#2467 = CARTESIAN_POINT('',(7.,1.52,9.8));
#2468 = VECTOR('',#2469,1.);
#2469 = DIRECTION('',(0.,0.,-1.));
#2470 = ORIENTED_EDGE('',*,*,#2471,.T.);
#2471 = EDGE_CURVE('',#2464,#2416,#2472,.T.);
#2472 = LINE('',#2473,#2474);
#2473 = CARTESIAN_POINT('',(7.,1.52,5.25));
#2474 = VECTOR('',#2475,1.);
#2475 = DIRECTION('',(0.,1.,0.));
#2476 = ORIENTED_EDGE('',*,*,#2423,.T.);
#2477 = ORIENTED_EDGE('',*,*,#496,.T.);
#2478 = PLANE('',#2479);
#2479 = AXIS2_PLACEMENT_3D('',#2480,#2481,#2482);
#2480 = CARTESIAN_POINT('',(7.,1.72,7.525));
#2481 = DIRECTION('',(1.,0.,0.));
#2482 = DIRECTION('',(0.,0.,1.));
#2483 = ADVANCED_FACE('',(#2484),#2511,.F.);
#2484 = FACE_BOUND('',#2485,.F.);
#2485 = EDGE_LOOP('',(#2486,#2487,#2488,#2496,#2504,#2510));
#2486 = ORIENTED_EDGE('',*,*,#488,.F.);
#2487 = ORIENTED_EDGE('',*,*,#2463,.T.);
#2488 = ORIENTED_EDGE('',*,*,#2489,.T.);
#2489 = EDGE_CURVE('',#2464,#2490,#2492,.T.);
#2490 = VERTEX_POINT('',#2491);
#2491 = CARTESIAN_POINT('',(6.9,1.52,5.25));
#2492 = LINE('',#2493,#2494);
#2493 = CARTESIAN_POINT('',(8.1,1.52,5.25));
#2494 = VECTOR('',#2495,1.);
#2495 = DIRECTION('',(-1.,-0.,-0.));
#2496 = ORIENTED_EDGE('',*,*,#2497,.T.);
#2497 = EDGE_CURVE('',#2490,#2498,#2500,.T.);
#2498 = VERTEX_POINT('',#2499);
#2499 = CARTESIAN_POINT('',(6.9,1.52,3.45));
#2500 = LINE('',#2501,#2502);
#2501 = CARTESIAN_POINT('',(6.9,1.52,5.25));
#2502 = VECTOR('',#2503,1.);
#2503 = DIRECTION('',(0.,1.233581138472E-16,-1.));
#2504 = ORIENTED_EDGE('',*,*,#2505,.T.);
#2505 = EDGE_CURVE('',#2498,#2440,#2506,.T.);
#2506 = LINE('',#2507,#2508);
#2507 = CARTESIAN_POINT('',(8.55,1.52,3.45));
#2508 = VECTOR('',#2509,1.);
#2509 = DIRECTION('',(-1.,-0.,-0.));
#2510 = ORIENTED_EDGE('',*,*,#2447,.T.);
#2511 = PLANE('',#2512);
#2512 = AXIS2_PLACEMENT_3D('',#2513,#2514,#2515);
#2513 = CARTESIAN_POINT('',(8.55,1.52,3.45));
#2514 = DIRECTION('',(0.,1.,0.));
#2515 = DIRECTION('',(0.,0.,1.));
#2516 = ADVANCED_FACE('',(#2517),#2558,.F.);
#2517 = FACE_BOUND('',#2518,.F.);
#2518 = EDGE_LOOP('',(#2519,#2527,#2535,#2543,#2551,#2557));
#2519 = ORIENTED_EDGE('',*,*,#2520,.F.);
#2520 = EDGE_CURVE('',#2521,#521,#2523,.T.);
#2521 = VERTEX_POINT('',#2522);
#2522 = CARTESIAN_POINT('',(11.05,1.52,3.45));
#2523 = LINE('',#2524,#2525);
#2524 = CARTESIAN_POINT('',(11.05,1.52,3.45));
#2525 = VECTOR('',#2526,1.);
#2526 = DIRECTION('',(0.,0.,1.));
#2527 = ORIENTED_EDGE('',*,*,#2528,.T.);
#2528 = EDGE_CURVE('',#2521,#2529,#2531,.T.);
#2529 = VERTEX_POINT('',#2530);
#2530 = CARTESIAN_POINT('',(10.6,1.52,3.45));
#2531 = LINE('',#2532,#2533);
#2532 = CARTESIAN_POINT('',(11.05,1.52,3.45));
#2533 = VECTOR('',#2534,1.);
#2534 = DIRECTION('',(-1.,-0.,-0.));
#2535 = ORIENTED_EDGE('',*,*,#2536,.F.);
#2536 = EDGE_CURVE('',#2537,#2529,#2539,.T.);
#2537 = VERTEX_POINT('',#2538);
#2538 = CARTESIAN_POINT('',(10.6,1.52,5.25));
#2539 = LINE('',#2540,#2541);
#2540 = CARTESIAN_POINT('',(10.6,1.52,5.25));
#2541 = VECTOR('',#2542,1.);
#2542 = DIRECTION('',(0.,1.233581138472E-16,-1.));
#2543 = ORIENTED_EDGE('',*,*,#2544,.T.);
#2544 = EDGE_CURVE('',#2537,#2545,#2547,.T.);
#2545 = VERTEX_POINT('',#2546);
#2546 = CARTESIAN_POINT('',(10.5,1.52,5.25));
#2547 = LINE('',#2548,#2549);
#2548 = CARTESIAN_POINT('',(10.6,1.52,5.25));
#2549 = VECTOR('',#2550,1.);
#2550 = DIRECTION('',(-1.,-0.,-0.));
#2551 = ORIENTED_EDGE('',*,*,#2552,.F.);
#2552 = EDGE_CURVE('',#523,#2545,#2553,.T.);
#2553 = LINE('',#2554,#2555);
#2554 = CARTESIAN_POINT('',(10.5,1.52,9.8));
#2555 = VECTOR('',#2556,1.);
#2556 = DIRECTION('',(0.,0.,-1.));
#2557 = ORIENTED_EDGE('',*,*,#520,.F.);
#2558 = PLANE('',#2559);
#2559 = AXIS2_PLACEMENT_3D('',#2560,#2561,#2562);
#2560 = CARTESIAN_POINT('',(11.05,1.52,3.45));
#2561 = DIRECTION('',(0.,1.,0.));
#2562 = DIRECTION('',(0.,0.,1.));
#2563 = ADVANCED_FACE('',(#2564),#2582,.F.);
#2564 = FACE_BOUND('',#2565,.F.);
#2565 = EDGE_LOOP('',(#2566,#2574,#2575,#2576));
#2566 = ORIENTED_EDGE('',*,*,#2567,.T.);
#2567 = EDGE_CURVE('',#2568,#2521,#2570,.T.);
#2568 = VERTEX_POINT('',#2569);
#2569 = CARTESIAN_POINT('',(11.05,-0.98,3.45));
#2570 = LINE('',#2571,#2572);
#2571 = CARTESIAN_POINT('',(11.05,-0.98,3.45));
#2572 = VECTOR('',#2573,1.);
#2573 = DIRECTION('',(0.,1.,0.));
#2574 = ORIENTED_EDGE('',*,*,#2520,.T.);
#2575 = ORIENTED_EDGE('',*,*,#530,.T.);
#2576 = ORIENTED_EDGE('',*,*,#2577,.T.);
#2577 = EDGE_CURVE('',#531,#2568,#2578,.T.);
#2578 = LINE('',#2579,#2580);
#2579 = CARTESIAN_POINT('',(11.05,-0.98,9.8));
#2580 = VECTOR('',#2581,1.);
#2581 = DIRECTION('',(0.,0.,-1.));
#2582 = PLANE('',#2583);
#2583 = AXIS2_PLACEMENT_3D('',#2584,#2585,#2586);
#2584 = CARTESIAN_POINT('',(11.05,0.27,6.625));
#2585 = DIRECTION('',(1.,0.,0.));
#2586 = DIRECTION('',(0.,0.,1.));
#2587 = ADVANCED_FACE('',(#2588),#2606,.F.);
#2588 = FACE_BOUND('',#2589,.F.);
#2589 = EDGE_LOOP('',(#2590,#2591,#2599,#2605));
#2590 = ORIENTED_EDGE('',*,*,#2552,.T.);
#2591 = ORIENTED_EDGE('',*,*,#2592,.T.);
#2592 = EDGE_CURVE('',#2545,#2593,#2595,.T.);
#2593 = VERTEX_POINT('',#2594);
#2594 = CARTESIAN_POINT('',(10.5,1.92,5.25));
#2595 = LINE('',#2596,#2597);
#2596 = CARTESIAN_POINT('',(10.5,1.52,5.25));
#2597 = VECTOR('',#2598,1.);
#2598 = DIRECTION('',(0.,1.,0.));
#2599 = ORIENTED_EDGE('',*,*,#2600,.T.);
#2600 = EDGE_CURVE('',#2593,#571,#2601,.T.);
#2601 = LINE('',#2602,#2603);
#2602 = CARTESIAN_POINT('',(10.5,1.92,5.25));
#2603 = VECTOR('',#2604,1.);
#2604 = DIRECTION('',(0.,0.,1.));
#2605 = ORIENTED_EDGE('',*,*,#578,.T.);
#2606 = PLANE('',#2607);
#2607 = AXIS2_PLACEMENT_3D('',#2608,#2609,#2610);
#2608 = CARTESIAN_POINT('',(10.5,1.72,7.525));
#2609 = DIRECTION('',(1.,0.,0.));
#2610 = DIRECTION('',(0.,0.,1.));
#2611 = ADVANCED_FACE('',(#2612),#2630,.F.);
#2612 = FACE_BOUND('',#2613,.F.);
#2613 = EDGE_LOOP('',(#2614,#2615,#2623,#2629));
#2614 = ORIENTED_EDGE('',*,*,#538,.T.);
#2615 = ORIENTED_EDGE('',*,*,#2616,.T.);
#2616 = EDGE_CURVE('',#539,#2617,#2619,.T.);
#2617 = VERTEX_POINT('',#2618);
#2618 = CARTESIAN_POINT('',(8.95,-0.98,3.45));
#2619 = LINE('',#2620,#2621);
#2620 = CARTESIAN_POINT('',(8.95,-0.98,9.8));
#2621 = VECTOR('',#2622,1.);
#2622 = DIRECTION('',(0.,0.,-1.));
#2623 = ORIENTED_EDGE('',*,*,#2624,.F.);
#2624 = EDGE_CURVE('',#2568,#2617,#2625,.T.);
#2625 = LINE('',#2626,#2627);
#2626 = CARTESIAN_POINT('',(11.05,-0.98,3.45));
#2627 = VECTOR('',#2628,1.);
#2628 = DIRECTION('',(-1.,-0.,-0.));
#2629 = ORIENTED_EDGE('',*,*,#2577,.F.);
#2630 = PLANE('',#2631);
#2631 = AXIS2_PLACEMENT_3D('',#2632,#2633,#2634);
#2632 = CARTESIAN_POINT('',(11.05,-0.98,9.8));
#2633 = DIRECTION('',(0.,-1.,0.));
#2634 = DIRECTION('',(0.,0.,-1.));
#2635 = ADVANCED_FACE('',(#2636),#2654,.F.);
#2636 = FACE_BOUND('',#2637,.F.);
#2637 = EDGE_LOOP('',(#2638,#2646,#2652,#2653));
#2638 = ORIENTED_EDGE('',*,*,#2639,.T.);
#2639 = EDGE_CURVE('',#2593,#2640,#2642,.T.);
#2640 = VERTEX_POINT('',#2641);
#2641 = CARTESIAN_POINT('',(9.5,1.92,5.25));
#2642 = LINE('',#2643,#2644);
#2643 = CARTESIAN_POINT('',(10.5,1.92,5.25));
#2644 = VECTOR('',#2645,1.);
#2645 = DIRECTION('',(-1.,-0.,-0.));
#2646 = ORIENTED_EDGE('',*,*,#2647,.T.);
#2647 = EDGE_CURVE('',#2640,#563,#2648,.T.);
#2648 = LINE('',#2649,#2650);
#2649 = CARTESIAN_POINT('',(9.5,1.92,5.25));
#2650 = VECTOR('',#2651,1.);
#2651 = DIRECTION('',(0.,0.,1.));
#2652 = ORIENTED_EDGE('',*,*,#570,.F.);
#2653 = ORIENTED_EDGE('',*,*,#2600,.F.);
#2654 = PLANE('',#2655);
#2655 = AXIS2_PLACEMENT_3D('',#2656,#2657,#2658);
#2656 = CARTESIAN_POINT('',(10.5,1.92,5.25));
#2657 = DIRECTION('',(0.,1.,0.));
#2658 = DIRECTION('',(0.,0.,1.));
#2659 = ADVANCED_FACE('',(#2660),#2678,.T.);
#2660 = FACE_BOUND('',#2661,.T.);
#2661 = EDGE_LOOP('',(#2662,#2670,#2676,#2677));
#2662 = ORIENTED_EDGE('',*,*,#2663,.T.);
#2663 = EDGE_CURVE('',#2617,#2664,#2666,.T.);
#2664 = VERTEX_POINT('',#2665);
#2665 = CARTESIAN_POINT('',(8.95,1.52,3.45));
#2666 = LINE('',#2667,#2668);
#2667 = CARTESIAN_POINT('',(8.95,-0.98,3.45));
#2668 = VECTOR('',#2669,1.);
#2669 = DIRECTION('',(0.,1.,0.));
#2670 = ORIENTED_EDGE('',*,*,#2671,.T.);
#2671 = EDGE_CURVE('',#2664,#547,#2672,.T.);
#2672 = LINE('',#2673,#2674);
#2673 = CARTESIAN_POINT('',(8.95,1.52,3.45));
#2674 = VECTOR('',#2675,1.);
#2675 = DIRECTION('',(0.,0.,1.));
#2676 = ORIENTED_EDGE('',*,*,#546,.T.);
#2677 = ORIENTED_EDGE('',*,*,#2616,.T.);
#2678 = PLANE('',#2679);
#2679 = AXIS2_PLACEMENT_3D('',#2680,#2681,#2682);
#2680 = CARTESIAN_POINT('',(8.95,0.27,6.625));
#2681 = DIRECTION('',(1.,0.,0.));
#2682 = DIRECTION('',(0.,0.,1.));
#2683 = ADVANCED_FACE('',(#2684),#2702,.T.);
#2684 = FACE_BOUND('',#2685,.T.);
#2685 = EDGE_LOOP('',(#2686,#2694,#2700,#2701));
#2686 = ORIENTED_EDGE('',*,*,#2687,.T.);
#2687 = EDGE_CURVE('',#555,#2688,#2690,.T.);
#2688 = VERTEX_POINT('',#2689);
#2689 = CARTESIAN_POINT('',(9.5,1.52,5.25));
#2690 = LINE('',#2691,#2692);
#2691 = CARTESIAN_POINT('',(9.5,1.52,9.8));
#2692 = VECTOR('',#2693,1.);
#2693 = DIRECTION('',(0.,0.,-1.));
#2694 = ORIENTED_EDGE('',*,*,#2695,.T.);
#2695 = EDGE_CURVE('',#2688,#2640,#2696,.T.);
#2696 = LINE('',#2697,#2698);
#2697 = CARTESIAN_POINT('',(9.5,1.52,5.25));
#2698 = VECTOR('',#2699,1.);
#2699 = DIRECTION('',(0.,1.,0.));
#2700 = ORIENTED_EDGE('',*,*,#2647,.T.);
#2701 = ORIENTED_EDGE('',*,*,#562,.T.);
#2702 = PLANE('',#2703);
#2703 = AXIS2_PLACEMENT_3D('',#2704,#2705,#2706);
#2704 = CARTESIAN_POINT('',(9.5,1.72,7.525));
#2705 = DIRECTION('',(1.,0.,0.));
#2706 = DIRECTION('',(0.,0.,1.));
#2707 = ADVANCED_FACE('',(#2708),#2735,.F.);
#2708 = FACE_BOUND('',#2709,.F.);
#2709 = EDGE_LOOP('',(#2710,#2711,#2712,#2720,#2728,#2734));
#2710 = ORIENTED_EDGE('',*,*,#554,.F.);
#2711 = ORIENTED_EDGE('',*,*,#2687,.T.);
#2712 = ORIENTED_EDGE('',*,*,#2713,.T.);
#2713 = EDGE_CURVE('',#2688,#2714,#2716,.T.);
#2714 = VERTEX_POINT('',#2715);
#2715 = CARTESIAN_POINT('',(9.4,1.52,5.25));
#2716 = LINE('',#2717,#2718);
#2717 = CARTESIAN_POINT('',(10.6,1.52,5.25));
#2718 = VECTOR('',#2719,1.);
#2719 = DIRECTION('',(-1.,-0.,-0.));
#2720 = ORIENTED_EDGE('',*,*,#2721,.T.);
#2721 = EDGE_CURVE('',#2714,#2722,#2724,.T.);
#2722 = VERTEX_POINT('',#2723);
#2723 = CARTESIAN_POINT('',(9.4,1.52,3.45));
#2724 = LINE('',#2725,#2726);
#2725 = CARTESIAN_POINT('',(9.4,1.52,5.25));
#2726 = VECTOR('',#2727,1.);
#2727 = DIRECTION('',(0.,1.233581138472E-16,-1.));
#2728 = ORIENTED_EDGE('',*,*,#2729,.T.);
#2729 = EDGE_CURVE('',#2722,#2664,#2730,.T.);
#2730 = LINE('',#2731,#2732);
#2731 = CARTESIAN_POINT('',(11.05,1.52,3.45));
#2732 = VECTOR('',#2733,1.);
#2733 = DIRECTION('',(-1.,-0.,-0.));
#2734 = ORIENTED_EDGE('',*,*,#2671,.T.);
#2735 = PLANE('',#2736);
#2736 = AXIS2_PLACEMENT_3D('',#2737,#2738,#2739);
#2737 = CARTESIAN_POINT('',(11.05,1.52,3.45));
#2738 = DIRECTION('',(0.,1.,0.));
#2739 = DIRECTION('',(0.,0.,1.));
#2740 = ADVANCED_FACE('',(#2741),#2782,.F.);
#2741 = FACE_BOUND('',#2742,.F.);
#2742 = EDGE_LOOP('',(#2743,#2751,#2759,#2767,#2775,#2781));
#2743 = ORIENTED_EDGE('',*,*,#2744,.F.);
#2744 = EDGE_CURVE('',#2745,#587,#2747,.T.);
#2745 = VERTEX_POINT('',#2746);
#2746 = CARTESIAN_POINT('',(13.55,1.52,3.45));
#2747 = LINE('',#2748,#2749);
#2748 = CARTESIAN_POINT('',(13.55,1.52,3.45));
#2749 = VECTOR('',#2750,1.);
#2750 = DIRECTION('',(0.,0.,1.));
#2751 = ORIENTED_EDGE('',*,*,#2752,.T.);
#2752 = EDGE_CURVE('',#2745,#2753,#2755,.T.);
#2753 = VERTEX_POINT('',#2754);
#2754 = CARTESIAN_POINT('',(13.1,1.52,3.45));
#2755 = LINE('',#2756,#2757);
#2756 = CARTESIAN_POINT('',(13.55,1.52,3.45));
#2757 = VECTOR('',#2758,1.);
#2758 = DIRECTION('',(-1.,-0.,-0.));
#2759 = ORIENTED_EDGE('',*,*,#2760,.F.);
#2760 = EDGE_CURVE('',#2761,#2753,#2763,.T.);
#2761 = VERTEX_POINT('',#2762);
#2762 = CARTESIAN_POINT('',(13.1,1.52,5.25));
#2763 = LINE('',#2764,#2765);
#2764 = CARTESIAN_POINT('',(13.1,1.52,5.25));
#2765 = VECTOR('',#2766,1.);
#2766 = DIRECTION('',(0.,1.233581138472E-16,-1.));
#2767 = ORIENTED_EDGE('',*,*,#2768,.T.);
#2768 = EDGE_CURVE('',#2761,#2769,#2771,.T.);
#2769 = VERTEX_POINT('',#2770);
#2770 = CARTESIAN_POINT('',(13.,1.52,5.25));
#2771 = LINE('',#2772,#2773);
#2772 = CARTESIAN_POINT('',(13.1,1.52,5.25));
#2773 = VECTOR('',#2774,1.);
#2774 = DIRECTION('',(-1.,-0.,-0.));
#2775 = ORIENTED_EDGE('',*,*,#2776,.F.);
#2776 = EDGE_CURVE('',#589,#2769,#2777,.T.);
#2777 = LINE('',#2778,#2779);
#2778 = CARTESIAN_POINT('',(13.,1.52,9.8));
#2779 = VECTOR('',#2780,1.);
#2780 = DIRECTION('',(0.,0.,-1.));
#2781 = ORIENTED_EDGE('',*,*,#586,.F.);
#2782 = PLANE('',#2783);
#2783 = AXIS2_PLACEMENT_3D('',#2784,#2785,#2786);
#2784 = CARTESIAN_POINT('',(13.55,1.52,3.45));
#2785 = DIRECTION('',(0.,1.,0.));
#2786 = DIRECTION('',(0.,0.,1.));
#2787 = ADVANCED_FACE('',(#2788),#2806,.F.);
#2788 = FACE_BOUND('',#2789,.F.);
#2789 = EDGE_LOOP('',(#2790,#2798,#2799,#2800));
#2790 = ORIENTED_EDGE('',*,*,#2791,.T.);
#2791 = EDGE_CURVE('',#2792,#2745,#2794,.T.);
#2792 = VERTEX_POINT('',#2793);
#2793 = CARTESIAN_POINT('',(13.55,-0.98,3.45));
#2794 = LINE('',#2795,#2796);
#2795 = CARTESIAN_POINT('',(13.55,-0.98,3.45));
#2796 = VECTOR('',#2797,1.);
#2797 = DIRECTION('',(0.,1.,0.));
#2798 = ORIENTED_EDGE('',*,*,#2744,.T.);
#2799 = ORIENTED_EDGE('',*,*,#596,.T.);
#2800 = ORIENTED_EDGE('',*,*,#2801,.T.);
#2801 = EDGE_CURVE('',#597,#2792,#2802,.T.);
#2802 = LINE('',#2803,#2804);
#2803 = CARTESIAN_POINT('',(13.55,-0.98,9.8));
#2804 = VECTOR('',#2805,1.);
#2805 = DIRECTION('',(0.,0.,-1.));
#2806 = PLANE('',#2807);
#2807 = AXIS2_PLACEMENT_3D('',#2808,#2809,#2810);
#2808 = CARTESIAN_POINT('',(13.55,0.27,6.625));
#2809 = DIRECTION('',(1.,0.,0.));
#2810 = DIRECTION('',(0.,0.,1.));
#2811 = ADVANCED_FACE('',(#2812),#2830,.F.);
#2812 = FACE_BOUND('',#2813,.F.);
#2813 = EDGE_LOOP('',(#2814,#2815,#2823,#2829));
#2814 = ORIENTED_EDGE('',*,*,#2776,.T.);
#2815 = ORIENTED_EDGE('',*,*,#2816,.T.);
#2816 = EDGE_CURVE('',#2769,#2817,#2819,.T.);
#2817 = VERTEX_POINT('',#2818);
#2818 = CARTESIAN_POINT('',(13.,1.92,5.25));
#2819 = LINE('',#2820,#2821);
#2820 = CARTESIAN_POINT('',(13.,1.52,5.25));
#2821 = VECTOR('',#2822,1.);
#2822 = DIRECTION('',(0.,1.,0.));
#2823 = ORIENTED_EDGE('',*,*,#2824,.T.);
#2824 = EDGE_CURVE('',#2817,#637,#2825,.T.);
#2825 = LINE('',#2826,#2827);
#2826 = CARTESIAN_POINT('',(13.,1.92,5.25));
#2827 = VECTOR('',#2828,1.);
#2828 = DIRECTION('',(0.,0.,1.));
#2829 = ORIENTED_EDGE('',*,*,#644,.T.);
#2830 = PLANE('',#2831);
#2831 = AXIS2_PLACEMENT_3D('',#2832,#2833,#2834);
#2832 = CARTESIAN_POINT('',(13.,1.72,7.525));
#2833 = DIRECTION('',(1.,0.,0.));
#2834 = DIRECTION('',(0.,0.,1.));
#2835 = ADVANCED_FACE('',(#2836),#2854,.F.);
#2836 = FACE_BOUND('',#2837,.F.);
#2837 = EDGE_LOOP('',(#2838,#2839,#2847,#2853));
#2838 = ORIENTED_EDGE('',*,*,#604,.T.);
#2839 = ORIENTED_EDGE('',*,*,#2840,.T.);
#2840 = EDGE_CURVE('',#605,#2841,#2843,.T.);
#2841 = VERTEX_POINT('',#2842);
#2842 = CARTESIAN_POINT('',(11.45,-0.98,3.45));
#2843 = LINE('',#2844,#2845);
#2844 = CARTESIAN_POINT('',(11.45,-0.98,9.8));
#2845 = VECTOR('',#2846,1.);
#2846 = DIRECTION('',(0.,0.,-1.));
#2847 = ORIENTED_EDGE('',*,*,#2848,.F.);
#2848 = EDGE_CURVE('',#2792,#2841,#2849,.T.);
#2849 = LINE('',#2850,#2851);
#2850 = CARTESIAN_POINT('',(13.55,-0.98,3.45));
#2851 = VECTOR('',#2852,1.);
#2852 = DIRECTION('',(-1.,-0.,-0.));
#2853 = ORIENTED_EDGE('',*,*,#2801,.F.);
#2854 = PLANE('',#2855);
#2855 = AXIS2_PLACEMENT_3D('',#2856,#2857,#2858);
#2856 = CARTESIAN_POINT('',(13.55,-0.98,9.8));
#2857 = DIRECTION('',(0.,-1.,0.));
#2858 = DIRECTION('',(0.,0.,-1.));
#2859 = ADVANCED_FACE('',(#2860),#2878,.F.);
#2860 = FACE_BOUND('',#2861,.F.);
#2861 = EDGE_LOOP('',(#2862,#2870,#2876,#2877));
#2862 = ORIENTED_EDGE('',*,*,#2863,.T.);
#2863 = EDGE_CURVE('',#2817,#2864,#2866,.T.);
#2864 = VERTEX_POINT('',#2865);
#2865 = CARTESIAN_POINT('',(12.,1.92,5.25));
#2866 = LINE('',#2867,#2868);
#2867 = CARTESIAN_POINT('',(13.,1.92,5.25));
#2868 = VECTOR('',#2869,1.);
#2869 = DIRECTION('',(-1.,-0.,-0.));
#2870 = ORIENTED_EDGE('',*,*,#2871,.T.);
#2871 = EDGE_CURVE('',#2864,#629,#2872,.T.);
#2872 = LINE('',#2873,#2874);
#2873 = CARTESIAN_POINT('',(12.,1.92,5.25));
#2874 = VECTOR('',#2875,1.);
#2875 = DIRECTION('',(0.,0.,1.));
#2876 = ORIENTED_EDGE('',*,*,#636,.F.);
#2877 = ORIENTED_EDGE('',*,*,#2824,.F.);
#2878 = PLANE('',#2879);
#2879 = AXIS2_PLACEMENT_3D('',#2880,#2881,#2882);
#2880 = CARTESIAN_POINT('',(13.,1.92,5.25));
#2881 = DIRECTION('',(0.,1.,0.));
#2882 = DIRECTION('',(0.,0.,1.));
#2883 = ADVANCED_FACE('',(#2884),#2902,.T.);
#2884 = FACE_BOUND('',#2885,.T.);
#2885 = EDGE_LOOP('',(#2886,#2894,#2900,#2901));
#2886 = ORIENTED_EDGE('',*,*,#2887,.T.);
#2887 = EDGE_CURVE('',#2841,#2888,#2890,.T.);
#2888 = VERTEX_POINT('',#2889);
#2889 = CARTESIAN_POINT('',(11.45,1.52,3.45));
#2890 = LINE('',#2891,#2892);
#2891 = CARTESIAN_POINT('',(11.45,-0.98,3.45));
#2892 = VECTOR('',#2893,1.);
#2893 = DIRECTION('',(0.,1.,0.));
#2894 = ORIENTED_EDGE('',*,*,#2895,.T.);
#2895 = EDGE_CURVE('',#2888,#613,#2896,.T.);
#2896 = LINE('',#2897,#2898);
#2897 = CARTESIAN_POINT('',(11.45,1.52,3.45));
#2898 = VECTOR('',#2899,1.);
#2899 = DIRECTION('',(0.,0.,1.));
#2900 = ORIENTED_EDGE('',*,*,#612,.T.);
#2901 = ORIENTED_EDGE('',*,*,#2840,.T.);
#2902 = PLANE('',#2903);
#2903 = AXIS2_PLACEMENT_3D('',#2904,#2905,#2906);
#2904 = CARTESIAN_POINT('',(11.45,0.27,6.625));
#2905 = DIRECTION('',(1.,0.,0.));
#2906 = DIRECTION('',(0.,0.,1.));
#2907 = ADVANCED_FACE('',(#2908),#2926,.T.);
#2908 = FACE_BOUND('',#2909,.T.);
#2909 = EDGE_LOOP('',(#2910,#2918,#2924,#2925));
#2910 = ORIENTED_EDGE('',*,*,#2911,.T.);
#2911 = EDGE_CURVE('',#621,#2912,#2914,.T.);
#2912 = VERTEX_POINT('',#2913);
#2913 = CARTESIAN_POINT('',(12.,1.52,5.25));
#2914 = LINE('',#2915,#2916);
#2915 = CARTESIAN_POINT('',(12.,1.52,9.8));
#2916 = VECTOR('',#2917,1.);
#2917 = DIRECTION('',(0.,0.,-1.));
#2918 = ORIENTED_EDGE('',*,*,#2919,.T.);
#2919 = EDGE_CURVE('',#2912,#2864,#2920,.T.);
#2920 = LINE('',#2921,#2922);
#2921 = CARTESIAN_POINT('',(12.,1.52,5.25));
#2922 = VECTOR('',#2923,1.);
#2923 = DIRECTION('',(0.,1.,0.));
#2924 = ORIENTED_EDGE('',*,*,#2871,.T.);
#2925 = ORIENTED_EDGE('',*,*,#628,.T.);
#2926 = PLANE('',#2927);
#2927 = AXIS2_PLACEMENT_3D('',#2928,#2929,#2930);
#2928 = CARTESIAN_POINT('',(12.,1.72,7.525));
#2929 = DIRECTION('',(1.,0.,0.));
#2930 = DIRECTION('',(0.,0.,1.));
#2931 = ADVANCED_FACE('',(#2932),#2959,.F.);
#2932 = FACE_BOUND('',#2933,.F.);
#2933 = EDGE_LOOP('',(#2934,#2935,#2936,#2944,#2952,#2958));
#2934 = ORIENTED_EDGE('',*,*,#620,.F.);
#2935 = ORIENTED_EDGE('',*,*,#2911,.T.);
#2936 = ORIENTED_EDGE('',*,*,#2937,.T.);
#2937 = EDGE_CURVE('',#2912,#2938,#2940,.T.);
#2938 = VERTEX_POINT('',#2939);
#2939 = CARTESIAN_POINT('',(11.9,1.52,5.25));
#2940 = LINE('',#2941,#2942);
#2941 = CARTESIAN_POINT('',(13.1,1.52,5.25));
#2942 = VECTOR('',#2943,1.);
#2943 = DIRECTION('',(-1.,-0.,-0.));
#2944 = ORIENTED_EDGE('',*,*,#2945,.T.);
#2945 = EDGE_CURVE('',#2938,#2946,#2948,.T.);
#2946 = VERTEX_POINT('',#2947);
#2947 = CARTESIAN_POINT('',(11.9,1.52,3.45));
#2948 = LINE('',#2949,#2950);
#2949 = CARTESIAN_POINT('',(11.9,1.52,5.25));
#2950 = VECTOR('',#2951,1.);
#2951 = DIRECTION('',(0.,1.233581138472E-16,-1.));
#2952 = ORIENTED_EDGE('',*,*,#2953,.T.);
#2953 = EDGE_CURVE('',#2946,#2888,#2954,.T.);
#2954 = LINE('',#2955,#2956);
#2955 = CARTESIAN_POINT('',(13.55,1.52,3.45));
#2956 = VECTOR('',#2957,1.);
#2957 = DIRECTION('',(-1.,-0.,-0.));
#2958 = ORIENTED_EDGE('',*,*,#2895,.T.);
#2959 = PLANE('',#2960);
#2960 = AXIS2_PLACEMENT_3D('',#2961,#2962,#2963);
#2961 = CARTESIAN_POINT('',(13.55,1.52,3.45));
#2962 = DIRECTION('',(0.,1.,0.));
#2963 = DIRECTION('',(0.,0.,1.));
#2964 = ADVANCED_FACE('',(#2965),#3006,.F.);
#2965 = FACE_BOUND('',#2966,.F.);
#2966 = EDGE_LOOP('',(#2967,#2975,#2983,#2991,#2999,#3005));
#2967 = ORIENTED_EDGE('',*,*,#2968,.F.);
#2968 = EDGE_CURVE('',#2969,#653,#2971,.T.);
#2969 = VERTEX_POINT('',#2970);
#2970 = CARTESIAN_POINT('',(16.05,1.52,3.45));
#2971 = LINE('',#2972,#2973);
#2972 = CARTESIAN_POINT('',(16.05,1.52,3.45));
#2973 = VECTOR('',#2974,1.);
#2974 = DIRECTION('',(0.,0.,1.));
#2975 = ORIENTED_EDGE('',*,*,#2976,.T.);
#2976 = EDGE_CURVE('',#2969,#2977,#2979,.T.);
#2977 = VERTEX_POINT('',#2978);
#2978 = CARTESIAN_POINT('',(15.6,1.52,3.45));
#2979 = LINE('',#2980,#2981);
#2980 = CARTESIAN_POINT('',(16.05,1.52,3.45));
#2981 = VECTOR('',#2982,1.);
#2982 = DIRECTION('',(-1.,-0.,-0.));
#2983 = ORIENTED_EDGE('',*,*,#2984,.F.);
#2984 = EDGE_CURVE('',#2985,#2977,#2987,.T.);
#2985 = VERTEX_POINT('',#2986);
#2986 = CARTESIAN_POINT('',(15.6,1.52,5.25));
#2987 = LINE('',#2988,#2989);
#2988 = CARTESIAN_POINT('',(15.6,1.52,5.25));
#2989 = VECTOR('',#2990,1.);
#2990 = DIRECTION('',(0.,1.233581138472E-16,-1.));
#2991 = ORIENTED_EDGE('',*,*,#2992,.T.);
#2992 = EDGE_CURVE('',#2985,#2993,#2995,.T.);
#2993 = VERTEX_POINT('',#2994);
#2994 = CARTESIAN_POINT('',(15.5,1.52,5.25));
#2995 = LINE('',#2996,#2997);
#2996 = CARTESIAN_POINT('',(15.6,1.52,5.25));
#2997 = VECTOR('',#2998,1.);
#2998 = DIRECTION('',(-1.,-0.,-0.));
#2999 = ORIENTED_EDGE('',*,*,#3000,.F.);
#3000 = EDGE_CURVE('',#655,#2993,#3001,.T.);
#3001 = LINE('',#3002,#3003);
#3002 = CARTESIAN_POINT('',(15.5,1.52,9.8));
#3003 = VECTOR('',#3004,1.);
#3004 = DIRECTION('',(0.,0.,-1.));
#3005 = ORIENTED_EDGE('',*,*,#652,.F.);
#3006 = PLANE('',#3007);
#3007 = AXIS2_PLACEMENT_3D('',#3008,#3009,#3010);
#3008 = CARTESIAN_POINT('',(16.05,1.52,3.45));
#3009 = DIRECTION('',(0.,1.,0.));
#3010 = DIRECTION('',(0.,0.,1.));
#3011 = ADVANCED_FACE('',(#3012),#3030,.F.);
#3012 = FACE_BOUND('',#3013,.F.);
#3013 = EDGE_LOOP('',(#3014,#3022,#3023,#3024));
#3014 = ORIENTED_EDGE('',*,*,#3015,.T.);
#3015 = EDGE_CURVE('',#3016,#2969,#3018,.T.);
#3016 = VERTEX_POINT('',#3017);
#3017 = CARTESIAN_POINT('',(16.05,-0.98,3.45));
#3018 = LINE('',#3019,#3020);
#3019 = CARTESIAN_POINT('',(16.05,-0.98,3.45));
#3020 = VECTOR('',#3021,1.);
#3021 = DIRECTION('',(0.,1.,0.));
#3022 = ORIENTED_EDGE('',*,*,#2968,.T.);
#3023 = ORIENTED_EDGE('',*,*,#662,.T.);
#3024 = ORIENTED_EDGE('',*,*,#3025,.T.);
#3025 = EDGE_CURVE('',#663,#3016,#3026,.T.);
#3026 = LINE('',#3027,#3028);
#3027 = CARTESIAN_POINT('',(16.05,-0.98,9.8));
#3028 = VECTOR('',#3029,1.);
#3029 = DIRECTION('',(0.,0.,-1.));
#3030 = PLANE('',#3031);
#3031 = AXIS2_PLACEMENT_3D('',#3032,#3033,#3034);
#3032 = CARTESIAN_POINT('',(16.05,0.27,6.625));
#3033 = DIRECTION('',(1.,0.,0.));
#3034 = DIRECTION('',(0.,0.,1.));
#3035 = ADVANCED_FACE('',(#3036),#3054,.F.);
#3036 = FACE_BOUND('',#3037,.F.);
#3037 = EDGE_LOOP('',(#3038,#3039,#3047,#3053));
#3038 = ORIENTED_EDGE('',*,*,#3000,.T.);
#3039 = ORIENTED_EDGE('',*,*,#3040,.T.);
#3040 = EDGE_CURVE('',#2993,#3041,#3043,.T.);
#3041 = VERTEX_POINT('',#3042);
#3042 = CARTESIAN_POINT('',(15.5,1.92,5.25));
#3043 = LINE('',#3044,#3045);
#3044 = CARTESIAN_POINT('',(15.5,1.52,5.25));
#3045 = VECTOR('',#3046,1.);
#3046 = DIRECTION('',(0.,1.,0.));
#3047 = ORIENTED_EDGE('',*,*,#3048,.T.);
#3048 = EDGE_CURVE('',#3041,#703,#3049,.T.);
#3049 = LINE('',#3050,#3051);
#3050 = CARTESIAN_POINT('',(15.5,1.92,5.25));
#3051 = VECTOR('',#3052,1.);
#3052 = DIRECTION('',(0.,0.,1.));
#3053 = ORIENTED_EDGE('',*,*,#710,.T.);
#3054 = PLANE('',#3055);
#3055 = AXIS2_PLACEMENT_3D('',#3056,#3057,#3058);
#3056 = CARTESIAN_POINT('',(15.5,1.72,7.525));
#3057 = DIRECTION('',(1.,0.,0.));
#3058 = DIRECTION('',(0.,0.,1.));
#3059 = ADVANCED_FACE('',(#3060),#3078,.F.);
#3060 = FACE_BOUND('',#3061,.F.);
#3061 = EDGE_LOOP('',(#3062,#3063,#3071,#3077));
#3062 = ORIENTED_EDGE('',*,*,#670,.T.);
#3063 = ORIENTED_EDGE('',*,*,#3064,.T.);
#3064 = EDGE_CURVE('',#671,#3065,#3067,.T.);
#3065 = VERTEX_POINT('',#3066);
#3066 = CARTESIAN_POINT('',(13.95,-0.98,3.45));
#3067 = LINE('',#3068,#3069);
#3068 = CARTESIAN_POINT('',(13.95,-0.98,9.8));
#3069 = VECTOR('',#3070,1.);
#3070 = DIRECTION('',(0.,0.,-1.));
#3071 = ORIENTED_EDGE('',*,*,#3072,.F.);
#3072 = EDGE_CURVE('',#3016,#3065,#3073,.T.);
#3073 = LINE('',#3074,#3075);
#3074 = CARTESIAN_POINT('',(16.05,-0.98,3.45));
#3075 = VECTOR('',#3076,1.);
#3076 = DIRECTION('',(-1.,-0.,-0.));
#3077 = ORIENTED_EDGE('',*,*,#3025,.F.);
#3078 = PLANE('',#3079);
#3079 = AXIS2_PLACEMENT_3D('',#3080,#3081,#3082);
#3080 = CARTESIAN_POINT('',(16.05,-0.98,9.8));
#3081 = DIRECTION('',(0.,-1.,0.));
#3082 = DIRECTION('',(0.,0.,-1.));
#3083 = ADVANCED_FACE('',(#3084),#3102,.F.);
#3084 = FACE_BOUND('',#3085,.F.);
#3085 = EDGE_LOOP('',(#3086,#3094,#3100,#3101));
#3086 = ORIENTED_EDGE('',*,*,#3087,.T.);
#3087 = EDGE_CURVE('',#3041,#3088,#3090,.T.);
#3088 = VERTEX_POINT('',#3089);
#3089 = CARTESIAN_POINT('',(14.5,1.92,5.25));
#3090 = LINE('',#3091,#3092);
#3091 = CARTESIAN_POINT('',(15.5,1.92,5.25));
#3092 = VECTOR('',#3093,1.);
#3093 = DIRECTION('',(-1.,-0.,-0.));
#3094 = ORIENTED_EDGE('',*,*,#3095,.T.);
#3095 = EDGE_CURVE('',#3088,#695,#3096,.T.);
#3096 = LINE('',#3097,#3098);
#3097 = CARTESIAN_POINT('',(14.5,1.92,5.25));
#3098 = VECTOR('',#3099,1.);
#3099 = DIRECTION('',(0.,0.,1.));
#3100 = ORIENTED_EDGE('',*,*,#702,.F.);
#3101 = ORIENTED_EDGE('',*,*,#3048,.F.);
#3102 = PLANE('',#3103);
#3103 = AXIS2_PLACEMENT_3D('',#3104,#3105,#3106);
#3104 = CARTESIAN_POINT('',(15.5,1.92,5.25));
#3105 = DIRECTION('',(0.,1.,0.));
#3106 = DIRECTION('',(0.,0.,1.));
#3107 = ADVANCED_FACE('',(#3108),#3126,.T.);
#3108 = FACE_BOUND('',#3109,.T.);
#3109 = EDGE_LOOP('',(#3110,#3118,#3124,#3125));
#3110 = ORIENTED_EDGE('',*,*,#3111,.T.);
#3111 = EDGE_CURVE('',#3065,#3112,#3114,.T.);
#3112 = VERTEX_POINT('',#3113);
#3113 = CARTESIAN_POINT('',(13.95,1.52,3.45));
#3114 = LINE('',#3115,#3116);
#3115 = CARTESIAN_POINT('',(13.95,-0.98,3.45));
#3116 = VECTOR('',#3117,1.);
#3117 = DIRECTION('',(0.,1.,0.));
#3118 = ORIENTED_EDGE('',*,*,#3119,.T.);
#3119 = EDGE_CURVE('',#3112,#679,#3120,.T.);
#3120 = LINE('',#3121,#3122);
#3121 = CARTESIAN_POINT('',(13.95,1.52,3.45));
#3122 = VECTOR('',#3123,1.);
#3123 = DIRECTION('',(0.,0.,1.));
#3124 = ORIENTED_EDGE('',*,*,#678,.T.);
#3125 = ORIENTED_EDGE('',*,*,#3064,.T.);
#3126 = PLANE('',#3127);
#3127 = AXIS2_PLACEMENT_3D('',#3128,#3129,#3130);
#3128 = CARTESIAN_POINT('',(13.95,0.27,6.625));
#3129 = DIRECTION('',(1.,0.,0.));
#3130 = DIRECTION('',(0.,0.,1.));
#3131 = ADVANCED_FACE('',(#3132),#3150,.T.);
#3132 = FACE_BOUND('',#3133,.T.);
#3133 = EDGE_LOOP('',(#3134,#3142,#3148,#3149));
#3134 = ORIENTED_EDGE('',*,*,#3135,.T.);
#3135 = EDGE_CURVE('',#687,#3136,#3138,.T.);
#3136 = VERTEX_POINT('',#3137);
#3137 = CARTESIAN_POINT('',(14.5,1.52,5.25));
#3138 = LINE('',#3139,#3140);
#3139 = CARTESIAN_POINT('',(14.5,1.52,9.8));
#3140 = VECTOR('',#3141,1.);
#3141 = DIRECTION('',(0.,0.,-1.));
#3142 = ORIENTED_EDGE('',*,*,#3143,.T.);
#3143 = EDGE_CURVE('',#3136,#3088,#3144,.T.);
#3144 = LINE('',#3145,#3146);
#3145 = CARTESIAN_POINT('',(14.5,1.52,5.25));
#3146 = VECTOR('',#3147,1.);
#3147 = DIRECTION('',(0.,1.,0.));
#3148 = ORIENTED_EDGE('',*,*,#3095,.T.);
#3149 = ORIENTED_EDGE('',*,*,#694,.T.);
#3150 = PLANE('',#3151);
#3151 = AXIS2_PLACEMENT_3D('',#3152,#3153,#3154);
#3152 = CARTESIAN_POINT('',(14.5,1.72,7.525));
#3153 = DIRECTION('',(1.,0.,0.));
#3154 = DIRECTION('',(0.,0.,1.));
#3155 = ADVANCED_FACE('',(#3156),#3183,.F.);
#3156 = FACE_BOUND('',#3157,.F.);
#3157 = EDGE_LOOP('',(#3158,#3159,#3160,#3168,#3176,#3182));
#3158 = ORIENTED_EDGE('',*,*,#686,.F.);
#3159 = ORIENTED_EDGE('',*,*,#3135,.T.);
#3160 = ORIENTED_EDGE('',*,*,#3161,.T.);
#3161 = EDGE_CURVE('',#3136,#3162,#3164,.T.);
#3162 = VERTEX_POINT('',#3163);
#3163 = CARTESIAN_POINT('',(14.4,1.52,5.25));
#3164 = LINE('',#3165,#3166);
#3165 = CARTESIAN_POINT('',(15.6,1.52,5.25));
#3166 = VECTOR('',#3167,1.);
#3167 = DIRECTION('',(-1.,-0.,-0.));
#3168 = ORIENTED_EDGE('',*,*,#3169,.T.);
#3169 = EDGE_CURVE('',#3162,#3170,#3172,.T.);
#3170 = VERTEX_POINT('',#3171);
#3171 = CARTESIAN_POINT('',(14.4,1.52,3.45));
#3172 = LINE('',#3173,#3174);
#3173 = CARTESIAN_POINT('',(14.4,1.52,5.25));
#3174 = VECTOR('',#3175,1.);
#3175 = DIRECTION('',(0.,1.233581138472E-16,-1.));
#3176 = ORIENTED_EDGE('',*,*,#3177,.T.);
#3177 = EDGE_CURVE('',#3170,#3112,#3178,.T.);
#3178 = LINE('',#3179,#3180);
#3179 = CARTESIAN_POINT('',(16.05,1.52,3.45));
#3180 = VECTOR('',#3181,1.);
#3181 = DIRECTION('',(-1.,-0.,-0.));
#3182 = ORIENTED_EDGE('',*,*,#3119,.T.);
#3183 = PLANE('',#3184);
#3184 = AXIS2_PLACEMENT_3D('',#3185,#3186,#3187);
#3185 = CARTESIAN_POINT('',(16.05,1.52,3.45));
#3186 = DIRECTION('',(0.,1.,0.));
#3187 = DIRECTION('',(0.,0.,1.));
#3188 = ADVANCED_FACE('',(#3189),#3230,.F.);
#3189 = FACE_BOUND('',#3190,.F.);
#3190 = EDGE_LOOP('',(#3191,#3199,#3207,#3215,#3223,#3229));
#3191 = ORIENTED_EDGE('',*,*,#3192,.F.);
#3192 = EDGE_CURVE('',#3193,#719,#3195,.T.);
#3193 = VERTEX_POINT('',#3194);
#3194 = CARTESIAN_POINT('',(18.55,1.52,3.45));
#3195 = LINE('',#3196,#3197);
#3196 = CARTESIAN_POINT('',(18.55,1.52,3.45));
#3197 = VECTOR('',#3198,1.);
#3198 = DIRECTION('',(0.,0.,1.));
#3199 = ORIENTED_EDGE('',*,*,#3200,.T.);
#3200 = EDGE_CURVE('',#3193,#3201,#3203,.T.);
#3201 = VERTEX_POINT('',#3202);
#3202 = CARTESIAN_POINT('',(18.1,1.52,3.45));
#3203 = LINE('',#3204,#3205);
#3204 = CARTESIAN_POINT('',(18.55,1.52,3.45));
#3205 = VECTOR('',#3206,1.);
#3206 = DIRECTION('',(-1.,-0.,-0.));
#3207 = ORIENTED_EDGE('',*,*,#3208,.F.);
#3208 = EDGE_CURVE('',#3209,#3201,#3211,.T.);
#3209 = VERTEX_POINT('',#3210);
#3210 = CARTESIAN_POINT('',(18.1,1.52,5.25));
#3211 = LINE('',#3212,#3213);
#3212 = CARTESIAN_POINT('',(18.1,1.52,5.25));
#3213 = VECTOR('',#3214,1.);
#3214 = DIRECTION('',(0.,1.233581138472E-16,-1.));
#3215 = ORIENTED_EDGE('',*,*,#3216,.T.);
#3216 = EDGE_CURVE('',#3209,#3217,#3219,.T.);
#3217 = VERTEX_POINT('',#3218);
#3218 = CARTESIAN_POINT('',(18.,1.52,5.25));
#3219 = LINE('',#3220,#3221);
#3220 = CARTESIAN_POINT('',(18.1,1.52,5.25));
#3221 = VECTOR('',#3222,1.);
#3222 = DIRECTION('',(-1.,-0.,-0.));
#3223 = ORIENTED_EDGE('',*,*,#3224,.F.);
#3224 = EDGE_CURVE('',#721,#3217,#3225,.T.);
#3225 = LINE('',#3226,#3227);
#3226 = CARTESIAN_POINT('',(18.,1.52,9.8));
#3227 = VECTOR('',#3228,1.);
#3228 = DIRECTION('',(0.,0.,-1.));
#3229 = ORIENTED_EDGE('',*,*,#718,.F.);
#3230 = PLANE('',#3231);
#3231 = AXIS2_PLACEMENT_3D('',#3232,#3233,#3234);
#3232 = CARTESIAN_POINT('',(18.55,1.52,3.45));
#3233 = DIRECTION('',(0.,1.,0.));
#3234 = DIRECTION('',(0.,0.,1.));
#3235 = ADVANCED_FACE('',(#3236),#3254,.F.);
#3236 = FACE_BOUND('',#3237,.F.);
#3237 = EDGE_LOOP('',(#3238,#3246,#3247,#3248));
#3238 = ORIENTED_EDGE('',*,*,#3239,.T.);
#3239 = EDGE_CURVE('',#3240,#3193,#3242,.T.);
#3240 = VERTEX_POINT('',#3241);
#3241 = CARTESIAN_POINT('',(18.55,-0.98,3.45));
#3242 = LINE('',#3243,#3244);
#3243 = CARTESIAN_POINT('',(18.55,-0.98,3.45));
#3244 = VECTOR('',#3245,1.);
#3245 = DIRECTION('',(0.,1.,0.));
#3246 = ORIENTED_EDGE('',*,*,#3192,.T.);
#3247 = ORIENTED_EDGE('',*,*,#728,.T.);
#3248 = ORIENTED_EDGE('',*,*,#3249,.T.);
#3249 = EDGE_CURVE('',#729,#3240,#3250,.T.);
#3250 = LINE('',#3251,#3252);
#3251 = CARTESIAN_POINT('',(18.55,-0.98,9.8));
#3252 = VECTOR('',#3253,1.);
#3253 = DIRECTION('',(0.,0.,-1.));
#3254 = PLANE('',#3255);
#3255 = AXIS2_PLACEMENT_3D('',#3256,#3257,#3258);
#3256 = CARTESIAN_POINT('',(18.55,0.27,6.625));
#3257 = DIRECTION('',(1.,0.,0.));
#3258 = DIRECTION('',(0.,0.,1.));
#3259 = ADVANCED_FACE('',(#3260),#3278,.F.);
#3260 = FACE_BOUND('',#3261,.F.);
#3261 = EDGE_LOOP('',(#3262,#3263,#3271,#3277));
#3262 = ORIENTED_EDGE('',*,*,#3224,.T.);
#3263 = ORIENTED_EDGE('',*,*,#3264,.T.);
#3264 = EDGE_CURVE('',#3217,#3265,#3267,.T.);
#3265 = VERTEX_POINT('',#3266);
#3266 = CARTESIAN_POINT('',(18.,1.92,5.25));
#3267 = LINE('',#3268,#3269);
#3268 = CARTESIAN_POINT('',(18.,1.52,5.25));
#3269 = VECTOR('',#3270,1.);
#3270 = DIRECTION('',(0.,1.,0.));
#3271 = ORIENTED_EDGE('',*,*,#3272,.T.);
#3272 = EDGE_CURVE('',#3265,#769,#3273,.T.);
#3273 = LINE('',#3274,#3275);
#3274 = CARTESIAN_POINT('',(18.,1.92,5.25));
#3275 = VECTOR('',#3276,1.);
#3276 = DIRECTION('',(0.,0.,1.));
#3277 = ORIENTED_EDGE('',*,*,#776,.T.);
#3278 = PLANE('',#3279);
#3279 = AXIS2_PLACEMENT_3D('',#3280,#3281,#3282);
#3280 = CARTESIAN_POINT('',(18.,1.72,7.525));
#3281 = DIRECTION('',(1.,0.,0.));
#3282 = DIRECTION('',(0.,0.,1.));
#3283 = ADVANCED_FACE('',(#3284),#3302,.F.);
#3284 = FACE_BOUND('',#3285,.F.);
#3285 = EDGE_LOOP('',(#3286,#3287,#3295,#3301));
#3286 = ORIENTED_EDGE('',*,*,#736,.T.);
#3287 = ORIENTED_EDGE('',*,*,#3288,.T.);
#3288 = EDGE_CURVE('',#737,#3289,#3291,.T.);
#3289 = VERTEX_POINT('',#3290);
#3290 = CARTESIAN_POINT('',(16.45,-0.98,3.45));
#3291 = LINE('',#3292,#3293);
#3292 = CARTESIAN_POINT('',(16.45,-0.98,9.8));
#3293 = VECTOR('',#3294,1.);
#3294 = DIRECTION('',(0.,0.,-1.));
#3295 = ORIENTED_EDGE('',*,*,#3296,.F.);
#3296 = EDGE_CURVE('',#3240,#3289,#3297,.T.);
#3297 = LINE('',#3298,#3299);
#3298 = CARTESIAN_POINT('',(18.55,-0.98,3.45));
#3299 = VECTOR('',#3300,1.);
#3300 = DIRECTION('',(-1.,-0.,-0.));
#3301 = ORIENTED_EDGE('',*,*,#3249,.F.);
#3302 = PLANE('',#3303);
#3303 = AXIS2_PLACEMENT_3D('',#3304,#3305,#3306);
#3304 = CARTESIAN_POINT('',(18.55,-0.98,9.8));
#3305 = DIRECTION('',(0.,-1.,0.));
#3306 = DIRECTION('',(0.,0.,-1.));
#3307 = ADVANCED_FACE('',(#3308),#3326,.F.);
#3308 = FACE_BOUND('',#3309,.F.);
#3309 = EDGE_LOOP('',(#3310,#3318,#3324,#3325));
#3310 = ORIENTED_EDGE('',*,*,#3311,.T.);
#3311 = EDGE_CURVE('',#3265,#3312,#3314,.T.);
#3312 = VERTEX_POINT('',#3313);
#3313 = CARTESIAN_POINT('',(17.,1.92,5.25));
#3314 = LINE('',#3315,#3316);
#3315 = CARTESIAN_POINT('',(18.,1.92,5.25));
#3316 = VECTOR('',#3317,1.);
#3317 = DIRECTION('',(-1.,-0.,-0.));
#3318 = ORIENTED_EDGE('',*,*,#3319,.T.);
#3319 = EDGE_CURVE('',#3312,#761,#3320,.T.);
#3320 = LINE('',#3321,#3322);
#3321 = CARTESIAN_POINT('',(17.,1.92,5.25));
#3322 = VECTOR('',#3323,1.);
#3323 = DIRECTION('',(0.,0.,1.));
#3324 = ORIENTED_EDGE('',*,*,#768,.F.);
#3325 = ORIENTED_EDGE('',*,*,#3272,.F.);
#3326 = PLANE('',#3327);
#3327 = AXIS2_PLACEMENT_3D('',#3328,#3329,#3330);
#3328 = CARTESIAN_POINT('',(18.,1.92,5.25));
#3329 = DIRECTION('',(0.,1.,0.));
#3330 = DIRECTION('',(0.,0.,1.));
#3331 = ADVANCED_FACE('',(#3332),#3350,.T.);
#3332 = FACE_BOUND('',#3333,.T.);
#3333 = EDGE_LOOP('',(#3334,#3342,#3348,#3349));
#3334 = ORIENTED_EDGE('',*,*,#3335,.T.);
#3335 = EDGE_CURVE('',#3289,#3336,#3338,.T.);
#3336 = VERTEX_POINT('',#3337);
#3337 = CARTESIAN_POINT('',(16.45,1.52,3.45));
#3338 = LINE('',#3339,#3340);
#3339 = CARTESIAN_POINT('',(16.45,-0.98,3.45));
#3340 = VECTOR('',#3341,1.);
#3341 = DIRECTION('',(0.,1.,0.));
#3342 = ORIENTED_EDGE('',*,*,#3343,.T.);
#3343 = EDGE_CURVE('',#3336,#745,#3344,.T.);
#3344 = LINE('',#3345,#3346);
#3345 = CARTESIAN_POINT('',(16.45,1.52,3.45));
#3346 = VECTOR('',#3347,1.);
#3347 = DIRECTION('',(0.,0.,1.));
#3348 = ORIENTED_EDGE('',*,*,#744,.T.);
#3349 = ORIENTED_EDGE('',*,*,#3288,.T.);
#3350 = PLANE('',#3351);
#3351 = AXIS2_PLACEMENT_3D('',#3352,#3353,#3354);
#3352 = CARTESIAN_POINT('',(16.45,0.27,6.625));
#3353 = DIRECTION('',(1.,0.,0.));
#3354 = DIRECTION('',(0.,0.,1.));
#3355 = ADVANCED_FACE('',(#3356),#3374,.T.);
#3356 = FACE_BOUND('',#3357,.T.);
#3357 = EDGE_LOOP('',(#3358,#3366,#3372,#3373));
#3358 = ORIENTED_EDGE('',*,*,#3359,.T.);
#3359 = EDGE_CURVE('',#753,#3360,#3362,.T.);
#3360 = VERTEX_POINT('',#3361);
#3361 = CARTESIAN_POINT('',(17.,1.52,5.25));
#3362 = LINE('',#3363,#3364);
#3363 = CARTESIAN_POINT('',(17.,1.52,9.8));
#3364 = VECTOR('',#3365,1.);
#3365 = DIRECTION('',(0.,0.,-1.));
#3366 = ORIENTED_EDGE('',*,*,#3367,.T.);
#3367 = EDGE_CURVE('',#3360,#3312,#3368,.T.);
#3368 = LINE('',#3369,#3370);
#3369 = CARTESIAN_POINT('',(17.,1.52,5.25));
#3370 = VECTOR('',#3371,1.);
#3371 = DIRECTION('',(0.,1.,0.));
#3372 = ORIENTED_EDGE('',*,*,#3319,.T.);
#3373 = ORIENTED_EDGE('',*,*,#760,.T.);
#3374 = PLANE('',#3375);
#3375 = AXIS2_PLACEMENT_3D('',#3376,#3377,#3378);
#3376 = CARTESIAN_POINT('',(17.,1.72,7.525));
#3377 = DIRECTION('',(1.,0.,0.));
#3378 = DIRECTION('',(0.,0.,1.));
#3379 = ADVANCED_FACE('',(#3380),#3407,.F.);
#3380 = FACE_BOUND('',#3381,.F.);
#3381 = EDGE_LOOP('',(#3382,#3383,#3384,#3392,#3400,#3406));
#3382 = ORIENTED_EDGE('',*,*,#752,.F.);
#3383 = ORIENTED_EDGE('',*,*,#3359,.T.);
#3384 = ORIENTED_EDGE('',*,*,#3385,.T.);
#3385 = EDGE_CURVE('',#3360,#3386,#3388,.T.);
#3386 = VERTEX_POINT('',#3387);
#3387 = CARTESIAN_POINT('',(16.9,1.52,5.25));
#3388 = LINE('',#3389,#3390);
#3389 = CARTESIAN_POINT('',(18.1,1.52,5.25));
#3390 = VECTOR('',#3391,1.);
#3391 = DIRECTION('',(-1.,-0.,-0.));
#3392 = ORIENTED_EDGE('',*,*,#3393,.T.);
#3393 = EDGE_CURVE('',#3386,#3394,#3396,.T.);
#3394 = VERTEX_POINT('',#3395);
#3395 = CARTESIAN_POINT('',(16.9,1.52,3.45));
#3396 = LINE('',#3397,#3398);
#3397 = CARTESIAN_POINT('',(16.9,1.52,5.25));
#3398 = VECTOR('',#3399,1.);
#3399 = DIRECTION('',(0.,1.233581138472E-16,-1.));
#3400 = ORIENTED_EDGE('',*,*,#3401,.T.);
#3401 = EDGE_CURVE('',#3394,#3336,#3402,.T.);
#3402 = LINE('',#3403,#3404);
#3403 = CARTESIAN_POINT('',(18.55,1.52,3.45));
#3404 = VECTOR('',#3405,1.);
#3405 = DIRECTION('',(-1.,-0.,-0.));
#3406 = ORIENTED_EDGE('',*,*,#3343,.T.);
#3407 = PLANE('',#3408);
#3408 = AXIS2_PLACEMENT_3D('',#3409,#3410,#3411);
#3409 = CARTESIAN_POINT('',(18.55,1.52,3.45));
#3410 = DIRECTION('',(0.,1.,0.));
#3411 = DIRECTION('',(0.,0.,1.));
#3412 = ADVANCED_FACE('',(#3413),#3424,.F.);
#3413 = FACE_BOUND('',#3414,.F.);
#3414 = EDGE_LOOP('',(#3415,#3416,#3422,#3423));
#3415 = ORIENTED_EDGE('',*,*,#904,.T.);
#3416 = ORIENTED_EDGE('',*,*,#3417,.T.);
#3417 = EDGE_CURVE('',#897,#811,#3418,.T.);
#3418 = LINE('',#3419,#3420);
#3419 = CARTESIAN_POINT('',(19.5,1.92,5.25));
#3420 = VECTOR('',#3421,1.);
#3421 = DIRECTION('',(0.,0.,1.));
#3422 = ORIENTED_EDGE('',*,*,#818,.F.);
#3423 = ORIENTED_EDGE('',*,*,#849,.F.);
#3424 = PLANE('',#3425);
#3425 = AXIS2_PLACEMENT_3D('',#3426,#3427,#3428);
#3426 = CARTESIAN_POINT('',(20.5,1.92,5.25));
#3427 = DIRECTION('',(0.,1.,0.));
#3428 = DIRECTION('',(0.,0.,1.));
#3429 = ADVANCED_FACE('',(#3430),#3441,.T.);
#3430 = FACE_BOUND('',#3431,.T.);
#3431 = EDGE_LOOP('',(#3432,#3433,#3439,#3440));
#3432 = ORIENTED_EDGE('',*,*,#985,.T.);
#3433 = ORIENTED_EDGE('',*,*,#3434,.T.);
#3434 = EDGE_CURVE('',#986,#795,#3435,.T.);
#3435 = LINE('',#3436,#3437);
#3436 = CARTESIAN_POINT('',(18.95,1.52,3.45));
#3437 = VECTOR('',#3438,1.);
#3438 = DIRECTION('',(0.,0.,1.));
#3439 = ORIENTED_EDGE('',*,*,#794,.T.);
#3440 = ORIENTED_EDGE('',*,*,#1060,.T.);
#3441 = PLANE('',#3442);
#3442 = AXIS2_PLACEMENT_3D('',#3443,#3444,#3445);
#3443 = CARTESIAN_POINT('',(18.95,0.27,6.625));
#3444 = DIRECTION('',(1.,0.,0.));
#3445 = DIRECTION('',(0.,0.,1.));
#3446 = ADVANCED_FACE('',(#3447),#3458,.T.);
#3447 = FACE_BOUND('',#3448,.T.);
#3448 = EDGE_LOOP('',(#3449,#3455,#3456,#3457));
#3449 = ORIENTED_EDGE('',*,*,#3450,.T.);
#3450 = EDGE_CURVE('',#803,#889,#3451,.T.);
#3451 = LINE('',#3452,#3453);
#3452 = CARTESIAN_POINT('',(19.5,1.52,9.8));
#3453 = VECTOR('',#3454,1.);
#3454 = DIRECTION('',(0.,0.,-1.));
#3455 = ORIENTED_EDGE('',*,*,#896,.T.);
#3456 = ORIENTED_EDGE('',*,*,#3417,.T.);
#3457 = ORIENTED_EDGE('',*,*,#810,.T.);
#3458 = PLANE('',#3459);
#3459 = AXIS2_PLACEMENT_3D('',#3460,#3461,#3462);
#3460 = CARTESIAN_POINT('',(19.5,1.72,7.525));
#3461 = DIRECTION('',(1.,0.,0.));
#3462 = DIRECTION('',(0.,0.,1.));
#3463 = ADVANCED_FACE('',(#3464),#3477,.F.);
#3464 = FACE_BOUND('',#3465,.F.);
#3465 = EDGE_LOOP('',(#3466,#3467,#3468,#3469,#3475,#3476));
#3466 = ORIENTED_EDGE('',*,*,#802,.F.);
#3467 = ORIENTED_EDGE('',*,*,#3450,.T.);
#3468 = ORIENTED_EDGE('',*,*,#888,.T.);
#3469 = ORIENTED_EDGE('',*,*,#3470,.T.);
#3470 = EDGE_CURVE('',#881,#994,#3471,.T.);
#3471 = LINE('',#3472,#3473);
#3472 = CARTESIAN_POINT('',(19.4,1.52,5.25));
#3473 = VECTOR('',#3474,1.);
#3474 = DIRECTION('',(0.,1.233581138472E-16,-1.));
#3475 = ORIENTED_EDGE('',*,*,#993,.T.);
#3476 = ORIENTED_EDGE('',*,*,#3434,.T.);
#3477 = PLANE('',#3478);
#3478 = AXIS2_PLACEMENT_3D('',#3479,#3480,#3481);
#3479 = CARTESIAN_POINT('',(21.05,1.52,3.45));
#3480 = DIRECTION('',(0.,1.,0.));
#3481 = DIRECTION('',(0.,0.,1.));
#3482 = ADVANCED_FACE('',(#3483),#3526,.T.);
#3483 = FACE_BOUND('',#3484,.T.);
#3484 = EDGE_LOOP('',(#3485,#3493,#3494,#3495,#3496,#3504,#3512,#3520));
#3485 = ORIENTED_EDGE('',*,*,#3486,.T.);
#3486 = EDGE_CURVE('',#3487,#873,#3489,.T.);
#3487 = VERTEX_POINT('',#3488);
#3488 = CARTESIAN_POINT('',(19.4,2.57,2.05));
#3489 = LINE('',#3490,#3491);
#3490 = CARTESIAN_POINT('',(19.4,2.57,2.05));
#3491 = VECTOR('',#3492,1.);
#3492 = DIRECTION('',(0.,0.,1.));
#3493 = ORIENTED_EDGE('',*,*,#880,.T.);
#3494 = ORIENTED_EDGE('',*,*,#3470,.T.);
#3495 = ORIENTED_EDGE('',*,*,#1001,.T.);
#3496 = ORIENTED_EDGE('',*,*,#3497,.T.);
#3497 = EDGE_CURVE('',#1002,#3498,#3500,.T.);
#3498 = VERTEX_POINT('',#3499);
#3499 = CARTESIAN_POINT('',(19.4,1.044,2.6151));
#3500 = LINE('',#3501,#3502);
#3501 = CARTESIAN_POINT('',(19.4,0.5468198,3.45));
#3502 = VECTOR('',#3503,1.);
#3503 = DIRECTION('',(0.,0.511647917429,-0.859195209828));
#3504 = ORIENTED_EDGE('',*,*,#3505,.T.);
#3505 = EDGE_CURVE('',#3498,#3506,#3508,.T.);
#3506 = VERTEX_POINT('',#3507);
#3507 = CARTESIAN_POINT('',(19.4,1.52,2.6151));
#3508 = LINE('',#3509,#3510);
#3509 = CARTESIAN_POINT('',(19.4,1.044,2.6151));
#3510 = VECTOR('',#3511,1.);
#3511 = DIRECTION('',(0.,1.,0.));
#3512 = ORIENTED_EDGE('',*,*,#3513,.T.);
#3513 = EDGE_CURVE('',#3506,#3514,#3516,.T.);
#3514 = VERTEX_POINT('',#3515);
#3515 = CARTESIAN_POINT('',(19.4,1.52,2.05));
#3516 = LINE('',#3517,#3518);
#3517 = CARTESIAN_POINT('',(19.4,1.52,2.6151));
#3518 = VECTOR('',#3519,1.);
#3519 = DIRECTION('',(0.,0.,-1.));
#3520 = ORIENTED_EDGE('',*,*,#3521,.T.);
#3521 = EDGE_CURVE('',#3514,#3487,#3522,.T.);
#3522 = LINE('',#3523,#3524);
#3523 = CARTESIAN_POINT('',(19.4,1.52,2.05));
#3524 = VECTOR('',#3525,1.);
#3525 = DIRECTION('',(0.,1.,0.));
#3526 = PLANE('',#3527);
#3527 = AXIS2_PLACEMENT_3D('',#3528,#3529,#3530);
#3528 = CARTESIAN_POINT('',(19.4,1.834452703854,3.573485056924));
#3529 = DIRECTION('',(1.,0.,0.));
#3530 = DIRECTION('',(0.,0.,1.));
#3531 = ADVANCED_FACE('',(#3532),#3831,.T.);
#3532 = FACE_BOUND('',#3533,.T.);
#3533 = EDGE_LOOP('',(#3534,#3544,#3550,#3551,#3552,#3553,#3561,#3569,
    #3577,#3585,#3593,#3601,#3609,#3617,#3625,#3633,#3641,#3649,#3657,
    #3665,#3673,#3681,#3689,#3697,#3705,#3713,#3721,#3729,#3737,#3745,
    #3753,#3761,#3769,#3777,#3785,#3793,#3801,#3809,#3817,#3825));
#3534 = ORIENTED_EDGE('',*,*,#3535,.F.);
#3535 = EDGE_CURVE('',#3536,#3538,#3540,.T.);
#3536 = VERTEX_POINT('',#3537);
#3537 = CARTESIAN_POINT('',(21.6,2.57,2.05));
#3538 = VERTEX_POINT('',#3539);
#3539 = CARTESIAN_POINT('',(21.6,2.57,9.2));
#3540 = LINE('',#3541,#3542);
#3541 = CARTESIAN_POINT('',(21.6,2.57,2.05));
#3542 = VECTOR('',#3543,1.);
#3543 = DIRECTION('',(0.,0.,1.));
#3544 = ORIENTED_EDGE('',*,*,#3545,.T.);
#3545 = EDGE_CURVE('',#3536,#921,#3546,.T.);
#3546 = LINE('',#3547,#3548);
#3547 = CARTESIAN_POINT('',(21.6,2.57,2.05));
#3548 = VECTOR('',#3549,1.);
#3549 = DIRECTION('',(-1.,-0.,-0.));
#3550 = ORIENTED_EDGE('',*,*,#920,.T.);
#3551 = ORIENTED_EDGE('',*,*,#872,.T.);
#3552 = ORIENTED_EDGE('',*,*,#3486,.F.);
#3553 = ORIENTED_EDGE('',*,*,#3554,.T.);
#3554 = EDGE_CURVE('',#3487,#3555,#3557,.T.);
#3555 = VERTEX_POINT('',#3556);
#3556 = CARTESIAN_POINT('',(18.1,2.57,2.05));
#3557 = LINE('',#3558,#3559);
#3558 = CARTESIAN_POINT('',(21.6,2.57,2.05));
#3559 = VECTOR('',#3560,1.);
#3560 = DIRECTION('',(-1.,-0.,-0.));
#3561 = ORIENTED_EDGE('',*,*,#3562,.T.);
#3562 = EDGE_CURVE('',#3555,#3563,#3565,.T.);
#3563 = VERTEX_POINT('',#3564);
#3564 = CARTESIAN_POINT('',(18.1,2.57,5.25));
#3565 = LINE('',#3566,#3567);
#3566 = CARTESIAN_POINT('',(18.1,2.57,2.05));
#3567 = VECTOR('',#3568,1.);
#3568 = DIRECTION('',(0.,0.,1.));
#3569 = ORIENTED_EDGE('',*,*,#3570,.T.);
#3570 = EDGE_CURVE('',#3563,#3571,#3573,.T.);
#3571 = VERTEX_POINT('',#3572);
#3572 = CARTESIAN_POINT('',(16.9,2.57,5.25));
#3573 = LINE('',#3574,#3575);
#3574 = CARTESIAN_POINT('',(18.1,2.57,5.25));
#3575 = VECTOR('',#3576,1.);
#3576 = DIRECTION('',(-1.,-0.,-0.));
#3577 = ORIENTED_EDGE('',*,*,#3578,.F.);
#3578 = EDGE_CURVE('',#3579,#3571,#3581,.T.);
#3579 = VERTEX_POINT('',#3580);
#3580 = CARTESIAN_POINT('',(16.9,2.57,2.05));
#3581 = LINE('',#3582,#3583);
#3582 = CARTESIAN_POINT('',(16.9,2.57,2.05));
#3583 = VECTOR('',#3584,1.);
#3584 = DIRECTION('',(0.,0.,1.));
#3585 = ORIENTED_EDGE('',*,*,#3586,.T.);
#3586 = EDGE_CURVE('',#3579,#3587,#3589,.T.);
#3587 = VERTEX_POINT('',#3588);
#3588 = CARTESIAN_POINT('',(15.6,2.57,2.05));
#3589 = LINE('',#3590,#3591);
#3590 = CARTESIAN_POINT('',(21.6,2.57,2.05));
#3591 = VECTOR('',#3592,1.);
#3592 = DIRECTION('',(-1.,-0.,-0.));
#3593 = ORIENTED_EDGE('',*,*,#3594,.T.);
#3594 = EDGE_CURVE('',#3587,#3595,#3597,.T.);
#3595 = VERTEX_POINT('',#3596);
#3596 = CARTESIAN_POINT('',(15.6,2.57,5.25));
#3597 = LINE('',#3598,#3599);
#3598 = CARTESIAN_POINT('',(15.6,2.57,2.05));
#3599 = VECTOR('',#3600,1.);
#3600 = DIRECTION('',(0.,0.,1.));
#3601 = ORIENTED_EDGE('',*,*,#3602,.T.);
#3602 = EDGE_CURVE('',#3595,#3603,#3605,.T.);
#3603 = VERTEX_POINT('',#3604);
#3604 = CARTESIAN_POINT('',(14.4,2.57,5.25));
#3605 = LINE('',#3606,#3607);
#3606 = CARTESIAN_POINT('',(15.6,2.57,5.25));
#3607 = VECTOR('',#3608,1.);
#3608 = DIRECTION('',(-1.,-0.,-0.));
#3609 = ORIENTED_EDGE('',*,*,#3610,.F.);
#3610 = EDGE_CURVE('',#3611,#3603,#3613,.T.);
#3611 = VERTEX_POINT('',#3612);
#3612 = CARTESIAN_POINT('',(14.4,2.57,2.05));
#3613 = LINE('',#3614,#3615);
#3614 = CARTESIAN_POINT('',(14.4,2.57,2.05));
#3615 = VECTOR('',#3616,1.);
#3616 = DIRECTION('',(0.,0.,1.));
#3617 = ORIENTED_EDGE('',*,*,#3618,.T.);
#3618 = EDGE_CURVE('',#3611,#3619,#3621,.T.);
#3619 = VERTEX_POINT('',#3620);
#3620 = CARTESIAN_POINT('',(13.1,2.57,2.05));
#3621 = LINE('',#3622,#3623);
#3622 = CARTESIAN_POINT('',(21.6,2.57,2.05));
#3623 = VECTOR('',#3624,1.);
#3624 = DIRECTION('',(-1.,-0.,-0.));
#3625 = ORIENTED_EDGE('',*,*,#3626,.T.);
#3626 = EDGE_CURVE('',#3619,#3627,#3629,.T.);
#3627 = VERTEX_POINT('',#3628);
#3628 = CARTESIAN_POINT('',(13.1,2.57,5.25));
#3629 = LINE('',#3630,#3631);
#3630 = CARTESIAN_POINT('',(13.1,2.57,2.05));
#3631 = VECTOR('',#3632,1.);
#3632 = DIRECTION('',(0.,0.,1.));
#3633 = ORIENTED_EDGE('',*,*,#3634,.T.);
#3634 = EDGE_CURVE('',#3627,#3635,#3637,.T.);
#3635 = VERTEX_POINT('',#3636);
#3636 = CARTESIAN_POINT('',(11.9,2.57,5.25));
#3637 = LINE('',#3638,#3639);
#3638 = CARTESIAN_POINT('',(13.1,2.57,5.25));
#3639 = VECTOR('',#3640,1.);
#3640 = DIRECTION('',(-1.,-0.,-0.));
#3641 = ORIENTED_EDGE('',*,*,#3642,.F.);
#3642 = EDGE_CURVE('',#3643,#3635,#3645,.T.);
#3643 = VERTEX_POINT('',#3644);
#3644 = CARTESIAN_POINT('',(11.9,2.57,2.05));
#3645 = LINE('',#3646,#3647);
#3646 = CARTESIAN_POINT('',(11.9,2.57,2.05));
#3647 = VECTOR('',#3648,1.);
#3648 = DIRECTION('',(0.,0.,1.));
#3649 = ORIENTED_EDGE('',*,*,#3650,.T.);
#3650 = EDGE_CURVE('',#3643,#3651,#3653,.T.);
#3651 = VERTEX_POINT('',#3652);
#3652 = CARTESIAN_POINT('',(10.6,2.57,2.05));
#3653 = LINE('',#3654,#3655);
#3654 = CARTESIAN_POINT('',(21.6,2.57,2.05));
#3655 = VECTOR('',#3656,1.);
#3656 = DIRECTION('',(-1.,-0.,-0.));
#3657 = ORIENTED_EDGE('',*,*,#3658,.T.);
#3658 = EDGE_CURVE('',#3651,#3659,#3661,.T.);
#3659 = VERTEX_POINT('',#3660);
#3660 = CARTESIAN_POINT('',(10.6,2.57,5.25));
#3661 = LINE('',#3662,#3663);
#3662 = CARTESIAN_POINT('',(10.6,2.57,2.05));
#3663 = VECTOR('',#3664,1.);
#3664 = DIRECTION('',(0.,0.,1.));
#3665 = ORIENTED_EDGE('',*,*,#3666,.T.);
#3666 = EDGE_CURVE('',#3659,#3667,#3669,.T.);
#3667 = VERTEX_POINT('',#3668);
#3668 = CARTESIAN_POINT('',(9.4,2.57,5.25));
#3669 = LINE('',#3670,#3671);
#3670 = CARTESIAN_POINT('',(10.6,2.57,5.25));
#3671 = VECTOR('',#3672,1.);
#3672 = DIRECTION('',(-1.,-0.,-0.));
#3673 = ORIENTED_EDGE('',*,*,#3674,.F.);
#3674 = EDGE_CURVE('',#3675,#3667,#3677,.T.);
#3675 = VERTEX_POINT('',#3676);
#3676 = CARTESIAN_POINT('',(9.4,2.57,2.05));
#3677 = LINE('',#3678,#3679);
#3678 = CARTESIAN_POINT('',(9.4,2.57,2.05));
#3679 = VECTOR('',#3680,1.);
#3680 = DIRECTION('',(0.,0.,1.));
#3681 = ORIENTED_EDGE('',*,*,#3682,.T.);
#3682 = EDGE_CURVE('',#3675,#3683,#3685,.T.);
#3683 = VERTEX_POINT('',#3684);
#3684 = CARTESIAN_POINT('',(8.1,2.57,2.05));
#3685 = LINE('',#3686,#3687);
#3686 = CARTESIAN_POINT('',(21.6,2.57,2.05));
#3687 = VECTOR('',#3688,1.);
#3688 = DIRECTION('',(-1.,-0.,-0.));
#3689 = ORIENTED_EDGE('',*,*,#3690,.T.);
#3690 = EDGE_CURVE('',#3683,#3691,#3693,.T.);
#3691 = VERTEX_POINT('',#3692);
#3692 = CARTESIAN_POINT('',(8.1,2.57,5.25));
#3693 = LINE('',#3694,#3695);
#3694 = CARTESIAN_POINT('',(8.1,2.57,2.05));
#3695 = VECTOR('',#3696,1.);
#3696 = DIRECTION('',(0.,0.,1.));
#3697 = ORIENTED_EDGE('',*,*,#3698,.T.);
#3698 = EDGE_CURVE('',#3691,#3699,#3701,.T.);
#3699 = VERTEX_POINT('',#3700);
#3700 = CARTESIAN_POINT('',(6.9,2.57,5.25));
#3701 = LINE('',#3702,#3703);
#3702 = CARTESIAN_POINT('',(8.1,2.57,5.25));
#3703 = VECTOR('',#3704,1.);
#3704 = DIRECTION('',(-1.,-0.,-0.));
#3705 = ORIENTED_EDGE('',*,*,#3706,.F.);
#3706 = EDGE_CURVE('',#3707,#3699,#3709,.T.);
#3707 = VERTEX_POINT('',#3708);
#3708 = CARTESIAN_POINT('',(6.9,2.57,2.05));
#3709 = LINE('',#3710,#3711);
#3710 = CARTESIAN_POINT('',(6.9,2.57,2.05));
#3711 = VECTOR('',#3712,1.);
#3712 = DIRECTION('',(0.,0.,1.));
#3713 = ORIENTED_EDGE('',*,*,#3714,.T.);
#3714 = EDGE_CURVE('',#3707,#3715,#3717,.T.);
#3715 = VERTEX_POINT('',#3716);
#3716 = CARTESIAN_POINT('',(5.6,2.57,2.05));
#3717 = LINE('',#3718,#3719);
#3718 = CARTESIAN_POINT('',(21.6,2.57,2.05));
#3719 = VECTOR('',#3720,1.);
#3720 = DIRECTION('',(-1.,-0.,-0.));
#3721 = ORIENTED_EDGE('',*,*,#3722,.T.);
#3722 = EDGE_CURVE('',#3715,#3723,#3725,.T.);
#3723 = VERTEX_POINT('',#3724);
#3724 = CARTESIAN_POINT('',(5.6,2.57,5.25));
#3725 = LINE('',#3726,#3727);
#3726 = CARTESIAN_POINT('',(5.6,2.57,2.05));
#3727 = VECTOR('',#3728,1.);
#3728 = DIRECTION('',(0.,0.,1.));
#3729 = ORIENTED_EDGE('',*,*,#3730,.T.);
#3730 = EDGE_CURVE('',#3723,#3731,#3733,.T.);
#3731 = VERTEX_POINT('',#3732);
#3732 = CARTESIAN_POINT('',(4.4,2.57,5.25));
#3733 = LINE('',#3734,#3735);
#3734 = CARTESIAN_POINT('',(5.6,2.57,5.25));
#3735 = VECTOR('',#3736,1.);
#3736 = DIRECTION('',(-1.,-0.,-0.));
#3737 = ORIENTED_EDGE('',*,*,#3738,.F.);
#3738 = EDGE_CURVE('',#3739,#3731,#3741,.T.);
#3739 = VERTEX_POINT('',#3740);
#3740 = CARTESIAN_POINT('',(4.4,2.57,2.05));
#3741 = LINE('',#3742,#3743);
#3742 = CARTESIAN_POINT('',(4.4,2.57,2.05));
#3743 = VECTOR('',#3744,1.);
#3744 = DIRECTION('',(0.,0.,1.));
#3745 = ORIENTED_EDGE('',*,*,#3746,.T.);
#3746 = EDGE_CURVE('',#3739,#3747,#3749,.T.);
#3747 = VERTEX_POINT('',#3748);
#3748 = CARTESIAN_POINT('',(3.1,2.57,2.05));
#3749 = LINE('',#3750,#3751);
#3750 = CARTESIAN_POINT('',(21.6,2.57,2.05));
#3751 = VECTOR('',#3752,1.);
#3752 = DIRECTION('',(-1.,-0.,-0.));
#3753 = ORIENTED_EDGE('',*,*,#3754,.T.);
#3754 = EDGE_CURVE('',#3747,#3755,#3757,.T.);
#3755 = VERTEX_POINT('',#3756);
#3756 = CARTESIAN_POINT('',(3.1,2.57,5.25));
#3757 = LINE('',#3758,#3759);
#3758 = CARTESIAN_POINT('',(3.1,2.57,2.05));
#3759 = VECTOR('',#3760,1.);
#3760 = DIRECTION('',(0.,0.,1.));
#3761 = ORIENTED_EDGE('',*,*,#3762,.T.);
#3762 = EDGE_CURVE('',#3755,#3763,#3765,.T.);
#3763 = VERTEX_POINT('',#3764);
#3764 = CARTESIAN_POINT('',(1.9,2.57,5.25));
#3765 = LINE('',#3766,#3767);
#3766 = CARTESIAN_POINT('',(3.1,2.57,5.25));
#3767 = VECTOR('',#3768,1.);
#3768 = DIRECTION('',(-1.,-0.,-0.));
#3769 = ORIENTED_EDGE('',*,*,#3770,.F.);
#3770 = EDGE_CURVE('',#3771,#3763,#3773,.T.);
#3771 = VERTEX_POINT('',#3772);
#3772 = CARTESIAN_POINT('',(1.9,2.57,2.05));
#3773 = LINE('',#3774,#3775);
#3774 = CARTESIAN_POINT('',(1.9,2.57,2.05));
#3775 = VECTOR('',#3776,1.);
#3776 = DIRECTION('',(0.,0.,1.));
#3777 = ORIENTED_EDGE('',*,*,#3778,.T.);
#3778 = EDGE_CURVE('',#3771,#3779,#3781,.T.);
#3779 = VERTEX_POINT('',#3780);
#3780 = CARTESIAN_POINT('',(0.6,2.57,2.05));
#3781 = LINE('',#3782,#3783);
#3782 = CARTESIAN_POINT('',(21.6,2.57,2.05));
#3783 = VECTOR('',#3784,1.);
#3784 = DIRECTION('',(-1.,-0.,-0.));
#3785 = ORIENTED_EDGE('',*,*,#3786,.T.);
#3786 = EDGE_CURVE('',#3779,#3787,#3789,.T.);
#3787 = VERTEX_POINT('',#3788);
#3788 = CARTESIAN_POINT('',(0.6,2.57,5.25));
#3789 = LINE('',#3790,#3791);
#3790 = CARTESIAN_POINT('',(0.6,2.57,2.05));
#3791 = VECTOR('',#3792,1.);
#3792 = DIRECTION('',(0.,0.,1.));
#3793 = ORIENTED_EDGE('',*,*,#3794,.T.);
#3794 = EDGE_CURVE('',#3787,#3795,#3797,.T.);
#3795 = VERTEX_POINT('',#3796);
#3796 = CARTESIAN_POINT('',(-0.6,2.57,5.25));
#3797 = LINE('',#3798,#3799);
#3798 = CARTESIAN_POINT('',(0.6,2.57,5.25));
#3799 = VECTOR('',#3800,1.);
#3800 = DIRECTION('',(-1.,-0.,-0.));
#3801 = ORIENTED_EDGE('',*,*,#3802,.F.);
#3802 = EDGE_CURVE('',#3803,#3795,#3805,.T.);
#3803 = VERTEX_POINT('',#3804);
#3804 = CARTESIAN_POINT('',(-0.6,2.57,2.05));
#3805 = LINE('',#3806,#3807);
#3806 = CARTESIAN_POINT('',(-0.6,2.57,2.05));
#3807 = VECTOR('',#3808,1.);
#3808 = DIRECTION('',(0.,0.,1.));
#3809 = ORIENTED_EDGE('',*,*,#3810,.T.);
#3810 = EDGE_CURVE('',#3803,#3811,#3813,.T.);
#3811 = VERTEX_POINT('',#3812);
#3812 = CARTESIAN_POINT('',(-1.6,2.57,2.05));
#3813 = LINE('',#3814,#3815);
#3814 = CARTESIAN_POINT('',(21.6,2.57,2.05));
#3815 = VECTOR('',#3816,1.);
#3816 = DIRECTION('',(-1.,-0.,-0.));
#3817 = ORIENTED_EDGE('',*,*,#3818,.T.);
#3818 = EDGE_CURVE('',#3811,#3819,#3821,.T.);
#3819 = VERTEX_POINT('',#3820);
#3820 = CARTESIAN_POINT('',(-1.6,2.57,9.2));
#3821 = LINE('',#3822,#3823);
#3822 = CARTESIAN_POINT('',(-1.6,2.57,2.05));
#3823 = VECTOR('',#3824,1.);
#3824 = DIRECTION('',(0.,0.,1.));
#3825 = ORIENTED_EDGE('',*,*,#3826,.T.);
#3826 = EDGE_CURVE('',#3819,#3538,#3827,.T.);
#3827 = LINE('',#3828,#3829);
#3828 = CARTESIAN_POINT('',(15.8,2.57,9.2));
#3829 = VECTOR('',#3830,1.);
#3830 = DIRECTION('',(1.,0.,0.));
#3831 = PLANE('',#3832);
#3832 = AXIS2_PLACEMENT_3D('',#3833,#3834,#3835);
#3833 = CARTESIAN_POINT('',(21.6,2.57,2.05));
#3834 = DIRECTION('',(0.,1.,0.));
#3835 = DIRECTION('',(0.,0.,1.));
#3836 = ADVANCED_FACE('',(#3837),#3848,.F.);
#3837 = FACE_BOUND('',#3838,.F.);
#3838 = EDGE_LOOP('',(#3839,#3840,#3841,#3847));
#3839 = ORIENTED_EDGE('',*,*,#1009,.T.);
#3840 = ORIENTED_EDGE('',*,*,#3497,.T.);
#3841 = ORIENTED_EDGE('',*,*,#3842,.F.);
#3842 = EDGE_CURVE('',#939,#3498,#3843,.T.);
#3843 = LINE('',#3844,#3845);
#3844 = CARTESIAN_POINT('',(20.6,1.044,2.6151));
#3845 = VECTOR('',#3846,1.);
#3846 = DIRECTION('',(-1.,-0.,-0.));
#3847 = ORIENTED_EDGE('',*,*,#938,.F.);
#3848 = PLANE('',#3849);
#3849 = AXIS2_PLACEMENT_3D('',#3850,#3851,#3852);
#3850 = CARTESIAN_POINT('',(20.6,0.5468198,3.45));
#3851 = DIRECTION('',(0.,-0.859195209828,-0.511647917429));
#3852 = DIRECTION('',(0.,0.511647917429,-0.859195209828));
#3853 = ADVANCED_FACE('',(#3854),#3865,.F.);
#3854 = FACE_BOUND('',#3855,.F.);
#3855 = EDGE_LOOP('',(#3856,#3857,#3858,#3864));
#3856 = ORIENTED_EDGE('',*,*,#3842,.T.);
#3857 = ORIENTED_EDGE('',*,*,#3505,.T.);
#3858 = ORIENTED_EDGE('',*,*,#3859,.F.);
#3859 = EDGE_CURVE('',#947,#3506,#3860,.T.);
#3860 = LINE('',#3861,#3862);
#3861 = CARTESIAN_POINT('',(20.6,1.52,2.6151));
#3862 = VECTOR('',#3863,1.);
#3863 = DIRECTION('',(-1.,-0.,-0.));
#3864 = ORIENTED_EDGE('',*,*,#946,.F.);
#3865 = PLANE('',#3866);
#3866 = AXIS2_PLACEMENT_3D('',#3867,#3868,#3869);
#3867 = CARTESIAN_POINT('',(20.6,1.044,2.6151));
#3868 = DIRECTION('',(0.,0.,-1.));
#3869 = DIRECTION('',(0.,1.,0.));
#3870 = ADVANCED_FACE('',(#3871),#3882,.F.);
#3871 = FACE_BOUND('',#3872,.F.);
#3872 = EDGE_LOOP('',(#3873,#3874,#3875,#3881));
#3873 = ORIENTED_EDGE('',*,*,#3859,.T.);
#3874 = ORIENTED_EDGE('',*,*,#3513,.T.);
#3875 = ORIENTED_EDGE('',*,*,#3876,.F.);
#3876 = EDGE_CURVE('',#955,#3514,#3877,.T.);
#3877 = LINE('',#3878,#3879);
#3878 = CARTESIAN_POINT('',(20.6,1.52,2.05));
#3879 = VECTOR('',#3880,1.);
#3880 = DIRECTION('',(-1.,-0.,-0.));
#3881 = ORIENTED_EDGE('',*,*,#954,.F.);
#3882 = PLANE('',#3883);
#3883 = AXIS2_PLACEMENT_3D('',#3884,#3885,#3886);
#3884 = CARTESIAN_POINT('',(20.6,1.52,2.6151));
#3885 = DIRECTION('',(0.,-1.,0.));
#3886 = DIRECTION('',(0.,0.,-1.));
#3887 = ADVANCED_FACE('',(#3888),#4101,.T.);
#3888 = FACE_BOUND('',#3889,.T.);
#3889 = EDGE_LOOP('',(#3890,#3898,#3906,#3912,#3913,#3921,#3929,#3935,
    #3936,#3944,#3952,#3958,#3959,#3967,#3975,#3981,#3982,#3990,#3998,
    #4004,#4005,#4013,#4021,#4027,#4028,#4036,#4044,#4050,#4051,#4059,
    #4067,#4073,#4074,#4082,#4090,#4096,#4097,#4098,#4099,#4100));
#3890 = ORIENTED_EDGE('',*,*,#3891,.F.);
#3891 = EDGE_CURVE('',#3892,#3536,#3894,.T.);
#3892 = VERTEX_POINT('',#3893);
#3893 = CARTESIAN_POINT('',(21.6,0.945277674973,2.05));
#3894 = LINE('',#3895,#3896);
#3895 = CARTESIAN_POINT('',(21.6,0.945277674973,2.05));
#3896 = VECTOR('',#3897,1.);
#3897 = DIRECTION('',(0.,1.,0.));
#3898 = ORIENTED_EDGE('',*,*,#3899,.T.);
#3899 = EDGE_CURVE('',#3892,#3900,#3902,.T.);
#3900 = VERTEX_POINT('',#3901);
#3901 = CARTESIAN_POINT('',(-1.6,0.945277674973,2.05));
#3902 = LINE('',#3903,#3904);
#3903 = CARTESIAN_POINT('',(21.6,0.945277674973,2.05));
#3904 = VECTOR('',#3905,1.);
#3905 = DIRECTION('',(-1.,-0.,-0.));
#3906 = ORIENTED_EDGE('',*,*,#3907,.T.);
#3907 = EDGE_CURVE('',#3900,#3811,#3908,.T.);
#3908 = LINE('',#3909,#3910);
#3909 = CARTESIAN_POINT('',(-1.6,0.945277674973,2.05));
#3910 = VECTOR('',#3911,1.);
#3911 = DIRECTION('',(0.,1.,0.));
#3912 = ORIENTED_EDGE('',*,*,#3810,.F.);
#3913 = ORIENTED_EDGE('',*,*,#3914,.F.);
#3914 = EDGE_CURVE('',#3915,#3803,#3917,.T.);
#3915 = VERTEX_POINT('',#3916);
#3916 = CARTESIAN_POINT('',(-0.6,1.52,2.05));
#3917 = LINE('',#3918,#3919);
#3918 = CARTESIAN_POINT('',(-0.6,1.52,2.05));
#3919 = VECTOR('',#3920,1.);
#3920 = DIRECTION('',(0.,1.,0.));
#3921 = ORIENTED_EDGE('',*,*,#3922,.F.);
#3922 = EDGE_CURVE('',#3923,#3915,#3925,.T.);
#3923 = VERTEX_POINT('',#3924);
#3924 = CARTESIAN_POINT('',(0.6,1.52,2.05));
#3925 = LINE('',#3926,#3927);
#3926 = CARTESIAN_POINT('',(0.6,1.52,2.05));
#3927 = VECTOR('',#3928,1.);
#3928 = DIRECTION('',(-1.,-0.,-0.));
#3929 = ORIENTED_EDGE('',*,*,#3930,.T.);
#3930 = EDGE_CURVE('',#3923,#3779,#3931,.T.);
#3931 = LINE('',#3932,#3933);
#3932 = CARTESIAN_POINT('',(0.6,1.52,2.05));
#3933 = VECTOR('',#3934,1.);
#3934 = DIRECTION('',(0.,1.,0.));
#3935 = ORIENTED_EDGE('',*,*,#3778,.F.);
#3936 = ORIENTED_EDGE('',*,*,#3937,.F.);
#3937 = EDGE_CURVE('',#3938,#3771,#3940,.T.);
#3938 = VERTEX_POINT('',#3939);
#3939 = CARTESIAN_POINT('',(1.9,1.52,2.05));
#3940 = LINE('',#3941,#3942);
#3941 = CARTESIAN_POINT('',(1.9,1.52,2.05));
#3942 = VECTOR('',#3943,1.);
#3943 = DIRECTION('',(0.,1.,0.));
#3944 = ORIENTED_EDGE('',*,*,#3945,.F.);
#3945 = EDGE_CURVE('',#3946,#3938,#3948,.T.);
#3946 = VERTEX_POINT('',#3947);
#3947 = CARTESIAN_POINT('',(3.1,1.52,2.05));
#3948 = LINE('',#3949,#3950);
#3949 = CARTESIAN_POINT('',(3.1,1.52,2.05));
#3950 = VECTOR('',#3951,1.);
#3951 = DIRECTION('',(-1.,-0.,-0.));
#3952 = ORIENTED_EDGE('',*,*,#3953,.T.);
#3953 = EDGE_CURVE('',#3946,#3747,#3954,.T.);
#3954 = LINE('',#3955,#3956);
#3955 = CARTESIAN_POINT('',(3.1,1.52,2.05));
#3956 = VECTOR('',#3957,1.);
#3957 = DIRECTION('',(0.,1.,0.));
#3958 = ORIENTED_EDGE('',*,*,#3746,.F.);
#3959 = ORIENTED_EDGE('',*,*,#3960,.F.);
#3960 = EDGE_CURVE('',#3961,#3739,#3963,.T.);
#3961 = VERTEX_POINT('',#3962);
#3962 = CARTESIAN_POINT('',(4.4,1.52,2.05));
#3963 = LINE('',#3964,#3965);
#3964 = CARTESIAN_POINT('',(4.4,1.52,2.05));
#3965 = VECTOR('',#3966,1.);
#3966 = DIRECTION('',(0.,1.,0.));
#3967 = ORIENTED_EDGE('',*,*,#3968,.F.);
#3968 = EDGE_CURVE('',#3969,#3961,#3971,.T.);
#3969 = VERTEX_POINT('',#3970);
#3970 = CARTESIAN_POINT('',(5.6,1.52,2.05));
#3971 = LINE('',#3972,#3973);
#3972 = CARTESIAN_POINT('',(5.6,1.52,2.05));
#3973 = VECTOR('',#3974,1.);
#3974 = DIRECTION('',(-1.,-0.,-0.));
#3975 = ORIENTED_EDGE('',*,*,#3976,.T.);
#3976 = EDGE_CURVE('',#3969,#3715,#3977,.T.);
#3977 = LINE('',#3978,#3979);
#3978 = CARTESIAN_POINT('',(5.6,1.52,2.05));
#3979 = VECTOR('',#3980,1.);
#3980 = DIRECTION('',(0.,1.,0.));
#3981 = ORIENTED_EDGE('',*,*,#3714,.F.);
#3982 = ORIENTED_EDGE('',*,*,#3983,.F.);
#3983 = EDGE_CURVE('',#3984,#3707,#3986,.T.);
#3984 = VERTEX_POINT('',#3985);
#3985 = CARTESIAN_POINT('',(6.9,1.52,2.05));
#3986 = LINE('',#3987,#3988);
#3987 = CARTESIAN_POINT('',(6.9,1.52,2.05));
#3988 = VECTOR('',#3989,1.);
#3989 = DIRECTION('',(0.,1.,0.));
#3990 = ORIENTED_EDGE('',*,*,#3991,.F.);
#3991 = EDGE_CURVE('',#3992,#3984,#3994,.T.);
#3992 = VERTEX_POINT('',#3993);
#3993 = CARTESIAN_POINT('',(8.1,1.52,2.05));
#3994 = LINE('',#3995,#3996);
#3995 = CARTESIAN_POINT('',(8.1,1.52,2.05));
#3996 = VECTOR('',#3997,1.);
#3997 = DIRECTION('',(-1.,-0.,-0.));
#3998 = ORIENTED_EDGE('',*,*,#3999,.T.);
#3999 = EDGE_CURVE('',#3992,#3683,#4000,.T.);
#4000 = LINE('',#4001,#4002);
#4001 = CARTESIAN_POINT('',(8.1,1.52,2.05));
#4002 = VECTOR('',#4003,1.);
#4003 = DIRECTION('',(0.,1.,0.));
#4004 = ORIENTED_EDGE('',*,*,#3682,.F.);
#4005 = ORIENTED_EDGE('',*,*,#4006,.F.);
#4006 = EDGE_CURVE('',#4007,#3675,#4009,.T.);
#4007 = VERTEX_POINT('',#4008);
#4008 = CARTESIAN_POINT('',(9.4,1.52,2.05));
#4009 = LINE('',#4010,#4011);
#4010 = CARTESIAN_POINT('',(9.4,1.52,2.05));
#4011 = VECTOR('',#4012,1.);
#4012 = DIRECTION('',(0.,1.,0.));
#4013 = ORIENTED_EDGE('',*,*,#4014,.F.);
#4014 = EDGE_CURVE('',#4015,#4007,#4017,.T.);
#4015 = VERTEX_POINT('',#4016);
#4016 = CARTESIAN_POINT('',(10.6,1.52,2.05));
#4017 = LINE('',#4018,#4019);
#4018 = CARTESIAN_POINT('',(10.6,1.52,2.05));
#4019 = VECTOR('',#4020,1.);
#4020 = DIRECTION('',(-1.,-0.,-0.));
#4021 = ORIENTED_EDGE('',*,*,#4022,.T.);
#4022 = EDGE_CURVE('',#4015,#3651,#4023,.T.);
#4023 = LINE('',#4024,#4025);
#4024 = CARTESIAN_POINT('',(10.6,1.52,2.05));
#4025 = VECTOR('',#4026,1.);
#4026 = DIRECTION('',(0.,1.,0.));
#4027 = ORIENTED_EDGE('',*,*,#3650,.F.);
#4028 = ORIENTED_EDGE('',*,*,#4029,.F.);
#4029 = EDGE_CURVE('',#4030,#3643,#4032,.T.);
#4030 = VERTEX_POINT('',#4031);
#4031 = CARTESIAN_POINT('',(11.9,1.52,2.05));
#4032 = LINE('',#4033,#4034);
#4033 = CARTESIAN_POINT('',(11.9,1.52,2.05));
#4034 = VECTOR('',#4035,1.);
#4035 = DIRECTION('',(0.,1.,0.));
#4036 = ORIENTED_EDGE('',*,*,#4037,.F.);
#4037 = EDGE_CURVE('',#4038,#4030,#4040,.T.);
#4038 = VERTEX_POINT('',#4039);
#4039 = CARTESIAN_POINT('',(13.1,1.52,2.05));
#4040 = LINE('',#4041,#4042);
#4041 = CARTESIAN_POINT('',(13.1,1.52,2.05));
#4042 = VECTOR('',#4043,1.);
#4043 = DIRECTION('',(-1.,-0.,-0.));
#4044 = ORIENTED_EDGE('',*,*,#4045,.T.);
#4045 = EDGE_CURVE('',#4038,#3619,#4046,.T.);
#4046 = LINE('',#4047,#4048);
#4047 = CARTESIAN_POINT('',(13.1,1.52,2.05));
#4048 = VECTOR('',#4049,1.);
#4049 = DIRECTION('',(0.,1.,0.));
#4050 = ORIENTED_EDGE('',*,*,#3618,.F.);
#4051 = ORIENTED_EDGE('',*,*,#4052,.F.);
#4052 = EDGE_CURVE('',#4053,#3611,#4055,.T.);
#4053 = VERTEX_POINT('',#4054);
#4054 = CARTESIAN_POINT('',(14.4,1.52,2.05));
#4055 = LINE('',#4056,#4057);
#4056 = CARTESIAN_POINT('',(14.4,1.52,2.05));
#4057 = VECTOR('',#4058,1.);
#4058 = DIRECTION('',(0.,1.,0.));
#4059 = ORIENTED_EDGE('',*,*,#4060,.F.);
#4060 = EDGE_CURVE('',#4061,#4053,#4063,.T.);
#4061 = VERTEX_POINT('',#4062);
#4062 = CARTESIAN_POINT('',(15.6,1.52,2.05));
#4063 = LINE('',#4064,#4065);
#4064 = CARTESIAN_POINT('',(15.6,1.52,2.05));
#4065 = VECTOR('',#4066,1.);
#4066 = DIRECTION('',(-1.,-0.,-0.));
#4067 = ORIENTED_EDGE('',*,*,#4068,.T.);
#4068 = EDGE_CURVE('',#4061,#3587,#4069,.T.);
#4069 = LINE('',#4070,#4071);
#4070 = CARTESIAN_POINT('',(15.6,1.52,2.05));
#4071 = VECTOR('',#4072,1.);
#4072 = DIRECTION('',(0.,1.,0.));
#4073 = ORIENTED_EDGE('',*,*,#3586,.F.);
#4074 = ORIENTED_EDGE('',*,*,#4075,.F.);
#4075 = EDGE_CURVE('',#4076,#3579,#4078,.T.);
#4076 = VERTEX_POINT('',#4077);
#4077 = CARTESIAN_POINT('',(16.9,1.52,2.05));
#4078 = LINE('',#4079,#4080);
#4079 = CARTESIAN_POINT('',(16.9,1.52,2.05));
#4080 = VECTOR('',#4081,1.);
#4081 = DIRECTION('',(0.,1.,0.));
#4082 = ORIENTED_EDGE('',*,*,#4083,.F.);
#4083 = EDGE_CURVE('',#4084,#4076,#4086,.T.);
#4084 = VERTEX_POINT('',#4085);
#4085 = CARTESIAN_POINT('',(18.1,1.52,2.05));
#4086 = LINE('',#4087,#4088);
#4087 = CARTESIAN_POINT('',(18.1,1.52,2.05));
#4088 = VECTOR('',#4089,1.);
#4089 = DIRECTION('',(-1.,-0.,-0.));
#4090 = ORIENTED_EDGE('',*,*,#4091,.T.);
#4091 = EDGE_CURVE('',#4084,#3555,#4092,.T.);
#4092 = LINE('',#4093,#4094);
#4093 = CARTESIAN_POINT('',(18.1,1.52,2.05));
#4094 = VECTOR('',#4095,1.);
#4095 = DIRECTION('',(0.,1.,0.));
#4096 = ORIENTED_EDGE('',*,*,#3554,.F.);
#4097 = ORIENTED_EDGE('',*,*,#3521,.F.);
#4098 = ORIENTED_EDGE('',*,*,#3876,.F.);
#4099 = ORIENTED_EDGE('',*,*,#962,.T.);
#4100 = ORIENTED_EDGE('',*,*,#3545,.F.);
#4101 = PLANE('',#4102);
#4102 = AXIS2_PLACEMENT_3D('',#4103,#4104,#4105);
#4103 = CARTESIAN_POINT('',(21.6,0.945277674973,2.05));
#4104 = DIRECTION('',(0.,0.,-1.));
#4105 = DIRECTION('',(0.,1.,0.));
#4106 = ADVANCED_FACE('',(#4107),#4132,.F.);
#4107 = FACE_BOUND('',#4108,.F.);
#4108 = EDGE_LOOP('',(#4109,#4117,#4118,#4126));
#4109 = ORIENTED_EDGE('',*,*,#4110,.F.);
#4110 = EDGE_CURVE('',#1020,#4111,#4113,.T.);
#4111 = VERTEX_POINT('',#4112);
#4112 = CARTESIAN_POINT('',(20.4,-0.4,2.7));
#4113 = LINE('',#4114,#4115);
#4114 = CARTESIAN_POINT('',(20.4,-0.4,3.45));
#4115 = VECTOR('',#4116,1.);
#4116 = DIRECTION('',(0.,0.,-1.));
#4117 = ORIENTED_EDGE('',*,*,#1019,.T.);
#4118 = ORIENTED_EDGE('',*,*,#4119,.T.);
#4119 = EDGE_CURVE('',#1022,#4120,#4122,.T.);
#4120 = VERTEX_POINT('',#4121);
#4121 = CARTESIAN_POINT('',(19.6,-0.4,2.7));
#4122 = LINE('',#4123,#4124);
#4123 = CARTESIAN_POINT('',(19.6,-0.4,3.45));
#4124 = VECTOR('',#4125,1.);
#4125 = DIRECTION('',(0.,0.,-1.));
#4126 = ORIENTED_EDGE('',*,*,#4127,.F.);
#4127 = EDGE_CURVE('',#4111,#4120,#4128,.T.);
#4128 = LINE('',#4129,#4130);
#4129 = CARTESIAN_POINT('',(21.,-0.4,2.7));
#4130 = VECTOR('',#4131,1.);
#4131 = DIRECTION('',(-1.,-0.,-0.));
#4132 = PLANE('',#4133);
#4133 = AXIS2_PLACEMENT_3D('',#4134,#4135,#4136);
#4134 = CARTESIAN_POINT('',(20.4,-0.4,3.45));
#4135 = DIRECTION('',(0.,-1.,0.));
#4136 = DIRECTION('',(0.,0.,-1.));
#4137 = ADVANCED_FACE('',(#4138),#4156,.F.);
#4138 = FACE_BOUND('',#4139,.F.);
#4139 = EDGE_LOOP('',(#4140,#4141,#4142,#4150));
#4140 = ORIENTED_EDGE('',*,*,#1029,.T.);
#4141 = ORIENTED_EDGE('',*,*,#4110,.T.);
#4142 = ORIENTED_EDGE('',*,*,#4143,.F.);
#4143 = EDGE_CURVE('',#4144,#4111,#4146,.T.);
#4144 = VERTEX_POINT('',#4145);
#4145 = CARTESIAN_POINT('',(20.4,0.4,2.7));
#4146 = LINE('',#4147,#4148);
#4147 = CARTESIAN_POINT('',(20.4,-0.765,2.7));
#4148 = VECTOR('',#4149,1.);
#4149 = DIRECTION('',(0.,-1.,0.));
#4150 = ORIENTED_EDGE('',*,*,#4151,.T.);
#4151 = EDGE_CURVE('',#4144,#1030,#4152,.T.);
#4152 = LINE('',#4153,#4154);
#4153 = CARTESIAN_POINT('',(20.4,0.4,2.45));
#4154 = VECTOR('',#4155,1.);
#4155 = DIRECTION('',(0.,0.,1.));
#4156 = PLANE('',#4157);
#4157 = AXIS2_PLACEMENT_3D('',#4158,#4159,#4160);
#4158 = CARTESIAN_POINT('',(20.4,0.,2.95));
#4159 = DIRECTION('',(1.,0.,0.));
#4160 = DIRECTION('',(0.,0.,1.));
#4161 = ADVANCED_FACE('',(#4162),#4180,.T.);
#4162 = FACE_BOUND('',#4163,.T.);
#4163 = EDGE_LOOP('',(#4164,#4165,#4166,#4174));
#4164 = ORIENTED_EDGE('',*,*,#1045,.T.);
#4165 = ORIENTED_EDGE('',*,*,#4119,.T.);
#4166 = ORIENTED_EDGE('',*,*,#4167,.F.);
#4167 = EDGE_CURVE('',#4168,#4120,#4170,.T.);
#4168 = VERTEX_POINT('',#4169);
#4169 = CARTESIAN_POINT('',(19.6,0.4,2.7));
#4170 = LINE('',#4171,#4172);
#4171 = CARTESIAN_POINT('',(19.6,-0.765,2.7));
#4172 = VECTOR('',#4173,1.);
#4173 = DIRECTION('',(0.,-1.,0.));
#4174 = ORIENTED_EDGE('',*,*,#4175,.T.);
#4175 = EDGE_CURVE('',#4168,#1038,#4176,.T.);
#4176 = LINE('',#4177,#4178);
#4177 = CARTESIAN_POINT('',(19.6,0.4,2.45));
#4178 = VECTOR('',#4179,1.);
#4179 = DIRECTION('',(0.,0.,1.));
#4180 = PLANE('',#4181);
#4181 = AXIS2_PLACEMENT_3D('',#4182,#4183,#4184);
#4182 = CARTESIAN_POINT('',(19.6,0.,2.95));
#4183 = DIRECTION('',(1.,0.,0.));
#4184 = DIRECTION('',(0.,0.,1.));
#4185 = ADVANCED_FACE('',(#4186),#4197,.F.);
#4186 = FACE_BOUND('',#4187,.F.);
#4187 = EDGE_LOOP('',(#4188,#4189,#4195,#4196));
#4188 = ORIENTED_EDGE('',*,*,#4151,.F.);
#4189 = ORIENTED_EDGE('',*,*,#4190,.F.);
#4190 = EDGE_CURVE('',#4168,#4144,#4191,.T.);
#4191 = LINE('',#4192,#4193);
#4192 = CARTESIAN_POINT('',(21.,0.4,2.7));
#4193 = VECTOR('',#4194,1.);
#4194 = DIRECTION('',(1.,0.,0.));
#4195 = ORIENTED_EDGE('',*,*,#4175,.T.);
#4196 = ORIENTED_EDGE('',*,*,#1037,.F.);
#4197 = PLANE('',#4198);
#4198 = AXIS2_PLACEMENT_3D('',#4199,#4200,#4201);
#4199 = CARTESIAN_POINT('',(20.4,0.4,2.45));
#4200 = DIRECTION('',(0.,1.,0.));
#4201 = DIRECTION('',(0.,0.,1.));
#4202 = ADVANCED_FACE('',(#4203),#4230,.F.);
#4203 = FACE_BOUND('',#4204,.F.);
#4204 = EDGE_LOOP('',(#4205,#4206,#4207,#4208,#4209,#4210,#4211,#4212,
    #4213,#4214,#4215,#4216,#4217,#4223,#4224));
#4205 = ORIENTED_EDGE('',*,*,#1228,.F.);
#4206 = ORIENTED_EDGE('',*,*,#1607,.T.);
#4207 = ORIENTED_EDGE('',*,*,#1584,.F.);
#4208 = ORIENTED_EDGE('',*,*,#1567,.T.);
#4209 = ORIENTED_EDGE('',*,*,#1543,.T.);
#4210 = ORIENTED_EDGE('',*,*,#1512,.F.);
#4211 = ORIENTED_EDGE('',*,*,#1493,.T.);
#4212 = ORIENTED_EDGE('',*,*,#1462,.F.);
#4213 = ORIENTED_EDGE('',*,*,#1444,.T.);
#4214 = ORIENTED_EDGE('',*,*,#1413,.F.);
#4215 = ORIENTED_EDGE('',*,*,#1395,.T.);
#4216 = ORIENTED_EDGE('',*,*,#1196,.F.);
#4217 = ORIENTED_EDGE('',*,*,#4218,.F.);
#4218 = EDGE_CURVE('',#3819,#1197,#4219,.T.);
#4219 = LINE('',#4220,#4221);
#4220 = CARTESIAN_POINT('',(-1.6,0.750345009569,9.2));
#4221 = VECTOR('',#4222,1.);
#4222 = DIRECTION('',(0.,-1.,0.));
#4223 = ORIENTED_EDGE('',*,*,#3826,.T.);
#4224 = ORIENTED_EDGE('',*,*,#4225,.T.);
#4225 = EDGE_CURVE('',#3538,#1221,#4226,.T.);
#4226 = LINE('',#4227,#4228);
#4227 = CARTESIAN_POINT('',(21.6,0.750345009569,9.2));
#4228 = VECTOR('',#4229,1.);
#4229 = DIRECTION('',(0.,-1.,0.));
#4230 = PLANE('',#4231);
#4231 = AXIS2_PLACEMENT_3D('',#4232,#4233,#4234);
#4232 = CARTESIAN_POINT('',(10.,0.92,9.2));
#4233 = DIRECTION('',(0.,0.,1.));
#4234 = DIRECTION('',(1.,0.,0.));
#4235 = ADVANCED_FACE('',(#4236),#4256,.T.);
#4236 = FACE_BOUND('',#4237,.T.);
#4237 = EDGE_LOOP('',(#4238,#4239,#4240,#4248,#4254,#4255));
#4238 = ORIENTED_EDGE('',*,*,#4225,.T.);
#4239 = ORIENTED_EDGE('',*,*,#1220,.T.);
#4240 = ORIENTED_EDGE('',*,*,#4241,.T.);
#4241 = EDGE_CURVE('',#1213,#4242,#4244,.T.);
#4242 = VERTEX_POINT('',#4243);
#4243 = CARTESIAN_POINT('',(21.6,0.57,2.7));
#4244 = LINE('',#4245,#4246);
#4245 = CARTESIAN_POINT('',(21.6,-1.53,2.7));
#4246 = VECTOR('',#4247,1.);
#4247 = DIRECTION('',(0.,1.,0.));
#4248 = ORIENTED_EDGE('',*,*,#4249,.T.);
#4249 = EDGE_CURVE('',#4242,#3892,#4250,.T.);
#4250 = LINE('',#4251,#4252);
#4251 = CARTESIAN_POINT('',(21.6,0.57,2.7));
#4252 = VECTOR('',#4253,1.);
#4253 = DIRECTION('',(0.,0.5,-0.866025403784));
#4254 = ORIENTED_EDGE('',*,*,#3891,.T.);
#4255 = ORIENTED_EDGE('',*,*,#3535,.T.);
#4256 = PLANE('',#4257);
#4257 = AXIS2_PLACEMENT_3D('',#4258,#4259,#4260);
#4258 = CARTESIAN_POINT('',(21.6,0.580690019138,6.030109938605));
#4259 = DIRECTION('',(1.,0.,0.));
#4260 = DIRECTION('',(0.,0.,1.));
#4261 = ADVANCED_FACE('',(#4262,#4280,#4314,#4348,#4382,#4416,#4450,
    #4484,#4518,#4552),#4558,.T.);
#4262 = FACE_BOUND('',#4263,.T.);
#4263 = EDGE_LOOP('',(#4264,#4265,#4273,#4279));
#4264 = ORIENTED_EDGE('',*,*,#1212,.T.);
#4265 = ORIENTED_EDGE('',*,*,#4266,.T.);
#4266 = EDGE_CURVE('',#1205,#4267,#4269,.T.);
#4267 = VERTEX_POINT('',#4268);
#4268 = CARTESIAN_POINT('',(-1.6,0.57,2.7));
#4269 = LINE('',#4270,#4271);
#4270 = CARTESIAN_POINT('',(-1.6,-1.53,2.7));
#4271 = VECTOR('',#4272,1.);
#4272 = DIRECTION('',(0.,1.,0.));
#4273 = ORIENTED_EDGE('',*,*,#4274,.F.);
#4274 = EDGE_CURVE('',#4242,#4267,#4275,.T.);
#4275 = LINE('',#4276,#4277);
#4276 = CARTESIAN_POINT('',(21.6,0.57,2.7));
#4277 = VECTOR('',#4278,1.);
#4278 = DIRECTION('',(-1.,-0.,-0.));
#4279 = ORIENTED_EDGE('',*,*,#4241,.F.);
#4280 = FACE_BOUND('',#4281,.T.);
#4281 = EDGE_LOOP('',(#4282,#4292,#4300,#4308));
#4282 = ORIENTED_EDGE('',*,*,#4283,.F.);
#4283 = EDGE_CURVE('',#4284,#4286,#4288,.T.);
#4284 = VERTEX_POINT('',#4285);
#4285 = CARTESIAN_POINT('',(0.4,-0.4,2.7));
#4286 = VERTEX_POINT('',#4287);
#4287 = CARTESIAN_POINT('',(-0.4,-0.4,2.7));
#4288 = LINE('',#4289,#4290);
#4289 = CARTESIAN_POINT('',(11.,-0.4,2.7));
#4290 = VECTOR('',#4291,1.);
#4291 = DIRECTION('',(-1.,-0.,-0.));
#4292 = ORIENTED_EDGE('',*,*,#4293,.F.);
#4293 = EDGE_CURVE('',#4294,#4284,#4296,.T.);
#4294 = VERTEX_POINT('',#4295);
#4295 = CARTESIAN_POINT('',(0.4,0.4,2.7));
#4296 = LINE('',#4297,#4298);
#4297 = CARTESIAN_POINT('',(0.4,-0.765,2.7));
#4298 = VECTOR('',#4299,1.);
#4299 = DIRECTION('',(0.,-1.,0.));
#4300 = ORIENTED_EDGE('',*,*,#4301,.F.);
#4301 = EDGE_CURVE('',#4302,#4294,#4304,.T.);
#4302 = VERTEX_POINT('',#4303);
#4303 = CARTESIAN_POINT('',(-0.4,0.4,2.7));
#4304 = LINE('',#4305,#4306);
#4305 = CARTESIAN_POINT('',(11.,0.4,2.7));
#4306 = VECTOR('',#4307,1.);
#4307 = DIRECTION('',(1.,0.,0.));
#4308 = ORIENTED_EDGE('',*,*,#4309,.T.);
#4309 = EDGE_CURVE('',#4302,#4286,#4310,.T.);
#4310 = LINE('',#4311,#4312);
#4311 = CARTESIAN_POINT('',(-0.4,-0.765,2.7));
#4312 = VECTOR('',#4313,1.);
#4313 = DIRECTION('',(0.,-1.,0.));
#4314 = FACE_BOUND('',#4315,.T.);
#4315 = EDGE_LOOP('',(#4316,#4326,#4334,#4342));
#4316 = ORIENTED_EDGE('',*,*,#4317,.F.);
#4317 = EDGE_CURVE('',#4318,#4320,#4322,.T.);
#4318 = VERTEX_POINT('',#4319);
#4319 = CARTESIAN_POINT('',(2.9,-0.4,2.7));
#4320 = VERTEX_POINT('',#4321);
#4321 = CARTESIAN_POINT('',(2.1,-0.4,2.7));
#4322 = LINE('',#4323,#4324);
#4323 = CARTESIAN_POINT('',(12.25,-0.4,2.7));
#4324 = VECTOR('',#4325,1.);
#4325 = DIRECTION('',(-1.,-0.,-0.));
#4326 = ORIENTED_EDGE('',*,*,#4327,.F.);
#4327 = EDGE_CURVE('',#4328,#4318,#4330,.T.);
#4328 = VERTEX_POINT('',#4329);
#4329 = CARTESIAN_POINT('',(2.9,0.4,2.7));
#4330 = LINE('',#4331,#4332);
#4331 = CARTESIAN_POINT('',(2.9,-0.765,2.7));
#4332 = VECTOR('',#4333,1.);
#4333 = DIRECTION('',(0.,-1.,0.));
#4334 = ORIENTED_EDGE('',*,*,#4335,.F.);
#4335 = EDGE_CURVE('',#4336,#4328,#4338,.T.);
#4336 = VERTEX_POINT('',#4337);
#4337 = CARTESIAN_POINT('',(2.1,0.4,2.7));
#4338 = LINE('',#4339,#4340);
#4339 = CARTESIAN_POINT('',(12.25,0.4,2.7));
#4340 = VECTOR('',#4341,1.);
#4341 = DIRECTION('',(1.,0.,0.));
#4342 = ORIENTED_EDGE('',*,*,#4343,.T.);
#4343 = EDGE_CURVE('',#4336,#4320,#4344,.T.);
#4344 = LINE('',#4345,#4346);
#4345 = CARTESIAN_POINT('',(2.1,-0.765,2.7));
#4346 = VECTOR('',#4347,1.);
#4347 = DIRECTION('',(0.,-1.,0.));
#4348 = FACE_BOUND('',#4349,.T.);
#4349 = EDGE_LOOP('',(#4350,#4360,#4368,#4376));
#4350 = ORIENTED_EDGE('',*,*,#4351,.F.);
#4351 = EDGE_CURVE('',#4352,#4354,#4356,.T.);
#4352 = VERTEX_POINT('',#4353);
#4353 = CARTESIAN_POINT('',(5.4,-0.4,2.7));
#4354 = VERTEX_POINT('',#4355);
#4355 = CARTESIAN_POINT('',(4.6,-0.4,2.7));
#4356 = LINE('',#4357,#4358);
#4357 = CARTESIAN_POINT('',(13.5,-0.4,2.7));
#4358 = VECTOR('',#4359,1.);
#4359 = DIRECTION('',(-1.,-0.,-0.));
#4360 = ORIENTED_EDGE('',*,*,#4361,.F.);
#4361 = EDGE_CURVE('',#4362,#4352,#4364,.T.);
#4362 = VERTEX_POINT('',#4363);
#4363 = CARTESIAN_POINT('',(5.4,0.4,2.7));
#4364 = LINE('',#4365,#4366);
#4365 = CARTESIAN_POINT('',(5.4,-0.765,2.7));
#4366 = VECTOR('',#4367,1.);
#4367 = DIRECTION('',(0.,-1.,0.));
#4368 = ORIENTED_EDGE('',*,*,#4369,.F.);
#4369 = EDGE_CURVE('',#4370,#4362,#4372,.T.);
#4370 = VERTEX_POINT('',#4371);
#4371 = CARTESIAN_POINT('',(4.6,0.4,2.7));
#4372 = LINE('',#4373,#4374);
#4373 = CARTESIAN_POINT('',(13.5,0.4,2.7));
#4374 = VECTOR('',#4375,1.);
#4375 = DIRECTION('',(1.,0.,0.));
#4376 = ORIENTED_EDGE('',*,*,#4377,.T.);
#4377 = EDGE_CURVE('',#4370,#4354,#4378,.T.);
#4378 = LINE('',#4379,#4380);
#4379 = CARTESIAN_POINT('',(4.6,-0.765,2.7));
#4380 = VECTOR('',#4381,1.);
#4381 = DIRECTION('',(0.,-1.,0.));
#4382 = FACE_BOUND('',#4383,.T.);
#4383 = EDGE_LOOP('',(#4384,#4394,#4402,#4410));
#4384 = ORIENTED_EDGE('',*,*,#4385,.F.);
#4385 = EDGE_CURVE('',#4386,#4388,#4390,.T.);
#4386 = VERTEX_POINT('',#4387);
#4387 = CARTESIAN_POINT('',(7.9,-0.4,2.7));
#4388 = VERTEX_POINT('',#4389);
#4389 = CARTESIAN_POINT('',(7.1,-0.4,2.7));
#4390 = LINE('',#4391,#4392);
#4391 = CARTESIAN_POINT('',(14.75,-0.4,2.7));
#4392 = VECTOR('',#4393,1.);
#4393 = DIRECTION('',(-1.,-0.,-0.));
#4394 = ORIENTED_EDGE('',*,*,#4395,.F.);
#4395 = EDGE_CURVE('',#4396,#4386,#4398,.T.);
#4396 = VERTEX_POINT('',#4397);
#4397 = CARTESIAN_POINT('',(7.9,0.4,2.7));
#4398 = LINE('',#4399,#4400);
#4399 = CARTESIAN_POINT('',(7.9,-0.765,2.7));
#4400 = VECTOR('',#4401,1.);
#4401 = DIRECTION('',(0.,-1.,0.));
#4402 = ORIENTED_EDGE('',*,*,#4403,.F.);
#4403 = EDGE_CURVE('',#4404,#4396,#4406,.T.);
#4404 = VERTEX_POINT('',#4405);
#4405 = CARTESIAN_POINT('',(7.1,0.4,2.7));
#4406 = LINE('',#4407,#4408);
#4407 = CARTESIAN_POINT('',(14.75,0.4,2.7));
#4408 = VECTOR('',#4409,1.);
#4409 = DIRECTION('',(1.,0.,0.));
#4410 = ORIENTED_EDGE('',*,*,#4411,.T.);
#4411 = EDGE_CURVE('',#4404,#4388,#4412,.T.);
#4412 = LINE('',#4413,#4414);
#4413 = CARTESIAN_POINT('',(7.1,-0.765,2.7));
#4414 = VECTOR('',#4415,1.);
#4415 = DIRECTION('',(0.,-1.,0.));
#4416 = FACE_BOUND('',#4417,.T.);
#4417 = EDGE_LOOP('',(#4418,#4428,#4436,#4444));
#4418 = ORIENTED_EDGE('',*,*,#4419,.F.);
#4419 = EDGE_CURVE('',#4420,#4422,#4424,.T.);
#4420 = VERTEX_POINT('',#4421);
#4421 = CARTESIAN_POINT('',(10.4,-0.4,2.7));
#4422 = VERTEX_POINT('',#4423);
#4423 = CARTESIAN_POINT('',(9.6,-0.4,2.7));
#4424 = LINE('',#4425,#4426);
#4425 = CARTESIAN_POINT('',(16.,-0.4,2.7));
#4426 = VECTOR('',#4427,1.);
#4427 = DIRECTION('',(-1.,-0.,-0.));
#4428 = ORIENTED_EDGE('',*,*,#4429,.F.);
#4429 = EDGE_CURVE('',#4430,#4420,#4432,.T.);
#4430 = VERTEX_POINT('',#4431);
#4431 = CARTESIAN_POINT('',(10.4,0.4,2.7));
#4432 = LINE('',#4433,#4434);
#4433 = CARTESIAN_POINT('',(10.4,-0.765,2.7));
#4434 = VECTOR('',#4435,1.);
#4435 = DIRECTION('',(0.,-1.,0.));
#4436 = ORIENTED_EDGE('',*,*,#4437,.F.);
#4437 = EDGE_CURVE('',#4438,#4430,#4440,.T.);
#4438 = VERTEX_POINT('',#4439);
#4439 = CARTESIAN_POINT('',(9.6,0.4,2.7));
#4440 = LINE('',#4441,#4442);
#4441 = CARTESIAN_POINT('',(16.,0.4,2.7));
#4442 = VECTOR('',#4443,1.);
#4443 = DIRECTION('',(1.,0.,0.));
#4444 = ORIENTED_EDGE('',*,*,#4445,.T.);
#4445 = EDGE_CURVE('',#4438,#4422,#4446,.T.);
#4446 = LINE('',#4447,#4448);
#4447 = CARTESIAN_POINT('',(9.6,-0.765,2.7));
#4448 = VECTOR('',#4449,1.);
#4449 = DIRECTION('',(0.,-1.,0.));
#4450 = FACE_BOUND('',#4451,.T.);
#4451 = EDGE_LOOP('',(#4452,#4462,#4470,#4478));
#4452 = ORIENTED_EDGE('',*,*,#4453,.F.);
#4453 = EDGE_CURVE('',#4454,#4456,#4458,.T.);
#4454 = VERTEX_POINT('',#4455);
#4455 = CARTESIAN_POINT('',(12.9,-0.4,2.7));
#4456 = VERTEX_POINT('',#4457);
#4457 = CARTESIAN_POINT('',(12.1,-0.4,2.7));
#4458 = LINE('',#4459,#4460);
#4459 = CARTESIAN_POINT('',(17.25,-0.4,2.7));
#4460 = VECTOR('',#4461,1.);
#4461 = DIRECTION('',(-1.,-0.,-0.));
#4462 = ORIENTED_EDGE('',*,*,#4463,.F.);
#4463 = EDGE_CURVE('',#4464,#4454,#4466,.T.);
#4464 = VERTEX_POINT('',#4465);
#4465 = CARTESIAN_POINT('',(12.9,0.4,2.7));
#4466 = LINE('',#4467,#4468);
#4467 = CARTESIAN_POINT('',(12.9,-0.765,2.7));
#4468 = VECTOR('',#4469,1.);
#4469 = DIRECTION('',(0.,-1.,0.));
#4470 = ORIENTED_EDGE('',*,*,#4471,.F.);
#4471 = EDGE_CURVE('',#4472,#4464,#4474,.T.);
#4472 = VERTEX_POINT('',#4473);
#4473 = CARTESIAN_POINT('',(12.1,0.4,2.7));
#4474 = LINE('',#4475,#4476);
#4475 = CARTESIAN_POINT('',(17.25,0.4,2.7));
#4476 = VECTOR('',#4477,1.);
#4477 = DIRECTION('',(1.,0.,0.));
#4478 = ORIENTED_EDGE('',*,*,#4479,.T.);
#4479 = EDGE_CURVE('',#4472,#4456,#4480,.T.);
#4480 = LINE('',#4481,#4482);
#4481 = CARTESIAN_POINT('',(12.1,-0.765,2.7));
#4482 = VECTOR('',#4483,1.);
#4483 = DIRECTION('',(0.,-1.,0.));
#4484 = FACE_BOUND('',#4485,.T.);
#4485 = EDGE_LOOP('',(#4486,#4496,#4504,#4512));
#4486 = ORIENTED_EDGE('',*,*,#4487,.F.);
#4487 = EDGE_CURVE('',#4488,#4490,#4492,.T.);
#4488 = VERTEX_POINT('',#4489);
#4489 = CARTESIAN_POINT('',(15.4,-0.4,2.7));
#4490 = VERTEX_POINT('',#4491);
#4491 = CARTESIAN_POINT('',(14.6,-0.4,2.7));
#4492 = LINE('',#4493,#4494);
#4493 = CARTESIAN_POINT('',(18.5,-0.4,2.7));
#4494 = VECTOR('',#4495,1.);
#4495 = DIRECTION('',(-1.,-0.,-0.));
#4496 = ORIENTED_EDGE('',*,*,#4497,.F.);
#4497 = EDGE_CURVE('',#4498,#4488,#4500,.T.);
#4498 = VERTEX_POINT('',#4499);
#4499 = CARTESIAN_POINT('',(15.4,0.4,2.7));
#4500 = LINE('',#4501,#4502);
#4501 = CARTESIAN_POINT('',(15.4,-0.765,2.7));
#4502 = VECTOR('',#4503,1.);
#4503 = DIRECTION('',(0.,-1.,0.));
#4504 = ORIENTED_EDGE('',*,*,#4505,.F.);
#4505 = EDGE_CURVE('',#4506,#4498,#4508,.T.);
#4506 = VERTEX_POINT('',#4507);
#4507 = CARTESIAN_POINT('',(14.6,0.4,2.7));
#4508 = LINE('',#4509,#4510);
#4509 = CARTESIAN_POINT('',(18.5,0.4,2.7));
#4510 = VECTOR('',#4511,1.);
#4511 = DIRECTION('',(1.,0.,0.));
#4512 = ORIENTED_EDGE('',*,*,#4513,.T.);
#4513 = EDGE_CURVE('',#4506,#4490,#4514,.T.);
#4514 = LINE('',#4515,#4516);
#4515 = CARTESIAN_POINT('',(14.6,-0.765,2.7));
#4516 = VECTOR('',#4517,1.);
#4517 = DIRECTION('',(0.,-1.,0.));
#4518 = FACE_BOUND('',#4519,.T.);
#4519 = EDGE_LOOP('',(#4520,#4530,#4538,#4546));
#4520 = ORIENTED_EDGE('',*,*,#4521,.F.);
#4521 = EDGE_CURVE('',#4522,#4524,#4526,.T.);
#4522 = VERTEX_POINT('',#4523);
#4523 = CARTESIAN_POINT('',(17.9,-0.4,2.7));
#4524 = VERTEX_POINT('',#4525);
#4525 = CARTESIAN_POINT('',(17.1,-0.4,2.7));
#4526 = LINE('',#4527,#4528);
#4527 = CARTESIAN_POINT('',(19.75,-0.4,2.7));
#4528 = VECTOR('',#4529,1.);
#4529 = DIRECTION('',(-1.,-0.,-0.));
#4530 = ORIENTED_EDGE('',*,*,#4531,.F.);
#4531 = EDGE_CURVE('',#4532,#4522,#4534,.T.);
#4532 = VERTEX_POINT('',#4533);
#4533 = CARTESIAN_POINT('',(17.9,0.4,2.7));
#4534 = LINE('',#4535,#4536);
#4535 = CARTESIAN_POINT('',(17.9,-0.765,2.7));
#4536 = VECTOR('',#4537,1.);
#4537 = DIRECTION('',(0.,-1.,0.));
#4538 = ORIENTED_EDGE('',*,*,#4539,.F.);
#4539 = EDGE_CURVE('',#4540,#4532,#4542,.T.);
#4540 = VERTEX_POINT('',#4541);
#4541 = CARTESIAN_POINT('',(17.1,0.4,2.7));
#4542 = LINE('',#4543,#4544);
#4543 = CARTESIAN_POINT('',(19.75,0.4,2.7));
#4544 = VECTOR('',#4545,1.);
#4545 = DIRECTION('',(1.,0.,0.));
#4546 = ORIENTED_EDGE('',*,*,#4547,.T.);
#4547 = EDGE_CURVE('',#4540,#4524,#4548,.T.);
#4548 = LINE('',#4549,#4550);
#4549 = CARTESIAN_POINT('',(17.1,-0.765,2.7));
#4550 = VECTOR('',#4551,1.);
#4551 = DIRECTION('',(0.,-1.,0.));
#4552 = FACE_BOUND('',#4553,.T.);
#4553 = EDGE_LOOP('',(#4554,#4555,#4556,#4557));
#4554 = ORIENTED_EDGE('',*,*,#4127,.F.);
#4555 = ORIENTED_EDGE('',*,*,#4143,.F.);
#4556 = ORIENTED_EDGE('',*,*,#4190,.F.);
#4557 = ORIENTED_EDGE('',*,*,#4167,.T.);
#4558 = PLANE('',#4559);
#4559 = AXIS2_PLACEMENT_3D('',#4560,#4561,#4562);
#4560 = CARTESIAN_POINT('',(21.6,-1.53,2.7));
#4561 = DIRECTION('',(0.,0.,-1.));
#4562 = DIRECTION('',(0.,1.,0.));
#4563 = ADVANCED_FACE('',(#4564),#4577,.F.);
#4564 = FACE_BOUND('',#4565,.F.);
#4565 = EDGE_LOOP('',(#4566,#4567,#4568,#4569,#4575,#4576));
#4566 = ORIENTED_EDGE('',*,*,#4218,.T.);
#4567 = ORIENTED_EDGE('',*,*,#1204,.T.);
#4568 = ORIENTED_EDGE('',*,*,#4266,.T.);
#4569 = ORIENTED_EDGE('',*,*,#4570,.T.);
#4570 = EDGE_CURVE('',#4267,#3900,#4571,.T.);
#4571 = LINE('',#4572,#4573);
#4572 = CARTESIAN_POINT('',(-1.6,0.57,2.7));
#4573 = VECTOR('',#4574,1.);
#4574 = DIRECTION('',(0.,0.5,-0.866025403784));
#4575 = ORIENTED_EDGE('',*,*,#3907,.T.);
#4576 = ORIENTED_EDGE('',*,*,#3818,.T.);
#4577 = PLANE('',#4578);
#4578 = AXIS2_PLACEMENT_3D('',#4579,#4580,#4581);
#4579 = CARTESIAN_POINT('',(-1.6,0.580690019138,6.030109938605));
#4580 = DIRECTION('',(1.,0.,0.));
#4581 = DIRECTION('',(0.,0.,1.));
#4582 = ADVANCED_FACE('',(#4583),#4594,.T.);
#4583 = FACE_BOUND('',#4584,.T.);
#4584 = EDGE_LOOP('',(#4585,#4591,#4592,#4593));
#4585 = ORIENTED_EDGE('',*,*,#4586,.T.);
#4586 = EDGE_CURVE('',#1166,#1275,#4587,.T.);
#4587 = LINE('',#4588,#4589);
#4588 = CARTESIAN_POINT('',(-0.65,-1.53,5.7));
#4589 = VECTOR('',#4590,1.);
#4590 = DIRECTION('',(0.,-1.,2.22044604925E-16));
#4591 = ORIENTED_EDGE('',*,*,#1274,.T.);
#4592 = ORIENTED_EDGE('',*,*,#1372,.F.);
#4593 = ORIENTED_EDGE('',*,*,#1173,.F.);
#4594 = PLANE('',#4595);
#4595 = AXIS2_PLACEMENT_3D('',#4596,#4597,#4598);
#4596 = CARTESIAN_POINT('',(-0.65,-1.53,5.7));
#4597 = DIRECTION('',(0.,2.22044604925E-16,1.));
#4598 = DIRECTION('',(1.,0.,0.));
#4599 = ADVANCED_FACE('',(#4600),#4611,.T.);
#4600 = FACE_BOUND('',#4601,.T.);
#4601 = EDGE_LOOP('',(#4602,#4608,#4609,#4610));
#4602 = ORIENTED_EDGE('',*,*,#4603,.T.);
#4603 = EDGE_CURVE('',#1158,#1283,#4604,.T.);
#4604 = LINE('',#4605,#4606);
#4605 = CARTESIAN_POINT('',(-0.65,-1.53,4.9));
#4606 = VECTOR('',#4607,1.);
#4607 = DIRECTION('',(0.,-1.,2.22044604925E-16));
#4608 = ORIENTED_EDGE('',*,*,#1282,.T.);
#4609 = ORIENTED_EDGE('',*,*,#4586,.F.);
#4610 = ORIENTED_EDGE('',*,*,#1165,.F.);
#4611 = PLANE('',#4612);
#4612 = AXIS2_PLACEMENT_3D('',#4613,#4614,#4615);
#4613 = CARTESIAN_POINT('',(-0.65,-1.53,4.9));
#4614 = DIRECTION('',(-1.,0.,0.));
#4615 = DIRECTION('',(0.,2.22044604925E-16,1.));
#4616 = ADVANCED_FACE('',(#4617),#4628,.T.);
#4617 = FACE_BOUND('',#4618,.T.);
#4618 = EDGE_LOOP('',(#4619,#4625,#4626,#4627));
#4619 = ORIENTED_EDGE('',*,*,#4620,.T.);
#4620 = EDGE_CURVE('',#1150,#1291,#4621,.T.);
#4621 = LINE('',#4622,#4623);
#4622 = CARTESIAN_POINT('',(5.E-02,-1.53,3.7));
#4623 = VECTOR('',#4624,1.);
#4624 = DIRECTION('',(0.,-1.,2.22044604925E-16));
#4625 = ORIENTED_EDGE('',*,*,#1290,.T.);
#4626 = ORIENTED_EDGE('',*,*,#4603,.F.);
#4627 = ORIENTED_EDGE('',*,*,#1157,.F.);
#4628 = PLANE('',#4629);
#4629 = AXIS2_PLACEMENT_3D('',#4630,#4631,#4632);
#4630 = CARTESIAN_POINT('',(5.E-02,-1.53,3.7));
#4631 = DIRECTION('',(-0.863778900898,-1.118818427957E-16,
    -0.503871025524));
#4632 = DIRECTION('',(-0.503871025524,1.917974447926E-16,0.863778900898)
  );
#4633 = ADVANCED_FACE('',(#4634),#4645,.T.);
#4634 = FACE_BOUND('',#4635,.T.);
#4635 = EDGE_LOOP('',(#4636,#4642,#4643,#4644));
#4636 = ORIENTED_EDGE('',*,*,#4637,.T.);
#4637 = EDGE_CURVE('',#1142,#1299,#4638,.T.);
#4638 = LINE('',#4639,#4640);
#4639 = CARTESIAN_POINT('',(0.65,-1.53,3.7));
#4640 = VECTOR('',#4641,1.);
#4641 = DIRECTION('',(0.,-1.,2.22044604925E-16));
#4642 = ORIENTED_EDGE('',*,*,#1298,.T.);
#4643 = ORIENTED_EDGE('',*,*,#4620,.F.);
#4644 = ORIENTED_EDGE('',*,*,#1149,.F.);
#4645 = PLANE('',#4646);
#4646 = AXIS2_PLACEMENT_3D('',#4647,#4648,#4649);
#4647 = CARTESIAN_POINT('',(0.65,-1.53,3.7));
#4648 = DIRECTION('',(-0.,-2.22044604925E-16,-1.));
#4649 = DIRECTION('',(-1.,0.,0.));
#4650 = ADVANCED_FACE('',(#4651),#4662,.T.);
#4651 = FACE_BOUND('',#4652,.T.);
#4652 = EDGE_LOOP('',(#4653,#4659,#4660,#4661));
#4653 = ORIENTED_EDGE('',*,*,#4654,.T.);
#4654 = EDGE_CURVE('',#1134,#1307,#4655,.T.);
#4655 = LINE('',#4656,#4657);
#4656 = CARTESIAN_POINT('',(0.65,-1.53,9.));
#4657 = VECTOR('',#4658,1.);
#4658 = DIRECTION('',(0.,-1.,2.22044604925E-16));
#4659 = ORIENTED_EDGE('',*,*,#1306,.T.);
#4660 = ORIENTED_EDGE('',*,*,#4637,.F.);
#4661 = ORIENTED_EDGE('',*,*,#1141,.F.);
#4662 = PLANE('',#4663);
#4663 = AXIS2_PLACEMENT_3D('',#4664,#4665,#4666);
#4664 = CARTESIAN_POINT('',(0.65,-1.53,9.));
#4665 = DIRECTION('',(1.,0.,0.));
#4666 = DIRECTION('',(0.,-2.22044604925E-16,-1.));
#4667 = ADVANCED_FACE('',(#4668),#4679,.F.);
#4668 = FACE_BOUND('',#4669,.F.);
#4669 = EDGE_LOOP('',(#4670,#4671,#4672,#4678));
#4670 = ORIENTED_EDGE('',*,*,#4654,.T.);
#4671 = ORIENTED_EDGE('',*,*,#1314,.T.);
#4672 = ORIENTED_EDGE('',*,*,#4673,.F.);
#4673 = EDGE_CURVE('',#1126,#1315,#4674,.T.);
#4674 = LINE('',#4675,#4676);
#4675 = CARTESIAN_POINT('',(19.35,-1.53,9.));
#4676 = VECTOR('',#4677,1.);
#4677 = DIRECTION('',(0.,-1.,2.22044604925E-16));
#4678 = ORIENTED_EDGE('',*,*,#1133,.F.);
#4679 = PLANE('',#4680);
#4680 = AXIS2_PLACEMENT_3D('',#4681,#4682,#4683);
#4681 = CARTESIAN_POINT('',(0.65,-1.53,9.));
#4682 = DIRECTION('',(0.,2.22044604925E-16,1.));
#4683 = DIRECTION('',(1.,0.,0.));
#4684 = ADVANCED_FACE('',(#4685),#4696,.F.);
#4685 = FACE_BOUND('',#4686,.F.);
#4686 = EDGE_LOOP('',(#4687,#4688,#4689,#4695));
#4687 = ORIENTED_EDGE('',*,*,#4673,.T.);
#4688 = ORIENTED_EDGE('',*,*,#1322,.T.);
#4689 = ORIENTED_EDGE('',*,*,#4690,.F.);
#4690 = EDGE_CURVE('',#1118,#1323,#4691,.T.);
#4691 = LINE('',#4692,#4693);
#4692 = CARTESIAN_POINT('',(19.35,-1.53,3.7));
#4693 = VECTOR('',#4694,1.);
#4694 = DIRECTION('',(0.,-1.,2.22044604925E-16));
#4695 = ORIENTED_EDGE('',*,*,#1125,.F.);
#4696 = PLANE('',#4697);
#4697 = AXIS2_PLACEMENT_3D('',#4698,#4699,#4700);
#4698 = CARTESIAN_POINT('',(19.35,-1.53,9.));
#4699 = DIRECTION('',(1.,0.,0.));
#4700 = DIRECTION('',(0.,-2.22044604925E-16,-1.));
#4701 = ADVANCED_FACE('',(#4702),#4713,.F.);
#4702 = FACE_BOUND('',#4703,.F.);
#4703 = EDGE_LOOP('',(#4704,#4705,#4706,#4712));
#4704 = ORIENTED_EDGE('',*,*,#4690,.T.);
#4705 = ORIENTED_EDGE('',*,*,#1330,.T.);
#4706 = ORIENTED_EDGE('',*,*,#4707,.F.);
#4707 = EDGE_CURVE('',#1110,#1331,#4708,.T.);
#4708 = LINE('',#4709,#4710);
#4709 = CARTESIAN_POINT('',(19.95,-1.53,3.7));
#4710 = VECTOR('',#4711,1.);
#4711 = DIRECTION('',(0.,-1.,2.22044604925E-16));
#4712 = ORIENTED_EDGE('',*,*,#1117,.F.);
#4713 = PLANE('',#4714);
#4714 = AXIS2_PLACEMENT_3D('',#4715,#4716,#4717);
#4715 = CARTESIAN_POINT('',(19.35,-1.53,3.7));
#4716 = DIRECTION('',(0.,2.22044604925E-16,1.));
#4717 = DIRECTION('',(1.,0.,0.));
#4718 = ADVANCED_FACE('',(#4719),#4730,.F.);
#4719 = FACE_BOUND('',#4720,.F.);
#4720 = EDGE_LOOP('',(#4721,#4722,#4723,#4729));
#4721 = ORIENTED_EDGE('',*,*,#4707,.T.);
#4722 = ORIENTED_EDGE('',*,*,#1338,.T.);
#4723 = ORIENTED_EDGE('',*,*,#4724,.F.);
#4724 = EDGE_CURVE('',#1102,#1339,#4725,.T.);
#4725 = LINE('',#4726,#4727);
#4726 = CARTESIAN_POINT('',(20.65,-1.53,4.9));
#4727 = VECTOR('',#4728,1.);
#4728 = DIRECTION('',(0.,-1.,2.22044604925E-16));
#4729 = ORIENTED_EDGE('',*,*,#1109,.F.);
#4730 = PLANE('',#4731);
#4731 = AXIS2_PLACEMENT_3D('',#4732,#4733,#4734);
#4732 = CARTESIAN_POINT('',(19.95,-1.53,3.7));
#4733 = DIRECTION('',(-0.863778900898,1.118818427957E-16,0.503871025524)
  );
#4734 = DIRECTION('',(0.503871025524,1.917974447926E-16,0.863778900898)
  );
#4735 = ADVANCED_FACE('',(#4736),#4747,.F.);
#4736 = FACE_BOUND('',#4737,.F.);
#4737 = EDGE_LOOP('',(#4738,#4739,#4740,#4746));
#4738 = ORIENTED_EDGE('',*,*,#4724,.T.);
#4739 = ORIENTED_EDGE('',*,*,#1346,.T.);
#4740 = ORIENTED_EDGE('',*,*,#4741,.F.);
#4741 = EDGE_CURVE('',#1094,#1347,#4742,.T.);
#4742 = LINE('',#4743,#4744);
#4743 = CARTESIAN_POINT('',(20.65,-1.53,5.7));
#4744 = VECTOR('',#4745,1.);
#4745 = DIRECTION('',(0.,-1.,2.22044604925E-16));
#4746 = ORIENTED_EDGE('',*,*,#1101,.F.);
#4747 = PLANE('',#4748);
#4748 = AXIS2_PLACEMENT_3D('',#4749,#4750,#4751);
#4749 = CARTESIAN_POINT('',(20.65,-1.53,4.9));
#4750 = DIRECTION('',(-1.,0.,0.));
#4751 = DIRECTION('',(0.,2.22044604925E-16,1.));
#4752 = ADVANCED_FACE('',(#4753),#4759,.F.);
#4753 = FACE_BOUND('',#4754,.F.);
#4754 = EDGE_LOOP('',(#4755,#4756,#4757,#4758));
#4755 = ORIENTED_EDGE('',*,*,#4741,.T.);
#4756 = ORIENTED_EDGE('',*,*,#1354,.T.);
#4757 = ORIENTED_EDGE('',*,*,#1251,.F.);
#4758 = ORIENTED_EDGE('',*,*,#1093,.F.);
#4759 = PLANE('',#4760);
#4760 = AXIS2_PLACEMENT_3D('',#4761,#4762,#4763);
#4761 = CARTESIAN_POINT('',(20.65,-1.53,5.7));
#4762 = DIRECTION('',(-0.,-2.22044604925E-16,-1.));
#4763 = DIRECTION('',(-1.,0.,0.));
#4764 = ADVANCED_FACE('',(#4765),#4785,.F.);
#4765 = FACE_BOUND('',#4766,.F.);
#4766 = EDGE_LOOP('',(#4767,#4773,#4774,#4780,#4781,#4782,#4783,#4784));
#4767 = ORIENTED_EDGE('',*,*,#4768,.F.);
#4768 = EDGE_CURVE('',#3787,#1641,#4769,.T.);
#4769 = LINE('',#4770,#4771);
#4770 = CARTESIAN_POINT('',(0.6,2.57,5.25));
#4771 = VECTOR('',#4772,1.);
#4772 = DIRECTION('',(0.,-1.,0.));
#4773 = ORIENTED_EDGE('',*,*,#3794,.T.);
#4774 = ORIENTED_EDGE('',*,*,#4775,.T.);
#4775 = EDGE_CURVE('',#3795,#1818,#4776,.T.);
#4776 = LINE('',#4777,#4778);
#4777 = CARTESIAN_POINT('',(-0.6,2.57,5.25));
#4778 = VECTOR('',#4779,1.);
#4779 = DIRECTION('',(0.,-1.,0.));
#4780 = ORIENTED_EDGE('',*,*,#1817,.F.);
#4781 = ORIENTED_EDGE('',*,*,#1799,.T.);
#4782 = ORIENTED_EDGE('',*,*,#1743,.F.);
#4783 = ORIENTED_EDGE('',*,*,#1696,.F.);
#4784 = ORIENTED_EDGE('',*,*,#1648,.F.);
#4785 = PLANE('',#4786);
#4786 = AXIS2_PLACEMENT_3D('',#4787,#4788,#4789);
#4787 = CARTESIAN_POINT('',(0.6,2.57,5.25));
#4788 = DIRECTION('',(0.,0.,1.));
#4789 = DIRECTION('',(0.,-1.,0.));
#4790 = ADVANCED_FACE('',(#4791),#4827,.F.);
#4791 = FACE_BOUND('',#4792,.F.);
#4792 = EDGE_LOOP('',(#4793,#4794,#4795,#4796,#4804,#4812,#4820,#4826));
#4793 = ORIENTED_EDGE('',*,*,#3786,.T.);
#4794 = ORIENTED_EDGE('',*,*,#4768,.T.);
#4795 = ORIENTED_EDGE('',*,*,#1640,.T.);
#4796 = ORIENTED_EDGE('',*,*,#4797,.T.);
#4797 = EDGE_CURVE('',#1633,#4798,#4800,.T.);
#4798 = VERTEX_POINT('',#4799);
#4799 = CARTESIAN_POINT('',(0.6,0.5468198,3.45));
#4800 = LINE('',#4801,#4802);
#4801 = CARTESIAN_POINT('',(0.6,1.52,3.45));
#4802 = VECTOR('',#4803,1.);
#4803 = DIRECTION('',(0.,-1.,0.));
#4804 = ORIENTED_EDGE('',*,*,#4805,.T.);
#4805 = EDGE_CURVE('',#4798,#4806,#4808,.T.);
#4806 = VERTEX_POINT('',#4807);
#4807 = CARTESIAN_POINT('',(0.6,1.044,2.6151));
#4808 = LINE('',#4809,#4810);
#4809 = CARTESIAN_POINT('',(0.6,0.5468198,3.45));
#4810 = VECTOR('',#4811,1.);
#4811 = DIRECTION('',(0.,0.511647917429,-0.859195209828));
#4812 = ORIENTED_EDGE('',*,*,#4813,.T.);
#4813 = EDGE_CURVE('',#4806,#4814,#4816,.T.);
#4814 = VERTEX_POINT('',#4815);
#4815 = CARTESIAN_POINT('',(0.6,1.52,2.6151));
#4816 = LINE('',#4817,#4818);
#4817 = CARTESIAN_POINT('',(0.6,1.044,2.6151));
#4818 = VECTOR('',#4819,1.);
#4819 = DIRECTION('',(0.,1.,0.));
#4820 = ORIENTED_EDGE('',*,*,#4821,.T.);
#4821 = EDGE_CURVE('',#4814,#3923,#4822,.T.);
#4822 = LINE('',#4823,#4824);
#4823 = CARTESIAN_POINT('',(0.6,1.52,2.6151));
#4824 = VECTOR('',#4825,1.);
#4825 = DIRECTION('',(0.,0.,-1.));
#4826 = ORIENTED_EDGE('',*,*,#3930,.T.);
#4827 = PLANE('',#4828);
#4828 = AXIS2_PLACEMENT_3D('',#4829,#4830,#4831);
#4829 = CARTESIAN_POINT('',(0.6,1.834452703854,3.573485056924));
#4830 = DIRECTION('',(1.,0.,0.));
#4831 = DIRECTION('',(0.,0.,1.));
#4832 = ADVANCED_FACE('',(#4833,#4855),#4889,.F.);
#4833 = FACE_BOUND('',#4834,.F.);
#4834 = EDGE_LOOP('',(#4835,#4836,#4837,#4838,#4839,#4847,#4853,#4854));
#4835 = ORIENTED_EDGE('',*,*,#1671,.F.);
#4836 = ORIENTED_EDGE('',*,*,#1728,.T.);
#4837 = ORIENTED_EDGE('',*,*,#1767,.T.);
#4838 = ORIENTED_EDGE('',*,*,#1833,.F.);
#4839 = ORIENTED_EDGE('',*,*,#4840,.T.);
#4840 = EDGE_CURVE('',#1826,#4841,#4843,.T.);
#4841 = VERTEX_POINT('',#4842);
#4842 = CARTESIAN_POINT('',(-0.6,0.5468198,3.45));
#4843 = LINE('',#4844,#4845);
#4844 = CARTESIAN_POINT('',(-0.6,1.52,3.45));
#4845 = VECTOR('',#4846,1.);
#4846 = DIRECTION('',(0.,-1.,0.));
#4847 = ORIENTED_EDGE('',*,*,#4848,.F.);
#4848 = EDGE_CURVE('',#4798,#4841,#4849,.T.);
#4849 = LINE('',#4850,#4851);
#4850 = CARTESIAN_POINT('',(0.6,0.5468198,3.45));
#4851 = VECTOR('',#4852,1.);
#4852 = DIRECTION('',(-1.,-0.,-0.));
#4853 = ORIENTED_EDGE('',*,*,#4797,.F.);
#4854 = ORIENTED_EDGE('',*,*,#1632,.F.);
#4855 = FACE_BOUND('',#4856,.F.);
#4856 = EDGE_LOOP('',(#4857,#4867,#4875,#4883));
#4857 = ORIENTED_EDGE('',*,*,#4858,.F.);
#4858 = EDGE_CURVE('',#4859,#4861,#4863,.T.);
#4859 = VERTEX_POINT('',#4860);
#4860 = CARTESIAN_POINT('',(0.4,-0.4,3.45));
#4861 = VERTEX_POINT('',#4862);
#4862 = CARTESIAN_POINT('',(-0.4,-0.4,3.45));
#4863 = LINE('',#4864,#4865);
#4864 = CARTESIAN_POINT('',(0.4,-0.4,3.45));
#4865 = VECTOR('',#4866,1.);
#4866 = DIRECTION('',(-1.,-0.,-0.));
#4867 = ORIENTED_EDGE('',*,*,#4868,.F.);
#4868 = EDGE_CURVE('',#4869,#4859,#4871,.T.);
#4869 = VERTEX_POINT('',#4870);
#4870 = CARTESIAN_POINT('',(0.4,0.4,3.45));
#4871 = LINE('',#4872,#4873);
#4872 = CARTESIAN_POINT('',(0.4,0.4,3.45));
#4873 = VECTOR('',#4874,1.);
#4874 = DIRECTION('',(0.,-1.,0.));
#4875 = ORIENTED_EDGE('',*,*,#4876,.T.);
#4876 = EDGE_CURVE('',#4869,#4877,#4879,.T.);
#4877 = VERTEX_POINT('',#4878);
#4878 = CARTESIAN_POINT('',(-0.4,0.4,3.45));
#4879 = LINE('',#4880,#4881);
#4880 = CARTESIAN_POINT('',(0.4,0.4,3.45));
#4881 = VECTOR('',#4882,1.);
#4882 = DIRECTION('',(-1.,-0.,-0.));
#4883 = ORIENTED_EDGE('',*,*,#4884,.T.);
#4884 = EDGE_CURVE('',#4877,#4861,#4885,.T.);
#4885 = LINE('',#4886,#4887);
#4886 = CARTESIAN_POINT('',(-0.4,0.4,3.45));
#4887 = VECTOR('',#4888,1.);
#4888 = DIRECTION('',(0.,-1.,0.));
#4889 = PLANE('',#4890);
#4890 = AXIS2_PLACEMENT_3D('',#4891,#4892,#4893);
#4891 = CARTESIAN_POINT('',(1.05,-0.98,3.45));
#4892 = DIRECTION('',(0.,0.,-1.));
#4893 = DIRECTION('',(0.,1.,0.));
#4894 = ADVANCED_FACE('',(#4895),#4924,.T.);
#4895 = FACE_BOUND('',#4896,.T.);
#4896 = EDGE_LOOP('',(#4897,#4898,#4899,#4900,#4901,#4909,#4917,#4923));
#4897 = ORIENTED_EDGE('',*,*,#3802,.T.);
#4898 = ORIENTED_EDGE('',*,*,#4775,.T.);
#4899 = ORIENTED_EDGE('',*,*,#1825,.T.);
#4900 = ORIENTED_EDGE('',*,*,#4840,.T.);
#4901 = ORIENTED_EDGE('',*,*,#4902,.T.);
#4902 = EDGE_CURVE('',#4841,#4903,#4905,.T.);
#4903 = VERTEX_POINT('',#4904);
#4904 = CARTESIAN_POINT('',(-0.6,1.044,2.6151));
#4905 = LINE('',#4906,#4907);
#4906 = CARTESIAN_POINT('',(-0.6,0.5468198,3.45));
#4907 = VECTOR('',#4908,1.);
#4908 = DIRECTION('',(0.,0.511647917429,-0.859195209828));
#4909 = ORIENTED_EDGE('',*,*,#4910,.T.);
#4910 = EDGE_CURVE('',#4903,#4911,#4913,.T.);
#4911 = VERTEX_POINT('',#4912);
#4912 = CARTESIAN_POINT('',(-0.6,1.52,2.6151));
#4913 = LINE('',#4914,#4915);
#4914 = CARTESIAN_POINT('',(-0.6,1.044,2.6151));
#4915 = VECTOR('',#4916,1.);
#4916 = DIRECTION('',(0.,1.,0.));
#4917 = ORIENTED_EDGE('',*,*,#4918,.T.);
#4918 = EDGE_CURVE('',#4911,#3915,#4919,.T.);
#4919 = LINE('',#4920,#4921);
#4920 = CARTESIAN_POINT('',(-0.6,1.52,2.6151));
#4921 = VECTOR('',#4922,1.);
#4922 = DIRECTION('',(0.,0.,-1.));
#4923 = ORIENTED_EDGE('',*,*,#3914,.T.);
#4924 = PLANE('',#4925);
#4925 = AXIS2_PLACEMENT_3D('',#4926,#4927,#4928);
#4926 = CARTESIAN_POINT('',(-0.6,1.834452703854,3.573485056924));
#4927 = DIRECTION('',(1.,0.,0.));
#4928 = DIRECTION('',(0.,0.,1.));
#4929 = ADVANCED_FACE('',(#4930),#4950,.F.);
#4930 = FACE_BOUND('',#4931,.F.);
#4931 = EDGE_LOOP('',(#4932,#4938,#4939,#4945,#4946,#4947,#4948,#4949));
#4932 = ORIENTED_EDGE('',*,*,#4933,.F.);
#4933 = EDGE_CURVE('',#3755,#1865,#4934,.T.);
#4934 = LINE('',#4935,#4936);
#4935 = CARTESIAN_POINT('',(3.1,2.57,5.25));
#4936 = VECTOR('',#4937,1.);
#4937 = DIRECTION('',(0.,-1.,0.));
#4938 = ORIENTED_EDGE('',*,*,#3762,.T.);
#4939 = ORIENTED_EDGE('',*,*,#4940,.T.);
#4940 = EDGE_CURVE('',#3763,#2042,#4941,.T.);
#4941 = LINE('',#4942,#4943);
#4942 = CARTESIAN_POINT('',(1.9,2.57,5.25));
#4943 = VECTOR('',#4944,1.);
#4944 = DIRECTION('',(0.,-1.,0.));
#4945 = ORIENTED_EDGE('',*,*,#2041,.F.);
#4946 = ORIENTED_EDGE('',*,*,#2023,.T.);
#4947 = ORIENTED_EDGE('',*,*,#1967,.F.);
#4948 = ORIENTED_EDGE('',*,*,#1920,.F.);
#4949 = ORIENTED_EDGE('',*,*,#1872,.F.);
#4950 = PLANE('',#4951);
#4951 = AXIS2_PLACEMENT_3D('',#4952,#4953,#4954);
#4952 = CARTESIAN_POINT('',(3.1,2.57,5.25));
#4953 = DIRECTION('',(0.,0.,1.));
#4954 = DIRECTION('',(0.,-1.,0.));
#4955 = ADVANCED_FACE('',(#4956),#4992,.F.);
#4956 = FACE_BOUND('',#4957,.F.);
#4957 = EDGE_LOOP('',(#4958,#4959,#4960,#4961,#4969,#4977,#4985,#4991));
#4958 = ORIENTED_EDGE('',*,*,#3754,.T.);
#4959 = ORIENTED_EDGE('',*,*,#4933,.T.);
#4960 = ORIENTED_EDGE('',*,*,#1864,.T.);
#4961 = ORIENTED_EDGE('',*,*,#4962,.T.);
#4962 = EDGE_CURVE('',#1857,#4963,#4965,.T.);
#4963 = VERTEX_POINT('',#4964);
#4964 = CARTESIAN_POINT('',(3.1,0.5468198,3.45));
#4965 = LINE('',#4966,#4967);
#4966 = CARTESIAN_POINT('',(3.1,1.52,3.45));
#4967 = VECTOR('',#4968,1.);
#4968 = DIRECTION('',(0.,-1.,0.));
#4969 = ORIENTED_EDGE('',*,*,#4970,.T.);
#4970 = EDGE_CURVE('',#4963,#4971,#4973,.T.);
#4971 = VERTEX_POINT('',#4972);
#4972 = CARTESIAN_POINT('',(3.1,1.044,2.6151));
#4973 = LINE('',#4974,#4975);
#4974 = CARTESIAN_POINT('',(3.1,0.5468198,3.45));
#4975 = VECTOR('',#4976,1.);
#4976 = DIRECTION('',(0.,0.511647917429,-0.859195209828));
#4977 = ORIENTED_EDGE('',*,*,#4978,.T.);
#4978 = EDGE_CURVE('',#4971,#4979,#4981,.T.);
#4979 = VERTEX_POINT('',#4980);
#4980 = CARTESIAN_POINT('',(3.1,1.52,2.6151));
#4981 = LINE('',#4982,#4983);
#4982 = CARTESIAN_POINT('',(3.1,1.044,2.6151));
#4983 = VECTOR('',#4984,1.);
#4984 = DIRECTION('',(0.,1.,0.));
#4985 = ORIENTED_EDGE('',*,*,#4986,.T.);
#4986 = EDGE_CURVE('',#4979,#3946,#4987,.T.);
#4987 = LINE('',#4988,#4989);
#4988 = CARTESIAN_POINT('',(3.1,1.52,2.6151));
#4989 = VECTOR('',#4990,1.);
#4990 = DIRECTION('',(0.,0.,-1.));
#4991 = ORIENTED_EDGE('',*,*,#3953,.T.);
#4992 = PLANE('',#4993);
#4993 = AXIS2_PLACEMENT_3D('',#4994,#4995,#4996);
#4994 = CARTESIAN_POINT('',(3.1,1.834452703854,3.573485056924));
#4995 = DIRECTION('',(1.,0.,0.));
#4996 = DIRECTION('',(0.,0.,1.));
#4997 = ADVANCED_FACE('',(#4998,#5020),#5054,.F.);
#4998 = FACE_BOUND('',#4999,.F.);
#4999 = EDGE_LOOP('',(#5000,#5001,#5002,#5003,#5004,#5012,#5018,#5019));
#5000 = ORIENTED_EDGE('',*,*,#1895,.F.);
#5001 = ORIENTED_EDGE('',*,*,#1952,.T.);
#5002 = ORIENTED_EDGE('',*,*,#1991,.T.);
#5003 = ORIENTED_EDGE('',*,*,#2057,.F.);
#5004 = ORIENTED_EDGE('',*,*,#5005,.T.);
#5005 = EDGE_CURVE('',#2050,#5006,#5008,.T.);
#5006 = VERTEX_POINT('',#5007);
#5007 = CARTESIAN_POINT('',(1.9,0.5468198,3.45));
#5008 = LINE('',#5009,#5010);
#5009 = CARTESIAN_POINT('',(1.9,1.52,3.45));
#5010 = VECTOR('',#5011,1.);
#5011 = DIRECTION('',(0.,-1.,0.));
#5012 = ORIENTED_EDGE('',*,*,#5013,.F.);
#5013 = EDGE_CURVE('',#4963,#5006,#5014,.T.);
#5014 = LINE('',#5015,#5016);
#5015 = CARTESIAN_POINT('',(3.1,0.5468198,3.45));
#5016 = VECTOR('',#5017,1.);
#5017 = DIRECTION('',(-1.,-0.,-0.));
#5018 = ORIENTED_EDGE('',*,*,#4962,.F.);
#5019 = ORIENTED_EDGE('',*,*,#1856,.F.);
#5020 = FACE_BOUND('',#5021,.F.);
#5021 = EDGE_LOOP('',(#5022,#5032,#5040,#5048));
#5022 = ORIENTED_EDGE('',*,*,#5023,.F.);
#5023 = EDGE_CURVE('',#5024,#5026,#5028,.T.);
#5024 = VERTEX_POINT('',#5025);
#5025 = CARTESIAN_POINT('',(2.9,-0.4,3.45));
#5026 = VERTEX_POINT('',#5027);
#5027 = CARTESIAN_POINT('',(2.1,-0.4,3.45));
#5028 = LINE('',#5029,#5030);
#5029 = CARTESIAN_POINT('',(2.9,-0.4,3.45));
#5030 = VECTOR('',#5031,1.);
#5031 = DIRECTION('',(-1.,-0.,-0.));
#5032 = ORIENTED_EDGE('',*,*,#5033,.F.);
#5033 = EDGE_CURVE('',#5034,#5024,#5036,.T.);
#5034 = VERTEX_POINT('',#5035);
#5035 = CARTESIAN_POINT('',(2.9,0.4,3.45));
#5036 = LINE('',#5037,#5038);
#5037 = CARTESIAN_POINT('',(2.9,0.4,3.45));
#5038 = VECTOR('',#5039,1.);
#5039 = DIRECTION('',(0.,-1.,0.));
#5040 = ORIENTED_EDGE('',*,*,#5041,.T.);
#5041 = EDGE_CURVE('',#5034,#5042,#5044,.T.);
#5042 = VERTEX_POINT('',#5043);
#5043 = CARTESIAN_POINT('',(2.1,0.4,3.45));
#5044 = LINE('',#5045,#5046);
#5045 = CARTESIAN_POINT('',(2.9,0.4,3.45));
#5046 = VECTOR('',#5047,1.);
#5047 = DIRECTION('',(-1.,-0.,-0.));
#5048 = ORIENTED_EDGE('',*,*,#5049,.T.);
#5049 = EDGE_CURVE('',#5042,#5026,#5050,.T.);
#5050 = LINE('',#5051,#5052);
#5051 = CARTESIAN_POINT('',(2.1,0.4,3.45));
#5052 = VECTOR('',#5053,1.);
#5053 = DIRECTION('',(0.,-1.,0.));
#5054 = PLANE('',#5055);
#5055 = AXIS2_PLACEMENT_3D('',#5056,#5057,#5058);
#5056 = CARTESIAN_POINT('',(3.55,-0.98,3.45));
#5057 = DIRECTION('',(0.,0.,-1.));
#5058 = DIRECTION('',(0.,1.,0.));
#5059 = ADVANCED_FACE('',(#5060),#5089,.T.);
#5060 = FACE_BOUND('',#5061,.T.);
#5061 = EDGE_LOOP('',(#5062,#5063,#5064,#5065,#5066,#5074,#5082,#5088));
#5062 = ORIENTED_EDGE('',*,*,#3770,.T.);
#5063 = ORIENTED_EDGE('',*,*,#4940,.T.);
#5064 = ORIENTED_EDGE('',*,*,#2049,.T.);
#5065 = ORIENTED_EDGE('',*,*,#5005,.T.);
#5066 = ORIENTED_EDGE('',*,*,#5067,.T.);
#5067 = EDGE_CURVE('',#5006,#5068,#5070,.T.);
#5068 = VERTEX_POINT('',#5069);
#5069 = CARTESIAN_POINT('',(1.9,1.044,2.6151));
#5070 = LINE('',#5071,#5072);
#5071 = CARTESIAN_POINT('',(1.9,0.5468198,3.45));
#5072 = VECTOR('',#5073,1.);
#5073 = DIRECTION('',(0.,0.511647917429,-0.859195209828));
#5074 = ORIENTED_EDGE('',*,*,#5075,.T.);
#5075 = EDGE_CURVE('',#5068,#5076,#5078,.T.);
#5076 = VERTEX_POINT('',#5077);
#5077 = CARTESIAN_POINT('',(1.9,1.52,2.6151));
#5078 = LINE('',#5079,#5080);
#5079 = CARTESIAN_POINT('',(1.9,1.044,2.6151));
#5080 = VECTOR('',#5081,1.);
#5081 = DIRECTION('',(0.,1.,0.));
#5082 = ORIENTED_EDGE('',*,*,#5083,.T.);
#5083 = EDGE_CURVE('',#5076,#3938,#5084,.T.);
#5084 = LINE('',#5085,#5086);
#5085 = CARTESIAN_POINT('',(1.9,1.52,2.6151));
#5086 = VECTOR('',#5087,1.);
#5087 = DIRECTION('',(0.,0.,-1.));
#5088 = ORIENTED_EDGE('',*,*,#3937,.T.);
#5089 = PLANE('',#5090);
#5090 = AXIS2_PLACEMENT_3D('',#5091,#5092,#5093);
#5091 = CARTESIAN_POINT('',(1.9,1.834452703854,3.573485056924));
#5092 = DIRECTION('',(1.,0.,0.));
#5093 = DIRECTION('',(0.,0.,1.));
#5094 = ADVANCED_FACE('',(#5095),#5115,.F.);
#5095 = FACE_BOUND('',#5096,.F.);
#5096 = EDGE_LOOP('',(#5097,#5103,#5104,#5110,#5111,#5112,#5113,#5114));
#5097 = ORIENTED_EDGE('',*,*,#5098,.F.);
#5098 = EDGE_CURVE('',#3723,#2089,#5099,.T.);
#5099 = LINE('',#5100,#5101);
#5100 = CARTESIAN_POINT('',(5.6,2.57,5.25));
#5101 = VECTOR('',#5102,1.);
#5102 = DIRECTION('',(0.,-1.,0.));
#5103 = ORIENTED_EDGE('',*,*,#3730,.T.);
#5104 = ORIENTED_EDGE('',*,*,#5105,.T.);
#5105 = EDGE_CURVE('',#3731,#2266,#5106,.T.);
#5106 = LINE('',#5107,#5108);
#5107 = CARTESIAN_POINT('',(4.4,2.57,5.25));
#5108 = VECTOR('',#5109,1.);
#5109 = DIRECTION('',(0.,-1.,0.));
#5110 = ORIENTED_EDGE('',*,*,#2265,.F.);
#5111 = ORIENTED_EDGE('',*,*,#2247,.T.);
#5112 = ORIENTED_EDGE('',*,*,#2191,.F.);
#5113 = ORIENTED_EDGE('',*,*,#2144,.F.);
#5114 = ORIENTED_EDGE('',*,*,#2096,.F.);
#5115 = PLANE('',#5116);
#5116 = AXIS2_PLACEMENT_3D('',#5117,#5118,#5119);
#5117 = CARTESIAN_POINT('',(5.6,2.57,5.25));
#5118 = DIRECTION('',(0.,0.,1.));
#5119 = DIRECTION('',(0.,-1.,0.));
#5120 = ADVANCED_FACE('',(#5121),#5157,.F.);
#5121 = FACE_BOUND('',#5122,.F.);
#5122 = EDGE_LOOP('',(#5123,#5124,#5125,#5126,#5134,#5142,#5150,#5156));
#5123 = ORIENTED_EDGE('',*,*,#3722,.T.);
#5124 = ORIENTED_EDGE('',*,*,#5098,.T.);
#5125 = ORIENTED_EDGE('',*,*,#2088,.T.);
#5126 = ORIENTED_EDGE('',*,*,#5127,.T.);
#5127 = EDGE_CURVE('',#2081,#5128,#5130,.T.);
#5128 = VERTEX_POINT('',#5129);
#5129 = CARTESIAN_POINT('',(5.6,0.5468198,3.45));
#5130 = LINE('',#5131,#5132);
#5131 = CARTESIAN_POINT('',(5.6,1.52,3.45));
#5132 = VECTOR('',#5133,1.);
#5133 = DIRECTION('',(0.,-1.,0.));
#5134 = ORIENTED_EDGE('',*,*,#5135,.T.);
#5135 = EDGE_CURVE('',#5128,#5136,#5138,.T.);
#5136 = VERTEX_POINT('',#5137);
#5137 = CARTESIAN_POINT('',(5.6,1.044,2.6151));
#5138 = LINE('',#5139,#5140);
#5139 = CARTESIAN_POINT('',(5.6,0.5468198,3.45));
#5140 = VECTOR('',#5141,1.);
#5141 = DIRECTION('',(0.,0.511647917429,-0.859195209828));
#5142 = ORIENTED_EDGE('',*,*,#5143,.T.);
#5143 = EDGE_CURVE('',#5136,#5144,#5146,.T.);
#5144 = VERTEX_POINT('',#5145);
#5145 = CARTESIAN_POINT('',(5.6,1.52,2.6151));
#5146 = LINE('',#5147,#5148);
#5147 = CARTESIAN_POINT('',(5.6,1.044,2.6151));
#5148 = VECTOR('',#5149,1.);
#5149 = DIRECTION('',(0.,1.,0.));
#5150 = ORIENTED_EDGE('',*,*,#5151,.T.);
#5151 = EDGE_CURVE('',#5144,#3969,#5152,.T.);
#5152 = LINE('',#5153,#5154);
#5153 = CARTESIAN_POINT('',(5.6,1.52,2.6151));
#5154 = VECTOR('',#5155,1.);
#5155 = DIRECTION('',(0.,0.,-1.));
#5156 = ORIENTED_EDGE('',*,*,#3976,.T.);
#5157 = PLANE('',#5158);
#5158 = AXIS2_PLACEMENT_3D('',#5159,#5160,#5161);
#5159 = CARTESIAN_POINT('',(5.6,1.834452703854,3.573485056924));
#5160 = DIRECTION('',(1.,0.,0.));
#5161 = DIRECTION('',(0.,0.,1.));
#5162 = ADVANCED_FACE('',(#5163,#5185),#5219,.F.);
#5163 = FACE_BOUND('',#5164,.F.);
#5164 = EDGE_LOOP('',(#5165,#5166,#5167,#5168,#5169,#5177,#5183,#5184));
#5165 = ORIENTED_EDGE('',*,*,#2119,.F.);
#5166 = ORIENTED_EDGE('',*,*,#2176,.T.);
#5167 = ORIENTED_EDGE('',*,*,#2215,.T.);
#5168 = ORIENTED_EDGE('',*,*,#2281,.F.);
#5169 = ORIENTED_EDGE('',*,*,#5170,.T.);
#5170 = EDGE_CURVE('',#2274,#5171,#5173,.T.);
#5171 = VERTEX_POINT('',#5172);
#5172 = CARTESIAN_POINT('',(4.4,0.5468198,3.45));
#5173 = LINE('',#5174,#5175);
#5174 = CARTESIAN_POINT('',(4.4,1.52,3.45));
#5175 = VECTOR('',#5176,1.);
#5176 = DIRECTION('',(0.,-1.,0.));
#5177 = ORIENTED_EDGE('',*,*,#5178,.F.);
#5178 = EDGE_CURVE('',#5128,#5171,#5179,.T.);
#5179 = LINE('',#5180,#5181);
#5180 = CARTESIAN_POINT('',(5.6,0.5468198,3.45));
#5181 = VECTOR('',#5182,1.);
#5182 = DIRECTION('',(-1.,-0.,-0.));
#5183 = ORIENTED_EDGE('',*,*,#5127,.F.);
#5184 = ORIENTED_EDGE('',*,*,#2080,.F.);
#5185 = FACE_BOUND('',#5186,.F.);
#5186 = EDGE_LOOP('',(#5187,#5197,#5205,#5213));
#5187 = ORIENTED_EDGE('',*,*,#5188,.F.);
#5188 = EDGE_CURVE('',#5189,#5191,#5193,.T.);
#5189 = VERTEX_POINT('',#5190);
#5190 = CARTESIAN_POINT('',(5.4,-0.4,3.45));
#5191 = VERTEX_POINT('',#5192);
#5192 = CARTESIAN_POINT('',(4.6,-0.4,3.45));
#5193 = LINE('',#5194,#5195);
#5194 = CARTESIAN_POINT('',(5.4,-0.4,3.45));
#5195 = VECTOR('',#5196,1.);
#5196 = DIRECTION('',(-1.,-0.,-0.));
#5197 = ORIENTED_EDGE('',*,*,#5198,.F.);
#5198 = EDGE_CURVE('',#5199,#5189,#5201,.T.);
#5199 = VERTEX_POINT('',#5200);
#5200 = CARTESIAN_POINT('',(5.4,0.4,3.45));
#5201 = LINE('',#5202,#5203);
#5202 = CARTESIAN_POINT('',(5.4,0.4,3.45));
#5203 = VECTOR('',#5204,1.);
#5204 = DIRECTION('',(0.,-1.,0.));
#5205 = ORIENTED_EDGE('',*,*,#5206,.T.);
#5206 = EDGE_CURVE('',#5199,#5207,#5209,.T.);
#5207 = VERTEX_POINT('',#5208);
#5208 = CARTESIAN_POINT('',(4.6,0.4,3.45));
#5209 = LINE('',#5210,#5211);
#5210 = CARTESIAN_POINT('',(5.4,0.4,3.45));
#5211 = VECTOR('',#5212,1.);
#5212 = DIRECTION('',(-1.,-0.,-0.));
#5213 = ORIENTED_EDGE('',*,*,#5214,.T.);
#5214 = EDGE_CURVE('',#5207,#5191,#5215,.T.);
#5215 = LINE('',#5216,#5217);
#5216 = CARTESIAN_POINT('',(4.6,0.4,3.45));
#5217 = VECTOR('',#5218,1.);
#5218 = DIRECTION('',(0.,-1.,0.));
#5219 = PLANE('',#5220);
#5220 = AXIS2_PLACEMENT_3D('',#5221,#5222,#5223);
#5221 = CARTESIAN_POINT('',(6.05,-0.98,3.45));
#5222 = DIRECTION('',(0.,0.,-1.));
#5223 = DIRECTION('',(0.,1.,0.));
#5224 = ADVANCED_FACE('',(#5225),#5254,.T.);
#5225 = FACE_BOUND('',#5226,.T.);
#5226 = EDGE_LOOP('',(#5227,#5228,#5229,#5230,#5231,#5239,#5247,#5253));
#5227 = ORIENTED_EDGE('',*,*,#3738,.T.);
#5228 = ORIENTED_EDGE('',*,*,#5105,.T.);
#5229 = ORIENTED_EDGE('',*,*,#2273,.T.);
#5230 = ORIENTED_EDGE('',*,*,#5170,.T.);
#5231 = ORIENTED_EDGE('',*,*,#5232,.T.);
#5232 = EDGE_CURVE('',#5171,#5233,#5235,.T.);
#5233 = VERTEX_POINT('',#5234);
#5234 = CARTESIAN_POINT('',(4.4,1.044,2.6151));
#5235 = LINE('',#5236,#5237);
#5236 = CARTESIAN_POINT('',(4.4,0.5468198,3.45));
#5237 = VECTOR('',#5238,1.);
#5238 = DIRECTION('',(0.,0.511647917429,-0.859195209828));
#5239 = ORIENTED_EDGE('',*,*,#5240,.T.);
#5240 = EDGE_CURVE('',#5233,#5241,#5243,.T.);
#5241 = VERTEX_POINT('',#5242);
#5242 = CARTESIAN_POINT('',(4.4,1.52,2.6151));
#5243 = LINE('',#5244,#5245);
#5244 = CARTESIAN_POINT('',(4.4,1.044,2.6151));
#5245 = VECTOR('',#5246,1.);
#5246 = DIRECTION('',(0.,1.,0.));
#5247 = ORIENTED_EDGE('',*,*,#5248,.T.);
#5248 = EDGE_CURVE('',#5241,#3961,#5249,.T.);
#5249 = LINE('',#5250,#5251);
#5250 = CARTESIAN_POINT('',(4.4,1.52,2.6151));
#5251 = VECTOR('',#5252,1.);
#5252 = DIRECTION('',(0.,0.,-1.));
#5253 = ORIENTED_EDGE('',*,*,#3960,.T.);
#5254 = PLANE('',#5255);
#5255 = AXIS2_PLACEMENT_3D('',#5256,#5257,#5258);
#5256 = CARTESIAN_POINT('',(4.4,1.834452703854,3.573485056924));
#5257 = DIRECTION('',(1.,0.,0.));
#5258 = DIRECTION('',(0.,0.,1.));
#5259 = ADVANCED_FACE('',(#5260),#5280,.F.);
#5260 = FACE_BOUND('',#5261,.F.);
#5261 = EDGE_LOOP('',(#5262,#5268,#5269,#5275,#5276,#5277,#5278,#5279));
#5262 = ORIENTED_EDGE('',*,*,#5263,.F.);
#5263 = EDGE_CURVE('',#3691,#2313,#5264,.T.);
#5264 = LINE('',#5265,#5266);
#5265 = CARTESIAN_POINT('',(8.1,2.57,5.25));
#5266 = VECTOR('',#5267,1.);
#5267 = DIRECTION('',(0.,-1.,0.));
#5268 = ORIENTED_EDGE('',*,*,#3698,.T.);
#5269 = ORIENTED_EDGE('',*,*,#5270,.T.);
#5270 = EDGE_CURVE('',#3699,#2490,#5271,.T.);
#5271 = LINE('',#5272,#5273);
#5272 = CARTESIAN_POINT('',(6.9,2.57,5.25));
#5273 = VECTOR('',#5274,1.);
#5274 = DIRECTION('',(0.,-1.,0.));
#5275 = ORIENTED_EDGE('',*,*,#2489,.F.);
#5276 = ORIENTED_EDGE('',*,*,#2471,.T.);
#5277 = ORIENTED_EDGE('',*,*,#2415,.F.);
#5278 = ORIENTED_EDGE('',*,*,#2368,.F.);
#5279 = ORIENTED_EDGE('',*,*,#2320,.F.);
#5280 = PLANE('',#5281);
#5281 = AXIS2_PLACEMENT_3D('',#5282,#5283,#5284);
#5282 = CARTESIAN_POINT('',(8.1,2.57,5.25));
#5283 = DIRECTION('',(0.,0.,1.));
#5284 = DIRECTION('',(0.,-1.,0.));
#5285 = ADVANCED_FACE('',(#5286),#5322,.F.);
#5286 = FACE_BOUND('',#5287,.F.);
#5287 = EDGE_LOOP('',(#5288,#5289,#5290,#5291,#5299,#5307,#5315,#5321));
#5288 = ORIENTED_EDGE('',*,*,#3690,.T.);
#5289 = ORIENTED_EDGE('',*,*,#5263,.T.);
#5290 = ORIENTED_EDGE('',*,*,#2312,.T.);
#5291 = ORIENTED_EDGE('',*,*,#5292,.T.);
#5292 = EDGE_CURVE('',#2305,#5293,#5295,.T.);
#5293 = VERTEX_POINT('',#5294);
#5294 = CARTESIAN_POINT('',(8.1,0.5468198,3.45));
#5295 = LINE('',#5296,#5297);
#5296 = CARTESIAN_POINT('',(8.1,1.52,3.45));
#5297 = VECTOR('',#5298,1.);
#5298 = DIRECTION('',(0.,-1.,0.));
#5299 = ORIENTED_EDGE('',*,*,#5300,.T.);
#5300 = EDGE_CURVE('',#5293,#5301,#5303,.T.);
#5301 = VERTEX_POINT('',#5302);
#5302 = CARTESIAN_POINT('',(8.1,1.044,2.6151));
#5303 = LINE('',#5304,#5305);
#5304 = CARTESIAN_POINT('',(8.1,0.5468198,3.45));
#5305 = VECTOR('',#5306,1.);
#5306 = DIRECTION('',(0.,0.511647917429,-0.859195209828));
#5307 = ORIENTED_EDGE('',*,*,#5308,.T.);
#5308 = EDGE_CURVE('',#5301,#5309,#5311,.T.);
#5309 = VERTEX_POINT('',#5310);
#5310 = CARTESIAN_POINT('',(8.1,1.52,2.6151));
#5311 = LINE('',#5312,#5313);
#5312 = CARTESIAN_POINT('',(8.1,1.044,2.6151));
#5313 = VECTOR('',#5314,1.);
#5314 = DIRECTION('',(0.,1.,0.));
#5315 = ORIENTED_EDGE('',*,*,#5316,.T.);
#5316 = EDGE_CURVE('',#5309,#3992,#5317,.T.);
#5317 = LINE('',#5318,#5319);
#5318 = CARTESIAN_POINT('',(8.1,1.52,2.6151));
#5319 = VECTOR('',#5320,1.);
#5320 = DIRECTION('',(0.,0.,-1.));
#5321 = ORIENTED_EDGE('',*,*,#3999,.T.);
#5322 = PLANE('',#5323);
#5323 = AXIS2_PLACEMENT_3D('',#5324,#5325,#5326);
#5324 = CARTESIAN_POINT('',(8.1,1.834452703854,3.573485056924));
#5325 = DIRECTION('',(1.,0.,0.));
#5326 = DIRECTION('',(0.,0.,1.));
#5327 = ADVANCED_FACE('',(#5328,#5350),#5384,.F.);
#5328 = FACE_BOUND('',#5329,.F.);
#5329 = EDGE_LOOP('',(#5330,#5331,#5332,#5333,#5334,#5342,#5348,#5349));
#5330 = ORIENTED_EDGE('',*,*,#2343,.F.);
#5331 = ORIENTED_EDGE('',*,*,#2400,.T.);
#5332 = ORIENTED_EDGE('',*,*,#2439,.T.);
#5333 = ORIENTED_EDGE('',*,*,#2505,.F.);
#5334 = ORIENTED_EDGE('',*,*,#5335,.T.);
#5335 = EDGE_CURVE('',#2498,#5336,#5338,.T.);
#5336 = VERTEX_POINT('',#5337);
#5337 = CARTESIAN_POINT('',(6.9,0.5468198,3.45));
#5338 = LINE('',#5339,#5340);
#5339 = CARTESIAN_POINT('',(6.9,1.52,3.45));
#5340 = VECTOR('',#5341,1.);
#5341 = DIRECTION('',(0.,-1.,0.));
#5342 = ORIENTED_EDGE('',*,*,#5343,.F.);
#5343 = EDGE_CURVE('',#5293,#5336,#5344,.T.);
#5344 = LINE('',#5345,#5346);
#5345 = CARTESIAN_POINT('',(8.1,0.5468198,3.45));
#5346 = VECTOR('',#5347,1.);
#5347 = DIRECTION('',(-1.,-0.,-0.));
#5348 = ORIENTED_EDGE('',*,*,#5292,.F.);
#5349 = ORIENTED_EDGE('',*,*,#2304,.F.);
#5350 = FACE_BOUND('',#5351,.F.);
#5351 = EDGE_LOOP('',(#5352,#5362,#5370,#5378));
#5352 = ORIENTED_EDGE('',*,*,#5353,.F.);
#5353 = EDGE_CURVE('',#5354,#5356,#5358,.T.);
#5354 = VERTEX_POINT('',#5355);
#5355 = CARTESIAN_POINT('',(7.9,-0.4,3.45));
#5356 = VERTEX_POINT('',#5357);
#5357 = CARTESIAN_POINT('',(7.1,-0.4,3.45));
#5358 = LINE('',#5359,#5360);
#5359 = CARTESIAN_POINT('',(7.9,-0.4,3.45));
#5360 = VECTOR('',#5361,1.);
#5361 = DIRECTION('',(-1.,-0.,-0.));
#5362 = ORIENTED_EDGE('',*,*,#5363,.F.);
#5363 = EDGE_CURVE('',#5364,#5354,#5366,.T.);
#5364 = VERTEX_POINT('',#5365);
#5365 = CARTESIAN_POINT('',(7.9,0.4,3.45));
#5366 = LINE('',#5367,#5368);
#5367 = CARTESIAN_POINT('',(7.9,0.4,3.45));
#5368 = VECTOR('',#5369,1.);
#5369 = DIRECTION('',(0.,-1.,0.));
#5370 = ORIENTED_EDGE('',*,*,#5371,.T.);
#5371 = EDGE_CURVE('',#5364,#5372,#5374,.T.);
#5372 = VERTEX_POINT('',#5373);
#5373 = CARTESIAN_POINT('',(7.1,0.4,3.45));
#5374 = LINE('',#5375,#5376);
#5375 = CARTESIAN_POINT('',(7.9,0.4,3.45));
#5376 = VECTOR('',#5377,1.);
#5377 = DIRECTION('',(-1.,-0.,-0.));
#5378 = ORIENTED_EDGE('',*,*,#5379,.T.);
#5379 = EDGE_CURVE('',#5372,#5356,#5380,.T.);
#5380 = LINE('',#5381,#5382);
#5381 = CARTESIAN_POINT('',(7.1,0.4,3.45));
#5382 = VECTOR('',#5383,1.);
#5383 = DIRECTION('',(0.,-1.,0.));
#5384 = PLANE('',#5385);
#5385 = AXIS2_PLACEMENT_3D('',#5386,#5387,#5388);
#5386 = CARTESIAN_POINT('',(8.55,-0.98,3.45));
#5387 = DIRECTION('',(0.,0.,-1.));
#5388 = DIRECTION('',(0.,1.,0.));
#5389 = ADVANCED_FACE('',(#5390),#5419,.T.);
#5390 = FACE_BOUND('',#5391,.T.);
#5391 = EDGE_LOOP('',(#5392,#5393,#5394,#5395,#5396,#5404,#5412,#5418));
#5392 = ORIENTED_EDGE('',*,*,#3706,.T.);
#5393 = ORIENTED_EDGE('',*,*,#5270,.T.);
#5394 = ORIENTED_EDGE('',*,*,#2497,.T.);
#5395 = ORIENTED_EDGE('',*,*,#5335,.T.);
#5396 = ORIENTED_EDGE('',*,*,#5397,.T.);
#5397 = EDGE_CURVE('',#5336,#5398,#5400,.T.);
#5398 = VERTEX_POINT('',#5399);
#5399 = CARTESIAN_POINT('',(6.9,1.044,2.6151));
#5400 = LINE('',#5401,#5402);
#5401 = CARTESIAN_POINT('',(6.9,0.5468198,3.45));
#5402 = VECTOR('',#5403,1.);
#5403 = DIRECTION('',(0.,0.511647917429,-0.859195209828));
#5404 = ORIENTED_EDGE('',*,*,#5405,.T.);
#5405 = EDGE_CURVE('',#5398,#5406,#5408,.T.);
#5406 = VERTEX_POINT('',#5407);
#5407 = CARTESIAN_POINT('',(6.9,1.52,2.6151));
#5408 = LINE('',#5409,#5410);
#5409 = CARTESIAN_POINT('',(6.9,1.044,2.6151));
#5410 = VECTOR('',#5411,1.);
#5411 = DIRECTION('',(0.,1.,0.));
#5412 = ORIENTED_EDGE('',*,*,#5413,.T.);
#5413 = EDGE_CURVE('',#5406,#3984,#5414,.T.);
#5414 = LINE('',#5415,#5416);
#5415 = CARTESIAN_POINT('',(6.9,1.52,2.6151));
#5416 = VECTOR('',#5417,1.);
#5417 = DIRECTION('',(0.,0.,-1.));
#5418 = ORIENTED_EDGE('',*,*,#3983,.T.);
#5419 = PLANE('',#5420);
#5420 = AXIS2_PLACEMENT_3D('',#5421,#5422,#5423);
#5421 = CARTESIAN_POINT('',(6.9,1.834452703854,3.573485056924));
#5422 = DIRECTION('',(1.,0.,0.));
#5423 = DIRECTION('',(0.,0.,1.));
#5424 = ADVANCED_FACE('',(#5425),#5445,.F.);
#5425 = FACE_BOUND('',#5426,.F.);
#5426 = EDGE_LOOP('',(#5427,#5433,#5434,#5440,#5441,#5442,#5443,#5444));
#5427 = ORIENTED_EDGE('',*,*,#5428,.F.);
#5428 = EDGE_CURVE('',#3659,#2537,#5429,.T.);
#5429 = LINE('',#5430,#5431);
#5430 = CARTESIAN_POINT('',(10.6,2.57,5.25));
#5431 = VECTOR('',#5432,1.);
#5432 = DIRECTION('',(0.,-1.,0.));
#5433 = ORIENTED_EDGE('',*,*,#3666,.T.);
#5434 = ORIENTED_EDGE('',*,*,#5435,.T.);
#5435 = EDGE_CURVE('',#3667,#2714,#5436,.T.);
#5436 = LINE('',#5437,#5438);
#5437 = CARTESIAN_POINT('',(9.4,2.57,5.25));
#5438 = VECTOR('',#5439,1.);
#5439 = DIRECTION('',(0.,-1.,0.));
#5440 = ORIENTED_EDGE('',*,*,#2713,.F.);
#5441 = ORIENTED_EDGE('',*,*,#2695,.T.);
#5442 = ORIENTED_EDGE('',*,*,#2639,.F.);
#5443 = ORIENTED_EDGE('',*,*,#2592,.F.);
#5444 = ORIENTED_EDGE('',*,*,#2544,.F.);
#5445 = PLANE('',#5446);
#5446 = AXIS2_PLACEMENT_3D('',#5447,#5448,#5449);
#5447 = CARTESIAN_POINT('',(10.6,2.57,5.25));
#5448 = DIRECTION('',(0.,0.,1.));
#5449 = DIRECTION('',(0.,-1.,0.));
#5450 = ADVANCED_FACE('',(#5451),#5487,.F.);
#5451 = FACE_BOUND('',#5452,.F.);
#5452 = EDGE_LOOP('',(#5453,#5454,#5455,#5456,#5464,#5472,#5480,#5486));
#5453 = ORIENTED_EDGE('',*,*,#3658,.T.);
#5454 = ORIENTED_EDGE('',*,*,#5428,.T.);
#5455 = ORIENTED_EDGE('',*,*,#2536,.T.);
#5456 = ORIENTED_EDGE('',*,*,#5457,.T.);
#5457 = EDGE_CURVE('',#2529,#5458,#5460,.T.);
#5458 = VERTEX_POINT('',#5459);
#5459 = CARTESIAN_POINT('',(10.6,0.5468198,3.45));
#5460 = LINE('',#5461,#5462);
#5461 = CARTESIAN_POINT('',(10.6,1.52,3.45));
#5462 = VECTOR('',#5463,1.);
#5463 = DIRECTION('',(0.,-1.,0.));
#5464 = ORIENTED_EDGE('',*,*,#5465,.T.);
#5465 = EDGE_CURVE('',#5458,#5466,#5468,.T.);
#5466 = VERTEX_POINT('',#5467);
#5467 = CARTESIAN_POINT('',(10.6,1.044,2.6151));
#5468 = LINE('',#5469,#5470);
#5469 = CARTESIAN_POINT('',(10.6,0.5468198,3.45));
#5470 = VECTOR('',#5471,1.);
#5471 = DIRECTION('',(0.,0.511647917429,-0.859195209828));
#5472 = ORIENTED_EDGE('',*,*,#5473,.T.);
#5473 = EDGE_CURVE('',#5466,#5474,#5476,.T.);
#5474 = VERTEX_POINT('',#5475);
#5475 = CARTESIAN_POINT('',(10.6,1.52,2.6151));
#5476 = LINE('',#5477,#5478);
#5477 = CARTESIAN_POINT('',(10.6,1.044,2.6151));
#5478 = VECTOR('',#5479,1.);
#5479 = DIRECTION('',(0.,1.,0.));
#5480 = ORIENTED_EDGE('',*,*,#5481,.T.);
#5481 = EDGE_CURVE('',#5474,#4015,#5482,.T.);
#5482 = LINE('',#5483,#5484);
#5483 = CARTESIAN_POINT('',(10.6,1.52,2.6151));
#5484 = VECTOR('',#5485,1.);
#5485 = DIRECTION('',(0.,0.,-1.));
#5486 = ORIENTED_EDGE('',*,*,#4022,.T.);
#5487 = PLANE('',#5488);
#5488 = AXIS2_PLACEMENT_3D('',#5489,#5490,#5491);
#5489 = CARTESIAN_POINT('',(10.6,1.834452703854,3.573485056924));
#5490 = DIRECTION('',(1.,0.,0.));
#5491 = DIRECTION('',(0.,0.,1.));
#5492 = ADVANCED_FACE('',(#5493,#5515),#5549,.F.);
#5493 = FACE_BOUND('',#5494,.F.);
#5494 = EDGE_LOOP('',(#5495,#5496,#5497,#5498,#5499,#5507,#5513,#5514));
#5495 = ORIENTED_EDGE('',*,*,#2567,.F.);
#5496 = ORIENTED_EDGE('',*,*,#2624,.T.);
#5497 = ORIENTED_EDGE('',*,*,#2663,.T.);
#5498 = ORIENTED_EDGE('',*,*,#2729,.F.);
#5499 = ORIENTED_EDGE('',*,*,#5500,.T.);
#5500 = EDGE_CURVE('',#2722,#5501,#5503,.T.);
#5501 = VERTEX_POINT('',#5502);
#5502 = CARTESIAN_POINT('',(9.4,0.5468198,3.45));
#5503 = LINE('',#5504,#5505);
#5504 = CARTESIAN_POINT('',(9.4,1.52,3.45));
#5505 = VECTOR('',#5506,1.);
#5506 = DIRECTION('',(0.,-1.,0.));
#5507 = ORIENTED_EDGE('',*,*,#5508,.F.);
#5508 = EDGE_CURVE('',#5458,#5501,#5509,.T.);
#5509 = LINE('',#5510,#5511);
#5510 = CARTESIAN_POINT('',(10.6,0.5468198,3.45));
#5511 = VECTOR('',#5512,1.);
#5512 = DIRECTION('',(-1.,-0.,-0.));
#5513 = ORIENTED_EDGE('',*,*,#5457,.F.);
#5514 = ORIENTED_EDGE('',*,*,#2528,.F.);
#5515 = FACE_BOUND('',#5516,.F.);
#5516 = EDGE_LOOP('',(#5517,#5527,#5535,#5543));
#5517 = ORIENTED_EDGE('',*,*,#5518,.F.);
#5518 = EDGE_CURVE('',#5519,#5521,#5523,.T.);
#5519 = VERTEX_POINT('',#5520);
#5520 = CARTESIAN_POINT('',(10.4,-0.4,3.45));
#5521 = VERTEX_POINT('',#5522);
#5522 = CARTESIAN_POINT('',(9.6,-0.4,3.45));
#5523 = LINE('',#5524,#5525);
#5524 = CARTESIAN_POINT('',(10.4,-0.4,3.45));
#5525 = VECTOR('',#5526,1.);
#5526 = DIRECTION('',(-1.,-0.,-0.));
#5527 = ORIENTED_EDGE('',*,*,#5528,.F.);
#5528 = EDGE_CURVE('',#5529,#5519,#5531,.T.);
#5529 = VERTEX_POINT('',#5530);
#5530 = CARTESIAN_POINT('',(10.4,0.4,3.45));
#5531 = LINE('',#5532,#5533);
#5532 = CARTESIAN_POINT('',(10.4,0.4,3.45));
#5533 = VECTOR('',#5534,1.);
#5534 = DIRECTION('',(0.,-1.,0.));
#5535 = ORIENTED_EDGE('',*,*,#5536,.T.);
#5536 = EDGE_CURVE('',#5529,#5537,#5539,.T.);
#5537 = VERTEX_POINT('',#5538);
#5538 = CARTESIAN_POINT('',(9.6,0.4,3.45));
#5539 = LINE('',#5540,#5541);
#5540 = CARTESIAN_POINT('',(10.4,0.4,3.45));
#5541 = VECTOR('',#5542,1.);
#5542 = DIRECTION('',(-1.,-0.,-0.));
#5543 = ORIENTED_EDGE('',*,*,#5544,.T.);
#5544 = EDGE_CURVE('',#5537,#5521,#5545,.T.);
#5545 = LINE('',#5546,#5547);
#5546 = CARTESIAN_POINT('',(9.6,0.4,3.45));
#5547 = VECTOR('',#5548,1.);
#5548 = DIRECTION('',(0.,-1.,0.));
#5549 = PLANE('',#5550);
#5550 = AXIS2_PLACEMENT_3D('',#5551,#5552,#5553);
#5551 = CARTESIAN_POINT('',(11.05,-0.98,3.45));
#5552 = DIRECTION('',(0.,0.,-1.));
#5553 = DIRECTION('',(0.,1.,0.));
#5554 = ADVANCED_FACE('',(#5555),#5584,.T.);
#5555 = FACE_BOUND('',#5556,.T.);
#5556 = EDGE_LOOP('',(#5557,#5558,#5559,#5560,#5561,#5569,#5577,#5583));
#5557 = ORIENTED_EDGE('',*,*,#3674,.T.);
#5558 = ORIENTED_EDGE('',*,*,#5435,.T.);
#5559 = ORIENTED_EDGE('',*,*,#2721,.T.);
#5560 = ORIENTED_EDGE('',*,*,#5500,.T.);
#5561 = ORIENTED_EDGE('',*,*,#5562,.T.);
#5562 = EDGE_CURVE('',#5501,#5563,#5565,.T.);
#5563 = VERTEX_POINT('',#5564);
#5564 = CARTESIAN_POINT('',(9.4,1.044,2.6151));
#5565 = LINE('',#5566,#5567);
#5566 = CARTESIAN_POINT('',(9.4,0.5468198,3.45));
#5567 = VECTOR('',#5568,1.);
#5568 = DIRECTION('',(0.,0.511647917429,-0.859195209828));
#5569 = ORIENTED_EDGE('',*,*,#5570,.T.);
#5570 = EDGE_CURVE('',#5563,#5571,#5573,.T.);
#5571 = VERTEX_POINT('',#5572);
#5572 = CARTESIAN_POINT('',(9.4,1.52,2.6151));
#5573 = LINE('',#5574,#5575);
#5574 = CARTESIAN_POINT('',(9.4,1.044,2.6151));
#5575 = VECTOR('',#5576,1.);
#5576 = DIRECTION('',(0.,1.,0.));
#5577 = ORIENTED_EDGE('',*,*,#5578,.T.);
#5578 = EDGE_CURVE('',#5571,#4007,#5579,.T.);
#5579 = LINE('',#5580,#5581);
#5580 = CARTESIAN_POINT('',(9.4,1.52,2.6151));
#5581 = VECTOR('',#5582,1.);
#5582 = DIRECTION('',(0.,0.,-1.));
#5583 = ORIENTED_EDGE('',*,*,#4006,.T.);
#5584 = PLANE('',#5585);
#5585 = AXIS2_PLACEMENT_3D('',#5586,#5587,#5588);
#5586 = CARTESIAN_POINT('',(9.4,1.834452703854,3.573485056924));
#5587 = DIRECTION('',(1.,0.,0.));
#5588 = DIRECTION('',(0.,0.,1.));
#5589 = ADVANCED_FACE('',(#5590),#5610,.F.);
#5590 = FACE_BOUND('',#5591,.F.);
#5591 = EDGE_LOOP('',(#5592,#5598,#5599,#5605,#5606,#5607,#5608,#5609));
#5592 = ORIENTED_EDGE('',*,*,#5593,.F.);
#5593 = EDGE_CURVE('',#3627,#2761,#5594,.T.);
#5594 = LINE('',#5595,#5596);
#5595 = CARTESIAN_POINT('',(13.1,2.57,5.25));
#5596 = VECTOR('',#5597,1.);
#5597 = DIRECTION('',(0.,-1.,0.));
#5598 = ORIENTED_EDGE('',*,*,#3634,.T.);
#5599 = ORIENTED_EDGE('',*,*,#5600,.T.);
#5600 = EDGE_CURVE('',#3635,#2938,#5601,.T.);
#5601 = LINE('',#5602,#5603);
#5602 = CARTESIAN_POINT('',(11.9,2.57,5.25));
#5603 = VECTOR('',#5604,1.);
#5604 = DIRECTION('',(0.,-1.,0.));
#5605 = ORIENTED_EDGE('',*,*,#2937,.F.);
#5606 = ORIENTED_EDGE('',*,*,#2919,.T.);
#5607 = ORIENTED_EDGE('',*,*,#2863,.F.);
#5608 = ORIENTED_EDGE('',*,*,#2816,.F.);
#5609 = ORIENTED_EDGE('',*,*,#2768,.F.);
#5610 = PLANE('',#5611);
#5611 = AXIS2_PLACEMENT_3D('',#5612,#5613,#5614);
#5612 = CARTESIAN_POINT('',(13.1,2.57,5.25));
#5613 = DIRECTION('',(0.,0.,1.));
#5614 = DIRECTION('',(0.,-1.,0.));
#5615 = ADVANCED_FACE('',(#5616),#5652,.F.);
#5616 = FACE_BOUND('',#5617,.F.);
#5617 = EDGE_LOOP('',(#5618,#5619,#5620,#5621,#5629,#5637,#5645,#5651));
#5618 = ORIENTED_EDGE('',*,*,#3626,.T.);
#5619 = ORIENTED_EDGE('',*,*,#5593,.T.);
#5620 = ORIENTED_EDGE('',*,*,#2760,.T.);
#5621 = ORIENTED_EDGE('',*,*,#5622,.T.);
#5622 = EDGE_CURVE('',#2753,#5623,#5625,.T.);
#5623 = VERTEX_POINT('',#5624);
#5624 = CARTESIAN_POINT('',(13.1,0.5468198,3.45));
#5625 = LINE('',#5626,#5627);
#5626 = CARTESIAN_POINT('',(13.1,1.52,3.45));
#5627 = VECTOR('',#5628,1.);
#5628 = DIRECTION('',(0.,-1.,0.));
#5629 = ORIENTED_EDGE('',*,*,#5630,.T.);
#5630 = EDGE_CURVE('',#5623,#5631,#5633,.T.);
#5631 = VERTEX_POINT('',#5632);
#5632 = CARTESIAN_POINT('',(13.1,1.044,2.6151));
#5633 = LINE('',#5634,#5635);
#5634 = CARTESIAN_POINT('',(13.1,0.5468198,3.45));
#5635 = VECTOR('',#5636,1.);
#5636 = DIRECTION('',(0.,0.511647917429,-0.859195209828));
#5637 = ORIENTED_EDGE('',*,*,#5638,.T.);
#5638 = EDGE_CURVE('',#5631,#5639,#5641,.T.);
#5639 = VERTEX_POINT('',#5640);
#5640 = CARTESIAN_POINT('',(13.1,1.52,2.6151));
#5641 = LINE('',#5642,#5643);
#5642 = CARTESIAN_POINT('',(13.1,1.044,2.6151));
#5643 = VECTOR('',#5644,1.);
#5644 = DIRECTION('',(0.,1.,0.));
#5645 = ORIENTED_EDGE('',*,*,#5646,.T.);
#5646 = EDGE_CURVE('',#5639,#4038,#5647,.T.);
#5647 = LINE('',#5648,#5649);
#5648 = CARTESIAN_POINT('',(13.1,1.52,2.6151));
#5649 = VECTOR('',#5650,1.);
#5650 = DIRECTION('',(0.,0.,-1.));
#5651 = ORIENTED_EDGE('',*,*,#4045,.T.);
#5652 = PLANE('',#5653);
#5653 = AXIS2_PLACEMENT_3D('',#5654,#5655,#5656);
#5654 = CARTESIAN_POINT('',(13.1,1.834452703854,3.573485056924));
#5655 = DIRECTION('',(1.,0.,0.));
#5656 = DIRECTION('',(0.,0.,1.));
#5657 = ADVANCED_FACE('',(#5658,#5680),#5714,.F.);
#5658 = FACE_BOUND('',#5659,.F.);
#5659 = EDGE_LOOP('',(#5660,#5661,#5662,#5663,#5664,#5672,#5678,#5679));
#5660 = ORIENTED_EDGE('',*,*,#2791,.F.);
#5661 = ORIENTED_EDGE('',*,*,#2848,.T.);
#5662 = ORIENTED_EDGE('',*,*,#2887,.T.);
#5663 = ORIENTED_EDGE('',*,*,#2953,.F.);
#5664 = ORIENTED_EDGE('',*,*,#5665,.T.);
#5665 = EDGE_CURVE('',#2946,#5666,#5668,.T.);
#5666 = VERTEX_POINT('',#5667);
#5667 = CARTESIAN_POINT('',(11.9,0.5468198,3.45));
#5668 = LINE('',#5669,#5670);
#5669 = CARTESIAN_POINT('',(11.9,1.52,3.45));
#5670 = VECTOR('',#5671,1.);
#5671 = DIRECTION('',(0.,-1.,0.));
#5672 = ORIENTED_EDGE('',*,*,#5673,.F.);
#5673 = EDGE_CURVE('',#5623,#5666,#5674,.T.);
#5674 = LINE('',#5675,#5676);
#5675 = CARTESIAN_POINT('',(13.1,0.5468198,3.45));
#5676 = VECTOR('',#5677,1.);
#5677 = DIRECTION('',(-1.,-0.,-0.));
#5678 = ORIENTED_EDGE('',*,*,#5622,.F.);
#5679 = ORIENTED_EDGE('',*,*,#2752,.F.);
#5680 = FACE_BOUND('',#5681,.F.);
#5681 = EDGE_LOOP('',(#5682,#5692,#5700,#5708));
#5682 = ORIENTED_EDGE('',*,*,#5683,.F.);
#5683 = EDGE_CURVE('',#5684,#5686,#5688,.T.);
#5684 = VERTEX_POINT('',#5685);
#5685 = CARTESIAN_POINT('',(12.9,-0.4,3.45));
#5686 = VERTEX_POINT('',#5687);
#5687 = CARTESIAN_POINT('',(12.1,-0.4,3.45));
#5688 = LINE('',#5689,#5690);
#5689 = CARTESIAN_POINT('',(12.9,-0.4,3.45));
#5690 = VECTOR('',#5691,1.);
#5691 = DIRECTION('',(-1.,-0.,-0.));
#5692 = ORIENTED_EDGE('',*,*,#5693,.F.);
#5693 = EDGE_CURVE('',#5694,#5684,#5696,.T.);
#5694 = VERTEX_POINT('',#5695);
#5695 = CARTESIAN_POINT('',(12.9,0.4,3.45));
#5696 = LINE('',#5697,#5698);
#5697 = CARTESIAN_POINT('',(12.9,0.4,3.45));
#5698 = VECTOR('',#5699,1.);
#5699 = DIRECTION('',(0.,-1.,0.));
#5700 = ORIENTED_EDGE('',*,*,#5701,.T.);
#5701 = EDGE_CURVE('',#5694,#5702,#5704,.T.);
#5702 = VERTEX_POINT('',#5703);
#5703 = CARTESIAN_POINT('',(12.1,0.4,3.45));
#5704 = LINE('',#5705,#5706);
#5705 = CARTESIAN_POINT('',(12.9,0.4,3.45));
#5706 = VECTOR('',#5707,1.);
#5707 = DIRECTION('',(-1.,-0.,-0.));
#5708 = ORIENTED_EDGE('',*,*,#5709,.T.);
#5709 = EDGE_CURVE('',#5702,#5686,#5710,.T.);
#5710 = LINE('',#5711,#5712);
#5711 = CARTESIAN_POINT('',(12.1,0.4,3.45));
#5712 = VECTOR('',#5713,1.);
#5713 = DIRECTION('',(0.,-1.,0.));
#5714 = PLANE('',#5715);
#5715 = AXIS2_PLACEMENT_3D('',#5716,#5717,#5718);
#5716 = CARTESIAN_POINT('',(13.55,-0.98,3.45));
#5717 = DIRECTION('',(0.,0.,-1.));
#5718 = DIRECTION('',(0.,1.,0.));
#5719 = ADVANCED_FACE('',(#5720),#5749,.T.);
#5720 = FACE_BOUND('',#5721,.T.);
#5721 = EDGE_LOOP('',(#5722,#5723,#5724,#5725,#5726,#5734,#5742,#5748));
#5722 = ORIENTED_EDGE('',*,*,#3642,.T.);
#5723 = ORIENTED_EDGE('',*,*,#5600,.T.);
#5724 = ORIENTED_EDGE('',*,*,#2945,.T.);
#5725 = ORIENTED_EDGE('',*,*,#5665,.T.);
#5726 = ORIENTED_EDGE('',*,*,#5727,.T.);
#5727 = EDGE_CURVE('',#5666,#5728,#5730,.T.);
#5728 = VERTEX_POINT('',#5729);
#5729 = CARTESIAN_POINT('',(11.9,1.044,2.6151));
#5730 = LINE('',#5731,#5732);
#5731 = CARTESIAN_POINT('',(11.9,0.5468198,3.45));
#5732 = VECTOR('',#5733,1.);
#5733 = DIRECTION('',(0.,0.511647917429,-0.859195209828));
#5734 = ORIENTED_EDGE('',*,*,#5735,.T.);
#5735 = EDGE_CURVE('',#5728,#5736,#5738,.T.);
#5736 = VERTEX_POINT('',#5737);
#5737 = CARTESIAN_POINT('',(11.9,1.52,2.6151));
#5738 = LINE('',#5739,#5740);
#5739 = CARTESIAN_POINT('',(11.9,1.044,2.6151));
#5740 = VECTOR('',#5741,1.);
#5741 = DIRECTION('',(0.,1.,0.));
#5742 = ORIENTED_EDGE('',*,*,#5743,.T.);
#5743 = EDGE_CURVE('',#5736,#4030,#5744,.T.);
#5744 = LINE('',#5745,#5746);
#5745 = CARTESIAN_POINT('',(11.9,1.52,2.6151));
#5746 = VECTOR('',#5747,1.);
#5747 = DIRECTION('',(0.,0.,-1.));
#5748 = ORIENTED_EDGE('',*,*,#4029,.T.);
#5749 = PLANE('',#5750);
#5750 = AXIS2_PLACEMENT_3D('',#5751,#5752,#5753);
#5751 = CARTESIAN_POINT('',(11.9,1.834452703854,3.573485056924));
#5752 = DIRECTION('',(1.,0.,0.));
#5753 = DIRECTION('',(0.,0.,1.));
#5754 = ADVANCED_FACE('',(#5755),#5775,.F.);
#5755 = FACE_BOUND('',#5756,.F.);
#5756 = EDGE_LOOP('',(#5757,#5763,#5764,#5770,#5771,#5772,#5773,#5774));
#5757 = ORIENTED_EDGE('',*,*,#5758,.F.);
#5758 = EDGE_CURVE('',#3595,#2985,#5759,.T.);
#5759 = LINE('',#5760,#5761);
#5760 = CARTESIAN_POINT('',(15.6,2.57,5.25));
#5761 = VECTOR('',#5762,1.);
#5762 = DIRECTION('',(0.,-1.,0.));
#5763 = ORIENTED_EDGE('',*,*,#3602,.T.);
#5764 = ORIENTED_EDGE('',*,*,#5765,.T.);
#5765 = EDGE_CURVE('',#3603,#3162,#5766,.T.);
#5766 = LINE('',#5767,#5768);
#5767 = CARTESIAN_POINT('',(14.4,2.57,5.25));
#5768 = VECTOR('',#5769,1.);
#5769 = DIRECTION('',(0.,-1.,0.));
#5770 = ORIENTED_EDGE('',*,*,#3161,.F.);
#5771 = ORIENTED_EDGE('',*,*,#3143,.T.);
#5772 = ORIENTED_EDGE('',*,*,#3087,.F.);
#5773 = ORIENTED_EDGE('',*,*,#3040,.F.);
#5774 = ORIENTED_EDGE('',*,*,#2992,.F.);
#5775 = PLANE('',#5776);
#5776 = AXIS2_PLACEMENT_3D('',#5777,#5778,#5779);
#5777 = CARTESIAN_POINT('',(15.6,2.57,5.25));
#5778 = DIRECTION('',(0.,0.,1.));
#5779 = DIRECTION('',(0.,-1.,0.));
#5780 = ADVANCED_FACE('',(#5781),#5817,.F.);
#5781 = FACE_BOUND('',#5782,.F.);
#5782 = EDGE_LOOP('',(#5783,#5784,#5785,#5786,#5794,#5802,#5810,#5816));
#5783 = ORIENTED_EDGE('',*,*,#3594,.T.);
#5784 = ORIENTED_EDGE('',*,*,#5758,.T.);
#5785 = ORIENTED_EDGE('',*,*,#2984,.T.);
#5786 = ORIENTED_EDGE('',*,*,#5787,.T.);
#5787 = EDGE_CURVE('',#2977,#5788,#5790,.T.);
#5788 = VERTEX_POINT('',#5789);
#5789 = CARTESIAN_POINT('',(15.6,0.5468198,3.45));
#5790 = LINE('',#5791,#5792);
#5791 = CARTESIAN_POINT('',(15.6,1.52,3.45));
#5792 = VECTOR('',#5793,1.);
#5793 = DIRECTION('',(0.,-1.,0.));
#5794 = ORIENTED_EDGE('',*,*,#5795,.T.);
#5795 = EDGE_CURVE('',#5788,#5796,#5798,.T.);
#5796 = VERTEX_POINT('',#5797);
#5797 = CARTESIAN_POINT('',(15.6,1.044,2.6151));
#5798 = LINE('',#5799,#5800);
#5799 = CARTESIAN_POINT('',(15.6,0.5468198,3.45));
#5800 = VECTOR('',#5801,1.);
#5801 = DIRECTION('',(0.,0.511647917429,-0.859195209828));
#5802 = ORIENTED_EDGE('',*,*,#5803,.T.);
#5803 = EDGE_CURVE('',#5796,#5804,#5806,.T.);
#5804 = VERTEX_POINT('',#5805);
#5805 = CARTESIAN_POINT('',(15.6,1.52,2.6151));
#5806 = LINE('',#5807,#5808);
#5807 = CARTESIAN_POINT('',(15.6,1.044,2.6151));
#5808 = VECTOR('',#5809,1.);
#5809 = DIRECTION('',(0.,1.,0.));
#5810 = ORIENTED_EDGE('',*,*,#5811,.T.);
#5811 = EDGE_CURVE('',#5804,#4061,#5812,.T.);
#5812 = LINE('',#5813,#5814);
#5813 = CARTESIAN_POINT('',(15.6,1.52,2.6151));
#5814 = VECTOR('',#5815,1.);
#5815 = DIRECTION('',(0.,0.,-1.));
#5816 = ORIENTED_EDGE('',*,*,#4068,.T.);
#5817 = PLANE('',#5818);
#5818 = AXIS2_PLACEMENT_3D('',#5819,#5820,#5821);
#5819 = CARTESIAN_POINT('',(15.6,1.834452703854,3.573485056924));
#5820 = DIRECTION('',(1.,0.,0.));
#5821 = DIRECTION('',(0.,0.,1.));
#5822 = ADVANCED_FACE('',(#5823,#5845),#5879,.F.);
#5823 = FACE_BOUND('',#5824,.F.);
#5824 = EDGE_LOOP('',(#5825,#5826,#5827,#5828,#5829,#5837,#5843,#5844));
#5825 = ORIENTED_EDGE('',*,*,#3015,.F.);
#5826 = ORIENTED_EDGE('',*,*,#3072,.T.);
#5827 = ORIENTED_EDGE('',*,*,#3111,.T.);
#5828 = ORIENTED_EDGE('',*,*,#3177,.F.);
#5829 = ORIENTED_EDGE('',*,*,#5830,.T.);
#5830 = EDGE_CURVE('',#3170,#5831,#5833,.T.);
#5831 = VERTEX_POINT('',#5832);
#5832 = CARTESIAN_POINT('',(14.4,0.5468198,3.45));
#5833 = LINE('',#5834,#5835);
#5834 = CARTESIAN_POINT('',(14.4,1.52,3.45));
#5835 = VECTOR('',#5836,1.);
#5836 = DIRECTION('',(0.,-1.,0.));
#5837 = ORIENTED_EDGE('',*,*,#5838,.F.);
#5838 = EDGE_CURVE('',#5788,#5831,#5839,.T.);
#5839 = LINE('',#5840,#5841);
#5840 = CARTESIAN_POINT('',(15.6,0.5468198,3.45));
#5841 = VECTOR('',#5842,1.);
#5842 = DIRECTION('',(-1.,-0.,-0.));
#5843 = ORIENTED_EDGE('',*,*,#5787,.F.);
#5844 = ORIENTED_EDGE('',*,*,#2976,.F.);
#5845 = FACE_BOUND('',#5846,.F.);
#5846 = EDGE_LOOP('',(#5847,#5857,#5865,#5873));
#5847 = ORIENTED_EDGE('',*,*,#5848,.F.);
#5848 = EDGE_CURVE('',#5849,#5851,#5853,.T.);
#5849 = VERTEX_POINT('',#5850);
#5850 = CARTESIAN_POINT('',(15.4,-0.4,3.45));
#5851 = VERTEX_POINT('',#5852);
#5852 = CARTESIAN_POINT('',(14.6,-0.4,3.45));
#5853 = LINE('',#5854,#5855);
#5854 = CARTESIAN_POINT('',(15.4,-0.4,3.45));
#5855 = VECTOR('',#5856,1.);
#5856 = DIRECTION('',(-1.,-0.,-0.));
#5857 = ORIENTED_EDGE('',*,*,#5858,.F.);
#5858 = EDGE_CURVE('',#5859,#5849,#5861,.T.);
#5859 = VERTEX_POINT('',#5860);
#5860 = CARTESIAN_POINT('',(15.4,0.4,3.45));
#5861 = LINE('',#5862,#5863);
#5862 = CARTESIAN_POINT('',(15.4,0.4,3.45));
#5863 = VECTOR('',#5864,1.);
#5864 = DIRECTION('',(0.,-1.,0.));
#5865 = ORIENTED_EDGE('',*,*,#5866,.T.);
#5866 = EDGE_CURVE('',#5859,#5867,#5869,.T.);
#5867 = VERTEX_POINT('',#5868);
#5868 = CARTESIAN_POINT('',(14.6,0.4,3.45));
#5869 = LINE('',#5870,#5871);
#5870 = CARTESIAN_POINT('',(15.4,0.4,3.45));
#5871 = VECTOR('',#5872,1.);
#5872 = DIRECTION('',(-1.,-0.,-0.));
#5873 = ORIENTED_EDGE('',*,*,#5874,.T.);
#5874 = EDGE_CURVE('',#5867,#5851,#5875,.T.);
#5875 = LINE('',#5876,#5877);
#5876 = CARTESIAN_POINT('',(14.6,0.4,3.45));
#5877 = VECTOR('',#5878,1.);
#5878 = DIRECTION('',(0.,-1.,0.));
#5879 = PLANE('',#5880);
#5880 = AXIS2_PLACEMENT_3D('',#5881,#5882,#5883);
#5881 = CARTESIAN_POINT('',(16.05,-0.98,3.45));
#5882 = DIRECTION('',(0.,0.,-1.));
#5883 = DIRECTION('',(0.,1.,0.));
#5884 = ADVANCED_FACE('',(#5885),#5914,.T.);
#5885 = FACE_BOUND('',#5886,.T.);
#5886 = EDGE_LOOP('',(#5887,#5888,#5889,#5890,#5891,#5899,#5907,#5913));
#5887 = ORIENTED_EDGE('',*,*,#3610,.T.);
#5888 = ORIENTED_EDGE('',*,*,#5765,.T.);
#5889 = ORIENTED_EDGE('',*,*,#3169,.T.);
#5890 = ORIENTED_EDGE('',*,*,#5830,.T.);
#5891 = ORIENTED_EDGE('',*,*,#5892,.T.);
#5892 = EDGE_CURVE('',#5831,#5893,#5895,.T.);
#5893 = VERTEX_POINT('',#5894);
#5894 = CARTESIAN_POINT('',(14.4,1.044,2.6151));
#5895 = LINE('',#5896,#5897);
#5896 = CARTESIAN_POINT('',(14.4,0.5468198,3.45));
#5897 = VECTOR('',#5898,1.);
#5898 = DIRECTION('',(0.,0.511647917429,-0.859195209828));
#5899 = ORIENTED_EDGE('',*,*,#5900,.T.);
#5900 = EDGE_CURVE('',#5893,#5901,#5903,.T.);
#5901 = VERTEX_POINT('',#5902);
#5902 = CARTESIAN_POINT('',(14.4,1.52,2.6151));
#5903 = LINE('',#5904,#5905);
#5904 = CARTESIAN_POINT('',(14.4,1.044,2.6151));
#5905 = VECTOR('',#5906,1.);
#5906 = DIRECTION('',(0.,1.,0.));
#5907 = ORIENTED_EDGE('',*,*,#5908,.T.);
#5908 = EDGE_CURVE('',#5901,#4053,#5909,.T.);
#5909 = LINE('',#5910,#5911);
#5910 = CARTESIAN_POINT('',(14.4,1.52,2.6151));
#5911 = VECTOR('',#5912,1.);
#5912 = DIRECTION('',(0.,0.,-1.));
#5913 = ORIENTED_EDGE('',*,*,#4052,.T.);
#5914 = PLANE('',#5915);
#5915 = AXIS2_PLACEMENT_3D('',#5916,#5917,#5918);
#5916 = CARTESIAN_POINT('',(14.4,1.834452703854,3.573485056924));
#5917 = DIRECTION('',(1.,0.,0.));
#5918 = DIRECTION('',(0.,0.,1.));
#5919 = ADVANCED_FACE('',(#5920),#5940,.F.);
#5920 = FACE_BOUND('',#5921,.F.);
#5921 = EDGE_LOOP('',(#5922,#5928,#5929,#5935,#5936,#5937,#5938,#5939));
#5922 = ORIENTED_EDGE('',*,*,#5923,.F.);
#5923 = EDGE_CURVE('',#3563,#3209,#5924,.T.);
#5924 = LINE('',#5925,#5926);
#5925 = CARTESIAN_POINT('',(18.1,2.57,5.25));
#5926 = VECTOR('',#5927,1.);
#5927 = DIRECTION('',(0.,-1.,0.));
#5928 = ORIENTED_EDGE('',*,*,#3570,.T.);
#5929 = ORIENTED_EDGE('',*,*,#5930,.T.);
#5930 = EDGE_CURVE('',#3571,#3386,#5931,.T.);
#5931 = LINE('',#5932,#5933);
#5932 = CARTESIAN_POINT('',(16.9,2.57,5.25));
#5933 = VECTOR('',#5934,1.);
#5934 = DIRECTION('',(0.,-1.,0.));
#5935 = ORIENTED_EDGE('',*,*,#3385,.F.);
#5936 = ORIENTED_EDGE('',*,*,#3367,.T.);
#5937 = ORIENTED_EDGE('',*,*,#3311,.F.);
#5938 = ORIENTED_EDGE('',*,*,#3264,.F.);
#5939 = ORIENTED_EDGE('',*,*,#3216,.F.);
#5940 = PLANE('',#5941);
#5941 = AXIS2_PLACEMENT_3D('',#5942,#5943,#5944);
#5942 = CARTESIAN_POINT('',(18.1,2.57,5.25));
#5943 = DIRECTION('',(0.,0.,1.));
#5944 = DIRECTION('',(0.,-1.,0.));
#5945 = ADVANCED_FACE('',(#5946),#5982,.F.);
#5946 = FACE_BOUND('',#5947,.F.);
#5947 = EDGE_LOOP('',(#5948,#5949,#5950,#5951,#5959,#5967,#5975,#5981));
#5948 = ORIENTED_EDGE('',*,*,#3562,.T.);
#5949 = ORIENTED_EDGE('',*,*,#5923,.T.);
#5950 = ORIENTED_EDGE('',*,*,#3208,.T.);
#5951 = ORIENTED_EDGE('',*,*,#5952,.T.);
#5952 = EDGE_CURVE('',#3201,#5953,#5955,.T.);
#5953 = VERTEX_POINT('',#5954);
#5954 = CARTESIAN_POINT('',(18.1,0.5468198,3.45));
#5955 = LINE('',#5956,#5957);
#5956 = CARTESIAN_POINT('',(18.1,1.52,3.45));
#5957 = VECTOR('',#5958,1.);
#5958 = DIRECTION('',(0.,-1.,0.));
#5959 = ORIENTED_EDGE('',*,*,#5960,.T.);
#5960 = EDGE_CURVE('',#5953,#5961,#5963,.T.);
#5961 = VERTEX_POINT('',#5962);
#5962 = CARTESIAN_POINT('',(18.1,1.044,2.6151));
#5963 = LINE('',#5964,#5965);
#5964 = CARTESIAN_POINT('',(18.1,0.5468198,3.45));
#5965 = VECTOR('',#5966,1.);
#5966 = DIRECTION('',(0.,0.511647917429,-0.859195209828));
#5967 = ORIENTED_EDGE('',*,*,#5968,.T.);
#5968 = EDGE_CURVE('',#5961,#5969,#5971,.T.);
#5969 = VERTEX_POINT('',#5970);
#5970 = CARTESIAN_POINT('',(18.1,1.52,2.6151));
#5971 = LINE('',#5972,#5973);
#5972 = CARTESIAN_POINT('',(18.1,1.044,2.6151));
#5973 = VECTOR('',#5974,1.);
#5974 = DIRECTION('',(0.,1.,0.));
#5975 = ORIENTED_EDGE('',*,*,#5976,.T.);
#5976 = EDGE_CURVE('',#5969,#4084,#5977,.T.);
#5977 = LINE('',#5978,#5979);
#5978 = CARTESIAN_POINT('',(18.1,1.52,2.6151));
#5979 = VECTOR('',#5980,1.);
#5980 = DIRECTION('',(0.,0.,-1.));
#5981 = ORIENTED_EDGE('',*,*,#4091,.T.);
#5982 = PLANE('',#5983);
#5983 = AXIS2_PLACEMENT_3D('',#5984,#5985,#5986);
#5984 = CARTESIAN_POINT('',(18.1,1.834452703854,3.573485056924));
#5985 = DIRECTION('',(1.,0.,0.));
#5986 = DIRECTION('',(0.,0.,1.));
#5987 = ADVANCED_FACE('',(#5988,#6010),#6044,.F.);
#5988 = FACE_BOUND('',#5989,.F.);
#5989 = EDGE_LOOP('',(#5990,#5991,#5992,#5993,#5994,#6002,#6008,#6009));
#5990 = ORIENTED_EDGE('',*,*,#3239,.F.);
#5991 = ORIENTED_EDGE('',*,*,#3296,.T.);
#5992 = ORIENTED_EDGE('',*,*,#3335,.T.);
#5993 = ORIENTED_EDGE('',*,*,#3401,.F.);
#5994 = ORIENTED_EDGE('',*,*,#5995,.T.);
#5995 = EDGE_CURVE('',#3394,#5996,#5998,.T.);
#5996 = VERTEX_POINT('',#5997);
#5997 = CARTESIAN_POINT('',(16.9,0.5468198,3.45));
#5998 = LINE('',#5999,#6000);
#5999 = CARTESIAN_POINT('',(16.9,1.52,3.45));
#6000 = VECTOR('',#6001,1.);
#6001 = DIRECTION('',(0.,-1.,0.));
#6002 = ORIENTED_EDGE('',*,*,#6003,.F.);
#6003 = EDGE_CURVE('',#5953,#5996,#6004,.T.);
#6004 = LINE('',#6005,#6006);
#6005 = CARTESIAN_POINT('',(18.1,0.5468198,3.45));
#6006 = VECTOR('',#6007,1.);
#6007 = DIRECTION('',(-1.,-0.,-0.));
#6008 = ORIENTED_EDGE('',*,*,#5952,.F.);
#6009 = ORIENTED_EDGE('',*,*,#3200,.F.);
#6010 = FACE_BOUND('',#6011,.F.);
#6011 = EDGE_LOOP('',(#6012,#6022,#6030,#6038));
#6012 = ORIENTED_EDGE('',*,*,#6013,.F.);
#6013 = EDGE_CURVE('',#6014,#6016,#6018,.T.);
#6014 = VERTEX_POINT('',#6015);
#6015 = CARTESIAN_POINT('',(17.9,-0.4,3.45));
#6016 = VERTEX_POINT('',#6017);
#6017 = CARTESIAN_POINT('',(17.1,-0.4,3.45));
#6018 = LINE('',#6019,#6020);
#6019 = CARTESIAN_POINT('',(17.9,-0.4,3.45));
#6020 = VECTOR('',#6021,1.);
#6021 = DIRECTION('',(-1.,-0.,-0.));
#6022 = ORIENTED_EDGE('',*,*,#6023,.F.);
#6023 = EDGE_CURVE('',#6024,#6014,#6026,.T.);
#6024 = VERTEX_POINT('',#6025);
#6025 = CARTESIAN_POINT('',(17.9,0.4,3.45));
#6026 = LINE('',#6027,#6028);
#6027 = CARTESIAN_POINT('',(17.9,0.4,3.45));
#6028 = VECTOR('',#6029,1.);
#6029 = DIRECTION('',(0.,-1.,0.));
#6030 = ORIENTED_EDGE('',*,*,#6031,.T.);
#6031 = EDGE_CURVE('',#6024,#6032,#6034,.T.);
#6032 = VERTEX_POINT('',#6033);
#6033 = CARTESIAN_POINT('',(17.1,0.4,3.45));
#6034 = LINE('',#6035,#6036);
#6035 = CARTESIAN_POINT('',(17.9,0.4,3.45));
#6036 = VECTOR('',#6037,1.);
#6037 = DIRECTION('',(-1.,-0.,-0.));
#6038 = ORIENTED_EDGE('',*,*,#6039,.T.);
#6039 = EDGE_CURVE('',#6032,#6016,#6040,.T.);
#6040 = LINE('',#6041,#6042);
#6041 = CARTESIAN_POINT('',(17.1,0.4,3.45));
#6042 = VECTOR('',#6043,1.);
#6043 = DIRECTION('',(0.,-1.,0.));
#6044 = PLANE('',#6045);
#6045 = AXIS2_PLACEMENT_3D('',#6046,#6047,#6048);
#6046 = CARTESIAN_POINT('',(18.55,-0.98,3.45));
#6047 = DIRECTION('',(0.,0.,-1.));
#6048 = DIRECTION('',(0.,1.,0.));
#6049 = ADVANCED_FACE('',(#6050),#6079,.T.);
#6050 = FACE_BOUND('',#6051,.T.);
#6051 = EDGE_LOOP('',(#6052,#6053,#6054,#6055,#6056,#6064,#6072,#6078));
#6052 = ORIENTED_EDGE('',*,*,#3578,.T.);
#6053 = ORIENTED_EDGE('',*,*,#5930,.T.);
#6054 = ORIENTED_EDGE('',*,*,#3393,.T.);
#6055 = ORIENTED_EDGE('',*,*,#5995,.T.);
#6056 = ORIENTED_EDGE('',*,*,#6057,.T.);
#6057 = EDGE_CURVE('',#5996,#6058,#6060,.T.);
#6058 = VERTEX_POINT('',#6059);
#6059 = CARTESIAN_POINT('',(16.9,1.044,2.6151));
#6060 = LINE('',#6061,#6062);
#6061 = CARTESIAN_POINT('',(16.9,0.5468198,3.45));
#6062 = VECTOR('',#6063,1.);
#6063 = DIRECTION('',(0.,0.511647917429,-0.859195209828));
#6064 = ORIENTED_EDGE('',*,*,#6065,.T.);
#6065 = EDGE_CURVE('',#6058,#6066,#6068,.T.);
#6066 = VERTEX_POINT('',#6067);
#6067 = CARTESIAN_POINT('',(16.9,1.52,2.6151));
#6068 = LINE('',#6069,#6070);
#6069 = CARTESIAN_POINT('',(16.9,1.044,2.6151));
#6070 = VECTOR('',#6071,1.);
#6071 = DIRECTION('',(0.,1.,0.));
#6072 = ORIENTED_EDGE('',*,*,#6073,.T.);
#6073 = EDGE_CURVE('',#6066,#4076,#6074,.T.);
#6074 = LINE('',#6075,#6076);
#6075 = CARTESIAN_POINT('',(16.9,1.52,2.6151));
#6076 = VECTOR('',#6077,1.);
#6077 = DIRECTION('',(0.,0.,-1.));
#6078 = ORIENTED_EDGE('',*,*,#4075,.T.);
#6079 = PLANE('',#6080);
#6080 = AXIS2_PLACEMENT_3D('',#6081,#6082,#6083);
#6081 = CARTESIAN_POINT('',(16.9,1.834452703854,3.573485056924));
#6082 = DIRECTION('',(1.,0.,0.));
#6083 = DIRECTION('',(0.,0.,1.));
#6084 = ADVANCED_FACE('',(#6085),#6096,.F.);
#6085 = FACE_BOUND('',#6086,.F.);
#6086 = EDGE_LOOP('',(#6087,#6093,#6094,#6095));
#6087 = ORIENTED_EDGE('',*,*,#6088,.T.);
#6088 = EDGE_CURVE('',#5969,#6066,#6089,.T.);
#6089 = LINE('',#6090,#6091);
#6090 = CARTESIAN_POINT('',(18.1,1.52,2.6151));
#6091 = VECTOR('',#6092,1.);
#6092 = DIRECTION('',(-1.,-0.,-0.));
#6093 = ORIENTED_EDGE('',*,*,#6073,.T.);
#6094 = ORIENTED_EDGE('',*,*,#4083,.F.);
#6095 = ORIENTED_EDGE('',*,*,#5976,.F.);
#6096 = PLANE('',#6097);
#6097 = AXIS2_PLACEMENT_3D('',#6098,#6099,#6100);
#6098 = CARTESIAN_POINT('',(18.1,1.52,2.6151));
#6099 = DIRECTION('',(0.,-1.,0.));
#6100 = DIRECTION('',(0.,0.,-1.));
#6101 = ADVANCED_FACE('',(#6102),#6113,.F.);
#6102 = FACE_BOUND('',#6103,.F.);
#6103 = EDGE_LOOP('',(#6104,#6110,#6111,#6112));
#6104 = ORIENTED_EDGE('',*,*,#6105,.T.);
#6105 = EDGE_CURVE('',#5804,#5901,#6106,.T.);
#6106 = LINE('',#6107,#6108);
#6107 = CARTESIAN_POINT('',(15.6,1.52,2.6151));
#6108 = VECTOR('',#6109,1.);
#6109 = DIRECTION('',(-1.,-0.,-0.));
#6110 = ORIENTED_EDGE('',*,*,#5908,.T.);
#6111 = ORIENTED_EDGE('',*,*,#4060,.F.);
#6112 = ORIENTED_EDGE('',*,*,#5811,.F.);
#6113 = PLANE('',#6114);
#6114 = AXIS2_PLACEMENT_3D('',#6115,#6116,#6117);
#6115 = CARTESIAN_POINT('',(15.6,1.52,2.6151));
#6116 = DIRECTION('',(0.,-1.,0.));
#6117 = DIRECTION('',(0.,0.,-1.));
#6118 = ADVANCED_FACE('',(#6119),#6130,.F.);
#6119 = FACE_BOUND('',#6120,.F.);
#6120 = EDGE_LOOP('',(#6121,#6127,#6128,#6129));
#6121 = ORIENTED_EDGE('',*,*,#6122,.T.);
#6122 = EDGE_CURVE('',#5639,#5736,#6123,.T.);
#6123 = LINE('',#6124,#6125);
#6124 = CARTESIAN_POINT('',(13.1,1.52,2.6151));
#6125 = VECTOR('',#6126,1.);
#6126 = DIRECTION('',(-1.,-0.,-0.));
#6127 = ORIENTED_EDGE('',*,*,#5743,.T.);
#6128 = ORIENTED_EDGE('',*,*,#4037,.F.);
#6129 = ORIENTED_EDGE('',*,*,#5646,.F.);
#6130 = PLANE('',#6131);
#6131 = AXIS2_PLACEMENT_3D('',#6132,#6133,#6134);
#6132 = CARTESIAN_POINT('',(13.1,1.52,2.6151));
#6133 = DIRECTION('',(0.,-1.,0.));
#6134 = DIRECTION('',(0.,0.,-1.));
#6135 = ADVANCED_FACE('',(#6136),#6147,.F.);
#6136 = FACE_BOUND('',#6137,.F.);
#6137 = EDGE_LOOP('',(#6138,#6144,#6145,#6146));
#6138 = ORIENTED_EDGE('',*,*,#6139,.T.);
#6139 = EDGE_CURVE('',#5474,#5571,#6140,.T.);
#6140 = LINE('',#6141,#6142);
#6141 = CARTESIAN_POINT('',(10.6,1.52,2.6151));
#6142 = VECTOR('',#6143,1.);
#6143 = DIRECTION('',(-1.,-0.,-0.));
#6144 = ORIENTED_EDGE('',*,*,#5578,.T.);
#6145 = ORIENTED_EDGE('',*,*,#4014,.F.);
#6146 = ORIENTED_EDGE('',*,*,#5481,.F.);
#6147 = PLANE('',#6148);
#6148 = AXIS2_PLACEMENT_3D('',#6149,#6150,#6151);
#6149 = CARTESIAN_POINT('',(10.6,1.52,2.6151));
#6150 = DIRECTION('',(0.,-1.,0.));
#6151 = DIRECTION('',(0.,0.,-1.));
#6152 = ADVANCED_FACE('',(#6153),#6164,.F.);
#6153 = FACE_BOUND('',#6154,.F.);
#6154 = EDGE_LOOP('',(#6155,#6161,#6162,#6163));
#6155 = ORIENTED_EDGE('',*,*,#6156,.T.);
#6156 = EDGE_CURVE('',#5309,#5406,#6157,.T.);
#6157 = LINE('',#6158,#6159);
#6158 = CARTESIAN_POINT('',(8.1,1.52,2.6151));
#6159 = VECTOR('',#6160,1.);
#6160 = DIRECTION('',(-1.,-0.,-0.));
#6161 = ORIENTED_EDGE('',*,*,#5413,.T.);
#6162 = ORIENTED_EDGE('',*,*,#3991,.F.);
#6163 = ORIENTED_EDGE('',*,*,#5316,.F.);
#6164 = PLANE('',#6165);
#6165 = AXIS2_PLACEMENT_3D('',#6166,#6167,#6168);
#6166 = CARTESIAN_POINT('',(8.1,1.52,2.6151));
#6167 = DIRECTION('',(0.,-1.,0.));
#6168 = DIRECTION('',(0.,0.,-1.));
#6169 = ADVANCED_FACE('',(#6170),#6181,.F.);
#6170 = FACE_BOUND('',#6171,.F.);
#6171 = EDGE_LOOP('',(#6172,#6178,#6179,#6180));
#6172 = ORIENTED_EDGE('',*,*,#6173,.T.);
#6173 = EDGE_CURVE('',#5144,#5241,#6174,.T.);
#6174 = LINE('',#6175,#6176);
#6175 = CARTESIAN_POINT('',(5.6,1.52,2.6151));
#6176 = VECTOR('',#6177,1.);
#6177 = DIRECTION('',(-1.,-0.,-0.));
#6178 = ORIENTED_EDGE('',*,*,#5248,.T.);
#6179 = ORIENTED_EDGE('',*,*,#3968,.F.);
#6180 = ORIENTED_EDGE('',*,*,#5151,.F.);
#6181 = PLANE('',#6182);
#6182 = AXIS2_PLACEMENT_3D('',#6183,#6184,#6185);
#6183 = CARTESIAN_POINT('',(5.6,1.52,2.6151));
#6184 = DIRECTION('',(0.,-1.,0.));
#6185 = DIRECTION('',(0.,0.,-1.));
#6186 = ADVANCED_FACE('',(#6187),#6198,.F.);
#6187 = FACE_BOUND('',#6188,.F.);
#6188 = EDGE_LOOP('',(#6189,#6195,#6196,#6197));
#6189 = ORIENTED_EDGE('',*,*,#6190,.T.);
#6190 = EDGE_CURVE('',#4979,#5076,#6191,.T.);
#6191 = LINE('',#6192,#6193);
#6192 = CARTESIAN_POINT('',(3.1,1.52,2.6151));
#6193 = VECTOR('',#6194,1.);
#6194 = DIRECTION('',(-1.,-0.,-0.));
#6195 = ORIENTED_EDGE('',*,*,#5083,.T.);
#6196 = ORIENTED_EDGE('',*,*,#3945,.F.);
#6197 = ORIENTED_EDGE('',*,*,#4986,.F.);
#6198 = PLANE('',#6199);
#6199 = AXIS2_PLACEMENT_3D('',#6200,#6201,#6202);
#6200 = CARTESIAN_POINT('',(3.1,1.52,2.6151));
#6201 = DIRECTION('',(0.,-1.,0.));
#6202 = DIRECTION('',(0.,0.,-1.));
#6203 = ADVANCED_FACE('',(#6204),#6215,.F.);
#6204 = FACE_BOUND('',#6205,.F.);
#6205 = EDGE_LOOP('',(#6206,#6212,#6213,#6214));
#6206 = ORIENTED_EDGE('',*,*,#6207,.T.);
#6207 = EDGE_CURVE('',#4814,#4911,#6208,.T.);
#6208 = LINE('',#6209,#6210);
#6209 = CARTESIAN_POINT('',(0.6,1.52,2.6151));
#6210 = VECTOR('',#6211,1.);
#6211 = DIRECTION('',(-1.,-0.,-0.));
#6212 = ORIENTED_EDGE('',*,*,#4918,.T.);
#6213 = ORIENTED_EDGE('',*,*,#3922,.F.);
#6214 = ORIENTED_EDGE('',*,*,#4821,.F.);
#6215 = PLANE('',#6216);
#6216 = AXIS2_PLACEMENT_3D('',#6217,#6218,#6219);
#6217 = CARTESIAN_POINT('',(0.6,1.52,2.6151));
#6218 = DIRECTION('',(0.,-1.,0.));
#6219 = DIRECTION('',(0.,0.,-1.));
#6220 = ADVANCED_FACE('',(#6221),#6227,.T.);
#6221 = FACE_BOUND('',#6222,.T.);
#6222 = EDGE_LOOP('',(#6223,#6224,#6225,#6226));
#6223 = ORIENTED_EDGE('',*,*,#4274,.T.);
#6224 = ORIENTED_EDGE('',*,*,#4570,.T.);
#6225 = ORIENTED_EDGE('',*,*,#3899,.F.);
#6226 = ORIENTED_EDGE('',*,*,#4249,.F.);
#6227 = PLANE('',#6228);
#6228 = AXIS2_PLACEMENT_3D('',#6229,#6230,#6231);
#6229 = CARTESIAN_POINT('',(21.6,0.57,2.7));
#6230 = DIRECTION('',(0.,-0.866025403784,-0.5));
#6231 = DIRECTION('',(0.,0.5,-0.866025403784));
#6232 = ADVANCED_FACE('',(#6233),#6249,.F.);
#6233 = FACE_BOUND('',#6234,.F.);
#6234 = EDGE_LOOP('',(#6235,#6241,#6242,#6248));
#6235 = ORIENTED_EDGE('',*,*,#6236,.F.);
#6236 = EDGE_CURVE('',#4859,#4284,#6237,.T.);
#6237 = LINE('',#6238,#6239);
#6238 = CARTESIAN_POINT('',(0.4,-0.4,3.45));
#6239 = VECTOR('',#6240,1.);
#6240 = DIRECTION('',(0.,0.,-1.));
#6241 = ORIENTED_EDGE('',*,*,#4858,.T.);
#6242 = ORIENTED_EDGE('',*,*,#6243,.T.);
#6243 = EDGE_CURVE('',#4861,#4286,#6244,.T.);
#6244 = LINE('',#6245,#6246);
#6245 = CARTESIAN_POINT('',(-0.4,-0.4,3.45));
#6246 = VECTOR('',#6247,1.);
#6247 = DIRECTION('',(0.,0.,-1.));
#6248 = ORIENTED_EDGE('',*,*,#4283,.F.);
#6249 = PLANE('',#6250);
#6250 = AXIS2_PLACEMENT_3D('',#6251,#6252,#6253);
#6251 = CARTESIAN_POINT('',(0.4,-0.4,3.45));
#6252 = DIRECTION('',(0.,-1.,0.));
#6253 = DIRECTION('',(0.,0.,-1.));
#6254 = ADVANCED_FACE('',(#6255),#6266,.F.);
#6255 = FACE_BOUND('',#6256,.F.);
#6256 = EDGE_LOOP('',(#6257,#6258,#6259,#6260));
#6257 = ORIENTED_EDGE('',*,*,#4868,.T.);
#6258 = ORIENTED_EDGE('',*,*,#6236,.T.);
#6259 = ORIENTED_EDGE('',*,*,#4293,.F.);
#6260 = ORIENTED_EDGE('',*,*,#6261,.T.);
#6261 = EDGE_CURVE('',#4294,#4869,#6262,.T.);
#6262 = LINE('',#6263,#6264);
#6263 = CARTESIAN_POINT('',(0.4,0.4,2.45));
#6264 = VECTOR('',#6265,1.);
#6265 = DIRECTION('',(0.,0.,1.));
#6266 = PLANE('',#6267);
#6267 = AXIS2_PLACEMENT_3D('',#6268,#6269,#6270);
#6268 = CARTESIAN_POINT('',(0.4,0.,2.95));
#6269 = DIRECTION('',(1.,0.,0.));
#6270 = DIRECTION('',(0.,0.,1.));
#6271 = ADVANCED_FACE('',(#6272),#6283,.T.);
#6272 = FACE_BOUND('',#6273,.T.);
#6273 = EDGE_LOOP('',(#6274,#6275,#6276,#6277));
#6274 = ORIENTED_EDGE('',*,*,#4884,.T.);
#6275 = ORIENTED_EDGE('',*,*,#6243,.T.);
#6276 = ORIENTED_EDGE('',*,*,#4309,.F.);
#6277 = ORIENTED_EDGE('',*,*,#6278,.T.);
#6278 = EDGE_CURVE('',#4302,#4877,#6279,.T.);
#6279 = LINE('',#6280,#6281);
#6280 = CARTESIAN_POINT('',(-0.4,0.4,2.45));
#6281 = VECTOR('',#6282,1.);
#6282 = DIRECTION('',(0.,0.,1.));
#6283 = PLANE('',#6284);
#6284 = AXIS2_PLACEMENT_3D('',#6285,#6286,#6287);
#6285 = CARTESIAN_POINT('',(-0.4,0.,2.95));
#6286 = DIRECTION('',(1.,0.,0.));
#6287 = DIRECTION('',(0.,0.,1.));
#6288 = ADVANCED_FACE('',(#6289),#6295,.F.);
#6289 = FACE_BOUND('',#6290,.F.);
#6290 = EDGE_LOOP('',(#6291,#6292,#6293,#6294));
#6291 = ORIENTED_EDGE('',*,*,#6261,.F.);
#6292 = ORIENTED_EDGE('',*,*,#4301,.F.);
#6293 = ORIENTED_EDGE('',*,*,#6278,.T.);
#6294 = ORIENTED_EDGE('',*,*,#4876,.F.);
#6295 = PLANE('',#6296);
#6296 = AXIS2_PLACEMENT_3D('',#6297,#6298,#6299);
#6297 = CARTESIAN_POINT('',(0.4,0.4,2.45));
#6298 = DIRECTION('',(0.,1.,0.));
#6299 = DIRECTION('',(0.,0.,1.));
#6300 = ADVANCED_FACE('',(#6301),#6317,.F.);
#6301 = FACE_BOUND('',#6302,.F.);
#6302 = EDGE_LOOP('',(#6303,#6309,#6310,#6316));
#6303 = ORIENTED_EDGE('',*,*,#6304,.F.);
#6304 = EDGE_CURVE('',#5024,#4318,#6305,.T.);
#6305 = LINE('',#6306,#6307);
#6306 = CARTESIAN_POINT('',(2.9,-0.4,3.45));
#6307 = VECTOR('',#6308,1.);
#6308 = DIRECTION('',(0.,0.,-1.));
#6309 = ORIENTED_EDGE('',*,*,#5023,.T.);
#6310 = ORIENTED_EDGE('',*,*,#6311,.T.);
#6311 = EDGE_CURVE('',#5026,#4320,#6312,.T.);
#6312 = LINE('',#6313,#6314);
#6313 = CARTESIAN_POINT('',(2.1,-0.4,3.45));
#6314 = VECTOR('',#6315,1.);
#6315 = DIRECTION('',(0.,0.,-1.));
#6316 = ORIENTED_EDGE('',*,*,#4317,.F.);
#6317 = PLANE('',#6318);
#6318 = AXIS2_PLACEMENT_3D('',#6319,#6320,#6321);
#6319 = CARTESIAN_POINT('',(2.9,-0.4,3.45));
#6320 = DIRECTION('',(0.,-1.,0.));
#6321 = DIRECTION('',(0.,0.,-1.));
#6322 = ADVANCED_FACE('',(#6323),#6334,.T.);
#6323 = FACE_BOUND('',#6324,.T.);
#6324 = EDGE_LOOP('',(#6325,#6326,#6327,#6328));
#6325 = ORIENTED_EDGE('',*,*,#5049,.T.);
#6326 = ORIENTED_EDGE('',*,*,#6311,.T.);
#6327 = ORIENTED_EDGE('',*,*,#4343,.F.);
#6328 = ORIENTED_EDGE('',*,*,#6329,.T.);
#6329 = EDGE_CURVE('',#4336,#5042,#6330,.T.);
#6330 = LINE('',#6331,#6332);
#6331 = CARTESIAN_POINT('',(2.1,0.4,2.45));
#6332 = VECTOR('',#6333,1.);
#6333 = DIRECTION('',(0.,0.,1.));
#6334 = PLANE('',#6335);
#6335 = AXIS2_PLACEMENT_3D('',#6336,#6337,#6338);
#6336 = CARTESIAN_POINT('',(2.1,0.,2.95));
#6337 = DIRECTION('',(1.,0.,0.));
#6338 = DIRECTION('',(0.,0.,1.));
#6339 = ADVANCED_FACE('',(#6340),#6351,.F.);
#6340 = FACE_BOUND('',#6341,.F.);
#6341 = EDGE_LOOP('',(#6342,#6348,#6349,#6350));
#6342 = ORIENTED_EDGE('',*,*,#6343,.F.);
#6343 = EDGE_CURVE('',#4328,#5034,#6344,.T.);
#6344 = LINE('',#6345,#6346);
#6345 = CARTESIAN_POINT('',(2.9,0.4,2.45));
#6346 = VECTOR('',#6347,1.);
#6347 = DIRECTION('',(0.,0.,1.));
#6348 = ORIENTED_EDGE('',*,*,#4335,.F.);
#6349 = ORIENTED_EDGE('',*,*,#6329,.T.);
#6350 = ORIENTED_EDGE('',*,*,#5041,.F.);
#6351 = PLANE('',#6352);
#6352 = AXIS2_PLACEMENT_3D('',#6353,#6354,#6355);
#6353 = CARTESIAN_POINT('',(2.9,0.4,2.45));
#6354 = DIRECTION('',(0.,1.,0.));
#6355 = DIRECTION('',(0.,0.,1.));
#6356 = ADVANCED_FACE('',(#6357),#6363,.F.);
#6357 = FACE_BOUND('',#6358,.F.);
#6358 = EDGE_LOOP('',(#6359,#6360,#6361,#6362));
#6359 = ORIENTED_EDGE('',*,*,#5033,.T.);
#6360 = ORIENTED_EDGE('',*,*,#6304,.T.);
#6361 = ORIENTED_EDGE('',*,*,#4327,.F.);
#6362 = ORIENTED_EDGE('',*,*,#6343,.T.);
#6363 = PLANE('',#6364);
#6364 = AXIS2_PLACEMENT_3D('',#6365,#6366,#6367);
#6365 = CARTESIAN_POINT('',(2.9,0.,2.95));
#6366 = DIRECTION('',(1.,0.,0.));
#6367 = DIRECTION('',(0.,0.,1.));
#6368 = ADVANCED_FACE('',(#6369),#6385,.F.);
#6369 = FACE_BOUND('',#6370,.F.);
#6370 = EDGE_LOOP('',(#6371,#6377,#6378,#6384));
#6371 = ORIENTED_EDGE('',*,*,#6372,.F.);
#6372 = EDGE_CURVE('',#5189,#4352,#6373,.T.);
#6373 = LINE('',#6374,#6375);
#6374 = CARTESIAN_POINT('',(5.4,-0.4,3.45));
#6375 = VECTOR('',#6376,1.);
#6376 = DIRECTION('',(0.,0.,-1.));
#6377 = ORIENTED_EDGE('',*,*,#5188,.T.);
#6378 = ORIENTED_EDGE('',*,*,#6379,.T.);
#6379 = EDGE_CURVE('',#5191,#4354,#6380,.T.);
#6380 = LINE('',#6381,#6382);
#6381 = CARTESIAN_POINT('',(4.6,-0.4,3.45));
#6382 = VECTOR('',#6383,1.);
#6383 = DIRECTION('',(0.,0.,-1.));
#6384 = ORIENTED_EDGE('',*,*,#4351,.F.);
#6385 = PLANE('',#6386);
#6386 = AXIS2_PLACEMENT_3D('',#6387,#6388,#6389);
#6387 = CARTESIAN_POINT('',(5.4,-0.4,3.45));
#6388 = DIRECTION('',(0.,-1.,0.));
#6389 = DIRECTION('',(0.,0.,-1.));
#6390 = ADVANCED_FACE('',(#6391),#6402,.T.);
#6391 = FACE_BOUND('',#6392,.T.);
#6392 = EDGE_LOOP('',(#6393,#6394,#6395,#6396));
#6393 = ORIENTED_EDGE('',*,*,#5214,.T.);
#6394 = ORIENTED_EDGE('',*,*,#6379,.T.);
#6395 = ORIENTED_EDGE('',*,*,#4377,.F.);
#6396 = ORIENTED_EDGE('',*,*,#6397,.T.);
#6397 = EDGE_CURVE('',#4370,#5207,#6398,.T.);
#6398 = LINE('',#6399,#6400);
#6399 = CARTESIAN_POINT('',(4.6,0.4,2.45));
#6400 = VECTOR('',#6401,1.);
#6401 = DIRECTION('',(0.,0.,1.));
#6402 = PLANE('',#6403);
#6403 = AXIS2_PLACEMENT_3D('',#6404,#6405,#6406);
#6404 = CARTESIAN_POINT('',(4.6,0.,2.95));
#6405 = DIRECTION('',(1.,0.,0.));
#6406 = DIRECTION('',(0.,0.,1.));
#6407 = ADVANCED_FACE('',(#6408),#6419,.F.);
#6408 = FACE_BOUND('',#6409,.F.);
#6409 = EDGE_LOOP('',(#6410,#6416,#6417,#6418));
#6410 = ORIENTED_EDGE('',*,*,#6411,.F.);
#6411 = EDGE_CURVE('',#4362,#5199,#6412,.T.);
#6412 = LINE('',#6413,#6414);
#6413 = CARTESIAN_POINT('',(5.4,0.4,2.45));
#6414 = VECTOR('',#6415,1.);
#6415 = DIRECTION('',(0.,0.,1.));
#6416 = ORIENTED_EDGE('',*,*,#4369,.F.);
#6417 = ORIENTED_EDGE('',*,*,#6397,.T.);
#6418 = ORIENTED_EDGE('',*,*,#5206,.F.);
#6419 = PLANE('',#6420);
#6420 = AXIS2_PLACEMENT_3D('',#6421,#6422,#6423);
#6421 = CARTESIAN_POINT('',(5.4,0.4,2.45));
#6422 = DIRECTION('',(0.,1.,0.));
#6423 = DIRECTION('',(0.,0.,1.));
#6424 = ADVANCED_FACE('',(#6425),#6431,.F.);
#6425 = FACE_BOUND('',#6426,.F.);
#6426 = EDGE_LOOP('',(#6427,#6428,#6429,#6430));
#6427 = ORIENTED_EDGE('',*,*,#5198,.T.);
#6428 = ORIENTED_EDGE('',*,*,#6372,.T.);
#6429 = ORIENTED_EDGE('',*,*,#4361,.F.);
#6430 = ORIENTED_EDGE('',*,*,#6411,.T.);
#6431 = PLANE('',#6432);
#6432 = AXIS2_PLACEMENT_3D('',#6433,#6434,#6435);
#6433 = CARTESIAN_POINT('',(5.4,0.,2.95));
#6434 = DIRECTION('',(1.,0.,0.));
#6435 = DIRECTION('',(0.,0.,1.));
#6436 = ADVANCED_FACE('',(#6437),#6453,.F.);
#6437 = FACE_BOUND('',#6438,.F.);
#6438 = EDGE_LOOP('',(#6439,#6445,#6446,#6452));
#6439 = ORIENTED_EDGE('',*,*,#6440,.F.);
#6440 = EDGE_CURVE('',#5354,#4386,#6441,.T.);
#6441 = LINE('',#6442,#6443);
#6442 = CARTESIAN_POINT('',(7.9,-0.4,3.45));
#6443 = VECTOR('',#6444,1.);
#6444 = DIRECTION('',(0.,0.,-1.));
#6445 = ORIENTED_EDGE('',*,*,#5353,.T.);
#6446 = ORIENTED_EDGE('',*,*,#6447,.T.);
#6447 = EDGE_CURVE('',#5356,#4388,#6448,.T.);
#6448 = LINE('',#6449,#6450);
#6449 = CARTESIAN_POINT('',(7.1,-0.4,3.45));
#6450 = VECTOR('',#6451,1.);
#6451 = DIRECTION('',(0.,0.,-1.));
#6452 = ORIENTED_EDGE('',*,*,#4385,.F.);
#6453 = PLANE('',#6454);
#6454 = AXIS2_PLACEMENT_3D('',#6455,#6456,#6457);
#6455 = CARTESIAN_POINT('',(7.9,-0.4,3.45));
#6456 = DIRECTION('',(0.,-1.,0.));
#6457 = DIRECTION('',(0.,0.,-1.));
#6458 = ADVANCED_FACE('',(#6459),#6470,.T.);
#6459 = FACE_BOUND('',#6460,.T.);
#6460 = EDGE_LOOP('',(#6461,#6462,#6463,#6464));
#6461 = ORIENTED_EDGE('',*,*,#5379,.T.);
#6462 = ORIENTED_EDGE('',*,*,#6447,.T.);
#6463 = ORIENTED_EDGE('',*,*,#4411,.F.);
#6464 = ORIENTED_EDGE('',*,*,#6465,.T.);
#6465 = EDGE_CURVE('',#4404,#5372,#6466,.T.);
#6466 = LINE('',#6467,#6468);
#6467 = CARTESIAN_POINT('',(7.1,0.4,2.45));
#6468 = VECTOR('',#6469,1.);
#6469 = DIRECTION('',(0.,0.,1.));
#6470 = PLANE('',#6471);
#6471 = AXIS2_PLACEMENT_3D('',#6472,#6473,#6474);
#6472 = CARTESIAN_POINT('',(7.1,0.,2.95));
#6473 = DIRECTION('',(1.,0.,0.));
#6474 = DIRECTION('',(0.,0.,1.));
#6475 = ADVANCED_FACE('',(#6476),#6487,.F.);
#6476 = FACE_BOUND('',#6477,.F.);
#6477 = EDGE_LOOP('',(#6478,#6484,#6485,#6486));
#6478 = ORIENTED_EDGE('',*,*,#6479,.F.);
#6479 = EDGE_CURVE('',#4396,#5364,#6480,.T.);
#6480 = LINE('',#6481,#6482);
#6481 = CARTESIAN_POINT('',(7.9,0.4,2.45));
#6482 = VECTOR('',#6483,1.);
#6483 = DIRECTION('',(0.,0.,1.));
#6484 = ORIENTED_EDGE('',*,*,#4403,.F.);
#6485 = ORIENTED_EDGE('',*,*,#6465,.T.);
#6486 = ORIENTED_EDGE('',*,*,#5371,.F.);
#6487 = PLANE('',#6488);
#6488 = AXIS2_PLACEMENT_3D('',#6489,#6490,#6491);
#6489 = CARTESIAN_POINT('',(7.9,0.4,2.45));
#6490 = DIRECTION('',(0.,1.,0.));
#6491 = DIRECTION('',(0.,0.,1.));
#6492 = ADVANCED_FACE('',(#6493),#6499,.F.);
#6493 = FACE_BOUND('',#6494,.F.);
#6494 = EDGE_LOOP('',(#6495,#6496,#6497,#6498));
#6495 = ORIENTED_EDGE('',*,*,#5363,.T.);
#6496 = ORIENTED_EDGE('',*,*,#6440,.T.);
#6497 = ORIENTED_EDGE('',*,*,#4395,.F.);
#6498 = ORIENTED_EDGE('',*,*,#6479,.T.);
#6499 = PLANE('',#6500);
#6500 = AXIS2_PLACEMENT_3D('',#6501,#6502,#6503);
#6501 = CARTESIAN_POINT('',(7.9,0.,2.95));
#6502 = DIRECTION('',(1.,0.,0.));
#6503 = DIRECTION('',(0.,0.,1.));
#6504 = ADVANCED_FACE('',(#6505),#6521,.F.);
#6505 = FACE_BOUND('',#6506,.F.);
#6506 = EDGE_LOOP('',(#6507,#6513,#6514,#6520));
#6507 = ORIENTED_EDGE('',*,*,#6508,.F.);
#6508 = EDGE_CURVE('',#5519,#4420,#6509,.T.);
#6509 = LINE('',#6510,#6511);
#6510 = CARTESIAN_POINT('',(10.4,-0.4,3.45));
#6511 = VECTOR('',#6512,1.);
#6512 = DIRECTION('',(0.,0.,-1.));
#6513 = ORIENTED_EDGE('',*,*,#5518,.T.);
#6514 = ORIENTED_EDGE('',*,*,#6515,.T.);
#6515 = EDGE_CURVE('',#5521,#4422,#6516,.T.);
#6516 = LINE('',#6517,#6518);
#6517 = CARTESIAN_POINT('',(9.6,-0.4,3.45));
#6518 = VECTOR('',#6519,1.);
#6519 = DIRECTION('',(0.,0.,-1.));
#6520 = ORIENTED_EDGE('',*,*,#4419,.F.);
#6521 = PLANE('',#6522);
#6522 = AXIS2_PLACEMENT_3D('',#6523,#6524,#6525);
#6523 = CARTESIAN_POINT('',(10.4,-0.4,3.45));
#6524 = DIRECTION('',(0.,-1.,0.));
#6525 = DIRECTION('',(0.,0.,-1.));
#6526 = ADVANCED_FACE('',(#6527),#6538,.T.);
#6527 = FACE_BOUND('',#6528,.T.);
#6528 = EDGE_LOOP('',(#6529,#6530,#6531,#6532));
#6529 = ORIENTED_EDGE('',*,*,#5544,.T.);
#6530 = ORIENTED_EDGE('',*,*,#6515,.T.);
#6531 = ORIENTED_EDGE('',*,*,#4445,.F.);
#6532 = ORIENTED_EDGE('',*,*,#6533,.T.);
#6533 = EDGE_CURVE('',#4438,#5537,#6534,.T.);
#6534 = LINE('',#6535,#6536);
#6535 = CARTESIAN_POINT('',(9.6,0.4,2.45));
#6536 = VECTOR('',#6537,1.);
#6537 = DIRECTION('',(0.,0.,1.));
#6538 = PLANE('',#6539);
#6539 = AXIS2_PLACEMENT_3D('',#6540,#6541,#6542);
#6540 = CARTESIAN_POINT('',(9.6,0.,2.95));
#6541 = DIRECTION('',(1.,0.,0.));
#6542 = DIRECTION('',(0.,0.,1.));
#6543 = ADVANCED_FACE('',(#6544),#6555,.F.);
#6544 = FACE_BOUND('',#6545,.F.);
#6545 = EDGE_LOOP('',(#6546,#6552,#6553,#6554));
#6546 = ORIENTED_EDGE('',*,*,#6547,.F.);
#6547 = EDGE_CURVE('',#4430,#5529,#6548,.T.);
#6548 = LINE('',#6549,#6550);
#6549 = CARTESIAN_POINT('',(10.4,0.4,2.45));
#6550 = VECTOR('',#6551,1.);
#6551 = DIRECTION('',(0.,0.,1.));
#6552 = ORIENTED_EDGE('',*,*,#4437,.F.);
#6553 = ORIENTED_EDGE('',*,*,#6533,.T.);
#6554 = ORIENTED_EDGE('',*,*,#5536,.F.);
#6555 = PLANE('',#6556);
#6556 = AXIS2_PLACEMENT_3D('',#6557,#6558,#6559);
#6557 = CARTESIAN_POINT('',(10.4,0.4,2.45));
#6558 = DIRECTION('',(0.,1.,0.));
#6559 = DIRECTION('',(0.,0.,1.));
#6560 = ADVANCED_FACE('',(#6561),#6567,.F.);
#6561 = FACE_BOUND('',#6562,.F.);
#6562 = EDGE_LOOP('',(#6563,#6564,#6565,#6566));
#6563 = ORIENTED_EDGE('',*,*,#5528,.T.);
#6564 = ORIENTED_EDGE('',*,*,#6508,.T.);
#6565 = ORIENTED_EDGE('',*,*,#4429,.F.);
#6566 = ORIENTED_EDGE('',*,*,#6547,.T.);
#6567 = PLANE('',#6568);
#6568 = AXIS2_PLACEMENT_3D('',#6569,#6570,#6571);
#6569 = CARTESIAN_POINT('',(10.4,0.,2.95));
#6570 = DIRECTION('',(1.,0.,0.));
#6571 = DIRECTION('',(0.,0.,1.));
#6572 = ADVANCED_FACE('',(#6573),#6589,.F.);
#6573 = FACE_BOUND('',#6574,.F.);
#6574 = EDGE_LOOP('',(#6575,#6581,#6582,#6588));
#6575 = ORIENTED_EDGE('',*,*,#6576,.F.);
#6576 = EDGE_CURVE('',#5684,#4454,#6577,.T.);
#6577 = LINE('',#6578,#6579);
#6578 = CARTESIAN_POINT('',(12.9,-0.4,3.45));
#6579 = VECTOR('',#6580,1.);
#6580 = DIRECTION('',(0.,0.,-1.));
#6581 = ORIENTED_EDGE('',*,*,#5683,.T.);
#6582 = ORIENTED_EDGE('',*,*,#6583,.T.);
#6583 = EDGE_CURVE('',#5686,#4456,#6584,.T.);
#6584 = LINE('',#6585,#6586);
#6585 = CARTESIAN_POINT('',(12.1,-0.4,3.45));
#6586 = VECTOR('',#6587,1.);
#6587 = DIRECTION('',(0.,0.,-1.));
#6588 = ORIENTED_EDGE('',*,*,#4453,.F.);
#6589 = PLANE('',#6590);
#6590 = AXIS2_PLACEMENT_3D('',#6591,#6592,#6593);
#6591 = CARTESIAN_POINT('',(12.9,-0.4,3.45));
#6592 = DIRECTION('',(0.,-1.,0.));
#6593 = DIRECTION('',(0.,0.,-1.));
#6594 = ADVANCED_FACE('',(#6595),#6606,.T.);
#6595 = FACE_BOUND('',#6596,.T.);
#6596 = EDGE_LOOP('',(#6597,#6598,#6599,#6600));
#6597 = ORIENTED_EDGE('',*,*,#5709,.T.);
#6598 = ORIENTED_EDGE('',*,*,#6583,.T.);
#6599 = ORIENTED_EDGE('',*,*,#4479,.F.);
#6600 = ORIENTED_EDGE('',*,*,#6601,.T.);
#6601 = EDGE_CURVE('',#4472,#5702,#6602,.T.);
#6602 = LINE('',#6603,#6604);
#6603 = CARTESIAN_POINT('',(12.1,0.4,2.45));
#6604 = VECTOR('',#6605,1.);
#6605 = DIRECTION('',(0.,0.,1.));
#6606 = PLANE('',#6607);
#6607 = AXIS2_PLACEMENT_3D('',#6608,#6609,#6610);
#6608 = CARTESIAN_POINT('',(12.1,0.,2.95));
#6609 = DIRECTION('',(1.,0.,0.));
#6610 = DIRECTION('',(0.,0.,1.));
#6611 = ADVANCED_FACE('',(#6612),#6623,.F.);
#6612 = FACE_BOUND('',#6613,.F.);
#6613 = EDGE_LOOP('',(#6614,#6620,#6621,#6622));
#6614 = ORIENTED_EDGE('',*,*,#6615,.F.);
#6615 = EDGE_CURVE('',#4464,#5694,#6616,.T.);
#6616 = LINE('',#6617,#6618);
#6617 = CARTESIAN_POINT('',(12.9,0.4,2.45));
#6618 = VECTOR('',#6619,1.);
#6619 = DIRECTION('',(0.,0.,1.));
#6620 = ORIENTED_EDGE('',*,*,#4471,.F.);
#6621 = ORIENTED_EDGE('',*,*,#6601,.T.);
#6622 = ORIENTED_EDGE('',*,*,#5701,.F.);
#6623 = PLANE('',#6624);
#6624 = AXIS2_PLACEMENT_3D('',#6625,#6626,#6627);
#6625 = CARTESIAN_POINT('',(12.9,0.4,2.45));
#6626 = DIRECTION('',(0.,1.,0.));
#6627 = DIRECTION('',(0.,0.,1.));
#6628 = ADVANCED_FACE('',(#6629),#6635,.F.);
#6629 = FACE_BOUND('',#6630,.F.);
#6630 = EDGE_LOOP('',(#6631,#6632,#6633,#6634));
#6631 = ORIENTED_EDGE('',*,*,#5693,.T.);
#6632 = ORIENTED_EDGE('',*,*,#6576,.T.);
#6633 = ORIENTED_EDGE('',*,*,#4463,.F.);
#6634 = ORIENTED_EDGE('',*,*,#6615,.T.);
#6635 = PLANE('',#6636);
#6636 = AXIS2_PLACEMENT_3D('',#6637,#6638,#6639);
#6637 = CARTESIAN_POINT('',(12.9,0.,2.95));
#6638 = DIRECTION('',(1.,0.,0.));
#6639 = DIRECTION('',(0.,0.,1.));
#6640 = ADVANCED_FACE('',(#6641),#6657,.F.);
#6641 = FACE_BOUND('',#6642,.F.);
#6642 = EDGE_LOOP('',(#6643,#6649,#6650,#6656));
#6643 = ORIENTED_EDGE('',*,*,#6644,.F.);
#6644 = EDGE_CURVE('',#5849,#4488,#6645,.T.);
#6645 = LINE('',#6646,#6647);
#6646 = CARTESIAN_POINT('',(15.4,-0.4,3.45));
#6647 = VECTOR('',#6648,1.);
#6648 = DIRECTION('',(0.,0.,-1.));
#6649 = ORIENTED_EDGE('',*,*,#5848,.T.);
#6650 = ORIENTED_EDGE('',*,*,#6651,.T.);
#6651 = EDGE_CURVE('',#5851,#4490,#6652,.T.);
#6652 = LINE('',#6653,#6654);
#6653 = CARTESIAN_POINT('',(14.6,-0.4,3.45));
#6654 = VECTOR('',#6655,1.);
#6655 = DIRECTION('',(0.,0.,-1.));
#6656 = ORIENTED_EDGE('',*,*,#4487,.F.);
#6657 = PLANE('',#6658);
#6658 = AXIS2_PLACEMENT_3D('',#6659,#6660,#6661);
#6659 = CARTESIAN_POINT('',(15.4,-0.4,3.45));
#6660 = DIRECTION('',(0.,-1.,0.));
#6661 = DIRECTION('',(0.,0.,-1.));
#6662 = ADVANCED_FACE('',(#6663),#6674,.T.);
#6663 = FACE_BOUND('',#6664,.T.);
#6664 = EDGE_LOOP('',(#6665,#6666,#6667,#6668));
#6665 = ORIENTED_EDGE('',*,*,#5874,.T.);
#6666 = ORIENTED_EDGE('',*,*,#6651,.T.);
#6667 = ORIENTED_EDGE('',*,*,#4513,.F.);
#6668 = ORIENTED_EDGE('',*,*,#6669,.T.);
#6669 = EDGE_CURVE('',#4506,#5867,#6670,.T.);
#6670 = LINE('',#6671,#6672);
#6671 = CARTESIAN_POINT('',(14.6,0.4,2.45));
#6672 = VECTOR('',#6673,1.);
#6673 = DIRECTION('',(0.,0.,1.));
#6674 = PLANE('',#6675);
#6675 = AXIS2_PLACEMENT_3D('',#6676,#6677,#6678);
#6676 = CARTESIAN_POINT('',(14.6,0.,2.95));
#6677 = DIRECTION('',(1.,0.,0.));
#6678 = DIRECTION('',(0.,0.,1.));
#6679 = ADVANCED_FACE('',(#6680),#6691,.F.);
#6680 = FACE_BOUND('',#6681,.F.);
#6681 = EDGE_LOOP('',(#6682,#6688,#6689,#6690));
#6682 = ORIENTED_EDGE('',*,*,#6683,.F.);
#6683 = EDGE_CURVE('',#4498,#5859,#6684,.T.);
#6684 = LINE('',#6685,#6686);
#6685 = CARTESIAN_POINT('',(15.4,0.4,2.45));
#6686 = VECTOR('',#6687,1.);
#6687 = DIRECTION('',(0.,0.,1.));
#6688 = ORIENTED_EDGE('',*,*,#4505,.F.);
#6689 = ORIENTED_EDGE('',*,*,#6669,.T.);
#6690 = ORIENTED_EDGE('',*,*,#5866,.F.);
#6691 = PLANE('',#6692);
#6692 = AXIS2_PLACEMENT_3D('',#6693,#6694,#6695);
#6693 = CARTESIAN_POINT('',(15.4,0.4,2.45));
#6694 = DIRECTION('',(0.,1.,0.));
#6695 = DIRECTION('',(0.,0.,1.));
#6696 = ADVANCED_FACE('',(#6697),#6703,.F.);
#6697 = FACE_BOUND('',#6698,.F.);
#6698 = EDGE_LOOP('',(#6699,#6700,#6701,#6702));
#6699 = ORIENTED_EDGE('',*,*,#5858,.T.);
#6700 = ORIENTED_EDGE('',*,*,#6644,.T.);
#6701 = ORIENTED_EDGE('',*,*,#4497,.F.);
#6702 = ORIENTED_EDGE('',*,*,#6683,.T.);
#6703 = PLANE('',#6704);
#6704 = AXIS2_PLACEMENT_3D('',#6705,#6706,#6707);
#6705 = CARTESIAN_POINT('',(15.4,0.,2.95));
#6706 = DIRECTION('',(1.,0.,0.));
#6707 = DIRECTION('',(0.,0.,1.));
#6708 = ADVANCED_FACE('',(#6709),#6725,.F.);
#6709 = FACE_BOUND('',#6710,.F.);
#6710 = EDGE_LOOP('',(#6711,#6717,#6718,#6724));
#6711 = ORIENTED_EDGE('',*,*,#6712,.F.);
#6712 = EDGE_CURVE('',#6014,#4522,#6713,.T.);
#6713 = LINE('',#6714,#6715);
#6714 = CARTESIAN_POINT('',(17.9,-0.4,3.45));
#6715 = VECTOR('',#6716,1.);
#6716 = DIRECTION('',(0.,0.,-1.));
#6717 = ORIENTED_EDGE('',*,*,#6013,.T.);
#6718 = ORIENTED_EDGE('',*,*,#6719,.T.);
#6719 = EDGE_CURVE('',#6016,#4524,#6720,.T.);
#6720 = LINE('',#6721,#6722);
#6721 = CARTESIAN_POINT('',(17.1,-0.4,3.45));
#6722 = VECTOR('',#6723,1.);
#6723 = DIRECTION('',(0.,0.,-1.));
#6724 = ORIENTED_EDGE('',*,*,#4521,.F.);
#6725 = PLANE('',#6726);
#6726 = AXIS2_PLACEMENT_3D('',#6727,#6728,#6729);
#6727 = CARTESIAN_POINT('',(17.9,-0.4,3.45));
#6728 = DIRECTION('',(0.,-1.,0.));
#6729 = DIRECTION('',(0.,0.,-1.));
#6730 = ADVANCED_FACE('',(#6731),#6742,.T.);
#6731 = FACE_BOUND('',#6732,.T.);
#6732 = EDGE_LOOP('',(#6733,#6734,#6735,#6736));
#6733 = ORIENTED_EDGE('',*,*,#6039,.T.);
#6734 = ORIENTED_EDGE('',*,*,#6719,.T.);
#6735 = ORIENTED_EDGE('',*,*,#4547,.F.);
#6736 = ORIENTED_EDGE('',*,*,#6737,.T.);
#6737 = EDGE_CURVE('',#4540,#6032,#6738,.T.);
#6738 = LINE('',#6739,#6740);
#6739 = CARTESIAN_POINT('',(17.1,0.4,2.45));
#6740 = VECTOR('',#6741,1.);
#6741 = DIRECTION('',(0.,0.,1.));
#6742 = PLANE('',#6743);
#6743 = AXIS2_PLACEMENT_3D('',#6744,#6745,#6746);
#6744 = CARTESIAN_POINT('',(17.1,0.,2.95));
#6745 = DIRECTION('',(1.,0.,0.));
#6746 = DIRECTION('',(0.,0.,1.));
#6747 = ADVANCED_FACE('',(#6748),#6759,.F.);
#6748 = FACE_BOUND('',#6749,.F.);
#6749 = EDGE_LOOP('',(#6750,#6756,#6757,#6758));
#6750 = ORIENTED_EDGE('',*,*,#6751,.F.);
#6751 = EDGE_CURVE('',#4532,#6024,#6752,.T.);
#6752 = LINE('',#6753,#6754);
#6753 = CARTESIAN_POINT('',(17.9,0.4,2.45));
#6754 = VECTOR('',#6755,1.);
#6755 = DIRECTION('',(0.,0.,1.));
#6756 = ORIENTED_EDGE('',*,*,#4539,.F.);
#6757 = ORIENTED_EDGE('',*,*,#6737,.T.);
#6758 = ORIENTED_EDGE('',*,*,#6031,.F.);
#6759 = PLANE('',#6760);
#6760 = AXIS2_PLACEMENT_3D('',#6761,#6762,#6763);
#6761 = CARTESIAN_POINT('',(17.9,0.4,2.45));
#6762 = DIRECTION('',(0.,1.,0.));
#6763 = DIRECTION('',(0.,0.,1.));
#6764 = ADVANCED_FACE('',(#6765),#6771,.F.);
#6765 = FACE_BOUND('',#6766,.F.);
#6766 = EDGE_LOOP('',(#6767,#6768,#6769,#6770));
#6767 = ORIENTED_EDGE('',*,*,#6023,.T.);
#6768 = ORIENTED_EDGE('',*,*,#6712,.T.);
#6769 = ORIENTED_EDGE('',*,*,#4531,.F.);
#6770 = ORIENTED_EDGE('',*,*,#6751,.T.);
#6771 = PLANE('',#6772);
#6772 = AXIS2_PLACEMENT_3D('',#6773,#6774,#6775);
#6773 = CARTESIAN_POINT('',(17.9,0.,2.95));
#6774 = DIRECTION('',(1.,0.,0.));
#6775 = DIRECTION('',(0.,0.,1.));
#6776 = ADVANCED_FACE('',(#6777),#6788,.F.);
#6777 = FACE_BOUND('',#6778,.F.);
#6778 = EDGE_LOOP('',(#6779,#6780,#6781,#6787));
#6779 = ORIENTED_EDGE('',*,*,#4848,.T.);
#6780 = ORIENTED_EDGE('',*,*,#4902,.T.);
#6781 = ORIENTED_EDGE('',*,*,#6782,.F.);
#6782 = EDGE_CURVE('',#4806,#4903,#6783,.T.);
#6783 = LINE('',#6784,#6785);
#6784 = CARTESIAN_POINT('',(0.6,1.044,2.6151));
#6785 = VECTOR('',#6786,1.);
#6786 = DIRECTION('',(-1.,-0.,-0.));
#6787 = ORIENTED_EDGE('',*,*,#4805,.F.);
#6788 = PLANE('',#6789);
#6789 = AXIS2_PLACEMENT_3D('',#6790,#6791,#6792);
#6790 = CARTESIAN_POINT('',(0.6,0.5468198,3.45));
#6791 = DIRECTION('',(0.,-0.859195209828,-0.511647917429));
#6792 = DIRECTION('',(0.,0.511647917429,-0.859195209828));
#6793 = ADVANCED_FACE('',(#6794),#6800,.F.);
#6794 = FACE_BOUND('',#6795,.F.);
#6795 = EDGE_LOOP('',(#6796,#6797,#6798,#6799));
#6796 = ORIENTED_EDGE('',*,*,#6782,.T.);
#6797 = ORIENTED_EDGE('',*,*,#4910,.T.);
#6798 = ORIENTED_EDGE('',*,*,#6207,.F.);
#6799 = ORIENTED_EDGE('',*,*,#4813,.F.);
#6800 = PLANE('',#6801);
#6801 = AXIS2_PLACEMENT_3D('',#6802,#6803,#6804);
#6802 = CARTESIAN_POINT('',(0.6,1.044,2.6151));
#6803 = DIRECTION('',(0.,0.,-1.));
#6804 = DIRECTION('',(0.,1.,0.));
#6805 = ADVANCED_FACE('',(#6806),#6817,.F.);
#6806 = FACE_BOUND('',#6807,.F.);
#6807 = EDGE_LOOP('',(#6808,#6809,#6810,#6816));
#6808 = ORIENTED_EDGE('',*,*,#5013,.T.);
#6809 = ORIENTED_EDGE('',*,*,#5067,.T.);
#6810 = ORIENTED_EDGE('',*,*,#6811,.F.);
#6811 = EDGE_CURVE('',#4971,#5068,#6812,.T.);
#6812 = LINE('',#6813,#6814);
#6813 = CARTESIAN_POINT('',(3.1,1.044,2.6151));
#6814 = VECTOR('',#6815,1.);
#6815 = DIRECTION('',(-1.,-0.,-0.));
#6816 = ORIENTED_EDGE('',*,*,#4970,.F.);
#6817 = PLANE('',#6818);
#6818 = AXIS2_PLACEMENT_3D('',#6819,#6820,#6821);
#6819 = CARTESIAN_POINT('',(3.1,0.5468198,3.45));
#6820 = DIRECTION('',(0.,-0.859195209828,-0.511647917429));
#6821 = DIRECTION('',(0.,0.511647917429,-0.859195209828));
#6822 = ADVANCED_FACE('',(#6823),#6829,.F.);
#6823 = FACE_BOUND('',#6824,.F.);
#6824 = EDGE_LOOP('',(#6825,#6826,#6827,#6828));
#6825 = ORIENTED_EDGE('',*,*,#6811,.T.);
#6826 = ORIENTED_EDGE('',*,*,#5075,.T.);
#6827 = ORIENTED_EDGE('',*,*,#6190,.F.);
#6828 = ORIENTED_EDGE('',*,*,#4978,.F.);
#6829 = PLANE('',#6830);
#6830 = AXIS2_PLACEMENT_3D('',#6831,#6832,#6833);
#6831 = CARTESIAN_POINT('',(3.1,1.044,2.6151));
#6832 = DIRECTION('',(0.,0.,-1.));
#6833 = DIRECTION('',(0.,1.,0.));
#6834 = ADVANCED_FACE('',(#6835),#6846,.F.);
#6835 = FACE_BOUND('',#6836,.F.);
#6836 = EDGE_LOOP('',(#6837,#6838,#6839,#6845));
#6837 = ORIENTED_EDGE('',*,*,#5178,.T.);
#6838 = ORIENTED_EDGE('',*,*,#5232,.T.);
#6839 = ORIENTED_EDGE('',*,*,#6840,.F.);
#6840 = EDGE_CURVE('',#5136,#5233,#6841,.T.);
#6841 = LINE('',#6842,#6843);
#6842 = CARTESIAN_POINT('',(5.6,1.044,2.6151));
#6843 = VECTOR('',#6844,1.);
#6844 = DIRECTION('',(-1.,-0.,-0.));
#6845 = ORIENTED_EDGE('',*,*,#5135,.F.);
#6846 = PLANE('',#6847);
#6847 = AXIS2_PLACEMENT_3D('',#6848,#6849,#6850);
#6848 = CARTESIAN_POINT('',(5.6,0.5468198,3.45));
#6849 = DIRECTION('',(0.,-0.859195209828,-0.511647917429));
#6850 = DIRECTION('',(0.,0.511647917429,-0.859195209828));
#6851 = ADVANCED_FACE('',(#6852),#6858,.F.);
#6852 = FACE_BOUND('',#6853,.F.);
#6853 = EDGE_LOOP('',(#6854,#6855,#6856,#6857));
#6854 = ORIENTED_EDGE('',*,*,#6840,.T.);
#6855 = ORIENTED_EDGE('',*,*,#5240,.T.);
#6856 = ORIENTED_EDGE('',*,*,#6173,.F.);
#6857 = ORIENTED_EDGE('',*,*,#5143,.F.);
#6858 = PLANE('',#6859);
#6859 = AXIS2_PLACEMENT_3D('',#6860,#6861,#6862);
#6860 = CARTESIAN_POINT('',(5.6,1.044,2.6151));
#6861 = DIRECTION('',(0.,0.,-1.));
#6862 = DIRECTION('',(0.,1.,0.));
#6863 = ADVANCED_FACE('',(#6864),#6875,.F.);
#6864 = FACE_BOUND('',#6865,.F.);
#6865 = EDGE_LOOP('',(#6866,#6867,#6868,#6874));
#6866 = ORIENTED_EDGE('',*,*,#5343,.T.);
#6867 = ORIENTED_EDGE('',*,*,#5397,.T.);
#6868 = ORIENTED_EDGE('',*,*,#6869,.F.);
#6869 = EDGE_CURVE('',#5301,#5398,#6870,.T.);
#6870 = LINE('',#6871,#6872);
#6871 = CARTESIAN_POINT('',(8.1,1.044,2.6151));
#6872 = VECTOR('',#6873,1.);
#6873 = DIRECTION('',(-1.,-0.,-0.));
#6874 = ORIENTED_EDGE('',*,*,#5300,.F.);
#6875 = PLANE('',#6876);
#6876 = AXIS2_PLACEMENT_3D('',#6877,#6878,#6879);
#6877 = CARTESIAN_POINT('',(8.1,0.5468198,3.45));
#6878 = DIRECTION('',(0.,-0.859195209828,-0.511647917429));
#6879 = DIRECTION('',(0.,0.511647917429,-0.859195209828));
#6880 = ADVANCED_FACE('',(#6881),#6887,.F.);
#6881 = FACE_BOUND('',#6882,.F.);
#6882 = EDGE_LOOP('',(#6883,#6884,#6885,#6886));
#6883 = ORIENTED_EDGE('',*,*,#6869,.T.);
#6884 = ORIENTED_EDGE('',*,*,#5405,.T.);
#6885 = ORIENTED_EDGE('',*,*,#6156,.F.);
#6886 = ORIENTED_EDGE('',*,*,#5308,.F.);
#6887 = PLANE('',#6888);
#6888 = AXIS2_PLACEMENT_3D('',#6889,#6890,#6891);
#6889 = CARTESIAN_POINT('',(8.1,1.044,2.6151));
#6890 = DIRECTION('',(0.,0.,-1.));
#6891 = DIRECTION('',(0.,1.,0.));
#6892 = ADVANCED_FACE('',(#6893),#6904,.F.);
#6893 = FACE_BOUND('',#6894,.F.);
#6894 = EDGE_LOOP('',(#6895,#6896,#6897,#6903));
#6895 = ORIENTED_EDGE('',*,*,#5508,.T.);
#6896 = ORIENTED_EDGE('',*,*,#5562,.T.);
#6897 = ORIENTED_EDGE('',*,*,#6898,.F.);
#6898 = EDGE_CURVE('',#5466,#5563,#6899,.T.);
#6899 = LINE('',#6900,#6901);
#6900 = CARTESIAN_POINT('',(10.6,1.044,2.6151));
#6901 = VECTOR('',#6902,1.);
#6902 = DIRECTION('',(-1.,-0.,-0.));
#6903 = ORIENTED_EDGE('',*,*,#5465,.F.);
#6904 = PLANE('',#6905);
#6905 = AXIS2_PLACEMENT_3D('',#6906,#6907,#6908);
#6906 = CARTESIAN_POINT('',(10.6,0.5468198,3.45));
#6907 = DIRECTION('',(0.,-0.859195209828,-0.511647917429));
#6908 = DIRECTION('',(0.,0.511647917429,-0.859195209828));
#6909 = ADVANCED_FACE('',(#6910),#6916,.F.);
#6910 = FACE_BOUND('',#6911,.F.);
#6911 = EDGE_LOOP('',(#6912,#6913,#6914,#6915));
#6912 = ORIENTED_EDGE('',*,*,#6898,.T.);
#6913 = ORIENTED_EDGE('',*,*,#5570,.T.);
#6914 = ORIENTED_EDGE('',*,*,#6139,.F.);
#6915 = ORIENTED_EDGE('',*,*,#5473,.F.);
#6916 = PLANE('',#6917);
#6917 = AXIS2_PLACEMENT_3D('',#6918,#6919,#6920);
#6918 = CARTESIAN_POINT('',(10.6,1.044,2.6151));
#6919 = DIRECTION('',(0.,0.,-1.));
#6920 = DIRECTION('',(0.,1.,0.));
#6921 = ADVANCED_FACE('',(#6922),#6933,.F.);
#6922 = FACE_BOUND('',#6923,.F.);
#6923 = EDGE_LOOP('',(#6924,#6925,#6926,#6932));
#6924 = ORIENTED_EDGE('',*,*,#5673,.T.);
#6925 = ORIENTED_EDGE('',*,*,#5727,.T.);
#6926 = ORIENTED_EDGE('',*,*,#6927,.F.);
#6927 = EDGE_CURVE('',#5631,#5728,#6928,.T.);
#6928 = LINE('',#6929,#6930);
#6929 = CARTESIAN_POINT('',(13.1,1.044,2.6151));
#6930 = VECTOR('',#6931,1.);
#6931 = DIRECTION('',(-1.,-0.,-0.));
#6932 = ORIENTED_EDGE('',*,*,#5630,.F.);
#6933 = PLANE('',#6934);
#6934 = AXIS2_PLACEMENT_3D('',#6935,#6936,#6937);
#6935 = CARTESIAN_POINT('',(13.1,0.5468198,3.45));
#6936 = DIRECTION('',(0.,-0.859195209828,-0.511647917429));
#6937 = DIRECTION('',(0.,0.511647917429,-0.859195209828));
#6938 = ADVANCED_FACE('',(#6939),#6945,.F.);
#6939 = FACE_BOUND('',#6940,.F.);
#6940 = EDGE_LOOP('',(#6941,#6942,#6943,#6944));
#6941 = ORIENTED_EDGE('',*,*,#6927,.T.);
#6942 = ORIENTED_EDGE('',*,*,#5735,.T.);
#6943 = ORIENTED_EDGE('',*,*,#6122,.F.);
#6944 = ORIENTED_EDGE('',*,*,#5638,.F.);
#6945 = PLANE('',#6946);
#6946 = AXIS2_PLACEMENT_3D('',#6947,#6948,#6949);
#6947 = CARTESIAN_POINT('',(13.1,1.044,2.6151));
#6948 = DIRECTION('',(0.,0.,-1.));
#6949 = DIRECTION('',(0.,1.,0.));
#6950 = ADVANCED_FACE('',(#6951),#6962,.F.);
#6951 = FACE_BOUND('',#6952,.F.);
#6952 = EDGE_LOOP('',(#6953,#6954,#6955,#6961));
#6953 = ORIENTED_EDGE('',*,*,#5838,.T.);
#6954 = ORIENTED_EDGE('',*,*,#5892,.T.);
#6955 = ORIENTED_EDGE('',*,*,#6956,.F.);
#6956 = EDGE_CURVE('',#5796,#5893,#6957,.T.);
#6957 = LINE('',#6958,#6959);
#6958 = CARTESIAN_POINT('',(15.6,1.044,2.6151));
#6959 = VECTOR('',#6960,1.);
#6960 = DIRECTION('',(-1.,-0.,-0.));
#6961 = ORIENTED_EDGE('',*,*,#5795,.F.);
#6962 = PLANE('',#6963);
#6963 = AXIS2_PLACEMENT_3D('',#6964,#6965,#6966);
#6964 = CARTESIAN_POINT('',(15.6,0.5468198,3.45));
#6965 = DIRECTION('',(0.,-0.859195209828,-0.511647917429));
#6966 = DIRECTION('',(0.,0.511647917429,-0.859195209828));
#6967 = ADVANCED_FACE('',(#6968),#6974,.F.);
#6968 = FACE_BOUND('',#6969,.F.);
#6969 = EDGE_LOOP('',(#6970,#6971,#6972,#6973));
#6970 = ORIENTED_EDGE('',*,*,#6956,.T.);
#6971 = ORIENTED_EDGE('',*,*,#5900,.T.);
#6972 = ORIENTED_EDGE('',*,*,#6105,.F.);
#6973 = ORIENTED_EDGE('',*,*,#5803,.F.);
#6974 = PLANE('',#6975);
#6975 = AXIS2_PLACEMENT_3D('',#6976,#6977,#6978);
#6976 = CARTESIAN_POINT('',(15.6,1.044,2.6151));
#6977 = DIRECTION('',(0.,0.,-1.));
#6978 = DIRECTION('',(0.,1.,0.));
#6979 = ADVANCED_FACE('',(#6980),#6991,.F.);
#6980 = FACE_BOUND('',#6981,.F.);
#6981 = EDGE_LOOP('',(#6982,#6983,#6984,#6990));
#6982 = ORIENTED_EDGE('',*,*,#6003,.T.);
#6983 = ORIENTED_EDGE('',*,*,#6057,.T.);
#6984 = ORIENTED_EDGE('',*,*,#6985,.F.);
#6985 = EDGE_CURVE('',#5961,#6058,#6986,.T.);
#6986 = LINE('',#6987,#6988);
#6987 = CARTESIAN_POINT('',(18.1,1.044,2.6151));
#6988 = VECTOR('',#6989,1.);
#6989 = DIRECTION('',(-1.,-0.,-0.));
#6990 = ORIENTED_EDGE('',*,*,#5960,.F.);
#6991 = PLANE('',#6992);
#6992 = AXIS2_PLACEMENT_3D('',#6993,#6994,#6995);
#6993 = CARTESIAN_POINT('',(18.1,0.5468198,3.45));
#6994 = DIRECTION('',(0.,-0.859195209828,-0.511647917429));
#6995 = DIRECTION('',(0.,0.511647917429,-0.859195209828));
#6996 = ADVANCED_FACE('',(#6997),#7003,.F.);
#6997 = FACE_BOUND('',#6998,.F.);
#6998 = EDGE_LOOP('',(#6999,#7000,#7001,#7002));
#6999 = ORIENTED_EDGE('',*,*,#6985,.T.);
#7000 = ORIENTED_EDGE('',*,*,#6065,.T.);
#7001 = ORIENTED_EDGE('',*,*,#6088,.F.);
#7002 = ORIENTED_EDGE('',*,*,#5968,.F.);
#7003 = PLANE('',#7004);
#7004 = AXIS2_PLACEMENT_3D('',#7005,#7006,#7007);
#7005 = CARTESIAN_POINT('',(18.1,1.044,2.6151));
#7006 = DIRECTION('',(0.,0.,-1.));
#7007 = DIRECTION('',(0.,1.,0.));
#7008 = ( GEOMETRIC_REPRESENTATION_CONTEXT(3) 
GLOBAL_UNCERTAINTY_ASSIGNED_CONTEXT((#7012)) 
GLOBAL_UNIT_ASSIGNED_CONTEXT((#7009,#7010,#7011)) REPRESENTATION_CONTEXT
('Context #1','3D Context with UNIT and UNCERTAINTY') );
#7009 = ( LENGTH_UNIT() NAMED_UNIT(*) SI_UNIT(.MILLI.,.METRE.) );
#7010 = ( NAMED_UNIT(*) PLANE_ANGLE_UNIT() SI_UNIT($,.RADIAN.) );
#7011 = ( NAMED_UNIT(*) SI_UNIT($,.STERADIAN.) SOLID_ANGLE_UNIT() );
#7012 = UNCERTAINTY_MEASURE_WITH_UNIT(LENGTH_MEASURE(1.E-06),#7009,
  'distance_accuracy_value','confusion accuracy');
#7013 = CONTEXT_DEPENDENT_SHAPE_REPRESENTATION(#7014,#7016);
#7014 = ( REPRESENTATION_RELATIONSHIP('','',#36,#10) 
REPRESENTATION_RELATIONSHIP_WITH_TRANSFORMATION(#7015) 
SHAPE_REPRESENTATION_RELATIONSHIP() );
#7015 = ITEM_DEFINED_TRANSFORMATION('','',#11,#15);
#7016 = PRODUCT_DEFINITION_SHAPE('Placement','Placement of an item',
  #7017);
#7017 = NEXT_ASSEMBLY_USAGE_OCCURRENCE('145','Housing','',#5,#31,$);
#7018 = PRODUCT_RELATED_PRODUCT_CATEGORY('part',$,(#33));
#7019 = SHAPE_DEFINITION_REPRESENTATION(#7020,#7026);
#7020 = PRODUCT_DEFINITION_SHAPE('','',#7021);
#7021 = PRODUCT_DEFINITION('design','',#7022,#7025);
#7022 = PRODUCT_DEFINITION_FORMATION('','',#7023);
#7023 = PRODUCT('female_pin_array','female_pin_array','',(#7024));
#7024 = PRODUCT_CONTEXT('',#2,'mechanical');
#7025 = PRODUCT_DEFINITION_CONTEXT('part definition',#2,'design');
#7026 = SHAPE_REPRESENTATION('',(#11,#7027,#7031,#7035,#7039,#7043,#7047
    ,#7051,#7055,#7059),#7063);
#7027 = AXIS2_PLACEMENT_3D('',#7028,#7029,#7030);
#7028 = CARTESIAN_POINT('',(0.,0.,0.));
#7029 = DIRECTION('',(0.,0.,1.));
#7030 = DIRECTION('',(-1.,0.,0.));
#7031 = AXIS2_PLACEMENT_3D('',#7032,#7033,#7034);
#7032 = CARTESIAN_POINT('',(2.5,0.,0.));
#7033 = DIRECTION('',(0.,0.,1.));
#7034 = DIRECTION('',(-1.,1.224646799147E-16,0.));
#7035 = AXIS2_PLACEMENT_3D('',#7036,#7037,#7038);
#7036 = CARTESIAN_POINT('',(5.,0.,0.));
#7037 = DIRECTION('',(0.,0.,1.));
#7038 = DIRECTION('',(-1.,1.224646799147E-16,0.));
#7039 = AXIS2_PLACEMENT_3D('',#7040,#7041,#7042);
#7040 = CARTESIAN_POINT('',(7.5,0.,0.));
#7041 = DIRECTION('',(0.,0.,1.));
#7042 = DIRECTION('',(-1.,1.224646799147E-16,0.));
#7043 = AXIS2_PLACEMENT_3D('',#7044,#7045,#7046);
#7044 = CARTESIAN_POINT('',(10.,0.,0.));
#7045 = DIRECTION('',(0.,0.,1.));
#7046 = DIRECTION('',(-1.,1.224646799147E-16,0.));
#7047 = AXIS2_PLACEMENT_3D('',#7048,#7049,#7050);
#7048 = CARTESIAN_POINT('',(12.5,0.,0.));
#7049 = DIRECTION('',(0.,0.,1.));
#7050 = DIRECTION('',(-1.,1.224646799147E-16,0.));
#7051 = AXIS2_PLACEMENT_3D('',#7052,#7053,#7054);
#7052 = CARTESIAN_POINT('',(15.,0.,0.));
#7053 = DIRECTION('',(0.,0.,1.));
#7054 = DIRECTION('',(-1.,1.224646799147E-16,0.));
#7055 = AXIS2_PLACEMENT_3D('',#7056,#7057,#7058);
#7056 = CARTESIAN_POINT('',(17.5,0.,0.));
#7057 = DIRECTION('',(0.,0.,1.));
#7058 = DIRECTION('',(-1.,1.224646799147E-16,0.));
#7059 = AXIS2_PLACEMENT_3D('',#7060,#7061,#7062);
#7060 = CARTESIAN_POINT('',(20.,0.,0.));
#7061 = DIRECTION('',(0.,0.,1.));
#7062 = DIRECTION('',(-1.,1.224646799147E-16,0.));
#7063 = ( GEOMETRIC_REPRESENTATION_CONTEXT(3) 
GLOBAL_UNCERTAINTY_ASSIGNED_CONTEXT((#7067)) 
GLOBAL_UNIT_ASSIGNED_CONTEXT((#7064,#7065,#7066)) REPRESENTATION_CONTEXT
('Context #1','3D Context with UNIT and UNCERTAINTY') );
#7064 = ( LENGTH_UNIT() NAMED_UNIT(*) SI_UNIT(.MILLI.,.METRE.) );
#7065 = ( NAMED_UNIT(*) PLANE_ANGLE_UNIT() SI_UNIT($,.RADIAN.) );
#7066 = ( NAMED_UNIT(*) SI_UNIT($,.STERADIAN.) SOLID_ANGLE_UNIT() );
#7067 = UNCERTAINTY_MEASURE_WITH_UNIT(LENGTH_MEASURE(1.E-07),#7064,
  'distance_accuracy_value','confusion accuracy');
#7068 = CONTEXT_DEPENDENT_SHAPE_REPRESENTATION(#7069,#7071);
#7069 = ( REPRESENTATION_RELATIONSHIP('','',#7026,#10) 
REPRESENTATION_RELATIONSHIP_WITH_TRANSFORMATION(#7070) 
SHAPE_REPRESENTATION_RELATIONSHIP() );
#7070 = ITEM_DEFINED_TRANSFORMATION('','',#11,#19);
#7071 = PRODUCT_DEFINITION_SHAPE('Placement','Placement of an item',
  #7072);
#7072 = NEXT_ASSEMBLY_USAGE_OCCURRENCE('155','female_pin_array','',#5,
  #7021,$);
#7073 = PRODUCT_RELATED_PRODUCT_CATEGORY('part',$,(#7023));
#7074 = SHAPE_DEFINITION_REPRESENTATION(#7075,#7081);
#7075 = PRODUCT_DEFINITION_SHAPE('','',#7076);
#7076 = PRODUCT_DEFINITION('design','',#7077,#7080);
#7077 = PRODUCT_DEFINITION_FORMATION('','',#7078);
#7078 = PRODUCT('modele_pin','modele_pin','',(#7079));
#7079 = PRODUCT_CONTEXT('',#2,'mechanical');
#7080 = PRODUCT_DEFINITION_CONTEXT('part definition',#2,'design');
#7081 = ADVANCED_BREP_SHAPE_REPRESENTATION('',(#11,#7082),#8688);
#7082 = MANIFOLD_SOLID_BREP('',#7083);
#7083 = CLOSED_SHELL('',(#7084,#7156,#7219,#7243,#7260,#7316,#7393,#7410
    ,#7451,#7520,#7549,#7567,#7595,#7644,#7756,#7779,#7915,#7932,#7964,
    #7980,#8002,#8034,#8051,#8074,#8090,#8107,#8124,#8141,#8176,#8193,
    #8210,#8227,#8239,#8256,#8273,#8290,#8307,#8319,#8413,#8440,#8526,
    #8540,#8557,#8574,#8591,#8608,#8625,#8642,#8659,#8676));
#7084 = ADVANCED_FACE('',(#7085),#7151,.T.);
#7085 = FACE_BOUND('',#7086,.T.);
#7086 = EDGE_LOOP('',(#7087,#7097,#7105,#7113,#7121,#7129,#7137,#7145));
#7087 = ORIENTED_EDGE('',*,*,#7088,.F.);
#7088 = EDGE_CURVE('',#7089,#7091,#7093,.T.);
#7089 = VERTEX_POINT('',#7090);
#7090 = CARTESIAN_POINT('',(-0.4,1.666761426375,8.95));
#7091 = VERTEX_POINT('',#7092);
#7092 = CARTESIAN_POINT('',(-0.4,1.666761426375,5.45));
#7093 = LINE('',#7094,#7095);
#7094 = CARTESIAN_POINT('',(-0.4,1.666761426375,9.45));
#7095 = VECTOR('',#7096,1.);
#7096 = DIRECTION('',(0.,0.,-1.));
#7097 = ORIENTED_EDGE('',*,*,#7098,.F.);
#7098 = EDGE_CURVE('',#7099,#7089,#7101,.T.);
#7099 = VERTEX_POINT('',#7100);
#7100 = CARTESIAN_POINT('',(0.4,1.666761426375,8.95));
#7101 = LINE('',#7102,#7103);
#7102 = CARTESIAN_POINT('',(0.4,1.666761426375,8.95));
#7103 = VECTOR('',#7104,1.);
#7104 = DIRECTION('',(-1.,0.,0.));
#7105 = ORIENTED_EDGE('',*,*,#7106,.T.);
#7106 = EDGE_CURVE('',#7099,#7107,#7109,.T.);
#7107 = VERTEX_POINT('',#7108);
#7108 = CARTESIAN_POINT('',(0.4,1.666761426375,5.45));
#7109 = LINE('',#7110,#7111);
#7110 = CARTESIAN_POINT('',(0.4,1.666761426375,9.45));
#7111 = VECTOR('',#7112,1.);
#7112 = DIRECTION('',(0.,0.,-1.));
#7113 = ORIENTED_EDGE('',*,*,#7114,.T.);
#7114 = EDGE_CURVE('',#7107,#7115,#7117,.T.);
#7115 = VERTEX_POINT('',#7116);
#7116 = CARTESIAN_POINT('',(0.32,1.666761426375,5.45));
#7117 = LINE('',#7118,#7119);
#7118 = CARTESIAN_POINT('',(0.4,1.666761426375,5.45));
#7119 = VECTOR('',#7120,1.);
#7120 = DIRECTION('',(-1.,0.,0.));
#7121 = ORIENTED_EDGE('',*,*,#7122,.F.);
#7122 = EDGE_CURVE('',#7123,#7115,#7125,.T.);
#7123 = VERTEX_POINT('',#7124);
#7124 = CARTESIAN_POINT('',(0.32,1.666761426375,4.290239673918));
#7125 = LINE('',#7126,#7127);
#7126 = CARTESIAN_POINT('',(0.32,1.666761426375,3.45));
#7127 = VECTOR('',#7128,1.);
#7128 = DIRECTION('',(0.,0.,1.));
#7129 = ORIENTED_EDGE('',*,*,#7130,.T.);
#7130 = EDGE_CURVE('',#7123,#7131,#7133,.T.);
#7131 = VERTEX_POINT('',#7132);
#7132 = CARTESIAN_POINT('',(-0.32,1.666761426375,4.290239673918));
#7133 = LINE('',#7134,#7135);
#7134 = CARTESIAN_POINT('',(0.36,1.666761426375,4.290239673918));
#7135 = VECTOR('',#7136,1.);
#7136 = DIRECTION('',(-1.,0.,0.));
#7137 = ORIENTED_EDGE('',*,*,#7138,.T.);
#7138 = EDGE_CURVE('',#7131,#7139,#7141,.T.);
#7139 = VERTEX_POINT('',#7140);
#7140 = CARTESIAN_POINT('',(-0.32,1.666761426375,5.45));
#7141 = LINE('',#7142,#7143);
#7142 = CARTESIAN_POINT('',(-0.32,1.666761426375,3.45));
#7143 = VECTOR('',#7144,1.);
#7144 = DIRECTION('',(0.,0.,1.));
#7145 = ORIENTED_EDGE('',*,*,#7146,.T.);
#7146 = EDGE_CURVE('',#7139,#7091,#7147,.T.);
#7147 = LINE('',#7148,#7149);
#7148 = CARTESIAN_POINT('',(0.4,1.666761426375,5.45));
#7149 = VECTOR('',#7150,1.);
#7150 = DIRECTION('',(-1.,0.,0.));
#7151 = PLANE('',#7152);
#7152 = AXIS2_PLACEMENT_3D('',#7153,#7154,#7155);
#7153 = CARTESIAN_POINT('',(-2.E-17,1.666761426375,6.885687715701));
#7154 = DIRECTION('',(0.,1.,-0.));
#7155 = DIRECTION('',(0.,-0.,-1.));
#7156 = ADVANCED_FACE('',(#7157),#7214,.T.);
#7157 = FACE_BOUND('',#7158,.T.);
#7158 = EDGE_LOOP('',(#7159,#7169,#7175,#7176,#7184,#7192,#7200,#7208));
#7159 = ORIENTED_EDGE('',*,*,#7160,.F.);
#7160 = EDGE_CURVE('',#7161,#7163,#7165,.T.);
#7161 = VERTEX_POINT('',#7162);
#7162 = CARTESIAN_POINT('',(-0.4,1.166761426375,9.45));
#7163 = VERTEX_POINT('',#7164);
#7164 = CARTESIAN_POINT('',(-0.399999999992,1.059064000007,9.45));
#7165 = LINE('',#7166,#7167);
#7166 = CARTESIAN_POINT('',(-0.4,1.40352285275,9.45));
#7167 = VECTOR('',#7168,1.);
#7168 = DIRECTION('',(0.,-1.,0.));
#7169 = ORIENTED_EDGE('',*,*,#7170,.F.);
#7170 = EDGE_CURVE('',#7089,#7161,#7171,.T.);
#7171 = LINE('',#7172,#7173);
#7172 = CARTESIAN_POINT('',(-0.400000000002,1.840799248077,
    8.775962178298));
#7173 = VECTOR('',#7174,1.);
#7174 = DIRECTION('',(7.27868E-12,-0.707106781187,0.707106781187));
#7175 = ORIENTED_EDGE('',*,*,#7088,.T.);
#7176 = ORIENTED_EDGE('',*,*,#7177,.T.);
#7177 = EDGE_CURVE('',#7091,#7178,#7180,.T.);
#7178 = VERTEX_POINT('',#7179);
#7179 = CARTESIAN_POINT('',(-0.4,1.66185757311,5.45));
#7180 = LINE('',#7181,#7182);
#7181 = CARTESIAN_POINT('',(-0.4,1.666761426375,5.45));
#7182 = VECTOR('',#7183,1.);
#7183 = DIRECTION('',(0.,-1.,0.));
#7184 = ORIENTED_EDGE('',*,*,#7185,.T.);
#7185 = EDGE_CURVE('',#7178,#7186,#7188,.T.);
#7186 = VERTEX_POINT('',#7187);
#7187 = CARTESIAN_POINT('',(-0.4,1.40352285275,5.45));
#7188 = LINE('',#7189,#7190);
#7189 = CARTESIAN_POINT('',(-0.4,1.666761426375,5.45));
#7190 = VECTOR('',#7191,1.);
#7191 = DIRECTION('',(0.,-1.,0.));
#7192 = ORIENTED_EDGE('',*,*,#7193,.T.);
#7193 = EDGE_CURVE('',#7186,#7194,#7196,.T.);
#7194 = VERTEX_POINT('',#7195);
#7195 = CARTESIAN_POINT('',(-0.4,1.40352285275,7.45));
#7196 = LINE('',#7197,#7198);
#7197 = CARTESIAN_POINT('',(-0.4,1.40352285275,5.45));
#7198 = VECTOR('',#7199,1.);
#7199 = DIRECTION('',(0.,0.,1.));
#7200 = ORIENTED_EDGE('',*,*,#7201,.T.);
#7201 = EDGE_CURVE('',#7194,#7202,#7204,.T.);
#7202 = VERTEX_POINT('',#7203);
#7203 = CARTESIAN_POINT('',(-0.399999999992,1.059064000007,7.45));
#7204 = LINE('',#7205,#7206);
#7205 = CARTESIAN_POINT('',(-0.4,1.40352285275,7.45));
#7206 = VECTOR('',#7207,1.);
#7207 = DIRECTION('',(0.,-1.,0.));
#7208 = ORIENTED_EDGE('',*,*,#7209,.F.);
#7209 = EDGE_CURVE('',#7163,#7202,#7210,.T.);
#7210 = LINE('',#7211,#7212);
#7211 = CARTESIAN_POINT('',(-0.399999999992,1.059064000007,9.45));
#7212 = VECTOR('',#7213,1.);
#7213 = DIRECTION('',(0.,0.,-1.));
#7214 = PLANE('',#7215);
#7215 = AXIS2_PLACEMENT_3D('',#7216,#7217,#7218);
#7216 = CARTESIAN_POINT('',(-0.399999999998,1.43766997715,7.524757263958
    ));
#7217 = DIRECTION('',(-1.,-1.007779E-11,2.1583E-13));
#7218 = DIRECTION('',(1.007779E-11,-1.,0.));
#7219 = ADVANCED_FACE('',(#7220),#7238,.T.);
#7220 = FACE_BOUND('',#7221,.T.);
#7221 = EDGE_LOOP('',(#7222,#7230,#7231,#7232));
#7222 = ORIENTED_EDGE('',*,*,#7223,.F.);
#7223 = EDGE_CURVE('',#7099,#7224,#7226,.T.);
#7224 = VERTEX_POINT('',#7225);
#7225 = CARTESIAN_POINT('',(0.4,1.166761426375,9.45));
#7226 = LINE('',#7227,#7228);
#7227 = CARTESIAN_POINT('',(0.4,1.840799248078,8.775962178297));
#7228 = VECTOR('',#7229,1.);
#7229 = DIRECTION('',(4.8E-16,-0.707106781187,0.707106781187));
#7230 = ORIENTED_EDGE('',*,*,#7098,.T.);
#7231 = ORIENTED_EDGE('',*,*,#7170,.T.);
#7232 = ORIENTED_EDGE('',*,*,#7233,.F.);
#7233 = EDGE_CURVE('',#7224,#7161,#7234,.T.);
#7234 = LINE('',#7235,#7236);
#7235 = CARTESIAN_POINT('',(0.4,1.166761426375,9.45));
#7236 = VECTOR('',#7237,1.);
#7237 = DIRECTION('',(-1.,0.,0.));
#7238 = PLANE('',#7239);
#7239 = AXIS2_PLACEMENT_3D('',#7240,#7241,#7242);
#7240 = CARTESIAN_POINT('',(0.4,1.416761426375,9.2));
#7241 = DIRECTION('',(0.,0.707106781187,0.707106781187));
#7242 = DIRECTION('',(-1.,0.,0.));
#7243 = ADVANCED_FACE('',(#7244),#7255,.F.);
#7244 = FACE_BOUND('',#7245,.F.);
#7245 = EDGE_LOOP('',(#7246,#7253,#7254));
#7246 = ORIENTED_EDGE('',*,*,#7247,.F.);
#7247 = EDGE_CURVE('',#7139,#7178,#7248,.T.);
#7248 = CIRCLE('',#7249,0.655);
#7249 = AXIS2_PLACEMENT_3D('',#7250,#7251,#7252);
#7250 = CARTESIAN_POINT('',(-0.32,1.011761426375,5.45));
#7251 = DIRECTION('',(0.,0.,1.));
#7252 = DIRECTION('',(-1.,0.,0.));
#7253 = ORIENTED_EDGE('',*,*,#7146,.T.);
#7254 = ORIENTED_EDGE('',*,*,#7177,.T.);
#7255 = PLANE('',#7256);
#7256 = AXIS2_PLACEMENT_3D('',#7257,#7258,#7259);
#7257 = CARTESIAN_POINT('',(0.4,1.666761426375,5.45));
#7258 = DIRECTION('',(0.,0.,1.));
#7259 = DIRECTION('',(0.,-1.,0.));
#7260 = ADVANCED_FACE('',(#7261),#7311,.T.);
#7261 = FACE_BOUND('',#7262,.T.);
#7262 = EDGE_LOOP('',(#7263,#7264,#7265,#7273,#7281,#7289,#7297,#7305));
#7263 = ORIENTED_EDGE('',*,*,#7106,.F.);
#7264 = ORIENTED_EDGE('',*,*,#7223,.T.);
#7265 = ORIENTED_EDGE('',*,*,#7266,.F.);
#7266 = EDGE_CURVE('',#7267,#7224,#7269,.T.);
#7267 = VERTEX_POINT('',#7268);
#7268 = CARTESIAN_POINT('',(0.4,1.059064,9.45));
#7269 = LINE('',#7270,#7271);
#7270 = CARTESIAN_POINT('',(0.4,1.40352285275,9.45));
#7271 = VECTOR('',#7272,1.);
#7272 = DIRECTION('',(0.,1.,0.));
#7273 = ORIENTED_EDGE('',*,*,#7274,.T.);
#7274 = EDGE_CURVE('',#7267,#7275,#7277,.T.);
#7275 = VERTEX_POINT('',#7276);
#7276 = CARTESIAN_POINT('',(0.4,1.059064,7.45));
#7277 = LINE('',#7278,#7279);
#7278 = CARTESIAN_POINT('',(0.4,1.059064,9.45));
#7279 = VECTOR('',#7280,1.);
#7280 = DIRECTION('',(0.,0.,-1.));
#7281 = ORIENTED_EDGE('',*,*,#7282,.F.);
#7282 = EDGE_CURVE('',#7283,#7275,#7285,.T.);
#7283 = VERTEX_POINT('',#7284);
#7284 = CARTESIAN_POINT('',(0.4,1.40352285275,7.45));
#7285 = LINE('',#7286,#7287);
#7286 = CARTESIAN_POINT('',(0.4,1.40352285275,7.45));
#7287 = VECTOR('',#7288,1.);
#7288 = DIRECTION('',(0.,-1.,0.));
#7289 = ORIENTED_EDGE('',*,*,#7290,.F.);
#7290 = EDGE_CURVE('',#7291,#7283,#7293,.T.);
#7291 = VERTEX_POINT('',#7292);
#7292 = CARTESIAN_POINT('',(0.4,1.40352285275,5.45));
#7293 = LINE('',#7294,#7295);
#7294 = CARTESIAN_POINT('',(0.4,1.40352285275,5.45));
#7295 = VECTOR('',#7296,1.);
#7296 = DIRECTION('',(0.,0.,1.));
#7297 = ORIENTED_EDGE('',*,*,#7298,.F.);
#7298 = EDGE_CURVE('',#7299,#7291,#7301,.T.);
#7299 = VERTEX_POINT('',#7300);
#7300 = CARTESIAN_POINT('',(0.4,1.66185757311,5.45));
#7301 = LINE('',#7302,#7303);
#7302 = CARTESIAN_POINT('',(0.4,1.666761426375,5.45));
#7303 = VECTOR('',#7304,1.);
#7304 = DIRECTION('',(0.,-1.,0.));
#7305 = ORIENTED_EDGE('',*,*,#7306,.F.);
#7306 = EDGE_CURVE('',#7107,#7299,#7307,.T.);
#7307 = LINE('',#7308,#7309);
#7308 = CARTESIAN_POINT('',(0.4,1.666761426375,5.45));
#7309 = VECTOR('',#7310,1.);
#7310 = DIRECTION('',(0.,-1.,0.));
#7311 = PLANE('',#7312);
#7312 = AXIS2_PLACEMENT_3D('',#7313,#7314,#7315);
#7313 = CARTESIAN_POINT('',(0.4,1.437669977147,7.52475726396));
#7314 = DIRECTION('',(1.,6.8E-16,-0.));
#7315 = DIRECTION('',(-6.8E-16,1.,0.));
#7316 = ADVANCED_FACE('',(#7317),#7388,.T.);
#7317 = FACE_BOUND('',#7318,.T.);
#7318 = EDGE_LOOP('',(#7319,#7330,#7338,#7345,#7346,#7347,#7356,#7364,
    #7373,#7381));
#7319 = ORIENTED_EDGE('',*,*,#7320,.T.);
#7320 = EDGE_CURVE('',#7321,#7323,#7325,.T.);
#7321 = VERTEX_POINT('',#7322);
#7322 = CARTESIAN_POINT('',(-0.4,1.66185757311,3.45));
#7323 = VERTEX_POINT('',#7324);
#7324 = CARTESIAN_POINT('',(-0.975,1.011761426375,3.45));
#7325 = CIRCLE('',#7326,0.655);
#7326 = AXIS2_PLACEMENT_3D('',#7327,#7328,#7329);
#7327 = CARTESIAN_POINT('',(-0.32,1.011761426375,3.45));
#7328 = DIRECTION('',(0.,0.,1.));
#7329 = DIRECTION('',(-1.,0.,0.));
#7330 = ORIENTED_EDGE('',*,*,#7331,.T.);
#7331 = EDGE_CURVE('',#7323,#7332,#7334,.T.);
#7332 = VERTEX_POINT('',#7333);
#7333 = CARTESIAN_POINT('',(-0.975,1.011761426375,5.45));
#7334 = LINE('',#7335,#7336);
#7335 = CARTESIAN_POINT('',(-0.975,1.011761426375,3.45));
#7336 = VECTOR('',#7337,1.);
#7337 = DIRECTION('',(0.,0.,1.));
#7338 = ORIENTED_EDGE('',*,*,#7339,.F.);
#7339 = EDGE_CURVE('',#7178,#7332,#7340,.T.);
#7340 = CIRCLE('',#7341,0.655);
#7341 = AXIS2_PLACEMENT_3D('',#7342,#7343,#7344);
#7342 = CARTESIAN_POINT('',(-0.32,1.011761426375,5.45));
#7343 = DIRECTION('',(0.,0.,1.));
#7344 = DIRECTION('',(-1.,0.,0.));
#7345 = ORIENTED_EDGE('',*,*,#7247,.F.);
#7346 = ORIENTED_EDGE('',*,*,#7138,.F.);
#7347 = ORIENTED_EDGE('',*,*,#7348,.T.);
#7348 = EDGE_CURVE('',#7131,#7349,#7351,.T.);
#7349 = VERTEX_POINT('',#7350);
#7350 = CARTESIAN_POINT('',(-0.4,1.66185757311,4.280460298822));
#7351 = ELLIPSE('',#7352,1.461240827122,0.655);
#7352 = AXIS2_PLACEMENT_3D('',#7353,#7354,#7355);
#7353 = CARTESIAN_POINT('',(-0.32,1.011761426375,2.984023859112));
#7354 = DIRECTION('',(0.,-0.8939086498,0.448249178262));
#7355 = DIRECTION('',(0.,-0.448249178262,-0.8939086498));
#7356 = ORIENTED_EDGE('',*,*,#7357,.T.);
#7357 = EDGE_CURVE('',#7349,#7358,#7360,.T.);
#7358 = VERTEX_POINT('',#7359);
#7359 = CARTESIAN_POINT('',(-0.4,1.66185757311,3.73312462235));
#7360 = LINE('',#7361,#7362);
#7361 = CARTESIAN_POINT('',(-0.4,1.66185757311,3.45));
#7362 = VECTOR('',#7363,1.);
#7363 = DIRECTION('',(0.,0.,-1.));
#7364 = ORIENTED_EDGE('',*,*,#7365,.T.);
#7365 = EDGE_CURVE('',#7358,#7366,#7368,.T.);
#7366 = VERTEX_POINT('',#7367);
#7367 = CARTESIAN_POINT('',(-0.32,1.666761426375,3.732514167383));
#7368 = ELLIPSE('',#7369,0.660055578089,0.655);
#7369 = AXIS2_PLACEMENT_3D('',#7370,#7371,#7372);
#7370 = CARTESIAN_POINT('',(-0.32,1.011761426375,3.814051681241));
#7371 = DIRECTION('',(0.,-0.12353128519,-0.992340678184));
#7372 = DIRECTION('',(-0.,0.992340678184,-0.12353128519));
#7373 = ORIENTED_EDGE('',*,*,#7374,.F.);
#7374 = EDGE_CURVE('',#7375,#7366,#7377,.T.);
#7375 = VERTEX_POINT('',#7376);
#7376 = CARTESIAN_POINT('',(-0.32,1.666761426375,3.45));
#7377 = LINE('',#7378,#7379);
#7378 = CARTESIAN_POINT('',(-0.32,1.666761426375,3.45));
#7379 = VECTOR('',#7380,1.);
#7380 = DIRECTION('',(0.,0.,1.));
#7381 = ORIENTED_EDGE('',*,*,#7382,.T.);
#7382 = EDGE_CURVE('',#7375,#7321,#7383,.T.);
#7383 = CIRCLE('',#7384,0.655);
#7384 = AXIS2_PLACEMENT_3D('',#7385,#7386,#7387);
#7385 = CARTESIAN_POINT('',(-0.32,1.011761426375,3.45));
#7386 = DIRECTION('',(0.,0.,1.));
#7387 = DIRECTION('',(-1.,0.,0.));
#7388 = CYLINDRICAL_SURFACE('',#7389,0.655);
#7389 = AXIS2_PLACEMENT_3D('',#7390,#7391,#7392);
#7390 = CARTESIAN_POINT('',(-0.32,1.011761426375,3.45));
#7391 = DIRECTION('',(0.,0.,-1.));
#7392 = DIRECTION('',(-1.,0.,0.));
#7393 = ADVANCED_FACE('',(#7394),#7405,.F.);
#7394 = FACE_BOUND('',#7395,.F.);
#7395 = EDGE_LOOP('',(#7396,#7397,#7398));
#7396 = ORIENTED_EDGE('',*,*,#7306,.F.);
#7397 = ORIENTED_EDGE('',*,*,#7114,.T.);
#7398 = ORIENTED_EDGE('',*,*,#7399,.F.);
#7399 = EDGE_CURVE('',#7299,#7115,#7400,.T.);
#7400 = CIRCLE('',#7401,0.655);
#7401 = AXIS2_PLACEMENT_3D('',#7402,#7403,#7404);
#7402 = CARTESIAN_POINT('',(0.32,1.011761426375,5.45));
#7403 = DIRECTION('',(0.,0.,1.));
#7404 = DIRECTION('',(-1.,0.,0.));
#7405 = PLANE('',#7406);
#7406 = AXIS2_PLACEMENT_3D('',#7407,#7408,#7409);
#7407 = CARTESIAN_POINT('',(0.4,1.666761426375,5.45));
#7408 = DIRECTION('',(0.,0.,1.));
#7409 = DIRECTION('',(0.,-1.,0.));
#7410 = ADVANCED_FACE('',(#7411),#7446,.T.);
#7411 = FACE_BOUND('',#7412,.T.);
#7412 = EDGE_LOOP('',(#7413,#7423,#7431,#7437,#7438,#7439));
#7413 = ORIENTED_EDGE('',*,*,#7414,.F.);
#7414 = EDGE_CURVE('',#7415,#7417,#7419,.T.);
#7415 = VERTEX_POINT('',#7416);
#7416 = CARTESIAN_POINT('',(0.4,2.143284263925,5.240532294565));
#7417 = VERTEX_POINT('',#7418);
#7418 = CARTESIAN_POINT('',(0.4,1.66185757311,4.280460298822));
#7419 = LINE('',#7420,#7421);
#7420 = CARTESIAN_POINT('',(0.4,2.143284263925,5.240532294565));
#7421 = VECTOR('',#7422,1.);
#7422 = DIRECTION('',(0.,-0.448249178262,-0.8939086498));
#7423 = ORIENTED_EDGE('',*,*,#7424,.T.);
#7424 = EDGE_CURVE('',#7415,#7425,#7427,.T.);
#7425 = VERTEX_POINT('',#7426);
#7426 = CARTESIAN_POINT('',(-0.4,2.143284263925,5.240532294565));
#7427 = LINE('',#7428,#7429);
#7428 = CARTESIAN_POINT('',(0.4,2.143284263925,5.240532294565));
#7429 = VECTOR('',#7430,1.);
#7430 = DIRECTION('',(-1.,0.,0.));
#7431 = ORIENTED_EDGE('',*,*,#7432,.T.);
#7432 = EDGE_CURVE('',#7425,#7349,#7433,.T.);
#7433 = LINE('',#7434,#7435);
#7434 = CARTESIAN_POINT('',(-0.4,2.143284263925,5.240532294565));
#7435 = VECTOR('',#7436,1.);
#7436 = DIRECTION('',(0.,-0.448249178262,-0.8939086498));
#7437 = ORIENTED_EDGE('',*,*,#7348,.F.);
#7438 = ORIENTED_EDGE('',*,*,#7130,.F.);
#7439 = ORIENTED_EDGE('',*,*,#7440,.F.);
#7440 = EDGE_CURVE('',#7417,#7123,#7441,.T.);
#7441 = ELLIPSE('',#7442,1.461240827122,0.655);
#7442 = AXIS2_PLACEMENT_3D('',#7443,#7444,#7445);
#7443 = CARTESIAN_POINT('',(0.32,1.011761426375,2.984023859112));
#7444 = DIRECTION('',(0.,-0.8939086498,0.448249178262));
#7445 = DIRECTION('',(0.,-0.448249178262,-0.8939086498));
#7446 = PLANE('',#7447);
#7447 = AXIS2_PLACEMENT_3D('',#7448,#7449,#7450);
#7448 = CARTESIAN_POINT('',(0.4,2.143284263925,5.240532294565));
#7449 = DIRECTION('',(0.,-0.8939086498,0.448249178262));
#7450 = DIRECTION('',(0.,-0.448249178262,-0.8939086498));
#7451 = ADVANCED_FACE('',(#7452),#7515,.T.);
#7452 = FACE_BOUND('',#7453,.T.);
#7453 = EDGE_LOOP('',(#7454,#7465,#7473,#7482,#7488,#7489,#7490,#7491,
    #7500,#7508));
#7454 = ORIENTED_EDGE('',*,*,#7455,.T.);
#7455 = EDGE_CURVE('',#7456,#7458,#7460,.T.);
#7456 = VERTEX_POINT('',#7457);
#7457 = CARTESIAN_POINT('',(0.4,1.66185757311,3.45));
#7458 = VERTEX_POINT('',#7459);
#7459 = CARTESIAN_POINT('',(0.32,1.666761426375,3.45));
#7460 = CIRCLE('',#7461,0.655);
#7461 = AXIS2_PLACEMENT_3D('',#7462,#7463,#7464);
#7462 = CARTESIAN_POINT('',(0.32,1.011761426375,3.45));
#7463 = DIRECTION('',(0.,0.,1.));
#7464 = DIRECTION('',(-1.,0.,0.));
#7465 = ORIENTED_EDGE('',*,*,#7466,.T.);
#7466 = EDGE_CURVE('',#7458,#7467,#7469,.T.);
#7467 = VERTEX_POINT('',#7468);
#7468 = CARTESIAN_POINT('',(0.32,1.666761426375,3.732514167383));
#7469 = LINE('',#7470,#7471);
#7470 = CARTESIAN_POINT('',(0.32,1.666761426375,3.45));
#7471 = VECTOR('',#7472,1.);
#7472 = DIRECTION('',(0.,0.,1.));
#7473 = ORIENTED_EDGE('',*,*,#7474,.T.);
#7474 = EDGE_CURVE('',#7467,#7475,#7477,.T.);
#7475 = VERTEX_POINT('',#7476);
#7476 = CARTESIAN_POINT('',(0.4,1.66185757311,3.73312462235));
#7477 = ELLIPSE('',#7478,0.660055578089,0.655);
#7478 = AXIS2_PLACEMENT_3D('',#7479,#7480,#7481);
#7479 = CARTESIAN_POINT('',(0.32,1.011761426375,3.814051681241));
#7480 = DIRECTION('',(0.,-0.12353128519,-0.992340678184));
#7481 = DIRECTION('',(-0.,0.992340678184,-0.12353128519));
#7482 = ORIENTED_EDGE('',*,*,#7483,.F.);
#7483 = EDGE_CURVE('',#7417,#7475,#7484,.T.);
#7484 = LINE('',#7485,#7486);
#7485 = CARTESIAN_POINT('',(0.4,1.66185757311,3.45));
#7486 = VECTOR('',#7487,1.);
#7487 = DIRECTION('',(0.,0.,-1.));
#7488 = ORIENTED_EDGE('',*,*,#7440,.T.);
#7489 = ORIENTED_EDGE('',*,*,#7122,.T.);
#7490 = ORIENTED_EDGE('',*,*,#7399,.F.);
#7491 = ORIENTED_EDGE('',*,*,#7492,.F.);
#7492 = EDGE_CURVE('',#7493,#7299,#7495,.T.);
#7493 = VERTEX_POINT('',#7494);
#7494 = CARTESIAN_POINT('',(0.975,1.011761426375,5.45));
#7495 = CIRCLE('',#7496,0.655);
#7496 = AXIS2_PLACEMENT_3D('',#7497,#7498,#7499);
#7497 = CARTESIAN_POINT('',(0.32,1.011761426375,5.45));
#7498 = DIRECTION('',(0.,0.,1.));
#7499 = DIRECTION('',(-1.,0.,0.));
#7500 = ORIENTED_EDGE('',*,*,#7501,.F.);
#7501 = EDGE_CURVE('',#7502,#7493,#7504,.T.);
#7502 = VERTEX_POINT('',#7503);
#7503 = CARTESIAN_POINT('',(0.975,1.011761426375,3.45));
#7504 = LINE('',#7505,#7506);
#7505 = CARTESIAN_POINT('',(0.975,1.011761426375,3.45));
#7506 = VECTOR('',#7507,1.);
#7507 = DIRECTION('',(0.,0.,1.));
#7508 = ORIENTED_EDGE('',*,*,#7509,.T.);
#7509 = EDGE_CURVE('',#7502,#7456,#7510,.T.);
#7510 = CIRCLE('',#7511,0.655);
#7511 = AXIS2_PLACEMENT_3D('',#7512,#7513,#7514);
#7512 = CARTESIAN_POINT('',(0.32,1.011761426375,3.45));
#7513 = DIRECTION('',(0.,0.,1.));
#7514 = DIRECTION('',(-1.,0.,0.));
#7515 = CYLINDRICAL_SURFACE('',#7516,0.655);
#7516 = AXIS2_PLACEMENT_3D('',#7517,#7518,#7519);
#7517 = CARTESIAN_POINT('',(0.32,1.011761426375,3.45));
#7518 = DIRECTION('',(0.,0.,-1.));
#7519 = DIRECTION('',(-1.,0.,0.));
#7520 = ADVANCED_FACE('',(#7521,#7533),#7544,.T.);
#7521 = FACE_BOUND('',#7522,.T.);
#7522 = EDGE_LOOP('',(#7523,#7524,#7531,#7532));
#7523 = ORIENTED_EDGE('',*,*,#7160,.T.);
#7524 = ORIENTED_EDGE('',*,*,#7525,.T.);
#7525 = EDGE_CURVE('',#7163,#7267,#7526,.T.);
#7526 = CIRCLE('',#7527,0.974707300937);
#7527 = AXIS2_PLACEMENT_3D('',#7528,#7529,#7530);
#7528 = CARTESIAN_POINT('',(-2.E-17,0.170214,9.45));
#7529 = DIRECTION('',(0.,0.,1.));
#7530 = DIRECTION('',(-1.,0.,0.));
#7531 = ORIENTED_EDGE('',*,*,#7266,.T.);
#7532 = ORIENTED_EDGE('',*,*,#7233,.T.);
#7533 = FACE_BOUND('',#7534,.T.);
#7534 = EDGE_LOOP('',(#7535));
#7535 = ORIENTED_EDGE('',*,*,#7536,.F.);
#7536 = EDGE_CURVE('',#7537,#7537,#7539,.T.);
#7537 = VERTEX_POINT('',#7538);
#7538 = CARTESIAN_POINT('',(-0.698564,0.170214,9.45));
#7539 = CIRCLE('',#7540,0.698564);
#7540 = AXIS2_PLACEMENT_3D('',#7541,#7542,#7543);
#7541 = CARTESIAN_POINT('',(-2.E-17,0.170214,9.45));
#7542 = DIRECTION('',(0.,0.,1.));
#7543 = DIRECTION('',(-1.,0.,0.));
#7544 = PLANE('',#7545);
#7545 = AXIS2_PLACEMENT_3D('',#7546,#7547,#7548);
#7546 = CARTESIAN_POINT('',(-2.1126E-13,0.497442120671,9.45));
#7547 = DIRECTION('',(0.,0.,1.));
#7548 = DIRECTION('',(-1.,0.,0.));
#7549 = ADVANCED_FACE('',(#7550),#7562,.T.);
#7550 = FACE_BOUND('',#7551,.T.);
#7551 = EDGE_LOOP('',(#7552,#7553,#7560,#7561));
#7552 = ORIENTED_EDGE('',*,*,#7209,.T.);
#7553 = ORIENTED_EDGE('',*,*,#7554,.T.);
#7554 = EDGE_CURVE('',#7202,#7275,#7555,.T.);
#7555 = CIRCLE('',#7556,0.974707300937);
#7556 = AXIS2_PLACEMENT_3D('',#7557,#7558,#7559);
#7557 = CARTESIAN_POINT('',(-2.E-17,0.170214,7.45));
#7558 = DIRECTION('',(0.,0.,1.));
#7559 = DIRECTION('',(-1.,0.,0.));
#7560 = ORIENTED_EDGE('',*,*,#7274,.F.);
#7561 = ORIENTED_EDGE('',*,*,#7525,.F.);
#7562 = CYLINDRICAL_SURFACE('',#7563,0.974707300937);
#7563 = AXIS2_PLACEMENT_3D('',#7564,#7565,#7566);
#7564 = CARTESIAN_POINT('',(-2.E-17,0.170214,9.45));
#7565 = DIRECTION('',(0.,0.,1.));
#7566 = DIRECTION('',(-1.,0.,0.));
#7567 = ADVANCED_FACE('',(#7568,#7579),#7590,.F.);
#7568 = FACE_BOUND('',#7569,.F.);
#7569 = EDGE_LOOP('',(#7570,#7571,#7572,#7578));
#7570 = ORIENTED_EDGE('',*,*,#7554,.T.);
#7571 = ORIENTED_EDGE('',*,*,#7282,.F.);
#7572 = ORIENTED_EDGE('',*,*,#7573,.T.);
#7573 = EDGE_CURVE('',#7283,#7194,#7574,.T.);
#7574 = LINE('',#7575,#7576);
#7575 = CARTESIAN_POINT('',(0.4,1.40352285275,7.45));
#7576 = VECTOR('',#7577,1.);
#7577 = DIRECTION('',(-1.,0.,0.));
#7578 = ORIENTED_EDGE('',*,*,#7201,.T.);
#7579 = FACE_BOUND('',#7580,.T.);
#7580 = EDGE_LOOP('',(#7581));
#7581 = ORIENTED_EDGE('',*,*,#7582,.T.);
#7582 = EDGE_CURVE('',#7583,#7583,#7585,.T.);
#7583 = VERTEX_POINT('',#7584);
#7584 = CARTESIAN_POINT('',(-0.698564,0.170214,7.45));
#7585 = CIRCLE('',#7586,0.698564);
#7586 = AXIS2_PLACEMENT_3D('',#7587,#7588,#7589);
#7587 = CARTESIAN_POINT('',(-2.E-17,0.170214,7.45));
#7588 = DIRECTION('',(0.,0.,1.));
#7589 = DIRECTION('',(-1.,0.,0.));
#7590 = PLANE('',#7591);
#7591 = AXIS2_PLACEMENT_3D('',#7592,#7593,#7594);
#7592 = CARTESIAN_POINT('',(-1.438E-13,0.297420100742,7.45));
#7593 = DIRECTION('',(0.,0.,1.));
#7594 = DIRECTION('',(-1.,0.,0.));
#7595 = ADVANCED_FACE('',(#7596),#7639,.T.);
#7596 = FACE_BOUND('',#7597,.T.);
#7597 = EDGE_LOOP('',(#7598,#7606,#7607,#7608,#7609,#7617,#7625,#7633));
#7598 = ORIENTED_EDGE('',*,*,#7599,.F.);
#7599 = EDGE_CURVE('',#7291,#7600,#7602,.T.);
#7600 = VERTEX_POINT('',#7601);
#7601 = CARTESIAN_POINT('',(0.32,1.40352285275,5.45));
#7602 = LINE('',#7603,#7604);
#7603 = CARTESIAN_POINT('',(0.4,1.40352285275,5.45));
#7604 = VECTOR('',#7605,1.);
#7605 = DIRECTION('',(-1.,0.,0.));
#7606 = ORIENTED_EDGE('',*,*,#7290,.T.);
#7607 = ORIENTED_EDGE('',*,*,#7573,.T.);
#7608 = ORIENTED_EDGE('',*,*,#7193,.F.);
#7609 = ORIENTED_EDGE('',*,*,#7610,.F.);
#7610 = EDGE_CURVE('',#7611,#7186,#7613,.T.);
#7611 = VERTEX_POINT('',#7612);
#7612 = CARTESIAN_POINT('',(-0.32,1.40352285275,5.45));
#7613 = LINE('',#7614,#7615);
#7614 = CARTESIAN_POINT('',(0.4,1.40352285275,5.45));
#7615 = VECTOR('',#7616,1.);
#7616 = DIRECTION('',(-1.,0.,0.));
#7617 = ORIENTED_EDGE('',*,*,#7618,.F.);
#7618 = EDGE_CURVE('',#7619,#7611,#7621,.T.);
#7619 = VERTEX_POINT('',#7620);
#7620 = CARTESIAN_POINT('',(-0.32,1.40352285275,3.45));
#7621 = LINE('',#7622,#7623);
#7622 = CARTESIAN_POINT('',(-0.32,1.40352285275,3.45));
#7623 = VECTOR('',#7624,1.);
#7624 = DIRECTION('',(0.,0.,1.));
#7625 = ORIENTED_EDGE('',*,*,#7626,.F.);
#7626 = EDGE_CURVE('',#7627,#7619,#7629,.T.);
#7627 = VERTEX_POINT('',#7628);
#7628 = CARTESIAN_POINT('',(0.32,1.40352285275,3.45));
#7629 = LINE('',#7630,#7631);
#7630 = CARTESIAN_POINT('',(0.32,1.40352285275,3.45));
#7631 = VECTOR('',#7632,1.);
#7632 = DIRECTION('',(-1.,0.,0.));
#7633 = ORIENTED_EDGE('',*,*,#7634,.T.);
#7634 = EDGE_CURVE('',#7627,#7600,#7635,.T.);
#7635 = LINE('',#7636,#7637);
#7636 = CARTESIAN_POINT('',(0.32,1.40352285275,3.45));
#7637 = VECTOR('',#7638,1.);
#7638 = DIRECTION('',(0.,0.,1.));
#7639 = PLANE('',#7640);
#7640 = AXIS2_PLACEMENT_3D('',#7641,#7642,#7643);
#7641 = CARTESIAN_POINT('',(-1.E-17,1.40352285275,6.473529411765));
#7642 = DIRECTION('',(0.,-1.,0.));
#7643 = DIRECTION('',(0.,0.,1.));
#7644 = ADVANCED_FACE('',(#7645),#7751,.T.);
#7645 = FACE_BOUND('',#7646,.T.);
#7646 = EDGE_LOOP('',(#7647,#7658,#7664,#7665,#7666,#7667,#7676,#7684,
    #7693,#7701,#7710,#7718,#7725,#7726,#7727,#7728,#7736,#7745));
#7647 = ORIENTED_EDGE('',*,*,#7648,.T.);
#7648 = EDGE_CURVE('',#7649,#7651,#7653,.T.);
#7649 = VERTEX_POINT('',#7650);
#7650 = CARTESIAN_POINT('',(0.32,-0.733238573625,5.45));
#7651 = VERTEX_POINT('',#7652);
#7652 = CARTESIAN_POINT('',(0.975,-7.823857362477E-02,5.45));
#7653 = CIRCLE('',#7654,0.655);
#7654 = AXIS2_PLACEMENT_3D('',#7655,#7656,#7657);
#7655 = CARTESIAN_POINT('',(0.32,-7.823857362477E-02,5.45));
#7656 = DIRECTION('',(0.,0.,1.));
#7657 = DIRECTION('',(-1.,0.,0.));
#7658 = ORIENTED_EDGE('',*,*,#7659,.T.);
#7659 = EDGE_CURVE('',#7651,#7493,#7660,.T.);
#7660 = LINE('',#7661,#7662);
#7661 = CARTESIAN_POINT('',(0.975,-7.823857362477E-02,5.45));
#7662 = VECTOR('',#7663,1.);
#7663 = DIRECTION('',(0.,1.,0.));
#7664 = ORIENTED_EDGE('',*,*,#7492,.T.);
#7665 = ORIENTED_EDGE('',*,*,#7298,.T.);
#7666 = ORIENTED_EDGE('',*,*,#7599,.T.);
#7667 = ORIENTED_EDGE('',*,*,#7668,.F.);
#7668 = EDGE_CURVE('',#7669,#7600,#7671,.T.);
#7669 = VERTEX_POINT('',#7670);
#7670 = CARTESIAN_POINT('',(0.711761426375,1.011761426375,5.45));
#7671 = CIRCLE('',#7672,0.391761426375);
#7672 = AXIS2_PLACEMENT_3D('',#7673,#7674,#7675);
#7673 = CARTESIAN_POINT('',(0.32,1.011761426375,5.45));
#7674 = DIRECTION('',(0.,0.,1.));
#7675 = DIRECTION('',(-1.,0.,0.));
#7676 = ORIENTED_EDGE('',*,*,#7677,.F.);
#7677 = EDGE_CURVE('',#7678,#7669,#7680,.T.);
#7678 = VERTEX_POINT('',#7679);
#7679 = CARTESIAN_POINT('',(0.711761426375,-7.823857362477E-02,5.45));
#7680 = LINE('',#7681,#7682);
#7681 = CARTESIAN_POINT('',(0.711761426375,-7.823857362477E-02,5.45));
#7682 = VECTOR('',#7683,1.);
#7683 = DIRECTION('',(0.,1.,0.));
#7684 = ORIENTED_EDGE('',*,*,#7685,.F.);
#7685 = EDGE_CURVE('',#7686,#7678,#7688,.T.);
#7686 = VERTEX_POINT('',#7687);
#7687 = CARTESIAN_POINT('',(0.32,-0.47,5.45));
#7688 = CIRCLE('',#7689,0.391761426375);
#7689 = AXIS2_PLACEMENT_3D('',#7690,#7691,#7692);
#7690 = CARTESIAN_POINT('',(0.32,-7.823857362477E-02,5.45));
#7691 = DIRECTION('',(0.,0.,1.));
#7692 = DIRECTION('',(-1.,0.,0.));
#7693 = ORIENTED_EDGE('',*,*,#7694,.F.);
#7694 = EDGE_CURVE('',#7695,#7686,#7697,.T.);
#7695 = VERTEX_POINT('',#7696);
#7696 = CARTESIAN_POINT('',(-0.32,-0.47,5.45));
#7697 = LINE('',#7698,#7699);
#7698 = CARTESIAN_POINT('',(-0.32,-0.47,5.45));
#7699 = VECTOR('',#7700,1.);
#7700 = DIRECTION('',(1.,0.,0.));
#7701 = ORIENTED_EDGE('',*,*,#7702,.F.);
#7702 = EDGE_CURVE('',#7703,#7695,#7705,.T.);
#7703 = VERTEX_POINT('',#7704);
#7704 = CARTESIAN_POINT('',(-0.711761426375,-7.823857362477E-02,5.45));
#7705 = CIRCLE('',#7706,0.391761426375);
#7706 = AXIS2_PLACEMENT_3D('',#7707,#7708,#7709);
#7707 = CARTESIAN_POINT('',(-0.32,-7.823857362477E-02,5.45));
#7708 = DIRECTION('',(0.,0.,1.));
#7709 = DIRECTION('',(-1.,0.,0.));
#7710 = ORIENTED_EDGE('',*,*,#7711,.F.);
#7711 = EDGE_CURVE('',#7712,#7703,#7714,.T.);
#7712 = VERTEX_POINT('',#7713);
#7713 = CARTESIAN_POINT('',(-0.711761426375,1.011761426375,5.45));
#7714 = LINE('',#7715,#7716);
#7715 = CARTESIAN_POINT('',(-0.711761426375,1.011761426375,5.45));
#7716 = VECTOR('',#7717,1.);
#7717 = DIRECTION('',(0.,-1.,0.));
#7718 = ORIENTED_EDGE('',*,*,#7719,.F.);
#7719 = EDGE_CURVE('',#7611,#7712,#7720,.T.);
#7720 = CIRCLE('',#7721,0.391761426375);
#7721 = AXIS2_PLACEMENT_3D('',#7722,#7723,#7724);
#7722 = CARTESIAN_POINT('',(-0.32,1.011761426375,5.45));
#7723 = DIRECTION('',(0.,0.,1.));
#7724 = DIRECTION('',(-1.,0.,0.));
#7725 = ORIENTED_EDGE('',*,*,#7610,.T.);
#7726 = ORIENTED_EDGE('',*,*,#7185,.F.);
#7727 = ORIENTED_EDGE('',*,*,#7339,.T.);
#7728 = ORIENTED_EDGE('',*,*,#7729,.T.);
#7729 = EDGE_CURVE('',#7332,#7730,#7732,.T.);
#7730 = VERTEX_POINT('',#7731);
#7731 = CARTESIAN_POINT('',(-0.975,-7.823857362477E-02,5.45));
#7732 = LINE('',#7733,#7734);
#7733 = CARTESIAN_POINT('',(-0.975,1.011761426375,5.45));
#7734 = VECTOR('',#7735,1.);
#7735 = DIRECTION('',(0.,-1.,0.));
#7736 = ORIENTED_EDGE('',*,*,#7737,.T.);
#7737 = EDGE_CURVE('',#7730,#7738,#7740,.T.);
#7738 = VERTEX_POINT('',#7739);
#7739 = CARTESIAN_POINT('',(-0.32,-0.733238573625,5.45));
#7740 = CIRCLE('',#7741,0.655);
#7741 = AXIS2_PLACEMENT_3D('',#7742,#7743,#7744);
#7742 = CARTESIAN_POINT('',(-0.32,-7.823857362477E-02,5.45));
#7743 = DIRECTION('',(0.,0.,1.));
#7744 = DIRECTION('',(-1.,0.,0.));
#7745 = ORIENTED_EDGE('',*,*,#7746,.T.);
#7746 = EDGE_CURVE('',#7738,#7649,#7747,.T.);
#7747 = LINE('',#7748,#7749);
#7748 = CARTESIAN_POINT('',(-0.32,-0.733238573625,5.45));
#7749 = VECTOR('',#7750,1.);
#7750 = DIRECTION('',(1.,0.,0.));
#7751 = PLANE('',#7752);
#7752 = AXIS2_PLACEMENT_3D('',#7753,#7754,#7755);
#7753 = CARTESIAN_POINT('',(-3.E-17,0.466761426375,5.45));
#7754 = DIRECTION('',(0.,0.,1.));
#7755 = DIRECTION('',(-1.,0.,0.));
#7756 = ADVANCED_FACE('',(#7757),#7774,.T.);
#7757 = FACE_BOUND('',#7758,.T.);
#7758 = EDGE_LOOP('',(#7759,#7760,#7768));
#7759 = ORIENTED_EDGE('',*,*,#7382,.F.);
#7760 = ORIENTED_EDGE('',*,*,#7761,.T.);
#7761 = EDGE_CURVE('',#7375,#7762,#7764,.T.);
#7762 = VERTEX_POINT('',#7763);
#7763 = CARTESIAN_POINT('',(-0.4,1.666761426375,3.45));
#7764 = LINE('',#7765,#7766);
#7765 = CARTESIAN_POINT('',(0.4,1.666761426375,3.45));
#7766 = VECTOR('',#7767,1.);
#7767 = DIRECTION('',(-1.,0.,0.));
#7768 = ORIENTED_EDGE('',*,*,#7769,.T.);
#7769 = EDGE_CURVE('',#7762,#7321,#7770,.T.);
#7770 = LINE('',#7771,#7772);
#7771 = CARTESIAN_POINT('',(-0.4,1.666761426375,3.45));
#7772 = VECTOR('',#7773,1.);
#7773 = DIRECTION('',(0.,-1.,-2.E-16));
#7774 = PLANE('',#7775);
#7775 = AXIS2_PLACEMENT_3D('',#7776,#7777,#7778);
#7776 = CARTESIAN_POINT('',(0.4,1.666761426375,3.45));
#7777 = DIRECTION('',(0.,-2.E-16,1.));
#7778 = DIRECTION('',(0.,-1.,-2.E-16));
#7779 = ADVANCED_FACE('',(#7780),#7910,.F.);
#7780 = FACE_BOUND('',#7781,.F.);
#7781 = EDGE_LOOP('',(#7782,#7793,#7799,#7800,#7808,#7814,#7823,#7831,
    #7840,#7848,#7857,#7865,#7872,#7880,#7886,#7887,#7895,#7904));
#7782 = ORIENTED_EDGE('',*,*,#7783,.T.);
#7783 = EDGE_CURVE('',#7784,#7786,#7788,.T.);
#7784 = VERTEX_POINT('',#7785);
#7785 = CARTESIAN_POINT('',(0.32,-0.733238573625,3.45));
#7786 = VERTEX_POINT('',#7787);
#7787 = CARTESIAN_POINT('',(0.975,-7.823857362477E-02,3.45));
#7788 = CIRCLE('',#7789,0.655);
#7789 = AXIS2_PLACEMENT_3D('',#7790,#7791,#7792);
#7790 = CARTESIAN_POINT('',(0.32,-7.823857362477E-02,3.45));
#7791 = DIRECTION('',(0.,0.,1.));
#7792 = DIRECTION('',(-1.,0.,0.));
#7793 = ORIENTED_EDGE('',*,*,#7794,.T.);
#7794 = EDGE_CURVE('',#7786,#7502,#7795,.T.);
#7795 = LINE('',#7796,#7797);
#7796 = CARTESIAN_POINT('',(0.975,-7.823857362477E-02,3.45));
#7797 = VECTOR('',#7798,1.);
#7798 = DIRECTION('',(0.,1.,0.));
#7799 = ORIENTED_EDGE('',*,*,#7509,.T.);
#7800 = ORIENTED_EDGE('',*,*,#7801,.T.);
#7801 = EDGE_CURVE('',#7456,#7802,#7804,.T.);
#7802 = VERTEX_POINT('',#7803);
#7803 = CARTESIAN_POINT('',(0.4,1.40352285275,3.45));
#7804 = LINE('',#7805,#7806);
#7805 = CARTESIAN_POINT('',(0.4,1.666761426375,3.45));
#7806 = VECTOR('',#7807,1.);
#7807 = DIRECTION('',(0.,-1.,-2.E-16));
#7808 = ORIENTED_EDGE('',*,*,#7809,.T.);
#7809 = EDGE_CURVE('',#7802,#7627,#7810,.T.);
#7810 = LINE('',#7811,#7812);
#7811 = CARTESIAN_POINT('',(0.4,1.40352285275,3.45));
#7812 = VECTOR('',#7813,1.);
#7813 = DIRECTION('',(-1.,0.,0.));
#7814 = ORIENTED_EDGE('',*,*,#7815,.F.);
#7815 = EDGE_CURVE('',#7816,#7627,#7818,.T.);
#7816 = VERTEX_POINT('',#7817);
#7817 = CARTESIAN_POINT('',(0.711761426375,1.011761426375,3.45));
#7818 = CIRCLE('',#7819,0.391761426375);
#7819 = AXIS2_PLACEMENT_3D('',#7820,#7821,#7822);
#7820 = CARTESIAN_POINT('',(0.32,1.011761426375,3.45));
#7821 = DIRECTION('',(0.,0.,1.));
#7822 = DIRECTION('',(-1.,0.,0.));
#7823 = ORIENTED_EDGE('',*,*,#7824,.F.);
#7824 = EDGE_CURVE('',#7825,#7816,#7827,.T.);
#7825 = VERTEX_POINT('',#7826);
#7826 = CARTESIAN_POINT('',(0.711761426375,-7.823857362477E-02,3.45));
#7827 = LINE('',#7828,#7829);
#7828 = CARTESIAN_POINT('',(0.711761426375,-7.823857362477E-02,3.45));
#7829 = VECTOR('',#7830,1.);
#7830 = DIRECTION('',(0.,1.,0.));
#7831 = ORIENTED_EDGE('',*,*,#7832,.F.);
#7832 = EDGE_CURVE('',#7833,#7825,#7835,.T.);
#7833 = VERTEX_POINT('',#7834);
#7834 = CARTESIAN_POINT('',(0.32,-0.47,3.45));
#7835 = CIRCLE('',#7836,0.391761426375);
#7836 = AXIS2_PLACEMENT_3D('',#7837,#7838,#7839);
#7837 = CARTESIAN_POINT('',(0.32,-7.823857362477E-02,3.45));
#7838 = DIRECTION('',(0.,0.,1.));
#7839 = DIRECTION('',(-1.,0.,0.));
#7840 = ORIENTED_EDGE('',*,*,#7841,.F.);
#7841 = EDGE_CURVE('',#7842,#7833,#7844,.T.);
#7842 = VERTEX_POINT('',#7843);
#7843 = CARTESIAN_POINT('',(-0.32,-0.47,3.45));
#7844 = LINE('',#7845,#7846);
#7845 = CARTESIAN_POINT('',(-0.32,-0.47,3.45));
#7846 = VECTOR('',#7847,1.);
#7847 = DIRECTION('',(1.,0.,0.));
#7848 = ORIENTED_EDGE('',*,*,#7849,.F.);
#7849 = EDGE_CURVE('',#7850,#7842,#7852,.T.);
#7850 = VERTEX_POINT('',#7851);
#7851 = CARTESIAN_POINT('',(-0.711761426375,-7.823857362477E-02,3.45));
#7852 = CIRCLE('',#7853,0.391761426375);
#7853 = AXIS2_PLACEMENT_3D('',#7854,#7855,#7856);
#7854 = CARTESIAN_POINT('',(-0.32,-7.823857362477E-02,3.45));
#7855 = DIRECTION('',(0.,0.,1.));
#7856 = DIRECTION('',(-1.,0.,0.));
#7857 = ORIENTED_EDGE('',*,*,#7858,.F.);
#7858 = EDGE_CURVE('',#7859,#7850,#7861,.T.);
#7859 = VERTEX_POINT('',#7860);
#7860 = CARTESIAN_POINT('',(-0.711761426375,1.011761426375,3.45));
#7861 = LINE('',#7862,#7863);
#7862 = CARTESIAN_POINT('',(-0.711761426375,1.011761426375,3.45));
#7863 = VECTOR('',#7864,1.);
#7864 = DIRECTION('',(0.,-1.,0.));
#7865 = ORIENTED_EDGE('',*,*,#7866,.F.);
#7866 = EDGE_CURVE('',#7619,#7859,#7867,.T.);
#7867 = CIRCLE('',#7868,0.391761426375);
#7868 = AXIS2_PLACEMENT_3D('',#7869,#7870,#7871);
#7869 = CARTESIAN_POINT('',(-0.32,1.011761426375,3.45));
#7870 = DIRECTION('',(0.,0.,1.));
#7871 = DIRECTION('',(-1.,0.,0.));
#7872 = ORIENTED_EDGE('',*,*,#7873,.T.);
#7873 = EDGE_CURVE('',#7619,#7874,#7876,.T.);
#7874 = VERTEX_POINT('',#7875);
#7875 = CARTESIAN_POINT('',(-0.4,1.40352285275,3.45));
#7876 = LINE('',#7877,#7878);
#7877 = CARTESIAN_POINT('',(0.4,1.40352285275,3.45));
#7878 = VECTOR('',#7879,1.);
#7879 = DIRECTION('',(-1.,0.,0.));
#7880 = ORIENTED_EDGE('',*,*,#7881,.F.);
#7881 = EDGE_CURVE('',#7321,#7874,#7882,.T.);
#7882 = LINE('',#7883,#7884);
#7883 = CARTESIAN_POINT('',(-0.4,1.666761426375,3.45));
#7884 = VECTOR('',#7885,1.);
#7885 = DIRECTION('',(0.,-1.,-2.E-16));
#7886 = ORIENTED_EDGE('',*,*,#7320,.T.);
#7887 = ORIENTED_EDGE('',*,*,#7888,.T.);
#7888 = EDGE_CURVE('',#7323,#7889,#7891,.T.);
#7889 = VERTEX_POINT('',#7890);
#7890 = CARTESIAN_POINT('',(-0.975,-7.823857362477E-02,3.45));
#7891 = LINE('',#7892,#7893);
#7892 = CARTESIAN_POINT('',(-0.975,1.011761426375,3.45));
#7893 = VECTOR('',#7894,1.);
#7894 = DIRECTION('',(0.,-1.,0.));
#7895 = ORIENTED_EDGE('',*,*,#7896,.T.);
#7896 = EDGE_CURVE('',#7889,#7897,#7899,.T.);
#7897 = VERTEX_POINT('',#7898);
#7898 = CARTESIAN_POINT('',(-0.32,-0.733238573625,3.45));
#7899 = CIRCLE('',#7900,0.655);
#7900 = AXIS2_PLACEMENT_3D('',#7901,#7902,#7903);
#7901 = CARTESIAN_POINT('',(-0.32,-7.823857362477E-02,3.45));
#7902 = DIRECTION('',(0.,0.,1.));
#7903 = DIRECTION('',(-1.,0.,0.));
#7904 = ORIENTED_EDGE('',*,*,#7905,.T.);
#7905 = EDGE_CURVE('',#7897,#7784,#7906,.T.);
#7906 = LINE('',#7907,#7908);
#7907 = CARTESIAN_POINT('',(-0.32,-0.733238573625,3.45));
#7908 = VECTOR('',#7909,1.);
#7909 = DIRECTION('',(1.,0.,0.));
#7910 = PLANE('',#7911);
#7911 = AXIS2_PLACEMENT_3D('',#7912,#7913,#7914);
#7912 = CARTESIAN_POINT('',(-3.E-17,0.466761426375,3.45));
#7913 = DIRECTION('',(0.,0.,1.));
#7914 = DIRECTION('',(-1.,0.,0.));
#7915 = ADVANCED_FACE('',(#7916),#7927,.F.);
#7916 = FACE_BOUND('',#7917,.F.);
#7917 = EDGE_LOOP('',(#7918,#7919,#7920,#7926));
#7918 = ORIENTED_EDGE('',*,*,#7331,.T.);
#7919 = ORIENTED_EDGE('',*,*,#7729,.T.);
#7920 = ORIENTED_EDGE('',*,*,#7921,.F.);
#7921 = EDGE_CURVE('',#7889,#7730,#7922,.T.);
#7922 = LINE('',#7923,#7924);
#7923 = CARTESIAN_POINT('',(-0.975,-7.823857362477E-02,3.45));
#7924 = VECTOR('',#7925,1.);
#7925 = DIRECTION('',(0.,0.,1.));
#7926 = ORIENTED_EDGE('',*,*,#7888,.F.);
#7927 = PLANE('',#7928);
#7928 = AXIS2_PLACEMENT_3D('',#7929,#7930,#7931);
#7929 = CARTESIAN_POINT('',(-0.975,1.011761426375,3.45));
#7930 = DIRECTION('',(1.,0.,0.));
#7931 = DIRECTION('',(0.,-1.,0.));
#7932 = ADVANCED_FACE('',(#7933),#7959,.T.);
#7933 = FACE_BOUND('',#7934,.T.);
#7934 = EDGE_LOOP('',(#7935,#7945,#7951,#7952,#7953));
#7935 = ORIENTED_EDGE('',*,*,#7936,.F.);
#7936 = EDGE_CURVE('',#7937,#7939,#7941,.T.);
#7937 = VERTEX_POINT('',#7938);
#7938 = CARTESIAN_POINT('',(-0.4,1.666761426375,3.732514167383));
#7939 = VERTEX_POINT('',#7940);
#7940 = CARTESIAN_POINT('',(-0.4,2.366761426375,5.12847));
#7941 = LINE('',#7942,#7943);
#7942 = CARTESIAN_POINT('',(-0.4,1.666761426375,3.732514167383));
#7943 = VECTOR('',#7944,1.);
#7944 = DIRECTION('',(0.,0.448249178262,0.8939086498));
#7945 = ORIENTED_EDGE('',*,*,#7946,.F.);
#7946 = EDGE_CURVE('',#7358,#7937,#7947,.T.);
#7947 = LINE('',#7948,#7949);
#7948 = CARTESIAN_POINT('',(-0.4,1.40352285275,3.765283356459));
#7949 = VECTOR('',#7950,1.);
#7950 = DIRECTION('',(-0.,0.992340678184,-0.12353128519));
#7951 = ORIENTED_EDGE('',*,*,#7357,.F.);
#7952 = ORIENTED_EDGE('',*,*,#7432,.F.);
#7953 = ORIENTED_EDGE('',*,*,#7954,.F.);
#7954 = EDGE_CURVE('',#7939,#7425,#7955,.T.);
#7955 = LINE('',#7956,#7957);
#7956 = CARTESIAN_POINT('',(-0.4,2.366761426375,5.12847));
#7957 = VECTOR('',#7958,1.);
#7958 = DIRECTION('',(0.,-0.8939086498,0.448249178262));
#7959 = PLANE('',#7960);
#7960 = AXIS2_PLACEMENT_3D('',#7961,#7962,#7963);
#7961 = CARTESIAN_POINT('',(-0.4,1.332356653177,5.661145307804));
#7962 = DIRECTION('',(-1.,0.,0.));
#7963 = DIRECTION('',(0.,0.,1.));
#7964 = ADVANCED_FACE('',(#7965),#7975,.T.);
#7965 = FACE_BOUND('',#7966,.T.);
#7966 = EDGE_LOOP('',(#7967,#7973,#7974));
#7967 = ORIENTED_EDGE('',*,*,#7968,.F.);
#7968 = EDGE_CURVE('',#7366,#7937,#7969,.T.);
#7969 = LINE('',#7970,#7971);
#7970 = CARTESIAN_POINT('',(0.4,1.666761426375,3.732514167383));
#7971 = VECTOR('',#7972,1.);
#7972 = DIRECTION('',(-1.,0.,0.));
#7973 = ORIENTED_EDGE('',*,*,#7365,.F.);
#7974 = ORIENTED_EDGE('',*,*,#7946,.T.);
#7975 = PLANE('',#7976);
#7976 = AXIS2_PLACEMENT_3D('',#7977,#7978,#7979);
#7977 = CARTESIAN_POINT('',(0.4,1.40352285275,3.765283356459));
#7978 = DIRECTION('',(0.,-0.12353128519,-0.992340678184));
#7979 = DIRECTION('',(-0.,0.992340678184,-0.12353128519));
#7980 = ADVANCED_FACE('',(#7981),#7997,.F.);
#7981 = FACE_BOUND('',#7982,.F.);
#7982 = EDGE_LOOP('',(#7983,#7989,#7990,#7996));
#7983 = ORIENTED_EDGE('',*,*,#7984,.F.);
#7984 = EDGE_CURVE('',#7458,#7375,#7985,.T.);
#7985 = LINE('',#7986,#7987);
#7986 = CARTESIAN_POINT('',(0.32,1.666761426375,3.45));
#7987 = VECTOR('',#7988,1.);
#7988 = DIRECTION('',(-1.,0.,0.));
#7989 = ORIENTED_EDGE('',*,*,#7466,.T.);
#7990 = ORIENTED_EDGE('',*,*,#7991,.T.);
#7991 = EDGE_CURVE('',#7467,#7366,#7992,.T.);
#7992 = LINE('',#7993,#7994);
#7993 = CARTESIAN_POINT('',(0.4,1.666761426375,3.732514167383));
#7994 = VECTOR('',#7995,1.);
#7995 = DIRECTION('',(-1.,0.,0.));
#7996 = ORIENTED_EDGE('',*,*,#7374,.F.);
#7997 = PLANE('',#7998);
#7998 = AXIS2_PLACEMENT_3D('',#7999,#8000,#8001);
#7999 = CARTESIAN_POINT('',(0.32,1.666761426375,3.45));
#8000 = DIRECTION('',(0.,-1.,0.));
#8001 = DIRECTION('',(-1.,0.,0.));
#8002 = ADVANCED_FACE('',(#8003),#8029,.F.);
#8003 = FACE_BOUND('',#8004,.F.);
#8004 = EDGE_LOOP('',(#8005,#8015,#8021,#8022,#8023));
#8005 = ORIENTED_EDGE('',*,*,#8006,.F.);
#8006 = EDGE_CURVE('',#8007,#8009,#8011,.T.);
#8007 = VERTEX_POINT('',#8008);
#8008 = CARTESIAN_POINT('',(0.4,1.666761426375,3.732514167383));
#8009 = VERTEX_POINT('',#8010);
#8010 = CARTESIAN_POINT('',(0.4,2.366761426375,5.12847));
#8011 = LINE('',#8012,#8013);
#8012 = CARTESIAN_POINT('',(0.4,1.666761426375,3.732514167383));
#8013 = VECTOR('',#8014,1.);
#8014 = DIRECTION('',(0.,0.448249178262,0.8939086498));
#8015 = ORIENTED_EDGE('',*,*,#8016,.F.);
#8016 = EDGE_CURVE('',#7475,#8007,#8017,.T.);
#8017 = LINE('',#8018,#8019);
#8018 = CARTESIAN_POINT('',(0.4,1.40352285275,3.765283356459));
#8019 = VECTOR('',#8020,1.);
#8020 = DIRECTION('',(-0.,0.992340678184,-0.12353128519));
#8021 = ORIENTED_EDGE('',*,*,#7483,.F.);
#8022 = ORIENTED_EDGE('',*,*,#7414,.F.);
#8023 = ORIENTED_EDGE('',*,*,#8024,.F.);
#8024 = EDGE_CURVE('',#8009,#7415,#8025,.T.);
#8025 = LINE('',#8026,#8027);
#8026 = CARTESIAN_POINT('',(0.4,2.366761426375,5.12847));
#8027 = VECTOR('',#8028,1.);
#8028 = DIRECTION('',(0.,-0.8939086498,0.448249178262));
#8029 = PLANE('',#8030);
#8030 = AXIS2_PLACEMENT_3D('',#8031,#8032,#8033);
#8031 = CARTESIAN_POINT('',(0.4,1.332356653177,5.661145307804));
#8032 = DIRECTION('',(-1.,0.,0.));
#8033 = DIRECTION('',(0.,0.,1.));
#8034 = ADVANCED_FACE('',(#8035),#8046,.T.);
#8035 = FACE_BOUND('',#8036,.T.);
#8036 = EDGE_LOOP('',(#8037,#8043,#8044,#8045));
#8037 = ORIENTED_EDGE('',*,*,#8038,.T.);
#8038 = EDGE_CURVE('',#8009,#7939,#8039,.T.);
#8039 = LINE('',#8040,#8041);
#8040 = CARTESIAN_POINT('',(0.4,2.366761426375,5.12847));
#8041 = VECTOR('',#8042,1.);
#8042 = DIRECTION('',(-1.,0.,0.));
#8043 = ORIENTED_EDGE('',*,*,#7954,.T.);
#8044 = ORIENTED_EDGE('',*,*,#7424,.F.);
#8045 = ORIENTED_EDGE('',*,*,#8024,.F.);
#8046 = PLANE('',#8047);
#8047 = AXIS2_PLACEMENT_3D('',#8048,#8049,#8050);
#8048 = CARTESIAN_POINT('',(0.4,2.366761426375,5.12847));
#8049 = DIRECTION('',(0.,0.448249178262,0.8939086498));
#8050 = DIRECTION('',(0.,-0.8939086498,0.448249178262));
#8051 = ADVANCED_FACE('',(#8052),#8069,.T.);
#8052 = FACE_BOUND('',#8053,.T.);
#8053 = EDGE_LOOP('',(#8054,#8062,#8068));
#8054 = ORIENTED_EDGE('',*,*,#8055,.F.);
#8055 = EDGE_CURVE('',#8056,#7456,#8058,.T.);
#8056 = VERTEX_POINT('',#8057);
#8057 = CARTESIAN_POINT('',(0.4,1.666761426375,3.45));
#8058 = LINE('',#8059,#8060);
#8059 = CARTESIAN_POINT('',(0.4,1.666761426375,3.45));
#8060 = VECTOR('',#8061,1.);
#8061 = DIRECTION('',(0.,-1.,-2.E-16));
#8062 = ORIENTED_EDGE('',*,*,#8063,.T.);
#8063 = EDGE_CURVE('',#8056,#7458,#8064,.T.);
#8064 = LINE('',#8065,#8066);
#8065 = CARTESIAN_POINT('',(0.4,1.666761426375,3.45));
#8066 = VECTOR('',#8067,1.);
#8067 = DIRECTION('',(-1.,0.,0.));
#8068 = ORIENTED_EDGE('',*,*,#7455,.F.);
#8069 = PLANE('',#8070);
#8070 = AXIS2_PLACEMENT_3D('',#8071,#8072,#8073);
#8071 = CARTESIAN_POINT('',(0.4,1.666761426375,3.45));
#8072 = DIRECTION('',(0.,-2.E-16,1.));
#8073 = DIRECTION('',(0.,-1.,-2.E-16));
#8074 = ADVANCED_FACE('',(#8075),#8085,.T.);
#8075 = FACE_BOUND('',#8076,.T.);
#8076 = EDGE_LOOP('',(#8077,#8078,#8079));
#8077 = ORIENTED_EDGE('',*,*,#8016,.F.);
#8078 = ORIENTED_EDGE('',*,*,#7474,.F.);
#8079 = ORIENTED_EDGE('',*,*,#8080,.F.);
#8080 = EDGE_CURVE('',#8007,#7467,#8081,.T.);
#8081 = LINE('',#8082,#8083);
#8082 = CARTESIAN_POINT('',(0.4,1.666761426375,3.732514167383));
#8083 = VECTOR('',#8084,1.);
#8084 = DIRECTION('',(-1.,0.,0.));
#8085 = PLANE('',#8086);
#8086 = AXIS2_PLACEMENT_3D('',#8087,#8088,#8089);
#8087 = CARTESIAN_POINT('',(0.4,1.40352285275,3.765283356459));
#8088 = DIRECTION('',(0.,-0.12353128519,-0.992340678184));
#8089 = DIRECTION('',(-0.,0.992340678184,-0.12353128519));
#8090 = ADVANCED_FACE('',(#8091),#8102,.F.);
#8091 = FACE_BOUND('',#8092,.F.);
#8092 = EDGE_LOOP('',(#8093,#8099,#8100,#8101));
#8093 = ORIENTED_EDGE('',*,*,#8094,.T.);
#8094 = EDGE_CURVE('',#7786,#7651,#8095,.T.);
#8095 = LINE('',#8096,#8097);
#8096 = CARTESIAN_POINT('',(0.975,-7.823857362477E-02,3.45));
#8097 = VECTOR('',#8098,1.);
#8098 = DIRECTION('',(0.,0.,1.));
#8099 = ORIENTED_EDGE('',*,*,#7659,.T.);
#8100 = ORIENTED_EDGE('',*,*,#7501,.F.);
#8101 = ORIENTED_EDGE('',*,*,#7794,.F.);
#8102 = PLANE('',#8103);
#8103 = AXIS2_PLACEMENT_3D('',#8104,#8105,#8106);
#8104 = CARTESIAN_POINT('',(0.975,-7.823857362477E-02,3.45));
#8105 = DIRECTION('',(-1.,0.,0.));
#8106 = DIRECTION('',(0.,1.,0.));
#8107 = ADVANCED_FACE('',(#8108),#8119,.F.);
#8108 = FACE_BOUND('',#8109,.F.);
#8109 = EDGE_LOOP('',(#8110,#8116,#8117,#8118));
#8110 = ORIENTED_EDGE('',*,*,#8111,.T.);
#8111 = EDGE_CURVE('',#7537,#7583,#8112,.T.);
#8112 = LINE('',#8113,#8114);
#8113 = CARTESIAN_POINT('',(-0.698564,0.170214,9.45));
#8114 = VECTOR('',#8115,1.);
#8115 = DIRECTION('',(0.,0.,-1.));
#8116 = ORIENTED_EDGE('',*,*,#7582,.T.);
#8117 = ORIENTED_EDGE('',*,*,#8111,.F.);
#8118 = ORIENTED_EDGE('',*,*,#7536,.F.);
#8119 = CYLINDRICAL_SURFACE('',#8120,0.698564);
#8120 = AXIS2_PLACEMENT_3D('',#8121,#8122,#8123);
#8121 = CARTESIAN_POINT('',(-2.E-17,0.170214,9.45));
#8122 = DIRECTION('',(0.,0.,1.));
#8123 = DIRECTION('',(-1.,0.,0.));
#8124 = ADVANCED_FACE('',(#8125),#8136,.F.);
#8125 = FACE_BOUND('',#8126,.F.);
#8126 = EDGE_LOOP('',(#8127,#8128,#8129,#8130));
#8127 = ORIENTED_EDGE('',*,*,#7815,.T.);
#8128 = ORIENTED_EDGE('',*,*,#7634,.T.);
#8129 = ORIENTED_EDGE('',*,*,#7668,.F.);
#8130 = ORIENTED_EDGE('',*,*,#8131,.F.);
#8131 = EDGE_CURVE('',#7816,#7669,#8132,.T.);
#8132 = LINE('',#8133,#8134);
#8133 = CARTESIAN_POINT('',(0.711761426375,1.011761426375,3.45));
#8134 = VECTOR('',#8135,1.);
#8135 = DIRECTION('',(0.,0.,1.));
#8136 = CYLINDRICAL_SURFACE('',#8137,0.391761426375);
#8137 = AXIS2_PLACEMENT_3D('',#8138,#8139,#8140);
#8138 = CARTESIAN_POINT('',(0.32,1.011761426375,3.45));
#8139 = DIRECTION('',(0.,0.,-1.));
#8140 = DIRECTION('',(-1.,0.,0.));
#8141 = ADVANCED_FACE('',(#8142),#8171,.F.);
#8142 = FACE_BOUND('',#8143,.F.);
#8143 = EDGE_LOOP('',(#8144,#8153,#8161,#8168,#8169,#8170));
#8144 = ORIENTED_EDGE('',*,*,#8145,.T.);
#8145 = EDGE_CURVE('',#7802,#8146,#8148,.T.);
#8146 = VERTEX_POINT('',#8147);
#8147 = CARTESIAN_POINT('',(0.4,1.114684484901,3.336392809704));
#8148 = CIRCLE('',#8149,0.166761426375);
#8149 = AXIS2_PLACEMENT_3D('',#8150,#8151,#8152);
#8150 = CARTESIAN_POINT('',(0.4,1.236761426375,3.45));
#8151 = DIRECTION('',(-1.,0.,0.));
#8152 = DIRECTION('',(0.,-1.,0.));
#8153 = ORIENTED_EDGE('',*,*,#8154,.T.);
#8154 = EDGE_CURVE('',#8146,#8155,#8157,.T.);
#8155 = VERTEX_POINT('',#8156);
#8156 = CARTESIAN_POINT('',(-0.4,1.114684484901,3.336392809704));
#8157 = LINE('',#8158,#8159);
#8158 = CARTESIAN_POINT('',(0.4,1.114684484901,3.336392809704));
#8159 = VECTOR('',#8160,1.);
#8160 = DIRECTION('',(-1.,0.,0.));
#8161 = ORIENTED_EDGE('',*,*,#8162,.F.);
#8162 = EDGE_CURVE('',#7874,#8155,#8163,.T.);
#8163 = CIRCLE('',#8164,0.166761426375);
#8164 = AXIS2_PLACEMENT_3D('',#8165,#8166,#8167);
#8165 = CARTESIAN_POINT('',(-0.4,1.236761426375,3.45));
#8166 = DIRECTION('',(-1.,0.,0.));
#8167 = DIRECTION('',(0.,-1.,0.));
#8168 = ORIENTED_EDGE('',*,*,#7873,.F.);
#8169 = ORIENTED_EDGE('',*,*,#7626,.F.);
#8170 = ORIENTED_EDGE('',*,*,#7809,.F.);
#8171 = CYLINDRICAL_SURFACE('',#8172,0.166761426375);
#8172 = AXIS2_PLACEMENT_3D('',#8173,#8174,#8175);
#8173 = CARTESIAN_POINT('',(0.4,1.236761426375,3.45));
#8174 = DIRECTION('',(1.,0.,-0.));
#8175 = DIRECTION('',(0.,-1.,0.));
#8176 = ADVANCED_FACE('',(#8177),#8188,.F.);
#8177 = FACE_BOUND('',#8178,.F.);
#8178 = EDGE_LOOP('',(#8179,#8180,#8186,#8187));
#8179 = ORIENTED_EDGE('',*,*,#7866,.T.);
#8180 = ORIENTED_EDGE('',*,*,#8181,.T.);
#8181 = EDGE_CURVE('',#7859,#7712,#8182,.T.);
#8182 = LINE('',#8183,#8184);
#8183 = CARTESIAN_POINT('',(-0.711761426375,1.011761426375,3.45));
#8184 = VECTOR('',#8185,1.);
#8185 = DIRECTION('',(0.,0.,1.));
#8186 = ORIENTED_EDGE('',*,*,#7719,.F.);
#8187 = ORIENTED_EDGE('',*,*,#7618,.F.);
#8188 = CYLINDRICAL_SURFACE('',#8189,0.391761426375);
#8189 = AXIS2_PLACEMENT_3D('',#8190,#8191,#8192);
#8190 = CARTESIAN_POINT('',(-0.32,1.011761426375,3.45));
#8191 = DIRECTION('',(0.,0.,-1.));
#8192 = DIRECTION('',(-1.,0.,0.));
#8193 = ADVANCED_FACE('',(#8194),#8205,.T.);
#8194 = FACE_BOUND('',#8195,.T.);
#8195 = EDGE_LOOP('',(#8196,#8197,#8198,#8199));
#8196 = ORIENTED_EDGE('',*,*,#7783,.T.);
#8197 = ORIENTED_EDGE('',*,*,#8094,.T.);
#8198 = ORIENTED_EDGE('',*,*,#7648,.F.);
#8199 = ORIENTED_EDGE('',*,*,#8200,.F.);
#8200 = EDGE_CURVE('',#7784,#7649,#8201,.T.);
#8201 = LINE('',#8202,#8203);
#8202 = CARTESIAN_POINT('',(0.32,-0.733238573625,3.45));
#8203 = VECTOR('',#8204,1.);
#8204 = DIRECTION('',(0.,0.,1.));
#8205 = CYLINDRICAL_SURFACE('',#8206,0.655);
#8206 = AXIS2_PLACEMENT_3D('',#8207,#8208,#8209);
#8207 = CARTESIAN_POINT('',(0.32,-7.823857362477E-02,3.45));
#8208 = DIRECTION('',(0.,0.,-1.));
#8209 = DIRECTION('',(-1.,0.,0.));
#8210 = ADVANCED_FACE('',(#8211),#8222,.F.);
#8211 = FACE_BOUND('',#8212,.F.);
#8212 = EDGE_LOOP('',(#8213,#8219,#8220,#8221));
#8213 = ORIENTED_EDGE('',*,*,#8214,.T.);
#8214 = EDGE_CURVE('',#7897,#7738,#8215,.T.);
#8215 = LINE('',#8216,#8217);
#8216 = CARTESIAN_POINT('',(-0.32,-0.733238573625,3.45));
#8217 = VECTOR('',#8218,1.);
#8218 = DIRECTION('',(0.,0.,1.));
#8219 = ORIENTED_EDGE('',*,*,#7746,.T.);
#8220 = ORIENTED_EDGE('',*,*,#8200,.F.);
#8221 = ORIENTED_EDGE('',*,*,#7905,.F.);
#8222 = PLANE('',#8223);
#8223 = AXIS2_PLACEMENT_3D('',#8224,#8225,#8226);
#8224 = CARTESIAN_POINT('',(-0.32,-0.733238573625,3.45));
#8225 = DIRECTION('',(0.,1.,0.));
#8226 = DIRECTION('',(1.,0.,0.));
#8227 = ADVANCED_FACE('',(#8228),#8234,.T.);
#8228 = FACE_BOUND('',#8229,.T.);
#8229 = EDGE_LOOP('',(#8230,#8231,#8232,#8233));
#8230 = ORIENTED_EDGE('',*,*,#7896,.T.);
#8231 = ORIENTED_EDGE('',*,*,#8214,.T.);
#8232 = ORIENTED_EDGE('',*,*,#7737,.F.);
#8233 = ORIENTED_EDGE('',*,*,#7921,.F.);
#8234 = CYLINDRICAL_SURFACE('',#8235,0.655);
#8235 = AXIS2_PLACEMENT_3D('',#8236,#8237,#8238);
#8236 = CARTESIAN_POINT('',(-0.32,-7.823857362477E-02,3.45));
#8237 = DIRECTION('',(0.,0.,-1.));
#8238 = DIRECTION('',(-1.,0.,0.));
#8239 = ADVANCED_FACE('',(#8240),#8251,.T.);
#8240 = FACE_BOUND('',#8241,.T.);
#8241 = EDGE_LOOP('',(#8242,#8243,#8244,#8250));
#8242 = ORIENTED_EDGE('',*,*,#8181,.T.);
#8243 = ORIENTED_EDGE('',*,*,#7711,.T.);
#8244 = ORIENTED_EDGE('',*,*,#8245,.F.);
#8245 = EDGE_CURVE('',#7850,#7703,#8246,.T.);
#8246 = LINE('',#8247,#8248);
#8247 = CARTESIAN_POINT('',(-0.711761426375,-7.823857362477E-02,3.45));
#8248 = VECTOR('',#8249,1.);
#8249 = DIRECTION('',(0.,0.,1.));
#8250 = ORIENTED_EDGE('',*,*,#7858,.F.);
#8251 = PLANE('',#8252);
#8252 = AXIS2_PLACEMENT_3D('',#8253,#8254,#8255);
#8253 = CARTESIAN_POINT('',(-0.711761426375,1.011761426375,3.45));
#8254 = DIRECTION('',(1.,0.,0.));
#8255 = DIRECTION('',(0.,-1.,0.));
#8256 = ADVANCED_FACE('',(#8257),#8268,.F.);
#8257 = FACE_BOUND('',#8258,.F.);
#8258 = EDGE_LOOP('',(#8259,#8260,#8266,#8267));
#8259 = ORIENTED_EDGE('',*,*,#7849,.T.);
#8260 = ORIENTED_EDGE('',*,*,#8261,.T.);
#8261 = EDGE_CURVE('',#7842,#7695,#8262,.T.);
#8262 = LINE('',#8263,#8264);
#8263 = CARTESIAN_POINT('',(-0.32,-0.47,3.45));
#8264 = VECTOR('',#8265,1.);
#8265 = DIRECTION('',(0.,0.,1.));
#8266 = ORIENTED_EDGE('',*,*,#7702,.F.);
#8267 = ORIENTED_EDGE('',*,*,#8245,.F.);
#8268 = CYLINDRICAL_SURFACE('',#8269,0.391761426375);
#8269 = AXIS2_PLACEMENT_3D('',#8270,#8271,#8272);
#8270 = CARTESIAN_POINT('',(-0.32,-7.823857362477E-02,3.45));
#8271 = DIRECTION('',(0.,0.,-1.));
#8272 = DIRECTION('',(-1.,0.,0.));
#8273 = ADVANCED_FACE('',(#8274),#8285,.T.);
#8274 = FACE_BOUND('',#8275,.T.);
#8275 = EDGE_LOOP('',(#8276,#8277,#8278,#8284));
#8276 = ORIENTED_EDGE('',*,*,#8261,.T.);
#8277 = ORIENTED_EDGE('',*,*,#7694,.T.);
#8278 = ORIENTED_EDGE('',*,*,#8279,.F.);
#8279 = EDGE_CURVE('',#7833,#7686,#8280,.T.);
#8280 = LINE('',#8281,#8282);
#8281 = CARTESIAN_POINT('',(0.32,-0.47,3.45));
#8282 = VECTOR('',#8283,1.);
#8283 = DIRECTION('',(0.,0.,1.));
#8284 = ORIENTED_EDGE('',*,*,#7841,.F.);
#8285 = PLANE('',#8286);
#8286 = AXIS2_PLACEMENT_3D('',#8287,#8288,#8289);
#8287 = CARTESIAN_POINT('',(-0.32,-0.47,3.45));
#8288 = DIRECTION('',(0.,1.,0.));
#8289 = DIRECTION('',(1.,0.,0.));
#8290 = ADVANCED_FACE('',(#8291),#8302,.F.);
#8291 = FACE_BOUND('',#8292,.F.);
#8292 = EDGE_LOOP('',(#8293,#8294,#8300,#8301));
#8293 = ORIENTED_EDGE('',*,*,#7832,.T.);
#8294 = ORIENTED_EDGE('',*,*,#8295,.T.);
#8295 = EDGE_CURVE('',#7825,#7678,#8296,.T.);
#8296 = LINE('',#8297,#8298);
#8297 = CARTESIAN_POINT('',(0.711761426375,-7.823857362477E-02,3.45));
#8298 = VECTOR('',#8299,1.);
#8299 = DIRECTION('',(0.,0.,1.));
#8300 = ORIENTED_EDGE('',*,*,#7685,.F.);
#8301 = ORIENTED_EDGE('',*,*,#8279,.F.);
#8302 = CYLINDRICAL_SURFACE('',#8303,0.391761426375);
#8303 = AXIS2_PLACEMENT_3D('',#8304,#8305,#8306);
#8304 = CARTESIAN_POINT('',(0.32,-7.823857362477E-02,3.45));
#8305 = DIRECTION('',(0.,0.,-1.));
#8306 = DIRECTION('',(-1.,0.,0.));
#8307 = ADVANCED_FACE('',(#8308),#8314,.T.);
#8308 = FACE_BOUND('',#8309,.T.);
#8309 = EDGE_LOOP('',(#8310,#8311,#8312,#8313));
#8310 = ORIENTED_EDGE('',*,*,#8295,.T.);
#8311 = ORIENTED_EDGE('',*,*,#7677,.T.);
#8312 = ORIENTED_EDGE('',*,*,#8131,.F.);
#8313 = ORIENTED_EDGE('',*,*,#7824,.F.);
#8314 = PLANE('',#8315);
#8315 = AXIS2_PLACEMENT_3D('',#8316,#8317,#8318);
#8316 = CARTESIAN_POINT('',(0.711761426375,-7.823857362477E-02,3.45));
#8317 = DIRECTION('',(-1.,0.,0.));
#8318 = DIRECTION('',(0.,1.,0.));
#8319 = ADVANCED_FACE('',(#8320),#8408,.T.);
#8320 = FACE_BOUND('',#8321,.F.);
#8321 = EDGE_LOOP('',(#8322,#8323,#8324,#8325,#8333,#8342,#8350,#8359,
    #8367,#8376,#8384,#8393,#8401));
#8322 = ORIENTED_EDGE('',*,*,#7769,.T.);
#8323 = ORIENTED_EDGE('',*,*,#7881,.T.);
#8324 = ORIENTED_EDGE('',*,*,#8162,.T.);
#8325 = ORIENTED_EDGE('',*,*,#8326,.T.);
#8326 = EDGE_CURVE('',#8155,#8327,#8329,.T.);
#8327 = VERTEX_POINT('',#8328);
#8328 = CARTESIAN_POINT('',(-0.4,0.507864340432,3.988453186061));
#8329 = LINE('',#8330,#8331);
#8330 = CARTESIAN_POINT('',(-0.4,1.114684484901,3.336392809704));
#8331 = VECTOR('',#8332,1.);
#8332 = DIRECTION('',(0.,-0.681255808167,0.73204543837));
#8333 = ORIENTED_EDGE('',*,*,#8334,.T.);
#8334 = EDGE_CURVE('',#8327,#8335,#8337,.T.);
#8335 = VERTEX_POINT('',#8336);
#8336 = CARTESIAN_POINT('',(-0.4,0.433238573625,4.178184));
#8337 = CIRCLE('',#8338,0.278501572631);
#8338 = AXIS2_PLACEMENT_3D('',#8339,#8340,#8341);
#8339 = CARTESIAN_POINT('',(-0.4,0.711740146256,4.178184));
#8340 = DIRECTION('',(-1.,0.,0.));
#8341 = DIRECTION('',(0.,-1.,0.));
#8342 = ORIENTED_EDGE('',*,*,#8343,.T.);
#8343 = EDGE_CURVE('',#8335,#8344,#8346,.T.);
#8344 = VERTEX_POINT('',#8345);
#8345 = CARTESIAN_POINT('',(-0.4,0.433238573625,4.685074494728));
#8346 = LINE('',#8347,#8348);
#8347 = CARTESIAN_POINT('',(-0.4,0.433238573625,4.178184));
#8348 = VECTOR('',#8349,1.);
#8349 = DIRECTION('',(0.,0.,1.));
#8350 = ORIENTED_EDGE('',*,*,#8351,.T.);
#8351 = EDGE_CURVE('',#8344,#8352,#8354,.T.);
#8352 = VERTEX_POINT('',#8353);
#8353 = CARTESIAN_POINT('',(-0.4,0.575234225212,4.952153180724));
#8354 = CIRCLE('',#8355,0.332497);
#8355 = AXIS2_PLACEMENT_3D('',#8356,#8357,#8358);
#8356 = CARTESIAN_POINT('',(-0.4,0.765690642056,4.679608490276));
#8357 = DIRECTION('',(-1.,0.,0.));
#8358 = DIRECTION('',(0.,-1.,0.));
#8359 = ORIENTED_EDGE('',*,*,#8360,.F.);
#8360 = EDGE_CURVE('',#8361,#8352,#8363,.T.);
#8361 = VERTEX_POINT('',#8362);
#8362 = CARTESIAN_POINT('',(-0.4,0.424460852439,5.167911110498));
#8363 = LINE('',#8364,#8365);
#8364 = CARTESIAN_POINT('',(-0.4,0.424460852439,5.167911110498));
#8365 = VECTOR('',#8366,1.);
#8366 = DIRECTION('',(-0.,0.572806421845,-0.819690675251));
#8367 = ORIENTED_EDGE('',*,*,#8368,.F.);
#8368 = EDGE_CURVE('',#8369,#8361,#8371,.T.);
#8369 = VERTEX_POINT('',#8370);
#8370 = CARTESIAN_POINT('',(-0.4,0.17,4.685074494728));
#8371 = CIRCLE('',#8372,0.595715719314);
#8372 = AXIS2_PLACEMENT_3D('',#8373,#8374,#8375);
#8373 = CARTESIAN_POINT('',(-0.4,0.765690642056,4.679608490276));
#8374 = DIRECTION('',(-1.,0.,0.));
#8375 = DIRECTION('',(0.,-1.,0.));
#8376 = ORIENTED_EDGE('',*,*,#8377,.F.);
#8377 = EDGE_CURVE('',#8378,#8369,#8380,.T.);
#8378 = VERTEX_POINT('',#8379);
#8379 = CARTESIAN_POINT('',(-0.4,0.17,4.178184));
#8380 = LINE('',#8381,#8382);
#8381 = CARTESIAN_POINT('',(-0.4,0.17,4.178184));
#8382 = VECTOR('',#8383,1.);
#8383 = DIRECTION('',(0.,-1.1E-16,1.));
#8384 = ORIENTED_EDGE('',*,*,#8385,.F.);
#8385 = EDGE_CURVE('',#8386,#8378,#8388,.T.);
#8386 = VERTEX_POINT('',#8387);
#8387 = CARTESIAN_POINT('',(-0.4,0.315161743407,3.809120378846));
#8388 = CIRCLE('',#8389,0.541740146256);
#8389 = AXIS2_PLACEMENT_3D('',#8390,#8391,#8392);
#8390 = CARTESIAN_POINT('',(-0.4,0.711740146256,4.178184));
#8391 = DIRECTION('',(-1.,0.,0.));
#8392 = DIRECTION('',(0.,-1.,0.));
#8393 = ORIENTED_EDGE('',*,*,#8394,.F.);
#8394 = EDGE_CURVE('',#8395,#8386,#8397,.T.);
#8395 = VERTEX_POINT('',#8396);
#8396 = CARTESIAN_POINT('',(-0.4,0.921981887876,3.157060002488));
#8397 = LINE('',#8398,#8399);
#8398 = CARTESIAN_POINT('',(-0.4,0.921981887876,3.157060002488));
#8399 = VECTOR('',#8400,1.);
#8400 = DIRECTION('',(0.,-0.681255808167,0.73204543837));
#8401 = ORIENTED_EDGE('',*,*,#8402,.F.);
#8402 = EDGE_CURVE('',#7762,#8395,#8403,.T.);
#8403 = CIRCLE('',#8404,0.43);
#8404 = AXIS2_PLACEMENT_3D('',#8405,#8406,#8407);
#8405 = CARTESIAN_POINT('',(-0.4,1.236761426375,3.45));
#8406 = DIRECTION('',(-1.,0.,0.));
#8407 = DIRECTION('',(0.,-1.,0.));
#8408 = PLANE('',#8409);
#8409 = AXIS2_PLACEMENT_3D('',#8410,#8411,#8412);
#8410 = CARTESIAN_POINT('',(-0.4,1.332356653177,5.661145307804));
#8411 = DIRECTION('',(-1.,0.,0.));
#8412 = DIRECTION('',(0.,0.,1.));
#8413 = ADVANCED_FACE('',(#8414),#8435,.T.);
#8414 = FACE_BOUND('',#8415,.T.);
#8415 = EDGE_LOOP('',(#8416,#8425,#8431,#8432,#8433,#8434));
#8416 = ORIENTED_EDGE('',*,*,#8417,.T.);
#8417 = EDGE_CURVE('',#8056,#8418,#8420,.T.);
#8418 = VERTEX_POINT('',#8419);
#8419 = CARTESIAN_POINT('',(0.4,0.921981887876,3.157060002488));
#8420 = CIRCLE('',#8421,0.43);
#8421 = AXIS2_PLACEMENT_3D('',#8422,#8423,#8424);
#8422 = CARTESIAN_POINT('',(0.4,1.236761426375,3.45));
#8423 = DIRECTION('',(-1.,0.,0.));
#8424 = DIRECTION('',(0.,-1.,0.));
#8425 = ORIENTED_EDGE('',*,*,#8426,.T.);
#8426 = EDGE_CURVE('',#8418,#8395,#8427,.T.);
#8427 = LINE('',#8428,#8429);
#8428 = CARTESIAN_POINT('',(0.4,0.921981887876,3.157060002488));
#8429 = VECTOR('',#8430,1.);
#8430 = DIRECTION('',(-1.,0.,0.));
#8431 = ORIENTED_EDGE('',*,*,#8402,.F.);
#8432 = ORIENTED_EDGE('',*,*,#7761,.F.);
#8433 = ORIENTED_EDGE('',*,*,#7984,.F.);
#8434 = ORIENTED_EDGE('',*,*,#8063,.F.);
#8435 = CYLINDRICAL_SURFACE('',#8436,0.43);
#8436 = AXIS2_PLACEMENT_3D('',#8437,#8438,#8439);
#8437 = CARTESIAN_POINT('',(0.4,1.236761426375,3.45));
#8438 = DIRECTION('',(1.,0.,-0.));
#8439 = DIRECTION('',(0.,-1.,0.));
#8440 = ADVANCED_FACE('',(#8441),#8521,.F.);
#8441 = FACE_BOUND('',#8442,.T.);
#8442 = EDGE_LOOP('',(#8443,#8444,#8445,#8446,#8454,#8463,#8471,#8480,
    #8488,#8497,#8505,#8514,#8520));
#8443 = ORIENTED_EDGE('',*,*,#8055,.T.);
#8444 = ORIENTED_EDGE('',*,*,#7801,.T.);
#8445 = ORIENTED_EDGE('',*,*,#8145,.T.);
#8446 = ORIENTED_EDGE('',*,*,#8447,.T.);
#8447 = EDGE_CURVE('',#8146,#8448,#8450,.T.);
#8448 = VERTEX_POINT('',#8449);
#8449 = CARTESIAN_POINT('',(0.4,0.507864340432,3.988453186061));
#8450 = LINE('',#8451,#8452);
#8451 = CARTESIAN_POINT('',(0.4,1.114684484901,3.336392809704));
#8452 = VECTOR('',#8453,1.);
#8453 = DIRECTION('',(0.,-0.681255808167,0.73204543837));
#8454 = ORIENTED_EDGE('',*,*,#8455,.T.);
#8455 = EDGE_CURVE('',#8448,#8456,#8458,.T.);
#8456 = VERTEX_POINT('',#8457);
#8457 = CARTESIAN_POINT('',(0.4,0.433238573625,4.178184));
#8458 = CIRCLE('',#8459,0.278501572631);
#8459 = AXIS2_PLACEMENT_3D('',#8460,#8461,#8462);
#8460 = CARTESIAN_POINT('',(0.4,0.711740146256,4.178184));
#8461 = DIRECTION('',(-1.,0.,0.));
#8462 = DIRECTION('',(0.,-1.,0.));
#8463 = ORIENTED_EDGE('',*,*,#8464,.T.);
#8464 = EDGE_CURVE('',#8456,#8465,#8467,.T.);
#8465 = VERTEX_POINT('',#8466);
#8466 = CARTESIAN_POINT('',(0.4,0.433238573625,4.685074494728));
#8467 = LINE('',#8468,#8469);
#8468 = CARTESIAN_POINT('',(0.4,0.433238573625,4.178184));
#8469 = VECTOR('',#8470,1.);
#8470 = DIRECTION('',(0.,0.,1.));
#8471 = ORIENTED_EDGE('',*,*,#8472,.T.);
#8472 = EDGE_CURVE('',#8465,#8473,#8475,.T.);
#8473 = VERTEX_POINT('',#8474);
#8474 = CARTESIAN_POINT('',(0.4,0.575234225212,4.952153180724));
#8475 = CIRCLE('',#8476,0.332497);
#8476 = AXIS2_PLACEMENT_3D('',#8477,#8478,#8479);
#8477 = CARTESIAN_POINT('',(0.4,0.765690642056,4.679608490276));
#8478 = DIRECTION('',(-1.,0.,0.));
#8479 = DIRECTION('',(0.,-1.,0.));
#8480 = ORIENTED_EDGE('',*,*,#8481,.F.);
#8481 = EDGE_CURVE('',#8482,#8473,#8484,.T.);
#8482 = VERTEX_POINT('',#8483);
#8483 = CARTESIAN_POINT('',(0.4,0.424460852439,5.167911110498));
#8484 = LINE('',#8485,#8486);
#8485 = CARTESIAN_POINT('',(0.4,0.424460852439,5.167911110498));
#8486 = VECTOR('',#8487,1.);
#8487 = DIRECTION('',(-0.,0.572806421845,-0.819690675251));
#8488 = ORIENTED_EDGE('',*,*,#8489,.F.);
#8489 = EDGE_CURVE('',#8490,#8482,#8492,.T.);
#8490 = VERTEX_POINT('',#8491);
#8491 = CARTESIAN_POINT('',(0.4,0.17,4.685074494728));
#8492 = CIRCLE('',#8493,0.595715719314);
#8493 = AXIS2_PLACEMENT_3D('',#8494,#8495,#8496);
#8494 = CARTESIAN_POINT('',(0.4,0.765690642056,4.679608490276));
#8495 = DIRECTION('',(-1.,0.,0.));
#8496 = DIRECTION('',(0.,-1.,0.));
#8497 = ORIENTED_EDGE('',*,*,#8498,.F.);
#8498 = EDGE_CURVE('',#8499,#8490,#8501,.T.);
#8499 = VERTEX_POINT('',#8500);
#8500 = CARTESIAN_POINT('',(0.4,0.17,4.178184));
#8501 = LINE('',#8502,#8503);
#8502 = CARTESIAN_POINT('',(0.4,0.17,4.178184));
#8503 = VECTOR('',#8504,1.);
#8504 = DIRECTION('',(0.,-1.1E-16,1.));
#8505 = ORIENTED_EDGE('',*,*,#8506,.F.);
#8506 = EDGE_CURVE('',#8507,#8499,#8509,.T.);
#8507 = VERTEX_POINT('',#8508);
#8508 = CARTESIAN_POINT('',(0.4,0.315161743407,3.809120378846));
#8509 = CIRCLE('',#8510,0.541740146256);
#8510 = AXIS2_PLACEMENT_3D('',#8511,#8512,#8513);
#8511 = CARTESIAN_POINT('',(0.4,0.711740146256,4.178184));
#8512 = DIRECTION('',(-1.,0.,0.));
#8513 = DIRECTION('',(0.,-1.,0.));
#8514 = ORIENTED_EDGE('',*,*,#8515,.F.);
#8515 = EDGE_CURVE('',#8418,#8507,#8516,.T.);
#8516 = LINE('',#8517,#8518);
#8517 = CARTESIAN_POINT('',(0.4,0.921981887876,3.157060002488));
#8518 = VECTOR('',#8519,1.);
#8519 = DIRECTION('',(0.,-0.681255808167,0.73204543837));
#8520 = ORIENTED_EDGE('',*,*,#8417,.F.);
#8521 = PLANE('',#8522);
#8522 = AXIS2_PLACEMENT_3D('',#8523,#8524,#8525);
#8523 = CARTESIAN_POINT('',(0.4,1.332356653177,5.661145307804));
#8524 = DIRECTION('',(-1.,0.,0.));
#8525 = DIRECTION('',(0.,0.,1.));
#8526 = ADVANCED_FACE('',(#8527),#8535,.T.);
#8527 = FACE_BOUND('',#8528,.T.);
#8528 = EDGE_LOOP('',(#8529,#8530,#8531,#8532,#8533,#8534));
#8529 = ORIENTED_EDGE('',*,*,#8080,.T.);
#8530 = ORIENTED_EDGE('',*,*,#7991,.T.);
#8531 = ORIENTED_EDGE('',*,*,#7968,.T.);
#8532 = ORIENTED_EDGE('',*,*,#7936,.T.);
#8533 = ORIENTED_EDGE('',*,*,#8038,.F.);
#8534 = ORIENTED_EDGE('',*,*,#8006,.F.);
#8535 = PLANE('',#8536);
#8536 = AXIS2_PLACEMENT_3D('',#8537,#8538,#8539);
#8537 = CARTESIAN_POINT('',(0.4,1.666761426375,3.732514167383));
#8538 = DIRECTION('',(-0.,0.8939086498,-0.448249178262));
#8539 = DIRECTION('',(0.,0.448249178262,0.8939086498));
#8540 = ADVANCED_FACE('',(#8541),#8552,.T.);
#8541 = FACE_BOUND('',#8542,.T.);
#8542 = EDGE_LOOP('',(#8543,#8544,#8545,#8551));
#8543 = ORIENTED_EDGE('',*,*,#8154,.T.);
#8544 = ORIENTED_EDGE('',*,*,#8326,.T.);
#8545 = ORIENTED_EDGE('',*,*,#8546,.F.);
#8546 = EDGE_CURVE('',#8448,#8327,#8547,.T.);
#8547 = LINE('',#8548,#8549);
#8548 = CARTESIAN_POINT('',(0.4,0.507864340432,3.988453186061));
#8549 = VECTOR('',#8550,1.);
#8550 = DIRECTION('',(-1.,0.,0.));
#8551 = ORIENTED_EDGE('',*,*,#8447,.F.);
#8552 = PLANE('',#8553);
#8553 = AXIS2_PLACEMENT_3D('',#8554,#8555,#8556);
#8554 = CARTESIAN_POINT('',(0.4,1.114684484901,3.336392809704));
#8555 = DIRECTION('',(0.,0.73204543837,0.681255808167));
#8556 = DIRECTION('',(0.,-0.681255808167,0.73204543837));
#8557 = ADVANCED_FACE('',(#8558),#8569,.F.);
#8558 = FACE_BOUND('',#8559,.F.);
#8559 = EDGE_LOOP('',(#8560,#8561,#8567,#8568));
#8560 = ORIENTED_EDGE('',*,*,#8455,.T.);
#8561 = ORIENTED_EDGE('',*,*,#8562,.T.);
#8562 = EDGE_CURVE('',#8456,#8335,#8563,.T.);
#8563 = LINE('',#8564,#8565);
#8564 = CARTESIAN_POINT('',(0.4,0.433238573625,4.178184));
#8565 = VECTOR('',#8566,1.);
#8566 = DIRECTION('',(-1.,0.,0.));
#8567 = ORIENTED_EDGE('',*,*,#8334,.F.);
#8568 = ORIENTED_EDGE('',*,*,#8546,.F.);
#8569 = CYLINDRICAL_SURFACE('',#8570,0.278501572631);
#8570 = AXIS2_PLACEMENT_3D('',#8571,#8572,#8573);
#8571 = CARTESIAN_POINT('',(0.4,0.711740146256,4.178184));
#8572 = DIRECTION('',(1.,0.,-0.));
#8573 = DIRECTION('',(0.,-1.,0.));
#8574 = ADVANCED_FACE('',(#8575),#8586,.T.);
#8575 = FACE_BOUND('',#8576,.T.);
#8576 = EDGE_LOOP('',(#8577,#8578,#8579,#8585));
#8577 = ORIENTED_EDGE('',*,*,#8562,.T.);
#8578 = ORIENTED_EDGE('',*,*,#8343,.T.);
#8579 = ORIENTED_EDGE('',*,*,#8580,.F.);
#8580 = EDGE_CURVE('',#8465,#8344,#8581,.T.);
#8581 = LINE('',#8582,#8583);
#8582 = CARTESIAN_POINT('',(0.4,0.433238573625,4.685074494728));
#8583 = VECTOR('',#8584,1.);
#8584 = DIRECTION('',(-1.,0.,0.));
#8585 = ORIENTED_EDGE('',*,*,#8464,.F.);
#8586 = PLANE('',#8587);
#8587 = AXIS2_PLACEMENT_3D('',#8588,#8589,#8590);
#8588 = CARTESIAN_POINT('',(0.4,0.433238573625,4.178184));
#8589 = DIRECTION('',(0.,1.,0.));
#8590 = DIRECTION('',(0.,-0.,1.));
#8591 = ADVANCED_FACE('',(#8592),#8603,.F.);
#8592 = FACE_BOUND('',#8593,.F.);
#8593 = EDGE_LOOP('',(#8594,#8595,#8601,#8602));
#8594 = ORIENTED_EDGE('',*,*,#8472,.T.);
#8595 = ORIENTED_EDGE('',*,*,#8596,.T.);
#8596 = EDGE_CURVE('',#8473,#8352,#8597,.T.);
#8597 = LINE('',#8598,#8599);
#8598 = CARTESIAN_POINT('',(0.4,0.575234225212,4.952153180724));
#8599 = VECTOR('',#8600,1.);
#8600 = DIRECTION('',(-1.,0.,0.));
#8601 = ORIENTED_EDGE('',*,*,#8351,.F.);
#8602 = ORIENTED_EDGE('',*,*,#8580,.F.);
#8603 = CYLINDRICAL_SURFACE('',#8604,0.332497);
#8604 = AXIS2_PLACEMENT_3D('',#8605,#8606,#8607);
#8605 = CARTESIAN_POINT('',(0.4,0.765690642056,4.679608490276));
#8606 = DIRECTION('',(1.,0.,-0.));
#8607 = DIRECTION('',(0.,-1.,0.));
#8608 = ADVANCED_FACE('',(#8609),#8620,.F.);
#8609 = FACE_BOUND('',#8610,.F.);
#8610 = EDGE_LOOP('',(#8611,#8617,#8618,#8619));
#8611 = ORIENTED_EDGE('',*,*,#8612,.T.);
#8612 = EDGE_CURVE('',#8482,#8361,#8613,.T.);
#8613 = LINE('',#8614,#8615);
#8614 = CARTESIAN_POINT('',(0.4,0.424460852439,5.167911110498));
#8615 = VECTOR('',#8616,1.);
#8616 = DIRECTION('',(-1.,0.,0.));
#8617 = ORIENTED_EDGE('',*,*,#8360,.T.);
#8618 = ORIENTED_EDGE('',*,*,#8596,.F.);
#8619 = ORIENTED_EDGE('',*,*,#8481,.F.);
#8620 = PLANE('',#8621);
#8621 = AXIS2_PLACEMENT_3D('',#8622,#8623,#8624);
#8622 = CARTESIAN_POINT('',(0.4,0.424460852439,5.167911110498));
#8623 = DIRECTION('',(0.,-0.819690675251,-0.572806421845));
#8624 = DIRECTION('',(-0.,0.572806421845,-0.819690675251));
#8625 = ADVANCED_FACE('',(#8626),#8637,.T.);
#8626 = FACE_BOUND('',#8627,.T.);
#8627 = EDGE_LOOP('',(#8628,#8629,#8630,#8631));
#8628 = ORIENTED_EDGE('',*,*,#8489,.T.);
#8629 = ORIENTED_EDGE('',*,*,#8612,.T.);
#8630 = ORIENTED_EDGE('',*,*,#8368,.F.);
#8631 = ORIENTED_EDGE('',*,*,#8632,.F.);
#8632 = EDGE_CURVE('',#8490,#8369,#8633,.T.);
#8633 = LINE('',#8634,#8635);
#8634 = CARTESIAN_POINT('',(0.4,0.17,4.685074494728));
#8635 = VECTOR('',#8636,1.);
#8636 = DIRECTION('',(-1.,0.,0.));
#8637 = CYLINDRICAL_SURFACE('',#8638,0.595715719314);
#8638 = AXIS2_PLACEMENT_3D('',#8639,#8640,#8641);
#8639 = CARTESIAN_POINT('',(0.4,0.765690642056,4.679608490276));
#8640 = DIRECTION('',(1.,0.,-0.));
#8641 = DIRECTION('',(0.,-1.,0.));
#8642 = ADVANCED_FACE('',(#8643),#8654,.F.);
#8643 = FACE_BOUND('',#8644,.F.);
#8644 = EDGE_LOOP('',(#8645,#8651,#8652,#8653));
#8645 = ORIENTED_EDGE('',*,*,#8646,.T.);
#8646 = EDGE_CURVE('',#8499,#8378,#8647,.T.);
#8647 = LINE('',#8648,#8649);
#8648 = CARTESIAN_POINT('',(0.4,0.17,4.178184));
#8649 = VECTOR('',#8650,1.);
#8650 = DIRECTION('',(-1.,0.,0.));
#8651 = ORIENTED_EDGE('',*,*,#8377,.T.);
#8652 = ORIENTED_EDGE('',*,*,#8632,.F.);
#8653 = ORIENTED_EDGE('',*,*,#8498,.F.);
#8654 = PLANE('',#8655);
#8655 = AXIS2_PLACEMENT_3D('',#8656,#8657,#8658);
#8656 = CARTESIAN_POINT('',(0.4,0.17,4.178184));
#8657 = DIRECTION('',(0.,1.,1.1E-16));
#8658 = DIRECTION('',(0.,-1.1E-16,1.));
#8659 = ADVANCED_FACE('',(#8660),#8671,.T.);
#8660 = FACE_BOUND('',#8661,.T.);
#8661 = EDGE_LOOP('',(#8662,#8663,#8664,#8665));
#8662 = ORIENTED_EDGE('',*,*,#8506,.T.);
#8663 = ORIENTED_EDGE('',*,*,#8646,.T.);
#8664 = ORIENTED_EDGE('',*,*,#8385,.F.);
#8665 = ORIENTED_EDGE('',*,*,#8666,.F.);
#8666 = EDGE_CURVE('',#8507,#8386,#8667,.T.);
#8667 = LINE('',#8668,#8669);
#8668 = CARTESIAN_POINT('',(0.4,0.315161743407,3.809120378846));
#8669 = VECTOR('',#8670,1.);
#8670 = DIRECTION('',(-1.,0.,0.));
#8671 = CYLINDRICAL_SURFACE('',#8672,0.541740146256);
#8672 = AXIS2_PLACEMENT_3D('',#8673,#8674,#8675);
#8673 = CARTESIAN_POINT('',(0.4,0.711740146256,4.178184));
#8674 = DIRECTION('',(1.,0.,-0.));
#8675 = DIRECTION('',(0.,-1.,0.));
#8676 = ADVANCED_FACE('',(#8677),#8683,.F.);
#8677 = FACE_BOUND('',#8678,.F.);
#8678 = EDGE_LOOP('',(#8679,#8680,#8681,#8682));
#8679 = ORIENTED_EDGE('',*,*,#8426,.T.);
#8680 = ORIENTED_EDGE('',*,*,#8394,.T.);
#8681 = ORIENTED_EDGE('',*,*,#8666,.F.);
#8682 = ORIENTED_EDGE('',*,*,#8515,.F.);
#8683 = PLANE('',#8684);
#8684 = AXIS2_PLACEMENT_3D('',#8685,#8686,#8687);
#8685 = CARTESIAN_POINT('',(0.4,0.921981887876,3.157060002488));
#8686 = DIRECTION('',(0.,0.73204543837,0.681255808167));
#8687 = DIRECTION('',(0.,-0.681255808167,0.73204543837));
#8688 = ( GEOMETRIC_REPRESENTATION_CONTEXT(3) 
GLOBAL_UNCERTAINTY_ASSIGNED_CONTEXT((#8692)) 
GLOBAL_UNIT_ASSIGNED_CONTEXT((#8689,#8690,#8691)) REPRESENTATION_CONTEXT
('Context #1','3D Context with UNIT and UNCERTAINTY') );
#8689 = ( LENGTH_UNIT() NAMED_UNIT(*) SI_UNIT(.MILLI.,.METRE.) );
#8690 = ( NAMED_UNIT(*) PLANE_ANGLE_UNIT() SI_UNIT($,.RADIAN.) );
#8691 = ( NAMED_UNIT(*) SI_UNIT($,.STERADIAN.) SOLID_ANGLE_UNIT() );
#8692 = UNCERTAINTY_MEASURE_WITH_UNIT(LENGTH_MEASURE(1.E-07),#8689,
  'distance_accuracy_value','confusion accuracy');
#8693 = CONTEXT_DEPENDENT_SHAPE_REPRESENTATION(#8694,#8696);
#8694 = ( REPRESENTATION_RELATIONSHIP('','',#7081,#7026) 
REPRESENTATION_RELATIONSHIP_WITH_TRANSFORMATION(#8695) 
SHAPE_REPRESENTATION_RELATIONSHIP() );
#8695 = ITEM_DEFINED_TRANSFORMATION('','',#11,#7027);
#8696 = PRODUCT_DEFINITION_SHAPE('Placement','Placement of an item',
  #8697);
#8697 = NEXT_ASSEMBLY_USAGE_OCCURRENCE('146','0','',#7021,#7076,$);
#8698 = PRODUCT_RELATED_PRODUCT_CATEGORY('part',$,(#7078));
#8699 = CONTEXT_DEPENDENT_SHAPE_REPRESENTATION(#8700,#8702);
#8700 = ( REPRESENTATION_RELATIONSHIP('','',#7081,#7026) 
REPRESENTATION_RELATIONSHIP_WITH_TRANSFORMATION(#8701) 
SHAPE_REPRESENTATION_RELATIONSHIP() );
#8701 = ITEM_DEFINED_TRANSFORMATION('','',#11,#7031);
#8702 = PRODUCT_DEFINITION_SHAPE('Placement','Placement of an item',
  #8703);
#8703 = NEXT_ASSEMBLY_USAGE_OCCURRENCE('147','1','',#7021,#7076,$);
#8704 = CONTEXT_DEPENDENT_SHAPE_REPRESENTATION(#8705,#8707);
#8705 = ( REPRESENTATION_RELATIONSHIP('','',#7081,#7026) 
REPRESENTATION_RELATIONSHIP_WITH_TRANSFORMATION(#8706) 
SHAPE_REPRESENTATION_RELATIONSHIP() );
#8706 = ITEM_DEFINED_TRANSFORMATION('','',#11,#7035);
#8707 = PRODUCT_DEFINITION_SHAPE('Placement','Placement of an item',
  #8708);
#8708 = NEXT_ASSEMBLY_USAGE_OCCURRENCE('148','2','',#7021,#7076,$);
#8709 = CONTEXT_DEPENDENT_SHAPE_REPRESENTATION(#8710,#8712);
#8710 = ( REPRESENTATION_RELATIONSHIP('','',#7081,#7026) 
REPRESENTATION_RELATIONSHIP_WITH_TRANSFORMATION(#8711) 
SHAPE_REPRESENTATION_RELATIONSHIP() );
#8711 = ITEM_DEFINED_TRANSFORMATION('','',#11,#7039);
#8712 = PRODUCT_DEFINITION_SHAPE('Placement','Placement of an item',
  #8713);
#8713 = NEXT_ASSEMBLY_USAGE_OCCURRENCE('149','3','',#7021,#7076,$);
#8714 = CONTEXT_DEPENDENT_SHAPE_REPRESENTATION(#8715,#8717);
#8715 = ( REPRESENTATION_RELATIONSHIP('','',#7081,#7026) 
REPRESENTATION_RELATIONSHIP_WITH_TRANSFORMATION(#8716) 
SHAPE_REPRESENTATION_RELATIONSHIP() );
#8716 = ITEM_DEFINED_TRANSFORMATION('','',#11,#7043);
#8717 = PRODUCT_DEFINITION_SHAPE('Placement','Placement of an item',
  #8718);
#8718 = NEXT_ASSEMBLY_USAGE_OCCURRENCE('150','4','',#7021,#7076,$);
#8719 = CONTEXT_DEPENDENT_SHAPE_REPRESENTATION(#8720,#8722);
#8720 = ( REPRESENTATION_RELATIONSHIP('','',#7081,#7026) 
REPRESENTATION_RELATIONSHIP_WITH_TRANSFORMATION(#8721) 
SHAPE_REPRESENTATION_RELATIONSHIP() );
#8721 = ITEM_DEFINED_TRANSFORMATION('','',#11,#7047);
#8722 = PRODUCT_DEFINITION_SHAPE('Placement','Placement of an item',
  #8723);
#8723 = NEXT_ASSEMBLY_USAGE_OCCURRENCE('151','5','',#7021,#7076,$);
#8724 = CONTEXT_DEPENDENT_SHAPE_REPRESENTATION(#8725,#8727);
#8725 = ( REPRESENTATION_RELATIONSHIP('','',#7081,#7026) 
REPRESENTATION_RELATIONSHIP_WITH_TRANSFORMATION(#8726) 
SHAPE_REPRESENTATION_RELATIONSHIP() );
#8726 = ITEM_DEFINED_TRANSFORMATION('','',#11,#7051);
#8727 = PRODUCT_DEFINITION_SHAPE('Placement','Placement of an item',
  #8728);
#8728 = NEXT_ASSEMBLY_USAGE_OCCURRENCE('152','6','',#7021,#7076,$);
#8729 = CONTEXT_DEPENDENT_SHAPE_REPRESENTATION(#8730,#8732);
#8730 = ( REPRESENTATION_RELATIONSHIP('','',#7081,#7026) 
REPRESENTATION_RELATIONSHIP_WITH_TRANSFORMATION(#8731) 
SHAPE_REPRESENTATION_RELATIONSHIP() );
#8731 = ITEM_DEFINED_TRANSFORMATION('','',#11,#7055);
#8732 = PRODUCT_DEFINITION_SHAPE('Placement','Placement of an item',
  #8733);
#8733 = NEXT_ASSEMBLY_USAGE_OCCURRENCE('153','7','',#7021,#7076,$);
#8734 = CONTEXT_DEPENDENT_SHAPE_REPRESENTATION(#8735,#8737);
#8735 = ( REPRESENTATION_RELATIONSHIP('','',#7081,#7026) 
REPRESENTATION_RELATIONSHIP_WITH_TRANSFORMATION(#8736) 
SHAPE_REPRESENTATION_RELATIONSHIP() );
#8736 = ITEM_DEFINED_TRANSFORMATION('','',#11,#7059);
#8737 = PRODUCT_DEFINITION_SHAPE('Placement','Placement of an item',
  #8738);
#8738 = NEXT_ASSEMBLY_USAGE_OCCURRENCE('154','8','',#7021,#7076,$);
#8739 = MECHANICAL_DESIGN_GEOMETRIC_PRESENTATION_REPRESENTATION('',(
    #8740),#7008);
#8740 = STYLED_ITEM('color',(#8741),#37);
#8741 = PRESENTATION_STYLE_ASSIGNMENT((#8742,#8748));
#8742 = SURFACE_STYLE_USAGE(.BOTH.,#8743);
#8743 = SURFACE_SIDE_STYLE('',(#8744));
#8744 = SURFACE_STYLE_FILL_AREA(#8745);
#8745 = FILL_AREA_STYLE('',(#8746));
#8746 = FILL_AREA_STYLE_COLOUR('',#8747);
#8747 = DRAUGHTING_PRE_DEFINED_COLOUR('white');
#8748 = CURVE_STYLE('',#8749,POSITIVE_LENGTH_MEASURE(0.1),#8750);
#8749 = DRAUGHTING_PRE_DEFINED_CURVE_FONT('continuous');
#8750 = COLOUR_RGB('',9.803921802644E-02,9.803921802644E-02,
  9.803921802644E-02);
#8751 = MECHANICAL_DESIGN_GEOMETRIC_PRESENTATION_REPRESENTATION('',(
    #8752),#8688);
#8752 = STYLED_ITEM('color',(#8753),#7082);
#8753 = PRESENTATION_STYLE_ASSIGNMENT((#8754,#8760));
#8754 = SURFACE_STYLE_USAGE(.BOTH.,#8755);
#8755 = SURFACE_SIDE_STYLE('',(#8756));
#8756 = SURFACE_STYLE_FILL_AREA(#8757);
#8757 = FILL_AREA_STYLE('',(#8758));
#8758 = FILL_AREA_STYLE_COLOUR('',#8759);
#8759 = COLOUR_RGB('',0.399999997426,0.274509816483,0.);
#8760 = CURVE_STYLE('',#8761,POSITIVE_LENGTH_MEASURE(0.1),#8750);
#8761 = DRAUGHTING_PRE_DEFINED_CURVE_FONT('continuous');
ENDSEC;
END-ISO-10303-21;
