ISO-10303-21;
HEADER;
FILE_DESCRIPTION(('FreeCAD Model'),'2;1');
FILE_NAME('Open CASCADE Shape Model','2026-06-29T21:20:01',(''),(''),
  'Open CASCADE STEP processor 7.8','FreeCAD','Unknown');
FILE_SCHEMA(('AUTOMOTIVE_DESIGN { 1 0 10303 214 1 1 1 1 }'));
ENDSEC;
DATA;
#1 = APPLICATION_PROTOCOL_DEFINITION('international standard',
  'automotive_design',2000,#2);
#2 = APPLICATION_CONTEXT(
  'core data for automotive mechanical design processes');
#3 = SHAPE_DEFINITION_REPRESENTATION(#4,#10);
#4 = PRODUCT_DEFINITION_SHAPE('','',#5);
#5 = PRODUCT_DEFINITION('design','',#6,#9);
#6 = PRODUCT_DEFINITION_FORMATION('','',#7);
#7 = PRODUCT('XH_housing','XH_housing','',(#8));
#8 = PRODUCT_CONTEXT('',#2,'mechanical');
#9 = PRODUCT_DEFINITION_CONTEXT('part definition',#2,'design');
#10 = SHAPE_REPRESENTATION('',(#11,#15,#19),#23);
#11 = AXIS2_PLACEMENT_3D('',#12,#13,#14);
#12 = CARTESIAN_POINT('',(0.,0.,0.));
#13 = DIRECTION('',(0.,0.,1.));
#14 = DIRECTION('',(1.,0.,-0.));
#15 = AXIS2_PLACEMENT_3D('',#16,#17,#18);
#16 = CARTESIAN_POINT('',(15.,0.,0.));
#17 = DIRECTION('',(0.,0.,1.));
#18 = DIRECTION('',(-1.,1.224646799147E-16,0.));
#19 = AXIS2_PLACEMENT_3D('',#20,#21,#22);
#20 = CARTESIAN_POINT('',(0.,0.,0.));
#21 = DIRECTION('',(0.,0.,1.));
#22 = DIRECTION('',(1.,0.,0.));
#23 = ( GEOMETRIC_REPRESENTATION_CONTEXT(3) 
GLOBAL_UNCERTAINTY_ASSIGNED_CONTEXT((#27)) GLOBAL_UNIT_ASSIGNED_CONTEXT(
(#24,#25,#26)) REPRESENTATION_CONTEXT('Context #1',
  '3D Context with UNIT and UNCERTAINTY') );
#24 = ( LENGTH_UNIT() NAMED_UNIT(*) SI_UNIT(.MILLI.,.METRE.) );
#25 = ( NAMED_UNIT(*) PLANE_ANGLE_UNIT() SI_UNIT($,.RADIAN.) );
#26 = ( NAMED_UNIT(*) SI_UNIT($,.STERADIAN.) SOLID_ANGLE_UNIT() );
#27 = UNCERTAINTY_MEASURE_WITH_UNIT(LENGTH_MEASURE(5.E-07),#24,
  'distance_accuracy_value','confusion accuracy');
#28 = PRODUCT_RELATED_PRODUCT_CATEGORY('part',$,(#7));
#29 = SHAPE_DEFINITION_REPRESENTATION(#30,#36);
#30 = PRODUCT_DEFINITION_SHAPE('','',#31);
#31 = PRODUCT_DEFINITION('design','',#32,#35);
#32 = PRODUCT_DEFINITION_FORMATION('','',#33);
#33 = PRODUCT('Housing','Housing','',(#34));
#34 = PRODUCT_CONTEXT('',#2,'mechanical');
#35 = PRODUCT_DEFINITION_CONTEXT('part definition',#2,'design');
#36 = ADVANCED_BREP_SHAPE_REPRESENTATION('',(#11,#37),#5692);
#37 = MANIFOLD_SOLID_BREP('',#38);
#38 = CLOSED_SHELL('',(#39,#95,#126,#704,#728,#784,#840,#923,#940,#1106,
    #1130,#1234,#1251,#1276,#1300,#1325,#1349,#1374,#1398,#1422,#1446,
    #1470,#1488,#1535,#1559,#1583,#1607,#1631,#1655,#1679,#1712,#1759,
    #1783,#1807,#1831,#1855,#1879,#1903,#1936,#1983,#2007,#2031,#2055,
    #2079,#2103,#2127,#2160,#2207,#2231,#2255,#2279,#2303,#2327,#2351,
    #2384,#2431,#2455,#2479,#2503,#2527,#2551,#2575,#2608,#2655,#2679,
    #2703,#2727,#2751,#2775,#2799,#2832,#2849,#2866,#2883,#2902,#2951,
    #3192,#3209,#3226,#3243,#3416,#3447,#3471,#3495,#3512,#3545,#3571,
    #3805,#3824,#3841,#3858,#3875,#3892,#3909,#3926,#3943,#3960,#3977,
    #3994,#4006,#4032,#4074,#4136,#4171,#4197,#4239,#4301,#4336,#4362,
    #4404,#4466,#4501,#4527,#4569,#4631,#4666,#4692,#4734,#4796,#4831,
    #4857,#4899,#4961,#4996,#5013,#5030,#5047,#5064,#5081,#5098,#5110,
    #5132,#5149,#5166,#5178,#5200,#5217,#5234,#5246,#5268,#5285,#5302,
    #5314,#5336,#5353,#5370,#5382,#5404,#5421,#5438,#5450,#5472,#5489,
    #5506,#5518,#5535,#5547,#5564,#5576,#5593,#5605,#5622,#5634,#5651,
    #5663,#5680));
#39 = ADVANCED_FACE('',(#40),#90,.F.);
#40 = FACE_BOUND('',#41,.F.);
#41 = EDGE_LOOP('',(#42,#52,#60,#68,#76,#84));
#42 = ORIENTED_EDGE('',*,*,#43,.F.);
#43 = EDGE_CURVE('',#44,#46,#48,.T.);
#44 = VERTEX_POINT('',#45);
#45 = CARTESIAN_POINT('',(16.05,1.52,3.45));
#46 = VERTEX_POINT('',#47);
#47 = CARTESIAN_POINT('',(16.05,1.52,9.8));
#48 = LINE('',#49,#50);
#49 = CARTESIAN_POINT('',(16.05,1.52,3.45));
#50 = VECTOR('',#51,1.);
#51 = DIRECTION('',(0.,0.,1.));
#52 = ORIENTED_EDGE('',*,*,#53,.T.);
#53 = EDGE_CURVE('',#44,#54,#56,.T.);
#54 = VERTEX_POINT('',#55);
#55 = CARTESIAN_POINT('',(15.6,1.52,3.45));
#56 = LINE('',#57,#58);
#57 = CARTESIAN_POINT('',(16.05,1.52,3.45));
#58 = VECTOR('',#59,1.);
#59 = DIRECTION('',(-1.,-0.,-0.));
#60 = ORIENTED_EDGE('',*,*,#61,.F.);
#61 = EDGE_CURVE('',#62,#54,#64,.T.);
#62 = VERTEX_POINT('',#63);
#63 = CARTESIAN_POINT('',(15.6,1.52,5.25));
#64 = LINE('',#65,#66);
#65 = CARTESIAN_POINT('',(15.6,1.52,5.25));
#66 = VECTOR('',#67,1.);
#67 = DIRECTION('',(0.,1.233581138472E-16,-1.));
#68 = ORIENTED_EDGE('',*,*,#69,.T.);
#69 = EDGE_CURVE('',#62,#70,#72,.T.);
#70 = VERTEX_POINT('',#71);
#71 = CARTESIAN_POINT('',(15.5,1.52,5.25));
#72 = LINE('',#73,#74);
#73 = CARTESIAN_POINT('',(15.6,1.52,5.25));
#74 = VECTOR('',#75,1.);
#75 = DIRECTION('',(-1.,-0.,-0.));
#76 = ORIENTED_EDGE('',*,*,#77,.F.);
#77 = EDGE_CURVE('',#78,#70,#80,.T.);
#78 = VERTEX_POINT('',#79);
#79 = CARTESIAN_POINT('',(15.5,1.52,9.8));
#80 = LINE('',#81,#82);
#81 = CARTESIAN_POINT('',(15.5,1.52,9.8));
#82 = VECTOR('',#83,1.);
#83 = DIRECTION('',(0.,0.,-1.));
#84 = ORIENTED_EDGE('',*,*,#85,.F.);
#85 = EDGE_CURVE('',#46,#78,#86,.T.);
#86 = LINE('',#87,#88);
#87 = CARTESIAN_POINT('',(16.05,1.52,9.8));
#88 = VECTOR('',#89,1.);
#89 = DIRECTION('',(-1.,-0.,-0.));
#90 = PLANE('',#91);
#91 = AXIS2_PLACEMENT_3D('',#92,#93,#94);
#92 = CARTESIAN_POINT('',(16.05,1.52,3.45));
#93 = DIRECTION('',(0.,1.,0.));
#94 = DIRECTION('',(0.,0.,1.));
#95 = ADVANCED_FACE('',(#96),#121,.F.);
#96 = FACE_BOUND('',#97,.F.);
#97 = EDGE_LOOP('',(#98,#106,#107,#115));
#98 = ORIENTED_EDGE('',*,*,#99,.T.);
#99 = EDGE_CURVE('',#100,#44,#102,.T.);
#100 = VERTEX_POINT('',#101);
#101 = CARTESIAN_POINT('',(16.05,-0.98,3.45));
#102 = LINE('',#103,#104);
#103 = CARTESIAN_POINT('',(16.05,-0.98,3.45));
#104 = VECTOR('',#105,1.);
#105 = DIRECTION('',(0.,1.,0.));
#106 = ORIENTED_EDGE('',*,*,#43,.T.);
#107 = ORIENTED_EDGE('',*,*,#108,.T.);
#108 = EDGE_CURVE('',#46,#109,#111,.T.);
#109 = VERTEX_POINT('',#110);
#110 = CARTESIAN_POINT('',(16.05,-0.98,9.8));
#111 = LINE('',#112,#113);
#112 = CARTESIAN_POINT('',(16.05,1.52,9.8));
#113 = VECTOR('',#114,1.);
#114 = DIRECTION('',(0.,-1.,0.));
#115 = ORIENTED_EDGE('',*,*,#116,.T.);
#116 = EDGE_CURVE('',#109,#100,#117,.T.);
#117 = LINE('',#118,#119);
#118 = CARTESIAN_POINT('',(16.05,-0.98,9.8));
#119 = VECTOR('',#120,1.);
#120 = DIRECTION('',(0.,0.,-1.));
#121 = PLANE('',#122);
#122 = AXIS2_PLACEMENT_3D('',#123,#124,#125);
#123 = CARTESIAN_POINT('',(16.05,0.27,6.625));
#124 = DIRECTION('',(1.,0.,0.));
#125 = DIRECTION('',(0.,0.,1.));
#126 = ADVANCED_FACE('',(#127,#253,#319,#385,#451,#517,#583,#649),#699,
  .T.);
#127 = FACE_BOUND('',#128,.T.);
#128 = EDGE_LOOP('',(#129,#139,#148,#156,#164,#172,#180,#189,#197,#206,
    #214,#223,#231,#239,#247));
#129 = ORIENTED_EDGE('',*,*,#130,.F.);
#130 = EDGE_CURVE('',#131,#133,#135,.T.);
#131 = VERTEX_POINT('',#132);
#132 = CARTESIAN_POINT('',(17.1,-1.53,9.8));
#133 = VERTEX_POINT('',#134);
#134 = CARTESIAN_POINT('',(14.95,-1.53,9.8));
#135 = LINE('',#136,#137);
#136 = CARTESIAN_POINT('',(-1.6,-1.53,9.8));
#137 = VECTOR('',#138,1.);
#138 = DIRECTION('',(-1.,0.,0.));
#139 = ORIENTED_EDGE('',*,*,#140,.T.);
#140 = EDGE_CURVE('',#131,#141,#143,.T.);
#141 = VERTEX_POINT('',#142);
#142 = CARTESIAN_POINT('',(17.4,-1.23,9.8));
#143 = CIRCLE('',#144,0.3);
#144 = AXIS2_PLACEMENT_3D('',#145,#146,#147);
#145 = CARTESIAN_POINT('',(17.1,-1.23,9.8));
#146 = DIRECTION('',(0.,0.,1.));
#147 = DIRECTION('',(1.,0.,0.));
#148 = ORIENTED_EDGE('',*,*,#149,.F.);
#149 = EDGE_CURVE('',#150,#141,#152,.T.);
#150 = VERTEX_POINT('',#151);
#151 = CARTESIAN_POINT('',(17.4,0.3375,9.8));
#152 = LINE('',#153,#154);
#153 = CARTESIAN_POINT('',(17.4,3.07,9.8));
#154 = VECTOR('',#155,1.);
#155 = DIRECTION('',(0.,-1.,0.));
#156 = ORIENTED_EDGE('',*,*,#157,.T.);
#157 = EDGE_CURVE('',#150,#158,#160,.T.);
#158 = VERTEX_POINT('',#159);
#159 = CARTESIAN_POINT('',(16.65,0.9,9.8));
#160 = LINE('',#161,#162);
#161 = CARTESIAN_POINT('',(17.45,0.3,9.8));
#162 = VECTOR('',#163,1.);
#163 = DIRECTION('',(-0.8,0.6,0.));
#164 = ORIENTED_EDGE('',*,*,#165,.T.);
#165 = EDGE_CURVE('',#158,#166,#168,.T.);
#166 = VERTEX_POINT('',#167);
#167 = CARTESIAN_POINT('',(17.4,1.4625,9.8));
#168 = LINE('',#169,#170);
#169 = CARTESIAN_POINT('',(16.65,0.9,9.8));
#170 = VECTOR('',#171,1.);
#171 = DIRECTION('',(0.8,0.6,0.));
#172 = ORIENTED_EDGE('',*,*,#173,.F.);
#173 = EDGE_CURVE('',#174,#166,#176,.T.);
#174 = VERTEX_POINT('',#175);
#175 = CARTESIAN_POINT('',(17.4,3.07,9.8));
#176 = LINE('',#177,#178);
#177 = CARTESIAN_POINT('',(17.4,3.07,9.8));
#178 = VECTOR('',#179,1.);
#179 = DIRECTION('',(0.,-1.,0.));
#180 = ORIENTED_EDGE('',*,*,#181,.T.);
#181 = EDGE_CURVE('',#174,#182,#184,.T.);
#182 = VERTEX_POINT('',#183);
#183 = CARTESIAN_POINT('',(17.1,3.37,9.8));
#184 = CIRCLE('',#185,0.3);
#185 = AXIS2_PLACEMENT_3D('',#186,#187,#188);
#186 = CARTESIAN_POINT('',(17.1,3.07,9.8));
#187 = DIRECTION('',(0.,0.,1.));
#188 = DIRECTION('',(1.,0.,0.));
#189 = ORIENTED_EDGE('',*,*,#190,.F.);
#190 = EDGE_CURVE('',#191,#182,#193,.T.);
#191 = VERTEX_POINT('',#192);
#192 = CARTESIAN_POINT('',(-2.1,3.37,9.8));
#193 = LINE('',#194,#195);
#194 = CARTESIAN_POINT('',(-2.1,3.37,9.8));
#195 = VECTOR('',#196,1.);
#196 = DIRECTION('',(1.,0.,0.));
#197 = ORIENTED_EDGE('',*,*,#198,.T.);
#198 = EDGE_CURVE('',#191,#199,#201,.T.);
#199 = VERTEX_POINT('',#200);
#200 = CARTESIAN_POINT('',(-2.4,3.07,9.8));
#201 = CIRCLE('',#202,0.3);
#202 = AXIS2_PLACEMENT_3D('',#203,#204,#205);
#203 = CARTESIAN_POINT('',(-2.1,3.07,9.8));
#204 = DIRECTION('',(0.,0.,1.));
#205 = DIRECTION('',(1.,0.,0.));
#206 = ORIENTED_EDGE('',*,*,#207,.F.);
#207 = EDGE_CURVE('',#208,#199,#210,.T.);
#208 = VERTEX_POINT('',#209);
#209 = CARTESIAN_POINT('',(-2.4,-1.23,9.8));
#210 = LINE('',#211,#212);
#211 = CARTESIAN_POINT('',(-2.4,-1.23,9.8));
#212 = VECTOR('',#213,1.);
#213 = DIRECTION('',(0.,1.,0.));
#214 = ORIENTED_EDGE('',*,*,#215,.T.);
#215 = EDGE_CURVE('',#208,#216,#218,.T.);
#216 = VERTEX_POINT('',#217);
#217 = CARTESIAN_POINT('',(-2.1,-1.53,9.8));
#218 = CIRCLE('',#219,0.3);
#219 = AXIS2_PLACEMENT_3D('',#220,#221,#222);
#220 = CARTESIAN_POINT('',(-2.1,-1.23,9.8));
#221 = DIRECTION('',(0.,0.,1.));
#222 = DIRECTION('',(1.,0.,0.));
#223 = ORIENTED_EDGE('',*,*,#224,.F.);
#224 = EDGE_CURVE('',#225,#216,#227,.T.);
#225 = VERTEX_POINT('',#226);
#226 = CARTESIAN_POINT('',(5.E-02,-1.53,9.8));
#227 = LINE('',#228,#229);
#228 = CARTESIAN_POINT('',(-1.6,-1.53,9.8));
#229 = VECTOR('',#230,1.);
#230 = DIRECTION('',(-1.,0.,0.));
#231 = ORIENTED_EDGE('',*,*,#232,.T.);
#232 = EDGE_CURVE('',#225,#233,#235,.T.);
#233 = VERTEX_POINT('',#234);
#234 = CARTESIAN_POINT('',(5.E-02,-2.33,9.8));
#235 = LINE('',#236,#237);
#236 = CARTESIAN_POINT('',(5.E-02,-1.53,9.8));
#237 = VECTOR('',#238,1.);
#238 = DIRECTION('',(0.,-1.,2.22044604925E-16));
#239 = ORIENTED_EDGE('',*,*,#240,.T.);
#240 = EDGE_CURVE('',#233,#241,#243,.T.);
#241 = VERTEX_POINT('',#242);
#242 = CARTESIAN_POINT('',(14.95,-2.33,9.8));
#243 = LINE('',#244,#245);
#244 = CARTESIAN_POINT('',(5.E-02,-2.33,9.8));
#245 = VECTOR('',#246,1.);
#246 = DIRECTION('',(1.,0.,0.));
#247 = ORIENTED_EDGE('',*,*,#248,.F.);
#248 = EDGE_CURVE('',#133,#241,#249,.T.);
#249 = LINE('',#250,#251);
#250 = CARTESIAN_POINT('',(14.95,-1.53,9.8));
#251 = VECTOR('',#252,1.);
#252 = DIRECTION('',(0.,-1.,2.22044604925E-16));
#253 = FACE_BOUND('',#254,.T.);
#254 = EDGE_LOOP('',(#255,#265,#273,#281,#289,#297,#305,#313));
#255 = ORIENTED_EDGE('',*,*,#256,.F.);
#256 = EDGE_CURVE('',#257,#259,#261,.T.);
#257 = VERTEX_POINT('',#258);
#258 = CARTESIAN_POINT('',(1.05,1.52,9.8));
#259 = VERTEX_POINT('',#260);
#260 = CARTESIAN_POINT('',(0.5,1.52,9.8));
#261 = LINE('',#262,#263);
#262 = CARTESIAN_POINT('',(1.05,1.52,9.8));
#263 = VECTOR('',#264,1.);
#264 = DIRECTION('',(-1.,-0.,-0.));
#265 = ORIENTED_EDGE('',*,*,#266,.T.);
#266 = EDGE_CURVE('',#257,#267,#269,.T.);
#267 = VERTEX_POINT('',#268);
#268 = CARTESIAN_POINT('',(1.05,-0.98,9.8));
#269 = LINE('',#270,#271);
#270 = CARTESIAN_POINT('',(1.05,1.52,9.8));
#271 = VECTOR('',#272,1.);
#272 = DIRECTION('',(0.,-1.,0.));
#273 = ORIENTED_EDGE('',*,*,#274,.T.);
#274 = EDGE_CURVE('',#267,#275,#277,.T.);
#275 = VERTEX_POINT('',#276);
#276 = CARTESIAN_POINT('',(-1.05,-0.98,9.8));
#277 = LINE('',#278,#279);
#278 = CARTESIAN_POINT('',(1.05,-0.98,9.8));
#279 = VECTOR('',#280,1.);
#280 = DIRECTION('',(-1.,-0.,-0.));
#281 = ORIENTED_EDGE('',*,*,#282,.F.);
#282 = EDGE_CURVE('',#283,#275,#285,.T.);
#283 = VERTEX_POINT('',#284);
#284 = CARTESIAN_POINT('',(-1.05,1.52,9.8));
#285 = LINE('',#286,#287);
#286 = CARTESIAN_POINT('',(-1.05,1.52,9.8));
#287 = VECTOR('',#288,1.);
#288 = DIRECTION('',(0.,-1.,0.));
#289 = ORIENTED_EDGE('',*,*,#290,.F.);
#290 = EDGE_CURVE('',#291,#283,#293,.T.);
#291 = VERTEX_POINT('',#292);
#292 = CARTESIAN_POINT('',(-0.5,1.52,9.8));
#293 = LINE('',#294,#295);
#294 = CARTESIAN_POINT('',(1.05,1.52,9.8));
#295 = VECTOR('',#296,1.);
#296 = DIRECTION('',(-1.,-0.,-0.));
#297 = ORIENTED_EDGE('',*,*,#298,.F.);
#298 = EDGE_CURVE('',#299,#291,#301,.T.);
#299 = VERTEX_POINT('',#300);
#300 = CARTESIAN_POINT('',(-0.5,1.92,9.8));
#301 = LINE('',#302,#303);
#302 = CARTESIAN_POINT('',(-0.5,1.92,9.8));
#303 = VECTOR('',#304,1.);
#304 = DIRECTION('',(0.,-1.,0.));
#305 = ORIENTED_EDGE('',*,*,#306,.F.);
#306 = EDGE_CURVE('',#307,#299,#309,.T.);
#307 = VERTEX_POINT('',#308);
#308 = CARTESIAN_POINT('',(0.5,1.92,9.8));
#309 = LINE('',#310,#311);
#310 = CARTESIAN_POINT('',(0.5,1.92,9.8));
#311 = VECTOR('',#312,1.);
#312 = DIRECTION('',(-1.,-0.,-0.));
#313 = ORIENTED_EDGE('',*,*,#314,.T.);
#314 = EDGE_CURVE('',#307,#259,#315,.T.);
#315 = LINE('',#316,#317);
#316 = CARTESIAN_POINT('',(0.5,1.92,9.8));
#317 = VECTOR('',#318,1.);
#318 = DIRECTION('',(0.,-1.,0.));
#319 = FACE_BOUND('',#320,.T.);
#320 = EDGE_LOOP('',(#321,#331,#339,#347,#355,#363,#371,#379));
#321 = ORIENTED_EDGE('',*,*,#322,.F.);
#322 = EDGE_CURVE('',#323,#325,#327,.T.);
#323 = VERTEX_POINT('',#324);
#324 = CARTESIAN_POINT('',(3.55,1.52,9.8));
#325 = VERTEX_POINT('',#326);
#326 = CARTESIAN_POINT('',(3.,1.52,9.8));
#327 = LINE('',#328,#329);
#328 = CARTESIAN_POINT('',(3.55,1.52,9.8));
#329 = VECTOR('',#330,1.);
#330 = DIRECTION('',(-1.,-0.,-0.));
#331 = ORIENTED_EDGE('',*,*,#332,.T.);
#332 = EDGE_CURVE('',#323,#333,#335,.T.);
#333 = VERTEX_POINT('',#334);
#334 = CARTESIAN_POINT('',(3.55,-0.98,9.8));
#335 = LINE('',#336,#337);
#336 = CARTESIAN_POINT('',(3.55,1.52,9.8));
#337 = VECTOR('',#338,1.);
#338 = DIRECTION('',(0.,-1.,0.));
#339 = ORIENTED_EDGE('',*,*,#340,.T.);
#340 = EDGE_CURVE('',#333,#341,#343,.T.);
#341 = VERTEX_POINT('',#342);
#342 = CARTESIAN_POINT('',(1.45,-0.98,9.8));
#343 = LINE('',#344,#345);
#344 = CARTESIAN_POINT('',(3.55,-0.98,9.8));
#345 = VECTOR('',#346,1.);
#346 = DIRECTION('',(-1.,-0.,-0.));
#347 = ORIENTED_EDGE('',*,*,#348,.F.);
#348 = EDGE_CURVE('',#349,#341,#351,.T.);
#349 = VERTEX_POINT('',#350);
#350 = CARTESIAN_POINT('',(1.45,1.52,9.8));
#351 = LINE('',#352,#353);
#352 = CARTESIAN_POINT('',(1.45,1.52,9.8));
#353 = VECTOR('',#354,1.);
#354 = DIRECTION('',(0.,-1.,0.));
#355 = ORIENTED_EDGE('',*,*,#356,.F.);
#356 = EDGE_CURVE('',#357,#349,#359,.T.);
#357 = VERTEX_POINT('',#358);
#358 = CARTESIAN_POINT('',(2.,1.52,9.8));
#359 = LINE('',#360,#361);
#360 = CARTESIAN_POINT('',(3.55,1.52,9.8));
#361 = VECTOR('',#362,1.);
#362 = DIRECTION('',(-1.,-0.,-0.));
#363 = ORIENTED_EDGE('',*,*,#364,.F.);
#364 = EDGE_CURVE('',#365,#357,#367,.T.);
#365 = VERTEX_POINT('',#366);
#366 = CARTESIAN_POINT('',(2.,1.92,9.8));
#367 = LINE('',#368,#369);
#368 = CARTESIAN_POINT('',(2.,1.92,9.8));
#369 = VECTOR('',#370,1.);
#370 = DIRECTION('',(0.,-1.,0.));
#371 = ORIENTED_EDGE('',*,*,#372,.F.);
#372 = EDGE_CURVE('',#373,#365,#375,.T.);
#373 = VERTEX_POINT('',#374);
#374 = CARTESIAN_POINT('',(3.,1.92,9.8));
#375 = LINE('',#376,#377);
#376 = CARTESIAN_POINT('',(3.,1.92,9.8));
#377 = VECTOR('',#378,1.);
#378 = DIRECTION('',(-1.,-0.,-0.));
#379 = ORIENTED_EDGE('',*,*,#380,.T.);
#380 = EDGE_CURVE('',#373,#325,#381,.T.);
#381 = LINE('',#382,#383);
#382 = CARTESIAN_POINT('',(3.,1.92,9.8));
#383 = VECTOR('',#384,1.);
#384 = DIRECTION('',(0.,-1.,0.));
#385 = FACE_BOUND('',#386,.T.);
#386 = EDGE_LOOP('',(#387,#397,#405,#413,#421,#429,#437,#445));
#387 = ORIENTED_EDGE('',*,*,#388,.F.);
#388 = EDGE_CURVE('',#389,#391,#393,.T.);
#389 = VERTEX_POINT('',#390);
#390 = CARTESIAN_POINT('',(6.05,1.52,9.8));
#391 = VERTEX_POINT('',#392);
#392 = CARTESIAN_POINT('',(5.5,1.52,9.8));
#393 = LINE('',#394,#395);
#394 = CARTESIAN_POINT('',(6.05,1.52,9.8));
#395 = VECTOR('',#396,1.);
#396 = DIRECTION('',(-1.,-0.,-0.));
#397 = ORIENTED_EDGE('',*,*,#398,.T.);
#398 = EDGE_CURVE('',#389,#399,#401,.T.);
#399 = VERTEX_POINT('',#400);
#400 = CARTESIAN_POINT('',(6.05,-0.98,9.8));
#401 = LINE('',#402,#403);
#402 = CARTESIAN_POINT('',(6.05,1.52,9.8));
#403 = VECTOR('',#404,1.);
#404 = DIRECTION('',(0.,-1.,0.));
#405 = ORIENTED_EDGE('',*,*,#406,.T.);
#406 = EDGE_CURVE('',#399,#407,#409,.T.);
#407 = VERTEX_POINT('',#408);
#408 = CARTESIAN_POINT('',(3.95,-0.98,9.8));
#409 = LINE('',#410,#411);
#410 = CARTESIAN_POINT('',(6.05,-0.98,9.8));
#411 = VECTOR('',#412,1.);
#412 = DIRECTION('',(-1.,-0.,-0.));
#413 = ORIENTED_EDGE('',*,*,#414,.F.);
#414 = EDGE_CURVE('',#415,#407,#417,.T.);
#415 = VERTEX_POINT('',#416);
#416 = CARTESIAN_POINT('',(3.95,1.52,9.8));
#417 = LINE('',#418,#419);
#418 = CARTESIAN_POINT('',(3.95,1.52,9.8));
#419 = VECTOR('',#420,1.);
#420 = DIRECTION('',(0.,-1.,0.));
#421 = ORIENTED_EDGE('',*,*,#422,.F.);
#422 = EDGE_CURVE('',#423,#415,#425,.T.);
#423 = VERTEX_POINT('',#424);
#424 = CARTESIAN_POINT('',(4.5,1.52,9.8));
#425 = LINE('',#426,#427);
#426 = CARTESIAN_POINT('',(6.05,1.52,9.8));
#427 = VECTOR('',#428,1.);
#428 = DIRECTION('',(-1.,-0.,-0.));
#429 = ORIENTED_EDGE('',*,*,#430,.F.);
#430 = EDGE_CURVE('',#431,#423,#433,.T.);
#431 = VERTEX_POINT('',#432);
#432 = CARTESIAN_POINT('',(4.5,1.92,9.8));
#433 = LINE('',#434,#435);
#434 = CARTESIAN_POINT('',(4.5,1.92,9.8));
#435 = VECTOR('',#436,1.);
#436 = DIRECTION('',(0.,-1.,0.));
#437 = ORIENTED_EDGE('',*,*,#438,.F.);
#438 = EDGE_CURVE('',#439,#431,#441,.T.);
#439 = VERTEX_POINT('',#440);
#440 = CARTESIAN_POINT('',(5.5,1.92,9.8));
#441 = LINE('',#442,#443);
#442 = CARTESIAN_POINT('',(5.5,1.92,9.8));
#443 = VECTOR('',#444,1.);
#444 = DIRECTION('',(-1.,-0.,-0.));
#445 = ORIENTED_EDGE('',*,*,#446,.T.);
#446 = EDGE_CURVE('',#439,#391,#447,.T.);
#447 = LINE('',#448,#449);
#448 = CARTESIAN_POINT('',(5.5,1.92,9.8));
#449 = VECTOR('',#450,1.);
#450 = DIRECTION('',(0.,-1.,0.));
#451 = FACE_BOUND('',#452,.T.);
#452 = EDGE_LOOP('',(#453,#463,#471,#479,#487,#495,#503,#511));
#453 = ORIENTED_EDGE('',*,*,#454,.F.);
#454 = EDGE_CURVE('',#455,#457,#459,.T.);
#455 = VERTEX_POINT('',#456);
#456 = CARTESIAN_POINT('',(8.55,1.52,9.8));
#457 = VERTEX_POINT('',#458);
#458 = CARTESIAN_POINT('',(8.,1.52,9.8));
#459 = LINE('',#460,#461);
#460 = CARTESIAN_POINT('',(8.55,1.52,9.8));
#461 = VECTOR('',#462,1.);
#462 = DIRECTION('',(-1.,-0.,-0.));
#463 = ORIENTED_EDGE('',*,*,#464,.T.);
#464 = EDGE_CURVE('',#455,#465,#467,.T.);
#465 = VERTEX_POINT('',#466);
#466 = CARTESIAN_POINT('',(8.55,-0.98,9.8));
#467 = LINE('',#468,#469);
#468 = CARTESIAN_POINT('',(8.55,1.52,9.8));
#469 = VECTOR('',#470,1.);
#470 = DIRECTION('',(0.,-1.,0.));
#471 = ORIENTED_EDGE('',*,*,#472,.T.);
#472 = EDGE_CURVE('',#465,#473,#475,.T.);
#473 = VERTEX_POINT('',#474);
#474 = CARTESIAN_POINT('',(6.45,-0.98,9.8));
#475 = LINE('',#476,#477);
#476 = CARTESIAN_POINT('',(8.55,-0.98,9.8));
#477 = VECTOR('',#478,1.);
#478 = DIRECTION('',(-1.,-0.,-0.));
#479 = ORIENTED_EDGE('',*,*,#480,.F.);
#480 = EDGE_CURVE('',#481,#473,#483,.T.);
#481 = VERTEX_POINT('',#482);
#482 = CARTESIAN_POINT('',(6.45,1.52,9.8));
#483 = LINE('',#484,#485);
#484 = CARTESIAN_POINT('',(6.45,1.52,9.8));
#485 = VECTOR('',#486,1.);
#486 = DIRECTION('',(0.,-1.,0.));
#487 = ORIENTED_EDGE('',*,*,#488,.F.);
#488 = EDGE_CURVE('',#489,#481,#491,.T.);
#489 = VERTEX_POINT('',#490);
#490 = CARTESIAN_POINT('',(7.,1.52,9.8));
#491 = LINE('',#492,#493);
#492 = CARTESIAN_POINT('',(8.55,1.52,9.8));
#493 = VECTOR('',#494,1.);
#494 = DIRECTION('',(-1.,-0.,-0.));
#495 = ORIENTED_EDGE('',*,*,#496,.F.);
#496 = EDGE_CURVE('',#497,#489,#499,.T.);
#497 = VERTEX_POINT('',#498);
#498 = CARTESIAN_POINT('',(7.,1.92,9.8));
#499 = LINE('',#500,#501);
#500 = CARTESIAN_POINT('',(7.,1.92,9.8));
#501 = VECTOR('',#502,1.);
#502 = DIRECTION('',(0.,-1.,0.));
#503 = ORIENTED_EDGE('',*,*,#504,.F.);
#504 = EDGE_CURVE('',#505,#497,#507,.T.);
#505 = VERTEX_POINT('',#506);
#506 = CARTESIAN_POINT('',(8.,1.92,9.8));
#507 = LINE('',#508,#509);
#508 = CARTESIAN_POINT('',(8.,1.92,9.8));
#509 = VECTOR('',#510,1.);
#510 = DIRECTION('',(-1.,-0.,-0.));
#511 = ORIENTED_EDGE('',*,*,#512,.T.);
#512 = EDGE_CURVE('',#505,#457,#513,.T.);
#513 = LINE('',#514,#515);
#514 = CARTESIAN_POINT('',(8.,1.92,9.8));
#515 = VECTOR('',#516,1.);
#516 = DIRECTION('',(0.,-1.,0.));
#517 = FACE_BOUND('',#518,.T.);
#518 = EDGE_LOOP('',(#519,#529,#537,#545,#553,#561,#569,#577));
#519 = ORIENTED_EDGE('',*,*,#520,.F.);
#520 = EDGE_CURVE('',#521,#523,#525,.T.);
#521 = VERTEX_POINT('',#522);
#522 = CARTESIAN_POINT('',(11.05,1.52,9.8));
#523 = VERTEX_POINT('',#524);
#524 = CARTESIAN_POINT('',(10.5,1.52,9.8));
#525 = LINE('',#526,#527);
#526 = CARTESIAN_POINT('',(11.05,1.52,9.8));
#527 = VECTOR('',#528,1.);
#528 = DIRECTION('',(-1.,-0.,-0.));
#529 = ORIENTED_EDGE('',*,*,#530,.T.);
#530 = EDGE_CURVE('',#521,#531,#533,.T.);
#531 = VERTEX_POINT('',#532);
#532 = CARTESIAN_POINT('',(11.05,-0.98,9.8));
#533 = LINE('',#534,#535);
#534 = CARTESIAN_POINT('',(11.05,1.52,9.8));
#535 = VECTOR('',#536,1.);
#536 = DIRECTION('',(0.,-1.,0.));
#537 = ORIENTED_EDGE('',*,*,#538,.T.);
#538 = EDGE_CURVE('',#531,#539,#541,.T.);
#539 = VERTEX_POINT('',#540);
#540 = CARTESIAN_POINT('',(8.95,-0.98,9.8));
#541 = LINE('',#542,#543);
#542 = CARTESIAN_POINT('',(11.05,-0.98,9.8));
#543 = VECTOR('',#544,1.);
#544 = DIRECTION('',(-1.,-0.,-0.));
#545 = ORIENTED_EDGE('',*,*,#546,.F.);
#546 = EDGE_CURVE('',#547,#539,#549,.T.);
#547 = VERTEX_POINT('',#548);
#548 = CARTESIAN_POINT('',(8.95,1.52,9.8));
#549 = LINE('',#550,#551);
#550 = CARTESIAN_POINT('',(8.95,1.52,9.8));
#551 = VECTOR('',#552,1.);
#552 = DIRECTION('',(0.,-1.,0.));
#553 = ORIENTED_EDGE('',*,*,#554,.F.);
#554 = EDGE_CURVE('',#555,#547,#557,.T.);
#555 = VERTEX_POINT('',#556);
#556 = CARTESIAN_POINT('',(9.5,1.52,9.8));
#557 = LINE('',#558,#559);
#558 = CARTESIAN_POINT('',(11.05,1.52,9.8));
#559 = VECTOR('',#560,1.);
#560 = DIRECTION('',(-1.,-0.,-0.));
#561 = ORIENTED_EDGE('',*,*,#562,.F.);
#562 = EDGE_CURVE('',#563,#555,#565,.T.);
#563 = VERTEX_POINT('',#564);
#564 = CARTESIAN_POINT('',(9.5,1.92,9.8));
#565 = LINE('',#566,#567);
#566 = CARTESIAN_POINT('',(9.5,1.92,9.8));
#567 = VECTOR('',#568,1.);
#568 = DIRECTION('',(0.,-1.,0.));
#569 = ORIENTED_EDGE('',*,*,#570,.F.);
#570 = EDGE_CURVE('',#571,#563,#573,.T.);
#571 = VERTEX_POINT('',#572);
#572 = CARTESIAN_POINT('',(10.5,1.92,9.8));
#573 = LINE('',#574,#575);
#574 = CARTESIAN_POINT('',(10.5,1.92,9.8));
#575 = VECTOR('',#576,1.);
#576 = DIRECTION('',(-1.,-0.,-0.));
#577 = ORIENTED_EDGE('',*,*,#578,.T.);
#578 = EDGE_CURVE('',#571,#523,#579,.T.);
#579 = LINE('',#580,#581);
#580 = CARTESIAN_POINT('',(10.5,1.92,9.8));
#581 = VECTOR('',#582,1.);
#582 = DIRECTION('',(0.,-1.,0.));
#583 = FACE_BOUND('',#584,.T.);
#584 = EDGE_LOOP('',(#585,#595,#603,#611,#619,#627,#635,#643));
#585 = ORIENTED_EDGE('',*,*,#586,.F.);
#586 = EDGE_CURVE('',#587,#589,#591,.T.);
#587 = VERTEX_POINT('',#588);
#588 = CARTESIAN_POINT('',(13.55,1.52,9.8));
#589 = VERTEX_POINT('',#590);
#590 = CARTESIAN_POINT('',(13.,1.52,9.8));
#591 = LINE('',#592,#593);
#592 = CARTESIAN_POINT('',(13.55,1.52,9.8));
#593 = VECTOR('',#594,1.);
#594 = DIRECTION('',(-1.,-0.,-0.));
#595 = ORIENTED_EDGE('',*,*,#596,.T.);
#596 = EDGE_CURVE('',#587,#597,#599,.T.);
#597 = VERTEX_POINT('',#598);
#598 = CARTESIAN_POINT('',(13.55,-0.98,9.8));
#599 = LINE('',#600,#601);
#600 = CARTESIAN_POINT('',(13.55,1.52,9.8));
#601 = VECTOR('',#602,1.);
#602 = DIRECTION('',(0.,-1.,0.));
#603 = ORIENTED_EDGE('',*,*,#604,.T.);
#604 = EDGE_CURVE('',#597,#605,#607,.T.);
#605 = VERTEX_POINT('',#606);
#606 = CARTESIAN_POINT('',(11.45,-0.98,9.8));
#607 = LINE('',#608,#609);
#608 = CARTESIAN_POINT('',(13.55,-0.98,9.8));
#609 = VECTOR('',#610,1.);
#610 = DIRECTION('',(-1.,-0.,-0.));
#611 = ORIENTED_EDGE('',*,*,#612,.F.);
#612 = EDGE_CURVE('',#613,#605,#615,.T.);
#613 = VERTEX_POINT('',#614);
#614 = CARTESIAN_POINT('',(11.45,1.52,9.8));
#615 = LINE('',#616,#617);
#616 = CARTESIAN_POINT('',(11.45,1.52,9.8));
#617 = VECTOR('',#618,1.);
#618 = DIRECTION('',(0.,-1.,0.));
#619 = ORIENTED_EDGE('',*,*,#620,.F.);
#620 = EDGE_CURVE('',#621,#613,#623,.T.);
#621 = VERTEX_POINT('',#622);
#622 = CARTESIAN_POINT('',(12.,1.52,9.8));
#623 = LINE('',#624,#625);
#624 = CARTESIAN_POINT('',(13.55,1.52,9.8));
#625 = VECTOR('',#626,1.);
#626 = DIRECTION('',(-1.,-0.,-0.));
#627 = ORIENTED_EDGE('',*,*,#628,.F.);
#628 = EDGE_CURVE('',#629,#621,#631,.T.);
#629 = VERTEX_POINT('',#630);
#630 = CARTESIAN_POINT('',(12.,1.92,9.8));
#631 = LINE('',#632,#633);
#632 = CARTESIAN_POINT('',(12.,1.92,9.8));
#633 = VECTOR('',#634,1.);
#634 = DIRECTION('',(0.,-1.,0.));
#635 = ORIENTED_EDGE('',*,*,#636,.F.);
#636 = EDGE_CURVE('',#637,#629,#639,.T.);
#637 = VERTEX_POINT('',#638);
#638 = CARTESIAN_POINT('',(13.,1.92,9.8));
#639 = LINE('',#640,#641);
#640 = CARTESIAN_POINT('',(13.,1.92,9.8));
#641 = VECTOR('',#642,1.);
#642 = DIRECTION('',(-1.,-0.,-0.));
#643 = ORIENTED_EDGE('',*,*,#644,.T.);
#644 = EDGE_CURVE('',#637,#589,#645,.T.);
#645 = LINE('',#646,#647);
#646 = CARTESIAN_POINT('',(13.,1.92,9.8));
#647 = VECTOR('',#648,1.);
#648 = DIRECTION('',(0.,-1.,0.));
#649 = FACE_BOUND('',#650,.T.);
#650 = EDGE_LOOP('',(#651,#652,#653,#661,#669,#677,#685,#693));
#651 = ORIENTED_EDGE('',*,*,#85,.F.);
#652 = ORIENTED_EDGE('',*,*,#108,.T.);
#653 = ORIENTED_EDGE('',*,*,#654,.T.);
#654 = EDGE_CURVE('',#109,#655,#657,.T.);
#655 = VERTEX_POINT('',#656);
#656 = CARTESIAN_POINT('',(13.95,-0.98,9.8));
#657 = LINE('',#658,#659);
#658 = CARTESIAN_POINT('',(16.05,-0.98,9.8));
#659 = VECTOR('',#660,1.);
#660 = DIRECTION('',(-1.,-0.,-0.));
#661 = ORIENTED_EDGE('',*,*,#662,.F.);
#662 = EDGE_CURVE('',#663,#655,#665,.T.);
#663 = VERTEX_POINT('',#664);
#664 = CARTESIAN_POINT('',(13.95,1.52,9.8));
#665 = LINE('',#666,#667);
#666 = CARTESIAN_POINT('',(13.95,1.52,9.8));
#667 = VECTOR('',#668,1.);
#668 = DIRECTION('',(0.,-1.,0.));
#669 = ORIENTED_EDGE('',*,*,#670,.F.);
#670 = EDGE_CURVE('',#671,#663,#673,.T.);
#671 = VERTEX_POINT('',#672);
#672 = CARTESIAN_POINT('',(14.5,1.52,9.8));
#673 = LINE('',#674,#675);
#674 = CARTESIAN_POINT('',(16.05,1.52,9.8));
#675 = VECTOR('',#676,1.);
#676 = DIRECTION('',(-1.,-0.,-0.));
#677 = ORIENTED_EDGE('',*,*,#678,.F.);
#678 = EDGE_CURVE('',#679,#671,#681,.T.);
#679 = VERTEX_POINT('',#680);
#680 = CARTESIAN_POINT('',(14.5,1.92,9.8));
#681 = LINE('',#682,#683);
#682 = CARTESIAN_POINT('',(14.5,1.92,9.8));
#683 = VECTOR('',#684,1.);
#684 = DIRECTION('',(0.,-1.,0.));
#685 = ORIENTED_EDGE('',*,*,#686,.F.);
#686 = EDGE_CURVE('',#687,#679,#689,.T.);
#687 = VERTEX_POINT('',#688);
#688 = CARTESIAN_POINT('',(15.5,1.92,9.8));
#689 = LINE('',#690,#691);
#690 = CARTESIAN_POINT('',(15.5,1.92,9.8));
#691 = VECTOR('',#692,1.);
#692 = DIRECTION('',(-1.,-0.,-0.));
#693 = ORIENTED_EDGE('',*,*,#694,.T.);
#694 = EDGE_CURVE('',#687,#78,#695,.T.);
#695 = LINE('',#696,#697);
#696 = CARTESIAN_POINT('',(15.5,1.92,9.8));
#697 = VECTOR('',#698,1.);
#698 = DIRECTION('',(0.,-1.,0.));
#699 = PLANE('',#700);
#700 = AXIS2_PLACEMENT_3D('',#701,#702,#703);
#701 = CARTESIAN_POINT('',(7.5,0.593427310056,9.8));
#702 = DIRECTION('',(0.,0.,1.));
#703 = DIRECTION('',(1.,0.,0.));
#704 = ADVANCED_FACE('',(#705),#723,.F.);
#705 = FACE_BOUND('',#706,.F.);
#706 = EDGE_LOOP('',(#707,#708,#716,#722));
#707 = ORIENTED_EDGE('',*,*,#77,.T.);
#708 = ORIENTED_EDGE('',*,*,#709,.T.);
#709 = EDGE_CURVE('',#70,#710,#712,.T.);
#710 = VERTEX_POINT('',#711);
#711 = CARTESIAN_POINT('',(15.5,1.92,5.25));
#712 = LINE('',#713,#714);
#713 = CARTESIAN_POINT('',(15.5,1.52,5.25));
#714 = VECTOR('',#715,1.);
#715 = DIRECTION('',(0.,1.,0.));
#716 = ORIENTED_EDGE('',*,*,#717,.T.);
#717 = EDGE_CURVE('',#710,#687,#718,.T.);
#718 = LINE('',#719,#720);
#719 = CARTESIAN_POINT('',(15.5,1.92,5.25));
#720 = VECTOR('',#721,1.);
#721 = DIRECTION('',(0.,0.,1.));
#722 = ORIENTED_EDGE('',*,*,#694,.T.);
#723 = PLANE('',#724);
#724 = AXIS2_PLACEMENT_3D('',#725,#726,#727);
#725 = CARTESIAN_POINT('',(15.5,1.72,7.525));
#726 = DIRECTION('',(1.,0.,0.));
#727 = DIRECTION('',(0.,0.,1.));
#728 = ADVANCED_FACE('',(#729),#779,.F.);
#729 = FACE_BOUND('',#730,.F.);
#730 = EDGE_LOOP('',(#731,#739,#747,#755,#763,#771,#777,#778));
#731 = ORIENTED_EDGE('',*,*,#732,.F.);
#732 = EDGE_CURVE('',#733,#62,#735,.T.);
#733 = VERTEX_POINT('',#734);
#734 = CARTESIAN_POINT('',(15.6,2.57,5.25));
#735 = LINE('',#736,#737);
#736 = CARTESIAN_POINT('',(15.6,2.57,5.25));
#737 = VECTOR('',#738,1.);
#738 = DIRECTION('',(0.,-1.,0.));
#739 = ORIENTED_EDGE('',*,*,#740,.T.);
#740 = EDGE_CURVE('',#733,#741,#743,.T.);
#741 = VERTEX_POINT('',#742);
#742 = CARTESIAN_POINT('',(14.4,2.57,5.25));
#743 = LINE('',#744,#745);
#744 = CARTESIAN_POINT('',(15.6,2.57,5.25));
#745 = VECTOR('',#746,1.);
#746 = DIRECTION('',(-1.,-0.,-0.));
#747 = ORIENTED_EDGE('',*,*,#748,.T.);
#748 = EDGE_CURVE('',#741,#749,#751,.T.);
#749 = VERTEX_POINT('',#750);
#750 = CARTESIAN_POINT('',(14.4,1.52,5.25));
#751 = LINE('',#752,#753);
#752 = CARTESIAN_POINT('',(14.4,2.57,5.25));
#753 = VECTOR('',#754,1.);
#754 = DIRECTION('',(0.,-1.,0.));
#755 = ORIENTED_EDGE('',*,*,#756,.F.);
#756 = EDGE_CURVE('',#757,#749,#759,.T.);
#757 = VERTEX_POINT('',#758);
#758 = CARTESIAN_POINT('',(14.5,1.52,5.25));
#759 = LINE('',#760,#761);
#760 = CARTESIAN_POINT('',(15.6,1.52,5.25));
#761 = VECTOR('',#762,1.);
#762 = DIRECTION('',(-1.,-0.,-0.));
#763 = ORIENTED_EDGE('',*,*,#764,.T.);
#764 = EDGE_CURVE('',#757,#765,#767,.T.);
#765 = VERTEX_POINT('',#766);
#766 = CARTESIAN_POINT('',(14.5,1.92,5.25));
#767 = LINE('',#768,#769);
#768 = CARTESIAN_POINT('',(14.5,1.52,5.25));
#769 = VECTOR('',#770,1.);
#770 = DIRECTION('',(0.,1.,0.));
#771 = ORIENTED_EDGE('',*,*,#772,.F.);
#772 = EDGE_CURVE('',#710,#765,#773,.T.);
#773 = LINE('',#774,#775);
#774 = CARTESIAN_POINT('',(15.5,1.92,5.25));
#775 = VECTOR('',#776,1.);
#776 = DIRECTION('',(-1.,-0.,-0.));
#777 = ORIENTED_EDGE('',*,*,#709,.F.);
#778 = ORIENTED_EDGE('',*,*,#69,.F.);
#779 = PLANE('',#780);
#780 = AXIS2_PLACEMENT_3D('',#781,#782,#783);
#781 = CARTESIAN_POINT('',(15.6,2.57,5.25));
#782 = DIRECTION('',(0.,0.,1.));
#783 = DIRECTION('',(0.,-1.,0.));
#784 = ADVANCED_FACE('',(#785),#835,.F.);
#785 = FACE_BOUND('',#786,.F.);
#786 = EDGE_LOOP('',(#787,#795,#796,#797,#805,#813,#821,#829));
#787 = ORIENTED_EDGE('',*,*,#788,.T.);
#788 = EDGE_CURVE('',#789,#733,#791,.T.);
#789 = VERTEX_POINT('',#790);
#790 = CARTESIAN_POINT('',(15.6,2.57,2.05));
#791 = LINE('',#792,#793);
#792 = CARTESIAN_POINT('',(15.6,2.57,2.05));
#793 = VECTOR('',#794,1.);
#794 = DIRECTION('',(0.,0.,1.));
#795 = ORIENTED_EDGE('',*,*,#732,.T.);
#796 = ORIENTED_EDGE('',*,*,#61,.T.);
#797 = ORIENTED_EDGE('',*,*,#798,.T.);
#798 = EDGE_CURVE('',#54,#799,#801,.T.);
#799 = VERTEX_POINT('',#800);
#800 = CARTESIAN_POINT('',(15.6,0.5468198,3.45));
#801 = LINE('',#802,#803);
#802 = CARTESIAN_POINT('',(15.6,1.52,3.45));
#803 = VECTOR('',#804,1.);
#804 = DIRECTION('',(0.,-1.,0.));
#805 = ORIENTED_EDGE('',*,*,#806,.T.);
#806 = EDGE_CURVE('',#799,#807,#809,.T.);
#807 = VERTEX_POINT('',#808);
#808 = CARTESIAN_POINT('',(15.6,1.044,2.6151));
#809 = LINE('',#810,#811);
#810 = CARTESIAN_POINT('',(15.6,0.5468198,3.45));
#811 = VECTOR('',#812,1.);
#812 = DIRECTION('',(0.,0.511647917429,-0.859195209828));
#813 = ORIENTED_EDGE('',*,*,#814,.T.);
#814 = EDGE_CURVE('',#807,#815,#817,.T.);
#815 = VERTEX_POINT('',#816);
#816 = CARTESIAN_POINT('',(15.6,1.52,2.6151));
#817 = LINE('',#818,#819);
#818 = CARTESIAN_POINT('',(15.6,1.044,2.6151));
#819 = VECTOR('',#820,1.);
#820 = DIRECTION('',(0.,1.,0.));
#821 = ORIENTED_EDGE('',*,*,#822,.T.);
#822 = EDGE_CURVE('',#815,#823,#825,.T.);
#823 = VERTEX_POINT('',#824);
#824 = CARTESIAN_POINT('',(15.6,1.52,2.05));
#825 = LINE('',#826,#827);
#826 = CARTESIAN_POINT('',(15.6,1.52,2.6151));
#827 = VECTOR('',#828,1.);
#828 = DIRECTION('',(0.,0.,-1.));
#829 = ORIENTED_EDGE('',*,*,#830,.T.);
#830 = EDGE_CURVE('',#823,#789,#831,.T.);
#831 = LINE('',#832,#833);
#832 = CARTESIAN_POINT('',(15.6,1.52,2.05));
#833 = VECTOR('',#834,1.);
#834 = DIRECTION('',(0.,1.,0.));
#835 = PLANE('',#836);
#836 = AXIS2_PLACEMENT_3D('',#837,#838,#839);
#837 = CARTESIAN_POINT('',(15.6,1.834452703854,3.573485056924));
#838 = DIRECTION('',(1.,0.,0.));
#839 = DIRECTION('',(0.,0.,1.));
#840 = ADVANCED_FACE('',(#841,#884),#918,.F.);
#841 = FACE_BOUND('',#842,.F.);
#842 = EDGE_LOOP('',(#843,#844,#852,#860,#868,#876,#882,#883));
#843 = ORIENTED_EDGE('',*,*,#99,.F.);
#844 = ORIENTED_EDGE('',*,*,#845,.T.);
#845 = EDGE_CURVE('',#100,#846,#848,.T.);
#846 = VERTEX_POINT('',#847);
#847 = CARTESIAN_POINT('',(13.95,-0.98,3.45));
#848 = LINE('',#849,#850);
#849 = CARTESIAN_POINT('',(16.05,-0.98,3.45));
#850 = VECTOR('',#851,1.);
#851 = DIRECTION('',(-1.,-0.,-0.));
#852 = ORIENTED_EDGE('',*,*,#853,.T.);
#853 = EDGE_CURVE('',#846,#854,#856,.T.);
#854 = VERTEX_POINT('',#855);
#855 = CARTESIAN_POINT('',(13.95,1.52,3.45));
#856 = LINE('',#857,#858);
#857 = CARTESIAN_POINT('',(13.95,-0.98,3.45));
#858 = VECTOR('',#859,1.);
#859 = DIRECTION('',(0.,1.,0.));
#860 = ORIENTED_EDGE('',*,*,#861,.F.);
#861 = EDGE_CURVE('',#862,#854,#864,.T.);
#862 = VERTEX_POINT('',#863);
#863 = CARTESIAN_POINT('',(14.4,1.52,3.45));
#864 = LINE('',#865,#866);
#865 = CARTESIAN_POINT('',(16.05,1.52,3.45));
#866 = VECTOR('',#867,1.);
#867 = DIRECTION('',(-1.,-0.,-0.));
#868 = ORIENTED_EDGE('',*,*,#869,.T.);
#869 = EDGE_CURVE('',#862,#870,#872,.T.);
#870 = VERTEX_POINT('',#871);
#871 = CARTESIAN_POINT('',(14.4,0.5468198,3.45));
#872 = LINE('',#873,#874);
#873 = CARTESIAN_POINT('',(14.4,1.52,3.45));
#874 = VECTOR('',#875,1.);
#875 = DIRECTION('',(0.,-1.,0.));
#876 = ORIENTED_EDGE('',*,*,#877,.F.);
#877 = EDGE_CURVE('',#799,#870,#878,.T.);
#878 = LINE('',#879,#880);
#879 = CARTESIAN_POINT('',(15.6,0.5468198,3.45));
#880 = VECTOR('',#881,1.);
#881 = DIRECTION('',(-1.,-0.,-0.));
#882 = ORIENTED_EDGE('',*,*,#798,.F.);
#883 = ORIENTED_EDGE('',*,*,#53,.F.);
#884 = FACE_BOUND('',#885,.F.);
#885 = EDGE_LOOP('',(#886,#896,#904,#912));
#886 = ORIENTED_EDGE('',*,*,#887,.F.);
#887 = EDGE_CURVE('',#888,#890,#892,.T.);
#888 = VERTEX_POINT('',#889);
#889 = CARTESIAN_POINT('',(15.4,-0.4,3.45));
#890 = VERTEX_POINT('',#891);
#891 = CARTESIAN_POINT('',(14.6,-0.4,3.45));
#892 = LINE('',#893,#894);
#893 = CARTESIAN_POINT('',(15.4,-0.4,3.45));
#894 = VECTOR('',#895,1.);
#895 = DIRECTION('',(-1.,-0.,-0.));
#896 = ORIENTED_EDGE('',*,*,#897,.F.);
#897 = EDGE_CURVE('',#898,#888,#900,.T.);
#898 = VERTEX_POINT('',#899);
#899 = CARTESIAN_POINT('',(15.4,0.4,3.45));
#900 = LINE('',#901,#902);
#901 = CARTESIAN_POINT('',(15.4,0.4,3.45));
#902 = VECTOR('',#903,1.);
#903 = DIRECTION('',(0.,-1.,0.));
#904 = ORIENTED_EDGE('',*,*,#905,.T.);
#905 = EDGE_CURVE('',#898,#906,#908,.T.);
#906 = VERTEX_POINT('',#907);
#907 = CARTESIAN_POINT('',(14.6,0.4,3.45));
#908 = LINE('',#909,#910);
#909 = CARTESIAN_POINT('',(15.4,0.4,3.45));
#910 = VECTOR('',#911,1.);
#911 = DIRECTION('',(-1.,-0.,-0.));
#912 = ORIENTED_EDGE('',*,*,#913,.T.);
#913 = EDGE_CURVE('',#906,#890,#914,.T.);
#914 = LINE('',#915,#916);
#915 = CARTESIAN_POINT('',(14.6,0.4,3.45));
#916 = VECTOR('',#917,1.);
#917 = DIRECTION('',(0.,-1.,0.));
#918 = PLANE('',#919);
#919 = AXIS2_PLACEMENT_3D('',#920,#921,#922);
#920 = CARTESIAN_POINT('',(16.05,-0.98,3.45));
#921 = DIRECTION('',(0.,0.,-1.));
#922 = DIRECTION('',(0.,1.,0.));
#923 = ADVANCED_FACE('',(#924),#935,.F.);
#924 = FACE_BOUND('',#925,.F.);
#925 = EDGE_LOOP('',(#926,#927,#933,#934));
#926 = ORIENTED_EDGE('',*,*,#654,.T.);
#927 = ORIENTED_EDGE('',*,*,#928,.T.);
#928 = EDGE_CURVE('',#655,#846,#929,.T.);
#929 = LINE('',#930,#931);
#930 = CARTESIAN_POINT('',(13.95,-0.98,9.8));
#931 = VECTOR('',#932,1.);
#932 = DIRECTION('',(0.,0.,-1.));
#933 = ORIENTED_EDGE('',*,*,#845,.F.);
#934 = ORIENTED_EDGE('',*,*,#116,.F.);
#935 = PLANE('',#936);
#936 = AXIS2_PLACEMENT_3D('',#937,#938,#939);
#937 = CARTESIAN_POINT('',(16.05,-0.98,9.8));
#938 = DIRECTION('',(0.,-1.,0.));
#939 = DIRECTION('',(0.,0.,-1.));
#940 = ADVANCED_FACE('',(#941),#1101,.T.);
#941 = FACE_BOUND('',#942,.T.);
#942 = EDGE_LOOP('',(#943,#951,#952,#960,#968,#976,#984,#992,#1000,#1008
    ,#1016,#1024,#1032,#1040,#1048,#1054,#1055,#1063,#1071,#1079,#1087,
    #1095));
#943 = ORIENTED_EDGE('',*,*,#944,.F.);
#944 = EDGE_CURVE('',#131,#945,#947,.T.);
#945 = VERTEX_POINT('',#946);
#946 = CARTESIAN_POINT('',(17.1,-1.53,9.2));
#947 = LINE('',#948,#949);
#948 = CARTESIAN_POINT('',(17.1,-1.53,9.8));
#949 = VECTOR('',#950,1.);
#950 = DIRECTION('',(-0.,-0.,-1.));
#951 = ORIENTED_EDGE('',*,*,#130,.T.);
#952 = ORIENTED_EDGE('',*,*,#953,.T.);
#953 = EDGE_CURVE('',#133,#954,#956,.T.);
#954 = VERTEX_POINT('',#955);
#955 = CARTESIAN_POINT('',(15.2,-1.53,5.7));
#956 = LINE('',#957,#958);
#957 = CARTESIAN_POINT('',(14.95,-1.53,9.8));
#958 = VECTOR('',#959,1.);
#959 = DIRECTION('',(6.086257045056E-02,-2.216329687308E-16,
    -0.998146155389));
#960 = ORIENTED_EDGE('',*,*,#961,.F.);
#961 = EDGE_CURVE('',#962,#954,#964,.T.);
#962 = VERTEX_POINT('',#963);
#963 = CARTESIAN_POINT('',(15.65,-1.53,5.7));
#964 = LINE('',#965,#966);
#965 = CARTESIAN_POINT('',(15.65,-1.53,5.7));
#966 = VECTOR('',#967,1.);
#967 = DIRECTION('',(-1.,0.,0.));
#968 = ORIENTED_EDGE('',*,*,#969,.F.);
#969 = EDGE_CURVE('',#970,#962,#972,.T.);
#970 = VERTEX_POINT('',#971);
#971 = CARTESIAN_POINT('',(15.65,-1.53,4.9));
#972 = LINE('',#973,#974);
#973 = CARTESIAN_POINT('',(15.65,-1.53,4.9));
#974 = VECTOR('',#975,1.);
#975 = DIRECTION('',(0.,2.22044604925E-16,1.));
#976 = ORIENTED_EDGE('',*,*,#977,.F.);
#977 = EDGE_CURVE('',#978,#970,#980,.T.);
#978 = VERTEX_POINT('',#979);
#979 = CARTESIAN_POINT('',(14.95,-1.53,3.7));
#980 = LINE('',#981,#982);
#981 = CARTESIAN_POINT('',(14.95,-1.53,3.7));
#982 = VECTOR('',#983,1.);
#983 = DIRECTION('',(0.503871025524,1.917974447926E-16,0.863778900898));
#984 = ORIENTED_EDGE('',*,*,#985,.F.);
#985 = EDGE_CURVE('',#986,#978,#988,.T.);
#986 = VERTEX_POINT('',#987);
#987 = CARTESIAN_POINT('',(14.35,-1.53,3.7));
#988 = LINE('',#989,#990);
#989 = CARTESIAN_POINT('',(14.35,-1.53,3.7));
#990 = VECTOR('',#991,1.);
#991 = DIRECTION('',(1.,0.,0.));
#992 = ORIENTED_EDGE('',*,*,#993,.F.);
#993 = EDGE_CURVE('',#994,#986,#996,.T.);
#994 = VERTEX_POINT('',#995);
#995 = CARTESIAN_POINT('',(14.35,-1.53,9.));
#996 = LINE('',#997,#998);
#997 = CARTESIAN_POINT('',(14.35,-1.53,9.));
#998 = VECTOR('',#999,1.);
#999 = DIRECTION('',(0.,-2.22044604925E-16,-1.));
#1000 = ORIENTED_EDGE('',*,*,#1001,.F.);
#1001 = EDGE_CURVE('',#1002,#994,#1004,.T.);
#1002 = VERTEX_POINT('',#1003);
#1003 = CARTESIAN_POINT('',(0.65,-1.53,9.));
#1004 = LINE('',#1005,#1006);
#1005 = CARTESIAN_POINT('',(0.65,-1.53,9.));
#1006 = VECTOR('',#1007,1.);
#1007 = DIRECTION('',(1.,0.,0.));
#1008 = ORIENTED_EDGE('',*,*,#1009,.T.);
#1009 = EDGE_CURVE('',#1002,#1010,#1012,.T.);
#1010 = VERTEX_POINT('',#1011);
#1011 = CARTESIAN_POINT('',(0.65,-1.53,3.7));
#1012 = LINE('',#1013,#1014);
#1013 = CARTESIAN_POINT('',(0.65,-1.53,9.));
#1014 = VECTOR('',#1015,1.);
#1015 = DIRECTION('',(0.,-2.22044604925E-16,-1.));
#1016 = ORIENTED_EDGE('',*,*,#1017,.T.);
#1017 = EDGE_CURVE('',#1010,#1018,#1020,.T.);
#1018 = VERTEX_POINT('',#1019);
#1019 = CARTESIAN_POINT('',(5.E-02,-1.53,3.7));
#1020 = LINE('',#1021,#1022);
#1021 = CARTESIAN_POINT('',(0.65,-1.53,3.7));
#1022 = VECTOR('',#1023,1.);
#1023 = DIRECTION('',(-1.,0.,0.));
#1024 = ORIENTED_EDGE('',*,*,#1025,.T.);
#1025 = EDGE_CURVE('',#1018,#1026,#1028,.T.);
#1026 = VERTEX_POINT('',#1027);
#1027 = CARTESIAN_POINT('',(-0.65,-1.53,4.9));
#1028 = LINE('',#1029,#1030);
#1029 = CARTESIAN_POINT('',(5.E-02,-1.53,3.7));
#1030 = VECTOR('',#1031,1.);
#1031 = DIRECTION('',(-0.503871025524,1.917974447926E-16,0.863778900898)
  );
#1032 = ORIENTED_EDGE('',*,*,#1033,.T.);
#1033 = EDGE_CURVE('',#1026,#1034,#1036,.T.);
#1034 = VERTEX_POINT('',#1035);
#1035 = CARTESIAN_POINT('',(-0.65,-1.53,5.7));
#1036 = LINE('',#1037,#1038);
#1037 = CARTESIAN_POINT('',(-0.65,-1.53,4.9));
#1038 = VECTOR('',#1039,1.);
#1039 = DIRECTION('',(0.,2.22044604925E-16,1.));
#1040 = ORIENTED_EDGE('',*,*,#1041,.T.);
#1041 = EDGE_CURVE('',#1034,#1042,#1044,.T.);
#1042 = VERTEX_POINT('',#1043);
#1043 = CARTESIAN_POINT('',(-0.2,-1.53,5.7));
#1044 = LINE('',#1045,#1046);
#1045 = CARTESIAN_POINT('',(-0.65,-1.53,5.7));
#1046 = VECTOR('',#1047,1.);
#1047 = DIRECTION('',(1.,0.,0.));
#1048 = ORIENTED_EDGE('',*,*,#1049,.F.);
#1049 = EDGE_CURVE('',#225,#1042,#1050,.T.);
#1050 = LINE('',#1051,#1052);
#1051 = CARTESIAN_POINT('',(5.E-02,-1.53,9.8));
#1052 = VECTOR('',#1053,1.);
#1053 = DIRECTION('',(-6.086257045056E-02,-2.216329687308E-16,
    -0.998146155389));
#1054 = ORIENTED_EDGE('',*,*,#224,.T.);
#1055 = ORIENTED_EDGE('',*,*,#1056,.T.);
#1056 = EDGE_CURVE('',#216,#1057,#1059,.T.);
#1057 = VERTEX_POINT('',#1058);
#1058 = CARTESIAN_POINT('',(-2.1,-1.53,9.2));
#1059 = LINE('',#1060,#1061);
#1060 = CARTESIAN_POINT('',(-2.1,-1.53,9.8));
#1061 = VECTOR('',#1062,1.);
#1062 = DIRECTION('',(-0.,-0.,-1.));
#1063 = ORIENTED_EDGE('',*,*,#1064,.F.);
#1064 = EDGE_CURVE('',#1065,#1057,#1067,.T.);
#1065 = VERTEX_POINT('',#1066);
#1066 = CARTESIAN_POINT('',(-1.6,-1.53,9.2));
#1067 = LINE('',#1068,#1069);
#1068 = CARTESIAN_POINT('',(17.1,-1.53,9.2));
#1069 = VECTOR('',#1070,1.);
#1070 = DIRECTION('',(-1.,0.,0.));
#1071 = ORIENTED_EDGE('',*,*,#1072,.T.);
#1072 = EDGE_CURVE('',#1065,#1073,#1075,.T.);
#1073 = VERTEX_POINT('',#1074);
#1074 = CARTESIAN_POINT('',(-1.6,-1.53,2.7));
#1075 = LINE('',#1076,#1077);
#1076 = CARTESIAN_POINT('',(-1.6,-1.53,9.8));
#1077 = VECTOR('',#1078,1.);
#1078 = DIRECTION('',(0.,0.,-1.));
#1079 = ORIENTED_EDGE('',*,*,#1080,.F.);
#1080 = EDGE_CURVE('',#1081,#1073,#1083,.T.);
#1081 = VERTEX_POINT('',#1082);
#1082 = CARTESIAN_POINT('',(16.6,-1.53,2.7));
#1083 = LINE('',#1084,#1085);
#1084 = CARTESIAN_POINT('',(16.6,-1.53,2.7));
#1085 = VECTOR('',#1086,1.);
#1086 = DIRECTION('',(-1.,-0.,-0.));
#1087 = ORIENTED_EDGE('',*,*,#1088,.F.);
#1088 = EDGE_CURVE('',#1089,#1081,#1091,.T.);
#1089 = VERTEX_POINT('',#1090);
#1090 = CARTESIAN_POINT('',(16.6,-1.53,9.2));
#1091 = LINE('',#1092,#1093);
#1092 = CARTESIAN_POINT('',(16.6,-1.53,9.8));
#1093 = VECTOR('',#1094,1.);
#1094 = DIRECTION('',(0.,0.,-1.));
#1095 = ORIENTED_EDGE('',*,*,#1096,.F.);
#1096 = EDGE_CURVE('',#945,#1089,#1097,.T.);
#1097 = LINE('',#1098,#1099);
#1098 = CARTESIAN_POINT('',(17.1,-1.53,9.2));
#1099 = VECTOR('',#1100,1.);
#1100 = DIRECTION('',(-1.,0.,0.));
#1101 = PLANE('',#1102);
#1102 = AXIS2_PLACEMENT_3D('',#1103,#1104,#1105);
#1103 = CARTESIAN_POINT('',(7.5,-1.53,6.373574144487));
#1104 = DIRECTION('',(-0.,-1.,-0.));
#1105 = DIRECTION('',(0.,0.,-1.));
#1106 = ADVANCED_FACE('',(#1107),#1125,.T.);
#1107 = FACE_BOUND('',#1108,.T.);
#1108 = EDGE_LOOP('',(#1109,#1110,#1118,#1124));
#1109 = ORIENTED_EDGE('',*,*,#248,.T.);
#1110 = ORIENTED_EDGE('',*,*,#1111,.T.);
#1111 = EDGE_CURVE('',#241,#1112,#1114,.T.);
#1112 = VERTEX_POINT('',#1113);
#1113 = CARTESIAN_POINT('',(15.2,-2.33,5.7));
#1114 = LINE('',#1115,#1116);
#1115 = CARTESIAN_POINT('',(14.95,-2.33,9.8));
#1116 = VECTOR('',#1117,1.);
#1117 = DIRECTION('',(6.086257045056E-02,-2.216329687308E-16,
    -0.998146155389));
#1118 = ORIENTED_EDGE('',*,*,#1119,.F.);
#1119 = EDGE_CURVE('',#954,#1112,#1120,.T.);
#1120 = LINE('',#1121,#1122);
#1121 = CARTESIAN_POINT('',(15.2,-1.53,5.7));
#1122 = VECTOR('',#1123,1.);
#1123 = DIRECTION('',(0.,-1.,2.22044604925E-16));
#1124 = ORIENTED_EDGE('',*,*,#953,.F.);
#1125 = PLANE('',#1126);
#1126 = AXIS2_PLACEMENT_3D('',#1127,#1128,#1129);
#1127 = CARTESIAN_POINT('',(14.95,-1.53,9.8));
#1128 = DIRECTION('',(0.998146155389,1.351420541042E-17,
    6.086257045056E-02));
#1129 = DIRECTION('',(6.086257045056E-02,-2.216329687308E-16,
    -0.998146155389));
#1130 = ADVANCED_FACE('',(#1131),#1229,.F.);
#1131 = FACE_BOUND('',#1132,.T.);
#1132 = EDGE_LOOP('',(#1133,#1141,#1149,#1157,#1165,#1173,#1181,#1189,
    #1197,#1205,#1213,#1221,#1227,#1228));
#1133 = ORIENTED_EDGE('',*,*,#1134,.T.);
#1134 = EDGE_CURVE('',#233,#1135,#1137,.T.);
#1135 = VERTEX_POINT('',#1136);
#1136 = CARTESIAN_POINT('',(-0.2,-2.33,5.7));
#1137 = LINE('',#1138,#1139);
#1138 = CARTESIAN_POINT('',(5.E-02,-2.33,9.8));
#1139 = VECTOR('',#1140,1.);
#1140 = DIRECTION('',(-6.086257045056E-02,-2.216329687308E-16,
    -0.998146155389));
#1141 = ORIENTED_EDGE('',*,*,#1142,.F.);
#1142 = EDGE_CURVE('',#1143,#1135,#1145,.T.);
#1143 = VERTEX_POINT('',#1144);
#1144 = CARTESIAN_POINT('',(-0.65,-2.33,5.7));
#1145 = LINE('',#1146,#1147);
#1146 = CARTESIAN_POINT('',(-0.65,-2.33,5.7));
#1147 = VECTOR('',#1148,1.);
#1148 = DIRECTION('',(1.,0.,0.));
#1149 = ORIENTED_EDGE('',*,*,#1150,.F.);
#1150 = EDGE_CURVE('',#1151,#1143,#1153,.T.);
#1151 = VERTEX_POINT('',#1152);
#1152 = CARTESIAN_POINT('',(-0.65,-2.33,4.9));
#1153 = LINE('',#1154,#1155);
#1154 = CARTESIAN_POINT('',(-0.65,-2.33,4.9));
#1155 = VECTOR('',#1156,1.);
#1156 = DIRECTION('',(0.,2.22044604925E-16,1.));
#1157 = ORIENTED_EDGE('',*,*,#1158,.F.);
#1158 = EDGE_CURVE('',#1159,#1151,#1161,.T.);
#1159 = VERTEX_POINT('',#1160);
#1160 = CARTESIAN_POINT('',(5.E-02,-2.33,3.7));
#1161 = LINE('',#1162,#1163);
#1162 = CARTESIAN_POINT('',(5.E-02,-2.33,3.7));
#1163 = VECTOR('',#1164,1.);
#1164 = DIRECTION('',(-0.503871025524,1.917974447926E-16,0.863778900898)
  );
#1165 = ORIENTED_EDGE('',*,*,#1166,.F.);
#1166 = EDGE_CURVE('',#1167,#1159,#1169,.T.);
#1167 = VERTEX_POINT('',#1168);
#1168 = CARTESIAN_POINT('',(0.65,-2.33,3.7));
#1169 = LINE('',#1170,#1171);
#1170 = CARTESIAN_POINT('',(0.65,-2.33,3.7));
#1171 = VECTOR('',#1172,1.);
#1172 = DIRECTION('',(-1.,0.,0.));
#1173 = ORIENTED_EDGE('',*,*,#1174,.F.);
#1174 = EDGE_CURVE('',#1175,#1167,#1177,.T.);
#1175 = VERTEX_POINT('',#1176);
#1176 = CARTESIAN_POINT('',(0.65,-2.33,9.));
#1177 = LINE('',#1178,#1179);
#1178 = CARTESIAN_POINT('',(0.65,-2.33,9.));
#1179 = VECTOR('',#1180,1.);
#1180 = DIRECTION('',(0.,-2.22044604925E-16,-1.));
#1181 = ORIENTED_EDGE('',*,*,#1182,.T.);
#1182 = EDGE_CURVE('',#1175,#1183,#1185,.T.);
#1183 = VERTEX_POINT('',#1184);
#1184 = CARTESIAN_POINT('',(14.35,-2.33,9.));
#1185 = LINE('',#1186,#1187);
#1186 = CARTESIAN_POINT('',(0.65,-2.33,9.));
#1187 = VECTOR('',#1188,1.);
#1188 = DIRECTION('',(1.,0.,0.));
#1189 = ORIENTED_EDGE('',*,*,#1190,.T.);
#1190 = EDGE_CURVE('',#1183,#1191,#1193,.T.);
#1191 = VERTEX_POINT('',#1192);
#1192 = CARTESIAN_POINT('',(14.35,-2.33,3.7));
#1193 = LINE('',#1194,#1195);
#1194 = CARTESIAN_POINT('',(14.35,-2.33,9.));
#1195 = VECTOR('',#1196,1.);
#1196 = DIRECTION('',(0.,-2.22044604925E-16,-1.));
#1197 = ORIENTED_EDGE('',*,*,#1198,.T.);
#1198 = EDGE_CURVE('',#1191,#1199,#1201,.T.);
#1199 = VERTEX_POINT('',#1200);
#1200 = CARTESIAN_POINT('',(14.95,-2.33,3.7));
#1201 = LINE('',#1202,#1203);
#1202 = CARTESIAN_POINT('',(14.35,-2.33,3.7));
#1203 = VECTOR('',#1204,1.);
#1204 = DIRECTION('',(1.,0.,0.));
#1205 = ORIENTED_EDGE('',*,*,#1206,.T.);
#1206 = EDGE_CURVE('',#1199,#1207,#1209,.T.);
#1207 = VERTEX_POINT('',#1208);
#1208 = CARTESIAN_POINT('',(15.65,-2.33,4.9));
#1209 = LINE('',#1210,#1211);
#1210 = CARTESIAN_POINT('',(14.95,-2.33,3.7));
#1211 = VECTOR('',#1212,1.);
#1212 = DIRECTION('',(0.503871025524,1.917974447926E-16,0.863778900898)
  );
#1213 = ORIENTED_EDGE('',*,*,#1214,.T.);
#1214 = EDGE_CURVE('',#1207,#1215,#1217,.T.);
#1215 = VERTEX_POINT('',#1216);
#1216 = CARTESIAN_POINT('',(15.65,-2.33,5.7));
#1217 = LINE('',#1218,#1219);
#1218 = CARTESIAN_POINT('',(15.65,-2.33,4.9));
#1219 = VECTOR('',#1220,1.);
#1220 = DIRECTION('',(0.,2.22044604925E-16,1.));
#1221 = ORIENTED_EDGE('',*,*,#1222,.T.);
#1222 = EDGE_CURVE('',#1215,#1112,#1223,.T.);
#1223 = LINE('',#1224,#1225);
#1224 = CARTESIAN_POINT('',(15.65,-2.33,5.7));
#1225 = VECTOR('',#1226,1.);
#1226 = DIRECTION('',(-1.,0.,0.));
#1227 = ORIENTED_EDGE('',*,*,#1111,.F.);
#1228 = ORIENTED_EDGE('',*,*,#240,.F.);
#1229 = PLANE('',#1230);
#1230 = AXIS2_PLACEMENT_3D('',#1231,#1232,#1233);
#1231 = CARTESIAN_POINT('',(7.5,-2.33,7.984149989741));
#1232 = DIRECTION('',(0.,1.,0.));
#1233 = DIRECTION('',(0.,0.,1.));
#1234 = ADVANCED_FACE('',(#1235),#1246,.F.);
#1235 = FACE_BOUND('',#1236,.F.);
#1236 = EDGE_LOOP('',(#1237,#1238,#1239,#1245));
#1237 = ORIENTED_EDGE('',*,*,#232,.T.);
#1238 = ORIENTED_EDGE('',*,*,#1134,.T.);
#1239 = ORIENTED_EDGE('',*,*,#1240,.F.);
#1240 = EDGE_CURVE('',#1042,#1135,#1241,.T.);
#1241 = LINE('',#1242,#1243);
#1242 = CARTESIAN_POINT('',(-0.2,-1.53,5.7));
#1243 = VECTOR('',#1244,1.);
#1244 = DIRECTION('',(0.,-1.,2.22044604925E-16));
#1245 = ORIENTED_EDGE('',*,*,#1049,.F.);
#1246 = PLANE('',#1247);
#1247 = AXIS2_PLACEMENT_3D('',#1248,#1249,#1250);
#1248 = CARTESIAN_POINT('',(5.E-02,-1.53,9.8));
#1249 = DIRECTION('',(0.998146155389,-1.351420541042E-17,
    -6.086257045056E-02));
#1250 = DIRECTION('',(-6.086257045056E-02,-2.216329687308E-16,
    -0.998146155389));
#1251 = ADVANCED_FACE('',(#1252),#1271,.T.);
#1252 = FACE_BOUND('',#1253,.T.);
#1253 = EDGE_LOOP('',(#1254,#1262,#1269,#1270));
#1254 = ORIENTED_EDGE('',*,*,#1255,.T.);
#1255 = EDGE_CURVE('',#208,#1256,#1258,.T.);
#1256 = VERTEX_POINT('',#1257);
#1257 = CARTESIAN_POINT('',(-2.4,-1.23,9.2));
#1258 = LINE('',#1259,#1260);
#1259 = CARTESIAN_POINT('',(-2.4,-1.23,9.8));
#1260 = VECTOR('',#1261,1.);
#1261 = DIRECTION('',(-0.,-0.,-1.));
#1262 = ORIENTED_EDGE('',*,*,#1263,.T.);
#1263 = EDGE_CURVE('',#1256,#1057,#1264,.T.);
#1264 = CIRCLE('',#1265,0.3);
#1265 = AXIS2_PLACEMENT_3D('',#1266,#1267,#1268);
#1266 = CARTESIAN_POINT('',(-2.1,-1.23,9.2));
#1267 = DIRECTION('',(0.,0.,1.));
#1268 = DIRECTION('',(1.,0.,0.));
#1269 = ORIENTED_EDGE('',*,*,#1056,.F.);
#1270 = ORIENTED_EDGE('',*,*,#215,.F.);
#1271 = CYLINDRICAL_SURFACE('',#1272,0.3);
#1272 = AXIS2_PLACEMENT_3D('',#1273,#1274,#1275);
#1273 = CARTESIAN_POINT('',(-2.1,-1.23,9.8));
#1274 = DIRECTION('',(0.,0.,1.));
#1275 = DIRECTION('',(1.,0.,0.));
#1276 = ADVANCED_FACE('',(#1277),#1295,.F.);
#1277 = FACE_BOUND('',#1278,.F.);
#1278 = EDGE_LOOP('',(#1279,#1280,#1288,#1294));
#1279 = ORIENTED_EDGE('',*,*,#1255,.T.);
#1280 = ORIENTED_EDGE('',*,*,#1281,.T.);
#1281 = EDGE_CURVE('',#1256,#1282,#1284,.T.);
#1282 = VERTEX_POINT('',#1283);
#1283 = CARTESIAN_POINT('',(-2.4,3.07,9.2));
#1284 = LINE('',#1285,#1286);
#1285 = CARTESIAN_POINT('',(-2.4,-1.23,9.2));
#1286 = VECTOR('',#1287,1.);
#1287 = DIRECTION('',(0.,1.,0.));
#1288 = ORIENTED_EDGE('',*,*,#1289,.F.);
#1289 = EDGE_CURVE('',#199,#1282,#1290,.T.);
#1290 = LINE('',#1291,#1292);
#1291 = CARTESIAN_POINT('',(-2.4,3.07,9.8));
#1292 = VECTOR('',#1293,1.);
#1293 = DIRECTION('',(-0.,-0.,-1.));
#1294 = ORIENTED_EDGE('',*,*,#207,.F.);
#1295 = PLANE('',#1296);
#1296 = AXIS2_PLACEMENT_3D('',#1297,#1298,#1299);
#1297 = CARTESIAN_POINT('',(-2.4,-1.23,9.8));
#1298 = DIRECTION('',(1.,0.,0.));
#1299 = DIRECTION('',(0.,1.,0.));
#1300 = ADVANCED_FACE('',(#1301),#1320,.T.);
#1301 = FACE_BOUND('',#1302,.T.);
#1302 = EDGE_LOOP('',(#1303,#1311,#1318,#1319));
#1303 = ORIENTED_EDGE('',*,*,#1304,.T.);
#1304 = EDGE_CURVE('',#191,#1305,#1307,.T.);
#1305 = VERTEX_POINT('',#1306);
#1306 = CARTESIAN_POINT('',(-2.1,3.37,9.2));
#1307 = LINE('',#1308,#1309);
#1308 = CARTESIAN_POINT('',(-2.1,3.37,9.8));
#1309 = VECTOR('',#1310,1.);
#1310 = DIRECTION('',(-0.,-0.,-1.));
#1311 = ORIENTED_EDGE('',*,*,#1312,.T.);
#1312 = EDGE_CURVE('',#1305,#1282,#1313,.T.);
#1313 = CIRCLE('',#1314,0.3);
#1314 = AXIS2_PLACEMENT_3D('',#1315,#1316,#1317);
#1315 = CARTESIAN_POINT('',(-2.1,3.07,9.2));
#1316 = DIRECTION('',(0.,0.,1.));
#1317 = DIRECTION('',(1.,0.,0.));
#1318 = ORIENTED_EDGE('',*,*,#1289,.F.);
#1319 = ORIENTED_EDGE('',*,*,#198,.F.);
#1320 = CYLINDRICAL_SURFACE('',#1321,0.3);
#1321 = AXIS2_PLACEMENT_3D('',#1322,#1323,#1324);
#1322 = CARTESIAN_POINT('',(-2.1,3.07,9.8));
#1323 = DIRECTION('',(0.,0.,1.));
#1324 = DIRECTION('',(1.,0.,0.));
#1325 = ADVANCED_FACE('',(#1326),#1344,.F.);
#1326 = FACE_BOUND('',#1327,.F.);
#1327 = EDGE_LOOP('',(#1328,#1329,#1337,#1343));
#1328 = ORIENTED_EDGE('',*,*,#1304,.T.);
#1329 = ORIENTED_EDGE('',*,*,#1330,.T.);
#1330 = EDGE_CURVE('',#1305,#1331,#1333,.T.);
#1331 = VERTEX_POINT('',#1332);
#1332 = CARTESIAN_POINT('',(17.1,3.37,9.2));
#1333 = LINE('',#1334,#1335);
#1334 = CARTESIAN_POINT('',(-2.1,3.37,9.2));
#1335 = VECTOR('',#1336,1.);
#1336 = DIRECTION('',(1.,0.,0.));
#1337 = ORIENTED_EDGE('',*,*,#1338,.F.);
#1338 = EDGE_CURVE('',#182,#1331,#1339,.T.);
#1339 = LINE('',#1340,#1341);
#1340 = CARTESIAN_POINT('',(17.1,3.37,9.8));
#1341 = VECTOR('',#1342,1.);
#1342 = DIRECTION('',(-0.,-0.,-1.));
#1343 = ORIENTED_EDGE('',*,*,#190,.F.);
#1344 = PLANE('',#1345);
#1345 = AXIS2_PLACEMENT_3D('',#1346,#1347,#1348);
#1346 = CARTESIAN_POINT('',(-2.1,3.37,9.8));
#1347 = DIRECTION('',(0.,-1.,0.));
#1348 = DIRECTION('',(1.,0.,0.));
#1349 = ADVANCED_FACE('',(#1350),#1369,.T.);
#1350 = FACE_BOUND('',#1351,.T.);
#1351 = EDGE_LOOP('',(#1352,#1360,#1367,#1368));
#1352 = ORIENTED_EDGE('',*,*,#1353,.T.);
#1353 = EDGE_CURVE('',#174,#1354,#1356,.T.);
#1354 = VERTEX_POINT('',#1355);
#1355 = CARTESIAN_POINT('',(17.4,3.07,9.2));
#1356 = LINE('',#1357,#1358);
#1357 = CARTESIAN_POINT('',(17.4,3.07,9.8));
#1358 = VECTOR('',#1359,1.);
#1359 = DIRECTION('',(-0.,-0.,-1.));
#1360 = ORIENTED_EDGE('',*,*,#1361,.T.);
#1361 = EDGE_CURVE('',#1354,#1331,#1362,.T.);
#1362 = CIRCLE('',#1363,0.3);
#1363 = AXIS2_PLACEMENT_3D('',#1364,#1365,#1366);
#1364 = CARTESIAN_POINT('',(17.1,3.07,9.2));
#1365 = DIRECTION('',(0.,0.,1.));
#1366 = DIRECTION('',(1.,0.,0.));
#1367 = ORIENTED_EDGE('',*,*,#1338,.F.);
#1368 = ORIENTED_EDGE('',*,*,#181,.F.);
#1369 = CYLINDRICAL_SURFACE('',#1370,0.3);
#1370 = AXIS2_PLACEMENT_3D('',#1371,#1372,#1373);
#1371 = CARTESIAN_POINT('',(17.1,3.07,9.8));
#1372 = DIRECTION('',(0.,0.,1.));
#1373 = DIRECTION('',(1.,0.,0.));
#1374 = ADVANCED_FACE('',(#1375),#1393,.F.);
#1375 = FACE_BOUND('',#1376,.F.);
#1376 = EDGE_LOOP('',(#1377,#1378,#1379,#1387));
#1377 = ORIENTED_EDGE('',*,*,#173,.F.);
#1378 = ORIENTED_EDGE('',*,*,#1353,.T.);
#1379 = ORIENTED_EDGE('',*,*,#1380,.T.);
#1380 = EDGE_CURVE('',#1354,#1381,#1383,.T.);
#1381 = VERTEX_POINT('',#1382);
#1382 = CARTESIAN_POINT('',(17.4,1.4625,9.2));
#1383 = LINE('',#1384,#1385);
#1384 = CARTESIAN_POINT('',(17.4,3.07,9.2));
#1385 = VECTOR('',#1386,1.);
#1386 = DIRECTION('',(0.,-1.,0.));
#1387 = ORIENTED_EDGE('',*,*,#1388,.T.);
#1388 = EDGE_CURVE('',#1381,#166,#1389,.T.);
#1389 = LINE('',#1390,#1391);
#1390 = CARTESIAN_POINT('',(17.4,1.4625,9.8));
#1391 = VECTOR('',#1392,1.);
#1392 = DIRECTION('',(0.,0.,1.));
#1393 = PLANE('',#1394);
#1394 = AXIS2_PLACEMENT_3D('',#1395,#1396,#1397);
#1395 = CARTESIAN_POINT('',(17.4,3.07,9.8));
#1396 = DIRECTION('',(-1.,0.,0.));
#1397 = DIRECTION('',(0.,-1.,0.));
#1398 = ADVANCED_FACE('',(#1399),#1417,.T.);
#1399 = FACE_BOUND('',#1400,.T.);
#1400 = EDGE_LOOP('',(#1401,#1402,#1410,#1416));
#1401 = ORIENTED_EDGE('',*,*,#165,.F.);
#1402 = ORIENTED_EDGE('',*,*,#1403,.T.);
#1403 = EDGE_CURVE('',#158,#1404,#1406,.T.);
#1404 = VERTEX_POINT('',#1405);
#1405 = CARTESIAN_POINT('',(16.65,0.9,9.2));
#1406 = LINE('',#1407,#1408);
#1407 = CARTESIAN_POINT('',(16.65,0.9,9.8));
#1408 = VECTOR('',#1409,1.);
#1409 = DIRECTION('',(-0.,-0.,-1.));
#1410 = ORIENTED_EDGE('',*,*,#1411,.T.);
#1411 = EDGE_CURVE('',#1404,#1381,#1412,.T.);
#1412 = LINE('',#1413,#1414);
#1413 = CARTESIAN_POINT('',(13.7268,-1.2924,9.2));
#1414 = VECTOR('',#1415,1.);
#1415 = DIRECTION('',(0.8,0.6,0.));
#1416 = ORIENTED_EDGE('',*,*,#1388,.T.);
#1417 = PLANE('',#1418);
#1418 = AXIS2_PLACEMENT_3D('',#1419,#1420,#1421);
#1419 = CARTESIAN_POINT('',(16.65,0.9,9.8));
#1420 = DIRECTION('',(0.6,-0.8,0.));
#1421 = DIRECTION('',(0.8,0.6,0.));
#1422 = ADVANCED_FACE('',(#1423),#1441,.T.);
#1423 = FACE_BOUND('',#1424,.T.);
#1424 = EDGE_LOOP('',(#1425,#1426,#1434,#1440));
#1425 = ORIENTED_EDGE('',*,*,#157,.F.);
#1426 = ORIENTED_EDGE('',*,*,#1427,.T.);
#1427 = EDGE_CURVE('',#150,#1428,#1430,.T.);
#1428 = VERTEX_POINT('',#1429);
#1429 = CARTESIAN_POINT('',(17.4,0.3375,9.2));
#1430 = LINE('',#1431,#1432);
#1431 = CARTESIAN_POINT('',(17.4,0.3375,9.8));
#1432 = VECTOR('',#1433,1.);
#1433 = DIRECTION('',(0.,0.,-1.));
#1434 = ORIENTED_EDGE('',*,*,#1435,.T.);
#1435 = EDGE_CURVE('',#1428,#1404,#1436,.T.);
#1436 = LINE('',#1437,#1438);
#1437 = CARTESIAN_POINT('',(14.1172,2.7996,9.2));
#1438 = VECTOR('',#1439,1.);
#1439 = DIRECTION('',(-0.8,0.6,0.));
#1440 = ORIENTED_EDGE('',*,*,#1403,.F.);
#1441 = PLANE('',#1442);
#1442 = AXIS2_PLACEMENT_3D('',#1443,#1444,#1445);
#1443 = CARTESIAN_POINT('',(17.45,0.3,9.8));
#1444 = DIRECTION('',(0.6,0.8,0.));
#1445 = DIRECTION('',(-0.8,0.6,0.));
#1446 = ADVANCED_FACE('',(#1447),#1465,.F.);
#1447 = FACE_BOUND('',#1448,.F.);
#1448 = EDGE_LOOP('',(#1449,#1450,#1451,#1459));
#1449 = ORIENTED_EDGE('',*,*,#149,.F.);
#1450 = ORIENTED_EDGE('',*,*,#1427,.T.);
#1451 = ORIENTED_EDGE('',*,*,#1452,.T.);
#1452 = EDGE_CURVE('',#1428,#1453,#1455,.T.);
#1453 = VERTEX_POINT('',#1454);
#1454 = CARTESIAN_POINT('',(17.4,-1.23,9.2));
#1455 = LINE('',#1456,#1457);
#1456 = CARTESIAN_POINT('',(17.4,3.07,9.2));
#1457 = VECTOR('',#1458,1.);
#1458 = DIRECTION('',(0.,-1.,0.));
#1459 = ORIENTED_EDGE('',*,*,#1460,.F.);
#1460 = EDGE_CURVE('',#141,#1453,#1461,.T.);
#1461 = LINE('',#1462,#1463);
#1462 = CARTESIAN_POINT('',(17.4,-1.23,9.8));
#1463 = VECTOR('',#1464,1.);
#1464 = DIRECTION('',(-0.,-0.,-1.));
#1465 = PLANE('',#1466);
#1466 = AXIS2_PLACEMENT_3D('',#1467,#1468,#1469);
#1467 = CARTESIAN_POINT('',(17.4,3.07,9.8));
#1468 = DIRECTION('',(-1.,0.,0.));
#1469 = DIRECTION('',(0.,-1.,0.));
#1470 = ADVANCED_FACE('',(#1471),#1483,.T.);
#1471 = FACE_BOUND('',#1472,.T.);
#1472 = EDGE_LOOP('',(#1473,#1474,#1481,#1482));
#1473 = ORIENTED_EDGE('',*,*,#944,.T.);
#1474 = ORIENTED_EDGE('',*,*,#1475,.T.);
#1475 = EDGE_CURVE('',#945,#1453,#1476,.T.);
#1476 = CIRCLE('',#1477,0.3);
#1477 = AXIS2_PLACEMENT_3D('',#1478,#1479,#1480);
#1478 = CARTESIAN_POINT('',(17.1,-1.23,9.2));
#1479 = DIRECTION('',(0.,0.,1.));
#1480 = DIRECTION('',(1.,0.,0.));
#1481 = ORIENTED_EDGE('',*,*,#1460,.F.);
#1482 = ORIENTED_EDGE('',*,*,#140,.F.);
#1483 = CYLINDRICAL_SURFACE('',#1484,0.3);
#1484 = AXIS2_PLACEMENT_3D('',#1485,#1486,#1487);
#1485 = CARTESIAN_POINT('',(17.1,-1.23,9.8));
#1486 = DIRECTION('',(0.,0.,1.));
#1487 = DIRECTION('',(1.,0.,0.));
#1488 = ADVANCED_FACE('',(#1489),#1530,.F.);
#1489 = FACE_BOUND('',#1490,.F.);
#1490 = EDGE_LOOP('',(#1491,#1499,#1507,#1515,#1523,#1529));
#1491 = ORIENTED_EDGE('',*,*,#1492,.F.);
#1492 = EDGE_CURVE('',#1493,#257,#1495,.T.);
#1493 = VERTEX_POINT('',#1494);
#1494 = CARTESIAN_POINT('',(1.05,1.52,3.45));
#1495 = LINE('',#1496,#1497);
#1496 = CARTESIAN_POINT('',(1.05,1.52,3.45));
#1497 = VECTOR('',#1498,1.);
#1498 = DIRECTION('',(0.,0.,1.));
#1499 = ORIENTED_EDGE('',*,*,#1500,.T.);
#1500 = EDGE_CURVE('',#1493,#1501,#1503,.T.);
#1501 = VERTEX_POINT('',#1502);
#1502 = CARTESIAN_POINT('',(0.6,1.52,3.45));
#1503 = LINE('',#1504,#1505);
#1504 = CARTESIAN_POINT('',(1.05,1.52,3.45));
#1505 = VECTOR('',#1506,1.);
#1506 = DIRECTION('',(-1.,-0.,-0.));
#1507 = ORIENTED_EDGE('',*,*,#1508,.F.);
#1508 = EDGE_CURVE('',#1509,#1501,#1511,.T.);
#1509 = VERTEX_POINT('',#1510);
#1510 = CARTESIAN_POINT('',(0.6,1.52,5.25));
#1511 = LINE('',#1512,#1513);
#1512 = CARTESIAN_POINT('',(0.6,1.52,5.25));
#1513 = VECTOR('',#1514,1.);
#1514 = DIRECTION('',(0.,1.233581138472E-16,-1.));
#1515 = ORIENTED_EDGE('',*,*,#1516,.T.);
#1516 = EDGE_CURVE('',#1509,#1517,#1519,.T.);
#1517 = VERTEX_POINT('',#1518);
#1518 = CARTESIAN_POINT('',(0.5,1.52,5.25));
#1519 = LINE('',#1520,#1521);
#1520 = CARTESIAN_POINT('',(0.6,1.52,5.25));
#1521 = VECTOR('',#1522,1.);
#1522 = DIRECTION('',(-1.,-0.,-0.));
#1523 = ORIENTED_EDGE('',*,*,#1524,.F.);
#1524 = EDGE_CURVE('',#259,#1517,#1525,.T.);
#1525 = LINE('',#1526,#1527);
#1526 = CARTESIAN_POINT('',(0.5,1.52,9.8));
#1527 = VECTOR('',#1528,1.);
#1528 = DIRECTION('',(0.,0.,-1.));
#1529 = ORIENTED_EDGE('',*,*,#256,.F.);
#1530 = PLANE('',#1531);
#1531 = AXIS2_PLACEMENT_3D('',#1532,#1533,#1534);
#1532 = CARTESIAN_POINT('',(1.05,1.52,3.45));
#1533 = DIRECTION('',(0.,1.,0.));
#1534 = DIRECTION('',(0.,0.,1.));
#1535 = ADVANCED_FACE('',(#1536),#1554,.F.);
#1536 = FACE_BOUND('',#1537,.F.);
#1537 = EDGE_LOOP('',(#1538,#1546,#1547,#1548));
#1538 = ORIENTED_EDGE('',*,*,#1539,.T.);
#1539 = EDGE_CURVE('',#1540,#1493,#1542,.T.);
#1540 = VERTEX_POINT('',#1541);
#1541 = CARTESIAN_POINT('',(1.05,-0.98,3.45));
#1542 = LINE('',#1543,#1544);
#1543 = CARTESIAN_POINT('',(1.05,-0.98,3.45));
#1544 = VECTOR('',#1545,1.);
#1545 = DIRECTION('',(0.,1.,0.));
#1546 = ORIENTED_EDGE('',*,*,#1492,.T.);
#1547 = ORIENTED_EDGE('',*,*,#266,.T.);
#1548 = ORIENTED_EDGE('',*,*,#1549,.T.);
#1549 = EDGE_CURVE('',#267,#1540,#1550,.T.);
#1550 = LINE('',#1551,#1552);
#1551 = CARTESIAN_POINT('',(1.05,-0.98,9.8));
#1552 = VECTOR('',#1553,1.);
#1553 = DIRECTION('',(0.,0.,-1.));
#1554 = PLANE('',#1555);
#1555 = AXIS2_PLACEMENT_3D('',#1556,#1557,#1558);
#1556 = CARTESIAN_POINT('',(1.05,0.27,6.625));
#1557 = DIRECTION('',(1.,0.,0.));
#1558 = DIRECTION('',(0.,0.,1.));
#1559 = ADVANCED_FACE('',(#1560),#1578,.F.);
#1560 = FACE_BOUND('',#1561,.F.);
#1561 = EDGE_LOOP('',(#1562,#1563,#1571,#1577));
#1562 = ORIENTED_EDGE('',*,*,#1524,.T.);
#1563 = ORIENTED_EDGE('',*,*,#1564,.T.);
#1564 = EDGE_CURVE('',#1517,#1565,#1567,.T.);
#1565 = VERTEX_POINT('',#1566);
#1566 = CARTESIAN_POINT('',(0.5,1.92,5.25));
#1567 = LINE('',#1568,#1569);
#1568 = CARTESIAN_POINT('',(0.5,1.52,5.25));
#1569 = VECTOR('',#1570,1.);
#1570 = DIRECTION('',(0.,1.,0.));
#1571 = ORIENTED_EDGE('',*,*,#1572,.T.);
#1572 = EDGE_CURVE('',#1565,#307,#1573,.T.);
#1573 = LINE('',#1574,#1575);
#1574 = CARTESIAN_POINT('',(0.5,1.92,5.25));
#1575 = VECTOR('',#1576,1.);
#1576 = DIRECTION('',(0.,0.,1.));
#1577 = ORIENTED_EDGE('',*,*,#314,.T.);
#1578 = PLANE('',#1579);
#1579 = AXIS2_PLACEMENT_3D('',#1580,#1581,#1582);
#1580 = CARTESIAN_POINT('',(0.5,1.72,7.525));
#1581 = DIRECTION('',(1.,0.,0.));
#1582 = DIRECTION('',(0.,0.,1.));
#1583 = ADVANCED_FACE('',(#1584),#1602,.F.);
#1584 = FACE_BOUND('',#1585,.F.);
#1585 = EDGE_LOOP('',(#1586,#1587,#1595,#1601));
#1586 = ORIENTED_EDGE('',*,*,#274,.T.);
#1587 = ORIENTED_EDGE('',*,*,#1588,.T.);
#1588 = EDGE_CURVE('',#275,#1589,#1591,.T.);
#1589 = VERTEX_POINT('',#1590);
#1590 = CARTESIAN_POINT('',(-1.05,-0.98,3.45));
#1591 = LINE('',#1592,#1593);
#1592 = CARTESIAN_POINT('',(-1.05,-0.98,9.8));
#1593 = VECTOR('',#1594,1.);
#1594 = DIRECTION('',(0.,0.,-1.));
#1595 = ORIENTED_EDGE('',*,*,#1596,.F.);
#1596 = EDGE_CURVE('',#1540,#1589,#1597,.T.);
#1597 = LINE('',#1598,#1599);
#1598 = CARTESIAN_POINT('',(1.05,-0.98,3.45));
#1599 = VECTOR('',#1600,1.);
#1600 = DIRECTION('',(-1.,-0.,-0.));
#1601 = ORIENTED_EDGE('',*,*,#1549,.F.);
#1602 = PLANE('',#1603);
#1603 = AXIS2_PLACEMENT_3D('',#1604,#1605,#1606);
#1604 = CARTESIAN_POINT('',(1.05,-0.98,9.8));
#1605 = DIRECTION('',(0.,-1.,0.));
#1606 = DIRECTION('',(0.,0.,-1.));
#1607 = ADVANCED_FACE('',(#1608),#1626,.F.);
#1608 = FACE_BOUND('',#1609,.F.);
#1609 = EDGE_LOOP('',(#1610,#1618,#1624,#1625));
#1610 = ORIENTED_EDGE('',*,*,#1611,.T.);
#1611 = EDGE_CURVE('',#1565,#1612,#1614,.T.);
#1612 = VERTEX_POINT('',#1613);
#1613 = CARTESIAN_POINT('',(-0.5,1.92,5.25));
#1614 = LINE('',#1615,#1616);
#1615 = CARTESIAN_POINT('',(0.5,1.92,5.25));
#1616 = VECTOR('',#1617,1.);
#1617 = DIRECTION('',(-1.,-0.,-0.));
#1618 = ORIENTED_EDGE('',*,*,#1619,.T.);
#1619 = EDGE_CURVE('',#1612,#299,#1620,.T.);
#1620 = LINE('',#1621,#1622);
#1621 = CARTESIAN_POINT('',(-0.5,1.92,5.25));
#1622 = VECTOR('',#1623,1.);
#1623 = DIRECTION('',(0.,0.,1.));
#1624 = ORIENTED_EDGE('',*,*,#306,.F.);
#1625 = ORIENTED_EDGE('',*,*,#1572,.F.);
#1626 = PLANE('',#1627);
#1627 = AXIS2_PLACEMENT_3D('',#1628,#1629,#1630);
#1628 = CARTESIAN_POINT('',(0.5,1.92,5.25));
#1629 = DIRECTION('',(0.,1.,0.));
#1630 = DIRECTION('',(0.,0.,1.));
#1631 = ADVANCED_FACE('',(#1632),#1650,.T.);
#1632 = FACE_BOUND('',#1633,.T.);
#1633 = EDGE_LOOP('',(#1634,#1642,#1648,#1649));
#1634 = ORIENTED_EDGE('',*,*,#1635,.T.);
#1635 = EDGE_CURVE('',#1589,#1636,#1638,.T.);
#1636 = VERTEX_POINT('',#1637);
#1637 = CARTESIAN_POINT('',(-1.05,1.52,3.45));
#1638 = LINE('',#1639,#1640);
#1639 = CARTESIAN_POINT('',(-1.05,-0.98,3.45));
#1640 = VECTOR('',#1641,1.);
#1641 = DIRECTION('',(0.,1.,0.));
#1642 = ORIENTED_EDGE('',*,*,#1643,.T.);
#1643 = EDGE_CURVE('',#1636,#283,#1644,.T.);
#1644 = LINE('',#1645,#1646);
#1645 = CARTESIAN_POINT('',(-1.05,1.52,3.45));
#1646 = VECTOR('',#1647,1.);
#1647 = DIRECTION('',(0.,0.,1.));
#1648 = ORIENTED_EDGE('',*,*,#282,.T.);
#1649 = ORIENTED_EDGE('',*,*,#1588,.T.);
#1650 = PLANE('',#1651);
#1651 = AXIS2_PLACEMENT_3D('',#1652,#1653,#1654);
#1652 = CARTESIAN_POINT('',(-1.05,0.27,6.625));
#1653 = DIRECTION('',(1.,0.,0.));
#1654 = DIRECTION('',(0.,0.,1.));
#1655 = ADVANCED_FACE('',(#1656),#1674,.T.);
#1656 = FACE_BOUND('',#1657,.T.);
#1657 = EDGE_LOOP('',(#1658,#1666,#1672,#1673));
#1658 = ORIENTED_EDGE('',*,*,#1659,.T.);
#1659 = EDGE_CURVE('',#291,#1660,#1662,.T.);
#1660 = VERTEX_POINT('',#1661);
#1661 = CARTESIAN_POINT('',(-0.5,1.52,5.25));
#1662 = LINE('',#1663,#1664);
#1663 = CARTESIAN_POINT('',(-0.5,1.52,9.8));
#1664 = VECTOR('',#1665,1.);
#1665 = DIRECTION('',(0.,0.,-1.));
#1666 = ORIENTED_EDGE('',*,*,#1667,.T.);
#1667 = EDGE_CURVE('',#1660,#1612,#1668,.T.);
#1668 = LINE('',#1669,#1670);
#1669 = CARTESIAN_POINT('',(-0.5,1.52,5.25));
#1670 = VECTOR('',#1671,1.);
#1671 = DIRECTION('',(0.,1.,0.));
#1672 = ORIENTED_EDGE('',*,*,#1619,.T.);
#1673 = ORIENTED_EDGE('',*,*,#298,.T.);
#1674 = PLANE('',#1675);
#1675 = AXIS2_PLACEMENT_3D('',#1676,#1677,#1678);
#1676 = CARTESIAN_POINT('',(-0.5,1.72,7.525));
#1677 = DIRECTION('',(1.,0.,0.));
#1678 = DIRECTION('',(0.,0.,1.));
#1679 = ADVANCED_FACE('',(#1680),#1707,.F.);
#1680 = FACE_BOUND('',#1681,.F.);
#1681 = EDGE_LOOP('',(#1682,#1683,#1684,#1692,#1700,#1706));
#1682 = ORIENTED_EDGE('',*,*,#290,.F.);
#1683 = ORIENTED_EDGE('',*,*,#1659,.T.);
#1684 = ORIENTED_EDGE('',*,*,#1685,.T.);
#1685 = EDGE_CURVE('',#1660,#1686,#1688,.T.);
#1686 = VERTEX_POINT('',#1687);
#1687 = CARTESIAN_POINT('',(-0.6,1.52,5.25));
#1688 = LINE('',#1689,#1690);
#1689 = CARTESIAN_POINT('',(0.6,1.52,5.25));
#1690 = VECTOR('',#1691,1.);
#1691 = DIRECTION('',(-1.,-0.,-0.));
#1692 = ORIENTED_EDGE('',*,*,#1693,.T.);
#1693 = EDGE_CURVE('',#1686,#1694,#1696,.T.);
#1694 = VERTEX_POINT('',#1695);
#1695 = CARTESIAN_POINT('',(-0.6,1.52,3.45));
#1696 = LINE('',#1697,#1698);
#1697 = CARTESIAN_POINT('',(-0.6,1.52,5.25));
#1698 = VECTOR('',#1699,1.);
#1699 = DIRECTION('',(0.,1.233581138472E-16,-1.));
#1700 = ORIENTED_EDGE('',*,*,#1701,.T.);
#1701 = EDGE_CURVE('',#1694,#1636,#1702,.T.);
#1702 = LINE('',#1703,#1704);
#1703 = CARTESIAN_POINT('',(1.05,1.52,3.45));
#1704 = VECTOR('',#1705,1.);
#1705 = DIRECTION('',(-1.,-0.,-0.));
#1706 = ORIENTED_EDGE('',*,*,#1643,.T.);
#1707 = PLANE('',#1708);
#1708 = AXIS2_PLACEMENT_3D('',#1709,#1710,#1711);
#1709 = CARTESIAN_POINT('',(1.05,1.52,3.45));
#1710 = DIRECTION('',(0.,1.,0.));
#1711 = DIRECTION('',(0.,0.,1.));
#1712 = ADVANCED_FACE('',(#1713),#1754,.F.);
#1713 = FACE_BOUND('',#1714,.F.);
#1714 = EDGE_LOOP('',(#1715,#1723,#1731,#1739,#1747,#1753));
#1715 = ORIENTED_EDGE('',*,*,#1716,.F.);
#1716 = EDGE_CURVE('',#1717,#323,#1719,.T.);
#1717 = VERTEX_POINT('',#1718);
#1718 = CARTESIAN_POINT('',(3.55,1.52,3.45));
#1719 = LINE('',#1720,#1721);
#1720 = CARTESIAN_POINT('',(3.55,1.52,3.45));
#1721 = VECTOR('',#1722,1.);
#1722 = DIRECTION('',(0.,0.,1.));
#1723 = ORIENTED_EDGE('',*,*,#1724,.T.);
#1724 = EDGE_CURVE('',#1717,#1725,#1727,.T.);
#1725 = VERTEX_POINT('',#1726);
#1726 = CARTESIAN_POINT('',(3.1,1.52,3.45));
#1727 = LINE('',#1728,#1729);
#1728 = CARTESIAN_POINT('',(3.55,1.52,3.45));
#1729 = VECTOR('',#1730,1.);
#1730 = DIRECTION('',(-1.,-0.,-0.));
#1731 = ORIENTED_EDGE('',*,*,#1732,.F.);
#1732 = EDGE_CURVE('',#1733,#1725,#1735,.T.);
#1733 = VERTEX_POINT('',#1734);
#1734 = CARTESIAN_POINT('',(3.1,1.52,5.25));
#1735 = LINE('',#1736,#1737);
#1736 = CARTESIAN_POINT('',(3.1,1.52,5.25));
#1737 = VECTOR('',#1738,1.);
#1738 = DIRECTION('',(0.,1.233581138472E-16,-1.));
#1739 = ORIENTED_EDGE('',*,*,#1740,.T.);
#1740 = EDGE_CURVE('',#1733,#1741,#1743,.T.);
#1741 = VERTEX_POINT('',#1742);
#1742 = CARTESIAN_POINT('',(3.,1.52,5.25));
#1743 = LINE('',#1744,#1745);
#1744 = CARTESIAN_POINT('',(3.1,1.52,5.25));
#1745 = VECTOR('',#1746,1.);
#1746 = DIRECTION('',(-1.,-0.,-0.));
#1747 = ORIENTED_EDGE('',*,*,#1748,.F.);
#1748 = EDGE_CURVE('',#325,#1741,#1749,.T.);
#1749 = LINE('',#1750,#1751);
#1750 = CARTESIAN_POINT('',(3.,1.52,9.8));
#1751 = VECTOR('',#1752,1.);
#1752 = DIRECTION('',(0.,0.,-1.));
#1753 = ORIENTED_EDGE('',*,*,#322,.F.);
#1754 = PLANE('',#1755);
#1755 = AXIS2_PLACEMENT_3D('',#1756,#1757,#1758);
#1756 = CARTESIAN_POINT('',(3.55,1.52,3.45));
#1757 = DIRECTION('',(0.,1.,0.));
#1758 = DIRECTION('',(0.,0.,1.));
#1759 = ADVANCED_FACE('',(#1760),#1778,.F.);
#1760 = FACE_BOUND('',#1761,.F.);
#1761 = EDGE_LOOP('',(#1762,#1770,#1771,#1772));
#1762 = ORIENTED_EDGE('',*,*,#1763,.T.);
#1763 = EDGE_CURVE('',#1764,#1717,#1766,.T.);
#1764 = VERTEX_POINT('',#1765);
#1765 = CARTESIAN_POINT('',(3.55,-0.98,3.45));
#1766 = LINE('',#1767,#1768);
#1767 = CARTESIAN_POINT('',(3.55,-0.98,3.45));
#1768 = VECTOR('',#1769,1.);
#1769 = DIRECTION('',(0.,1.,0.));
#1770 = ORIENTED_EDGE('',*,*,#1716,.T.);
#1771 = ORIENTED_EDGE('',*,*,#332,.T.);
#1772 = ORIENTED_EDGE('',*,*,#1773,.T.);
#1773 = EDGE_CURVE('',#333,#1764,#1774,.T.);
#1774 = LINE('',#1775,#1776);
#1775 = CARTESIAN_POINT('',(3.55,-0.98,9.8));
#1776 = VECTOR('',#1777,1.);
#1777 = DIRECTION('',(0.,0.,-1.));
#1778 = PLANE('',#1779);
#1779 = AXIS2_PLACEMENT_3D('',#1780,#1781,#1782);
#1780 = CARTESIAN_POINT('',(3.55,0.27,6.625));
#1781 = DIRECTION('',(1.,0.,0.));
#1782 = DIRECTION('',(0.,0.,1.));
#1783 = ADVANCED_FACE('',(#1784),#1802,.F.);
#1784 = FACE_BOUND('',#1785,.F.);
#1785 = EDGE_LOOP('',(#1786,#1787,#1795,#1801));
#1786 = ORIENTED_EDGE('',*,*,#1748,.T.);
#1787 = ORIENTED_EDGE('',*,*,#1788,.T.);
#1788 = EDGE_CURVE('',#1741,#1789,#1791,.T.);
#1789 = VERTEX_POINT('',#1790);
#1790 = CARTESIAN_POINT('',(3.,1.92,5.25));
#1791 = LINE('',#1792,#1793);
#1792 = CARTESIAN_POINT('',(3.,1.52,5.25));
#1793 = VECTOR('',#1794,1.);
#1794 = DIRECTION('',(0.,1.,0.));
#1795 = ORIENTED_EDGE('',*,*,#1796,.T.);
#1796 = EDGE_CURVE('',#1789,#373,#1797,.T.);
#1797 = LINE('',#1798,#1799);
#1798 = CARTESIAN_POINT('',(3.,1.92,5.25));
#1799 = VECTOR('',#1800,1.);
#1800 = DIRECTION('',(0.,0.,1.));
#1801 = ORIENTED_EDGE('',*,*,#380,.T.);
#1802 = PLANE('',#1803);
#1803 = AXIS2_PLACEMENT_3D('',#1804,#1805,#1806);
#1804 = CARTESIAN_POINT('',(3.,1.72,7.525));
#1805 = DIRECTION('',(1.,0.,0.));
#1806 = DIRECTION('',(0.,0.,1.));
#1807 = ADVANCED_FACE('',(#1808),#1826,.F.);
#1808 = FACE_BOUND('',#1809,.F.);
#1809 = EDGE_LOOP('',(#1810,#1811,#1819,#1825));
#1810 = ORIENTED_EDGE('',*,*,#340,.T.);
#1811 = ORIENTED_EDGE('',*,*,#1812,.T.);
#1812 = EDGE_CURVE('',#341,#1813,#1815,.T.);
#1813 = VERTEX_POINT('',#1814);
#1814 = CARTESIAN_POINT('',(1.45,-0.98,3.45));
#1815 = LINE('',#1816,#1817);
#1816 = CARTESIAN_POINT('',(1.45,-0.98,9.8));
#1817 = VECTOR('',#1818,1.);
#1818 = DIRECTION('',(0.,0.,-1.));
#1819 = ORIENTED_EDGE('',*,*,#1820,.F.);
#1820 = EDGE_CURVE('',#1764,#1813,#1821,.T.);
#1821 = LINE('',#1822,#1823);
#1822 = CARTESIAN_POINT('',(3.55,-0.98,3.45));
#1823 = VECTOR('',#1824,1.);
#1824 = DIRECTION('',(-1.,-0.,-0.));
#1825 = ORIENTED_EDGE('',*,*,#1773,.F.);
#1826 = PLANE('',#1827);
#1827 = AXIS2_PLACEMENT_3D('',#1828,#1829,#1830);
#1828 = CARTESIAN_POINT('',(3.55,-0.98,9.8));
#1829 = DIRECTION('',(0.,-1.,0.));
#1830 = DIRECTION('',(0.,0.,-1.));
#1831 = ADVANCED_FACE('',(#1832),#1850,.F.);
#1832 = FACE_BOUND('',#1833,.F.);
#1833 = EDGE_LOOP('',(#1834,#1842,#1848,#1849));
#1834 = ORIENTED_EDGE('',*,*,#1835,.T.);
#1835 = EDGE_CURVE('',#1789,#1836,#1838,.T.);
#1836 = VERTEX_POINT('',#1837);
#1837 = CARTESIAN_POINT('',(2.,1.92,5.25));
#1838 = LINE('',#1839,#1840);
#1839 = CARTESIAN_POINT('',(3.,1.92,5.25));
#1840 = VECTOR('',#1841,1.);
#1841 = DIRECTION('',(-1.,-0.,-0.));
#1842 = ORIENTED_EDGE('',*,*,#1843,.T.);
#1843 = EDGE_CURVE('',#1836,#365,#1844,.T.);
#1844 = LINE('',#1845,#1846);
#1845 = CARTESIAN_POINT('',(2.,1.92,5.25));
#1846 = VECTOR('',#1847,1.);
#1847 = DIRECTION('',(0.,0.,1.));
#1848 = ORIENTED_EDGE('',*,*,#372,.F.);
#1849 = ORIENTED_EDGE('',*,*,#1796,.F.);
#1850 = PLANE('',#1851);
#1851 = AXIS2_PLACEMENT_3D('',#1852,#1853,#1854);
#1852 = CARTESIAN_POINT('',(3.,1.92,5.25));
#1853 = DIRECTION('',(0.,1.,0.));
#1854 = DIRECTION('',(0.,0.,1.));
#1855 = ADVANCED_FACE('',(#1856),#1874,.T.);
#1856 = FACE_BOUND('',#1857,.T.);
#1857 = EDGE_LOOP('',(#1858,#1866,#1872,#1873));
#1858 = ORIENTED_EDGE('',*,*,#1859,.T.);
#1859 = EDGE_CURVE('',#1813,#1860,#1862,.T.);
#1860 = VERTEX_POINT('',#1861);
#1861 = CARTESIAN_POINT('',(1.45,1.52,3.45));
#1862 = LINE('',#1863,#1864);
#1863 = CARTESIAN_POINT('',(1.45,-0.98,3.45));
#1864 = VECTOR('',#1865,1.);
#1865 = DIRECTION('',(0.,1.,0.));
#1866 = ORIENTED_EDGE('',*,*,#1867,.T.);
#1867 = EDGE_CURVE('',#1860,#349,#1868,.T.);
#1868 = LINE('',#1869,#1870);
#1869 = CARTESIAN_POINT('',(1.45,1.52,3.45));
#1870 = VECTOR('',#1871,1.);
#1871 = DIRECTION('',(0.,0.,1.));
#1872 = ORIENTED_EDGE('',*,*,#348,.T.);
#1873 = ORIENTED_EDGE('',*,*,#1812,.T.);
#1874 = PLANE('',#1875);
#1875 = AXIS2_PLACEMENT_3D('',#1876,#1877,#1878);
#1876 = CARTESIAN_POINT('',(1.45,0.27,6.625));
#1877 = DIRECTION('',(1.,0.,0.));
#1878 = DIRECTION('',(0.,0.,1.));
#1879 = ADVANCED_FACE('',(#1880),#1898,.T.);
#1880 = FACE_BOUND('',#1881,.T.);
#1881 = EDGE_LOOP('',(#1882,#1890,#1896,#1897));
#1882 = ORIENTED_EDGE('',*,*,#1883,.T.);
#1883 = EDGE_CURVE('',#357,#1884,#1886,.T.);
#1884 = VERTEX_POINT('',#1885);
#1885 = CARTESIAN_POINT('',(2.,1.52,5.25));
#1886 = LINE('',#1887,#1888);
#1887 = CARTESIAN_POINT('',(2.,1.52,9.8));
#1888 = VECTOR('',#1889,1.);
#1889 = DIRECTION('',(0.,0.,-1.));
#1890 = ORIENTED_EDGE('',*,*,#1891,.T.);
#1891 = EDGE_CURVE('',#1884,#1836,#1892,.T.);
#1892 = LINE('',#1893,#1894);
#1893 = CARTESIAN_POINT('',(2.,1.52,5.25));
#1894 = VECTOR('',#1895,1.);
#1895 = DIRECTION('',(0.,1.,0.));
#1896 = ORIENTED_EDGE('',*,*,#1843,.T.);
#1897 = ORIENTED_EDGE('',*,*,#364,.T.);
#1898 = PLANE('',#1899);
#1899 = AXIS2_PLACEMENT_3D('',#1900,#1901,#1902);
#1900 = CARTESIAN_POINT('',(2.,1.72,7.525));
#1901 = DIRECTION('',(1.,0.,0.));
#1902 = DIRECTION('',(0.,0.,1.));
#1903 = ADVANCED_FACE('',(#1904),#1931,.F.);
#1904 = FACE_BOUND('',#1905,.F.);
#1905 = EDGE_LOOP('',(#1906,#1907,#1908,#1916,#1924,#1930));
#1906 = ORIENTED_EDGE('',*,*,#356,.F.);
#1907 = ORIENTED_EDGE('',*,*,#1883,.T.);
#1908 = ORIENTED_EDGE('',*,*,#1909,.T.);
#1909 = EDGE_CURVE('',#1884,#1910,#1912,.T.);
#1910 = VERTEX_POINT('',#1911);
#1911 = CARTESIAN_POINT('',(1.9,1.52,5.25));
#1912 = LINE('',#1913,#1914);
#1913 = CARTESIAN_POINT('',(3.1,1.52,5.25));
#1914 = VECTOR('',#1915,1.);
#1915 = DIRECTION('',(-1.,-0.,-0.));
#1916 = ORIENTED_EDGE('',*,*,#1917,.T.);
#1917 = EDGE_CURVE('',#1910,#1918,#1920,.T.);
#1918 = VERTEX_POINT('',#1919);
#1919 = CARTESIAN_POINT('',(1.9,1.52,3.45));
#1920 = LINE('',#1921,#1922);
#1921 = CARTESIAN_POINT('',(1.9,1.52,5.25));
#1922 = VECTOR('',#1923,1.);
#1923 = DIRECTION('',(0.,1.233581138472E-16,-1.));
#1924 = ORIENTED_EDGE('',*,*,#1925,.T.);
#1925 = EDGE_CURVE('',#1918,#1860,#1926,.T.);
#1926 = LINE('',#1927,#1928);
#1927 = CARTESIAN_POINT('',(3.55,1.52,3.45));
#1928 = VECTOR('',#1929,1.);
#1929 = DIRECTION('',(-1.,-0.,-0.));
#1930 = ORIENTED_EDGE('',*,*,#1867,.T.);
#1931 = PLANE('',#1932);
#1932 = AXIS2_PLACEMENT_3D('',#1933,#1934,#1935);
#1933 = CARTESIAN_POINT('',(3.55,1.52,3.45));
#1934 = DIRECTION('',(0.,1.,0.));
#1935 = DIRECTION('',(0.,0.,1.));
#1936 = ADVANCED_FACE('',(#1937),#1978,.F.);
#1937 = FACE_BOUND('',#1938,.F.);
#1938 = EDGE_LOOP('',(#1939,#1947,#1955,#1963,#1971,#1977));
#1939 = ORIENTED_EDGE('',*,*,#1940,.F.);
#1940 = EDGE_CURVE('',#1941,#389,#1943,.T.);
#1941 = VERTEX_POINT('',#1942);
#1942 = CARTESIAN_POINT('',(6.05,1.52,3.45));
#1943 = LINE('',#1944,#1945);
#1944 = CARTESIAN_POINT('',(6.05,1.52,3.45));
#1945 = VECTOR('',#1946,1.);
#1946 = DIRECTION('',(0.,0.,1.));
#1947 = ORIENTED_EDGE('',*,*,#1948,.T.);
#1948 = EDGE_CURVE('',#1941,#1949,#1951,.T.);
#1949 = VERTEX_POINT('',#1950);
#1950 = CARTESIAN_POINT('',(5.6,1.52,3.45));
#1951 = LINE('',#1952,#1953);
#1952 = CARTESIAN_POINT('',(6.05,1.52,3.45));
#1953 = VECTOR('',#1954,1.);
#1954 = DIRECTION('',(-1.,-0.,-0.));
#1955 = ORIENTED_EDGE('',*,*,#1956,.F.);
#1956 = EDGE_CURVE('',#1957,#1949,#1959,.T.);
#1957 = VERTEX_POINT('',#1958);
#1958 = CARTESIAN_POINT('',(5.6,1.52,5.25));
#1959 = LINE('',#1960,#1961);
#1960 = CARTESIAN_POINT('',(5.6,1.52,5.25));
#1961 = VECTOR('',#1962,1.);
#1962 = DIRECTION('',(0.,1.233581138472E-16,-1.));
#1963 = ORIENTED_EDGE('',*,*,#1964,.T.);
#1964 = EDGE_CURVE('',#1957,#1965,#1967,.T.);
#1965 = VERTEX_POINT('',#1966);
#1966 = CARTESIAN_POINT('',(5.5,1.52,5.25));
#1967 = LINE('',#1968,#1969);
#1968 = CARTESIAN_POINT('',(5.6,1.52,5.25));
#1969 = VECTOR('',#1970,1.);
#1970 = DIRECTION('',(-1.,-0.,-0.));
#1971 = ORIENTED_EDGE('',*,*,#1972,.F.);
#1972 = EDGE_CURVE('',#391,#1965,#1973,.T.);
#1973 = LINE('',#1974,#1975);
#1974 = CARTESIAN_POINT('',(5.5,1.52,9.8));
#1975 = VECTOR('',#1976,1.);
#1976 = DIRECTION('',(0.,0.,-1.));
#1977 = ORIENTED_EDGE('',*,*,#388,.F.);
#1978 = PLANE('',#1979);
#1979 = AXIS2_PLACEMENT_3D('',#1980,#1981,#1982);
#1980 = CARTESIAN_POINT('',(6.05,1.52,3.45));
#1981 = DIRECTION('',(0.,1.,0.));
#1982 = DIRECTION('',(0.,0.,1.));
#1983 = ADVANCED_FACE('',(#1984),#2002,.F.);
#1984 = FACE_BOUND('',#1985,.F.);
#1985 = EDGE_LOOP('',(#1986,#1994,#1995,#1996));
#1986 = ORIENTED_EDGE('',*,*,#1987,.T.);
#1987 = EDGE_CURVE('',#1988,#1941,#1990,.T.);
#1988 = VERTEX_POINT('',#1989);
#1989 = CARTESIAN_POINT('',(6.05,-0.98,3.45));
#1990 = LINE('',#1991,#1992);
#1991 = CARTESIAN_POINT('',(6.05,-0.98,3.45));
#1992 = VECTOR('',#1993,1.);
#1993 = DIRECTION('',(0.,1.,0.));
#1994 = ORIENTED_EDGE('',*,*,#1940,.T.);
#1995 = ORIENTED_EDGE('',*,*,#398,.T.);
#1996 = ORIENTED_EDGE('',*,*,#1997,.T.);
#1997 = EDGE_CURVE('',#399,#1988,#1998,.T.);
#1998 = LINE('',#1999,#2000);
#1999 = CARTESIAN_POINT('',(6.05,-0.98,9.8));
#2000 = VECTOR('',#2001,1.);
#2001 = DIRECTION('',(0.,0.,-1.));
#2002 = PLANE('',#2003);
#2003 = AXIS2_PLACEMENT_3D('',#2004,#2005,#2006);
#2004 = CARTESIAN_POINT('',(6.05,0.27,6.625));
#2005 = DIRECTION('',(1.,0.,0.));
#2006 = DIRECTION('',(0.,0.,1.));
#2007 = ADVANCED_FACE('',(#2008),#2026,.F.);
#2008 = FACE_BOUND('',#2009,.F.);
#2009 = EDGE_LOOP('',(#2010,#2011,#2019,#2025));
#2010 = ORIENTED_EDGE('',*,*,#1972,.T.);
#2011 = ORIENTED_EDGE('',*,*,#2012,.T.);
#2012 = EDGE_CURVE('',#1965,#2013,#2015,.T.);
#2013 = VERTEX_POINT('',#2014);
#2014 = CARTESIAN_POINT('',(5.5,1.92,5.25));
#2015 = LINE('',#2016,#2017);
#2016 = CARTESIAN_POINT('',(5.5,1.52,5.25));
#2017 = VECTOR('',#2018,1.);
#2018 = DIRECTION('',(0.,1.,0.));
#2019 = ORIENTED_EDGE('',*,*,#2020,.T.);
#2020 = EDGE_CURVE('',#2013,#439,#2021,.T.);
#2021 = LINE('',#2022,#2023);
#2022 = CARTESIAN_POINT('',(5.5,1.92,5.25));
#2023 = VECTOR('',#2024,1.);
#2024 = DIRECTION('',(0.,0.,1.));
#2025 = ORIENTED_EDGE('',*,*,#446,.T.);
#2026 = PLANE('',#2027);
#2027 = AXIS2_PLACEMENT_3D('',#2028,#2029,#2030);
#2028 = CARTESIAN_POINT('',(5.5,1.72,7.525));
#2029 = DIRECTION('',(1.,0.,0.));
#2030 = DIRECTION('',(0.,0.,1.));
#2031 = ADVANCED_FACE('',(#2032),#2050,.F.);
#2032 = FACE_BOUND('',#2033,.F.);
#2033 = EDGE_LOOP('',(#2034,#2035,#2043,#2049));
#2034 = ORIENTED_EDGE('',*,*,#406,.T.);
#2035 = ORIENTED_EDGE('',*,*,#2036,.T.);
#2036 = EDGE_CURVE('',#407,#2037,#2039,.T.);
#2037 = VERTEX_POINT('',#2038);
#2038 = CARTESIAN_POINT('',(3.95,-0.98,3.45));
#2039 = LINE('',#2040,#2041);
#2040 = CARTESIAN_POINT('',(3.95,-0.98,9.8));
#2041 = VECTOR('',#2042,1.);
#2042 = DIRECTION('',(0.,0.,-1.));
#2043 = ORIENTED_EDGE('',*,*,#2044,.F.);
#2044 = EDGE_CURVE('',#1988,#2037,#2045,.T.);
#2045 = LINE('',#2046,#2047);
#2046 = CARTESIAN_POINT('',(6.05,-0.98,3.45));
#2047 = VECTOR('',#2048,1.);
#2048 = DIRECTION('',(-1.,-0.,-0.));
#2049 = ORIENTED_EDGE('',*,*,#1997,.F.);
#2050 = PLANE('',#2051);
#2051 = AXIS2_PLACEMENT_3D('',#2052,#2053,#2054);
#2052 = CARTESIAN_POINT('',(6.05,-0.98,9.8));
#2053 = DIRECTION('',(0.,-1.,0.));
#2054 = DIRECTION('',(0.,0.,-1.));
#2055 = ADVANCED_FACE('',(#2056),#2074,.F.);
#2056 = FACE_BOUND('',#2057,.F.);
#2057 = EDGE_LOOP('',(#2058,#2066,#2072,#2073));
#2058 = ORIENTED_EDGE('',*,*,#2059,.T.);
#2059 = EDGE_CURVE('',#2013,#2060,#2062,.T.);
#2060 = VERTEX_POINT('',#2061);
#2061 = CARTESIAN_POINT('',(4.5,1.92,5.25));
#2062 = LINE('',#2063,#2064);
#2063 = CARTESIAN_POINT('',(5.5,1.92,5.25));
#2064 = VECTOR('',#2065,1.);
#2065 = DIRECTION('',(-1.,-0.,-0.));
#2066 = ORIENTED_EDGE('',*,*,#2067,.T.);
#2067 = EDGE_CURVE('',#2060,#431,#2068,.T.);
#2068 = LINE('',#2069,#2070);
#2069 = CARTESIAN_POINT('',(4.5,1.92,5.25));
#2070 = VECTOR('',#2071,1.);
#2071 = DIRECTION('',(0.,0.,1.));
#2072 = ORIENTED_EDGE('',*,*,#438,.F.);
#2073 = ORIENTED_EDGE('',*,*,#2020,.F.);
#2074 = PLANE('',#2075);
#2075 = AXIS2_PLACEMENT_3D('',#2076,#2077,#2078);
#2076 = CARTESIAN_POINT('',(5.5,1.92,5.25));
#2077 = DIRECTION('',(0.,1.,0.));
#2078 = DIRECTION('',(0.,0.,1.));
#2079 = ADVANCED_FACE('',(#2080),#2098,.T.);
#2080 = FACE_BOUND('',#2081,.T.);
#2081 = EDGE_LOOP('',(#2082,#2090,#2096,#2097));
#2082 = ORIENTED_EDGE('',*,*,#2083,.T.);
#2083 = EDGE_CURVE('',#2037,#2084,#2086,.T.);
#2084 = VERTEX_POINT('',#2085);
#2085 = CARTESIAN_POINT('',(3.95,1.52,3.45));
#2086 = LINE('',#2087,#2088);
#2087 = CARTESIAN_POINT('',(3.95,-0.98,3.45));
#2088 = VECTOR('',#2089,1.);
#2089 = DIRECTION('',(0.,1.,0.));
#2090 = ORIENTED_EDGE('',*,*,#2091,.T.);
#2091 = EDGE_CURVE('',#2084,#415,#2092,.T.);
#2092 = LINE('',#2093,#2094);
#2093 = CARTESIAN_POINT('',(3.95,1.52,3.45));
#2094 = VECTOR('',#2095,1.);
#2095 = DIRECTION('',(0.,0.,1.));
#2096 = ORIENTED_EDGE('',*,*,#414,.T.);
#2097 = ORIENTED_EDGE('',*,*,#2036,.T.);
#2098 = PLANE('',#2099);
#2099 = AXIS2_PLACEMENT_3D('',#2100,#2101,#2102);
#2100 = CARTESIAN_POINT('',(3.95,0.27,6.625));
#2101 = DIRECTION('',(1.,0.,0.));
#2102 = DIRECTION('',(0.,0.,1.));
#2103 = ADVANCED_FACE('',(#2104),#2122,.T.);
#2104 = FACE_BOUND('',#2105,.T.);
#2105 = EDGE_LOOP('',(#2106,#2114,#2120,#2121));
#2106 = ORIENTED_EDGE('',*,*,#2107,.T.);
#2107 = EDGE_CURVE('',#423,#2108,#2110,.T.);
#2108 = VERTEX_POINT('',#2109);
#2109 = CARTESIAN_POINT('',(4.5,1.52,5.25));
#2110 = LINE('',#2111,#2112);
#2111 = CARTESIAN_POINT('',(4.5,1.52,9.8));
#2112 = VECTOR('',#2113,1.);
#2113 = DIRECTION('',(0.,0.,-1.));
#2114 = ORIENTED_EDGE('',*,*,#2115,.T.);
#2115 = EDGE_CURVE('',#2108,#2060,#2116,.T.);
#2116 = LINE('',#2117,#2118);
#2117 = CARTESIAN_POINT('',(4.5,1.52,5.25));
#2118 = VECTOR('',#2119,1.);
#2119 = DIRECTION('',(0.,1.,0.));
#2120 = ORIENTED_EDGE('',*,*,#2067,.T.);
#2121 = ORIENTED_EDGE('',*,*,#430,.T.);
#2122 = PLANE('',#2123);
#2123 = AXIS2_PLACEMENT_3D('',#2124,#2125,#2126);
#2124 = CARTESIAN_POINT('',(4.5,1.72,7.525));
#2125 = DIRECTION('',(1.,0.,0.));
#2126 = DIRECTION('',(0.,0.,1.));
#2127 = ADVANCED_FACE('',(#2128),#2155,.F.);
#2128 = FACE_BOUND('',#2129,.F.);
#2129 = EDGE_LOOP('',(#2130,#2131,#2132,#2140,#2148,#2154));
#2130 = ORIENTED_EDGE('',*,*,#422,.F.);
#2131 = ORIENTED_EDGE('',*,*,#2107,.T.);
#2132 = ORIENTED_EDGE('',*,*,#2133,.T.);
#2133 = EDGE_CURVE('',#2108,#2134,#2136,.T.);
#2134 = VERTEX_POINT('',#2135);
#2135 = CARTESIAN_POINT('',(4.4,1.52,5.25));
#2136 = LINE('',#2137,#2138);
#2137 = CARTESIAN_POINT('',(5.6,1.52,5.25));
#2138 = VECTOR('',#2139,1.);
#2139 = DIRECTION('',(-1.,-0.,-0.));
#2140 = ORIENTED_EDGE('',*,*,#2141,.T.);
#2141 = EDGE_CURVE('',#2134,#2142,#2144,.T.);
#2142 = VERTEX_POINT('',#2143);
#2143 = CARTESIAN_POINT('',(4.4,1.52,3.45));
#2144 = LINE('',#2145,#2146);
#2145 = CARTESIAN_POINT('',(4.4,1.52,5.25));
#2146 = VECTOR('',#2147,1.);
#2147 = DIRECTION('',(0.,1.233581138472E-16,-1.));
#2148 = ORIENTED_EDGE('',*,*,#2149,.T.);
#2149 = EDGE_CURVE('',#2142,#2084,#2150,.T.);
#2150 = LINE('',#2151,#2152);
#2151 = CARTESIAN_POINT('',(6.05,1.52,3.45));
#2152 = VECTOR('',#2153,1.);
#2153 = DIRECTION('',(-1.,-0.,-0.));
#2154 = ORIENTED_EDGE('',*,*,#2091,.T.);
#2155 = PLANE('',#2156);
#2156 = AXIS2_PLACEMENT_3D('',#2157,#2158,#2159);
#2157 = CARTESIAN_POINT('',(6.05,1.52,3.45));
#2158 = DIRECTION('',(0.,1.,0.));
#2159 = DIRECTION('',(0.,0.,1.));
#2160 = ADVANCED_FACE('',(#2161),#2202,.F.);
#2161 = FACE_BOUND('',#2162,.F.);
#2162 = EDGE_LOOP('',(#2163,#2171,#2179,#2187,#2195,#2201));
#2163 = ORIENTED_EDGE('',*,*,#2164,.F.);
#2164 = EDGE_CURVE('',#2165,#455,#2167,.T.);
#2165 = VERTEX_POINT('',#2166);
#2166 = CARTESIAN_POINT('',(8.55,1.52,3.45));
#2167 = LINE('',#2168,#2169);
#2168 = CARTESIAN_POINT('',(8.55,1.52,3.45));
#2169 = VECTOR('',#2170,1.);
#2170 = DIRECTION('',(0.,0.,1.));
#2171 = ORIENTED_EDGE('',*,*,#2172,.T.);
#2172 = EDGE_CURVE('',#2165,#2173,#2175,.T.);
#2173 = VERTEX_POINT('',#2174);
#2174 = CARTESIAN_POINT('',(8.1,1.52,3.45));
#2175 = LINE('',#2176,#2177);
#2176 = CARTESIAN_POINT('',(8.55,1.52,3.45));
#2177 = VECTOR('',#2178,1.);
#2178 = DIRECTION('',(-1.,-0.,-0.));
#2179 = ORIENTED_EDGE('',*,*,#2180,.F.);
#2180 = EDGE_CURVE('',#2181,#2173,#2183,.T.);
#2181 = VERTEX_POINT('',#2182);
#2182 = CARTESIAN_POINT('',(8.1,1.52,5.25));
#2183 = LINE('',#2184,#2185);
#2184 = CARTESIAN_POINT('',(8.1,1.52,5.25));
#2185 = VECTOR('',#2186,1.);
#2186 = DIRECTION('',(0.,1.233581138472E-16,-1.));
#2187 = ORIENTED_EDGE('',*,*,#2188,.T.);
#2188 = EDGE_CURVE('',#2181,#2189,#2191,.T.);
#2189 = VERTEX_POINT('',#2190);
#2190 = CARTESIAN_POINT('',(8.,1.52,5.25));
#2191 = LINE('',#2192,#2193);
#2192 = CARTESIAN_POINT('',(8.1,1.52,5.25));
#2193 = VECTOR('',#2194,1.);
#2194 = DIRECTION('',(-1.,-0.,-0.));
#2195 = ORIENTED_EDGE('',*,*,#2196,.F.);
#2196 = EDGE_CURVE('',#457,#2189,#2197,.T.);
#2197 = LINE('',#2198,#2199);
#2198 = CARTESIAN_POINT('',(8.,1.52,9.8));
#2199 = VECTOR('',#2200,1.);
#2200 = DIRECTION('',(0.,0.,-1.));
#2201 = ORIENTED_EDGE('',*,*,#454,.F.);
#2202 = PLANE('',#2203);
#2203 = AXIS2_PLACEMENT_3D('',#2204,#2205,#2206);
#2204 = CARTESIAN_POINT('',(8.55,1.52,3.45));
#2205 = DIRECTION('',(0.,1.,0.));
#2206 = DIRECTION('',(0.,0.,1.));
#2207 = ADVANCED_FACE('',(#2208),#2226,.F.);
#2208 = FACE_BOUND('',#2209,.F.);
#2209 = EDGE_LOOP('',(#2210,#2218,#2219,#2220));
#2210 = ORIENTED_EDGE('',*,*,#2211,.T.);
#2211 = EDGE_CURVE('',#2212,#2165,#2214,.T.);
#2212 = VERTEX_POINT('',#2213);
#2213 = CARTESIAN_POINT('',(8.55,-0.98,3.45));
#2214 = LINE('',#2215,#2216);
#2215 = CARTESIAN_POINT('',(8.55,-0.98,3.45));
#2216 = VECTOR('',#2217,1.);
#2217 = DIRECTION('',(0.,1.,0.));
#2218 = ORIENTED_EDGE('',*,*,#2164,.T.);
#2219 = ORIENTED_EDGE('',*,*,#464,.T.);
#2220 = ORIENTED_EDGE('',*,*,#2221,.T.);
#2221 = EDGE_CURVE('',#465,#2212,#2222,.T.);
#2222 = LINE('',#2223,#2224);
#2223 = CARTESIAN_POINT('',(8.55,-0.98,9.8));
#2224 = VECTOR('',#2225,1.);
#2225 = DIRECTION('',(0.,0.,-1.));
#2226 = PLANE('',#2227);
#2227 = AXIS2_PLACEMENT_3D('',#2228,#2229,#2230);
#2228 = CARTESIAN_POINT('',(8.55,0.27,6.625));
#2229 = DIRECTION('',(1.,0.,0.));
#2230 = DIRECTION('',(0.,0.,1.));
#2231 = ADVANCED_FACE('',(#2232),#2250,.F.);
#2232 = FACE_BOUND('',#2233,.F.);
#2233 = EDGE_LOOP('',(#2234,#2235,#2243,#2249));
#2234 = ORIENTED_EDGE('',*,*,#2196,.T.);
#2235 = ORIENTED_EDGE('',*,*,#2236,.T.);
#2236 = EDGE_CURVE('',#2189,#2237,#2239,.T.);
#2237 = VERTEX_POINT('',#2238);
#2238 = CARTESIAN_POINT('',(8.,1.92,5.25));
#2239 = LINE('',#2240,#2241);
#2240 = CARTESIAN_POINT('',(8.,1.52,5.25));
#2241 = VECTOR('',#2242,1.);
#2242 = DIRECTION('',(0.,1.,0.));
#2243 = ORIENTED_EDGE('',*,*,#2244,.T.);
#2244 = EDGE_CURVE('',#2237,#505,#2245,.T.);
#2245 = LINE('',#2246,#2247);
#2246 = CARTESIAN_POINT('',(8.,1.92,5.25));
#2247 = VECTOR('',#2248,1.);
#2248 = DIRECTION('',(0.,0.,1.));
#2249 = ORIENTED_EDGE('',*,*,#512,.T.);
#2250 = PLANE('',#2251);
#2251 = AXIS2_PLACEMENT_3D('',#2252,#2253,#2254);
#2252 = CARTESIAN_POINT('',(8.,1.72,7.525));
#2253 = DIRECTION('',(1.,0.,0.));
#2254 = DIRECTION('',(0.,0.,1.));
#2255 = ADVANCED_FACE('',(#2256),#2274,.F.);
#2256 = FACE_BOUND('',#2257,.F.);
#2257 = EDGE_LOOP('',(#2258,#2259,#2267,#2273));
#2258 = ORIENTED_EDGE('',*,*,#472,.T.);
#2259 = ORIENTED_EDGE('',*,*,#2260,.T.);
#2260 = EDGE_CURVE('',#473,#2261,#2263,.T.);
#2261 = VERTEX_POINT('',#2262);
#2262 = CARTESIAN_POINT('',(6.45,-0.98,3.45));
#2263 = LINE('',#2264,#2265);
#2264 = CARTESIAN_POINT('',(6.45,-0.98,9.8));
#2265 = VECTOR('',#2266,1.);
#2266 = DIRECTION('',(0.,0.,-1.));
#2267 = ORIENTED_EDGE('',*,*,#2268,.F.);
#2268 = EDGE_CURVE('',#2212,#2261,#2269,.T.);
#2269 = LINE('',#2270,#2271);
#2270 = CARTESIAN_POINT('',(8.55,-0.98,3.45));
#2271 = VECTOR('',#2272,1.);
#2272 = DIRECTION('',(-1.,-0.,-0.));
#2273 = ORIENTED_EDGE('',*,*,#2221,.F.);
#2274 = PLANE('',#2275);
#2275 = AXIS2_PLACEMENT_3D('',#2276,#2277,#2278);
#2276 = CARTESIAN_POINT('',(8.55,-0.98,9.8));
#2277 = DIRECTION('',(0.,-1.,0.));
#2278 = DIRECTION('',(0.,0.,-1.));
#2279 = ADVANCED_FACE('',(#2280),#2298,.F.);
#2280 = FACE_BOUND('',#2281,.F.);
#2281 = EDGE_LOOP('',(#2282,#2290,#2296,#2297));
#2282 = ORIENTED_EDGE('',*,*,#2283,.T.);
#2283 = EDGE_CURVE('',#2237,#2284,#2286,.T.);
#2284 = VERTEX_POINT('',#2285);
#2285 = CARTESIAN_POINT('',(7.,1.92,5.25));
#2286 = LINE('',#2287,#2288);
#2287 = CARTESIAN_POINT('',(8.,1.92,5.25));
#2288 = VECTOR('',#2289,1.);
#2289 = DIRECTION('',(-1.,-0.,-0.));
#2290 = ORIENTED_EDGE('',*,*,#2291,.T.);
#2291 = EDGE_CURVE('',#2284,#497,#2292,.T.);
#2292 = LINE('',#2293,#2294);
#2293 = CARTESIAN_POINT('',(7.,1.92,5.25));
#2294 = VECTOR('',#2295,1.);
#2295 = DIRECTION('',(0.,0.,1.));
#2296 = ORIENTED_EDGE('',*,*,#504,.F.);
#2297 = ORIENTED_EDGE('',*,*,#2244,.F.);
#2298 = PLANE('',#2299);
#2299 = AXIS2_PLACEMENT_3D('',#2300,#2301,#2302);
#2300 = CARTESIAN_POINT('',(8.,1.92,5.25));
#2301 = DIRECTION('',(0.,1.,0.));
#2302 = DIRECTION('',(0.,0.,1.));
#2303 = ADVANCED_FACE('',(#2304),#2322,.T.);
#2304 = FACE_BOUND('',#2305,.T.);
#2305 = EDGE_LOOP('',(#2306,#2314,#2320,#2321));
#2306 = ORIENTED_EDGE('',*,*,#2307,.T.);
#2307 = EDGE_CURVE('',#2261,#2308,#2310,.T.);
#2308 = VERTEX_POINT('',#2309);
#2309 = CARTESIAN_POINT('',(6.45,1.52,3.45));
#2310 = LINE('',#2311,#2312);
#2311 = CARTESIAN_POINT('',(6.45,-0.98,3.45));
#2312 = VECTOR('',#2313,1.);
#2313 = DIRECTION('',(0.,1.,0.));
#2314 = ORIENTED_EDGE('',*,*,#2315,.T.);
#2315 = EDGE_CURVE('',#2308,#481,#2316,.T.);
#2316 = LINE('',#2317,#2318);
#2317 = CARTESIAN_POINT('',(6.45,1.52,3.45));
#2318 = VECTOR('',#2319,1.);
#2319 = DIRECTION('',(0.,0.,1.));
#2320 = ORIENTED_EDGE('',*,*,#480,.T.);
#2321 = ORIENTED_EDGE('',*,*,#2260,.T.);
#2322 = PLANE('',#2323);
#2323 = AXIS2_PLACEMENT_3D('',#2324,#2325,#2326);
#2324 = CARTESIAN_POINT('',(6.45,0.27,6.625));
#2325 = DIRECTION('',(1.,0.,0.));
#2326 = DIRECTION('',(0.,0.,1.));
#2327 = ADVANCED_FACE('',(#2328),#2346,.T.);
#2328 = FACE_BOUND('',#2329,.T.);
#2329 = EDGE_LOOP('',(#2330,#2338,#2344,#2345));
#2330 = ORIENTED_EDGE('',*,*,#2331,.T.);
#2331 = EDGE_CURVE('',#489,#2332,#2334,.T.);
#2332 = VERTEX_POINT('',#2333);
#2333 = CARTESIAN_POINT('',(7.,1.52,5.25));
#2334 = LINE('',#2335,#2336);
#2335 = CARTESIAN_POINT('',(7.,1.52,9.8));
#2336 = VECTOR('',#2337,1.);
#2337 = DIRECTION('',(0.,0.,-1.));
#2338 = ORIENTED_EDGE('',*,*,#2339,.T.);
#2339 = EDGE_CURVE('',#2332,#2284,#2340,.T.);
#2340 = LINE('',#2341,#2342);
#2341 = CARTESIAN_POINT('',(7.,1.52,5.25));
#2342 = VECTOR('',#2343,1.);
#2343 = DIRECTION('',(0.,1.,0.));
#2344 = ORIENTED_EDGE('',*,*,#2291,.T.);
#2345 = ORIENTED_EDGE('',*,*,#496,.T.);
#2346 = PLANE('',#2347);
#2347 = AXIS2_PLACEMENT_3D('',#2348,#2349,#2350);
#2348 = CARTESIAN_POINT('',(7.,1.72,7.525));
#2349 = DIRECTION('',(1.,0.,0.));
#2350 = DIRECTION('',(0.,0.,1.));
#2351 = ADVANCED_FACE('',(#2352),#2379,.F.);
#2352 = FACE_BOUND('',#2353,.F.);
#2353 = EDGE_LOOP('',(#2354,#2355,#2356,#2364,#2372,#2378));
#2354 = ORIENTED_EDGE('',*,*,#488,.F.);
#2355 = ORIENTED_EDGE('',*,*,#2331,.T.);
#2356 = ORIENTED_EDGE('',*,*,#2357,.T.);
#2357 = EDGE_CURVE('',#2332,#2358,#2360,.T.);
#2358 = VERTEX_POINT('',#2359);
#2359 = CARTESIAN_POINT('',(6.9,1.52,5.25));
#2360 = LINE('',#2361,#2362);
#2361 = CARTESIAN_POINT('',(8.1,1.52,5.25));
#2362 = VECTOR('',#2363,1.);
#2363 = DIRECTION('',(-1.,-0.,-0.));
#2364 = ORIENTED_EDGE('',*,*,#2365,.T.);
#2365 = EDGE_CURVE('',#2358,#2366,#2368,.T.);
#2366 = VERTEX_POINT('',#2367);
#2367 = CARTESIAN_POINT('',(6.9,1.52,3.45));
#2368 = LINE('',#2369,#2370);
#2369 = CARTESIAN_POINT('',(6.9,1.52,5.25));
#2370 = VECTOR('',#2371,1.);
#2371 = DIRECTION('',(0.,1.233581138472E-16,-1.));
#2372 = ORIENTED_EDGE('',*,*,#2373,.T.);
#2373 = EDGE_CURVE('',#2366,#2308,#2374,.T.);
#2374 = LINE('',#2375,#2376);
#2375 = CARTESIAN_POINT('',(8.55,1.52,3.45));
#2376 = VECTOR('',#2377,1.);
#2377 = DIRECTION('',(-1.,-0.,-0.));
#2378 = ORIENTED_EDGE('',*,*,#2315,.T.);
#2379 = PLANE('',#2380);
#2380 = AXIS2_PLACEMENT_3D('',#2381,#2382,#2383);
#2381 = CARTESIAN_POINT('',(8.55,1.52,3.45));
#2382 = DIRECTION('',(0.,1.,0.));
#2383 = DIRECTION('',(0.,0.,1.));
#2384 = ADVANCED_FACE('',(#2385),#2426,.F.);
#2385 = FACE_BOUND('',#2386,.F.);
#2386 = EDGE_LOOP('',(#2387,#2395,#2403,#2411,#2419,#2425));
#2387 = ORIENTED_EDGE('',*,*,#2388,.F.);
#2388 = EDGE_CURVE('',#2389,#521,#2391,.T.);
#2389 = VERTEX_POINT('',#2390);
#2390 = CARTESIAN_POINT('',(11.05,1.52,3.45));
#2391 = LINE('',#2392,#2393);
#2392 = CARTESIAN_POINT('',(11.05,1.52,3.45));
#2393 = VECTOR('',#2394,1.);
#2394 = DIRECTION('',(0.,0.,1.));
#2395 = ORIENTED_EDGE('',*,*,#2396,.T.);
#2396 = EDGE_CURVE('',#2389,#2397,#2399,.T.);
#2397 = VERTEX_POINT('',#2398);
#2398 = CARTESIAN_POINT('',(10.6,1.52,3.45));
#2399 = LINE('',#2400,#2401);
#2400 = CARTESIAN_POINT('',(11.05,1.52,3.45));
#2401 = VECTOR('',#2402,1.);
#2402 = DIRECTION('',(-1.,-0.,-0.));
#2403 = ORIENTED_EDGE('',*,*,#2404,.F.);
#2404 = EDGE_CURVE('',#2405,#2397,#2407,.T.);
#2405 = VERTEX_POINT('',#2406);
#2406 = CARTESIAN_POINT('',(10.6,1.52,5.25));
#2407 = LINE('',#2408,#2409);
#2408 = CARTESIAN_POINT('',(10.6,1.52,5.25));
#2409 = VECTOR('',#2410,1.);
#2410 = DIRECTION('',(0.,1.233581138472E-16,-1.));
#2411 = ORIENTED_EDGE('',*,*,#2412,.T.);
#2412 = EDGE_CURVE('',#2405,#2413,#2415,.T.);
#2413 = VERTEX_POINT('',#2414);
#2414 = CARTESIAN_POINT('',(10.5,1.52,5.25));
#2415 = LINE('',#2416,#2417);
#2416 = CARTESIAN_POINT('',(10.6,1.52,5.25));
#2417 = VECTOR('',#2418,1.);
#2418 = DIRECTION('',(-1.,-0.,-0.));
#2419 = ORIENTED_EDGE('',*,*,#2420,.F.);
#2420 = EDGE_CURVE('',#523,#2413,#2421,.T.);
#2421 = LINE('',#2422,#2423);
#2422 = CARTESIAN_POINT('',(10.5,1.52,9.8));
#2423 = VECTOR('',#2424,1.);
#2424 = DIRECTION('',(0.,0.,-1.));
#2425 = ORIENTED_EDGE('',*,*,#520,.F.);
#2426 = PLANE('',#2427);
#2427 = AXIS2_PLACEMENT_3D('',#2428,#2429,#2430);
#2428 = CARTESIAN_POINT('',(11.05,1.52,3.45));
#2429 = DIRECTION('',(0.,1.,0.));
#2430 = DIRECTION('',(0.,0.,1.));
#2431 = ADVANCED_FACE('',(#2432),#2450,.F.);
#2432 = FACE_BOUND('',#2433,.F.);
#2433 = EDGE_LOOP('',(#2434,#2442,#2443,#2444));
#2434 = ORIENTED_EDGE('',*,*,#2435,.T.);
#2435 = EDGE_CURVE('',#2436,#2389,#2438,.T.);
#2436 = VERTEX_POINT('',#2437);
#2437 = CARTESIAN_POINT('',(11.05,-0.98,3.45));
#2438 = LINE('',#2439,#2440);
#2439 = CARTESIAN_POINT('',(11.05,-0.98,3.45));
#2440 = VECTOR('',#2441,1.);
#2441 = DIRECTION('',(0.,1.,0.));
#2442 = ORIENTED_EDGE('',*,*,#2388,.T.);
#2443 = ORIENTED_EDGE('',*,*,#530,.T.);
#2444 = ORIENTED_EDGE('',*,*,#2445,.T.);
#2445 = EDGE_CURVE('',#531,#2436,#2446,.T.);
#2446 = LINE('',#2447,#2448);
#2447 = CARTESIAN_POINT('',(11.05,-0.98,9.8));
#2448 = VECTOR('',#2449,1.);
#2449 = DIRECTION('',(0.,0.,-1.));
#2450 = PLANE('',#2451);
#2451 = AXIS2_PLACEMENT_3D('',#2452,#2453,#2454);
#2452 = CARTESIAN_POINT('',(11.05,0.27,6.625));
#2453 = DIRECTION('',(1.,0.,0.));
#2454 = DIRECTION('',(0.,0.,1.));
#2455 = ADVANCED_FACE('',(#2456),#2474,.F.);
#2456 = FACE_BOUND('',#2457,.F.);
#2457 = EDGE_LOOP('',(#2458,#2459,#2467,#2473));
#2458 = ORIENTED_EDGE('',*,*,#2420,.T.);
#2459 = ORIENTED_EDGE('',*,*,#2460,.T.);
#2460 = EDGE_CURVE('',#2413,#2461,#2463,.T.);
#2461 = VERTEX_POINT('',#2462);
#2462 = CARTESIAN_POINT('',(10.5,1.92,5.25));
#2463 = LINE('',#2464,#2465);
#2464 = CARTESIAN_POINT('',(10.5,1.52,5.25));
#2465 = VECTOR('',#2466,1.);
#2466 = DIRECTION('',(0.,1.,0.));
#2467 = ORIENTED_EDGE('',*,*,#2468,.T.);
#2468 = EDGE_CURVE('',#2461,#571,#2469,.T.);
#2469 = LINE('',#2470,#2471);
#2470 = CARTESIAN_POINT('',(10.5,1.92,5.25));
#2471 = VECTOR('',#2472,1.);
#2472 = DIRECTION('',(0.,0.,1.));
#2473 = ORIENTED_EDGE('',*,*,#578,.T.);
#2474 = PLANE('',#2475);
#2475 = AXIS2_PLACEMENT_3D('',#2476,#2477,#2478);
#2476 = CARTESIAN_POINT('',(10.5,1.72,7.525));
#2477 = DIRECTION('',(1.,0.,0.));
#2478 = DIRECTION('',(0.,0.,1.));
#2479 = ADVANCED_FACE('',(#2480),#2498,.F.);
#2480 = FACE_BOUND('',#2481,.F.);
#2481 = EDGE_LOOP('',(#2482,#2483,#2491,#2497));
#2482 = ORIENTED_EDGE('',*,*,#538,.T.);
#2483 = ORIENTED_EDGE('',*,*,#2484,.T.);
#2484 = EDGE_CURVE('',#539,#2485,#2487,.T.);
#2485 = VERTEX_POINT('',#2486);
#2486 = CARTESIAN_POINT('',(8.95,-0.98,3.45));
#2487 = LINE('',#2488,#2489);
#2488 = CARTESIAN_POINT('',(8.95,-0.98,9.8));
#2489 = VECTOR('',#2490,1.);
#2490 = DIRECTION('',(0.,0.,-1.));
#2491 = ORIENTED_EDGE('',*,*,#2492,.F.);
#2492 = EDGE_CURVE('',#2436,#2485,#2493,.T.);
#2493 = LINE('',#2494,#2495);
#2494 = CARTESIAN_POINT('',(11.05,-0.98,3.45));
#2495 = VECTOR('',#2496,1.);
#2496 = DIRECTION('',(-1.,-0.,-0.));
#2497 = ORIENTED_EDGE('',*,*,#2445,.F.);
#2498 = PLANE('',#2499);
#2499 = AXIS2_PLACEMENT_3D('',#2500,#2501,#2502);
#2500 = CARTESIAN_POINT('',(11.05,-0.98,9.8));
#2501 = DIRECTION('',(0.,-1.,0.));
#2502 = DIRECTION('',(0.,0.,-1.));
#2503 = ADVANCED_FACE('',(#2504),#2522,.F.);
#2504 = FACE_BOUND('',#2505,.F.);
#2505 = EDGE_LOOP('',(#2506,#2514,#2520,#2521));
#2506 = ORIENTED_EDGE('',*,*,#2507,.T.);
#2507 = EDGE_CURVE('',#2461,#2508,#2510,.T.);
#2508 = VERTEX_POINT('',#2509);
#2509 = CARTESIAN_POINT('',(9.5,1.92,5.25));
#2510 = LINE('',#2511,#2512);
#2511 = CARTESIAN_POINT('',(10.5,1.92,5.25));
#2512 = VECTOR('',#2513,1.);
#2513 = DIRECTION('',(-1.,-0.,-0.));
#2514 = ORIENTED_EDGE('',*,*,#2515,.T.);
#2515 = EDGE_CURVE('',#2508,#563,#2516,.T.);
#2516 = LINE('',#2517,#2518);
#2517 = CARTESIAN_POINT('',(9.5,1.92,5.25));
#2518 = VECTOR('',#2519,1.);
#2519 = DIRECTION('',(0.,0.,1.));
#2520 = ORIENTED_EDGE('',*,*,#570,.F.);
#2521 = ORIENTED_EDGE('',*,*,#2468,.F.);
#2522 = PLANE('',#2523);
#2523 = AXIS2_PLACEMENT_3D('',#2524,#2525,#2526);
#2524 = CARTESIAN_POINT('',(10.5,1.92,5.25));
#2525 = DIRECTION('',(0.,1.,0.));
#2526 = DIRECTION('',(0.,0.,1.));
#2527 = ADVANCED_FACE('',(#2528),#2546,.T.);
#2528 = FACE_BOUND('',#2529,.T.);
#2529 = EDGE_LOOP('',(#2530,#2538,#2544,#2545));
#2530 = ORIENTED_EDGE('',*,*,#2531,.T.);
#2531 = EDGE_CURVE('',#2485,#2532,#2534,.T.);
#2532 = VERTEX_POINT('',#2533);
#2533 = CARTESIAN_POINT('',(8.95,1.52,3.45));
#2534 = LINE('',#2535,#2536);
#2535 = CARTESIAN_POINT('',(8.95,-0.98,3.45));
#2536 = VECTOR('',#2537,1.);
#2537 = DIRECTION('',(0.,1.,0.));
#2538 = ORIENTED_EDGE('',*,*,#2539,.T.);
#2539 = EDGE_CURVE('',#2532,#547,#2540,.T.);
#2540 = LINE('',#2541,#2542);
#2541 = CARTESIAN_POINT('',(8.95,1.52,3.45));
#2542 = VECTOR('',#2543,1.);
#2543 = DIRECTION('',(0.,0.,1.));
#2544 = ORIENTED_EDGE('',*,*,#546,.T.);
#2545 = ORIENTED_EDGE('',*,*,#2484,.T.);
#2546 = PLANE('',#2547);
#2547 = AXIS2_PLACEMENT_3D('',#2548,#2549,#2550);
#2548 = CARTESIAN_POINT('',(8.95,0.27,6.625));
#2549 = DIRECTION('',(1.,0.,0.));
#2550 = DIRECTION('',(0.,0.,1.));
#2551 = ADVANCED_FACE('',(#2552),#2570,.T.);
#2552 = FACE_BOUND('',#2553,.T.);
#2553 = EDGE_LOOP('',(#2554,#2562,#2568,#2569));
#2554 = ORIENTED_EDGE('',*,*,#2555,.T.);
#2555 = EDGE_CURVE('',#555,#2556,#2558,.T.);
#2556 = VERTEX_POINT('',#2557);
#2557 = CARTESIAN_POINT('',(9.5,1.52,5.25));
#2558 = LINE('',#2559,#2560);
#2559 = CARTESIAN_POINT('',(9.5,1.52,9.8));
#2560 = VECTOR('',#2561,1.);
#2561 = DIRECTION('',(0.,0.,-1.));
#2562 = ORIENTED_EDGE('',*,*,#2563,.T.);
#2563 = EDGE_CURVE('',#2556,#2508,#2564,.T.);
#2564 = LINE('',#2565,#2566);
#2565 = CARTESIAN_POINT('',(9.5,1.52,5.25));
#2566 = VECTOR('',#2567,1.);
#2567 = DIRECTION('',(0.,1.,0.));
#2568 = ORIENTED_EDGE('',*,*,#2515,.T.);
#2569 = ORIENTED_EDGE('',*,*,#562,.T.);
#2570 = PLANE('',#2571);
#2571 = AXIS2_PLACEMENT_3D('',#2572,#2573,#2574);
#2572 = CARTESIAN_POINT('',(9.5,1.72,7.525));
#2573 = DIRECTION('',(1.,0.,0.));
#2574 = DIRECTION('',(0.,0.,1.));
#2575 = ADVANCED_FACE('',(#2576),#2603,.F.);
#2576 = FACE_BOUND('',#2577,.F.);
#2577 = EDGE_LOOP('',(#2578,#2579,#2580,#2588,#2596,#2602));
#2578 = ORIENTED_EDGE('',*,*,#554,.F.);
#2579 = ORIENTED_EDGE('',*,*,#2555,.T.);
#2580 = ORIENTED_EDGE('',*,*,#2581,.T.);
#2581 = EDGE_CURVE('',#2556,#2582,#2584,.T.);
#2582 = VERTEX_POINT('',#2583);
#2583 = CARTESIAN_POINT('',(9.4,1.52,5.25));
#2584 = LINE('',#2585,#2586);
#2585 = CARTESIAN_POINT('',(10.6,1.52,5.25));
#2586 = VECTOR('',#2587,1.);
#2587 = DIRECTION('',(-1.,-0.,-0.));
#2588 = ORIENTED_EDGE('',*,*,#2589,.T.);
#2589 = EDGE_CURVE('',#2582,#2590,#2592,.T.);
#2590 = VERTEX_POINT('',#2591);
#2591 = CARTESIAN_POINT('',(9.4,1.52,3.45));
#2592 = LINE('',#2593,#2594);
#2593 = CARTESIAN_POINT('',(9.4,1.52,5.25));
#2594 = VECTOR('',#2595,1.);
#2595 = DIRECTION('',(0.,1.233581138472E-16,-1.));
#2596 = ORIENTED_EDGE('',*,*,#2597,.T.);
#2597 = EDGE_CURVE('',#2590,#2532,#2598,.T.);
#2598 = LINE('',#2599,#2600);
#2599 = CARTESIAN_POINT('',(11.05,1.52,3.45));
#2600 = VECTOR('',#2601,1.);
#2601 = DIRECTION('',(-1.,-0.,-0.));
#2602 = ORIENTED_EDGE('',*,*,#2539,.T.);
#2603 = PLANE('',#2604);
#2604 = AXIS2_PLACEMENT_3D('',#2605,#2606,#2607);
#2605 = CARTESIAN_POINT('',(11.05,1.52,3.45));
#2606 = DIRECTION('',(0.,1.,0.));
#2607 = DIRECTION('',(0.,0.,1.));
#2608 = ADVANCED_FACE('',(#2609),#2650,.F.);
#2609 = FACE_BOUND('',#2610,.F.);
#2610 = EDGE_LOOP('',(#2611,#2619,#2627,#2635,#2643,#2649));
#2611 = ORIENTED_EDGE('',*,*,#2612,.F.);
#2612 = EDGE_CURVE('',#2613,#587,#2615,.T.);
#2613 = VERTEX_POINT('',#2614);
#2614 = CARTESIAN_POINT('',(13.55,1.52,3.45));
#2615 = LINE('',#2616,#2617);
#2616 = CARTESIAN_POINT('',(13.55,1.52,3.45));
#2617 = VECTOR('',#2618,1.);
#2618 = DIRECTION('',(0.,0.,1.));
#2619 = ORIENTED_EDGE('',*,*,#2620,.T.);
#2620 = EDGE_CURVE('',#2613,#2621,#2623,.T.);
#2621 = VERTEX_POINT('',#2622);
#2622 = CARTESIAN_POINT('',(13.1,1.52,3.45));
#2623 = LINE('',#2624,#2625);
#2624 = CARTESIAN_POINT('',(13.55,1.52,3.45));
#2625 = VECTOR('',#2626,1.);
#2626 = DIRECTION('',(-1.,-0.,-0.));
#2627 = ORIENTED_EDGE('',*,*,#2628,.F.);
#2628 = EDGE_CURVE('',#2629,#2621,#2631,.T.);
#2629 = VERTEX_POINT('',#2630);
#2630 = CARTESIAN_POINT('',(13.1,1.52,5.25));
#2631 = LINE('',#2632,#2633);
#2632 = CARTESIAN_POINT('',(13.1,1.52,5.25));
#2633 = VECTOR('',#2634,1.);
#2634 = DIRECTION('',(0.,1.233581138472E-16,-1.));
#2635 = ORIENTED_EDGE('',*,*,#2636,.T.);
#2636 = EDGE_CURVE('',#2629,#2637,#2639,.T.);
#2637 = VERTEX_POINT('',#2638);
#2638 = CARTESIAN_POINT('',(13.,1.52,5.25));
#2639 = LINE('',#2640,#2641);
#2640 = CARTESIAN_POINT('',(13.1,1.52,5.25));
#2641 = VECTOR('',#2642,1.);
#2642 = DIRECTION('',(-1.,-0.,-0.));
#2643 = ORIENTED_EDGE('',*,*,#2644,.F.);
#2644 = EDGE_CURVE('',#589,#2637,#2645,.T.);
#2645 = LINE('',#2646,#2647);
#2646 = CARTESIAN_POINT('',(13.,1.52,9.8));
#2647 = VECTOR('',#2648,1.);
#2648 = DIRECTION('',(0.,0.,-1.));
#2649 = ORIENTED_EDGE('',*,*,#586,.F.);
#2650 = PLANE('',#2651);
#2651 = AXIS2_PLACEMENT_3D('',#2652,#2653,#2654);
#2652 = CARTESIAN_POINT('',(13.55,1.52,3.45));
#2653 = DIRECTION('',(0.,1.,0.));
#2654 = DIRECTION('',(0.,0.,1.));
#2655 = ADVANCED_FACE('',(#2656),#2674,.F.);
#2656 = FACE_BOUND('',#2657,.F.);
#2657 = EDGE_LOOP('',(#2658,#2666,#2667,#2668));
#2658 = ORIENTED_EDGE('',*,*,#2659,.T.);
#2659 = EDGE_CURVE('',#2660,#2613,#2662,.T.);
#2660 = VERTEX_POINT('',#2661);
#2661 = CARTESIAN_POINT('',(13.55,-0.98,3.45));
#2662 = LINE('',#2663,#2664);
#2663 = CARTESIAN_POINT('',(13.55,-0.98,3.45));
#2664 = VECTOR('',#2665,1.);
#2665 = DIRECTION('',(0.,1.,0.));
#2666 = ORIENTED_EDGE('',*,*,#2612,.T.);
#2667 = ORIENTED_EDGE('',*,*,#596,.T.);
#2668 = ORIENTED_EDGE('',*,*,#2669,.T.);
#2669 = EDGE_CURVE('',#597,#2660,#2670,.T.);
#2670 = LINE('',#2671,#2672);
#2671 = CARTESIAN_POINT('',(13.55,-0.98,9.8));
#2672 = VECTOR('',#2673,1.);
#2673 = DIRECTION('',(0.,0.,-1.));
#2674 = PLANE('',#2675);
#2675 = AXIS2_PLACEMENT_3D('',#2676,#2677,#2678);
#2676 = CARTESIAN_POINT('',(13.55,0.27,6.625));
#2677 = DIRECTION('',(1.,0.,0.));
#2678 = DIRECTION('',(0.,0.,1.));
#2679 = ADVANCED_FACE('',(#2680),#2698,.F.);
#2680 = FACE_BOUND('',#2681,.F.);
#2681 = EDGE_LOOP('',(#2682,#2683,#2691,#2697));
#2682 = ORIENTED_EDGE('',*,*,#2644,.T.);
#2683 = ORIENTED_EDGE('',*,*,#2684,.T.);
#2684 = EDGE_CURVE('',#2637,#2685,#2687,.T.);
#2685 = VERTEX_POINT('',#2686);
#2686 = CARTESIAN_POINT('',(13.,1.92,5.25));
#2687 = LINE('',#2688,#2689);
#2688 = CARTESIAN_POINT('',(13.,1.52,5.25));
#2689 = VECTOR('',#2690,1.);
#2690 = DIRECTION('',(0.,1.,0.));
#2691 = ORIENTED_EDGE('',*,*,#2692,.T.);
#2692 = EDGE_CURVE('',#2685,#637,#2693,.T.);
#2693 = LINE('',#2694,#2695);
#2694 = CARTESIAN_POINT('',(13.,1.92,5.25));
#2695 = VECTOR('',#2696,1.);
#2696 = DIRECTION('',(0.,0.,1.));
#2697 = ORIENTED_EDGE('',*,*,#644,.T.);
#2698 = PLANE('',#2699);
#2699 = AXIS2_PLACEMENT_3D('',#2700,#2701,#2702);
#2700 = CARTESIAN_POINT('',(13.,1.72,7.525));
#2701 = DIRECTION('',(1.,0.,0.));
#2702 = DIRECTION('',(0.,0.,1.));
#2703 = ADVANCED_FACE('',(#2704),#2722,.F.);
#2704 = FACE_BOUND('',#2705,.F.);
#2705 = EDGE_LOOP('',(#2706,#2707,#2715,#2721));
#2706 = ORIENTED_EDGE('',*,*,#604,.T.);
#2707 = ORIENTED_EDGE('',*,*,#2708,.T.);
#2708 = EDGE_CURVE('',#605,#2709,#2711,.T.);
#2709 = VERTEX_POINT('',#2710);
#2710 = CARTESIAN_POINT('',(11.45,-0.98,3.45));
#2711 = LINE('',#2712,#2713);
#2712 = CARTESIAN_POINT('',(11.45,-0.98,9.8));
#2713 = VECTOR('',#2714,1.);
#2714 = DIRECTION('',(0.,0.,-1.));
#2715 = ORIENTED_EDGE('',*,*,#2716,.F.);
#2716 = EDGE_CURVE('',#2660,#2709,#2717,.T.);
#2717 = LINE('',#2718,#2719);
#2718 = CARTESIAN_POINT('',(13.55,-0.98,3.45));
#2719 = VECTOR('',#2720,1.);
#2720 = DIRECTION('',(-1.,-0.,-0.));
#2721 = ORIENTED_EDGE('',*,*,#2669,.F.);
#2722 = PLANE('',#2723);
#2723 = AXIS2_PLACEMENT_3D('',#2724,#2725,#2726);
#2724 = CARTESIAN_POINT('',(13.55,-0.98,9.8));
#2725 = DIRECTION('',(0.,-1.,0.));
#2726 = DIRECTION('',(0.,0.,-1.));
#2727 = ADVANCED_FACE('',(#2728),#2746,.F.);
#2728 = FACE_BOUND('',#2729,.F.);
#2729 = EDGE_LOOP('',(#2730,#2738,#2744,#2745));
#2730 = ORIENTED_EDGE('',*,*,#2731,.T.);
#2731 = EDGE_CURVE('',#2685,#2732,#2734,.T.);
#2732 = VERTEX_POINT('',#2733);
#2733 = CARTESIAN_POINT('',(12.,1.92,5.25));
#2734 = LINE('',#2735,#2736);
#2735 = CARTESIAN_POINT('',(13.,1.92,5.25));
#2736 = VECTOR('',#2737,1.);
#2737 = DIRECTION('',(-1.,-0.,-0.));
#2738 = ORIENTED_EDGE('',*,*,#2739,.T.);
#2739 = EDGE_CURVE('',#2732,#629,#2740,.T.);
#2740 = LINE('',#2741,#2742);
#2741 = CARTESIAN_POINT('',(12.,1.92,5.25));
#2742 = VECTOR('',#2743,1.);
#2743 = DIRECTION('',(0.,0.,1.));
#2744 = ORIENTED_EDGE('',*,*,#636,.F.);
#2745 = ORIENTED_EDGE('',*,*,#2692,.F.);
#2746 = PLANE('',#2747);
#2747 = AXIS2_PLACEMENT_3D('',#2748,#2749,#2750);
#2748 = CARTESIAN_POINT('',(13.,1.92,5.25));
#2749 = DIRECTION('',(0.,1.,0.));
#2750 = DIRECTION('',(0.,0.,1.));
#2751 = ADVANCED_FACE('',(#2752),#2770,.T.);
#2752 = FACE_BOUND('',#2753,.T.);
#2753 = EDGE_LOOP('',(#2754,#2762,#2768,#2769));
#2754 = ORIENTED_EDGE('',*,*,#2755,.T.);
#2755 = EDGE_CURVE('',#2709,#2756,#2758,.T.);
#2756 = VERTEX_POINT('',#2757);
#2757 = CARTESIAN_POINT('',(11.45,1.52,3.45));
#2758 = LINE('',#2759,#2760);
#2759 = CARTESIAN_POINT('',(11.45,-0.98,3.45));
#2760 = VECTOR('',#2761,1.);
#2761 = DIRECTION('',(0.,1.,0.));
#2762 = ORIENTED_EDGE('',*,*,#2763,.T.);
#2763 = EDGE_CURVE('',#2756,#613,#2764,.T.);
#2764 = LINE('',#2765,#2766);
#2765 = CARTESIAN_POINT('',(11.45,1.52,3.45));
#2766 = VECTOR('',#2767,1.);
#2767 = DIRECTION('',(0.,0.,1.));
#2768 = ORIENTED_EDGE('',*,*,#612,.T.);
#2769 = ORIENTED_EDGE('',*,*,#2708,.T.);
#2770 = PLANE('',#2771);
#2771 = AXIS2_PLACEMENT_3D('',#2772,#2773,#2774);
#2772 = CARTESIAN_POINT('',(11.45,0.27,6.625));
#2773 = DIRECTION('',(1.,0.,0.));
#2774 = DIRECTION('',(0.,0.,1.));
#2775 = ADVANCED_FACE('',(#2776),#2794,.T.);
#2776 = FACE_BOUND('',#2777,.T.);
#2777 = EDGE_LOOP('',(#2778,#2786,#2792,#2793));
#2778 = ORIENTED_EDGE('',*,*,#2779,.T.);
#2779 = EDGE_CURVE('',#621,#2780,#2782,.T.);
#2780 = VERTEX_POINT('',#2781);
#2781 = CARTESIAN_POINT('',(12.,1.52,5.25));
#2782 = LINE('',#2783,#2784);
#2783 = CARTESIAN_POINT('',(12.,1.52,9.8));
#2784 = VECTOR('',#2785,1.);
#2785 = DIRECTION('',(0.,0.,-1.));
#2786 = ORIENTED_EDGE('',*,*,#2787,.T.);
#2787 = EDGE_CURVE('',#2780,#2732,#2788,.T.);
#2788 = LINE('',#2789,#2790);
#2789 = CARTESIAN_POINT('',(12.,1.52,5.25));
#2790 = VECTOR('',#2791,1.);
#2791 = DIRECTION('',(0.,1.,0.));
#2792 = ORIENTED_EDGE('',*,*,#2739,.T.);
#2793 = ORIENTED_EDGE('',*,*,#628,.T.);
#2794 = PLANE('',#2795);
#2795 = AXIS2_PLACEMENT_3D('',#2796,#2797,#2798);
#2796 = CARTESIAN_POINT('',(12.,1.72,7.525));
#2797 = DIRECTION('',(1.,0.,0.));
#2798 = DIRECTION('',(0.,0.,1.));
#2799 = ADVANCED_FACE('',(#2800),#2827,.F.);
#2800 = FACE_BOUND('',#2801,.F.);
#2801 = EDGE_LOOP('',(#2802,#2803,#2804,#2812,#2820,#2826));
#2802 = ORIENTED_EDGE('',*,*,#620,.F.);
#2803 = ORIENTED_EDGE('',*,*,#2779,.T.);
#2804 = ORIENTED_EDGE('',*,*,#2805,.T.);
#2805 = EDGE_CURVE('',#2780,#2806,#2808,.T.);
#2806 = VERTEX_POINT('',#2807);
#2807 = CARTESIAN_POINT('',(11.9,1.52,5.25));
#2808 = LINE('',#2809,#2810);
#2809 = CARTESIAN_POINT('',(13.1,1.52,5.25));
#2810 = VECTOR('',#2811,1.);
#2811 = DIRECTION('',(-1.,-0.,-0.));
#2812 = ORIENTED_EDGE('',*,*,#2813,.T.);
#2813 = EDGE_CURVE('',#2806,#2814,#2816,.T.);
#2814 = VERTEX_POINT('',#2815);
#2815 = CARTESIAN_POINT('',(11.9,1.52,3.45));
#2816 = LINE('',#2817,#2818);
#2817 = CARTESIAN_POINT('',(11.9,1.52,5.25));
#2818 = VECTOR('',#2819,1.);
#2819 = DIRECTION('',(0.,1.233581138472E-16,-1.));
#2820 = ORIENTED_EDGE('',*,*,#2821,.T.);
#2821 = EDGE_CURVE('',#2814,#2756,#2822,.T.);
#2822 = LINE('',#2823,#2824);
#2823 = CARTESIAN_POINT('',(13.55,1.52,3.45));
#2824 = VECTOR('',#2825,1.);
#2825 = DIRECTION('',(-1.,-0.,-0.));
#2826 = ORIENTED_EDGE('',*,*,#2763,.T.);
#2827 = PLANE('',#2828);
#2828 = AXIS2_PLACEMENT_3D('',#2829,#2830,#2831);
#2829 = CARTESIAN_POINT('',(13.55,1.52,3.45));
#2830 = DIRECTION('',(0.,1.,0.));
#2831 = DIRECTION('',(0.,0.,1.));
#2832 = ADVANCED_FACE('',(#2833),#2844,.F.);
#2833 = FACE_BOUND('',#2834,.F.);
#2834 = EDGE_LOOP('',(#2835,#2836,#2842,#2843));
#2835 = ORIENTED_EDGE('',*,*,#772,.T.);
#2836 = ORIENTED_EDGE('',*,*,#2837,.T.);
#2837 = EDGE_CURVE('',#765,#679,#2838,.T.);
#2838 = LINE('',#2839,#2840);
#2839 = CARTESIAN_POINT('',(14.5,1.92,5.25));
#2840 = VECTOR('',#2841,1.);
#2841 = DIRECTION('',(0.,0.,1.));
#2842 = ORIENTED_EDGE('',*,*,#686,.F.);
#2843 = ORIENTED_EDGE('',*,*,#717,.F.);
#2844 = PLANE('',#2845);
#2845 = AXIS2_PLACEMENT_3D('',#2846,#2847,#2848);
#2846 = CARTESIAN_POINT('',(15.5,1.92,5.25));
#2847 = DIRECTION('',(0.,1.,0.));
#2848 = DIRECTION('',(0.,0.,1.));
#2849 = ADVANCED_FACE('',(#2850),#2861,.T.);
#2850 = FACE_BOUND('',#2851,.T.);
#2851 = EDGE_LOOP('',(#2852,#2853,#2859,#2860));
#2852 = ORIENTED_EDGE('',*,*,#853,.T.);
#2853 = ORIENTED_EDGE('',*,*,#2854,.T.);
#2854 = EDGE_CURVE('',#854,#663,#2855,.T.);
#2855 = LINE('',#2856,#2857);
#2856 = CARTESIAN_POINT('',(13.95,1.52,3.45));
#2857 = VECTOR('',#2858,1.);
#2858 = DIRECTION('',(0.,0.,1.));
#2859 = ORIENTED_EDGE('',*,*,#662,.T.);
#2860 = ORIENTED_EDGE('',*,*,#928,.T.);
#2861 = PLANE('',#2862);
#2862 = AXIS2_PLACEMENT_3D('',#2863,#2864,#2865);
#2863 = CARTESIAN_POINT('',(13.95,0.27,6.625));
#2864 = DIRECTION('',(1.,0.,0.));
#2865 = DIRECTION('',(0.,0.,1.));
#2866 = ADVANCED_FACE('',(#2867),#2878,.T.);
#2867 = FACE_BOUND('',#2868,.T.);
#2868 = EDGE_LOOP('',(#2869,#2875,#2876,#2877));
#2869 = ORIENTED_EDGE('',*,*,#2870,.T.);
#2870 = EDGE_CURVE('',#671,#757,#2871,.T.);
#2871 = LINE('',#2872,#2873);
#2872 = CARTESIAN_POINT('',(14.5,1.52,9.8));
#2873 = VECTOR('',#2874,1.);
#2874 = DIRECTION('',(0.,0.,-1.));
#2875 = ORIENTED_EDGE('',*,*,#764,.T.);
#2876 = ORIENTED_EDGE('',*,*,#2837,.T.);
#2877 = ORIENTED_EDGE('',*,*,#678,.T.);
#2878 = PLANE('',#2879);
#2879 = AXIS2_PLACEMENT_3D('',#2880,#2881,#2882);
#2880 = CARTESIAN_POINT('',(14.5,1.72,7.525));
#2881 = DIRECTION('',(1.,0.,0.));
#2882 = DIRECTION('',(0.,0.,1.));
#2883 = ADVANCED_FACE('',(#2884),#2897,.F.);
#2884 = FACE_BOUND('',#2885,.F.);
#2885 = EDGE_LOOP('',(#2886,#2887,#2888,#2889,#2895,#2896));
#2886 = ORIENTED_EDGE('',*,*,#670,.F.);
#2887 = ORIENTED_EDGE('',*,*,#2870,.T.);
#2888 = ORIENTED_EDGE('',*,*,#756,.T.);
#2889 = ORIENTED_EDGE('',*,*,#2890,.T.);
#2890 = EDGE_CURVE('',#749,#862,#2891,.T.);
#2891 = LINE('',#2892,#2893);
#2892 = CARTESIAN_POINT('',(14.4,1.52,5.25));
#2893 = VECTOR('',#2894,1.);
#2894 = DIRECTION('',(0.,1.233581138472E-16,-1.));
#2895 = ORIENTED_EDGE('',*,*,#861,.T.);
#2896 = ORIENTED_EDGE('',*,*,#2854,.T.);
#2897 = PLANE('',#2898);
#2898 = AXIS2_PLACEMENT_3D('',#2899,#2900,#2901);
#2899 = CARTESIAN_POINT('',(16.05,1.52,3.45));
#2900 = DIRECTION('',(0.,1.,0.));
#2901 = DIRECTION('',(0.,0.,1.));
#2902 = ADVANCED_FACE('',(#2903),#2946,.T.);
#2903 = FACE_BOUND('',#2904,.T.);
#2904 = EDGE_LOOP('',(#2905,#2913,#2914,#2915,#2916,#2924,#2932,#2940));
#2905 = ORIENTED_EDGE('',*,*,#2906,.T.);
#2906 = EDGE_CURVE('',#2907,#741,#2909,.T.);
#2907 = VERTEX_POINT('',#2908);
#2908 = CARTESIAN_POINT('',(14.4,2.57,2.05));
#2909 = LINE('',#2910,#2911);
#2910 = CARTESIAN_POINT('',(14.4,2.57,2.05));
#2911 = VECTOR('',#2912,1.);
#2912 = DIRECTION('',(0.,0.,1.));
#2913 = ORIENTED_EDGE('',*,*,#748,.T.);
#2914 = ORIENTED_EDGE('',*,*,#2890,.T.);
#2915 = ORIENTED_EDGE('',*,*,#869,.T.);
#2916 = ORIENTED_EDGE('',*,*,#2917,.T.);
#2917 = EDGE_CURVE('',#870,#2918,#2920,.T.);
#2918 = VERTEX_POINT('',#2919);
#2919 = CARTESIAN_POINT('',(14.4,1.044,2.6151));
#2920 = LINE('',#2921,#2922);
#2921 = CARTESIAN_POINT('',(14.4,0.5468198,3.45));
#2922 = VECTOR('',#2923,1.);
#2923 = DIRECTION('',(0.,0.511647917429,-0.859195209828));
#2924 = ORIENTED_EDGE('',*,*,#2925,.T.);
#2925 = EDGE_CURVE('',#2918,#2926,#2928,.T.);
#2926 = VERTEX_POINT('',#2927);
#2927 = CARTESIAN_POINT('',(14.4,1.52,2.6151));
#2928 = LINE('',#2929,#2930);
#2929 = CARTESIAN_POINT('',(14.4,1.044,2.6151));
#2930 = VECTOR('',#2931,1.);
#2931 = DIRECTION('',(0.,1.,0.));
#2932 = ORIENTED_EDGE('',*,*,#2933,.T.);
#2933 = EDGE_CURVE('',#2926,#2934,#2936,.T.);
#2934 = VERTEX_POINT('',#2935);
#2935 = CARTESIAN_POINT('',(14.4,1.52,2.05));
#2936 = LINE('',#2937,#2938);
#2937 = CARTESIAN_POINT('',(14.4,1.52,2.6151));
#2938 = VECTOR('',#2939,1.);
#2939 = DIRECTION('',(0.,0.,-1.));
#2940 = ORIENTED_EDGE('',*,*,#2941,.T.);
#2941 = EDGE_CURVE('',#2934,#2907,#2942,.T.);
#2942 = LINE('',#2943,#2944);
#2943 = CARTESIAN_POINT('',(14.4,1.52,2.05));
#2944 = VECTOR('',#2945,1.);
#2945 = DIRECTION('',(0.,1.,0.));
#2946 = PLANE('',#2947);
#2947 = AXIS2_PLACEMENT_3D('',#2948,#2949,#2950);
#2948 = CARTESIAN_POINT('',(14.4,1.834452703854,3.573485056924));
#2949 = DIRECTION('',(1.,0.,0.));
#2950 = DIRECTION('',(0.,0.,1.));
#2951 = ADVANCED_FACE('',(#2952),#3187,.T.);
#2952 = FACE_BOUND('',#2953,.T.);
#2953 = EDGE_LOOP('',(#2954,#2964,#2970,#2971,#2972,#2973,#2981,#2989,
    #2997,#3005,#3013,#3021,#3029,#3037,#3045,#3053,#3061,#3069,#3077,
    #3085,#3093,#3101,#3109,#3117,#3125,#3133,#3141,#3149,#3157,#3165,
    #3173,#3181));
#2954 = ORIENTED_EDGE('',*,*,#2955,.F.);
#2955 = EDGE_CURVE('',#2956,#2958,#2960,.T.);
#2956 = VERTEX_POINT('',#2957);
#2957 = CARTESIAN_POINT('',(16.6,2.57,2.05));
#2958 = VERTEX_POINT('',#2959);
#2959 = CARTESIAN_POINT('',(16.6,2.57,9.2));
#2960 = LINE('',#2961,#2962);
#2961 = CARTESIAN_POINT('',(16.6,2.57,2.05));
#2962 = VECTOR('',#2963,1.);
#2963 = DIRECTION('',(0.,0.,1.));
#2964 = ORIENTED_EDGE('',*,*,#2965,.T.);
#2965 = EDGE_CURVE('',#2956,#789,#2966,.T.);
#2966 = LINE('',#2967,#2968);
#2967 = CARTESIAN_POINT('',(16.6,2.57,2.05));
#2968 = VECTOR('',#2969,1.);
#2969 = DIRECTION('',(-1.,-0.,-0.));
#2970 = ORIENTED_EDGE('',*,*,#788,.T.);
#2971 = ORIENTED_EDGE('',*,*,#740,.T.);
#2972 = ORIENTED_EDGE('',*,*,#2906,.F.);
#2973 = ORIENTED_EDGE('',*,*,#2974,.T.);
#2974 = EDGE_CURVE('',#2907,#2975,#2977,.T.);
#2975 = VERTEX_POINT('',#2976);
#2976 = CARTESIAN_POINT('',(13.1,2.57,2.05));
#2977 = LINE('',#2978,#2979);
#2978 = CARTESIAN_POINT('',(16.6,2.57,2.05));
#2979 = VECTOR('',#2980,1.);
#2980 = DIRECTION('',(-1.,-0.,-0.));
#2981 = ORIENTED_EDGE('',*,*,#2982,.T.);
#2982 = EDGE_CURVE('',#2975,#2983,#2985,.T.);
#2983 = VERTEX_POINT('',#2984);
#2984 = CARTESIAN_POINT('',(13.1,2.57,5.25));
#2985 = LINE('',#2986,#2987);
#2986 = CARTESIAN_POINT('',(13.1,2.57,2.05));
#2987 = VECTOR('',#2988,1.);
#2988 = DIRECTION('',(0.,0.,1.));
#2989 = ORIENTED_EDGE('',*,*,#2990,.T.);
#2990 = EDGE_CURVE('',#2983,#2991,#2993,.T.);
#2991 = VERTEX_POINT('',#2992);
#2992 = CARTESIAN_POINT('',(11.9,2.57,5.25));
#2993 = LINE('',#2994,#2995);
#2994 = CARTESIAN_POINT('',(13.1,2.57,5.25));
#2995 = VECTOR('',#2996,1.);
#2996 = DIRECTION('',(-1.,-0.,-0.));
#2997 = ORIENTED_EDGE('',*,*,#2998,.F.);
#2998 = EDGE_CURVE('',#2999,#2991,#3001,.T.);
#2999 = VERTEX_POINT('',#3000);
#3000 = CARTESIAN_POINT('',(11.9,2.57,2.05));
#3001 = LINE('',#3002,#3003);
#3002 = CARTESIAN_POINT('',(11.9,2.57,2.05));
#3003 = VECTOR('',#3004,1.);
#3004 = DIRECTION('',(0.,0.,1.));
#3005 = ORIENTED_EDGE('',*,*,#3006,.T.);
#3006 = EDGE_CURVE('',#2999,#3007,#3009,.T.);
#3007 = VERTEX_POINT('',#3008);
#3008 = CARTESIAN_POINT('',(10.6,2.57,2.05));
#3009 = LINE('',#3010,#3011);
#3010 = CARTESIAN_POINT('',(16.6,2.57,2.05));
#3011 = VECTOR('',#3012,1.);
#3012 = DIRECTION('',(-1.,-0.,-0.));
#3013 = ORIENTED_EDGE('',*,*,#3014,.T.);
#3014 = EDGE_CURVE('',#3007,#3015,#3017,.T.);
#3015 = VERTEX_POINT('',#3016);
#3016 = CARTESIAN_POINT('',(10.6,2.57,5.25));
#3017 = LINE('',#3018,#3019);
#3018 = CARTESIAN_POINT('',(10.6,2.57,2.05));
#3019 = VECTOR('',#3020,1.);
#3020 = DIRECTION('',(0.,0.,1.));
#3021 = ORIENTED_EDGE('',*,*,#3022,.T.);
#3022 = EDGE_CURVE('',#3015,#3023,#3025,.T.);
#3023 = VERTEX_POINT('',#3024);
#3024 = CARTESIAN_POINT('',(9.4,2.57,5.25));
#3025 = LINE('',#3026,#3027);
#3026 = CARTESIAN_POINT('',(10.6,2.57,5.25));
#3027 = VECTOR('',#3028,1.);
#3028 = DIRECTION('',(-1.,-0.,-0.));
#3029 = ORIENTED_EDGE('',*,*,#3030,.F.);
#3030 = EDGE_CURVE('',#3031,#3023,#3033,.T.);
#3031 = VERTEX_POINT('',#3032);
#3032 = CARTESIAN_POINT('',(9.4,2.57,2.05));
#3033 = LINE('',#3034,#3035);
#3034 = CARTESIAN_POINT('',(9.4,2.57,2.05));
#3035 = VECTOR('',#3036,1.);
#3036 = DIRECTION('',(0.,0.,1.));
#3037 = ORIENTED_EDGE('',*,*,#3038,.T.);
#3038 = EDGE_CURVE('',#3031,#3039,#3041,.T.);
#3039 = VERTEX_POINT('',#3040);
#3040 = CARTESIAN_POINT('',(8.1,2.57,2.05));
#3041 = LINE('',#3042,#3043);
#3042 = CARTESIAN_POINT('',(16.6,2.57,2.05));
#3043 = VECTOR('',#3044,1.);
#3044 = DIRECTION('',(-1.,-0.,-0.));
#3045 = ORIENTED_EDGE('',*,*,#3046,.T.);
#3046 = EDGE_CURVE('',#3039,#3047,#3049,.T.);
#3047 = VERTEX_POINT('',#3048);
#3048 = CARTESIAN_POINT('',(8.1,2.57,5.25));
#3049 = LINE('',#3050,#3051);
#3050 = CARTESIAN_POINT('',(8.1,2.57,2.05));
#3051 = VECTOR('',#3052,1.);
#3052 = DIRECTION('',(0.,0.,1.));
#3053 = ORIENTED_EDGE('',*,*,#3054,.T.);
#3054 = EDGE_CURVE('',#3047,#3055,#3057,.T.);
#3055 = VERTEX_POINT('',#3056);
#3056 = CARTESIAN_POINT('',(6.9,2.57,5.25));
#3057 = LINE('',#3058,#3059);
#3058 = CARTESIAN_POINT('',(8.1,2.57,5.25));
#3059 = VECTOR('',#3060,1.);
#3060 = DIRECTION('',(-1.,-0.,-0.));
#3061 = ORIENTED_EDGE('',*,*,#3062,.F.);
#3062 = EDGE_CURVE('',#3063,#3055,#3065,.T.);
#3063 = VERTEX_POINT('',#3064);
#3064 = CARTESIAN_POINT('',(6.9,2.57,2.05));
#3065 = LINE('',#3066,#3067);
#3066 = CARTESIAN_POINT('',(6.9,2.57,2.05));
#3067 = VECTOR('',#3068,1.);
#3068 = DIRECTION('',(0.,0.,1.));
#3069 = ORIENTED_EDGE('',*,*,#3070,.T.);
#3070 = EDGE_CURVE('',#3063,#3071,#3073,.T.);
#3071 = VERTEX_POINT('',#3072);
#3072 = CARTESIAN_POINT('',(5.6,2.57,2.05));
#3073 = LINE('',#3074,#3075);
#3074 = CARTESIAN_POINT('',(16.6,2.57,2.05));
#3075 = VECTOR('',#3076,1.);
#3076 = DIRECTION('',(-1.,-0.,-0.));
#3077 = ORIENTED_EDGE('',*,*,#3078,.T.);
#3078 = EDGE_CURVE('',#3071,#3079,#3081,.T.);
#3079 = VERTEX_POINT('',#3080);
#3080 = CARTESIAN_POINT('',(5.6,2.57,5.25));
#3081 = LINE('',#3082,#3083);
#3082 = CARTESIAN_POINT('',(5.6,2.57,2.05));
#3083 = VECTOR('',#3084,1.);
#3084 = DIRECTION('',(0.,0.,1.));
#3085 = ORIENTED_EDGE('',*,*,#3086,.T.);
#3086 = EDGE_CURVE('',#3079,#3087,#3089,.T.);
#3087 = VERTEX_POINT('',#3088);
#3088 = CARTESIAN_POINT('',(4.4,2.57,5.25));
#3089 = LINE('',#3090,#3091);
#3090 = CARTESIAN_POINT('',(5.6,2.57,5.25));
#3091 = VECTOR('',#3092,1.);
#3092 = DIRECTION('',(-1.,-0.,-0.));
#3093 = ORIENTED_EDGE('',*,*,#3094,.F.);
#3094 = EDGE_CURVE('',#3095,#3087,#3097,.T.);
#3095 = VERTEX_POINT('',#3096);
#3096 = CARTESIAN_POINT('',(4.4,2.57,2.05));
#3097 = LINE('',#3098,#3099);
#3098 = CARTESIAN_POINT('',(4.4,2.57,2.05));
#3099 = VECTOR('',#3100,1.);
#3100 = DIRECTION('',(0.,0.,1.));
#3101 = ORIENTED_EDGE('',*,*,#3102,.T.);
#3102 = EDGE_CURVE('',#3095,#3103,#3105,.T.);
#3103 = VERTEX_POINT('',#3104);
#3104 = CARTESIAN_POINT('',(3.1,2.57,2.05));
#3105 = LINE('',#3106,#3107);
#3106 = CARTESIAN_POINT('',(16.6,2.57,2.05));
#3107 = VECTOR('',#3108,1.);
#3108 = DIRECTION('',(-1.,-0.,-0.));
#3109 = ORIENTED_EDGE('',*,*,#3110,.T.);
#3110 = EDGE_CURVE('',#3103,#3111,#3113,.T.);
#3111 = VERTEX_POINT('',#3112);
#3112 = CARTESIAN_POINT('',(3.1,2.57,5.25));
#3113 = LINE('',#3114,#3115);
#3114 = CARTESIAN_POINT('',(3.1,2.57,2.05));
#3115 = VECTOR('',#3116,1.);
#3116 = DIRECTION('',(0.,0.,1.));
#3117 = ORIENTED_EDGE('',*,*,#3118,.T.);
#3118 = EDGE_CURVE('',#3111,#3119,#3121,.T.);
#3119 = VERTEX_POINT('',#3120);
#3120 = CARTESIAN_POINT('',(1.9,2.57,5.25));
#3121 = LINE('',#3122,#3123);
#3122 = CARTESIAN_POINT('',(3.1,2.57,5.25));
#3123 = VECTOR('',#3124,1.);
#3124 = DIRECTION('',(-1.,-0.,-0.));
#3125 = ORIENTED_EDGE('',*,*,#3126,.F.);
#3126 = EDGE_CURVE('',#3127,#3119,#3129,.T.);
#3127 = VERTEX_POINT('',#3128);
#3128 = CARTESIAN_POINT('',(1.9,2.57,2.05));
#3129 = LINE('',#3130,#3131);
#3130 = CARTESIAN_POINT('',(1.9,2.57,2.05));
#3131 = VECTOR('',#3132,1.);
#3132 = DIRECTION('',(0.,0.,1.));
#3133 = ORIENTED_EDGE('',*,*,#3134,.T.);
#3134 = EDGE_CURVE('',#3127,#3135,#3137,.T.);
#3135 = VERTEX_POINT('',#3136);
#3136 = CARTESIAN_POINT('',(0.6,2.57,2.05));
#3137 = LINE('',#3138,#3139);
#3138 = CARTESIAN_POINT('',(16.6,2.57,2.05));
#3139 = VECTOR('',#3140,1.);
#3140 = DIRECTION('',(-1.,-0.,-0.));
#3141 = ORIENTED_EDGE('',*,*,#3142,.T.);
#3142 = EDGE_CURVE('',#3135,#3143,#3145,.T.);
#3143 = VERTEX_POINT('',#3144);
#3144 = CARTESIAN_POINT('',(0.6,2.57,5.25));
#3145 = LINE('',#3146,#3147);
#3146 = CARTESIAN_POINT('',(0.6,2.57,2.05));
#3147 = VECTOR('',#3148,1.);
#3148 = DIRECTION('',(0.,0.,1.));
#3149 = ORIENTED_EDGE('',*,*,#3150,.T.);
#3150 = EDGE_CURVE('',#3143,#3151,#3153,.T.);
#3151 = VERTEX_POINT('',#3152);
#3152 = CARTESIAN_POINT('',(-0.6,2.57,5.25));
#3153 = LINE('',#3154,#3155);
#3154 = CARTESIAN_POINT('',(0.6,2.57,5.25));
#3155 = VECTOR('',#3156,1.);
#3156 = DIRECTION('',(-1.,-0.,-0.));
#3157 = ORIENTED_EDGE('',*,*,#3158,.F.);
#3158 = EDGE_CURVE('',#3159,#3151,#3161,.T.);
#3159 = VERTEX_POINT('',#3160);
#3160 = CARTESIAN_POINT('',(-0.6,2.57,2.05));
#3161 = LINE('',#3162,#3163);
#3162 = CARTESIAN_POINT('',(-0.6,2.57,2.05));
#3163 = VECTOR('',#3164,1.);
#3164 = DIRECTION('',(0.,0.,1.));
#3165 = ORIENTED_EDGE('',*,*,#3166,.T.);
#3166 = EDGE_CURVE('',#3159,#3167,#3169,.T.);
#3167 = VERTEX_POINT('',#3168);
#3168 = CARTESIAN_POINT('',(-1.6,2.57,2.05));
#3169 = LINE('',#3170,#3171);
#3170 = CARTESIAN_POINT('',(16.6,2.57,2.05));
#3171 = VECTOR('',#3172,1.);
#3172 = DIRECTION('',(-1.,-0.,-0.));
#3173 = ORIENTED_EDGE('',*,*,#3174,.T.);
#3174 = EDGE_CURVE('',#3167,#3175,#3177,.T.);
#3175 = VERTEX_POINT('',#3176);
#3176 = CARTESIAN_POINT('',(-1.6,2.57,9.2));
#3177 = LINE('',#3178,#3179);
#3178 = CARTESIAN_POINT('',(-1.6,2.57,2.05));
#3179 = VECTOR('',#3180,1.);
#3180 = DIRECTION('',(0.,0.,1.));
#3181 = ORIENTED_EDGE('',*,*,#3182,.T.);
#3182 = EDGE_CURVE('',#3175,#2958,#3183,.T.);
#3183 = LINE('',#3184,#3185);
#3184 = CARTESIAN_POINT('',(12.05,2.57,9.2));
#3185 = VECTOR('',#3186,1.);
#3186 = DIRECTION('',(1.,0.,0.));
#3187 = PLANE('',#3188);
#3188 = AXIS2_PLACEMENT_3D('',#3189,#3190,#3191);
#3189 = CARTESIAN_POINT('',(16.6,2.57,2.05));
#3190 = DIRECTION('',(0.,1.,0.));
#3191 = DIRECTION('',(0.,0.,1.));
#3192 = ADVANCED_FACE('',(#3193),#3204,.F.);
#3193 = FACE_BOUND('',#3194,.F.);
#3194 = EDGE_LOOP('',(#3195,#3196,#3197,#3203));
#3195 = ORIENTED_EDGE('',*,*,#877,.T.);
#3196 = ORIENTED_EDGE('',*,*,#2917,.T.);
#3197 = ORIENTED_EDGE('',*,*,#3198,.F.);
#3198 = EDGE_CURVE('',#807,#2918,#3199,.T.);
#3199 = LINE('',#3200,#3201);
#3200 = CARTESIAN_POINT('',(15.6,1.044,2.6151));
#3201 = VECTOR('',#3202,1.);
#3202 = DIRECTION('',(-1.,-0.,-0.));
#3203 = ORIENTED_EDGE('',*,*,#806,.F.);
#3204 = PLANE('',#3205);
#3205 = AXIS2_PLACEMENT_3D('',#3206,#3207,#3208);
#3206 = CARTESIAN_POINT('',(15.6,0.5468198,3.45));
#3207 = DIRECTION('',(0.,-0.859195209828,-0.511647917429));
#3208 = DIRECTION('',(0.,0.511647917429,-0.859195209828));
#3209 = ADVANCED_FACE('',(#3210),#3221,.F.);
#3210 = FACE_BOUND('',#3211,.F.);
#3211 = EDGE_LOOP('',(#3212,#3213,#3214,#3220));
#3212 = ORIENTED_EDGE('',*,*,#3198,.T.);
#3213 = ORIENTED_EDGE('',*,*,#2925,.T.);
#3214 = ORIENTED_EDGE('',*,*,#3215,.F.);
#3215 = EDGE_CURVE('',#815,#2926,#3216,.T.);
#3216 = LINE('',#3217,#3218);
#3217 = CARTESIAN_POINT('',(15.6,1.52,2.6151));
#3218 = VECTOR('',#3219,1.);
#3219 = DIRECTION('',(-1.,-0.,-0.));
#3220 = ORIENTED_EDGE('',*,*,#814,.F.);
#3221 = PLANE('',#3222);
#3222 = AXIS2_PLACEMENT_3D('',#3223,#3224,#3225);
#3223 = CARTESIAN_POINT('',(15.6,1.044,2.6151));
#3224 = DIRECTION('',(0.,0.,-1.));
#3225 = DIRECTION('',(0.,1.,0.));
#3226 = ADVANCED_FACE('',(#3227),#3238,.F.);
#3227 = FACE_BOUND('',#3228,.F.);
#3228 = EDGE_LOOP('',(#3229,#3230,#3231,#3237));
#3229 = ORIENTED_EDGE('',*,*,#3215,.T.);
#3230 = ORIENTED_EDGE('',*,*,#2933,.T.);
#3231 = ORIENTED_EDGE('',*,*,#3232,.F.);
#3232 = EDGE_CURVE('',#823,#2934,#3233,.T.);
#3233 = LINE('',#3234,#3235);
#3234 = CARTESIAN_POINT('',(15.6,1.52,2.05));
#3235 = VECTOR('',#3236,1.);
#3236 = DIRECTION('',(-1.,-0.,-0.));
#3237 = ORIENTED_EDGE('',*,*,#822,.F.);
#3238 = PLANE('',#3239);
#3239 = AXIS2_PLACEMENT_3D('',#3240,#3241,#3242);
#3240 = CARTESIAN_POINT('',(15.6,1.52,2.6151));
#3241 = DIRECTION('',(0.,-1.,0.));
#3242 = DIRECTION('',(0.,0.,-1.));
#3243 = ADVANCED_FACE('',(#3244),#3411,.T.);
#3244 = FACE_BOUND('',#3245,.T.);
#3245 = EDGE_LOOP('',(#3246,#3254,#3262,#3268,#3269,#3277,#3285,#3291,
    #3292,#3300,#3308,#3314,#3315,#3323,#3331,#3337,#3338,#3346,#3354,
    #3360,#3361,#3369,#3377,#3383,#3384,#3392,#3400,#3406,#3407,#3408,
    #3409,#3410));
#3246 = ORIENTED_EDGE('',*,*,#3247,.F.);
#3247 = EDGE_CURVE('',#3248,#2956,#3250,.T.);
#3248 = VERTEX_POINT('',#3249);
#3249 = CARTESIAN_POINT('',(16.6,0.945277674973,2.05));
#3250 = LINE('',#3251,#3252);
#3251 = CARTESIAN_POINT('',(16.6,0.945277674973,2.05));
#3252 = VECTOR('',#3253,1.);
#3253 = DIRECTION('',(0.,1.,0.));
#3254 = ORIENTED_EDGE('',*,*,#3255,.T.);
#3255 = EDGE_CURVE('',#3248,#3256,#3258,.T.);
#3256 = VERTEX_POINT('',#3257);
#3257 = CARTESIAN_POINT('',(-1.6,0.945277674973,2.05));
#3258 = LINE('',#3259,#3260);
#3259 = CARTESIAN_POINT('',(16.6,0.945277674973,2.05));
#3260 = VECTOR('',#3261,1.);
#3261 = DIRECTION('',(-1.,-0.,-0.));
#3262 = ORIENTED_EDGE('',*,*,#3263,.T.);
#3263 = EDGE_CURVE('',#3256,#3167,#3264,.T.);
#3264 = LINE('',#3265,#3266);
#3265 = CARTESIAN_POINT('',(-1.6,0.945277674973,2.05));
#3266 = VECTOR('',#3267,1.);
#3267 = DIRECTION('',(0.,1.,0.));
#3268 = ORIENTED_EDGE('',*,*,#3166,.F.);
#3269 = ORIENTED_EDGE('',*,*,#3270,.F.);
#3270 = EDGE_CURVE('',#3271,#3159,#3273,.T.);
#3271 = VERTEX_POINT('',#3272);
#3272 = CARTESIAN_POINT('',(-0.6,1.52,2.05));
#3273 = LINE('',#3274,#3275);
#3274 = CARTESIAN_POINT('',(-0.6,1.52,2.05));
#3275 = VECTOR('',#3276,1.);
#3276 = DIRECTION('',(0.,1.,0.));
#3277 = ORIENTED_EDGE('',*,*,#3278,.F.);
#3278 = EDGE_CURVE('',#3279,#3271,#3281,.T.);
#3279 = VERTEX_POINT('',#3280);
#3280 = CARTESIAN_POINT('',(0.6,1.52,2.05));
#3281 = LINE('',#3282,#3283);
#3282 = CARTESIAN_POINT('',(0.6,1.52,2.05));
#3283 = VECTOR('',#3284,1.);
#3284 = DIRECTION('',(-1.,-0.,-0.));
#3285 = ORIENTED_EDGE('',*,*,#3286,.T.);
#3286 = EDGE_CURVE('',#3279,#3135,#3287,.T.);
#3287 = LINE('',#3288,#3289);
#3288 = CARTESIAN_POINT('',(0.6,1.52,2.05));
#3289 = VECTOR('',#3290,1.);
#3290 = DIRECTION('',(0.,1.,0.));
#3291 = ORIENTED_EDGE('',*,*,#3134,.F.);
#3292 = ORIENTED_EDGE('',*,*,#3293,.F.);
#3293 = EDGE_CURVE('',#3294,#3127,#3296,.T.);
#3294 = VERTEX_POINT('',#3295);
#3295 = CARTESIAN_POINT('',(1.9,1.52,2.05));
#3296 = LINE('',#3297,#3298);
#3297 = CARTESIAN_POINT('',(1.9,1.52,2.05));
#3298 = VECTOR('',#3299,1.);
#3299 = DIRECTION('',(0.,1.,0.));
#3300 = ORIENTED_EDGE('',*,*,#3301,.F.);
#3301 = EDGE_CURVE('',#3302,#3294,#3304,.T.);
#3302 = VERTEX_POINT('',#3303);
#3303 = CARTESIAN_POINT('',(3.1,1.52,2.05));
#3304 = LINE('',#3305,#3306);
#3305 = CARTESIAN_POINT('',(3.1,1.52,2.05));
#3306 = VECTOR('',#3307,1.);
#3307 = DIRECTION('',(-1.,-0.,-0.));
#3308 = ORIENTED_EDGE('',*,*,#3309,.T.);
#3309 = EDGE_CURVE('',#3302,#3103,#3310,.T.);
#3310 = LINE('',#3311,#3312);
#3311 = CARTESIAN_POINT('',(3.1,1.52,2.05));
#3312 = VECTOR('',#3313,1.);
#3313 = DIRECTION('',(0.,1.,0.));
#3314 = ORIENTED_EDGE('',*,*,#3102,.F.);
#3315 = ORIENTED_EDGE('',*,*,#3316,.F.);
#3316 = EDGE_CURVE('',#3317,#3095,#3319,.T.);
#3317 = VERTEX_POINT('',#3318);
#3318 = CARTESIAN_POINT('',(4.4,1.52,2.05));
#3319 = LINE('',#3320,#3321);
#3320 = CARTESIAN_POINT('',(4.4,1.52,2.05));
#3321 = VECTOR('',#3322,1.);
#3322 = DIRECTION('',(0.,1.,0.));
#3323 = ORIENTED_EDGE('',*,*,#3324,.F.);
#3324 = EDGE_CURVE('',#3325,#3317,#3327,.T.);
#3325 = VERTEX_POINT('',#3326);
#3326 = CARTESIAN_POINT('',(5.6,1.52,2.05));
#3327 = LINE('',#3328,#3329);
#3328 = CARTESIAN_POINT('',(5.6,1.52,2.05));
#3329 = VECTOR('',#3330,1.);
#3330 = DIRECTION('',(-1.,-0.,-0.));
#3331 = ORIENTED_EDGE('',*,*,#3332,.T.);
#3332 = EDGE_CURVE('',#3325,#3071,#3333,.T.);
#3333 = LINE('',#3334,#3335);
#3334 = CARTESIAN_POINT('',(5.6,1.52,2.05));
#3335 = VECTOR('',#3336,1.);
#3336 = DIRECTION('',(0.,1.,0.));
#3337 = ORIENTED_EDGE('',*,*,#3070,.F.);
#3338 = ORIENTED_EDGE('',*,*,#3339,.F.);
#3339 = EDGE_CURVE('',#3340,#3063,#3342,.T.);
#3340 = VERTEX_POINT('',#3341);
#3341 = CARTESIAN_POINT('',(6.9,1.52,2.05));
#3342 = LINE('',#3343,#3344);
#3343 = CARTESIAN_POINT('',(6.9,1.52,2.05));
#3344 = VECTOR('',#3345,1.);
#3345 = DIRECTION('',(0.,1.,0.));
#3346 = ORIENTED_EDGE('',*,*,#3347,.F.);
#3347 = EDGE_CURVE('',#3348,#3340,#3350,.T.);
#3348 = VERTEX_POINT('',#3349);
#3349 = CARTESIAN_POINT('',(8.1,1.52,2.05));
#3350 = LINE('',#3351,#3352);
#3351 = CARTESIAN_POINT('',(8.1,1.52,2.05));
#3352 = VECTOR('',#3353,1.);
#3353 = DIRECTION('',(-1.,-0.,-0.));
#3354 = ORIENTED_EDGE('',*,*,#3355,.T.);
#3355 = EDGE_CURVE('',#3348,#3039,#3356,.T.);
#3356 = LINE('',#3357,#3358);
#3357 = CARTESIAN_POINT('',(8.1,1.52,2.05));
#3358 = VECTOR('',#3359,1.);
#3359 = DIRECTION('',(0.,1.,0.));
#3360 = ORIENTED_EDGE('',*,*,#3038,.F.);
#3361 = ORIENTED_EDGE('',*,*,#3362,.F.);
#3362 = EDGE_CURVE('',#3363,#3031,#3365,.T.);
#3363 = VERTEX_POINT('',#3364);
#3364 = CARTESIAN_POINT('',(9.4,1.52,2.05));
#3365 = LINE('',#3366,#3367);
#3366 = CARTESIAN_POINT('',(9.4,1.52,2.05));
#3367 = VECTOR('',#3368,1.);
#3368 = DIRECTION('',(0.,1.,0.));
#3369 = ORIENTED_EDGE('',*,*,#3370,.F.);
#3370 = EDGE_CURVE('',#3371,#3363,#3373,.T.);
#3371 = VERTEX_POINT('',#3372);
#3372 = CARTESIAN_POINT('',(10.6,1.52,2.05));
#3373 = LINE('',#3374,#3375);
#3374 = CARTESIAN_POINT('',(10.6,1.52,2.05));
#3375 = VECTOR('',#3376,1.);
#3376 = DIRECTION('',(-1.,-0.,-0.));
#3377 = ORIENTED_EDGE('',*,*,#3378,.T.);
#3378 = EDGE_CURVE('',#3371,#3007,#3379,.T.);
#3379 = LINE('',#3380,#3381);
#3380 = CARTESIAN_POINT('',(10.6,1.52,2.05));
#3381 = VECTOR('',#3382,1.);
#3382 = DIRECTION('',(0.,1.,0.));
#3383 = ORIENTED_EDGE('',*,*,#3006,.F.);
#3384 = ORIENTED_EDGE('',*,*,#3385,.F.);
#3385 = EDGE_CURVE('',#3386,#2999,#3388,.T.);
#3386 = VERTEX_POINT('',#3387);
#3387 = CARTESIAN_POINT('',(11.9,1.52,2.05));
#3388 = LINE('',#3389,#3390);
#3389 = CARTESIAN_POINT('',(11.9,1.52,2.05));
#3390 = VECTOR('',#3391,1.);
#3391 = DIRECTION('',(0.,1.,0.));
#3392 = ORIENTED_EDGE('',*,*,#3393,.F.);
#3393 = EDGE_CURVE('',#3394,#3386,#3396,.T.);
#3394 = VERTEX_POINT('',#3395);
#3395 = CARTESIAN_POINT('',(13.1,1.52,2.05));
#3396 = LINE('',#3397,#3398);
#3397 = CARTESIAN_POINT('',(13.1,1.52,2.05));
#3398 = VECTOR('',#3399,1.);
#3399 = DIRECTION('',(-1.,-0.,-0.));
#3400 = ORIENTED_EDGE('',*,*,#3401,.T.);
#3401 = EDGE_CURVE('',#3394,#2975,#3402,.T.);
#3402 = LINE('',#3403,#3404);
#3403 = CARTESIAN_POINT('',(13.1,1.52,2.05));
#3404 = VECTOR('',#3405,1.);
#3405 = DIRECTION('',(0.,1.,0.));
#3406 = ORIENTED_EDGE('',*,*,#2974,.F.);
#3407 = ORIENTED_EDGE('',*,*,#2941,.F.);
#3408 = ORIENTED_EDGE('',*,*,#3232,.F.);
#3409 = ORIENTED_EDGE('',*,*,#830,.T.);
#3410 = ORIENTED_EDGE('',*,*,#2965,.F.);
#3411 = PLANE('',#3412);
#3412 = AXIS2_PLACEMENT_3D('',#3413,#3414,#3415);
#3413 = CARTESIAN_POINT('',(16.6,0.945277674973,2.05));
#3414 = DIRECTION('',(0.,0.,-1.));
#3415 = DIRECTION('',(0.,1.,0.));
#3416 = ADVANCED_FACE('',(#3417),#3442,.F.);
#3417 = FACE_BOUND('',#3418,.F.);
#3418 = EDGE_LOOP('',(#3419,#3427,#3428,#3436));
#3419 = ORIENTED_EDGE('',*,*,#3420,.F.);
#3420 = EDGE_CURVE('',#888,#3421,#3423,.T.);
#3421 = VERTEX_POINT('',#3422);
#3422 = CARTESIAN_POINT('',(15.4,-0.4,2.7));
#3423 = LINE('',#3424,#3425);
#3424 = CARTESIAN_POINT('',(15.4,-0.4,3.45));
#3425 = VECTOR('',#3426,1.);
#3426 = DIRECTION('',(0.,0.,-1.));
#3427 = ORIENTED_EDGE('',*,*,#887,.T.);
#3428 = ORIENTED_EDGE('',*,*,#3429,.T.);
#3429 = EDGE_CURVE('',#890,#3430,#3432,.T.);
#3430 = VERTEX_POINT('',#3431);
#3431 = CARTESIAN_POINT('',(14.6,-0.4,2.7));
#3432 = LINE('',#3433,#3434);
#3433 = CARTESIAN_POINT('',(14.6,-0.4,3.45));
#3434 = VECTOR('',#3435,1.);
#3435 = DIRECTION('',(0.,0.,-1.));
#3436 = ORIENTED_EDGE('',*,*,#3437,.F.);
#3437 = EDGE_CURVE('',#3421,#3430,#3438,.T.);
#3438 = LINE('',#3439,#3440);
#3439 = CARTESIAN_POINT('',(16.,-0.4,2.7));
#3440 = VECTOR('',#3441,1.);
#3441 = DIRECTION('',(-1.,-0.,-0.));
#3442 = PLANE('',#3443);
#3443 = AXIS2_PLACEMENT_3D('',#3444,#3445,#3446);
#3444 = CARTESIAN_POINT('',(15.4,-0.4,3.45));
#3445 = DIRECTION('',(0.,-1.,0.));
#3446 = DIRECTION('',(0.,0.,-1.));
#3447 = ADVANCED_FACE('',(#3448),#3466,.F.);
#3448 = FACE_BOUND('',#3449,.F.);
#3449 = EDGE_LOOP('',(#3450,#3451,#3452,#3460));
#3450 = ORIENTED_EDGE('',*,*,#897,.T.);
#3451 = ORIENTED_EDGE('',*,*,#3420,.T.);
#3452 = ORIENTED_EDGE('',*,*,#3453,.F.);
#3453 = EDGE_CURVE('',#3454,#3421,#3456,.T.);
#3454 = VERTEX_POINT('',#3455);
#3455 = CARTESIAN_POINT('',(15.4,0.4,2.7));
#3456 = LINE('',#3457,#3458);
#3457 = CARTESIAN_POINT('',(15.4,-0.765,2.7));
#3458 = VECTOR('',#3459,1.);
#3459 = DIRECTION('',(0.,-1.,0.));
#3460 = ORIENTED_EDGE('',*,*,#3461,.T.);
#3461 = EDGE_CURVE('',#3454,#898,#3462,.T.);
#3462 = LINE('',#3463,#3464);
#3463 = CARTESIAN_POINT('',(15.4,0.4,2.45));
#3464 = VECTOR('',#3465,1.);
#3465 = DIRECTION('',(0.,0.,1.));
#3466 = PLANE('',#3467);
#3467 = AXIS2_PLACEMENT_3D('',#3468,#3469,#3470);
#3468 = CARTESIAN_POINT('',(15.4,0.,2.95));
#3469 = DIRECTION('',(1.,0.,0.));
#3470 = DIRECTION('',(0.,0.,1.));
#3471 = ADVANCED_FACE('',(#3472),#3490,.T.);
#3472 = FACE_BOUND('',#3473,.T.);
#3473 = EDGE_LOOP('',(#3474,#3475,#3476,#3484));
#3474 = ORIENTED_EDGE('',*,*,#913,.T.);
#3475 = ORIENTED_EDGE('',*,*,#3429,.T.);
#3476 = ORIENTED_EDGE('',*,*,#3477,.F.);
#3477 = EDGE_CURVE('',#3478,#3430,#3480,.T.);
#3478 = VERTEX_POINT('',#3479);
#3479 = CARTESIAN_POINT('',(14.6,0.4,2.7));
#3480 = LINE('',#3481,#3482);
#3481 = CARTESIAN_POINT('',(14.6,-0.765,2.7));
#3482 = VECTOR('',#3483,1.);
#3483 = DIRECTION('',(0.,-1.,0.));
#3484 = ORIENTED_EDGE('',*,*,#3485,.T.);
#3485 = EDGE_CURVE('',#3478,#906,#3486,.T.);
#3486 = LINE('',#3487,#3488);
#3487 = CARTESIAN_POINT('',(14.6,0.4,2.45));
#3488 = VECTOR('',#3489,1.);
#3489 = DIRECTION('',(0.,0.,1.));
#3490 = PLANE('',#3491);
#3491 = AXIS2_PLACEMENT_3D('',#3492,#3493,#3494);
#3492 = CARTESIAN_POINT('',(14.6,0.,2.95));
#3493 = DIRECTION('',(1.,0.,0.));
#3494 = DIRECTION('',(0.,0.,1.));
#3495 = ADVANCED_FACE('',(#3496),#3507,.F.);
#3496 = FACE_BOUND('',#3497,.F.);
#3497 = EDGE_LOOP('',(#3498,#3499,#3505,#3506));
#3498 = ORIENTED_EDGE('',*,*,#3461,.F.);
#3499 = ORIENTED_EDGE('',*,*,#3500,.F.);
#3500 = EDGE_CURVE('',#3478,#3454,#3501,.T.);
#3501 = LINE('',#3502,#3503);
#3502 = CARTESIAN_POINT('',(16.,0.4,2.7));
#3503 = VECTOR('',#3504,1.);
#3504 = DIRECTION('',(1.,0.,0.));
#3505 = ORIENTED_EDGE('',*,*,#3485,.T.);
#3506 = ORIENTED_EDGE('',*,*,#905,.F.);
#3507 = PLANE('',#3508);
#3508 = AXIS2_PLACEMENT_3D('',#3509,#3510,#3511);
#3509 = CARTESIAN_POINT('',(15.4,0.4,2.45));
#3510 = DIRECTION('',(0.,1.,0.));
#3511 = DIRECTION('',(0.,0.,1.));
#3512 = ADVANCED_FACE('',(#3513),#3540,.F.);
#3513 = FACE_BOUND('',#3514,.F.);
#3514 = EDGE_LOOP('',(#3515,#3516,#3517,#3518,#3519,#3520,#3521,#3522,
    #3523,#3524,#3525,#3526,#3527,#3533,#3534));
#3515 = ORIENTED_EDGE('',*,*,#1096,.F.);
#3516 = ORIENTED_EDGE('',*,*,#1475,.T.);
#3517 = ORIENTED_EDGE('',*,*,#1452,.F.);
#3518 = ORIENTED_EDGE('',*,*,#1435,.T.);
#3519 = ORIENTED_EDGE('',*,*,#1411,.T.);
#3520 = ORIENTED_EDGE('',*,*,#1380,.F.);
#3521 = ORIENTED_EDGE('',*,*,#1361,.T.);
#3522 = ORIENTED_EDGE('',*,*,#1330,.F.);
#3523 = ORIENTED_EDGE('',*,*,#1312,.T.);
#3524 = ORIENTED_EDGE('',*,*,#1281,.F.);
#3525 = ORIENTED_EDGE('',*,*,#1263,.T.);
#3526 = ORIENTED_EDGE('',*,*,#1064,.F.);
#3527 = ORIENTED_EDGE('',*,*,#3528,.F.);
#3528 = EDGE_CURVE('',#3175,#1065,#3529,.T.);
#3529 = LINE('',#3530,#3531);
#3530 = CARTESIAN_POINT('',(-1.6,0.750345009569,9.2));
#3531 = VECTOR('',#3532,1.);
#3532 = DIRECTION('',(0.,-1.,0.));
#3533 = ORIENTED_EDGE('',*,*,#3182,.T.);
#3534 = ORIENTED_EDGE('',*,*,#3535,.T.);
#3535 = EDGE_CURVE('',#2958,#1089,#3536,.T.);
#3536 = LINE('',#3537,#3538);
#3537 = CARTESIAN_POINT('',(16.6,0.750345009569,9.2));
#3538 = VECTOR('',#3539,1.);
#3539 = DIRECTION('',(0.,-1.,0.));
#3540 = PLANE('',#3541);
#3541 = AXIS2_PLACEMENT_3D('',#3542,#3543,#3544);
#3542 = CARTESIAN_POINT('',(7.5,0.92,9.2));
#3543 = DIRECTION('',(0.,0.,1.));
#3544 = DIRECTION('',(1.,0.,0.));
#3545 = ADVANCED_FACE('',(#3546),#3566,.T.);
#3546 = FACE_BOUND('',#3547,.T.);
#3547 = EDGE_LOOP('',(#3548,#3549,#3550,#3558,#3564,#3565));
#3548 = ORIENTED_EDGE('',*,*,#3535,.T.);
#3549 = ORIENTED_EDGE('',*,*,#1088,.T.);
#3550 = ORIENTED_EDGE('',*,*,#3551,.T.);
#3551 = EDGE_CURVE('',#1081,#3552,#3554,.T.);
#3552 = VERTEX_POINT('',#3553);
#3553 = CARTESIAN_POINT('',(16.6,0.57,2.7));
#3554 = LINE('',#3555,#3556);
#3555 = CARTESIAN_POINT('',(16.6,-1.53,2.7));
#3556 = VECTOR('',#3557,1.);
#3557 = DIRECTION('',(0.,1.,0.));
#3558 = ORIENTED_EDGE('',*,*,#3559,.T.);
#3559 = EDGE_CURVE('',#3552,#3248,#3560,.T.);
#3560 = LINE('',#3561,#3562);
#3561 = CARTESIAN_POINT('',(16.6,0.57,2.7));
#3562 = VECTOR('',#3563,1.);
#3563 = DIRECTION('',(0.,0.5,-0.866025403784));
#3564 = ORIENTED_EDGE('',*,*,#3247,.T.);
#3565 = ORIENTED_EDGE('',*,*,#2955,.T.);
#3566 = PLANE('',#3567);
#3567 = AXIS2_PLACEMENT_3D('',#3568,#3569,#3570);
#3568 = CARTESIAN_POINT('',(16.6,0.580690019138,6.030109938605));
#3569 = DIRECTION('',(1.,0.,0.));
#3570 = DIRECTION('',(0.,0.,1.));
#3571 = ADVANCED_FACE('',(#3572,#3590,#3624,#3658,#3692,#3726,#3760,
    #3794),#3800,.T.);
#3572 = FACE_BOUND('',#3573,.T.);
#3573 = EDGE_LOOP('',(#3574,#3575,#3583,#3589));
#3574 = ORIENTED_EDGE('',*,*,#1080,.T.);
#3575 = ORIENTED_EDGE('',*,*,#3576,.T.);
#3576 = EDGE_CURVE('',#1073,#3577,#3579,.T.);
#3577 = VERTEX_POINT('',#3578);
#3578 = CARTESIAN_POINT('',(-1.6,0.57,2.7));
#3579 = LINE('',#3580,#3581);
#3580 = CARTESIAN_POINT('',(-1.6,-1.53,2.7));
#3581 = VECTOR('',#3582,1.);
#3582 = DIRECTION('',(0.,1.,0.));
#3583 = ORIENTED_EDGE('',*,*,#3584,.F.);
#3584 = EDGE_CURVE('',#3552,#3577,#3585,.T.);
#3585 = LINE('',#3586,#3587);
#3586 = CARTESIAN_POINT('',(16.6,0.57,2.7));
#3587 = VECTOR('',#3588,1.);
#3588 = DIRECTION('',(-1.,-0.,-0.));
#3589 = ORIENTED_EDGE('',*,*,#3551,.F.);
#3590 = FACE_BOUND('',#3591,.T.);
#3591 = EDGE_LOOP('',(#3592,#3602,#3610,#3618));
#3592 = ORIENTED_EDGE('',*,*,#3593,.F.);
#3593 = EDGE_CURVE('',#3594,#3596,#3598,.T.);
#3594 = VERTEX_POINT('',#3595);
#3595 = CARTESIAN_POINT('',(0.4,-0.4,2.7));
#3596 = VERTEX_POINT('',#3597);
#3597 = CARTESIAN_POINT('',(-0.4,-0.4,2.7));
#3598 = LINE('',#3599,#3600);
#3599 = CARTESIAN_POINT('',(8.5,-0.4,2.7));
#3600 = VECTOR('',#3601,1.);
#3601 = DIRECTION('',(-1.,-0.,-0.));
#3602 = ORIENTED_EDGE('',*,*,#3603,.F.);
#3603 = EDGE_CURVE('',#3604,#3594,#3606,.T.);
#3604 = VERTEX_POINT('',#3605);
#3605 = CARTESIAN_POINT('',(0.4,0.4,2.7));
#3606 = LINE('',#3607,#3608);
#3607 = CARTESIAN_POINT('',(0.4,-0.765,2.7));
#3608 = VECTOR('',#3609,1.);
#3609 = DIRECTION('',(0.,-1.,0.));
#3610 = ORIENTED_EDGE('',*,*,#3611,.F.);
#3611 = EDGE_CURVE('',#3612,#3604,#3614,.T.);
#3612 = VERTEX_POINT('',#3613);
#3613 = CARTESIAN_POINT('',(-0.4,0.4,2.7));
#3614 = LINE('',#3615,#3616);
#3615 = CARTESIAN_POINT('',(8.5,0.4,2.7));
#3616 = VECTOR('',#3617,1.);
#3617 = DIRECTION('',(1.,0.,0.));
#3618 = ORIENTED_EDGE('',*,*,#3619,.T.);
#3619 = EDGE_CURVE('',#3612,#3596,#3620,.T.);
#3620 = LINE('',#3621,#3622);
#3621 = CARTESIAN_POINT('',(-0.4,-0.765,2.7));
#3622 = VECTOR('',#3623,1.);
#3623 = DIRECTION('',(0.,-1.,0.));
#3624 = FACE_BOUND('',#3625,.T.);
#3625 = EDGE_LOOP('',(#3626,#3636,#3644,#3652));
#3626 = ORIENTED_EDGE('',*,*,#3627,.F.);
#3627 = EDGE_CURVE('',#3628,#3630,#3632,.T.);
#3628 = VERTEX_POINT('',#3629);
#3629 = CARTESIAN_POINT('',(2.9,-0.4,2.7));
#3630 = VERTEX_POINT('',#3631);
#3631 = CARTESIAN_POINT('',(2.1,-0.4,2.7));
#3632 = LINE('',#3633,#3634);
#3633 = CARTESIAN_POINT('',(9.75,-0.4,2.7));
#3634 = VECTOR('',#3635,1.);
#3635 = DIRECTION('',(-1.,-0.,-0.));
#3636 = ORIENTED_EDGE('',*,*,#3637,.F.);
#3637 = EDGE_CURVE('',#3638,#3628,#3640,.T.);
#3638 = VERTEX_POINT('',#3639);
#3639 = CARTESIAN_POINT('',(2.9,0.4,2.7));
#3640 = LINE('',#3641,#3642);
#3641 = CARTESIAN_POINT('',(2.9,-0.765,2.7));
#3642 = VECTOR('',#3643,1.);
#3643 = DIRECTION('',(0.,-1.,0.));
#3644 = ORIENTED_EDGE('',*,*,#3645,.F.);
#3645 = EDGE_CURVE('',#3646,#3638,#3648,.T.);
#3646 = VERTEX_POINT('',#3647);
#3647 = CARTESIAN_POINT('',(2.1,0.4,2.7));
#3648 = LINE('',#3649,#3650);
#3649 = CARTESIAN_POINT('',(9.75,0.4,2.7));
#3650 = VECTOR('',#3651,1.);
#3651 = DIRECTION('',(1.,0.,0.));
#3652 = ORIENTED_EDGE('',*,*,#3653,.T.);
#3653 = EDGE_CURVE('',#3646,#3630,#3654,.T.);
#3654 = LINE('',#3655,#3656);
#3655 = CARTESIAN_POINT('',(2.1,-0.765,2.7));
#3656 = VECTOR('',#3657,1.);
#3657 = DIRECTION('',(0.,-1.,0.));
#3658 = FACE_BOUND('',#3659,.T.);
#3659 = EDGE_LOOP('',(#3660,#3670,#3678,#3686));
#3660 = ORIENTED_EDGE('',*,*,#3661,.F.);
#3661 = EDGE_CURVE('',#3662,#3664,#3666,.T.);
#3662 = VERTEX_POINT('',#3663);
#3663 = CARTESIAN_POINT('',(5.4,-0.4,2.7));
#3664 = VERTEX_POINT('',#3665);
#3665 = CARTESIAN_POINT('',(4.6,-0.4,2.7));
#3666 = LINE('',#3667,#3668);
#3667 = CARTESIAN_POINT('',(11.,-0.4,2.7));
#3668 = VECTOR('',#3669,1.);
#3669 = DIRECTION('',(-1.,-0.,-0.));
#3670 = ORIENTED_EDGE('',*,*,#3671,.F.);
#3671 = EDGE_CURVE('',#3672,#3662,#3674,.T.);
#3672 = VERTEX_POINT('',#3673);
#3673 = CARTESIAN_POINT('',(5.4,0.4,2.7));
#3674 = LINE('',#3675,#3676);
#3675 = CARTESIAN_POINT('',(5.4,-0.765,2.7));
#3676 = VECTOR('',#3677,1.);
#3677 = DIRECTION('',(0.,-1.,0.));
#3678 = ORIENTED_EDGE('',*,*,#3679,.F.);
#3679 = EDGE_CURVE('',#3680,#3672,#3682,.T.);
#3680 = VERTEX_POINT('',#3681);
#3681 = CARTESIAN_POINT('',(4.6,0.4,2.7));
#3682 = LINE('',#3683,#3684);
#3683 = CARTESIAN_POINT('',(11.,0.4,2.7));
#3684 = VECTOR('',#3685,1.);
#3685 = DIRECTION('',(1.,0.,0.));
#3686 = ORIENTED_EDGE('',*,*,#3687,.T.);
#3687 = EDGE_CURVE('',#3680,#3664,#3688,.T.);
#3688 = LINE('',#3689,#3690);
#3689 = CARTESIAN_POINT('',(4.6,-0.765,2.7));
#3690 = VECTOR('',#3691,1.);
#3691 = DIRECTION('',(0.,-1.,0.));
#3692 = FACE_BOUND('',#3693,.T.);
#3693 = EDGE_LOOP('',(#3694,#3704,#3712,#3720));
#3694 = ORIENTED_EDGE('',*,*,#3695,.F.);
#3695 = EDGE_CURVE('',#3696,#3698,#3700,.T.);
#3696 = VERTEX_POINT('',#3697);
#3697 = CARTESIAN_POINT('',(7.9,-0.4,2.7));
#3698 = VERTEX_POINT('',#3699);
#3699 = CARTESIAN_POINT('',(7.1,-0.4,2.7));
#3700 = LINE('',#3701,#3702);
#3701 = CARTESIAN_POINT('',(12.25,-0.4,2.7));
#3702 = VECTOR('',#3703,1.);
#3703 = DIRECTION('',(-1.,-0.,-0.));
#3704 = ORIENTED_EDGE('',*,*,#3705,.F.);
#3705 = EDGE_CURVE('',#3706,#3696,#3708,.T.);
#3706 = VERTEX_POINT('',#3707);
#3707 = CARTESIAN_POINT('',(7.9,0.4,2.7));
#3708 = LINE('',#3709,#3710);
#3709 = CARTESIAN_POINT('',(7.9,-0.765,2.7));
#3710 = VECTOR('',#3711,1.);
#3711 = DIRECTION('',(0.,-1.,0.));
#3712 = ORIENTED_EDGE('',*,*,#3713,.F.);
#3713 = EDGE_CURVE('',#3714,#3706,#3716,.T.);
#3714 = VERTEX_POINT('',#3715);
#3715 = CARTESIAN_POINT('',(7.1,0.4,2.7));
#3716 = LINE('',#3717,#3718);
#3717 = CARTESIAN_POINT('',(12.25,0.4,2.7));
#3718 = VECTOR('',#3719,1.);
#3719 = DIRECTION('',(1.,0.,0.));
#3720 = ORIENTED_EDGE('',*,*,#3721,.T.);
#3721 = EDGE_CURVE('',#3714,#3698,#3722,.T.);
#3722 = LINE('',#3723,#3724);
#3723 = CARTESIAN_POINT('',(7.1,-0.765,2.7));
#3724 = VECTOR('',#3725,1.);
#3725 = DIRECTION('',(0.,-1.,0.));
#3726 = FACE_BOUND('',#3727,.T.);
#3727 = EDGE_LOOP('',(#3728,#3738,#3746,#3754));
#3728 = ORIENTED_EDGE('',*,*,#3729,.F.);
#3729 = EDGE_CURVE('',#3730,#3732,#3734,.T.);
#3730 = VERTEX_POINT('',#3731);
#3731 = CARTESIAN_POINT('',(10.4,-0.4,2.7));
#3732 = VERTEX_POINT('',#3733);
#3733 = CARTESIAN_POINT('',(9.6,-0.4,2.7));
#3734 = LINE('',#3735,#3736);
#3735 = CARTESIAN_POINT('',(13.5,-0.4,2.7));
#3736 = VECTOR('',#3737,1.);
#3737 = DIRECTION('',(-1.,-0.,-0.));
#3738 = ORIENTED_EDGE('',*,*,#3739,.F.);
#3739 = EDGE_CURVE('',#3740,#3730,#3742,.T.);
#3740 = VERTEX_POINT('',#3741);
#3741 = CARTESIAN_POINT('',(10.4,0.4,2.7));
#3742 = LINE('',#3743,#3744);
#3743 = CARTESIAN_POINT('',(10.4,-0.765,2.7));
#3744 = VECTOR('',#3745,1.);
#3745 = DIRECTION('',(0.,-1.,0.));
#3746 = ORIENTED_EDGE('',*,*,#3747,.F.);
#3747 = EDGE_CURVE('',#3748,#3740,#3750,.T.);
#3748 = VERTEX_POINT('',#3749);
#3749 = CARTESIAN_POINT('',(9.6,0.4,2.7));
#3750 = LINE('',#3751,#3752);
#3751 = CARTESIAN_POINT('',(13.5,0.4,2.7));
#3752 = VECTOR('',#3753,1.);
#3753 = DIRECTION('',(1.,0.,0.));
#3754 = ORIENTED_EDGE('',*,*,#3755,.T.);
#3755 = EDGE_CURVE('',#3748,#3732,#3756,.T.);
#3756 = LINE('',#3757,#3758);
#3757 = CARTESIAN_POINT('',(9.6,-0.765,2.7));
#3758 = VECTOR('',#3759,1.);
#3759 = DIRECTION('',(0.,-1.,0.));
#3760 = FACE_BOUND('',#3761,.T.);
#3761 = EDGE_LOOP('',(#3762,#3772,#3780,#3788));
#3762 = ORIENTED_EDGE('',*,*,#3763,.F.);
#3763 = EDGE_CURVE('',#3764,#3766,#3768,.T.);
#3764 = VERTEX_POINT('',#3765);
#3765 = CARTESIAN_POINT('',(12.9,-0.4,2.7));
#3766 = VERTEX_POINT('',#3767);
#3767 = CARTESIAN_POINT('',(12.1,-0.4,2.7));
#3768 = LINE('',#3769,#3770);
#3769 = CARTESIAN_POINT('',(14.75,-0.4,2.7));
#3770 = VECTOR('',#3771,1.);
#3771 = DIRECTION('',(-1.,-0.,-0.));
#3772 = ORIENTED_EDGE('',*,*,#3773,.F.);
#3773 = EDGE_CURVE('',#3774,#3764,#3776,.T.);
#3774 = VERTEX_POINT('',#3775);
#3775 = CARTESIAN_POINT('',(12.9,0.4,2.7));
#3776 = LINE('',#3777,#3778);
#3777 = CARTESIAN_POINT('',(12.9,-0.765,2.7));
#3778 = VECTOR('',#3779,1.);
#3779 = DIRECTION('',(0.,-1.,0.));
#3780 = ORIENTED_EDGE('',*,*,#3781,.F.);
#3781 = EDGE_CURVE('',#3782,#3774,#3784,.T.);
#3782 = VERTEX_POINT('',#3783);
#3783 = CARTESIAN_POINT('',(12.1,0.4,2.7));
#3784 = LINE('',#3785,#3786);
#3785 = CARTESIAN_POINT('',(14.75,0.4,2.7));
#3786 = VECTOR('',#3787,1.);
#3787 = DIRECTION('',(1.,0.,0.));
#3788 = ORIENTED_EDGE('',*,*,#3789,.T.);
#3789 = EDGE_CURVE('',#3782,#3766,#3790,.T.);
#3790 = LINE('',#3791,#3792);
#3791 = CARTESIAN_POINT('',(12.1,-0.765,2.7));
#3792 = VECTOR('',#3793,1.);
#3793 = DIRECTION('',(0.,-1.,0.));
#3794 = FACE_BOUND('',#3795,.T.);
#3795 = EDGE_LOOP('',(#3796,#3797,#3798,#3799));
#3796 = ORIENTED_EDGE('',*,*,#3437,.F.);
#3797 = ORIENTED_EDGE('',*,*,#3453,.F.);
#3798 = ORIENTED_EDGE('',*,*,#3500,.F.);
#3799 = ORIENTED_EDGE('',*,*,#3477,.T.);
#3800 = PLANE('',#3801);
#3801 = AXIS2_PLACEMENT_3D('',#3802,#3803,#3804);
#3802 = CARTESIAN_POINT('',(16.6,-1.53,2.7));
#3803 = DIRECTION('',(0.,0.,-1.));
#3804 = DIRECTION('',(0.,1.,0.));
#3805 = ADVANCED_FACE('',(#3806),#3819,.F.);
#3806 = FACE_BOUND('',#3807,.F.);
#3807 = EDGE_LOOP('',(#3808,#3809,#3810,#3811,#3817,#3818));
#3808 = ORIENTED_EDGE('',*,*,#3528,.T.);
#3809 = ORIENTED_EDGE('',*,*,#1072,.T.);
#3810 = ORIENTED_EDGE('',*,*,#3576,.T.);
#3811 = ORIENTED_EDGE('',*,*,#3812,.T.);
#3812 = EDGE_CURVE('',#3577,#3256,#3813,.T.);
#3813 = LINE('',#3814,#3815);
#3814 = CARTESIAN_POINT('',(-1.6,0.57,2.7));
#3815 = VECTOR('',#3816,1.);
#3816 = DIRECTION('',(0.,0.5,-0.866025403784));
#3817 = ORIENTED_EDGE('',*,*,#3263,.T.);
#3818 = ORIENTED_EDGE('',*,*,#3174,.T.);
#3819 = PLANE('',#3820);
#3820 = AXIS2_PLACEMENT_3D('',#3821,#3822,#3823);
#3821 = CARTESIAN_POINT('',(-1.6,0.580690019138,6.030109938605));
#3822 = DIRECTION('',(1.,0.,0.));
#3823 = DIRECTION('',(0.,0.,1.));
#3824 = ADVANCED_FACE('',(#3825),#3836,.T.);
#3825 = FACE_BOUND('',#3826,.T.);
#3826 = EDGE_LOOP('',(#3827,#3833,#3834,#3835));
#3827 = ORIENTED_EDGE('',*,*,#3828,.T.);
#3828 = EDGE_CURVE('',#1034,#1143,#3829,.T.);
#3829 = LINE('',#3830,#3831);
#3830 = CARTESIAN_POINT('',(-0.65,-1.53,5.7));
#3831 = VECTOR('',#3832,1.);
#3832 = DIRECTION('',(0.,-1.,2.22044604925E-16));
#3833 = ORIENTED_EDGE('',*,*,#1142,.T.);
#3834 = ORIENTED_EDGE('',*,*,#1240,.F.);
#3835 = ORIENTED_EDGE('',*,*,#1041,.F.);
#3836 = PLANE('',#3837);
#3837 = AXIS2_PLACEMENT_3D('',#3838,#3839,#3840);
#3838 = CARTESIAN_POINT('',(-0.65,-1.53,5.7));
#3839 = DIRECTION('',(0.,2.22044604925E-16,1.));
#3840 = DIRECTION('',(1.,0.,0.));
#3841 = ADVANCED_FACE('',(#3842),#3853,.T.);
#3842 = FACE_BOUND('',#3843,.T.);
#3843 = EDGE_LOOP('',(#3844,#3850,#3851,#3852));
#3844 = ORIENTED_EDGE('',*,*,#3845,.T.);
#3845 = EDGE_CURVE('',#1026,#1151,#3846,.T.);
#3846 = LINE('',#3847,#3848);
#3847 = CARTESIAN_POINT('',(-0.65,-1.53,4.9));
#3848 = VECTOR('',#3849,1.);
#3849 = DIRECTION('',(0.,-1.,2.22044604925E-16));
#3850 = ORIENTED_EDGE('',*,*,#1150,.T.);
#3851 = ORIENTED_EDGE('',*,*,#3828,.F.);
#3852 = ORIENTED_EDGE('',*,*,#1033,.F.);
#3853 = PLANE('',#3854);
#3854 = AXIS2_PLACEMENT_3D('',#3855,#3856,#3857);
#3855 = CARTESIAN_POINT('',(-0.65,-1.53,4.9));
#3856 = DIRECTION('',(-1.,0.,0.));
#3857 = DIRECTION('',(0.,2.22044604925E-16,1.));
#3858 = ADVANCED_FACE('',(#3859),#3870,.T.);
#3859 = FACE_BOUND('',#3860,.T.);
#3860 = EDGE_LOOP('',(#3861,#3867,#3868,#3869));
#3861 = ORIENTED_EDGE('',*,*,#3862,.T.);
#3862 = EDGE_CURVE('',#1018,#1159,#3863,.T.);
#3863 = LINE('',#3864,#3865);
#3864 = CARTESIAN_POINT('',(5.E-02,-1.53,3.7));
#3865 = VECTOR('',#3866,1.);
#3866 = DIRECTION('',(0.,-1.,2.22044604925E-16));
#3867 = ORIENTED_EDGE('',*,*,#1158,.T.);
#3868 = ORIENTED_EDGE('',*,*,#3845,.F.);
#3869 = ORIENTED_EDGE('',*,*,#1025,.F.);
#3870 = PLANE('',#3871);
#3871 = AXIS2_PLACEMENT_3D('',#3872,#3873,#3874);
#3872 = CARTESIAN_POINT('',(5.E-02,-1.53,3.7));
#3873 = DIRECTION('',(-0.863778900898,-1.118818427957E-16,
    -0.503871025524));
#3874 = DIRECTION('',(-0.503871025524,1.917974447926E-16,0.863778900898)
  );
#3875 = ADVANCED_FACE('',(#3876),#3887,.T.);
#3876 = FACE_BOUND('',#3877,.T.);
#3877 = EDGE_LOOP('',(#3878,#3884,#3885,#3886));
#3878 = ORIENTED_EDGE('',*,*,#3879,.T.);
#3879 = EDGE_CURVE('',#1010,#1167,#3880,.T.);
#3880 = LINE('',#3881,#3882);
#3881 = CARTESIAN_POINT('',(0.65,-1.53,3.7));
#3882 = VECTOR('',#3883,1.);
#3883 = DIRECTION('',(0.,-1.,2.22044604925E-16));
#3884 = ORIENTED_EDGE('',*,*,#1166,.T.);
#3885 = ORIENTED_EDGE('',*,*,#3862,.F.);
#3886 = ORIENTED_EDGE('',*,*,#1017,.F.);
#3887 = PLANE('',#3888);
#3888 = AXIS2_PLACEMENT_3D('',#3889,#3890,#3891);
#3889 = CARTESIAN_POINT('',(0.65,-1.53,3.7));
#3890 = DIRECTION('',(-0.,-2.22044604925E-16,-1.));
#3891 = DIRECTION('',(-1.,0.,0.));
#3892 = ADVANCED_FACE('',(#3893),#3904,.T.);
#3893 = FACE_BOUND('',#3894,.T.);
#3894 = EDGE_LOOP('',(#3895,#3901,#3902,#3903));
#3895 = ORIENTED_EDGE('',*,*,#3896,.T.);
#3896 = EDGE_CURVE('',#1002,#1175,#3897,.T.);
#3897 = LINE('',#3898,#3899);
#3898 = CARTESIAN_POINT('',(0.65,-1.53,9.));
#3899 = VECTOR('',#3900,1.);
#3900 = DIRECTION('',(0.,-1.,2.22044604925E-16));
#3901 = ORIENTED_EDGE('',*,*,#1174,.T.);
#3902 = ORIENTED_EDGE('',*,*,#3879,.F.);
#3903 = ORIENTED_EDGE('',*,*,#1009,.F.);
#3904 = PLANE('',#3905);
#3905 = AXIS2_PLACEMENT_3D('',#3906,#3907,#3908);
#3906 = CARTESIAN_POINT('',(0.65,-1.53,9.));
#3907 = DIRECTION('',(1.,0.,0.));
#3908 = DIRECTION('',(0.,-2.22044604925E-16,-1.));
#3909 = ADVANCED_FACE('',(#3910),#3921,.F.);
#3910 = FACE_BOUND('',#3911,.F.);
#3911 = EDGE_LOOP('',(#3912,#3913,#3914,#3920));
#3912 = ORIENTED_EDGE('',*,*,#3896,.T.);
#3913 = ORIENTED_EDGE('',*,*,#1182,.T.);
#3914 = ORIENTED_EDGE('',*,*,#3915,.F.);
#3915 = EDGE_CURVE('',#994,#1183,#3916,.T.);
#3916 = LINE('',#3917,#3918);
#3917 = CARTESIAN_POINT('',(14.35,-1.53,9.));
#3918 = VECTOR('',#3919,1.);
#3919 = DIRECTION('',(0.,-1.,2.22044604925E-16));
#3920 = ORIENTED_EDGE('',*,*,#1001,.F.);
#3921 = PLANE('',#3922);
#3922 = AXIS2_PLACEMENT_3D('',#3923,#3924,#3925);
#3923 = CARTESIAN_POINT('',(0.65,-1.53,9.));
#3924 = DIRECTION('',(0.,2.22044604925E-16,1.));
#3925 = DIRECTION('',(1.,0.,0.));
#3926 = ADVANCED_FACE('',(#3927),#3938,.F.);
#3927 = FACE_BOUND('',#3928,.F.);
#3928 = EDGE_LOOP('',(#3929,#3930,#3931,#3937));
#3929 = ORIENTED_EDGE('',*,*,#3915,.T.);
#3930 = ORIENTED_EDGE('',*,*,#1190,.T.);
#3931 = ORIENTED_EDGE('',*,*,#3932,.F.);
#3932 = EDGE_CURVE('',#986,#1191,#3933,.T.);
#3933 = LINE('',#3934,#3935);
#3934 = CARTESIAN_POINT('',(14.35,-1.53,3.7));
#3935 = VECTOR('',#3936,1.);
#3936 = DIRECTION('',(0.,-1.,2.22044604925E-16));
#3937 = ORIENTED_EDGE('',*,*,#993,.F.);
#3938 = PLANE('',#3939);
#3939 = AXIS2_PLACEMENT_3D('',#3940,#3941,#3942);
#3940 = CARTESIAN_POINT('',(14.35,-1.53,9.));
#3941 = DIRECTION('',(1.,0.,0.));
#3942 = DIRECTION('',(0.,-2.22044604925E-16,-1.));
#3943 = ADVANCED_FACE('',(#3944),#3955,.F.);
#3944 = FACE_BOUND('',#3945,.F.);
#3945 = EDGE_LOOP('',(#3946,#3947,#3948,#3954));
#3946 = ORIENTED_EDGE('',*,*,#3932,.T.);
#3947 = ORIENTED_EDGE('',*,*,#1198,.T.);
#3948 = ORIENTED_EDGE('',*,*,#3949,.F.);
#3949 = EDGE_CURVE('',#978,#1199,#3950,.T.);
#3950 = LINE('',#3951,#3952);
#3951 = CARTESIAN_POINT('',(14.95,-1.53,3.7));
#3952 = VECTOR('',#3953,1.);
#3953 = DIRECTION('',(0.,-1.,2.22044604925E-16));
#3954 = ORIENTED_EDGE('',*,*,#985,.F.);
#3955 = PLANE('',#3956);
#3956 = AXIS2_PLACEMENT_3D('',#3957,#3958,#3959);
#3957 = CARTESIAN_POINT('',(14.35,-1.53,3.7));
#3958 = DIRECTION('',(0.,2.22044604925E-16,1.));
#3959 = DIRECTION('',(1.,0.,0.));
#3960 = ADVANCED_FACE('',(#3961),#3972,.F.);
#3961 = FACE_BOUND('',#3962,.F.);
#3962 = EDGE_LOOP('',(#3963,#3964,#3965,#3971));
#3963 = ORIENTED_EDGE('',*,*,#3949,.T.);
#3964 = ORIENTED_EDGE('',*,*,#1206,.T.);
#3965 = ORIENTED_EDGE('',*,*,#3966,.F.);
#3966 = EDGE_CURVE('',#970,#1207,#3967,.T.);
#3967 = LINE('',#3968,#3969);
#3968 = CARTESIAN_POINT('',(15.65,-1.53,4.9));
#3969 = VECTOR('',#3970,1.);
#3970 = DIRECTION('',(0.,-1.,2.22044604925E-16));
#3971 = ORIENTED_EDGE('',*,*,#977,.F.);
#3972 = PLANE('',#3973);
#3973 = AXIS2_PLACEMENT_3D('',#3974,#3975,#3976);
#3974 = CARTESIAN_POINT('',(14.95,-1.53,3.7));
#3975 = DIRECTION('',(-0.863778900898,1.118818427957E-16,0.503871025524)
  );
#3976 = DIRECTION('',(0.503871025524,1.917974447926E-16,0.863778900898)
  );
#3977 = ADVANCED_FACE('',(#3978),#3989,.F.);
#3978 = FACE_BOUND('',#3979,.F.);
#3979 = EDGE_LOOP('',(#3980,#3981,#3982,#3988));
#3980 = ORIENTED_EDGE('',*,*,#3966,.T.);
#3981 = ORIENTED_EDGE('',*,*,#1214,.T.);
#3982 = ORIENTED_EDGE('',*,*,#3983,.F.);
#3983 = EDGE_CURVE('',#962,#1215,#3984,.T.);
#3984 = LINE('',#3985,#3986);
#3985 = CARTESIAN_POINT('',(15.65,-1.53,5.7));
#3986 = VECTOR('',#3987,1.);
#3987 = DIRECTION('',(0.,-1.,2.22044604925E-16));
#3988 = ORIENTED_EDGE('',*,*,#969,.F.);
#3989 = PLANE('',#3990);
#3990 = AXIS2_PLACEMENT_3D('',#3991,#3992,#3993);
#3991 = CARTESIAN_POINT('',(15.65,-1.53,4.9));
#3992 = DIRECTION('',(-1.,0.,0.));
#3993 = DIRECTION('',(0.,2.22044604925E-16,1.));
#3994 = ADVANCED_FACE('',(#3995),#4001,.F.);
#3995 = FACE_BOUND('',#3996,.F.);
#3996 = EDGE_LOOP('',(#3997,#3998,#3999,#4000));
#3997 = ORIENTED_EDGE('',*,*,#3983,.T.);
#3998 = ORIENTED_EDGE('',*,*,#1222,.T.);
#3999 = ORIENTED_EDGE('',*,*,#1119,.F.);
#4000 = ORIENTED_EDGE('',*,*,#961,.F.);
#4001 = PLANE('',#4002);
#4002 = AXIS2_PLACEMENT_3D('',#4003,#4004,#4005);
#4003 = CARTESIAN_POINT('',(15.65,-1.53,5.7));
#4004 = DIRECTION('',(-0.,-2.22044604925E-16,-1.));
#4005 = DIRECTION('',(-1.,0.,0.));
#4006 = ADVANCED_FACE('',(#4007),#4027,.F.);
#4007 = FACE_BOUND('',#4008,.F.);
#4008 = EDGE_LOOP('',(#4009,#4015,#4016,#4022,#4023,#4024,#4025,#4026));
#4009 = ORIENTED_EDGE('',*,*,#4010,.F.);
#4010 = EDGE_CURVE('',#3143,#1509,#4011,.T.);
#4011 = LINE('',#4012,#4013);
#4012 = CARTESIAN_POINT('',(0.6,2.57,5.25));
#4013 = VECTOR('',#4014,1.);
#4014 = DIRECTION('',(0.,-1.,0.));
#4015 = ORIENTED_EDGE('',*,*,#3150,.T.);
#4016 = ORIENTED_EDGE('',*,*,#4017,.T.);
#4017 = EDGE_CURVE('',#3151,#1686,#4018,.T.);
#4018 = LINE('',#4019,#4020);
#4019 = CARTESIAN_POINT('',(-0.6,2.57,5.25));
#4020 = VECTOR('',#4021,1.);
#4021 = DIRECTION('',(0.,-1.,0.));
#4022 = ORIENTED_EDGE('',*,*,#1685,.F.);
#4023 = ORIENTED_EDGE('',*,*,#1667,.T.);
#4024 = ORIENTED_EDGE('',*,*,#1611,.F.);
#4025 = ORIENTED_EDGE('',*,*,#1564,.F.);
#4026 = ORIENTED_EDGE('',*,*,#1516,.F.);
#4027 = PLANE('',#4028);
#4028 = AXIS2_PLACEMENT_3D('',#4029,#4030,#4031);
#4029 = CARTESIAN_POINT('',(0.6,2.57,5.25));
#4030 = DIRECTION('',(0.,0.,1.));
#4031 = DIRECTION('',(0.,-1.,0.));
#4032 = ADVANCED_FACE('',(#4033),#4069,.F.);
#4033 = FACE_BOUND('',#4034,.F.);
#4034 = EDGE_LOOP('',(#4035,#4036,#4037,#4038,#4046,#4054,#4062,#4068));
#4035 = ORIENTED_EDGE('',*,*,#3142,.T.);
#4036 = ORIENTED_EDGE('',*,*,#4010,.T.);
#4037 = ORIENTED_EDGE('',*,*,#1508,.T.);
#4038 = ORIENTED_EDGE('',*,*,#4039,.T.);
#4039 = EDGE_CURVE('',#1501,#4040,#4042,.T.);
#4040 = VERTEX_POINT('',#4041);
#4041 = CARTESIAN_POINT('',(0.6,0.5468198,3.45));
#4042 = LINE('',#4043,#4044);
#4043 = CARTESIAN_POINT('',(0.6,1.52,3.45));
#4044 = VECTOR('',#4045,1.);
#4045 = DIRECTION('',(0.,-1.,0.));
#4046 = ORIENTED_EDGE('',*,*,#4047,.T.);
#4047 = EDGE_CURVE('',#4040,#4048,#4050,.T.);
#4048 = VERTEX_POINT('',#4049);
#4049 = CARTESIAN_POINT('',(0.6,1.044,2.6151));
#4050 = LINE('',#4051,#4052);
#4051 = CARTESIAN_POINT('',(0.6,0.5468198,3.45));
#4052 = VECTOR('',#4053,1.);
#4053 = DIRECTION('',(0.,0.511647917429,-0.859195209828));
#4054 = ORIENTED_EDGE('',*,*,#4055,.T.);
#4055 = EDGE_CURVE('',#4048,#4056,#4058,.T.);
#4056 = VERTEX_POINT('',#4057);
#4057 = CARTESIAN_POINT('',(0.6,1.52,2.6151));
#4058 = LINE('',#4059,#4060);
#4059 = CARTESIAN_POINT('',(0.6,1.044,2.6151));
#4060 = VECTOR('',#4061,1.);
#4061 = DIRECTION('',(0.,1.,0.));
#4062 = ORIENTED_EDGE('',*,*,#4063,.T.);
#4063 = EDGE_CURVE('',#4056,#3279,#4064,.T.);
#4064 = LINE('',#4065,#4066);
#4065 = CARTESIAN_POINT('',(0.6,1.52,2.6151));
#4066 = VECTOR('',#4067,1.);
#4067 = DIRECTION('',(0.,0.,-1.));
#4068 = ORIENTED_EDGE('',*,*,#3286,.T.);
#4069 = PLANE('',#4070);
#4070 = AXIS2_PLACEMENT_3D('',#4071,#4072,#4073);
#4071 = CARTESIAN_POINT('',(0.6,1.834452703854,3.573485056924));
#4072 = DIRECTION('',(1.,0.,0.));
#4073 = DIRECTION('',(0.,0.,1.));
#4074 = ADVANCED_FACE('',(#4075,#4097),#4131,.F.);
#4075 = FACE_BOUND('',#4076,.F.);
#4076 = EDGE_LOOP('',(#4077,#4078,#4079,#4080,#4081,#4089,#4095,#4096));
#4077 = ORIENTED_EDGE('',*,*,#1539,.F.);
#4078 = ORIENTED_EDGE('',*,*,#1596,.T.);
#4079 = ORIENTED_EDGE('',*,*,#1635,.T.);
#4080 = ORIENTED_EDGE('',*,*,#1701,.F.);
#4081 = ORIENTED_EDGE('',*,*,#4082,.T.);
#4082 = EDGE_CURVE('',#1694,#4083,#4085,.T.);
#4083 = VERTEX_POINT('',#4084);
#4084 = CARTESIAN_POINT('',(-0.6,0.5468198,3.45));
#4085 = LINE('',#4086,#4087);
#4086 = CARTESIAN_POINT('',(-0.6,1.52,3.45));
#4087 = VECTOR('',#4088,1.);
#4088 = DIRECTION('',(0.,-1.,0.));
#4089 = ORIENTED_EDGE('',*,*,#4090,.F.);
#4090 = EDGE_CURVE('',#4040,#4083,#4091,.T.);
#4091 = LINE('',#4092,#4093);
#4092 = CARTESIAN_POINT('',(0.6,0.5468198,3.45));
#4093 = VECTOR('',#4094,1.);
#4094 = DIRECTION('',(-1.,-0.,-0.));
#4095 = ORIENTED_EDGE('',*,*,#4039,.F.);
#4096 = ORIENTED_EDGE('',*,*,#1500,.F.);
#4097 = FACE_BOUND('',#4098,.F.);
#4098 = EDGE_LOOP('',(#4099,#4109,#4117,#4125));
#4099 = ORIENTED_EDGE('',*,*,#4100,.F.);
#4100 = EDGE_CURVE('',#4101,#4103,#4105,.T.);
#4101 = VERTEX_POINT('',#4102);
#4102 = CARTESIAN_POINT('',(0.4,-0.4,3.45));
#4103 = VERTEX_POINT('',#4104);
#4104 = CARTESIAN_POINT('',(-0.4,-0.4,3.45));
#4105 = LINE('',#4106,#4107);
#4106 = CARTESIAN_POINT('',(0.4,-0.4,3.45));
#4107 = VECTOR('',#4108,1.);
#4108 = DIRECTION('',(-1.,-0.,-0.));
#4109 = ORIENTED_EDGE('',*,*,#4110,.F.);
#4110 = EDGE_CURVE('',#4111,#4101,#4113,.T.);
#4111 = VERTEX_POINT('',#4112);
#4112 = CARTESIAN_POINT('',(0.4,0.4,3.45));
#4113 = LINE('',#4114,#4115);
#4114 = CARTESIAN_POINT('',(0.4,0.4,3.45));
#4115 = VECTOR('',#4116,1.);
#4116 = DIRECTION('',(0.,-1.,0.));
#4117 = ORIENTED_EDGE('',*,*,#4118,.T.);
#4118 = EDGE_CURVE('',#4111,#4119,#4121,.T.);
#4119 = VERTEX_POINT('',#4120);
#4120 = CARTESIAN_POINT('',(-0.4,0.4,3.45));
#4121 = LINE('',#4122,#4123);
#4122 = CARTESIAN_POINT('',(0.4,0.4,3.45));
#4123 = VECTOR('',#4124,1.);
#4124 = DIRECTION('',(-1.,-0.,-0.));
#4125 = ORIENTED_EDGE('',*,*,#4126,.T.);
#4126 = EDGE_CURVE('',#4119,#4103,#4127,.T.);
#4127 = LINE('',#4128,#4129);
#4128 = CARTESIAN_POINT('',(-0.4,0.4,3.45));
#4129 = VECTOR('',#4130,1.);
#4130 = DIRECTION('',(0.,-1.,0.));
#4131 = PLANE('',#4132);
#4132 = AXIS2_PLACEMENT_3D('',#4133,#4134,#4135);
#4133 = CARTESIAN_POINT('',(1.05,-0.98,3.45));
#4134 = DIRECTION('',(0.,0.,-1.));
#4135 = DIRECTION('',(0.,1.,0.));
#4136 = ADVANCED_FACE('',(#4137),#4166,.T.);
#4137 = FACE_BOUND('',#4138,.T.);
#4138 = EDGE_LOOP('',(#4139,#4140,#4141,#4142,#4143,#4151,#4159,#4165));
#4139 = ORIENTED_EDGE('',*,*,#3158,.T.);
#4140 = ORIENTED_EDGE('',*,*,#4017,.T.);
#4141 = ORIENTED_EDGE('',*,*,#1693,.T.);
#4142 = ORIENTED_EDGE('',*,*,#4082,.T.);
#4143 = ORIENTED_EDGE('',*,*,#4144,.T.);
#4144 = EDGE_CURVE('',#4083,#4145,#4147,.T.);
#4145 = VERTEX_POINT('',#4146);
#4146 = CARTESIAN_POINT('',(-0.6,1.044,2.6151));
#4147 = LINE('',#4148,#4149);
#4148 = CARTESIAN_POINT('',(-0.6,0.5468198,3.45));
#4149 = VECTOR('',#4150,1.);
#4150 = DIRECTION('',(0.,0.511647917429,-0.859195209828));
#4151 = ORIENTED_EDGE('',*,*,#4152,.T.);
#4152 = EDGE_CURVE('',#4145,#4153,#4155,.T.);
#4153 = VERTEX_POINT('',#4154);
#4154 = CARTESIAN_POINT('',(-0.6,1.52,2.6151));
#4155 = LINE('',#4156,#4157);
#4156 = CARTESIAN_POINT('',(-0.6,1.044,2.6151));
#4157 = VECTOR('',#4158,1.);
#4158 = DIRECTION('',(0.,1.,0.));
#4159 = ORIENTED_EDGE('',*,*,#4160,.T.);
#4160 = EDGE_CURVE('',#4153,#3271,#4161,.T.);
#4161 = LINE('',#4162,#4163);
#4162 = CARTESIAN_POINT('',(-0.6,1.52,2.6151));
#4163 = VECTOR('',#4164,1.);
#4164 = DIRECTION('',(0.,0.,-1.));
#4165 = ORIENTED_EDGE('',*,*,#3270,.T.);
#4166 = PLANE('',#4167);
#4167 = AXIS2_PLACEMENT_3D('',#4168,#4169,#4170);
#4168 = CARTESIAN_POINT('',(-0.6,1.834452703854,3.573485056924));
#4169 = DIRECTION('',(1.,0.,0.));
#4170 = DIRECTION('',(0.,0.,1.));
#4171 = ADVANCED_FACE('',(#4172),#4192,.F.);
#4172 = FACE_BOUND('',#4173,.F.);
#4173 = EDGE_LOOP('',(#4174,#4180,#4181,#4187,#4188,#4189,#4190,#4191));
#4174 = ORIENTED_EDGE('',*,*,#4175,.F.);
#4175 = EDGE_CURVE('',#3111,#1733,#4176,.T.);
#4176 = LINE('',#4177,#4178);
#4177 = CARTESIAN_POINT('',(3.1,2.57,5.25));
#4178 = VECTOR('',#4179,1.);
#4179 = DIRECTION('',(0.,-1.,0.));
#4180 = ORIENTED_EDGE('',*,*,#3118,.T.);
#4181 = ORIENTED_EDGE('',*,*,#4182,.T.);
#4182 = EDGE_CURVE('',#3119,#1910,#4183,.T.);
#4183 = LINE('',#4184,#4185);
#4184 = CARTESIAN_POINT('',(1.9,2.57,5.25));
#4185 = VECTOR('',#4186,1.);
#4186 = DIRECTION('',(0.,-1.,0.));
#4187 = ORIENTED_EDGE('',*,*,#1909,.F.);
#4188 = ORIENTED_EDGE('',*,*,#1891,.T.);
#4189 = ORIENTED_EDGE('',*,*,#1835,.F.);
#4190 = ORIENTED_EDGE('',*,*,#1788,.F.);
#4191 = ORIENTED_EDGE('',*,*,#1740,.F.);
#4192 = PLANE('',#4193);
#4193 = AXIS2_PLACEMENT_3D('',#4194,#4195,#4196);
#4194 = CARTESIAN_POINT('',(3.1,2.57,5.25));
#4195 = DIRECTION('',(0.,0.,1.));
#4196 = DIRECTION('',(0.,-1.,0.));
#4197 = ADVANCED_FACE('',(#4198),#4234,.F.);
#4198 = FACE_BOUND('',#4199,.F.);
#4199 = EDGE_LOOP('',(#4200,#4201,#4202,#4203,#4211,#4219,#4227,#4233));
#4200 = ORIENTED_EDGE('',*,*,#3110,.T.);
#4201 = ORIENTED_EDGE('',*,*,#4175,.T.);
#4202 = ORIENTED_EDGE('',*,*,#1732,.T.);
#4203 = ORIENTED_EDGE('',*,*,#4204,.T.);
#4204 = EDGE_CURVE('',#1725,#4205,#4207,.T.);
#4205 = VERTEX_POINT('',#4206);
#4206 = CARTESIAN_POINT('',(3.1,0.5468198,3.45));
#4207 = LINE('',#4208,#4209);
#4208 = CARTESIAN_POINT('',(3.1,1.52,3.45));
#4209 = VECTOR('',#4210,1.);
#4210 = DIRECTION('',(0.,-1.,0.));
#4211 = ORIENTED_EDGE('',*,*,#4212,.T.);
#4212 = EDGE_CURVE('',#4205,#4213,#4215,.T.);
#4213 = VERTEX_POINT('',#4214);
#4214 = CARTESIAN_POINT('',(3.1,1.044,2.6151));
#4215 = LINE('',#4216,#4217);
#4216 = CARTESIAN_POINT('',(3.1,0.5468198,3.45));
#4217 = VECTOR('',#4218,1.);
#4218 = DIRECTION('',(0.,0.511647917429,-0.859195209828));
#4219 = ORIENTED_EDGE('',*,*,#4220,.T.);
#4220 = EDGE_CURVE('',#4213,#4221,#4223,.T.);
#4221 = VERTEX_POINT('',#4222);
#4222 = CARTESIAN_POINT('',(3.1,1.52,2.6151));
#4223 = LINE('',#4224,#4225);
#4224 = CARTESIAN_POINT('',(3.1,1.044,2.6151));
#4225 = VECTOR('',#4226,1.);
#4226 = DIRECTION('',(0.,1.,0.));
#4227 = ORIENTED_EDGE('',*,*,#4228,.T.);
#4228 = EDGE_CURVE('',#4221,#3302,#4229,.T.);
#4229 = LINE('',#4230,#4231);
#4230 = CARTESIAN_POINT('',(3.1,1.52,2.6151));
#4231 = VECTOR('',#4232,1.);
#4232 = DIRECTION('',(0.,0.,-1.));
#4233 = ORIENTED_EDGE('',*,*,#3309,.T.);
#4234 = PLANE('',#4235);
#4235 = AXIS2_PLACEMENT_3D('',#4236,#4237,#4238);
#4236 = CARTESIAN_POINT('',(3.1,1.834452703854,3.573485056924));
#4237 = DIRECTION('',(1.,0.,0.));
#4238 = DIRECTION('',(0.,0.,1.));
#4239 = ADVANCED_FACE('',(#4240,#4262),#4296,.F.);
#4240 = FACE_BOUND('',#4241,.F.);
#4241 = EDGE_LOOP('',(#4242,#4243,#4244,#4245,#4246,#4254,#4260,#4261));
#4242 = ORIENTED_EDGE('',*,*,#1763,.F.);
#4243 = ORIENTED_EDGE('',*,*,#1820,.T.);
#4244 = ORIENTED_EDGE('',*,*,#1859,.T.);
#4245 = ORIENTED_EDGE('',*,*,#1925,.F.);
#4246 = ORIENTED_EDGE('',*,*,#4247,.T.);
#4247 = EDGE_CURVE('',#1918,#4248,#4250,.T.);
#4248 = VERTEX_POINT('',#4249);
#4249 = CARTESIAN_POINT('',(1.9,0.5468198,3.45));
#4250 = LINE('',#4251,#4252);
#4251 = CARTESIAN_POINT('',(1.9,1.52,3.45));
#4252 = VECTOR('',#4253,1.);
#4253 = DIRECTION('',(0.,-1.,0.));
#4254 = ORIENTED_EDGE('',*,*,#4255,.F.);
#4255 = EDGE_CURVE('',#4205,#4248,#4256,.T.);
#4256 = LINE('',#4257,#4258);
#4257 = CARTESIAN_POINT('',(3.1,0.5468198,3.45));
#4258 = VECTOR('',#4259,1.);
#4259 = DIRECTION('',(-1.,-0.,-0.));
#4260 = ORIENTED_EDGE('',*,*,#4204,.F.);
#4261 = ORIENTED_EDGE('',*,*,#1724,.F.);
#4262 = FACE_BOUND('',#4263,.F.);
#4263 = EDGE_LOOP('',(#4264,#4274,#4282,#4290));
#4264 = ORIENTED_EDGE('',*,*,#4265,.F.);
#4265 = EDGE_CURVE('',#4266,#4268,#4270,.T.);
#4266 = VERTEX_POINT('',#4267);
#4267 = CARTESIAN_POINT('',(2.9,-0.4,3.45));
#4268 = VERTEX_POINT('',#4269);
#4269 = CARTESIAN_POINT('',(2.1,-0.4,3.45));
#4270 = LINE('',#4271,#4272);
#4271 = CARTESIAN_POINT('',(2.9,-0.4,3.45));
#4272 = VECTOR('',#4273,1.);
#4273 = DIRECTION('',(-1.,-0.,-0.));
#4274 = ORIENTED_EDGE('',*,*,#4275,.F.);
#4275 = EDGE_CURVE('',#4276,#4266,#4278,.T.);
#4276 = VERTEX_POINT('',#4277);
#4277 = CARTESIAN_POINT('',(2.9,0.4,3.45));
#4278 = LINE('',#4279,#4280);
#4279 = CARTESIAN_POINT('',(2.9,0.4,3.45));
#4280 = VECTOR('',#4281,1.);
#4281 = DIRECTION('',(0.,-1.,0.));
#4282 = ORIENTED_EDGE('',*,*,#4283,.T.);
#4283 = EDGE_CURVE('',#4276,#4284,#4286,.T.);
#4284 = VERTEX_POINT('',#4285);
#4285 = CARTESIAN_POINT('',(2.1,0.4,3.45));
#4286 = LINE('',#4287,#4288);
#4287 = CARTESIAN_POINT('',(2.9,0.4,3.45));
#4288 = VECTOR('',#4289,1.);
#4289 = DIRECTION('',(-1.,-0.,-0.));
#4290 = ORIENTED_EDGE('',*,*,#4291,.T.);
#4291 = EDGE_CURVE('',#4284,#4268,#4292,.T.);
#4292 = LINE('',#4293,#4294);
#4293 = CARTESIAN_POINT('',(2.1,0.4,3.45));
#4294 = VECTOR('',#4295,1.);
#4295 = DIRECTION('',(0.,-1.,0.));
#4296 = PLANE('',#4297);
#4297 = AXIS2_PLACEMENT_3D('',#4298,#4299,#4300);
#4298 = CARTESIAN_POINT('',(3.55,-0.98,3.45));
#4299 = DIRECTION('',(0.,0.,-1.));
#4300 = DIRECTION('',(0.,1.,0.));
#4301 = ADVANCED_FACE('',(#4302),#4331,.T.);
#4302 = FACE_BOUND('',#4303,.T.);
#4303 = EDGE_LOOP('',(#4304,#4305,#4306,#4307,#4308,#4316,#4324,#4330));
#4304 = ORIENTED_EDGE('',*,*,#3126,.T.);
#4305 = ORIENTED_EDGE('',*,*,#4182,.T.);
#4306 = ORIENTED_EDGE('',*,*,#1917,.T.);
#4307 = ORIENTED_EDGE('',*,*,#4247,.T.);
#4308 = ORIENTED_EDGE('',*,*,#4309,.T.);
#4309 = EDGE_CURVE('',#4248,#4310,#4312,.T.);
#4310 = VERTEX_POINT('',#4311);
#4311 = CARTESIAN_POINT('',(1.9,1.044,2.6151));
#4312 = LINE('',#4313,#4314);
#4313 = CARTESIAN_POINT('',(1.9,0.5468198,3.45));
#4314 = VECTOR('',#4315,1.);
#4315 = DIRECTION('',(0.,0.511647917429,-0.859195209828));
#4316 = ORIENTED_EDGE('',*,*,#4317,.T.);
#4317 = EDGE_CURVE('',#4310,#4318,#4320,.T.);
#4318 = VERTEX_POINT('',#4319);
#4319 = CARTESIAN_POINT('',(1.9,1.52,2.6151));
#4320 = LINE('',#4321,#4322);
#4321 = CARTESIAN_POINT('',(1.9,1.044,2.6151));
#4322 = VECTOR('',#4323,1.);
#4323 = DIRECTION('',(0.,1.,0.));
#4324 = ORIENTED_EDGE('',*,*,#4325,.T.);
#4325 = EDGE_CURVE('',#4318,#3294,#4326,.T.);
#4326 = LINE('',#4327,#4328);
#4327 = CARTESIAN_POINT('',(1.9,1.52,2.6151));
#4328 = VECTOR('',#4329,1.);
#4329 = DIRECTION('',(0.,0.,-1.));
#4330 = ORIENTED_EDGE('',*,*,#3293,.T.);
#4331 = PLANE('',#4332);
#4332 = AXIS2_PLACEMENT_3D('',#4333,#4334,#4335);
#4333 = CARTESIAN_POINT('',(1.9,1.834452703854,3.573485056924));
#4334 = DIRECTION('',(1.,0.,0.));
#4335 = DIRECTION('',(0.,0.,1.));
#4336 = ADVANCED_FACE('',(#4337),#4357,.F.);
#4337 = FACE_BOUND('',#4338,.F.);
#4338 = EDGE_LOOP('',(#4339,#4345,#4346,#4352,#4353,#4354,#4355,#4356));
#4339 = ORIENTED_EDGE('',*,*,#4340,.F.);
#4340 = EDGE_CURVE('',#3079,#1957,#4341,.T.);
#4341 = LINE('',#4342,#4343);
#4342 = CARTESIAN_POINT('',(5.6,2.57,5.25));
#4343 = VECTOR('',#4344,1.);
#4344 = DIRECTION('',(0.,-1.,0.));
#4345 = ORIENTED_EDGE('',*,*,#3086,.T.);
#4346 = ORIENTED_EDGE('',*,*,#4347,.T.);
#4347 = EDGE_CURVE('',#3087,#2134,#4348,.T.);
#4348 = LINE('',#4349,#4350);
#4349 = CARTESIAN_POINT('',(4.4,2.57,5.25));
#4350 = VECTOR('',#4351,1.);
#4351 = DIRECTION('',(0.,-1.,0.));
#4352 = ORIENTED_EDGE('',*,*,#2133,.F.);
#4353 = ORIENTED_EDGE('',*,*,#2115,.T.);
#4354 = ORIENTED_EDGE('',*,*,#2059,.F.);
#4355 = ORIENTED_EDGE('',*,*,#2012,.F.);
#4356 = ORIENTED_EDGE('',*,*,#1964,.F.);
#4357 = PLANE('',#4358);
#4358 = AXIS2_PLACEMENT_3D('',#4359,#4360,#4361);
#4359 = CARTESIAN_POINT('',(5.6,2.57,5.25));
#4360 = DIRECTION('',(0.,0.,1.));
#4361 = DIRECTION('',(0.,-1.,0.));
#4362 = ADVANCED_FACE('',(#4363),#4399,.F.);
#4363 = FACE_BOUND('',#4364,.F.);
#4364 = EDGE_LOOP('',(#4365,#4366,#4367,#4368,#4376,#4384,#4392,#4398));
#4365 = ORIENTED_EDGE('',*,*,#3078,.T.);
#4366 = ORIENTED_EDGE('',*,*,#4340,.T.);
#4367 = ORIENTED_EDGE('',*,*,#1956,.T.);
#4368 = ORIENTED_EDGE('',*,*,#4369,.T.);
#4369 = EDGE_CURVE('',#1949,#4370,#4372,.T.);
#4370 = VERTEX_POINT('',#4371);
#4371 = CARTESIAN_POINT('',(5.6,0.5468198,3.45));
#4372 = LINE('',#4373,#4374);
#4373 = CARTESIAN_POINT('',(5.6,1.52,3.45));
#4374 = VECTOR('',#4375,1.);
#4375 = DIRECTION('',(0.,-1.,0.));
#4376 = ORIENTED_EDGE('',*,*,#4377,.T.);
#4377 = EDGE_CURVE('',#4370,#4378,#4380,.T.);
#4378 = VERTEX_POINT('',#4379);
#4379 = CARTESIAN_POINT('',(5.6,1.044,2.6151));
#4380 = LINE('',#4381,#4382);
#4381 = CARTESIAN_POINT('',(5.6,0.5468198,3.45));
#4382 = VECTOR('',#4383,1.);
#4383 = DIRECTION('',(0.,0.511647917429,-0.859195209828));
#4384 = ORIENTED_EDGE('',*,*,#4385,.T.);
#4385 = EDGE_CURVE('',#4378,#4386,#4388,.T.);
#4386 = VERTEX_POINT('',#4387);
#4387 = CARTESIAN_POINT('',(5.6,1.52,2.6151));
#4388 = LINE('',#4389,#4390);
#4389 = CARTESIAN_POINT('',(5.6,1.044,2.6151));
#4390 = VECTOR('',#4391,1.);
#4391 = DIRECTION('',(0.,1.,0.));
#4392 = ORIENTED_EDGE('',*,*,#4393,.T.);
#4393 = EDGE_CURVE('',#4386,#3325,#4394,.T.);
#4394 = LINE('',#4395,#4396);
#4395 = CARTESIAN_POINT('',(5.6,1.52,2.6151));
#4396 = VECTOR('',#4397,1.);
#4397 = DIRECTION('',(0.,0.,-1.));
#4398 = ORIENTED_EDGE('',*,*,#3332,.T.);
#4399 = PLANE('',#4400);
#4400 = AXIS2_PLACEMENT_3D('',#4401,#4402,#4403);
#4401 = CARTESIAN_POINT('',(5.6,1.834452703854,3.573485056924));
#4402 = DIRECTION('',(1.,0.,0.));
#4403 = DIRECTION('',(0.,0.,1.));
#4404 = ADVANCED_FACE('',(#4405,#4427),#4461,.F.);
#4405 = FACE_BOUND('',#4406,.F.);
#4406 = EDGE_LOOP('',(#4407,#4408,#4409,#4410,#4411,#4419,#4425,#4426));
#4407 = ORIENTED_EDGE('',*,*,#1987,.F.);
#4408 = ORIENTED_EDGE('',*,*,#2044,.T.);
#4409 = ORIENTED_EDGE('',*,*,#2083,.T.);
#4410 = ORIENTED_EDGE('',*,*,#2149,.F.);
#4411 = ORIENTED_EDGE('',*,*,#4412,.T.);
#4412 = EDGE_CURVE('',#2142,#4413,#4415,.T.);
#4413 = VERTEX_POINT('',#4414);
#4414 = CARTESIAN_POINT('',(4.4,0.5468198,3.45));
#4415 = LINE('',#4416,#4417);
#4416 = CARTESIAN_POINT('',(4.4,1.52,3.45));
#4417 = VECTOR('',#4418,1.);
#4418 = DIRECTION('',(0.,-1.,0.));
#4419 = ORIENTED_EDGE('',*,*,#4420,.F.);
#4420 = EDGE_CURVE('',#4370,#4413,#4421,.T.);
#4421 = LINE('',#4422,#4423);
#4422 = CARTESIAN_POINT('',(5.6,0.5468198,3.45));
#4423 = VECTOR('',#4424,1.);
#4424 = DIRECTION('',(-1.,-0.,-0.));
#4425 = ORIENTED_EDGE('',*,*,#4369,.F.);
#4426 = ORIENTED_EDGE('',*,*,#1948,.F.);
#4427 = FACE_BOUND('',#4428,.F.);
#4428 = EDGE_LOOP('',(#4429,#4439,#4447,#4455));
#4429 = ORIENTED_EDGE('',*,*,#4430,.F.);
#4430 = EDGE_CURVE('',#4431,#4433,#4435,.T.);
#4431 = VERTEX_POINT('',#4432);
#4432 = CARTESIAN_POINT('',(5.4,-0.4,3.45));
#4433 = VERTEX_POINT('',#4434);
#4434 = CARTESIAN_POINT('',(4.6,-0.4,3.45));
#4435 = LINE('',#4436,#4437);
#4436 = CARTESIAN_POINT('',(5.4,-0.4,3.45));
#4437 = VECTOR('',#4438,1.);
#4438 = DIRECTION('',(-1.,-0.,-0.));
#4439 = ORIENTED_EDGE('',*,*,#4440,.F.);
#4440 = EDGE_CURVE('',#4441,#4431,#4443,.T.);
#4441 = VERTEX_POINT('',#4442);
#4442 = CARTESIAN_POINT('',(5.4,0.4,3.45));
#4443 = LINE('',#4444,#4445);
#4444 = CARTESIAN_POINT('',(5.4,0.4,3.45));
#4445 = VECTOR('',#4446,1.);
#4446 = DIRECTION('',(0.,-1.,0.));
#4447 = ORIENTED_EDGE('',*,*,#4448,.T.);
#4448 = EDGE_CURVE('',#4441,#4449,#4451,.T.);
#4449 = VERTEX_POINT('',#4450);
#4450 = CARTESIAN_POINT('',(4.6,0.4,3.45));
#4451 = LINE('',#4452,#4453);
#4452 = CARTESIAN_POINT('',(5.4,0.4,3.45));
#4453 = VECTOR('',#4454,1.);
#4454 = DIRECTION('',(-1.,-0.,-0.));
#4455 = ORIENTED_EDGE('',*,*,#4456,.T.);
#4456 = EDGE_CURVE('',#4449,#4433,#4457,.T.);
#4457 = LINE('',#4458,#4459);
#4458 = CARTESIAN_POINT('',(4.6,0.4,3.45));
#4459 = VECTOR('',#4460,1.);
#4460 = DIRECTION('',(0.,-1.,0.));
#4461 = PLANE('',#4462);
#4462 = AXIS2_PLACEMENT_3D('',#4463,#4464,#4465);
#4463 = CARTESIAN_POINT('',(6.05,-0.98,3.45));
#4464 = DIRECTION('',(0.,0.,-1.));
#4465 = DIRECTION('',(0.,1.,0.));
#4466 = ADVANCED_FACE('',(#4467),#4496,.T.);
#4467 = FACE_BOUND('',#4468,.T.);
#4468 = EDGE_LOOP('',(#4469,#4470,#4471,#4472,#4473,#4481,#4489,#4495));
#4469 = ORIENTED_EDGE('',*,*,#3094,.T.);
#4470 = ORIENTED_EDGE('',*,*,#4347,.T.);
#4471 = ORIENTED_EDGE('',*,*,#2141,.T.);
#4472 = ORIENTED_EDGE('',*,*,#4412,.T.);
#4473 = ORIENTED_EDGE('',*,*,#4474,.T.);
#4474 = EDGE_CURVE('',#4413,#4475,#4477,.T.);
#4475 = VERTEX_POINT('',#4476);
#4476 = CARTESIAN_POINT('',(4.4,1.044,2.6151));
#4477 = LINE('',#4478,#4479);
#4478 = CARTESIAN_POINT('',(4.4,0.5468198,3.45));
#4479 = VECTOR('',#4480,1.);
#4480 = DIRECTION('',(0.,0.511647917429,-0.859195209828));
#4481 = ORIENTED_EDGE('',*,*,#4482,.T.);
#4482 = EDGE_CURVE('',#4475,#4483,#4485,.T.);
#4483 = VERTEX_POINT('',#4484);
#4484 = CARTESIAN_POINT('',(4.4,1.52,2.6151));
#4485 = LINE('',#4486,#4487);
#4486 = CARTESIAN_POINT('',(4.4,1.044,2.6151));
#4487 = VECTOR('',#4488,1.);
#4488 = DIRECTION('',(0.,1.,0.));
#4489 = ORIENTED_EDGE('',*,*,#4490,.T.);
#4490 = EDGE_CURVE('',#4483,#3317,#4491,.T.);
#4491 = LINE('',#4492,#4493);
#4492 = CARTESIAN_POINT('',(4.4,1.52,2.6151));
#4493 = VECTOR('',#4494,1.);
#4494 = DIRECTION('',(0.,0.,-1.));
#4495 = ORIENTED_EDGE('',*,*,#3316,.T.);
#4496 = PLANE('',#4497);
#4497 = AXIS2_PLACEMENT_3D('',#4498,#4499,#4500);
#4498 = CARTESIAN_POINT('',(4.4,1.834452703854,3.573485056924));
#4499 = DIRECTION('',(1.,0.,0.));
#4500 = DIRECTION('',(0.,0.,1.));
#4501 = ADVANCED_FACE('',(#4502),#4522,.F.);
#4502 = FACE_BOUND('',#4503,.F.);
#4503 = EDGE_LOOP('',(#4504,#4510,#4511,#4517,#4518,#4519,#4520,#4521));
#4504 = ORIENTED_EDGE('',*,*,#4505,.F.);
#4505 = EDGE_CURVE('',#3047,#2181,#4506,.T.);
#4506 = LINE('',#4507,#4508);
#4507 = CARTESIAN_POINT('',(8.1,2.57,5.25));
#4508 = VECTOR('',#4509,1.);
#4509 = DIRECTION('',(0.,-1.,0.));
#4510 = ORIENTED_EDGE('',*,*,#3054,.T.);
#4511 = ORIENTED_EDGE('',*,*,#4512,.T.);
#4512 = EDGE_CURVE('',#3055,#2358,#4513,.T.);
#4513 = LINE('',#4514,#4515);
#4514 = CARTESIAN_POINT('',(6.9,2.57,5.25));
#4515 = VECTOR('',#4516,1.);
#4516 = DIRECTION('',(0.,-1.,0.));
#4517 = ORIENTED_EDGE('',*,*,#2357,.F.);
#4518 = ORIENTED_EDGE('',*,*,#2339,.T.);
#4519 = ORIENTED_EDGE('',*,*,#2283,.F.);
#4520 = ORIENTED_EDGE('',*,*,#2236,.F.);
#4521 = ORIENTED_EDGE('',*,*,#2188,.F.);
#4522 = PLANE('',#4523);
#4523 = AXIS2_PLACEMENT_3D('',#4524,#4525,#4526);
#4524 = CARTESIAN_POINT('',(8.1,2.57,5.25));
#4525 = DIRECTION('',(0.,0.,1.));
#4526 = DIRECTION('',(0.,-1.,0.));
#4527 = ADVANCED_FACE('',(#4528),#4564,.F.);
#4528 = FACE_BOUND('',#4529,.F.);
#4529 = EDGE_LOOP('',(#4530,#4531,#4532,#4533,#4541,#4549,#4557,#4563));
#4530 = ORIENTED_EDGE('',*,*,#3046,.T.);
#4531 = ORIENTED_EDGE('',*,*,#4505,.T.);
#4532 = ORIENTED_EDGE('',*,*,#2180,.T.);
#4533 = ORIENTED_EDGE('',*,*,#4534,.T.);
#4534 = EDGE_CURVE('',#2173,#4535,#4537,.T.);
#4535 = VERTEX_POINT('',#4536);
#4536 = CARTESIAN_POINT('',(8.1,0.5468198,3.45));
#4537 = LINE('',#4538,#4539);
#4538 = CARTESIAN_POINT('',(8.1,1.52,3.45));
#4539 = VECTOR('',#4540,1.);
#4540 = DIRECTION('',(0.,-1.,0.));
#4541 = ORIENTED_EDGE('',*,*,#4542,.T.);
#4542 = EDGE_CURVE('',#4535,#4543,#4545,.T.);
#4543 = VERTEX_POINT('',#4544);
#4544 = CARTESIAN_POINT('',(8.1,1.044,2.6151));
#4545 = LINE('',#4546,#4547);
#4546 = CARTESIAN_POINT('',(8.1,0.5468198,3.45));
#4547 = VECTOR('',#4548,1.);
#4548 = DIRECTION('',(0.,0.511647917429,-0.859195209828));
#4549 = ORIENTED_EDGE('',*,*,#4550,.T.);
#4550 = EDGE_CURVE('',#4543,#4551,#4553,.T.);
#4551 = VERTEX_POINT('',#4552);
#4552 = CARTESIAN_POINT('',(8.1,1.52,2.6151));
#4553 = LINE('',#4554,#4555);
#4554 = CARTESIAN_POINT('',(8.1,1.044,2.6151));
#4555 = VECTOR('',#4556,1.);
#4556 = DIRECTION('',(0.,1.,0.));
#4557 = ORIENTED_EDGE('',*,*,#4558,.T.);
#4558 = EDGE_CURVE('',#4551,#3348,#4559,.T.);
#4559 = LINE('',#4560,#4561);
#4560 = CARTESIAN_POINT('',(8.1,1.52,2.6151));
#4561 = VECTOR('',#4562,1.);
#4562 = DIRECTION('',(0.,0.,-1.));
#4563 = ORIENTED_EDGE('',*,*,#3355,.T.);
#4564 = PLANE('',#4565);
#4565 = AXIS2_PLACEMENT_3D('',#4566,#4567,#4568);
#4566 = CARTESIAN_POINT('',(8.1,1.834452703854,3.573485056924));
#4567 = DIRECTION('',(1.,0.,0.));
#4568 = DIRECTION('',(0.,0.,1.));
#4569 = ADVANCED_FACE('',(#4570,#4592),#4626,.F.);
#4570 = FACE_BOUND('',#4571,.F.);
#4571 = EDGE_LOOP('',(#4572,#4573,#4574,#4575,#4576,#4584,#4590,#4591));
#4572 = ORIENTED_EDGE('',*,*,#2211,.F.);
#4573 = ORIENTED_EDGE('',*,*,#2268,.T.);
#4574 = ORIENTED_EDGE('',*,*,#2307,.T.);
#4575 = ORIENTED_EDGE('',*,*,#2373,.F.);
#4576 = ORIENTED_EDGE('',*,*,#4577,.T.);
#4577 = EDGE_CURVE('',#2366,#4578,#4580,.T.);
#4578 = VERTEX_POINT('',#4579);
#4579 = CARTESIAN_POINT('',(6.9,0.5468198,3.45));
#4580 = LINE('',#4581,#4582);
#4581 = CARTESIAN_POINT('',(6.9,1.52,3.45));
#4582 = VECTOR('',#4583,1.);
#4583 = DIRECTION('',(0.,-1.,0.));
#4584 = ORIENTED_EDGE('',*,*,#4585,.F.);
#4585 = EDGE_CURVE('',#4535,#4578,#4586,.T.);
#4586 = LINE('',#4587,#4588);
#4587 = CARTESIAN_POINT('',(8.1,0.5468198,3.45));
#4588 = VECTOR('',#4589,1.);
#4589 = DIRECTION('',(-1.,-0.,-0.));
#4590 = ORIENTED_EDGE('',*,*,#4534,.F.);
#4591 = ORIENTED_EDGE('',*,*,#2172,.F.);
#4592 = FACE_BOUND('',#4593,.F.);
#4593 = EDGE_LOOP('',(#4594,#4604,#4612,#4620));
#4594 = ORIENTED_EDGE('',*,*,#4595,.F.);
#4595 = EDGE_CURVE('',#4596,#4598,#4600,.T.);
#4596 = VERTEX_POINT('',#4597);
#4597 = CARTESIAN_POINT('',(7.9,-0.4,3.45));
#4598 = VERTEX_POINT('',#4599);
#4599 = CARTESIAN_POINT('',(7.1,-0.4,3.45));
#4600 = LINE('',#4601,#4602);
#4601 = CARTESIAN_POINT('',(7.9,-0.4,3.45));
#4602 = VECTOR('',#4603,1.);
#4603 = DIRECTION('',(-1.,-0.,-0.));
#4604 = ORIENTED_EDGE('',*,*,#4605,.F.);
#4605 = EDGE_CURVE('',#4606,#4596,#4608,.T.);
#4606 = VERTEX_POINT('',#4607);
#4607 = CARTESIAN_POINT('',(7.9,0.4,3.45));
#4608 = LINE('',#4609,#4610);
#4609 = CARTESIAN_POINT('',(7.9,0.4,3.45));
#4610 = VECTOR('',#4611,1.);
#4611 = DIRECTION('',(0.,-1.,0.));
#4612 = ORIENTED_EDGE('',*,*,#4613,.T.);
#4613 = EDGE_CURVE('',#4606,#4614,#4616,.T.);
#4614 = VERTEX_POINT('',#4615);
#4615 = CARTESIAN_POINT('',(7.1,0.4,3.45));
#4616 = LINE('',#4617,#4618);
#4617 = CARTESIAN_POINT('',(7.9,0.4,3.45));
#4618 = VECTOR('',#4619,1.);
#4619 = DIRECTION('',(-1.,-0.,-0.));
#4620 = ORIENTED_EDGE('',*,*,#4621,.T.);
#4621 = EDGE_CURVE('',#4614,#4598,#4622,.T.);
#4622 = LINE('',#4623,#4624);
#4623 = CARTESIAN_POINT('',(7.1,0.4,3.45));
#4624 = VECTOR('',#4625,1.);
#4625 = DIRECTION('',(0.,-1.,0.));
#4626 = PLANE('',#4627);
#4627 = AXIS2_PLACEMENT_3D('',#4628,#4629,#4630);
#4628 = CARTESIAN_POINT('',(8.55,-0.98,3.45));
#4629 = DIRECTION('',(0.,0.,-1.));
#4630 = DIRECTION('',(0.,1.,0.));
#4631 = ADVANCED_FACE('',(#4632),#4661,.T.);
#4632 = FACE_BOUND('',#4633,.T.);
#4633 = EDGE_LOOP('',(#4634,#4635,#4636,#4637,#4638,#4646,#4654,#4660));
#4634 = ORIENTED_EDGE('',*,*,#3062,.T.);
#4635 = ORIENTED_EDGE('',*,*,#4512,.T.);
#4636 = ORIENTED_EDGE('',*,*,#2365,.T.);
#4637 = ORIENTED_EDGE('',*,*,#4577,.T.);
#4638 = ORIENTED_EDGE('',*,*,#4639,.T.);
#4639 = EDGE_CURVE('',#4578,#4640,#4642,.T.);
#4640 = VERTEX_POINT('',#4641);
#4641 = CARTESIAN_POINT('',(6.9,1.044,2.6151));
#4642 = LINE('',#4643,#4644);
#4643 = CARTESIAN_POINT('',(6.9,0.5468198,3.45));
#4644 = VECTOR('',#4645,1.);
#4645 = DIRECTION('',(0.,0.511647917429,-0.859195209828));
#4646 = ORIENTED_EDGE('',*,*,#4647,.T.);
#4647 = EDGE_CURVE('',#4640,#4648,#4650,.T.);
#4648 = VERTEX_POINT('',#4649);
#4649 = CARTESIAN_POINT('',(6.9,1.52,2.6151));
#4650 = LINE('',#4651,#4652);
#4651 = CARTESIAN_POINT('',(6.9,1.044,2.6151));
#4652 = VECTOR('',#4653,1.);
#4653 = DIRECTION('',(0.,1.,0.));
#4654 = ORIENTED_EDGE('',*,*,#4655,.T.);
#4655 = EDGE_CURVE('',#4648,#3340,#4656,.T.);
#4656 = LINE('',#4657,#4658);
#4657 = CARTESIAN_POINT('',(6.9,1.52,2.6151));
#4658 = VECTOR('',#4659,1.);
#4659 = DIRECTION('',(0.,0.,-1.));
#4660 = ORIENTED_EDGE('',*,*,#3339,.T.);
#4661 = PLANE('',#4662);
#4662 = AXIS2_PLACEMENT_3D('',#4663,#4664,#4665);
#4663 = CARTESIAN_POINT('',(6.9,1.834452703854,3.573485056924));
#4664 = DIRECTION('',(1.,0.,0.));
#4665 = DIRECTION('',(0.,0.,1.));
#4666 = ADVANCED_FACE('',(#4667),#4687,.F.);
#4667 = FACE_BOUND('',#4668,.F.);
#4668 = EDGE_LOOP('',(#4669,#4675,#4676,#4682,#4683,#4684,#4685,#4686));
#4669 = ORIENTED_EDGE('',*,*,#4670,.F.);
#4670 = EDGE_CURVE('',#3015,#2405,#4671,.T.);
#4671 = LINE('',#4672,#4673);
#4672 = CARTESIAN_POINT('',(10.6,2.57,5.25));
#4673 = VECTOR('',#4674,1.);
#4674 = DIRECTION('',(0.,-1.,0.));
#4675 = ORIENTED_EDGE('',*,*,#3022,.T.);
#4676 = ORIENTED_EDGE('',*,*,#4677,.T.);
#4677 = EDGE_CURVE('',#3023,#2582,#4678,.T.);
#4678 = LINE('',#4679,#4680);
#4679 = CARTESIAN_POINT('',(9.4,2.57,5.25));
#4680 = VECTOR('',#4681,1.);
#4681 = DIRECTION('',(0.,-1.,0.));
#4682 = ORIENTED_EDGE('',*,*,#2581,.F.);
#4683 = ORIENTED_EDGE('',*,*,#2563,.T.);
#4684 = ORIENTED_EDGE('',*,*,#2507,.F.);
#4685 = ORIENTED_EDGE('',*,*,#2460,.F.);
#4686 = ORIENTED_EDGE('',*,*,#2412,.F.);
#4687 = PLANE('',#4688);
#4688 = AXIS2_PLACEMENT_3D('',#4689,#4690,#4691);
#4689 = CARTESIAN_POINT('',(10.6,2.57,5.25));
#4690 = DIRECTION('',(0.,0.,1.));
#4691 = DIRECTION('',(0.,-1.,0.));
#4692 = ADVANCED_FACE('',(#4693),#4729,.F.);
#4693 = FACE_BOUND('',#4694,.F.);
#4694 = EDGE_LOOP('',(#4695,#4696,#4697,#4698,#4706,#4714,#4722,#4728));
#4695 = ORIENTED_EDGE('',*,*,#3014,.T.);
#4696 = ORIENTED_EDGE('',*,*,#4670,.T.);
#4697 = ORIENTED_EDGE('',*,*,#2404,.T.);
#4698 = ORIENTED_EDGE('',*,*,#4699,.T.);
#4699 = EDGE_CURVE('',#2397,#4700,#4702,.T.);
#4700 = VERTEX_POINT('',#4701);
#4701 = CARTESIAN_POINT('',(10.6,0.5468198,3.45));
#4702 = LINE('',#4703,#4704);
#4703 = CARTESIAN_POINT('',(10.6,1.52,3.45));
#4704 = VECTOR('',#4705,1.);
#4705 = DIRECTION('',(0.,-1.,0.));
#4706 = ORIENTED_EDGE('',*,*,#4707,.T.);
#4707 = EDGE_CURVE('',#4700,#4708,#4710,.T.);
#4708 = VERTEX_POINT('',#4709);
#4709 = CARTESIAN_POINT('',(10.6,1.044,2.6151));
#4710 = LINE('',#4711,#4712);
#4711 = CARTESIAN_POINT('',(10.6,0.5468198,3.45));
#4712 = VECTOR('',#4713,1.);
#4713 = DIRECTION('',(0.,0.511647917429,-0.859195209828));
#4714 = ORIENTED_EDGE('',*,*,#4715,.T.);
#4715 = EDGE_CURVE('',#4708,#4716,#4718,.T.);
#4716 = VERTEX_POINT('',#4717);
#4717 = CARTESIAN_POINT('',(10.6,1.52,2.6151));
#4718 = LINE('',#4719,#4720);
#4719 = CARTESIAN_POINT('',(10.6,1.044,2.6151));
#4720 = VECTOR('',#4721,1.);
#4721 = DIRECTION('',(0.,1.,0.));
#4722 = ORIENTED_EDGE('',*,*,#4723,.T.);
#4723 = EDGE_CURVE('',#4716,#3371,#4724,.T.);
#4724 = LINE('',#4725,#4726);
#4725 = CARTESIAN_POINT('',(10.6,1.52,2.6151));
#4726 = VECTOR('',#4727,1.);
#4727 = DIRECTION('',(0.,0.,-1.));
#4728 = ORIENTED_EDGE('',*,*,#3378,.T.);
#4729 = PLANE('',#4730);
#4730 = AXIS2_PLACEMENT_3D('',#4731,#4732,#4733);
#4731 = CARTESIAN_POINT('',(10.6,1.834452703854,3.573485056924));
#4732 = DIRECTION('',(1.,0.,0.));
#4733 = DIRECTION('',(0.,0.,1.));
#4734 = ADVANCED_FACE('',(#4735,#4757),#4791,.F.);
#4735 = FACE_BOUND('',#4736,.F.);
#4736 = EDGE_LOOP('',(#4737,#4738,#4739,#4740,#4741,#4749,#4755,#4756));
#4737 = ORIENTED_EDGE('',*,*,#2435,.F.);
#4738 = ORIENTED_EDGE('',*,*,#2492,.T.);
#4739 = ORIENTED_EDGE('',*,*,#2531,.T.);
#4740 = ORIENTED_EDGE('',*,*,#2597,.F.);
#4741 = ORIENTED_EDGE('',*,*,#4742,.T.);
#4742 = EDGE_CURVE('',#2590,#4743,#4745,.T.);
#4743 = VERTEX_POINT('',#4744);
#4744 = CARTESIAN_POINT('',(9.4,0.5468198,3.45));
#4745 = LINE('',#4746,#4747);
#4746 = CARTESIAN_POINT('',(9.4,1.52,3.45));
#4747 = VECTOR('',#4748,1.);
#4748 = DIRECTION('',(0.,-1.,0.));
#4749 = ORIENTED_EDGE('',*,*,#4750,.F.);
#4750 = EDGE_CURVE('',#4700,#4743,#4751,.T.);
#4751 = LINE('',#4752,#4753);
#4752 = CARTESIAN_POINT('',(10.6,0.5468198,3.45));
#4753 = VECTOR('',#4754,1.);
#4754 = DIRECTION('',(-1.,-0.,-0.));
#4755 = ORIENTED_EDGE('',*,*,#4699,.F.);
#4756 = ORIENTED_EDGE('',*,*,#2396,.F.);
#4757 = FACE_BOUND('',#4758,.F.);
#4758 = EDGE_LOOP('',(#4759,#4769,#4777,#4785));
#4759 = ORIENTED_EDGE('',*,*,#4760,.F.);
#4760 = EDGE_CURVE('',#4761,#4763,#4765,.T.);
#4761 = VERTEX_POINT('',#4762);
#4762 = CARTESIAN_POINT('',(10.4,-0.4,3.45));
#4763 = VERTEX_POINT('',#4764);
#4764 = CARTESIAN_POINT('',(9.6,-0.4,3.45));
#4765 = LINE('',#4766,#4767);
#4766 = CARTESIAN_POINT('',(10.4,-0.4,3.45));
#4767 = VECTOR('',#4768,1.);
#4768 = DIRECTION('',(-1.,-0.,-0.));
#4769 = ORIENTED_EDGE('',*,*,#4770,.F.);
#4770 = EDGE_CURVE('',#4771,#4761,#4773,.T.);
#4771 = VERTEX_POINT('',#4772);
#4772 = CARTESIAN_POINT('',(10.4,0.4,3.45));
#4773 = LINE('',#4774,#4775);
#4774 = CARTESIAN_POINT('',(10.4,0.4,3.45));
#4775 = VECTOR('',#4776,1.);
#4776 = DIRECTION('',(0.,-1.,0.));
#4777 = ORIENTED_EDGE('',*,*,#4778,.T.);
#4778 = EDGE_CURVE('',#4771,#4779,#4781,.T.);
#4779 = VERTEX_POINT('',#4780);
#4780 = CARTESIAN_POINT('',(9.6,0.4,3.45));
#4781 = LINE('',#4782,#4783);
#4782 = CARTESIAN_POINT('',(10.4,0.4,3.45));
#4783 = VECTOR('',#4784,1.);
#4784 = DIRECTION('',(-1.,-0.,-0.));
#4785 = ORIENTED_EDGE('',*,*,#4786,.T.);
#4786 = EDGE_CURVE('',#4779,#4763,#4787,.T.);
#4787 = LINE('',#4788,#4789);
#4788 = CARTESIAN_POINT('',(9.6,0.4,3.45));
#4789 = VECTOR('',#4790,1.);
#4790 = DIRECTION('',(0.,-1.,0.));
#4791 = PLANE('',#4792);
#4792 = AXIS2_PLACEMENT_3D('',#4793,#4794,#4795);
#4793 = CARTESIAN_POINT('',(11.05,-0.98,3.45));
#4794 = DIRECTION('',(0.,0.,-1.));
#4795 = DIRECTION('',(0.,1.,0.));
#4796 = ADVANCED_FACE('',(#4797),#4826,.T.);
#4797 = FACE_BOUND('',#4798,.T.);
#4798 = EDGE_LOOP('',(#4799,#4800,#4801,#4802,#4803,#4811,#4819,#4825));
#4799 = ORIENTED_EDGE('',*,*,#3030,.T.);
#4800 = ORIENTED_EDGE('',*,*,#4677,.T.);
#4801 = ORIENTED_EDGE('',*,*,#2589,.T.);
#4802 = ORIENTED_EDGE('',*,*,#4742,.T.);
#4803 = ORIENTED_EDGE('',*,*,#4804,.T.);
#4804 = EDGE_CURVE('',#4743,#4805,#4807,.T.);
#4805 = VERTEX_POINT('',#4806);
#4806 = CARTESIAN_POINT('',(9.4,1.044,2.6151));
#4807 = LINE('',#4808,#4809);
#4808 = CARTESIAN_POINT('',(9.4,0.5468198,3.45));
#4809 = VECTOR('',#4810,1.);
#4810 = DIRECTION('',(0.,0.511647917429,-0.859195209828));
#4811 = ORIENTED_EDGE('',*,*,#4812,.T.);
#4812 = EDGE_CURVE('',#4805,#4813,#4815,.T.);
#4813 = VERTEX_POINT('',#4814);
#4814 = CARTESIAN_POINT('',(9.4,1.52,2.6151));
#4815 = LINE('',#4816,#4817);
#4816 = CARTESIAN_POINT('',(9.4,1.044,2.6151));
#4817 = VECTOR('',#4818,1.);
#4818 = DIRECTION('',(0.,1.,0.));
#4819 = ORIENTED_EDGE('',*,*,#4820,.T.);
#4820 = EDGE_CURVE('',#4813,#3363,#4821,.T.);
#4821 = LINE('',#4822,#4823);
#4822 = CARTESIAN_POINT('',(9.4,1.52,2.6151));
#4823 = VECTOR('',#4824,1.);
#4824 = DIRECTION('',(0.,0.,-1.));
#4825 = ORIENTED_EDGE('',*,*,#3362,.T.);
#4826 = PLANE('',#4827);
#4827 = AXIS2_PLACEMENT_3D('',#4828,#4829,#4830);
#4828 = CARTESIAN_POINT('',(9.4,1.834452703854,3.573485056924));
#4829 = DIRECTION('',(1.,0.,0.));
#4830 = DIRECTION('',(0.,0.,1.));
#4831 = ADVANCED_FACE('',(#4832),#4852,.F.);
#4832 = FACE_BOUND('',#4833,.F.);
#4833 = EDGE_LOOP('',(#4834,#4840,#4841,#4847,#4848,#4849,#4850,#4851));
#4834 = ORIENTED_EDGE('',*,*,#4835,.F.);
#4835 = EDGE_CURVE('',#2983,#2629,#4836,.T.);
#4836 = LINE('',#4837,#4838);
#4837 = CARTESIAN_POINT('',(13.1,2.57,5.25));
#4838 = VECTOR('',#4839,1.);
#4839 = DIRECTION('',(0.,-1.,0.));
#4840 = ORIENTED_EDGE('',*,*,#2990,.T.);
#4841 = ORIENTED_EDGE('',*,*,#4842,.T.);
#4842 = EDGE_CURVE('',#2991,#2806,#4843,.T.);
#4843 = LINE('',#4844,#4845);
#4844 = CARTESIAN_POINT('',(11.9,2.57,5.25));
#4845 = VECTOR('',#4846,1.);
#4846 = DIRECTION('',(0.,-1.,0.));
#4847 = ORIENTED_EDGE('',*,*,#2805,.F.);
#4848 = ORIENTED_EDGE('',*,*,#2787,.T.);
#4849 = ORIENTED_EDGE('',*,*,#2731,.F.);
#4850 = ORIENTED_EDGE('',*,*,#2684,.F.);
#4851 = ORIENTED_EDGE('',*,*,#2636,.F.);
#4852 = PLANE('',#4853);
#4853 = AXIS2_PLACEMENT_3D('',#4854,#4855,#4856);
#4854 = CARTESIAN_POINT('',(13.1,2.57,5.25));
#4855 = DIRECTION('',(0.,0.,1.));
#4856 = DIRECTION('',(0.,-1.,0.));
#4857 = ADVANCED_FACE('',(#4858),#4894,.F.);
#4858 = FACE_BOUND('',#4859,.F.);
#4859 = EDGE_LOOP('',(#4860,#4861,#4862,#4863,#4871,#4879,#4887,#4893));
#4860 = ORIENTED_EDGE('',*,*,#2982,.T.);
#4861 = ORIENTED_EDGE('',*,*,#4835,.T.);
#4862 = ORIENTED_EDGE('',*,*,#2628,.T.);
#4863 = ORIENTED_EDGE('',*,*,#4864,.T.);
#4864 = EDGE_CURVE('',#2621,#4865,#4867,.T.);
#4865 = VERTEX_POINT('',#4866);
#4866 = CARTESIAN_POINT('',(13.1,0.5468198,3.45));
#4867 = LINE('',#4868,#4869);
#4868 = CARTESIAN_POINT('',(13.1,1.52,3.45));
#4869 = VECTOR('',#4870,1.);
#4870 = DIRECTION('',(0.,-1.,0.));
#4871 = ORIENTED_EDGE('',*,*,#4872,.T.);
#4872 = EDGE_CURVE('',#4865,#4873,#4875,.T.);
#4873 = VERTEX_POINT('',#4874);
#4874 = CARTESIAN_POINT('',(13.1,1.044,2.6151));
#4875 = LINE('',#4876,#4877);
#4876 = CARTESIAN_POINT('',(13.1,0.5468198,3.45));
#4877 = VECTOR('',#4878,1.);
#4878 = DIRECTION('',(0.,0.511647917429,-0.859195209828));
#4879 = ORIENTED_EDGE('',*,*,#4880,.T.);
#4880 = EDGE_CURVE('',#4873,#4881,#4883,.T.);
#4881 = VERTEX_POINT('',#4882);
#4882 = CARTESIAN_POINT('',(13.1,1.52,2.6151));
#4883 = LINE('',#4884,#4885);
#4884 = CARTESIAN_POINT('',(13.1,1.044,2.6151));
#4885 = VECTOR('',#4886,1.);
#4886 = DIRECTION('',(0.,1.,0.));
#4887 = ORIENTED_EDGE('',*,*,#4888,.T.);
#4888 = EDGE_CURVE('',#4881,#3394,#4889,.T.);
#4889 = LINE('',#4890,#4891);
#4890 = CARTESIAN_POINT('',(13.1,1.52,2.6151));
#4891 = VECTOR('',#4892,1.);
#4892 = DIRECTION('',(0.,0.,-1.));
#4893 = ORIENTED_EDGE('',*,*,#3401,.T.);
#4894 = PLANE('',#4895);
#4895 = AXIS2_PLACEMENT_3D('',#4896,#4897,#4898);
#4896 = CARTESIAN_POINT('',(13.1,1.834452703854,3.573485056924));
#4897 = DIRECTION('',(1.,0.,0.));
#4898 = DIRECTION('',(0.,0.,1.));
#4899 = ADVANCED_FACE('',(#4900,#4922),#4956,.F.);
#4900 = FACE_BOUND('',#4901,.F.);
#4901 = EDGE_LOOP('',(#4902,#4903,#4904,#4905,#4906,#4914,#4920,#4921));
#4902 = ORIENTED_EDGE('',*,*,#2659,.F.);
#4903 = ORIENTED_EDGE('',*,*,#2716,.T.);
#4904 = ORIENTED_EDGE('',*,*,#2755,.T.);
#4905 = ORIENTED_EDGE('',*,*,#2821,.F.);
#4906 = ORIENTED_EDGE('',*,*,#4907,.T.);
#4907 = EDGE_CURVE('',#2814,#4908,#4910,.T.);
#4908 = VERTEX_POINT('',#4909);
#4909 = CARTESIAN_POINT('',(11.9,0.5468198,3.45));
#4910 = LINE('',#4911,#4912);
#4911 = CARTESIAN_POINT('',(11.9,1.52,3.45));
#4912 = VECTOR('',#4913,1.);
#4913 = DIRECTION('',(0.,-1.,0.));
#4914 = ORIENTED_EDGE('',*,*,#4915,.F.);
#4915 = EDGE_CURVE('',#4865,#4908,#4916,.T.);
#4916 = LINE('',#4917,#4918);
#4917 = CARTESIAN_POINT('',(13.1,0.5468198,3.45));
#4918 = VECTOR('',#4919,1.);
#4919 = DIRECTION('',(-1.,-0.,-0.));
#4920 = ORIENTED_EDGE('',*,*,#4864,.F.);
#4921 = ORIENTED_EDGE('',*,*,#2620,.F.);
#4922 = FACE_BOUND('',#4923,.F.);
#4923 = EDGE_LOOP('',(#4924,#4934,#4942,#4950));
#4924 = ORIENTED_EDGE('',*,*,#4925,.F.);
#4925 = EDGE_CURVE('',#4926,#4928,#4930,.T.);
#4926 = VERTEX_POINT('',#4927);
#4927 = CARTESIAN_POINT('',(12.9,-0.4,3.45));
#4928 = VERTEX_POINT('',#4929);
#4929 = CARTESIAN_POINT('',(12.1,-0.4,3.45));
#4930 = LINE('',#4931,#4932);
#4931 = CARTESIAN_POINT('',(12.9,-0.4,3.45));
#4932 = VECTOR('',#4933,1.);
#4933 = DIRECTION('',(-1.,-0.,-0.));
#4934 = ORIENTED_EDGE('',*,*,#4935,.F.);
#4935 = EDGE_CURVE('',#4936,#4926,#4938,.T.);
#4936 = VERTEX_POINT('',#4937);
#4937 = CARTESIAN_POINT('',(12.9,0.4,3.45));
#4938 = LINE('',#4939,#4940);
#4939 = CARTESIAN_POINT('',(12.9,0.4,3.45));
#4940 = VECTOR('',#4941,1.);
#4941 = DIRECTION('',(0.,-1.,0.));
#4942 = ORIENTED_EDGE('',*,*,#4943,.T.);
#4943 = EDGE_CURVE('',#4936,#4944,#4946,.T.);
#4944 = VERTEX_POINT('',#4945);
#4945 = CARTESIAN_POINT('',(12.1,0.4,3.45));
#4946 = LINE('',#4947,#4948);
#4947 = CARTESIAN_POINT('',(12.9,0.4,3.45));
#4948 = VECTOR('',#4949,1.);
#4949 = DIRECTION('',(-1.,-0.,-0.));
#4950 = ORIENTED_EDGE('',*,*,#4951,.T.);
#4951 = EDGE_CURVE('',#4944,#4928,#4952,.T.);
#4952 = LINE('',#4953,#4954);
#4953 = CARTESIAN_POINT('',(12.1,0.4,3.45));
#4954 = VECTOR('',#4955,1.);
#4955 = DIRECTION('',(0.,-1.,0.));
#4956 = PLANE('',#4957);
#4957 = AXIS2_PLACEMENT_3D('',#4958,#4959,#4960);
#4958 = CARTESIAN_POINT('',(13.55,-0.98,3.45));
#4959 = DIRECTION('',(0.,0.,-1.));
#4960 = DIRECTION('',(0.,1.,0.));
#4961 = ADVANCED_FACE('',(#4962),#4991,.T.);
#4962 = FACE_BOUND('',#4963,.T.);
#4963 = EDGE_LOOP('',(#4964,#4965,#4966,#4967,#4968,#4976,#4984,#4990));
#4964 = ORIENTED_EDGE('',*,*,#2998,.T.);
#4965 = ORIENTED_EDGE('',*,*,#4842,.T.);
#4966 = ORIENTED_EDGE('',*,*,#2813,.T.);
#4967 = ORIENTED_EDGE('',*,*,#4907,.T.);
#4968 = ORIENTED_EDGE('',*,*,#4969,.T.);
#4969 = EDGE_CURVE('',#4908,#4970,#4972,.T.);
#4970 = VERTEX_POINT('',#4971);
#4971 = CARTESIAN_POINT('',(11.9,1.044,2.6151));
#4972 = LINE('',#4973,#4974);
#4973 = CARTESIAN_POINT('',(11.9,0.5468198,3.45));
#4974 = VECTOR('',#4975,1.);
#4975 = DIRECTION('',(0.,0.511647917429,-0.859195209828));
#4976 = ORIENTED_EDGE('',*,*,#4977,.T.);
#4977 = EDGE_CURVE('',#4970,#4978,#4980,.T.);
#4978 = VERTEX_POINT('',#4979);
#4979 = CARTESIAN_POINT('',(11.9,1.52,2.6151));
#4980 = LINE('',#4981,#4982);
#4981 = CARTESIAN_POINT('',(11.9,1.044,2.6151));
#4982 = VECTOR('',#4983,1.);
#4983 = DIRECTION('',(0.,1.,0.));
#4984 = ORIENTED_EDGE('',*,*,#4985,.T.);
#4985 = EDGE_CURVE('',#4978,#3386,#4986,.T.);
#4986 = LINE('',#4987,#4988);
#4987 = CARTESIAN_POINT('',(11.9,1.52,2.6151));
#4988 = VECTOR('',#4989,1.);
#4989 = DIRECTION('',(0.,0.,-1.));
#4990 = ORIENTED_EDGE('',*,*,#3385,.T.);
#4991 = PLANE('',#4992);
#4992 = AXIS2_PLACEMENT_3D('',#4993,#4994,#4995);
#4993 = CARTESIAN_POINT('',(11.9,1.834452703854,3.573485056924));
#4994 = DIRECTION('',(1.,0.,0.));
#4995 = DIRECTION('',(0.,0.,1.));
#4996 = ADVANCED_FACE('',(#4997),#5008,.F.);
#4997 = FACE_BOUND('',#4998,.F.);
#4998 = EDGE_LOOP('',(#4999,#5005,#5006,#5007));
#4999 = ORIENTED_EDGE('',*,*,#5000,.T.);
#5000 = EDGE_CURVE('',#4881,#4978,#5001,.T.);
#5001 = LINE('',#5002,#5003);
#5002 = CARTESIAN_POINT('',(13.1,1.52,2.6151));
#5003 = VECTOR('',#5004,1.);
#5004 = DIRECTION('',(-1.,-0.,-0.));
#5005 = ORIENTED_EDGE('',*,*,#4985,.T.);
#5006 = ORIENTED_EDGE('',*,*,#3393,.F.);
#5007 = ORIENTED_EDGE('',*,*,#4888,.F.);
#5008 = PLANE('',#5009);
#5009 = AXIS2_PLACEMENT_3D('',#5010,#5011,#5012);
#5010 = CARTESIAN_POINT('',(13.1,1.52,2.6151));
#5011 = DIRECTION('',(0.,-1.,0.));
#5012 = DIRECTION('',(0.,0.,-1.));
#5013 = ADVANCED_FACE('',(#5014),#5025,.F.);
#5014 = FACE_BOUND('',#5015,.F.);
#5015 = EDGE_LOOP('',(#5016,#5022,#5023,#5024));
#5016 = ORIENTED_EDGE('',*,*,#5017,.T.);
#5017 = EDGE_CURVE('',#4716,#4813,#5018,.T.);
#5018 = LINE('',#5019,#5020);
#5019 = CARTESIAN_POINT('',(10.6,1.52,2.6151));
#5020 = VECTOR('',#5021,1.);
#5021 = DIRECTION('',(-1.,-0.,-0.));
#5022 = ORIENTED_EDGE('',*,*,#4820,.T.);
#5023 = ORIENTED_EDGE('',*,*,#3370,.F.);
#5024 = ORIENTED_EDGE('',*,*,#4723,.F.);
#5025 = PLANE('',#5026);
#5026 = AXIS2_PLACEMENT_3D('',#5027,#5028,#5029);
#5027 = CARTESIAN_POINT('',(10.6,1.52,2.6151));
#5028 = DIRECTION('',(0.,-1.,0.));
#5029 = DIRECTION('',(0.,0.,-1.));
#5030 = ADVANCED_FACE('',(#5031),#5042,.F.);
#5031 = FACE_BOUND('',#5032,.F.);
#5032 = EDGE_LOOP('',(#5033,#5039,#5040,#5041));
#5033 = ORIENTED_EDGE('',*,*,#5034,.T.);
#5034 = EDGE_CURVE('',#4551,#4648,#5035,.T.);
#5035 = LINE('',#5036,#5037);
#5036 = CARTESIAN_POINT('',(8.1,1.52,2.6151));
#5037 = VECTOR('',#5038,1.);
#5038 = DIRECTION('',(-1.,-0.,-0.));
#5039 = ORIENTED_EDGE('',*,*,#4655,.T.);
#5040 = ORIENTED_EDGE('',*,*,#3347,.F.);
#5041 = ORIENTED_EDGE('',*,*,#4558,.F.);
#5042 = PLANE('',#5043);
#5043 = AXIS2_PLACEMENT_3D('',#5044,#5045,#5046);
#5044 = CARTESIAN_POINT('',(8.1,1.52,2.6151));
#5045 = DIRECTION('',(0.,-1.,0.));
#5046 = DIRECTION('',(0.,0.,-1.));
#5047 = ADVANCED_FACE('',(#5048),#5059,.F.);
#5048 = FACE_BOUND('',#5049,.F.);
#5049 = EDGE_LOOP('',(#5050,#5056,#5057,#5058));
#5050 = ORIENTED_EDGE('',*,*,#5051,.T.);
#5051 = EDGE_CURVE('',#4386,#4483,#5052,.T.);
#5052 = LINE('',#5053,#5054);
#5053 = CARTESIAN_POINT('',(5.6,1.52,2.6151));
#5054 = VECTOR('',#5055,1.);
#5055 = DIRECTION('',(-1.,-0.,-0.));
#5056 = ORIENTED_EDGE('',*,*,#4490,.T.);
#5057 = ORIENTED_EDGE('',*,*,#3324,.F.);
#5058 = ORIENTED_EDGE('',*,*,#4393,.F.);
#5059 = PLANE('',#5060);
#5060 = AXIS2_PLACEMENT_3D('',#5061,#5062,#5063);
#5061 = CARTESIAN_POINT('',(5.6,1.52,2.6151));
#5062 = DIRECTION('',(0.,-1.,0.));
#5063 = DIRECTION('',(0.,0.,-1.));
#5064 = ADVANCED_FACE('',(#5065),#5076,.F.);
#5065 = FACE_BOUND('',#5066,.F.);
#5066 = EDGE_LOOP('',(#5067,#5073,#5074,#5075));
#5067 = ORIENTED_EDGE('',*,*,#5068,.T.);
#5068 = EDGE_CURVE('',#4221,#4318,#5069,.T.);
#5069 = LINE('',#5070,#5071);
#5070 = CARTESIAN_POINT('',(3.1,1.52,2.6151));
#5071 = VECTOR('',#5072,1.);
#5072 = DIRECTION('',(-1.,-0.,-0.));
#5073 = ORIENTED_EDGE('',*,*,#4325,.T.);
#5074 = ORIENTED_EDGE('',*,*,#3301,.F.);
#5075 = ORIENTED_EDGE('',*,*,#4228,.F.);
#5076 = PLANE('',#5077);
#5077 = AXIS2_PLACEMENT_3D('',#5078,#5079,#5080);
#5078 = CARTESIAN_POINT('',(3.1,1.52,2.6151));
#5079 = DIRECTION('',(0.,-1.,0.));
#5080 = DIRECTION('',(0.,0.,-1.));
#5081 = ADVANCED_FACE('',(#5082),#5093,.F.);
#5082 = FACE_BOUND('',#5083,.F.);
#5083 = EDGE_LOOP('',(#5084,#5090,#5091,#5092));
#5084 = ORIENTED_EDGE('',*,*,#5085,.T.);
#5085 = EDGE_CURVE('',#4056,#4153,#5086,.T.);
#5086 = LINE('',#5087,#5088);
#5087 = CARTESIAN_POINT('',(0.6,1.52,2.6151));
#5088 = VECTOR('',#5089,1.);
#5089 = DIRECTION('',(-1.,-0.,-0.));
#5090 = ORIENTED_EDGE('',*,*,#4160,.T.);
#5091 = ORIENTED_EDGE('',*,*,#3278,.F.);
#5092 = ORIENTED_EDGE('',*,*,#4063,.F.);
#5093 = PLANE('',#5094);
#5094 = AXIS2_PLACEMENT_3D('',#5095,#5096,#5097);
#5095 = CARTESIAN_POINT('',(0.6,1.52,2.6151));
#5096 = DIRECTION('',(0.,-1.,0.));
#5097 = DIRECTION('',(0.,0.,-1.));
#5098 = ADVANCED_FACE('',(#5099),#5105,.T.);
#5099 = FACE_BOUND('',#5100,.T.);
#5100 = EDGE_LOOP('',(#5101,#5102,#5103,#5104));
#5101 = ORIENTED_EDGE('',*,*,#3584,.T.);
#5102 = ORIENTED_EDGE('',*,*,#3812,.T.);
#5103 = ORIENTED_EDGE('',*,*,#3255,.F.);
#5104 = ORIENTED_EDGE('',*,*,#3559,.F.);
#5105 = PLANE('',#5106);
#5106 = AXIS2_PLACEMENT_3D('',#5107,#5108,#5109);
#5107 = CARTESIAN_POINT('',(16.6,0.57,2.7));
#5108 = DIRECTION('',(0.,-0.866025403784,-0.5));
#5109 = DIRECTION('',(0.,0.5,-0.866025403784));
#5110 = ADVANCED_FACE('',(#5111),#5127,.F.);
#5111 = FACE_BOUND('',#5112,.F.);
#5112 = EDGE_LOOP('',(#5113,#5119,#5120,#5126));
#5113 = ORIENTED_EDGE('',*,*,#5114,.F.);
#5114 = EDGE_CURVE('',#4101,#3594,#5115,.T.);
#5115 = LINE('',#5116,#5117);
#5116 = CARTESIAN_POINT('',(0.4,-0.4,3.45));
#5117 = VECTOR('',#5118,1.);
#5118 = DIRECTION('',(0.,0.,-1.));
#5119 = ORIENTED_EDGE('',*,*,#4100,.T.);
#5120 = ORIENTED_EDGE('',*,*,#5121,.T.);
#5121 = EDGE_CURVE('',#4103,#3596,#5122,.T.);
#5122 = LINE('',#5123,#5124);
#5123 = CARTESIAN_POINT('',(-0.4,-0.4,3.45));
#5124 = VECTOR('',#5125,1.);
#5125 = DIRECTION('',(0.,0.,-1.));
#5126 = ORIENTED_EDGE('',*,*,#3593,.F.);
#5127 = PLANE('',#5128);
#5128 = AXIS2_PLACEMENT_3D('',#5129,#5130,#5131);
#5129 = CARTESIAN_POINT('',(0.4,-0.4,3.45));
#5130 = DIRECTION('',(0.,-1.,0.));
#5131 = DIRECTION('',(0.,0.,-1.));
#5132 = ADVANCED_FACE('',(#5133),#5144,.F.);
#5133 = FACE_BOUND('',#5134,.F.);
#5134 = EDGE_LOOP('',(#5135,#5136,#5137,#5138));
#5135 = ORIENTED_EDGE('',*,*,#4110,.T.);
#5136 = ORIENTED_EDGE('',*,*,#5114,.T.);
#5137 = ORIENTED_EDGE('',*,*,#3603,.F.);
#5138 = ORIENTED_EDGE('',*,*,#5139,.T.);
#5139 = EDGE_CURVE('',#3604,#4111,#5140,.T.);
#5140 = LINE('',#5141,#5142);
#5141 = CARTESIAN_POINT('',(0.4,0.4,2.45));
#5142 = VECTOR('',#5143,1.);
#5143 = DIRECTION('',(0.,0.,1.));
#5144 = PLANE('',#5145);
#5145 = AXIS2_PLACEMENT_3D('',#5146,#5147,#5148);
#5146 = CARTESIAN_POINT('',(0.4,0.,2.95));
#5147 = DIRECTION('',(1.,0.,0.));
#5148 = DIRECTION('',(0.,0.,1.));
#5149 = ADVANCED_FACE('',(#5150),#5161,.T.);
#5150 = FACE_BOUND('',#5151,.T.);
#5151 = EDGE_LOOP('',(#5152,#5153,#5154,#5155));
#5152 = ORIENTED_EDGE('',*,*,#4126,.T.);
#5153 = ORIENTED_EDGE('',*,*,#5121,.T.);
#5154 = ORIENTED_EDGE('',*,*,#3619,.F.);
#5155 = ORIENTED_EDGE('',*,*,#5156,.T.);
#5156 = EDGE_CURVE('',#3612,#4119,#5157,.T.);
#5157 = LINE('',#5158,#5159);
#5158 = CARTESIAN_POINT('',(-0.4,0.4,2.45));
#5159 = VECTOR('',#5160,1.);
#5160 = DIRECTION('',(0.,0.,1.));
#5161 = PLANE('',#5162);
#5162 = AXIS2_PLACEMENT_3D('',#5163,#5164,#5165);
#5163 = CARTESIAN_POINT('',(-0.4,0.,2.95));
#5164 = DIRECTION('',(1.,0.,0.));
#5165 = DIRECTION('',(0.,0.,1.));
#5166 = ADVANCED_FACE('',(#5167),#5173,.F.);
#5167 = FACE_BOUND('',#5168,.F.);
#5168 = EDGE_LOOP('',(#5169,#5170,#5171,#5172));
#5169 = ORIENTED_EDGE('',*,*,#5139,.F.);
#5170 = ORIENTED_EDGE('',*,*,#3611,.F.);
#5171 = ORIENTED_EDGE('',*,*,#5156,.T.);
#5172 = ORIENTED_EDGE('',*,*,#4118,.F.);
#5173 = PLANE('',#5174);
#5174 = AXIS2_PLACEMENT_3D('',#5175,#5176,#5177);
#5175 = CARTESIAN_POINT('',(0.4,0.4,2.45));
#5176 = DIRECTION('',(0.,1.,0.));
#5177 = DIRECTION('',(0.,0.,1.));
#5178 = ADVANCED_FACE('',(#5179),#5195,.F.);
#5179 = FACE_BOUND('',#5180,.F.);
#5180 = EDGE_LOOP('',(#5181,#5187,#5188,#5194));
#5181 = ORIENTED_EDGE('',*,*,#5182,.F.);
#5182 = EDGE_CURVE('',#4266,#3628,#5183,.T.);
#5183 = LINE('',#5184,#5185);
#5184 = CARTESIAN_POINT('',(2.9,-0.4,3.45));
#5185 = VECTOR('',#5186,1.);
#5186 = DIRECTION('',(0.,0.,-1.));
#5187 = ORIENTED_EDGE('',*,*,#4265,.T.);
#5188 = ORIENTED_EDGE('',*,*,#5189,.T.);
#5189 = EDGE_CURVE('',#4268,#3630,#5190,.T.);
#5190 = LINE('',#5191,#5192);
#5191 = CARTESIAN_POINT('',(2.1,-0.4,3.45));
#5192 = VECTOR('',#5193,1.);
#5193 = DIRECTION('',(0.,0.,-1.));
#5194 = ORIENTED_EDGE('',*,*,#3627,.F.);
#5195 = PLANE('',#5196);
#5196 = AXIS2_PLACEMENT_3D('',#5197,#5198,#5199);
#5197 = CARTESIAN_POINT('',(2.9,-0.4,3.45));
#5198 = DIRECTION('',(0.,-1.,0.));
#5199 = DIRECTION('',(0.,0.,-1.));
#5200 = ADVANCED_FACE('',(#5201),#5212,.T.);
#5201 = FACE_BOUND('',#5202,.T.);
#5202 = EDGE_LOOP('',(#5203,#5204,#5205,#5206));
#5203 = ORIENTED_EDGE('',*,*,#4291,.T.);
#5204 = ORIENTED_EDGE('',*,*,#5189,.T.);
#5205 = ORIENTED_EDGE('',*,*,#3653,.F.);
#5206 = ORIENTED_EDGE('',*,*,#5207,.T.);
#5207 = EDGE_CURVE('',#3646,#4284,#5208,.T.);
#5208 = LINE('',#5209,#5210);
#5209 = CARTESIAN_POINT('',(2.1,0.4,2.45));
#5210 = VECTOR('',#5211,1.);
#5211 = DIRECTION('',(0.,0.,1.));
#5212 = PLANE('',#5213);
#5213 = AXIS2_PLACEMENT_3D('',#5214,#5215,#5216);
#5214 = CARTESIAN_POINT('',(2.1,0.,2.95));
#5215 = DIRECTION('',(1.,0.,0.));
#5216 = DIRECTION('',(0.,0.,1.));
#5217 = ADVANCED_FACE('',(#5218),#5229,.F.);
#5218 = FACE_BOUND('',#5219,.F.);
#5219 = EDGE_LOOP('',(#5220,#5226,#5227,#5228));
#5220 = ORIENTED_EDGE('',*,*,#5221,.F.);
#5221 = EDGE_CURVE('',#3638,#4276,#5222,.T.);
#5222 = LINE('',#5223,#5224);
#5223 = CARTESIAN_POINT('',(2.9,0.4,2.45));
#5224 = VECTOR('',#5225,1.);
#5225 = DIRECTION('',(0.,0.,1.));
#5226 = ORIENTED_EDGE('',*,*,#3645,.F.);
#5227 = ORIENTED_EDGE('',*,*,#5207,.T.);
#5228 = ORIENTED_EDGE('',*,*,#4283,.F.);
#5229 = PLANE('',#5230);
#5230 = AXIS2_PLACEMENT_3D('',#5231,#5232,#5233);
#5231 = CARTESIAN_POINT('',(2.9,0.4,2.45));
#5232 = DIRECTION('',(0.,1.,0.));
#5233 = DIRECTION('',(0.,0.,1.));
#5234 = ADVANCED_FACE('',(#5235),#5241,.F.);
#5235 = FACE_BOUND('',#5236,.F.);
#5236 = EDGE_LOOP('',(#5237,#5238,#5239,#5240));
#5237 = ORIENTED_EDGE('',*,*,#4275,.T.);
#5238 = ORIENTED_EDGE('',*,*,#5182,.T.);
#5239 = ORIENTED_EDGE('',*,*,#3637,.F.);
#5240 = ORIENTED_EDGE('',*,*,#5221,.T.);
#5241 = PLANE('',#5242);
#5242 = AXIS2_PLACEMENT_3D('',#5243,#5244,#5245);
#5243 = CARTESIAN_POINT('',(2.9,0.,2.95));
#5244 = DIRECTION('',(1.,0.,0.));
#5245 = DIRECTION('',(0.,0.,1.));
#5246 = ADVANCED_FACE('',(#5247),#5263,.F.);
#5247 = FACE_BOUND('',#5248,.F.);
#5248 = EDGE_LOOP('',(#5249,#5255,#5256,#5262));
#5249 = ORIENTED_EDGE('',*,*,#5250,.F.);
#5250 = EDGE_CURVE('',#4431,#3662,#5251,.T.);
#5251 = LINE('',#5252,#5253);
#5252 = CARTESIAN_POINT('',(5.4,-0.4,3.45));
#5253 = VECTOR('',#5254,1.);
#5254 = DIRECTION('',(0.,0.,-1.));
#5255 = ORIENTED_EDGE('',*,*,#4430,.T.);
#5256 = ORIENTED_EDGE('',*,*,#5257,.T.);
#5257 = EDGE_CURVE('',#4433,#3664,#5258,.T.);
#5258 = LINE('',#5259,#5260);
#5259 = CARTESIAN_POINT('',(4.6,-0.4,3.45));
#5260 = VECTOR('',#5261,1.);
#5261 = DIRECTION('',(0.,0.,-1.));
#5262 = ORIENTED_EDGE('',*,*,#3661,.F.);
#5263 = PLANE('',#5264);
#5264 = AXIS2_PLACEMENT_3D('',#5265,#5266,#5267);
#5265 = CARTESIAN_POINT('',(5.4,-0.4,3.45));
#5266 = DIRECTION('',(0.,-1.,0.));
#5267 = DIRECTION('',(0.,0.,-1.));
#5268 = ADVANCED_FACE('',(#5269),#5280,.T.);
#5269 = FACE_BOUND('',#5270,.T.);
#5270 = EDGE_LOOP('',(#5271,#5272,#5273,#5274));
#5271 = ORIENTED_EDGE('',*,*,#4456,.T.);
#5272 = ORIENTED_EDGE('',*,*,#5257,.T.);
#5273 = ORIENTED_EDGE('',*,*,#3687,.F.);
#5274 = ORIENTED_EDGE('',*,*,#5275,.T.);
#5275 = EDGE_CURVE('',#3680,#4449,#5276,.T.);
#5276 = LINE('',#5277,#5278);
#5277 = CARTESIAN_POINT('',(4.6,0.4,2.45));
#5278 = VECTOR('',#5279,1.);
#5279 = DIRECTION('',(0.,0.,1.));
#5280 = PLANE('',#5281);
#5281 = AXIS2_PLACEMENT_3D('',#5282,#5283,#5284);
#5282 = CARTESIAN_POINT('',(4.6,0.,2.95));
#5283 = DIRECTION('',(1.,0.,0.));
#5284 = DIRECTION('',(0.,0.,1.));
#5285 = ADVANCED_FACE('',(#5286),#5297,.F.);
#5286 = FACE_BOUND('',#5287,.F.);
#5287 = EDGE_LOOP('',(#5288,#5294,#5295,#5296));
#5288 = ORIENTED_EDGE('',*,*,#5289,.F.);
#5289 = EDGE_CURVE('',#3672,#4441,#5290,.T.);
#5290 = LINE('',#5291,#5292);
#5291 = CARTESIAN_POINT('',(5.4,0.4,2.45));
#5292 = VECTOR('',#5293,1.);
#5293 = DIRECTION('',(0.,0.,1.));
#5294 = ORIENTED_EDGE('',*,*,#3679,.F.);
#5295 = ORIENTED_EDGE('',*,*,#5275,.T.);
#5296 = ORIENTED_EDGE('',*,*,#4448,.F.);
#5297 = PLANE('',#5298);
#5298 = AXIS2_PLACEMENT_3D('',#5299,#5300,#5301);
#5299 = CARTESIAN_POINT('',(5.4,0.4,2.45));
#5300 = DIRECTION('',(0.,1.,0.));
#5301 = DIRECTION('',(0.,0.,1.));
#5302 = ADVANCED_FACE('',(#5303),#5309,.F.);
#5303 = FACE_BOUND('',#5304,.F.);
#5304 = EDGE_LOOP('',(#5305,#5306,#5307,#5308));
#5305 = ORIENTED_EDGE('',*,*,#4440,.T.);
#5306 = ORIENTED_EDGE('',*,*,#5250,.T.);
#5307 = ORIENTED_EDGE('',*,*,#3671,.F.);
#5308 = ORIENTED_EDGE('',*,*,#5289,.T.);
#5309 = PLANE('',#5310);
#5310 = AXIS2_PLACEMENT_3D('',#5311,#5312,#5313);
#5311 = CARTESIAN_POINT('',(5.4,0.,2.95));
#5312 = DIRECTION('',(1.,0.,0.));
#5313 = DIRECTION('',(0.,0.,1.));
#5314 = ADVANCED_FACE('',(#5315),#5331,.F.);
#5315 = FACE_BOUND('',#5316,.F.);
#5316 = EDGE_LOOP('',(#5317,#5323,#5324,#5330));
#5317 = ORIENTED_EDGE('',*,*,#5318,.F.);
#5318 = EDGE_CURVE('',#4596,#3696,#5319,.T.);
#5319 = LINE('',#5320,#5321);
#5320 = CARTESIAN_POINT('',(7.9,-0.4,3.45));
#5321 = VECTOR('',#5322,1.);
#5322 = DIRECTION('',(0.,0.,-1.));
#5323 = ORIENTED_EDGE('',*,*,#4595,.T.);
#5324 = ORIENTED_EDGE('',*,*,#5325,.T.);
#5325 = EDGE_CURVE('',#4598,#3698,#5326,.T.);
#5326 = LINE('',#5327,#5328);
#5327 = CARTESIAN_POINT('',(7.1,-0.4,3.45));
#5328 = VECTOR('',#5329,1.);
#5329 = DIRECTION('',(0.,0.,-1.));
#5330 = ORIENTED_EDGE('',*,*,#3695,.F.);
#5331 = PLANE('',#5332);
#5332 = AXIS2_PLACEMENT_3D('',#5333,#5334,#5335);
#5333 = CARTESIAN_POINT('',(7.9,-0.4,3.45));
#5334 = DIRECTION('',(0.,-1.,0.));
#5335 = DIRECTION('',(0.,0.,-1.));
#5336 = ADVANCED_FACE('',(#5337),#5348,.T.);
#5337 = FACE_BOUND('',#5338,.T.);
#5338 = EDGE_LOOP('',(#5339,#5340,#5341,#5342));
#5339 = ORIENTED_EDGE('',*,*,#4621,.T.);
#5340 = ORIENTED_EDGE('',*,*,#5325,.T.);
#5341 = ORIENTED_EDGE('',*,*,#3721,.F.);
#5342 = ORIENTED_EDGE('',*,*,#5343,.T.);
#5343 = EDGE_CURVE('',#3714,#4614,#5344,.T.);
#5344 = LINE('',#5345,#5346);
#5345 = CARTESIAN_POINT('',(7.1,0.4,2.45));
#5346 = VECTOR('',#5347,1.);
#5347 = DIRECTION('',(0.,0.,1.));
#5348 = PLANE('',#5349);
#5349 = AXIS2_PLACEMENT_3D('',#5350,#5351,#5352);
#5350 = CARTESIAN_POINT('',(7.1,0.,2.95));
#5351 = DIRECTION('',(1.,0.,0.));
#5352 = DIRECTION('',(0.,0.,1.));
#5353 = ADVANCED_FACE('',(#5354),#5365,.F.);
#5354 = FACE_BOUND('',#5355,.F.);
#5355 = EDGE_LOOP('',(#5356,#5362,#5363,#5364));
#5356 = ORIENTED_EDGE('',*,*,#5357,.F.);
#5357 = EDGE_CURVE('',#3706,#4606,#5358,.T.);
#5358 = LINE('',#5359,#5360);
#5359 = CARTESIAN_POINT('',(7.9,0.4,2.45));
#5360 = VECTOR('',#5361,1.);
#5361 = DIRECTION('',(0.,0.,1.));
#5362 = ORIENTED_EDGE('',*,*,#3713,.F.);
#5363 = ORIENTED_EDGE('',*,*,#5343,.T.);
#5364 = ORIENTED_EDGE('',*,*,#4613,.F.);
#5365 = PLANE('',#5366);
#5366 = AXIS2_PLACEMENT_3D('',#5367,#5368,#5369);
#5367 = CARTESIAN_POINT('',(7.9,0.4,2.45));
#5368 = DIRECTION('',(0.,1.,0.));
#5369 = DIRECTION('',(0.,0.,1.));
#5370 = ADVANCED_FACE('',(#5371),#5377,.F.);
#5371 = FACE_BOUND('',#5372,.F.);
#5372 = EDGE_LOOP('',(#5373,#5374,#5375,#5376));
#5373 = ORIENTED_EDGE('',*,*,#4605,.T.);
#5374 = ORIENTED_EDGE('',*,*,#5318,.T.);
#5375 = ORIENTED_EDGE('',*,*,#3705,.F.);
#5376 = ORIENTED_EDGE('',*,*,#5357,.T.);
#5377 = PLANE('',#5378);
#5378 = AXIS2_PLACEMENT_3D('',#5379,#5380,#5381);
#5379 = CARTESIAN_POINT('',(7.9,0.,2.95));
#5380 = DIRECTION('',(1.,0.,0.));
#5381 = DIRECTION('',(0.,0.,1.));
#5382 = ADVANCED_FACE('',(#5383),#5399,.F.);
#5383 = FACE_BOUND('',#5384,.F.);
#5384 = EDGE_LOOP('',(#5385,#5391,#5392,#5398));
#5385 = ORIENTED_EDGE('',*,*,#5386,.F.);
#5386 = EDGE_CURVE('',#4761,#3730,#5387,.T.);
#5387 = LINE('',#5388,#5389);
#5388 = CARTESIAN_POINT('',(10.4,-0.4,3.45));
#5389 = VECTOR('',#5390,1.);
#5390 = DIRECTION('',(0.,0.,-1.));
#5391 = ORIENTED_EDGE('',*,*,#4760,.T.);
#5392 = ORIENTED_EDGE('',*,*,#5393,.T.);
#5393 = EDGE_CURVE('',#4763,#3732,#5394,.T.);
#5394 = LINE('',#5395,#5396);
#5395 = CARTESIAN_POINT('',(9.6,-0.4,3.45));
#5396 = VECTOR('',#5397,1.);
#5397 = DIRECTION('',(0.,0.,-1.));
#5398 = ORIENTED_EDGE('',*,*,#3729,.F.);
#5399 = PLANE('',#5400);
#5400 = AXIS2_PLACEMENT_3D('',#5401,#5402,#5403);
#5401 = CARTESIAN_POINT('',(10.4,-0.4,3.45));
#5402 = DIRECTION('',(0.,-1.,0.));
#5403 = DIRECTION('',(0.,0.,-1.));
#5404 = ADVANCED_FACE('',(#5405),#5416,.T.);
#5405 = FACE_BOUND('',#5406,.T.);
#5406 = EDGE_LOOP('',(#5407,#5408,#5409,#5410));
#5407 = ORIENTED_EDGE('',*,*,#4786,.T.);
#5408 = ORIENTED_EDGE('',*,*,#5393,.T.);
#5409 = ORIENTED_EDGE('',*,*,#3755,.F.);
#5410 = ORIENTED_EDGE('',*,*,#5411,.T.);
#5411 = EDGE_CURVE('',#3748,#4779,#5412,.T.);
#5412 = LINE('',#5413,#5414);
#5413 = CARTESIAN_POINT('',(9.6,0.4,2.45));
#5414 = VECTOR('',#5415,1.);
#5415 = DIRECTION('',(0.,0.,1.));
#5416 = PLANE('',#5417);
#5417 = AXIS2_PLACEMENT_3D('',#5418,#5419,#5420);
#5418 = CARTESIAN_POINT('',(9.6,0.,2.95));
#5419 = DIRECTION('',(1.,0.,0.));
#5420 = DIRECTION('',(0.,0.,1.));
#5421 = ADVANCED_FACE('',(#5422),#5433,.F.);
#5422 = FACE_BOUND('',#5423,.F.);
#5423 = EDGE_LOOP('',(#5424,#5430,#5431,#5432));
#5424 = ORIENTED_EDGE('',*,*,#5425,.F.);
#5425 = EDGE_CURVE('',#3740,#4771,#5426,.T.);
#5426 = LINE('',#5427,#5428);
#5427 = CARTESIAN_POINT('',(10.4,0.4,2.45));
#5428 = VECTOR('',#5429,1.);
#5429 = DIRECTION('',(0.,0.,1.));
#5430 = ORIENTED_EDGE('',*,*,#3747,.F.);
#5431 = ORIENTED_EDGE('',*,*,#5411,.T.);
#5432 = ORIENTED_EDGE('',*,*,#4778,.F.);
#5433 = PLANE('',#5434);
#5434 = AXIS2_PLACEMENT_3D('',#5435,#5436,#5437);
#5435 = CARTESIAN_POINT('',(10.4,0.4,2.45));
#5436 = DIRECTION('',(0.,1.,0.));
#5437 = DIRECTION('',(0.,0.,1.));
#5438 = ADVANCED_FACE('',(#5439),#5445,.F.);
#5439 = FACE_BOUND('',#5440,.F.);
#5440 = EDGE_LOOP('',(#5441,#5442,#5443,#5444));
#5441 = ORIENTED_EDGE('',*,*,#4770,.T.);
#5442 = ORIENTED_EDGE('',*,*,#5386,.T.);
#5443 = ORIENTED_EDGE('',*,*,#3739,.F.);
#5444 = ORIENTED_EDGE('',*,*,#5425,.T.);
#5445 = PLANE('',#5446);
#5446 = AXIS2_PLACEMENT_3D('',#5447,#5448,#5449);
#5447 = CARTESIAN_POINT('',(10.4,0.,2.95));
#5448 = DIRECTION('',(1.,0.,0.));
#5449 = DIRECTION('',(0.,0.,1.));
#5450 = ADVANCED_FACE('',(#5451),#5467,.F.);
#5451 = FACE_BOUND('',#5452,.F.);
#5452 = EDGE_LOOP('',(#5453,#5459,#5460,#5466));
#5453 = ORIENTED_EDGE('',*,*,#5454,.F.);
#5454 = EDGE_CURVE('',#4926,#3764,#5455,.T.);
#5455 = LINE('',#5456,#5457);
#5456 = CARTESIAN_POINT('',(12.9,-0.4,3.45));
#5457 = VECTOR('',#5458,1.);
#5458 = DIRECTION('',(0.,0.,-1.));
#5459 = ORIENTED_EDGE('',*,*,#4925,.T.);
#5460 = ORIENTED_EDGE('',*,*,#5461,.T.);
#5461 = EDGE_CURVE('',#4928,#3766,#5462,.T.);
#5462 = LINE('',#5463,#5464);
#5463 = CARTESIAN_POINT('',(12.1,-0.4,3.45));
#5464 = VECTOR('',#5465,1.);
#5465 = DIRECTION('',(0.,0.,-1.));
#5466 = ORIENTED_EDGE('',*,*,#3763,.F.);
#5467 = PLANE('',#5468);
#5468 = AXIS2_PLACEMENT_3D('',#5469,#5470,#5471);
#5469 = CARTESIAN_POINT('',(12.9,-0.4,3.45));
#5470 = DIRECTION('',(0.,-1.,0.));
#5471 = DIRECTION('',(0.,0.,-1.));
#5472 = ADVANCED_FACE('',(#5473),#5484,.T.);
#5473 = FACE_BOUND('',#5474,.T.);
#5474 = EDGE_LOOP('',(#5475,#5476,#5477,#5478));
#5475 = ORIENTED_EDGE('',*,*,#4951,.T.);
#5476 = ORIENTED_EDGE('',*,*,#5461,.T.);
#5477 = ORIENTED_EDGE('',*,*,#3789,.F.);
#5478 = ORIENTED_EDGE('',*,*,#5479,.T.);
#5479 = EDGE_CURVE('',#3782,#4944,#5480,.T.);
#5480 = LINE('',#5481,#5482);
#5481 = CARTESIAN_POINT('',(12.1,0.4,2.45));
#5482 = VECTOR('',#5483,1.);
#5483 = DIRECTION('',(0.,0.,1.));
#5484 = PLANE('',#5485);
#5485 = AXIS2_PLACEMENT_3D('',#5486,#5487,#5488);
#5486 = CARTESIAN_POINT('',(12.1,0.,2.95));
#5487 = DIRECTION('',(1.,0.,0.));
#5488 = DIRECTION('',(0.,0.,1.));
#5489 = ADVANCED_FACE('',(#5490),#5501,.F.);
#5490 = FACE_BOUND('',#5491,.F.);
#5491 = EDGE_LOOP('',(#5492,#5498,#5499,#5500));
#5492 = ORIENTED_EDGE('',*,*,#5493,.F.);
#5493 = EDGE_CURVE('',#3774,#4936,#5494,.T.);
#5494 = LINE('',#5495,#5496);
#5495 = CARTESIAN_POINT('',(12.9,0.4,2.45));
#5496 = VECTOR('',#5497,1.);
#5497 = DIRECTION('',(0.,0.,1.));
#5498 = ORIENTED_EDGE('',*,*,#3781,.F.);
#5499 = ORIENTED_EDGE('',*,*,#5479,.T.);
#5500 = ORIENTED_EDGE('',*,*,#4943,.F.);
#5501 = PLANE('',#5502);
#5502 = AXIS2_PLACEMENT_3D('',#5503,#5504,#5505);
#5503 = CARTESIAN_POINT('',(12.9,0.4,2.45));
#5504 = DIRECTION('',(0.,1.,0.));
#5505 = DIRECTION('',(0.,0.,1.));
#5506 = ADVANCED_FACE('',(#5507),#5513,.F.);
#5507 = FACE_BOUND('',#5508,.F.);
#5508 = EDGE_LOOP('',(#5509,#5510,#5511,#5512));
#5509 = ORIENTED_EDGE('',*,*,#4935,.T.);
#5510 = ORIENTED_EDGE('',*,*,#5454,.T.);
#5511 = ORIENTED_EDGE('',*,*,#3773,.F.);
#5512 = ORIENTED_EDGE('',*,*,#5493,.T.);
#5513 = PLANE('',#5514);
#5514 = AXIS2_PLACEMENT_3D('',#5515,#5516,#5517);
#5515 = CARTESIAN_POINT('',(12.9,0.,2.95));
#5516 = DIRECTION('',(1.,0.,0.));
#5517 = DIRECTION('',(0.,0.,1.));
#5518 = ADVANCED_FACE('',(#5519),#5530,.F.);
#5519 = FACE_BOUND('',#5520,.F.);
#5520 = EDGE_LOOP('',(#5521,#5522,#5523,#5529));
#5521 = ORIENTED_EDGE('',*,*,#4090,.T.);
#5522 = ORIENTED_EDGE('',*,*,#4144,.T.);
#5523 = ORIENTED_EDGE('',*,*,#5524,.F.);
#5524 = EDGE_CURVE('',#4048,#4145,#5525,.T.);
#5525 = LINE('',#5526,#5527);
#5526 = CARTESIAN_POINT('',(0.6,1.044,2.6151));
#5527 = VECTOR('',#5528,1.);
#5528 = DIRECTION('',(-1.,-0.,-0.));
#5529 = ORIENTED_EDGE('',*,*,#4047,.F.);
#5530 = PLANE('',#5531);
#5531 = AXIS2_PLACEMENT_3D('',#5532,#5533,#5534);
#5532 = CARTESIAN_POINT('',(0.6,0.5468198,3.45));
#5533 = DIRECTION('',(0.,-0.859195209828,-0.511647917429));
#5534 = DIRECTION('',(0.,0.511647917429,-0.859195209828));
#5535 = ADVANCED_FACE('',(#5536),#5542,.F.);
#5536 = FACE_BOUND('',#5537,.F.);
#5537 = EDGE_LOOP('',(#5538,#5539,#5540,#5541));
#5538 = ORIENTED_EDGE('',*,*,#5524,.T.);
#5539 = ORIENTED_EDGE('',*,*,#4152,.T.);
#5540 = ORIENTED_EDGE('',*,*,#5085,.F.);
#5541 = ORIENTED_EDGE('',*,*,#4055,.F.);
#5542 = PLANE('',#5543);
#5543 = AXIS2_PLACEMENT_3D('',#5544,#5545,#5546);
#5544 = CARTESIAN_POINT('',(0.6,1.044,2.6151));
#5545 = DIRECTION('',(0.,0.,-1.));
#5546 = DIRECTION('',(0.,1.,0.));
#5547 = ADVANCED_FACE('',(#5548),#5559,.F.);
#5548 = FACE_BOUND('',#5549,.F.);
#5549 = EDGE_LOOP('',(#5550,#5551,#5552,#5558));
#5550 = ORIENTED_EDGE('',*,*,#4255,.T.);
#5551 = ORIENTED_EDGE('',*,*,#4309,.T.);
#5552 = ORIENTED_EDGE('',*,*,#5553,.F.);
#5553 = EDGE_CURVE('',#4213,#4310,#5554,.T.);
#5554 = LINE('',#5555,#5556);
#5555 = CARTESIAN_POINT('',(3.1,1.044,2.6151));
#5556 = VECTOR('',#5557,1.);
#5557 = DIRECTION('',(-1.,-0.,-0.));
#5558 = ORIENTED_EDGE('',*,*,#4212,.F.);
#5559 = PLANE('',#5560);
#5560 = AXIS2_PLACEMENT_3D('',#5561,#5562,#5563);
#5561 = CARTESIAN_POINT('',(3.1,0.5468198,3.45));
#5562 = DIRECTION('',(0.,-0.859195209828,-0.511647917429));
#5563 = DIRECTION('',(0.,0.511647917429,-0.859195209828));
#5564 = ADVANCED_FACE('',(#5565),#5571,.F.);
#5565 = FACE_BOUND('',#5566,.F.);
#5566 = EDGE_LOOP('',(#5567,#5568,#5569,#5570));
#5567 = ORIENTED_EDGE('',*,*,#5553,.T.);
#5568 = ORIENTED_EDGE('',*,*,#4317,.T.);
#5569 = ORIENTED_EDGE('',*,*,#5068,.F.);
#5570 = ORIENTED_EDGE('',*,*,#4220,.F.);
#5571 = PLANE('',#5572);
#5572 = AXIS2_PLACEMENT_3D('',#5573,#5574,#5575);
#5573 = CARTESIAN_POINT('',(3.1,1.044,2.6151));
#5574 = DIRECTION('',(0.,0.,-1.));
#5575 = DIRECTION('',(0.,1.,0.));
#5576 = ADVANCED_FACE('',(#5577),#5588,.F.);
#5577 = FACE_BOUND('',#5578,.F.);
#5578 = EDGE_LOOP('',(#5579,#5580,#5581,#5587));
#5579 = ORIENTED_EDGE('',*,*,#4420,.T.);
#5580 = ORIENTED_EDGE('',*,*,#4474,.T.);
#5581 = ORIENTED_EDGE('',*,*,#5582,.F.);
#5582 = EDGE_CURVE('',#4378,#4475,#5583,.T.);
#5583 = LINE('',#5584,#5585);
#5584 = CARTESIAN_POINT('',(5.6,1.044,2.6151));
#5585 = VECTOR('',#5586,1.);
#5586 = DIRECTION('',(-1.,-0.,-0.));
#5587 = ORIENTED_EDGE('',*,*,#4377,.F.);
#5588 = PLANE('',#5589);
#5589 = AXIS2_PLACEMENT_3D('',#5590,#5591,#5592);
#5590 = CARTESIAN_POINT('',(5.6,0.5468198,3.45));
#5591 = DIRECTION('',(0.,-0.859195209828,-0.511647917429));
#5592 = DIRECTION('',(0.,0.511647917429,-0.859195209828));
#5593 = ADVANCED_FACE('',(#5594),#5600,.F.);
#5594 = FACE_BOUND('',#5595,.F.);
#5595 = EDGE_LOOP('',(#5596,#5597,#5598,#5599));
#5596 = ORIENTED_EDGE('',*,*,#5582,.T.);
#5597 = ORIENTED_EDGE('',*,*,#4482,.T.);
#5598 = ORIENTED_EDGE('',*,*,#5051,.F.);
#5599 = ORIENTED_EDGE('',*,*,#4385,.F.);
#5600 = PLANE('',#5601);
#5601 = AXIS2_PLACEMENT_3D('',#5602,#5603,#5604);
#5602 = CARTESIAN_POINT('',(5.6,1.044,2.6151));
#5603 = DIRECTION('',(0.,0.,-1.));
#5604 = DIRECTION('',(0.,1.,0.));
#5605 = ADVANCED_FACE('',(#5606),#5617,.F.);
#5606 = FACE_BOUND('',#5607,.F.);
#5607 = EDGE_LOOP('',(#5608,#5609,#5610,#5616));
#5608 = ORIENTED_EDGE('',*,*,#4585,.T.);
#5609 = ORIENTED_EDGE('',*,*,#4639,.T.);
#5610 = ORIENTED_EDGE('',*,*,#5611,.F.);
#5611 = EDGE_CURVE('',#4543,#4640,#5612,.T.);
#5612 = LINE('',#5613,#5614);
#5613 = CARTESIAN_POINT('',(8.1,1.044,2.6151));
#5614 = VECTOR('',#5615,1.);
#5615 = DIRECTION('',(-1.,-0.,-0.));
#5616 = ORIENTED_EDGE('',*,*,#4542,.F.);
#5617 = PLANE('',#5618);
#5618 = AXIS2_PLACEMENT_3D('',#5619,#5620,#5621);
#5619 = CARTESIAN_POINT('',(8.1,0.5468198,3.45));
#5620 = DIRECTION('',(0.,-0.859195209828,-0.511647917429));
#5621 = DIRECTION('',(0.,0.511647917429,-0.859195209828));
#5622 = ADVANCED_FACE('',(#5623),#5629,.F.);
#5623 = FACE_BOUND('',#5624,.F.);
#5624 = EDGE_LOOP('',(#5625,#5626,#5627,#5628));
#5625 = ORIENTED_EDGE('',*,*,#5611,.T.);
#5626 = ORIENTED_EDGE('',*,*,#4647,.T.);
#5627 = ORIENTED_EDGE('',*,*,#5034,.F.);
#5628 = ORIENTED_EDGE('',*,*,#4550,.F.);
#5629 = PLANE('',#5630);
#5630 = AXIS2_PLACEMENT_3D('',#5631,#5632,#5633);
#5631 = CARTESIAN_POINT('',(8.1,1.044,2.6151));
#5632 = DIRECTION('',(0.,0.,-1.));
#5633 = DIRECTION('',(0.,1.,0.));
#5634 = ADVANCED_FACE('',(#5635),#5646,.F.);
#5635 = FACE_BOUND('',#5636,.F.);
#5636 = EDGE_LOOP('',(#5637,#5638,#5639,#5645));
#5637 = ORIENTED_EDGE('',*,*,#4750,.T.);
#5638 = ORIENTED_EDGE('',*,*,#4804,.T.);
#5639 = ORIENTED_EDGE('',*,*,#5640,.F.);
#5640 = EDGE_CURVE('',#4708,#4805,#5641,.T.);
#5641 = LINE('',#5642,#5643);
#5642 = CARTESIAN_POINT('',(10.6,1.044,2.6151));
#5643 = VECTOR('',#5644,1.);
#5644 = DIRECTION('',(-1.,-0.,-0.));
#5645 = ORIENTED_EDGE('',*,*,#4707,.F.);
#5646 = PLANE('',#5647);
#5647 = AXIS2_PLACEMENT_3D('',#5648,#5649,#5650);
#5648 = CARTESIAN_POINT('',(10.6,0.5468198,3.45));
#5649 = DIRECTION('',(0.,-0.859195209828,-0.511647917429));
#5650 = DIRECTION('',(0.,0.511647917429,-0.859195209828));
#5651 = ADVANCED_FACE('',(#5652),#5658,.F.);
#5652 = FACE_BOUND('',#5653,.F.);
#5653 = EDGE_LOOP('',(#5654,#5655,#5656,#5657));
#5654 = ORIENTED_EDGE('',*,*,#5640,.T.);
#5655 = ORIENTED_EDGE('',*,*,#4812,.T.);
#5656 = ORIENTED_EDGE('',*,*,#5017,.F.);
#5657 = ORIENTED_EDGE('',*,*,#4715,.F.);
#5658 = PLANE('',#5659);
#5659 = AXIS2_PLACEMENT_3D('',#5660,#5661,#5662);
#5660 = CARTESIAN_POINT('',(10.6,1.044,2.6151));
#5661 = DIRECTION('',(0.,0.,-1.));
#5662 = DIRECTION('',(0.,1.,0.));
#5663 = ADVANCED_FACE('',(#5664),#5675,.F.);
#5664 = FACE_BOUND('',#5665,.F.);
#5665 = EDGE_LOOP('',(#5666,#5667,#5668,#5674));
#5666 = ORIENTED_EDGE('',*,*,#4915,.T.);
#5667 = ORIENTED_EDGE('',*,*,#4969,.T.);
#5668 = ORIENTED_EDGE('',*,*,#5669,.F.);
#5669 = EDGE_CURVE('',#4873,#4970,#5670,.T.);
#5670 = LINE('',#5671,#5672);
#5671 = CARTESIAN_POINT('',(13.1,1.044,2.6151));
#5672 = VECTOR('',#5673,1.);
#5673 = DIRECTION('',(-1.,-0.,-0.));
#5674 = ORIENTED_EDGE('',*,*,#4872,.F.);
#5675 = PLANE('',#5676);
#5676 = AXIS2_PLACEMENT_3D('',#5677,#5678,#5679);
#5677 = CARTESIAN_POINT('',(13.1,0.5468198,3.45));
#5678 = DIRECTION('',(0.,-0.859195209828,-0.511647917429));
#5679 = DIRECTION('',(0.,0.511647917429,-0.859195209828));
#5680 = ADVANCED_FACE('',(#5681),#5687,.F.);
#5681 = FACE_BOUND('',#5682,.F.);
#5682 = EDGE_LOOP('',(#5683,#5684,#5685,#5686));
#5683 = ORIENTED_EDGE('',*,*,#5669,.T.);
#5684 = ORIENTED_EDGE('',*,*,#4977,.T.);
#5685 = ORIENTED_EDGE('',*,*,#5000,.F.);
#5686 = ORIENTED_EDGE('',*,*,#4880,.F.);
#5687 = PLANE('',#5688);
#5688 = AXIS2_PLACEMENT_3D('',#5689,#5690,#5691);
#5689 = CARTESIAN_POINT('',(13.1,1.044,2.6151));
#5690 = DIRECTION('',(0.,0.,-1.));
#5691 = DIRECTION('',(0.,1.,0.));
#5692 = ( GEOMETRIC_REPRESENTATION_CONTEXT(3) 
GLOBAL_UNCERTAINTY_ASSIGNED_CONTEXT((#5696)) 
GLOBAL_UNIT_ASSIGNED_CONTEXT((#5693,#5694,#5695)) REPRESENTATION_CONTEXT
('Context #1','3D Context with UNIT and UNCERTAINTY') );
#5693 = ( LENGTH_UNIT() NAMED_UNIT(*) SI_UNIT(.MILLI.,.METRE.) );
#5694 = ( NAMED_UNIT(*) PLANE_ANGLE_UNIT() SI_UNIT($,.RADIAN.) );
#5695 = ( NAMED_UNIT(*) SI_UNIT($,.STERADIAN.) SOLID_ANGLE_UNIT() );
#5696 = UNCERTAINTY_MEASURE_WITH_UNIT(LENGTH_MEASURE(1.E-06),#5693,
  'distance_accuracy_value','confusion accuracy');
#5697 = CONTEXT_DEPENDENT_SHAPE_REPRESENTATION(#5698,#5700);
#5698 = ( REPRESENTATION_RELATIONSHIP('','',#36,#10) 
REPRESENTATION_RELATIONSHIP_WITH_TRANSFORMATION(#5699) 
SHAPE_REPRESENTATION_RELATIONSHIP() );
#5699 = ITEM_DEFINED_TRANSFORMATION('','',#11,#15);
#5700 = PRODUCT_DEFINITION_SHAPE('Placement','Placement of an item',
  #5701);
#5701 = NEXT_ASSEMBLY_USAGE_OCCURRENCE('126','Housing','',#5,#31,$);
#5702 = PRODUCT_RELATED_PRODUCT_CATEGORY('part',$,(#33));
#5703 = SHAPE_DEFINITION_REPRESENTATION(#5704,#5710);
#5704 = PRODUCT_DEFINITION_SHAPE('','',#5705);
#5705 = PRODUCT_DEFINITION('design','',#5706,#5709);
#5706 = PRODUCT_DEFINITION_FORMATION('','',#5707);
#5707 = PRODUCT('female_pin_array','female_pin_array','',(#5708));
#5708 = PRODUCT_CONTEXT('',#2,'mechanical');
#5709 = PRODUCT_DEFINITION_CONTEXT('part definition',#2,'design');
#5710 = SHAPE_REPRESENTATION('',(#11,#5711,#5715,#5719,#5723,#5727,#5731
    ,#5735),#5739);
#5711 = AXIS2_PLACEMENT_3D('',#5712,#5713,#5714);
#5712 = CARTESIAN_POINT('',(0.,0.,0.));
#5713 = DIRECTION('',(0.,0.,1.));
#5714 = DIRECTION('',(-1.,0.,0.));
#5715 = AXIS2_PLACEMENT_3D('',#5716,#5717,#5718);
#5716 = CARTESIAN_POINT('',(2.5,0.,0.));
#5717 = DIRECTION('',(0.,0.,1.));
#5718 = DIRECTION('',(-1.,1.224646799147E-16,0.));
#5719 = AXIS2_PLACEMENT_3D('',#5720,#5721,#5722);
#5720 = CARTESIAN_POINT('',(5.,0.,0.));
#5721 = DIRECTION('',(0.,0.,1.));
#5722 = DIRECTION('',(-1.,1.224646799147E-16,0.));
#5723 = AXIS2_PLACEMENT_3D('',#5724,#5725,#5726);
#5724 = CARTESIAN_POINT('',(7.5,0.,0.));
#5725 = DIRECTION('',(0.,0.,1.));
#5726 = DIRECTION('',(-1.,1.224646799147E-16,0.));
#5727 = AXIS2_PLACEMENT_3D('',#5728,#5729,#5730);
#5728 = CARTESIAN_POINT('',(10.,0.,0.));
#5729 = DIRECTION('',(0.,0.,1.));
#5730 = DIRECTION('',(-1.,1.224646799147E-16,0.));
#5731 = AXIS2_PLACEMENT_3D('',#5732,#5733,#5734);
#5732 = CARTESIAN_POINT('',(12.5,0.,0.));
#5733 = DIRECTION('',(0.,0.,1.));
#5734 = DIRECTION('',(-1.,1.224646799147E-16,0.));
#5735 = AXIS2_PLACEMENT_3D('',#5736,#5737,#5738);
#5736 = CARTESIAN_POINT('',(15.,0.,0.));
#5737 = DIRECTION('',(0.,0.,1.));
#5738 = DIRECTION('',(-1.,1.224646799147E-16,0.));
#5739 = ( GEOMETRIC_REPRESENTATION_CONTEXT(3) 
GLOBAL_UNCERTAINTY_ASSIGNED_CONTEXT((#5743)) 
GLOBAL_UNIT_ASSIGNED_CONTEXT((#5740,#5741,#5742)) REPRESENTATION_CONTEXT
('Context #1','3D Context with UNIT and UNCERTAINTY') );
#5740 = ( LENGTH_UNIT() NAMED_UNIT(*) SI_UNIT(.MILLI.,.METRE.) );
#5741 = ( NAMED_UNIT(*) PLANE_ANGLE_UNIT() SI_UNIT($,.RADIAN.) );
#5742 = ( NAMED_UNIT(*) SI_UNIT($,.STERADIAN.) SOLID_ANGLE_UNIT() );
#5743 = UNCERTAINTY_MEASURE_WITH_UNIT(LENGTH_MEASURE(1.E-07),#5740,
  'distance_accuracy_value','confusion accuracy');
#5744 = CONTEXT_DEPENDENT_SHAPE_REPRESENTATION(#5745,#5747);
#5745 = ( REPRESENTATION_RELATIONSHIP('','',#5710,#10) 
REPRESENTATION_RELATIONSHIP_WITH_TRANSFORMATION(#5746) 
SHAPE_REPRESENTATION_RELATIONSHIP() );
#5746 = ITEM_DEFINED_TRANSFORMATION('','',#11,#19);
#5747 = PRODUCT_DEFINITION_SHAPE('Placement','Placement of an item',
  #5748);
#5748 = NEXT_ASSEMBLY_USAGE_OCCURRENCE('134','female_pin_array','',#5,
  #5705,$);
#5749 = PRODUCT_RELATED_PRODUCT_CATEGORY('part',$,(#5707));
#5750 = SHAPE_DEFINITION_REPRESENTATION(#5751,#5757);
#5751 = PRODUCT_DEFINITION_SHAPE('','',#5752);
#5752 = PRODUCT_DEFINITION('design','',#5753,#5756);
#5753 = PRODUCT_DEFINITION_FORMATION('','',#5754);
#5754 = PRODUCT('modele_pin','modele_pin','',(#5755));
#5755 = PRODUCT_CONTEXT('',#2,'mechanical');
#5756 = PRODUCT_DEFINITION_CONTEXT('part definition',#2,'design');
#5757 = ADVANCED_BREP_SHAPE_REPRESENTATION('',(#11,#5758),#7364);
#5758 = MANIFOLD_SOLID_BREP('',#5759);
#5759 = CLOSED_SHELL('',(#5760,#5832,#5895,#5919,#5936,#5992,#6069,#6086
    ,#6127,#6196,#6225,#6243,#6271,#6320,#6432,#6455,#6591,#6608,#6640,
    #6656,#6678,#6710,#6727,#6750,#6766,#6783,#6800,#6817,#6852,#6869,
    #6886,#6903,#6915,#6932,#6949,#6966,#6983,#6995,#7089,#7116,#7202,
    #7216,#7233,#7250,#7267,#7284,#7301,#7318,#7335,#7352));
#5760 = ADVANCED_FACE('',(#5761),#5827,.T.);
#5761 = FACE_BOUND('',#5762,.T.);
#5762 = EDGE_LOOP('',(#5763,#5773,#5781,#5789,#5797,#5805,#5813,#5821));
#5763 = ORIENTED_EDGE('',*,*,#5764,.F.);
#5764 = EDGE_CURVE('',#5765,#5767,#5769,.T.);
#5765 = VERTEX_POINT('',#5766);
#5766 = CARTESIAN_POINT('',(-0.4,1.666761426375,8.95));
#5767 = VERTEX_POINT('',#5768);
#5768 = CARTESIAN_POINT('',(-0.4,1.666761426375,5.45));
#5769 = LINE('',#5770,#5771);
#5770 = CARTESIAN_POINT('',(-0.4,1.666761426375,9.45));
#5771 = VECTOR('',#5772,1.);
#5772 = DIRECTION('',(0.,0.,-1.));
#5773 = ORIENTED_EDGE('',*,*,#5774,.F.);
#5774 = EDGE_CURVE('',#5775,#5765,#5777,.T.);
#5775 = VERTEX_POINT('',#5776);
#5776 = CARTESIAN_POINT('',(0.4,1.666761426375,8.95));
#5777 = LINE('',#5778,#5779);
#5778 = CARTESIAN_POINT('',(0.4,1.666761426375,8.95));
#5779 = VECTOR('',#5780,1.);
#5780 = DIRECTION('',(-1.,0.,0.));
#5781 = ORIENTED_EDGE('',*,*,#5782,.T.);
#5782 = EDGE_CURVE('',#5775,#5783,#5785,.T.);
#5783 = VERTEX_POINT('',#5784);
#5784 = CARTESIAN_POINT('',(0.4,1.666761426375,5.45));
#5785 = LINE('',#5786,#5787);
#5786 = CARTESIAN_POINT('',(0.4,1.666761426375,9.45));
#5787 = VECTOR('',#5788,1.);
#5788 = DIRECTION('',(0.,0.,-1.));
#5789 = ORIENTED_EDGE('',*,*,#5790,.T.);
#5790 = EDGE_CURVE('',#5783,#5791,#5793,.T.);
#5791 = VERTEX_POINT('',#5792);
#5792 = CARTESIAN_POINT('',(0.32,1.666761426375,5.45));
#5793 = LINE('',#5794,#5795);
#5794 = CARTESIAN_POINT('',(0.4,1.666761426375,5.45));
#5795 = VECTOR('',#5796,1.);
#5796 = DIRECTION('',(-1.,0.,0.));
#5797 = ORIENTED_EDGE('',*,*,#5798,.F.);
#5798 = EDGE_CURVE('',#5799,#5791,#5801,.T.);
#5799 = VERTEX_POINT('',#5800);
#5800 = CARTESIAN_POINT('',(0.32,1.666761426375,4.290239673918));
#5801 = LINE('',#5802,#5803);
#5802 = CARTESIAN_POINT('',(0.32,1.666761426375,3.45));
#5803 = VECTOR('',#5804,1.);
#5804 = DIRECTION('',(0.,0.,1.));
#5805 = ORIENTED_EDGE('',*,*,#5806,.T.);
#5806 = EDGE_CURVE('',#5799,#5807,#5809,.T.);
#5807 = VERTEX_POINT('',#5808);
#5808 = CARTESIAN_POINT('',(-0.32,1.666761426375,4.290239673918));
#5809 = LINE('',#5810,#5811);
#5810 = CARTESIAN_POINT('',(0.36,1.666761426375,4.290239673918));
#5811 = VECTOR('',#5812,1.);
#5812 = DIRECTION('',(-1.,0.,0.));
#5813 = ORIENTED_EDGE('',*,*,#5814,.T.);
#5814 = EDGE_CURVE('',#5807,#5815,#5817,.T.);
#5815 = VERTEX_POINT('',#5816);
#5816 = CARTESIAN_POINT('',(-0.32,1.666761426375,5.45));
#5817 = LINE('',#5818,#5819);
#5818 = CARTESIAN_POINT('',(-0.32,1.666761426375,3.45));
#5819 = VECTOR('',#5820,1.);
#5820 = DIRECTION('',(0.,0.,1.));
#5821 = ORIENTED_EDGE('',*,*,#5822,.T.);
#5822 = EDGE_CURVE('',#5815,#5767,#5823,.T.);
#5823 = LINE('',#5824,#5825);
#5824 = CARTESIAN_POINT('',(0.4,1.666761426375,5.45));
#5825 = VECTOR('',#5826,1.);
#5826 = DIRECTION('',(-1.,0.,0.));
#5827 = PLANE('',#5828);
#5828 = AXIS2_PLACEMENT_3D('',#5829,#5830,#5831);
#5829 = CARTESIAN_POINT('',(-2.E-17,1.666761426375,6.885687715701));
#5830 = DIRECTION('',(0.,1.,-0.));
#5831 = DIRECTION('',(0.,-0.,-1.));
#5832 = ADVANCED_FACE('',(#5833),#5890,.T.);
#5833 = FACE_BOUND('',#5834,.T.);
#5834 = EDGE_LOOP('',(#5835,#5845,#5851,#5852,#5860,#5868,#5876,#5884));
#5835 = ORIENTED_EDGE('',*,*,#5836,.F.);
#5836 = EDGE_CURVE('',#5837,#5839,#5841,.T.);
#5837 = VERTEX_POINT('',#5838);
#5838 = CARTESIAN_POINT('',(-0.4,1.166761426375,9.45));
#5839 = VERTEX_POINT('',#5840);
#5840 = CARTESIAN_POINT('',(-0.399999999992,1.059064000007,9.45));
#5841 = LINE('',#5842,#5843);
#5842 = CARTESIAN_POINT('',(-0.4,1.40352285275,9.45));
#5843 = VECTOR('',#5844,1.);
#5844 = DIRECTION('',(0.,-1.,0.));
#5845 = ORIENTED_EDGE('',*,*,#5846,.F.);
#5846 = EDGE_CURVE('',#5765,#5837,#5847,.T.);
#5847 = LINE('',#5848,#5849);
#5848 = CARTESIAN_POINT('',(-0.400000000002,1.840799248077,
    8.775962178298));
#5849 = VECTOR('',#5850,1.);
#5850 = DIRECTION('',(7.27868E-12,-0.707106781187,0.707106781187));
#5851 = ORIENTED_EDGE('',*,*,#5764,.T.);
#5852 = ORIENTED_EDGE('',*,*,#5853,.T.);
#5853 = EDGE_CURVE('',#5767,#5854,#5856,.T.);
#5854 = VERTEX_POINT('',#5855);
#5855 = CARTESIAN_POINT('',(-0.4,1.66185757311,5.45));
#5856 = LINE('',#5857,#5858);
#5857 = CARTESIAN_POINT('',(-0.4,1.666761426375,5.45));
#5858 = VECTOR('',#5859,1.);
#5859 = DIRECTION('',(0.,-1.,0.));
#5860 = ORIENTED_EDGE('',*,*,#5861,.T.);
#5861 = EDGE_CURVE('',#5854,#5862,#5864,.T.);
#5862 = VERTEX_POINT('',#5863);
#5863 = CARTESIAN_POINT('',(-0.4,1.40352285275,5.45));
#5864 = LINE('',#5865,#5866);
#5865 = CARTESIAN_POINT('',(-0.4,1.666761426375,5.45));
#5866 = VECTOR('',#5867,1.);
#5867 = DIRECTION('',(0.,-1.,0.));
#5868 = ORIENTED_EDGE('',*,*,#5869,.T.);
#5869 = EDGE_CURVE('',#5862,#5870,#5872,.T.);
#5870 = VERTEX_POINT('',#5871);
#5871 = CARTESIAN_POINT('',(-0.4,1.40352285275,7.45));
#5872 = LINE('',#5873,#5874);
#5873 = CARTESIAN_POINT('',(-0.4,1.40352285275,5.45));
#5874 = VECTOR('',#5875,1.);
#5875 = DIRECTION('',(0.,0.,1.));
#5876 = ORIENTED_EDGE('',*,*,#5877,.T.);
#5877 = EDGE_CURVE('',#5870,#5878,#5880,.T.);
#5878 = VERTEX_POINT('',#5879);
#5879 = CARTESIAN_POINT('',(-0.399999999992,1.059064000007,7.45));
#5880 = LINE('',#5881,#5882);
#5881 = CARTESIAN_POINT('',(-0.4,1.40352285275,7.45));
#5882 = VECTOR('',#5883,1.);
#5883 = DIRECTION('',(0.,-1.,0.));
#5884 = ORIENTED_EDGE('',*,*,#5885,.F.);
#5885 = EDGE_CURVE('',#5839,#5878,#5886,.T.);
#5886 = LINE('',#5887,#5888);
#5887 = CARTESIAN_POINT('',(-0.399999999992,1.059064000007,9.45));
#5888 = VECTOR('',#5889,1.);
#5889 = DIRECTION('',(0.,0.,-1.));
#5890 = PLANE('',#5891);
#5891 = AXIS2_PLACEMENT_3D('',#5892,#5893,#5894);
#5892 = CARTESIAN_POINT('',(-0.399999999998,1.43766997715,7.524757263958
    ));
#5893 = DIRECTION('',(-1.,-1.007779E-11,2.1583E-13));
#5894 = DIRECTION('',(1.007779E-11,-1.,0.));
#5895 = ADVANCED_FACE('',(#5896),#5914,.T.);
#5896 = FACE_BOUND('',#5897,.T.);
#5897 = EDGE_LOOP('',(#5898,#5906,#5907,#5908));
#5898 = ORIENTED_EDGE('',*,*,#5899,.F.);
#5899 = EDGE_CURVE('',#5775,#5900,#5902,.T.);
#5900 = VERTEX_POINT('',#5901);
#5901 = CARTESIAN_POINT('',(0.4,1.166761426375,9.45));
#5902 = LINE('',#5903,#5904);
#5903 = CARTESIAN_POINT('',(0.4,1.840799248078,8.775962178297));
#5904 = VECTOR('',#5905,1.);
#5905 = DIRECTION('',(4.8E-16,-0.707106781187,0.707106781187));
#5906 = ORIENTED_EDGE('',*,*,#5774,.T.);
#5907 = ORIENTED_EDGE('',*,*,#5846,.T.);
#5908 = ORIENTED_EDGE('',*,*,#5909,.F.);
#5909 = EDGE_CURVE('',#5900,#5837,#5910,.T.);
#5910 = LINE('',#5911,#5912);
#5911 = CARTESIAN_POINT('',(0.4,1.166761426375,9.45));
#5912 = VECTOR('',#5913,1.);
#5913 = DIRECTION('',(-1.,0.,0.));
#5914 = PLANE('',#5915);
#5915 = AXIS2_PLACEMENT_3D('',#5916,#5917,#5918);
#5916 = CARTESIAN_POINT('',(0.4,1.416761426375,9.2));
#5917 = DIRECTION('',(0.,0.707106781187,0.707106781187));
#5918 = DIRECTION('',(-1.,0.,0.));
#5919 = ADVANCED_FACE('',(#5920),#5931,.F.);
#5920 = FACE_BOUND('',#5921,.F.);
#5921 = EDGE_LOOP('',(#5922,#5929,#5930));
#5922 = ORIENTED_EDGE('',*,*,#5923,.F.);
#5923 = EDGE_CURVE('',#5815,#5854,#5924,.T.);
#5924 = CIRCLE('',#5925,0.655);
#5925 = AXIS2_PLACEMENT_3D('',#5926,#5927,#5928);
#5926 = CARTESIAN_POINT('',(-0.32,1.011761426375,5.45));
#5927 = DIRECTION('',(0.,0.,1.));
#5928 = DIRECTION('',(-1.,0.,0.));
#5929 = ORIENTED_EDGE('',*,*,#5822,.T.);
#5930 = ORIENTED_EDGE('',*,*,#5853,.T.);
#5931 = PLANE('',#5932);
#5932 = AXIS2_PLACEMENT_3D('',#5933,#5934,#5935);
#5933 = CARTESIAN_POINT('',(0.4,1.666761426375,5.45));
#5934 = DIRECTION('',(0.,0.,1.));
#5935 = DIRECTION('',(0.,-1.,0.));
#5936 = ADVANCED_FACE('',(#5937),#5987,.T.);
#5937 = FACE_BOUND('',#5938,.T.);
#5938 = EDGE_LOOP('',(#5939,#5940,#5941,#5949,#5957,#5965,#5973,#5981));
#5939 = ORIENTED_EDGE('',*,*,#5782,.F.);
#5940 = ORIENTED_EDGE('',*,*,#5899,.T.);
#5941 = ORIENTED_EDGE('',*,*,#5942,.F.);
#5942 = EDGE_CURVE('',#5943,#5900,#5945,.T.);
#5943 = VERTEX_POINT('',#5944);
#5944 = CARTESIAN_POINT('',(0.4,1.059064,9.45));
#5945 = LINE('',#5946,#5947);
#5946 = CARTESIAN_POINT('',(0.4,1.40352285275,9.45));
#5947 = VECTOR('',#5948,1.);
#5948 = DIRECTION('',(0.,1.,0.));
#5949 = ORIENTED_EDGE('',*,*,#5950,.T.);
#5950 = EDGE_CURVE('',#5943,#5951,#5953,.T.);
#5951 = VERTEX_POINT('',#5952);
#5952 = CARTESIAN_POINT('',(0.4,1.059064,7.45));
#5953 = LINE('',#5954,#5955);
#5954 = CARTESIAN_POINT('',(0.4,1.059064,9.45));
#5955 = VECTOR('',#5956,1.);
#5956 = DIRECTION('',(0.,0.,-1.));
#5957 = ORIENTED_EDGE('',*,*,#5958,.F.);
#5958 = EDGE_CURVE('',#5959,#5951,#5961,.T.);
#5959 = VERTEX_POINT('',#5960);
#5960 = CARTESIAN_POINT('',(0.4,1.40352285275,7.45));
#5961 = LINE('',#5962,#5963);
#5962 = CARTESIAN_POINT('',(0.4,1.40352285275,7.45));
#5963 = VECTOR('',#5964,1.);
#5964 = DIRECTION('',(0.,-1.,0.));
#5965 = ORIENTED_EDGE('',*,*,#5966,.F.);
#5966 = EDGE_CURVE('',#5967,#5959,#5969,.T.);
#5967 = VERTEX_POINT('',#5968);
#5968 = CARTESIAN_POINT('',(0.4,1.40352285275,5.45));
#5969 = LINE('',#5970,#5971);
#5970 = CARTESIAN_POINT('',(0.4,1.40352285275,5.45));
#5971 = VECTOR('',#5972,1.);
#5972 = DIRECTION('',(0.,0.,1.));
#5973 = ORIENTED_EDGE('',*,*,#5974,.F.);
#5974 = EDGE_CURVE('',#5975,#5967,#5977,.T.);
#5975 = VERTEX_POINT('',#5976);
#5976 = CARTESIAN_POINT('',(0.4,1.66185757311,5.45));
#5977 = LINE('',#5978,#5979);
#5978 = CARTESIAN_POINT('',(0.4,1.666761426375,5.45));
#5979 = VECTOR('',#5980,1.);
#5980 = DIRECTION('',(0.,-1.,0.));
#5981 = ORIENTED_EDGE('',*,*,#5982,.F.);
#5982 = EDGE_CURVE('',#5783,#5975,#5983,.T.);
#5983 = LINE('',#5984,#5985);
#5984 = CARTESIAN_POINT('',(0.4,1.666761426375,5.45));
#5985 = VECTOR('',#5986,1.);
#5986 = DIRECTION('',(0.,-1.,0.));
#5987 = PLANE('',#5988);
#5988 = AXIS2_PLACEMENT_3D('',#5989,#5990,#5991);
#5989 = CARTESIAN_POINT('',(0.4,1.437669977147,7.52475726396));
#5990 = DIRECTION('',(1.,6.8E-16,-0.));
#5991 = DIRECTION('',(-6.8E-16,1.,0.));
#5992 = ADVANCED_FACE('',(#5993),#6064,.T.);
#5993 = FACE_BOUND('',#5994,.T.);
#5994 = EDGE_LOOP('',(#5995,#6006,#6014,#6021,#6022,#6023,#6032,#6040,
    #6049,#6057));
#5995 = ORIENTED_EDGE('',*,*,#5996,.T.);
#5996 = EDGE_CURVE('',#5997,#5999,#6001,.T.);
#5997 = VERTEX_POINT('',#5998);
#5998 = CARTESIAN_POINT('',(-0.4,1.66185757311,3.45));
#5999 = VERTEX_POINT('',#6000);
#6000 = CARTESIAN_POINT('',(-0.975,1.011761426375,3.45));
#6001 = CIRCLE('',#6002,0.655);
#6002 = AXIS2_PLACEMENT_3D('',#6003,#6004,#6005);
#6003 = CARTESIAN_POINT('',(-0.32,1.011761426375,3.45));
#6004 = DIRECTION('',(0.,0.,1.));
#6005 = DIRECTION('',(-1.,0.,0.));
#6006 = ORIENTED_EDGE('',*,*,#6007,.T.);
#6007 = EDGE_CURVE('',#5999,#6008,#6010,.T.);
#6008 = VERTEX_POINT('',#6009);
#6009 = CARTESIAN_POINT('',(-0.975,1.011761426375,5.45));
#6010 = LINE('',#6011,#6012);
#6011 = CARTESIAN_POINT('',(-0.975,1.011761426375,3.45));
#6012 = VECTOR('',#6013,1.);
#6013 = DIRECTION('',(0.,0.,1.));
#6014 = ORIENTED_EDGE('',*,*,#6015,.F.);
#6015 = EDGE_CURVE('',#5854,#6008,#6016,.T.);
#6016 = CIRCLE('',#6017,0.655);
#6017 = AXIS2_PLACEMENT_3D('',#6018,#6019,#6020);
#6018 = CARTESIAN_POINT('',(-0.32,1.011761426375,5.45));
#6019 = DIRECTION('',(0.,0.,1.));
#6020 = DIRECTION('',(-1.,0.,0.));
#6021 = ORIENTED_EDGE('',*,*,#5923,.F.);
#6022 = ORIENTED_EDGE('',*,*,#5814,.F.);
#6023 = ORIENTED_EDGE('',*,*,#6024,.T.);
#6024 = EDGE_CURVE('',#5807,#6025,#6027,.T.);
#6025 = VERTEX_POINT('',#6026);
#6026 = CARTESIAN_POINT('',(-0.4,1.66185757311,4.280460298822));
#6027 = ELLIPSE('',#6028,1.461240827122,0.655);
#6028 = AXIS2_PLACEMENT_3D('',#6029,#6030,#6031);
#6029 = CARTESIAN_POINT('',(-0.32,1.011761426375,2.984023859112));
#6030 = DIRECTION('',(0.,-0.8939086498,0.448249178262));
#6031 = DIRECTION('',(0.,-0.448249178262,-0.8939086498));
#6032 = ORIENTED_EDGE('',*,*,#6033,.T.);
#6033 = EDGE_CURVE('',#6025,#6034,#6036,.T.);
#6034 = VERTEX_POINT('',#6035);
#6035 = CARTESIAN_POINT('',(-0.4,1.66185757311,3.73312462235));
#6036 = LINE('',#6037,#6038);
#6037 = CARTESIAN_POINT('',(-0.4,1.66185757311,3.45));
#6038 = VECTOR('',#6039,1.);
#6039 = DIRECTION('',(0.,0.,-1.));
#6040 = ORIENTED_EDGE('',*,*,#6041,.T.);
#6041 = EDGE_CURVE('',#6034,#6042,#6044,.T.);
#6042 = VERTEX_POINT('',#6043);
#6043 = CARTESIAN_POINT('',(-0.32,1.666761426375,3.732514167383));
#6044 = ELLIPSE('',#6045,0.660055578089,0.655);
#6045 = AXIS2_PLACEMENT_3D('',#6046,#6047,#6048);
#6046 = CARTESIAN_POINT('',(-0.32,1.011761426375,3.814051681241));
#6047 = DIRECTION('',(0.,-0.12353128519,-0.992340678184));
#6048 = DIRECTION('',(-0.,0.992340678184,-0.12353128519));
#6049 = ORIENTED_EDGE('',*,*,#6050,.F.);
#6050 = EDGE_CURVE('',#6051,#6042,#6053,.T.);
#6051 = VERTEX_POINT('',#6052);
#6052 = CARTESIAN_POINT('',(-0.32,1.666761426375,3.45));
#6053 = LINE('',#6054,#6055);
#6054 = CARTESIAN_POINT('',(-0.32,1.666761426375,3.45));
#6055 = VECTOR('',#6056,1.);
#6056 = DIRECTION('',(0.,0.,1.));
#6057 = ORIENTED_EDGE('',*,*,#6058,.T.);
#6058 = EDGE_CURVE('',#6051,#5997,#6059,.T.);
#6059 = CIRCLE('',#6060,0.655);
#6060 = AXIS2_PLACEMENT_3D('',#6061,#6062,#6063);
#6061 = CARTESIAN_POINT('',(-0.32,1.011761426375,3.45));
#6062 = DIRECTION('',(0.,0.,1.));
#6063 = DIRECTION('',(-1.,0.,0.));
#6064 = CYLINDRICAL_SURFACE('',#6065,0.655);
#6065 = AXIS2_PLACEMENT_3D('',#6066,#6067,#6068);
#6066 = CARTESIAN_POINT('',(-0.32,1.011761426375,3.45));
#6067 = DIRECTION('',(0.,0.,-1.));
#6068 = DIRECTION('',(-1.,0.,0.));
#6069 = ADVANCED_FACE('',(#6070),#6081,.F.);
#6070 = FACE_BOUND('',#6071,.F.);
#6071 = EDGE_LOOP('',(#6072,#6073,#6074));
#6072 = ORIENTED_EDGE('',*,*,#5982,.F.);
#6073 = ORIENTED_EDGE('',*,*,#5790,.T.);
#6074 = ORIENTED_EDGE('',*,*,#6075,.F.);
#6075 = EDGE_CURVE('',#5975,#5791,#6076,.T.);
#6076 = CIRCLE('',#6077,0.655);
#6077 = AXIS2_PLACEMENT_3D('',#6078,#6079,#6080);
#6078 = CARTESIAN_POINT('',(0.32,1.011761426375,5.45));
#6079 = DIRECTION('',(0.,0.,1.));
#6080 = DIRECTION('',(-1.,0.,0.));
#6081 = PLANE('',#6082);
#6082 = AXIS2_PLACEMENT_3D('',#6083,#6084,#6085);
#6083 = CARTESIAN_POINT('',(0.4,1.666761426375,5.45));
#6084 = DIRECTION('',(0.,0.,1.));
#6085 = DIRECTION('',(0.,-1.,0.));
#6086 = ADVANCED_FACE('',(#6087),#6122,.T.);
#6087 = FACE_BOUND('',#6088,.T.);
#6088 = EDGE_LOOP('',(#6089,#6099,#6107,#6113,#6114,#6115));
#6089 = ORIENTED_EDGE('',*,*,#6090,.F.);
#6090 = EDGE_CURVE('',#6091,#6093,#6095,.T.);
#6091 = VERTEX_POINT('',#6092);
#6092 = CARTESIAN_POINT('',(0.4,2.143284263925,5.240532294565));
#6093 = VERTEX_POINT('',#6094);
#6094 = CARTESIAN_POINT('',(0.4,1.66185757311,4.280460298822));
#6095 = LINE('',#6096,#6097);
#6096 = CARTESIAN_POINT('',(0.4,2.143284263925,5.240532294565));
#6097 = VECTOR('',#6098,1.);
#6098 = DIRECTION('',(0.,-0.448249178262,-0.8939086498));
#6099 = ORIENTED_EDGE('',*,*,#6100,.T.);
#6100 = EDGE_CURVE('',#6091,#6101,#6103,.T.);
#6101 = VERTEX_POINT('',#6102);
#6102 = CARTESIAN_POINT('',(-0.4,2.143284263925,5.240532294565));
#6103 = LINE('',#6104,#6105);
#6104 = CARTESIAN_POINT('',(0.4,2.143284263925,5.240532294565));
#6105 = VECTOR('',#6106,1.);
#6106 = DIRECTION('',(-1.,0.,0.));
#6107 = ORIENTED_EDGE('',*,*,#6108,.T.);
#6108 = EDGE_CURVE('',#6101,#6025,#6109,.T.);
#6109 = LINE('',#6110,#6111);
#6110 = CARTESIAN_POINT('',(-0.4,2.143284263925,5.240532294565));
#6111 = VECTOR('',#6112,1.);
#6112 = DIRECTION('',(0.,-0.448249178262,-0.8939086498));
#6113 = ORIENTED_EDGE('',*,*,#6024,.F.);
#6114 = ORIENTED_EDGE('',*,*,#5806,.F.);
#6115 = ORIENTED_EDGE('',*,*,#6116,.F.);
#6116 = EDGE_CURVE('',#6093,#5799,#6117,.T.);
#6117 = ELLIPSE('',#6118,1.461240827122,0.655);
#6118 = AXIS2_PLACEMENT_3D('',#6119,#6120,#6121);
#6119 = CARTESIAN_POINT('',(0.32,1.011761426375,2.984023859112));
#6120 = DIRECTION('',(0.,-0.8939086498,0.448249178262));
#6121 = DIRECTION('',(0.,-0.448249178262,-0.8939086498));
#6122 = PLANE('',#6123);
#6123 = AXIS2_PLACEMENT_3D('',#6124,#6125,#6126);
#6124 = CARTESIAN_POINT('',(0.4,2.143284263925,5.240532294565));
#6125 = DIRECTION('',(0.,-0.8939086498,0.448249178262));
#6126 = DIRECTION('',(0.,-0.448249178262,-0.8939086498));
#6127 = ADVANCED_FACE('',(#6128),#6191,.T.);
#6128 = FACE_BOUND('',#6129,.T.);
#6129 = EDGE_LOOP('',(#6130,#6141,#6149,#6158,#6164,#6165,#6166,#6167,
    #6176,#6184));
#6130 = ORIENTED_EDGE('',*,*,#6131,.T.);
#6131 = EDGE_CURVE('',#6132,#6134,#6136,.T.);
#6132 = VERTEX_POINT('',#6133);
#6133 = CARTESIAN_POINT('',(0.4,1.66185757311,3.45));
#6134 = VERTEX_POINT('',#6135);
#6135 = CARTESIAN_POINT('',(0.32,1.666761426375,3.45));
#6136 = CIRCLE('',#6137,0.655);
#6137 = AXIS2_PLACEMENT_3D('',#6138,#6139,#6140);
#6138 = CARTESIAN_POINT('',(0.32,1.011761426375,3.45));
#6139 = DIRECTION('',(0.,0.,1.));
#6140 = DIRECTION('',(-1.,0.,0.));
#6141 = ORIENTED_EDGE('',*,*,#6142,.T.);
#6142 = EDGE_CURVE('',#6134,#6143,#6145,.T.);
#6143 = VERTEX_POINT('',#6144);
#6144 = CARTESIAN_POINT('',(0.32,1.666761426375,3.732514167383));
#6145 = LINE('',#6146,#6147);
#6146 = CARTESIAN_POINT('',(0.32,1.666761426375,3.45));
#6147 = VECTOR('',#6148,1.);
#6148 = DIRECTION('',(0.,0.,1.));
#6149 = ORIENTED_EDGE('',*,*,#6150,.T.);
#6150 = EDGE_CURVE('',#6143,#6151,#6153,.T.);
#6151 = VERTEX_POINT('',#6152);
#6152 = CARTESIAN_POINT('',(0.4,1.66185757311,3.73312462235));
#6153 = ELLIPSE('',#6154,0.660055578089,0.655);
#6154 = AXIS2_PLACEMENT_3D('',#6155,#6156,#6157);
#6155 = CARTESIAN_POINT('',(0.32,1.011761426375,3.814051681241));
#6156 = DIRECTION('',(0.,-0.12353128519,-0.992340678184));
#6157 = DIRECTION('',(-0.,0.992340678184,-0.12353128519));
#6158 = ORIENTED_EDGE('',*,*,#6159,.F.);
#6159 = EDGE_CURVE('',#6093,#6151,#6160,.T.);
#6160 = LINE('',#6161,#6162);
#6161 = CARTESIAN_POINT('',(0.4,1.66185757311,3.45));
#6162 = VECTOR('',#6163,1.);
#6163 = DIRECTION('',(0.,0.,-1.));
#6164 = ORIENTED_EDGE('',*,*,#6116,.T.);
#6165 = ORIENTED_EDGE('',*,*,#5798,.T.);
#6166 = ORIENTED_EDGE('',*,*,#6075,.F.);
#6167 = ORIENTED_EDGE('',*,*,#6168,.F.);
#6168 = EDGE_CURVE('',#6169,#5975,#6171,.T.);
#6169 = VERTEX_POINT('',#6170);
#6170 = CARTESIAN_POINT('',(0.975,1.011761426375,5.45));
#6171 = CIRCLE('',#6172,0.655);
#6172 = AXIS2_PLACEMENT_3D('',#6173,#6174,#6175);
#6173 = CARTESIAN_POINT('',(0.32,1.011761426375,5.45));
#6174 = DIRECTION('',(0.,0.,1.));
#6175 = DIRECTION('',(-1.,0.,0.));
#6176 = ORIENTED_EDGE('',*,*,#6177,.F.);
#6177 = EDGE_CURVE('',#6178,#6169,#6180,.T.);
#6178 = VERTEX_POINT('',#6179);
#6179 = CARTESIAN_POINT('',(0.975,1.011761426375,3.45));
#6180 = LINE('',#6181,#6182);
#6181 = CARTESIAN_POINT('',(0.975,1.011761426375,3.45));
#6182 = VECTOR('',#6183,1.);
#6183 = DIRECTION('',(0.,0.,1.));
#6184 = ORIENTED_EDGE('',*,*,#6185,.T.);
#6185 = EDGE_CURVE('',#6178,#6132,#6186,.T.);
#6186 = CIRCLE('',#6187,0.655);
#6187 = AXIS2_PLACEMENT_3D('',#6188,#6189,#6190);
#6188 = CARTESIAN_POINT('',(0.32,1.011761426375,3.45));
#6189 = DIRECTION('',(0.,0.,1.));
#6190 = DIRECTION('',(-1.,0.,0.));
#6191 = CYLINDRICAL_SURFACE('',#6192,0.655);
#6192 = AXIS2_PLACEMENT_3D('',#6193,#6194,#6195);
#6193 = CARTESIAN_POINT('',(0.32,1.011761426375,3.45));
#6194 = DIRECTION('',(0.,0.,-1.));
#6195 = DIRECTION('',(-1.,0.,0.));
#6196 = ADVANCED_FACE('',(#6197,#6209),#6220,.T.);
#6197 = FACE_BOUND('',#6198,.T.);
#6198 = EDGE_LOOP('',(#6199,#6200,#6207,#6208));
#6199 = ORIENTED_EDGE('',*,*,#5836,.T.);
#6200 = ORIENTED_EDGE('',*,*,#6201,.T.);
#6201 = EDGE_CURVE('',#5839,#5943,#6202,.T.);
#6202 = CIRCLE('',#6203,0.974707300937);
#6203 = AXIS2_PLACEMENT_3D('',#6204,#6205,#6206);
#6204 = CARTESIAN_POINT('',(-2.E-17,0.170214,9.45));
#6205 = DIRECTION('',(0.,0.,1.));
#6206 = DIRECTION('',(-1.,0.,0.));
#6207 = ORIENTED_EDGE('',*,*,#5942,.T.);
#6208 = ORIENTED_EDGE('',*,*,#5909,.T.);
#6209 = FACE_BOUND('',#6210,.T.);
#6210 = EDGE_LOOP('',(#6211));
#6211 = ORIENTED_EDGE('',*,*,#6212,.F.);
#6212 = EDGE_CURVE('',#6213,#6213,#6215,.T.);
#6213 = VERTEX_POINT('',#6214);
#6214 = CARTESIAN_POINT('',(-0.698564,0.170214,9.45));
#6215 = CIRCLE('',#6216,0.698564);
#6216 = AXIS2_PLACEMENT_3D('',#6217,#6218,#6219);
#6217 = CARTESIAN_POINT('',(-2.E-17,0.170214,9.45));
#6218 = DIRECTION('',(0.,0.,1.));
#6219 = DIRECTION('',(-1.,0.,0.));
#6220 = PLANE('',#6221);
#6221 = AXIS2_PLACEMENT_3D('',#6222,#6223,#6224);
#6222 = CARTESIAN_POINT('',(-2.1126E-13,0.497442120671,9.45));
#6223 = DIRECTION('',(0.,0.,1.));
#6224 = DIRECTION('',(-1.,0.,0.));
#6225 = ADVANCED_FACE('',(#6226),#6238,.T.);
#6226 = FACE_BOUND('',#6227,.T.);
#6227 = EDGE_LOOP('',(#6228,#6229,#6236,#6237));
#6228 = ORIENTED_EDGE('',*,*,#5885,.T.);
#6229 = ORIENTED_EDGE('',*,*,#6230,.T.);
#6230 = EDGE_CURVE('',#5878,#5951,#6231,.T.);
#6231 = CIRCLE('',#6232,0.974707300937);
#6232 = AXIS2_PLACEMENT_3D('',#6233,#6234,#6235);
#6233 = CARTESIAN_POINT('',(-2.E-17,0.170214,7.45));
#6234 = DIRECTION('',(0.,0.,1.));
#6235 = DIRECTION('',(-1.,0.,0.));
#6236 = ORIENTED_EDGE('',*,*,#5950,.F.);
#6237 = ORIENTED_EDGE('',*,*,#6201,.F.);
#6238 = CYLINDRICAL_SURFACE('',#6239,0.974707300937);
#6239 = AXIS2_PLACEMENT_3D('',#6240,#6241,#6242);
#6240 = CARTESIAN_POINT('',(-2.E-17,0.170214,9.45));
#6241 = DIRECTION('',(0.,0.,1.));
#6242 = DIRECTION('',(-1.,0.,0.));
#6243 = ADVANCED_FACE('',(#6244,#6255),#6266,.F.);
#6244 = FACE_BOUND('',#6245,.F.);
#6245 = EDGE_LOOP('',(#6246,#6247,#6248,#6254));
#6246 = ORIENTED_EDGE('',*,*,#6230,.T.);
#6247 = ORIENTED_EDGE('',*,*,#5958,.F.);
#6248 = ORIENTED_EDGE('',*,*,#6249,.T.);
#6249 = EDGE_CURVE('',#5959,#5870,#6250,.T.);
#6250 = LINE('',#6251,#6252);
#6251 = CARTESIAN_POINT('',(0.4,1.40352285275,7.45));
#6252 = VECTOR('',#6253,1.);
#6253 = DIRECTION('',(-1.,0.,0.));
#6254 = ORIENTED_EDGE('',*,*,#5877,.T.);
#6255 = FACE_BOUND('',#6256,.T.);
#6256 = EDGE_LOOP('',(#6257));
#6257 = ORIENTED_EDGE('',*,*,#6258,.T.);
#6258 = EDGE_CURVE('',#6259,#6259,#6261,.T.);
#6259 = VERTEX_POINT('',#6260);
#6260 = CARTESIAN_POINT('',(-0.698564,0.170214,7.45));
#6261 = CIRCLE('',#6262,0.698564);
#6262 = AXIS2_PLACEMENT_3D('',#6263,#6264,#6265);
#6263 = CARTESIAN_POINT('',(-2.E-17,0.170214,7.45));
#6264 = DIRECTION('',(0.,0.,1.));
#6265 = DIRECTION('',(-1.,0.,0.));
#6266 = PLANE('',#6267);
#6267 = AXIS2_PLACEMENT_3D('',#6268,#6269,#6270);
#6268 = CARTESIAN_POINT('',(-1.438E-13,0.297420100742,7.45));
#6269 = DIRECTION('',(0.,0.,1.));
#6270 = DIRECTION('',(-1.,0.,0.));
#6271 = ADVANCED_FACE('',(#6272),#6315,.T.);
#6272 = FACE_BOUND('',#6273,.T.);
#6273 = EDGE_LOOP('',(#6274,#6282,#6283,#6284,#6285,#6293,#6301,#6309));
#6274 = ORIENTED_EDGE('',*,*,#6275,.F.);
#6275 = EDGE_CURVE('',#5967,#6276,#6278,.T.);
#6276 = VERTEX_POINT('',#6277);
#6277 = CARTESIAN_POINT('',(0.32,1.40352285275,5.45));
#6278 = LINE('',#6279,#6280);
#6279 = CARTESIAN_POINT('',(0.4,1.40352285275,5.45));
#6280 = VECTOR('',#6281,1.);
#6281 = DIRECTION('',(-1.,0.,0.));
#6282 = ORIENTED_EDGE('',*,*,#5966,.T.);
#6283 = ORIENTED_EDGE('',*,*,#6249,.T.);
#6284 = ORIENTED_EDGE('',*,*,#5869,.F.);
#6285 = ORIENTED_EDGE('',*,*,#6286,.F.);
#6286 = EDGE_CURVE('',#6287,#5862,#6289,.T.);
#6287 = VERTEX_POINT('',#6288);
#6288 = CARTESIAN_POINT('',(-0.32,1.40352285275,5.45));
#6289 = LINE('',#6290,#6291);
#6290 = CARTESIAN_POINT('',(0.4,1.40352285275,5.45));
#6291 = VECTOR('',#6292,1.);
#6292 = DIRECTION('',(-1.,0.,0.));
#6293 = ORIENTED_EDGE('',*,*,#6294,.F.);
#6294 = EDGE_CURVE('',#6295,#6287,#6297,.T.);
#6295 = VERTEX_POINT('',#6296);
#6296 = CARTESIAN_POINT('',(-0.32,1.40352285275,3.45));
#6297 = LINE('',#6298,#6299);
#6298 = CARTESIAN_POINT('',(-0.32,1.40352285275,3.45));
#6299 = VECTOR('',#6300,1.);
#6300 = DIRECTION('',(0.,0.,1.));
#6301 = ORIENTED_EDGE('',*,*,#6302,.F.);
#6302 = EDGE_CURVE('',#6303,#6295,#6305,.T.);
#6303 = VERTEX_POINT('',#6304);
#6304 = CARTESIAN_POINT('',(0.32,1.40352285275,3.45));
#6305 = LINE('',#6306,#6307);
#6306 = CARTESIAN_POINT('',(0.32,1.40352285275,3.45));
#6307 = VECTOR('',#6308,1.);
#6308 = DIRECTION('',(-1.,0.,0.));
#6309 = ORIENTED_EDGE('',*,*,#6310,.T.);
#6310 = EDGE_CURVE('',#6303,#6276,#6311,.T.);
#6311 = LINE('',#6312,#6313);
#6312 = CARTESIAN_POINT('',(0.32,1.40352285275,3.45));
#6313 = VECTOR('',#6314,1.);
#6314 = DIRECTION('',(0.,0.,1.));
#6315 = PLANE('',#6316);
#6316 = AXIS2_PLACEMENT_3D('',#6317,#6318,#6319);
#6317 = CARTESIAN_POINT('',(-1.E-17,1.40352285275,6.473529411765));
#6318 = DIRECTION('',(0.,-1.,0.));
#6319 = DIRECTION('',(0.,0.,1.));
#6320 = ADVANCED_FACE('',(#6321),#6427,.T.);
#6321 = FACE_BOUND('',#6322,.T.);
#6322 = EDGE_LOOP('',(#6323,#6334,#6340,#6341,#6342,#6343,#6352,#6360,
    #6369,#6377,#6386,#6394,#6401,#6402,#6403,#6404,#6412,#6421));
#6323 = ORIENTED_EDGE('',*,*,#6324,.T.);
#6324 = EDGE_CURVE('',#6325,#6327,#6329,.T.);
#6325 = VERTEX_POINT('',#6326);
#6326 = CARTESIAN_POINT('',(0.32,-0.733238573625,5.45));
#6327 = VERTEX_POINT('',#6328);
#6328 = CARTESIAN_POINT('',(0.975,-7.823857362477E-02,5.45));
#6329 = CIRCLE('',#6330,0.655);
#6330 = AXIS2_PLACEMENT_3D('',#6331,#6332,#6333);
#6331 = CARTESIAN_POINT('',(0.32,-7.823857362477E-02,5.45));
#6332 = DIRECTION('',(0.,0.,1.));
#6333 = DIRECTION('',(-1.,0.,0.));
#6334 = ORIENTED_EDGE('',*,*,#6335,.T.);
#6335 = EDGE_CURVE('',#6327,#6169,#6336,.T.);
#6336 = LINE('',#6337,#6338);
#6337 = CARTESIAN_POINT('',(0.975,-7.823857362477E-02,5.45));
#6338 = VECTOR('',#6339,1.);
#6339 = DIRECTION('',(0.,1.,0.));
#6340 = ORIENTED_EDGE('',*,*,#6168,.T.);
#6341 = ORIENTED_EDGE('',*,*,#5974,.T.);
#6342 = ORIENTED_EDGE('',*,*,#6275,.T.);
#6343 = ORIENTED_EDGE('',*,*,#6344,.F.);
#6344 = EDGE_CURVE('',#6345,#6276,#6347,.T.);
#6345 = VERTEX_POINT('',#6346);
#6346 = CARTESIAN_POINT('',(0.711761426375,1.011761426375,5.45));
#6347 = CIRCLE('',#6348,0.391761426375);
#6348 = AXIS2_PLACEMENT_3D('',#6349,#6350,#6351);
#6349 = CARTESIAN_POINT('',(0.32,1.011761426375,5.45));
#6350 = DIRECTION('',(0.,0.,1.));
#6351 = DIRECTION('',(-1.,0.,0.));
#6352 = ORIENTED_EDGE('',*,*,#6353,.F.);
#6353 = EDGE_CURVE('',#6354,#6345,#6356,.T.);
#6354 = VERTEX_POINT('',#6355);
#6355 = CARTESIAN_POINT('',(0.711761426375,-7.823857362477E-02,5.45));
#6356 = LINE('',#6357,#6358);
#6357 = CARTESIAN_POINT('',(0.711761426375,-7.823857362477E-02,5.45));
#6358 = VECTOR('',#6359,1.);
#6359 = DIRECTION('',(0.,1.,0.));
#6360 = ORIENTED_EDGE('',*,*,#6361,.F.);
#6361 = EDGE_CURVE('',#6362,#6354,#6364,.T.);
#6362 = VERTEX_POINT('',#6363);
#6363 = CARTESIAN_POINT('',(0.32,-0.47,5.45));
#6364 = CIRCLE('',#6365,0.391761426375);
#6365 = AXIS2_PLACEMENT_3D('',#6366,#6367,#6368);
#6366 = CARTESIAN_POINT('',(0.32,-7.823857362477E-02,5.45));
#6367 = DIRECTION('',(0.,0.,1.));
#6368 = DIRECTION('',(-1.,0.,0.));
#6369 = ORIENTED_EDGE('',*,*,#6370,.F.);
#6370 = EDGE_CURVE('',#6371,#6362,#6373,.T.);
#6371 = VERTEX_POINT('',#6372);
#6372 = CARTESIAN_POINT('',(-0.32,-0.47,5.45));
#6373 = LINE('',#6374,#6375);
#6374 = CARTESIAN_POINT('',(-0.32,-0.47,5.45));
#6375 = VECTOR('',#6376,1.);
#6376 = DIRECTION('',(1.,0.,0.));
#6377 = ORIENTED_EDGE('',*,*,#6378,.F.);
#6378 = EDGE_CURVE('',#6379,#6371,#6381,.T.);
#6379 = VERTEX_POINT('',#6380);
#6380 = CARTESIAN_POINT('',(-0.711761426375,-7.823857362477E-02,5.45));
#6381 = CIRCLE('',#6382,0.391761426375);
#6382 = AXIS2_PLACEMENT_3D('',#6383,#6384,#6385);
#6383 = CARTESIAN_POINT('',(-0.32,-7.823857362477E-02,5.45));
#6384 = DIRECTION('',(0.,0.,1.));
#6385 = DIRECTION('',(-1.,0.,0.));
#6386 = ORIENTED_EDGE('',*,*,#6387,.F.);
#6387 = EDGE_CURVE('',#6388,#6379,#6390,.T.);
#6388 = VERTEX_POINT('',#6389);
#6389 = CARTESIAN_POINT('',(-0.711761426375,1.011761426375,5.45));
#6390 = LINE('',#6391,#6392);
#6391 = CARTESIAN_POINT('',(-0.711761426375,1.011761426375,5.45));
#6392 = VECTOR('',#6393,1.);
#6393 = DIRECTION('',(0.,-1.,0.));
#6394 = ORIENTED_EDGE('',*,*,#6395,.F.);
#6395 = EDGE_CURVE('',#6287,#6388,#6396,.T.);
#6396 = CIRCLE('',#6397,0.391761426375);
#6397 = AXIS2_PLACEMENT_3D('',#6398,#6399,#6400);
#6398 = CARTESIAN_POINT('',(-0.32,1.011761426375,5.45));
#6399 = DIRECTION('',(0.,0.,1.));
#6400 = DIRECTION('',(-1.,0.,0.));
#6401 = ORIENTED_EDGE('',*,*,#6286,.T.);
#6402 = ORIENTED_EDGE('',*,*,#5861,.F.);
#6403 = ORIENTED_EDGE('',*,*,#6015,.T.);
#6404 = ORIENTED_EDGE('',*,*,#6405,.T.);
#6405 = EDGE_CURVE('',#6008,#6406,#6408,.T.);
#6406 = VERTEX_POINT('',#6407);
#6407 = CARTESIAN_POINT('',(-0.975,-7.823857362477E-02,5.45));
#6408 = LINE('',#6409,#6410);
#6409 = CARTESIAN_POINT('',(-0.975,1.011761426375,5.45));
#6410 = VECTOR('',#6411,1.);
#6411 = DIRECTION('',(0.,-1.,0.));
#6412 = ORIENTED_EDGE('',*,*,#6413,.T.);
#6413 = EDGE_CURVE('',#6406,#6414,#6416,.T.);
#6414 = VERTEX_POINT('',#6415);
#6415 = CARTESIAN_POINT('',(-0.32,-0.733238573625,5.45));
#6416 = CIRCLE('',#6417,0.655);
#6417 = AXIS2_PLACEMENT_3D('',#6418,#6419,#6420);
#6418 = CARTESIAN_POINT('',(-0.32,-7.823857362477E-02,5.45));
#6419 = DIRECTION('',(0.,0.,1.));
#6420 = DIRECTION('',(-1.,0.,0.));
#6421 = ORIENTED_EDGE('',*,*,#6422,.T.);
#6422 = EDGE_CURVE('',#6414,#6325,#6423,.T.);
#6423 = LINE('',#6424,#6425);
#6424 = CARTESIAN_POINT('',(-0.32,-0.733238573625,5.45));
#6425 = VECTOR('',#6426,1.);
#6426 = DIRECTION('',(1.,0.,0.));
#6427 = PLANE('',#6428);
#6428 = AXIS2_PLACEMENT_3D('',#6429,#6430,#6431);
#6429 = CARTESIAN_POINT('',(-3.E-17,0.466761426375,5.45));
#6430 = DIRECTION('',(0.,0.,1.));
#6431 = DIRECTION('',(-1.,0.,0.));
#6432 = ADVANCED_FACE('',(#6433),#6450,.T.);
#6433 = FACE_BOUND('',#6434,.T.);
#6434 = EDGE_LOOP('',(#6435,#6436,#6444));
#6435 = ORIENTED_EDGE('',*,*,#6058,.F.);
#6436 = ORIENTED_EDGE('',*,*,#6437,.T.);
#6437 = EDGE_CURVE('',#6051,#6438,#6440,.T.);
#6438 = VERTEX_POINT('',#6439);
#6439 = CARTESIAN_POINT('',(-0.4,1.666761426375,3.45));
#6440 = LINE('',#6441,#6442);
#6441 = CARTESIAN_POINT('',(0.4,1.666761426375,3.45));
#6442 = VECTOR('',#6443,1.);
#6443 = DIRECTION('',(-1.,0.,0.));
#6444 = ORIENTED_EDGE('',*,*,#6445,.T.);
#6445 = EDGE_CURVE('',#6438,#5997,#6446,.T.);
#6446 = LINE('',#6447,#6448);
#6447 = CARTESIAN_POINT('',(-0.4,1.666761426375,3.45));
#6448 = VECTOR('',#6449,1.);
#6449 = DIRECTION('',(0.,-1.,-2.E-16));
#6450 = PLANE('',#6451);
#6451 = AXIS2_PLACEMENT_3D('',#6452,#6453,#6454);
#6452 = CARTESIAN_POINT('',(0.4,1.666761426375,3.45));
#6453 = DIRECTION('',(0.,-2.E-16,1.));
#6454 = DIRECTION('',(0.,-1.,-2.E-16));
#6455 = ADVANCED_FACE('',(#6456),#6586,.F.);
#6456 = FACE_BOUND('',#6457,.F.);
#6457 = EDGE_LOOP('',(#6458,#6469,#6475,#6476,#6484,#6490,#6499,#6507,
    #6516,#6524,#6533,#6541,#6548,#6556,#6562,#6563,#6571,#6580));
#6458 = ORIENTED_EDGE('',*,*,#6459,.T.);
#6459 = EDGE_CURVE('',#6460,#6462,#6464,.T.);
#6460 = VERTEX_POINT('',#6461);
#6461 = CARTESIAN_POINT('',(0.32,-0.733238573625,3.45));
#6462 = VERTEX_POINT('',#6463);
#6463 = CARTESIAN_POINT('',(0.975,-7.823857362477E-02,3.45));
#6464 = CIRCLE('',#6465,0.655);
#6465 = AXIS2_PLACEMENT_3D('',#6466,#6467,#6468);
#6466 = CARTESIAN_POINT('',(0.32,-7.823857362477E-02,3.45));
#6467 = DIRECTION('',(0.,0.,1.));
#6468 = DIRECTION('',(-1.,0.,0.));
#6469 = ORIENTED_EDGE('',*,*,#6470,.T.);
#6470 = EDGE_CURVE('',#6462,#6178,#6471,.T.);
#6471 = LINE('',#6472,#6473);
#6472 = CARTESIAN_POINT('',(0.975,-7.823857362477E-02,3.45));
#6473 = VECTOR('',#6474,1.);
#6474 = DIRECTION('',(0.,1.,0.));
#6475 = ORIENTED_EDGE('',*,*,#6185,.T.);
#6476 = ORIENTED_EDGE('',*,*,#6477,.T.);
#6477 = EDGE_CURVE('',#6132,#6478,#6480,.T.);
#6478 = VERTEX_POINT('',#6479);
#6479 = CARTESIAN_POINT('',(0.4,1.40352285275,3.45));
#6480 = LINE('',#6481,#6482);
#6481 = CARTESIAN_POINT('',(0.4,1.666761426375,3.45));
#6482 = VECTOR('',#6483,1.);
#6483 = DIRECTION('',(0.,-1.,-2.E-16));
#6484 = ORIENTED_EDGE('',*,*,#6485,.T.);
#6485 = EDGE_CURVE('',#6478,#6303,#6486,.T.);
#6486 = LINE('',#6487,#6488);
#6487 = CARTESIAN_POINT('',(0.4,1.40352285275,3.45));
#6488 = VECTOR('',#6489,1.);
#6489 = DIRECTION('',(-1.,0.,0.));
#6490 = ORIENTED_EDGE('',*,*,#6491,.F.);
#6491 = EDGE_CURVE('',#6492,#6303,#6494,.T.);
#6492 = VERTEX_POINT('',#6493);
#6493 = CARTESIAN_POINT('',(0.711761426375,1.011761426375,3.45));
#6494 = CIRCLE('',#6495,0.391761426375);
#6495 = AXIS2_PLACEMENT_3D('',#6496,#6497,#6498);
#6496 = CARTESIAN_POINT('',(0.32,1.011761426375,3.45));
#6497 = DIRECTION('',(0.,0.,1.));
#6498 = DIRECTION('',(-1.,0.,0.));
#6499 = ORIENTED_EDGE('',*,*,#6500,.F.);
#6500 = EDGE_CURVE('',#6501,#6492,#6503,.T.);
#6501 = VERTEX_POINT('',#6502);
#6502 = CARTESIAN_POINT('',(0.711761426375,-7.823857362477E-02,3.45));
#6503 = LINE('',#6504,#6505);
#6504 = CARTESIAN_POINT('',(0.711761426375,-7.823857362477E-02,3.45));
#6505 = VECTOR('',#6506,1.);
#6506 = DIRECTION('',(0.,1.,0.));
#6507 = ORIENTED_EDGE('',*,*,#6508,.F.);
#6508 = EDGE_CURVE('',#6509,#6501,#6511,.T.);
#6509 = VERTEX_POINT('',#6510);
#6510 = CARTESIAN_POINT('',(0.32,-0.47,3.45));
#6511 = CIRCLE('',#6512,0.391761426375);
#6512 = AXIS2_PLACEMENT_3D('',#6513,#6514,#6515);
#6513 = CARTESIAN_POINT('',(0.32,-7.823857362477E-02,3.45));
#6514 = DIRECTION('',(0.,0.,1.));
#6515 = DIRECTION('',(-1.,0.,0.));
#6516 = ORIENTED_EDGE('',*,*,#6517,.F.);
#6517 = EDGE_CURVE('',#6518,#6509,#6520,.T.);
#6518 = VERTEX_POINT('',#6519);
#6519 = CARTESIAN_POINT('',(-0.32,-0.47,3.45));
#6520 = LINE('',#6521,#6522);
#6521 = CARTESIAN_POINT('',(-0.32,-0.47,3.45));
#6522 = VECTOR('',#6523,1.);
#6523 = DIRECTION('',(1.,0.,0.));
#6524 = ORIENTED_EDGE('',*,*,#6525,.F.);
#6525 = EDGE_CURVE('',#6526,#6518,#6528,.T.);
#6526 = VERTEX_POINT('',#6527);
#6527 = CARTESIAN_POINT('',(-0.711761426375,-7.823857362477E-02,3.45));
#6528 = CIRCLE('',#6529,0.391761426375);
#6529 = AXIS2_PLACEMENT_3D('',#6530,#6531,#6532);
#6530 = CARTESIAN_POINT('',(-0.32,-7.823857362477E-02,3.45));
#6531 = DIRECTION('',(0.,0.,1.));
#6532 = DIRECTION('',(-1.,0.,0.));
#6533 = ORIENTED_EDGE('',*,*,#6534,.F.);
#6534 = EDGE_CURVE('',#6535,#6526,#6537,.T.);
#6535 = VERTEX_POINT('',#6536);
#6536 = CARTESIAN_POINT('',(-0.711761426375,1.011761426375,3.45));
#6537 = LINE('',#6538,#6539);
#6538 = CARTESIAN_POINT('',(-0.711761426375,1.011761426375,3.45));
#6539 = VECTOR('',#6540,1.);
#6540 = DIRECTION('',(0.,-1.,0.));
#6541 = ORIENTED_EDGE('',*,*,#6542,.F.);
#6542 = EDGE_CURVE('',#6295,#6535,#6543,.T.);
#6543 = CIRCLE('',#6544,0.391761426375);
#6544 = AXIS2_PLACEMENT_3D('',#6545,#6546,#6547);
#6545 = CARTESIAN_POINT('',(-0.32,1.011761426375,3.45));
#6546 = DIRECTION('',(0.,0.,1.));
#6547 = DIRECTION('',(-1.,0.,0.));
#6548 = ORIENTED_EDGE('',*,*,#6549,.T.);
#6549 = EDGE_CURVE('',#6295,#6550,#6552,.T.);
#6550 = VERTEX_POINT('',#6551);
#6551 = CARTESIAN_POINT('',(-0.4,1.40352285275,3.45));
#6552 = LINE('',#6553,#6554);
#6553 = CARTESIAN_POINT('',(0.4,1.40352285275,3.45));
#6554 = VECTOR('',#6555,1.);
#6555 = DIRECTION('',(-1.,0.,0.));
#6556 = ORIENTED_EDGE('',*,*,#6557,.F.);
#6557 = EDGE_CURVE('',#5997,#6550,#6558,.T.);
#6558 = LINE('',#6559,#6560);
#6559 = CARTESIAN_POINT('',(-0.4,1.666761426375,3.45));
#6560 = VECTOR('',#6561,1.);
#6561 = DIRECTION('',(0.,-1.,-2.E-16));
#6562 = ORIENTED_EDGE('',*,*,#5996,.T.);
#6563 = ORIENTED_EDGE('',*,*,#6564,.T.);
#6564 = EDGE_CURVE('',#5999,#6565,#6567,.T.);
#6565 = VERTEX_POINT('',#6566);
#6566 = CARTESIAN_POINT('',(-0.975,-7.823857362477E-02,3.45));
#6567 = LINE('',#6568,#6569);
#6568 = CARTESIAN_POINT('',(-0.975,1.011761426375,3.45));
#6569 = VECTOR('',#6570,1.);
#6570 = DIRECTION('',(0.,-1.,0.));
#6571 = ORIENTED_EDGE('',*,*,#6572,.T.);
#6572 = EDGE_CURVE('',#6565,#6573,#6575,.T.);
#6573 = VERTEX_POINT('',#6574);
#6574 = CARTESIAN_POINT('',(-0.32,-0.733238573625,3.45));
#6575 = CIRCLE('',#6576,0.655);
#6576 = AXIS2_PLACEMENT_3D('',#6577,#6578,#6579);
#6577 = CARTESIAN_POINT('',(-0.32,-7.823857362477E-02,3.45));
#6578 = DIRECTION('',(0.,0.,1.));
#6579 = DIRECTION('',(-1.,0.,0.));
#6580 = ORIENTED_EDGE('',*,*,#6581,.T.);
#6581 = EDGE_CURVE('',#6573,#6460,#6582,.T.);
#6582 = LINE('',#6583,#6584);
#6583 = CARTESIAN_POINT('',(-0.32,-0.733238573625,3.45));
#6584 = VECTOR('',#6585,1.);
#6585 = DIRECTION('',(1.,0.,0.));
#6586 = PLANE('',#6587);
#6587 = AXIS2_PLACEMENT_3D('',#6588,#6589,#6590);
#6588 = CARTESIAN_POINT('',(-3.E-17,0.466761426375,3.45));
#6589 = DIRECTION('',(0.,0.,1.));
#6590 = DIRECTION('',(-1.,0.,0.));
#6591 = ADVANCED_FACE('',(#6592),#6603,.F.);
#6592 = FACE_BOUND('',#6593,.F.);
#6593 = EDGE_LOOP('',(#6594,#6595,#6596,#6602));
#6594 = ORIENTED_EDGE('',*,*,#6007,.T.);
#6595 = ORIENTED_EDGE('',*,*,#6405,.T.);
#6596 = ORIENTED_EDGE('',*,*,#6597,.F.);
#6597 = EDGE_CURVE('',#6565,#6406,#6598,.T.);
#6598 = LINE('',#6599,#6600);
#6599 = CARTESIAN_POINT('',(-0.975,-7.823857362477E-02,3.45));
#6600 = VECTOR('',#6601,1.);
#6601 = DIRECTION('',(0.,0.,1.));
#6602 = ORIENTED_EDGE('',*,*,#6564,.F.);
#6603 = PLANE('',#6604);
#6604 = AXIS2_PLACEMENT_3D('',#6605,#6606,#6607);
#6605 = CARTESIAN_POINT('',(-0.975,1.011761426375,3.45));
#6606 = DIRECTION('',(1.,0.,0.));
#6607 = DIRECTION('',(0.,-1.,0.));
#6608 = ADVANCED_FACE('',(#6609),#6635,.T.);
#6609 = FACE_BOUND('',#6610,.T.);
#6610 = EDGE_LOOP('',(#6611,#6621,#6627,#6628,#6629));
#6611 = ORIENTED_EDGE('',*,*,#6612,.F.);
#6612 = EDGE_CURVE('',#6613,#6615,#6617,.T.);
#6613 = VERTEX_POINT('',#6614);
#6614 = CARTESIAN_POINT('',(-0.4,1.666761426375,3.732514167383));
#6615 = VERTEX_POINT('',#6616);
#6616 = CARTESIAN_POINT('',(-0.4,2.366761426375,5.12847));
#6617 = LINE('',#6618,#6619);
#6618 = CARTESIAN_POINT('',(-0.4,1.666761426375,3.732514167383));
#6619 = VECTOR('',#6620,1.);
#6620 = DIRECTION('',(0.,0.448249178262,0.8939086498));
#6621 = ORIENTED_EDGE('',*,*,#6622,.F.);
#6622 = EDGE_CURVE('',#6034,#6613,#6623,.T.);
#6623 = LINE('',#6624,#6625);
#6624 = CARTESIAN_POINT('',(-0.4,1.40352285275,3.765283356459));
#6625 = VECTOR('',#6626,1.);
#6626 = DIRECTION('',(-0.,0.992340678184,-0.12353128519));
#6627 = ORIENTED_EDGE('',*,*,#6033,.F.);
#6628 = ORIENTED_EDGE('',*,*,#6108,.F.);
#6629 = ORIENTED_EDGE('',*,*,#6630,.F.);
#6630 = EDGE_CURVE('',#6615,#6101,#6631,.T.);
#6631 = LINE('',#6632,#6633);
#6632 = CARTESIAN_POINT('',(-0.4,2.366761426375,5.12847));
#6633 = VECTOR('',#6634,1.);
#6634 = DIRECTION('',(0.,-0.8939086498,0.448249178262));
#6635 = PLANE('',#6636);
#6636 = AXIS2_PLACEMENT_3D('',#6637,#6638,#6639);
#6637 = CARTESIAN_POINT('',(-0.4,1.332356653177,5.661145307804));
#6638 = DIRECTION('',(-1.,0.,0.));
#6639 = DIRECTION('',(0.,0.,1.));
#6640 = ADVANCED_FACE('',(#6641),#6651,.T.);
#6641 = FACE_BOUND('',#6642,.T.);
#6642 = EDGE_LOOP('',(#6643,#6649,#6650));
#6643 = ORIENTED_EDGE('',*,*,#6644,.F.);
#6644 = EDGE_CURVE('',#6042,#6613,#6645,.T.);
#6645 = LINE('',#6646,#6647);
#6646 = CARTESIAN_POINT('',(0.4,1.666761426375,3.732514167383));
#6647 = VECTOR('',#6648,1.);
#6648 = DIRECTION('',(-1.,0.,0.));
#6649 = ORIENTED_EDGE('',*,*,#6041,.F.);
#6650 = ORIENTED_EDGE('',*,*,#6622,.T.);
#6651 = PLANE('',#6652);
#6652 = AXIS2_PLACEMENT_3D('',#6653,#6654,#6655);
#6653 = CARTESIAN_POINT('',(0.4,1.40352285275,3.765283356459));
#6654 = DIRECTION('',(0.,-0.12353128519,-0.992340678184));
#6655 = DIRECTION('',(-0.,0.992340678184,-0.12353128519));
#6656 = ADVANCED_FACE('',(#6657),#6673,.F.);
#6657 = FACE_BOUND('',#6658,.F.);
#6658 = EDGE_LOOP('',(#6659,#6665,#6666,#6672));
#6659 = ORIENTED_EDGE('',*,*,#6660,.F.);
#6660 = EDGE_CURVE('',#6134,#6051,#6661,.T.);
#6661 = LINE('',#6662,#6663);
#6662 = CARTESIAN_POINT('',(0.32,1.666761426375,3.45));
#6663 = VECTOR('',#6664,1.);
#6664 = DIRECTION('',(-1.,0.,0.));
#6665 = ORIENTED_EDGE('',*,*,#6142,.T.);
#6666 = ORIENTED_EDGE('',*,*,#6667,.T.);
#6667 = EDGE_CURVE('',#6143,#6042,#6668,.T.);
#6668 = LINE('',#6669,#6670);
#6669 = CARTESIAN_POINT('',(0.4,1.666761426375,3.732514167383));
#6670 = VECTOR('',#6671,1.);
#6671 = DIRECTION('',(-1.,0.,0.));
#6672 = ORIENTED_EDGE('',*,*,#6050,.F.);
#6673 = PLANE('',#6674);
#6674 = AXIS2_PLACEMENT_3D('',#6675,#6676,#6677);
#6675 = CARTESIAN_POINT('',(0.32,1.666761426375,3.45));
#6676 = DIRECTION('',(0.,-1.,0.));
#6677 = DIRECTION('',(-1.,0.,0.));
#6678 = ADVANCED_FACE('',(#6679),#6705,.F.);
#6679 = FACE_BOUND('',#6680,.F.);
#6680 = EDGE_LOOP('',(#6681,#6691,#6697,#6698,#6699));
#6681 = ORIENTED_EDGE('',*,*,#6682,.F.);
#6682 = EDGE_CURVE('',#6683,#6685,#6687,.T.);
#6683 = VERTEX_POINT('',#6684);
#6684 = CARTESIAN_POINT('',(0.4,1.666761426375,3.732514167383));
#6685 = VERTEX_POINT('',#6686);
#6686 = CARTESIAN_POINT('',(0.4,2.366761426375,5.12847));
#6687 = LINE('',#6688,#6689);
#6688 = CARTESIAN_POINT('',(0.4,1.666761426375,3.732514167383));
#6689 = VECTOR('',#6690,1.);
#6690 = DIRECTION('',(0.,0.448249178262,0.8939086498));
#6691 = ORIENTED_EDGE('',*,*,#6692,.F.);
#6692 = EDGE_CURVE('',#6151,#6683,#6693,.T.);
#6693 = LINE('',#6694,#6695);
#6694 = CARTESIAN_POINT('',(0.4,1.40352285275,3.765283356459));
#6695 = VECTOR('',#6696,1.);
#6696 = DIRECTION('',(-0.,0.992340678184,-0.12353128519));
#6697 = ORIENTED_EDGE('',*,*,#6159,.F.);
#6698 = ORIENTED_EDGE('',*,*,#6090,.F.);
#6699 = ORIENTED_EDGE('',*,*,#6700,.F.);
#6700 = EDGE_CURVE('',#6685,#6091,#6701,.T.);
#6701 = LINE('',#6702,#6703);
#6702 = CARTESIAN_POINT('',(0.4,2.366761426375,5.12847));
#6703 = VECTOR('',#6704,1.);
#6704 = DIRECTION('',(0.,-0.8939086498,0.448249178262));
#6705 = PLANE('',#6706);
#6706 = AXIS2_PLACEMENT_3D('',#6707,#6708,#6709);
#6707 = CARTESIAN_POINT('',(0.4,1.332356653177,5.661145307804));
#6708 = DIRECTION('',(-1.,0.,0.));
#6709 = DIRECTION('',(0.,0.,1.));
#6710 = ADVANCED_FACE('',(#6711),#6722,.T.);
#6711 = FACE_BOUND('',#6712,.T.);
#6712 = EDGE_LOOP('',(#6713,#6719,#6720,#6721));
#6713 = ORIENTED_EDGE('',*,*,#6714,.T.);
#6714 = EDGE_CURVE('',#6685,#6615,#6715,.T.);
#6715 = LINE('',#6716,#6717);
#6716 = CARTESIAN_POINT('',(0.4,2.366761426375,5.12847));
#6717 = VECTOR('',#6718,1.);
#6718 = DIRECTION('',(-1.,0.,0.));
#6719 = ORIENTED_EDGE('',*,*,#6630,.T.);
#6720 = ORIENTED_EDGE('',*,*,#6100,.F.);
#6721 = ORIENTED_EDGE('',*,*,#6700,.F.);
#6722 = PLANE('',#6723);
#6723 = AXIS2_PLACEMENT_3D('',#6724,#6725,#6726);
#6724 = CARTESIAN_POINT('',(0.4,2.366761426375,5.12847));
#6725 = DIRECTION('',(0.,0.448249178262,0.8939086498));
#6726 = DIRECTION('',(0.,-0.8939086498,0.448249178262));
#6727 = ADVANCED_FACE('',(#6728),#6745,.T.);
#6728 = FACE_BOUND('',#6729,.T.);
#6729 = EDGE_LOOP('',(#6730,#6738,#6744));
#6730 = ORIENTED_EDGE('',*,*,#6731,.F.);
#6731 = EDGE_CURVE('',#6732,#6132,#6734,.T.);
#6732 = VERTEX_POINT('',#6733);
#6733 = CARTESIAN_POINT('',(0.4,1.666761426375,3.45));
#6734 = LINE('',#6735,#6736);
#6735 = CARTESIAN_POINT('',(0.4,1.666761426375,3.45));
#6736 = VECTOR('',#6737,1.);
#6737 = DIRECTION('',(0.,-1.,-2.E-16));
#6738 = ORIENTED_EDGE('',*,*,#6739,.T.);
#6739 = EDGE_CURVE('',#6732,#6134,#6740,.T.);
#6740 = LINE('',#6741,#6742);
#6741 = CARTESIAN_POINT('',(0.4,1.666761426375,3.45));
#6742 = VECTOR('',#6743,1.);
#6743 = DIRECTION('',(-1.,0.,0.));
#6744 = ORIENTED_EDGE('',*,*,#6131,.F.);
#6745 = PLANE('',#6746);
#6746 = AXIS2_PLACEMENT_3D('',#6747,#6748,#6749);
#6747 = CARTESIAN_POINT('',(0.4,1.666761426375,3.45));
#6748 = DIRECTION('',(0.,-2.E-16,1.));
#6749 = DIRECTION('',(0.,-1.,-2.E-16));
#6750 = ADVANCED_FACE('',(#6751),#6761,.T.);
#6751 = FACE_BOUND('',#6752,.T.);
#6752 = EDGE_LOOP('',(#6753,#6754,#6755));
#6753 = ORIENTED_EDGE('',*,*,#6692,.F.);
#6754 = ORIENTED_EDGE('',*,*,#6150,.F.);
#6755 = ORIENTED_EDGE('',*,*,#6756,.F.);
#6756 = EDGE_CURVE('',#6683,#6143,#6757,.T.);
#6757 = LINE('',#6758,#6759);
#6758 = CARTESIAN_POINT('',(0.4,1.666761426375,3.732514167383));
#6759 = VECTOR('',#6760,1.);
#6760 = DIRECTION('',(-1.,0.,0.));
#6761 = PLANE('',#6762);
#6762 = AXIS2_PLACEMENT_3D('',#6763,#6764,#6765);
#6763 = CARTESIAN_POINT('',(0.4,1.40352285275,3.765283356459));
#6764 = DIRECTION('',(0.,-0.12353128519,-0.992340678184));
#6765 = DIRECTION('',(-0.,0.992340678184,-0.12353128519));
#6766 = ADVANCED_FACE('',(#6767),#6778,.F.);
#6767 = FACE_BOUND('',#6768,.F.);
#6768 = EDGE_LOOP('',(#6769,#6775,#6776,#6777));
#6769 = ORIENTED_EDGE('',*,*,#6770,.T.);
#6770 = EDGE_CURVE('',#6462,#6327,#6771,.T.);
#6771 = LINE('',#6772,#6773);
#6772 = CARTESIAN_POINT('',(0.975,-7.823857362477E-02,3.45));
#6773 = VECTOR('',#6774,1.);
#6774 = DIRECTION('',(0.,0.,1.));
#6775 = ORIENTED_EDGE('',*,*,#6335,.T.);
#6776 = ORIENTED_EDGE('',*,*,#6177,.F.);
#6777 = ORIENTED_EDGE('',*,*,#6470,.F.);
#6778 = PLANE('',#6779);
#6779 = AXIS2_PLACEMENT_3D('',#6780,#6781,#6782);
#6780 = CARTESIAN_POINT('',(0.975,-7.823857362477E-02,3.45));
#6781 = DIRECTION('',(-1.,0.,0.));
#6782 = DIRECTION('',(0.,1.,0.));
#6783 = ADVANCED_FACE('',(#6784),#6795,.F.);
#6784 = FACE_BOUND('',#6785,.F.);
#6785 = EDGE_LOOP('',(#6786,#6792,#6793,#6794));
#6786 = ORIENTED_EDGE('',*,*,#6787,.T.);
#6787 = EDGE_CURVE('',#6213,#6259,#6788,.T.);
#6788 = LINE('',#6789,#6790);
#6789 = CARTESIAN_POINT('',(-0.698564,0.170214,9.45));
#6790 = VECTOR('',#6791,1.);
#6791 = DIRECTION('',(0.,0.,-1.));
#6792 = ORIENTED_EDGE('',*,*,#6258,.T.);
#6793 = ORIENTED_EDGE('',*,*,#6787,.F.);
#6794 = ORIENTED_EDGE('',*,*,#6212,.F.);
#6795 = CYLINDRICAL_SURFACE('',#6796,0.698564);
#6796 = AXIS2_PLACEMENT_3D('',#6797,#6798,#6799);
#6797 = CARTESIAN_POINT('',(-2.E-17,0.170214,9.45));
#6798 = DIRECTION('',(0.,0.,1.));
#6799 = DIRECTION('',(-1.,0.,0.));
#6800 = ADVANCED_FACE('',(#6801),#6812,.F.);
#6801 = FACE_BOUND('',#6802,.F.);
#6802 = EDGE_LOOP('',(#6803,#6804,#6805,#6806));
#6803 = ORIENTED_EDGE('',*,*,#6491,.T.);
#6804 = ORIENTED_EDGE('',*,*,#6310,.T.);
#6805 = ORIENTED_EDGE('',*,*,#6344,.F.);
#6806 = ORIENTED_EDGE('',*,*,#6807,.F.);
#6807 = EDGE_CURVE('',#6492,#6345,#6808,.T.);
#6808 = LINE('',#6809,#6810);
#6809 = CARTESIAN_POINT('',(0.711761426375,1.011761426375,3.45));
#6810 = VECTOR('',#6811,1.);
#6811 = DIRECTION('',(0.,0.,1.));
#6812 = CYLINDRICAL_SURFACE('',#6813,0.391761426375);
#6813 = AXIS2_PLACEMENT_3D('',#6814,#6815,#6816);
#6814 = CARTESIAN_POINT('',(0.32,1.011761426375,3.45));
#6815 = DIRECTION('',(0.,0.,-1.));
#6816 = DIRECTION('',(-1.,0.,0.));
#6817 = ADVANCED_FACE('',(#6818),#6847,.F.);
#6818 = FACE_BOUND('',#6819,.F.);
#6819 = EDGE_LOOP('',(#6820,#6829,#6837,#6844,#6845,#6846));
#6820 = ORIENTED_EDGE('',*,*,#6821,.T.);
#6821 = EDGE_CURVE('',#6478,#6822,#6824,.T.);
#6822 = VERTEX_POINT('',#6823);
#6823 = CARTESIAN_POINT('',(0.4,1.114684484901,3.336392809704));
#6824 = CIRCLE('',#6825,0.166761426375);
#6825 = AXIS2_PLACEMENT_3D('',#6826,#6827,#6828);
#6826 = CARTESIAN_POINT('',(0.4,1.236761426375,3.45));
#6827 = DIRECTION('',(-1.,0.,0.));
#6828 = DIRECTION('',(0.,-1.,0.));
#6829 = ORIENTED_EDGE('',*,*,#6830,.T.);
#6830 = EDGE_CURVE('',#6822,#6831,#6833,.T.);
#6831 = VERTEX_POINT('',#6832);
#6832 = CARTESIAN_POINT('',(-0.4,1.114684484901,3.336392809704));
#6833 = LINE('',#6834,#6835);
#6834 = CARTESIAN_POINT('',(0.4,1.114684484901,3.336392809704));
#6835 = VECTOR('',#6836,1.);
#6836 = DIRECTION('',(-1.,0.,0.));
#6837 = ORIENTED_EDGE('',*,*,#6838,.F.);
#6838 = EDGE_CURVE('',#6550,#6831,#6839,.T.);
#6839 = CIRCLE('',#6840,0.166761426375);
#6840 = AXIS2_PLACEMENT_3D('',#6841,#6842,#6843);
#6841 = CARTESIAN_POINT('',(-0.4,1.236761426375,3.45));
#6842 = DIRECTION('',(-1.,0.,0.));
#6843 = DIRECTION('',(0.,-1.,0.));
#6844 = ORIENTED_EDGE('',*,*,#6549,.F.);
#6845 = ORIENTED_EDGE('',*,*,#6302,.F.);
#6846 = ORIENTED_EDGE('',*,*,#6485,.F.);
#6847 = CYLINDRICAL_SURFACE('',#6848,0.166761426375);
#6848 = AXIS2_PLACEMENT_3D('',#6849,#6850,#6851);
#6849 = CARTESIAN_POINT('',(0.4,1.236761426375,3.45));
#6850 = DIRECTION('',(1.,0.,-0.));
#6851 = DIRECTION('',(0.,-1.,0.));
#6852 = ADVANCED_FACE('',(#6853),#6864,.F.);
#6853 = FACE_BOUND('',#6854,.F.);
#6854 = EDGE_LOOP('',(#6855,#6856,#6862,#6863));
#6855 = ORIENTED_EDGE('',*,*,#6542,.T.);
#6856 = ORIENTED_EDGE('',*,*,#6857,.T.);
#6857 = EDGE_CURVE('',#6535,#6388,#6858,.T.);
#6858 = LINE('',#6859,#6860);
#6859 = CARTESIAN_POINT('',(-0.711761426375,1.011761426375,3.45));
#6860 = VECTOR('',#6861,1.);
#6861 = DIRECTION('',(0.,0.,1.));
#6862 = ORIENTED_EDGE('',*,*,#6395,.F.);
#6863 = ORIENTED_EDGE('',*,*,#6294,.F.);
#6864 = CYLINDRICAL_SURFACE('',#6865,0.391761426375);
#6865 = AXIS2_PLACEMENT_3D('',#6866,#6867,#6868);
#6866 = CARTESIAN_POINT('',(-0.32,1.011761426375,3.45));
#6867 = DIRECTION('',(0.,0.,-1.));
#6868 = DIRECTION('',(-1.,0.,0.));
#6869 = ADVANCED_FACE('',(#6870),#6881,.T.);
#6870 = FACE_BOUND('',#6871,.T.);
#6871 = EDGE_LOOP('',(#6872,#6873,#6874,#6875));
#6872 = ORIENTED_EDGE('',*,*,#6459,.T.);
#6873 = ORIENTED_EDGE('',*,*,#6770,.T.);
#6874 = ORIENTED_EDGE('',*,*,#6324,.F.);
#6875 = ORIENTED_EDGE('',*,*,#6876,.F.);
#6876 = EDGE_CURVE('',#6460,#6325,#6877,.T.);
#6877 = LINE('',#6878,#6879);
#6878 = CARTESIAN_POINT('',(0.32,-0.733238573625,3.45));
#6879 = VECTOR('',#6880,1.);
#6880 = DIRECTION('',(0.,0.,1.));
#6881 = CYLINDRICAL_SURFACE('',#6882,0.655);
#6882 = AXIS2_PLACEMENT_3D('',#6883,#6884,#6885);
#6883 = CARTESIAN_POINT('',(0.32,-7.823857362477E-02,3.45));
#6884 = DIRECTION('',(0.,0.,-1.));
#6885 = DIRECTION('',(-1.,0.,0.));
#6886 = ADVANCED_FACE('',(#6887),#6898,.F.);
#6887 = FACE_BOUND('',#6888,.F.);
#6888 = EDGE_LOOP('',(#6889,#6895,#6896,#6897));
#6889 = ORIENTED_EDGE('',*,*,#6890,.T.);
#6890 = EDGE_CURVE('',#6573,#6414,#6891,.T.);
#6891 = LINE('',#6892,#6893);
#6892 = CARTESIAN_POINT('',(-0.32,-0.733238573625,3.45));
#6893 = VECTOR('',#6894,1.);
#6894 = DIRECTION('',(0.,0.,1.));
#6895 = ORIENTED_EDGE('',*,*,#6422,.T.);
#6896 = ORIENTED_EDGE('',*,*,#6876,.F.);
#6897 = ORIENTED_EDGE('',*,*,#6581,.F.);
#6898 = PLANE('',#6899);
#6899 = AXIS2_PLACEMENT_3D('',#6900,#6901,#6902);
#6900 = CARTESIAN_POINT('',(-0.32,-0.733238573625,3.45));
#6901 = DIRECTION('',(0.,1.,0.));
#6902 = DIRECTION('',(1.,0.,0.));
#6903 = ADVANCED_FACE('',(#6904),#6910,.T.);
#6904 = FACE_BOUND('',#6905,.T.);
#6905 = EDGE_LOOP('',(#6906,#6907,#6908,#6909));
#6906 = ORIENTED_EDGE('',*,*,#6572,.T.);
#6907 = ORIENTED_EDGE('',*,*,#6890,.T.);
#6908 = ORIENTED_EDGE('',*,*,#6413,.F.);
#6909 = ORIENTED_EDGE('',*,*,#6597,.F.);
#6910 = CYLINDRICAL_SURFACE('',#6911,0.655);
#6911 = AXIS2_PLACEMENT_3D('',#6912,#6913,#6914);
#6912 = CARTESIAN_POINT('',(-0.32,-7.823857362477E-02,3.45));
#6913 = DIRECTION('',(0.,0.,-1.));
#6914 = DIRECTION('',(-1.,0.,0.));
#6915 = ADVANCED_FACE('',(#6916),#6927,.T.);
#6916 = FACE_BOUND('',#6917,.T.);
#6917 = EDGE_LOOP('',(#6918,#6919,#6920,#6926));
#6918 = ORIENTED_EDGE('',*,*,#6857,.T.);
#6919 = ORIENTED_EDGE('',*,*,#6387,.T.);
#6920 = ORIENTED_EDGE('',*,*,#6921,.F.);
#6921 = EDGE_CURVE('',#6526,#6379,#6922,.T.);
#6922 = LINE('',#6923,#6924);
#6923 = CARTESIAN_POINT('',(-0.711761426375,-7.823857362477E-02,3.45));
#6924 = VECTOR('',#6925,1.);
#6925 = DIRECTION('',(0.,0.,1.));
#6926 = ORIENTED_EDGE('',*,*,#6534,.F.);
#6927 = PLANE('',#6928);
#6928 = AXIS2_PLACEMENT_3D('',#6929,#6930,#6931);
#6929 = CARTESIAN_POINT('',(-0.711761426375,1.011761426375,3.45));
#6930 = DIRECTION('',(1.,0.,0.));
#6931 = DIRECTION('',(0.,-1.,0.));
#6932 = ADVANCED_FACE('',(#6933),#6944,.F.);
#6933 = FACE_BOUND('',#6934,.F.);
#6934 = EDGE_LOOP('',(#6935,#6936,#6942,#6943));
#6935 = ORIENTED_EDGE('',*,*,#6525,.T.);
#6936 = ORIENTED_EDGE('',*,*,#6937,.T.);
#6937 = EDGE_CURVE('',#6518,#6371,#6938,.T.);
#6938 = LINE('',#6939,#6940);
#6939 = CARTESIAN_POINT('',(-0.32,-0.47,3.45));
#6940 = VECTOR('',#6941,1.);
#6941 = DIRECTION('',(0.,0.,1.));
#6942 = ORIENTED_EDGE('',*,*,#6378,.F.);
#6943 = ORIENTED_EDGE('',*,*,#6921,.F.);
#6944 = CYLINDRICAL_SURFACE('',#6945,0.391761426375);
#6945 = AXIS2_PLACEMENT_3D('',#6946,#6947,#6948);
#6946 = CARTESIAN_POINT('',(-0.32,-7.823857362477E-02,3.45));
#6947 = DIRECTION('',(0.,0.,-1.));
#6948 = DIRECTION('',(-1.,0.,0.));
#6949 = ADVANCED_FACE('',(#6950),#6961,.T.);
#6950 = FACE_BOUND('',#6951,.T.);
#6951 = EDGE_LOOP('',(#6952,#6953,#6954,#6960));
#6952 = ORIENTED_EDGE('',*,*,#6937,.T.);
#6953 = ORIENTED_EDGE('',*,*,#6370,.T.);
#6954 = ORIENTED_EDGE('',*,*,#6955,.F.);
#6955 = EDGE_CURVE('',#6509,#6362,#6956,.T.);
#6956 = LINE('',#6957,#6958);
#6957 = CARTESIAN_POINT('',(0.32,-0.47,3.45));
#6958 = VECTOR('',#6959,1.);
#6959 = DIRECTION('',(0.,0.,1.));
#6960 = ORIENTED_EDGE('',*,*,#6517,.F.);
#6961 = PLANE('',#6962);
#6962 = AXIS2_PLACEMENT_3D('',#6963,#6964,#6965);
#6963 = CARTESIAN_POINT('',(-0.32,-0.47,3.45));
#6964 = DIRECTION('',(0.,1.,0.));
#6965 = DIRECTION('',(1.,0.,0.));
#6966 = ADVANCED_FACE('',(#6967),#6978,.F.);
#6967 = FACE_BOUND('',#6968,.F.);
#6968 = EDGE_LOOP('',(#6969,#6970,#6976,#6977));
#6969 = ORIENTED_EDGE('',*,*,#6508,.T.);
#6970 = ORIENTED_EDGE('',*,*,#6971,.T.);
#6971 = EDGE_CURVE('',#6501,#6354,#6972,.T.);
#6972 = LINE('',#6973,#6974);
#6973 = CARTESIAN_POINT('',(0.711761426375,-7.823857362477E-02,3.45));
#6974 = VECTOR('',#6975,1.);
#6975 = DIRECTION('',(0.,0.,1.));
#6976 = ORIENTED_EDGE('',*,*,#6361,.F.);
#6977 = ORIENTED_EDGE('',*,*,#6955,.F.);
#6978 = CYLINDRICAL_SURFACE('',#6979,0.391761426375);
#6979 = AXIS2_PLACEMENT_3D('',#6980,#6981,#6982);
#6980 = CARTESIAN_POINT('',(0.32,-7.823857362477E-02,3.45));
#6981 = DIRECTION('',(0.,0.,-1.));
#6982 = DIRECTION('',(-1.,0.,0.));
#6983 = ADVANCED_FACE('',(#6984),#6990,.T.);
#6984 = FACE_BOUND('',#6985,.T.);
#6985 = EDGE_LOOP('',(#6986,#6987,#6988,#6989));
#6986 = ORIENTED_EDGE('',*,*,#6971,.T.);
#6987 = ORIENTED_EDGE('',*,*,#6353,.T.);
#6988 = ORIENTED_EDGE('',*,*,#6807,.F.);
#6989 = ORIENTED_EDGE('',*,*,#6500,.F.);
#6990 = PLANE('',#6991);
#6991 = AXIS2_PLACEMENT_3D('',#6992,#6993,#6994);
#6992 = CARTESIAN_POINT('',(0.711761426375,-7.823857362477E-02,3.45));
#6993 = DIRECTION('',(-1.,0.,0.));
#6994 = DIRECTION('',(0.,1.,0.));
#6995 = ADVANCED_FACE('',(#6996),#7084,.T.);
#6996 = FACE_BOUND('',#6997,.F.);
#6997 = EDGE_LOOP('',(#6998,#6999,#7000,#7001,#7009,#7018,#7026,#7035,
    #7043,#7052,#7060,#7069,#7077));
#6998 = ORIENTED_EDGE('',*,*,#6445,.T.);
#6999 = ORIENTED_EDGE('',*,*,#6557,.T.);
#7000 = ORIENTED_EDGE('',*,*,#6838,.T.);
#7001 = ORIENTED_EDGE('',*,*,#7002,.T.);
#7002 = EDGE_CURVE('',#6831,#7003,#7005,.T.);
#7003 = VERTEX_POINT('',#7004);
#7004 = CARTESIAN_POINT('',(-0.4,0.507864340432,3.988453186061));
#7005 = LINE('',#7006,#7007);
#7006 = CARTESIAN_POINT('',(-0.4,1.114684484901,3.336392809704));
#7007 = VECTOR('',#7008,1.);
#7008 = DIRECTION('',(0.,-0.681255808167,0.73204543837));
#7009 = ORIENTED_EDGE('',*,*,#7010,.T.);
#7010 = EDGE_CURVE('',#7003,#7011,#7013,.T.);
#7011 = VERTEX_POINT('',#7012);
#7012 = CARTESIAN_POINT('',(-0.4,0.433238573625,4.178184));
#7013 = CIRCLE('',#7014,0.278501572631);
#7014 = AXIS2_PLACEMENT_3D('',#7015,#7016,#7017);
#7015 = CARTESIAN_POINT('',(-0.4,0.711740146256,4.178184));
#7016 = DIRECTION('',(-1.,0.,0.));
#7017 = DIRECTION('',(0.,-1.,0.));
#7018 = ORIENTED_EDGE('',*,*,#7019,.T.);
#7019 = EDGE_CURVE('',#7011,#7020,#7022,.T.);
#7020 = VERTEX_POINT('',#7021);
#7021 = CARTESIAN_POINT('',(-0.4,0.433238573625,4.685074494728));
#7022 = LINE('',#7023,#7024);
#7023 = CARTESIAN_POINT('',(-0.4,0.433238573625,4.178184));
#7024 = VECTOR('',#7025,1.);
#7025 = DIRECTION('',(0.,0.,1.));
#7026 = ORIENTED_EDGE('',*,*,#7027,.T.);
#7027 = EDGE_CURVE('',#7020,#7028,#7030,.T.);
#7028 = VERTEX_POINT('',#7029);
#7029 = CARTESIAN_POINT('',(-0.4,0.575234225212,4.952153180724));
#7030 = CIRCLE('',#7031,0.332497);
#7031 = AXIS2_PLACEMENT_3D('',#7032,#7033,#7034);
#7032 = CARTESIAN_POINT('',(-0.4,0.765690642056,4.679608490276));
#7033 = DIRECTION('',(-1.,0.,0.));
#7034 = DIRECTION('',(0.,-1.,0.));
#7035 = ORIENTED_EDGE('',*,*,#7036,.F.);
#7036 = EDGE_CURVE('',#7037,#7028,#7039,.T.);
#7037 = VERTEX_POINT('',#7038);
#7038 = CARTESIAN_POINT('',(-0.4,0.424460852439,5.167911110498));
#7039 = LINE('',#7040,#7041);
#7040 = CARTESIAN_POINT('',(-0.4,0.424460852439,5.167911110498));
#7041 = VECTOR('',#7042,1.);
#7042 = DIRECTION('',(-0.,0.572806421845,-0.819690675251));
#7043 = ORIENTED_EDGE('',*,*,#7044,.F.);
#7044 = EDGE_CURVE('',#7045,#7037,#7047,.T.);
#7045 = VERTEX_POINT('',#7046);
#7046 = CARTESIAN_POINT('',(-0.4,0.17,4.685074494728));
#7047 = CIRCLE('',#7048,0.595715719314);
#7048 = AXIS2_PLACEMENT_3D('',#7049,#7050,#7051);
#7049 = CARTESIAN_POINT('',(-0.4,0.765690642056,4.679608490276));
#7050 = DIRECTION('',(-1.,0.,0.));
#7051 = DIRECTION('',(0.,-1.,0.));
#7052 = ORIENTED_EDGE('',*,*,#7053,.F.);
#7053 = EDGE_CURVE('',#7054,#7045,#7056,.T.);
#7054 = VERTEX_POINT('',#7055);
#7055 = CARTESIAN_POINT('',(-0.4,0.17,4.178184));
#7056 = LINE('',#7057,#7058);
#7057 = CARTESIAN_POINT('',(-0.4,0.17,4.178184));
#7058 = VECTOR('',#7059,1.);
#7059 = DIRECTION('',(0.,-1.1E-16,1.));
#7060 = ORIENTED_EDGE('',*,*,#7061,.F.);
#7061 = EDGE_CURVE('',#7062,#7054,#7064,.T.);
#7062 = VERTEX_POINT('',#7063);
#7063 = CARTESIAN_POINT('',(-0.4,0.315161743407,3.809120378846));
#7064 = CIRCLE('',#7065,0.541740146256);
#7065 = AXIS2_PLACEMENT_3D('',#7066,#7067,#7068);
#7066 = CARTESIAN_POINT('',(-0.4,0.711740146256,4.178184));
#7067 = DIRECTION('',(-1.,0.,0.));
#7068 = DIRECTION('',(0.,-1.,0.));
#7069 = ORIENTED_EDGE('',*,*,#7070,.F.);
#7070 = EDGE_CURVE('',#7071,#7062,#7073,.T.);
#7071 = VERTEX_POINT('',#7072);
#7072 = CARTESIAN_POINT('',(-0.4,0.921981887876,3.157060002488));
#7073 = LINE('',#7074,#7075);
#7074 = CARTESIAN_POINT('',(-0.4,0.921981887876,3.157060002488));
#7075 = VECTOR('',#7076,1.);
#7076 = DIRECTION('',(0.,-0.681255808167,0.73204543837));
#7077 = ORIENTED_EDGE('',*,*,#7078,.F.);
#7078 = EDGE_CURVE('',#6438,#7071,#7079,.T.);
#7079 = CIRCLE('',#7080,0.43);
#7080 = AXIS2_PLACEMENT_3D('',#7081,#7082,#7083);
#7081 = CARTESIAN_POINT('',(-0.4,1.236761426375,3.45));
#7082 = DIRECTION('',(-1.,0.,0.));
#7083 = DIRECTION('',(0.,-1.,0.));
#7084 = PLANE('',#7085);
#7085 = AXIS2_PLACEMENT_3D('',#7086,#7087,#7088);
#7086 = CARTESIAN_POINT('',(-0.4,1.332356653177,5.661145307804));
#7087 = DIRECTION('',(-1.,0.,0.));
#7088 = DIRECTION('',(0.,0.,1.));
#7089 = ADVANCED_FACE('',(#7090),#7111,.T.);
#7090 = FACE_BOUND('',#7091,.T.);
#7091 = EDGE_LOOP('',(#7092,#7101,#7107,#7108,#7109,#7110));
#7092 = ORIENTED_EDGE('',*,*,#7093,.T.);
#7093 = EDGE_CURVE('',#6732,#7094,#7096,.T.);
#7094 = VERTEX_POINT('',#7095);
#7095 = CARTESIAN_POINT('',(0.4,0.921981887876,3.157060002488));
#7096 = CIRCLE('',#7097,0.43);
#7097 = AXIS2_PLACEMENT_3D('',#7098,#7099,#7100);
#7098 = CARTESIAN_POINT('',(0.4,1.236761426375,3.45));
#7099 = DIRECTION('',(-1.,0.,0.));
#7100 = DIRECTION('',(0.,-1.,0.));
#7101 = ORIENTED_EDGE('',*,*,#7102,.T.);
#7102 = EDGE_CURVE('',#7094,#7071,#7103,.T.);
#7103 = LINE('',#7104,#7105);
#7104 = CARTESIAN_POINT('',(0.4,0.921981887876,3.157060002488));
#7105 = VECTOR('',#7106,1.);
#7106 = DIRECTION('',(-1.,0.,0.));
#7107 = ORIENTED_EDGE('',*,*,#7078,.F.);
#7108 = ORIENTED_EDGE('',*,*,#6437,.F.);
#7109 = ORIENTED_EDGE('',*,*,#6660,.F.);
#7110 = ORIENTED_EDGE('',*,*,#6739,.F.);
#7111 = CYLINDRICAL_SURFACE('',#7112,0.43);
#7112 = AXIS2_PLACEMENT_3D('',#7113,#7114,#7115);
#7113 = CARTESIAN_POINT('',(0.4,1.236761426375,3.45));
#7114 = DIRECTION('',(1.,0.,-0.));
#7115 = DIRECTION('',(0.,-1.,0.));
#7116 = ADVANCED_FACE('',(#7117),#7197,.F.);
#7117 = FACE_BOUND('',#7118,.T.);
#7118 = EDGE_LOOP('',(#7119,#7120,#7121,#7122,#7130,#7139,#7147,#7156,
    #7164,#7173,#7181,#7190,#7196));
#7119 = ORIENTED_EDGE('',*,*,#6731,.T.);
#7120 = ORIENTED_EDGE('',*,*,#6477,.T.);
#7121 = ORIENTED_EDGE('',*,*,#6821,.T.);
#7122 = ORIENTED_EDGE('',*,*,#7123,.T.);
#7123 = EDGE_CURVE('',#6822,#7124,#7126,.T.);
#7124 = VERTEX_POINT('',#7125);
#7125 = CARTESIAN_POINT('',(0.4,0.507864340432,3.988453186061));
#7126 = LINE('',#7127,#7128);
#7127 = CARTESIAN_POINT('',(0.4,1.114684484901,3.336392809704));
#7128 = VECTOR('',#7129,1.);
#7129 = DIRECTION('',(0.,-0.681255808167,0.73204543837));
#7130 = ORIENTED_EDGE('',*,*,#7131,.T.);
#7131 = EDGE_CURVE('',#7124,#7132,#7134,.T.);
#7132 = VERTEX_POINT('',#7133);
#7133 = CARTESIAN_POINT('',(0.4,0.433238573625,4.178184));
#7134 = CIRCLE('',#7135,0.278501572631);
#7135 = AXIS2_PLACEMENT_3D('',#7136,#7137,#7138);
#7136 = CARTESIAN_POINT('',(0.4,0.711740146256,4.178184));
#7137 = DIRECTION('',(-1.,0.,0.));
#7138 = DIRECTION('',(0.,-1.,0.));
#7139 = ORIENTED_EDGE('',*,*,#7140,.T.);
#7140 = EDGE_CURVE('',#7132,#7141,#7143,.T.);
#7141 = VERTEX_POINT('',#7142);
#7142 = CARTESIAN_POINT('',(0.4,0.433238573625,4.685074494728));
#7143 = LINE('',#7144,#7145);
#7144 = CARTESIAN_POINT('',(0.4,0.433238573625,4.178184));
#7145 = VECTOR('',#7146,1.);
#7146 = DIRECTION('',(0.,0.,1.));
#7147 = ORIENTED_EDGE('',*,*,#7148,.T.);
#7148 = EDGE_CURVE('',#7141,#7149,#7151,.T.);
#7149 = VERTEX_POINT('',#7150);
#7150 = CARTESIAN_POINT('',(0.4,0.575234225212,4.952153180724));
#7151 = CIRCLE('',#7152,0.332497);
#7152 = AXIS2_PLACEMENT_3D('',#7153,#7154,#7155);
#7153 = CARTESIAN_POINT('',(0.4,0.765690642056,4.679608490276));
#7154 = DIRECTION('',(-1.,0.,0.));
#7155 = DIRECTION('',(0.,-1.,0.));
#7156 = ORIENTED_EDGE('',*,*,#7157,.F.);
#7157 = EDGE_CURVE('',#7158,#7149,#7160,.T.);
#7158 = VERTEX_POINT('',#7159);
#7159 = CARTESIAN_POINT('',(0.4,0.424460852439,5.167911110498));
#7160 = LINE('',#7161,#7162);
#7161 = CARTESIAN_POINT('',(0.4,0.424460852439,5.167911110498));
#7162 = VECTOR('',#7163,1.);
#7163 = DIRECTION('',(-0.,0.572806421845,-0.819690675251));
#7164 = ORIENTED_EDGE('',*,*,#7165,.F.);
#7165 = EDGE_CURVE('',#7166,#7158,#7168,.T.);
#7166 = VERTEX_POINT('',#7167);
#7167 = CARTESIAN_POINT('',(0.4,0.17,4.685074494728));
#7168 = CIRCLE('',#7169,0.595715719314);
#7169 = AXIS2_PLACEMENT_3D('',#7170,#7171,#7172);
#7170 = CARTESIAN_POINT('',(0.4,0.765690642056,4.679608490276));
#7171 = DIRECTION('',(-1.,0.,0.));
#7172 = DIRECTION('',(0.,-1.,0.));
#7173 = ORIENTED_EDGE('',*,*,#7174,.F.);
#7174 = EDGE_CURVE('',#7175,#7166,#7177,.T.);
#7175 = VERTEX_POINT('',#7176);
#7176 = CARTESIAN_POINT('',(0.4,0.17,4.178184));
#7177 = LINE('',#7178,#7179);
#7178 = CARTESIAN_POINT('',(0.4,0.17,4.178184));
#7179 = VECTOR('',#7180,1.);
#7180 = DIRECTION('',(0.,-1.1E-16,1.));
#7181 = ORIENTED_EDGE('',*,*,#7182,.F.);
#7182 = EDGE_CURVE('',#7183,#7175,#7185,.T.);
#7183 = VERTEX_POINT('',#7184);
#7184 = CARTESIAN_POINT('',(0.4,0.315161743407,3.809120378846));
#7185 = CIRCLE('',#7186,0.541740146256);
#7186 = AXIS2_PLACEMENT_3D('',#7187,#7188,#7189);
#7187 = CARTESIAN_POINT('',(0.4,0.711740146256,4.178184));
#7188 = DIRECTION('',(-1.,0.,0.));
#7189 = DIRECTION('',(0.,-1.,0.));
#7190 = ORIENTED_EDGE('',*,*,#7191,.F.);
#7191 = EDGE_CURVE('',#7094,#7183,#7192,.T.);
#7192 = LINE('',#7193,#7194);
#7193 = CARTESIAN_POINT('',(0.4,0.921981887876,3.157060002488));
#7194 = VECTOR('',#7195,1.);
#7195 = DIRECTION('',(0.,-0.681255808167,0.73204543837));
#7196 = ORIENTED_EDGE('',*,*,#7093,.F.);
#7197 = PLANE('',#7198);
#7198 = AXIS2_PLACEMENT_3D('',#7199,#7200,#7201);
#7199 = CARTESIAN_POINT('',(0.4,1.332356653177,5.661145307804));
#7200 = DIRECTION('',(-1.,0.,0.));
#7201 = DIRECTION('',(0.,0.,1.));
#7202 = ADVANCED_FACE('',(#7203),#7211,.T.);
#7203 = FACE_BOUND('',#7204,.T.);
#7204 = EDGE_LOOP('',(#7205,#7206,#7207,#7208,#7209,#7210));
#7205 = ORIENTED_EDGE('',*,*,#6756,.T.);
#7206 = ORIENTED_EDGE('',*,*,#6667,.T.);
#7207 = ORIENTED_EDGE('',*,*,#6644,.T.);
#7208 = ORIENTED_EDGE('',*,*,#6612,.T.);
#7209 = ORIENTED_EDGE('',*,*,#6714,.F.);
#7210 = ORIENTED_EDGE('',*,*,#6682,.F.);
#7211 = PLANE('',#7212);
#7212 = AXIS2_PLACEMENT_3D('',#7213,#7214,#7215);
#7213 = CARTESIAN_POINT('',(0.4,1.666761426375,3.732514167383));
#7214 = DIRECTION('',(-0.,0.8939086498,-0.448249178262));
#7215 = DIRECTION('',(0.,0.448249178262,0.8939086498));
#7216 = ADVANCED_FACE('',(#7217),#7228,.T.);
#7217 = FACE_BOUND('',#7218,.T.);
#7218 = EDGE_LOOP('',(#7219,#7220,#7221,#7227));
#7219 = ORIENTED_EDGE('',*,*,#6830,.T.);
#7220 = ORIENTED_EDGE('',*,*,#7002,.T.);
#7221 = ORIENTED_EDGE('',*,*,#7222,.F.);
#7222 = EDGE_CURVE('',#7124,#7003,#7223,.T.);
#7223 = LINE('',#7224,#7225);
#7224 = CARTESIAN_POINT('',(0.4,0.507864340432,3.988453186061));
#7225 = VECTOR('',#7226,1.);
#7226 = DIRECTION('',(-1.,0.,0.));
#7227 = ORIENTED_EDGE('',*,*,#7123,.F.);
#7228 = PLANE('',#7229);
#7229 = AXIS2_PLACEMENT_3D('',#7230,#7231,#7232);
#7230 = CARTESIAN_POINT('',(0.4,1.114684484901,3.336392809704));
#7231 = DIRECTION('',(0.,0.73204543837,0.681255808167));
#7232 = DIRECTION('',(0.,-0.681255808167,0.73204543837));
#7233 = ADVANCED_FACE('',(#7234),#7245,.F.);
#7234 = FACE_BOUND('',#7235,.F.);
#7235 = EDGE_LOOP('',(#7236,#7237,#7243,#7244));
#7236 = ORIENTED_EDGE('',*,*,#7131,.T.);
#7237 = ORIENTED_EDGE('',*,*,#7238,.T.);
#7238 = EDGE_CURVE('',#7132,#7011,#7239,.T.);
#7239 = LINE('',#7240,#7241);
#7240 = CARTESIAN_POINT('',(0.4,0.433238573625,4.178184));
#7241 = VECTOR('',#7242,1.);
#7242 = DIRECTION('',(-1.,0.,0.));
#7243 = ORIENTED_EDGE('',*,*,#7010,.F.);
#7244 = ORIENTED_EDGE('',*,*,#7222,.F.);
#7245 = CYLINDRICAL_SURFACE('',#7246,0.278501572631);
#7246 = AXIS2_PLACEMENT_3D('',#7247,#7248,#7249);
#7247 = CARTESIAN_POINT('',(0.4,0.711740146256,4.178184));
#7248 = DIRECTION('',(1.,0.,-0.));
#7249 = DIRECTION('',(0.,-1.,0.));
#7250 = ADVANCED_FACE('',(#7251),#7262,.T.);
#7251 = FACE_BOUND('',#7252,.T.);
#7252 = EDGE_LOOP('',(#7253,#7254,#7255,#7261));
#7253 = ORIENTED_EDGE('',*,*,#7238,.T.);
#7254 = ORIENTED_EDGE('',*,*,#7019,.T.);
#7255 = ORIENTED_EDGE('',*,*,#7256,.F.);
#7256 = EDGE_CURVE('',#7141,#7020,#7257,.T.);
#7257 = LINE('',#7258,#7259);
#7258 = CARTESIAN_POINT('',(0.4,0.433238573625,4.685074494728));
#7259 = VECTOR('',#7260,1.);
#7260 = DIRECTION('',(-1.,0.,0.));
#7261 = ORIENTED_EDGE('',*,*,#7140,.F.);
#7262 = PLANE('',#7263);
#7263 = AXIS2_PLACEMENT_3D('',#7264,#7265,#7266);
#7264 = CARTESIAN_POINT('',(0.4,0.433238573625,4.178184));
#7265 = DIRECTION('',(0.,1.,0.));
#7266 = DIRECTION('',(0.,-0.,1.));
#7267 = ADVANCED_FACE('',(#7268),#7279,.F.);
#7268 = FACE_BOUND('',#7269,.F.);
#7269 = EDGE_LOOP('',(#7270,#7271,#7277,#7278));
#7270 = ORIENTED_EDGE('',*,*,#7148,.T.);
#7271 = ORIENTED_EDGE('',*,*,#7272,.T.);
#7272 = EDGE_CURVE('',#7149,#7028,#7273,.T.);
#7273 = LINE('',#7274,#7275);
#7274 = CARTESIAN_POINT('',(0.4,0.575234225212,4.952153180724));
#7275 = VECTOR('',#7276,1.);
#7276 = DIRECTION('',(-1.,0.,0.));
#7277 = ORIENTED_EDGE('',*,*,#7027,.F.);
#7278 = ORIENTED_EDGE('',*,*,#7256,.F.);
#7279 = CYLINDRICAL_SURFACE('',#7280,0.332497);
#7280 = AXIS2_PLACEMENT_3D('',#7281,#7282,#7283);
#7281 = CARTESIAN_POINT('',(0.4,0.765690642056,4.679608490276));
#7282 = DIRECTION('',(1.,0.,-0.));
#7283 = DIRECTION('',(0.,-1.,0.));
#7284 = ADVANCED_FACE('',(#7285),#7296,.F.);
#7285 = FACE_BOUND('',#7286,.F.);
#7286 = EDGE_LOOP('',(#7287,#7293,#7294,#7295));
#7287 = ORIENTED_EDGE('',*,*,#7288,.T.);
#7288 = EDGE_CURVE('',#7158,#7037,#7289,.T.);
#7289 = LINE('',#7290,#7291);
#7290 = CARTESIAN_POINT('',(0.4,0.424460852439,5.167911110498));
#7291 = VECTOR('',#7292,1.);
#7292 = DIRECTION('',(-1.,0.,0.));
#7293 = ORIENTED_EDGE('',*,*,#7036,.T.);
#7294 = ORIENTED_EDGE('',*,*,#7272,.F.);
#7295 = ORIENTED_EDGE('',*,*,#7157,.F.);
#7296 = PLANE('',#7297);
#7297 = AXIS2_PLACEMENT_3D('',#7298,#7299,#7300);
#7298 = CARTESIAN_POINT('',(0.4,0.424460852439,5.167911110498));
#7299 = DIRECTION('',(0.,-0.819690675251,-0.572806421845));
#7300 = DIRECTION('',(-0.,0.572806421845,-0.819690675251));
#7301 = ADVANCED_FACE('',(#7302),#7313,.T.);
#7302 = FACE_BOUND('',#7303,.T.);
#7303 = EDGE_LOOP('',(#7304,#7305,#7306,#7307));
#7304 = ORIENTED_EDGE('',*,*,#7165,.T.);
#7305 = ORIENTED_EDGE('',*,*,#7288,.T.);
#7306 = ORIENTED_EDGE('',*,*,#7044,.F.);
#7307 = ORIENTED_EDGE('',*,*,#7308,.F.);
#7308 = EDGE_CURVE('',#7166,#7045,#7309,.T.);
#7309 = LINE('',#7310,#7311);
#7310 = CARTESIAN_POINT('',(0.4,0.17,4.685074494728));
#7311 = VECTOR('',#7312,1.);
#7312 = DIRECTION('',(-1.,0.,0.));
#7313 = CYLINDRICAL_SURFACE('',#7314,0.595715719314);
#7314 = AXIS2_PLACEMENT_3D('',#7315,#7316,#7317);
#7315 = CARTESIAN_POINT('',(0.4,0.765690642056,4.679608490276));
#7316 = DIRECTION('',(1.,0.,-0.));
#7317 = DIRECTION('',(0.,-1.,0.));
#7318 = ADVANCED_FACE('',(#7319),#7330,.F.);
#7319 = FACE_BOUND('',#7320,.F.);
#7320 = EDGE_LOOP('',(#7321,#7327,#7328,#7329));
#7321 = ORIENTED_EDGE('',*,*,#7322,.T.);
#7322 = EDGE_CURVE('',#7175,#7054,#7323,.T.);
#7323 = LINE('',#7324,#7325);
#7324 = CARTESIAN_POINT('',(0.4,0.17,4.178184));
#7325 = VECTOR('',#7326,1.);
#7326 = DIRECTION('',(-1.,0.,0.));
#7327 = ORIENTED_EDGE('',*,*,#7053,.T.);
#7328 = ORIENTED_EDGE('',*,*,#7308,.F.);
#7329 = ORIENTED_EDGE('',*,*,#7174,.F.);
#7330 = PLANE('',#7331);
#7331 = AXIS2_PLACEMENT_3D('',#7332,#7333,#7334);
#7332 = CARTESIAN_POINT('',(0.4,0.17,4.178184));
#7333 = DIRECTION('',(0.,1.,1.1E-16));
#7334 = DIRECTION('',(0.,-1.1E-16,1.));
#7335 = ADVANCED_FACE('',(#7336),#7347,.T.);
#7336 = FACE_BOUND('',#7337,.T.);
#7337 = EDGE_LOOP('',(#7338,#7339,#7340,#7341));
#7338 = ORIENTED_EDGE('',*,*,#7182,.T.);
#7339 = ORIENTED_EDGE('',*,*,#7322,.T.);
#7340 = ORIENTED_EDGE('',*,*,#7061,.F.);
#7341 = ORIENTED_EDGE('',*,*,#7342,.F.);
#7342 = EDGE_CURVE('',#7183,#7062,#7343,.T.);
#7343 = LINE('',#7344,#7345);
#7344 = CARTESIAN_POINT('',(0.4,0.315161743407,3.809120378846));
#7345 = VECTOR('',#7346,1.);
#7346 = DIRECTION('',(-1.,0.,0.));
#7347 = CYLINDRICAL_SURFACE('',#7348,0.541740146256);
#7348 = AXIS2_PLACEMENT_3D('',#7349,#7350,#7351);
#7349 = CARTESIAN_POINT('',(0.4,0.711740146256,4.178184));
#7350 = DIRECTION('',(1.,0.,-0.));
#7351 = DIRECTION('',(0.,-1.,0.));
#7352 = ADVANCED_FACE('',(#7353),#7359,.F.);
#7353 = FACE_BOUND('',#7354,.F.);
#7354 = EDGE_LOOP('',(#7355,#7356,#7357,#7358));
#7355 = ORIENTED_EDGE('',*,*,#7102,.T.);
#7356 = ORIENTED_EDGE('',*,*,#7070,.T.);
#7357 = ORIENTED_EDGE('',*,*,#7342,.F.);
#7358 = ORIENTED_EDGE('',*,*,#7191,.F.);
#7359 = PLANE('',#7360);
#7360 = AXIS2_PLACEMENT_3D('',#7361,#7362,#7363);
#7361 = CARTESIAN_POINT('',(0.4,0.921981887876,3.157060002488));
#7362 = DIRECTION('',(0.,0.73204543837,0.681255808167));
#7363 = DIRECTION('',(0.,-0.681255808167,0.73204543837));
#7364 = ( GEOMETRIC_REPRESENTATION_CONTEXT(3) 
GLOBAL_UNCERTAINTY_ASSIGNED_CONTEXT((#7368)) 
GLOBAL_UNIT_ASSIGNED_CONTEXT((#7365,#7366,#7367)) REPRESENTATION_CONTEXT
('Context #1','3D Context with UNIT and UNCERTAINTY') );
#7365 = ( LENGTH_UNIT() NAMED_UNIT(*) SI_UNIT(.MILLI.,.METRE.) );
#7366 = ( NAMED_UNIT(*) PLANE_ANGLE_UNIT() SI_UNIT($,.RADIAN.) );
#7367 = ( NAMED_UNIT(*) SI_UNIT($,.STERADIAN.) SOLID_ANGLE_UNIT() );
#7368 = UNCERTAINTY_MEASURE_WITH_UNIT(LENGTH_MEASURE(1.E-07),#7365,
  'distance_accuracy_value','confusion accuracy');
#7369 = CONTEXT_DEPENDENT_SHAPE_REPRESENTATION(#7370,#7372);
#7370 = ( REPRESENTATION_RELATIONSHIP('','',#5757,#5710) 
REPRESENTATION_RELATIONSHIP_WITH_TRANSFORMATION(#7371) 
SHAPE_REPRESENTATION_RELATIONSHIP() );
#7371 = ITEM_DEFINED_TRANSFORMATION('','',#11,#5711);
#7372 = PRODUCT_DEFINITION_SHAPE('Placement','Placement of an item',
  #7373);
#7373 = NEXT_ASSEMBLY_USAGE_OCCURRENCE('127','0','',#5705,#5752,$);
#7374 = PRODUCT_RELATED_PRODUCT_CATEGORY('part',$,(#5754));
#7375 = CONTEXT_DEPENDENT_SHAPE_REPRESENTATION(#7376,#7378);
#7376 = ( REPRESENTATION_RELATIONSHIP('','',#5757,#5710) 
REPRESENTATION_RELATIONSHIP_WITH_TRANSFORMATION(#7377) 
SHAPE_REPRESENTATION_RELATIONSHIP() );
#7377 = ITEM_DEFINED_TRANSFORMATION('','',#11,#5715);
#7378 = PRODUCT_DEFINITION_SHAPE('Placement','Placement of an item',
  #7379);
#7379 = NEXT_ASSEMBLY_USAGE_OCCURRENCE('128','1','',#5705,#5752,$);
#7380 = CONTEXT_DEPENDENT_SHAPE_REPRESENTATION(#7381,#7383);
#7381 = ( REPRESENTATION_RELATIONSHIP('','',#5757,#5710) 
REPRESENTATION_RELATIONSHIP_WITH_TRANSFORMATION(#7382) 
SHAPE_REPRESENTATION_RELATIONSHIP() );
#7382 = ITEM_DEFINED_TRANSFORMATION('','',#11,#5719);
#7383 = PRODUCT_DEFINITION_SHAPE('Placement','Placement of an item',
  #7384);
#7384 = NEXT_ASSEMBLY_USAGE_OCCURRENCE('129','2','',#5705,#5752,$);
#7385 = CONTEXT_DEPENDENT_SHAPE_REPRESENTATION(#7386,#7388);
#7386 = ( REPRESENTATION_RELATIONSHIP('','',#5757,#5710) 
REPRESENTATION_RELATIONSHIP_WITH_TRANSFORMATION(#7387) 
SHAPE_REPRESENTATION_RELATIONSHIP() );
#7387 = ITEM_DEFINED_TRANSFORMATION('','',#11,#5723);
#7388 = PRODUCT_DEFINITION_SHAPE('Placement','Placement of an item',
  #7389);
#7389 = NEXT_ASSEMBLY_USAGE_OCCURRENCE('130','3','',#5705,#5752,$);
#7390 = CONTEXT_DEPENDENT_SHAPE_REPRESENTATION(#7391,#7393);
#7391 = ( REPRESENTATION_RELATIONSHIP('','',#5757,#5710) 
REPRESENTATION_RELATIONSHIP_WITH_TRANSFORMATION(#7392) 
SHAPE_REPRESENTATION_RELATIONSHIP() );
#7392 = ITEM_DEFINED_TRANSFORMATION('','',#11,#5727);
#7393 = PRODUCT_DEFINITION_SHAPE('Placement','Placement of an item',
  #7394);
#7394 = NEXT_ASSEMBLY_USAGE_OCCURRENCE('131','4','',#5705,#5752,$);
#7395 = CONTEXT_DEPENDENT_SHAPE_REPRESENTATION(#7396,#7398);
#7396 = ( REPRESENTATION_RELATIONSHIP('','',#5757,#5710) 
REPRESENTATION_RELATIONSHIP_WITH_TRANSFORMATION(#7397) 
SHAPE_REPRESENTATION_RELATIONSHIP() );
#7397 = ITEM_DEFINED_TRANSFORMATION('','',#11,#5731);
#7398 = PRODUCT_DEFINITION_SHAPE('Placement','Placement of an item',
  #7399);
#7399 = NEXT_ASSEMBLY_USAGE_OCCURRENCE('132','5','',#5705,#5752,$);
#7400 = CONTEXT_DEPENDENT_SHAPE_REPRESENTATION(#7401,#7403);
#7401 = ( REPRESENTATION_RELATIONSHIP('','',#5757,#5710) 
REPRESENTATION_RELATIONSHIP_WITH_TRANSFORMATION(#7402) 
SHAPE_REPRESENTATION_RELATIONSHIP() );
#7402 = ITEM_DEFINED_TRANSFORMATION('','',#11,#5735);
#7403 = PRODUCT_DEFINITION_SHAPE('Placement','Placement of an item',
  #7404);
#7404 = NEXT_ASSEMBLY_USAGE_OCCURRENCE('133','6','',#5705,#5752,$);
#7405 = MECHANICAL_DESIGN_GEOMETRIC_PRESENTATION_REPRESENTATION('',(
    #7406),#5692);
#7406 = STYLED_ITEM('color',(#7407),#37);
#7407 = PRESENTATION_STYLE_ASSIGNMENT((#7408,#7414));
#7408 = SURFACE_STYLE_USAGE(.BOTH.,#7409);
#7409 = SURFACE_SIDE_STYLE('',(#7410));
#7410 = SURFACE_STYLE_FILL_AREA(#7411);
#7411 = FILL_AREA_STYLE('',(#7412));
#7412 = FILL_AREA_STYLE_COLOUR('',#7413);
#7413 = DRAUGHTING_PRE_DEFINED_COLOUR('white');
#7414 = CURVE_STYLE('',#7415,POSITIVE_LENGTH_MEASURE(0.1),#7416);
#7415 = DRAUGHTING_PRE_DEFINED_CURVE_FONT('continuous');
#7416 = COLOUR_RGB('',9.803921802644E-02,9.803921802644E-02,
  9.803921802644E-02);
#7417 = MECHANICAL_DESIGN_GEOMETRIC_PRESENTATION_REPRESENTATION('',(
    #7418),#7364);
#7418 = STYLED_ITEM('color',(#7419),#5758);
#7419 = PRESENTATION_STYLE_ASSIGNMENT((#7420,#7426));
#7420 = SURFACE_STYLE_USAGE(.BOTH.,#7421);
#7421 = SURFACE_SIDE_STYLE('',(#7422));
#7422 = SURFACE_STYLE_FILL_AREA(#7423);
#7423 = FILL_AREA_STYLE('',(#7424));
#7424 = FILL_AREA_STYLE_COLOUR('',#7425);
#7425 = COLOUR_RGB('',0.399999997426,0.274509816483,0.);
#7426 = CURVE_STYLE('',#7427,POSITIVE_LENGTH_MEASURE(0.1),#7416);
#7427 = DRAUGHTING_PRE_DEFINED_CURVE_FONT('continuous');
ENDSEC;
END-ISO-10303-21;
