ISO-10303-21;
HEADER;
FILE_DESCRIPTION(('FreeCAD Model'),'2;1');
FILE_NAME('Open CASCADE Shape Model','2026-06-29T21:19:28',(''),(''),
  'Open CASCADE STEP processor 7.8','FreeCAD','Unknown');
FILE_SCHEMA(('AUTOMOTIVE_DESIGN { 1 0 10303 214 1 1 1 1 }'));
ENDSEC;
DATA;
#1 = APPLICATION_PROTOCOL_DEFINITION('international standard',
  'automotive_design',2000,#2);
#2 = APPLICATION_CONTEXT(
  'core data for automotive mechanical design processes');
#3 = SHAPE_DEFINITION_REPRESENTATION(#4,#10);
#4 = PRODUCT_DEFINITION_SHAPE('','',#5);
#5 = PRODUCT_DEFINITION('design','',#6,#9);
#6 = PRODUCT_DEFINITION_FORMATION('','',#7);
#7 = PRODUCT('XH_housing','XH_housing','',(#8));
#8 = PRODUCT_CONTEXT('',#2,'mechanical');
#9 = PRODUCT_DEFINITION_CONTEXT('part definition',#2,'design');
#10 = SHAPE_REPRESENTATION('',(#11,#15,#19),#23);
#11 = AXIS2_PLACEMENT_3D('',#12,#13,#14);
#12 = CARTESIAN_POINT('',(0.,0.,0.));
#13 = DIRECTION('',(0.,0.,1.));
#14 = DIRECTION('',(1.,0.,-0.));
#15 = AXIS2_PLACEMENT_3D('',#16,#17,#18);
#16 = CARTESIAN_POINT('',(10.,0.,0.));
#17 = DIRECTION('',(0.,0.,1.));
#18 = DIRECTION('',(-1.,1.224646799147E-16,0.));
#19 = AXIS2_PLACEMENT_3D('',#20,#21,#22);
#20 = CARTESIAN_POINT('',(0.,0.,0.));
#21 = DIRECTION('',(0.,0.,1.));
#22 = DIRECTION('',(1.,0.,0.));
#23 = ( GEOMETRIC_REPRESENTATION_CONTEXT(3) 
GLOBAL_UNCERTAINTY_ASSIGNED_CONTEXT((#27)) GLOBAL_UNIT_ASSIGNED_CONTEXT(
(#24,#25,#26)) REPRESENTATION_CONTEXT('Context #1',
  '3D Context with UNIT and UNCERTAINTY') );
#24 = ( LENGTH_UNIT() NAMED_UNIT(*) SI_UNIT(.MILLI.,.METRE.) );
#25 = ( NAMED_UNIT(*) PLANE_ANGLE_UNIT() SI_UNIT($,.RADIAN.) );
#26 = ( NAMED_UNIT(*) SI_UNIT($,.STERADIAN.) SOLID_ANGLE_UNIT() );
#27 = UNCERTAINTY_MEASURE_WITH_UNIT(LENGTH_MEASURE(5.E-07),#24,
  'distance_accuracy_value','confusion accuracy');
#28 = PRODUCT_RELATED_PRODUCT_CATEGORY('part',$,(#7));
#29 = SHAPE_DEFINITION_REPRESENTATION(#30,#36);
#30 = PRODUCT_DEFINITION_SHAPE('','',#31);
#31 = PRODUCT_DEFINITION('design','',#32,#35);
#32 = PRODUCT_DEFINITION_FORMATION('','',#33);
#33 = PRODUCT('Housing','Housing','',(#34));
#34 = PRODUCT_CONTEXT('',#2,'mechanical');
#35 = PRODUCT_DEFINITION_CONTEXT('part definition',#2,'design');
#36 = ADVANCED_BREP_SHAPE_REPRESENTATION('',(#11,#37),#4376);
#37 = MANIFOLD_SOLID_BREP('',#38);
#38 = CLOSED_SHELL('',(#39,#95,#126,#572,#596,#652,#708,#791,#808,#974,
    #998,#1102,#1119,#1144,#1168,#1193,#1217,#1242,#1266,#1290,#1314,
    #1338,#1356,#1403,#1427,#1451,#1475,#1499,#1523,#1547,#1580,#1627,
    #1651,#1675,#1699,#1723,#1747,#1771,#1804,#1851,#1875,#1899,#1923,
    #1947,#1971,#1995,#2028,#2075,#2099,#2123,#2147,#2171,#2195,#2219,
    #2252,#2269,#2286,#2303,#2322,#2371,#2548,#2565,#2582,#2599,#2726,
    #2757,#2781,#2805,#2822,#2855,#2881,#3047,#3066,#3083,#3100,#3117,
    #3134,#3151,#3168,#3185,#3202,#3219,#3236,#3248,#3274,#3316,#3378,
    #3413,#3439,#3481,#3543,#3578,#3604,#3646,#3708,#3743,#3769,#3811,
    #3873,#3908,#3925,#3942,#3959,#3976,#3988,#4010,#4027,#4044,#4056,
    #4078,#4095,#4112,#4124,#4146,#4163,#4180,#4192,#4214,#4231,#4248,
    #4260,#4277,#4289,#4306,#4318,#4335,#4347,#4364));
#39 = ADVANCED_FACE('',(#40),#90,.F.);
#40 = FACE_BOUND('',#41,.F.);
#41 = EDGE_LOOP('',(#42,#52,#60,#68,#76,#84));
#42 = ORIENTED_EDGE('',*,*,#43,.F.);
#43 = EDGE_CURVE('',#44,#46,#48,.T.);
#44 = VERTEX_POINT('',#45);
#45 = CARTESIAN_POINT('',(11.05,1.52,3.45));
#46 = VERTEX_POINT('',#47);
#47 = CARTESIAN_POINT('',(11.05,1.52,9.8));
#48 = LINE('',#49,#50);
#49 = CARTESIAN_POINT('',(11.05,1.52,3.45));
#50 = VECTOR('',#51,1.);
#51 = DIRECTION('',(0.,0.,1.));
#52 = ORIENTED_EDGE('',*,*,#53,.T.);
#53 = EDGE_CURVE('',#44,#54,#56,.T.);
#54 = VERTEX_POINT('',#55);
#55 = CARTESIAN_POINT('',(10.6,1.52,3.45));
#56 = LINE('',#57,#58);
#57 = CARTESIAN_POINT('',(11.05,1.52,3.45));
#58 = VECTOR('',#59,1.);
#59 = DIRECTION('',(-1.,-0.,-0.));
#60 = ORIENTED_EDGE('',*,*,#61,.F.);
#61 = EDGE_CURVE('',#62,#54,#64,.T.);
#62 = VERTEX_POINT('',#63);
#63 = CARTESIAN_POINT('',(10.6,1.52,5.25));
#64 = LINE('',#65,#66);
#65 = CARTESIAN_POINT('',(10.6,1.52,5.25));
#66 = VECTOR('',#67,1.);
#67 = DIRECTION('',(0.,1.233581138472E-16,-1.));
#68 = ORIENTED_EDGE('',*,*,#69,.T.);
#69 = EDGE_CURVE('',#62,#70,#72,.T.);
#70 = VERTEX_POINT('',#71);
#71 = CARTESIAN_POINT('',(10.5,1.52,5.25));
#72 = LINE('',#73,#74);
#73 = CARTESIAN_POINT('',(10.6,1.52,5.25));
#74 = VECTOR('',#75,1.);
#75 = DIRECTION('',(-1.,-0.,-0.));
#76 = ORIENTED_EDGE('',*,*,#77,.F.);
#77 = EDGE_CURVE('',#78,#70,#80,.T.);
#78 = VERTEX_POINT('',#79);
#79 = CARTESIAN_POINT('',(10.5,1.52,9.8));
#80 = LINE('',#81,#82);
#81 = CARTESIAN_POINT('',(10.5,1.52,9.8));
#82 = VECTOR('',#83,1.);
#83 = DIRECTION('',(0.,0.,-1.));
#84 = ORIENTED_EDGE('',*,*,#85,.F.);
#85 = EDGE_CURVE('',#46,#78,#86,.T.);
#86 = LINE('',#87,#88);
#87 = CARTESIAN_POINT('',(11.05,1.52,9.8));
#88 = VECTOR('',#89,1.);
#89 = DIRECTION('',(-1.,-0.,-0.));
#90 = PLANE('',#91);
#91 = AXIS2_PLACEMENT_3D('',#92,#93,#94);
#92 = CARTESIAN_POINT('',(11.05,1.52,3.45));
#93 = DIRECTION('',(0.,1.,0.));
#94 = DIRECTION('',(0.,0.,1.));
#95 = ADVANCED_FACE('',(#96),#121,.F.);
#96 = FACE_BOUND('',#97,.F.);
#97 = EDGE_LOOP('',(#98,#106,#107,#115));
#98 = ORIENTED_EDGE('',*,*,#99,.T.);
#99 = EDGE_CURVE('',#100,#44,#102,.T.);
#100 = VERTEX_POINT('',#101);
#101 = CARTESIAN_POINT('',(11.05,-0.98,3.45));
#102 = LINE('',#103,#104);
#103 = CARTESIAN_POINT('',(11.05,-0.98,3.45));
#104 = VECTOR('',#105,1.);
#105 = DIRECTION('',(0.,1.,0.));
#106 = ORIENTED_EDGE('',*,*,#43,.T.);
#107 = ORIENTED_EDGE('',*,*,#108,.T.);
#108 = EDGE_CURVE('',#46,#109,#111,.T.);
#109 = VERTEX_POINT('',#110);
#110 = CARTESIAN_POINT('',(11.05,-0.98,9.8));
#111 = LINE('',#112,#113);
#112 = CARTESIAN_POINT('',(11.05,1.52,9.8));
#113 = VECTOR('',#114,1.);
#114 = DIRECTION('',(0.,-1.,0.));
#115 = ORIENTED_EDGE('',*,*,#116,.T.);
#116 = EDGE_CURVE('',#109,#100,#117,.T.);
#117 = LINE('',#118,#119);
#118 = CARTESIAN_POINT('',(11.05,-0.98,9.8));
#119 = VECTOR('',#120,1.);
#120 = DIRECTION('',(0.,0.,-1.));
#121 = PLANE('',#122);
#122 = AXIS2_PLACEMENT_3D('',#123,#124,#125);
#123 = CARTESIAN_POINT('',(11.05,0.27,6.625));
#124 = DIRECTION('',(1.,0.,0.));
#125 = DIRECTION('',(0.,0.,1.));
#126 = ADVANCED_FACE('',(#127,#253,#319,#385,#451,#517),#567,.T.);
#127 = FACE_BOUND('',#128,.T.);
#128 = EDGE_LOOP('',(#129,#139,#148,#156,#164,#172,#180,#189,#197,#206,
    #214,#223,#231,#239,#247));
#129 = ORIENTED_EDGE('',*,*,#130,.F.);
#130 = EDGE_CURVE('',#131,#133,#135,.T.);
#131 = VERTEX_POINT('',#132);
#132 = CARTESIAN_POINT('',(12.1,-1.53,9.8));
#133 = VERTEX_POINT('',#134);
#134 = CARTESIAN_POINT('',(9.95,-1.53,9.8));
#135 = LINE('',#136,#137);
#136 = CARTESIAN_POINT('',(-1.6,-1.53,9.8));
#137 = VECTOR('',#138,1.);
#138 = DIRECTION('',(-1.,0.,0.));
#139 = ORIENTED_EDGE('',*,*,#140,.T.);
#140 = EDGE_CURVE('',#131,#141,#143,.T.);
#141 = VERTEX_POINT('',#142);
#142 = CARTESIAN_POINT('',(12.4,-1.23,9.8));
#143 = CIRCLE('',#144,0.3);
#144 = AXIS2_PLACEMENT_3D('',#145,#146,#147);
#145 = CARTESIAN_POINT('',(12.1,-1.23,9.8));
#146 = DIRECTION('',(0.,0.,1.));
#147 = DIRECTION('',(1.,0.,0.));
#148 = ORIENTED_EDGE('',*,*,#149,.F.);
#149 = EDGE_CURVE('',#150,#141,#152,.T.);
#150 = VERTEX_POINT('',#151);
#151 = CARTESIAN_POINT('',(12.4,0.3375,9.8));
#152 = LINE('',#153,#154);
#153 = CARTESIAN_POINT('',(12.4,3.07,9.8));
#154 = VECTOR('',#155,1.);
#155 = DIRECTION('',(0.,-1.,0.));
#156 = ORIENTED_EDGE('',*,*,#157,.T.);
#157 = EDGE_CURVE('',#150,#158,#160,.T.);
#158 = VERTEX_POINT('',#159);
#159 = CARTESIAN_POINT('',(11.65,0.9,9.8));
#160 = LINE('',#161,#162);
#161 = CARTESIAN_POINT('',(12.45,0.3,9.8));
#162 = VECTOR('',#163,1.);
#163 = DIRECTION('',(-0.8,0.6,0.));
#164 = ORIENTED_EDGE('',*,*,#165,.T.);
#165 = EDGE_CURVE('',#158,#166,#168,.T.);
#166 = VERTEX_POINT('',#167);
#167 = CARTESIAN_POINT('',(12.4,1.4625,9.8));
#168 = LINE('',#169,#170);
#169 = CARTESIAN_POINT('',(11.65,0.9,9.8));
#170 = VECTOR('',#171,1.);
#171 = DIRECTION('',(0.8,0.6,0.));
#172 = ORIENTED_EDGE('',*,*,#173,.F.);
#173 = EDGE_CURVE('',#174,#166,#176,.T.);
#174 = VERTEX_POINT('',#175);
#175 = CARTESIAN_POINT('',(12.4,3.07,9.8));
#176 = LINE('',#177,#178);
#177 = CARTESIAN_POINT('',(12.4,3.07,9.8));
#178 = VECTOR('',#179,1.);
#179 = DIRECTION('',(0.,-1.,0.));
#180 = ORIENTED_EDGE('',*,*,#181,.T.);
#181 = EDGE_CURVE('',#174,#182,#184,.T.);
#182 = VERTEX_POINT('',#183);
#183 = CARTESIAN_POINT('',(12.1,3.37,9.8));
#184 = CIRCLE('',#185,0.3);
#185 = AXIS2_PLACEMENT_3D('',#186,#187,#188);
#186 = CARTESIAN_POINT('',(12.1,3.07,9.8));
#187 = DIRECTION('',(0.,0.,1.));
#188 = DIRECTION('',(1.,0.,0.));
#189 = ORIENTED_EDGE('',*,*,#190,.F.);
#190 = EDGE_CURVE('',#191,#182,#193,.T.);
#191 = VERTEX_POINT('',#192);
#192 = CARTESIAN_POINT('',(-2.1,3.37,9.8));
#193 = LINE('',#194,#195);
#194 = CARTESIAN_POINT('',(-2.1,3.37,9.8));
#195 = VECTOR('',#196,1.);
#196 = DIRECTION('',(1.,0.,0.));
#197 = ORIENTED_EDGE('',*,*,#198,.T.);
#198 = EDGE_CURVE('',#191,#199,#201,.T.);
#199 = VERTEX_POINT('',#200);
#200 = CARTESIAN_POINT('',(-2.4,3.07,9.8));
#201 = CIRCLE('',#202,0.3);
#202 = AXIS2_PLACEMENT_3D('',#203,#204,#205);
#203 = CARTESIAN_POINT('',(-2.1,3.07,9.8));
#204 = DIRECTION('',(0.,0.,1.));
#205 = DIRECTION('',(1.,0.,0.));
#206 = ORIENTED_EDGE('',*,*,#207,.F.);
#207 = EDGE_CURVE('',#208,#199,#210,.T.);
#208 = VERTEX_POINT('',#209);
#209 = CARTESIAN_POINT('',(-2.4,-1.23,9.8));
#210 = LINE('',#211,#212);
#211 = CARTESIAN_POINT('',(-2.4,-1.23,9.8));
#212 = VECTOR('',#213,1.);
#213 = DIRECTION('',(0.,1.,0.));
#214 = ORIENTED_EDGE('',*,*,#215,.T.);
#215 = EDGE_CURVE('',#208,#216,#218,.T.);
#216 = VERTEX_POINT('',#217);
#217 = CARTESIAN_POINT('',(-2.1,-1.53,9.8));
#218 = CIRCLE('',#219,0.3);
#219 = AXIS2_PLACEMENT_3D('',#220,#221,#222);
#220 = CARTESIAN_POINT('',(-2.1,-1.23,9.8));
#221 = DIRECTION('',(0.,0.,1.));
#222 = DIRECTION('',(1.,0.,0.));
#223 = ORIENTED_EDGE('',*,*,#224,.F.);
#224 = EDGE_CURVE('',#225,#216,#227,.T.);
#225 = VERTEX_POINT('',#226);
#226 = CARTESIAN_POINT('',(5.E-02,-1.53,9.8));
#227 = LINE('',#228,#229);
#228 = CARTESIAN_POINT('',(-1.6,-1.53,9.8));
#229 = VECTOR('',#230,1.);
#230 = DIRECTION('',(-1.,0.,0.));
#231 = ORIENTED_EDGE('',*,*,#232,.T.);
#232 = EDGE_CURVE('',#225,#233,#235,.T.);
#233 = VERTEX_POINT('',#234);
#234 = CARTESIAN_POINT('',(5.E-02,-2.33,9.8));
#235 = LINE('',#236,#237);
#236 = CARTESIAN_POINT('',(5.E-02,-1.53,9.8));
#237 = VECTOR('',#238,1.);
#238 = DIRECTION('',(0.,-1.,2.22044604925E-16));
#239 = ORIENTED_EDGE('',*,*,#240,.T.);
#240 = EDGE_CURVE('',#233,#241,#243,.T.);
#241 = VERTEX_POINT('',#242);
#242 = CARTESIAN_POINT('',(9.95,-2.33,9.8));
#243 = LINE('',#244,#245);
#244 = CARTESIAN_POINT('',(5.E-02,-2.33,9.8));
#245 = VECTOR('',#246,1.);
#246 = DIRECTION('',(1.,0.,0.));
#247 = ORIENTED_EDGE('',*,*,#248,.F.);
#248 = EDGE_CURVE('',#133,#241,#249,.T.);
#249 = LINE('',#250,#251);
#250 = CARTESIAN_POINT('',(9.95,-1.53,9.8));
#251 = VECTOR('',#252,1.);
#252 = DIRECTION('',(0.,-1.,2.22044604925E-16));
#253 = FACE_BOUND('',#254,.T.);
#254 = EDGE_LOOP('',(#255,#265,#273,#281,#289,#297,#305,#313));
#255 = ORIENTED_EDGE('',*,*,#256,.F.);
#256 = EDGE_CURVE('',#257,#259,#261,.T.);
#257 = VERTEX_POINT('',#258);
#258 = CARTESIAN_POINT('',(1.05,1.52,9.8));
#259 = VERTEX_POINT('',#260);
#260 = CARTESIAN_POINT('',(0.5,1.52,9.8));
#261 = LINE('',#262,#263);
#262 = CARTESIAN_POINT('',(1.05,1.52,9.8));
#263 = VECTOR('',#264,1.);
#264 = DIRECTION('',(-1.,-0.,-0.));
#265 = ORIENTED_EDGE('',*,*,#266,.T.);
#266 = EDGE_CURVE('',#257,#267,#269,.T.);
#267 = VERTEX_POINT('',#268);
#268 = CARTESIAN_POINT('',(1.05,-0.98,9.8));
#269 = LINE('',#270,#271);
#270 = CARTESIAN_POINT('',(1.05,1.52,9.8));
#271 = VECTOR('',#272,1.);
#272 = DIRECTION('',(0.,-1.,0.));
#273 = ORIENTED_EDGE('',*,*,#274,.T.);
#274 = EDGE_CURVE('',#267,#275,#277,.T.);
#275 = VERTEX_POINT('',#276);
#276 = CARTESIAN_POINT('',(-1.05,-0.98,9.8));
#277 = LINE('',#278,#279);
#278 = CARTESIAN_POINT('',(1.05,-0.98,9.8));
#279 = VECTOR('',#280,1.);
#280 = DIRECTION('',(-1.,-0.,-0.));
#281 = ORIENTED_EDGE('',*,*,#282,.F.);
#282 = EDGE_CURVE('',#283,#275,#285,.T.);
#283 = VERTEX_POINT('',#284);
#284 = CARTESIAN_POINT('',(-1.05,1.52,9.8));
#285 = LINE('',#286,#287);
#286 = CARTESIAN_POINT('',(-1.05,1.52,9.8));
#287 = VECTOR('',#288,1.);
#288 = DIRECTION('',(0.,-1.,0.));
#289 = ORIENTED_EDGE('',*,*,#290,.F.);
#290 = EDGE_CURVE('',#291,#283,#293,.T.);
#291 = VERTEX_POINT('',#292);
#292 = CARTESIAN_POINT('',(-0.5,1.52,9.8));
#293 = LINE('',#294,#295);
#294 = CARTESIAN_POINT('',(1.05,1.52,9.8));
#295 = VECTOR('',#296,1.);
#296 = DIRECTION('',(-1.,-0.,-0.));
#297 = ORIENTED_EDGE('',*,*,#298,.F.);
#298 = EDGE_CURVE('',#299,#291,#301,.T.);
#299 = VERTEX_POINT('',#300);
#300 = CARTESIAN_POINT('',(-0.5,1.92,9.8));
#301 = LINE('',#302,#303);
#302 = CARTESIAN_POINT('',(-0.5,1.92,9.8));
#303 = VECTOR('',#304,1.);
#304 = DIRECTION('',(0.,-1.,0.));
#305 = ORIENTED_EDGE('',*,*,#306,.F.);
#306 = EDGE_CURVE('',#307,#299,#309,.T.);
#307 = VERTEX_POINT('',#308);
#308 = CARTESIAN_POINT('',(0.5,1.92,9.8));
#309 = LINE('',#310,#311);
#310 = CARTESIAN_POINT('',(0.5,1.92,9.8));
#311 = VECTOR('',#312,1.);
#312 = DIRECTION('',(-1.,-0.,-0.));
#313 = ORIENTED_EDGE('',*,*,#314,.T.);
#314 = EDGE_CURVE('',#307,#259,#315,.T.);
#315 = LINE('',#316,#317);
#316 = CARTESIAN_POINT('',(0.5,1.92,9.8));
#317 = VECTOR('',#318,1.);
#318 = DIRECTION('',(0.,-1.,0.));
#319 = FACE_BOUND('',#320,.T.);
#320 = EDGE_LOOP('',(#321,#331,#339,#347,#355,#363,#371,#379));
#321 = ORIENTED_EDGE('',*,*,#322,.F.);
#322 = EDGE_CURVE('',#323,#325,#327,.T.);
#323 = VERTEX_POINT('',#324);
#324 = CARTESIAN_POINT('',(3.55,1.52,9.8));
#325 = VERTEX_POINT('',#326);
#326 = CARTESIAN_POINT('',(3.,1.52,9.8));
#327 = LINE('',#328,#329);
#328 = CARTESIAN_POINT('',(3.55,1.52,9.8));
#329 = VECTOR('',#330,1.);
#330 = DIRECTION('',(-1.,-0.,-0.));
#331 = ORIENTED_EDGE('',*,*,#332,.T.);
#332 = EDGE_CURVE('',#323,#333,#335,.T.);
#333 = VERTEX_POINT('',#334);
#334 = CARTESIAN_POINT('',(3.55,-0.98,9.8));
#335 = LINE('',#336,#337);
#336 = CARTESIAN_POINT('',(3.55,1.52,9.8));
#337 = VECTOR('',#338,1.);
#338 = DIRECTION('',(0.,-1.,0.));
#339 = ORIENTED_EDGE('',*,*,#340,.T.);
#340 = EDGE_CURVE('',#333,#341,#343,.T.);
#341 = VERTEX_POINT('',#342);
#342 = CARTESIAN_POINT('',(1.45,-0.98,9.8));
#343 = LINE('',#344,#345);
#344 = CARTESIAN_POINT('',(3.55,-0.98,9.8));
#345 = VECTOR('',#346,1.);
#346 = DIRECTION('',(-1.,-0.,-0.));
#347 = ORIENTED_EDGE('',*,*,#348,.F.);
#348 = EDGE_CURVE('',#349,#341,#351,.T.);
#349 = VERTEX_POINT('',#350);
#350 = CARTESIAN_POINT('',(1.45,1.52,9.8));
#351 = LINE('',#352,#353);
#352 = CARTESIAN_POINT('',(1.45,1.52,9.8));
#353 = VECTOR('',#354,1.);
#354 = DIRECTION('',(0.,-1.,0.));
#355 = ORIENTED_EDGE('',*,*,#356,.F.);
#356 = EDGE_CURVE('',#357,#349,#359,.T.);
#357 = VERTEX_POINT('',#358);
#358 = CARTESIAN_POINT('',(2.,1.52,9.8));
#359 = LINE('',#360,#361);
#360 = CARTESIAN_POINT('',(3.55,1.52,9.8));
#361 = VECTOR('',#362,1.);
#362 = DIRECTION('',(-1.,-0.,-0.));
#363 = ORIENTED_EDGE('',*,*,#364,.F.);
#364 = EDGE_CURVE('',#365,#357,#367,.T.);
#365 = VERTEX_POINT('',#366);
#366 = CARTESIAN_POINT('',(2.,1.92,9.8));
#367 = LINE('',#368,#369);
#368 = CARTESIAN_POINT('',(2.,1.92,9.8));
#369 = VECTOR('',#370,1.);
#370 = DIRECTION('',(0.,-1.,0.));
#371 = ORIENTED_EDGE('',*,*,#372,.F.);
#372 = EDGE_CURVE('',#373,#365,#375,.T.);
#373 = VERTEX_POINT('',#374);
#374 = CARTESIAN_POINT('',(3.,1.92,9.8));
#375 = LINE('',#376,#377);
#376 = CARTESIAN_POINT('',(3.,1.92,9.8));
#377 = VECTOR('',#378,1.);
#378 = DIRECTION('',(-1.,-0.,-0.));
#379 = ORIENTED_EDGE('',*,*,#380,.T.);
#380 = EDGE_CURVE('',#373,#325,#381,.T.);
#381 = LINE('',#382,#383);
#382 = CARTESIAN_POINT('',(3.,1.92,9.8));
#383 = VECTOR('',#384,1.);
#384 = DIRECTION('',(0.,-1.,0.));
#385 = FACE_BOUND('',#386,.T.);
#386 = EDGE_LOOP('',(#387,#397,#405,#413,#421,#429,#437,#445));
#387 = ORIENTED_EDGE('',*,*,#388,.F.);
#388 = EDGE_CURVE('',#389,#391,#393,.T.);
#389 = VERTEX_POINT('',#390);
#390 = CARTESIAN_POINT('',(6.05,1.52,9.8));
#391 = VERTEX_POINT('',#392);
#392 = CARTESIAN_POINT('',(5.5,1.52,9.8));
#393 = LINE('',#394,#395);
#394 = CARTESIAN_POINT('',(6.05,1.52,9.8));
#395 = VECTOR('',#396,1.);
#396 = DIRECTION('',(-1.,-0.,-0.));
#397 = ORIENTED_EDGE('',*,*,#398,.T.);
#398 = EDGE_CURVE('',#389,#399,#401,.T.);
#399 = VERTEX_POINT('',#400);
#400 = CARTESIAN_POINT('',(6.05,-0.98,9.8));
#401 = LINE('',#402,#403);
#402 = CARTESIAN_POINT('',(6.05,1.52,9.8));
#403 = VECTOR('',#404,1.);
#404 = DIRECTION('',(0.,-1.,0.));
#405 = ORIENTED_EDGE('',*,*,#406,.T.);
#406 = EDGE_CURVE('',#399,#407,#409,.T.);
#407 = VERTEX_POINT('',#408);
#408 = CARTESIAN_POINT('',(3.95,-0.98,9.8));
#409 = LINE('',#410,#411);
#410 = CARTESIAN_POINT('',(6.05,-0.98,9.8));
#411 = VECTOR('',#412,1.);
#412 = DIRECTION('',(-1.,-0.,-0.));
#413 = ORIENTED_EDGE('',*,*,#414,.F.);
#414 = EDGE_CURVE('',#415,#407,#417,.T.);
#415 = VERTEX_POINT('',#416);
#416 = CARTESIAN_POINT('',(3.95,1.52,9.8));
#417 = LINE('',#418,#419);
#418 = CARTESIAN_POINT('',(3.95,1.52,9.8));
#419 = VECTOR('',#420,1.);
#420 = DIRECTION('',(0.,-1.,0.));
#421 = ORIENTED_EDGE('',*,*,#422,.F.);
#422 = EDGE_CURVE('',#423,#415,#425,.T.);
#423 = VERTEX_POINT('',#424);
#424 = CARTESIAN_POINT('',(4.5,1.52,9.8));
#425 = LINE('',#426,#427);
#426 = CARTESIAN_POINT('',(6.05,1.52,9.8));
#427 = VECTOR('',#428,1.);
#428 = DIRECTION('',(-1.,-0.,-0.));
#429 = ORIENTED_EDGE('',*,*,#430,.F.);
#430 = EDGE_CURVE('',#431,#423,#433,.T.);
#431 = VERTEX_POINT('',#432);
#432 = CARTESIAN_POINT('',(4.5,1.92,9.8));
#433 = LINE('',#434,#435);
#434 = CARTESIAN_POINT('',(4.5,1.92,9.8));
#435 = VECTOR('',#436,1.);
#436 = DIRECTION('',(0.,-1.,0.));
#437 = ORIENTED_EDGE('',*,*,#438,.F.);
#438 = EDGE_CURVE('',#439,#431,#441,.T.);
#439 = VERTEX_POINT('',#440);
#440 = CARTESIAN_POINT('',(5.5,1.92,9.8));
#441 = LINE('',#442,#443);
#442 = CARTESIAN_POINT('',(5.5,1.92,9.8));
#443 = VECTOR('',#444,1.);
#444 = DIRECTION('',(-1.,-0.,-0.));
#445 = ORIENTED_EDGE('',*,*,#446,.T.);
#446 = EDGE_CURVE('',#439,#391,#447,.T.);
#447 = LINE('',#448,#449);
#448 = CARTESIAN_POINT('',(5.5,1.92,9.8));
#449 = VECTOR('',#450,1.);
#450 = DIRECTION('',(0.,-1.,0.));
#451 = FACE_BOUND('',#452,.T.);
#452 = EDGE_LOOP('',(#453,#463,#471,#479,#487,#495,#503,#511));
#453 = ORIENTED_EDGE('',*,*,#454,.F.);
#454 = EDGE_CURVE('',#455,#457,#459,.T.);
#455 = VERTEX_POINT('',#456);
#456 = CARTESIAN_POINT('',(8.55,1.52,9.8));
#457 = VERTEX_POINT('',#458);
#458 = CARTESIAN_POINT('',(8.,1.52,9.8));
#459 = LINE('',#460,#461);
#460 = CARTESIAN_POINT('',(8.55,1.52,9.8));
#461 = VECTOR('',#462,1.);
#462 = DIRECTION('',(-1.,-0.,-0.));
#463 = ORIENTED_EDGE('',*,*,#464,.T.);
#464 = EDGE_CURVE('',#455,#465,#467,.T.);
#465 = VERTEX_POINT('',#466);
#466 = CARTESIAN_POINT('',(8.55,-0.98,9.8));
#467 = LINE('',#468,#469);
#468 = CARTESIAN_POINT('',(8.55,1.52,9.8));
#469 = VECTOR('',#470,1.);
#470 = DIRECTION('',(0.,-1.,0.));
#471 = ORIENTED_EDGE('',*,*,#472,.T.);
#472 = EDGE_CURVE('',#465,#473,#475,.T.);
#473 = VERTEX_POINT('',#474);
#474 = CARTESIAN_POINT('',(6.45,-0.98,9.8));
#475 = LINE('',#476,#477);
#476 = CARTESIAN_POINT('',(8.55,-0.98,9.8));
#477 = VECTOR('',#478,1.);
#478 = DIRECTION('',(-1.,-0.,-0.));
#479 = ORIENTED_EDGE('',*,*,#480,.F.);
#480 = EDGE_CURVE('',#481,#473,#483,.T.);
#481 = VERTEX_POINT('',#482);
#482 = CARTESIAN_POINT('',(6.45,1.52,9.8));
#483 = LINE('',#484,#485);
#484 = CARTESIAN_POINT('',(6.45,1.52,9.8));
#485 = VECTOR('',#486,1.);
#486 = DIRECTION('',(0.,-1.,0.));
#487 = ORIENTED_EDGE('',*,*,#488,.F.);
#488 = EDGE_CURVE('',#489,#481,#491,.T.);
#489 = VERTEX_POINT('',#490);
#490 = CARTESIAN_POINT('',(7.,1.52,9.8));
#491 = LINE('',#492,#493);
#492 = CARTESIAN_POINT('',(8.55,1.52,9.8));
#493 = VECTOR('',#494,1.);
#494 = DIRECTION('',(-1.,-0.,-0.));
#495 = ORIENTED_EDGE('',*,*,#496,.F.);
#496 = EDGE_CURVE('',#497,#489,#499,.T.);
#497 = VERTEX_POINT('',#498);
#498 = CARTESIAN_POINT('',(7.,1.92,9.8));
#499 = LINE('',#500,#501);
#500 = CARTESIAN_POINT('',(7.,1.92,9.8));
#501 = VECTOR('',#502,1.);
#502 = DIRECTION('',(0.,-1.,0.));
#503 = ORIENTED_EDGE('',*,*,#504,.F.);
#504 = EDGE_CURVE('',#505,#497,#507,.T.);
#505 = VERTEX_POINT('',#506);
#506 = CARTESIAN_POINT('',(8.,1.92,9.8));
#507 = LINE('',#508,#509);
#508 = CARTESIAN_POINT('',(8.,1.92,9.8));
#509 = VECTOR('',#510,1.);
#510 = DIRECTION('',(-1.,-0.,-0.));
#511 = ORIENTED_EDGE('',*,*,#512,.T.);
#512 = EDGE_CURVE('',#505,#457,#513,.T.);
#513 = LINE('',#514,#515);
#514 = CARTESIAN_POINT('',(8.,1.92,9.8));
#515 = VECTOR('',#516,1.);
#516 = DIRECTION('',(0.,-1.,0.));
#517 = FACE_BOUND('',#518,.T.);
#518 = EDGE_LOOP('',(#519,#520,#521,#529,#537,#545,#553,#561));
#519 = ORIENTED_EDGE('',*,*,#85,.F.);
#520 = ORIENTED_EDGE('',*,*,#108,.T.);
#521 = ORIENTED_EDGE('',*,*,#522,.T.);
#522 = EDGE_CURVE('',#109,#523,#525,.T.);
#523 = VERTEX_POINT('',#524);
#524 = CARTESIAN_POINT('',(8.95,-0.98,9.8));
#525 = LINE('',#526,#527);
#526 = CARTESIAN_POINT('',(11.05,-0.98,9.8));
#527 = VECTOR('',#528,1.);
#528 = DIRECTION('',(-1.,-0.,-0.));
#529 = ORIENTED_EDGE('',*,*,#530,.F.);
#530 = EDGE_CURVE('',#531,#523,#533,.T.);
#531 = VERTEX_POINT('',#532);
#532 = CARTESIAN_POINT('',(8.95,1.52,9.8));
#533 = LINE('',#534,#535);
#534 = CARTESIAN_POINT('',(8.95,1.52,9.8));
#535 = VECTOR('',#536,1.);
#536 = DIRECTION('',(0.,-1.,0.));
#537 = ORIENTED_EDGE('',*,*,#538,.F.);
#538 = EDGE_CURVE('',#539,#531,#541,.T.);
#539 = VERTEX_POINT('',#540);
#540 = CARTESIAN_POINT('',(9.5,1.52,9.8));
#541 = LINE('',#542,#543);
#542 = CARTESIAN_POINT('',(11.05,1.52,9.8));
#543 = VECTOR('',#544,1.);
#544 = DIRECTION('',(-1.,-0.,-0.));
#545 = ORIENTED_EDGE('',*,*,#546,.F.);
#546 = EDGE_CURVE('',#547,#539,#549,.T.);
#547 = VERTEX_POINT('',#548);
#548 = CARTESIAN_POINT('',(9.5,1.92,9.8));
#549 = LINE('',#550,#551);
#550 = CARTESIAN_POINT('',(9.5,1.92,9.8));
#551 = VECTOR('',#552,1.);
#552 = DIRECTION('',(0.,-1.,0.));
#553 = ORIENTED_EDGE('',*,*,#554,.F.);
#554 = EDGE_CURVE('',#555,#547,#557,.T.);
#555 = VERTEX_POINT('',#556);
#556 = CARTESIAN_POINT('',(10.5,1.92,9.8));
#557 = LINE('',#558,#559);
#558 = CARTESIAN_POINT('',(10.5,1.92,9.8));
#559 = VECTOR('',#560,1.);
#560 = DIRECTION('',(-1.,-0.,-0.));
#561 = ORIENTED_EDGE('',*,*,#562,.T.);
#562 = EDGE_CURVE('',#555,#78,#563,.T.);
#563 = LINE('',#564,#565);
#564 = CARTESIAN_POINT('',(10.5,1.92,9.8));
#565 = VECTOR('',#566,1.);
#566 = DIRECTION('',(0.,-1.,0.));
#567 = PLANE('',#568);
#568 = AXIS2_PLACEMENT_3D('',#569,#570,#571);
#569 = CARTESIAN_POINT('',(5.,0.611573865661,9.8));
#570 = DIRECTION('',(0.,0.,1.));
#571 = DIRECTION('',(1.,0.,0.));
#572 = ADVANCED_FACE('',(#573),#591,.F.);
#573 = FACE_BOUND('',#574,.F.);
#574 = EDGE_LOOP('',(#575,#576,#584,#590));
#575 = ORIENTED_EDGE('',*,*,#77,.T.);
#576 = ORIENTED_EDGE('',*,*,#577,.T.);
#577 = EDGE_CURVE('',#70,#578,#580,.T.);
#578 = VERTEX_POINT('',#579);
#579 = CARTESIAN_POINT('',(10.5,1.92,5.25));
#580 = LINE('',#581,#582);
#581 = CARTESIAN_POINT('',(10.5,1.52,5.25));
#582 = VECTOR('',#583,1.);
#583 = DIRECTION('',(0.,1.,0.));
#584 = ORIENTED_EDGE('',*,*,#585,.T.);
#585 = EDGE_CURVE('',#578,#555,#586,.T.);
#586 = LINE('',#587,#588);
#587 = CARTESIAN_POINT('',(10.5,1.92,5.25));
#588 = VECTOR('',#589,1.);
#589 = DIRECTION('',(0.,0.,1.));
#590 = ORIENTED_EDGE('',*,*,#562,.T.);
#591 = PLANE('',#592);
#592 = AXIS2_PLACEMENT_3D('',#593,#594,#595);
#593 = CARTESIAN_POINT('',(10.5,1.72,7.525));
#594 = DIRECTION('',(1.,0.,0.));
#595 = DIRECTION('',(0.,0.,1.));
#596 = ADVANCED_FACE('',(#597),#647,.F.);
#597 = FACE_BOUND('',#598,.F.);
#598 = EDGE_LOOP('',(#599,#607,#615,#623,#631,#639,#645,#646));
#599 = ORIENTED_EDGE('',*,*,#600,.F.);
#600 = EDGE_CURVE('',#601,#62,#603,.T.);
#601 = VERTEX_POINT('',#602);
#602 = CARTESIAN_POINT('',(10.6,2.57,5.25));
#603 = LINE('',#604,#605);
#604 = CARTESIAN_POINT('',(10.6,2.57,5.25));
#605 = VECTOR('',#606,1.);
#606 = DIRECTION('',(0.,-1.,0.));
#607 = ORIENTED_EDGE('',*,*,#608,.T.);
#608 = EDGE_CURVE('',#601,#609,#611,.T.);
#609 = VERTEX_POINT('',#610);
#610 = CARTESIAN_POINT('',(9.4,2.57,5.25));
#611 = LINE('',#612,#613);
#612 = CARTESIAN_POINT('',(10.6,2.57,5.25));
#613 = VECTOR('',#614,1.);
#614 = DIRECTION('',(-1.,-0.,-0.));
#615 = ORIENTED_EDGE('',*,*,#616,.T.);
#616 = EDGE_CURVE('',#609,#617,#619,.T.);
#617 = VERTEX_POINT('',#618);
#618 = CARTESIAN_POINT('',(9.4,1.52,5.25));
#619 = LINE('',#620,#621);
#620 = CARTESIAN_POINT('',(9.4,2.57,5.25));
#621 = VECTOR('',#622,1.);
#622 = DIRECTION('',(0.,-1.,0.));
#623 = ORIENTED_EDGE('',*,*,#624,.F.);
#624 = EDGE_CURVE('',#625,#617,#627,.T.);
#625 = VERTEX_POINT('',#626);
#626 = CARTESIAN_POINT('',(9.5,1.52,5.25));
#627 = LINE('',#628,#629);
#628 = CARTESIAN_POINT('',(10.6,1.52,5.25));
#629 = VECTOR('',#630,1.);
#630 = DIRECTION('',(-1.,-0.,-0.));
#631 = ORIENTED_EDGE('',*,*,#632,.T.);
#632 = EDGE_CURVE('',#625,#633,#635,.T.);
#633 = VERTEX_POINT('',#634);
#634 = CARTESIAN_POINT('',(9.5,1.92,5.25));
#635 = LINE('',#636,#637);
#636 = CARTESIAN_POINT('',(9.5,1.52,5.25));
#637 = VECTOR('',#638,1.);
#638 = DIRECTION('',(0.,1.,0.));
#639 = ORIENTED_EDGE('',*,*,#640,.F.);
#640 = EDGE_CURVE('',#578,#633,#641,.T.);
#641 = LINE('',#642,#643);
#642 = CARTESIAN_POINT('',(10.5,1.92,5.25));
#643 = VECTOR('',#644,1.);
#644 = DIRECTION('',(-1.,-0.,-0.));
#645 = ORIENTED_EDGE('',*,*,#577,.F.);
#646 = ORIENTED_EDGE('',*,*,#69,.F.);
#647 = PLANE('',#648);
#648 = AXIS2_PLACEMENT_3D('',#649,#650,#651);
#649 = CARTESIAN_POINT('',(10.6,2.57,5.25));
#650 = DIRECTION('',(0.,0.,1.));
#651 = DIRECTION('',(0.,-1.,0.));
#652 = ADVANCED_FACE('',(#653),#703,.F.);
#653 = FACE_BOUND('',#654,.F.);
#654 = EDGE_LOOP('',(#655,#663,#664,#665,#673,#681,#689,#697));
#655 = ORIENTED_EDGE('',*,*,#656,.T.);
#656 = EDGE_CURVE('',#657,#601,#659,.T.);
#657 = VERTEX_POINT('',#658);
#658 = CARTESIAN_POINT('',(10.6,2.57,2.05));
#659 = LINE('',#660,#661);
#660 = CARTESIAN_POINT('',(10.6,2.57,2.05));
#661 = VECTOR('',#662,1.);
#662 = DIRECTION('',(0.,0.,1.));
#663 = ORIENTED_EDGE('',*,*,#600,.T.);
#664 = ORIENTED_EDGE('',*,*,#61,.T.);
#665 = ORIENTED_EDGE('',*,*,#666,.T.);
#666 = EDGE_CURVE('',#54,#667,#669,.T.);
#667 = VERTEX_POINT('',#668);
#668 = CARTESIAN_POINT('',(10.6,0.5468198,3.45));
#669 = LINE('',#670,#671);
#670 = CARTESIAN_POINT('',(10.6,1.52,3.45));
#671 = VECTOR('',#672,1.);
#672 = DIRECTION('',(0.,-1.,0.));
#673 = ORIENTED_EDGE('',*,*,#674,.T.);
#674 = EDGE_CURVE('',#667,#675,#677,.T.);
#675 = VERTEX_POINT('',#676);
#676 = CARTESIAN_POINT('',(10.6,1.044,2.6151));
#677 = LINE('',#678,#679);
#678 = CARTESIAN_POINT('',(10.6,0.5468198,3.45));
#679 = VECTOR('',#680,1.);
#680 = DIRECTION('',(0.,0.511647917429,-0.859195209828));
#681 = ORIENTED_EDGE('',*,*,#682,.T.);
#682 = EDGE_CURVE('',#675,#683,#685,.T.);
#683 = VERTEX_POINT('',#684);
#684 = CARTESIAN_POINT('',(10.6,1.52,2.6151));
#685 = LINE('',#686,#687);
#686 = CARTESIAN_POINT('',(10.6,1.044,2.6151));
#687 = VECTOR('',#688,1.);
#688 = DIRECTION('',(0.,1.,0.));
#689 = ORIENTED_EDGE('',*,*,#690,.T.);
#690 = EDGE_CURVE('',#683,#691,#693,.T.);
#691 = VERTEX_POINT('',#692);
#692 = CARTESIAN_POINT('',(10.6,1.52,2.05));
#693 = LINE('',#694,#695);
#694 = CARTESIAN_POINT('',(10.6,1.52,2.6151));
#695 = VECTOR('',#696,1.);
#696 = DIRECTION('',(0.,0.,-1.));
#697 = ORIENTED_EDGE('',*,*,#698,.T.);
#698 = EDGE_CURVE('',#691,#657,#699,.T.);
#699 = LINE('',#700,#701);
#700 = CARTESIAN_POINT('',(10.6,1.52,2.05));
#701 = VECTOR('',#702,1.);
#702 = DIRECTION('',(0.,1.,0.));
#703 = PLANE('',#704);
#704 = AXIS2_PLACEMENT_3D('',#705,#706,#707);
#705 = CARTESIAN_POINT('',(10.6,1.834452703854,3.573485056924));
#706 = DIRECTION('',(1.,0.,0.));
#707 = DIRECTION('',(0.,0.,1.));
#708 = ADVANCED_FACE('',(#709,#752),#786,.F.);
#709 = FACE_BOUND('',#710,.F.);
#710 = EDGE_LOOP('',(#711,#712,#720,#728,#736,#744,#750,#751));
#711 = ORIENTED_EDGE('',*,*,#99,.F.);
#712 = ORIENTED_EDGE('',*,*,#713,.T.);
#713 = EDGE_CURVE('',#100,#714,#716,.T.);
#714 = VERTEX_POINT('',#715);
#715 = CARTESIAN_POINT('',(8.95,-0.98,3.45));
#716 = LINE('',#717,#718);
#717 = CARTESIAN_POINT('',(11.05,-0.98,3.45));
#718 = VECTOR('',#719,1.);
#719 = DIRECTION('',(-1.,-0.,-0.));
#720 = ORIENTED_EDGE('',*,*,#721,.T.);
#721 = EDGE_CURVE('',#714,#722,#724,.T.);
#722 = VERTEX_POINT('',#723);
#723 = CARTESIAN_POINT('',(8.95,1.52,3.45));
#724 = LINE('',#725,#726);
#725 = CARTESIAN_POINT('',(8.95,-0.98,3.45));
#726 = VECTOR('',#727,1.);
#727 = DIRECTION('',(0.,1.,0.));
#728 = ORIENTED_EDGE('',*,*,#729,.F.);
#729 = EDGE_CURVE('',#730,#722,#732,.T.);
#730 = VERTEX_POINT('',#731);
#731 = CARTESIAN_POINT('',(9.4,1.52,3.45));
#732 = LINE('',#733,#734);
#733 = CARTESIAN_POINT('',(11.05,1.52,3.45));
#734 = VECTOR('',#735,1.);
#735 = DIRECTION('',(-1.,-0.,-0.));
#736 = ORIENTED_EDGE('',*,*,#737,.T.);
#737 = EDGE_CURVE('',#730,#738,#740,.T.);
#738 = VERTEX_POINT('',#739);
#739 = CARTESIAN_POINT('',(9.4,0.5468198,3.45));
#740 = LINE('',#741,#742);
#741 = CARTESIAN_POINT('',(9.4,1.52,3.45));
#742 = VECTOR('',#743,1.);
#743 = DIRECTION('',(0.,-1.,0.));
#744 = ORIENTED_EDGE('',*,*,#745,.F.);
#745 = EDGE_CURVE('',#667,#738,#746,.T.);
#746 = LINE('',#747,#748);
#747 = CARTESIAN_POINT('',(10.6,0.5468198,3.45));
#748 = VECTOR('',#749,1.);
#749 = DIRECTION('',(-1.,-0.,-0.));
#750 = ORIENTED_EDGE('',*,*,#666,.F.);
#751 = ORIENTED_EDGE('',*,*,#53,.F.);
#752 = FACE_BOUND('',#753,.F.);
#753 = EDGE_LOOP('',(#754,#764,#772,#780));
#754 = ORIENTED_EDGE('',*,*,#755,.F.);
#755 = EDGE_CURVE('',#756,#758,#760,.T.);
#756 = VERTEX_POINT('',#757);
#757 = CARTESIAN_POINT('',(10.4,-0.4,3.45));
#758 = VERTEX_POINT('',#759);
#759 = CARTESIAN_POINT('',(9.6,-0.4,3.45));
#760 = LINE('',#761,#762);
#761 = CARTESIAN_POINT('',(10.4,-0.4,3.45));
#762 = VECTOR('',#763,1.);
#763 = DIRECTION('',(-1.,-0.,-0.));
#764 = ORIENTED_EDGE('',*,*,#765,.F.);
#765 = EDGE_CURVE('',#766,#756,#768,.T.);
#766 = VERTEX_POINT('',#767);
#767 = CARTESIAN_POINT('',(10.4,0.4,3.45));
#768 = LINE('',#769,#770);
#769 = CARTESIAN_POINT('',(10.4,0.4,3.45));
#770 = VECTOR('',#771,1.);
#771 = DIRECTION('',(0.,-1.,0.));
#772 = ORIENTED_EDGE('',*,*,#773,.T.);
#773 = EDGE_CURVE('',#766,#774,#776,.T.);
#774 = VERTEX_POINT('',#775);
#775 = CARTESIAN_POINT('',(9.6,0.4,3.45));
#776 = LINE('',#777,#778);
#777 = CARTESIAN_POINT('',(10.4,0.4,3.45));
#778 = VECTOR('',#779,1.);
#779 = DIRECTION('',(-1.,-0.,-0.));
#780 = ORIENTED_EDGE('',*,*,#781,.T.);
#781 = EDGE_CURVE('',#774,#758,#782,.T.);
#782 = LINE('',#783,#784);
#783 = CARTESIAN_POINT('',(9.6,0.4,3.45));
#784 = VECTOR('',#785,1.);
#785 = DIRECTION('',(0.,-1.,0.));
#786 = PLANE('',#787);
#787 = AXIS2_PLACEMENT_3D('',#788,#789,#790);
#788 = CARTESIAN_POINT('',(11.05,-0.98,3.45));
#789 = DIRECTION('',(0.,0.,-1.));
#790 = DIRECTION('',(0.,1.,0.));
#791 = ADVANCED_FACE('',(#792),#803,.F.);
#792 = FACE_BOUND('',#793,.F.);
#793 = EDGE_LOOP('',(#794,#795,#801,#802));
#794 = ORIENTED_EDGE('',*,*,#522,.T.);
#795 = ORIENTED_EDGE('',*,*,#796,.T.);
#796 = EDGE_CURVE('',#523,#714,#797,.T.);
#797 = LINE('',#798,#799);
#798 = CARTESIAN_POINT('',(8.95,-0.98,9.8));
#799 = VECTOR('',#800,1.);
#800 = DIRECTION('',(0.,0.,-1.));
#801 = ORIENTED_EDGE('',*,*,#713,.F.);
#802 = ORIENTED_EDGE('',*,*,#116,.F.);
#803 = PLANE('',#804);
#804 = AXIS2_PLACEMENT_3D('',#805,#806,#807);
#805 = CARTESIAN_POINT('',(11.05,-0.98,9.8));
#806 = DIRECTION('',(0.,-1.,0.));
#807 = DIRECTION('',(0.,0.,-1.));
#808 = ADVANCED_FACE('',(#809),#969,.T.);
#809 = FACE_BOUND('',#810,.T.);
#810 = EDGE_LOOP('',(#811,#819,#820,#828,#836,#844,#852,#860,#868,#876,
    #884,#892,#900,#908,#916,#922,#923,#931,#939,#947,#955,#963));
#811 = ORIENTED_EDGE('',*,*,#812,.F.);
#812 = EDGE_CURVE('',#131,#813,#815,.T.);
#813 = VERTEX_POINT('',#814);
#814 = CARTESIAN_POINT('',(12.1,-1.53,9.2));
#815 = LINE('',#816,#817);
#816 = CARTESIAN_POINT('',(12.1,-1.53,9.8));
#817 = VECTOR('',#818,1.);
#818 = DIRECTION('',(-0.,-0.,-1.));
#819 = ORIENTED_EDGE('',*,*,#130,.T.);
#820 = ORIENTED_EDGE('',*,*,#821,.T.);
#821 = EDGE_CURVE('',#133,#822,#824,.T.);
#822 = VERTEX_POINT('',#823);
#823 = CARTESIAN_POINT('',(10.2,-1.53,5.7));
#824 = LINE('',#825,#826);
#825 = CARTESIAN_POINT('',(9.95,-1.53,9.8));
#826 = VECTOR('',#827,1.);
#827 = DIRECTION('',(6.086257045056E-02,-2.216329687308E-16,
    -0.998146155389));
#828 = ORIENTED_EDGE('',*,*,#829,.F.);
#829 = EDGE_CURVE('',#830,#822,#832,.T.);
#830 = VERTEX_POINT('',#831);
#831 = CARTESIAN_POINT('',(10.65,-1.53,5.7));
#832 = LINE('',#833,#834);
#833 = CARTESIAN_POINT('',(10.65,-1.53,5.7));
#834 = VECTOR('',#835,1.);
#835 = DIRECTION('',(-1.,0.,0.));
#836 = ORIENTED_EDGE('',*,*,#837,.F.);
#837 = EDGE_CURVE('',#838,#830,#840,.T.);
#838 = VERTEX_POINT('',#839);
#839 = CARTESIAN_POINT('',(10.65,-1.53,4.9));
#840 = LINE('',#841,#842);
#841 = CARTESIAN_POINT('',(10.65,-1.53,4.9));
#842 = VECTOR('',#843,1.);
#843 = DIRECTION('',(0.,2.22044604925E-16,1.));
#844 = ORIENTED_EDGE('',*,*,#845,.F.);
#845 = EDGE_CURVE('',#846,#838,#848,.T.);
#846 = VERTEX_POINT('',#847);
#847 = CARTESIAN_POINT('',(9.95,-1.53,3.7));
#848 = LINE('',#849,#850);
#849 = CARTESIAN_POINT('',(9.95,-1.53,3.7));
#850 = VECTOR('',#851,1.);
#851 = DIRECTION('',(0.503871025524,1.917974447926E-16,0.863778900898));
#852 = ORIENTED_EDGE('',*,*,#853,.F.);
#853 = EDGE_CURVE('',#854,#846,#856,.T.);
#854 = VERTEX_POINT('',#855);
#855 = CARTESIAN_POINT('',(9.35,-1.53,3.7));
#856 = LINE('',#857,#858);
#857 = CARTESIAN_POINT('',(9.35,-1.53,3.7));
#858 = VECTOR('',#859,1.);
#859 = DIRECTION('',(1.,0.,0.));
#860 = ORIENTED_EDGE('',*,*,#861,.F.);
#861 = EDGE_CURVE('',#862,#854,#864,.T.);
#862 = VERTEX_POINT('',#863);
#863 = CARTESIAN_POINT('',(9.35,-1.53,9.));
#864 = LINE('',#865,#866);
#865 = CARTESIAN_POINT('',(9.35,-1.53,9.));
#866 = VECTOR('',#867,1.);
#867 = DIRECTION('',(0.,-2.22044604925E-16,-1.));
#868 = ORIENTED_EDGE('',*,*,#869,.F.);
#869 = EDGE_CURVE('',#870,#862,#872,.T.);
#870 = VERTEX_POINT('',#871);
#871 = CARTESIAN_POINT('',(0.65,-1.53,9.));
#872 = LINE('',#873,#874);
#873 = CARTESIAN_POINT('',(0.65,-1.53,9.));
#874 = VECTOR('',#875,1.);
#875 = DIRECTION('',(1.,0.,0.));
#876 = ORIENTED_EDGE('',*,*,#877,.T.);
#877 = EDGE_CURVE('',#870,#878,#880,.T.);
#878 = VERTEX_POINT('',#879);
#879 = CARTESIAN_POINT('',(0.65,-1.53,3.7));
#880 = LINE('',#881,#882);
#881 = CARTESIAN_POINT('',(0.65,-1.53,9.));
#882 = VECTOR('',#883,1.);
#883 = DIRECTION('',(0.,-2.22044604925E-16,-1.));
#884 = ORIENTED_EDGE('',*,*,#885,.T.);
#885 = EDGE_CURVE('',#878,#886,#888,.T.);
#886 = VERTEX_POINT('',#887);
#887 = CARTESIAN_POINT('',(5.E-02,-1.53,3.7));
#888 = LINE('',#889,#890);
#889 = CARTESIAN_POINT('',(0.65,-1.53,3.7));
#890 = VECTOR('',#891,1.);
#891 = DIRECTION('',(-1.,0.,0.));
#892 = ORIENTED_EDGE('',*,*,#893,.T.);
#893 = EDGE_CURVE('',#886,#894,#896,.T.);
#894 = VERTEX_POINT('',#895);
#895 = CARTESIAN_POINT('',(-0.65,-1.53,4.9));
#896 = LINE('',#897,#898);
#897 = CARTESIAN_POINT('',(5.E-02,-1.53,3.7));
#898 = VECTOR('',#899,1.);
#899 = DIRECTION('',(-0.503871025524,1.917974447926E-16,0.863778900898)
  );
#900 = ORIENTED_EDGE('',*,*,#901,.T.);
#901 = EDGE_CURVE('',#894,#902,#904,.T.);
#902 = VERTEX_POINT('',#903);
#903 = CARTESIAN_POINT('',(-0.65,-1.53,5.7));
#904 = LINE('',#905,#906);
#905 = CARTESIAN_POINT('',(-0.65,-1.53,4.9));
#906 = VECTOR('',#907,1.);
#907 = DIRECTION('',(0.,2.22044604925E-16,1.));
#908 = ORIENTED_EDGE('',*,*,#909,.T.);
#909 = EDGE_CURVE('',#902,#910,#912,.T.);
#910 = VERTEX_POINT('',#911);
#911 = CARTESIAN_POINT('',(-0.2,-1.53,5.7));
#912 = LINE('',#913,#914);
#913 = CARTESIAN_POINT('',(-0.65,-1.53,5.7));
#914 = VECTOR('',#915,1.);
#915 = DIRECTION('',(1.,0.,0.));
#916 = ORIENTED_EDGE('',*,*,#917,.F.);
#917 = EDGE_CURVE('',#225,#910,#918,.T.);
#918 = LINE('',#919,#920);
#919 = CARTESIAN_POINT('',(5.E-02,-1.53,9.8));
#920 = VECTOR('',#921,1.);
#921 = DIRECTION('',(-6.086257045056E-02,-2.216329687308E-16,
    -0.998146155389));
#922 = ORIENTED_EDGE('',*,*,#224,.T.);
#923 = ORIENTED_EDGE('',*,*,#924,.T.);
#924 = EDGE_CURVE('',#216,#925,#927,.T.);
#925 = VERTEX_POINT('',#926);
#926 = CARTESIAN_POINT('',(-2.1,-1.53,9.2));
#927 = LINE('',#928,#929);
#928 = CARTESIAN_POINT('',(-2.1,-1.53,9.8));
#929 = VECTOR('',#930,1.);
#930 = DIRECTION('',(-0.,-0.,-1.));
#931 = ORIENTED_EDGE('',*,*,#932,.F.);
#932 = EDGE_CURVE('',#933,#925,#935,.T.);
#933 = VERTEX_POINT('',#934);
#934 = CARTESIAN_POINT('',(-1.6,-1.53,9.2));
#935 = LINE('',#936,#937);
#936 = CARTESIAN_POINT('',(12.1,-1.53,9.2));
#937 = VECTOR('',#938,1.);
#938 = DIRECTION('',(-1.,0.,0.));
#939 = ORIENTED_EDGE('',*,*,#940,.T.);
#940 = EDGE_CURVE('',#933,#941,#943,.T.);
#941 = VERTEX_POINT('',#942);
#942 = CARTESIAN_POINT('',(-1.6,-1.53,2.7));
#943 = LINE('',#944,#945);
#944 = CARTESIAN_POINT('',(-1.6,-1.53,9.8));
#945 = VECTOR('',#946,1.);
#946 = DIRECTION('',(0.,0.,-1.));
#947 = ORIENTED_EDGE('',*,*,#948,.F.);
#948 = EDGE_CURVE('',#949,#941,#951,.T.);
#949 = VERTEX_POINT('',#950);
#950 = CARTESIAN_POINT('',(11.6,-1.53,2.7));
#951 = LINE('',#952,#953);
#952 = CARTESIAN_POINT('',(11.6,-1.53,2.7));
#953 = VECTOR('',#954,1.);
#954 = DIRECTION('',(-1.,-0.,-0.));
#955 = ORIENTED_EDGE('',*,*,#956,.F.);
#956 = EDGE_CURVE('',#957,#949,#959,.T.);
#957 = VERTEX_POINT('',#958);
#958 = CARTESIAN_POINT('',(11.6,-1.53,9.2));
#959 = LINE('',#960,#961);
#960 = CARTESIAN_POINT('',(11.6,-1.53,9.8));
#961 = VECTOR('',#962,1.);
#962 = DIRECTION('',(0.,0.,-1.));
#963 = ORIENTED_EDGE('',*,*,#964,.F.);
#964 = EDGE_CURVE('',#813,#957,#965,.T.);
#965 = LINE('',#966,#967);
#966 = CARTESIAN_POINT('',(12.1,-1.53,9.2));
#967 = VECTOR('',#968,1.);
#968 = DIRECTION('',(-1.,0.,0.));
#969 = PLANE('',#970);
#970 = AXIS2_PLACEMENT_3D('',#971,#972,#973);
#971 = CARTESIAN_POINT('',(5.,-1.53,6.402582159624));
#972 = DIRECTION('',(-0.,-1.,-0.));
#973 = DIRECTION('',(0.,0.,-1.));
#974 = ADVANCED_FACE('',(#975),#993,.T.);
#975 = FACE_BOUND('',#976,.T.);
#976 = EDGE_LOOP('',(#977,#978,#986,#992));
#977 = ORIENTED_EDGE('',*,*,#248,.T.);
#978 = ORIENTED_EDGE('',*,*,#979,.T.);
#979 = EDGE_CURVE('',#241,#980,#982,.T.);
#980 = VERTEX_POINT('',#981);
#981 = CARTESIAN_POINT('',(10.2,-2.33,5.7));
#982 = LINE('',#983,#984);
#983 = CARTESIAN_POINT('',(9.95,-2.33,9.8));
#984 = VECTOR('',#985,1.);
#985 = DIRECTION('',(6.086257045056E-02,-2.216329687308E-16,
    -0.998146155389));
#986 = ORIENTED_EDGE('',*,*,#987,.F.);
#987 = EDGE_CURVE('',#822,#980,#988,.T.);
#988 = LINE('',#989,#990);
#989 = CARTESIAN_POINT('',(10.2,-1.53,5.7));
#990 = VECTOR('',#991,1.);
#991 = DIRECTION('',(0.,-1.,2.22044604925E-16));
#992 = ORIENTED_EDGE('',*,*,#821,.F.);
#993 = PLANE('',#994);
#994 = AXIS2_PLACEMENT_3D('',#995,#996,#997);
#995 = CARTESIAN_POINT('',(9.95,-1.53,9.8));
#996 = DIRECTION('',(0.998146155389,1.351420541042E-17,
    6.086257045056E-02));
#997 = DIRECTION('',(6.086257045056E-02,-2.216329687308E-16,
    -0.998146155389));
#998 = ADVANCED_FACE('',(#999),#1097,.F.);
#999 = FACE_BOUND('',#1000,.T.);
#1000 = EDGE_LOOP('',(#1001,#1009,#1017,#1025,#1033,#1041,#1049,#1057,
    #1065,#1073,#1081,#1089,#1095,#1096));
#1001 = ORIENTED_EDGE('',*,*,#1002,.T.);
#1002 = EDGE_CURVE('',#233,#1003,#1005,.T.);
#1003 = VERTEX_POINT('',#1004);
#1004 = CARTESIAN_POINT('',(-0.2,-2.33,5.7));
#1005 = LINE('',#1006,#1007);
#1006 = CARTESIAN_POINT('',(5.E-02,-2.33,9.8));
#1007 = VECTOR('',#1008,1.);
#1008 = DIRECTION('',(-6.086257045056E-02,-2.216329687308E-16,
    -0.998146155389));
#1009 = ORIENTED_EDGE('',*,*,#1010,.F.);
#1010 = EDGE_CURVE('',#1011,#1003,#1013,.T.);
#1011 = VERTEX_POINT('',#1012);
#1012 = CARTESIAN_POINT('',(-0.65,-2.33,5.7));
#1013 = LINE('',#1014,#1015);
#1014 = CARTESIAN_POINT('',(-0.65,-2.33,5.7));
#1015 = VECTOR('',#1016,1.);
#1016 = DIRECTION('',(1.,0.,0.));
#1017 = ORIENTED_EDGE('',*,*,#1018,.F.);
#1018 = EDGE_CURVE('',#1019,#1011,#1021,.T.);
#1019 = VERTEX_POINT('',#1020);
#1020 = CARTESIAN_POINT('',(-0.65,-2.33,4.9));
#1021 = LINE('',#1022,#1023);
#1022 = CARTESIAN_POINT('',(-0.65,-2.33,4.9));
#1023 = VECTOR('',#1024,1.);
#1024 = DIRECTION('',(0.,2.22044604925E-16,1.));
#1025 = ORIENTED_EDGE('',*,*,#1026,.F.);
#1026 = EDGE_CURVE('',#1027,#1019,#1029,.T.);
#1027 = VERTEX_POINT('',#1028);
#1028 = CARTESIAN_POINT('',(5.E-02,-2.33,3.7));
#1029 = LINE('',#1030,#1031);
#1030 = CARTESIAN_POINT('',(5.E-02,-2.33,3.7));
#1031 = VECTOR('',#1032,1.);
#1032 = DIRECTION('',(-0.503871025524,1.917974447926E-16,0.863778900898)
  );
#1033 = ORIENTED_EDGE('',*,*,#1034,.F.);
#1034 = EDGE_CURVE('',#1035,#1027,#1037,.T.);
#1035 = VERTEX_POINT('',#1036);
#1036 = CARTESIAN_POINT('',(0.65,-2.33,3.7));
#1037 = LINE('',#1038,#1039);
#1038 = CARTESIAN_POINT('',(0.65,-2.33,3.7));
#1039 = VECTOR('',#1040,1.);
#1040 = DIRECTION('',(-1.,0.,0.));
#1041 = ORIENTED_EDGE('',*,*,#1042,.F.);
#1042 = EDGE_CURVE('',#1043,#1035,#1045,.T.);
#1043 = VERTEX_POINT('',#1044);
#1044 = CARTESIAN_POINT('',(0.65,-2.33,9.));
#1045 = LINE('',#1046,#1047);
#1046 = CARTESIAN_POINT('',(0.65,-2.33,9.));
#1047 = VECTOR('',#1048,1.);
#1048 = DIRECTION('',(0.,-2.22044604925E-16,-1.));
#1049 = ORIENTED_EDGE('',*,*,#1050,.T.);
#1050 = EDGE_CURVE('',#1043,#1051,#1053,.T.);
#1051 = VERTEX_POINT('',#1052);
#1052 = CARTESIAN_POINT('',(9.35,-2.33,9.));
#1053 = LINE('',#1054,#1055);
#1054 = CARTESIAN_POINT('',(0.65,-2.33,9.));
#1055 = VECTOR('',#1056,1.);
#1056 = DIRECTION('',(1.,0.,0.));
#1057 = ORIENTED_EDGE('',*,*,#1058,.T.);
#1058 = EDGE_CURVE('',#1051,#1059,#1061,.T.);
#1059 = VERTEX_POINT('',#1060);
#1060 = CARTESIAN_POINT('',(9.35,-2.33,3.7));
#1061 = LINE('',#1062,#1063);
#1062 = CARTESIAN_POINT('',(9.35,-2.33,9.));
#1063 = VECTOR('',#1064,1.);
#1064 = DIRECTION('',(0.,-2.22044604925E-16,-1.));
#1065 = ORIENTED_EDGE('',*,*,#1066,.T.);
#1066 = EDGE_CURVE('',#1059,#1067,#1069,.T.);
#1067 = VERTEX_POINT('',#1068);
#1068 = CARTESIAN_POINT('',(9.95,-2.33,3.7));
#1069 = LINE('',#1070,#1071);
#1070 = CARTESIAN_POINT('',(9.35,-2.33,3.7));
#1071 = VECTOR('',#1072,1.);
#1072 = DIRECTION('',(1.,0.,0.));
#1073 = ORIENTED_EDGE('',*,*,#1074,.T.);
#1074 = EDGE_CURVE('',#1067,#1075,#1077,.T.);
#1075 = VERTEX_POINT('',#1076);
#1076 = CARTESIAN_POINT('',(10.65,-2.33,4.9));
#1077 = LINE('',#1078,#1079);
#1078 = CARTESIAN_POINT('',(9.95,-2.33,3.7));
#1079 = VECTOR('',#1080,1.);
#1080 = DIRECTION('',(0.503871025524,1.917974447926E-16,0.863778900898)
  );
#1081 = ORIENTED_EDGE('',*,*,#1082,.T.);
#1082 = EDGE_CURVE('',#1075,#1083,#1085,.T.);
#1083 = VERTEX_POINT('',#1084);
#1084 = CARTESIAN_POINT('',(10.65,-2.33,5.7));
#1085 = LINE('',#1086,#1087);
#1086 = CARTESIAN_POINT('',(10.65,-2.33,4.9));
#1087 = VECTOR('',#1088,1.);
#1088 = DIRECTION('',(0.,2.22044604925E-16,1.));
#1089 = ORIENTED_EDGE('',*,*,#1090,.T.);
#1090 = EDGE_CURVE('',#1083,#980,#1091,.T.);
#1091 = LINE('',#1092,#1093);
#1092 = CARTESIAN_POINT('',(10.65,-2.33,5.7));
#1093 = VECTOR('',#1094,1.);
#1094 = DIRECTION('',(-1.,0.,0.));
#1095 = ORIENTED_EDGE('',*,*,#979,.F.);
#1096 = ORIENTED_EDGE('',*,*,#240,.F.);
#1097 = PLANE('',#1098);
#1098 = AXIS2_PLACEMENT_3D('',#1099,#1100,#1101);
#1099 = CARTESIAN_POINT('',(5.,-2.33,7.661586749078));
#1100 = DIRECTION('',(0.,1.,0.));
#1101 = DIRECTION('',(0.,0.,1.));
#1102 = ADVANCED_FACE('',(#1103),#1114,.F.);
#1103 = FACE_BOUND('',#1104,.F.);
#1104 = EDGE_LOOP('',(#1105,#1106,#1107,#1113));
#1105 = ORIENTED_EDGE('',*,*,#232,.T.);
#1106 = ORIENTED_EDGE('',*,*,#1002,.T.);
#1107 = ORIENTED_EDGE('',*,*,#1108,.F.);
#1108 = EDGE_CURVE('',#910,#1003,#1109,.T.);
#1109 = LINE('',#1110,#1111);
#1110 = CARTESIAN_POINT('',(-0.2,-1.53,5.7));
#1111 = VECTOR('',#1112,1.);
#1112 = DIRECTION('',(0.,-1.,2.22044604925E-16));
#1113 = ORIENTED_EDGE('',*,*,#917,.F.);
#1114 = PLANE('',#1115);
#1115 = AXIS2_PLACEMENT_3D('',#1116,#1117,#1118);
#1116 = CARTESIAN_POINT('',(5.E-02,-1.53,9.8));
#1117 = DIRECTION('',(0.998146155389,-1.351420541042E-17,
    -6.086257045056E-02));
#1118 = DIRECTION('',(-6.086257045056E-02,-2.216329687308E-16,
    -0.998146155389));
#1119 = ADVANCED_FACE('',(#1120),#1139,.T.);
#1120 = FACE_BOUND('',#1121,.T.);
#1121 = EDGE_LOOP('',(#1122,#1130,#1137,#1138));
#1122 = ORIENTED_EDGE('',*,*,#1123,.T.);
#1123 = EDGE_CURVE('',#208,#1124,#1126,.T.);
#1124 = VERTEX_POINT('',#1125);
#1125 = CARTESIAN_POINT('',(-2.4,-1.23,9.2));
#1126 = LINE('',#1127,#1128);
#1127 = CARTESIAN_POINT('',(-2.4,-1.23,9.8));
#1128 = VECTOR('',#1129,1.);
#1129 = DIRECTION('',(-0.,-0.,-1.));
#1130 = ORIENTED_EDGE('',*,*,#1131,.T.);
#1131 = EDGE_CURVE('',#1124,#925,#1132,.T.);
#1132 = CIRCLE('',#1133,0.3);
#1133 = AXIS2_PLACEMENT_3D('',#1134,#1135,#1136);
#1134 = CARTESIAN_POINT('',(-2.1,-1.23,9.2));
#1135 = DIRECTION('',(0.,0.,1.));
#1136 = DIRECTION('',(1.,0.,0.));
#1137 = ORIENTED_EDGE('',*,*,#924,.F.);
#1138 = ORIENTED_EDGE('',*,*,#215,.F.);
#1139 = CYLINDRICAL_SURFACE('',#1140,0.3);
#1140 = AXIS2_PLACEMENT_3D('',#1141,#1142,#1143);
#1141 = CARTESIAN_POINT('',(-2.1,-1.23,9.8));
#1142 = DIRECTION('',(0.,0.,1.));
#1143 = DIRECTION('',(1.,0.,0.));
#1144 = ADVANCED_FACE('',(#1145),#1163,.F.);
#1145 = FACE_BOUND('',#1146,.F.);
#1146 = EDGE_LOOP('',(#1147,#1148,#1156,#1162));
#1147 = ORIENTED_EDGE('',*,*,#1123,.T.);
#1148 = ORIENTED_EDGE('',*,*,#1149,.T.);
#1149 = EDGE_CURVE('',#1124,#1150,#1152,.T.);
#1150 = VERTEX_POINT('',#1151);
#1151 = CARTESIAN_POINT('',(-2.4,3.07,9.2));
#1152 = LINE('',#1153,#1154);
#1153 = CARTESIAN_POINT('',(-2.4,-1.23,9.2));
#1154 = VECTOR('',#1155,1.);
#1155 = DIRECTION('',(0.,1.,0.));
#1156 = ORIENTED_EDGE('',*,*,#1157,.F.);
#1157 = EDGE_CURVE('',#199,#1150,#1158,.T.);
#1158 = LINE('',#1159,#1160);
#1159 = CARTESIAN_POINT('',(-2.4,3.07,9.8));
#1160 = VECTOR('',#1161,1.);
#1161 = DIRECTION('',(-0.,-0.,-1.));
#1162 = ORIENTED_EDGE('',*,*,#207,.F.);
#1163 = PLANE('',#1164);
#1164 = AXIS2_PLACEMENT_3D('',#1165,#1166,#1167);
#1165 = CARTESIAN_POINT('',(-2.4,-1.23,9.8));
#1166 = DIRECTION('',(1.,0.,0.));
#1167 = DIRECTION('',(0.,1.,0.));
#1168 = ADVANCED_FACE('',(#1169),#1188,.T.);
#1169 = FACE_BOUND('',#1170,.T.);
#1170 = EDGE_LOOP('',(#1171,#1179,#1186,#1187));
#1171 = ORIENTED_EDGE('',*,*,#1172,.T.);
#1172 = EDGE_CURVE('',#191,#1173,#1175,.T.);
#1173 = VERTEX_POINT('',#1174);
#1174 = CARTESIAN_POINT('',(-2.1,3.37,9.2));
#1175 = LINE('',#1176,#1177);
#1176 = CARTESIAN_POINT('',(-2.1,3.37,9.8));
#1177 = VECTOR('',#1178,1.);
#1178 = DIRECTION('',(-0.,-0.,-1.));
#1179 = ORIENTED_EDGE('',*,*,#1180,.T.);
#1180 = EDGE_CURVE('',#1173,#1150,#1181,.T.);
#1181 = CIRCLE('',#1182,0.3);
#1182 = AXIS2_PLACEMENT_3D('',#1183,#1184,#1185);
#1183 = CARTESIAN_POINT('',(-2.1,3.07,9.2));
#1184 = DIRECTION('',(0.,0.,1.));
#1185 = DIRECTION('',(1.,0.,0.));
#1186 = ORIENTED_EDGE('',*,*,#1157,.F.);
#1187 = ORIENTED_EDGE('',*,*,#198,.F.);
#1188 = CYLINDRICAL_SURFACE('',#1189,0.3);
#1189 = AXIS2_PLACEMENT_3D('',#1190,#1191,#1192);
#1190 = CARTESIAN_POINT('',(-2.1,3.07,9.8));
#1191 = DIRECTION('',(0.,0.,1.));
#1192 = DIRECTION('',(1.,0.,0.));
#1193 = ADVANCED_FACE('',(#1194),#1212,.F.);
#1194 = FACE_BOUND('',#1195,.F.);
#1195 = EDGE_LOOP('',(#1196,#1197,#1205,#1211));
#1196 = ORIENTED_EDGE('',*,*,#1172,.T.);
#1197 = ORIENTED_EDGE('',*,*,#1198,.T.);
#1198 = EDGE_CURVE('',#1173,#1199,#1201,.T.);
#1199 = VERTEX_POINT('',#1200);
#1200 = CARTESIAN_POINT('',(12.1,3.37,9.2));
#1201 = LINE('',#1202,#1203);
#1202 = CARTESIAN_POINT('',(-2.1,3.37,9.2));
#1203 = VECTOR('',#1204,1.);
#1204 = DIRECTION('',(1.,0.,0.));
#1205 = ORIENTED_EDGE('',*,*,#1206,.F.);
#1206 = EDGE_CURVE('',#182,#1199,#1207,.T.);
#1207 = LINE('',#1208,#1209);
#1208 = CARTESIAN_POINT('',(12.1,3.37,9.8));
#1209 = VECTOR('',#1210,1.);
#1210 = DIRECTION('',(-0.,-0.,-1.));
#1211 = ORIENTED_EDGE('',*,*,#190,.F.);
#1212 = PLANE('',#1213);
#1213 = AXIS2_PLACEMENT_3D('',#1214,#1215,#1216);
#1214 = CARTESIAN_POINT('',(-2.1,3.37,9.8));
#1215 = DIRECTION('',(0.,-1.,0.));
#1216 = DIRECTION('',(1.,0.,0.));
#1217 = ADVANCED_FACE('',(#1218),#1237,.T.);
#1218 = FACE_BOUND('',#1219,.T.);
#1219 = EDGE_LOOP('',(#1220,#1228,#1235,#1236));
#1220 = ORIENTED_EDGE('',*,*,#1221,.T.);
#1221 = EDGE_CURVE('',#174,#1222,#1224,.T.);
#1222 = VERTEX_POINT('',#1223);
#1223 = CARTESIAN_POINT('',(12.4,3.07,9.2));
#1224 = LINE('',#1225,#1226);
#1225 = CARTESIAN_POINT('',(12.4,3.07,9.8));
#1226 = VECTOR('',#1227,1.);
#1227 = DIRECTION('',(-0.,-0.,-1.));
#1228 = ORIENTED_EDGE('',*,*,#1229,.T.);
#1229 = EDGE_CURVE('',#1222,#1199,#1230,.T.);
#1230 = CIRCLE('',#1231,0.3);
#1231 = AXIS2_PLACEMENT_3D('',#1232,#1233,#1234);
#1232 = CARTESIAN_POINT('',(12.1,3.07,9.2));
#1233 = DIRECTION('',(0.,0.,1.));
#1234 = DIRECTION('',(1.,0.,0.));
#1235 = ORIENTED_EDGE('',*,*,#1206,.F.);
#1236 = ORIENTED_EDGE('',*,*,#181,.F.);
#1237 = CYLINDRICAL_SURFACE('',#1238,0.3);
#1238 = AXIS2_PLACEMENT_3D('',#1239,#1240,#1241);
#1239 = CARTESIAN_POINT('',(12.1,3.07,9.8));
#1240 = DIRECTION('',(0.,0.,1.));
#1241 = DIRECTION('',(1.,0.,0.));
#1242 = ADVANCED_FACE('',(#1243),#1261,.F.);
#1243 = FACE_BOUND('',#1244,.F.);
#1244 = EDGE_LOOP('',(#1245,#1246,#1247,#1255));
#1245 = ORIENTED_EDGE('',*,*,#173,.F.);
#1246 = ORIENTED_EDGE('',*,*,#1221,.T.);
#1247 = ORIENTED_EDGE('',*,*,#1248,.T.);
#1248 = EDGE_CURVE('',#1222,#1249,#1251,.T.);
#1249 = VERTEX_POINT('',#1250);
#1250 = CARTESIAN_POINT('',(12.4,1.4625,9.2));
#1251 = LINE('',#1252,#1253);
#1252 = CARTESIAN_POINT('',(12.4,3.07,9.2));
#1253 = VECTOR('',#1254,1.);
#1254 = DIRECTION('',(0.,-1.,0.));
#1255 = ORIENTED_EDGE('',*,*,#1256,.T.);
#1256 = EDGE_CURVE('',#1249,#166,#1257,.T.);
#1257 = LINE('',#1258,#1259);
#1258 = CARTESIAN_POINT('',(12.4,1.4625,9.8));
#1259 = VECTOR('',#1260,1.);
#1260 = DIRECTION('',(0.,0.,1.));
#1261 = PLANE('',#1262);
#1262 = AXIS2_PLACEMENT_3D('',#1263,#1264,#1265);
#1263 = CARTESIAN_POINT('',(12.4,3.07,9.8));
#1264 = DIRECTION('',(-1.,0.,0.));
#1265 = DIRECTION('',(0.,-1.,0.));
#1266 = ADVANCED_FACE('',(#1267),#1285,.T.);
#1267 = FACE_BOUND('',#1268,.T.);
#1268 = EDGE_LOOP('',(#1269,#1270,#1278,#1284));
#1269 = ORIENTED_EDGE('',*,*,#165,.F.);
#1270 = ORIENTED_EDGE('',*,*,#1271,.T.);
#1271 = EDGE_CURVE('',#158,#1272,#1274,.T.);
#1272 = VERTEX_POINT('',#1273);
#1273 = CARTESIAN_POINT('',(11.65,0.9,9.2));
#1274 = LINE('',#1275,#1276);
#1275 = CARTESIAN_POINT('',(11.65,0.9,9.8));
#1276 = VECTOR('',#1277,1.);
#1277 = DIRECTION('',(-0.,-0.,-1.));
#1278 = ORIENTED_EDGE('',*,*,#1279,.T.);
#1279 = EDGE_CURVE('',#1272,#1249,#1280,.T.);
#1280 = LINE('',#1281,#1282);
#1281 = CARTESIAN_POINT('',(9.5268,-0.6924,9.2));
#1282 = VECTOR('',#1283,1.);
#1283 = DIRECTION('',(0.8,0.6,0.));
#1284 = ORIENTED_EDGE('',*,*,#1256,.T.);
#1285 = PLANE('',#1286);
#1286 = AXIS2_PLACEMENT_3D('',#1287,#1288,#1289);
#1287 = CARTESIAN_POINT('',(11.65,0.9,9.8));
#1288 = DIRECTION('',(0.6,-0.8,0.));
#1289 = DIRECTION('',(0.8,0.6,0.));
#1290 = ADVANCED_FACE('',(#1291),#1309,.T.);
#1291 = FACE_BOUND('',#1292,.T.);
#1292 = EDGE_LOOP('',(#1293,#1294,#1302,#1308));
#1293 = ORIENTED_EDGE('',*,*,#157,.F.);
#1294 = ORIENTED_EDGE('',*,*,#1295,.T.);
#1295 = EDGE_CURVE('',#150,#1296,#1298,.T.);
#1296 = VERTEX_POINT('',#1297);
#1297 = CARTESIAN_POINT('',(12.4,0.3375,9.2));
#1298 = LINE('',#1299,#1300);
#1299 = CARTESIAN_POINT('',(12.4,0.3375,9.8));
#1300 = VECTOR('',#1301,1.);
#1301 = DIRECTION('',(0.,0.,-1.));
#1302 = ORIENTED_EDGE('',*,*,#1303,.T.);
#1303 = EDGE_CURVE('',#1296,#1272,#1304,.T.);
#1304 = LINE('',#1305,#1306);
#1305 = CARTESIAN_POINT('',(9.9172,2.1996,9.2));
#1306 = VECTOR('',#1307,1.);
#1307 = DIRECTION('',(-0.8,0.6,0.));
#1308 = ORIENTED_EDGE('',*,*,#1271,.F.);
#1309 = PLANE('',#1310);
#1310 = AXIS2_PLACEMENT_3D('',#1311,#1312,#1313);
#1311 = CARTESIAN_POINT('',(12.45,0.3,9.8));
#1312 = DIRECTION('',(0.6,0.8,0.));
#1313 = DIRECTION('',(-0.8,0.6,0.));
#1314 = ADVANCED_FACE('',(#1315),#1333,.F.);
#1315 = FACE_BOUND('',#1316,.F.);
#1316 = EDGE_LOOP('',(#1317,#1318,#1319,#1327));
#1317 = ORIENTED_EDGE('',*,*,#149,.F.);
#1318 = ORIENTED_EDGE('',*,*,#1295,.T.);
#1319 = ORIENTED_EDGE('',*,*,#1320,.T.);
#1320 = EDGE_CURVE('',#1296,#1321,#1323,.T.);
#1321 = VERTEX_POINT('',#1322);
#1322 = CARTESIAN_POINT('',(12.4,-1.23,9.2));
#1323 = LINE('',#1324,#1325);
#1324 = CARTESIAN_POINT('',(12.4,3.07,9.2));
#1325 = VECTOR('',#1326,1.);
#1326 = DIRECTION('',(0.,-1.,0.));
#1327 = ORIENTED_EDGE('',*,*,#1328,.F.);
#1328 = EDGE_CURVE('',#141,#1321,#1329,.T.);
#1329 = LINE('',#1330,#1331);
#1330 = CARTESIAN_POINT('',(12.4,-1.23,9.8));
#1331 = VECTOR('',#1332,1.);
#1332 = DIRECTION('',(-0.,-0.,-1.));
#1333 = PLANE('',#1334);
#1334 = AXIS2_PLACEMENT_3D('',#1335,#1336,#1337);
#1335 = CARTESIAN_POINT('',(12.4,3.07,9.8));
#1336 = DIRECTION('',(-1.,0.,0.));
#1337 = DIRECTION('',(0.,-1.,0.));
#1338 = ADVANCED_FACE('',(#1339),#1351,.T.);
#1339 = FACE_BOUND('',#1340,.T.);
#1340 = EDGE_LOOP('',(#1341,#1342,#1349,#1350));
#1341 = ORIENTED_EDGE('',*,*,#812,.T.);
#1342 = ORIENTED_EDGE('',*,*,#1343,.T.);
#1343 = EDGE_CURVE('',#813,#1321,#1344,.T.);
#1344 = CIRCLE('',#1345,0.3);
#1345 = AXIS2_PLACEMENT_3D('',#1346,#1347,#1348);
#1346 = CARTESIAN_POINT('',(12.1,-1.23,9.2));
#1347 = DIRECTION('',(0.,0.,1.));
#1348 = DIRECTION('',(1.,0.,0.));
#1349 = ORIENTED_EDGE('',*,*,#1328,.F.);
#1350 = ORIENTED_EDGE('',*,*,#140,.F.);
#1351 = CYLINDRICAL_SURFACE('',#1352,0.3);
#1352 = AXIS2_PLACEMENT_3D('',#1353,#1354,#1355);
#1353 = CARTESIAN_POINT('',(12.1,-1.23,9.8));
#1354 = DIRECTION('',(0.,0.,1.));
#1355 = DIRECTION('',(1.,0.,0.));
#1356 = ADVANCED_FACE('',(#1357),#1398,.F.);
#1357 = FACE_BOUND('',#1358,.F.);
#1358 = EDGE_LOOP('',(#1359,#1367,#1375,#1383,#1391,#1397));
#1359 = ORIENTED_EDGE('',*,*,#1360,.F.);
#1360 = EDGE_CURVE('',#1361,#257,#1363,.T.);
#1361 = VERTEX_POINT('',#1362);
#1362 = CARTESIAN_POINT('',(1.05,1.52,3.45));
#1363 = LINE('',#1364,#1365);
#1364 = CARTESIAN_POINT('',(1.05,1.52,3.45));
#1365 = VECTOR('',#1366,1.);
#1366 = DIRECTION('',(0.,0.,1.));
#1367 = ORIENTED_EDGE('',*,*,#1368,.T.);
#1368 = EDGE_CURVE('',#1361,#1369,#1371,.T.);
#1369 = VERTEX_POINT('',#1370);
#1370 = CARTESIAN_POINT('',(0.6,1.52,3.45));
#1371 = LINE('',#1372,#1373);
#1372 = CARTESIAN_POINT('',(1.05,1.52,3.45));
#1373 = VECTOR('',#1374,1.);
#1374 = DIRECTION('',(-1.,-0.,-0.));
#1375 = ORIENTED_EDGE('',*,*,#1376,.F.);
#1376 = EDGE_CURVE('',#1377,#1369,#1379,.T.);
#1377 = VERTEX_POINT('',#1378);
#1378 = CARTESIAN_POINT('',(0.6,1.52,5.25));
#1379 = LINE('',#1380,#1381);
#1380 = CARTESIAN_POINT('',(0.6,1.52,5.25));
#1381 = VECTOR('',#1382,1.);
#1382 = DIRECTION('',(0.,1.233581138472E-16,-1.));
#1383 = ORIENTED_EDGE('',*,*,#1384,.T.);
#1384 = EDGE_CURVE('',#1377,#1385,#1387,.T.);
#1385 = VERTEX_POINT('',#1386);
#1386 = CARTESIAN_POINT('',(0.5,1.52,5.25));
#1387 = LINE('',#1388,#1389);
#1388 = CARTESIAN_POINT('',(0.6,1.52,5.25));
#1389 = VECTOR('',#1390,1.);
#1390 = DIRECTION('',(-1.,-0.,-0.));
#1391 = ORIENTED_EDGE('',*,*,#1392,.F.);
#1392 = EDGE_CURVE('',#259,#1385,#1393,.T.);
#1393 = LINE('',#1394,#1395);
#1394 = CARTESIAN_POINT('',(0.5,1.52,9.8));
#1395 = VECTOR('',#1396,1.);
#1396 = DIRECTION('',(0.,0.,-1.));
#1397 = ORIENTED_EDGE('',*,*,#256,.F.);
#1398 = PLANE('',#1399);
#1399 = AXIS2_PLACEMENT_3D('',#1400,#1401,#1402);
#1400 = CARTESIAN_POINT('',(1.05,1.52,3.45));
#1401 = DIRECTION('',(0.,1.,0.));
#1402 = DIRECTION('',(0.,0.,1.));
#1403 = ADVANCED_FACE('',(#1404),#1422,.F.);
#1404 = FACE_BOUND('',#1405,.F.);
#1405 = EDGE_LOOP('',(#1406,#1414,#1415,#1416));
#1406 = ORIENTED_EDGE('',*,*,#1407,.T.);
#1407 = EDGE_CURVE('',#1408,#1361,#1410,.T.);
#1408 = VERTEX_POINT('',#1409);
#1409 = CARTESIAN_POINT('',(1.05,-0.98,3.45));
#1410 = LINE('',#1411,#1412);
#1411 = CARTESIAN_POINT('',(1.05,-0.98,3.45));
#1412 = VECTOR('',#1413,1.);
#1413 = DIRECTION('',(0.,1.,0.));
#1414 = ORIENTED_EDGE('',*,*,#1360,.T.);
#1415 = ORIENTED_EDGE('',*,*,#266,.T.);
#1416 = ORIENTED_EDGE('',*,*,#1417,.T.);
#1417 = EDGE_CURVE('',#267,#1408,#1418,.T.);
#1418 = LINE('',#1419,#1420);
#1419 = CARTESIAN_POINT('',(1.05,-0.98,9.8));
#1420 = VECTOR('',#1421,1.);
#1421 = DIRECTION('',(0.,0.,-1.));
#1422 = PLANE('',#1423);
#1423 = AXIS2_PLACEMENT_3D('',#1424,#1425,#1426);
#1424 = CARTESIAN_POINT('',(1.05,0.27,6.625));
#1425 = DIRECTION('',(1.,0.,0.));
#1426 = DIRECTION('',(0.,0.,1.));
#1427 = ADVANCED_FACE('',(#1428),#1446,.F.);
#1428 = FACE_BOUND('',#1429,.F.);
#1429 = EDGE_LOOP('',(#1430,#1431,#1439,#1445));
#1430 = ORIENTED_EDGE('',*,*,#1392,.T.);
#1431 = ORIENTED_EDGE('',*,*,#1432,.T.);
#1432 = EDGE_CURVE('',#1385,#1433,#1435,.T.);
#1433 = VERTEX_POINT('',#1434);
#1434 = CARTESIAN_POINT('',(0.5,1.92,5.25));
#1435 = LINE('',#1436,#1437);
#1436 = CARTESIAN_POINT('',(0.5,1.52,5.25));
#1437 = VECTOR('',#1438,1.);
#1438 = DIRECTION('',(0.,1.,0.));
#1439 = ORIENTED_EDGE('',*,*,#1440,.T.);
#1440 = EDGE_CURVE('',#1433,#307,#1441,.T.);
#1441 = LINE('',#1442,#1443);
#1442 = CARTESIAN_POINT('',(0.5,1.92,5.25));
#1443 = VECTOR('',#1444,1.);
#1444 = DIRECTION('',(0.,0.,1.));
#1445 = ORIENTED_EDGE('',*,*,#314,.T.);
#1446 = PLANE('',#1447);
#1447 = AXIS2_PLACEMENT_3D('',#1448,#1449,#1450);
#1448 = CARTESIAN_POINT('',(0.5,1.72,7.525));
#1449 = DIRECTION('',(1.,0.,0.));
#1450 = DIRECTION('',(0.,0.,1.));
#1451 = ADVANCED_FACE('',(#1452),#1470,.F.);
#1452 = FACE_BOUND('',#1453,.F.);
#1453 = EDGE_LOOP('',(#1454,#1455,#1463,#1469));
#1454 = ORIENTED_EDGE('',*,*,#274,.T.);
#1455 = ORIENTED_EDGE('',*,*,#1456,.T.);
#1456 = EDGE_CURVE('',#275,#1457,#1459,.T.);
#1457 = VERTEX_POINT('',#1458);
#1458 = CARTESIAN_POINT('',(-1.05,-0.98,3.45));
#1459 = LINE('',#1460,#1461);
#1460 = CARTESIAN_POINT('',(-1.05,-0.98,9.8));
#1461 = VECTOR('',#1462,1.);
#1462 = DIRECTION('',(0.,0.,-1.));
#1463 = ORIENTED_EDGE('',*,*,#1464,.F.);
#1464 = EDGE_CURVE('',#1408,#1457,#1465,.T.);
#1465 = LINE('',#1466,#1467);
#1466 = CARTESIAN_POINT('',(1.05,-0.98,3.45));
#1467 = VECTOR('',#1468,1.);
#1468 = DIRECTION('',(-1.,-0.,-0.));
#1469 = ORIENTED_EDGE('',*,*,#1417,.F.);
#1470 = PLANE('',#1471);
#1471 = AXIS2_PLACEMENT_3D('',#1472,#1473,#1474);
#1472 = CARTESIAN_POINT('',(1.05,-0.98,9.8));
#1473 = DIRECTION('',(0.,-1.,0.));
#1474 = DIRECTION('',(0.,0.,-1.));
#1475 = ADVANCED_FACE('',(#1476),#1494,.F.);
#1476 = FACE_BOUND('',#1477,.F.);
#1477 = EDGE_LOOP('',(#1478,#1486,#1492,#1493));
#1478 = ORIENTED_EDGE('',*,*,#1479,.T.);
#1479 = EDGE_CURVE('',#1433,#1480,#1482,.T.);
#1480 = VERTEX_POINT('',#1481);
#1481 = CARTESIAN_POINT('',(-0.5,1.92,5.25));
#1482 = LINE('',#1483,#1484);
#1483 = CARTESIAN_POINT('',(0.5,1.92,5.25));
#1484 = VECTOR('',#1485,1.);
#1485 = DIRECTION('',(-1.,-0.,-0.));
#1486 = ORIENTED_EDGE('',*,*,#1487,.T.);
#1487 = EDGE_CURVE('',#1480,#299,#1488,.T.);
#1488 = LINE('',#1489,#1490);
#1489 = CARTESIAN_POINT('',(-0.5,1.92,5.25));
#1490 = VECTOR('',#1491,1.);
#1491 = DIRECTION('',(0.,0.,1.));
#1492 = ORIENTED_EDGE('',*,*,#306,.F.);
#1493 = ORIENTED_EDGE('',*,*,#1440,.F.);
#1494 = PLANE('',#1495);
#1495 = AXIS2_PLACEMENT_3D('',#1496,#1497,#1498);
#1496 = CARTESIAN_POINT('',(0.5,1.92,5.25));
#1497 = DIRECTION('',(0.,1.,0.));
#1498 = DIRECTION('',(0.,0.,1.));
#1499 = ADVANCED_FACE('',(#1500),#1518,.T.);
#1500 = FACE_BOUND('',#1501,.T.);
#1501 = EDGE_LOOP('',(#1502,#1510,#1516,#1517));
#1502 = ORIENTED_EDGE('',*,*,#1503,.T.);
#1503 = EDGE_CURVE('',#1457,#1504,#1506,.T.);
#1504 = VERTEX_POINT('',#1505);
#1505 = CARTESIAN_POINT('',(-1.05,1.52,3.45));
#1506 = LINE('',#1507,#1508);
#1507 = CARTESIAN_POINT('',(-1.05,-0.98,3.45));
#1508 = VECTOR('',#1509,1.);
#1509 = DIRECTION('',(0.,1.,0.));
#1510 = ORIENTED_EDGE('',*,*,#1511,.T.);
#1511 = EDGE_CURVE('',#1504,#283,#1512,.T.);
#1512 = LINE('',#1513,#1514);
#1513 = CARTESIAN_POINT('',(-1.05,1.52,3.45));
#1514 = VECTOR('',#1515,1.);
#1515 = DIRECTION('',(0.,0.,1.));
#1516 = ORIENTED_EDGE('',*,*,#282,.T.);
#1517 = ORIENTED_EDGE('',*,*,#1456,.T.);
#1518 = PLANE('',#1519);
#1519 = AXIS2_PLACEMENT_3D('',#1520,#1521,#1522);
#1520 = CARTESIAN_POINT('',(-1.05,0.27,6.625));
#1521 = DIRECTION('',(1.,0.,0.));
#1522 = DIRECTION('',(0.,0.,1.));
#1523 = ADVANCED_FACE('',(#1524),#1542,.T.);
#1524 = FACE_BOUND('',#1525,.T.);
#1525 = EDGE_LOOP('',(#1526,#1534,#1540,#1541));
#1526 = ORIENTED_EDGE('',*,*,#1527,.T.);
#1527 = EDGE_CURVE('',#291,#1528,#1530,.T.);
#1528 = VERTEX_POINT('',#1529);
#1529 = CARTESIAN_POINT('',(-0.5,1.52,5.25));
#1530 = LINE('',#1531,#1532);
#1531 = CARTESIAN_POINT('',(-0.5,1.52,9.8));
#1532 = VECTOR('',#1533,1.);
#1533 = DIRECTION('',(0.,0.,-1.));
#1534 = ORIENTED_EDGE('',*,*,#1535,.T.);
#1535 = EDGE_CURVE('',#1528,#1480,#1536,.T.);
#1536 = LINE('',#1537,#1538);
#1537 = CARTESIAN_POINT('',(-0.5,1.52,5.25));
#1538 = VECTOR('',#1539,1.);
#1539 = DIRECTION('',(0.,1.,0.));
#1540 = ORIENTED_EDGE('',*,*,#1487,.T.);
#1541 = ORIENTED_EDGE('',*,*,#298,.T.);
#1542 = PLANE('',#1543);
#1543 = AXIS2_PLACEMENT_3D('',#1544,#1545,#1546);
#1544 = CARTESIAN_POINT('',(-0.5,1.72,7.525));
#1545 = DIRECTION('',(1.,0.,0.));
#1546 = DIRECTION('',(0.,0.,1.));
#1547 = ADVANCED_FACE('',(#1548),#1575,.F.);
#1548 = FACE_BOUND('',#1549,.F.);
#1549 = EDGE_LOOP('',(#1550,#1551,#1552,#1560,#1568,#1574));
#1550 = ORIENTED_EDGE('',*,*,#290,.F.);
#1551 = ORIENTED_EDGE('',*,*,#1527,.T.);
#1552 = ORIENTED_EDGE('',*,*,#1553,.T.);
#1553 = EDGE_CURVE('',#1528,#1554,#1556,.T.);
#1554 = VERTEX_POINT('',#1555);
#1555 = CARTESIAN_POINT('',(-0.6,1.52,5.25));
#1556 = LINE('',#1557,#1558);
#1557 = CARTESIAN_POINT('',(0.6,1.52,5.25));
#1558 = VECTOR('',#1559,1.);
#1559 = DIRECTION('',(-1.,-0.,-0.));
#1560 = ORIENTED_EDGE('',*,*,#1561,.T.);
#1561 = EDGE_CURVE('',#1554,#1562,#1564,.T.);
#1562 = VERTEX_POINT('',#1563);
#1563 = CARTESIAN_POINT('',(-0.6,1.52,3.45));
#1564 = LINE('',#1565,#1566);
#1565 = CARTESIAN_POINT('',(-0.6,1.52,5.25));
#1566 = VECTOR('',#1567,1.);
#1567 = DIRECTION('',(0.,1.233581138472E-16,-1.));
#1568 = ORIENTED_EDGE('',*,*,#1569,.T.);
#1569 = EDGE_CURVE('',#1562,#1504,#1570,.T.);
#1570 = LINE('',#1571,#1572);
#1571 = CARTESIAN_POINT('',(1.05,1.52,3.45));
#1572 = VECTOR('',#1573,1.);
#1573 = DIRECTION('',(-1.,-0.,-0.));
#1574 = ORIENTED_EDGE('',*,*,#1511,.T.);
#1575 = PLANE('',#1576);
#1576 = AXIS2_PLACEMENT_3D('',#1577,#1578,#1579);
#1577 = CARTESIAN_POINT('',(1.05,1.52,3.45));
#1578 = DIRECTION('',(0.,1.,0.));
#1579 = DIRECTION('',(0.,0.,1.));
#1580 = ADVANCED_FACE('',(#1581),#1622,.F.);
#1581 = FACE_BOUND('',#1582,.F.);
#1582 = EDGE_LOOP('',(#1583,#1591,#1599,#1607,#1615,#1621));
#1583 = ORIENTED_EDGE('',*,*,#1584,.F.);
#1584 = EDGE_CURVE('',#1585,#323,#1587,.T.);
#1585 = VERTEX_POINT('',#1586);
#1586 = CARTESIAN_POINT('',(3.55,1.52,3.45));
#1587 = LINE('',#1588,#1589);
#1588 = CARTESIAN_POINT('',(3.55,1.52,3.45));
#1589 = VECTOR('',#1590,1.);
#1590 = DIRECTION('',(0.,0.,1.));
#1591 = ORIENTED_EDGE('',*,*,#1592,.T.);
#1592 = EDGE_CURVE('',#1585,#1593,#1595,.T.);
#1593 = VERTEX_POINT('',#1594);
#1594 = CARTESIAN_POINT('',(3.1,1.52,3.45));
#1595 = LINE('',#1596,#1597);
#1596 = CARTESIAN_POINT('',(3.55,1.52,3.45));
#1597 = VECTOR('',#1598,1.);
#1598 = DIRECTION('',(-1.,-0.,-0.));
#1599 = ORIENTED_EDGE('',*,*,#1600,.F.);
#1600 = EDGE_CURVE('',#1601,#1593,#1603,.T.);
#1601 = VERTEX_POINT('',#1602);
#1602 = CARTESIAN_POINT('',(3.1,1.52,5.25));
#1603 = LINE('',#1604,#1605);
#1604 = CARTESIAN_POINT('',(3.1,1.52,5.25));
#1605 = VECTOR('',#1606,1.);
#1606 = DIRECTION('',(0.,1.233581138472E-16,-1.));
#1607 = ORIENTED_EDGE('',*,*,#1608,.T.);
#1608 = EDGE_CURVE('',#1601,#1609,#1611,.T.);
#1609 = VERTEX_POINT('',#1610);
#1610 = CARTESIAN_POINT('',(3.,1.52,5.25));
#1611 = LINE('',#1612,#1613);
#1612 = CARTESIAN_POINT('',(3.1,1.52,5.25));
#1613 = VECTOR('',#1614,1.);
#1614 = DIRECTION('',(-1.,-0.,-0.));
#1615 = ORIENTED_EDGE('',*,*,#1616,.F.);
#1616 = EDGE_CURVE('',#325,#1609,#1617,.T.);
#1617 = LINE('',#1618,#1619);
#1618 = CARTESIAN_POINT('',(3.,1.52,9.8));
#1619 = VECTOR('',#1620,1.);
#1620 = DIRECTION('',(0.,0.,-1.));
#1621 = ORIENTED_EDGE('',*,*,#322,.F.);
#1622 = PLANE('',#1623);
#1623 = AXIS2_PLACEMENT_3D('',#1624,#1625,#1626);
#1624 = CARTESIAN_POINT('',(3.55,1.52,3.45));
#1625 = DIRECTION('',(0.,1.,0.));
#1626 = DIRECTION('',(0.,0.,1.));
#1627 = ADVANCED_FACE('',(#1628),#1646,.F.);
#1628 = FACE_BOUND('',#1629,.F.);
#1629 = EDGE_LOOP('',(#1630,#1638,#1639,#1640));
#1630 = ORIENTED_EDGE('',*,*,#1631,.T.);
#1631 = EDGE_CURVE('',#1632,#1585,#1634,.T.);
#1632 = VERTEX_POINT('',#1633);
#1633 = CARTESIAN_POINT('',(3.55,-0.98,3.45));
#1634 = LINE('',#1635,#1636);
#1635 = CARTESIAN_POINT('',(3.55,-0.98,3.45));
#1636 = VECTOR('',#1637,1.);
#1637 = DIRECTION('',(0.,1.,0.));
#1638 = ORIENTED_EDGE('',*,*,#1584,.T.);
#1639 = ORIENTED_EDGE('',*,*,#332,.T.);
#1640 = ORIENTED_EDGE('',*,*,#1641,.T.);
#1641 = EDGE_CURVE('',#333,#1632,#1642,.T.);
#1642 = LINE('',#1643,#1644);
#1643 = CARTESIAN_POINT('',(3.55,-0.98,9.8));
#1644 = VECTOR('',#1645,1.);
#1645 = DIRECTION('',(0.,0.,-1.));
#1646 = PLANE('',#1647);
#1647 = AXIS2_PLACEMENT_3D('',#1648,#1649,#1650);
#1648 = CARTESIAN_POINT('',(3.55,0.27,6.625));
#1649 = DIRECTION('',(1.,0.,0.));
#1650 = DIRECTION('',(0.,0.,1.));
#1651 = ADVANCED_FACE('',(#1652),#1670,.F.);
#1652 = FACE_BOUND('',#1653,.F.);
#1653 = EDGE_LOOP('',(#1654,#1655,#1663,#1669));
#1654 = ORIENTED_EDGE('',*,*,#1616,.T.);
#1655 = ORIENTED_EDGE('',*,*,#1656,.T.);
#1656 = EDGE_CURVE('',#1609,#1657,#1659,.T.);
#1657 = VERTEX_POINT('',#1658);
#1658 = CARTESIAN_POINT('',(3.,1.92,5.25));
#1659 = LINE('',#1660,#1661);
#1660 = CARTESIAN_POINT('',(3.,1.52,5.25));
#1661 = VECTOR('',#1662,1.);
#1662 = DIRECTION('',(0.,1.,0.));
#1663 = ORIENTED_EDGE('',*,*,#1664,.T.);
#1664 = EDGE_CURVE('',#1657,#373,#1665,.T.);
#1665 = LINE('',#1666,#1667);
#1666 = CARTESIAN_POINT('',(3.,1.92,5.25));
#1667 = VECTOR('',#1668,1.);
#1668 = DIRECTION('',(0.,0.,1.));
#1669 = ORIENTED_EDGE('',*,*,#380,.T.);
#1670 = PLANE('',#1671);
#1671 = AXIS2_PLACEMENT_3D('',#1672,#1673,#1674);
#1672 = CARTESIAN_POINT('',(3.,1.72,7.525));
#1673 = DIRECTION('',(1.,0.,0.));
#1674 = DIRECTION('',(0.,0.,1.));
#1675 = ADVANCED_FACE('',(#1676),#1694,.F.);
#1676 = FACE_BOUND('',#1677,.F.);
#1677 = EDGE_LOOP('',(#1678,#1679,#1687,#1693));
#1678 = ORIENTED_EDGE('',*,*,#340,.T.);
#1679 = ORIENTED_EDGE('',*,*,#1680,.T.);
#1680 = EDGE_CURVE('',#341,#1681,#1683,.T.);
#1681 = VERTEX_POINT('',#1682);
#1682 = CARTESIAN_POINT('',(1.45,-0.98,3.45));
#1683 = LINE('',#1684,#1685);
#1684 = CARTESIAN_POINT('',(1.45,-0.98,9.8));
#1685 = VECTOR('',#1686,1.);
#1686 = DIRECTION('',(0.,0.,-1.));
#1687 = ORIENTED_EDGE('',*,*,#1688,.F.);
#1688 = EDGE_CURVE('',#1632,#1681,#1689,.T.);
#1689 = LINE('',#1690,#1691);
#1690 = CARTESIAN_POINT('',(3.55,-0.98,3.45));
#1691 = VECTOR('',#1692,1.);
#1692 = DIRECTION('',(-1.,-0.,-0.));
#1693 = ORIENTED_EDGE('',*,*,#1641,.F.);
#1694 = PLANE('',#1695);
#1695 = AXIS2_PLACEMENT_3D('',#1696,#1697,#1698);
#1696 = CARTESIAN_POINT('',(3.55,-0.98,9.8));
#1697 = DIRECTION('',(0.,-1.,0.));
#1698 = DIRECTION('',(0.,0.,-1.));
#1699 = ADVANCED_FACE('',(#1700),#1718,.F.);
#1700 = FACE_BOUND('',#1701,.F.);
#1701 = EDGE_LOOP('',(#1702,#1710,#1716,#1717));
#1702 = ORIENTED_EDGE('',*,*,#1703,.T.);
#1703 = EDGE_CURVE('',#1657,#1704,#1706,.T.);
#1704 = VERTEX_POINT('',#1705);
#1705 = CARTESIAN_POINT('',(2.,1.92,5.25));
#1706 = LINE('',#1707,#1708);
#1707 = CARTESIAN_POINT('',(3.,1.92,5.25));
#1708 = VECTOR('',#1709,1.);
#1709 = DIRECTION('',(-1.,-0.,-0.));
#1710 = ORIENTED_EDGE('',*,*,#1711,.T.);
#1711 = EDGE_CURVE('',#1704,#365,#1712,.T.);
#1712 = LINE('',#1713,#1714);
#1713 = CARTESIAN_POINT('',(2.,1.92,5.25));
#1714 = VECTOR('',#1715,1.);
#1715 = DIRECTION('',(0.,0.,1.));
#1716 = ORIENTED_EDGE('',*,*,#372,.F.);
#1717 = ORIENTED_EDGE('',*,*,#1664,.F.);
#1718 = PLANE('',#1719);
#1719 = AXIS2_PLACEMENT_3D('',#1720,#1721,#1722);
#1720 = CARTESIAN_POINT('',(3.,1.92,5.25));
#1721 = DIRECTION('',(0.,1.,0.));
#1722 = DIRECTION('',(0.,0.,1.));
#1723 = ADVANCED_FACE('',(#1724),#1742,.T.);
#1724 = FACE_BOUND('',#1725,.T.);
#1725 = EDGE_LOOP('',(#1726,#1734,#1740,#1741));
#1726 = ORIENTED_EDGE('',*,*,#1727,.T.);
#1727 = EDGE_CURVE('',#1681,#1728,#1730,.T.);
#1728 = VERTEX_POINT('',#1729);
#1729 = CARTESIAN_POINT('',(1.45,1.52,3.45));
#1730 = LINE('',#1731,#1732);
#1731 = CARTESIAN_POINT('',(1.45,-0.98,3.45));
#1732 = VECTOR('',#1733,1.);
#1733 = DIRECTION('',(0.,1.,0.));
#1734 = ORIENTED_EDGE('',*,*,#1735,.T.);
#1735 = EDGE_CURVE('',#1728,#349,#1736,.T.);
#1736 = LINE('',#1737,#1738);
#1737 = CARTESIAN_POINT('',(1.45,1.52,3.45));
#1738 = VECTOR('',#1739,1.);
#1739 = DIRECTION('',(0.,0.,1.));
#1740 = ORIENTED_EDGE('',*,*,#348,.T.);
#1741 = ORIENTED_EDGE('',*,*,#1680,.T.);
#1742 = PLANE('',#1743);
#1743 = AXIS2_PLACEMENT_3D('',#1744,#1745,#1746);
#1744 = CARTESIAN_POINT('',(1.45,0.27,6.625));
#1745 = DIRECTION('',(1.,0.,0.));
#1746 = DIRECTION('',(0.,0.,1.));
#1747 = ADVANCED_FACE('',(#1748),#1766,.T.);
#1748 = FACE_BOUND('',#1749,.T.);
#1749 = EDGE_LOOP('',(#1750,#1758,#1764,#1765));
#1750 = ORIENTED_EDGE('',*,*,#1751,.T.);
#1751 = EDGE_CURVE('',#357,#1752,#1754,.T.);
#1752 = VERTEX_POINT('',#1753);
#1753 = CARTESIAN_POINT('',(2.,1.52,5.25));
#1754 = LINE('',#1755,#1756);
#1755 = CARTESIAN_POINT('',(2.,1.52,9.8));
#1756 = VECTOR('',#1757,1.);
#1757 = DIRECTION('',(0.,0.,-1.));
#1758 = ORIENTED_EDGE('',*,*,#1759,.T.);
#1759 = EDGE_CURVE('',#1752,#1704,#1760,.T.);
#1760 = LINE('',#1761,#1762);
#1761 = CARTESIAN_POINT('',(2.,1.52,5.25));
#1762 = VECTOR('',#1763,1.);
#1763 = DIRECTION('',(0.,1.,0.));
#1764 = ORIENTED_EDGE('',*,*,#1711,.T.);
#1765 = ORIENTED_EDGE('',*,*,#364,.T.);
#1766 = PLANE('',#1767);
#1767 = AXIS2_PLACEMENT_3D('',#1768,#1769,#1770);
#1768 = CARTESIAN_POINT('',(2.,1.72,7.525));
#1769 = DIRECTION('',(1.,0.,0.));
#1770 = DIRECTION('',(0.,0.,1.));
#1771 = ADVANCED_FACE('',(#1772),#1799,.F.);
#1772 = FACE_BOUND('',#1773,.F.);
#1773 = EDGE_LOOP('',(#1774,#1775,#1776,#1784,#1792,#1798));
#1774 = ORIENTED_EDGE('',*,*,#356,.F.);
#1775 = ORIENTED_EDGE('',*,*,#1751,.T.);
#1776 = ORIENTED_EDGE('',*,*,#1777,.T.);
#1777 = EDGE_CURVE('',#1752,#1778,#1780,.T.);
#1778 = VERTEX_POINT('',#1779);
#1779 = CARTESIAN_POINT('',(1.9,1.52,5.25));
#1780 = LINE('',#1781,#1782);
#1781 = CARTESIAN_POINT('',(3.1,1.52,5.25));
#1782 = VECTOR('',#1783,1.);
#1783 = DIRECTION('',(-1.,-0.,-0.));
#1784 = ORIENTED_EDGE('',*,*,#1785,.T.);
#1785 = EDGE_CURVE('',#1778,#1786,#1788,.T.);
#1786 = VERTEX_POINT('',#1787);
#1787 = CARTESIAN_POINT('',(1.9,1.52,3.45));
#1788 = LINE('',#1789,#1790);
#1789 = CARTESIAN_POINT('',(1.9,1.52,5.25));
#1790 = VECTOR('',#1791,1.);
#1791 = DIRECTION('',(0.,1.233581138472E-16,-1.));
#1792 = ORIENTED_EDGE('',*,*,#1793,.T.);
#1793 = EDGE_CURVE('',#1786,#1728,#1794,.T.);
#1794 = LINE('',#1795,#1796);
#1795 = CARTESIAN_POINT('',(3.55,1.52,3.45));
#1796 = VECTOR('',#1797,1.);
#1797 = DIRECTION('',(-1.,-0.,-0.));
#1798 = ORIENTED_EDGE('',*,*,#1735,.T.);
#1799 = PLANE('',#1800);
#1800 = AXIS2_PLACEMENT_3D('',#1801,#1802,#1803);
#1801 = CARTESIAN_POINT('',(3.55,1.52,3.45));
#1802 = DIRECTION('',(0.,1.,0.));
#1803 = DIRECTION('',(0.,0.,1.));
#1804 = ADVANCED_FACE('',(#1805),#1846,.F.);
#1805 = FACE_BOUND('',#1806,.F.);
#1806 = EDGE_LOOP('',(#1807,#1815,#1823,#1831,#1839,#1845));
#1807 = ORIENTED_EDGE('',*,*,#1808,.F.);
#1808 = EDGE_CURVE('',#1809,#389,#1811,.T.);
#1809 = VERTEX_POINT('',#1810);
#1810 = CARTESIAN_POINT('',(6.05,1.52,3.45));
#1811 = LINE('',#1812,#1813);
#1812 = CARTESIAN_POINT('',(6.05,1.52,3.45));
#1813 = VECTOR('',#1814,1.);
#1814 = DIRECTION('',(0.,0.,1.));
#1815 = ORIENTED_EDGE('',*,*,#1816,.T.);
#1816 = EDGE_CURVE('',#1809,#1817,#1819,.T.);
#1817 = VERTEX_POINT('',#1818);
#1818 = CARTESIAN_POINT('',(5.6,1.52,3.45));
#1819 = LINE('',#1820,#1821);
#1820 = CARTESIAN_POINT('',(6.05,1.52,3.45));
#1821 = VECTOR('',#1822,1.);
#1822 = DIRECTION('',(-1.,-0.,-0.));
#1823 = ORIENTED_EDGE('',*,*,#1824,.F.);
#1824 = EDGE_CURVE('',#1825,#1817,#1827,.T.);
#1825 = VERTEX_POINT('',#1826);
#1826 = CARTESIAN_POINT('',(5.6,1.52,5.25));
#1827 = LINE('',#1828,#1829);
#1828 = CARTESIAN_POINT('',(5.6,1.52,5.25));
#1829 = VECTOR('',#1830,1.);
#1830 = DIRECTION('',(0.,1.233581138472E-16,-1.));
#1831 = ORIENTED_EDGE('',*,*,#1832,.T.);
#1832 = EDGE_CURVE('',#1825,#1833,#1835,.T.);
#1833 = VERTEX_POINT('',#1834);
#1834 = CARTESIAN_POINT('',(5.5,1.52,5.25));
#1835 = LINE('',#1836,#1837);
#1836 = CARTESIAN_POINT('',(5.6,1.52,5.25));
#1837 = VECTOR('',#1838,1.);
#1838 = DIRECTION('',(-1.,-0.,-0.));
#1839 = ORIENTED_EDGE('',*,*,#1840,.F.);
#1840 = EDGE_CURVE('',#391,#1833,#1841,.T.);
#1841 = LINE('',#1842,#1843);
#1842 = CARTESIAN_POINT('',(5.5,1.52,9.8));
#1843 = VECTOR('',#1844,1.);
#1844 = DIRECTION('',(0.,0.,-1.));
#1845 = ORIENTED_EDGE('',*,*,#388,.F.);
#1846 = PLANE('',#1847);
#1847 = AXIS2_PLACEMENT_3D('',#1848,#1849,#1850);
#1848 = CARTESIAN_POINT('',(6.05,1.52,3.45));
#1849 = DIRECTION('',(0.,1.,0.));
#1850 = DIRECTION('',(0.,0.,1.));
#1851 = ADVANCED_FACE('',(#1852),#1870,.F.);
#1852 = FACE_BOUND('',#1853,.F.);
#1853 = EDGE_LOOP('',(#1854,#1862,#1863,#1864));
#1854 = ORIENTED_EDGE('',*,*,#1855,.T.);
#1855 = EDGE_CURVE('',#1856,#1809,#1858,.T.);
#1856 = VERTEX_POINT('',#1857);
#1857 = CARTESIAN_POINT('',(6.05,-0.98,3.45));
#1858 = LINE('',#1859,#1860);
#1859 = CARTESIAN_POINT('',(6.05,-0.98,3.45));
#1860 = VECTOR('',#1861,1.);
#1861 = DIRECTION('',(0.,1.,0.));
#1862 = ORIENTED_EDGE('',*,*,#1808,.T.);
#1863 = ORIENTED_EDGE('',*,*,#398,.T.);
#1864 = ORIENTED_EDGE('',*,*,#1865,.T.);
#1865 = EDGE_CURVE('',#399,#1856,#1866,.T.);
#1866 = LINE('',#1867,#1868);
#1867 = CARTESIAN_POINT('',(6.05,-0.98,9.8));
#1868 = VECTOR('',#1869,1.);
#1869 = DIRECTION('',(0.,0.,-1.));
#1870 = PLANE('',#1871);
#1871 = AXIS2_PLACEMENT_3D('',#1872,#1873,#1874);
#1872 = CARTESIAN_POINT('',(6.05,0.27,6.625));
#1873 = DIRECTION('',(1.,0.,0.));
#1874 = DIRECTION('',(0.,0.,1.));
#1875 = ADVANCED_FACE('',(#1876),#1894,.F.);
#1876 = FACE_BOUND('',#1877,.F.);
#1877 = EDGE_LOOP('',(#1878,#1879,#1887,#1893));
#1878 = ORIENTED_EDGE('',*,*,#1840,.T.);
#1879 = ORIENTED_EDGE('',*,*,#1880,.T.);
#1880 = EDGE_CURVE('',#1833,#1881,#1883,.T.);
#1881 = VERTEX_POINT('',#1882);
#1882 = CARTESIAN_POINT('',(5.5,1.92,5.25));
#1883 = LINE('',#1884,#1885);
#1884 = CARTESIAN_POINT('',(5.5,1.52,5.25));
#1885 = VECTOR('',#1886,1.);
#1886 = DIRECTION('',(0.,1.,0.));
#1887 = ORIENTED_EDGE('',*,*,#1888,.T.);
#1888 = EDGE_CURVE('',#1881,#439,#1889,.T.);
#1889 = LINE('',#1890,#1891);
#1890 = CARTESIAN_POINT('',(5.5,1.92,5.25));
#1891 = VECTOR('',#1892,1.);
#1892 = DIRECTION('',(0.,0.,1.));
#1893 = ORIENTED_EDGE('',*,*,#446,.T.);
#1894 = PLANE('',#1895);
#1895 = AXIS2_PLACEMENT_3D('',#1896,#1897,#1898);
#1896 = CARTESIAN_POINT('',(5.5,1.72,7.525));
#1897 = DIRECTION('',(1.,0.,0.));
#1898 = DIRECTION('',(0.,0.,1.));
#1899 = ADVANCED_FACE('',(#1900),#1918,.F.);
#1900 = FACE_BOUND('',#1901,.F.);
#1901 = EDGE_LOOP('',(#1902,#1903,#1911,#1917));
#1902 = ORIENTED_EDGE('',*,*,#406,.T.);
#1903 = ORIENTED_EDGE('',*,*,#1904,.T.);
#1904 = EDGE_CURVE('',#407,#1905,#1907,.T.);
#1905 = VERTEX_POINT('',#1906);
#1906 = CARTESIAN_POINT('',(3.95,-0.98,3.45));
#1907 = LINE('',#1908,#1909);
#1908 = CARTESIAN_POINT('',(3.95,-0.98,9.8));
#1909 = VECTOR('',#1910,1.);
#1910 = DIRECTION('',(0.,0.,-1.));
#1911 = ORIENTED_EDGE('',*,*,#1912,.F.);
#1912 = EDGE_CURVE('',#1856,#1905,#1913,.T.);
#1913 = LINE('',#1914,#1915);
#1914 = CARTESIAN_POINT('',(6.05,-0.98,3.45));
#1915 = VECTOR('',#1916,1.);
#1916 = DIRECTION('',(-1.,-0.,-0.));
#1917 = ORIENTED_EDGE('',*,*,#1865,.F.);
#1918 = PLANE('',#1919);
#1919 = AXIS2_PLACEMENT_3D('',#1920,#1921,#1922);
#1920 = CARTESIAN_POINT('',(6.05,-0.98,9.8));
#1921 = DIRECTION('',(0.,-1.,0.));
#1922 = DIRECTION('',(0.,0.,-1.));
#1923 = ADVANCED_FACE('',(#1924),#1942,.F.);
#1924 = FACE_BOUND('',#1925,.F.);
#1925 = EDGE_LOOP('',(#1926,#1934,#1940,#1941));
#1926 = ORIENTED_EDGE('',*,*,#1927,.T.);
#1927 = EDGE_CURVE('',#1881,#1928,#1930,.T.);
#1928 = VERTEX_POINT('',#1929);
#1929 = CARTESIAN_POINT('',(4.5,1.92,5.25));
#1930 = LINE('',#1931,#1932);
#1931 = CARTESIAN_POINT('',(5.5,1.92,5.25));
#1932 = VECTOR('',#1933,1.);
#1933 = DIRECTION('',(-1.,-0.,-0.));
#1934 = ORIENTED_EDGE('',*,*,#1935,.T.);
#1935 = EDGE_CURVE('',#1928,#431,#1936,.T.);
#1936 = LINE('',#1937,#1938);
#1937 = CARTESIAN_POINT('',(4.5,1.92,5.25));
#1938 = VECTOR('',#1939,1.);
#1939 = DIRECTION('',(0.,0.,1.));
#1940 = ORIENTED_EDGE('',*,*,#438,.F.);
#1941 = ORIENTED_EDGE('',*,*,#1888,.F.);
#1942 = PLANE('',#1943);
#1943 = AXIS2_PLACEMENT_3D('',#1944,#1945,#1946);
#1944 = CARTESIAN_POINT('',(5.5,1.92,5.25));
#1945 = DIRECTION('',(0.,1.,0.));
#1946 = DIRECTION('',(0.,0.,1.));
#1947 = ADVANCED_FACE('',(#1948),#1966,.T.);
#1948 = FACE_BOUND('',#1949,.T.);
#1949 = EDGE_LOOP('',(#1950,#1958,#1964,#1965));
#1950 = ORIENTED_EDGE('',*,*,#1951,.T.);
#1951 = EDGE_CURVE('',#1905,#1952,#1954,.T.);
#1952 = VERTEX_POINT('',#1953);
#1953 = CARTESIAN_POINT('',(3.95,1.52,3.45));
#1954 = LINE('',#1955,#1956);
#1955 = CARTESIAN_POINT('',(3.95,-0.98,3.45));
#1956 = VECTOR('',#1957,1.);
#1957 = DIRECTION('',(0.,1.,0.));
#1958 = ORIENTED_EDGE('',*,*,#1959,.T.);
#1959 = EDGE_CURVE('',#1952,#415,#1960,.T.);
#1960 = LINE('',#1961,#1962);
#1961 = CARTESIAN_POINT('',(3.95,1.52,3.45));
#1962 = VECTOR('',#1963,1.);
#1963 = DIRECTION('',(0.,0.,1.));
#1964 = ORIENTED_EDGE('',*,*,#414,.T.);
#1965 = ORIENTED_EDGE('',*,*,#1904,.T.);
#1966 = PLANE('',#1967);
#1967 = AXIS2_PLACEMENT_3D('',#1968,#1969,#1970);
#1968 = CARTESIAN_POINT('',(3.95,0.27,6.625));
#1969 = DIRECTION('',(1.,0.,0.));
#1970 = DIRECTION('',(0.,0.,1.));
#1971 = ADVANCED_FACE('',(#1972),#1990,.T.);
#1972 = FACE_BOUND('',#1973,.T.);
#1973 = EDGE_LOOP('',(#1974,#1982,#1988,#1989));
#1974 = ORIENTED_EDGE('',*,*,#1975,.T.);
#1975 = EDGE_CURVE('',#423,#1976,#1978,.T.);
#1976 = VERTEX_POINT('',#1977);
#1977 = CARTESIAN_POINT('',(4.5,1.52,5.25));
#1978 = LINE('',#1979,#1980);
#1979 = CARTESIAN_POINT('',(4.5,1.52,9.8));
#1980 = VECTOR('',#1981,1.);
#1981 = DIRECTION('',(0.,0.,-1.));
#1982 = ORIENTED_EDGE('',*,*,#1983,.T.);
#1983 = EDGE_CURVE('',#1976,#1928,#1984,.T.);
#1984 = LINE('',#1985,#1986);
#1985 = CARTESIAN_POINT('',(4.5,1.52,5.25));
#1986 = VECTOR('',#1987,1.);
#1987 = DIRECTION('',(0.,1.,0.));
#1988 = ORIENTED_EDGE('',*,*,#1935,.T.);
#1989 = ORIENTED_EDGE('',*,*,#430,.T.);
#1990 = PLANE('',#1991);
#1991 = AXIS2_PLACEMENT_3D('',#1992,#1993,#1994);
#1992 = CARTESIAN_POINT('',(4.5,1.72,7.525));
#1993 = DIRECTION('',(1.,0.,0.));
#1994 = DIRECTION('',(0.,0.,1.));
#1995 = ADVANCED_FACE('',(#1996),#2023,.F.);
#1996 = FACE_BOUND('',#1997,.F.);
#1997 = EDGE_LOOP('',(#1998,#1999,#2000,#2008,#2016,#2022));
#1998 = ORIENTED_EDGE('',*,*,#422,.F.);
#1999 = ORIENTED_EDGE('',*,*,#1975,.T.);
#2000 = ORIENTED_EDGE('',*,*,#2001,.T.);
#2001 = EDGE_CURVE('',#1976,#2002,#2004,.T.);
#2002 = VERTEX_POINT('',#2003);
#2003 = CARTESIAN_POINT('',(4.4,1.52,5.25));
#2004 = LINE('',#2005,#2006);
#2005 = CARTESIAN_POINT('',(5.6,1.52,5.25));
#2006 = VECTOR('',#2007,1.);
#2007 = DIRECTION('',(-1.,-0.,-0.));
#2008 = ORIENTED_EDGE('',*,*,#2009,.T.);
#2009 = EDGE_CURVE('',#2002,#2010,#2012,.T.);
#2010 = VERTEX_POINT('',#2011);
#2011 = CARTESIAN_POINT('',(4.4,1.52,3.45));
#2012 = LINE('',#2013,#2014);
#2013 = CARTESIAN_POINT('',(4.4,1.52,5.25));
#2014 = VECTOR('',#2015,1.);
#2015 = DIRECTION('',(0.,1.233581138472E-16,-1.));
#2016 = ORIENTED_EDGE('',*,*,#2017,.T.);
#2017 = EDGE_CURVE('',#2010,#1952,#2018,.T.);
#2018 = LINE('',#2019,#2020);
#2019 = CARTESIAN_POINT('',(6.05,1.52,3.45));
#2020 = VECTOR('',#2021,1.);
#2021 = DIRECTION('',(-1.,-0.,-0.));
#2022 = ORIENTED_EDGE('',*,*,#1959,.T.);
#2023 = PLANE('',#2024);
#2024 = AXIS2_PLACEMENT_3D('',#2025,#2026,#2027);
#2025 = CARTESIAN_POINT('',(6.05,1.52,3.45));
#2026 = DIRECTION('',(0.,1.,0.));
#2027 = DIRECTION('',(0.,0.,1.));
#2028 = ADVANCED_FACE('',(#2029),#2070,.F.);
#2029 = FACE_BOUND('',#2030,.F.);
#2030 = EDGE_LOOP('',(#2031,#2039,#2047,#2055,#2063,#2069));
#2031 = ORIENTED_EDGE('',*,*,#2032,.F.);
#2032 = EDGE_CURVE('',#2033,#455,#2035,.T.);
#2033 = VERTEX_POINT('',#2034);
#2034 = CARTESIAN_POINT('',(8.55,1.52,3.45));
#2035 = LINE('',#2036,#2037);
#2036 = CARTESIAN_POINT('',(8.55,1.52,3.45));
#2037 = VECTOR('',#2038,1.);
#2038 = DIRECTION('',(0.,0.,1.));
#2039 = ORIENTED_EDGE('',*,*,#2040,.T.);
#2040 = EDGE_CURVE('',#2033,#2041,#2043,.T.);
#2041 = VERTEX_POINT('',#2042);
#2042 = CARTESIAN_POINT('',(8.1,1.52,3.45));
#2043 = LINE('',#2044,#2045);
#2044 = CARTESIAN_POINT('',(8.55,1.52,3.45));
#2045 = VECTOR('',#2046,1.);
#2046 = DIRECTION('',(-1.,-0.,-0.));
#2047 = ORIENTED_EDGE('',*,*,#2048,.F.);
#2048 = EDGE_CURVE('',#2049,#2041,#2051,.T.);
#2049 = VERTEX_POINT('',#2050);
#2050 = CARTESIAN_POINT('',(8.1,1.52,5.25));
#2051 = LINE('',#2052,#2053);
#2052 = CARTESIAN_POINT('',(8.1,1.52,5.25));
#2053 = VECTOR('',#2054,1.);
#2054 = DIRECTION('',(0.,1.233581138472E-16,-1.));
#2055 = ORIENTED_EDGE('',*,*,#2056,.T.);
#2056 = EDGE_CURVE('',#2049,#2057,#2059,.T.);
#2057 = VERTEX_POINT('',#2058);
#2058 = CARTESIAN_POINT('',(8.,1.52,5.25));
#2059 = LINE('',#2060,#2061);
#2060 = CARTESIAN_POINT('',(8.1,1.52,5.25));
#2061 = VECTOR('',#2062,1.);
#2062 = DIRECTION('',(-1.,-0.,-0.));
#2063 = ORIENTED_EDGE('',*,*,#2064,.F.);
#2064 = EDGE_CURVE('',#457,#2057,#2065,.T.);
#2065 = LINE('',#2066,#2067);
#2066 = CARTESIAN_POINT('',(8.,1.52,9.8));
#2067 = VECTOR('',#2068,1.);
#2068 = DIRECTION('',(0.,0.,-1.));
#2069 = ORIENTED_EDGE('',*,*,#454,.F.);
#2070 = PLANE('',#2071);
#2071 = AXIS2_PLACEMENT_3D('',#2072,#2073,#2074);
#2072 = CARTESIAN_POINT('',(8.55,1.52,3.45));
#2073 = DIRECTION('',(0.,1.,0.));
#2074 = DIRECTION('',(0.,0.,1.));
#2075 = ADVANCED_FACE('',(#2076),#2094,.F.);
#2076 = FACE_BOUND('',#2077,.F.);
#2077 = EDGE_LOOP('',(#2078,#2086,#2087,#2088));
#2078 = ORIENTED_EDGE('',*,*,#2079,.T.);
#2079 = EDGE_CURVE('',#2080,#2033,#2082,.T.);
#2080 = VERTEX_POINT('',#2081);
#2081 = CARTESIAN_POINT('',(8.55,-0.98,3.45));
#2082 = LINE('',#2083,#2084);
#2083 = CARTESIAN_POINT('',(8.55,-0.98,3.45));
#2084 = VECTOR('',#2085,1.);
#2085 = DIRECTION('',(0.,1.,0.));
#2086 = ORIENTED_EDGE('',*,*,#2032,.T.);
#2087 = ORIENTED_EDGE('',*,*,#464,.T.);
#2088 = ORIENTED_EDGE('',*,*,#2089,.T.);
#2089 = EDGE_CURVE('',#465,#2080,#2090,.T.);
#2090 = LINE('',#2091,#2092);
#2091 = CARTESIAN_POINT('',(8.55,-0.98,9.8));
#2092 = VECTOR('',#2093,1.);
#2093 = DIRECTION('',(0.,0.,-1.));
#2094 = PLANE('',#2095);
#2095 = AXIS2_PLACEMENT_3D('',#2096,#2097,#2098);
#2096 = CARTESIAN_POINT('',(8.55,0.27,6.625));
#2097 = DIRECTION('',(1.,0.,0.));
#2098 = DIRECTION('',(0.,0.,1.));
#2099 = ADVANCED_FACE('',(#2100),#2118,.F.);
#2100 = FACE_BOUND('',#2101,.F.);
#2101 = EDGE_LOOP('',(#2102,#2103,#2111,#2117));
#2102 = ORIENTED_EDGE('',*,*,#2064,.T.);
#2103 = ORIENTED_EDGE('',*,*,#2104,.T.);
#2104 = EDGE_CURVE('',#2057,#2105,#2107,.T.);
#2105 = VERTEX_POINT('',#2106);
#2106 = CARTESIAN_POINT('',(8.,1.92,5.25));
#2107 = LINE('',#2108,#2109);
#2108 = CARTESIAN_POINT('',(8.,1.52,5.25));
#2109 = VECTOR('',#2110,1.);
#2110 = DIRECTION('',(0.,1.,0.));
#2111 = ORIENTED_EDGE('',*,*,#2112,.T.);
#2112 = EDGE_CURVE('',#2105,#505,#2113,.T.);
#2113 = LINE('',#2114,#2115);
#2114 = CARTESIAN_POINT('',(8.,1.92,5.25));
#2115 = VECTOR('',#2116,1.);
#2116 = DIRECTION('',(0.,0.,1.));
#2117 = ORIENTED_EDGE('',*,*,#512,.T.);
#2118 = PLANE('',#2119);
#2119 = AXIS2_PLACEMENT_3D('',#2120,#2121,#2122);
#2120 = CARTESIAN_POINT('',(8.,1.72,7.525));
#2121 = DIRECTION('',(1.,0.,0.));
#2122 = DIRECTION('',(0.,0.,1.));
#2123 = ADVANCED_FACE('',(#2124),#2142,.F.);
#2124 = FACE_BOUND('',#2125,.F.);
#2125 = EDGE_LOOP('',(#2126,#2127,#2135,#2141));
#2126 = ORIENTED_EDGE('',*,*,#472,.T.);
#2127 = ORIENTED_EDGE('',*,*,#2128,.T.);
#2128 = EDGE_CURVE('',#473,#2129,#2131,.T.);
#2129 = VERTEX_POINT('',#2130);
#2130 = CARTESIAN_POINT('',(6.45,-0.98,3.45));
#2131 = LINE('',#2132,#2133);
#2132 = CARTESIAN_POINT('',(6.45,-0.98,9.8));
#2133 = VECTOR('',#2134,1.);
#2134 = DIRECTION('',(0.,0.,-1.));
#2135 = ORIENTED_EDGE('',*,*,#2136,.F.);
#2136 = EDGE_CURVE('',#2080,#2129,#2137,.T.);
#2137 = LINE('',#2138,#2139);
#2138 = CARTESIAN_POINT('',(8.55,-0.98,3.45));
#2139 = VECTOR('',#2140,1.);
#2140 = DIRECTION('',(-1.,-0.,-0.));
#2141 = ORIENTED_EDGE('',*,*,#2089,.F.);
#2142 = PLANE('',#2143);
#2143 = AXIS2_PLACEMENT_3D('',#2144,#2145,#2146);
#2144 = CARTESIAN_POINT('',(8.55,-0.98,9.8));
#2145 = DIRECTION('',(0.,-1.,0.));
#2146 = DIRECTION('',(0.,0.,-1.));
#2147 = ADVANCED_FACE('',(#2148),#2166,.F.);
#2148 = FACE_BOUND('',#2149,.F.);
#2149 = EDGE_LOOP('',(#2150,#2158,#2164,#2165));
#2150 = ORIENTED_EDGE('',*,*,#2151,.T.);
#2151 = EDGE_CURVE('',#2105,#2152,#2154,.T.);
#2152 = VERTEX_POINT('',#2153);
#2153 = CARTESIAN_POINT('',(7.,1.92,5.25));
#2154 = LINE('',#2155,#2156);
#2155 = CARTESIAN_POINT('',(8.,1.92,5.25));
#2156 = VECTOR('',#2157,1.);
#2157 = DIRECTION('',(-1.,-0.,-0.));
#2158 = ORIENTED_EDGE('',*,*,#2159,.T.);
#2159 = EDGE_CURVE('',#2152,#497,#2160,.T.);
#2160 = LINE('',#2161,#2162);
#2161 = CARTESIAN_POINT('',(7.,1.92,5.25));
#2162 = VECTOR('',#2163,1.);
#2163 = DIRECTION('',(0.,0.,1.));
#2164 = ORIENTED_EDGE('',*,*,#504,.F.);
#2165 = ORIENTED_EDGE('',*,*,#2112,.F.);
#2166 = PLANE('',#2167);
#2167 = AXIS2_PLACEMENT_3D('',#2168,#2169,#2170);
#2168 = CARTESIAN_POINT('',(8.,1.92,5.25));
#2169 = DIRECTION('',(0.,1.,0.));
#2170 = DIRECTION('',(0.,0.,1.));
#2171 = ADVANCED_FACE('',(#2172),#2190,.T.);
#2172 = FACE_BOUND('',#2173,.T.);
#2173 = EDGE_LOOP('',(#2174,#2182,#2188,#2189));
#2174 = ORIENTED_EDGE('',*,*,#2175,.T.);
#2175 = EDGE_CURVE('',#2129,#2176,#2178,.T.);
#2176 = VERTEX_POINT('',#2177);
#2177 = CARTESIAN_POINT('',(6.45,1.52,3.45));
#2178 = LINE('',#2179,#2180);
#2179 = CARTESIAN_POINT('',(6.45,-0.98,3.45));
#2180 = VECTOR('',#2181,1.);
#2181 = DIRECTION('',(0.,1.,0.));
#2182 = ORIENTED_EDGE('',*,*,#2183,.T.);
#2183 = EDGE_CURVE('',#2176,#481,#2184,.T.);
#2184 = LINE('',#2185,#2186);
#2185 = CARTESIAN_POINT('',(6.45,1.52,3.45));
#2186 = VECTOR('',#2187,1.);
#2187 = DIRECTION('',(0.,0.,1.));
#2188 = ORIENTED_EDGE('',*,*,#480,.T.);
#2189 = ORIENTED_EDGE('',*,*,#2128,.T.);
#2190 = PLANE('',#2191);
#2191 = AXIS2_PLACEMENT_3D('',#2192,#2193,#2194);
#2192 = CARTESIAN_POINT('',(6.45,0.27,6.625));
#2193 = DIRECTION('',(1.,0.,0.));
#2194 = DIRECTION('',(0.,0.,1.));
#2195 = ADVANCED_FACE('',(#2196),#2214,.T.);
#2196 = FACE_BOUND('',#2197,.T.);
#2197 = EDGE_LOOP('',(#2198,#2206,#2212,#2213));
#2198 = ORIENTED_EDGE('',*,*,#2199,.T.);
#2199 = EDGE_CURVE('',#489,#2200,#2202,.T.);
#2200 = VERTEX_POINT('',#2201);
#2201 = CARTESIAN_POINT('',(7.,1.52,5.25));
#2202 = LINE('',#2203,#2204);
#2203 = CARTESIAN_POINT('',(7.,1.52,9.8));
#2204 = VECTOR('',#2205,1.);
#2205 = DIRECTION('',(0.,0.,-1.));
#2206 = ORIENTED_EDGE('',*,*,#2207,.T.);
#2207 = EDGE_CURVE('',#2200,#2152,#2208,.T.);
#2208 = LINE('',#2209,#2210);
#2209 = CARTESIAN_POINT('',(7.,1.52,5.25));
#2210 = VECTOR('',#2211,1.);
#2211 = DIRECTION('',(0.,1.,0.));
#2212 = ORIENTED_EDGE('',*,*,#2159,.T.);
#2213 = ORIENTED_EDGE('',*,*,#496,.T.);
#2214 = PLANE('',#2215);
#2215 = AXIS2_PLACEMENT_3D('',#2216,#2217,#2218);
#2216 = CARTESIAN_POINT('',(7.,1.72,7.525));
#2217 = DIRECTION('',(1.,0.,0.));
#2218 = DIRECTION('',(0.,0.,1.));
#2219 = ADVANCED_FACE('',(#2220),#2247,.F.);
#2220 = FACE_BOUND('',#2221,.F.);
#2221 = EDGE_LOOP('',(#2222,#2223,#2224,#2232,#2240,#2246));
#2222 = ORIENTED_EDGE('',*,*,#488,.F.);
#2223 = ORIENTED_EDGE('',*,*,#2199,.T.);
#2224 = ORIENTED_EDGE('',*,*,#2225,.T.);
#2225 = EDGE_CURVE('',#2200,#2226,#2228,.T.);
#2226 = VERTEX_POINT('',#2227);
#2227 = CARTESIAN_POINT('',(6.9,1.52,5.25));
#2228 = LINE('',#2229,#2230);
#2229 = CARTESIAN_POINT('',(8.1,1.52,5.25));
#2230 = VECTOR('',#2231,1.);
#2231 = DIRECTION('',(-1.,-0.,-0.));
#2232 = ORIENTED_EDGE('',*,*,#2233,.T.);
#2233 = EDGE_CURVE('',#2226,#2234,#2236,.T.);
#2234 = VERTEX_POINT('',#2235);
#2235 = CARTESIAN_POINT('',(6.9,1.52,3.45));
#2236 = LINE('',#2237,#2238);
#2237 = CARTESIAN_POINT('',(6.9,1.52,5.25));
#2238 = VECTOR('',#2239,1.);
#2239 = DIRECTION('',(0.,1.233581138472E-16,-1.));
#2240 = ORIENTED_EDGE('',*,*,#2241,.T.);
#2241 = EDGE_CURVE('',#2234,#2176,#2242,.T.);
#2242 = LINE('',#2243,#2244);
#2243 = CARTESIAN_POINT('',(8.55,1.52,3.45));
#2244 = VECTOR('',#2245,1.);
#2245 = DIRECTION('',(-1.,-0.,-0.));
#2246 = ORIENTED_EDGE('',*,*,#2183,.T.);
#2247 = PLANE('',#2248);
#2248 = AXIS2_PLACEMENT_3D('',#2249,#2250,#2251);
#2249 = CARTESIAN_POINT('',(8.55,1.52,3.45));
#2250 = DIRECTION('',(0.,1.,0.));
#2251 = DIRECTION('',(0.,0.,1.));
#2252 = ADVANCED_FACE('',(#2253),#2264,.F.);
#2253 = FACE_BOUND('',#2254,.F.);
#2254 = EDGE_LOOP('',(#2255,#2256,#2262,#2263));
#2255 = ORIENTED_EDGE('',*,*,#640,.T.);
#2256 = ORIENTED_EDGE('',*,*,#2257,.T.);
#2257 = EDGE_CURVE('',#633,#547,#2258,.T.);
#2258 = LINE('',#2259,#2260);
#2259 = CARTESIAN_POINT('',(9.5,1.92,5.25));
#2260 = VECTOR('',#2261,1.);
#2261 = DIRECTION('',(0.,0.,1.));
#2262 = ORIENTED_EDGE('',*,*,#554,.F.);
#2263 = ORIENTED_EDGE('',*,*,#585,.F.);
#2264 = PLANE('',#2265);
#2265 = AXIS2_PLACEMENT_3D('',#2266,#2267,#2268);
#2266 = CARTESIAN_POINT('',(10.5,1.92,5.25));
#2267 = DIRECTION('',(0.,1.,0.));
#2268 = DIRECTION('',(0.,0.,1.));
#2269 = ADVANCED_FACE('',(#2270),#2281,.T.);
#2270 = FACE_BOUND('',#2271,.T.);
#2271 = EDGE_LOOP('',(#2272,#2273,#2279,#2280));
#2272 = ORIENTED_EDGE('',*,*,#721,.T.);
#2273 = ORIENTED_EDGE('',*,*,#2274,.T.);
#2274 = EDGE_CURVE('',#722,#531,#2275,.T.);
#2275 = LINE('',#2276,#2277);
#2276 = CARTESIAN_POINT('',(8.95,1.52,3.45));
#2277 = VECTOR('',#2278,1.);
#2278 = DIRECTION('',(0.,0.,1.));
#2279 = ORIENTED_EDGE('',*,*,#530,.T.);
#2280 = ORIENTED_EDGE('',*,*,#796,.T.);
#2281 = PLANE('',#2282);
#2282 = AXIS2_PLACEMENT_3D('',#2283,#2284,#2285);
#2283 = CARTESIAN_POINT('',(8.95,0.27,6.625));
#2284 = DIRECTION('',(1.,0.,0.));
#2285 = DIRECTION('',(0.,0.,1.));
#2286 = ADVANCED_FACE('',(#2287),#2298,.T.);
#2287 = FACE_BOUND('',#2288,.T.);
#2288 = EDGE_LOOP('',(#2289,#2295,#2296,#2297));
#2289 = ORIENTED_EDGE('',*,*,#2290,.T.);
#2290 = EDGE_CURVE('',#539,#625,#2291,.T.);
#2291 = LINE('',#2292,#2293);
#2292 = CARTESIAN_POINT('',(9.5,1.52,9.8));
#2293 = VECTOR('',#2294,1.);
#2294 = DIRECTION('',(0.,0.,-1.));
#2295 = ORIENTED_EDGE('',*,*,#632,.T.);
#2296 = ORIENTED_EDGE('',*,*,#2257,.T.);
#2297 = ORIENTED_EDGE('',*,*,#546,.T.);
#2298 = PLANE('',#2299);
#2299 = AXIS2_PLACEMENT_3D('',#2300,#2301,#2302);
#2300 = CARTESIAN_POINT('',(9.5,1.72,7.525));
#2301 = DIRECTION('',(1.,0.,0.));
#2302 = DIRECTION('',(0.,0.,1.));
#2303 = ADVANCED_FACE('',(#2304),#2317,.F.);
#2304 = FACE_BOUND('',#2305,.F.);
#2305 = EDGE_LOOP('',(#2306,#2307,#2308,#2309,#2315,#2316));
#2306 = ORIENTED_EDGE('',*,*,#538,.F.);
#2307 = ORIENTED_EDGE('',*,*,#2290,.T.);
#2308 = ORIENTED_EDGE('',*,*,#624,.T.);
#2309 = ORIENTED_EDGE('',*,*,#2310,.T.);
#2310 = EDGE_CURVE('',#617,#730,#2311,.T.);
#2311 = LINE('',#2312,#2313);
#2312 = CARTESIAN_POINT('',(9.4,1.52,5.25));
#2313 = VECTOR('',#2314,1.);
#2314 = DIRECTION('',(0.,1.233581138472E-16,-1.));
#2315 = ORIENTED_EDGE('',*,*,#729,.T.);
#2316 = ORIENTED_EDGE('',*,*,#2274,.T.);
#2317 = PLANE('',#2318);
#2318 = AXIS2_PLACEMENT_3D('',#2319,#2320,#2321);
#2319 = CARTESIAN_POINT('',(11.05,1.52,3.45));
#2320 = DIRECTION('',(0.,1.,0.));
#2321 = DIRECTION('',(0.,0.,1.));
#2322 = ADVANCED_FACE('',(#2323),#2366,.T.);
#2323 = FACE_BOUND('',#2324,.T.);
#2324 = EDGE_LOOP('',(#2325,#2333,#2334,#2335,#2336,#2344,#2352,#2360));
#2325 = ORIENTED_EDGE('',*,*,#2326,.T.);
#2326 = EDGE_CURVE('',#2327,#609,#2329,.T.);
#2327 = VERTEX_POINT('',#2328);
#2328 = CARTESIAN_POINT('',(9.4,2.57,2.05));
#2329 = LINE('',#2330,#2331);
#2330 = CARTESIAN_POINT('',(9.4,2.57,2.05));
#2331 = VECTOR('',#2332,1.);
#2332 = DIRECTION('',(0.,0.,1.));
#2333 = ORIENTED_EDGE('',*,*,#616,.T.);
#2334 = ORIENTED_EDGE('',*,*,#2310,.T.);
#2335 = ORIENTED_EDGE('',*,*,#737,.T.);
#2336 = ORIENTED_EDGE('',*,*,#2337,.T.);
#2337 = EDGE_CURVE('',#738,#2338,#2340,.T.);
#2338 = VERTEX_POINT('',#2339);
#2339 = CARTESIAN_POINT('',(9.4,1.044,2.6151));
#2340 = LINE('',#2341,#2342);
#2341 = CARTESIAN_POINT('',(9.4,0.5468198,3.45));
#2342 = VECTOR('',#2343,1.);
#2343 = DIRECTION('',(0.,0.511647917429,-0.859195209828));
#2344 = ORIENTED_EDGE('',*,*,#2345,.T.);
#2345 = EDGE_CURVE('',#2338,#2346,#2348,.T.);
#2346 = VERTEX_POINT('',#2347);
#2347 = CARTESIAN_POINT('',(9.4,1.52,2.6151));
#2348 = LINE('',#2349,#2350);
#2349 = CARTESIAN_POINT('',(9.4,1.044,2.6151));
#2350 = VECTOR('',#2351,1.);
#2351 = DIRECTION('',(0.,1.,0.));
#2352 = ORIENTED_EDGE('',*,*,#2353,.T.);
#2353 = EDGE_CURVE('',#2346,#2354,#2356,.T.);
#2354 = VERTEX_POINT('',#2355);
#2355 = CARTESIAN_POINT('',(9.4,1.52,2.05));
#2356 = LINE('',#2357,#2358);
#2357 = CARTESIAN_POINT('',(9.4,1.52,2.6151));
#2358 = VECTOR('',#2359,1.);
#2359 = DIRECTION('',(0.,0.,-1.));
#2360 = ORIENTED_EDGE('',*,*,#2361,.T.);
#2361 = EDGE_CURVE('',#2354,#2327,#2362,.T.);
#2362 = LINE('',#2363,#2364);
#2363 = CARTESIAN_POINT('',(9.4,1.52,2.05));
#2364 = VECTOR('',#2365,1.);
#2365 = DIRECTION('',(0.,1.,0.));
#2366 = PLANE('',#2367);
#2367 = AXIS2_PLACEMENT_3D('',#2368,#2369,#2370);
#2368 = CARTESIAN_POINT('',(9.4,1.834452703854,3.573485056924));
#2369 = DIRECTION('',(1.,0.,0.));
#2370 = DIRECTION('',(0.,0.,1.));
#2371 = ADVANCED_FACE('',(#2372),#2543,.T.);
#2372 = FACE_BOUND('',#2373,.T.);
#2373 = EDGE_LOOP('',(#2374,#2384,#2390,#2391,#2392,#2393,#2401,#2409,
    #2417,#2425,#2433,#2441,#2449,#2457,#2465,#2473,#2481,#2489,#2497,
    #2505,#2513,#2521,#2529,#2537));
#2374 = ORIENTED_EDGE('',*,*,#2375,.F.);
#2375 = EDGE_CURVE('',#2376,#2378,#2380,.T.);
#2376 = VERTEX_POINT('',#2377);
#2377 = CARTESIAN_POINT('',(11.6,2.57,2.05));
#2378 = VERTEX_POINT('',#2379);
#2379 = CARTESIAN_POINT('',(11.6,2.57,9.2));
#2380 = LINE('',#2381,#2382);
#2381 = CARTESIAN_POINT('',(11.6,2.57,2.05));
#2382 = VECTOR('',#2383,1.);
#2383 = DIRECTION('',(0.,0.,1.));
#2384 = ORIENTED_EDGE('',*,*,#2385,.T.);
#2385 = EDGE_CURVE('',#2376,#657,#2386,.T.);
#2386 = LINE('',#2387,#2388);
#2387 = CARTESIAN_POINT('',(11.6,2.57,2.05));
#2388 = VECTOR('',#2389,1.);
#2389 = DIRECTION('',(-1.,-0.,-0.));
#2390 = ORIENTED_EDGE('',*,*,#656,.T.);
#2391 = ORIENTED_EDGE('',*,*,#608,.T.);
#2392 = ORIENTED_EDGE('',*,*,#2326,.F.);
#2393 = ORIENTED_EDGE('',*,*,#2394,.T.);
#2394 = EDGE_CURVE('',#2327,#2395,#2397,.T.);
#2395 = VERTEX_POINT('',#2396);
#2396 = CARTESIAN_POINT('',(8.1,2.57,2.05));
#2397 = LINE('',#2398,#2399);
#2398 = CARTESIAN_POINT('',(11.6,2.57,2.05));
#2399 = VECTOR('',#2400,1.);
#2400 = DIRECTION('',(-1.,-0.,-0.));
#2401 = ORIENTED_EDGE('',*,*,#2402,.T.);
#2402 = EDGE_CURVE('',#2395,#2403,#2405,.T.);
#2403 = VERTEX_POINT('',#2404);
#2404 = CARTESIAN_POINT('',(8.1,2.57,5.25));
#2405 = LINE('',#2406,#2407);
#2406 = CARTESIAN_POINT('',(8.1,2.57,2.05));
#2407 = VECTOR('',#2408,1.);
#2408 = DIRECTION('',(0.,0.,1.));
#2409 = ORIENTED_EDGE('',*,*,#2410,.T.);
#2410 = EDGE_CURVE('',#2403,#2411,#2413,.T.);
#2411 = VERTEX_POINT('',#2412);
#2412 = CARTESIAN_POINT('',(6.9,2.57,5.25));
#2413 = LINE('',#2414,#2415);
#2414 = CARTESIAN_POINT('',(8.1,2.57,5.25));
#2415 = VECTOR('',#2416,1.);
#2416 = DIRECTION('',(-1.,-0.,-0.));
#2417 = ORIENTED_EDGE('',*,*,#2418,.F.);
#2418 = EDGE_CURVE('',#2419,#2411,#2421,.T.);
#2419 = VERTEX_POINT('',#2420);
#2420 = CARTESIAN_POINT('',(6.9,2.57,2.05));
#2421 = LINE('',#2422,#2423);
#2422 = CARTESIAN_POINT('',(6.9,2.57,2.05));
#2423 = VECTOR('',#2424,1.);
#2424 = DIRECTION('',(0.,0.,1.));
#2425 = ORIENTED_EDGE('',*,*,#2426,.T.);
#2426 = EDGE_CURVE('',#2419,#2427,#2429,.T.);
#2427 = VERTEX_POINT('',#2428);
#2428 = CARTESIAN_POINT('',(5.6,2.57,2.05));
#2429 = LINE('',#2430,#2431);
#2430 = CARTESIAN_POINT('',(11.6,2.57,2.05));
#2431 = VECTOR('',#2432,1.);
#2432 = DIRECTION('',(-1.,-0.,-0.));
#2433 = ORIENTED_EDGE('',*,*,#2434,.T.);
#2434 = EDGE_CURVE('',#2427,#2435,#2437,.T.);
#2435 = VERTEX_POINT('',#2436);
#2436 = CARTESIAN_POINT('',(5.6,2.57,5.25));
#2437 = LINE('',#2438,#2439);
#2438 = CARTESIAN_POINT('',(5.6,2.57,2.05));
#2439 = VECTOR('',#2440,1.);
#2440 = DIRECTION('',(0.,0.,1.));
#2441 = ORIENTED_EDGE('',*,*,#2442,.T.);
#2442 = EDGE_CURVE('',#2435,#2443,#2445,.T.);
#2443 = VERTEX_POINT('',#2444);
#2444 = CARTESIAN_POINT('',(4.4,2.57,5.25));
#2445 = LINE('',#2446,#2447);
#2446 = CARTESIAN_POINT('',(5.6,2.57,5.25));
#2447 = VECTOR('',#2448,1.);
#2448 = DIRECTION('',(-1.,-0.,-0.));
#2449 = ORIENTED_EDGE('',*,*,#2450,.F.);
#2450 = EDGE_CURVE('',#2451,#2443,#2453,.T.);
#2451 = VERTEX_POINT('',#2452);
#2452 = CARTESIAN_POINT('',(4.4,2.57,2.05));
#2453 = LINE('',#2454,#2455);
#2454 = CARTESIAN_POINT('',(4.4,2.57,2.05));
#2455 = VECTOR('',#2456,1.);
#2456 = DIRECTION('',(0.,0.,1.));
#2457 = ORIENTED_EDGE('',*,*,#2458,.T.);
#2458 = EDGE_CURVE('',#2451,#2459,#2461,.T.);
#2459 = VERTEX_POINT('',#2460);
#2460 = CARTESIAN_POINT('',(3.1,2.57,2.05));
#2461 = LINE('',#2462,#2463);
#2462 = CARTESIAN_POINT('',(11.6,2.57,2.05));
#2463 = VECTOR('',#2464,1.);
#2464 = DIRECTION('',(-1.,-0.,-0.));
#2465 = ORIENTED_EDGE('',*,*,#2466,.T.);
#2466 = EDGE_CURVE('',#2459,#2467,#2469,.T.);
#2467 = VERTEX_POINT('',#2468);
#2468 = CARTESIAN_POINT('',(3.1,2.57,5.25));
#2469 = LINE('',#2470,#2471);
#2470 = CARTESIAN_POINT('',(3.1,2.57,2.05));
#2471 = VECTOR('',#2472,1.);
#2472 = DIRECTION('',(0.,0.,1.));
#2473 = ORIENTED_EDGE('',*,*,#2474,.T.);
#2474 = EDGE_CURVE('',#2467,#2475,#2477,.T.);
#2475 = VERTEX_POINT('',#2476);
#2476 = CARTESIAN_POINT('',(1.9,2.57,5.25));
#2477 = LINE('',#2478,#2479);
#2478 = CARTESIAN_POINT('',(3.1,2.57,5.25));
#2479 = VECTOR('',#2480,1.);
#2480 = DIRECTION('',(-1.,-0.,-0.));
#2481 = ORIENTED_EDGE('',*,*,#2482,.F.);
#2482 = EDGE_CURVE('',#2483,#2475,#2485,.T.);
#2483 = VERTEX_POINT('',#2484);
#2484 = CARTESIAN_POINT('',(1.9,2.57,2.05));
#2485 = LINE('',#2486,#2487);
#2486 = CARTESIAN_POINT('',(1.9,2.57,2.05));
#2487 = VECTOR('',#2488,1.);
#2488 = DIRECTION('',(0.,0.,1.));
#2489 = ORIENTED_EDGE('',*,*,#2490,.T.);
#2490 = EDGE_CURVE('',#2483,#2491,#2493,.T.);
#2491 = VERTEX_POINT('',#2492);
#2492 = CARTESIAN_POINT('',(0.6,2.57,2.05));
#2493 = LINE('',#2494,#2495);
#2494 = CARTESIAN_POINT('',(11.6,2.57,2.05));
#2495 = VECTOR('',#2496,1.);
#2496 = DIRECTION('',(-1.,-0.,-0.));
#2497 = ORIENTED_EDGE('',*,*,#2498,.T.);
#2498 = EDGE_CURVE('',#2491,#2499,#2501,.T.);
#2499 = VERTEX_POINT('',#2500);
#2500 = CARTESIAN_POINT('',(0.6,2.57,5.25));
#2501 = LINE('',#2502,#2503);
#2502 = CARTESIAN_POINT('',(0.6,2.57,2.05));
#2503 = VECTOR('',#2504,1.);
#2504 = DIRECTION('',(0.,0.,1.));
#2505 = ORIENTED_EDGE('',*,*,#2506,.T.);
#2506 = EDGE_CURVE('',#2499,#2507,#2509,.T.);
#2507 = VERTEX_POINT('',#2508);
#2508 = CARTESIAN_POINT('',(-0.6,2.57,5.25));
#2509 = LINE('',#2510,#2511);
#2510 = CARTESIAN_POINT('',(0.6,2.57,5.25));
#2511 = VECTOR('',#2512,1.);
#2512 = DIRECTION('',(-1.,-0.,-0.));
#2513 = ORIENTED_EDGE('',*,*,#2514,.F.);
#2514 = EDGE_CURVE('',#2515,#2507,#2517,.T.);
#2515 = VERTEX_POINT('',#2516);
#2516 = CARTESIAN_POINT('',(-0.6,2.57,2.05));
#2517 = LINE('',#2518,#2519);
#2518 = CARTESIAN_POINT('',(-0.6,2.57,2.05));
#2519 = VECTOR('',#2520,1.);
#2520 = DIRECTION('',(0.,0.,1.));
#2521 = ORIENTED_EDGE('',*,*,#2522,.T.);
#2522 = EDGE_CURVE('',#2515,#2523,#2525,.T.);
#2523 = VERTEX_POINT('',#2524);
#2524 = CARTESIAN_POINT('',(-1.6,2.57,2.05));
#2525 = LINE('',#2526,#2527);
#2526 = CARTESIAN_POINT('',(11.6,2.57,2.05));
#2527 = VECTOR('',#2528,1.);
#2528 = DIRECTION('',(-1.,-0.,-0.));
#2529 = ORIENTED_EDGE('',*,*,#2530,.T.);
#2530 = EDGE_CURVE('',#2523,#2531,#2533,.T.);
#2531 = VERTEX_POINT('',#2532);
#2532 = CARTESIAN_POINT('',(-1.6,2.57,9.2));
#2533 = LINE('',#2534,#2535);
#2534 = CARTESIAN_POINT('',(-1.6,2.57,2.05));
#2535 = VECTOR('',#2536,1.);
#2536 = DIRECTION('',(0.,0.,1.));
#2537 = ORIENTED_EDGE('',*,*,#2538,.T.);
#2538 = EDGE_CURVE('',#2531,#2378,#2539,.T.);
#2539 = LINE('',#2540,#2541);
#2540 = CARTESIAN_POINT('',(8.3,2.57,9.2));
#2541 = VECTOR('',#2542,1.);
#2542 = DIRECTION('',(1.,0.,0.));
#2543 = PLANE('',#2544);
#2544 = AXIS2_PLACEMENT_3D('',#2545,#2546,#2547);
#2545 = CARTESIAN_POINT('',(11.6,2.57,2.05));
#2546 = DIRECTION('',(0.,1.,0.));
#2547 = DIRECTION('',(0.,0.,1.));
#2548 = ADVANCED_FACE('',(#2549),#2560,.F.);
#2549 = FACE_BOUND('',#2550,.F.);
#2550 = EDGE_LOOP('',(#2551,#2552,#2553,#2559));
#2551 = ORIENTED_EDGE('',*,*,#745,.T.);
#2552 = ORIENTED_EDGE('',*,*,#2337,.T.);
#2553 = ORIENTED_EDGE('',*,*,#2554,.F.);
#2554 = EDGE_CURVE('',#675,#2338,#2555,.T.);
#2555 = LINE('',#2556,#2557);
#2556 = CARTESIAN_POINT('',(10.6,1.044,2.6151));
#2557 = VECTOR('',#2558,1.);
#2558 = DIRECTION('',(-1.,-0.,-0.));
#2559 = ORIENTED_EDGE('',*,*,#674,.F.);
#2560 = PLANE('',#2561);
#2561 = AXIS2_PLACEMENT_3D('',#2562,#2563,#2564);
#2562 = CARTESIAN_POINT('',(10.6,0.5468198,3.45));
#2563 = DIRECTION('',(0.,-0.859195209828,-0.511647917429));
#2564 = DIRECTION('',(0.,0.511647917429,-0.859195209828));
#2565 = ADVANCED_FACE('',(#2566),#2577,.F.);
#2566 = FACE_BOUND('',#2567,.F.);
#2567 = EDGE_LOOP('',(#2568,#2569,#2570,#2576));
#2568 = ORIENTED_EDGE('',*,*,#2554,.T.);
#2569 = ORIENTED_EDGE('',*,*,#2345,.T.);
#2570 = ORIENTED_EDGE('',*,*,#2571,.F.);
#2571 = EDGE_CURVE('',#683,#2346,#2572,.T.);
#2572 = LINE('',#2573,#2574);
#2573 = CARTESIAN_POINT('',(10.6,1.52,2.6151));
#2574 = VECTOR('',#2575,1.);
#2575 = DIRECTION('',(-1.,-0.,-0.));
#2576 = ORIENTED_EDGE('',*,*,#682,.F.);
#2577 = PLANE('',#2578);
#2578 = AXIS2_PLACEMENT_3D('',#2579,#2580,#2581);
#2579 = CARTESIAN_POINT('',(10.6,1.044,2.6151));
#2580 = DIRECTION('',(0.,0.,-1.));
#2581 = DIRECTION('',(0.,1.,0.));
#2582 = ADVANCED_FACE('',(#2583),#2594,.F.);
#2583 = FACE_BOUND('',#2584,.F.);
#2584 = EDGE_LOOP('',(#2585,#2586,#2587,#2593));
#2585 = ORIENTED_EDGE('',*,*,#2571,.T.);
#2586 = ORIENTED_EDGE('',*,*,#2353,.T.);
#2587 = ORIENTED_EDGE('',*,*,#2588,.F.);
#2588 = EDGE_CURVE('',#691,#2354,#2589,.T.);
#2589 = LINE('',#2590,#2591);
#2590 = CARTESIAN_POINT('',(10.6,1.52,2.05));
#2591 = VECTOR('',#2592,1.);
#2592 = DIRECTION('',(-1.,-0.,-0.));
#2593 = ORIENTED_EDGE('',*,*,#690,.F.);
#2594 = PLANE('',#2595);
#2595 = AXIS2_PLACEMENT_3D('',#2596,#2597,#2598);
#2596 = CARTESIAN_POINT('',(10.6,1.52,2.6151));
#2597 = DIRECTION('',(0.,-1.,0.));
#2598 = DIRECTION('',(0.,0.,-1.));
#2599 = ADVANCED_FACE('',(#2600),#2721,.T.);
#2600 = FACE_BOUND('',#2601,.T.);
#2601 = EDGE_LOOP('',(#2602,#2610,#2618,#2624,#2625,#2633,#2641,#2647,
    #2648,#2656,#2664,#2670,#2671,#2679,#2687,#2693,#2694,#2702,#2710,
    #2716,#2717,#2718,#2719,#2720));
#2602 = ORIENTED_EDGE('',*,*,#2603,.F.);
#2603 = EDGE_CURVE('',#2604,#2376,#2606,.T.);
#2604 = VERTEX_POINT('',#2605);
#2605 = CARTESIAN_POINT('',(11.6,0.945277674973,2.05));
#2606 = LINE('',#2607,#2608);
#2607 = CARTESIAN_POINT('',(11.6,0.945277674973,2.05));
#2608 = VECTOR('',#2609,1.);
#2609 = DIRECTION('',(0.,1.,0.));
#2610 = ORIENTED_EDGE('',*,*,#2611,.T.);
#2611 = EDGE_CURVE('',#2604,#2612,#2614,.T.);
#2612 = VERTEX_POINT('',#2613);
#2613 = CARTESIAN_POINT('',(-1.6,0.945277674973,2.05));
#2614 = LINE('',#2615,#2616);
#2615 = CARTESIAN_POINT('',(11.6,0.945277674973,2.05));
#2616 = VECTOR('',#2617,1.);
#2617 = DIRECTION('',(-1.,-0.,-0.));
#2618 = ORIENTED_EDGE('',*,*,#2619,.T.);
#2619 = EDGE_CURVE('',#2612,#2523,#2620,.T.);
#2620 = LINE('',#2621,#2622);
#2621 = CARTESIAN_POINT('',(-1.6,0.945277674973,2.05));
#2622 = VECTOR('',#2623,1.);
#2623 = DIRECTION('',(0.,1.,0.));
#2624 = ORIENTED_EDGE('',*,*,#2522,.F.);
#2625 = ORIENTED_EDGE('',*,*,#2626,.F.);
#2626 = EDGE_CURVE('',#2627,#2515,#2629,.T.);
#2627 = VERTEX_POINT('',#2628);
#2628 = CARTESIAN_POINT('',(-0.6,1.52,2.05));
#2629 = LINE('',#2630,#2631);
#2630 = CARTESIAN_POINT('',(-0.6,1.52,2.05));
#2631 = VECTOR('',#2632,1.);
#2632 = DIRECTION('',(0.,1.,0.));
#2633 = ORIENTED_EDGE('',*,*,#2634,.F.);
#2634 = EDGE_CURVE('',#2635,#2627,#2637,.T.);
#2635 = VERTEX_POINT('',#2636);
#2636 = CARTESIAN_POINT('',(0.6,1.52,2.05));
#2637 = LINE('',#2638,#2639);
#2638 = CARTESIAN_POINT('',(0.6,1.52,2.05));
#2639 = VECTOR('',#2640,1.);
#2640 = DIRECTION('',(-1.,-0.,-0.));
#2641 = ORIENTED_EDGE('',*,*,#2642,.T.);
#2642 = EDGE_CURVE('',#2635,#2491,#2643,.T.);
#2643 = LINE('',#2644,#2645);
#2644 = CARTESIAN_POINT('',(0.6,1.52,2.05));
#2645 = VECTOR('',#2646,1.);
#2646 = DIRECTION('',(0.,1.,0.));
#2647 = ORIENTED_EDGE('',*,*,#2490,.F.);
#2648 = ORIENTED_EDGE('',*,*,#2649,.F.);
#2649 = EDGE_CURVE('',#2650,#2483,#2652,.T.);
#2650 = VERTEX_POINT('',#2651);
#2651 = CARTESIAN_POINT('',(1.9,1.52,2.05));
#2652 = LINE('',#2653,#2654);
#2653 = CARTESIAN_POINT('',(1.9,1.52,2.05));
#2654 = VECTOR('',#2655,1.);
#2655 = DIRECTION('',(0.,1.,0.));
#2656 = ORIENTED_EDGE('',*,*,#2657,.F.);
#2657 = EDGE_CURVE('',#2658,#2650,#2660,.T.);
#2658 = VERTEX_POINT('',#2659);
#2659 = CARTESIAN_POINT('',(3.1,1.52,2.05));
#2660 = LINE('',#2661,#2662);
#2661 = CARTESIAN_POINT('',(3.1,1.52,2.05));
#2662 = VECTOR('',#2663,1.);
#2663 = DIRECTION('',(-1.,-0.,-0.));
#2664 = ORIENTED_EDGE('',*,*,#2665,.T.);
#2665 = EDGE_CURVE('',#2658,#2459,#2666,.T.);
#2666 = LINE('',#2667,#2668);
#2667 = CARTESIAN_POINT('',(3.1,1.52,2.05));
#2668 = VECTOR('',#2669,1.);
#2669 = DIRECTION('',(0.,1.,0.));
#2670 = ORIENTED_EDGE('',*,*,#2458,.F.);
#2671 = ORIENTED_EDGE('',*,*,#2672,.F.);
#2672 = EDGE_CURVE('',#2673,#2451,#2675,.T.);
#2673 = VERTEX_POINT('',#2674);
#2674 = CARTESIAN_POINT('',(4.4,1.52,2.05));
#2675 = LINE('',#2676,#2677);
#2676 = CARTESIAN_POINT('',(4.4,1.52,2.05));
#2677 = VECTOR('',#2678,1.);
#2678 = DIRECTION('',(0.,1.,0.));
#2679 = ORIENTED_EDGE('',*,*,#2680,.F.);
#2680 = EDGE_CURVE('',#2681,#2673,#2683,.T.);
#2681 = VERTEX_POINT('',#2682);
#2682 = CARTESIAN_POINT('',(5.6,1.52,2.05));
#2683 = LINE('',#2684,#2685);
#2684 = CARTESIAN_POINT('',(5.6,1.52,2.05));
#2685 = VECTOR('',#2686,1.);
#2686 = DIRECTION('',(-1.,-0.,-0.));
#2687 = ORIENTED_EDGE('',*,*,#2688,.T.);
#2688 = EDGE_CURVE('',#2681,#2427,#2689,.T.);
#2689 = LINE('',#2690,#2691);
#2690 = CARTESIAN_POINT('',(5.6,1.52,2.05));
#2691 = VECTOR('',#2692,1.);
#2692 = DIRECTION('',(0.,1.,0.));
#2693 = ORIENTED_EDGE('',*,*,#2426,.F.);
#2694 = ORIENTED_EDGE('',*,*,#2695,.F.);
#2695 = EDGE_CURVE('',#2696,#2419,#2698,.T.);
#2696 = VERTEX_POINT('',#2697);
#2697 = CARTESIAN_POINT('',(6.9,1.52,2.05));
#2698 = LINE('',#2699,#2700);
#2699 = CARTESIAN_POINT('',(6.9,1.52,2.05));
#2700 = VECTOR('',#2701,1.);
#2701 = DIRECTION('',(0.,1.,0.));
#2702 = ORIENTED_EDGE('',*,*,#2703,.F.);
#2703 = EDGE_CURVE('',#2704,#2696,#2706,.T.);
#2704 = VERTEX_POINT('',#2705);
#2705 = CARTESIAN_POINT('',(8.1,1.52,2.05));
#2706 = LINE('',#2707,#2708);
#2707 = CARTESIAN_POINT('',(8.1,1.52,2.05));
#2708 = VECTOR('',#2709,1.);
#2709 = DIRECTION('',(-1.,-0.,-0.));
#2710 = ORIENTED_EDGE('',*,*,#2711,.T.);
#2711 = EDGE_CURVE('',#2704,#2395,#2712,.T.);
#2712 = LINE('',#2713,#2714);
#2713 = CARTESIAN_POINT('',(8.1,1.52,2.05));
#2714 = VECTOR('',#2715,1.);
#2715 = DIRECTION('',(0.,1.,0.));
#2716 = ORIENTED_EDGE('',*,*,#2394,.F.);
#2717 = ORIENTED_EDGE('',*,*,#2361,.F.);
#2718 = ORIENTED_EDGE('',*,*,#2588,.F.);
#2719 = ORIENTED_EDGE('',*,*,#698,.T.);
#2720 = ORIENTED_EDGE('',*,*,#2385,.F.);
#2721 = PLANE('',#2722);
#2722 = AXIS2_PLACEMENT_3D('',#2723,#2724,#2725);
#2723 = CARTESIAN_POINT('',(11.6,0.945277674973,2.05));
#2724 = DIRECTION('',(0.,0.,-1.));
#2725 = DIRECTION('',(0.,1.,0.));
#2726 = ADVANCED_FACE('',(#2727),#2752,.F.);
#2727 = FACE_BOUND('',#2728,.F.);
#2728 = EDGE_LOOP('',(#2729,#2737,#2738,#2746));
#2729 = ORIENTED_EDGE('',*,*,#2730,.F.);
#2730 = EDGE_CURVE('',#756,#2731,#2733,.T.);
#2731 = VERTEX_POINT('',#2732);
#2732 = CARTESIAN_POINT('',(10.4,-0.4,2.7));
#2733 = LINE('',#2734,#2735);
#2734 = CARTESIAN_POINT('',(10.4,-0.4,3.45));
#2735 = VECTOR('',#2736,1.);
#2736 = DIRECTION('',(0.,0.,-1.));
#2737 = ORIENTED_EDGE('',*,*,#755,.T.);
#2738 = ORIENTED_EDGE('',*,*,#2739,.T.);
#2739 = EDGE_CURVE('',#758,#2740,#2742,.T.);
#2740 = VERTEX_POINT('',#2741);
#2741 = CARTESIAN_POINT('',(9.6,-0.4,2.7));
#2742 = LINE('',#2743,#2744);
#2743 = CARTESIAN_POINT('',(9.6,-0.4,3.45));
#2744 = VECTOR('',#2745,1.);
#2745 = DIRECTION('',(0.,0.,-1.));
#2746 = ORIENTED_EDGE('',*,*,#2747,.F.);
#2747 = EDGE_CURVE('',#2731,#2740,#2748,.T.);
#2748 = LINE('',#2749,#2750);
#2749 = CARTESIAN_POINT('',(11.,-0.4,2.7));
#2750 = VECTOR('',#2751,1.);
#2751 = DIRECTION('',(-1.,-0.,-0.));
#2752 = PLANE('',#2753);
#2753 = AXIS2_PLACEMENT_3D('',#2754,#2755,#2756);
#2754 = CARTESIAN_POINT('',(10.4,-0.4,3.45));
#2755 = DIRECTION('',(0.,-1.,0.));
#2756 = DIRECTION('',(0.,0.,-1.));
#2757 = ADVANCED_FACE('',(#2758),#2776,.F.);
#2758 = FACE_BOUND('',#2759,.F.);
#2759 = EDGE_LOOP('',(#2760,#2761,#2762,#2770));
#2760 = ORIENTED_EDGE('',*,*,#765,.T.);
#2761 = ORIENTED_EDGE('',*,*,#2730,.T.);
#2762 = ORIENTED_EDGE('',*,*,#2763,.F.);
#2763 = EDGE_CURVE('',#2764,#2731,#2766,.T.);
#2764 = VERTEX_POINT('',#2765);
#2765 = CARTESIAN_POINT('',(10.4,0.4,2.7));
#2766 = LINE('',#2767,#2768);
#2767 = CARTESIAN_POINT('',(10.4,-0.765,2.7));
#2768 = VECTOR('',#2769,1.);
#2769 = DIRECTION('',(0.,-1.,0.));
#2770 = ORIENTED_EDGE('',*,*,#2771,.T.);
#2771 = EDGE_CURVE('',#2764,#766,#2772,.T.);
#2772 = LINE('',#2773,#2774);
#2773 = CARTESIAN_POINT('',(10.4,0.4,2.45));
#2774 = VECTOR('',#2775,1.);
#2775 = DIRECTION('',(0.,0.,1.));
#2776 = PLANE('',#2777);
#2777 = AXIS2_PLACEMENT_3D('',#2778,#2779,#2780);
#2778 = CARTESIAN_POINT('',(10.4,0.,2.95));
#2779 = DIRECTION('',(1.,0.,0.));
#2780 = DIRECTION('',(0.,0.,1.));
#2781 = ADVANCED_FACE('',(#2782),#2800,.T.);
#2782 = FACE_BOUND('',#2783,.T.);
#2783 = EDGE_LOOP('',(#2784,#2785,#2786,#2794));
#2784 = ORIENTED_EDGE('',*,*,#781,.T.);
#2785 = ORIENTED_EDGE('',*,*,#2739,.T.);
#2786 = ORIENTED_EDGE('',*,*,#2787,.F.);
#2787 = EDGE_CURVE('',#2788,#2740,#2790,.T.);
#2788 = VERTEX_POINT('',#2789);
#2789 = CARTESIAN_POINT('',(9.6,0.4,2.7));
#2790 = LINE('',#2791,#2792);
#2791 = CARTESIAN_POINT('',(9.6,-0.765,2.7));
#2792 = VECTOR('',#2793,1.);
#2793 = DIRECTION('',(0.,-1.,0.));
#2794 = ORIENTED_EDGE('',*,*,#2795,.T.);
#2795 = EDGE_CURVE('',#2788,#774,#2796,.T.);
#2796 = LINE('',#2797,#2798);
#2797 = CARTESIAN_POINT('',(9.6,0.4,2.45));
#2798 = VECTOR('',#2799,1.);
#2799 = DIRECTION('',(0.,0.,1.));
#2800 = PLANE('',#2801);
#2801 = AXIS2_PLACEMENT_3D('',#2802,#2803,#2804);
#2802 = CARTESIAN_POINT('',(9.6,0.,2.95));
#2803 = DIRECTION('',(1.,0.,0.));
#2804 = DIRECTION('',(0.,0.,1.));
#2805 = ADVANCED_FACE('',(#2806),#2817,.F.);
#2806 = FACE_BOUND('',#2807,.F.);
#2807 = EDGE_LOOP('',(#2808,#2809,#2815,#2816));
#2808 = ORIENTED_EDGE('',*,*,#2771,.F.);
#2809 = ORIENTED_EDGE('',*,*,#2810,.F.);
#2810 = EDGE_CURVE('',#2788,#2764,#2811,.T.);
#2811 = LINE('',#2812,#2813);
#2812 = CARTESIAN_POINT('',(11.,0.4,2.7));
#2813 = VECTOR('',#2814,1.);
#2814 = DIRECTION('',(1.,0.,0.));
#2815 = ORIENTED_EDGE('',*,*,#2795,.T.);
#2816 = ORIENTED_EDGE('',*,*,#773,.F.);
#2817 = PLANE('',#2818);
#2818 = AXIS2_PLACEMENT_3D('',#2819,#2820,#2821);
#2819 = CARTESIAN_POINT('',(10.4,0.4,2.45));
#2820 = DIRECTION('',(0.,1.,0.));
#2821 = DIRECTION('',(0.,0.,1.));
#2822 = ADVANCED_FACE('',(#2823),#2850,.F.);
#2823 = FACE_BOUND('',#2824,.F.);
#2824 = EDGE_LOOP('',(#2825,#2826,#2827,#2828,#2829,#2830,#2831,#2832,
    #2833,#2834,#2835,#2836,#2837,#2843,#2844));
#2825 = ORIENTED_EDGE('',*,*,#964,.F.);
#2826 = ORIENTED_EDGE('',*,*,#1343,.T.);
#2827 = ORIENTED_EDGE('',*,*,#1320,.F.);
#2828 = ORIENTED_EDGE('',*,*,#1303,.T.);
#2829 = ORIENTED_EDGE('',*,*,#1279,.T.);
#2830 = ORIENTED_EDGE('',*,*,#1248,.F.);
#2831 = ORIENTED_EDGE('',*,*,#1229,.T.);
#2832 = ORIENTED_EDGE('',*,*,#1198,.F.);
#2833 = ORIENTED_EDGE('',*,*,#1180,.T.);
#2834 = ORIENTED_EDGE('',*,*,#1149,.F.);
#2835 = ORIENTED_EDGE('',*,*,#1131,.T.);
#2836 = ORIENTED_EDGE('',*,*,#932,.F.);
#2837 = ORIENTED_EDGE('',*,*,#2838,.F.);
#2838 = EDGE_CURVE('',#2531,#933,#2839,.T.);
#2839 = LINE('',#2840,#2841);
#2840 = CARTESIAN_POINT('',(-1.6,0.750345009569,9.2));
#2841 = VECTOR('',#2842,1.);
#2842 = DIRECTION('',(0.,-1.,0.));
#2843 = ORIENTED_EDGE('',*,*,#2538,.T.);
#2844 = ORIENTED_EDGE('',*,*,#2845,.T.);
#2845 = EDGE_CURVE('',#2378,#957,#2846,.T.);
#2846 = LINE('',#2847,#2848);
#2847 = CARTESIAN_POINT('',(11.6,0.750345009569,9.2));
#2848 = VECTOR('',#2849,1.);
#2849 = DIRECTION('',(0.,-1.,0.));
#2850 = PLANE('',#2851);
#2851 = AXIS2_PLACEMENT_3D('',#2852,#2853,#2854);
#2852 = CARTESIAN_POINT('',(5.,0.92,9.2));
#2853 = DIRECTION('',(0.,0.,1.));
#2854 = DIRECTION('',(1.,0.,0.));
#2855 = ADVANCED_FACE('',(#2856),#2876,.T.);
#2856 = FACE_BOUND('',#2857,.T.);
#2857 = EDGE_LOOP('',(#2858,#2859,#2860,#2868,#2874,#2875));
#2858 = ORIENTED_EDGE('',*,*,#2845,.T.);
#2859 = ORIENTED_EDGE('',*,*,#956,.T.);
#2860 = ORIENTED_EDGE('',*,*,#2861,.T.);
#2861 = EDGE_CURVE('',#949,#2862,#2864,.T.);
#2862 = VERTEX_POINT('',#2863);
#2863 = CARTESIAN_POINT('',(11.6,0.57,2.7));
#2864 = LINE('',#2865,#2866);
#2865 = CARTESIAN_POINT('',(11.6,-1.53,2.7));
#2866 = VECTOR('',#2867,1.);
#2867 = DIRECTION('',(0.,1.,0.));
#2868 = ORIENTED_EDGE('',*,*,#2869,.T.);
#2869 = EDGE_CURVE('',#2862,#2604,#2870,.T.);
#2870 = LINE('',#2871,#2872);
#2871 = CARTESIAN_POINT('',(11.6,0.57,2.7));
#2872 = VECTOR('',#2873,1.);
#2873 = DIRECTION('',(0.,0.5,-0.866025403784));
#2874 = ORIENTED_EDGE('',*,*,#2603,.T.);
#2875 = ORIENTED_EDGE('',*,*,#2375,.T.);
#2876 = PLANE('',#2877);
#2877 = AXIS2_PLACEMENT_3D('',#2878,#2879,#2880);
#2878 = CARTESIAN_POINT('',(11.6,0.580690019138,6.030109938605));
#2879 = DIRECTION('',(1.,0.,0.));
#2880 = DIRECTION('',(0.,0.,1.));
#2881 = ADVANCED_FACE('',(#2882,#2900,#2934,#2968,#3002,#3036),#3042,.T.
  );
#2882 = FACE_BOUND('',#2883,.T.);
#2883 = EDGE_LOOP('',(#2884,#2885,#2893,#2899));
#2884 = ORIENTED_EDGE('',*,*,#948,.T.);
#2885 = ORIENTED_EDGE('',*,*,#2886,.T.);
#2886 = EDGE_CURVE('',#941,#2887,#2889,.T.);
#2887 = VERTEX_POINT('',#2888);
#2888 = CARTESIAN_POINT('',(-1.6,0.57,2.7));
#2889 = LINE('',#2890,#2891);
#2890 = CARTESIAN_POINT('',(-1.6,-1.53,2.7));
#2891 = VECTOR('',#2892,1.);
#2892 = DIRECTION('',(0.,1.,0.));
#2893 = ORIENTED_EDGE('',*,*,#2894,.F.);
#2894 = EDGE_CURVE('',#2862,#2887,#2895,.T.);
#2895 = LINE('',#2896,#2897);
#2896 = CARTESIAN_POINT('',(11.6,0.57,2.7));
#2897 = VECTOR('',#2898,1.);
#2898 = DIRECTION('',(-1.,-0.,-0.));
#2899 = ORIENTED_EDGE('',*,*,#2861,.F.);
#2900 = FACE_BOUND('',#2901,.T.);
#2901 = EDGE_LOOP('',(#2902,#2912,#2920,#2928));
#2902 = ORIENTED_EDGE('',*,*,#2903,.F.);
#2903 = EDGE_CURVE('',#2904,#2906,#2908,.T.);
#2904 = VERTEX_POINT('',#2905);
#2905 = CARTESIAN_POINT('',(0.4,-0.4,2.7));
#2906 = VERTEX_POINT('',#2907);
#2907 = CARTESIAN_POINT('',(-0.4,-0.4,2.7));
#2908 = LINE('',#2909,#2910);
#2909 = CARTESIAN_POINT('',(6.,-0.4,2.7));
#2910 = VECTOR('',#2911,1.);
#2911 = DIRECTION('',(-1.,-0.,-0.));
#2912 = ORIENTED_EDGE('',*,*,#2913,.F.);
#2913 = EDGE_CURVE('',#2914,#2904,#2916,.T.);
#2914 = VERTEX_POINT('',#2915);
#2915 = CARTESIAN_POINT('',(0.4,0.4,2.7));
#2916 = LINE('',#2917,#2918);
#2917 = CARTESIAN_POINT('',(0.4,-0.765,2.7));
#2918 = VECTOR('',#2919,1.);
#2919 = DIRECTION('',(0.,-1.,0.));
#2920 = ORIENTED_EDGE('',*,*,#2921,.F.);
#2921 = EDGE_CURVE('',#2922,#2914,#2924,.T.);
#2922 = VERTEX_POINT('',#2923);
#2923 = CARTESIAN_POINT('',(-0.4,0.4,2.7));
#2924 = LINE('',#2925,#2926);
#2925 = CARTESIAN_POINT('',(6.,0.4,2.7));
#2926 = VECTOR('',#2927,1.);
#2927 = DIRECTION('',(1.,0.,0.));
#2928 = ORIENTED_EDGE('',*,*,#2929,.T.);
#2929 = EDGE_CURVE('',#2922,#2906,#2930,.T.);
#2930 = LINE('',#2931,#2932);
#2931 = CARTESIAN_POINT('',(-0.4,-0.765,2.7));
#2932 = VECTOR('',#2933,1.);
#2933 = DIRECTION('',(0.,-1.,0.));
#2934 = FACE_BOUND('',#2935,.T.);
#2935 = EDGE_LOOP('',(#2936,#2946,#2954,#2962));
#2936 = ORIENTED_EDGE('',*,*,#2937,.F.);
#2937 = EDGE_CURVE('',#2938,#2940,#2942,.T.);
#2938 = VERTEX_POINT('',#2939);
#2939 = CARTESIAN_POINT('',(2.9,-0.4,2.7));
#2940 = VERTEX_POINT('',#2941);
#2941 = CARTESIAN_POINT('',(2.1,-0.4,2.7));
#2942 = LINE('',#2943,#2944);
#2943 = CARTESIAN_POINT('',(7.25,-0.4,2.7));
#2944 = VECTOR('',#2945,1.);
#2945 = DIRECTION('',(-1.,-0.,-0.));
#2946 = ORIENTED_EDGE('',*,*,#2947,.F.);
#2947 = EDGE_CURVE('',#2948,#2938,#2950,.T.);
#2948 = VERTEX_POINT('',#2949);
#2949 = CARTESIAN_POINT('',(2.9,0.4,2.7));
#2950 = LINE('',#2951,#2952);
#2951 = CARTESIAN_POINT('',(2.9,-0.765,2.7));
#2952 = VECTOR('',#2953,1.);
#2953 = DIRECTION('',(0.,-1.,0.));
#2954 = ORIENTED_EDGE('',*,*,#2955,.F.);
#2955 = EDGE_CURVE('',#2956,#2948,#2958,.T.);
#2956 = VERTEX_POINT('',#2957);
#2957 = CARTESIAN_POINT('',(2.1,0.4,2.7));
#2958 = LINE('',#2959,#2960);
#2959 = CARTESIAN_POINT('',(7.25,0.4,2.7));
#2960 = VECTOR('',#2961,1.);
#2961 = DIRECTION('',(1.,0.,0.));
#2962 = ORIENTED_EDGE('',*,*,#2963,.T.);
#2963 = EDGE_CURVE('',#2956,#2940,#2964,.T.);
#2964 = LINE('',#2965,#2966);
#2965 = CARTESIAN_POINT('',(2.1,-0.765,2.7));
#2966 = VECTOR('',#2967,1.);
#2967 = DIRECTION('',(0.,-1.,0.));
#2968 = FACE_BOUND('',#2969,.T.);
#2969 = EDGE_LOOP('',(#2970,#2980,#2988,#2996));
#2970 = ORIENTED_EDGE('',*,*,#2971,.F.);
#2971 = EDGE_CURVE('',#2972,#2974,#2976,.T.);
#2972 = VERTEX_POINT('',#2973);
#2973 = CARTESIAN_POINT('',(5.4,-0.4,2.7));
#2974 = VERTEX_POINT('',#2975);
#2975 = CARTESIAN_POINT('',(4.6,-0.4,2.7));
#2976 = LINE('',#2977,#2978);
#2977 = CARTESIAN_POINT('',(8.5,-0.4,2.7));
#2978 = VECTOR('',#2979,1.);
#2979 = DIRECTION('',(-1.,-0.,-0.));
#2980 = ORIENTED_EDGE('',*,*,#2981,.F.);
#2981 = EDGE_CURVE('',#2982,#2972,#2984,.T.);
#2982 = VERTEX_POINT('',#2983);
#2983 = CARTESIAN_POINT('',(5.4,0.4,2.7));
#2984 = LINE('',#2985,#2986);
#2985 = CARTESIAN_POINT('',(5.4,-0.765,2.7));
#2986 = VECTOR('',#2987,1.);
#2987 = DIRECTION('',(0.,-1.,0.));
#2988 = ORIENTED_EDGE('',*,*,#2989,.F.);
#2989 = EDGE_CURVE('',#2990,#2982,#2992,.T.);
#2990 = VERTEX_POINT('',#2991);
#2991 = CARTESIAN_POINT('',(4.6,0.4,2.7));
#2992 = LINE('',#2993,#2994);
#2993 = CARTESIAN_POINT('',(8.5,0.4,2.7));
#2994 = VECTOR('',#2995,1.);
#2995 = DIRECTION('',(1.,0.,0.));
#2996 = ORIENTED_EDGE('',*,*,#2997,.T.);
#2997 = EDGE_CURVE('',#2990,#2974,#2998,.T.);
#2998 = LINE('',#2999,#3000);
#2999 = CARTESIAN_POINT('',(4.6,-0.765,2.7));
#3000 = VECTOR('',#3001,1.);
#3001 = DIRECTION('',(0.,-1.,0.));
#3002 = FACE_BOUND('',#3003,.T.);
#3003 = EDGE_LOOP('',(#3004,#3014,#3022,#3030));
#3004 = ORIENTED_EDGE('',*,*,#3005,.F.);
#3005 = EDGE_CURVE('',#3006,#3008,#3010,.T.);
#3006 = VERTEX_POINT('',#3007);
#3007 = CARTESIAN_POINT('',(7.9,-0.4,2.7));
#3008 = VERTEX_POINT('',#3009);
#3009 = CARTESIAN_POINT('',(7.1,-0.4,2.7));
#3010 = LINE('',#3011,#3012);
#3011 = CARTESIAN_POINT('',(9.75,-0.4,2.7));
#3012 = VECTOR('',#3013,1.);
#3013 = DIRECTION('',(-1.,-0.,-0.));
#3014 = ORIENTED_EDGE('',*,*,#3015,.F.);
#3015 = EDGE_CURVE('',#3016,#3006,#3018,.T.);
#3016 = VERTEX_POINT('',#3017);
#3017 = CARTESIAN_POINT('',(7.9,0.4,2.7));
#3018 = LINE('',#3019,#3020);
#3019 = CARTESIAN_POINT('',(7.9,-0.765,2.7));
#3020 = VECTOR('',#3021,1.);
#3021 = DIRECTION('',(0.,-1.,0.));
#3022 = ORIENTED_EDGE('',*,*,#3023,.F.);
#3023 = EDGE_CURVE('',#3024,#3016,#3026,.T.);
#3024 = VERTEX_POINT('',#3025);
#3025 = CARTESIAN_POINT('',(7.1,0.4,2.7));
#3026 = LINE('',#3027,#3028);
#3027 = CARTESIAN_POINT('',(9.75,0.4,2.7));
#3028 = VECTOR('',#3029,1.);
#3029 = DIRECTION('',(1.,0.,0.));
#3030 = ORIENTED_EDGE('',*,*,#3031,.T.);
#3031 = EDGE_CURVE('',#3024,#3008,#3032,.T.);
#3032 = LINE('',#3033,#3034);
#3033 = CARTESIAN_POINT('',(7.1,-0.765,2.7));
#3034 = VECTOR('',#3035,1.);
#3035 = DIRECTION('',(0.,-1.,0.));
#3036 = FACE_BOUND('',#3037,.T.);
#3037 = EDGE_LOOP('',(#3038,#3039,#3040,#3041));
#3038 = ORIENTED_EDGE('',*,*,#2747,.F.);
#3039 = ORIENTED_EDGE('',*,*,#2763,.F.);
#3040 = ORIENTED_EDGE('',*,*,#2810,.F.);
#3041 = ORIENTED_EDGE('',*,*,#2787,.T.);
#3042 = PLANE('',#3043);
#3043 = AXIS2_PLACEMENT_3D('',#3044,#3045,#3046);
#3044 = CARTESIAN_POINT('',(11.6,-1.53,2.7));
#3045 = DIRECTION('',(0.,0.,-1.));
#3046 = DIRECTION('',(0.,1.,0.));
#3047 = ADVANCED_FACE('',(#3048),#3061,.F.);
#3048 = FACE_BOUND('',#3049,.F.);
#3049 = EDGE_LOOP('',(#3050,#3051,#3052,#3053,#3059,#3060));
#3050 = ORIENTED_EDGE('',*,*,#2838,.T.);
#3051 = ORIENTED_EDGE('',*,*,#940,.T.);
#3052 = ORIENTED_EDGE('',*,*,#2886,.T.);
#3053 = ORIENTED_EDGE('',*,*,#3054,.T.);
#3054 = EDGE_CURVE('',#2887,#2612,#3055,.T.);
#3055 = LINE('',#3056,#3057);
#3056 = CARTESIAN_POINT('',(-1.6,0.57,2.7));
#3057 = VECTOR('',#3058,1.);
#3058 = DIRECTION('',(0.,0.5,-0.866025403784));
#3059 = ORIENTED_EDGE('',*,*,#2619,.T.);
#3060 = ORIENTED_EDGE('',*,*,#2530,.T.);
#3061 = PLANE('',#3062);
#3062 = AXIS2_PLACEMENT_3D('',#3063,#3064,#3065);
#3063 = CARTESIAN_POINT('',(-1.6,0.580690019138,6.030109938605));
#3064 = DIRECTION('',(1.,0.,0.));
#3065 = DIRECTION('',(0.,0.,1.));
#3066 = ADVANCED_FACE('',(#3067),#3078,.T.);
#3067 = FACE_BOUND('',#3068,.T.);
#3068 = EDGE_LOOP('',(#3069,#3075,#3076,#3077));
#3069 = ORIENTED_EDGE('',*,*,#3070,.T.);
#3070 = EDGE_CURVE('',#902,#1011,#3071,.T.);
#3071 = LINE('',#3072,#3073);
#3072 = CARTESIAN_POINT('',(-0.65,-1.53,5.7));
#3073 = VECTOR('',#3074,1.);
#3074 = DIRECTION('',(0.,-1.,2.22044604925E-16));
#3075 = ORIENTED_EDGE('',*,*,#1010,.T.);
#3076 = ORIENTED_EDGE('',*,*,#1108,.F.);
#3077 = ORIENTED_EDGE('',*,*,#909,.F.);
#3078 = PLANE('',#3079);
#3079 = AXIS2_PLACEMENT_3D('',#3080,#3081,#3082);
#3080 = CARTESIAN_POINT('',(-0.65,-1.53,5.7));
#3081 = DIRECTION('',(0.,2.22044604925E-16,1.));
#3082 = DIRECTION('',(1.,0.,0.));
#3083 = ADVANCED_FACE('',(#3084),#3095,.T.);
#3084 = FACE_BOUND('',#3085,.T.);
#3085 = EDGE_LOOP('',(#3086,#3092,#3093,#3094));
#3086 = ORIENTED_EDGE('',*,*,#3087,.T.);
#3087 = EDGE_CURVE('',#894,#1019,#3088,.T.);
#3088 = LINE('',#3089,#3090);
#3089 = CARTESIAN_POINT('',(-0.65,-1.53,4.9));
#3090 = VECTOR('',#3091,1.);
#3091 = DIRECTION('',(0.,-1.,2.22044604925E-16));
#3092 = ORIENTED_EDGE('',*,*,#1018,.T.);
#3093 = ORIENTED_EDGE('',*,*,#3070,.F.);
#3094 = ORIENTED_EDGE('',*,*,#901,.F.);
#3095 = PLANE('',#3096);
#3096 = AXIS2_PLACEMENT_3D('',#3097,#3098,#3099);
#3097 = CARTESIAN_POINT('',(-0.65,-1.53,4.9));
#3098 = DIRECTION('',(-1.,0.,0.));
#3099 = DIRECTION('',(0.,2.22044604925E-16,1.));
#3100 = ADVANCED_FACE('',(#3101),#3112,.T.);
#3101 = FACE_BOUND('',#3102,.T.);
#3102 = EDGE_LOOP('',(#3103,#3109,#3110,#3111));
#3103 = ORIENTED_EDGE('',*,*,#3104,.T.);
#3104 = EDGE_CURVE('',#886,#1027,#3105,.T.);
#3105 = LINE('',#3106,#3107);
#3106 = CARTESIAN_POINT('',(5.E-02,-1.53,3.7));
#3107 = VECTOR('',#3108,1.);
#3108 = DIRECTION('',(0.,-1.,2.22044604925E-16));
#3109 = ORIENTED_EDGE('',*,*,#1026,.T.);
#3110 = ORIENTED_EDGE('',*,*,#3087,.F.);
#3111 = ORIENTED_EDGE('',*,*,#893,.F.);
#3112 = PLANE('',#3113);
#3113 = AXIS2_PLACEMENT_3D('',#3114,#3115,#3116);
#3114 = CARTESIAN_POINT('',(5.E-02,-1.53,3.7));
#3115 = DIRECTION('',(-0.863778900898,-1.118818427957E-16,
    -0.503871025524));
#3116 = DIRECTION('',(-0.503871025524,1.917974447926E-16,0.863778900898)
  );
#3117 = ADVANCED_FACE('',(#3118),#3129,.T.);
#3118 = FACE_BOUND('',#3119,.T.);
#3119 = EDGE_LOOP('',(#3120,#3126,#3127,#3128));
#3120 = ORIENTED_EDGE('',*,*,#3121,.T.);
#3121 = EDGE_CURVE('',#878,#1035,#3122,.T.);
#3122 = LINE('',#3123,#3124);
#3123 = CARTESIAN_POINT('',(0.65,-1.53,3.7));
#3124 = VECTOR('',#3125,1.);
#3125 = DIRECTION('',(0.,-1.,2.22044604925E-16));
#3126 = ORIENTED_EDGE('',*,*,#1034,.T.);
#3127 = ORIENTED_EDGE('',*,*,#3104,.F.);
#3128 = ORIENTED_EDGE('',*,*,#885,.F.);
#3129 = PLANE('',#3130);
#3130 = AXIS2_PLACEMENT_3D('',#3131,#3132,#3133);
#3131 = CARTESIAN_POINT('',(0.65,-1.53,3.7));
#3132 = DIRECTION('',(-0.,-2.22044604925E-16,-1.));
#3133 = DIRECTION('',(-1.,0.,0.));
#3134 = ADVANCED_FACE('',(#3135),#3146,.T.);
#3135 = FACE_BOUND('',#3136,.T.);
#3136 = EDGE_LOOP('',(#3137,#3143,#3144,#3145));
#3137 = ORIENTED_EDGE('',*,*,#3138,.T.);
#3138 = EDGE_CURVE('',#870,#1043,#3139,.T.);
#3139 = LINE('',#3140,#3141);
#3140 = CARTESIAN_POINT('',(0.65,-1.53,9.));
#3141 = VECTOR('',#3142,1.);
#3142 = DIRECTION('',(0.,-1.,2.22044604925E-16));
#3143 = ORIENTED_EDGE('',*,*,#1042,.T.);
#3144 = ORIENTED_EDGE('',*,*,#3121,.F.);
#3145 = ORIENTED_EDGE('',*,*,#877,.F.);
#3146 = PLANE('',#3147);
#3147 = AXIS2_PLACEMENT_3D('',#3148,#3149,#3150);
#3148 = CARTESIAN_POINT('',(0.65,-1.53,9.));
#3149 = DIRECTION('',(1.,0.,0.));
#3150 = DIRECTION('',(0.,-2.22044604925E-16,-1.));
#3151 = ADVANCED_FACE('',(#3152),#3163,.F.);
#3152 = FACE_BOUND('',#3153,.F.);
#3153 = EDGE_LOOP('',(#3154,#3155,#3156,#3162));
#3154 = ORIENTED_EDGE('',*,*,#3138,.T.);
#3155 = ORIENTED_EDGE('',*,*,#1050,.T.);
#3156 = ORIENTED_EDGE('',*,*,#3157,.F.);
#3157 = EDGE_CURVE('',#862,#1051,#3158,.T.);
#3158 = LINE('',#3159,#3160);
#3159 = CARTESIAN_POINT('',(9.35,-1.53,9.));
#3160 = VECTOR('',#3161,1.);
#3161 = DIRECTION('',(0.,-1.,2.22044604925E-16));
#3162 = ORIENTED_EDGE('',*,*,#869,.F.);
#3163 = PLANE('',#3164);
#3164 = AXIS2_PLACEMENT_3D('',#3165,#3166,#3167);
#3165 = CARTESIAN_POINT('',(0.65,-1.53,9.));
#3166 = DIRECTION('',(0.,2.22044604925E-16,1.));
#3167 = DIRECTION('',(1.,0.,0.));
#3168 = ADVANCED_FACE('',(#3169),#3180,.F.);
#3169 = FACE_BOUND('',#3170,.F.);
#3170 = EDGE_LOOP('',(#3171,#3172,#3173,#3179));
#3171 = ORIENTED_EDGE('',*,*,#3157,.T.);
#3172 = ORIENTED_EDGE('',*,*,#1058,.T.);
#3173 = ORIENTED_EDGE('',*,*,#3174,.F.);
#3174 = EDGE_CURVE('',#854,#1059,#3175,.T.);
#3175 = LINE('',#3176,#3177);
#3176 = CARTESIAN_POINT('',(9.35,-1.53,3.7));
#3177 = VECTOR('',#3178,1.);
#3178 = DIRECTION('',(0.,-1.,2.22044604925E-16));
#3179 = ORIENTED_EDGE('',*,*,#861,.F.);
#3180 = PLANE('',#3181);
#3181 = AXIS2_PLACEMENT_3D('',#3182,#3183,#3184);
#3182 = CARTESIAN_POINT('',(9.35,-1.53,9.));
#3183 = DIRECTION('',(1.,0.,0.));
#3184 = DIRECTION('',(0.,-2.22044604925E-16,-1.));
#3185 = ADVANCED_FACE('',(#3186),#3197,.F.);
#3186 = FACE_BOUND('',#3187,.F.);
#3187 = EDGE_LOOP('',(#3188,#3189,#3190,#3196));
#3188 = ORIENTED_EDGE('',*,*,#3174,.T.);
#3189 = ORIENTED_EDGE('',*,*,#1066,.T.);
#3190 = ORIENTED_EDGE('',*,*,#3191,.F.);
#3191 = EDGE_CURVE('',#846,#1067,#3192,.T.);
#3192 = LINE('',#3193,#3194);
#3193 = CARTESIAN_POINT('',(9.95,-1.53,3.7));
#3194 = VECTOR('',#3195,1.);
#3195 = DIRECTION('',(0.,-1.,2.22044604925E-16));
#3196 = ORIENTED_EDGE('',*,*,#853,.F.);
#3197 = PLANE('',#3198);
#3198 = AXIS2_PLACEMENT_3D('',#3199,#3200,#3201);
#3199 = CARTESIAN_POINT('',(9.35,-1.53,3.7));
#3200 = DIRECTION('',(0.,2.22044604925E-16,1.));
#3201 = DIRECTION('',(1.,0.,0.));
#3202 = ADVANCED_FACE('',(#3203),#3214,.F.);
#3203 = FACE_BOUND('',#3204,.F.);
#3204 = EDGE_LOOP('',(#3205,#3206,#3207,#3213));
#3205 = ORIENTED_EDGE('',*,*,#3191,.T.);
#3206 = ORIENTED_EDGE('',*,*,#1074,.T.);
#3207 = ORIENTED_EDGE('',*,*,#3208,.F.);
#3208 = EDGE_CURVE('',#838,#1075,#3209,.T.);
#3209 = LINE('',#3210,#3211);
#3210 = CARTESIAN_POINT('',(10.65,-1.53,4.9));
#3211 = VECTOR('',#3212,1.);
#3212 = DIRECTION('',(0.,-1.,2.22044604925E-16));
#3213 = ORIENTED_EDGE('',*,*,#845,.F.);
#3214 = PLANE('',#3215);
#3215 = AXIS2_PLACEMENT_3D('',#3216,#3217,#3218);
#3216 = CARTESIAN_POINT('',(9.95,-1.53,3.7));
#3217 = DIRECTION('',(-0.863778900898,1.118818427957E-16,0.503871025524)
  );
#3218 = DIRECTION('',(0.503871025524,1.917974447926E-16,0.863778900898)
  );
#3219 = ADVANCED_FACE('',(#3220),#3231,.F.);
#3220 = FACE_BOUND('',#3221,.F.);
#3221 = EDGE_LOOP('',(#3222,#3223,#3224,#3230));
#3222 = ORIENTED_EDGE('',*,*,#3208,.T.);
#3223 = ORIENTED_EDGE('',*,*,#1082,.T.);
#3224 = ORIENTED_EDGE('',*,*,#3225,.F.);
#3225 = EDGE_CURVE('',#830,#1083,#3226,.T.);
#3226 = LINE('',#3227,#3228);
#3227 = CARTESIAN_POINT('',(10.65,-1.53,5.7));
#3228 = VECTOR('',#3229,1.);
#3229 = DIRECTION('',(0.,-1.,2.22044604925E-16));
#3230 = ORIENTED_EDGE('',*,*,#837,.F.);
#3231 = PLANE('',#3232);
#3232 = AXIS2_PLACEMENT_3D('',#3233,#3234,#3235);
#3233 = CARTESIAN_POINT('',(10.65,-1.53,4.9));
#3234 = DIRECTION('',(-1.,0.,0.));
#3235 = DIRECTION('',(0.,2.22044604925E-16,1.));
#3236 = ADVANCED_FACE('',(#3237),#3243,.F.);
#3237 = FACE_BOUND('',#3238,.F.);
#3238 = EDGE_LOOP('',(#3239,#3240,#3241,#3242));
#3239 = ORIENTED_EDGE('',*,*,#3225,.T.);
#3240 = ORIENTED_EDGE('',*,*,#1090,.T.);
#3241 = ORIENTED_EDGE('',*,*,#987,.F.);
#3242 = ORIENTED_EDGE('',*,*,#829,.F.);
#3243 = PLANE('',#3244);
#3244 = AXIS2_PLACEMENT_3D('',#3245,#3246,#3247);
#3245 = CARTESIAN_POINT('',(10.65,-1.53,5.7));
#3246 = DIRECTION('',(-0.,-2.22044604925E-16,-1.));
#3247 = DIRECTION('',(-1.,0.,0.));
#3248 = ADVANCED_FACE('',(#3249),#3269,.F.);
#3249 = FACE_BOUND('',#3250,.F.);
#3250 = EDGE_LOOP('',(#3251,#3257,#3258,#3264,#3265,#3266,#3267,#3268));
#3251 = ORIENTED_EDGE('',*,*,#3252,.F.);
#3252 = EDGE_CURVE('',#2499,#1377,#3253,.T.);
#3253 = LINE('',#3254,#3255);
#3254 = CARTESIAN_POINT('',(0.6,2.57,5.25));
#3255 = VECTOR('',#3256,1.);
#3256 = DIRECTION('',(0.,-1.,0.));
#3257 = ORIENTED_EDGE('',*,*,#2506,.T.);
#3258 = ORIENTED_EDGE('',*,*,#3259,.T.);
#3259 = EDGE_CURVE('',#2507,#1554,#3260,.T.);
#3260 = LINE('',#3261,#3262);
#3261 = CARTESIAN_POINT('',(-0.6,2.57,5.25));
#3262 = VECTOR('',#3263,1.);
#3263 = DIRECTION('',(0.,-1.,0.));
#3264 = ORIENTED_EDGE('',*,*,#1553,.F.);
#3265 = ORIENTED_EDGE('',*,*,#1535,.T.);
#3266 = ORIENTED_EDGE('',*,*,#1479,.F.);
#3267 = ORIENTED_EDGE('',*,*,#1432,.F.);
#3268 = ORIENTED_EDGE('',*,*,#1384,.F.);
#3269 = PLANE('',#3270);
#3270 = AXIS2_PLACEMENT_3D('',#3271,#3272,#3273);
#3271 = CARTESIAN_POINT('',(0.6,2.57,5.25));
#3272 = DIRECTION('',(0.,0.,1.));
#3273 = DIRECTION('',(0.,-1.,0.));
#3274 = ADVANCED_FACE('',(#3275),#3311,.F.);
#3275 = FACE_BOUND('',#3276,.F.);
#3276 = EDGE_LOOP('',(#3277,#3278,#3279,#3280,#3288,#3296,#3304,#3310));
#3277 = ORIENTED_EDGE('',*,*,#2498,.T.);
#3278 = ORIENTED_EDGE('',*,*,#3252,.T.);
#3279 = ORIENTED_EDGE('',*,*,#1376,.T.);
#3280 = ORIENTED_EDGE('',*,*,#3281,.T.);
#3281 = EDGE_CURVE('',#1369,#3282,#3284,.T.);
#3282 = VERTEX_POINT('',#3283);
#3283 = CARTESIAN_POINT('',(0.6,0.5468198,3.45));
#3284 = LINE('',#3285,#3286);
#3285 = CARTESIAN_POINT('',(0.6,1.52,3.45));
#3286 = VECTOR('',#3287,1.);
#3287 = DIRECTION('',(0.,-1.,0.));
#3288 = ORIENTED_EDGE('',*,*,#3289,.T.);
#3289 = EDGE_CURVE('',#3282,#3290,#3292,.T.);
#3290 = VERTEX_POINT('',#3291);
#3291 = CARTESIAN_POINT('',(0.6,1.044,2.6151));
#3292 = LINE('',#3293,#3294);
#3293 = CARTESIAN_POINT('',(0.6,0.5468198,3.45));
#3294 = VECTOR('',#3295,1.);
#3295 = DIRECTION('',(0.,0.511647917429,-0.859195209828));
#3296 = ORIENTED_EDGE('',*,*,#3297,.T.);
#3297 = EDGE_CURVE('',#3290,#3298,#3300,.T.);
#3298 = VERTEX_POINT('',#3299);
#3299 = CARTESIAN_POINT('',(0.6,1.52,2.6151));
#3300 = LINE('',#3301,#3302);
#3301 = CARTESIAN_POINT('',(0.6,1.044,2.6151));
#3302 = VECTOR('',#3303,1.);
#3303 = DIRECTION('',(0.,1.,0.));
#3304 = ORIENTED_EDGE('',*,*,#3305,.T.);
#3305 = EDGE_CURVE('',#3298,#2635,#3306,.T.);
#3306 = LINE('',#3307,#3308);
#3307 = CARTESIAN_POINT('',(0.6,1.52,2.6151));
#3308 = VECTOR('',#3309,1.);
#3309 = DIRECTION('',(0.,0.,-1.));
#3310 = ORIENTED_EDGE('',*,*,#2642,.T.);
#3311 = PLANE('',#3312);
#3312 = AXIS2_PLACEMENT_3D('',#3313,#3314,#3315);
#3313 = CARTESIAN_POINT('',(0.6,1.834452703854,3.573485056924));
#3314 = DIRECTION('',(1.,0.,0.));
#3315 = DIRECTION('',(0.,0.,1.));
#3316 = ADVANCED_FACE('',(#3317,#3339),#3373,.F.);
#3317 = FACE_BOUND('',#3318,.F.);
#3318 = EDGE_LOOP('',(#3319,#3320,#3321,#3322,#3323,#3331,#3337,#3338));
#3319 = ORIENTED_EDGE('',*,*,#1407,.F.);
#3320 = ORIENTED_EDGE('',*,*,#1464,.T.);
#3321 = ORIENTED_EDGE('',*,*,#1503,.T.);
#3322 = ORIENTED_EDGE('',*,*,#1569,.F.);
#3323 = ORIENTED_EDGE('',*,*,#3324,.T.);
#3324 = EDGE_CURVE('',#1562,#3325,#3327,.T.);
#3325 = VERTEX_POINT('',#3326);
#3326 = CARTESIAN_POINT('',(-0.6,0.5468198,3.45));
#3327 = LINE('',#3328,#3329);
#3328 = CARTESIAN_POINT('',(-0.6,1.52,3.45));
#3329 = VECTOR('',#3330,1.);
#3330 = DIRECTION('',(0.,-1.,0.));
#3331 = ORIENTED_EDGE('',*,*,#3332,.F.);
#3332 = EDGE_CURVE('',#3282,#3325,#3333,.T.);
#3333 = LINE('',#3334,#3335);
#3334 = CARTESIAN_POINT('',(0.6,0.5468198,3.45));
#3335 = VECTOR('',#3336,1.);
#3336 = DIRECTION('',(-1.,-0.,-0.));
#3337 = ORIENTED_EDGE('',*,*,#3281,.F.);
#3338 = ORIENTED_EDGE('',*,*,#1368,.F.);
#3339 = FACE_BOUND('',#3340,.F.);
#3340 = EDGE_LOOP('',(#3341,#3351,#3359,#3367));
#3341 = ORIENTED_EDGE('',*,*,#3342,.F.);
#3342 = EDGE_CURVE('',#3343,#3345,#3347,.T.);
#3343 = VERTEX_POINT('',#3344);
#3344 = CARTESIAN_POINT('',(0.4,-0.4,3.45));
#3345 = VERTEX_POINT('',#3346);
#3346 = CARTESIAN_POINT('',(-0.4,-0.4,3.45));
#3347 = LINE('',#3348,#3349);
#3348 = CARTESIAN_POINT('',(0.4,-0.4,3.45));
#3349 = VECTOR('',#3350,1.);
#3350 = DIRECTION('',(-1.,-0.,-0.));
#3351 = ORIENTED_EDGE('',*,*,#3352,.F.);
#3352 = EDGE_CURVE('',#3353,#3343,#3355,.T.);
#3353 = VERTEX_POINT('',#3354);
#3354 = CARTESIAN_POINT('',(0.4,0.4,3.45));
#3355 = LINE('',#3356,#3357);
#3356 = CARTESIAN_POINT('',(0.4,0.4,3.45));
#3357 = VECTOR('',#3358,1.);
#3358 = DIRECTION('',(0.,-1.,0.));
#3359 = ORIENTED_EDGE('',*,*,#3360,.T.);
#3360 = EDGE_CURVE('',#3353,#3361,#3363,.T.);
#3361 = VERTEX_POINT('',#3362);
#3362 = CARTESIAN_POINT('',(-0.4,0.4,3.45));
#3363 = LINE('',#3364,#3365);
#3364 = CARTESIAN_POINT('',(0.4,0.4,3.45));
#3365 = VECTOR('',#3366,1.);
#3366 = DIRECTION('',(-1.,-0.,-0.));
#3367 = ORIENTED_EDGE('',*,*,#3368,.T.);
#3368 = EDGE_CURVE('',#3361,#3345,#3369,.T.);
#3369 = LINE('',#3370,#3371);
#3370 = CARTESIAN_POINT('',(-0.4,0.4,3.45));
#3371 = VECTOR('',#3372,1.);
#3372 = DIRECTION('',(0.,-1.,0.));
#3373 = PLANE('',#3374);
#3374 = AXIS2_PLACEMENT_3D('',#3375,#3376,#3377);
#3375 = CARTESIAN_POINT('',(1.05,-0.98,3.45));
#3376 = DIRECTION('',(0.,0.,-1.));
#3377 = DIRECTION('',(0.,1.,0.));
#3378 = ADVANCED_FACE('',(#3379),#3408,.T.);
#3379 = FACE_BOUND('',#3380,.T.);
#3380 = EDGE_LOOP('',(#3381,#3382,#3383,#3384,#3385,#3393,#3401,#3407));
#3381 = ORIENTED_EDGE('',*,*,#2514,.T.);
#3382 = ORIENTED_EDGE('',*,*,#3259,.T.);
#3383 = ORIENTED_EDGE('',*,*,#1561,.T.);
#3384 = ORIENTED_EDGE('',*,*,#3324,.T.);
#3385 = ORIENTED_EDGE('',*,*,#3386,.T.);
#3386 = EDGE_CURVE('',#3325,#3387,#3389,.T.);
#3387 = VERTEX_POINT('',#3388);
#3388 = CARTESIAN_POINT('',(-0.6,1.044,2.6151));
#3389 = LINE('',#3390,#3391);
#3390 = CARTESIAN_POINT('',(-0.6,0.5468198,3.45));
#3391 = VECTOR('',#3392,1.);
#3392 = DIRECTION('',(0.,0.511647917429,-0.859195209828));
#3393 = ORIENTED_EDGE('',*,*,#3394,.T.);
#3394 = EDGE_CURVE('',#3387,#3395,#3397,.T.);
#3395 = VERTEX_POINT('',#3396);
#3396 = CARTESIAN_POINT('',(-0.6,1.52,2.6151));
#3397 = LINE('',#3398,#3399);
#3398 = CARTESIAN_POINT('',(-0.6,1.044,2.6151));
#3399 = VECTOR('',#3400,1.);
#3400 = DIRECTION('',(0.,1.,0.));
#3401 = ORIENTED_EDGE('',*,*,#3402,.T.);
#3402 = EDGE_CURVE('',#3395,#2627,#3403,.T.);
#3403 = LINE('',#3404,#3405);
#3404 = CARTESIAN_POINT('',(-0.6,1.52,2.6151));
#3405 = VECTOR('',#3406,1.);
#3406 = DIRECTION('',(0.,0.,-1.));
#3407 = ORIENTED_EDGE('',*,*,#2626,.T.);
#3408 = PLANE('',#3409);
#3409 = AXIS2_PLACEMENT_3D('',#3410,#3411,#3412);
#3410 = CARTESIAN_POINT('',(-0.6,1.834452703854,3.573485056924));
#3411 = DIRECTION('',(1.,0.,0.));
#3412 = DIRECTION('',(0.,0.,1.));
#3413 = ADVANCED_FACE('',(#3414),#3434,.F.);
#3414 = FACE_BOUND('',#3415,.F.);
#3415 = EDGE_LOOP('',(#3416,#3422,#3423,#3429,#3430,#3431,#3432,#3433));
#3416 = ORIENTED_EDGE('',*,*,#3417,.F.);
#3417 = EDGE_CURVE('',#2467,#1601,#3418,.T.);
#3418 = LINE('',#3419,#3420);
#3419 = CARTESIAN_POINT('',(3.1,2.57,5.25));
#3420 = VECTOR('',#3421,1.);
#3421 = DIRECTION('',(0.,-1.,0.));
#3422 = ORIENTED_EDGE('',*,*,#2474,.T.);
#3423 = ORIENTED_EDGE('',*,*,#3424,.T.);
#3424 = EDGE_CURVE('',#2475,#1778,#3425,.T.);
#3425 = LINE('',#3426,#3427);
#3426 = CARTESIAN_POINT('',(1.9,2.57,5.25));
#3427 = VECTOR('',#3428,1.);
#3428 = DIRECTION('',(0.,-1.,0.));
#3429 = ORIENTED_EDGE('',*,*,#1777,.F.);
#3430 = ORIENTED_EDGE('',*,*,#1759,.T.);
#3431 = ORIENTED_EDGE('',*,*,#1703,.F.);
#3432 = ORIENTED_EDGE('',*,*,#1656,.F.);
#3433 = ORIENTED_EDGE('',*,*,#1608,.F.);
#3434 = PLANE('',#3435);
#3435 = AXIS2_PLACEMENT_3D('',#3436,#3437,#3438);
#3436 = CARTESIAN_POINT('',(3.1,2.57,5.25));
#3437 = DIRECTION('',(0.,0.,1.));
#3438 = DIRECTION('',(0.,-1.,0.));
#3439 = ADVANCED_FACE('',(#3440),#3476,.F.);
#3440 = FACE_BOUND('',#3441,.F.);
#3441 = EDGE_LOOP('',(#3442,#3443,#3444,#3445,#3453,#3461,#3469,#3475));
#3442 = ORIENTED_EDGE('',*,*,#2466,.T.);
#3443 = ORIENTED_EDGE('',*,*,#3417,.T.);
#3444 = ORIENTED_EDGE('',*,*,#1600,.T.);
#3445 = ORIENTED_EDGE('',*,*,#3446,.T.);
#3446 = EDGE_CURVE('',#1593,#3447,#3449,.T.);
#3447 = VERTEX_POINT('',#3448);
#3448 = CARTESIAN_POINT('',(3.1,0.5468198,3.45));
#3449 = LINE('',#3450,#3451);
#3450 = CARTESIAN_POINT('',(3.1,1.52,3.45));
#3451 = VECTOR('',#3452,1.);
#3452 = DIRECTION('',(0.,-1.,0.));
#3453 = ORIENTED_EDGE('',*,*,#3454,.T.);
#3454 = EDGE_CURVE('',#3447,#3455,#3457,.T.);
#3455 = VERTEX_POINT('',#3456);
#3456 = CARTESIAN_POINT('',(3.1,1.044,2.6151));
#3457 = LINE('',#3458,#3459);
#3458 = CARTESIAN_POINT('',(3.1,0.5468198,3.45));
#3459 = VECTOR('',#3460,1.);
#3460 = DIRECTION('',(0.,0.511647917429,-0.859195209828));
#3461 = ORIENTED_EDGE('',*,*,#3462,.T.);
#3462 = EDGE_CURVE('',#3455,#3463,#3465,.T.);
#3463 = VERTEX_POINT('',#3464);
#3464 = CARTESIAN_POINT('',(3.1,1.52,2.6151));
#3465 = LINE('',#3466,#3467);
#3466 = CARTESIAN_POINT('',(3.1,1.044,2.6151));
#3467 = VECTOR('',#3468,1.);
#3468 = DIRECTION('',(0.,1.,0.));
#3469 = ORIENTED_EDGE('',*,*,#3470,.T.);
#3470 = EDGE_CURVE('',#3463,#2658,#3471,.T.);
#3471 = LINE('',#3472,#3473);
#3472 = CARTESIAN_POINT('',(3.1,1.52,2.6151));
#3473 = VECTOR('',#3474,1.);
#3474 = DIRECTION('',(0.,0.,-1.));
#3475 = ORIENTED_EDGE('',*,*,#2665,.T.);
#3476 = PLANE('',#3477);
#3477 = AXIS2_PLACEMENT_3D('',#3478,#3479,#3480);
#3478 = CARTESIAN_POINT('',(3.1,1.834452703854,3.573485056924));
#3479 = DIRECTION('',(1.,0.,0.));
#3480 = DIRECTION('',(0.,0.,1.));
#3481 = ADVANCED_FACE('',(#3482,#3504),#3538,.F.);
#3482 = FACE_BOUND('',#3483,.F.);
#3483 = EDGE_LOOP('',(#3484,#3485,#3486,#3487,#3488,#3496,#3502,#3503));
#3484 = ORIENTED_EDGE('',*,*,#1631,.F.);
#3485 = ORIENTED_EDGE('',*,*,#1688,.T.);
#3486 = ORIENTED_EDGE('',*,*,#1727,.T.);
#3487 = ORIENTED_EDGE('',*,*,#1793,.F.);
#3488 = ORIENTED_EDGE('',*,*,#3489,.T.);
#3489 = EDGE_CURVE('',#1786,#3490,#3492,.T.);
#3490 = VERTEX_POINT('',#3491);
#3491 = CARTESIAN_POINT('',(1.9,0.5468198,3.45));
#3492 = LINE('',#3493,#3494);
#3493 = CARTESIAN_POINT('',(1.9,1.52,3.45));
#3494 = VECTOR('',#3495,1.);
#3495 = DIRECTION('',(0.,-1.,0.));
#3496 = ORIENTED_EDGE('',*,*,#3497,.F.);
#3497 = EDGE_CURVE('',#3447,#3490,#3498,.T.);
#3498 = LINE('',#3499,#3500);
#3499 = CARTESIAN_POINT('',(3.1,0.5468198,3.45));
#3500 = VECTOR('',#3501,1.);
#3501 = DIRECTION('',(-1.,-0.,-0.));
#3502 = ORIENTED_EDGE('',*,*,#3446,.F.);
#3503 = ORIENTED_EDGE('',*,*,#1592,.F.);
#3504 = FACE_BOUND('',#3505,.F.);
#3505 = EDGE_LOOP('',(#3506,#3516,#3524,#3532));
#3506 = ORIENTED_EDGE('',*,*,#3507,.F.);
#3507 = EDGE_CURVE('',#3508,#3510,#3512,.T.);
#3508 = VERTEX_POINT('',#3509);
#3509 = CARTESIAN_POINT('',(2.9,-0.4,3.45));
#3510 = VERTEX_POINT('',#3511);
#3511 = CARTESIAN_POINT('',(2.1,-0.4,3.45));
#3512 = LINE('',#3513,#3514);
#3513 = CARTESIAN_POINT('',(2.9,-0.4,3.45));
#3514 = VECTOR('',#3515,1.);
#3515 = DIRECTION('',(-1.,-0.,-0.));
#3516 = ORIENTED_EDGE('',*,*,#3517,.F.);
#3517 = EDGE_CURVE('',#3518,#3508,#3520,.T.);
#3518 = VERTEX_POINT('',#3519);
#3519 = CARTESIAN_POINT('',(2.9,0.4,3.45));
#3520 = LINE('',#3521,#3522);
#3521 = CARTESIAN_POINT('',(2.9,0.4,3.45));
#3522 = VECTOR('',#3523,1.);
#3523 = DIRECTION('',(0.,-1.,0.));
#3524 = ORIENTED_EDGE('',*,*,#3525,.T.);
#3525 = EDGE_CURVE('',#3518,#3526,#3528,.T.);
#3526 = VERTEX_POINT('',#3527);
#3527 = CARTESIAN_POINT('',(2.1,0.4,3.45));
#3528 = LINE('',#3529,#3530);
#3529 = CARTESIAN_POINT('',(2.9,0.4,3.45));
#3530 = VECTOR('',#3531,1.);
#3531 = DIRECTION('',(-1.,-0.,-0.));
#3532 = ORIENTED_EDGE('',*,*,#3533,.T.);
#3533 = EDGE_CURVE('',#3526,#3510,#3534,.T.);
#3534 = LINE('',#3535,#3536);
#3535 = CARTESIAN_POINT('',(2.1,0.4,3.45));
#3536 = VECTOR('',#3537,1.);
#3537 = DIRECTION('',(0.,-1.,0.));
#3538 = PLANE('',#3539);
#3539 = AXIS2_PLACEMENT_3D('',#3540,#3541,#3542);
#3540 = CARTESIAN_POINT('',(3.55,-0.98,3.45));
#3541 = DIRECTION('',(0.,0.,-1.));
#3542 = DIRECTION('',(0.,1.,0.));
#3543 = ADVANCED_FACE('',(#3544),#3573,.T.);
#3544 = FACE_BOUND('',#3545,.T.);
#3545 = EDGE_LOOP('',(#3546,#3547,#3548,#3549,#3550,#3558,#3566,#3572));
#3546 = ORIENTED_EDGE('',*,*,#2482,.T.);
#3547 = ORIENTED_EDGE('',*,*,#3424,.T.);
#3548 = ORIENTED_EDGE('',*,*,#1785,.T.);
#3549 = ORIENTED_EDGE('',*,*,#3489,.T.);
#3550 = ORIENTED_EDGE('',*,*,#3551,.T.);
#3551 = EDGE_CURVE('',#3490,#3552,#3554,.T.);
#3552 = VERTEX_POINT('',#3553);
#3553 = CARTESIAN_POINT('',(1.9,1.044,2.6151));
#3554 = LINE('',#3555,#3556);
#3555 = CARTESIAN_POINT('',(1.9,0.5468198,3.45));
#3556 = VECTOR('',#3557,1.);
#3557 = DIRECTION('',(0.,0.511647917429,-0.859195209828));
#3558 = ORIENTED_EDGE('',*,*,#3559,.T.);
#3559 = EDGE_CURVE('',#3552,#3560,#3562,.T.);
#3560 = VERTEX_POINT('',#3561);
#3561 = CARTESIAN_POINT('',(1.9,1.52,2.6151));
#3562 = LINE('',#3563,#3564);
#3563 = CARTESIAN_POINT('',(1.9,1.044,2.6151));
#3564 = VECTOR('',#3565,1.);
#3565 = DIRECTION('',(0.,1.,0.));
#3566 = ORIENTED_EDGE('',*,*,#3567,.T.);
#3567 = EDGE_CURVE('',#3560,#2650,#3568,.T.);
#3568 = LINE('',#3569,#3570);
#3569 = CARTESIAN_POINT('',(1.9,1.52,2.6151));
#3570 = VECTOR('',#3571,1.);
#3571 = DIRECTION('',(0.,0.,-1.));
#3572 = ORIENTED_EDGE('',*,*,#2649,.T.);
#3573 = PLANE('',#3574);
#3574 = AXIS2_PLACEMENT_3D('',#3575,#3576,#3577);
#3575 = CARTESIAN_POINT('',(1.9,1.834452703854,3.573485056924));
#3576 = DIRECTION('',(1.,0.,0.));
#3577 = DIRECTION('',(0.,0.,1.));
#3578 = ADVANCED_FACE('',(#3579),#3599,.F.);
#3579 = FACE_BOUND('',#3580,.F.);
#3580 = EDGE_LOOP('',(#3581,#3587,#3588,#3594,#3595,#3596,#3597,#3598));
#3581 = ORIENTED_EDGE('',*,*,#3582,.F.);
#3582 = EDGE_CURVE('',#2435,#1825,#3583,.T.);
#3583 = LINE('',#3584,#3585);
#3584 = CARTESIAN_POINT('',(5.6,2.57,5.25));
#3585 = VECTOR('',#3586,1.);
#3586 = DIRECTION('',(0.,-1.,0.));
#3587 = ORIENTED_EDGE('',*,*,#2442,.T.);
#3588 = ORIENTED_EDGE('',*,*,#3589,.T.);
#3589 = EDGE_CURVE('',#2443,#2002,#3590,.T.);
#3590 = LINE('',#3591,#3592);
#3591 = CARTESIAN_POINT('',(4.4,2.57,5.25));
#3592 = VECTOR('',#3593,1.);
#3593 = DIRECTION('',(0.,-1.,0.));
#3594 = ORIENTED_EDGE('',*,*,#2001,.F.);
#3595 = ORIENTED_EDGE('',*,*,#1983,.T.);
#3596 = ORIENTED_EDGE('',*,*,#1927,.F.);
#3597 = ORIENTED_EDGE('',*,*,#1880,.F.);
#3598 = ORIENTED_EDGE('',*,*,#1832,.F.);
#3599 = PLANE('',#3600);
#3600 = AXIS2_PLACEMENT_3D('',#3601,#3602,#3603);
#3601 = CARTESIAN_POINT('',(5.6,2.57,5.25));
#3602 = DIRECTION('',(0.,0.,1.));
#3603 = DIRECTION('',(0.,-1.,0.));
#3604 = ADVANCED_FACE('',(#3605),#3641,.F.);
#3605 = FACE_BOUND('',#3606,.F.);
#3606 = EDGE_LOOP('',(#3607,#3608,#3609,#3610,#3618,#3626,#3634,#3640));
#3607 = ORIENTED_EDGE('',*,*,#2434,.T.);
#3608 = ORIENTED_EDGE('',*,*,#3582,.T.);
#3609 = ORIENTED_EDGE('',*,*,#1824,.T.);
#3610 = ORIENTED_EDGE('',*,*,#3611,.T.);
#3611 = EDGE_CURVE('',#1817,#3612,#3614,.T.);
#3612 = VERTEX_POINT('',#3613);
#3613 = CARTESIAN_POINT('',(5.6,0.5468198,3.45));
#3614 = LINE('',#3615,#3616);
#3615 = CARTESIAN_POINT('',(5.6,1.52,3.45));
#3616 = VECTOR('',#3617,1.);
#3617 = DIRECTION('',(0.,-1.,0.));
#3618 = ORIENTED_EDGE('',*,*,#3619,.T.);
#3619 = EDGE_CURVE('',#3612,#3620,#3622,.T.);
#3620 = VERTEX_POINT('',#3621);
#3621 = CARTESIAN_POINT('',(5.6,1.044,2.6151));
#3622 = LINE('',#3623,#3624);
#3623 = CARTESIAN_POINT('',(5.6,0.5468198,3.45));
#3624 = VECTOR('',#3625,1.);
#3625 = DIRECTION('',(0.,0.511647917429,-0.859195209828));
#3626 = ORIENTED_EDGE('',*,*,#3627,.T.);
#3627 = EDGE_CURVE('',#3620,#3628,#3630,.T.);
#3628 = VERTEX_POINT('',#3629);
#3629 = CARTESIAN_POINT('',(5.6,1.52,2.6151));
#3630 = LINE('',#3631,#3632);
#3631 = CARTESIAN_POINT('',(5.6,1.044,2.6151));
#3632 = VECTOR('',#3633,1.);
#3633 = DIRECTION('',(0.,1.,0.));
#3634 = ORIENTED_EDGE('',*,*,#3635,.T.);
#3635 = EDGE_CURVE('',#3628,#2681,#3636,.T.);
#3636 = LINE('',#3637,#3638);
#3637 = CARTESIAN_POINT('',(5.6,1.52,2.6151));
#3638 = VECTOR('',#3639,1.);
#3639 = DIRECTION('',(0.,0.,-1.));
#3640 = ORIENTED_EDGE('',*,*,#2688,.T.);
#3641 = PLANE('',#3642);
#3642 = AXIS2_PLACEMENT_3D('',#3643,#3644,#3645);
#3643 = CARTESIAN_POINT('',(5.6,1.834452703854,3.573485056924));
#3644 = DIRECTION('',(1.,0.,0.));
#3645 = DIRECTION('',(0.,0.,1.));
#3646 = ADVANCED_FACE('',(#3647,#3669),#3703,.F.);
#3647 = FACE_BOUND('',#3648,.F.);
#3648 = EDGE_LOOP('',(#3649,#3650,#3651,#3652,#3653,#3661,#3667,#3668));
#3649 = ORIENTED_EDGE('',*,*,#1855,.F.);
#3650 = ORIENTED_EDGE('',*,*,#1912,.T.);
#3651 = ORIENTED_EDGE('',*,*,#1951,.T.);
#3652 = ORIENTED_EDGE('',*,*,#2017,.F.);
#3653 = ORIENTED_EDGE('',*,*,#3654,.T.);
#3654 = EDGE_CURVE('',#2010,#3655,#3657,.T.);
#3655 = VERTEX_POINT('',#3656);
#3656 = CARTESIAN_POINT('',(4.4,0.5468198,3.45));
#3657 = LINE('',#3658,#3659);
#3658 = CARTESIAN_POINT('',(4.4,1.52,3.45));
#3659 = VECTOR('',#3660,1.);
#3660 = DIRECTION('',(0.,-1.,0.));
#3661 = ORIENTED_EDGE('',*,*,#3662,.F.);
#3662 = EDGE_CURVE('',#3612,#3655,#3663,.T.);
#3663 = LINE('',#3664,#3665);
#3664 = CARTESIAN_POINT('',(5.6,0.5468198,3.45));
#3665 = VECTOR('',#3666,1.);
#3666 = DIRECTION('',(-1.,-0.,-0.));
#3667 = ORIENTED_EDGE('',*,*,#3611,.F.);
#3668 = ORIENTED_EDGE('',*,*,#1816,.F.);
#3669 = FACE_BOUND('',#3670,.F.);
#3670 = EDGE_LOOP('',(#3671,#3681,#3689,#3697));
#3671 = ORIENTED_EDGE('',*,*,#3672,.F.);
#3672 = EDGE_CURVE('',#3673,#3675,#3677,.T.);
#3673 = VERTEX_POINT('',#3674);
#3674 = CARTESIAN_POINT('',(5.4,-0.4,3.45));
#3675 = VERTEX_POINT('',#3676);
#3676 = CARTESIAN_POINT('',(4.6,-0.4,3.45));
#3677 = LINE('',#3678,#3679);
#3678 = CARTESIAN_POINT('',(5.4,-0.4,3.45));
#3679 = VECTOR('',#3680,1.);
#3680 = DIRECTION('',(-1.,-0.,-0.));
#3681 = ORIENTED_EDGE('',*,*,#3682,.F.);
#3682 = EDGE_CURVE('',#3683,#3673,#3685,.T.);
#3683 = VERTEX_POINT('',#3684);
#3684 = CARTESIAN_POINT('',(5.4,0.4,3.45));
#3685 = LINE('',#3686,#3687);
#3686 = CARTESIAN_POINT('',(5.4,0.4,3.45));
#3687 = VECTOR('',#3688,1.);
#3688 = DIRECTION('',(0.,-1.,0.));
#3689 = ORIENTED_EDGE('',*,*,#3690,.T.);
#3690 = EDGE_CURVE('',#3683,#3691,#3693,.T.);
#3691 = VERTEX_POINT('',#3692);
#3692 = CARTESIAN_POINT('',(4.6,0.4,3.45));
#3693 = LINE('',#3694,#3695);
#3694 = CARTESIAN_POINT('',(5.4,0.4,3.45));
#3695 = VECTOR('',#3696,1.);
#3696 = DIRECTION('',(-1.,-0.,-0.));
#3697 = ORIENTED_EDGE('',*,*,#3698,.T.);
#3698 = EDGE_CURVE('',#3691,#3675,#3699,.T.);
#3699 = LINE('',#3700,#3701);
#3700 = CARTESIAN_POINT('',(4.6,0.4,3.45));
#3701 = VECTOR('',#3702,1.);
#3702 = DIRECTION('',(0.,-1.,0.));
#3703 = PLANE('',#3704);
#3704 = AXIS2_PLACEMENT_3D('',#3705,#3706,#3707);
#3705 = CARTESIAN_POINT('',(6.05,-0.98,3.45));
#3706 = DIRECTION('',(0.,0.,-1.));
#3707 = DIRECTION('',(0.,1.,0.));
#3708 = ADVANCED_FACE('',(#3709),#3738,.T.);
#3709 = FACE_BOUND('',#3710,.T.);
#3710 = EDGE_LOOP('',(#3711,#3712,#3713,#3714,#3715,#3723,#3731,#3737));
#3711 = ORIENTED_EDGE('',*,*,#2450,.T.);
#3712 = ORIENTED_EDGE('',*,*,#3589,.T.);
#3713 = ORIENTED_EDGE('',*,*,#2009,.T.);
#3714 = ORIENTED_EDGE('',*,*,#3654,.T.);
#3715 = ORIENTED_EDGE('',*,*,#3716,.T.);
#3716 = EDGE_CURVE('',#3655,#3717,#3719,.T.);
#3717 = VERTEX_POINT('',#3718);
#3718 = CARTESIAN_POINT('',(4.4,1.044,2.6151));
#3719 = LINE('',#3720,#3721);
#3720 = CARTESIAN_POINT('',(4.4,0.5468198,3.45));
#3721 = VECTOR('',#3722,1.);
#3722 = DIRECTION('',(0.,0.511647917429,-0.859195209828));
#3723 = ORIENTED_EDGE('',*,*,#3724,.T.);
#3724 = EDGE_CURVE('',#3717,#3725,#3727,.T.);
#3725 = VERTEX_POINT('',#3726);
#3726 = CARTESIAN_POINT('',(4.4,1.52,2.6151));
#3727 = LINE('',#3728,#3729);
#3728 = CARTESIAN_POINT('',(4.4,1.044,2.6151));
#3729 = VECTOR('',#3730,1.);
#3730 = DIRECTION('',(0.,1.,0.));
#3731 = ORIENTED_EDGE('',*,*,#3732,.T.);
#3732 = EDGE_CURVE('',#3725,#2673,#3733,.T.);
#3733 = LINE('',#3734,#3735);
#3734 = CARTESIAN_POINT('',(4.4,1.52,2.6151));
#3735 = VECTOR('',#3736,1.);
#3736 = DIRECTION('',(0.,0.,-1.));
#3737 = ORIENTED_EDGE('',*,*,#2672,.T.);
#3738 = PLANE('',#3739);
#3739 = AXIS2_PLACEMENT_3D('',#3740,#3741,#3742);
#3740 = CARTESIAN_POINT('',(4.4,1.834452703854,3.573485056924));
#3741 = DIRECTION('',(1.,0.,0.));
#3742 = DIRECTION('',(0.,0.,1.));
#3743 = ADVANCED_FACE('',(#3744),#3764,.F.);
#3744 = FACE_BOUND('',#3745,.F.);
#3745 = EDGE_LOOP('',(#3746,#3752,#3753,#3759,#3760,#3761,#3762,#3763));
#3746 = ORIENTED_EDGE('',*,*,#3747,.F.);
#3747 = EDGE_CURVE('',#2403,#2049,#3748,.T.);
#3748 = LINE('',#3749,#3750);
#3749 = CARTESIAN_POINT('',(8.1,2.57,5.25));
#3750 = VECTOR('',#3751,1.);
#3751 = DIRECTION('',(0.,-1.,0.));
#3752 = ORIENTED_EDGE('',*,*,#2410,.T.);
#3753 = ORIENTED_EDGE('',*,*,#3754,.T.);
#3754 = EDGE_CURVE('',#2411,#2226,#3755,.T.);
#3755 = LINE('',#3756,#3757);
#3756 = CARTESIAN_POINT('',(6.9,2.57,5.25));
#3757 = VECTOR('',#3758,1.);
#3758 = DIRECTION('',(0.,-1.,0.));
#3759 = ORIENTED_EDGE('',*,*,#2225,.F.);
#3760 = ORIENTED_EDGE('',*,*,#2207,.T.);
#3761 = ORIENTED_EDGE('',*,*,#2151,.F.);
#3762 = ORIENTED_EDGE('',*,*,#2104,.F.);
#3763 = ORIENTED_EDGE('',*,*,#2056,.F.);
#3764 = PLANE('',#3765);
#3765 = AXIS2_PLACEMENT_3D('',#3766,#3767,#3768);
#3766 = CARTESIAN_POINT('',(8.1,2.57,5.25));
#3767 = DIRECTION('',(0.,0.,1.));
#3768 = DIRECTION('',(0.,-1.,0.));
#3769 = ADVANCED_FACE('',(#3770),#3806,.F.);
#3770 = FACE_BOUND('',#3771,.F.);
#3771 = EDGE_LOOP('',(#3772,#3773,#3774,#3775,#3783,#3791,#3799,#3805));
#3772 = ORIENTED_EDGE('',*,*,#2402,.T.);
#3773 = ORIENTED_EDGE('',*,*,#3747,.T.);
#3774 = ORIENTED_EDGE('',*,*,#2048,.T.);
#3775 = ORIENTED_EDGE('',*,*,#3776,.T.);
#3776 = EDGE_CURVE('',#2041,#3777,#3779,.T.);
#3777 = VERTEX_POINT('',#3778);
#3778 = CARTESIAN_POINT('',(8.1,0.5468198,3.45));
#3779 = LINE('',#3780,#3781);
#3780 = CARTESIAN_POINT('',(8.1,1.52,3.45));
#3781 = VECTOR('',#3782,1.);
#3782 = DIRECTION('',(0.,-1.,0.));
#3783 = ORIENTED_EDGE('',*,*,#3784,.T.);
#3784 = EDGE_CURVE('',#3777,#3785,#3787,.T.);
#3785 = VERTEX_POINT('',#3786);
#3786 = CARTESIAN_POINT('',(8.1,1.044,2.6151));
#3787 = LINE('',#3788,#3789);
#3788 = CARTESIAN_POINT('',(8.1,0.5468198,3.45));
#3789 = VECTOR('',#3790,1.);
#3790 = DIRECTION('',(0.,0.511647917429,-0.859195209828));
#3791 = ORIENTED_EDGE('',*,*,#3792,.T.);
#3792 = EDGE_CURVE('',#3785,#3793,#3795,.T.);
#3793 = VERTEX_POINT('',#3794);
#3794 = CARTESIAN_POINT('',(8.1,1.52,2.6151));
#3795 = LINE('',#3796,#3797);
#3796 = CARTESIAN_POINT('',(8.1,1.044,2.6151));
#3797 = VECTOR('',#3798,1.);
#3798 = DIRECTION('',(0.,1.,0.));
#3799 = ORIENTED_EDGE('',*,*,#3800,.T.);
#3800 = EDGE_CURVE('',#3793,#2704,#3801,.T.);
#3801 = LINE('',#3802,#3803);
#3802 = CARTESIAN_POINT('',(8.1,1.52,2.6151));
#3803 = VECTOR('',#3804,1.);
#3804 = DIRECTION('',(0.,0.,-1.));
#3805 = ORIENTED_EDGE('',*,*,#2711,.T.);
#3806 = PLANE('',#3807);
#3807 = AXIS2_PLACEMENT_3D('',#3808,#3809,#3810);
#3808 = CARTESIAN_POINT('',(8.1,1.834452703854,3.573485056924));
#3809 = DIRECTION('',(1.,0.,0.));
#3810 = DIRECTION('',(0.,0.,1.));
#3811 = ADVANCED_FACE('',(#3812,#3834),#3868,.F.);
#3812 = FACE_BOUND('',#3813,.F.);
#3813 = EDGE_LOOP('',(#3814,#3815,#3816,#3817,#3818,#3826,#3832,#3833));
#3814 = ORIENTED_EDGE('',*,*,#2079,.F.);
#3815 = ORIENTED_EDGE('',*,*,#2136,.T.);
#3816 = ORIENTED_EDGE('',*,*,#2175,.T.);
#3817 = ORIENTED_EDGE('',*,*,#2241,.F.);
#3818 = ORIENTED_EDGE('',*,*,#3819,.T.);
#3819 = EDGE_CURVE('',#2234,#3820,#3822,.T.);
#3820 = VERTEX_POINT('',#3821);
#3821 = CARTESIAN_POINT('',(6.9,0.5468198,3.45));
#3822 = LINE('',#3823,#3824);
#3823 = CARTESIAN_POINT('',(6.9,1.52,3.45));
#3824 = VECTOR('',#3825,1.);
#3825 = DIRECTION('',(0.,-1.,0.));
#3826 = ORIENTED_EDGE('',*,*,#3827,.F.);
#3827 = EDGE_CURVE('',#3777,#3820,#3828,.T.);
#3828 = LINE('',#3829,#3830);
#3829 = CARTESIAN_POINT('',(8.1,0.5468198,3.45));
#3830 = VECTOR('',#3831,1.);
#3831 = DIRECTION('',(-1.,-0.,-0.));
#3832 = ORIENTED_EDGE('',*,*,#3776,.F.);
#3833 = ORIENTED_EDGE('',*,*,#2040,.F.);
#3834 = FACE_BOUND('',#3835,.F.);
#3835 = EDGE_LOOP('',(#3836,#3846,#3854,#3862));
#3836 = ORIENTED_EDGE('',*,*,#3837,.F.);
#3837 = EDGE_CURVE('',#3838,#3840,#3842,.T.);
#3838 = VERTEX_POINT('',#3839);
#3839 = CARTESIAN_POINT('',(7.9,-0.4,3.45));
#3840 = VERTEX_POINT('',#3841);
#3841 = CARTESIAN_POINT('',(7.1,-0.4,3.45));
#3842 = LINE('',#3843,#3844);
#3843 = CARTESIAN_POINT('',(7.9,-0.4,3.45));
#3844 = VECTOR('',#3845,1.);
#3845 = DIRECTION('',(-1.,-0.,-0.));
#3846 = ORIENTED_EDGE('',*,*,#3847,.F.);
#3847 = EDGE_CURVE('',#3848,#3838,#3850,.T.);
#3848 = VERTEX_POINT('',#3849);
#3849 = CARTESIAN_POINT('',(7.9,0.4,3.45));
#3850 = LINE('',#3851,#3852);
#3851 = CARTESIAN_POINT('',(7.9,0.4,3.45));
#3852 = VECTOR('',#3853,1.);
#3853 = DIRECTION('',(0.,-1.,0.));
#3854 = ORIENTED_EDGE('',*,*,#3855,.T.);
#3855 = EDGE_CURVE('',#3848,#3856,#3858,.T.);
#3856 = VERTEX_POINT('',#3857);
#3857 = CARTESIAN_POINT('',(7.1,0.4,3.45));
#3858 = LINE('',#3859,#3860);
#3859 = CARTESIAN_POINT('',(7.9,0.4,3.45));
#3860 = VECTOR('',#3861,1.);
#3861 = DIRECTION('',(-1.,-0.,-0.));
#3862 = ORIENTED_EDGE('',*,*,#3863,.T.);
#3863 = EDGE_CURVE('',#3856,#3840,#3864,.T.);
#3864 = LINE('',#3865,#3866);
#3865 = CARTESIAN_POINT('',(7.1,0.4,3.45));
#3866 = VECTOR('',#3867,1.);
#3867 = DIRECTION('',(0.,-1.,0.));
#3868 = PLANE('',#3869);
#3869 = AXIS2_PLACEMENT_3D('',#3870,#3871,#3872);
#3870 = CARTESIAN_POINT('',(8.55,-0.98,3.45));
#3871 = DIRECTION('',(0.,0.,-1.));
#3872 = DIRECTION('',(0.,1.,0.));
#3873 = ADVANCED_FACE('',(#3874),#3903,.T.);
#3874 = FACE_BOUND('',#3875,.T.);
#3875 = EDGE_LOOP('',(#3876,#3877,#3878,#3879,#3880,#3888,#3896,#3902));
#3876 = ORIENTED_EDGE('',*,*,#2418,.T.);
#3877 = ORIENTED_EDGE('',*,*,#3754,.T.);
#3878 = ORIENTED_EDGE('',*,*,#2233,.T.);
#3879 = ORIENTED_EDGE('',*,*,#3819,.T.);
#3880 = ORIENTED_EDGE('',*,*,#3881,.T.);
#3881 = EDGE_CURVE('',#3820,#3882,#3884,.T.);
#3882 = VERTEX_POINT('',#3883);
#3883 = CARTESIAN_POINT('',(6.9,1.044,2.6151));
#3884 = LINE('',#3885,#3886);
#3885 = CARTESIAN_POINT('',(6.9,0.5468198,3.45));
#3886 = VECTOR('',#3887,1.);
#3887 = DIRECTION('',(0.,0.511647917429,-0.859195209828));
#3888 = ORIENTED_EDGE('',*,*,#3889,.T.);
#3889 = EDGE_CURVE('',#3882,#3890,#3892,.T.);
#3890 = VERTEX_POINT('',#3891);
#3891 = CARTESIAN_POINT('',(6.9,1.52,2.6151));
#3892 = LINE('',#3893,#3894);
#3893 = CARTESIAN_POINT('',(6.9,1.044,2.6151));
#3894 = VECTOR('',#3895,1.);
#3895 = DIRECTION('',(0.,1.,0.));
#3896 = ORIENTED_EDGE('',*,*,#3897,.T.);
#3897 = EDGE_CURVE('',#3890,#2696,#3898,.T.);
#3898 = LINE('',#3899,#3900);
#3899 = CARTESIAN_POINT('',(6.9,1.52,2.6151));
#3900 = VECTOR('',#3901,1.);
#3901 = DIRECTION('',(0.,0.,-1.));
#3902 = ORIENTED_EDGE('',*,*,#2695,.T.);
#3903 = PLANE('',#3904);
#3904 = AXIS2_PLACEMENT_3D('',#3905,#3906,#3907);
#3905 = CARTESIAN_POINT('',(6.9,1.834452703854,3.573485056924));
#3906 = DIRECTION('',(1.,0.,0.));
#3907 = DIRECTION('',(0.,0.,1.));
#3908 = ADVANCED_FACE('',(#3909),#3920,.F.);
#3909 = FACE_BOUND('',#3910,.F.);
#3910 = EDGE_LOOP('',(#3911,#3917,#3918,#3919));
#3911 = ORIENTED_EDGE('',*,*,#3912,.T.);
#3912 = EDGE_CURVE('',#3793,#3890,#3913,.T.);
#3913 = LINE('',#3914,#3915);
#3914 = CARTESIAN_POINT('',(8.1,1.52,2.6151));
#3915 = VECTOR('',#3916,1.);
#3916 = DIRECTION('',(-1.,-0.,-0.));
#3917 = ORIENTED_EDGE('',*,*,#3897,.T.);
#3918 = ORIENTED_EDGE('',*,*,#2703,.F.);
#3919 = ORIENTED_EDGE('',*,*,#3800,.F.);
#3920 = PLANE('',#3921);
#3921 = AXIS2_PLACEMENT_3D('',#3922,#3923,#3924);
#3922 = CARTESIAN_POINT('',(8.1,1.52,2.6151));
#3923 = DIRECTION('',(0.,-1.,0.));
#3924 = DIRECTION('',(0.,0.,-1.));
#3925 = ADVANCED_FACE('',(#3926),#3937,.F.);
#3926 = FACE_BOUND('',#3927,.F.);
#3927 = EDGE_LOOP('',(#3928,#3934,#3935,#3936));
#3928 = ORIENTED_EDGE('',*,*,#3929,.T.);
#3929 = EDGE_CURVE('',#3628,#3725,#3930,.T.);
#3930 = LINE('',#3931,#3932);
#3931 = CARTESIAN_POINT('',(5.6,1.52,2.6151));
#3932 = VECTOR('',#3933,1.);
#3933 = DIRECTION('',(-1.,-0.,-0.));
#3934 = ORIENTED_EDGE('',*,*,#3732,.T.);
#3935 = ORIENTED_EDGE('',*,*,#2680,.F.);
#3936 = ORIENTED_EDGE('',*,*,#3635,.F.);
#3937 = PLANE('',#3938);
#3938 = AXIS2_PLACEMENT_3D('',#3939,#3940,#3941);
#3939 = CARTESIAN_POINT('',(5.6,1.52,2.6151));
#3940 = DIRECTION('',(0.,-1.,0.));
#3941 = DIRECTION('',(0.,0.,-1.));
#3942 = ADVANCED_FACE('',(#3943),#3954,.F.);
#3943 = FACE_BOUND('',#3944,.F.);
#3944 = EDGE_LOOP('',(#3945,#3951,#3952,#3953));
#3945 = ORIENTED_EDGE('',*,*,#3946,.T.);
#3946 = EDGE_CURVE('',#3463,#3560,#3947,.T.);
#3947 = LINE('',#3948,#3949);
#3948 = CARTESIAN_POINT('',(3.1,1.52,2.6151));
#3949 = VECTOR('',#3950,1.);
#3950 = DIRECTION('',(-1.,-0.,-0.));
#3951 = ORIENTED_EDGE('',*,*,#3567,.T.);
#3952 = ORIENTED_EDGE('',*,*,#2657,.F.);
#3953 = ORIENTED_EDGE('',*,*,#3470,.F.);
#3954 = PLANE('',#3955);
#3955 = AXIS2_PLACEMENT_3D('',#3956,#3957,#3958);
#3956 = CARTESIAN_POINT('',(3.1,1.52,2.6151));
#3957 = DIRECTION('',(0.,-1.,0.));
#3958 = DIRECTION('',(0.,0.,-1.));
#3959 = ADVANCED_FACE('',(#3960),#3971,.F.);
#3960 = FACE_BOUND('',#3961,.F.);
#3961 = EDGE_LOOP('',(#3962,#3968,#3969,#3970));
#3962 = ORIENTED_EDGE('',*,*,#3963,.T.);
#3963 = EDGE_CURVE('',#3298,#3395,#3964,.T.);
#3964 = LINE('',#3965,#3966);
#3965 = CARTESIAN_POINT('',(0.6,1.52,2.6151));
#3966 = VECTOR('',#3967,1.);
#3967 = DIRECTION('',(-1.,-0.,-0.));
#3968 = ORIENTED_EDGE('',*,*,#3402,.T.);
#3969 = ORIENTED_EDGE('',*,*,#2634,.F.);
#3970 = ORIENTED_EDGE('',*,*,#3305,.F.);
#3971 = PLANE('',#3972);
#3972 = AXIS2_PLACEMENT_3D('',#3973,#3974,#3975);
#3973 = CARTESIAN_POINT('',(0.6,1.52,2.6151));
#3974 = DIRECTION('',(0.,-1.,0.));
#3975 = DIRECTION('',(0.,0.,-1.));
#3976 = ADVANCED_FACE('',(#3977),#3983,.T.);
#3977 = FACE_BOUND('',#3978,.T.);
#3978 = EDGE_LOOP('',(#3979,#3980,#3981,#3982));
#3979 = ORIENTED_EDGE('',*,*,#2894,.T.);
#3980 = ORIENTED_EDGE('',*,*,#3054,.T.);
#3981 = ORIENTED_EDGE('',*,*,#2611,.F.);
#3982 = ORIENTED_EDGE('',*,*,#2869,.F.);
#3983 = PLANE('',#3984);
#3984 = AXIS2_PLACEMENT_3D('',#3985,#3986,#3987);
#3985 = CARTESIAN_POINT('',(11.6,0.57,2.7));
#3986 = DIRECTION('',(0.,-0.866025403784,-0.5));
#3987 = DIRECTION('',(0.,0.5,-0.866025403784));
#3988 = ADVANCED_FACE('',(#3989),#4005,.F.);
#3989 = FACE_BOUND('',#3990,.F.);
#3990 = EDGE_LOOP('',(#3991,#3997,#3998,#4004));
#3991 = ORIENTED_EDGE('',*,*,#3992,.F.);
#3992 = EDGE_CURVE('',#3343,#2904,#3993,.T.);
#3993 = LINE('',#3994,#3995);
#3994 = CARTESIAN_POINT('',(0.4,-0.4,3.45));
#3995 = VECTOR('',#3996,1.);
#3996 = DIRECTION('',(0.,0.,-1.));
#3997 = ORIENTED_EDGE('',*,*,#3342,.T.);
#3998 = ORIENTED_EDGE('',*,*,#3999,.T.);
#3999 = EDGE_CURVE('',#3345,#2906,#4000,.T.);
#4000 = LINE('',#4001,#4002);
#4001 = CARTESIAN_POINT('',(-0.4,-0.4,3.45));
#4002 = VECTOR('',#4003,1.);
#4003 = DIRECTION('',(0.,0.,-1.));
#4004 = ORIENTED_EDGE('',*,*,#2903,.F.);
#4005 = PLANE('',#4006);
#4006 = AXIS2_PLACEMENT_3D('',#4007,#4008,#4009);
#4007 = CARTESIAN_POINT('',(0.4,-0.4,3.45));
#4008 = DIRECTION('',(0.,-1.,0.));
#4009 = DIRECTION('',(0.,0.,-1.));
#4010 = ADVANCED_FACE('',(#4011),#4022,.F.);
#4011 = FACE_BOUND('',#4012,.F.);
#4012 = EDGE_LOOP('',(#4013,#4014,#4015,#4016));
#4013 = ORIENTED_EDGE('',*,*,#3352,.T.);
#4014 = ORIENTED_EDGE('',*,*,#3992,.T.);
#4015 = ORIENTED_EDGE('',*,*,#2913,.F.);
#4016 = ORIENTED_EDGE('',*,*,#4017,.T.);
#4017 = EDGE_CURVE('',#2914,#3353,#4018,.T.);
#4018 = LINE('',#4019,#4020);
#4019 = CARTESIAN_POINT('',(0.4,0.4,2.45));
#4020 = VECTOR('',#4021,1.);
#4021 = DIRECTION('',(0.,0.,1.));
#4022 = PLANE('',#4023);
#4023 = AXIS2_PLACEMENT_3D('',#4024,#4025,#4026);
#4024 = CARTESIAN_POINT('',(0.4,0.,2.95));
#4025 = DIRECTION('',(1.,0.,0.));
#4026 = DIRECTION('',(0.,0.,1.));
#4027 = ADVANCED_FACE('',(#4028),#4039,.T.);
#4028 = FACE_BOUND('',#4029,.T.);
#4029 = EDGE_LOOP('',(#4030,#4031,#4032,#4033));
#4030 = ORIENTED_EDGE('',*,*,#3368,.T.);
#4031 = ORIENTED_EDGE('',*,*,#3999,.T.);
#4032 = ORIENTED_EDGE('',*,*,#2929,.F.);
#4033 = ORIENTED_EDGE('',*,*,#4034,.T.);
#4034 = EDGE_CURVE('',#2922,#3361,#4035,.T.);
#4035 = LINE('',#4036,#4037);
#4036 = CARTESIAN_POINT('',(-0.4,0.4,2.45));
#4037 = VECTOR('',#4038,1.);
#4038 = DIRECTION('',(0.,0.,1.));
#4039 = PLANE('',#4040);
#4040 = AXIS2_PLACEMENT_3D('',#4041,#4042,#4043);
#4041 = CARTESIAN_POINT('',(-0.4,0.,2.95));
#4042 = DIRECTION('',(1.,0.,0.));
#4043 = DIRECTION('',(0.,0.,1.));
#4044 = ADVANCED_FACE('',(#4045),#4051,.F.);
#4045 = FACE_BOUND('',#4046,.F.);
#4046 = EDGE_LOOP('',(#4047,#4048,#4049,#4050));
#4047 = ORIENTED_EDGE('',*,*,#4017,.F.);
#4048 = ORIENTED_EDGE('',*,*,#2921,.F.);
#4049 = ORIENTED_EDGE('',*,*,#4034,.T.);
#4050 = ORIENTED_EDGE('',*,*,#3360,.F.);
#4051 = PLANE('',#4052);
#4052 = AXIS2_PLACEMENT_3D('',#4053,#4054,#4055);
#4053 = CARTESIAN_POINT('',(0.4,0.4,2.45));
#4054 = DIRECTION('',(0.,1.,0.));
#4055 = DIRECTION('',(0.,0.,1.));
#4056 = ADVANCED_FACE('',(#4057),#4073,.F.);
#4057 = FACE_BOUND('',#4058,.F.);
#4058 = EDGE_LOOP('',(#4059,#4065,#4066,#4072));
#4059 = ORIENTED_EDGE('',*,*,#4060,.F.);
#4060 = EDGE_CURVE('',#3508,#2938,#4061,.T.);
#4061 = LINE('',#4062,#4063);
#4062 = CARTESIAN_POINT('',(2.9,-0.4,3.45));
#4063 = VECTOR('',#4064,1.);
#4064 = DIRECTION('',(0.,0.,-1.));
#4065 = ORIENTED_EDGE('',*,*,#3507,.T.);
#4066 = ORIENTED_EDGE('',*,*,#4067,.T.);
#4067 = EDGE_CURVE('',#3510,#2940,#4068,.T.);
#4068 = LINE('',#4069,#4070);
#4069 = CARTESIAN_POINT('',(2.1,-0.4,3.45));
#4070 = VECTOR('',#4071,1.);
#4071 = DIRECTION('',(0.,0.,-1.));
#4072 = ORIENTED_EDGE('',*,*,#2937,.F.);
#4073 = PLANE('',#4074);
#4074 = AXIS2_PLACEMENT_3D('',#4075,#4076,#4077);
#4075 = CARTESIAN_POINT('',(2.9,-0.4,3.45));
#4076 = DIRECTION('',(0.,-1.,0.));
#4077 = DIRECTION('',(0.,0.,-1.));
#4078 = ADVANCED_FACE('',(#4079),#4090,.T.);
#4079 = FACE_BOUND('',#4080,.T.);
#4080 = EDGE_LOOP('',(#4081,#4082,#4083,#4084));
#4081 = ORIENTED_EDGE('',*,*,#3533,.T.);
#4082 = ORIENTED_EDGE('',*,*,#4067,.T.);
#4083 = ORIENTED_EDGE('',*,*,#2963,.F.);
#4084 = ORIENTED_EDGE('',*,*,#4085,.T.);
#4085 = EDGE_CURVE('',#2956,#3526,#4086,.T.);
#4086 = LINE('',#4087,#4088);
#4087 = CARTESIAN_POINT('',(2.1,0.4,2.45));
#4088 = VECTOR('',#4089,1.);
#4089 = DIRECTION('',(0.,0.,1.));
#4090 = PLANE('',#4091);
#4091 = AXIS2_PLACEMENT_3D('',#4092,#4093,#4094);
#4092 = CARTESIAN_POINT('',(2.1,0.,2.95));
#4093 = DIRECTION('',(1.,0.,0.));
#4094 = DIRECTION('',(0.,0.,1.));
#4095 = ADVANCED_FACE('',(#4096),#4107,.F.);
#4096 = FACE_BOUND('',#4097,.F.);
#4097 = EDGE_LOOP('',(#4098,#4104,#4105,#4106));
#4098 = ORIENTED_EDGE('',*,*,#4099,.F.);
#4099 = EDGE_CURVE('',#2948,#3518,#4100,.T.);
#4100 = LINE('',#4101,#4102);
#4101 = CARTESIAN_POINT('',(2.9,0.4,2.45));
#4102 = VECTOR('',#4103,1.);
#4103 = DIRECTION('',(0.,0.,1.));
#4104 = ORIENTED_EDGE('',*,*,#2955,.F.);
#4105 = ORIENTED_EDGE('',*,*,#4085,.T.);
#4106 = ORIENTED_EDGE('',*,*,#3525,.F.);
#4107 = PLANE('',#4108);
#4108 = AXIS2_PLACEMENT_3D('',#4109,#4110,#4111);
#4109 = CARTESIAN_POINT('',(2.9,0.4,2.45));
#4110 = DIRECTION('',(0.,1.,0.));
#4111 = DIRECTION('',(0.,0.,1.));
#4112 = ADVANCED_FACE('',(#4113),#4119,.F.);
#4113 = FACE_BOUND('',#4114,.F.);
#4114 = EDGE_LOOP('',(#4115,#4116,#4117,#4118));
#4115 = ORIENTED_EDGE('',*,*,#3517,.T.);
#4116 = ORIENTED_EDGE('',*,*,#4060,.T.);
#4117 = ORIENTED_EDGE('',*,*,#2947,.F.);
#4118 = ORIENTED_EDGE('',*,*,#4099,.T.);
#4119 = PLANE('',#4120);
#4120 = AXIS2_PLACEMENT_3D('',#4121,#4122,#4123);
#4121 = CARTESIAN_POINT('',(2.9,0.,2.95));
#4122 = DIRECTION('',(1.,0.,0.));
#4123 = DIRECTION('',(0.,0.,1.));
#4124 = ADVANCED_FACE('',(#4125),#4141,.F.);
#4125 = FACE_BOUND('',#4126,.F.);
#4126 = EDGE_LOOP('',(#4127,#4133,#4134,#4140));
#4127 = ORIENTED_EDGE('',*,*,#4128,.F.);
#4128 = EDGE_CURVE('',#3673,#2972,#4129,.T.);
#4129 = LINE('',#4130,#4131);
#4130 = CARTESIAN_POINT('',(5.4,-0.4,3.45));
#4131 = VECTOR('',#4132,1.);
#4132 = DIRECTION('',(0.,0.,-1.));
#4133 = ORIENTED_EDGE('',*,*,#3672,.T.);
#4134 = ORIENTED_EDGE('',*,*,#4135,.T.);
#4135 = EDGE_CURVE('',#3675,#2974,#4136,.T.);
#4136 = LINE('',#4137,#4138);
#4137 = CARTESIAN_POINT('',(4.6,-0.4,3.45));
#4138 = VECTOR('',#4139,1.);
#4139 = DIRECTION('',(0.,0.,-1.));
#4140 = ORIENTED_EDGE('',*,*,#2971,.F.);
#4141 = PLANE('',#4142);
#4142 = AXIS2_PLACEMENT_3D('',#4143,#4144,#4145);
#4143 = CARTESIAN_POINT('',(5.4,-0.4,3.45));
#4144 = DIRECTION('',(0.,-1.,0.));
#4145 = DIRECTION('',(0.,0.,-1.));
#4146 = ADVANCED_FACE('',(#4147),#4158,.T.);
#4147 = FACE_BOUND('',#4148,.T.);
#4148 = EDGE_LOOP('',(#4149,#4150,#4151,#4152));
#4149 = ORIENTED_EDGE('',*,*,#3698,.T.);
#4150 = ORIENTED_EDGE('',*,*,#4135,.T.);
#4151 = ORIENTED_EDGE('',*,*,#2997,.F.);
#4152 = ORIENTED_EDGE('',*,*,#4153,.T.);
#4153 = EDGE_CURVE('',#2990,#3691,#4154,.T.);
#4154 = LINE('',#4155,#4156);
#4155 = CARTESIAN_POINT('',(4.6,0.4,2.45));
#4156 = VECTOR('',#4157,1.);
#4157 = DIRECTION('',(0.,0.,1.));
#4158 = PLANE('',#4159);
#4159 = AXIS2_PLACEMENT_3D('',#4160,#4161,#4162);
#4160 = CARTESIAN_POINT('',(4.6,0.,2.95));
#4161 = DIRECTION('',(1.,0.,0.));
#4162 = DIRECTION('',(0.,0.,1.));
#4163 = ADVANCED_FACE('',(#4164),#4175,.F.);
#4164 = FACE_BOUND('',#4165,.F.);
#4165 = EDGE_LOOP('',(#4166,#4172,#4173,#4174));
#4166 = ORIENTED_EDGE('',*,*,#4167,.F.);
#4167 = EDGE_CURVE('',#2982,#3683,#4168,.T.);
#4168 = LINE('',#4169,#4170);
#4169 = CARTESIAN_POINT('',(5.4,0.4,2.45));
#4170 = VECTOR('',#4171,1.);
#4171 = DIRECTION('',(0.,0.,1.));
#4172 = ORIENTED_EDGE('',*,*,#2989,.F.);
#4173 = ORIENTED_EDGE('',*,*,#4153,.T.);
#4174 = ORIENTED_EDGE('',*,*,#3690,.F.);
#4175 = PLANE('',#4176);
#4176 = AXIS2_PLACEMENT_3D('',#4177,#4178,#4179);
#4177 = CARTESIAN_POINT('',(5.4,0.4,2.45));
#4178 = DIRECTION('',(0.,1.,0.));
#4179 = DIRECTION('',(0.,0.,1.));
#4180 = ADVANCED_FACE('',(#4181),#4187,.F.);
#4181 = FACE_BOUND('',#4182,.F.);
#4182 = EDGE_LOOP('',(#4183,#4184,#4185,#4186));
#4183 = ORIENTED_EDGE('',*,*,#3682,.T.);
#4184 = ORIENTED_EDGE('',*,*,#4128,.T.);
#4185 = ORIENTED_EDGE('',*,*,#2981,.F.);
#4186 = ORIENTED_EDGE('',*,*,#4167,.T.);
#4187 = PLANE('',#4188);
#4188 = AXIS2_PLACEMENT_3D('',#4189,#4190,#4191);
#4189 = CARTESIAN_POINT('',(5.4,0.,2.95));
#4190 = DIRECTION('',(1.,0.,0.));
#4191 = DIRECTION('',(0.,0.,1.));
#4192 = ADVANCED_FACE('',(#4193),#4209,.F.);
#4193 = FACE_BOUND('',#4194,.F.);
#4194 = EDGE_LOOP('',(#4195,#4201,#4202,#4208));
#4195 = ORIENTED_EDGE('',*,*,#4196,.F.);
#4196 = EDGE_CURVE('',#3838,#3006,#4197,.T.);
#4197 = LINE('',#4198,#4199);
#4198 = CARTESIAN_POINT('',(7.9,-0.4,3.45));
#4199 = VECTOR('',#4200,1.);
#4200 = DIRECTION('',(0.,0.,-1.));
#4201 = ORIENTED_EDGE('',*,*,#3837,.T.);
#4202 = ORIENTED_EDGE('',*,*,#4203,.T.);
#4203 = EDGE_CURVE('',#3840,#3008,#4204,.T.);
#4204 = LINE('',#4205,#4206);
#4205 = CARTESIAN_POINT('',(7.1,-0.4,3.45));
#4206 = VECTOR('',#4207,1.);
#4207 = DIRECTION('',(0.,0.,-1.));
#4208 = ORIENTED_EDGE('',*,*,#3005,.F.);
#4209 = PLANE('',#4210);
#4210 = AXIS2_PLACEMENT_3D('',#4211,#4212,#4213);
#4211 = CARTESIAN_POINT('',(7.9,-0.4,3.45));
#4212 = DIRECTION('',(0.,-1.,0.));
#4213 = DIRECTION('',(0.,0.,-1.));
#4214 = ADVANCED_FACE('',(#4215),#4226,.T.);
#4215 = FACE_BOUND('',#4216,.T.);
#4216 = EDGE_LOOP('',(#4217,#4218,#4219,#4220));
#4217 = ORIENTED_EDGE('',*,*,#3863,.T.);
#4218 = ORIENTED_EDGE('',*,*,#4203,.T.);
#4219 = ORIENTED_EDGE('',*,*,#3031,.F.);
#4220 = ORIENTED_EDGE('',*,*,#4221,.T.);
#4221 = EDGE_CURVE('',#3024,#3856,#4222,.T.);
#4222 = LINE('',#4223,#4224);
#4223 = CARTESIAN_POINT('',(7.1,0.4,2.45));
#4224 = VECTOR('',#4225,1.);
#4225 = DIRECTION('',(0.,0.,1.));
#4226 = PLANE('',#4227);
#4227 = AXIS2_PLACEMENT_3D('',#4228,#4229,#4230);
#4228 = CARTESIAN_POINT('',(7.1,0.,2.95));
#4229 = DIRECTION('',(1.,0.,0.));
#4230 = DIRECTION('',(0.,0.,1.));
#4231 = ADVANCED_FACE('',(#4232),#4243,.F.);
#4232 = FACE_BOUND('',#4233,.F.);
#4233 = EDGE_LOOP('',(#4234,#4240,#4241,#4242));
#4234 = ORIENTED_EDGE('',*,*,#4235,.F.);
#4235 = EDGE_CURVE('',#3016,#3848,#4236,.T.);
#4236 = LINE('',#4237,#4238);
#4237 = CARTESIAN_POINT('',(7.9,0.4,2.45));
#4238 = VECTOR('',#4239,1.);
#4239 = DIRECTION('',(0.,0.,1.));
#4240 = ORIENTED_EDGE('',*,*,#3023,.F.);
#4241 = ORIENTED_EDGE('',*,*,#4221,.T.);
#4242 = ORIENTED_EDGE('',*,*,#3855,.F.);
#4243 = PLANE('',#4244);
#4244 = AXIS2_PLACEMENT_3D('',#4245,#4246,#4247);
#4245 = CARTESIAN_POINT('',(7.9,0.4,2.45));
#4246 = DIRECTION('',(0.,1.,0.));
#4247 = DIRECTION('',(0.,0.,1.));
#4248 = ADVANCED_FACE('',(#4249),#4255,.F.);
#4249 = FACE_BOUND('',#4250,.F.);
#4250 = EDGE_LOOP('',(#4251,#4252,#4253,#4254));
#4251 = ORIENTED_EDGE('',*,*,#3847,.T.);
#4252 = ORIENTED_EDGE('',*,*,#4196,.T.);
#4253 = ORIENTED_EDGE('',*,*,#3015,.F.);
#4254 = ORIENTED_EDGE('',*,*,#4235,.T.);
#4255 = PLANE('',#4256);
#4256 = AXIS2_PLACEMENT_3D('',#4257,#4258,#4259);
#4257 = CARTESIAN_POINT('',(7.9,0.,2.95));
#4258 = DIRECTION('',(1.,0.,0.));
#4259 = DIRECTION('',(0.,0.,1.));
#4260 = ADVANCED_FACE('',(#4261),#4272,.F.);
#4261 = FACE_BOUND('',#4262,.F.);
#4262 = EDGE_LOOP('',(#4263,#4264,#4265,#4271));
#4263 = ORIENTED_EDGE('',*,*,#3332,.T.);
#4264 = ORIENTED_EDGE('',*,*,#3386,.T.);
#4265 = ORIENTED_EDGE('',*,*,#4266,.F.);
#4266 = EDGE_CURVE('',#3290,#3387,#4267,.T.);
#4267 = LINE('',#4268,#4269);
#4268 = CARTESIAN_POINT('',(0.6,1.044,2.6151));
#4269 = VECTOR('',#4270,1.);
#4270 = DIRECTION('',(-1.,-0.,-0.));
#4271 = ORIENTED_EDGE('',*,*,#3289,.F.);
#4272 = PLANE('',#4273);
#4273 = AXIS2_PLACEMENT_3D('',#4274,#4275,#4276);
#4274 = CARTESIAN_POINT('',(0.6,0.5468198,3.45));
#4275 = DIRECTION('',(0.,-0.859195209828,-0.511647917429));
#4276 = DIRECTION('',(0.,0.511647917429,-0.859195209828));
#4277 = ADVANCED_FACE('',(#4278),#4284,.F.);
#4278 = FACE_BOUND('',#4279,.F.);
#4279 = EDGE_LOOP('',(#4280,#4281,#4282,#4283));
#4280 = ORIENTED_EDGE('',*,*,#4266,.T.);
#4281 = ORIENTED_EDGE('',*,*,#3394,.T.);
#4282 = ORIENTED_EDGE('',*,*,#3963,.F.);
#4283 = ORIENTED_EDGE('',*,*,#3297,.F.);
#4284 = PLANE('',#4285);
#4285 = AXIS2_PLACEMENT_3D('',#4286,#4287,#4288);
#4286 = CARTESIAN_POINT('',(0.6,1.044,2.6151));
#4287 = DIRECTION('',(0.,0.,-1.));
#4288 = DIRECTION('',(0.,1.,0.));
#4289 = ADVANCED_FACE('',(#4290),#4301,.F.);
#4290 = FACE_BOUND('',#4291,.F.);
#4291 = EDGE_LOOP('',(#4292,#4293,#4294,#4300));
#4292 = ORIENTED_EDGE('',*,*,#3497,.T.);
#4293 = ORIENTED_EDGE('',*,*,#3551,.T.);
#4294 = ORIENTED_EDGE('',*,*,#4295,.F.);
#4295 = EDGE_CURVE('',#3455,#3552,#4296,.T.);
#4296 = LINE('',#4297,#4298);
#4297 = CARTESIAN_POINT('',(3.1,1.044,2.6151));
#4298 = VECTOR('',#4299,1.);
#4299 = DIRECTION('',(-1.,-0.,-0.));
#4300 = ORIENTED_EDGE('',*,*,#3454,.F.);
#4301 = PLANE('',#4302);
#4302 = AXIS2_PLACEMENT_3D('',#4303,#4304,#4305);
#4303 = CARTESIAN_POINT('',(3.1,0.5468198,3.45));
#4304 = DIRECTION('',(0.,-0.859195209828,-0.511647917429));
#4305 = DIRECTION('',(0.,0.511647917429,-0.859195209828));
#4306 = ADVANCED_FACE('',(#4307),#4313,.F.);
#4307 = FACE_BOUND('',#4308,.F.);
#4308 = EDGE_LOOP('',(#4309,#4310,#4311,#4312));
#4309 = ORIENTED_EDGE('',*,*,#4295,.T.);
#4310 = ORIENTED_EDGE('',*,*,#3559,.T.);
#4311 = ORIENTED_EDGE('',*,*,#3946,.F.);
#4312 = ORIENTED_EDGE('',*,*,#3462,.F.);
#4313 = PLANE('',#4314);
#4314 = AXIS2_PLACEMENT_3D('',#4315,#4316,#4317);
#4315 = CARTESIAN_POINT('',(3.1,1.044,2.6151));
#4316 = DIRECTION('',(0.,0.,-1.));
#4317 = DIRECTION('',(0.,1.,0.));
#4318 = ADVANCED_FACE('',(#4319),#4330,.F.);
#4319 = FACE_BOUND('',#4320,.F.);
#4320 = EDGE_LOOP('',(#4321,#4322,#4323,#4329));
#4321 = ORIENTED_EDGE('',*,*,#3662,.T.);
#4322 = ORIENTED_EDGE('',*,*,#3716,.T.);
#4323 = ORIENTED_EDGE('',*,*,#4324,.F.);
#4324 = EDGE_CURVE('',#3620,#3717,#4325,.T.);
#4325 = LINE('',#4326,#4327);
#4326 = CARTESIAN_POINT('',(5.6,1.044,2.6151));
#4327 = VECTOR('',#4328,1.);
#4328 = DIRECTION('',(-1.,-0.,-0.));
#4329 = ORIENTED_EDGE('',*,*,#3619,.F.);
#4330 = PLANE('',#4331);
#4331 = AXIS2_PLACEMENT_3D('',#4332,#4333,#4334);
#4332 = CARTESIAN_POINT('',(5.6,0.5468198,3.45));
#4333 = DIRECTION('',(0.,-0.859195209828,-0.511647917429));
#4334 = DIRECTION('',(0.,0.511647917429,-0.859195209828));
#4335 = ADVANCED_FACE('',(#4336),#4342,.F.);
#4336 = FACE_BOUND('',#4337,.F.);
#4337 = EDGE_LOOP('',(#4338,#4339,#4340,#4341));
#4338 = ORIENTED_EDGE('',*,*,#4324,.T.);
#4339 = ORIENTED_EDGE('',*,*,#3724,.T.);
#4340 = ORIENTED_EDGE('',*,*,#3929,.F.);
#4341 = ORIENTED_EDGE('',*,*,#3627,.F.);
#4342 = PLANE('',#4343);
#4343 = AXIS2_PLACEMENT_3D('',#4344,#4345,#4346);
#4344 = CARTESIAN_POINT('',(5.6,1.044,2.6151));
#4345 = DIRECTION('',(0.,0.,-1.));
#4346 = DIRECTION('',(0.,1.,0.));
#4347 = ADVANCED_FACE('',(#4348),#4359,.F.);
#4348 = FACE_BOUND('',#4349,.F.);
#4349 = EDGE_LOOP('',(#4350,#4351,#4352,#4358));
#4350 = ORIENTED_EDGE('',*,*,#3827,.T.);
#4351 = ORIENTED_EDGE('',*,*,#3881,.T.);
#4352 = ORIENTED_EDGE('',*,*,#4353,.F.);
#4353 = EDGE_CURVE('',#3785,#3882,#4354,.T.);
#4354 = LINE('',#4355,#4356);
#4355 = CARTESIAN_POINT('',(8.1,1.044,2.6151));
#4356 = VECTOR('',#4357,1.);
#4357 = DIRECTION('',(-1.,-0.,-0.));
#4358 = ORIENTED_EDGE('',*,*,#3784,.F.);
#4359 = PLANE('',#4360);
#4360 = AXIS2_PLACEMENT_3D('',#4361,#4362,#4363);
#4361 = CARTESIAN_POINT('',(8.1,0.5468198,3.45));
#4362 = DIRECTION('',(0.,-0.859195209828,-0.511647917429));
#4363 = DIRECTION('',(0.,0.511647917429,-0.859195209828));
#4364 = ADVANCED_FACE('',(#4365),#4371,.F.);
#4365 = FACE_BOUND('',#4366,.F.);
#4366 = EDGE_LOOP('',(#4367,#4368,#4369,#4370));
#4367 = ORIENTED_EDGE('',*,*,#4353,.T.);
#4368 = ORIENTED_EDGE('',*,*,#3889,.T.);
#4369 = ORIENTED_EDGE('',*,*,#3912,.F.);
#4370 = ORIENTED_EDGE('',*,*,#3792,.F.);
#4371 = PLANE('',#4372);
#4372 = AXIS2_PLACEMENT_3D('',#4373,#4374,#4375);
#4373 = CARTESIAN_POINT('',(8.1,1.044,2.6151));
#4374 = DIRECTION('',(0.,0.,-1.));
#4375 = DIRECTION('',(0.,1.,0.));
#4376 = ( GEOMETRIC_REPRESENTATION_CONTEXT(3) 
GLOBAL_UNCERTAINTY_ASSIGNED_CONTEXT((#4380)) 
GLOBAL_UNIT_ASSIGNED_CONTEXT((#4377,#4378,#4379)) REPRESENTATION_CONTEXT
('Context #1','3D Context with UNIT and UNCERTAINTY') );
#4377 = ( LENGTH_UNIT() NAMED_UNIT(*) SI_UNIT(.MILLI.,.METRE.) );
#4378 = ( NAMED_UNIT(*) PLANE_ANGLE_UNIT() SI_UNIT($,.RADIAN.) );
#4379 = ( NAMED_UNIT(*) SI_UNIT($,.STERADIAN.) SOLID_ANGLE_UNIT() );
#4380 = UNCERTAINTY_MEASURE_WITH_UNIT(LENGTH_MEASURE(1.E-06),#4377,
  'distance_accuracy_value','confusion accuracy');
#4381 = CONTEXT_DEPENDENT_SHAPE_REPRESENTATION(#4382,#4384);
#4382 = ( REPRESENTATION_RELATIONSHIP('','',#36,#10) 
REPRESENTATION_RELATIONSHIP_WITH_TRANSFORMATION(#4383) 
SHAPE_REPRESENTATION_RELATIONSHIP() );
#4383 = ITEM_DEFINED_TRANSFORMATION('','',#11,#15);
#4384 = PRODUCT_DEFINITION_SHAPE('Placement','Placement of an item',
  #4385);
#4385 = NEXT_ASSEMBLY_USAGE_OCCURRENCE('111','Housing','',#5,#31,$);
#4386 = PRODUCT_RELATED_PRODUCT_CATEGORY('part',$,(#33));
#4387 = SHAPE_DEFINITION_REPRESENTATION(#4388,#4394);
#4388 = PRODUCT_DEFINITION_SHAPE('','',#4389);
#4389 = PRODUCT_DEFINITION('design','',#4390,#4393);
#4390 = PRODUCT_DEFINITION_FORMATION('','',#4391);
#4391 = PRODUCT('female_pin_array','female_pin_array','',(#4392));
#4392 = PRODUCT_CONTEXT('',#2,'mechanical');
#4393 = PRODUCT_DEFINITION_CONTEXT('part definition',#2,'design');
#4394 = SHAPE_REPRESENTATION('',(#11,#4395,#4399,#4403,#4407,#4411),
  #4415);
#4395 = AXIS2_PLACEMENT_3D('',#4396,#4397,#4398);
#4396 = CARTESIAN_POINT('',(0.,0.,0.));
#4397 = DIRECTION('',(0.,0.,1.));
#4398 = DIRECTION('',(-1.,0.,0.));
#4399 = AXIS2_PLACEMENT_3D('',#4400,#4401,#4402);
#4400 = CARTESIAN_POINT('',(2.5,0.,0.));
#4401 = DIRECTION('',(0.,0.,1.));
#4402 = DIRECTION('',(-1.,1.224646799147E-16,0.));
#4403 = AXIS2_PLACEMENT_3D('',#4404,#4405,#4406);
#4404 = CARTESIAN_POINT('',(5.,0.,0.));
#4405 = DIRECTION('',(0.,0.,1.));
#4406 = DIRECTION('',(-1.,1.224646799147E-16,0.));
#4407 = AXIS2_PLACEMENT_3D('',#4408,#4409,#4410);
#4408 = CARTESIAN_POINT('',(7.5,0.,0.));
#4409 = DIRECTION('',(0.,0.,1.));
#4410 = DIRECTION('',(-1.,1.224646799147E-16,0.));
#4411 = AXIS2_PLACEMENT_3D('',#4412,#4413,#4414);
#4412 = CARTESIAN_POINT('',(10.,0.,0.));
#4413 = DIRECTION('',(0.,0.,1.));
#4414 = DIRECTION('',(-1.,1.224646799147E-16,0.));
#4415 = ( GEOMETRIC_REPRESENTATION_CONTEXT(3) 
GLOBAL_UNCERTAINTY_ASSIGNED_CONTEXT((#4419)) 
GLOBAL_UNIT_ASSIGNED_CONTEXT((#4416,#4417,#4418)) REPRESENTATION_CONTEXT
('Context #1','3D Context with UNIT and UNCERTAINTY') );
#4416 = ( LENGTH_UNIT() NAMED_UNIT(*) SI_UNIT(.MILLI.,.METRE.) );
#4417 = ( NAMED_UNIT(*) PLANE_ANGLE_UNIT() SI_UNIT($,.RADIAN.) );
#4418 = ( NAMED_UNIT(*) SI_UNIT($,.STERADIAN.) SOLID_ANGLE_UNIT() );
#4419 = UNCERTAINTY_MEASURE_WITH_UNIT(LENGTH_MEASURE(1.E-07),#4416,
  'distance_accuracy_value','confusion accuracy');
#4420 = CONTEXT_DEPENDENT_SHAPE_REPRESENTATION(#4421,#4423);
#4421 = ( REPRESENTATION_RELATIONSHIP('','',#4394,#10) 
REPRESENTATION_RELATIONSHIP_WITH_TRANSFORMATION(#4422) 
SHAPE_REPRESENTATION_RELATIONSHIP() );
#4422 = ITEM_DEFINED_TRANSFORMATION('','',#11,#19);
#4423 = PRODUCT_DEFINITION_SHAPE('Placement','Placement of an item',
  #4424);
#4424 = NEXT_ASSEMBLY_USAGE_OCCURRENCE('117','female_pin_array','',#5,
  #4389,$);
#4425 = PRODUCT_RELATED_PRODUCT_CATEGORY('part',$,(#4391));
#4426 = SHAPE_DEFINITION_REPRESENTATION(#4427,#4433);
#4427 = PRODUCT_DEFINITION_SHAPE('','',#4428);
#4428 = PRODUCT_DEFINITION('design','',#4429,#4432);
#4429 = PRODUCT_DEFINITION_FORMATION('','',#4430);
#4430 = PRODUCT('modele_pin','modele_pin','',(#4431));
#4431 = PRODUCT_CONTEXT('',#2,'mechanical');
#4432 = PRODUCT_DEFINITION_CONTEXT('part definition',#2,'design');
#4433 = ADVANCED_BREP_SHAPE_REPRESENTATION('',(#11,#4434),#6040);
#4434 = MANIFOLD_SOLID_BREP('',#4435);
#4435 = CLOSED_SHELL('',(#4436,#4508,#4571,#4595,#4612,#4668,#4745,#4762
    ,#4803,#4872,#4901,#4919,#4947,#4996,#5108,#5131,#5267,#5284,#5316,
    #5332,#5354,#5386,#5403,#5426,#5442,#5459,#5476,#5493,#5528,#5545,
    #5562,#5579,#5591,#5608,#5625,#5642,#5659,#5671,#5765,#5792,#5878,
    #5892,#5909,#5926,#5943,#5960,#5977,#5994,#6011,#6028));
#4436 = ADVANCED_FACE('',(#4437),#4503,.T.);
#4437 = FACE_BOUND('',#4438,.T.);
#4438 = EDGE_LOOP('',(#4439,#4449,#4457,#4465,#4473,#4481,#4489,#4497));
#4439 = ORIENTED_EDGE('',*,*,#4440,.F.);
#4440 = EDGE_CURVE('',#4441,#4443,#4445,.T.);
#4441 = VERTEX_POINT('',#4442);
#4442 = CARTESIAN_POINT('',(-0.4,1.666761426375,8.95));
#4443 = VERTEX_POINT('',#4444);
#4444 = CARTESIAN_POINT('',(-0.4,1.666761426375,5.45));
#4445 = LINE('',#4446,#4447);
#4446 = CARTESIAN_POINT('',(-0.4,1.666761426375,9.45));
#4447 = VECTOR('',#4448,1.);
#4448 = DIRECTION('',(0.,0.,-1.));
#4449 = ORIENTED_EDGE('',*,*,#4450,.F.);
#4450 = EDGE_CURVE('',#4451,#4441,#4453,.T.);
#4451 = VERTEX_POINT('',#4452);
#4452 = CARTESIAN_POINT('',(0.4,1.666761426375,8.95));
#4453 = LINE('',#4454,#4455);
#4454 = CARTESIAN_POINT('',(0.4,1.666761426375,8.95));
#4455 = VECTOR('',#4456,1.);
#4456 = DIRECTION('',(-1.,0.,0.));
#4457 = ORIENTED_EDGE('',*,*,#4458,.T.);
#4458 = EDGE_CURVE('',#4451,#4459,#4461,.T.);
#4459 = VERTEX_POINT('',#4460);
#4460 = CARTESIAN_POINT('',(0.4,1.666761426375,5.45));
#4461 = LINE('',#4462,#4463);
#4462 = CARTESIAN_POINT('',(0.4,1.666761426375,9.45));
#4463 = VECTOR('',#4464,1.);
#4464 = DIRECTION('',(0.,0.,-1.));
#4465 = ORIENTED_EDGE('',*,*,#4466,.T.);
#4466 = EDGE_CURVE('',#4459,#4467,#4469,.T.);
#4467 = VERTEX_POINT('',#4468);
#4468 = CARTESIAN_POINT('',(0.32,1.666761426375,5.45));
#4469 = LINE('',#4470,#4471);
#4470 = CARTESIAN_POINT('',(0.4,1.666761426375,5.45));
#4471 = VECTOR('',#4472,1.);
#4472 = DIRECTION('',(-1.,0.,0.));
#4473 = ORIENTED_EDGE('',*,*,#4474,.F.);
#4474 = EDGE_CURVE('',#4475,#4467,#4477,.T.);
#4475 = VERTEX_POINT('',#4476);
#4476 = CARTESIAN_POINT('',(0.32,1.666761426375,4.290239673918));
#4477 = LINE('',#4478,#4479);
#4478 = CARTESIAN_POINT('',(0.32,1.666761426375,3.45));
#4479 = VECTOR('',#4480,1.);
#4480 = DIRECTION('',(0.,0.,1.));
#4481 = ORIENTED_EDGE('',*,*,#4482,.T.);
#4482 = EDGE_CURVE('',#4475,#4483,#4485,.T.);
#4483 = VERTEX_POINT('',#4484);
#4484 = CARTESIAN_POINT('',(-0.32,1.666761426375,4.290239673918));
#4485 = LINE('',#4486,#4487);
#4486 = CARTESIAN_POINT('',(0.36,1.666761426375,4.290239673918));
#4487 = VECTOR('',#4488,1.);
#4488 = DIRECTION('',(-1.,0.,0.));
#4489 = ORIENTED_EDGE('',*,*,#4490,.T.);
#4490 = EDGE_CURVE('',#4483,#4491,#4493,.T.);
#4491 = VERTEX_POINT('',#4492);
#4492 = CARTESIAN_POINT('',(-0.32,1.666761426375,5.45));
#4493 = LINE('',#4494,#4495);
#4494 = CARTESIAN_POINT('',(-0.32,1.666761426375,3.45));
#4495 = VECTOR('',#4496,1.);
#4496 = DIRECTION('',(0.,0.,1.));
#4497 = ORIENTED_EDGE('',*,*,#4498,.T.);
#4498 = EDGE_CURVE('',#4491,#4443,#4499,.T.);
#4499 = LINE('',#4500,#4501);
#4500 = CARTESIAN_POINT('',(0.4,1.666761426375,5.45));
#4501 = VECTOR('',#4502,1.);
#4502 = DIRECTION('',(-1.,0.,0.));
#4503 = PLANE('',#4504);
#4504 = AXIS2_PLACEMENT_3D('',#4505,#4506,#4507);
#4505 = CARTESIAN_POINT('',(-2.E-17,1.666761426375,6.885687715701));
#4506 = DIRECTION('',(0.,1.,-0.));
#4507 = DIRECTION('',(0.,-0.,-1.));
#4508 = ADVANCED_FACE('',(#4509),#4566,.T.);
#4509 = FACE_BOUND('',#4510,.T.);
#4510 = EDGE_LOOP('',(#4511,#4521,#4527,#4528,#4536,#4544,#4552,#4560));
#4511 = ORIENTED_EDGE('',*,*,#4512,.F.);
#4512 = EDGE_CURVE('',#4513,#4515,#4517,.T.);
#4513 = VERTEX_POINT('',#4514);
#4514 = CARTESIAN_POINT('',(-0.4,1.166761426375,9.45));
#4515 = VERTEX_POINT('',#4516);
#4516 = CARTESIAN_POINT('',(-0.399999999992,1.059064000007,9.45));
#4517 = LINE('',#4518,#4519);
#4518 = CARTESIAN_POINT('',(-0.4,1.40352285275,9.45));
#4519 = VECTOR('',#4520,1.);
#4520 = DIRECTION('',(0.,-1.,0.));
#4521 = ORIENTED_EDGE('',*,*,#4522,.F.);
#4522 = EDGE_CURVE('',#4441,#4513,#4523,.T.);
#4523 = LINE('',#4524,#4525);
#4524 = CARTESIAN_POINT('',(-0.400000000002,1.840799248077,
    8.775962178298));
#4525 = VECTOR('',#4526,1.);
#4526 = DIRECTION('',(7.27868E-12,-0.707106781187,0.707106781187));
#4527 = ORIENTED_EDGE('',*,*,#4440,.T.);
#4528 = ORIENTED_EDGE('',*,*,#4529,.T.);
#4529 = EDGE_CURVE('',#4443,#4530,#4532,.T.);
#4530 = VERTEX_POINT('',#4531);
#4531 = CARTESIAN_POINT('',(-0.4,1.66185757311,5.45));
#4532 = LINE('',#4533,#4534);
#4533 = CARTESIAN_POINT('',(-0.4,1.666761426375,5.45));
#4534 = VECTOR('',#4535,1.);
#4535 = DIRECTION('',(0.,-1.,0.));
#4536 = ORIENTED_EDGE('',*,*,#4537,.T.);
#4537 = EDGE_CURVE('',#4530,#4538,#4540,.T.);
#4538 = VERTEX_POINT('',#4539);
#4539 = CARTESIAN_POINT('',(-0.4,1.40352285275,5.45));
#4540 = LINE('',#4541,#4542);
#4541 = CARTESIAN_POINT('',(-0.4,1.666761426375,5.45));
#4542 = VECTOR('',#4543,1.);
#4543 = DIRECTION('',(0.,-1.,0.));
#4544 = ORIENTED_EDGE('',*,*,#4545,.T.);
#4545 = EDGE_CURVE('',#4538,#4546,#4548,.T.);
#4546 = VERTEX_POINT('',#4547);
#4547 = CARTESIAN_POINT('',(-0.4,1.40352285275,7.45));
#4548 = LINE('',#4549,#4550);
#4549 = CARTESIAN_POINT('',(-0.4,1.40352285275,5.45));
#4550 = VECTOR('',#4551,1.);
#4551 = DIRECTION('',(0.,0.,1.));
#4552 = ORIENTED_EDGE('',*,*,#4553,.T.);
#4553 = EDGE_CURVE('',#4546,#4554,#4556,.T.);
#4554 = VERTEX_POINT('',#4555);
#4555 = CARTESIAN_POINT('',(-0.399999999992,1.059064000007,7.45));
#4556 = LINE('',#4557,#4558);
#4557 = CARTESIAN_POINT('',(-0.4,1.40352285275,7.45));
#4558 = VECTOR('',#4559,1.);
#4559 = DIRECTION('',(0.,-1.,0.));
#4560 = ORIENTED_EDGE('',*,*,#4561,.F.);
#4561 = EDGE_CURVE('',#4515,#4554,#4562,.T.);
#4562 = LINE('',#4563,#4564);
#4563 = CARTESIAN_POINT('',(-0.399999999992,1.059064000007,9.45));
#4564 = VECTOR('',#4565,1.);
#4565 = DIRECTION('',(0.,0.,-1.));
#4566 = PLANE('',#4567);
#4567 = AXIS2_PLACEMENT_3D('',#4568,#4569,#4570);
#4568 = CARTESIAN_POINT('',(-0.399999999998,1.43766997715,7.524757263958
    ));
#4569 = DIRECTION('',(-1.,-1.007779E-11,2.1583E-13));
#4570 = DIRECTION('',(1.007779E-11,-1.,0.));
#4571 = ADVANCED_FACE('',(#4572),#4590,.T.);
#4572 = FACE_BOUND('',#4573,.T.);
#4573 = EDGE_LOOP('',(#4574,#4582,#4583,#4584));
#4574 = ORIENTED_EDGE('',*,*,#4575,.F.);
#4575 = EDGE_CURVE('',#4451,#4576,#4578,.T.);
#4576 = VERTEX_POINT('',#4577);
#4577 = CARTESIAN_POINT('',(0.4,1.166761426375,9.45));
#4578 = LINE('',#4579,#4580);
#4579 = CARTESIAN_POINT('',(0.4,1.840799248078,8.775962178297));
#4580 = VECTOR('',#4581,1.);
#4581 = DIRECTION('',(4.8E-16,-0.707106781187,0.707106781187));
#4582 = ORIENTED_EDGE('',*,*,#4450,.T.);
#4583 = ORIENTED_EDGE('',*,*,#4522,.T.);
#4584 = ORIENTED_EDGE('',*,*,#4585,.F.);
#4585 = EDGE_CURVE('',#4576,#4513,#4586,.T.);
#4586 = LINE('',#4587,#4588);
#4587 = CARTESIAN_POINT('',(0.4,1.166761426375,9.45));
#4588 = VECTOR('',#4589,1.);
#4589 = DIRECTION('',(-1.,0.,0.));
#4590 = PLANE('',#4591);
#4591 = AXIS2_PLACEMENT_3D('',#4592,#4593,#4594);
#4592 = CARTESIAN_POINT('',(0.4,1.416761426375,9.2));
#4593 = DIRECTION('',(0.,0.707106781187,0.707106781187));
#4594 = DIRECTION('',(-1.,0.,0.));
#4595 = ADVANCED_FACE('',(#4596),#4607,.F.);
#4596 = FACE_BOUND('',#4597,.F.);
#4597 = EDGE_LOOP('',(#4598,#4605,#4606));
#4598 = ORIENTED_EDGE('',*,*,#4599,.F.);
#4599 = EDGE_CURVE('',#4491,#4530,#4600,.T.);
#4600 = CIRCLE('',#4601,0.655);
#4601 = AXIS2_PLACEMENT_3D('',#4602,#4603,#4604);
#4602 = CARTESIAN_POINT('',(-0.32,1.011761426375,5.45));
#4603 = DIRECTION('',(0.,0.,1.));
#4604 = DIRECTION('',(-1.,0.,0.));
#4605 = ORIENTED_EDGE('',*,*,#4498,.T.);
#4606 = ORIENTED_EDGE('',*,*,#4529,.T.);
#4607 = PLANE('',#4608);
#4608 = AXIS2_PLACEMENT_3D('',#4609,#4610,#4611);
#4609 = CARTESIAN_POINT('',(0.4,1.666761426375,5.45));
#4610 = DIRECTION('',(0.,0.,1.));
#4611 = DIRECTION('',(0.,-1.,0.));
#4612 = ADVANCED_FACE('',(#4613),#4663,.T.);
#4613 = FACE_BOUND('',#4614,.T.);
#4614 = EDGE_LOOP('',(#4615,#4616,#4617,#4625,#4633,#4641,#4649,#4657));
#4615 = ORIENTED_EDGE('',*,*,#4458,.F.);
#4616 = ORIENTED_EDGE('',*,*,#4575,.T.);
#4617 = ORIENTED_EDGE('',*,*,#4618,.F.);
#4618 = EDGE_CURVE('',#4619,#4576,#4621,.T.);
#4619 = VERTEX_POINT('',#4620);
#4620 = CARTESIAN_POINT('',(0.4,1.059064,9.45));
#4621 = LINE('',#4622,#4623);
#4622 = CARTESIAN_POINT('',(0.4,1.40352285275,9.45));
#4623 = VECTOR('',#4624,1.);
#4624 = DIRECTION('',(0.,1.,0.));
#4625 = ORIENTED_EDGE('',*,*,#4626,.T.);
#4626 = EDGE_CURVE('',#4619,#4627,#4629,.T.);
#4627 = VERTEX_POINT('',#4628);
#4628 = CARTESIAN_POINT('',(0.4,1.059064,7.45));
#4629 = LINE('',#4630,#4631);
#4630 = CARTESIAN_POINT('',(0.4,1.059064,9.45));
#4631 = VECTOR('',#4632,1.);
#4632 = DIRECTION('',(0.,0.,-1.));
#4633 = ORIENTED_EDGE('',*,*,#4634,.F.);
#4634 = EDGE_CURVE('',#4635,#4627,#4637,.T.);
#4635 = VERTEX_POINT('',#4636);
#4636 = CARTESIAN_POINT('',(0.4,1.40352285275,7.45));
#4637 = LINE('',#4638,#4639);
#4638 = CARTESIAN_POINT('',(0.4,1.40352285275,7.45));
#4639 = VECTOR('',#4640,1.);
#4640 = DIRECTION('',(0.,-1.,0.));
#4641 = ORIENTED_EDGE('',*,*,#4642,.F.);
#4642 = EDGE_CURVE('',#4643,#4635,#4645,.T.);
#4643 = VERTEX_POINT('',#4644);
#4644 = CARTESIAN_POINT('',(0.4,1.40352285275,5.45));
#4645 = LINE('',#4646,#4647);
#4646 = CARTESIAN_POINT('',(0.4,1.40352285275,5.45));
#4647 = VECTOR('',#4648,1.);
#4648 = DIRECTION('',(0.,0.,1.));
#4649 = ORIENTED_EDGE('',*,*,#4650,.F.);
#4650 = EDGE_CURVE('',#4651,#4643,#4653,.T.);
#4651 = VERTEX_POINT('',#4652);
#4652 = CARTESIAN_POINT('',(0.4,1.66185757311,5.45));
#4653 = LINE('',#4654,#4655);
#4654 = CARTESIAN_POINT('',(0.4,1.666761426375,5.45));
#4655 = VECTOR('',#4656,1.);
#4656 = DIRECTION('',(0.,-1.,0.));
#4657 = ORIENTED_EDGE('',*,*,#4658,.F.);
#4658 = EDGE_CURVE('',#4459,#4651,#4659,.T.);
#4659 = LINE('',#4660,#4661);
#4660 = CARTESIAN_POINT('',(0.4,1.666761426375,5.45));
#4661 = VECTOR('',#4662,1.);
#4662 = DIRECTION('',(0.,-1.,0.));
#4663 = PLANE('',#4664);
#4664 = AXIS2_PLACEMENT_3D('',#4665,#4666,#4667);
#4665 = CARTESIAN_POINT('',(0.4,1.437669977147,7.52475726396));
#4666 = DIRECTION('',(1.,6.8E-16,-0.));
#4667 = DIRECTION('',(-6.8E-16,1.,0.));
#4668 = ADVANCED_FACE('',(#4669),#4740,.T.);
#4669 = FACE_BOUND('',#4670,.T.);
#4670 = EDGE_LOOP('',(#4671,#4682,#4690,#4697,#4698,#4699,#4708,#4716,
    #4725,#4733));
#4671 = ORIENTED_EDGE('',*,*,#4672,.T.);
#4672 = EDGE_CURVE('',#4673,#4675,#4677,.T.);
#4673 = VERTEX_POINT('',#4674);
#4674 = CARTESIAN_POINT('',(-0.4,1.66185757311,3.45));
#4675 = VERTEX_POINT('',#4676);
#4676 = CARTESIAN_POINT('',(-0.975,1.011761426375,3.45));
#4677 = CIRCLE('',#4678,0.655);
#4678 = AXIS2_PLACEMENT_3D('',#4679,#4680,#4681);
#4679 = CARTESIAN_POINT('',(-0.32,1.011761426375,3.45));
#4680 = DIRECTION('',(0.,0.,1.));
#4681 = DIRECTION('',(-1.,0.,0.));
#4682 = ORIENTED_EDGE('',*,*,#4683,.T.);
#4683 = EDGE_CURVE('',#4675,#4684,#4686,.T.);
#4684 = VERTEX_POINT('',#4685);
#4685 = CARTESIAN_POINT('',(-0.975,1.011761426375,5.45));
#4686 = LINE('',#4687,#4688);
#4687 = CARTESIAN_POINT('',(-0.975,1.011761426375,3.45));
#4688 = VECTOR('',#4689,1.);
#4689 = DIRECTION('',(0.,0.,1.));
#4690 = ORIENTED_EDGE('',*,*,#4691,.F.);
#4691 = EDGE_CURVE('',#4530,#4684,#4692,.T.);
#4692 = CIRCLE('',#4693,0.655);
#4693 = AXIS2_PLACEMENT_3D('',#4694,#4695,#4696);
#4694 = CARTESIAN_POINT('',(-0.32,1.011761426375,5.45));
#4695 = DIRECTION('',(0.,0.,1.));
#4696 = DIRECTION('',(-1.,0.,0.));
#4697 = ORIENTED_EDGE('',*,*,#4599,.F.);
#4698 = ORIENTED_EDGE('',*,*,#4490,.F.);
#4699 = ORIENTED_EDGE('',*,*,#4700,.T.);
#4700 = EDGE_CURVE('',#4483,#4701,#4703,.T.);
#4701 = VERTEX_POINT('',#4702);
#4702 = CARTESIAN_POINT('',(-0.4,1.66185757311,4.280460298822));
#4703 = ELLIPSE('',#4704,1.461240827122,0.655);
#4704 = AXIS2_PLACEMENT_3D('',#4705,#4706,#4707);
#4705 = CARTESIAN_POINT('',(-0.32,1.011761426375,2.984023859112));
#4706 = DIRECTION('',(0.,-0.8939086498,0.448249178262));
#4707 = DIRECTION('',(0.,-0.448249178262,-0.8939086498));
#4708 = ORIENTED_EDGE('',*,*,#4709,.T.);
#4709 = EDGE_CURVE('',#4701,#4710,#4712,.T.);
#4710 = VERTEX_POINT('',#4711);
#4711 = CARTESIAN_POINT('',(-0.4,1.66185757311,3.73312462235));
#4712 = LINE('',#4713,#4714);
#4713 = CARTESIAN_POINT('',(-0.4,1.66185757311,3.45));
#4714 = VECTOR('',#4715,1.);
#4715 = DIRECTION('',(0.,0.,-1.));
#4716 = ORIENTED_EDGE('',*,*,#4717,.T.);
#4717 = EDGE_CURVE('',#4710,#4718,#4720,.T.);
#4718 = VERTEX_POINT('',#4719);
#4719 = CARTESIAN_POINT('',(-0.32,1.666761426375,3.732514167383));
#4720 = ELLIPSE('',#4721,0.660055578089,0.655);
#4721 = AXIS2_PLACEMENT_3D('',#4722,#4723,#4724);
#4722 = CARTESIAN_POINT('',(-0.32,1.011761426375,3.814051681241));
#4723 = DIRECTION('',(0.,-0.12353128519,-0.992340678184));
#4724 = DIRECTION('',(-0.,0.992340678184,-0.12353128519));
#4725 = ORIENTED_EDGE('',*,*,#4726,.F.);
#4726 = EDGE_CURVE('',#4727,#4718,#4729,.T.);
#4727 = VERTEX_POINT('',#4728);
#4728 = CARTESIAN_POINT('',(-0.32,1.666761426375,3.45));
#4729 = LINE('',#4730,#4731);
#4730 = CARTESIAN_POINT('',(-0.32,1.666761426375,3.45));
#4731 = VECTOR('',#4732,1.);
#4732 = DIRECTION('',(0.,0.,1.));
#4733 = ORIENTED_EDGE('',*,*,#4734,.T.);
#4734 = EDGE_CURVE('',#4727,#4673,#4735,.T.);
#4735 = CIRCLE('',#4736,0.655);
#4736 = AXIS2_PLACEMENT_3D('',#4737,#4738,#4739);
#4737 = CARTESIAN_POINT('',(-0.32,1.011761426375,3.45));
#4738 = DIRECTION('',(0.,0.,1.));
#4739 = DIRECTION('',(-1.,0.,0.));
#4740 = CYLINDRICAL_SURFACE('',#4741,0.655);
#4741 = AXIS2_PLACEMENT_3D('',#4742,#4743,#4744);
#4742 = CARTESIAN_POINT('',(-0.32,1.011761426375,3.45));
#4743 = DIRECTION('',(0.,0.,-1.));
#4744 = DIRECTION('',(-1.,0.,0.));
#4745 = ADVANCED_FACE('',(#4746),#4757,.F.);
#4746 = FACE_BOUND('',#4747,.F.);
#4747 = EDGE_LOOP('',(#4748,#4749,#4750));
#4748 = ORIENTED_EDGE('',*,*,#4658,.F.);
#4749 = ORIENTED_EDGE('',*,*,#4466,.T.);
#4750 = ORIENTED_EDGE('',*,*,#4751,.F.);
#4751 = EDGE_CURVE('',#4651,#4467,#4752,.T.);
#4752 = CIRCLE('',#4753,0.655);
#4753 = AXIS2_PLACEMENT_3D('',#4754,#4755,#4756);
#4754 = CARTESIAN_POINT('',(0.32,1.011761426375,5.45));
#4755 = DIRECTION('',(0.,0.,1.));
#4756 = DIRECTION('',(-1.,0.,0.));
#4757 = PLANE('',#4758);
#4758 = AXIS2_PLACEMENT_3D('',#4759,#4760,#4761);
#4759 = CARTESIAN_POINT('',(0.4,1.666761426375,5.45));
#4760 = DIRECTION('',(0.,0.,1.));
#4761 = DIRECTION('',(0.,-1.,0.));
#4762 = ADVANCED_FACE('',(#4763),#4798,.T.);
#4763 = FACE_BOUND('',#4764,.T.);
#4764 = EDGE_LOOP('',(#4765,#4775,#4783,#4789,#4790,#4791));
#4765 = ORIENTED_EDGE('',*,*,#4766,.F.);
#4766 = EDGE_CURVE('',#4767,#4769,#4771,.T.);
#4767 = VERTEX_POINT('',#4768);
#4768 = CARTESIAN_POINT('',(0.4,2.143284263925,5.240532294565));
#4769 = VERTEX_POINT('',#4770);
#4770 = CARTESIAN_POINT('',(0.4,1.66185757311,4.280460298822));
#4771 = LINE('',#4772,#4773);
#4772 = CARTESIAN_POINT('',(0.4,2.143284263925,5.240532294565));
#4773 = VECTOR('',#4774,1.);
#4774 = DIRECTION('',(0.,-0.448249178262,-0.8939086498));
#4775 = ORIENTED_EDGE('',*,*,#4776,.T.);
#4776 = EDGE_CURVE('',#4767,#4777,#4779,.T.);
#4777 = VERTEX_POINT('',#4778);
#4778 = CARTESIAN_POINT('',(-0.4,2.143284263925,5.240532294565));
#4779 = LINE('',#4780,#4781);
#4780 = CARTESIAN_POINT('',(0.4,2.143284263925,5.240532294565));
#4781 = VECTOR('',#4782,1.);
#4782 = DIRECTION('',(-1.,0.,0.));
#4783 = ORIENTED_EDGE('',*,*,#4784,.T.);
#4784 = EDGE_CURVE('',#4777,#4701,#4785,.T.);
#4785 = LINE('',#4786,#4787);
#4786 = CARTESIAN_POINT('',(-0.4,2.143284263925,5.240532294565));
#4787 = VECTOR('',#4788,1.);
#4788 = DIRECTION('',(0.,-0.448249178262,-0.8939086498));
#4789 = ORIENTED_EDGE('',*,*,#4700,.F.);
#4790 = ORIENTED_EDGE('',*,*,#4482,.F.);
#4791 = ORIENTED_EDGE('',*,*,#4792,.F.);
#4792 = EDGE_CURVE('',#4769,#4475,#4793,.T.);
#4793 = ELLIPSE('',#4794,1.461240827122,0.655);
#4794 = AXIS2_PLACEMENT_3D('',#4795,#4796,#4797);
#4795 = CARTESIAN_POINT('',(0.32,1.011761426375,2.984023859112));
#4796 = DIRECTION('',(0.,-0.8939086498,0.448249178262));
#4797 = DIRECTION('',(0.,-0.448249178262,-0.8939086498));
#4798 = PLANE('',#4799);
#4799 = AXIS2_PLACEMENT_3D('',#4800,#4801,#4802);
#4800 = CARTESIAN_POINT('',(0.4,2.143284263925,5.240532294565));
#4801 = DIRECTION('',(0.,-0.8939086498,0.448249178262));
#4802 = DIRECTION('',(0.,-0.448249178262,-0.8939086498));
#4803 = ADVANCED_FACE('',(#4804),#4867,.T.);
#4804 = FACE_BOUND('',#4805,.T.);
#4805 = EDGE_LOOP('',(#4806,#4817,#4825,#4834,#4840,#4841,#4842,#4843,
    #4852,#4860));
#4806 = ORIENTED_EDGE('',*,*,#4807,.T.);
#4807 = EDGE_CURVE('',#4808,#4810,#4812,.T.);
#4808 = VERTEX_POINT('',#4809);
#4809 = CARTESIAN_POINT('',(0.4,1.66185757311,3.45));
#4810 = VERTEX_POINT('',#4811);
#4811 = CARTESIAN_POINT('',(0.32,1.666761426375,3.45));
#4812 = CIRCLE('',#4813,0.655);
#4813 = AXIS2_PLACEMENT_3D('',#4814,#4815,#4816);
#4814 = CARTESIAN_POINT('',(0.32,1.011761426375,3.45));
#4815 = DIRECTION('',(0.,0.,1.));
#4816 = DIRECTION('',(-1.,0.,0.));
#4817 = ORIENTED_EDGE('',*,*,#4818,.T.);
#4818 = EDGE_CURVE('',#4810,#4819,#4821,.T.);
#4819 = VERTEX_POINT('',#4820);
#4820 = CARTESIAN_POINT('',(0.32,1.666761426375,3.732514167383));
#4821 = LINE('',#4822,#4823);
#4822 = CARTESIAN_POINT('',(0.32,1.666761426375,3.45));
#4823 = VECTOR('',#4824,1.);
#4824 = DIRECTION('',(0.,0.,1.));
#4825 = ORIENTED_EDGE('',*,*,#4826,.T.);
#4826 = EDGE_CURVE('',#4819,#4827,#4829,.T.);
#4827 = VERTEX_POINT('',#4828);
#4828 = CARTESIAN_POINT('',(0.4,1.66185757311,3.73312462235));
#4829 = ELLIPSE('',#4830,0.660055578089,0.655);
#4830 = AXIS2_PLACEMENT_3D('',#4831,#4832,#4833);
#4831 = CARTESIAN_POINT('',(0.32,1.011761426375,3.814051681241));
#4832 = DIRECTION('',(0.,-0.12353128519,-0.992340678184));
#4833 = DIRECTION('',(-0.,0.992340678184,-0.12353128519));
#4834 = ORIENTED_EDGE('',*,*,#4835,.F.);
#4835 = EDGE_CURVE('',#4769,#4827,#4836,.T.);
#4836 = LINE('',#4837,#4838);
#4837 = CARTESIAN_POINT('',(0.4,1.66185757311,3.45));
#4838 = VECTOR('',#4839,1.);
#4839 = DIRECTION('',(0.,0.,-1.));
#4840 = ORIENTED_EDGE('',*,*,#4792,.T.);
#4841 = ORIENTED_EDGE('',*,*,#4474,.T.);
#4842 = ORIENTED_EDGE('',*,*,#4751,.F.);
#4843 = ORIENTED_EDGE('',*,*,#4844,.F.);
#4844 = EDGE_CURVE('',#4845,#4651,#4847,.T.);
#4845 = VERTEX_POINT('',#4846);
#4846 = CARTESIAN_POINT('',(0.975,1.011761426375,5.45));
#4847 = CIRCLE('',#4848,0.655);
#4848 = AXIS2_PLACEMENT_3D('',#4849,#4850,#4851);
#4849 = CARTESIAN_POINT('',(0.32,1.011761426375,5.45));
#4850 = DIRECTION('',(0.,0.,1.));
#4851 = DIRECTION('',(-1.,0.,0.));
#4852 = ORIENTED_EDGE('',*,*,#4853,.F.);
#4853 = EDGE_CURVE('',#4854,#4845,#4856,.T.);
#4854 = VERTEX_POINT('',#4855);
#4855 = CARTESIAN_POINT('',(0.975,1.011761426375,3.45));
#4856 = LINE('',#4857,#4858);
#4857 = CARTESIAN_POINT('',(0.975,1.011761426375,3.45));
#4858 = VECTOR('',#4859,1.);
#4859 = DIRECTION('',(0.,0.,1.));
#4860 = ORIENTED_EDGE('',*,*,#4861,.T.);
#4861 = EDGE_CURVE('',#4854,#4808,#4862,.T.);
#4862 = CIRCLE('',#4863,0.655);
#4863 = AXIS2_PLACEMENT_3D('',#4864,#4865,#4866);
#4864 = CARTESIAN_POINT('',(0.32,1.011761426375,3.45));
#4865 = DIRECTION('',(0.,0.,1.));
#4866 = DIRECTION('',(-1.,0.,0.));
#4867 = CYLINDRICAL_SURFACE('',#4868,0.655);
#4868 = AXIS2_PLACEMENT_3D('',#4869,#4870,#4871);
#4869 = CARTESIAN_POINT('',(0.32,1.011761426375,3.45));
#4870 = DIRECTION('',(0.,0.,-1.));
#4871 = DIRECTION('',(-1.,0.,0.));
#4872 = ADVANCED_FACE('',(#4873,#4885),#4896,.T.);
#4873 = FACE_BOUND('',#4874,.T.);
#4874 = EDGE_LOOP('',(#4875,#4876,#4883,#4884));
#4875 = ORIENTED_EDGE('',*,*,#4512,.T.);
#4876 = ORIENTED_EDGE('',*,*,#4877,.T.);
#4877 = EDGE_CURVE('',#4515,#4619,#4878,.T.);
#4878 = CIRCLE('',#4879,0.974707300937);
#4879 = AXIS2_PLACEMENT_3D('',#4880,#4881,#4882);
#4880 = CARTESIAN_POINT('',(-2.E-17,0.170214,9.45));
#4881 = DIRECTION('',(0.,0.,1.));
#4882 = DIRECTION('',(-1.,0.,0.));
#4883 = ORIENTED_EDGE('',*,*,#4618,.T.);
#4884 = ORIENTED_EDGE('',*,*,#4585,.T.);
#4885 = FACE_BOUND('',#4886,.T.);
#4886 = EDGE_LOOP('',(#4887));
#4887 = ORIENTED_EDGE('',*,*,#4888,.F.);
#4888 = EDGE_CURVE('',#4889,#4889,#4891,.T.);
#4889 = VERTEX_POINT('',#4890);
#4890 = CARTESIAN_POINT('',(-0.698564,0.170214,9.45));
#4891 = CIRCLE('',#4892,0.698564);
#4892 = AXIS2_PLACEMENT_3D('',#4893,#4894,#4895);
#4893 = CARTESIAN_POINT('',(-2.E-17,0.170214,9.45));
#4894 = DIRECTION('',(0.,0.,1.));
#4895 = DIRECTION('',(-1.,0.,0.));
#4896 = PLANE('',#4897);
#4897 = AXIS2_PLACEMENT_3D('',#4898,#4899,#4900);
#4898 = CARTESIAN_POINT('',(-2.1126E-13,0.497442120671,9.45));
#4899 = DIRECTION('',(0.,0.,1.));
#4900 = DIRECTION('',(-1.,0.,0.));
#4901 = ADVANCED_FACE('',(#4902),#4914,.T.);
#4902 = FACE_BOUND('',#4903,.T.);
#4903 = EDGE_LOOP('',(#4904,#4905,#4912,#4913));
#4904 = ORIENTED_EDGE('',*,*,#4561,.T.);
#4905 = ORIENTED_EDGE('',*,*,#4906,.T.);
#4906 = EDGE_CURVE('',#4554,#4627,#4907,.T.);
#4907 = CIRCLE('',#4908,0.974707300937);
#4908 = AXIS2_PLACEMENT_3D('',#4909,#4910,#4911);
#4909 = CARTESIAN_POINT('',(-2.E-17,0.170214,7.45));
#4910 = DIRECTION('',(0.,0.,1.));
#4911 = DIRECTION('',(-1.,0.,0.));
#4912 = ORIENTED_EDGE('',*,*,#4626,.F.);
#4913 = ORIENTED_EDGE('',*,*,#4877,.F.);
#4914 = CYLINDRICAL_SURFACE('',#4915,0.974707300937);
#4915 = AXIS2_PLACEMENT_3D('',#4916,#4917,#4918);
#4916 = CARTESIAN_POINT('',(-2.E-17,0.170214,9.45));
#4917 = DIRECTION('',(0.,0.,1.));
#4918 = DIRECTION('',(-1.,0.,0.));
#4919 = ADVANCED_FACE('',(#4920,#4931),#4942,.F.);
#4920 = FACE_BOUND('',#4921,.F.);
#4921 = EDGE_LOOP('',(#4922,#4923,#4924,#4930));
#4922 = ORIENTED_EDGE('',*,*,#4906,.T.);
#4923 = ORIENTED_EDGE('',*,*,#4634,.F.);
#4924 = ORIENTED_EDGE('',*,*,#4925,.T.);
#4925 = EDGE_CURVE('',#4635,#4546,#4926,.T.);
#4926 = LINE('',#4927,#4928);
#4927 = CARTESIAN_POINT('',(0.4,1.40352285275,7.45));
#4928 = VECTOR('',#4929,1.);
#4929 = DIRECTION('',(-1.,0.,0.));
#4930 = ORIENTED_EDGE('',*,*,#4553,.T.);
#4931 = FACE_BOUND('',#4932,.T.);
#4932 = EDGE_LOOP('',(#4933));
#4933 = ORIENTED_EDGE('',*,*,#4934,.T.);
#4934 = EDGE_CURVE('',#4935,#4935,#4937,.T.);
#4935 = VERTEX_POINT('',#4936);
#4936 = CARTESIAN_POINT('',(-0.698564,0.170214,7.45));
#4937 = CIRCLE('',#4938,0.698564);
#4938 = AXIS2_PLACEMENT_3D('',#4939,#4940,#4941);
#4939 = CARTESIAN_POINT('',(-2.E-17,0.170214,7.45));
#4940 = DIRECTION('',(0.,0.,1.));
#4941 = DIRECTION('',(-1.,0.,0.));
#4942 = PLANE('',#4943);
#4943 = AXIS2_PLACEMENT_3D('',#4944,#4945,#4946);
#4944 = CARTESIAN_POINT('',(-1.438E-13,0.297420100742,7.45));
#4945 = DIRECTION('',(0.,0.,1.));
#4946 = DIRECTION('',(-1.,0.,0.));
#4947 = ADVANCED_FACE('',(#4948),#4991,.T.);
#4948 = FACE_BOUND('',#4949,.T.);
#4949 = EDGE_LOOP('',(#4950,#4958,#4959,#4960,#4961,#4969,#4977,#4985));
#4950 = ORIENTED_EDGE('',*,*,#4951,.F.);
#4951 = EDGE_CURVE('',#4643,#4952,#4954,.T.);
#4952 = VERTEX_POINT('',#4953);
#4953 = CARTESIAN_POINT('',(0.32,1.40352285275,5.45));
#4954 = LINE('',#4955,#4956);
#4955 = CARTESIAN_POINT('',(0.4,1.40352285275,5.45));
#4956 = VECTOR('',#4957,1.);
#4957 = DIRECTION('',(-1.,0.,0.));
#4958 = ORIENTED_EDGE('',*,*,#4642,.T.);
#4959 = ORIENTED_EDGE('',*,*,#4925,.T.);
#4960 = ORIENTED_EDGE('',*,*,#4545,.F.);
#4961 = ORIENTED_EDGE('',*,*,#4962,.F.);
#4962 = EDGE_CURVE('',#4963,#4538,#4965,.T.);
#4963 = VERTEX_POINT('',#4964);
#4964 = CARTESIAN_POINT('',(-0.32,1.40352285275,5.45));
#4965 = LINE('',#4966,#4967);
#4966 = CARTESIAN_POINT('',(0.4,1.40352285275,5.45));
#4967 = VECTOR('',#4968,1.);
#4968 = DIRECTION('',(-1.,0.,0.));
#4969 = ORIENTED_EDGE('',*,*,#4970,.F.);
#4970 = EDGE_CURVE('',#4971,#4963,#4973,.T.);
#4971 = VERTEX_POINT('',#4972);
#4972 = CARTESIAN_POINT('',(-0.32,1.40352285275,3.45));
#4973 = LINE('',#4974,#4975);
#4974 = CARTESIAN_POINT('',(-0.32,1.40352285275,3.45));
#4975 = VECTOR('',#4976,1.);
#4976 = DIRECTION('',(0.,0.,1.));
#4977 = ORIENTED_EDGE('',*,*,#4978,.F.);
#4978 = EDGE_CURVE('',#4979,#4971,#4981,.T.);
#4979 = VERTEX_POINT('',#4980);
#4980 = CARTESIAN_POINT('',(0.32,1.40352285275,3.45));
#4981 = LINE('',#4982,#4983);
#4982 = CARTESIAN_POINT('',(0.32,1.40352285275,3.45));
#4983 = VECTOR('',#4984,1.);
#4984 = DIRECTION('',(-1.,0.,0.));
#4985 = ORIENTED_EDGE('',*,*,#4986,.T.);
#4986 = EDGE_CURVE('',#4979,#4952,#4987,.T.);
#4987 = LINE('',#4988,#4989);
#4988 = CARTESIAN_POINT('',(0.32,1.40352285275,3.45));
#4989 = VECTOR('',#4990,1.);
#4990 = DIRECTION('',(0.,0.,1.));
#4991 = PLANE('',#4992);
#4992 = AXIS2_PLACEMENT_3D('',#4993,#4994,#4995);
#4993 = CARTESIAN_POINT('',(-1.E-17,1.40352285275,6.473529411765));
#4994 = DIRECTION('',(0.,-1.,0.));
#4995 = DIRECTION('',(0.,0.,1.));
#4996 = ADVANCED_FACE('',(#4997),#5103,.T.);
#4997 = FACE_BOUND('',#4998,.T.);
#4998 = EDGE_LOOP('',(#4999,#5010,#5016,#5017,#5018,#5019,#5028,#5036,
    #5045,#5053,#5062,#5070,#5077,#5078,#5079,#5080,#5088,#5097));
#4999 = ORIENTED_EDGE('',*,*,#5000,.T.);
#5000 = EDGE_CURVE('',#5001,#5003,#5005,.T.);
#5001 = VERTEX_POINT('',#5002);
#5002 = CARTESIAN_POINT('',(0.32,-0.733238573625,5.45));
#5003 = VERTEX_POINT('',#5004);
#5004 = CARTESIAN_POINT('',(0.975,-7.823857362477E-02,5.45));
#5005 = CIRCLE('',#5006,0.655);
#5006 = AXIS2_PLACEMENT_3D('',#5007,#5008,#5009);
#5007 = CARTESIAN_POINT('',(0.32,-7.823857362477E-02,5.45));
#5008 = DIRECTION('',(0.,0.,1.));
#5009 = DIRECTION('',(-1.,0.,0.));
#5010 = ORIENTED_EDGE('',*,*,#5011,.T.);
#5011 = EDGE_CURVE('',#5003,#4845,#5012,.T.);
#5012 = LINE('',#5013,#5014);
#5013 = CARTESIAN_POINT('',(0.975,-7.823857362477E-02,5.45));
#5014 = VECTOR('',#5015,1.);
#5015 = DIRECTION('',(0.,1.,0.));
#5016 = ORIENTED_EDGE('',*,*,#4844,.T.);
#5017 = ORIENTED_EDGE('',*,*,#4650,.T.);
#5018 = ORIENTED_EDGE('',*,*,#4951,.T.);
#5019 = ORIENTED_EDGE('',*,*,#5020,.F.);
#5020 = EDGE_CURVE('',#5021,#4952,#5023,.T.);
#5021 = VERTEX_POINT('',#5022);
#5022 = CARTESIAN_POINT('',(0.711761426375,1.011761426375,5.45));
#5023 = CIRCLE('',#5024,0.391761426375);
#5024 = AXIS2_PLACEMENT_3D('',#5025,#5026,#5027);
#5025 = CARTESIAN_POINT('',(0.32,1.011761426375,5.45));
#5026 = DIRECTION('',(0.,0.,1.));
#5027 = DIRECTION('',(-1.,0.,0.));
#5028 = ORIENTED_EDGE('',*,*,#5029,.F.);
#5029 = EDGE_CURVE('',#5030,#5021,#5032,.T.);
#5030 = VERTEX_POINT('',#5031);
#5031 = CARTESIAN_POINT('',(0.711761426375,-7.823857362477E-02,5.45));
#5032 = LINE('',#5033,#5034);
#5033 = CARTESIAN_POINT('',(0.711761426375,-7.823857362477E-02,5.45));
#5034 = VECTOR('',#5035,1.);
#5035 = DIRECTION('',(0.,1.,0.));
#5036 = ORIENTED_EDGE('',*,*,#5037,.F.);
#5037 = EDGE_CURVE('',#5038,#5030,#5040,.T.);
#5038 = VERTEX_POINT('',#5039);
#5039 = CARTESIAN_POINT('',(0.32,-0.47,5.45));
#5040 = CIRCLE('',#5041,0.391761426375);
#5041 = AXIS2_PLACEMENT_3D('',#5042,#5043,#5044);
#5042 = CARTESIAN_POINT('',(0.32,-7.823857362477E-02,5.45));
#5043 = DIRECTION('',(0.,0.,1.));
#5044 = DIRECTION('',(-1.,0.,0.));
#5045 = ORIENTED_EDGE('',*,*,#5046,.F.);
#5046 = EDGE_CURVE('',#5047,#5038,#5049,.T.);
#5047 = VERTEX_POINT('',#5048);
#5048 = CARTESIAN_POINT('',(-0.32,-0.47,5.45));
#5049 = LINE('',#5050,#5051);
#5050 = CARTESIAN_POINT('',(-0.32,-0.47,5.45));
#5051 = VECTOR('',#5052,1.);
#5052 = DIRECTION('',(1.,0.,0.));
#5053 = ORIENTED_EDGE('',*,*,#5054,.F.);
#5054 = EDGE_CURVE('',#5055,#5047,#5057,.T.);
#5055 = VERTEX_POINT('',#5056);
#5056 = CARTESIAN_POINT('',(-0.711761426375,-7.823857362477E-02,5.45));
#5057 = CIRCLE('',#5058,0.391761426375);
#5058 = AXIS2_PLACEMENT_3D('',#5059,#5060,#5061);
#5059 = CARTESIAN_POINT('',(-0.32,-7.823857362477E-02,5.45));
#5060 = DIRECTION('',(0.,0.,1.));
#5061 = DIRECTION('',(-1.,0.,0.));
#5062 = ORIENTED_EDGE('',*,*,#5063,.F.);
#5063 = EDGE_CURVE('',#5064,#5055,#5066,.T.);
#5064 = VERTEX_POINT('',#5065);
#5065 = CARTESIAN_POINT('',(-0.711761426375,1.011761426375,5.45));
#5066 = LINE('',#5067,#5068);
#5067 = CARTESIAN_POINT('',(-0.711761426375,1.011761426375,5.45));
#5068 = VECTOR('',#5069,1.);
#5069 = DIRECTION('',(0.,-1.,0.));
#5070 = ORIENTED_EDGE('',*,*,#5071,.F.);
#5071 = EDGE_CURVE('',#4963,#5064,#5072,.T.);
#5072 = CIRCLE('',#5073,0.391761426375);
#5073 = AXIS2_PLACEMENT_3D('',#5074,#5075,#5076);
#5074 = CARTESIAN_POINT('',(-0.32,1.011761426375,5.45));
#5075 = DIRECTION('',(0.,0.,1.));
#5076 = DIRECTION('',(-1.,0.,0.));
#5077 = ORIENTED_EDGE('',*,*,#4962,.T.);
#5078 = ORIENTED_EDGE('',*,*,#4537,.F.);
#5079 = ORIENTED_EDGE('',*,*,#4691,.T.);
#5080 = ORIENTED_EDGE('',*,*,#5081,.T.);
#5081 = EDGE_CURVE('',#4684,#5082,#5084,.T.);
#5082 = VERTEX_POINT('',#5083);
#5083 = CARTESIAN_POINT('',(-0.975,-7.823857362477E-02,5.45));
#5084 = LINE('',#5085,#5086);
#5085 = CARTESIAN_POINT('',(-0.975,1.011761426375,5.45));
#5086 = VECTOR('',#5087,1.);
#5087 = DIRECTION('',(0.,-1.,0.));
#5088 = ORIENTED_EDGE('',*,*,#5089,.T.);
#5089 = EDGE_CURVE('',#5082,#5090,#5092,.T.);
#5090 = VERTEX_POINT('',#5091);
#5091 = CARTESIAN_POINT('',(-0.32,-0.733238573625,5.45));
#5092 = CIRCLE('',#5093,0.655);
#5093 = AXIS2_PLACEMENT_3D('',#5094,#5095,#5096);
#5094 = CARTESIAN_POINT('',(-0.32,-7.823857362477E-02,5.45));
#5095 = DIRECTION('',(0.,0.,1.));
#5096 = DIRECTION('',(-1.,0.,0.));
#5097 = ORIENTED_EDGE('',*,*,#5098,.T.);
#5098 = EDGE_CURVE('',#5090,#5001,#5099,.T.);
#5099 = LINE('',#5100,#5101);
#5100 = CARTESIAN_POINT('',(-0.32,-0.733238573625,5.45));
#5101 = VECTOR('',#5102,1.);
#5102 = DIRECTION('',(1.,0.,0.));
#5103 = PLANE('',#5104);
#5104 = AXIS2_PLACEMENT_3D('',#5105,#5106,#5107);
#5105 = CARTESIAN_POINT('',(-3.E-17,0.466761426375,5.45));
#5106 = DIRECTION('',(0.,0.,1.));
#5107 = DIRECTION('',(-1.,0.,0.));
#5108 = ADVANCED_FACE('',(#5109),#5126,.T.);
#5109 = FACE_BOUND('',#5110,.T.);
#5110 = EDGE_LOOP('',(#5111,#5112,#5120));
#5111 = ORIENTED_EDGE('',*,*,#4734,.F.);
#5112 = ORIENTED_EDGE('',*,*,#5113,.T.);
#5113 = EDGE_CURVE('',#4727,#5114,#5116,.T.);
#5114 = VERTEX_POINT('',#5115);
#5115 = CARTESIAN_POINT('',(-0.4,1.666761426375,3.45));
#5116 = LINE('',#5117,#5118);
#5117 = CARTESIAN_POINT('',(0.4,1.666761426375,3.45));
#5118 = VECTOR('',#5119,1.);
#5119 = DIRECTION('',(-1.,0.,0.));
#5120 = ORIENTED_EDGE('',*,*,#5121,.T.);
#5121 = EDGE_CURVE('',#5114,#4673,#5122,.T.);
#5122 = LINE('',#5123,#5124);
#5123 = CARTESIAN_POINT('',(-0.4,1.666761426375,3.45));
#5124 = VECTOR('',#5125,1.);
#5125 = DIRECTION('',(0.,-1.,-2.E-16));
#5126 = PLANE('',#5127);
#5127 = AXIS2_PLACEMENT_3D('',#5128,#5129,#5130);
#5128 = CARTESIAN_POINT('',(0.4,1.666761426375,3.45));
#5129 = DIRECTION('',(0.,-2.E-16,1.));
#5130 = DIRECTION('',(0.,-1.,-2.E-16));
#5131 = ADVANCED_FACE('',(#5132),#5262,.F.);
#5132 = FACE_BOUND('',#5133,.F.);
#5133 = EDGE_LOOP('',(#5134,#5145,#5151,#5152,#5160,#5166,#5175,#5183,
    #5192,#5200,#5209,#5217,#5224,#5232,#5238,#5239,#5247,#5256));
#5134 = ORIENTED_EDGE('',*,*,#5135,.T.);
#5135 = EDGE_CURVE('',#5136,#5138,#5140,.T.);
#5136 = VERTEX_POINT('',#5137);
#5137 = CARTESIAN_POINT('',(0.32,-0.733238573625,3.45));
#5138 = VERTEX_POINT('',#5139);
#5139 = CARTESIAN_POINT('',(0.975,-7.823857362477E-02,3.45));
#5140 = CIRCLE('',#5141,0.655);
#5141 = AXIS2_PLACEMENT_3D('',#5142,#5143,#5144);
#5142 = CARTESIAN_POINT('',(0.32,-7.823857362477E-02,3.45));
#5143 = DIRECTION('',(0.,0.,1.));
#5144 = DIRECTION('',(-1.,0.,0.));
#5145 = ORIENTED_EDGE('',*,*,#5146,.T.);
#5146 = EDGE_CURVE('',#5138,#4854,#5147,.T.);
#5147 = LINE('',#5148,#5149);
#5148 = CARTESIAN_POINT('',(0.975,-7.823857362477E-02,3.45));
#5149 = VECTOR('',#5150,1.);
#5150 = DIRECTION('',(0.,1.,0.));
#5151 = ORIENTED_EDGE('',*,*,#4861,.T.);
#5152 = ORIENTED_EDGE('',*,*,#5153,.T.);
#5153 = EDGE_CURVE('',#4808,#5154,#5156,.T.);
#5154 = VERTEX_POINT('',#5155);
#5155 = CARTESIAN_POINT('',(0.4,1.40352285275,3.45));
#5156 = LINE('',#5157,#5158);
#5157 = CARTESIAN_POINT('',(0.4,1.666761426375,3.45));
#5158 = VECTOR('',#5159,1.);
#5159 = DIRECTION('',(0.,-1.,-2.E-16));
#5160 = ORIENTED_EDGE('',*,*,#5161,.T.);
#5161 = EDGE_CURVE('',#5154,#4979,#5162,.T.);
#5162 = LINE('',#5163,#5164);
#5163 = CARTESIAN_POINT('',(0.4,1.40352285275,3.45));
#5164 = VECTOR('',#5165,1.);
#5165 = DIRECTION('',(-1.,0.,0.));
#5166 = ORIENTED_EDGE('',*,*,#5167,.F.);
#5167 = EDGE_CURVE('',#5168,#4979,#5170,.T.);
#5168 = VERTEX_POINT('',#5169);
#5169 = CARTESIAN_POINT('',(0.711761426375,1.011761426375,3.45));
#5170 = CIRCLE('',#5171,0.391761426375);
#5171 = AXIS2_PLACEMENT_3D('',#5172,#5173,#5174);
#5172 = CARTESIAN_POINT('',(0.32,1.011761426375,3.45));
#5173 = DIRECTION('',(0.,0.,1.));
#5174 = DIRECTION('',(-1.,0.,0.));
#5175 = ORIENTED_EDGE('',*,*,#5176,.F.);
#5176 = EDGE_CURVE('',#5177,#5168,#5179,.T.);
#5177 = VERTEX_POINT('',#5178);
#5178 = CARTESIAN_POINT('',(0.711761426375,-7.823857362477E-02,3.45));
#5179 = LINE('',#5180,#5181);
#5180 = CARTESIAN_POINT('',(0.711761426375,-7.823857362477E-02,3.45));
#5181 = VECTOR('',#5182,1.);
#5182 = DIRECTION('',(0.,1.,0.));
#5183 = ORIENTED_EDGE('',*,*,#5184,.F.);
#5184 = EDGE_CURVE('',#5185,#5177,#5187,.T.);
#5185 = VERTEX_POINT('',#5186);
#5186 = CARTESIAN_POINT('',(0.32,-0.47,3.45));
#5187 = CIRCLE('',#5188,0.391761426375);
#5188 = AXIS2_PLACEMENT_3D('',#5189,#5190,#5191);
#5189 = CARTESIAN_POINT('',(0.32,-7.823857362477E-02,3.45));
#5190 = DIRECTION('',(0.,0.,1.));
#5191 = DIRECTION('',(-1.,0.,0.));
#5192 = ORIENTED_EDGE('',*,*,#5193,.F.);
#5193 = EDGE_CURVE('',#5194,#5185,#5196,.T.);
#5194 = VERTEX_POINT('',#5195);
#5195 = CARTESIAN_POINT('',(-0.32,-0.47,3.45));
#5196 = LINE('',#5197,#5198);
#5197 = CARTESIAN_POINT('',(-0.32,-0.47,3.45));
#5198 = VECTOR('',#5199,1.);
#5199 = DIRECTION('',(1.,0.,0.));
#5200 = ORIENTED_EDGE('',*,*,#5201,.F.);
#5201 = EDGE_CURVE('',#5202,#5194,#5204,.T.);
#5202 = VERTEX_POINT('',#5203);
#5203 = CARTESIAN_POINT('',(-0.711761426375,-7.823857362477E-02,3.45));
#5204 = CIRCLE('',#5205,0.391761426375);
#5205 = AXIS2_PLACEMENT_3D('',#5206,#5207,#5208);
#5206 = CARTESIAN_POINT('',(-0.32,-7.823857362477E-02,3.45));
#5207 = DIRECTION('',(0.,0.,1.));
#5208 = DIRECTION('',(-1.,0.,0.));
#5209 = ORIENTED_EDGE('',*,*,#5210,.F.);
#5210 = EDGE_CURVE('',#5211,#5202,#5213,.T.);
#5211 = VERTEX_POINT('',#5212);
#5212 = CARTESIAN_POINT('',(-0.711761426375,1.011761426375,3.45));
#5213 = LINE('',#5214,#5215);
#5214 = CARTESIAN_POINT('',(-0.711761426375,1.011761426375,3.45));
#5215 = VECTOR('',#5216,1.);
#5216 = DIRECTION('',(0.,-1.,0.));
#5217 = ORIENTED_EDGE('',*,*,#5218,.F.);
#5218 = EDGE_CURVE('',#4971,#5211,#5219,.T.);
#5219 = CIRCLE('',#5220,0.391761426375);
#5220 = AXIS2_PLACEMENT_3D('',#5221,#5222,#5223);
#5221 = CARTESIAN_POINT('',(-0.32,1.011761426375,3.45));
#5222 = DIRECTION('',(0.,0.,1.));
#5223 = DIRECTION('',(-1.,0.,0.));
#5224 = ORIENTED_EDGE('',*,*,#5225,.T.);
#5225 = EDGE_CURVE('',#4971,#5226,#5228,.T.);
#5226 = VERTEX_POINT('',#5227);
#5227 = CARTESIAN_POINT('',(-0.4,1.40352285275,3.45));
#5228 = LINE('',#5229,#5230);
#5229 = CARTESIAN_POINT('',(0.4,1.40352285275,3.45));
#5230 = VECTOR('',#5231,1.);
#5231 = DIRECTION('',(-1.,0.,0.));
#5232 = ORIENTED_EDGE('',*,*,#5233,.F.);
#5233 = EDGE_CURVE('',#4673,#5226,#5234,.T.);
#5234 = LINE('',#5235,#5236);
#5235 = CARTESIAN_POINT('',(-0.4,1.666761426375,3.45));
#5236 = VECTOR('',#5237,1.);
#5237 = DIRECTION('',(0.,-1.,-2.E-16));
#5238 = ORIENTED_EDGE('',*,*,#4672,.T.);
#5239 = ORIENTED_EDGE('',*,*,#5240,.T.);
#5240 = EDGE_CURVE('',#4675,#5241,#5243,.T.);
#5241 = VERTEX_POINT('',#5242);
#5242 = CARTESIAN_POINT('',(-0.975,-7.823857362477E-02,3.45));
#5243 = LINE('',#5244,#5245);
#5244 = CARTESIAN_POINT('',(-0.975,1.011761426375,3.45));
#5245 = VECTOR('',#5246,1.);
#5246 = DIRECTION('',(0.,-1.,0.));
#5247 = ORIENTED_EDGE('',*,*,#5248,.T.);
#5248 = EDGE_CURVE('',#5241,#5249,#5251,.T.);
#5249 = VERTEX_POINT('',#5250);
#5250 = CARTESIAN_POINT('',(-0.32,-0.733238573625,3.45));
#5251 = CIRCLE('',#5252,0.655);
#5252 = AXIS2_PLACEMENT_3D('',#5253,#5254,#5255);
#5253 = CARTESIAN_POINT('',(-0.32,-7.823857362477E-02,3.45));
#5254 = DIRECTION('',(0.,0.,1.));
#5255 = DIRECTION('',(-1.,0.,0.));
#5256 = ORIENTED_EDGE('',*,*,#5257,.T.);
#5257 = EDGE_CURVE('',#5249,#5136,#5258,.T.);
#5258 = LINE('',#5259,#5260);
#5259 = CARTESIAN_POINT('',(-0.32,-0.733238573625,3.45));
#5260 = VECTOR('',#5261,1.);
#5261 = DIRECTION('',(1.,0.,0.));
#5262 = PLANE('',#5263);
#5263 = AXIS2_PLACEMENT_3D('',#5264,#5265,#5266);
#5264 = CARTESIAN_POINT('',(-3.E-17,0.466761426375,3.45));
#5265 = DIRECTION('',(0.,0.,1.));
#5266 = DIRECTION('',(-1.,0.,0.));
#5267 = ADVANCED_FACE('',(#5268),#5279,.F.);
#5268 = FACE_BOUND('',#5269,.F.);
#5269 = EDGE_LOOP('',(#5270,#5271,#5272,#5278));
#5270 = ORIENTED_EDGE('',*,*,#4683,.T.);
#5271 = ORIENTED_EDGE('',*,*,#5081,.T.);
#5272 = ORIENTED_EDGE('',*,*,#5273,.F.);
#5273 = EDGE_CURVE('',#5241,#5082,#5274,.T.);
#5274 = LINE('',#5275,#5276);
#5275 = CARTESIAN_POINT('',(-0.975,-7.823857362477E-02,3.45));
#5276 = VECTOR('',#5277,1.);
#5277 = DIRECTION('',(0.,0.,1.));
#5278 = ORIENTED_EDGE('',*,*,#5240,.F.);
#5279 = PLANE('',#5280);
#5280 = AXIS2_PLACEMENT_3D('',#5281,#5282,#5283);
#5281 = CARTESIAN_POINT('',(-0.975,1.011761426375,3.45));
#5282 = DIRECTION('',(1.,0.,0.));
#5283 = DIRECTION('',(0.,-1.,0.));
#5284 = ADVANCED_FACE('',(#5285),#5311,.T.);
#5285 = FACE_BOUND('',#5286,.T.);
#5286 = EDGE_LOOP('',(#5287,#5297,#5303,#5304,#5305));
#5287 = ORIENTED_EDGE('',*,*,#5288,.F.);
#5288 = EDGE_CURVE('',#5289,#5291,#5293,.T.);
#5289 = VERTEX_POINT('',#5290);
#5290 = CARTESIAN_POINT('',(-0.4,1.666761426375,3.732514167383));
#5291 = VERTEX_POINT('',#5292);
#5292 = CARTESIAN_POINT('',(-0.4,2.366761426375,5.12847));
#5293 = LINE('',#5294,#5295);
#5294 = CARTESIAN_POINT('',(-0.4,1.666761426375,3.732514167383));
#5295 = VECTOR('',#5296,1.);
#5296 = DIRECTION('',(0.,0.448249178262,0.8939086498));
#5297 = ORIENTED_EDGE('',*,*,#5298,.F.);
#5298 = EDGE_CURVE('',#4710,#5289,#5299,.T.);
#5299 = LINE('',#5300,#5301);
#5300 = CARTESIAN_POINT('',(-0.4,1.40352285275,3.765283356459));
#5301 = VECTOR('',#5302,1.);
#5302 = DIRECTION('',(-0.,0.992340678184,-0.12353128519));
#5303 = ORIENTED_EDGE('',*,*,#4709,.F.);
#5304 = ORIENTED_EDGE('',*,*,#4784,.F.);
#5305 = ORIENTED_EDGE('',*,*,#5306,.F.);
#5306 = EDGE_CURVE('',#5291,#4777,#5307,.T.);
#5307 = LINE('',#5308,#5309);
#5308 = CARTESIAN_POINT('',(-0.4,2.366761426375,5.12847));
#5309 = VECTOR('',#5310,1.);
#5310 = DIRECTION('',(0.,-0.8939086498,0.448249178262));
#5311 = PLANE('',#5312);
#5312 = AXIS2_PLACEMENT_3D('',#5313,#5314,#5315);
#5313 = CARTESIAN_POINT('',(-0.4,1.332356653177,5.661145307804));
#5314 = DIRECTION('',(-1.,0.,0.));
#5315 = DIRECTION('',(0.,0.,1.));
#5316 = ADVANCED_FACE('',(#5317),#5327,.T.);
#5317 = FACE_BOUND('',#5318,.T.);
#5318 = EDGE_LOOP('',(#5319,#5325,#5326));
#5319 = ORIENTED_EDGE('',*,*,#5320,.F.);
#5320 = EDGE_CURVE('',#4718,#5289,#5321,.T.);
#5321 = LINE('',#5322,#5323);
#5322 = CARTESIAN_POINT('',(0.4,1.666761426375,3.732514167383));
#5323 = VECTOR('',#5324,1.);
#5324 = DIRECTION('',(-1.,0.,0.));
#5325 = ORIENTED_EDGE('',*,*,#4717,.F.);
#5326 = ORIENTED_EDGE('',*,*,#5298,.T.);
#5327 = PLANE('',#5328);
#5328 = AXIS2_PLACEMENT_3D('',#5329,#5330,#5331);
#5329 = CARTESIAN_POINT('',(0.4,1.40352285275,3.765283356459));
#5330 = DIRECTION('',(0.,-0.12353128519,-0.992340678184));
#5331 = DIRECTION('',(-0.,0.992340678184,-0.12353128519));
#5332 = ADVANCED_FACE('',(#5333),#5349,.F.);
#5333 = FACE_BOUND('',#5334,.F.);
#5334 = EDGE_LOOP('',(#5335,#5341,#5342,#5348));
#5335 = ORIENTED_EDGE('',*,*,#5336,.F.);
#5336 = EDGE_CURVE('',#4810,#4727,#5337,.T.);
#5337 = LINE('',#5338,#5339);
#5338 = CARTESIAN_POINT('',(0.32,1.666761426375,3.45));
#5339 = VECTOR('',#5340,1.);
#5340 = DIRECTION('',(-1.,0.,0.));
#5341 = ORIENTED_EDGE('',*,*,#4818,.T.);
#5342 = ORIENTED_EDGE('',*,*,#5343,.T.);
#5343 = EDGE_CURVE('',#4819,#4718,#5344,.T.);
#5344 = LINE('',#5345,#5346);
#5345 = CARTESIAN_POINT('',(0.4,1.666761426375,3.732514167383));
#5346 = VECTOR('',#5347,1.);
#5347 = DIRECTION('',(-1.,0.,0.));
#5348 = ORIENTED_EDGE('',*,*,#4726,.F.);
#5349 = PLANE('',#5350);
#5350 = AXIS2_PLACEMENT_3D('',#5351,#5352,#5353);
#5351 = CARTESIAN_POINT('',(0.32,1.666761426375,3.45));
#5352 = DIRECTION('',(0.,-1.,0.));
#5353 = DIRECTION('',(-1.,0.,0.));
#5354 = ADVANCED_FACE('',(#5355),#5381,.F.);
#5355 = FACE_BOUND('',#5356,.F.);
#5356 = EDGE_LOOP('',(#5357,#5367,#5373,#5374,#5375));
#5357 = ORIENTED_EDGE('',*,*,#5358,.F.);
#5358 = EDGE_CURVE('',#5359,#5361,#5363,.T.);
#5359 = VERTEX_POINT('',#5360);
#5360 = CARTESIAN_POINT('',(0.4,1.666761426375,3.732514167383));
#5361 = VERTEX_POINT('',#5362);
#5362 = CARTESIAN_POINT('',(0.4,2.366761426375,5.12847));
#5363 = LINE('',#5364,#5365);
#5364 = CARTESIAN_POINT('',(0.4,1.666761426375,3.732514167383));
#5365 = VECTOR('',#5366,1.);
#5366 = DIRECTION('',(0.,0.448249178262,0.8939086498));
#5367 = ORIENTED_EDGE('',*,*,#5368,.F.);
#5368 = EDGE_CURVE('',#4827,#5359,#5369,.T.);
#5369 = LINE('',#5370,#5371);
#5370 = CARTESIAN_POINT('',(0.4,1.40352285275,3.765283356459));
#5371 = VECTOR('',#5372,1.);
#5372 = DIRECTION('',(-0.,0.992340678184,-0.12353128519));
#5373 = ORIENTED_EDGE('',*,*,#4835,.F.);
#5374 = ORIENTED_EDGE('',*,*,#4766,.F.);
#5375 = ORIENTED_EDGE('',*,*,#5376,.F.);
#5376 = EDGE_CURVE('',#5361,#4767,#5377,.T.);
#5377 = LINE('',#5378,#5379);
#5378 = CARTESIAN_POINT('',(0.4,2.366761426375,5.12847));
#5379 = VECTOR('',#5380,1.);
#5380 = DIRECTION('',(0.,-0.8939086498,0.448249178262));
#5381 = PLANE('',#5382);
#5382 = AXIS2_PLACEMENT_3D('',#5383,#5384,#5385);
#5383 = CARTESIAN_POINT('',(0.4,1.332356653177,5.661145307804));
#5384 = DIRECTION('',(-1.,0.,0.));
#5385 = DIRECTION('',(0.,0.,1.));
#5386 = ADVANCED_FACE('',(#5387),#5398,.T.);
#5387 = FACE_BOUND('',#5388,.T.);
#5388 = EDGE_LOOP('',(#5389,#5395,#5396,#5397));
#5389 = ORIENTED_EDGE('',*,*,#5390,.T.);
#5390 = EDGE_CURVE('',#5361,#5291,#5391,.T.);
#5391 = LINE('',#5392,#5393);
#5392 = CARTESIAN_POINT('',(0.4,2.366761426375,5.12847));
#5393 = VECTOR('',#5394,1.);
#5394 = DIRECTION('',(-1.,0.,0.));
#5395 = ORIENTED_EDGE('',*,*,#5306,.T.);
#5396 = ORIENTED_EDGE('',*,*,#4776,.F.);
#5397 = ORIENTED_EDGE('',*,*,#5376,.F.);
#5398 = PLANE('',#5399);
#5399 = AXIS2_PLACEMENT_3D('',#5400,#5401,#5402);
#5400 = CARTESIAN_POINT('',(0.4,2.366761426375,5.12847));
#5401 = DIRECTION('',(0.,0.448249178262,0.8939086498));
#5402 = DIRECTION('',(0.,-0.8939086498,0.448249178262));
#5403 = ADVANCED_FACE('',(#5404),#5421,.T.);
#5404 = FACE_BOUND('',#5405,.T.);
#5405 = EDGE_LOOP('',(#5406,#5414,#5420));
#5406 = ORIENTED_EDGE('',*,*,#5407,.F.);
#5407 = EDGE_CURVE('',#5408,#4808,#5410,.T.);
#5408 = VERTEX_POINT('',#5409);
#5409 = CARTESIAN_POINT('',(0.4,1.666761426375,3.45));
#5410 = LINE('',#5411,#5412);
#5411 = CARTESIAN_POINT('',(0.4,1.666761426375,3.45));
#5412 = VECTOR('',#5413,1.);
#5413 = DIRECTION('',(0.,-1.,-2.E-16));
#5414 = ORIENTED_EDGE('',*,*,#5415,.T.);
#5415 = EDGE_CURVE('',#5408,#4810,#5416,.T.);
#5416 = LINE('',#5417,#5418);
#5417 = CARTESIAN_POINT('',(0.4,1.666761426375,3.45));
#5418 = VECTOR('',#5419,1.);
#5419 = DIRECTION('',(-1.,0.,0.));
#5420 = ORIENTED_EDGE('',*,*,#4807,.F.);
#5421 = PLANE('',#5422);
#5422 = AXIS2_PLACEMENT_3D('',#5423,#5424,#5425);
#5423 = CARTESIAN_POINT('',(0.4,1.666761426375,3.45));
#5424 = DIRECTION('',(0.,-2.E-16,1.));
#5425 = DIRECTION('',(0.,-1.,-2.E-16));
#5426 = ADVANCED_FACE('',(#5427),#5437,.T.);
#5427 = FACE_BOUND('',#5428,.T.);
#5428 = EDGE_LOOP('',(#5429,#5430,#5431));
#5429 = ORIENTED_EDGE('',*,*,#5368,.F.);
#5430 = ORIENTED_EDGE('',*,*,#4826,.F.);
#5431 = ORIENTED_EDGE('',*,*,#5432,.F.);
#5432 = EDGE_CURVE('',#5359,#4819,#5433,.T.);
#5433 = LINE('',#5434,#5435);
#5434 = CARTESIAN_POINT('',(0.4,1.666761426375,3.732514167383));
#5435 = VECTOR('',#5436,1.);
#5436 = DIRECTION('',(-1.,0.,0.));
#5437 = PLANE('',#5438);
#5438 = AXIS2_PLACEMENT_3D('',#5439,#5440,#5441);
#5439 = CARTESIAN_POINT('',(0.4,1.40352285275,3.765283356459));
#5440 = DIRECTION('',(0.,-0.12353128519,-0.992340678184));
#5441 = DIRECTION('',(-0.,0.992340678184,-0.12353128519));
#5442 = ADVANCED_FACE('',(#5443),#5454,.F.);
#5443 = FACE_BOUND('',#5444,.F.);
#5444 = EDGE_LOOP('',(#5445,#5451,#5452,#5453));
#5445 = ORIENTED_EDGE('',*,*,#5446,.T.);
#5446 = EDGE_CURVE('',#5138,#5003,#5447,.T.);
#5447 = LINE('',#5448,#5449);
#5448 = CARTESIAN_POINT('',(0.975,-7.823857362477E-02,3.45));
#5449 = VECTOR('',#5450,1.);
#5450 = DIRECTION('',(0.,0.,1.));
#5451 = ORIENTED_EDGE('',*,*,#5011,.T.);
#5452 = ORIENTED_EDGE('',*,*,#4853,.F.);
#5453 = ORIENTED_EDGE('',*,*,#5146,.F.);
#5454 = PLANE('',#5455);
#5455 = AXIS2_PLACEMENT_3D('',#5456,#5457,#5458);
#5456 = CARTESIAN_POINT('',(0.975,-7.823857362477E-02,3.45));
#5457 = DIRECTION('',(-1.,0.,0.));
#5458 = DIRECTION('',(0.,1.,0.));
#5459 = ADVANCED_FACE('',(#5460),#5471,.F.);
#5460 = FACE_BOUND('',#5461,.F.);
#5461 = EDGE_LOOP('',(#5462,#5468,#5469,#5470));
#5462 = ORIENTED_EDGE('',*,*,#5463,.T.);
#5463 = EDGE_CURVE('',#4889,#4935,#5464,.T.);
#5464 = LINE('',#5465,#5466);
#5465 = CARTESIAN_POINT('',(-0.698564,0.170214,9.45));
#5466 = VECTOR('',#5467,1.);
#5467 = DIRECTION('',(0.,0.,-1.));
#5468 = ORIENTED_EDGE('',*,*,#4934,.T.);
#5469 = ORIENTED_EDGE('',*,*,#5463,.F.);
#5470 = ORIENTED_EDGE('',*,*,#4888,.F.);
#5471 = CYLINDRICAL_SURFACE('',#5472,0.698564);
#5472 = AXIS2_PLACEMENT_3D('',#5473,#5474,#5475);
#5473 = CARTESIAN_POINT('',(-2.E-17,0.170214,9.45));
#5474 = DIRECTION('',(0.,0.,1.));
#5475 = DIRECTION('',(-1.,0.,0.));
#5476 = ADVANCED_FACE('',(#5477),#5488,.F.);
#5477 = FACE_BOUND('',#5478,.F.);
#5478 = EDGE_LOOP('',(#5479,#5480,#5481,#5482));
#5479 = ORIENTED_EDGE('',*,*,#5167,.T.);
#5480 = ORIENTED_EDGE('',*,*,#4986,.T.);
#5481 = ORIENTED_EDGE('',*,*,#5020,.F.);
#5482 = ORIENTED_EDGE('',*,*,#5483,.F.);
#5483 = EDGE_CURVE('',#5168,#5021,#5484,.T.);
#5484 = LINE('',#5485,#5486);
#5485 = CARTESIAN_POINT('',(0.711761426375,1.011761426375,3.45));
#5486 = VECTOR('',#5487,1.);
#5487 = DIRECTION('',(0.,0.,1.));
#5488 = CYLINDRICAL_SURFACE('',#5489,0.391761426375);
#5489 = AXIS2_PLACEMENT_3D('',#5490,#5491,#5492);
#5490 = CARTESIAN_POINT('',(0.32,1.011761426375,3.45));
#5491 = DIRECTION('',(0.,0.,-1.));
#5492 = DIRECTION('',(-1.,0.,0.));
#5493 = ADVANCED_FACE('',(#5494),#5523,.F.);
#5494 = FACE_BOUND('',#5495,.F.);
#5495 = EDGE_LOOP('',(#5496,#5505,#5513,#5520,#5521,#5522));
#5496 = ORIENTED_EDGE('',*,*,#5497,.T.);
#5497 = EDGE_CURVE('',#5154,#5498,#5500,.T.);
#5498 = VERTEX_POINT('',#5499);
#5499 = CARTESIAN_POINT('',(0.4,1.114684484901,3.336392809704));
#5500 = CIRCLE('',#5501,0.166761426375);
#5501 = AXIS2_PLACEMENT_3D('',#5502,#5503,#5504);
#5502 = CARTESIAN_POINT('',(0.4,1.236761426375,3.45));
#5503 = DIRECTION('',(-1.,0.,0.));
#5504 = DIRECTION('',(0.,-1.,0.));
#5505 = ORIENTED_EDGE('',*,*,#5506,.T.);
#5506 = EDGE_CURVE('',#5498,#5507,#5509,.T.);
#5507 = VERTEX_POINT('',#5508);
#5508 = CARTESIAN_POINT('',(-0.4,1.114684484901,3.336392809704));
#5509 = LINE('',#5510,#5511);
#5510 = CARTESIAN_POINT('',(0.4,1.114684484901,3.336392809704));
#5511 = VECTOR('',#5512,1.);
#5512 = DIRECTION('',(-1.,0.,0.));
#5513 = ORIENTED_EDGE('',*,*,#5514,.F.);
#5514 = EDGE_CURVE('',#5226,#5507,#5515,.T.);
#5515 = CIRCLE('',#5516,0.166761426375);
#5516 = AXIS2_PLACEMENT_3D('',#5517,#5518,#5519);
#5517 = CARTESIAN_POINT('',(-0.4,1.236761426375,3.45));
#5518 = DIRECTION('',(-1.,0.,0.));
#5519 = DIRECTION('',(0.,-1.,0.));
#5520 = ORIENTED_EDGE('',*,*,#5225,.F.);
#5521 = ORIENTED_EDGE('',*,*,#4978,.F.);
#5522 = ORIENTED_EDGE('',*,*,#5161,.F.);
#5523 = CYLINDRICAL_SURFACE('',#5524,0.166761426375);
#5524 = AXIS2_PLACEMENT_3D('',#5525,#5526,#5527);
#5525 = CARTESIAN_POINT('',(0.4,1.236761426375,3.45));
#5526 = DIRECTION('',(1.,0.,-0.));
#5527 = DIRECTION('',(0.,-1.,0.));
#5528 = ADVANCED_FACE('',(#5529),#5540,.F.);
#5529 = FACE_BOUND('',#5530,.F.);
#5530 = EDGE_LOOP('',(#5531,#5532,#5538,#5539));
#5531 = ORIENTED_EDGE('',*,*,#5218,.T.);
#5532 = ORIENTED_EDGE('',*,*,#5533,.T.);
#5533 = EDGE_CURVE('',#5211,#5064,#5534,.T.);
#5534 = LINE('',#5535,#5536);
#5535 = CARTESIAN_POINT('',(-0.711761426375,1.011761426375,3.45));
#5536 = VECTOR('',#5537,1.);
#5537 = DIRECTION('',(0.,0.,1.));
#5538 = ORIENTED_EDGE('',*,*,#5071,.F.);
#5539 = ORIENTED_EDGE('',*,*,#4970,.F.);
#5540 = CYLINDRICAL_SURFACE('',#5541,0.391761426375);
#5541 = AXIS2_PLACEMENT_3D('',#5542,#5543,#5544);
#5542 = CARTESIAN_POINT('',(-0.32,1.011761426375,3.45));
#5543 = DIRECTION('',(0.,0.,-1.));
#5544 = DIRECTION('',(-1.,0.,0.));
#5545 = ADVANCED_FACE('',(#5546),#5557,.T.);
#5546 = FACE_BOUND('',#5547,.T.);
#5547 = EDGE_LOOP('',(#5548,#5549,#5550,#5551));
#5548 = ORIENTED_EDGE('',*,*,#5135,.T.);
#5549 = ORIENTED_EDGE('',*,*,#5446,.T.);
#5550 = ORIENTED_EDGE('',*,*,#5000,.F.);
#5551 = ORIENTED_EDGE('',*,*,#5552,.F.);
#5552 = EDGE_CURVE('',#5136,#5001,#5553,.T.);
#5553 = LINE('',#5554,#5555);
#5554 = CARTESIAN_POINT('',(0.32,-0.733238573625,3.45));
#5555 = VECTOR('',#5556,1.);
#5556 = DIRECTION('',(0.,0.,1.));
#5557 = CYLINDRICAL_SURFACE('',#5558,0.655);
#5558 = AXIS2_PLACEMENT_3D('',#5559,#5560,#5561);
#5559 = CARTESIAN_POINT('',(0.32,-7.823857362477E-02,3.45));
#5560 = DIRECTION('',(0.,0.,-1.));
#5561 = DIRECTION('',(-1.,0.,0.));
#5562 = ADVANCED_FACE('',(#5563),#5574,.F.);
#5563 = FACE_BOUND('',#5564,.F.);
#5564 = EDGE_LOOP('',(#5565,#5571,#5572,#5573));
#5565 = ORIENTED_EDGE('',*,*,#5566,.T.);
#5566 = EDGE_CURVE('',#5249,#5090,#5567,.T.);
#5567 = LINE('',#5568,#5569);
#5568 = CARTESIAN_POINT('',(-0.32,-0.733238573625,3.45));
#5569 = VECTOR('',#5570,1.);
#5570 = DIRECTION('',(0.,0.,1.));
#5571 = ORIENTED_EDGE('',*,*,#5098,.T.);
#5572 = ORIENTED_EDGE('',*,*,#5552,.F.);
#5573 = ORIENTED_EDGE('',*,*,#5257,.F.);
#5574 = PLANE('',#5575);
#5575 = AXIS2_PLACEMENT_3D('',#5576,#5577,#5578);
#5576 = CARTESIAN_POINT('',(-0.32,-0.733238573625,3.45));
#5577 = DIRECTION('',(0.,1.,0.));
#5578 = DIRECTION('',(1.,0.,0.));
#5579 = ADVANCED_FACE('',(#5580),#5586,.T.);
#5580 = FACE_BOUND('',#5581,.T.);
#5581 = EDGE_LOOP('',(#5582,#5583,#5584,#5585));
#5582 = ORIENTED_EDGE('',*,*,#5248,.T.);
#5583 = ORIENTED_EDGE('',*,*,#5566,.T.);
#5584 = ORIENTED_EDGE('',*,*,#5089,.F.);
#5585 = ORIENTED_EDGE('',*,*,#5273,.F.);
#5586 = CYLINDRICAL_SURFACE('',#5587,0.655);
#5587 = AXIS2_PLACEMENT_3D('',#5588,#5589,#5590);
#5588 = CARTESIAN_POINT('',(-0.32,-7.823857362477E-02,3.45));
#5589 = DIRECTION('',(0.,0.,-1.));
#5590 = DIRECTION('',(-1.,0.,0.));
#5591 = ADVANCED_FACE('',(#5592),#5603,.T.);
#5592 = FACE_BOUND('',#5593,.T.);
#5593 = EDGE_LOOP('',(#5594,#5595,#5596,#5602));
#5594 = ORIENTED_EDGE('',*,*,#5533,.T.);
#5595 = ORIENTED_EDGE('',*,*,#5063,.T.);
#5596 = ORIENTED_EDGE('',*,*,#5597,.F.);
#5597 = EDGE_CURVE('',#5202,#5055,#5598,.T.);
#5598 = LINE('',#5599,#5600);
#5599 = CARTESIAN_POINT('',(-0.711761426375,-7.823857362477E-02,3.45));
#5600 = VECTOR('',#5601,1.);
#5601 = DIRECTION('',(0.,0.,1.));
#5602 = ORIENTED_EDGE('',*,*,#5210,.F.);
#5603 = PLANE('',#5604);
#5604 = AXIS2_PLACEMENT_3D('',#5605,#5606,#5607);
#5605 = CARTESIAN_POINT('',(-0.711761426375,1.011761426375,3.45));
#5606 = DIRECTION('',(1.,0.,0.));
#5607 = DIRECTION('',(0.,-1.,0.));
#5608 = ADVANCED_FACE('',(#5609),#5620,.F.);
#5609 = FACE_BOUND('',#5610,.F.);
#5610 = EDGE_LOOP('',(#5611,#5612,#5618,#5619));
#5611 = ORIENTED_EDGE('',*,*,#5201,.T.);
#5612 = ORIENTED_EDGE('',*,*,#5613,.T.);
#5613 = EDGE_CURVE('',#5194,#5047,#5614,.T.);
#5614 = LINE('',#5615,#5616);
#5615 = CARTESIAN_POINT('',(-0.32,-0.47,3.45));
#5616 = VECTOR('',#5617,1.);
#5617 = DIRECTION('',(0.,0.,1.));
#5618 = ORIENTED_EDGE('',*,*,#5054,.F.);
#5619 = ORIENTED_EDGE('',*,*,#5597,.F.);
#5620 = CYLINDRICAL_SURFACE('',#5621,0.391761426375);
#5621 = AXIS2_PLACEMENT_3D('',#5622,#5623,#5624);
#5622 = CARTESIAN_POINT('',(-0.32,-7.823857362477E-02,3.45));
#5623 = DIRECTION('',(0.,0.,-1.));
#5624 = DIRECTION('',(-1.,0.,0.));
#5625 = ADVANCED_FACE('',(#5626),#5637,.T.);
#5626 = FACE_BOUND('',#5627,.T.);
#5627 = EDGE_LOOP('',(#5628,#5629,#5630,#5636));
#5628 = ORIENTED_EDGE('',*,*,#5613,.T.);
#5629 = ORIENTED_EDGE('',*,*,#5046,.T.);
#5630 = ORIENTED_EDGE('',*,*,#5631,.F.);
#5631 = EDGE_CURVE('',#5185,#5038,#5632,.T.);
#5632 = LINE('',#5633,#5634);
#5633 = CARTESIAN_POINT('',(0.32,-0.47,3.45));
#5634 = VECTOR('',#5635,1.);
#5635 = DIRECTION('',(0.,0.,1.));
#5636 = ORIENTED_EDGE('',*,*,#5193,.F.);
#5637 = PLANE('',#5638);
#5638 = AXIS2_PLACEMENT_3D('',#5639,#5640,#5641);
#5639 = CARTESIAN_POINT('',(-0.32,-0.47,3.45));
#5640 = DIRECTION('',(0.,1.,0.));
#5641 = DIRECTION('',(1.,0.,0.));
#5642 = ADVANCED_FACE('',(#5643),#5654,.F.);
#5643 = FACE_BOUND('',#5644,.F.);
#5644 = EDGE_LOOP('',(#5645,#5646,#5652,#5653));
#5645 = ORIENTED_EDGE('',*,*,#5184,.T.);
#5646 = ORIENTED_EDGE('',*,*,#5647,.T.);
#5647 = EDGE_CURVE('',#5177,#5030,#5648,.T.);
#5648 = LINE('',#5649,#5650);
#5649 = CARTESIAN_POINT('',(0.711761426375,-7.823857362477E-02,3.45));
#5650 = VECTOR('',#5651,1.);
#5651 = DIRECTION('',(0.,0.,1.));
#5652 = ORIENTED_EDGE('',*,*,#5037,.F.);
#5653 = ORIENTED_EDGE('',*,*,#5631,.F.);
#5654 = CYLINDRICAL_SURFACE('',#5655,0.391761426375);
#5655 = AXIS2_PLACEMENT_3D('',#5656,#5657,#5658);
#5656 = CARTESIAN_POINT('',(0.32,-7.823857362477E-02,3.45));
#5657 = DIRECTION('',(0.,0.,-1.));
#5658 = DIRECTION('',(-1.,0.,0.));
#5659 = ADVANCED_FACE('',(#5660),#5666,.T.);
#5660 = FACE_BOUND('',#5661,.T.);
#5661 = EDGE_LOOP('',(#5662,#5663,#5664,#5665));
#5662 = ORIENTED_EDGE('',*,*,#5647,.T.);
#5663 = ORIENTED_EDGE('',*,*,#5029,.T.);
#5664 = ORIENTED_EDGE('',*,*,#5483,.F.);
#5665 = ORIENTED_EDGE('',*,*,#5176,.F.);
#5666 = PLANE('',#5667);
#5667 = AXIS2_PLACEMENT_3D('',#5668,#5669,#5670);
#5668 = CARTESIAN_POINT('',(0.711761426375,-7.823857362477E-02,3.45));
#5669 = DIRECTION('',(-1.,0.,0.));
#5670 = DIRECTION('',(0.,1.,0.));
#5671 = ADVANCED_FACE('',(#5672),#5760,.T.);
#5672 = FACE_BOUND('',#5673,.F.);
#5673 = EDGE_LOOP('',(#5674,#5675,#5676,#5677,#5685,#5694,#5702,#5711,
    #5719,#5728,#5736,#5745,#5753));
#5674 = ORIENTED_EDGE('',*,*,#5121,.T.);
#5675 = ORIENTED_EDGE('',*,*,#5233,.T.);
#5676 = ORIENTED_EDGE('',*,*,#5514,.T.);
#5677 = ORIENTED_EDGE('',*,*,#5678,.T.);
#5678 = EDGE_CURVE('',#5507,#5679,#5681,.T.);
#5679 = VERTEX_POINT('',#5680);
#5680 = CARTESIAN_POINT('',(-0.4,0.507864340432,3.988453186061));
#5681 = LINE('',#5682,#5683);
#5682 = CARTESIAN_POINT('',(-0.4,1.114684484901,3.336392809704));
#5683 = VECTOR('',#5684,1.);
#5684 = DIRECTION('',(0.,-0.681255808167,0.73204543837));
#5685 = ORIENTED_EDGE('',*,*,#5686,.T.);
#5686 = EDGE_CURVE('',#5679,#5687,#5689,.T.);
#5687 = VERTEX_POINT('',#5688);
#5688 = CARTESIAN_POINT('',(-0.4,0.433238573625,4.178184));
#5689 = CIRCLE('',#5690,0.278501572631);
#5690 = AXIS2_PLACEMENT_3D('',#5691,#5692,#5693);
#5691 = CARTESIAN_POINT('',(-0.4,0.711740146256,4.178184));
#5692 = DIRECTION('',(-1.,0.,0.));
#5693 = DIRECTION('',(0.,-1.,0.));
#5694 = ORIENTED_EDGE('',*,*,#5695,.T.);
#5695 = EDGE_CURVE('',#5687,#5696,#5698,.T.);
#5696 = VERTEX_POINT('',#5697);
#5697 = CARTESIAN_POINT('',(-0.4,0.433238573625,4.685074494728));
#5698 = LINE('',#5699,#5700);
#5699 = CARTESIAN_POINT('',(-0.4,0.433238573625,4.178184));
#5700 = VECTOR('',#5701,1.);
#5701 = DIRECTION('',(0.,0.,1.));
#5702 = ORIENTED_EDGE('',*,*,#5703,.T.);
#5703 = EDGE_CURVE('',#5696,#5704,#5706,.T.);
#5704 = VERTEX_POINT('',#5705);
#5705 = CARTESIAN_POINT('',(-0.4,0.575234225212,4.952153180724));
#5706 = CIRCLE('',#5707,0.332497);
#5707 = AXIS2_PLACEMENT_3D('',#5708,#5709,#5710);
#5708 = CARTESIAN_POINT('',(-0.4,0.765690642056,4.679608490276));
#5709 = DIRECTION('',(-1.,0.,0.));
#5710 = DIRECTION('',(0.,-1.,0.));
#5711 = ORIENTED_EDGE('',*,*,#5712,.F.);
#5712 = EDGE_CURVE('',#5713,#5704,#5715,.T.);
#5713 = VERTEX_POINT('',#5714);
#5714 = CARTESIAN_POINT('',(-0.4,0.424460852439,5.167911110498));
#5715 = LINE('',#5716,#5717);
#5716 = CARTESIAN_POINT('',(-0.4,0.424460852439,5.167911110498));
#5717 = VECTOR('',#5718,1.);
#5718 = DIRECTION('',(-0.,0.572806421845,-0.819690675251));
#5719 = ORIENTED_EDGE('',*,*,#5720,.F.);
#5720 = EDGE_CURVE('',#5721,#5713,#5723,.T.);
#5721 = VERTEX_POINT('',#5722);
#5722 = CARTESIAN_POINT('',(-0.4,0.17,4.685074494728));
#5723 = CIRCLE('',#5724,0.595715719314);
#5724 = AXIS2_PLACEMENT_3D('',#5725,#5726,#5727);
#5725 = CARTESIAN_POINT('',(-0.4,0.765690642056,4.679608490276));
#5726 = DIRECTION('',(-1.,0.,0.));
#5727 = DIRECTION('',(0.,-1.,0.));
#5728 = ORIENTED_EDGE('',*,*,#5729,.F.);
#5729 = EDGE_CURVE('',#5730,#5721,#5732,.T.);
#5730 = VERTEX_POINT('',#5731);
#5731 = CARTESIAN_POINT('',(-0.4,0.17,4.178184));
#5732 = LINE('',#5733,#5734);
#5733 = CARTESIAN_POINT('',(-0.4,0.17,4.178184));
#5734 = VECTOR('',#5735,1.);
#5735 = DIRECTION('',(0.,-1.1E-16,1.));
#5736 = ORIENTED_EDGE('',*,*,#5737,.F.);
#5737 = EDGE_CURVE('',#5738,#5730,#5740,.T.);
#5738 = VERTEX_POINT('',#5739);
#5739 = CARTESIAN_POINT('',(-0.4,0.315161743407,3.809120378846));
#5740 = CIRCLE('',#5741,0.541740146256);
#5741 = AXIS2_PLACEMENT_3D('',#5742,#5743,#5744);
#5742 = CARTESIAN_POINT('',(-0.4,0.711740146256,4.178184));
#5743 = DIRECTION('',(-1.,0.,0.));
#5744 = DIRECTION('',(0.,-1.,0.));
#5745 = ORIENTED_EDGE('',*,*,#5746,.F.);
#5746 = EDGE_CURVE('',#5747,#5738,#5749,.T.);
#5747 = VERTEX_POINT('',#5748);
#5748 = CARTESIAN_POINT('',(-0.4,0.921981887876,3.157060002488));
#5749 = LINE('',#5750,#5751);
#5750 = CARTESIAN_POINT('',(-0.4,0.921981887876,3.157060002488));
#5751 = VECTOR('',#5752,1.);
#5752 = DIRECTION('',(0.,-0.681255808167,0.73204543837));
#5753 = ORIENTED_EDGE('',*,*,#5754,.F.);
#5754 = EDGE_CURVE('',#5114,#5747,#5755,.T.);
#5755 = CIRCLE('',#5756,0.43);
#5756 = AXIS2_PLACEMENT_3D('',#5757,#5758,#5759);
#5757 = CARTESIAN_POINT('',(-0.4,1.236761426375,3.45));
#5758 = DIRECTION('',(-1.,0.,0.));
#5759 = DIRECTION('',(0.,-1.,0.));
#5760 = PLANE('',#5761);
#5761 = AXIS2_PLACEMENT_3D('',#5762,#5763,#5764);
#5762 = CARTESIAN_POINT('',(-0.4,1.332356653177,5.661145307804));
#5763 = DIRECTION('',(-1.,0.,0.));
#5764 = DIRECTION('',(0.,0.,1.));
#5765 = ADVANCED_FACE('',(#5766),#5787,.T.);
#5766 = FACE_BOUND('',#5767,.T.);
#5767 = EDGE_LOOP('',(#5768,#5777,#5783,#5784,#5785,#5786));
#5768 = ORIENTED_EDGE('',*,*,#5769,.T.);
#5769 = EDGE_CURVE('',#5408,#5770,#5772,.T.);
#5770 = VERTEX_POINT('',#5771);
#5771 = CARTESIAN_POINT('',(0.4,0.921981887876,3.157060002488));
#5772 = CIRCLE('',#5773,0.43);
#5773 = AXIS2_PLACEMENT_3D('',#5774,#5775,#5776);
#5774 = CARTESIAN_POINT('',(0.4,1.236761426375,3.45));
#5775 = DIRECTION('',(-1.,0.,0.));
#5776 = DIRECTION('',(0.,-1.,0.));
#5777 = ORIENTED_EDGE('',*,*,#5778,.T.);
#5778 = EDGE_CURVE('',#5770,#5747,#5779,.T.);
#5779 = LINE('',#5780,#5781);
#5780 = CARTESIAN_POINT('',(0.4,0.921981887876,3.157060002488));
#5781 = VECTOR('',#5782,1.);
#5782 = DIRECTION('',(-1.,0.,0.));
#5783 = ORIENTED_EDGE('',*,*,#5754,.F.);
#5784 = ORIENTED_EDGE('',*,*,#5113,.F.);
#5785 = ORIENTED_EDGE('',*,*,#5336,.F.);
#5786 = ORIENTED_EDGE('',*,*,#5415,.F.);
#5787 = CYLINDRICAL_SURFACE('',#5788,0.43);
#5788 = AXIS2_PLACEMENT_3D('',#5789,#5790,#5791);
#5789 = CARTESIAN_POINT('',(0.4,1.236761426375,3.45));
#5790 = DIRECTION('',(1.,0.,-0.));
#5791 = DIRECTION('',(0.,-1.,0.));
#5792 = ADVANCED_FACE('',(#5793),#5873,.F.);
#5793 = FACE_BOUND('',#5794,.T.);
#5794 = EDGE_LOOP('',(#5795,#5796,#5797,#5798,#5806,#5815,#5823,#5832,
    #5840,#5849,#5857,#5866,#5872));
#5795 = ORIENTED_EDGE('',*,*,#5407,.T.);
#5796 = ORIENTED_EDGE('',*,*,#5153,.T.);
#5797 = ORIENTED_EDGE('',*,*,#5497,.T.);
#5798 = ORIENTED_EDGE('',*,*,#5799,.T.);
#5799 = EDGE_CURVE('',#5498,#5800,#5802,.T.);
#5800 = VERTEX_POINT('',#5801);
#5801 = CARTESIAN_POINT('',(0.4,0.507864340432,3.988453186061));
#5802 = LINE('',#5803,#5804);
#5803 = CARTESIAN_POINT('',(0.4,1.114684484901,3.336392809704));
#5804 = VECTOR('',#5805,1.);
#5805 = DIRECTION('',(0.,-0.681255808167,0.73204543837));
#5806 = ORIENTED_EDGE('',*,*,#5807,.T.);
#5807 = EDGE_CURVE('',#5800,#5808,#5810,.T.);
#5808 = VERTEX_POINT('',#5809);
#5809 = CARTESIAN_POINT('',(0.4,0.433238573625,4.178184));
#5810 = CIRCLE('',#5811,0.278501572631);
#5811 = AXIS2_PLACEMENT_3D('',#5812,#5813,#5814);
#5812 = CARTESIAN_POINT('',(0.4,0.711740146256,4.178184));
#5813 = DIRECTION('',(-1.,0.,0.));
#5814 = DIRECTION('',(0.,-1.,0.));
#5815 = ORIENTED_EDGE('',*,*,#5816,.T.);
#5816 = EDGE_CURVE('',#5808,#5817,#5819,.T.);
#5817 = VERTEX_POINT('',#5818);
#5818 = CARTESIAN_POINT('',(0.4,0.433238573625,4.685074494728));
#5819 = LINE('',#5820,#5821);
#5820 = CARTESIAN_POINT('',(0.4,0.433238573625,4.178184));
#5821 = VECTOR('',#5822,1.);
#5822 = DIRECTION('',(0.,0.,1.));
#5823 = ORIENTED_EDGE('',*,*,#5824,.T.);
#5824 = EDGE_CURVE('',#5817,#5825,#5827,.T.);
#5825 = VERTEX_POINT('',#5826);
#5826 = CARTESIAN_POINT('',(0.4,0.575234225212,4.952153180724));
#5827 = CIRCLE('',#5828,0.332497);
#5828 = AXIS2_PLACEMENT_3D('',#5829,#5830,#5831);
#5829 = CARTESIAN_POINT('',(0.4,0.765690642056,4.679608490276));
#5830 = DIRECTION('',(-1.,0.,0.));
#5831 = DIRECTION('',(0.,-1.,0.));
#5832 = ORIENTED_EDGE('',*,*,#5833,.F.);
#5833 = EDGE_CURVE('',#5834,#5825,#5836,.T.);
#5834 = VERTEX_POINT('',#5835);
#5835 = CARTESIAN_POINT('',(0.4,0.424460852439,5.167911110498));
#5836 = LINE('',#5837,#5838);
#5837 = CARTESIAN_POINT('',(0.4,0.424460852439,5.167911110498));
#5838 = VECTOR('',#5839,1.);
#5839 = DIRECTION('',(-0.,0.572806421845,-0.819690675251));
#5840 = ORIENTED_EDGE('',*,*,#5841,.F.);
#5841 = EDGE_CURVE('',#5842,#5834,#5844,.T.);
#5842 = VERTEX_POINT('',#5843);
#5843 = CARTESIAN_POINT('',(0.4,0.17,4.685074494728));
#5844 = CIRCLE('',#5845,0.595715719314);
#5845 = AXIS2_PLACEMENT_3D('',#5846,#5847,#5848);
#5846 = CARTESIAN_POINT('',(0.4,0.765690642056,4.679608490276));
#5847 = DIRECTION('',(-1.,0.,0.));
#5848 = DIRECTION('',(0.,-1.,0.));
#5849 = ORIENTED_EDGE('',*,*,#5850,.F.);
#5850 = EDGE_CURVE('',#5851,#5842,#5853,.T.);
#5851 = VERTEX_POINT('',#5852);
#5852 = CARTESIAN_POINT('',(0.4,0.17,4.178184));
#5853 = LINE('',#5854,#5855);
#5854 = CARTESIAN_POINT('',(0.4,0.17,4.178184));
#5855 = VECTOR('',#5856,1.);
#5856 = DIRECTION('',(0.,-1.1E-16,1.));
#5857 = ORIENTED_EDGE('',*,*,#5858,.F.);
#5858 = EDGE_CURVE('',#5859,#5851,#5861,.T.);
#5859 = VERTEX_POINT('',#5860);
#5860 = CARTESIAN_POINT('',(0.4,0.315161743407,3.809120378846));
#5861 = CIRCLE('',#5862,0.541740146256);
#5862 = AXIS2_PLACEMENT_3D('',#5863,#5864,#5865);
#5863 = CARTESIAN_POINT('',(0.4,0.711740146256,4.178184));
#5864 = DIRECTION('',(-1.,0.,0.));
#5865 = DIRECTION('',(0.,-1.,0.));
#5866 = ORIENTED_EDGE('',*,*,#5867,.F.);
#5867 = EDGE_CURVE('',#5770,#5859,#5868,.T.);
#5868 = LINE('',#5869,#5870);
#5869 = CARTESIAN_POINT('',(0.4,0.921981887876,3.157060002488));
#5870 = VECTOR('',#5871,1.);
#5871 = DIRECTION('',(0.,-0.681255808167,0.73204543837));
#5872 = ORIENTED_EDGE('',*,*,#5769,.F.);
#5873 = PLANE('',#5874);
#5874 = AXIS2_PLACEMENT_3D('',#5875,#5876,#5877);
#5875 = CARTESIAN_POINT('',(0.4,1.332356653177,5.661145307804));
#5876 = DIRECTION('',(-1.,0.,0.));
#5877 = DIRECTION('',(0.,0.,1.));
#5878 = ADVANCED_FACE('',(#5879),#5887,.T.);
#5879 = FACE_BOUND('',#5880,.T.);
#5880 = EDGE_LOOP('',(#5881,#5882,#5883,#5884,#5885,#5886));
#5881 = ORIENTED_EDGE('',*,*,#5432,.T.);
#5882 = ORIENTED_EDGE('',*,*,#5343,.T.);
#5883 = ORIENTED_EDGE('',*,*,#5320,.T.);
#5884 = ORIENTED_EDGE('',*,*,#5288,.T.);
#5885 = ORIENTED_EDGE('',*,*,#5390,.F.);
#5886 = ORIENTED_EDGE('',*,*,#5358,.F.);
#5887 = PLANE('',#5888);
#5888 = AXIS2_PLACEMENT_3D('',#5889,#5890,#5891);
#5889 = CARTESIAN_POINT('',(0.4,1.666761426375,3.732514167383));
#5890 = DIRECTION('',(-0.,0.8939086498,-0.448249178262));
#5891 = DIRECTION('',(0.,0.448249178262,0.8939086498));
#5892 = ADVANCED_FACE('',(#5893),#5904,.T.);
#5893 = FACE_BOUND('',#5894,.T.);
#5894 = EDGE_LOOP('',(#5895,#5896,#5897,#5903));
#5895 = ORIENTED_EDGE('',*,*,#5506,.T.);
#5896 = ORIENTED_EDGE('',*,*,#5678,.T.);
#5897 = ORIENTED_EDGE('',*,*,#5898,.F.);
#5898 = EDGE_CURVE('',#5800,#5679,#5899,.T.);
#5899 = LINE('',#5900,#5901);
#5900 = CARTESIAN_POINT('',(0.4,0.507864340432,3.988453186061));
#5901 = VECTOR('',#5902,1.);
#5902 = DIRECTION('',(-1.,0.,0.));
#5903 = ORIENTED_EDGE('',*,*,#5799,.F.);
#5904 = PLANE('',#5905);
#5905 = AXIS2_PLACEMENT_3D('',#5906,#5907,#5908);
#5906 = CARTESIAN_POINT('',(0.4,1.114684484901,3.336392809704));
#5907 = DIRECTION('',(0.,0.73204543837,0.681255808167));
#5908 = DIRECTION('',(0.,-0.681255808167,0.73204543837));
#5909 = ADVANCED_FACE('',(#5910),#5921,.F.);
#5910 = FACE_BOUND('',#5911,.F.);
#5911 = EDGE_LOOP('',(#5912,#5913,#5919,#5920));
#5912 = ORIENTED_EDGE('',*,*,#5807,.T.);
#5913 = ORIENTED_EDGE('',*,*,#5914,.T.);
#5914 = EDGE_CURVE('',#5808,#5687,#5915,.T.);
#5915 = LINE('',#5916,#5917);
#5916 = CARTESIAN_POINT('',(0.4,0.433238573625,4.178184));
#5917 = VECTOR('',#5918,1.);
#5918 = DIRECTION('',(-1.,0.,0.));
#5919 = ORIENTED_EDGE('',*,*,#5686,.F.);
#5920 = ORIENTED_EDGE('',*,*,#5898,.F.);
#5921 = CYLINDRICAL_SURFACE('',#5922,0.278501572631);
#5922 = AXIS2_PLACEMENT_3D('',#5923,#5924,#5925);
#5923 = CARTESIAN_POINT('',(0.4,0.711740146256,4.178184));
#5924 = DIRECTION('',(1.,0.,-0.));
#5925 = DIRECTION('',(0.,-1.,0.));
#5926 = ADVANCED_FACE('',(#5927),#5938,.T.);
#5927 = FACE_BOUND('',#5928,.T.);
#5928 = EDGE_LOOP('',(#5929,#5930,#5931,#5937));
#5929 = ORIENTED_EDGE('',*,*,#5914,.T.);
#5930 = ORIENTED_EDGE('',*,*,#5695,.T.);
#5931 = ORIENTED_EDGE('',*,*,#5932,.F.);
#5932 = EDGE_CURVE('',#5817,#5696,#5933,.T.);
#5933 = LINE('',#5934,#5935);
#5934 = CARTESIAN_POINT('',(0.4,0.433238573625,4.685074494728));
#5935 = VECTOR('',#5936,1.);
#5936 = DIRECTION('',(-1.,0.,0.));
#5937 = ORIENTED_EDGE('',*,*,#5816,.F.);
#5938 = PLANE('',#5939);
#5939 = AXIS2_PLACEMENT_3D('',#5940,#5941,#5942);
#5940 = CARTESIAN_POINT('',(0.4,0.433238573625,4.178184));
#5941 = DIRECTION('',(0.,1.,0.));
#5942 = DIRECTION('',(0.,-0.,1.));
#5943 = ADVANCED_FACE('',(#5944),#5955,.F.);
#5944 = FACE_BOUND('',#5945,.F.);
#5945 = EDGE_LOOP('',(#5946,#5947,#5953,#5954));
#5946 = ORIENTED_EDGE('',*,*,#5824,.T.);
#5947 = ORIENTED_EDGE('',*,*,#5948,.T.);
#5948 = EDGE_CURVE('',#5825,#5704,#5949,.T.);
#5949 = LINE('',#5950,#5951);
#5950 = CARTESIAN_POINT('',(0.4,0.575234225212,4.952153180724));
#5951 = VECTOR('',#5952,1.);
#5952 = DIRECTION('',(-1.,0.,0.));
#5953 = ORIENTED_EDGE('',*,*,#5703,.F.);
#5954 = ORIENTED_EDGE('',*,*,#5932,.F.);
#5955 = CYLINDRICAL_SURFACE('',#5956,0.332497);
#5956 = AXIS2_PLACEMENT_3D('',#5957,#5958,#5959);
#5957 = CARTESIAN_POINT('',(0.4,0.765690642056,4.679608490276));
#5958 = DIRECTION('',(1.,0.,-0.));
#5959 = DIRECTION('',(0.,-1.,0.));
#5960 = ADVANCED_FACE('',(#5961),#5972,.F.);
#5961 = FACE_BOUND('',#5962,.F.);
#5962 = EDGE_LOOP('',(#5963,#5969,#5970,#5971));
#5963 = ORIENTED_EDGE('',*,*,#5964,.T.);
#5964 = EDGE_CURVE('',#5834,#5713,#5965,.T.);
#5965 = LINE('',#5966,#5967);
#5966 = CARTESIAN_POINT('',(0.4,0.424460852439,5.167911110498));
#5967 = VECTOR('',#5968,1.);
#5968 = DIRECTION('',(-1.,0.,0.));
#5969 = ORIENTED_EDGE('',*,*,#5712,.T.);
#5970 = ORIENTED_EDGE('',*,*,#5948,.F.);
#5971 = ORIENTED_EDGE('',*,*,#5833,.F.);
#5972 = PLANE('',#5973);
#5973 = AXIS2_PLACEMENT_3D('',#5974,#5975,#5976);
#5974 = CARTESIAN_POINT('',(0.4,0.424460852439,5.167911110498));
#5975 = DIRECTION('',(0.,-0.819690675251,-0.572806421845));
#5976 = DIRECTION('',(-0.,0.572806421845,-0.819690675251));
#5977 = ADVANCED_FACE('',(#5978),#5989,.T.);
#5978 = FACE_BOUND('',#5979,.T.);
#5979 = EDGE_LOOP('',(#5980,#5981,#5982,#5983));
#5980 = ORIENTED_EDGE('',*,*,#5841,.T.);
#5981 = ORIENTED_EDGE('',*,*,#5964,.T.);
#5982 = ORIENTED_EDGE('',*,*,#5720,.F.);
#5983 = ORIENTED_EDGE('',*,*,#5984,.F.);
#5984 = EDGE_CURVE('',#5842,#5721,#5985,.T.);
#5985 = LINE('',#5986,#5987);
#5986 = CARTESIAN_POINT('',(0.4,0.17,4.685074494728));
#5987 = VECTOR('',#5988,1.);
#5988 = DIRECTION('',(-1.,0.,0.));
#5989 = CYLINDRICAL_SURFACE('',#5990,0.595715719314);
#5990 = AXIS2_PLACEMENT_3D('',#5991,#5992,#5993);
#5991 = CARTESIAN_POINT('',(0.4,0.765690642056,4.679608490276));
#5992 = DIRECTION('',(1.,0.,-0.));
#5993 = DIRECTION('',(0.,-1.,0.));
#5994 = ADVANCED_FACE('',(#5995),#6006,.F.);
#5995 = FACE_BOUND('',#5996,.F.);
#5996 = EDGE_LOOP('',(#5997,#6003,#6004,#6005));
#5997 = ORIENTED_EDGE('',*,*,#5998,.T.);
#5998 = EDGE_CURVE('',#5851,#5730,#5999,.T.);
#5999 = LINE('',#6000,#6001);
#6000 = CARTESIAN_POINT('',(0.4,0.17,4.178184));
#6001 = VECTOR('',#6002,1.);
#6002 = DIRECTION('',(-1.,0.,0.));
#6003 = ORIENTED_EDGE('',*,*,#5729,.T.);
#6004 = ORIENTED_EDGE('',*,*,#5984,.F.);
#6005 = ORIENTED_EDGE('',*,*,#5850,.F.);
#6006 = PLANE('',#6007);
#6007 = AXIS2_PLACEMENT_3D('',#6008,#6009,#6010);
#6008 = CARTESIAN_POINT('',(0.4,0.17,4.178184));
#6009 = DIRECTION('',(0.,1.,1.1E-16));
#6010 = DIRECTION('',(0.,-1.1E-16,1.));
#6011 = ADVANCED_FACE('',(#6012),#6023,.T.);
#6012 = FACE_BOUND('',#6013,.T.);
#6013 = EDGE_LOOP('',(#6014,#6015,#6016,#6017));
#6014 = ORIENTED_EDGE('',*,*,#5858,.T.);
#6015 = ORIENTED_EDGE('',*,*,#5998,.T.);
#6016 = ORIENTED_EDGE('',*,*,#5737,.F.);
#6017 = ORIENTED_EDGE('',*,*,#6018,.F.);
#6018 = EDGE_CURVE('',#5859,#5738,#6019,.T.);
#6019 = LINE('',#6020,#6021);
#6020 = CARTESIAN_POINT('',(0.4,0.315161743407,3.809120378846));
#6021 = VECTOR('',#6022,1.);
#6022 = DIRECTION('',(-1.,0.,0.));
#6023 = CYLINDRICAL_SURFACE('',#6024,0.541740146256);
#6024 = AXIS2_PLACEMENT_3D('',#6025,#6026,#6027);
#6025 = CARTESIAN_POINT('',(0.4,0.711740146256,4.178184));
#6026 = DIRECTION('',(1.,0.,-0.));
#6027 = DIRECTION('',(0.,-1.,0.));
#6028 = ADVANCED_FACE('',(#6029),#6035,.F.);
#6029 = FACE_BOUND('',#6030,.F.);
#6030 = EDGE_LOOP('',(#6031,#6032,#6033,#6034));
#6031 = ORIENTED_EDGE('',*,*,#5778,.T.);
#6032 = ORIENTED_EDGE('',*,*,#5746,.T.);
#6033 = ORIENTED_EDGE('',*,*,#6018,.F.);
#6034 = ORIENTED_EDGE('',*,*,#5867,.F.);
#6035 = PLANE('',#6036);
#6036 = AXIS2_PLACEMENT_3D('',#6037,#6038,#6039);
#6037 = CARTESIAN_POINT('',(0.4,0.921981887876,3.157060002488));
#6038 = DIRECTION('',(0.,0.73204543837,0.681255808167));
#6039 = DIRECTION('',(0.,-0.681255808167,0.73204543837));
#6040 = ( GEOMETRIC_REPRESENTATION_CONTEXT(3) 
GLOBAL_UNCERTAINTY_ASSIGNED_CONTEXT((#6044)) 
GLOBAL_UNIT_ASSIGNED_CONTEXT((#6041,#6042,#6043)) REPRESENTATION_CONTEXT
('Context #1','3D Context with UNIT and UNCERTAINTY') );
#6041 = ( LENGTH_UNIT() NAMED_UNIT(*) SI_UNIT(.MILLI.,.METRE.) );
#6042 = ( NAMED_UNIT(*) PLANE_ANGLE_UNIT() SI_UNIT($,.RADIAN.) );
#6043 = ( NAMED_UNIT(*) SI_UNIT($,.STERADIAN.) SOLID_ANGLE_UNIT() );
#6044 = UNCERTAINTY_MEASURE_WITH_UNIT(LENGTH_MEASURE(1.E-07),#6041,
  'distance_accuracy_value','confusion accuracy');
#6045 = CONTEXT_DEPENDENT_SHAPE_REPRESENTATION(#6046,#6048);
#6046 = ( REPRESENTATION_RELATIONSHIP('','',#4433,#4394) 
REPRESENTATION_RELATIONSHIP_WITH_TRANSFORMATION(#6047) 
SHAPE_REPRESENTATION_RELATIONSHIP() );
#6047 = ITEM_DEFINED_TRANSFORMATION('','',#11,#4395);
#6048 = PRODUCT_DEFINITION_SHAPE('Placement','Placement of an item',
  #6049);
#6049 = NEXT_ASSEMBLY_USAGE_OCCURRENCE('112','0','',#4389,#4428,$);
#6050 = PRODUCT_RELATED_PRODUCT_CATEGORY('part',$,(#4430));
#6051 = CONTEXT_DEPENDENT_SHAPE_REPRESENTATION(#6052,#6054);
#6052 = ( REPRESENTATION_RELATIONSHIP('','',#4433,#4394) 
REPRESENTATION_RELATIONSHIP_WITH_TRANSFORMATION(#6053) 
SHAPE_REPRESENTATION_RELATIONSHIP() );
#6053 = ITEM_DEFINED_TRANSFORMATION('','',#11,#4399);
#6054 = PRODUCT_DEFINITION_SHAPE('Placement','Placement of an item',
  #6055);
#6055 = NEXT_ASSEMBLY_USAGE_OCCURRENCE('113','1','',#4389,#4428,$);
#6056 = CONTEXT_DEPENDENT_SHAPE_REPRESENTATION(#6057,#6059);
#6057 = ( REPRESENTATION_RELATIONSHIP('','',#4433,#4394) 
REPRESENTATION_RELATIONSHIP_WITH_TRANSFORMATION(#6058) 
SHAPE_REPRESENTATION_RELATIONSHIP() );
#6058 = ITEM_DEFINED_TRANSFORMATION('','',#11,#4403);
#6059 = PRODUCT_DEFINITION_SHAPE('Placement','Placement of an item',
  #6060);
#6060 = NEXT_ASSEMBLY_USAGE_OCCURRENCE('114','2','',#4389,#4428,$);
#6061 = CONTEXT_DEPENDENT_SHAPE_REPRESENTATION(#6062,#6064);
#6062 = ( REPRESENTATION_RELATIONSHIP('','',#4433,#4394) 
REPRESENTATION_RELATIONSHIP_WITH_TRANSFORMATION(#6063) 
SHAPE_REPRESENTATION_RELATIONSHIP() );
#6063 = ITEM_DEFINED_TRANSFORMATION('','',#11,#4407);
#6064 = PRODUCT_DEFINITION_SHAPE('Placement','Placement of an item',
  #6065);
#6065 = NEXT_ASSEMBLY_USAGE_OCCURRENCE('115','3','',#4389,#4428,$);
#6066 = CONTEXT_DEPENDENT_SHAPE_REPRESENTATION(#6067,#6069);
#6067 = ( REPRESENTATION_RELATIONSHIP('','',#4433,#4394) 
REPRESENTATION_RELATIONSHIP_WITH_TRANSFORMATION(#6068) 
SHAPE_REPRESENTATION_RELATIONSHIP() );
#6068 = ITEM_DEFINED_TRANSFORMATION('','',#11,#4411);
#6069 = PRODUCT_DEFINITION_SHAPE('Placement','Placement of an item',
  #6070);
#6070 = NEXT_ASSEMBLY_USAGE_OCCURRENCE('116','4','',#4389,#4428,$);
#6071 = MECHANICAL_DESIGN_GEOMETRIC_PRESENTATION_REPRESENTATION('',(
    #6072),#4376);
#6072 = STYLED_ITEM('color',(#6073),#37);
#6073 = PRESENTATION_STYLE_ASSIGNMENT((#6074,#6080));
#6074 = SURFACE_STYLE_USAGE(.BOTH.,#6075);
#6075 = SURFACE_SIDE_STYLE('',(#6076));
#6076 = SURFACE_STYLE_FILL_AREA(#6077);
#6077 = FILL_AREA_STYLE('',(#6078));
#6078 = FILL_AREA_STYLE_COLOUR('',#6079);
#6079 = DRAUGHTING_PRE_DEFINED_COLOUR('white');
#6080 = CURVE_STYLE('',#6081,POSITIVE_LENGTH_MEASURE(0.1),#6082);
#6081 = DRAUGHTING_PRE_DEFINED_CURVE_FONT('continuous');
#6082 = COLOUR_RGB('',9.803921802644E-02,9.803921802644E-02,
  9.803921802644E-02);
#6083 = MECHANICAL_DESIGN_GEOMETRIC_PRESENTATION_REPRESENTATION('',(
    #6084),#6040);
#6084 = STYLED_ITEM('color',(#6085),#4434);
#6085 = PRESENTATION_STYLE_ASSIGNMENT((#6086,#6092));
#6086 = SURFACE_STYLE_USAGE(.BOTH.,#6087);
#6087 = SURFACE_SIDE_STYLE('',(#6088));
#6088 = SURFACE_STYLE_FILL_AREA(#6089);
#6089 = FILL_AREA_STYLE('',(#6090));
#6090 = FILL_AREA_STYLE_COLOUR('',#6091);
#6091 = COLOUR_RGB('',0.399999997426,0.274509816483,0.);
#6092 = CURVE_STYLE('',#6093,POSITIVE_LENGTH_MEASURE(0.1),#6082);
#6093 = DRAUGHTING_PRE_DEFINED_CURVE_FONT('continuous');
ENDSEC;
END-ISO-10303-21;
