ISO-10303-21;
HEADER;
FILE_DESCRIPTION(('FreeCAD Model'),'2;1');
FILE_NAME('Open CASCADE Shape Model','2026-06-29T21:19:45',(''),(''),
  'Open CASCADE STEP processor 7.8','FreeCAD','Unknown');
FILE_SCHEMA(('AUTOMOTIVE_DESIGN { 1 0 10303 214 1 1 1 1 }'));
ENDSEC;
DATA;
#1 = APPLICATION_PROTOCOL_DEFINITION('international standard',
  'automotive_design',2000,#2);
#2 = APPLICATION_CONTEXT(
  'core data for automotive mechanical design processes');
#3 = SHAPE_DEFINITION_REPRESENTATION(#4,#10);
#4 = PRODUCT_DEFINITION_SHAPE('','',#5);
#5 = PRODUCT_DEFINITION('design','',#6,#9);
#6 = PRODUCT_DEFINITION_FORMATION('','',#7);
#7 = PRODUCT('XH_housing','XH_housing','',(#8));
#8 = PRODUCT_CONTEXT('',#2,'mechanical');
#9 = PRODUCT_DEFINITION_CONTEXT('part definition',#2,'design');
#10 = SHAPE_REPRESENTATION('',(#11,#15,#19),#23);
#11 = AXIS2_PLACEMENT_3D('',#12,#13,#14);
#12 = CARTESIAN_POINT('',(0.,0.,0.));
#13 = DIRECTION('',(0.,0.,1.));
#14 = DIRECTION('',(1.,0.,-0.));
#15 = AXIS2_PLACEMENT_3D('',#16,#17,#18);
#16 = CARTESIAN_POINT('',(12.5,0.,0.));
#17 = DIRECTION('',(0.,0.,1.));
#18 = DIRECTION('',(-1.,1.224646799147E-16,0.));
#19 = AXIS2_PLACEMENT_3D('',#20,#21,#22);
#20 = CARTESIAN_POINT('',(0.,0.,0.));
#21 = DIRECTION('',(0.,0.,1.));
#22 = DIRECTION('',(1.,0.,0.));
#23 = ( GEOMETRIC_REPRESENTATION_CONTEXT(3) 
GLOBAL_UNCERTAINTY_ASSIGNED_CONTEXT((#27)) GLOBAL_UNIT_ASSIGNED_CONTEXT(
(#24,#25,#26)) REPRESENTATION_CONTEXT('Context #1',
  '3D Context with UNIT and UNCERTAINTY') );
#24 = ( LENGTH_UNIT() NAMED_UNIT(*) SI_UNIT(.MILLI.,.METRE.) );
#25 = ( NAMED_UNIT(*) PLANE_ANGLE_UNIT() SI_UNIT($,.RADIAN.) );
#26 = ( NAMED_UNIT(*) SI_UNIT($,.STERADIAN.) SOLID_ANGLE_UNIT() );
#27 = UNCERTAINTY_MEASURE_WITH_UNIT(LENGTH_MEASURE(5.E-07),#24,
  'distance_accuracy_value','confusion accuracy');
#28 = PRODUCT_RELATED_PRODUCT_CATEGORY('part',$,(#7));
#29 = SHAPE_DEFINITION_REPRESENTATION(#30,#36);
#30 = PRODUCT_DEFINITION_SHAPE('','',#31);
#31 = PRODUCT_DEFINITION('design','',#32,#35);
#32 = PRODUCT_DEFINITION_FORMATION('','',#33);
#33 = PRODUCT('Housing','Housing','',(#34));
#34 = PRODUCT_CONTEXT('',#2,'mechanical');
#35 = PRODUCT_DEFINITION_CONTEXT('part definition',#2,'design');
#36 = ADVANCED_BREP_SHAPE_REPRESENTATION('',(#11,#37),#5034);
#37 = MANIFOLD_SOLID_BREP('',#38);
#38 = CLOSED_SHELL('',(#39,#95,#126,#638,#662,#718,#774,#857,#874,#1040,
    #1064,#1168,#1185,#1210,#1234,#1259,#1283,#1308,#1332,#1356,#1380,
    #1404,#1422,#1469,#1493,#1517,#1541,#1565,#1589,#1613,#1646,#1693,
    #1717,#1741,#1765,#1789,#1813,#1837,#1870,#1917,#1941,#1965,#1989,
    #2013,#2037,#2061,#2094,#2141,#2165,#2189,#2213,#2237,#2261,#2285,
    #2318,#2365,#2389,#2413,#2437,#2461,#2485,#2509,#2542,#2559,#2576,
    #2593,#2612,#2661,#2870,#2887,#2904,#2921,#3071,#3102,#3126,#3150,
    #3167,#3200,#3226,#3426,#3445,#3462,#3479,#3496,#3513,#3530,#3547,
    #3564,#3581,#3598,#3615,#3627,#3653,#3695,#3757,#3792,#3818,#3860,
    #3922,#3957,#3983,#4025,#4087,#4122,#4148,#4190,#4252,#4287,#4313,
    #4355,#4417,#4452,#4469,#4486,#4503,#4520,#4537,#4549,#4571,#4588,
    #4605,#4617,#4639,#4656,#4673,#4685,#4707,#4724,#4741,#4753,#4775,
    #4792,#4809,#4821,#4843,#4860,#4877,#4889,#4906,#4918,#4935,#4947,
    #4964,#4976,#4993,#5005,#5022));
#39 = ADVANCED_FACE('',(#40),#90,.F.);
#40 = FACE_BOUND('',#41,.F.);
#41 = EDGE_LOOP('',(#42,#52,#60,#68,#76,#84));
#42 = ORIENTED_EDGE('',*,*,#43,.F.);
#43 = EDGE_CURVE('',#44,#46,#48,.T.);
#44 = VERTEX_POINT('',#45);
#45 = CARTESIAN_POINT('',(13.55,1.52,3.45));
#46 = VERTEX_POINT('',#47);
#47 = CARTESIAN_POINT('',(13.55,1.52,9.8));
#48 = LINE('',#49,#50);
#49 = CARTESIAN_POINT('',(13.55,1.52,3.45));
#50 = VECTOR('',#51,1.);
#51 = DIRECTION('',(0.,0.,1.));
#52 = ORIENTED_EDGE('',*,*,#53,.T.);
#53 = EDGE_CURVE('',#44,#54,#56,.T.);
#54 = VERTEX_POINT('',#55);
#55 = CARTESIAN_POINT('',(13.1,1.52,3.45));
#56 = LINE('',#57,#58);
#57 = CARTESIAN_POINT('',(13.55,1.52,3.45));
#58 = VECTOR('',#59,1.);
#59 = DIRECTION('',(-1.,-0.,-0.));
#60 = ORIENTED_EDGE('',*,*,#61,.F.);
#61 = EDGE_CURVE('',#62,#54,#64,.T.);
#62 = VERTEX_POINT('',#63);
#63 = CARTESIAN_POINT('',(13.1,1.52,5.25));
#64 = LINE('',#65,#66);
#65 = CARTESIAN_POINT('',(13.1,1.52,5.25));
#66 = VECTOR('',#67,1.);
#67 = DIRECTION('',(0.,1.233581138472E-16,-1.));
#68 = ORIENTED_EDGE('',*,*,#69,.T.);
#69 = EDGE_CURVE('',#62,#70,#72,.T.);
#70 = VERTEX_POINT('',#71);
#71 = CARTESIAN_POINT('',(13.,1.52,5.25));
#72 = LINE('',#73,#74);
#73 = CARTESIAN_POINT('',(13.1,1.52,5.25));
#74 = VECTOR('',#75,1.);
#75 = DIRECTION('',(-1.,-0.,-0.));
#76 = ORIENTED_EDGE('',*,*,#77,.F.);
#77 = EDGE_CURVE('',#78,#70,#80,.T.);
#78 = VERTEX_POINT('',#79);
#79 = CARTESIAN_POINT('',(13.,1.52,9.8));
#80 = LINE('',#81,#82);
#81 = CARTESIAN_POINT('',(13.,1.52,9.8));
#82 = VECTOR('',#83,1.);
#83 = DIRECTION('',(0.,0.,-1.));
#84 = ORIENTED_EDGE('',*,*,#85,.F.);
#85 = EDGE_CURVE('',#46,#78,#86,.T.);
#86 = LINE('',#87,#88);
#87 = CARTESIAN_POINT('',(13.55,1.52,9.8));
#88 = VECTOR('',#89,1.);
#89 = DIRECTION('',(-1.,-0.,-0.));
#90 = PLANE('',#91);
#91 = AXIS2_PLACEMENT_3D('',#92,#93,#94);
#92 = CARTESIAN_POINT('',(13.55,1.52,3.45));
#93 = DIRECTION('',(0.,1.,0.));
#94 = DIRECTION('',(0.,0.,1.));
#95 = ADVANCED_FACE('',(#96),#121,.F.);
#96 = FACE_BOUND('',#97,.F.);
#97 = EDGE_LOOP('',(#98,#106,#107,#115));
#98 = ORIENTED_EDGE('',*,*,#99,.T.);
#99 = EDGE_CURVE('',#100,#44,#102,.T.);
#100 = VERTEX_POINT('',#101);
#101 = CARTESIAN_POINT('',(13.55,-0.98,3.45));
#102 = LINE('',#103,#104);
#103 = CARTESIAN_POINT('',(13.55,-0.98,3.45));
#104 = VECTOR('',#105,1.);
#105 = DIRECTION('',(0.,1.,0.));
#106 = ORIENTED_EDGE('',*,*,#43,.T.);
#107 = ORIENTED_EDGE('',*,*,#108,.T.);
#108 = EDGE_CURVE('',#46,#109,#111,.T.);
#109 = VERTEX_POINT('',#110);
#110 = CARTESIAN_POINT('',(13.55,-0.98,9.8));
#111 = LINE('',#112,#113);
#112 = CARTESIAN_POINT('',(13.55,1.52,9.8));
#113 = VECTOR('',#114,1.);
#114 = DIRECTION('',(0.,-1.,0.));
#115 = ORIENTED_EDGE('',*,*,#116,.T.);
#116 = EDGE_CURVE('',#109,#100,#117,.T.);
#117 = LINE('',#118,#119);
#118 = CARTESIAN_POINT('',(13.55,-0.98,9.8));
#119 = VECTOR('',#120,1.);
#120 = DIRECTION('',(0.,0.,-1.));
#121 = PLANE('',#122);
#122 = AXIS2_PLACEMENT_3D('',#123,#124,#125);
#123 = CARTESIAN_POINT('',(13.55,0.27,6.625));
#124 = DIRECTION('',(1.,0.,0.));
#125 = DIRECTION('',(0.,0.,1.));
#126 = ADVANCED_FACE('',(#127,#253,#319,#385,#451,#517,#583),#633,.T.);
#127 = FACE_BOUND('',#128,.T.);
#128 = EDGE_LOOP('',(#129,#139,#148,#156,#164,#172,#180,#189,#197,#206,
    #214,#223,#231,#239,#247));
#129 = ORIENTED_EDGE('',*,*,#130,.F.);
#130 = EDGE_CURVE('',#131,#133,#135,.T.);
#131 = VERTEX_POINT('',#132);
#132 = CARTESIAN_POINT('',(14.6,-1.53,9.8));
#133 = VERTEX_POINT('',#134);
#134 = CARTESIAN_POINT('',(12.45,-1.53,9.8));
#135 = LINE('',#136,#137);
#136 = CARTESIAN_POINT('',(-1.6,-1.53,9.8));
#137 = VECTOR('',#138,1.);
#138 = DIRECTION('',(-1.,0.,0.));
#139 = ORIENTED_EDGE('',*,*,#140,.T.);
#140 = EDGE_CURVE('',#131,#141,#143,.T.);
#141 = VERTEX_POINT('',#142);
#142 = CARTESIAN_POINT('',(14.9,-1.23,9.8));
#143 = CIRCLE('',#144,0.3);
#144 = AXIS2_PLACEMENT_3D('',#145,#146,#147);
#145 = CARTESIAN_POINT('',(14.6,-1.23,9.8));
#146 = DIRECTION('',(0.,0.,1.));
#147 = DIRECTION('',(1.,0.,0.));
#148 = ORIENTED_EDGE('',*,*,#149,.F.);
#149 = EDGE_CURVE('',#150,#141,#152,.T.);
#150 = VERTEX_POINT('',#151);
#151 = CARTESIAN_POINT('',(14.9,0.3375,9.8));
#152 = LINE('',#153,#154);
#153 = CARTESIAN_POINT('',(14.9,3.07,9.8));
#154 = VECTOR('',#155,1.);
#155 = DIRECTION('',(0.,-1.,0.));
#156 = ORIENTED_EDGE('',*,*,#157,.T.);
#157 = EDGE_CURVE('',#150,#158,#160,.T.);
#158 = VERTEX_POINT('',#159);
#159 = CARTESIAN_POINT('',(14.15,0.9,9.8));
#160 = LINE('',#161,#162);
#161 = CARTESIAN_POINT('',(14.95,0.3,9.8));
#162 = VECTOR('',#163,1.);
#163 = DIRECTION('',(-0.8,0.6,0.));
#164 = ORIENTED_EDGE('',*,*,#165,.T.);
#165 = EDGE_CURVE('',#158,#166,#168,.T.);
#166 = VERTEX_POINT('',#167);
#167 = CARTESIAN_POINT('',(14.9,1.4625,9.8));
#168 = LINE('',#169,#170);
#169 = CARTESIAN_POINT('',(14.15,0.9,9.8));
#170 = VECTOR('',#171,1.);
#171 = DIRECTION('',(0.8,0.6,0.));
#172 = ORIENTED_EDGE('',*,*,#173,.F.);
#173 = EDGE_CURVE('',#174,#166,#176,.T.);
#174 = VERTEX_POINT('',#175);
#175 = CARTESIAN_POINT('',(14.9,3.07,9.8));
#176 = LINE('',#177,#178);
#177 = CARTESIAN_POINT('',(14.9,3.07,9.8));
#178 = VECTOR('',#179,1.);
#179 = DIRECTION('',(0.,-1.,0.));
#180 = ORIENTED_EDGE('',*,*,#181,.T.);
#181 = EDGE_CURVE('',#174,#182,#184,.T.);
#182 = VERTEX_POINT('',#183);
#183 = CARTESIAN_POINT('',(14.6,3.37,9.8));
#184 = CIRCLE('',#185,0.3);
#185 = AXIS2_PLACEMENT_3D('',#186,#187,#188);
#186 = CARTESIAN_POINT('',(14.6,3.07,9.8));
#187 = DIRECTION('',(0.,0.,1.));
#188 = DIRECTION('',(1.,0.,0.));
#189 = ORIENTED_EDGE('',*,*,#190,.F.);
#190 = EDGE_CURVE('',#191,#182,#193,.T.);
#191 = VERTEX_POINT('',#192);
#192 = CARTESIAN_POINT('',(-2.1,3.37,9.8));
#193 = LINE('',#194,#195);
#194 = CARTESIAN_POINT('',(-2.1,3.37,9.8));
#195 = VECTOR('',#196,1.);
#196 = DIRECTION('',(1.,0.,0.));
#197 = ORIENTED_EDGE('',*,*,#198,.T.);
#198 = EDGE_CURVE('',#191,#199,#201,.T.);
#199 = VERTEX_POINT('',#200);
#200 = CARTESIAN_POINT('',(-2.4,3.07,9.8));
#201 = CIRCLE('',#202,0.3);
#202 = AXIS2_PLACEMENT_3D('',#203,#204,#205);
#203 = CARTESIAN_POINT('',(-2.1,3.07,9.8));
#204 = DIRECTION('',(0.,0.,1.));
#205 = DIRECTION('',(1.,0.,0.));
#206 = ORIENTED_EDGE('',*,*,#207,.F.);
#207 = EDGE_CURVE('',#208,#199,#210,.T.);
#208 = VERTEX_POINT('',#209);
#209 = CARTESIAN_POINT('',(-2.4,-1.23,9.8));
#210 = LINE('',#211,#212);
#211 = CARTESIAN_POINT('',(-2.4,-1.23,9.8));
#212 = VECTOR('',#213,1.);
#213 = DIRECTION('',(0.,1.,0.));
#214 = ORIENTED_EDGE('',*,*,#215,.T.);
#215 = EDGE_CURVE('',#208,#216,#218,.T.);
#216 = VERTEX_POINT('',#217);
#217 = CARTESIAN_POINT('',(-2.1,-1.53,9.8));
#218 = CIRCLE('',#219,0.3);
#219 = AXIS2_PLACEMENT_3D('',#220,#221,#222);
#220 = CARTESIAN_POINT('',(-2.1,-1.23,9.8));
#221 = DIRECTION('',(0.,0.,1.));
#222 = DIRECTION('',(1.,0.,0.));
#223 = ORIENTED_EDGE('',*,*,#224,.F.);
#224 = EDGE_CURVE('',#225,#216,#227,.T.);
#225 = VERTEX_POINT('',#226);
#226 = CARTESIAN_POINT('',(5.E-02,-1.53,9.8));
#227 = LINE('',#228,#229);
#228 = CARTESIAN_POINT('',(-1.6,-1.53,9.8));
#229 = VECTOR('',#230,1.);
#230 = DIRECTION('',(-1.,0.,0.));
#231 = ORIENTED_EDGE('',*,*,#232,.T.);
#232 = EDGE_CURVE('',#225,#233,#235,.T.);
#233 = VERTEX_POINT('',#234);
#234 = CARTESIAN_POINT('',(5.E-02,-2.33,9.8));
#235 = LINE('',#236,#237);
#236 = CARTESIAN_POINT('',(5.E-02,-1.53,9.8));
#237 = VECTOR('',#238,1.);
#238 = DIRECTION('',(0.,-1.,2.22044604925E-16));
#239 = ORIENTED_EDGE('',*,*,#240,.T.);
#240 = EDGE_CURVE('',#233,#241,#243,.T.);
#241 = VERTEX_POINT('',#242);
#242 = CARTESIAN_POINT('',(12.45,-2.33,9.8));
#243 = LINE('',#244,#245);
#244 = CARTESIAN_POINT('',(5.E-02,-2.33,9.8));
#245 = VECTOR('',#246,1.);
#246 = DIRECTION('',(1.,0.,0.));
#247 = ORIENTED_EDGE('',*,*,#248,.F.);
#248 = EDGE_CURVE('',#133,#241,#249,.T.);
#249 = LINE('',#250,#251);
#250 = CARTESIAN_POINT('',(12.45,-1.53,9.8));
#251 = VECTOR('',#252,1.);
#252 = DIRECTION('',(0.,-1.,2.22044604925E-16));
#253 = FACE_BOUND('',#254,.T.);
#254 = EDGE_LOOP('',(#255,#265,#273,#281,#289,#297,#305,#313));
#255 = ORIENTED_EDGE('',*,*,#256,.F.);
#256 = EDGE_CURVE('',#257,#259,#261,.T.);
#257 = VERTEX_POINT('',#258);
#258 = CARTESIAN_POINT('',(1.05,1.52,9.8));
#259 = VERTEX_POINT('',#260);
#260 = CARTESIAN_POINT('',(0.5,1.52,9.8));
#261 = LINE('',#262,#263);
#262 = CARTESIAN_POINT('',(1.05,1.52,9.8));
#263 = VECTOR('',#264,1.);
#264 = DIRECTION('',(-1.,-0.,-0.));
#265 = ORIENTED_EDGE('',*,*,#266,.T.);
#266 = EDGE_CURVE('',#257,#267,#269,.T.);
#267 = VERTEX_POINT('',#268);
#268 = CARTESIAN_POINT('',(1.05,-0.98,9.8));
#269 = LINE('',#270,#271);
#270 = CARTESIAN_POINT('',(1.05,1.52,9.8));
#271 = VECTOR('',#272,1.);
#272 = DIRECTION('',(0.,-1.,0.));
#273 = ORIENTED_EDGE('',*,*,#274,.T.);
#274 = EDGE_CURVE('',#267,#275,#277,.T.);
#275 = VERTEX_POINT('',#276);
#276 = CARTESIAN_POINT('',(-1.05,-0.98,9.8));
#277 = LINE('',#278,#279);
#278 = CARTESIAN_POINT('',(1.05,-0.98,9.8));
#279 = VECTOR('',#280,1.);
#280 = DIRECTION('',(-1.,-0.,-0.));
#281 = ORIENTED_EDGE('',*,*,#282,.F.);
#282 = EDGE_CURVE('',#283,#275,#285,.T.);
#283 = VERTEX_POINT('',#284);
#284 = CARTESIAN_POINT('',(-1.05,1.52,9.8));
#285 = LINE('',#286,#287);
#286 = CARTESIAN_POINT('',(-1.05,1.52,9.8));
#287 = VECTOR('',#288,1.);
#288 = DIRECTION('',(0.,-1.,0.));
#289 = ORIENTED_EDGE('',*,*,#290,.F.);
#290 = EDGE_CURVE('',#291,#283,#293,.T.);
#291 = VERTEX_POINT('',#292);
#292 = CARTESIAN_POINT('',(-0.5,1.52,9.8));
#293 = LINE('',#294,#295);
#294 = CARTESIAN_POINT('',(1.05,1.52,9.8));
#295 = VECTOR('',#296,1.);
#296 = DIRECTION('',(-1.,-0.,-0.));
#297 = ORIENTED_EDGE('',*,*,#298,.F.);
#298 = EDGE_CURVE('',#299,#291,#301,.T.);
#299 = VERTEX_POINT('',#300);
#300 = CARTESIAN_POINT('',(-0.5,1.92,9.8));
#301 = LINE('',#302,#303);
#302 = CARTESIAN_POINT('',(-0.5,1.92,9.8));
#303 = VECTOR('',#304,1.);
#304 = DIRECTION('',(0.,-1.,0.));
#305 = ORIENTED_EDGE('',*,*,#306,.F.);
#306 = EDGE_CURVE('',#307,#299,#309,.T.);
#307 = VERTEX_POINT('',#308);
#308 = CARTESIAN_POINT('',(0.5,1.92,9.8));
#309 = LINE('',#310,#311);
#310 = CARTESIAN_POINT('',(0.5,1.92,9.8));
#311 = VECTOR('',#312,1.);
#312 = DIRECTION('',(-1.,-0.,-0.));
#313 = ORIENTED_EDGE('',*,*,#314,.T.);
#314 = EDGE_CURVE('',#307,#259,#315,.T.);
#315 = LINE('',#316,#317);
#316 = CARTESIAN_POINT('',(0.5,1.92,9.8));
#317 = VECTOR('',#318,1.);
#318 = DIRECTION('',(0.,-1.,0.));
#319 = FACE_BOUND('',#320,.T.);
#320 = EDGE_LOOP('',(#321,#331,#339,#347,#355,#363,#371,#379));
#321 = ORIENTED_EDGE('',*,*,#322,.F.);
#322 = EDGE_CURVE('',#323,#325,#327,.T.);
#323 = VERTEX_POINT('',#324);
#324 = CARTESIAN_POINT('',(3.55,1.52,9.8));
#325 = VERTEX_POINT('',#326);
#326 = CARTESIAN_POINT('',(3.,1.52,9.8));
#327 = LINE('',#328,#329);
#328 = CARTESIAN_POINT('',(3.55,1.52,9.8));
#329 = VECTOR('',#330,1.);
#330 = DIRECTION('',(-1.,-0.,-0.));
#331 = ORIENTED_EDGE('',*,*,#332,.T.);
#332 = EDGE_CURVE('',#323,#333,#335,.T.);
#333 = VERTEX_POINT('',#334);
#334 = CARTESIAN_POINT('',(3.55,-0.98,9.8));
#335 = LINE('',#336,#337);
#336 = CARTESIAN_POINT('',(3.55,1.52,9.8));
#337 = VECTOR('',#338,1.);
#338 = DIRECTION('',(0.,-1.,0.));
#339 = ORIENTED_EDGE('',*,*,#340,.T.);
#340 = EDGE_CURVE('',#333,#341,#343,.T.);
#341 = VERTEX_POINT('',#342);
#342 = CARTESIAN_POINT('',(1.45,-0.98,9.8));
#343 = LINE('',#344,#345);
#344 = CARTESIAN_POINT('',(3.55,-0.98,9.8));
#345 = VECTOR('',#346,1.);
#346 = DIRECTION('',(-1.,-0.,-0.));
#347 = ORIENTED_EDGE('',*,*,#348,.F.);
#348 = EDGE_CURVE('',#349,#341,#351,.T.);
#349 = VERTEX_POINT('',#350);
#350 = CARTESIAN_POINT('',(1.45,1.52,9.8));
#351 = LINE('',#352,#353);
#352 = CARTESIAN_POINT('',(1.45,1.52,9.8));
#353 = VECTOR('',#354,1.);
#354 = DIRECTION('',(0.,-1.,0.));
#355 = ORIENTED_EDGE('',*,*,#356,.F.);
#356 = EDGE_CURVE('',#357,#349,#359,.T.);
#357 = VERTEX_POINT('',#358);
#358 = CARTESIAN_POINT('',(2.,1.52,9.8));
#359 = LINE('',#360,#361);
#360 = CARTESIAN_POINT('',(3.55,1.52,9.8));
#361 = VECTOR('',#362,1.);
#362 = DIRECTION('',(-1.,-0.,-0.));
#363 = ORIENTED_EDGE('',*,*,#364,.F.);
#364 = EDGE_CURVE('',#365,#357,#367,.T.);
#365 = VERTEX_POINT('',#366);
#366 = CARTESIAN_POINT('',(2.,1.92,9.8));
#367 = LINE('',#368,#369);
#368 = CARTESIAN_POINT('',(2.,1.92,9.8));
#369 = VECTOR('',#370,1.);
#370 = DIRECTION('',(0.,-1.,0.));
#371 = ORIENTED_EDGE('',*,*,#372,.F.);
#372 = EDGE_CURVE('',#373,#365,#375,.T.);
#373 = VERTEX_POINT('',#374);
#374 = CARTESIAN_POINT('',(3.,1.92,9.8));
#375 = LINE('',#376,#377);
#376 = CARTESIAN_POINT('',(3.,1.92,9.8));
#377 = VECTOR('',#378,1.);
#378 = DIRECTION('',(-1.,-0.,-0.));
#379 = ORIENTED_EDGE('',*,*,#380,.T.);
#380 = EDGE_CURVE('',#373,#325,#381,.T.);
#381 = LINE('',#382,#383);
#382 = CARTESIAN_POINT('',(3.,1.92,9.8));
#383 = VECTOR('',#384,1.);
#384 = DIRECTION('',(0.,-1.,0.));
#385 = FACE_BOUND('',#386,.T.);
#386 = EDGE_LOOP('',(#387,#397,#405,#413,#421,#429,#437,#445));
#387 = ORIENTED_EDGE('',*,*,#388,.F.);
#388 = EDGE_CURVE('',#389,#391,#393,.T.);
#389 = VERTEX_POINT('',#390);
#390 = CARTESIAN_POINT('',(6.05,1.52,9.8));
#391 = VERTEX_POINT('',#392);
#392 = CARTESIAN_POINT('',(5.5,1.52,9.8));
#393 = LINE('',#394,#395);
#394 = CARTESIAN_POINT('',(6.05,1.52,9.8));
#395 = VECTOR('',#396,1.);
#396 = DIRECTION('',(-1.,-0.,-0.));
#397 = ORIENTED_EDGE('',*,*,#398,.T.);
#398 = EDGE_CURVE('',#389,#399,#401,.T.);
#399 = VERTEX_POINT('',#400);
#400 = CARTESIAN_POINT('',(6.05,-0.98,9.8));
#401 = LINE('',#402,#403);
#402 = CARTESIAN_POINT('',(6.05,1.52,9.8));
#403 = VECTOR('',#404,1.);
#404 = DIRECTION('',(0.,-1.,0.));
#405 = ORIENTED_EDGE('',*,*,#406,.T.);
#406 = EDGE_CURVE('',#399,#407,#409,.T.);
#407 = VERTEX_POINT('',#408);
#408 = CARTESIAN_POINT('',(3.95,-0.98,9.8));
#409 = LINE('',#410,#411);
#410 = CARTESIAN_POINT('',(6.05,-0.98,9.8));
#411 = VECTOR('',#412,1.);
#412 = DIRECTION('',(-1.,-0.,-0.));
#413 = ORIENTED_EDGE('',*,*,#414,.F.);
#414 = EDGE_CURVE('',#415,#407,#417,.T.);
#415 = VERTEX_POINT('',#416);
#416 = CARTESIAN_POINT('',(3.95,1.52,9.8));
#417 = LINE('',#418,#419);
#418 = CARTESIAN_POINT('',(3.95,1.52,9.8));
#419 = VECTOR('',#420,1.);
#420 = DIRECTION('',(0.,-1.,0.));
#421 = ORIENTED_EDGE('',*,*,#422,.F.);
#422 = EDGE_CURVE('',#423,#415,#425,.T.);
#423 = VERTEX_POINT('',#424);
#424 = CARTESIAN_POINT('',(4.5,1.52,9.8));
#425 = LINE('',#426,#427);
#426 = CARTESIAN_POINT('',(6.05,1.52,9.8));
#427 = VECTOR('',#428,1.);
#428 = DIRECTION('',(-1.,-0.,-0.));
#429 = ORIENTED_EDGE('',*,*,#430,.F.);
#430 = EDGE_CURVE('',#431,#423,#433,.T.);
#431 = VERTEX_POINT('',#432);
#432 = CARTESIAN_POINT('',(4.5,1.92,9.8));
#433 = LINE('',#434,#435);
#434 = CARTESIAN_POINT('',(4.5,1.92,9.8));
#435 = VECTOR('',#436,1.);
#436 = DIRECTION('',(0.,-1.,0.));
#437 = ORIENTED_EDGE('',*,*,#438,.F.);
#438 = EDGE_CURVE('',#439,#431,#441,.T.);
#439 = VERTEX_POINT('',#440);
#440 = CARTESIAN_POINT('',(5.5,1.92,9.8));
#441 = LINE('',#442,#443);
#442 = CARTESIAN_POINT('',(5.5,1.92,9.8));
#443 = VECTOR('',#444,1.);
#444 = DIRECTION('',(-1.,-0.,-0.));
#445 = ORIENTED_EDGE('',*,*,#446,.T.);
#446 = EDGE_CURVE('',#439,#391,#447,.T.);
#447 = LINE('',#448,#449);
#448 = CARTESIAN_POINT('',(5.5,1.92,9.8));
#449 = VECTOR('',#450,1.);
#450 = DIRECTION('',(0.,-1.,0.));
#451 = FACE_BOUND('',#452,.T.);
#452 = EDGE_LOOP('',(#453,#463,#471,#479,#487,#495,#503,#511));
#453 = ORIENTED_EDGE('',*,*,#454,.F.);
#454 = EDGE_CURVE('',#455,#457,#459,.T.);
#455 = VERTEX_POINT('',#456);
#456 = CARTESIAN_POINT('',(8.55,1.52,9.8));
#457 = VERTEX_POINT('',#458);
#458 = CARTESIAN_POINT('',(8.,1.52,9.8));
#459 = LINE('',#460,#461);
#460 = CARTESIAN_POINT('',(8.55,1.52,9.8));
#461 = VECTOR('',#462,1.);
#462 = DIRECTION('',(-1.,-0.,-0.));
#463 = ORIENTED_EDGE('',*,*,#464,.T.);
#464 = EDGE_CURVE('',#455,#465,#467,.T.);
#465 = VERTEX_POINT('',#466);
#466 = CARTESIAN_POINT('',(8.55,-0.98,9.8));
#467 = LINE('',#468,#469);
#468 = CARTESIAN_POINT('',(8.55,1.52,9.8));
#469 = VECTOR('',#470,1.);
#470 = DIRECTION('',(0.,-1.,0.));
#471 = ORIENTED_EDGE('',*,*,#472,.T.);
#472 = EDGE_CURVE('',#465,#473,#475,.T.);
#473 = VERTEX_POINT('',#474);
#474 = CARTESIAN_POINT('',(6.45,-0.98,9.8));
#475 = LINE('',#476,#477);
#476 = CARTESIAN_POINT('',(8.55,-0.98,9.8));
#477 = VECTOR('',#478,1.);
#478 = DIRECTION('',(-1.,-0.,-0.));
#479 = ORIENTED_EDGE('',*,*,#480,.F.);
#480 = EDGE_CURVE('',#481,#473,#483,.T.);
#481 = VERTEX_POINT('',#482);
#482 = CARTESIAN_POINT('',(6.45,1.52,9.8));
#483 = LINE('',#484,#485);
#484 = CARTESIAN_POINT('',(6.45,1.52,9.8));
#485 = VECTOR('',#486,1.);
#486 = DIRECTION('',(0.,-1.,0.));
#487 = ORIENTED_EDGE('',*,*,#488,.F.);
#488 = EDGE_CURVE('',#489,#481,#491,.T.);
#489 = VERTEX_POINT('',#490);
#490 = CARTESIAN_POINT('',(7.,1.52,9.8));
#491 = LINE('',#492,#493);
#492 = CARTESIAN_POINT('',(8.55,1.52,9.8));
#493 = VECTOR('',#494,1.);
#494 = DIRECTION('',(-1.,-0.,-0.));
#495 = ORIENTED_EDGE('',*,*,#496,.F.);
#496 = EDGE_CURVE('',#497,#489,#499,.T.);
#497 = VERTEX_POINT('',#498);
#498 = CARTESIAN_POINT('',(7.,1.92,9.8));
#499 = LINE('',#500,#501);
#500 = CARTESIAN_POINT('',(7.,1.92,9.8));
#501 = VECTOR('',#502,1.);
#502 = DIRECTION('',(0.,-1.,0.));
#503 = ORIENTED_EDGE('',*,*,#504,.F.);
#504 = EDGE_CURVE('',#505,#497,#507,.T.);
#505 = VERTEX_POINT('',#506);
#506 = CARTESIAN_POINT('',(8.,1.92,9.8));
#507 = LINE('',#508,#509);
#508 = CARTESIAN_POINT('',(8.,1.92,9.8));
#509 = VECTOR('',#510,1.);
#510 = DIRECTION('',(-1.,-0.,-0.));
#511 = ORIENTED_EDGE('',*,*,#512,.T.);
#512 = EDGE_CURVE('',#505,#457,#513,.T.);
#513 = LINE('',#514,#515);
#514 = CARTESIAN_POINT('',(8.,1.92,9.8));
#515 = VECTOR('',#516,1.);
#516 = DIRECTION('',(0.,-1.,0.));
#517 = FACE_BOUND('',#518,.T.);
#518 = EDGE_LOOP('',(#519,#529,#537,#545,#553,#561,#569,#577));
#519 = ORIENTED_EDGE('',*,*,#520,.F.);
#520 = EDGE_CURVE('',#521,#523,#525,.T.);
#521 = VERTEX_POINT('',#522);
#522 = CARTESIAN_POINT('',(11.05,1.52,9.8));
#523 = VERTEX_POINT('',#524);
#524 = CARTESIAN_POINT('',(10.5,1.52,9.8));
#525 = LINE('',#526,#527);
#526 = CARTESIAN_POINT('',(11.05,1.52,9.8));
#527 = VECTOR('',#528,1.);
#528 = DIRECTION('',(-1.,-0.,-0.));
#529 = ORIENTED_EDGE('',*,*,#530,.T.);
#530 = EDGE_CURVE('',#521,#531,#533,.T.);
#531 = VERTEX_POINT('',#532);
#532 = CARTESIAN_POINT('',(11.05,-0.98,9.8));
#533 = LINE('',#534,#535);
#534 = CARTESIAN_POINT('',(11.05,1.52,9.8));
#535 = VECTOR('',#536,1.);
#536 = DIRECTION('',(0.,-1.,0.));
#537 = ORIENTED_EDGE('',*,*,#538,.T.);
#538 = EDGE_CURVE('',#531,#539,#541,.T.);
#539 = VERTEX_POINT('',#540);
#540 = CARTESIAN_POINT('',(8.95,-0.98,9.8));
#541 = LINE('',#542,#543);
#542 = CARTESIAN_POINT('',(11.05,-0.98,9.8));
#543 = VECTOR('',#544,1.);
#544 = DIRECTION('',(-1.,-0.,-0.));
#545 = ORIENTED_EDGE('',*,*,#546,.F.);
#546 = EDGE_CURVE('',#547,#539,#549,.T.);
#547 = VERTEX_POINT('',#548);
#548 = CARTESIAN_POINT('',(8.95,1.52,9.8));
#549 = LINE('',#550,#551);
#550 = CARTESIAN_POINT('',(8.95,1.52,9.8));
#551 = VECTOR('',#552,1.);
#552 = DIRECTION('',(0.,-1.,0.));
#553 = ORIENTED_EDGE('',*,*,#554,.F.);
#554 = EDGE_CURVE('',#555,#547,#557,.T.);
#555 = VERTEX_POINT('',#556);
#556 = CARTESIAN_POINT('',(9.5,1.52,9.8));
#557 = LINE('',#558,#559);
#558 = CARTESIAN_POINT('',(11.05,1.52,9.8));
#559 = VECTOR('',#560,1.);
#560 = DIRECTION('',(-1.,-0.,-0.));
#561 = ORIENTED_EDGE('',*,*,#562,.F.);
#562 = EDGE_CURVE('',#563,#555,#565,.T.);
#563 = VERTEX_POINT('',#564);
#564 = CARTESIAN_POINT('',(9.5,1.92,9.8));
#565 = LINE('',#566,#567);
#566 = CARTESIAN_POINT('',(9.5,1.92,9.8));
#567 = VECTOR('',#568,1.);
#568 = DIRECTION('',(0.,-1.,0.));
#569 = ORIENTED_EDGE('',*,*,#570,.F.);
#570 = EDGE_CURVE('',#571,#563,#573,.T.);
#571 = VERTEX_POINT('',#572);
#572 = CARTESIAN_POINT('',(10.5,1.92,9.8));
#573 = LINE('',#574,#575);
#574 = CARTESIAN_POINT('',(10.5,1.92,9.8));
#575 = VECTOR('',#576,1.);
#576 = DIRECTION('',(-1.,-0.,-0.));
#577 = ORIENTED_EDGE('',*,*,#578,.T.);
#578 = EDGE_CURVE('',#571,#523,#579,.T.);
#579 = LINE('',#580,#581);
#580 = CARTESIAN_POINT('',(10.5,1.92,9.8));
#581 = VECTOR('',#582,1.);
#582 = DIRECTION('',(0.,-1.,0.));
#583 = FACE_BOUND('',#584,.T.);
#584 = EDGE_LOOP('',(#585,#586,#587,#595,#603,#611,#619,#627));
#585 = ORIENTED_EDGE('',*,*,#85,.F.);
#586 = ORIENTED_EDGE('',*,*,#108,.T.);
#587 = ORIENTED_EDGE('',*,*,#588,.T.);
#588 = EDGE_CURVE('',#109,#589,#591,.T.);
#589 = VERTEX_POINT('',#590);
#590 = CARTESIAN_POINT('',(11.45,-0.98,9.8));
#591 = LINE('',#592,#593);
#592 = CARTESIAN_POINT('',(13.55,-0.98,9.8));
#593 = VECTOR('',#594,1.);
#594 = DIRECTION('',(-1.,-0.,-0.));
#595 = ORIENTED_EDGE('',*,*,#596,.F.);
#596 = EDGE_CURVE('',#597,#589,#599,.T.);
#597 = VERTEX_POINT('',#598);
#598 = CARTESIAN_POINT('',(11.45,1.52,9.8));
#599 = LINE('',#600,#601);
#600 = CARTESIAN_POINT('',(11.45,1.52,9.8));
#601 = VECTOR('',#602,1.);
#602 = DIRECTION('',(0.,-1.,0.));
#603 = ORIENTED_EDGE('',*,*,#604,.F.);
#604 = EDGE_CURVE('',#605,#597,#607,.T.);
#605 = VERTEX_POINT('',#606);
#606 = CARTESIAN_POINT('',(12.,1.52,9.8));
#607 = LINE('',#608,#609);
#608 = CARTESIAN_POINT('',(13.55,1.52,9.8));
#609 = VECTOR('',#610,1.);
#610 = DIRECTION('',(-1.,-0.,-0.));
#611 = ORIENTED_EDGE('',*,*,#612,.F.);
#612 = EDGE_CURVE('',#613,#605,#615,.T.);
#613 = VERTEX_POINT('',#614);
#614 = CARTESIAN_POINT('',(12.,1.92,9.8));
#615 = LINE('',#616,#617);
#616 = CARTESIAN_POINT('',(12.,1.92,9.8));
#617 = VECTOR('',#618,1.);
#618 = DIRECTION('',(0.,-1.,0.));
#619 = ORIENTED_EDGE('',*,*,#620,.F.);
#620 = EDGE_CURVE('',#621,#613,#623,.T.);
#621 = VERTEX_POINT('',#622);
#622 = CARTESIAN_POINT('',(13.,1.92,9.8));
#623 = LINE('',#624,#625);
#624 = CARTESIAN_POINT('',(13.,1.92,9.8));
#625 = VECTOR('',#626,1.);
#626 = DIRECTION('',(-1.,-0.,-0.));
#627 = ORIENTED_EDGE('',*,*,#628,.T.);
#628 = EDGE_CURVE('',#621,#78,#629,.T.);
#629 = LINE('',#630,#631);
#630 = CARTESIAN_POINT('',(13.,1.92,9.8));
#631 = VECTOR('',#632,1.);
#632 = DIRECTION('',(0.,-1.,0.));
#633 = PLANE('',#634);
#634 = AXIS2_PLACEMENT_3D('',#635,#636,#637);
#635 = CARTESIAN_POINT('',(6.25,0.601502723817,9.8));
#636 = DIRECTION('',(0.,0.,1.));
#637 = DIRECTION('',(1.,0.,0.));
#638 = ADVANCED_FACE('',(#639),#657,.F.);
#639 = FACE_BOUND('',#640,.F.);
#640 = EDGE_LOOP('',(#641,#642,#650,#656));
#641 = ORIENTED_EDGE('',*,*,#77,.T.);
#642 = ORIENTED_EDGE('',*,*,#643,.T.);
#643 = EDGE_CURVE('',#70,#644,#646,.T.);
#644 = VERTEX_POINT('',#645);
#645 = CARTESIAN_POINT('',(13.,1.92,5.25));
#646 = LINE('',#647,#648);
#647 = CARTESIAN_POINT('',(13.,1.52,5.25));
#648 = VECTOR('',#649,1.);
#649 = DIRECTION('',(0.,1.,0.));
#650 = ORIENTED_EDGE('',*,*,#651,.T.);
#651 = EDGE_CURVE('',#644,#621,#652,.T.);
#652 = LINE('',#653,#654);
#653 = CARTESIAN_POINT('',(13.,1.92,5.25));
#654 = VECTOR('',#655,1.);
#655 = DIRECTION('',(0.,0.,1.));
#656 = ORIENTED_EDGE('',*,*,#628,.T.);
#657 = PLANE('',#658);
#658 = AXIS2_PLACEMENT_3D('',#659,#660,#661);
#659 = CARTESIAN_POINT('',(13.,1.72,7.525));
#660 = DIRECTION('',(1.,0.,0.));
#661 = DIRECTION('',(0.,0.,1.));
#662 = ADVANCED_FACE('',(#663),#713,.F.);
#663 = FACE_BOUND('',#664,.F.);
#664 = EDGE_LOOP('',(#665,#673,#681,#689,#697,#705,#711,#712));
#665 = ORIENTED_EDGE('',*,*,#666,.F.);
#666 = EDGE_CURVE('',#667,#62,#669,.T.);
#667 = VERTEX_POINT('',#668);
#668 = CARTESIAN_POINT('',(13.1,2.57,5.25));
#669 = LINE('',#670,#671);
#670 = CARTESIAN_POINT('',(13.1,2.57,5.25));
#671 = VECTOR('',#672,1.);
#672 = DIRECTION('',(0.,-1.,0.));
#673 = ORIENTED_EDGE('',*,*,#674,.T.);
#674 = EDGE_CURVE('',#667,#675,#677,.T.);
#675 = VERTEX_POINT('',#676);
#676 = CARTESIAN_POINT('',(11.9,2.57,5.25));
#677 = LINE('',#678,#679);
#678 = CARTESIAN_POINT('',(13.1,2.57,5.25));
#679 = VECTOR('',#680,1.);
#680 = DIRECTION('',(-1.,-0.,-0.));
#681 = ORIENTED_EDGE('',*,*,#682,.T.);
#682 = EDGE_CURVE('',#675,#683,#685,.T.);
#683 = VERTEX_POINT('',#684);
#684 = CARTESIAN_POINT('',(11.9,1.52,5.25));
#685 = LINE('',#686,#687);
#686 = CARTESIAN_POINT('',(11.9,2.57,5.25));
#687 = VECTOR('',#688,1.);
#688 = DIRECTION('',(0.,-1.,0.));
#689 = ORIENTED_EDGE('',*,*,#690,.F.);
#690 = EDGE_CURVE('',#691,#683,#693,.T.);
#691 = VERTEX_POINT('',#692);
#692 = CARTESIAN_POINT('',(12.,1.52,5.25));
#693 = LINE('',#694,#695);
#694 = CARTESIAN_POINT('',(13.1,1.52,5.25));
#695 = VECTOR('',#696,1.);
#696 = DIRECTION('',(-1.,-0.,-0.));
#697 = ORIENTED_EDGE('',*,*,#698,.T.);
#698 = EDGE_CURVE('',#691,#699,#701,.T.);
#699 = VERTEX_POINT('',#700);
#700 = CARTESIAN_POINT('',(12.,1.92,5.25));
#701 = LINE('',#702,#703);
#702 = CARTESIAN_POINT('',(12.,1.52,5.25));
#703 = VECTOR('',#704,1.);
#704 = DIRECTION('',(0.,1.,0.));
#705 = ORIENTED_EDGE('',*,*,#706,.F.);
#706 = EDGE_CURVE('',#644,#699,#707,.T.);
#707 = LINE('',#708,#709);
#708 = CARTESIAN_POINT('',(13.,1.92,5.25));
#709 = VECTOR('',#710,1.);
#710 = DIRECTION('',(-1.,-0.,-0.));
#711 = ORIENTED_EDGE('',*,*,#643,.F.);
#712 = ORIENTED_EDGE('',*,*,#69,.F.);
#713 = PLANE('',#714);
#714 = AXIS2_PLACEMENT_3D('',#715,#716,#717);
#715 = CARTESIAN_POINT('',(13.1,2.57,5.25));
#716 = DIRECTION('',(0.,0.,1.));
#717 = DIRECTION('',(0.,-1.,0.));
#718 = ADVANCED_FACE('',(#719),#769,.F.);
#719 = FACE_BOUND('',#720,.F.);
#720 = EDGE_LOOP('',(#721,#729,#730,#731,#739,#747,#755,#763));
#721 = ORIENTED_EDGE('',*,*,#722,.T.);
#722 = EDGE_CURVE('',#723,#667,#725,.T.);
#723 = VERTEX_POINT('',#724);
#724 = CARTESIAN_POINT('',(13.1,2.57,2.05));
#725 = LINE('',#726,#727);
#726 = CARTESIAN_POINT('',(13.1,2.57,2.05));
#727 = VECTOR('',#728,1.);
#728 = DIRECTION('',(0.,0.,1.));
#729 = ORIENTED_EDGE('',*,*,#666,.T.);
#730 = ORIENTED_EDGE('',*,*,#61,.T.);
#731 = ORIENTED_EDGE('',*,*,#732,.T.);
#732 = EDGE_CURVE('',#54,#733,#735,.T.);
#733 = VERTEX_POINT('',#734);
#734 = CARTESIAN_POINT('',(13.1,0.5468198,3.45));
#735 = LINE('',#736,#737);
#736 = CARTESIAN_POINT('',(13.1,1.52,3.45));
#737 = VECTOR('',#738,1.);
#738 = DIRECTION('',(0.,-1.,0.));
#739 = ORIENTED_EDGE('',*,*,#740,.T.);
#740 = EDGE_CURVE('',#733,#741,#743,.T.);
#741 = VERTEX_POINT('',#742);
#742 = CARTESIAN_POINT('',(13.1,1.044,2.6151));
#743 = LINE('',#744,#745);
#744 = CARTESIAN_POINT('',(13.1,0.5468198,3.45));
#745 = VECTOR('',#746,1.);
#746 = DIRECTION('',(0.,0.511647917429,-0.859195209828));
#747 = ORIENTED_EDGE('',*,*,#748,.T.);
#748 = EDGE_CURVE('',#741,#749,#751,.T.);
#749 = VERTEX_POINT('',#750);
#750 = CARTESIAN_POINT('',(13.1,1.52,2.6151));
#751 = LINE('',#752,#753);
#752 = CARTESIAN_POINT('',(13.1,1.044,2.6151));
#753 = VECTOR('',#754,1.);
#754 = DIRECTION('',(0.,1.,0.));
#755 = ORIENTED_EDGE('',*,*,#756,.T.);
#756 = EDGE_CURVE('',#749,#757,#759,.T.);
#757 = VERTEX_POINT('',#758);
#758 = CARTESIAN_POINT('',(13.1,1.52,2.05));
#759 = LINE('',#760,#761);
#760 = CARTESIAN_POINT('',(13.1,1.52,2.6151));
#761 = VECTOR('',#762,1.);
#762 = DIRECTION('',(0.,0.,-1.));
#763 = ORIENTED_EDGE('',*,*,#764,.T.);
#764 = EDGE_CURVE('',#757,#723,#765,.T.);
#765 = LINE('',#766,#767);
#766 = CARTESIAN_POINT('',(13.1,1.52,2.05));
#767 = VECTOR('',#768,1.);
#768 = DIRECTION('',(0.,1.,0.));
#769 = PLANE('',#770);
#770 = AXIS2_PLACEMENT_3D('',#771,#772,#773);
#771 = CARTESIAN_POINT('',(13.1,1.834452703854,3.573485056924));
#772 = DIRECTION('',(1.,0.,0.));
#773 = DIRECTION('',(0.,0.,1.));
#774 = ADVANCED_FACE('',(#775,#818),#852,.F.);
#775 = FACE_BOUND('',#776,.F.);
#776 = EDGE_LOOP('',(#777,#778,#786,#794,#802,#810,#816,#817));
#777 = ORIENTED_EDGE('',*,*,#99,.F.);
#778 = ORIENTED_EDGE('',*,*,#779,.T.);
#779 = EDGE_CURVE('',#100,#780,#782,.T.);
#780 = VERTEX_POINT('',#781);
#781 = CARTESIAN_POINT('',(11.45,-0.98,3.45));
#782 = LINE('',#783,#784);
#783 = CARTESIAN_POINT('',(13.55,-0.98,3.45));
#784 = VECTOR('',#785,1.);
#785 = DIRECTION('',(-1.,-0.,-0.));
#786 = ORIENTED_EDGE('',*,*,#787,.T.);
#787 = EDGE_CURVE('',#780,#788,#790,.T.);
#788 = VERTEX_POINT('',#789);
#789 = CARTESIAN_POINT('',(11.45,1.52,3.45));
#790 = LINE('',#791,#792);
#791 = CARTESIAN_POINT('',(11.45,-0.98,3.45));
#792 = VECTOR('',#793,1.);
#793 = DIRECTION('',(0.,1.,0.));
#794 = ORIENTED_EDGE('',*,*,#795,.F.);
#795 = EDGE_CURVE('',#796,#788,#798,.T.);
#796 = VERTEX_POINT('',#797);
#797 = CARTESIAN_POINT('',(11.9,1.52,3.45));
#798 = LINE('',#799,#800);
#799 = CARTESIAN_POINT('',(13.55,1.52,3.45));
#800 = VECTOR('',#801,1.);
#801 = DIRECTION('',(-1.,-0.,-0.));
#802 = ORIENTED_EDGE('',*,*,#803,.T.);
#803 = EDGE_CURVE('',#796,#804,#806,.T.);
#804 = VERTEX_POINT('',#805);
#805 = CARTESIAN_POINT('',(11.9,0.5468198,3.45));
#806 = LINE('',#807,#808);
#807 = CARTESIAN_POINT('',(11.9,1.52,3.45));
#808 = VECTOR('',#809,1.);
#809 = DIRECTION('',(0.,-1.,0.));
#810 = ORIENTED_EDGE('',*,*,#811,.F.);
#811 = EDGE_CURVE('',#733,#804,#812,.T.);
#812 = LINE('',#813,#814);
#813 = CARTESIAN_POINT('',(13.1,0.5468198,3.45));
#814 = VECTOR('',#815,1.);
#815 = DIRECTION('',(-1.,-0.,-0.));
#816 = ORIENTED_EDGE('',*,*,#732,.F.);
#817 = ORIENTED_EDGE('',*,*,#53,.F.);
#818 = FACE_BOUND('',#819,.F.);
#819 = EDGE_LOOP('',(#820,#830,#838,#846));
#820 = ORIENTED_EDGE('',*,*,#821,.F.);
#821 = EDGE_CURVE('',#822,#824,#826,.T.);
#822 = VERTEX_POINT('',#823);
#823 = CARTESIAN_POINT('',(12.9,-0.4,3.45));
#824 = VERTEX_POINT('',#825);
#825 = CARTESIAN_POINT('',(12.1,-0.4,3.45));
#826 = LINE('',#827,#828);
#827 = CARTESIAN_POINT('',(12.9,-0.4,3.45));
#828 = VECTOR('',#829,1.);
#829 = DIRECTION('',(-1.,-0.,-0.));
#830 = ORIENTED_EDGE('',*,*,#831,.F.);
#831 = EDGE_CURVE('',#832,#822,#834,.T.);
#832 = VERTEX_POINT('',#833);
#833 = CARTESIAN_POINT('',(12.9,0.4,3.45));
#834 = LINE('',#835,#836);
#835 = CARTESIAN_POINT('',(12.9,0.4,3.45));
#836 = VECTOR('',#837,1.);
#837 = DIRECTION('',(0.,-1.,0.));
#838 = ORIENTED_EDGE('',*,*,#839,.T.);
#839 = EDGE_CURVE('',#832,#840,#842,.T.);
#840 = VERTEX_POINT('',#841);
#841 = CARTESIAN_POINT('',(12.1,0.4,3.45));
#842 = LINE('',#843,#844);
#843 = CARTESIAN_POINT('',(12.9,0.4,3.45));
#844 = VECTOR('',#845,1.);
#845 = DIRECTION('',(-1.,-0.,-0.));
#846 = ORIENTED_EDGE('',*,*,#847,.T.);
#847 = EDGE_CURVE('',#840,#824,#848,.T.);
#848 = LINE('',#849,#850);
#849 = CARTESIAN_POINT('',(12.1,0.4,3.45));
#850 = VECTOR('',#851,1.);
#851 = DIRECTION('',(0.,-1.,0.));
#852 = PLANE('',#853);
#853 = AXIS2_PLACEMENT_3D('',#854,#855,#856);
#854 = CARTESIAN_POINT('',(13.55,-0.98,3.45));
#855 = DIRECTION('',(0.,0.,-1.));
#856 = DIRECTION('',(0.,1.,0.));
#857 = ADVANCED_FACE('',(#858),#869,.F.);
#858 = FACE_BOUND('',#859,.F.);
#859 = EDGE_LOOP('',(#860,#861,#867,#868));
#860 = ORIENTED_EDGE('',*,*,#588,.T.);
#861 = ORIENTED_EDGE('',*,*,#862,.T.);
#862 = EDGE_CURVE('',#589,#780,#863,.T.);
#863 = LINE('',#864,#865);
#864 = CARTESIAN_POINT('',(11.45,-0.98,9.8));
#865 = VECTOR('',#866,1.);
#866 = DIRECTION('',(0.,0.,-1.));
#867 = ORIENTED_EDGE('',*,*,#779,.F.);
#868 = ORIENTED_EDGE('',*,*,#116,.F.);
#869 = PLANE('',#870);
#870 = AXIS2_PLACEMENT_3D('',#871,#872,#873);
#871 = CARTESIAN_POINT('',(13.55,-0.98,9.8));
#872 = DIRECTION('',(0.,-1.,0.));
#873 = DIRECTION('',(0.,0.,-1.));
#874 = ADVANCED_FACE('',(#875),#1035,.T.);
#875 = FACE_BOUND('',#876,.T.);
#876 = EDGE_LOOP('',(#877,#885,#886,#894,#902,#910,#918,#926,#934,#942,
    #950,#958,#966,#974,#982,#988,#989,#997,#1005,#1013,#1021,#1029));
#877 = ORIENTED_EDGE('',*,*,#878,.F.);
#878 = EDGE_CURVE('',#131,#879,#881,.T.);
#879 = VERTEX_POINT('',#880);
#880 = CARTESIAN_POINT('',(14.6,-1.53,9.2));
#881 = LINE('',#882,#883);
#882 = CARTESIAN_POINT('',(14.6,-1.53,9.8));
#883 = VECTOR('',#884,1.);
#884 = DIRECTION('',(-0.,-0.,-1.));
#885 = ORIENTED_EDGE('',*,*,#130,.T.);
#886 = ORIENTED_EDGE('',*,*,#887,.T.);
#887 = EDGE_CURVE('',#133,#888,#890,.T.);
#888 = VERTEX_POINT('',#889);
#889 = CARTESIAN_POINT('',(12.7,-1.53,5.7));
#890 = LINE('',#891,#892);
#891 = CARTESIAN_POINT('',(12.45,-1.53,9.8));
#892 = VECTOR('',#893,1.);
#893 = DIRECTION('',(6.086257045056E-02,-2.216329687308E-16,
    -0.998146155389));
#894 = ORIENTED_EDGE('',*,*,#895,.F.);
#895 = EDGE_CURVE('',#896,#888,#898,.T.);
#896 = VERTEX_POINT('',#897);
#897 = CARTESIAN_POINT('',(13.15,-1.53,5.7));
#898 = LINE('',#899,#900);
#899 = CARTESIAN_POINT('',(13.15,-1.53,5.7));
#900 = VECTOR('',#901,1.);
#901 = DIRECTION('',(-1.,0.,0.));
#902 = ORIENTED_EDGE('',*,*,#903,.F.);
#903 = EDGE_CURVE('',#904,#896,#906,.T.);
#904 = VERTEX_POINT('',#905);
#905 = CARTESIAN_POINT('',(13.15,-1.53,4.9));
#906 = LINE('',#907,#908);
#907 = CARTESIAN_POINT('',(13.15,-1.53,4.9));
#908 = VECTOR('',#909,1.);
#909 = DIRECTION('',(0.,2.22044604925E-16,1.));
#910 = ORIENTED_EDGE('',*,*,#911,.F.);
#911 = EDGE_CURVE('',#912,#904,#914,.T.);
#912 = VERTEX_POINT('',#913);
#913 = CARTESIAN_POINT('',(12.45,-1.53,3.7));
#914 = LINE('',#915,#916);
#915 = CARTESIAN_POINT('',(12.45,-1.53,3.7));
#916 = VECTOR('',#917,1.);
#917 = DIRECTION('',(0.503871025524,1.917974447926E-16,0.863778900898));
#918 = ORIENTED_EDGE('',*,*,#919,.F.);
#919 = EDGE_CURVE('',#920,#912,#922,.T.);
#920 = VERTEX_POINT('',#921);
#921 = CARTESIAN_POINT('',(11.85,-1.53,3.7));
#922 = LINE('',#923,#924);
#923 = CARTESIAN_POINT('',(11.85,-1.53,3.7));
#924 = VECTOR('',#925,1.);
#925 = DIRECTION('',(1.,0.,0.));
#926 = ORIENTED_EDGE('',*,*,#927,.F.);
#927 = EDGE_CURVE('',#928,#920,#930,.T.);
#928 = VERTEX_POINT('',#929);
#929 = CARTESIAN_POINT('',(11.85,-1.53,9.));
#930 = LINE('',#931,#932);
#931 = CARTESIAN_POINT('',(11.85,-1.53,9.));
#932 = VECTOR('',#933,1.);
#933 = DIRECTION('',(0.,-2.22044604925E-16,-1.));
#934 = ORIENTED_EDGE('',*,*,#935,.F.);
#935 = EDGE_CURVE('',#936,#928,#938,.T.);
#936 = VERTEX_POINT('',#937);
#937 = CARTESIAN_POINT('',(0.65,-1.53,9.));
#938 = LINE('',#939,#940);
#939 = CARTESIAN_POINT('',(0.65,-1.53,9.));
#940 = VECTOR('',#941,1.);
#941 = DIRECTION('',(1.,0.,0.));
#942 = ORIENTED_EDGE('',*,*,#943,.T.);
#943 = EDGE_CURVE('',#936,#944,#946,.T.);
#944 = VERTEX_POINT('',#945);
#945 = CARTESIAN_POINT('',(0.65,-1.53,3.7));
#946 = LINE('',#947,#948);
#947 = CARTESIAN_POINT('',(0.65,-1.53,9.));
#948 = VECTOR('',#949,1.);
#949 = DIRECTION('',(0.,-2.22044604925E-16,-1.));
#950 = ORIENTED_EDGE('',*,*,#951,.T.);
#951 = EDGE_CURVE('',#944,#952,#954,.T.);
#952 = VERTEX_POINT('',#953);
#953 = CARTESIAN_POINT('',(5.E-02,-1.53,3.7));
#954 = LINE('',#955,#956);
#955 = CARTESIAN_POINT('',(0.65,-1.53,3.7));
#956 = VECTOR('',#957,1.);
#957 = DIRECTION('',(-1.,0.,0.));
#958 = ORIENTED_EDGE('',*,*,#959,.T.);
#959 = EDGE_CURVE('',#952,#960,#962,.T.);
#960 = VERTEX_POINT('',#961);
#961 = CARTESIAN_POINT('',(-0.65,-1.53,4.9));
#962 = LINE('',#963,#964);
#963 = CARTESIAN_POINT('',(5.E-02,-1.53,3.7));
#964 = VECTOR('',#965,1.);
#965 = DIRECTION('',(-0.503871025524,1.917974447926E-16,0.863778900898)
  );
#966 = ORIENTED_EDGE('',*,*,#967,.T.);
#967 = EDGE_CURVE('',#960,#968,#970,.T.);
#968 = VERTEX_POINT('',#969);
#969 = CARTESIAN_POINT('',(-0.65,-1.53,5.7));
#970 = LINE('',#971,#972);
#971 = CARTESIAN_POINT('',(-0.65,-1.53,4.9));
#972 = VECTOR('',#973,1.);
#973 = DIRECTION('',(0.,2.22044604925E-16,1.));
#974 = ORIENTED_EDGE('',*,*,#975,.T.);
#975 = EDGE_CURVE('',#968,#976,#978,.T.);
#976 = VERTEX_POINT('',#977);
#977 = CARTESIAN_POINT('',(-0.2,-1.53,5.7));
#978 = LINE('',#979,#980);
#979 = CARTESIAN_POINT('',(-0.65,-1.53,5.7));
#980 = VECTOR('',#981,1.);
#981 = DIRECTION('',(1.,0.,0.));
#982 = ORIENTED_EDGE('',*,*,#983,.F.);
#983 = EDGE_CURVE('',#225,#976,#984,.T.);
#984 = LINE('',#985,#986);
#985 = CARTESIAN_POINT('',(5.E-02,-1.53,9.8));
#986 = VECTOR('',#987,1.);
#987 = DIRECTION('',(-6.086257045056E-02,-2.216329687308E-16,
    -0.998146155389));
#988 = ORIENTED_EDGE('',*,*,#224,.T.);
#989 = ORIENTED_EDGE('',*,*,#990,.T.);
#990 = EDGE_CURVE('',#216,#991,#993,.T.);
#991 = VERTEX_POINT('',#992);
#992 = CARTESIAN_POINT('',(-2.1,-1.53,9.2));
#993 = LINE('',#994,#995);
#994 = CARTESIAN_POINT('',(-2.1,-1.53,9.8));
#995 = VECTOR('',#996,1.);
#996 = DIRECTION('',(-0.,-0.,-1.));
#997 = ORIENTED_EDGE('',*,*,#998,.F.);
#998 = EDGE_CURVE('',#999,#991,#1001,.T.);
#999 = VERTEX_POINT('',#1000);
#1000 = CARTESIAN_POINT('',(-1.6,-1.53,9.2));
#1001 = LINE('',#1002,#1003);
#1002 = CARTESIAN_POINT('',(14.6,-1.53,9.2));
#1003 = VECTOR('',#1004,1.);
#1004 = DIRECTION('',(-1.,0.,0.));
#1005 = ORIENTED_EDGE('',*,*,#1006,.T.);
#1006 = EDGE_CURVE('',#999,#1007,#1009,.T.);
#1007 = VERTEX_POINT('',#1008);
#1008 = CARTESIAN_POINT('',(-1.6,-1.53,2.7));
#1009 = LINE('',#1010,#1011);
#1010 = CARTESIAN_POINT('',(-1.6,-1.53,9.8));
#1011 = VECTOR('',#1012,1.);
#1012 = DIRECTION('',(0.,0.,-1.));
#1013 = ORIENTED_EDGE('',*,*,#1014,.F.);
#1014 = EDGE_CURVE('',#1015,#1007,#1017,.T.);
#1015 = VERTEX_POINT('',#1016);
#1016 = CARTESIAN_POINT('',(14.1,-1.53,2.7));
#1017 = LINE('',#1018,#1019);
#1018 = CARTESIAN_POINT('',(14.1,-1.53,2.7));
#1019 = VECTOR('',#1020,1.);
#1020 = DIRECTION('',(-1.,-0.,-0.));
#1021 = ORIENTED_EDGE('',*,*,#1022,.F.);
#1022 = EDGE_CURVE('',#1023,#1015,#1025,.T.);
#1023 = VERTEX_POINT('',#1024);
#1024 = CARTESIAN_POINT('',(14.1,-1.53,9.2));
#1025 = LINE('',#1026,#1027);
#1026 = CARTESIAN_POINT('',(14.1,-1.53,9.8));
#1027 = VECTOR('',#1028,1.);
#1028 = DIRECTION('',(0.,0.,-1.));
#1029 = ORIENTED_EDGE('',*,*,#1030,.F.);
#1030 = EDGE_CURVE('',#879,#1023,#1031,.T.);
#1031 = LINE('',#1032,#1033);
#1032 = CARTESIAN_POINT('',(14.6,-1.53,9.2));
#1033 = VECTOR('',#1034,1.);
#1034 = DIRECTION('',(-1.,0.,0.));
#1035 = PLANE('',#1036);
#1036 = AXIS2_PLACEMENT_3D('',#1037,#1038,#1039);
#1037 = CARTESIAN_POINT('',(6.25,-1.53,6.386554621849));
#1038 = DIRECTION('',(-0.,-1.,-0.));
#1039 = DIRECTION('',(0.,0.,-1.));
#1040 = ADVANCED_FACE('',(#1041),#1059,.T.);
#1041 = FACE_BOUND('',#1042,.T.);
#1042 = EDGE_LOOP('',(#1043,#1044,#1052,#1058));
#1043 = ORIENTED_EDGE('',*,*,#248,.T.);
#1044 = ORIENTED_EDGE('',*,*,#1045,.T.);
#1045 = EDGE_CURVE('',#241,#1046,#1048,.T.);
#1046 = VERTEX_POINT('',#1047);
#1047 = CARTESIAN_POINT('',(12.7,-2.33,5.7));
#1048 = LINE('',#1049,#1050);
#1049 = CARTESIAN_POINT('',(12.45,-2.33,9.8));
#1050 = VECTOR('',#1051,1.);
#1051 = DIRECTION('',(6.086257045056E-02,-2.216329687308E-16,
    -0.998146155389));
#1052 = ORIENTED_EDGE('',*,*,#1053,.F.);
#1053 = EDGE_CURVE('',#888,#1046,#1054,.T.);
#1054 = LINE('',#1055,#1056);
#1055 = CARTESIAN_POINT('',(12.7,-1.53,5.7));
#1056 = VECTOR('',#1057,1.);
#1057 = DIRECTION('',(0.,-1.,2.22044604925E-16));
#1058 = ORIENTED_EDGE('',*,*,#887,.F.);
#1059 = PLANE('',#1060);
#1060 = AXIS2_PLACEMENT_3D('',#1061,#1062,#1063);
#1061 = CARTESIAN_POINT('',(12.45,-1.53,9.8));
#1062 = DIRECTION('',(0.998146155389,1.351420541042E-17,
    6.086257045056E-02));
#1063 = DIRECTION('',(6.086257045056E-02,-2.216329687308E-16,
    -0.998146155389));
#1064 = ADVANCED_FACE('',(#1065),#1163,.F.);
#1065 = FACE_BOUND('',#1066,.T.);
#1066 = EDGE_LOOP('',(#1067,#1075,#1083,#1091,#1099,#1107,#1115,#1123,
    #1131,#1139,#1147,#1155,#1161,#1162));
#1067 = ORIENTED_EDGE('',*,*,#1068,.T.);
#1068 = EDGE_CURVE('',#233,#1069,#1071,.T.);
#1069 = VERTEX_POINT('',#1070);
#1070 = CARTESIAN_POINT('',(-0.2,-2.33,5.7));
#1071 = LINE('',#1072,#1073);
#1072 = CARTESIAN_POINT('',(5.E-02,-2.33,9.8));
#1073 = VECTOR('',#1074,1.);
#1074 = DIRECTION('',(-6.086257045056E-02,-2.216329687308E-16,
    -0.998146155389));
#1075 = ORIENTED_EDGE('',*,*,#1076,.F.);
#1076 = EDGE_CURVE('',#1077,#1069,#1079,.T.);
#1077 = VERTEX_POINT('',#1078);
#1078 = CARTESIAN_POINT('',(-0.65,-2.33,5.7));
#1079 = LINE('',#1080,#1081);
#1080 = CARTESIAN_POINT('',(-0.65,-2.33,5.7));
#1081 = VECTOR('',#1082,1.);
#1082 = DIRECTION('',(1.,0.,0.));
#1083 = ORIENTED_EDGE('',*,*,#1084,.F.);
#1084 = EDGE_CURVE('',#1085,#1077,#1087,.T.);
#1085 = VERTEX_POINT('',#1086);
#1086 = CARTESIAN_POINT('',(-0.65,-2.33,4.9));
#1087 = LINE('',#1088,#1089);
#1088 = CARTESIAN_POINT('',(-0.65,-2.33,4.9));
#1089 = VECTOR('',#1090,1.);
#1090 = DIRECTION('',(0.,2.22044604925E-16,1.));
#1091 = ORIENTED_EDGE('',*,*,#1092,.F.);
#1092 = EDGE_CURVE('',#1093,#1085,#1095,.T.);
#1093 = VERTEX_POINT('',#1094);
#1094 = CARTESIAN_POINT('',(5.E-02,-2.33,3.7));
#1095 = LINE('',#1096,#1097);
#1096 = CARTESIAN_POINT('',(5.E-02,-2.33,3.7));
#1097 = VECTOR('',#1098,1.);
#1098 = DIRECTION('',(-0.503871025524,1.917974447926E-16,0.863778900898)
  );
#1099 = ORIENTED_EDGE('',*,*,#1100,.F.);
#1100 = EDGE_CURVE('',#1101,#1093,#1103,.T.);
#1101 = VERTEX_POINT('',#1102);
#1102 = CARTESIAN_POINT('',(0.65,-2.33,3.7));
#1103 = LINE('',#1104,#1105);
#1104 = CARTESIAN_POINT('',(0.65,-2.33,3.7));
#1105 = VECTOR('',#1106,1.);
#1106 = DIRECTION('',(-1.,0.,0.));
#1107 = ORIENTED_EDGE('',*,*,#1108,.F.);
#1108 = EDGE_CURVE('',#1109,#1101,#1111,.T.);
#1109 = VERTEX_POINT('',#1110);
#1110 = CARTESIAN_POINT('',(0.65,-2.33,9.));
#1111 = LINE('',#1112,#1113);
#1112 = CARTESIAN_POINT('',(0.65,-2.33,9.));
#1113 = VECTOR('',#1114,1.);
#1114 = DIRECTION('',(0.,-2.22044604925E-16,-1.));
#1115 = ORIENTED_EDGE('',*,*,#1116,.T.);
#1116 = EDGE_CURVE('',#1109,#1117,#1119,.T.);
#1117 = VERTEX_POINT('',#1118);
#1118 = CARTESIAN_POINT('',(11.85,-2.33,9.));
#1119 = LINE('',#1120,#1121);
#1120 = CARTESIAN_POINT('',(0.65,-2.33,9.));
#1121 = VECTOR('',#1122,1.);
#1122 = DIRECTION('',(1.,0.,0.));
#1123 = ORIENTED_EDGE('',*,*,#1124,.T.);
#1124 = EDGE_CURVE('',#1117,#1125,#1127,.T.);
#1125 = VERTEX_POINT('',#1126);
#1126 = CARTESIAN_POINT('',(11.85,-2.33,3.7));
#1127 = LINE('',#1128,#1129);
#1128 = CARTESIAN_POINT('',(11.85,-2.33,9.));
#1129 = VECTOR('',#1130,1.);
#1130 = DIRECTION('',(0.,-2.22044604925E-16,-1.));
#1131 = ORIENTED_EDGE('',*,*,#1132,.T.);
#1132 = EDGE_CURVE('',#1125,#1133,#1135,.T.);
#1133 = VERTEX_POINT('',#1134);
#1134 = CARTESIAN_POINT('',(12.45,-2.33,3.7));
#1135 = LINE('',#1136,#1137);
#1136 = CARTESIAN_POINT('',(11.85,-2.33,3.7));
#1137 = VECTOR('',#1138,1.);
#1138 = DIRECTION('',(1.,0.,0.));
#1139 = ORIENTED_EDGE('',*,*,#1140,.T.);
#1140 = EDGE_CURVE('',#1133,#1141,#1143,.T.);
#1141 = VERTEX_POINT('',#1142);
#1142 = CARTESIAN_POINT('',(13.15,-2.33,4.9));
#1143 = LINE('',#1144,#1145);
#1144 = CARTESIAN_POINT('',(12.45,-2.33,3.7));
#1145 = VECTOR('',#1146,1.);
#1146 = DIRECTION('',(0.503871025524,1.917974447926E-16,0.863778900898)
  );
#1147 = ORIENTED_EDGE('',*,*,#1148,.T.);
#1148 = EDGE_CURVE('',#1141,#1149,#1151,.T.);
#1149 = VERTEX_POINT('',#1150);
#1150 = CARTESIAN_POINT('',(13.15,-2.33,5.7));
#1151 = LINE('',#1152,#1153);
#1152 = CARTESIAN_POINT('',(13.15,-2.33,4.9));
#1153 = VECTOR('',#1154,1.);
#1154 = DIRECTION('',(0.,2.22044604925E-16,1.));
#1155 = ORIENTED_EDGE('',*,*,#1156,.T.);
#1156 = EDGE_CURVE('',#1149,#1046,#1157,.T.);
#1157 = LINE('',#1158,#1159);
#1158 = CARTESIAN_POINT('',(13.15,-2.33,5.7));
#1159 = VECTOR('',#1160,1.);
#1160 = DIRECTION('',(-1.,0.,0.));
#1161 = ORIENTED_EDGE('',*,*,#1045,.F.);
#1162 = ORIENTED_EDGE('',*,*,#240,.F.);
#1163 = PLANE('',#1164);
#1164 = AXIS2_PLACEMENT_3D('',#1165,#1166,#1167);
#1165 = CARTESIAN_POINT('',(6.25,-2.33,7.83936145125));
#1166 = DIRECTION('',(0.,1.,0.));
#1167 = DIRECTION('',(0.,0.,1.));
#1168 = ADVANCED_FACE('',(#1169),#1180,.F.);
#1169 = FACE_BOUND('',#1170,.F.);
#1170 = EDGE_LOOP('',(#1171,#1172,#1173,#1179));
#1171 = ORIENTED_EDGE('',*,*,#232,.T.);
#1172 = ORIENTED_EDGE('',*,*,#1068,.T.);
#1173 = ORIENTED_EDGE('',*,*,#1174,.F.);
#1174 = EDGE_CURVE('',#976,#1069,#1175,.T.);
#1175 = LINE('',#1176,#1177);
#1176 = CARTESIAN_POINT('',(-0.2,-1.53,5.7));
#1177 = VECTOR('',#1178,1.);
#1178 = DIRECTION('',(0.,-1.,2.22044604925E-16));
#1179 = ORIENTED_EDGE('',*,*,#983,.F.);
#1180 = PLANE('',#1181);
#1181 = AXIS2_PLACEMENT_3D('',#1182,#1183,#1184);
#1182 = CARTESIAN_POINT('',(5.E-02,-1.53,9.8));
#1183 = DIRECTION('',(0.998146155389,-1.351420541042E-17,
    -6.086257045056E-02));
#1184 = DIRECTION('',(-6.086257045056E-02,-2.216329687308E-16,
    -0.998146155389));
#1185 = ADVANCED_FACE('',(#1186),#1205,.T.);
#1186 = FACE_BOUND('',#1187,.T.);
#1187 = EDGE_LOOP('',(#1188,#1196,#1203,#1204));
#1188 = ORIENTED_EDGE('',*,*,#1189,.T.);
#1189 = EDGE_CURVE('',#208,#1190,#1192,.T.);
#1190 = VERTEX_POINT('',#1191);
#1191 = CARTESIAN_POINT('',(-2.4,-1.23,9.2));
#1192 = LINE('',#1193,#1194);
#1193 = CARTESIAN_POINT('',(-2.4,-1.23,9.8));
#1194 = VECTOR('',#1195,1.);
#1195 = DIRECTION('',(-0.,-0.,-1.));
#1196 = ORIENTED_EDGE('',*,*,#1197,.T.);
#1197 = EDGE_CURVE('',#1190,#991,#1198,.T.);
#1198 = CIRCLE('',#1199,0.3);
#1199 = AXIS2_PLACEMENT_3D('',#1200,#1201,#1202);
#1200 = CARTESIAN_POINT('',(-2.1,-1.23,9.2));
#1201 = DIRECTION('',(0.,0.,1.));
#1202 = DIRECTION('',(1.,0.,0.));
#1203 = ORIENTED_EDGE('',*,*,#990,.F.);
#1204 = ORIENTED_EDGE('',*,*,#215,.F.);
#1205 = CYLINDRICAL_SURFACE('',#1206,0.3);
#1206 = AXIS2_PLACEMENT_3D('',#1207,#1208,#1209);
#1207 = CARTESIAN_POINT('',(-2.1,-1.23,9.8));
#1208 = DIRECTION('',(0.,0.,1.));
#1209 = DIRECTION('',(1.,0.,0.));
#1210 = ADVANCED_FACE('',(#1211),#1229,.F.);
#1211 = FACE_BOUND('',#1212,.F.);
#1212 = EDGE_LOOP('',(#1213,#1214,#1222,#1228));
#1213 = ORIENTED_EDGE('',*,*,#1189,.T.);
#1214 = ORIENTED_EDGE('',*,*,#1215,.T.);
#1215 = EDGE_CURVE('',#1190,#1216,#1218,.T.);
#1216 = VERTEX_POINT('',#1217);
#1217 = CARTESIAN_POINT('',(-2.4,3.07,9.2));
#1218 = LINE('',#1219,#1220);
#1219 = CARTESIAN_POINT('',(-2.4,-1.23,9.2));
#1220 = VECTOR('',#1221,1.);
#1221 = DIRECTION('',(0.,1.,0.));
#1222 = ORIENTED_EDGE('',*,*,#1223,.F.);
#1223 = EDGE_CURVE('',#199,#1216,#1224,.T.);
#1224 = LINE('',#1225,#1226);
#1225 = CARTESIAN_POINT('',(-2.4,3.07,9.8));
#1226 = VECTOR('',#1227,1.);
#1227 = DIRECTION('',(-0.,-0.,-1.));
#1228 = ORIENTED_EDGE('',*,*,#207,.F.);
#1229 = PLANE('',#1230);
#1230 = AXIS2_PLACEMENT_3D('',#1231,#1232,#1233);
#1231 = CARTESIAN_POINT('',(-2.4,-1.23,9.8));
#1232 = DIRECTION('',(1.,0.,0.));
#1233 = DIRECTION('',(0.,1.,0.));
#1234 = ADVANCED_FACE('',(#1235),#1254,.T.);
#1235 = FACE_BOUND('',#1236,.T.);
#1236 = EDGE_LOOP('',(#1237,#1245,#1252,#1253));
#1237 = ORIENTED_EDGE('',*,*,#1238,.T.);
#1238 = EDGE_CURVE('',#191,#1239,#1241,.T.);
#1239 = VERTEX_POINT('',#1240);
#1240 = CARTESIAN_POINT('',(-2.1,3.37,9.2));
#1241 = LINE('',#1242,#1243);
#1242 = CARTESIAN_POINT('',(-2.1,3.37,9.8));
#1243 = VECTOR('',#1244,1.);
#1244 = DIRECTION('',(-0.,-0.,-1.));
#1245 = ORIENTED_EDGE('',*,*,#1246,.T.);
#1246 = EDGE_CURVE('',#1239,#1216,#1247,.T.);
#1247 = CIRCLE('',#1248,0.3);
#1248 = AXIS2_PLACEMENT_3D('',#1249,#1250,#1251);
#1249 = CARTESIAN_POINT('',(-2.1,3.07,9.2));
#1250 = DIRECTION('',(0.,0.,1.));
#1251 = DIRECTION('',(1.,0.,0.));
#1252 = ORIENTED_EDGE('',*,*,#1223,.F.);
#1253 = ORIENTED_EDGE('',*,*,#198,.F.);
#1254 = CYLINDRICAL_SURFACE('',#1255,0.3);
#1255 = AXIS2_PLACEMENT_3D('',#1256,#1257,#1258);
#1256 = CARTESIAN_POINT('',(-2.1,3.07,9.8));
#1257 = DIRECTION('',(0.,0.,1.));
#1258 = DIRECTION('',(1.,0.,0.));
#1259 = ADVANCED_FACE('',(#1260),#1278,.F.);
#1260 = FACE_BOUND('',#1261,.F.);
#1261 = EDGE_LOOP('',(#1262,#1263,#1271,#1277));
#1262 = ORIENTED_EDGE('',*,*,#1238,.T.);
#1263 = ORIENTED_EDGE('',*,*,#1264,.T.);
#1264 = EDGE_CURVE('',#1239,#1265,#1267,.T.);
#1265 = VERTEX_POINT('',#1266);
#1266 = CARTESIAN_POINT('',(14.6,3.37,9.2));
#1267 = LINE('',#1268,#1269);
#1268 = CARTESIAN_POINT('',(-2.1,3.37,9.2));
#1269 = VECTOR('',#1270,1.);
#1270 = DIRECTION('',(1.,0.,0.));
#1271 = ORIENTED_EDGE('',*,*,#1272,.F.);
#1272 = EDGE_CURVE('',#182,#1265,#1273,.T.);
#1273 = LINE('',#1274,#1275);
#1274 = CARTESIAN_POINT('',(14.6,3.37,9.8));
#1275 = VECTOR('',#1276,1.);
#1276 = DIRECTION('',(-0.,-0.,-1.));
#1277 = ORIENTED_EDGE('',*,*,#190,.F.);
#1278 = PLANE('',#1279);
#1279 = AXIS2_PLACEMENT_3D('',#1280,#1281,#1282);
#1280 = CARTESIAN_POINT('',(-2.1,3.37,9.8));
#1281 = DIRECTION('',(0.,-1.,0.));
#1282 = DIRECTION('',(1.,0.,0.));
#1283 = ADVANCED_FACE('',(#1284),#1303,.T.);
#1284 = FACE_BOUND('',#1285,.T.);
#1285 = EDGE_LOOP('',(#1286,#1294,#1301,#1302));
#1286 = ORIENTED_EDGE('',*,*,#1287,.T.);
#1287 = EDGE_CURVE('',#174,#1288,#1290,.T.);
#1288 = VERTEX_POINT('',#1289);
#1289 = CARTESIAN_POINT('',(14.9,3.07,9.2));
#1290 = LINE('',#1291,#1292);
#1291 = CARTESIAN_POINT('',(14.9,3.07,9.8));
#1292 = VECTOR('',#1293,1.);
#1293 = DIRECTION('',(-0.,-0.,-1.));
#1294 = ORIENTED_EDGE('',*,*,#1295,.T.);
#1295 = EDGE_CURVE('',#1288,#1265,#1296,.T.);
#1296 = CIRCLE('',#1297,0.3);
#1297 = AXIS2_PLACEMENT_3D('',#1298,#1299,#1300);
#1298 = CARTESIAN_POINT('',(14.6,3.07,9.2));
#1299 = DIRECTION('',(0.,0.,1.));
#1300 = DIRECTION('',(1.,0.,0.));
#1301 = ORIENTED_EDGE('',*,*,#1272,.F.);
#1302 = ORIENTED_EDGE('',*,*,#181,.F.);
#1303 = CYLINDRICAL_SURFACE('',#1304,0.3);
#1304 = AXIS2_PLACEMENT_3D('',#1305,#1306,#1307);
#1305 = CARTESIAN_POINT('',(14.6,3.07,9.8));
#1306 = DIRECTION('',(0.,0.,1.));
#1307 = DIRECTION('',(1.,0.,0.));
#1308 = ADVANCED_FACE('',(#1309),#1327,.F.);
#1309 = FACE_BOUND('',#1310,.F.);
#1310 = EDGE_LOOP('',(#1311,#1312,#1313,#1321));
#1311 = ORIENTED_EDGE('',*,*,#173,.F.);
#1312 = ORIENTED_EDGE('',*,*,#1287,.T.);
#1313 = ORIENTED_EDGE('',*,*,#1314,.T.);
#1314 = EDGE_CURVE('',#1288,#1315,#1317,.T.);
#1315 = VERTEX_POINT('',#1316);
#1316 = CARTESIAN_POINT('',(14.9,1.4625,9.2));
#1317 = LINE('',#1318,#1319);
#1318 = CARTESIAN_POINT('',(14.9,3.07,9.2));
#1319 = VECTOR('',#1320,1.);
#1320 = DIRECTION('',(0.,-1.,0.));
#1321 = ORIENTED_EDGE('',*,*,#1322,.T.);
#1322 = EDGE_CURVE('',#1315,#166,#1323,.T.);
#1323 = LINE('',#1324,#1325);
#1324 = CARTESIAN_POINT('',(14.9,1.4625,9.8));
#1325 = VECTOR('',#1326,1.);
#1326 = DIRECTION('',(0.,0.,1.));
#1327 = PLANE('',#1328);
#1328 = AXIS2_PLACEMENT_3D('',#1329,#1330,#1331);
#1329 = CARTESIAN_POINT('',(14.9,3.07,9.8));
#1330 = DIRECTION('',(-1.,0.,0.));
#1331 = DIRECTION('',(0.,-1.,0.));
#1332 = ADVANCED_FACE('',(#1333),#1351,.T.);
#1333 = FACE_BOUND('',#1334,.T.);
#1334 = EDGE_LOOP('',(#1335,#1336,#1344,#1350));
#1335 = ORIENTED_EDGE('',*,*,#165,.F.);
#1336 = ORIENTED_EDGE('',*,*,#1337,.T.);
#1337 = EDGE_CURVE('',#158,#1338,#1340,.T.);
#1338 = VERTEX_POINT('',#1339);
#1339 = CARTESIAN_POINT('',(14.15,0.9,9.2));
#1340 = LINE('',#1341,#1342);
#1341 = CARTESIAN_POINT('',(14.15,0.9,9.8));
#1342 = VECTOR('',#1343,1.);
#1343 = DIRECTION('',(-0.,-0.,-1.));
#1344 = ORIENTED_EDGE('',*,*,#1345,.T.);
#1345 = EDGE_CURVE('',#1338,#1315,#1346,.T.);
#1346 = LINE('',#1347,#1348);
#1347 = CARTESIAN_POINT('',(11.6268,-0.9924,9.2));
#1348 = VECTOR('',#1349,1.);
#1349 = DIRECTION('',(0.8,0.6,0.));
#1350 = ORIENTED_EDGE('',*,*,#1322,.T.);
#1351 = PLANE('',#1352);
#1352 = AXIS2_PLACEMENT_3D('',#1353,#1354,#1355);
#1353 = CARTESIAN_POINT('',(14.15,0.9,9.8));
#1354 = DIRECTION('',(0.6,-0.8,0.));
#1355 = DIRECTION('',(0.8,0.6,0.));
#1356 = ADVANCED_FACE('',(#1357),#1375,.T.);
#1357 = FACE_BOUND('',#1358,.T.);
#1358 = EDGE_LOOP('',(#1359,#1360,#1368,#1374));
#1359 = ORIENTED_EDGE('',*,*,#157,.F.);
#1360 = ORIENTED_EDGE('',*,*,#1361,.T.);
#1361 = EDGE_CURVE('',#150,#1362,#1364,.T.);
#1362 = VERTEX_POINT('',#1363);
#1363 = CARTESIAN_POINT('',(14.9,0.3375,9.2));
#1364 = LINE('',#1365,#1366);
#1365 = CARTESIAN_POINT('',(14.9,0.3375,9.8));
#1366 = VECTOR('',#1367,1.);
#1367 = DIRECTION('',(0.,0.,-1.));
#1368 = ORIENTED_EDGE('',*,*,#1369,.T.);
#1369 = EDGE_CURVE('',#1362,#1338,#1370,.T.);
#1370 = LINE('',#1371,#1372);
#1371 = CARTESIAN_POINT('',(12.0172,2.4996,9.2));
#1372 = VECTOR('',#1373,1.);
#1373 = DIRECTION('',(-0.8,0.6,0.));
#1374 = ORIENTED_EDGE('',*,*,#1337,.F.);
#1375 = PLANE('',#1376);
#1376 = AXIS2_PLACEMENT_3D('',#1377,#1378,#1379);
#1377 = CARTESIAN_POINT('',(14.95,0.3,9.8));
#1378 = DIRECTION('',(0.6,0.8,0.));
#1379 = DIRECTION('',(-0.8,0.6,0.));
#1380 = ADVANCED_FACE('',(#1381),#1399,.F.);
#1381 = FACE_BOUND('',#1382,.F.);
#1382 = EDGE_LOOP('',(#1383,#1384,#1385,#1393));
#1383 = ORIENTED_EDGE('',*,*,#149,.F.);
#1384 = ORIENTED_EDGE('',*,*,#1361,.T.);
#1385 = ORIENTED_EDGE('',*,*,#1386,.T.);
#1386 = EDGE_CURVE('',#1362,#1387,#1389,.T.);
#1387 = VERTEX_POINT('',#1388);
#1388 = CARTESIAN_POINT('',(14.9,-1.23,9.2));
#1389 = LINE('',#1390,#1391);
#1390 = CARTESIAN_POINT('',(14.9,3.07,9.2));
#1391 = VECTOR('',#1392,1.);
#1392 = DIRECTION('',(0.,-1.,0.));
#1393 = ORIENTED_EDGE('',*,*,#1394,.F.);
#1394 = EDGE_CURVE('',#141,#1387,#1395,.T.);
#1395 = LINE('',#1396,#1397);
#1396 = CARTESIAN_POINT('',(14.9,-1.23,9.8));
#1397 = VECTOR('',#1398,1.);
#1398 = DIRECTION('',(-0.,-0.,-1.));
#1399 = PLANE('',#1400);
#1400 = AXIS2_PLACEMENT_3D('',#1401,#1402,#1403);
#1401 = CARTESIAN_POINT('',(14.9,3.07,9.8));
#1402 = DIRECTION('',(-1.,0.,0.));
#1403 = DIRECTION('',(0.,-1.,0.));
#1404 = ADVANCED_FACE('',(#1405),#1417,.T.);
#1405 = FACE_BOUND('',#1406,.T.);
#1406 = EDGE_LOOP('',(#1407,#1408,#1415,#1416));
#1407 = ORIENTED_EDGE('',*,*,#878,.T.);
#1408 = ORIENTED_EDGE('',*,*,#1409,.T.);
#1409 = EDGE_CURVE('',#879,#1387,#1410,.T.);
#1410 = CIRCLE('',#1411,0.3);
#1411 = AXIS2_PLACEMENT_3D('',#1412,#1413,#1414);
#1412 = CARTESIAN_POINT('',(14.6,-1.23,9.2));
#1413 = DIRECTION('',(0.,0.,1.));
#1414 = DIRECTION('',(1.,0.,0.));
#1415 = ORIENTED_EDGE('',*,*,#1394,.F.);
#1416 = ORIENTED_EDGE('',*,*,#140,.F.);
#1417 = CYLINDRICAL_SURFACE('',#1418,0.3);
#1418 = AXIS2_PLACEMENT_3D('',#1419,#1420,#1421);
#1419 = CARTESIAN_POINT('',(14.6,-1.23,9.8));
#1420 = DIRECTION('',(0.,0.,1.));
#1421 = DIRECTION('',(1.,0.,0.));
#1422 = ADVANCED_FACE('',(#1423),#1464,.F.);
#1423 = FACE_BOUND('',#1424,.F.);
#1424 = EDGE_LOOP('',(#1425,#1433,#1441,#1449,#1457,#1463));
#1425 = ORIENTED_EDGE('',*,*,#1426,.F.);
#1426 = EDGE_CURVE('',#1427,#257,#1429,.T.);
#1427 = VERTEX_POINT('',#1428);
#1428 = CARTESIAN_POINT('',(1.05,1.52,3.45));
#1429 = LINE('',#1430,#1431);
#1430 = CARTESIAN_POINT('',(1.05,1.52,3.45));
#1431 = VECTOR('',#1432,1.);
#1432 = DIRECTION('',(0.,0.,1.));
#1433 = ORIENTED_EDGE('',*,*,#1434,.T.);
#1434 = EDGE_CURVE('',#1427,#1435,#1437,.T.);
#1435 = VERTEX_POINT('',#1436);
#1436 = CARTESIAN_POINT('',(0.6,1.52,3.45));
#1437 = LINE('',#1438,#1439);
#1438 = CARTESIAN_POINT('',(1.05,1.52,3.45));
#1439 = VECTOR('',#1440,1.);
#1440 = DIRECTION('',(-1.,-0.,-0.));
#1441 = ORIENTED_EDGE('',*,*,#1442,.F.);
#1442 = EDGE_CURVE('',#1443,#1435,#1445,.T.);
#1443 = VERTEX_POINT('',#1444);
#1444 = CARTESIAN_POINT('',(0.6,1.52,5.25));
#1445 = LINE('',#1446,#1447);
#1446 = CARTESIAN_POINT('',(0.6,1.52,5.25));
#1447 = VECTOR('',#1448,1.);
#1448 = DIRECTION('',(0.,1.233581138472E-16,-1.));
#1449 = ORIENTED_EDGE('',*,*,#1450,.T.);
#1450 = EDGE_CURVE('',#1443,#1451,#1453,.T.);
#1451 = VERTEX_POINT('',#1452);
#1452 = CARTESIAN_POINT('',(0.5,1.52,5.25));
#1453 = LINE('',#1454,#1455);
#1454 = CARTESIAN_POINT('',(0.6,1.52,5.25));
#1455 = VECTOR('',#1456,1.);
#1456 = DIRECTION('',(-1.,-0.,-0.));
#1457 = ORIENTED_EDGE('',*,*,#1458,.F.);
#1458 = EDGE_CURVE('',#259,#1451,#1459,.T.);
#1459 = LINE('',#1460,#1461);
#1460 = CARTESIAN_POINT('',(0.5,1.52,9.8));
#1461 = VECTOR('',#1462,1.);
#1462 = DIRECTION('',(0.,0.,-1.));
#1463 = ORIENTED_EDGE('',*,*,#256,.F.);
#1464 = PLANE('',#1465);
#1465 = AXIS2_PLACEMENT_3D('',#1466,#1467,#1468);
#1466 = CARTESIAN_POINT('',(1.05,1.52,3.45));
#1467 = DIRECTION('',(0.,1.,0.));
#1468 = DIRECTION('',(0.,0.,1.));
#1469 = ADVANCED_FACE('',(#1470),#1488,.F.);
#1470 = FACE_BOUND('',#1471,.F.);
#1471 = EDGE_LOOP('',(#1472,#1480,#1481,#1482));
#1472 = ORIENTED_EDGE('',*,*,#1473,.T.);
#1473 = EDGE_CURVE('',#1474,#1427,#1476,.T.);
#1474 = VERTEX_POINT('',#1475);
#1475 = CARTESIAN_POINT('',(1.05,-0.98,3.45));
#1476 = LINE('',#1477,#1478);
#1477 = CARTESIAN_POINT('',(1.05,-0.98,3.45));
#1478 = VECTOR('',#1479,1.);
#1479 = DIRECTION('',(0.,1.,0.));
#1480 = ORIENTED_EDGE('',*,*,#1426,.T.);
#1481 = ORIENTED_EDGE('',*,*,#266,.T.);
#1482 = ORIENTED_EDGE('',*,*,#1483,.T.);
#1483 = EDGE_CURVE('',#267,#1474,#1484,.T.);
#1484 = LINE('',#1485,#1486);
#1485 = CARTESIAN_POINT('',(1.05,-0.98,9.8));
#1486 = VECTOR('',#1487,1.);
#1487 = DIRECTION('',(0.,0.,-1.));
#1488 = PLANE('',#1489);
#1489 = AXIS2_PLACEMENT_3D('',#1490,#1491,#1492);
#1490 = CARTESIAN_POINT('',(1.05,0.27,6.625));
#1491 = DIRECTION('',(1.,0.,0.));
#1492 = DIRECTION('',(0.,0.,1.));
#1493 = ADVANCED_FACE('',(#1494),#1512,.F.);
#1494 = FACE_BOUND('',#1495,.F.);
#1495 = EDGE_LOOP('',(#1496,#1497,#1505,#1511));
#1496 = ORIENTED_EDGE('',*,*,#1458,.T.);
#1497 = ORIENTED_EDGE('',*,*,#1498,.T.);
#1498 = EDGE_CURVE('',#1451,#1499,#1501,.T.);
#1499 = VERTEX_POINT('',#1500);
#1500 = CARTESIAN_POINT('',(0.5,1.92,5.25));
#1501 = LINE('',#1502,#1503);
#1502 = CARTESIAN_POINT('',(0.5,1.52,5.25));
#1503 = VECTOR('',#1504,1.);
#1504 = DIRECTION('',(0.,1.,0.));
#1505 = ORIENTED_EDGE('',*,*,#1506,.T.);
#1506 = EDGE_CURVE('',#1499,#307,#1507,.T.);
#1507 = LINE('',#1508,#1509);
#1508 = CARTESIAN_POINT('',(0.5,1.92,5.25));
#1509 = VECTOR('',#1510,1.);
#1510 = DIRECTION('',(0.,0.,1.));
#1511 = ORIENTED_EDGE('',*,*,#314,.T.);
#1512 = PLANE('',#1513);
#1513 = AXIS2_PLACEMENT_3D('',#1514,#1515,#1516);
#1514 = CARTESIAN_POINT('',(0.5,1.72,7.525));
#1515 = DIRECTION('',(1.,0.,0.));
#1516 = DIRECTION('',(0.,0.,1.));
#1517 = ADVANCED_FACE('',(#1518),#1536,.F.);
#1518 = FACE_BOUND('',#1519,.F.);
#1519 = EDGE_LOOP('',(#1520,#1521,#1529,#1535));
#1520 = ORIENTED_EDGE('',*,*,#274,.T.);
#1521 = ORIENTED_EDGE('',*,*,#1522,.T.);
#1522 = EDGE_CURVE('',#275,#1523,#1525,.T.);
#1523 = VERTEX_POINT('',#1524);
#1524 = CARTESIAN_POINT('',(-1.05,-0.98,3.45));
#1525 = LINE('',#1526,#1527);
#1526 = CARTESIAN_POINT('',(-1.05,-0.98,9.8));
#1527 = VECTOR('',#1528,1.);
#1528 = DIRECTION('',(0.,0.,-1.));
#1529 = ORIENTED_EDGE('',*,*,#1530,.F.);
#1530 = EDGE_CURVE('',#1474,#1523,#1531,.T.);
#1531 = LINE('',#1532,#1533);
#1532 = CARTESIAN_POINT('',(1.05,-0.98,3.45));
#1533 = VECTOR('',#1534,1.);
#1534 = DIRECTION('',(-1.,-0.,-0.));
#1535 = ORIENTED_EDGE('',*,*,#1483,.F.);
#1536 = PLANE('',#1537);
#1537 = AXIS2_PLACEMENT_3D('',#1538,#1539,#1540);
#1538 = CARTESIAN_POINT('',(1.05,-0.98,9.8));
#1539 = DIRECTION('',(0.,-1.,0.));
#1540 = DIRECTION('',(0.,0.,-1.));
#1541 = ADVANCED_FACE('',(#1542),#1560,.F.);
#1542 = FACE_BOUND('',#1543,.F.);
#1543 = EDGE_LOOP('',(#1544,#1552,#1558,#1559));
#1544 = ORIENTED_EDGE('',*,*,#1545,.T.);
#1545 = EDGE_CURVE('',#1499,#1546,#1548,.T.);
#1546 = VERTEX_POINT('',#1547);
#1547 = CARTESIAN_POINT('',(-0.5,1.92,5.25));
#1548 = LINE('',#1549,#1550);
#1549 = CARTESIAN_POINT('',(0.5,1.92,5.25));
#1550 = VECTOR('',#1551,1.);
#1551 = DIRECTION('',(-1.,-0.,-0.));
#1552 = ORIENTED_EDGE('',*,*,#1553,.T.);
#1553 = EDGE_CURVE('',#1546,#299,#1554,.T.);
#1554 = LINE('',#1555,#1556);
#1555 = CARTESIAN_POINT('',(-0.5,1.92,5.25));
#1556 = VECTOR('',#1557,1.);
#1557 = DIRECTION('',(0.,0.,1.));
#1558 = ORIENTED_EDGE('',*,*,#306,.F.);
#1559 = ORIENTED_EDGE('',*,*,#1506,.F.);
#1560 = PLANE('',#1561);
#1561 = AXIS2_PLACEMENT_3D('',#1562,#1563,#1564);
#1562 = CARTESIAN_POINT('',(0.5,1.92,5.25));
#1563 = DIRECTION('',(0.,1.,0.));
#1564 = DIRECTION('',(0.,0.,1.));
#1565 = ADVANCED_FACE('',(#1566),#1584,.T.);
#1566 = FACE_BOUND('',#1567,.T.);
#1567 = EDGE_LOOP('',(#1568,#1576,#1582,#1583));
#1568 = ORIENTED_EDGE('',*,*,#1569,.T.);
#1569 = EDGE_CURVE('',#1523,#1570,#1572,.T.);
#1570 = VERTEX_POINT('',#1571);
#1571 = CARTESIAN_POINT('',(-1.05,1.52,3.45));
#1572 = LINE('',#1573,#1574);
#1573 = CARTESIAN_POINT('',(-1.05,-0.98,3.45));
#1574 = VECTOR('',#1575,1.);
#1575 = DIRECTION('',(0.,1.,0.));
#1576 = ORIENTED_EDGE('',*,*,#1577,.T.);
#1577 = EDGE_CURVE('',#1570,#283,#1578,.T.);
#1578 = LINE('',#1579,#1580);
#1579 = CARTESIAN_POINT('',(-1.05,1.52,3.45));
#1580 = VECTOR('',#1581,1.);
#1581 = DIRECTION('',(0.,0.,1.));
#1582 = ORIENTED_EDGE('',*,*,#282,.T.);
#1583 = ORIENTED_EDGE('',*,*,#1522,.T.);
#1584 = PLANE('',#1585);
#1585 = AXIS2_PLACEMENT_3D('',#1586,#1587,#1588);
#1586 = CARTESIAN_POINT('',(-1.05,0.27,6.625));
#1587 = DIRECTION('',(1.,0.,0.));
#1588 = DIRECTION('',(0.,0.,1.));
#1589 = ADVANCED_FACE('',(#1590),#1608,.T.);
#1590 = FACE_BOUND('',#1591,.T.);
#1591 = EDGE_LOOP('',(#1592,#1600,#1606,#1607));
#1592 = ORIENTED_EDGE('',*,*,#1593,.T.);
#1593 = EDGE_CURVE('',#291,#1594,#1596,.T.);
#1594 = VERTEX_POINT('',#1595);
#1595 = CARTESIAN_POINT('',(-0.5,1.52,5.25));
#1596 = LINE('',#1597,#1598);
#1597 = CARTESIAN_POINT('',(-0.5,1.52,9.8));
#1598 = VECTOR('',#1599,1.);
#1599 = DIRECTION('',(0.,0.,-1.));
#1600 = ORIENTED_EDGE('',*,*,#1601,.T.);
#1601 = EDGE_CURVE('',#1594,#1546,#1602,.T.);
#1602 = LINE('',#1603,#1604);
#1603 = CARTESIAN_POINT('',(-0.5,1.52,5.25));
#1604 = VECTOR('',#1605,1.);
#1605 = DIRECTION('',(0.,1.,0.));
#1606 = ORIENTED_EDGE('',*,*,#1553,.T.);
#1607 = ORIENTED_EDGE('',*,*,#298,.T.);
#1608 = PLANE('',#1609);
#1609 = AXIS2_PLACEMENT_3D('',#1610,#1611,#1612);
#1610 = CARTESIAN_POINT('',(-0.5,1.72,7.525));
#1611 = DIRECTION('',(1.,0.,0.));
#1612 = DIRECTION('',(0.,0.,1.));
#1613 = ADVANCED_FACE('',(#1614),#1641,.F.);
#1614 = FACE_BOUND('',#1615,.F.);
#1615 = EDGE_LOOP('',(#1616,#1617,#1618,#1626,#1634,#1640));
#1616 = ORIENTED_EDGE('',*,*,#290,.F.);
#1617 = ORIENTED_EDGE('',*,*,#1593,.T.);
#1618 = ORIENTED_EDGE('',*,*,#1619,.T.);
#1619 = EDGE_CURVE('',#1594,#1620,#1622,.T.);
#1620 = VERTEX_POINT('',#1621);
#1621 = CARTESIAN_POINT('',(-0.6,1.52,5.25));
#1622 = LINE('',#1623,#1624);
#1623 = CARTESIAN_POINT('',(0.6,1.52,5.25));
#1624 = VECTOR('',#1625,1.);
#1625 = DIRECTION('',(-1.,-0.,-0.));
#1626 = ORIENTED_EDGE('',*,*,#1627,.T.);
#1627 = EDGE_CURVE('',#1620,#1628,#1630,.T.);
#1628 = VERTEX_POINT('',#1629);
#1629 = CARTESIAN_POINT('',(-0.6,1.52,3.45));
#1630 = LINE('',#1631,#1632);
#1631 = CARTESIAN_POINT('',(-0.6,1.52,5.25));
#1632 = VECTOR('',#1633,1.);
#1633 = DIRECTION('',(0.,1.233581138472E-16,-1.));
#1634 = ORIENTED_EDGE('',*,*,#1635,.T.);
#1635 = EDGE_CURVE('',#1628,#1570,#1636,.T.);
#1636 = LINE('',#1637,#1638);
#1637 = CARTESIAN_POINT('',(1.05,1.52,3.45));
#1638 = VECTOR('',#1639,1.);
#1639 = DIRECTION('',(-1.,-0.,-0.));
#1640 = ORIENTED_EDGE('',*,*,#1577,.T.);
#1641 = PLANE('',#1642);
#1642 = AXIS2_PLACEMENT_3D('',#1643,#1644,#1645);
#1643 = CARTESIAN_POINT('',(1.05,1.52,3.45));
#1644 = DIRECTION('',(0.,1.,0.));
#1645 = DIRECTION('',(0.,0.,1.));
#1646 = ADVANCED_FACE('',(#1647),#1688,.F.);
#1647 = FACE_BOUND('',#1648,.F.);
#1648 = EDGE_LOOP('',(#1649,#1657,#1665,#1673,#1681,#1687));
#1649 = ORIENTED_EDGE('',*,*,#1650,.F.);
#1650 = EDGE_CURVE('',#1651,#323,#1653,.T.);
#1651 = VERTEX_POINT('',#1652);
#1652 = CARTESIAN_POINT('',(3.55,1.52,3.45));
#1653 = LINE('',#1654,#1655);
#1654 = CARTESIAN_POINT('',(3.55,1.52,3.45));
#1655 = VECTOR('',#1656,1.);
#1656 = DIRECTION('',(0.,0.,1.));
#1657 = ORIENTED_EDGE('',*,*,#1658,.T.);
#1658 = EDGE_CURVE('',#1651,#1659,#1661,.T.);
#1659 = VERTEX_POINT('',#1660);
#1660 = CARTESIAN_POINT('',(3.1,1.52,3.45));
#1661 = LINE('',#1662,#1663);
#1662 = CARTESIAN_POINT('',(3.55,1.52,3.45));
#1663 = VECTOR('',#1664,1.);
#1664 = DIRECTION('',(-1.,-0.,-0.));
#1665 = ORIENTED_EDGE('',*,*,#1666,.F.);
#1666 = EDGE_CURVE('',#1667,#1659,#1669,.T.);
#1667 = VERTEX_POINT('',#1668);
#1668 = CARTESIAN_POINT('',(3.1,1.52,5.25));
#1669 = LINE('',#1670,#1671);
#1670 = CARTESIAN_POINT('',(3.1,1.52,5.25));
#1671 = VECTOR('',#1672,1.);
#1672 = DIRECTION('',(0.,1.233581138472E-16,-1.));
#1673 = ORIENTED_EDGE('',*,*,#1674,.T.);
#1674 = EDGE_CURVE('',#1667,#1675,#1677,.T.);
#1675 = VERTEX_POINT('',#1676);
#1676 = CARTESIAN_POINT('',(3.,1.52,5.25));
#1677 = LINE('',#1678,#1679);
#1678 = CARTESIAN_POINT('',(3.1,1.52,5.25));
#1679 = VECTOR('',#1680,1.);
#1680 = DIRECTION('',(-1.,-0.,-0.));
#1681 = ORIENTED_EDGE('',*,*,#1682,.F.);
#1682 = EDGE_CURVE('',#325,#1675,#1683,.T.);
#1683 = LINE('',#1684,#1685);
#1684 = CARTESIAN_POINT('',(3.,1.52,9.8));
#1685 = VECTOR('',#1686,1.);
#1686 = DIRECTION('',(0.,0.,-1.));
#1687 = ORIENTED_EDGE('',*,*,#322,.F.);
#1688 = PLANE('',#1689);
#1689 = AXIS2_PLACEMENT_3D('',#1690,#1691,#1692);
#1690 = CARTESIAN_POINT('',(3.55,1.52,3.45));
#1691 = DIRECTION('',(0.,1.,0.));
#1692 = DIRECTION('',(0.,0.,1.));
#1693 = ADVANCED_FACE('',(#1694),#1712,.F.);
#1694 = FACE_BOUND('',#1695,.F.);
#1695 = EDGE_LOOP('',(#1696,#1704,#1705,#1706));
#1696 = ORIENTED_EDGE('',*,*,#1697,.T.);
#1697 = EDGE_CURVE('',#1698,#1651,#1700,.T.);
#1698 = VERTEX_POINT('',#1699);
#1699 = CARTESIAN_POINT('',(3.55,-0.98,3.45));
#1700 = LINE('',#1701,#1702);
#1701 = CARTESIAN_POINT('',(3.55,-0.98,3.45));
#1702 = VECTOR('',#1703,1.);
#1703 = DIRECTION('',(0.,1.,0.));
#1704 = ORIENTED_EDGE('',*,*,#1650,.T.);
#1705 = ORIENTED_EDGE('',*,*,#332,.T.);
#1706 = ORIENTED_EDGE('',*,*,#1707,.T.);
#1707 = EDGE_CURVE('',#333,#1698,#1708,.T.);
#1708 = LINE('',#1709,#1710);
#1709 = CARTESIAN_POINT('',(3.55,-0.98,9.8));
#1710 = VECTOR('',#1711,1.);
#1711 = DIRECTION('',(0.,0.,-1.));
#1712 = PLANE('',#1713);
#1713 = AXIS2_PLACEMENT_3D('',#1714,#1715,#1716);
#1714 = CARTESIAN_POINT('',(3.55,0.27,6.625));
#1715 = DIRECTION('',(1.,0.,0.));
#1716 = DIRECTION('',(0.,0.,1.));
#1717 = ADVANCED_FACE('',(#1718),#1736,.F.);
#1718 = FACE_BOUND('',#1719,.F.);
#1719 = EDGE_LOOP('',(#1720,#1721,#1729,#1735));
#1720 = ORIENTED_EDGE('',*,*,#1682,.T.);
#1721 = ORIENTED_EDGE('',*,*,#1722,.T.);
#1722 = EDGE_CURVE('',#1675,#1723,#1725,.T.);
#1723 = VERTEX_POINT('',#1724);
#1724 = CARTESIAN_POINT('',(3.,1.92,5.25));
#1725 = LINE('',#1726,#1727);
#1726 = CARTESIAN_POINT('',(3.,1.52,5.25));
#1727 = VECTOR('',#1728,1.);
#1728 = DIRECTION('',(0.,1.,0.));
#1729 = ORIENTED_EDGE('',*,*,#1730,.T.);
#1730 = EDGE_CURVE('',#1723,#373,#1731,.T.);
#1731 = LINE('',#1732,#1733);
#1732 = CARTESIAN_POINT('',(3.,1.92,5.25));
#1733 = VECTOR('',#1734,1.);
#1734 = DIRECTION('',(0.,0.,1.));
#1735 = ORIENTED_EDGE('',*,*,#380,.T.);
#1736 = PLANE('',#1737);
#1737 = AXIS2_PLACEMENT_3D('',#1738,#1739,#1740);
#1738 = CARTESIAN_POINT('',(3.,1.72,7.525));
#1739 = DIRECTION('',(1.,0.,0.));
#1740 = DIRECTION('',(0.,0.,1.));
#1741 = ADVANCED_FACE('',(#1742),#1760,.F.);
#1742 = FACE_BOUND('',#1743,.F.);
#1743 = EDGE_LOOP('',(#1744,#1745,#1753,#1759));
#1744 = ORIENTED_EDGE('',*,*,#340,.T.);
#1745 = ORIENTED_EDGE('',*,*,#1746,.T.);
#1746 = EDGE_CURVE('',#341,#1747,#1749,.T.);
#1747 = VERTEX_POINT('',#1748);
#1748 = CARTESIAN_POINT('',(1.45,-0.98,3.45));
#1749 = LINE('',#1750,#1751);
#1750 = CARTESIAN_POINT('',(1.45,-0.98,9.8));
#1751 = VECTOR('',#1752,1.);
#1752 = DIRECTION('',(0.,0.,-1.));
#1753 = ORIENTED_EDGE('',*,*,#1754,.F.);
#1754 = EDGE_CURVE('',#1698,#1747,#1755,.T.);
#1755 = LINE('',#1756,#1757);
#1756 = CARTESIAN_POINT('',(3.55,-0.98,3.45));
#1757 = VECTOR('',#1758,1.);
#1758 = DIRECTION('',(-1.,-0.,-0.));
#1759 = ORIENTED_EDGE('',*,*,#1707,.F.);
#1760 = PLANE('',#1761);
#1761 = AXIS2_PLACEMENT_3D('',#1762,#1763,#1764);
#1762 = CARTESIAN_POINT('',(3.55,-0.98,9.8));
#1763 = DIRECTION('',(0.,-1.,0.));
#1764 = DIRECTION('',(0.,0.,-1.));
#1765 = ADVANCED_FACE('',(#1766),#1784,.F.);
#1766 = FACE_BOUND('',#1767,.F.);
#1767 = EDGE_LOOP('',(#1768,#1776,#1782,#1783));
#1768 = ORIENTED_EDGE('',*,*,#1769,.T.);
#1769 = EDGE_CURVE('',#1723,#1770,#1772,.T.);
#1770 = VERTEX_POINT('',#1771);
#1771 = CARTESIAN_POINT('',(2.,1.92,5.25));
#1772 = LINE('',#1773,#1774);
#1773 = CARTESIAN_POINT('',(3.,1.92,5.25));
#1774 = VECTOR('',#1775,1.);
#1775 = DIRECTION('',(-1.,-0.,-0.));
#1776 = ORIENTED_EDGE('',*,*,#1777,.T.);
#1777 = EDGE_CURVE('',#1770,#365,#1778,.T.);
#1778 = LINE('',#1779,#1780);
#1779 = CARTESIAN_POINT('',(2.,1.92,5.25));
#1780 = VECTOR('',#1781,1.);
#1781 = DIRECTION('',(0.,0.,1.));
#1782 = ORIENTED_EDGE('',*,*,#372,.F.);
#1783 = ORIENTED_EDGE('',*,*,#1730,.F.);
#1784 = PLANE('',#1785);
#1785 = AXIS2_PLACEMENT_3D('',#1786,#1787,#1788);
#1786 = CARTESIAN_POINT('',(3.,1.92,5.25));
#1787 = DIRECTION('',(0.,1.,0.));
#1788 = DIRECTION('',(0.,0.,1.));
#1789 = ADVANCED_FACE('',(#1790),#1808,.T.);
#1790 = FACE_BOUND('',#1791,.T.);
#1791 = EDGE_LOOP('',(#1792,#1800,#1806,#1807));
#1792 = ORIENTED_EDGE('',*,*,#1793,.T.);
#1793 = EDGE_CURVE('',#1747,#1794,#1796,.T.);
#1794 = VERTEX_POINT('',#1795);
#1795 = CARTESIAN_POINT('',(1.45,1.52,3.45));
#1796 = LINE('',#1797,#1798);
#1797 = CARTESIAN_POINT('',(1.45,-0.98,3.45));
#1798 = VECTOR('',#1799,1.);
#1799 = DIRECTION('',(0.,1.,0.));
#1800 = ORIENTED_EDGE('',*,*,#1801,.T.);
#1801 = EDGE_CURVE('',#1794,#349,#1802,.T.);
#1802 = LINE('',#1803,#1804);
#1803 = CARTESIAN_POINT('',(1.45,1.52,3.45));
#1804 = VECTOR('',#1805,1.);
#1805 = DIRECTION('',(0.,0.,1.));
#1806 = ORIENTED_EDGE('',*,*,#348,.T.);
#1807 = ORIENTED_EDGE('',*,*,#1746,.T.);
#1808 = PLANE('',#1809);
#1809 = AXIS2_PLACEMENT_3D('',#1810,#1811,#1812);
#1810 = CARTESIAN_POINT('',(1.45,0.27,6.625));
#1811 = DIRECTION('',(1.,0.,0.));
#1812 = DIRECTION('',(0.,0.,1.));
#1813 = ADVANCED_FACE('',(#1814),#1832,.T.);
#1814 = FACE_BOUND('',#1815,.T.);
#1815 = EDGE_LOOP('',(#1816,#1824,#1830,#1831));
#1816 = ORIENTED_EDGE('',*,*,#1817,.T.);
#1817 = EDGE_CURVE('',#357,#1818,#1820,.T.);
#1818 = VERTEX_POINT('',#1819);
#1819 = CARTESIAN_POINT('',(2.,1.52,5.25));
#1820 = LINE('',#1821,#1822);
#1821 = CARTESIAN_POINT('',(2.,1.52,9.8));
#1822 = VECTOR('',#1823,1.);
#1823 = DIRECTION('',(0.,0.,-1.));
#1824 = ORIENTED_EDGE('',*,*,#1825,.T.);
#1825 = EDGE_CURVE('',#1818,#1770,#1826,.T.);
#1826 = LINE('',#1827,#1828);
#1827 = CARTESIAN_POINT('',(2.,1.52,5.25));
#1828 = VECTOR('',#1829,1.);
#1829 = DIRECTION('',(0.,1.,0.));
#1830 = ORIENTED_EDGE('',*,*,#1777,.T.);
#1831 = ORIENTED_EDGE('',*,*,#364,.T.);
#1832 = PLANE('',#1833);
#1833 = AXIS2_PLACEMENT_3D('',#1834,#1835,#1836);
#1834 = CARTESIAN_POINT('',(2.,1.72,7.525));
#1835 = DIRECTION('',(1.,0.,0.));
#1836 = DIRECTION('',(0.,0.,1.));
#1837 = ADVANCED_FACE('',(#1838),#1865,.F.);
#1838 = FACE_BOUND('',#1839,.F.);
#1839 = EDGE_LOOP('',(#1840,#1841,#1842,#1850,#1858,#1864));
#1840 = ORIENTED_EDGE('',*,*,#356,.F.);
#1841 = ORIENTED_EDGE('',*,*,#1817,.T.);
#1842 = ORIENTED_EDGE('',*,*,#1843,.T.);
#1843 = EDGE_CURVE('',#1818,#1844,#1846,.T.);
#1844 = VERTEX_POINT('',#1845);
#1845 = CARTESIAN_POINT('',(1.9,1.52,5.25));
#1846 = LINE('',#1847,#1848);
#1847 = CARTESIAN_POINT('',(3.1,1.52,5.25));
#1848 = VECTOR('',#1849,1.);
#1849 = DIRECTION('',(-1.,-0.,-0.));
#1850 = ORIENTED_EDGE('',*,*,#1851,.T.);
#1851 = EDGE_CURVE('',#1844,#1852,#1854,.T.);
#1852 = VERTEX_POINT('',#1853);
#1853 = CARTESIAN_POINT('',(1.9,1.52,3.45));
#1854 = LINE('',#1855,#1856);
#1855 = CARTESIAN_POINT('',(1.9,1.52,5.25));
#1856 = VECTOR('',#1857,1.);
#1857 = DIRECTION('',(0.,1.233581138472E-16,-1.));
#1858 = ORIENTED_EDGE('',*,*,#1859,.T.);
#1859 = EDGE_CURVE('',#1852,#1794,#1860,.T.);
#1860 = LINE('',#1861,#1862);
#1861 = CARTESIAN_POINT('',(3.55,1.52,3.45));
#1862 = VECTOR('',#1863,1.);
#1863 = DIRECTION('',(-1.,-0.,-0.));
#1864 = ORIENTED_EDGE('',*,*,#1801,.T.);
#1865 = PLANE('',#1866);
#1866 = AXIS2_PLACEMENT_3D('',#1867,#1868,#1869);
#1867 = CARTESIAN_POINT('',(3.55,1.52,3.45));
#1868 = DIRECTION('',(0.,1.,0.));
#1869 = DIRECTION('',(0.,0.,1.));
#1870 = ADVANCED_FACE('',(#1871),#1912,.F.);
#1871 = FACE_BOUND('',#1872,.F.);
#1872 = EDGE_LOOP('',(#1873,#1881,#1889,#1897,#1905,#1911));
#1873 = ORIENTED_EDGE('',*,*,#1874,.F.);
#1874 = EDGE_CURVE('',#1875,#389,#1877,.T.);
#1875 = VERTEX_POINT('',#1876);
#1876 = CARTESIAN_POINT('',(6.05,1.52,3.45));
#1877 = LINE('',#1878,#1879);
#1878 = CARTESIAN_POINT('',(6.05,1.52,3.45));
#1879 = VECTOR('',#1880,1.);
#1880 = DIRECTION('',(0.,0.,1.));
#1881 = ORIENTED_EDGE('',*,*,#1882,.T.);
#1882 = EDGE_CURVE('',#1875,#1883,#1885,.T.);
#1883 = VERTEX_POINT('',#1884);
#1884 = CARTESIAN_POINT('',(5.6,1.52,3.45));
#1885 = LINE('',#1886,#1887);
#1886 = CARTESIAN_POINT('',(6.05,1.52,3.45));
#1887 = VECTOR('',#1888,1.);
#1888 = DIRECTION('',(-1.,-0.,-0.));
#1889 = ORIENTED_EDGE('',*,*,#1890,.F.);
#1890 = EDGE_CURVE('',#1891,#1883,#1893,.T.);
#1891 = VERTEX_POINT('',#1892);
#1892 = CARTESIAN_POINT('',(5.6,1.52,5.25));
#1893 = LINE('',#1894,#1895);
#1894 = CARTESIAN_POINT('',(5.6,1.52,5.25));
#1895 = VECTOR('',#1896,1.);
#1896 = DIRECTION('',(0.,1.233581138472E-16,-1.));
#1897 = ORIENTED_EDGE('',*,*,#1898,.T.);
#1898 = EDGE_CURVE('',#1891,#1899,#1901,.T.);
#1899 = VERTEX_POINT('',#1900);
#1900 = CARTESIAN_POINT('',(5.5,1.52,5.25));
#1901 = LINE('',#1902,#1903);
#1902 = CARTESIAN_POINT('',(5.6,1.52,5.25));
#1903 = VECTOR('',#1904,1.);
#1904 = DIRECTION('',(-1.,-0.,-0.));
#1905 = ORIENTED_EDGE('',*,*,#1906,.F.);
#1906 = EDGE_CURVE('',#391,#1899,#1907,.T.);
#1907 = LINE('',#1908,#1909);
#1908 = CARTESIAN_POINT('',(5.5,1.52,9.8));
#1909 = VECTOR('',#1910,1.);
#1910 = DIRECTION('',(0.,0.,-1.));
#1911 = ORIENTED_EDGE('',*,*,#388,.F.);
#1912 = PLANE('',#1913);
#1913 = AXIS2_PLACEMENT_3D('',#1914,#1915,#1916);
#1914 = CARTESIAN_POINT('',(6.05,1.52,3.45));
#1915 = DIRECTION('',(0.,1.,0.));
#1916 = DIRECTION('',(0.,0.,1.));
#1917 = ADVANCED_FACE('',(#1918),#1936,.F.);
#1918 = FACE_BOUND('',#1919,.F.);
#1919 = EDGE_LOOP('',(#1920,#1928,#1929,#1930));
#1920 = ORIENTED_EDGE('',*,*,#1921,.T.);
#1921 = EDGE_CURVE('',#1922,#1875,#1924,.T.);
#1922 = VERTEX_POINT('',#1923);
#1923 = CARTESIAN_POINT('',(6.05,-0.98,3.45));
#1924 = LINE('',#1925,#1926);
#1925 = CARTESIAN_POINT('',(6.05,-0.98,3.45));
#1926 = VECTOR('',#1927,1.);
#1927 = DIRECTION('',(0.,1.,0.));
#1928 = ORIENTED_EDGE('',*,*,#1874,.T.);
#1929 = ORIENTED_EDGE('',*,*,#398,.T.);
#1930 = ORIENTED_EDGE('',*,*,#1931,.T.);
#1931 = EDGE_CURVE('',#399,#1922,#1932,.T.);
#1932 = LINE('',#1933,#1934);
#1933 = CARTESIAN_POINT('',(6.05,-0.98,9.8));
#1934 = VECTOR('',#1935,1.);
#1935 = DIRECTION('',(0.,0.,-1.));
#1936 = PLANE('',#1937);
#1937 = AXIS2_PLACEMENT_3D('',#1938,#1939,#1940);
#1938 = CARTESIAN_POINT('',(6.05,0.27,6.625));
#1939 = DIRECTION('',(1.,0.,0.));
#1940 = DIRECTION('',(0.,0.,1.));
#1941 = ADVANCED_FACE('',(#1942),#1960,.F.);
#1942 = FACE_BOUND('',#1943,.F.);
#1943 = EDGE_LOOP('',(#1944,#1945,#1953,#1959));
#1944 = ORIENTED_EDGE('',*,*,#1906,.T.);
#1945 = ORIENTED_EDGE('',*,*,#1946,.T.);
#1946 = EDGE_CURVE('',#1899,#1947,#1949,.T.);
#1947 = VERTEX_POINT('',#1948);
#1948 = CARTESIAN_POINT('',(5.5,1.92,5.25));
#1949 = LINE('',#1950,#1951);
#1950 = CARTESIAN_POINT('',(5.5,1.52,5.25));
#1951 = VECTOR('',#1952,1.);
#1952 = DIRECTION('',(0.,1.,0.));
#1953 = ORIENTED_EDGE('',*,*,#1954,.T.);
#1954 = EDGE_CURVE('',#1947,#439,#1955,.T.);
#1955 = LINE('',#1956,#1957);
#1956 = CARTESIAN_POINT('',(5.5,1.92,5.25));
#1957 = VECTOR('',#1958,1.);
#1958 = DIRECTION('',(0.,0.,1.));
#1959 = ORIENTED_EDGE('',*,*,#446,.T.);
#1960 = PLANE('',#1961);
#1961 = AXIS2_PLACEMENT_3D('',#1962,#1963,#1964);
#1962 = CARTESIAN_POINT('',(5.5,1.72,7.525));
#1963 = DIRECTION('',(1.,0.,0.));
#1964 = DIRECTION('',(0.,0.,1.));
#1965 = ADVANCED_FACE('',(#1966),#1984,.F.);
#1966 = FACE_BOUND('',#1967,.F.);
#1967 = EDGE_LOOP('',(#1968,#1969,#1977,#1983));
#1968 = ORIENTED_EDGE('',*,*,#406,.T.);
#1969 = ORIENTED_EDGE('',*,*,#1970,.T.);
#1970 = EDGE_CURVE('',#407,#1971,#1973,.T.);
#1971 = VERTEX_POINT('',#1972);
#1972 = CARTESIAN_POINT('',(3.95,-0.98,3.45));
#1973 = LINE('',#1974,#1975);
#1974 = CARTESIAN_POINT('',(3.95,-0.98,9.8));
#1975 = VECTOR('',#1976,1.);
#1976 = DIRECTION('',(0.,0.,-1.));
#1977 = ORIENTED_EDGE('',*,*,#1978,.F.);
#1978 = EDGE_CURVE('',#1922,#1971,#1979,.T.);
#1979 = LINE('',#1980,#1981);
#1980 = CARTESIAN_POINT('',(6.05,-0.98,3.45));
#1981 = VECTOR('',#1982,1.);
#1982 = DIRECTION('',(-1.,-0.,-0.));
#1983 = ORIENTED_EDGE('',*,*,#1931,.F.);
#1984 = PLANE('',#1985);
#1985 = AXIS2_PLACEMENT_3D('',#1986,#1987,#1988);
#1986 = CARTESIAN_POINT('',(6.05,-0.98,9.8));
#1987 = DIRECTION('',(0.,-1.,0.));
#1988 = DIRECTION('',(0.,0.,-1.));
#1989 = ADVANCED_FACE('',(#1990),#2008,.F.);
#1990 = FACE_BOUND('',#1991,.F.);
#1991 = EDGE_LOOP('',(#1992,#2000,#2006,#2007));
#1992 = ORIENTED_EDGE('',*,*,#1993,.T.);
#1993 = EDGE_CURVE('',#1947,#1994,#1996,.T.);
#1994 = VERTEX_POINT('',#1995);
#1995 = CARTESIAN_POINT('',(4.5,1.92,5.25));
#1996 = LINE('',#1997,#1998);
#1997 = CARTESIAN_POINT('',(5.5,1.92,5.25));
#1998 = VECTOR('',#1999,1.);
#1999 = DIRECTION('',(-1.,-0.,-0.));
#2000 = ORIENTED_EDGE('',*,*,#2001,.T.);
#2001 = EDGE_CURVE('',#1994,#431,#2002,.T.);
#2002 = LINE('',#2003,#2004);
#2003 = CARTESIAN_POINT('',(4.5,1.92,5.25));
#2004 = VECTOR('',#2005,1.);
#2005 = DIRECTION('',(0.,0.,1.));
#2006 = ORIENTED_EDGE('',*,*,#438,.F.);
#2007 = ORIENTED_EDGE('',*,*,#1954,.F.);
#2008 = PLANE('',#2009);
#2009 = AXIS2_PLACEMENT_3D('',#2010,#2011,#2012);
#2010 = CARTESIAN_POINT('',(5.5,1.92,5.25));
#2011 = DIRECTION('',(0.,1.,0.));
#2012 = DIRECTION('',(0.,0.,1.));
#2013 = ADVANCED_FACE('',(#2014),#2032,.T.);
#2014 = FACE_BOUND('',#2015,.T.);
#2015 = EDGE_LOOP('',(#2016,#2024,#2030,#2031));
#2016 = ORIENTED_EDGE('',*,*,#2017,.T.);
#2017 = EDGE_CURVE('',#1971,#2018,#2020,.T.);
#2018 = VERTEX_POINT('',#2019);
#2019 = CARTESIAN_POINT('',(3.95,1.52,3.45));
#2020 = LINE('',#2021,#2022);
#2021 = CARTESIAN_POINT('',(3.95,-0.98,3.45));
#2022 = VECTOR('',#2023,1.);
#2023 = DIRECTION('',(0.,1.,0.));
#2024 = ORIENTED_EDGE('',*,*,#2025,.T.);
#2025 = EDGE_CURVE('',#2018,#415,#2026,.T.);
#2026 = LINE('',#2027,#2028);
#2027 = CARTESIAN_POINT('',(3.95,1.52,3.45));
#2028 = VECTOR('',#2029,1.);
#2029 = DIRECTION('',(0.,0.,1.));
#2030 = ORIENTED_EDGE('',*,*,#414,.T.);
#2031 = ORIENTED_EDGE('',*,*,#1970,.T.);
#2032 = PLANE('',#2033);
#2033 = AXIS2_PLACEMENT_3D('',#2034,#2035,#2036);
#2034 = CARTESIAN_POINT('',(3.95,0.27,6.625));
#2035 = DIRECTION('',(1.,0.,0.));
#2036 = DIRECTION('',(0.,0.,1.));
#2037 = ADVANCED_FACE('',(#2038),#2056,.T.);
#2038 = FACE_BOUND('',#2039,.T.);
#2039 = EDGE_LOOP('',(#2040,#2048,#2054,#2055));
#2040 = ORIENTED_EDGE('',*,*,#2041,.T.);
#2041 = EDGE_CURVE('',#423,#2042,#2044,.T.);
#2042 = VERTEX_POINT('',#2043);
#2043 = CARTESIAN_POINT('',(4.5,1.52,5.25));
#2044 = LINE('',#2045,#2046);
#2045 = CARTESIAN_POINT('',(4.5,1.52,9.8));
#2046 = VECTOR('',#2047,1.);
#2047 = DIRECTION('',(0.,0.,-1.));
#2048 = ORIENTED_EDGE('',*,*,#2049,.T.);
#2049 = EDGE_CURVE('',#2042,#1994,#2050,.T.);
#2050 = LINE('',#2051,#2052);
#2051 = CARTESIAN_POINT('',(4.5,1.52,5.25));
#2052 = VECTOR('',#2053,1.);
#2053 = DIRECTION('',(0.,1.,0.));
#2054 = ORIENTED_EDGE('',*,*,#2001,.T.);
#2055 = ORIENTED_EDGE('',*,*,#430,.T.);
#2056 = PLANE('',#2057);
#2057 = AXIS2_PLACEMENT_3D('',#2058,#2059,#2060);
#2058 = CARTESIAN_POINT('',(4.5,1.72,7.525));
#2059 = DIRECTION('',(1.,0.,0.));
#2060 = DIRECTION('',(0.,0.,1.));
#2061 = ADVANCED_FACE('',(#2062),#2089,.F.);
#2062 = FACE_BOUND('',#2063,.F.);
#2063 = EDGE_LOOP('',(#2064,#2065,#2066,#2074,#2082,#2088));
#2064 = ORIENTED_EDGE('',*,*,#422,.F.);
#2065 = ORIENTED_EDGE('',*,*,#2041,.T.);
#2066 = ORIENTED_EDGE('',*,*,#2067,.T.);
#2067 = EDGE_CURVE('',#2042,#2068,#2070,.T.);
#2068 = VERTEX_POINT('',#2069);
#2069 = CARTESIAN_POINT('',(4.4,1.52,5.25));
#2070 = LINE('',#2071,#2072);
#2071 = CARTESIAN_POINT('',(5.6,1.52,5.25));
#2072 = VECTOR('',#2073,1.);
#2073 = DIRECTION('',(-1.,-0.,-0.));
#2074 = ORIENTED_EDGE('',*,*,#2075,.T.);
#2075 = EDGE_CURVE('',#2068,#2076,#2078,.T.);
#2076 = VERTEX_POINT('',#2077);
#2077 = CARTESIAN_POINT('',(4.4,1.52,3.45));
#2078 = LINE('',#2079,#2080);
#2079 = CARTESIAN_POINT('',(4.4,1.52,5.25));
#2080 = VECTOR('',#2081,1.);
#2081 = DIRECTION('',(0.,1.233581138472E-16,-1.));
#2082 = ORIENTED_EDGE('',*,*,#2083,.T.);
#2083 = EDGE_CURVE('',#2076,#2018,#2084,.T.);
#2084 = LINE('',#2085,#2086);
#2085 = CARTESIAN_POINT('',(6.05,1.52,3.45));
#2086 = VECTOR('',#2087,1.);
#2087 = DIRECTION('',(-1.,-0.,-0.));
#2088 = ORIENTED_EDGE('',*,*,#2025,.T.);
#2089 = PLANE('',#2090);
#2090 = AXIS2_PLACEMENT_3D('',#2091,#2092,#2093);
#2091 = CARTESIAN_POINT('',(6.05,1.52,3.45));
#2092 = DIRECTION('',(0.,1.,0.));
#2093 = DIRECTION('',(0.,0.,1.));
#2094 = ADVANCED_FACE('',(#2095),#2136,.F.);
#2095 = FACE_BOUND('',#2096,.F.);
#2096 = EDGE_LOOP('',(#2097,#2105,#2113,#2121,#2129,#2135));
#2097 = ORIENTED_EDGE('',*,*,#2098,.F.);
#2098 = EDGE_CURVE('',#2099,#455,#2101,.T.);
#2099 = VERTEX_POINT('',#2100);
#2100 = CARTESIAN_POINT('',(8.55,1.52,3.45));
#2101 = LINE('',#2102,#2103);
#2102 = CARTESIAN_POINT('',(8.55,1.52,3.45));
#2103 = VECTOR('',#2104,1.);
#2104 = DIRECTION('',(0.,0.,1.));
#2105 = ORIENTED_EDGE('',*,*,#2106,.T.);
#2106 = EDGE_CURVE('',#2099,#2107,#2109,.T.);
#2107 = VERTEX_POINT('',#2108);
#2108 = CARTESIAN_POINT('',(8.1,1.52,3.45));
#2109 = LINE('',#2110,#2111);
#2110 = CARTESIAN_POINT('',(8.55,1.52,3.45));
#2111 = VECTOR('',#2112,1.);
#2112 = DIRECTION('',(-1.,-0.,-0.));
#2113 = ORIENTED_EDGE('',*,*,#2114,.F.);
#2114 = EDGE_CURVE('',#2115,#2107,#2117,.T.);
#2115 = VERTEX_POINT('',#2116);
#2116 = CARTESIAN_POINT('',(8.1,1.52,5.25));
#2117 = LINE('',#2118,#2119);
#2118 = CARTESIAN_POINT('',(8.1,1.52,5.25));
#2119 = VECTOR('',#2120,1.);
#2120 = DIRECTION('',(0.,1.233581138472E-16,-1.));
#2121 = ORIENTED_EDGE('',*,*,#2122,.T.);
#2122 = EDGE_CURVE('',#2115,#2123,#2125,.T.);
#2123 = VERTEX_POINT('',#2124);
#2124 = CARTESIAN_POINT('',(8.,1.52,5.25));
#2125 = LINE('',#2126,#2127);
#2126 = CARTESIAN_POINT('',(8.1,1.52,5.25));
#2127 = VECTOR('',#2128,1.);
#2128 = DIRECTION('',(-1.,-0.,-0.));
#2129 = ORIENTED_EDGE('',*,*,#2130,.F.);
#2130 = EDGE_CURVE('',#457,#2123,#2131,.T.);
#2131 = LINE('',#2132,#2133);
#2132 = CARTESIAN_POINT('',(8.,1.52,9.8));
#2133 = VECTOR('',#2134,1.);
#2134 = DIRECTION('',(0.,0.,-1.));
#2135 = ORIENTED_EDGE('',*,*,#454,.F.);
#2136 = PLANE('',#2137);
#2137 = AXIS2_PLACEMENT_3D('',#2138,#2139,#2140);
#2138 = CARTESIAN_POINT('',(8.55,1.52,3.45));
#2139 = DIRECTION('',(0.,1.,0.));
#2140 = DIRECTION('',(0.,0.,1.));
#2141 = ADVANCED_FACE('',(#2142),#2160,.F.);
#2142 = FACE_BOUND('',#2143,.F.);
#2143 = EDGE_LOOP('',(#2144,#2152,#2153,#2154));
#2144 = ORIENTED_EDGE('',*,*,#2145,.T.);
#2145 = EDGE_CURVE('',#2146,#2099,#2148,.T.);
#2146 = VERTEX_POINT('',#2147);
#2147 = CARTESIAN_POINT('',(8.55,-0.98,3.45));
#2148 = LINE('',#2149,#2150);
#2149 = CARTESIAN_POINT('',(8.55,-0.98,3.45));
#2150 = VECTOR('',#2151,1.);
#2151 = DIRECTION('',(0.,1.,0.));
#2152 = ORIENTED_EDGE('',*,*,#2098,.T.);
#2153 = ORIENTED_EDGE('',*,*,#464,.T.);
#2154 = ORIENTED_EDGE('',*,*,#2155,.T.);
#2155 = EDGE_CURVE('',#465,#2146,#2156,.T.);
#2156 = LINE('',#2157,#2158);
#2157 = CARTESIAN_POINT('',(8.55,-0.98,9.8));
#2158 = VECTOR('',#2159,1.);
#2159 = DIRECTION('',(0.,0.,-1.));
#2160 = PLANE('',#2161);
#2161 = AXIS2_PLACEMENT_3D('',#2162,#2163,#2164);
#2162 = CARTESIAN_POINT('',(8.55,0.27,6.625));
#2163 = DIRECTION('',(1.,0.,0.));
#2164 = DIRECTION('',(0.,0.,1.));
#2165 = ADVANCED_FACE('',(#2166),#2184,.F.);
#2166 = FACE_BOUND('',#2167,.F.);
#2167 = EDGE_LOOP('',(#2168,#2169,#2177,#2183));
#2168 = ORIENTED_EDGE('',*,*,#2130,.T.);
#2169 = ORIENTED_EDGE('',*,*,#2170,.T.);
#2170 = EDGE_CURVE('',#2123,#2171,#2173,.T.);
#2171 = VERTEX_POINT('',#2172);
#2172 = CARTESIAN_POINT('',(8.,1.92,5.25));
#2173 = LINE('',#2174,#2175);
#2174 = CARTESIAN_POINT('',(8.,1.52,5.25));
#2175 = VECTOR('',#2176,1.);
#2176 = DIRECTION('',(0.,1.,0.));
#2177 = ORIENTED_EDGE('',*,*,#2178,.T.);
#2178 = EDGE_CURVE('',#2171,#505,#2179,.T.);
#2179 = LINE('',#2180,#2181);
#2180 = CARTESIAN_POINT('',(8.,1.92,5.25));
#2181 = VECTOR('',#2182,1.);
#2182 = DIRECTION('',(0.,0.,1.));
#2183 = ORIENTED_EDGE('',*,*,#512,.T.);
#2184 = PLANE('',#2185);
#2185 = AXIS2_PLACEMENT_3D('',#2186,#2187,#2188);
#2186 = CARTESIAN_POINT('',(8.,1.72,7.525));
#2187 = DIRECTION('',(1.,0.,0.));
#2188 = DIRECTION('',(0.,0.,1.));
#2189 = ADVANCED_FACE('',(#2190),#2208,.F.);
#2190 = FACE_BOUND('',#2191,.F.);
#2191 = EDGE_LOOP('',(#2192,#2193,#2201,#2207));
#2192 = ORIENTED_EDGE('',*,*,#472,.T.);
#2193 = ORIENTED_EDGE('',*,*,#2194,.T.);
#2194 = EDGE_CURVE('',#473,#2195,#2197,.T.);
#2195 = VERTEX_POINT('',#2196);
#2196 = CARTESIAN_POINT('',(6.45,-0.98,3.45));
#2197 = LINE('',#2198,#2199);
#2198 = CARTESIAN_POINT('',(6.45,-0.98,9.8));
#2199 = VECTOR('',#2200,1.);
#2200 = DIRECTION('',(0.,0.,-1.));
#2201 = ORIENTED_EDGE('',*,*,#2202,.F.);
#2202 = EDGE_CURVE('',#2146,#2195,#2203,.T.);
#2203 = LINE('',#2204,#2205);
#2204 = CARTESIAN_POINT('',(8.55,-0.98,3.45));
#2205 = VECTOR('',#2206,1.);
#2206 = DIRECTION('',(-1.,-0.,-0.));
#2207 = ORIENTED_EDGE('',*,*,#2155,.F.);
#2208 = PLANE('',#2209);
#2209 = AXIS2_PLACEMENT_3D('',#2210,#2211,#2212);
#2210 = CARTESIAN_POINT('',(8.55,-0.98,9.8));
#2211 = DIRECTION('',(0.,-1.,0.));
#2212 = DIRECTION('',(0.,0.,-1.));
#2213 = ADVANCED_FACE('',(#2214),#2232,.F.);
#2214 = FACE_BOUND('',#2215,.F.);
#2215 = EDGE_LOOP('',(#2216,#2224,#2230,#2231));
#2216 = ORIENTED_EDGE('',*,*,#2217,.T.);
#2217 = EDGE_CURVE('',#2171,#2218,#2220,.T.);
#2218 = VERTEX_POINT('',#2219);
#2219 = CARTESIAN_POINT('',(7.,1.92,5.25));
#2220 = LINE('',#2221,#2222);
#2221 = CARTESIAN_POINT('',(8.,1.92,5.25));
#2222 = VECTOR('',#2223,1.);
#2223 = DIRECTION('',(-1.,-0.,-0.));
#2224 = ORIENTED_EDGE('',*,*,#2225,.T.);
#2225 = EDGE_CURVE('',#2218,#497,#2226,.T.);
#2226 = LINE('',#2227,#2228);
#2227 = CARTESIAN_POINT('',(7.,1.92,5.25));
#2228 = VECTOR('',#2229,1.);
#2229 = DIRECTION('',(0.,0.,1.));
#2230 = ORIENTED_EDGE('',*,*,#504,.F.);
#2231 = ORIENTED_EDGE('',*,*,#2178,.F.);
#2232 = PLANE('',#2233);
#2233 = AXIS2_PLACEMENT_3D('',#2234,#2235,#2236);
#2234 = CARTESIAN_POINT('',(8.,1.92,5.25));
#2235 = DIRECTION('',(0.,1.,0.));
#2236 = DIRECTION('',(0.,0.,1.));
#2237 = ADVANCED_FACE('',(#2238),#2256,.T.);
#2238 = FACE_BOUND('',#2239,.T.);
#2239 = EDGE_LOOP('',(#2240,#2248,#2254,#2255));
#2240 = ORIENTED_EDGE('',*,*,#2241,.T.);
#2241 = EDGE_CURVE('',#2195,#2242,#2244,.T.);
#2242 = VERTEX_POINT('',#2243);
#2243 = CARTESIAN_POINT('',(6.45,1.52,3.45));
#2244 = LINE('',#2245,#2246);
#2245 = CARTESIAN_POINT('',(6.45,-0.98,3.45));
#2246 = VECTOR('',#2247,1.);
#2247 = DIRECTION('',(0.,1.,0.));
#2248 = ORIENTED_EDGE('',*,*,#2249,.T.);
#2249 = EDGE_CURVE('',#2242,#481,#2250,.T.);
#2250 = LINE('',#2251,#2252);
#2251 = CARTESIAN_POINT('',(6.45,1.52,3.45));
#2252 = VECTOR('',#2253,1.);
#2253 = DIRECTION('',(0.,0.,1.));
#2254 = ORIENTED_EDGE('',*,*,#480,.T.);
#2255 = ORIENTED_EDGE('',*,*,#2194,.T.);
#2256 = PLANE('',#2257);
#2257 = AXIS2_PLACEMENT_3D('',#2258,#2259,#2260);
#2258 = CARTESIAN_POINT('',(6.45,0.27,6.625));
#2259 = DIRECTION('',(1.,0.,0.));
#2260 = DIRECTION('',(0.,0.,1.));
#2261 = ADVANCED_FACE('',(#2262),#2280,.T.);
#2262 = FACE_BOUND('',#2263,.T.);
#2263 = EDGE_LOOP('',(#2264,#2272,#2278,#2279));
#2264 = ORIENTED_EDGE('',*,*,#2265,.T.);
#2265 = EDGE_CURVE('',#489,#2266,#2268,.T.);
#2266 = VERTEX_POINT('',#2267);
#2267 = CARTESIAN_POINT('',(7.,1.52,5.25));
#2268 = LINE('',#2269,#2270);
#2269 = CARTESIAN_POINT('',(7.,1.52,9.8));
#2270 = VECTOR('',#2271,1.);
#2271 = DIRECTION('',(0.,0.,-1.));
#2272 = ORIENTED_EDGE('',*,*,#2273,.T.);
#2273 = EDGE_CURVE('',#2266,#2218,#2274,.T.);
#2274 = LINE('',#2275,#2276);
#2275 = CARTESIAN_POINT('',(7.,1.52,5.25));
#2276 = VECTOR('',#2277,1.);
#2277 = DIRECTION('',(0.,1.,0.));
#2278 = ORIENTED_EDGE('',*,*,#2225,.T.);
#2279 = ORIENTED_EDGE('',*,*,#496,.T.);
#2280 = PLANE('',#2281);
#2281 = AXIS2_PLACEMENT_3D('',#2282,#2283,#2284);
#2282 = CARTESIAN_POINT('',(7.,1.72,7.525));
#2283 = DIRECTION('',(1.,0.,0.));
#2284 = DIRECTION('',(0.,0.,1.));
#2285 = ADVANCED_FACE('',(#2286),#2313,.F.);
#2286 = FACE_BOUND('',#2287,.F.);
#2287 = EDGE_LOOP('',(#2288,#2289,#2290,#2298,#2306,#2312));
#2288 = ORIENTED_EDGE('',*,*,#488,.F.);
#2289 = ORIENTED_EDGE('',*,*,#2265,.T.);
#2290 = ORIENTED_EDGE('',*,*,#2291,.T.);
#2291 = EDGE_CURVE('',#2266,#2292,#2294,.T.);
#2292 = VERTEX_POINT('',#2293);
#2293 = CARTESIAN_POINT('',(6.9,1.52,5.25));
#2294 = LINE('',#2295,#2296);
#2295 = CARTESIAN_POINT('',(8.1,1.52,5.25));
#2296 = VECTOR('',#2297,1.);
#2297 = DIRECTION('',(-1.,-0.,-0.));
#2298 = ORIENTED_EDGE('',*,*,#2299,.T.);
#2299 = EDGE_CURVE('',#2292,#2300,#2302,.T.);
#2300 = VERTEX_POINT('',#2301);
#2301 = CARTESIAN_POINT('',(6.9,1.52,3.45));
#2302 = LINE('',#2303,#2304);
#2303 = CARTESIAN_POINT('',(6.9,1.52,5.25));
#2304 = VECTOR('',#2305,1.);
#2305 = DIRECTION('',(0.,1.233581138472E-16,-1.));
#2306 = ORIENTED_EDGE('',*,*,#2307,.T.);
#2307 = EDGE_CURVE('',#2300,#2242,#2308,.T.);
#2308 = LINE('',#2309,#2310);
#2309 = CARTESIAN_POINT('',(8.55,1.52,3.45));
#2310 = VECTOR('',#2311,1.);
#2311 = DIRECTION('',(-1.,-0.,-0.));
#2312 = ORIENTED_EDGE('',*,*,#2249,.T.);
#2313 = PLANE('',#2314);
#2314 = AXIS2_PLACEMENT_3D('',#2315,#2316,#2317);
#2315 = CARTESIAN_POINT('',(8.55,1.52,3.45));
#2316 = DIRECTION('',(0.,1.,0.));
#2317 = DIRECTION('',(0.,0.,1.));
#2318 = ADVANCED_FACE('',(#2319),#2360,.F.);
#2319 = FACE_BOUND('',#2320,.F.);
#2320 = EDGE_LOOP('',(#2321,#2329,#2337,#2345,#2353,#2359));
#2321 = ORIENTED_EDGE('',*,*,#2322,.F.);
#2322 = EDGE_CURVE('',#2323,#521,#2325,.T.);
#2323 = VERTEX_POINT('',#2324);
#2324 = CARTESIAN_POINT('',(11.05,1.52,3.45));
#2325 = LINE('',#2326,#2327);
#2326 = CARTESIAN_POINT('',(11.05,1.52,3.45));
#2327 = VECTOR('',#2328,1.);
#2328 = DIRECTION('',(0.,0.,1.));
#2329 = ORIENTED_EDGE('',*,*,#2330,.T.);
#2330 = EDGE_CURVE('',#2323,#2331,#2333,.T.);
#2331 = VERTEX_POINT('',#2332);
#2332 = CARTESIAN_POINT('',(10.6,1.52,3.45));
#2333 = LINE('',#2334,#2335);
#2334 = CARTESIAN_POINT('',(11.05,1.52,3.45));
#2335 = VECTOR('',#2336,1.);
#2336 = DIRECTION('',(-1.,-0.,-0.));
#2337 = ORIENTED_EDGE('',*,*,#2338,.F.);
#2338 = EDGE_CURVE('',#2339,#2331,#2341,.T.);
#2339 = VERTEX_POINT('',#2340);
#2340 = CARTESIAN_POINT('',(10.6,1.52,5.25));
#2341 = LINE('',#2342,#2343);
#2342 = CARTESIAN_POINT('',(10.6,1.52,5.25));
#2343 = VECTOR('',#2344,1.);
#2344 = DIRECTION('',(0.,1.233581138472E-16,-1.));
#2345 = ORIENTED_EDGE('',*,*,#2346,.T.);
#2346 = EDGE_CURVE('',#2339,#2347,#2349,.T.);
#2347 = VERTEX_POINT('',#2348);
#2348 = CARTESIAN_POINT('',(10.5,1.52,5.25));
#2349 = LINE('',#2350,#2351);
#2350 = CARTESIAN_POINT('',(10.6,1.52,5.25));
#2351 = VECTOR('',#2352,1.);
#2352 = DIRECTION('',(-1.,-0.,-0.));
#2353 = ORIENTED_EDGE('',*,*,#2354,.F.);
#2354 = EDGE_CURVE('',#523,#2347,#2355,.T.);
#2355 = LINE('',#2356,#2357);
#2356 = CARTESIAN_POINT('',(10.5,1.52,9.8));
#2357 = VECTOR('',#2358,1.);
#2358 = DIRECTION('',(0.,0.,-1.));
#2359 = ORIENTED_EDGE('',*,*,#520,.F.);
#2360 = PLANE('',#2361);
#2361 = AXIS2_PLACEMENT_3D('',#2362,#2363,#2364);
#2362 = CARTESIAN_POINT('',(11.05,1.52,3.45));
#2363 = DIRECTION('',(0.,1.,0.));
#2364 = DIRECTION('',(0.,0.,1.));
#2365 = ADVANCED_FACE('',(#2366),#2384,.F.);
#2366 = FACE_BOUND('',#2367,.F.);
#2367 = EDGE_LOOP('',(#2368,#2376,#2377,#2378));
#2368 = ORIENTED_EDGE('',*,*,#2369,.T.);
#2369 = EDGE_CURVE('',#2370,#2323,#2372,.T.);
#2370 = VERTEX_POINT('',#2371);
#2371 = CARTESIAN_POINT('',(11.05,-0.98,3.45));
#2372 = LINE('',#2373,#2374);
#2373 = CARTESIAN_POINT('',(11.05,-0.98,3.45));
#2374 = VECTOR('',#2375,1.);
#2375 = DIRECTION('',(0.,1.,0.));
#2376 = ORIENTED_EDGE('',*,*,#2322,.T.);
#2377 = ORIENTED_EDGE('',*,*,#530,.T.);
#2378 = ORIENTED_EDGE('',*,*,#2379,.T.);
#2379 = EDGE_CURVE('',#531,#2370,#2380,.T.);
#2380 = LINE('',#2381,#2382);
#2381 = CARTESIAN_POINT('',(11.05,-0.98,9.8));
#2382 = VECTOR('',#2383,1.);
#2383 = DIRECTION('',(0.,0.,-1.));
#2384 = PLANE('',#2385);
#2385 = AXIS2_PLACEMENT_3D('',#2386,#2387,#2388);
#2386 = CARTESIAN_POINT('',(11.05,0.27,6.625));
#2387 = DIRECTION('',(1.,0.,0.));
#2388 = DIRECTION('',(0.,0.,1.));
#2389 = ADVANCED_FACE('',(#2390),#2408,.F.);
#2390 = FACE_BOUND('',#2391,.F.);
#2391 = EDGE_LOOP('',(#2392,#2393,#2401,#2407));
#2392 = ORIENTED_EDGE('',*,*,#2354,.T.);
#2393 = ORIENTED_EDGE('',*,*,#2394,.T.);
#2394 = EDGE_CURVE('',#2347,#2395,#2397,.T.);
#2395 = VERTEX_POINT('',#2396);
#2396 = CARTESIAN_POINT('',(10.5,1.92,5.25));
#2397 = LINE('',#2398,#2399);
#2398 = CARTESIAN_POINT('',(10.5,1.52,5.25));
#2399 = VECTOR('',#2400,1.);
#2400 = DIRECTION('',(0.,1.,0.));
#2401 = ORIENTED_EDGE('',*,*,#2402,.T.);
#2402 = EDGE_CURVE('',#2395,#571,#2403,.T.);
#2403 = LINE('',#2404,#2405);
#2404 = CARTESIAN_POINT('',(10.5,1.92,5.25));
#2405 = VECTOR('',#2406,1.);
#2406 = DIRECTION('',(0.,0.,1.));
#2407 = ORIENTED_EDGE('',*,*,#578,.T.);
#2408 = PLANE('',#2409);
#2409 = AXIS2_PLACEMENT_3D('',#2410,#2411,#2412);
#2410 = CARTESIAN_POINT('',(10.5,1.72,7.525));
#2411 = DIRECTION('',(1.,0.,0.));
#2412 = DIRECTION('',(0.,0.,1.));
#2413 = ADVANCED_FACE('',(#2414),#2432,.F.);
#2414 = FACE_BOUND('',#2415,.F.);
#2415 = EDGE_LOOP('',(#2416,#2417,#2425,#2431));
#2416 = ORIENTED_EDGE('',*,*,#538,.T.);
#2417 = ORIENTED_EDGE('',*,*,#2418,.T.);
#2418 = EDGE_CURVE('',#539,#2419,#2421,.T.);
#2419 = VERTEX_POINT('',#2420);
#2420 = CARTESIAN_POINT('',(8.95,-0.98,3.45));
#2421 = LINE('',#2422,#2423);
#2422 = CARTESIAN_POINT('',(8.95,-0.98,9.8));
#2423 = VECTOR('',#2424,1.);
#2424 = DIRECTION('',(0.,0.,-1.));
#2425 = ORIENTED_EDGE('',*,*,#2426,.F.);
#2426 = EDGE_CURVE('',#2370,#2419,#2427,.T.);
#2427 = LINE('',#2428,#2429);
#2428 = CARTESIAN_POINT('',(11.05,-0.98,3.45));
#2429 = VECTOR('',#2430,1.);
#2430 = DIRECTION('',(-1.,-0.,-0.));
#2431 = ORIENTED_EDGE('',*,*,#2379,.F.);
#2432 = PLANE('',#2433);
#2433 = AXIS2_PLACEMENT_3D('',#2434,#2435,#2436);
#2434 = CARTESIAN_POINT('',(11.05,-0.98,9.8));
#2435 = DIRECTION('',(0.,-1.,0.));
#2436 = DIRECTION('',(0.,0.,-1.));
#2437 = ADVANCED_FACE('',(#2438),#2456,.F.);
#2438 = FACE_BOUND('',#2439,.F.);
#2439 = EDGE_LOOP('',(#2440,#2448,#2454,#2455));
#2440 = ORIENTED_EDGE('',*,*,#2441,.T.);
#2441 = EDGE_CURVE('',#2395,#2442,#2444,.T.);
#2442 = VERTEX_POINT('',#2443);
#2443 = CARTESIAN_POINT('',(9.5,1.92,5.25));
#2444 = LINE('',#2445,#2446);
#2445 = CARTESIAN_POINT('',(10.5,1.92,5.25));
#2446 = VECTOR('',#2447,1.);
#2447 = DIRECTION('',(-1.,-0.,-0.));
#2448 = ORIENTED_EDGE('',*,*,#2449,.T.);
#2449 = EDGE_CURVE('',#2442,#563,#2450,.T.);
#2450 = LINE('',#2451,#2452);
#2451 = CARTESIAN_POINT('',(9.5,1.92,5.25));
#2452 = VECTOR('',#2453,1.);
#2453 = DIRECTION('',(0.,0.,1.));
#2454 = ORIENTED_EDGE('',*,*,#570,.F.);
#2455 = ORIENTED_EDGE('',*,*,#2402,.F.);
#2456 = PLANE('',#2457);
#2457 = AXIS2_PLACEMENT_3D('',#2458,#2459,#2460);
#2458 = CARTESIAN_POINT('',(10.5,1.92,5.25));
#2459 = DIRECTION('',(0.,1.,0.));
#2460 = DIRECTION('',(0.,0.,1.));
#2461 = ADVANCED_FACE('',(#2462),#2480,.T.);
#2462 = FACE_BOUND('',#2463,.T.);
#2463 = EDGE_LOOP('',(#2464,#2472,#2478,#2479));
#2464 = ORIENTED_EDGE('',*,*,#2465,.T.);
#2465 = EDGE_CURVE('',#2419,#2466,#2468,.T.);
#2466 = VERTEX_POINT('',#2467);
#2467 = CARTESIAN_POINT('',(8.95,1.52,3.45));
#2468 = LINE('',#2469,#2470);
#2469 = CARTESIAN_POINT('',(8.95,-0.98,3.45));
#2470 = VECTOR('',#2471,1.);
#2471 = DIRECTION('',(0.,1.,0.));
#2472 = ORIENTED_EDGE('',*,*,#2473,.T.);
#2473 = EDGE_CURVE('',#2466,#547,#2474,.T.);
#2474 = LINE('',#2475,#2476);
#2475 = CARTESIAN_POINT('',(8.95,1.52,3.45));
#2476 = VECTOR('',#2477,1.);
#2477 = DIRECTION('',(0.,0.,1.));
#2478 = ORIENTED_EDGE('',*,*,#546,.T.);
#2479 = ORIENTED_EDGE('',*,*,#2418,.T.);
#2480 = PLANE('',#2481);
#2481 = AXIS2_PLACEMENT_3D('',#2482,#2483,#2484);
#2482 = CARTESIAN_POINT('',(8.95,0.27,6.625));
#2483 = DIRECTION('',(1.,0.,0.));
#2484 = DIRECTION('',(0.,0.,1.));
#2485 = ADVANCED_FACE('',(#2486),#2504,.T.);
#2486 = FACE_BOUND('',#2487,.T.);
#2487 = EDGE_LOOP('',(#2488,#2496,#2502,#2503));
#2488 = ORIENTED_EDGE('',*,*,#2489,.T.);
#2489 = EDGE_CURVE('',#555,#2490,#2492,.T.);
#2490 = VERTEX_POINT('',#2491);
#2491 = CARTESIAN_POINT('',(9.5,1.52,5.25));
#2492 = LINE('',#2493,#2494);
#2493 = CARTESIAN_POINT('',(9.5,1.52,9.8));
#2494 = VECTOR('',#2495,1.);
#2495 = DIRECTION('',(0.,0.,-1.));
#2496 = ORIENTED_EDGE('',*,*,#2497,.T.);
#2497 = EDGE_CURVE('',#2490,#2442,#2498,.T.);
#2498 = LINE('',#2499,#2500);
#2499 = CARTESIAN_POINT('',(9.5,1.52,5.25));
#2500 = VECTOR('',#2501,1.);
#2501 = DIRECTION('',(0.,1.,0.));
#2502 = ORIENTED_EDGE('',*,*,#2449,.T.);
#2503 = ORIENTED_EDGE('',*,*,#562,.T.);
#2504 = PLANE('',#2505);
#2505 = AXIS2_PLACEMENT_3D('',#2506,#2507,#2508);
#2506 = CARTESIAN_POINT('',(9.5,1.72,7.525));
#2507 = DIRECTION('',(1.,0.,0.));
#2508 = DIRECTION('',(0.,0.,1.));
#2509 = ADVANCED_FACE('',(#2510),#2537,.F.);
#2510 = FACE_BOUND('',#2511,.F.);
#2511 = EDGE_LOOP('',(#2512,#2513,#2514,#2522,#2530,#2536));
#2512 = ORIENTED_EDGE('',*,*,#554,.F.);
#2513 = ORIENTED_EDGE('',*,*,#2489,.T.);
#2514 = ORIENTED_EDGE('',*,*,#2515,.T.);
#2515 = EDGE_CURVE('',#2490,#2516,#2518,.T.);
#2516 = VERTEX_POINT('',#2517);
#2517 = CARTESIAN_POINT('',(9.4,1.52,5.25));
#2518 = LINE('',#2519,#2520);
#2519 = CARTESIAN_POINT('',(10.6,1.52,5.25));
#2520 = VECTOR('',#2521,1.);
#2521 = DIRECTION('',(-1.,-0.,-0.));
#2522 = ORIENTED_EDGE('',*,*,#2523,.T.);
#2523 = EDGE_CURVE('',#2516,#2524,#2526,.T.);
#2524 = VERTEX_POINT('',#2525);
#2525 = CARTESIAN_POINT('',(9.4,1.52,3.45));
#2526 = LINE('',#2527,#2528);
#2527 = CARTESIAN_POINT('',(9.4,1.52,5.25));
#2528 = VECTOR('',#2529,1.);
#2529 = DIRECTION('',(0.,1.233581138472E-16,-1.));
#2530 = ORIENTED_EDGE('',*,*,#2531,.T.);
#2531 = EDGE_CURVE('',#2524,#2466,#2532,.T.);
#2532 = LINE('',#2533,#2534);
#2533 = CARTESIAN_POINT('',(11.05,1.52,3.45));
#2534 = VECTOR('',#2535,1.);
#2535 = DIRECTION('',(-1.,-0.,-0.));
#2536 = ORIENTED_EDGE('',*,*,#2473,.T.);
#2537 = PLANE('',#2538);
#2538 = AXIS2_PLACEMENT_3D('',#2539,#2540,#2541);
#2539 = CARTESIAN_POINT('',(11.05,1.52,3.45));
#2540 = DIRECTION('',(0.,1.,0.));
#2541 = DIRECTION('',(0.,0.,1.));
#2542 = ADVANCED_FACE('',(#2543),#2554,.F.);
#2543 = FACE_BOUND('',#2544,.F.);
#2544 = EDGE_LOOP('',(#2545,#2546,#2552,#2553));
#2545 = ORIENTED_EDGE('',*,*,#706,.T.);
#2546 = ORIENTED_EDGE('',*,*,#2547,.T.);
#2547 = EDGE_CURVE('',#699,#613,#2548,.T.);
#2548 = LINE('',#2549,#2550);
#2549 = CARTESIAN_POINT('',(12.,1.92,5.25));
#2550 = VECTOR('',#2551,1.);
#2551 = DIRECTION('',(0.,0.,1.));
#2552 = ORIENTED_EDGE('',*,*,#620,.F.);
#2553 = ORIENTED_EDGE('',*,*,#651,.F.);
#2554 = PLANE('',#2555);
#2555 = AXIS2_PLACEMENT_3D('',#2556,#2557,#2558);
#2556 = CARTESIAN_POINT('',(13.,1.92,5.25));
#2557 = DIRECTION('',(0.,1.,0.));
#2558 = DIRECTION('',(0.,0.,1.));
#2559 = ADVANCED_FACE('',(#2560),#2571,.T.);
#2560 = FACE_BOUND('',#2561,.T.);
#2561 = EDGE_LOOP('',(#2562,#2563,#2569,#2570));
#2562 = ORIENTED_EDGE('',*,*,#787,.T.);
#2563 = ORIENTED_EDGE('',*,*,#2564,.T.);
#2564 = EDGE_CURVE('',#788,#597,#2565,.T.);
#2565 = LINE('',#2566,#2567);
#2566 = CARTESIAN_POINT('',(11.45,1.52,3.45));
#2567 = VECTOR('',#2568,1.);
#2568 = DIRECTION('',(0.,0.,1.));
#2569 = ORIENTED_EDGE('',*,*,#596,.T.);
#2570 = ORIENTED_EDGE('',*,*,#862,.T.);
#2571 = PLANE('',#2572);
#2572 = AXIS2_PLACEMENT_3D('',#2573,#2574,#2575);
#2573 = CARTESIAN_POINT('',(11.45,0.27,6.625));
#2574 = DIRECTION('',(1.,0.,0.));
#2575 = DIRECTION('',(0.,0.,1.));
#2576 = ADVANCED_FACE('',(#2577),#2588,.T.);
#2577 = FACE_BOUND('',#2578,.T.);
#2578 = EDGE_LOOP('',(#2579,#2585,#2586,#2587));
#2579 = ORIENTED_EDGE('',*,*,#2580,.T.);
#2580 = EDGE_CURVE('',#605,#691,#2581,.T.);
#2581 = LINE('',#2582,#2583);
#2582 = CARTESIAN_POINT('',(12.,1.52,9.8));
#2583 = VECTOR('',#2584,1.);
#2584 = DIRECTION('',(0.,0.,-1.));
#2585 = ORIENTED_EDGE('',*,*,#698,.T.);
#2586 = ORIENTED_EDGE('',*,*,#2547,.T.);
#2587 = ORIENTED_EDGE('',*,*,#612,.T.);
#2588 = PLANE('',#2589);
#2589 = AXIS2_PLACEMENT_3D('',#2590,#2591,#2592);
#2590 = CARTESIAN_POINT('',(12.,1.72,7.525));
#2591 = DIRECTION('',(1.,0.,0.));
#2592 = DIRECTION('',(0.,0.,1.));
#2593 = ADVANCED_FACE('',(#2594),#2607,.F.);
#2594 = FACE_BOUND('',#2595,.F.);
#2595 = EDGE_LOOP('',(#2596,#2597,#2598,#2599,#2605,#2606));
#2596 = ORIENTED_EDGE('',*,*,#604,.F.);
#2597 = ORIENTED_EDGE('',*,*,#2580,.T.);
#2598 = ORIENTED_EDGE('',*,*,#690,.T.);
#2599 = ORIENTED_EDGE('',*,*,#2600,.T.);
#2600 = EDGE_CURVE('',#683,#796,#2601,.T.);
#2601 = LINE('',#2602,#2603);
#2602 = CARTESIAN_POINT('',(11.9,1.52,5.25));
#2603 = VECTOR('',#2604,1.);
#2604 = DIRECTION('',(0.,1.233581138472E-16,-1.));
#2605 = ORIENTED_EDGE('',*,*,#795,.T.);
#2606 = ORIENTED_EDGE('',*,*,#2564,.T.);
#2607 = PLANE('',#2608);
#2608 = AXIS2_PLACEMENT_3D('',#2609,#2610,#2611);
#2609 = CARTESIAN_POINT('',(13.55,1.52,3.45));
#2610 = DIRECTION('',(0.,1.,0.));
#2611 = DIRECTION('',(0.,0.,1.));
#2612 = ADVANCED_FACE('',(#2613),#2656,.T.);
#2613 = FACE_BOUND('',#2614,.T.);
#2614 = EDGE_LOOP('',(#2615,#2623,#2624,#2625,#2626,#2634,#2642,#2650));
#2615 = ORIENTED_EDGE('',*,*,#2616,.T.);
#2616 = EDGE_CURVE('',#2617,#675,#2619,.T.);
#2617 = VERTEX_POINT('',#2618);
#2618 = CARTESIAN_POINT('',(11.9,2.57,2.05));
#2619 = LINE('',#2620,#2621);
#2620 = CARTESIAN_POINT('',(11.9,2.57,2.05));
#2621 = VECTOR('',#2622,1.);
#2622 = DIRECTION('',(0.,0.,1.));
#2623 = ORIENTED_EDGE('',*,*,#682,.T.);
#2624 = ORIENTED_EDGE('',*,*,#2600,.T.);
#2625 = ORIENTED_EDGE('',*,*,#803,.T.);
#2626 = ORIENTED_EDGE('',*,*,#2627,.T.);
#2627 = EDGE_CURVE('',#804,#2628,#2630,.T.);
#2628 = VERTEX_POINT('',#2629);
#2629 = CARTESIAN_POINT('',(11.9,1.044,2.6151));
#2630 = LINE('',#2631,#2632);
#2631 = CARTESIAN_POINT('',(11.9,0.5468198,3.45));
#2632 = VECTOR('',#2633,1.);
#2633 = DIRECTION('',(0.,0.511647917429,-0.859195209828));
#2634 = ORIENTED_EDGE('',*,*,#2635,.T.);
#2635 = EDGE_CURVE('',#2628,#2636,#2638,.T.);
#2636 = VERTEX_POINT('',#2637);
#2637 = CARTESIAN_POINT('',(11.9,1.52,2.6151));
#2638 = LINE('',#2639,#2640);
#2639 = CARTESIAN_POINT('',(11.9,1.044,2.6151));
#2640 = VECTOR('',#2641,1.);
#2641 = DIRECTION('',(0.,1.,0.));
#2642 = ORIENTED_EDGE('',*,*,#2643,.T.);
#2643 = EDGE_CURVE('',#2636,#2644,#2646,.T.);
#2644 = VERTEX_POINT('',#2645);
#2645 = CARTESIAN_POINT('',(11.9,1.52,2.05));
#2646 = LINE('',#2647,#2648);
#2647 = CARTESIAN_POINT('',(11.9,1.52,2.6151));
#2648 = VECTOR('',#2649,1.);
#2649 = DIRECTION('',(0.,0.,-1.));
#2650 = ORIENTED_EDGE('',*,*,#2651,.T.);
#2651 = EDGE_CURVE('',#2644,#2617,#2652,.T.);
#2652 = LINE('',#2653,#2654);
#2653 = CARTESIAN_POINT('',(11.9,1.52,2.05));
#2654 = VECTOR('',#2655,1.);
#2655 = DIRECTION('',(0.,1.,0.));
#2656 = PLANE('',#2657);
#2657 = AXIS2_PLACEMENT_3D('',#2658,#2659,#2660);
#2658 = CARTESIAN_POINT('',(11.9,1.834452703854,3.573485056924));
#2659 = DIRECTION('',(1.,0.,0.));
#2660 = DIRECTION('',(0.,0.,1.));
#2661 = ADVANCED_FACE('',(#2662),#2865,.T.);
#2662 = FACE_BOUND('',#2663,.T.);
#2663 = EDGE_LOOP('',(#2664,#2674,#2680,#2681,#2682,#2683,#2691,#2699,
    #2707,#2715,#2723,#2731,#2739,#2747,#2755,#2763,#2771,#2779,#2787,
    #2795,#2803,#2811,#2819,#2827,#2835,#2843,#2851,#2859));
#2664 = ORIENTED_EDGE('',*,*,#2665,.F.);
#2665 = EDGE_CURVE('',#2666,#2668,#2670,.T.);
#2666 = VERTEX_POINT('',#2667);
#2667 = CARTESIAN_POINT('',(14.1,2.57,2.05));
#2668 = VERTEX_POINT('',#2669);
#2669 = CARTESIAN_POINT('',(14.1,2.57,9.2));
#2670 = LINE('',#2671,#2672);
#2671 = CARTESIAN_POINT('',(14.1,2.57,2.05));
#2672 = VECTOR('',#2673,1.);
#2673 = DIRECTION('',(0.,0.,1.));
#2674 = ORIENTED_EDGE('',*,*,#2675,.T.);
#2675 = EDGE_CURVE('',#2666,#723,#2676,.T.);
#2676 = LINE('',#2677,#2678);
#2677 = CARTESIAN_POINT('',(14.1,2.57,2.05));
#2678 = VECTOR('',#2679,1.);
#2679 = DIRECTION('',(-1.,-0.,-0.));
#2680 = ORIENTED_EDGE('',*,*,#722,.T.);
#2681 = ORIENTED_EDGE('',*,*,#674,.T.);
#2682 = ORIENTED_EDGE('',*,*,#2616,.F.);
#2683 = ORIENTED_EDGE('',*,*,#2684,.T.);
#2684 = EDGE_CURVE('',#2617,#2685,#2687,.T.);
#2685 = VERTEX_POINT('',#2686);
#2686 = CARTESIAN_POINT('',(10.6,2.57,2.05));
#2687 = LINE('',#2688,#2689);
#2688 = CARTESIAN_POINT('',(14.1,2.57,2.05));
#2689 = VECTOR('',#2690,1.);
#2690 = DIRECTION('',(-1.,-0.,-0.));
#2691 = ORIENTED_EDGE('',*,*,#2692,.T.);
#2692 = EDGE_CURVE('',#2685,#2693,#2695,.T.);
#2693 = VERTEX_POINT('',#2694);
#2694 = CARTESIAN_POINT('',(10.6,2.57,5.25));
#2695 = LINE('',#2696,#2697);
#2696 = CARTESIAN_POINT('',(10.6,2.57,2.05));
#2697 = VECTOR('',#2698,1.);
#2698 = DIRECTION('',(0.,0.,1.));
#2699 = ORIENTED_EDGE('',*,*,#2700,.T.);
#2700 = EDGE_CURVE('',#2693,#2701,#2703,.T.);
#2701 = VERTEX_POINT('',#2702);
#2702 = CARTESIAN_POINT('',(9.4,2.57,5.25));
#2703 = LINE('',#2704,#2705);
#2704 = CARTESIAN_POINT('',(10.6,2.57,5.25));
#2705 = VECTOR('',#2706,1.);
#2706 = DIRECTION('',(-1.,-0.,-0.));
#2707 = ORIENTED_EDGE('',*,*,#2708,.F.);
#2708 = EDGE_CURVE('',#2709,#2701,#2711,.T.);
#2709 = VERTEX_POINT('',#2710);
#2710 = CARTESIAN_POINT('',(9.4,2.57,2.05));
#2711 = LINE('',#2712,#2713);
#2712 = CARTESIAN_POINT('',(9.4,2.57,2.05));
#2713 = VECTOR('',#2714,1.);
#2714 = DIRECTION('',(0.,0.,1.));
#2715 = ORIENTED_EDGE('',*,*,#2716,.T.);
#2716 = EDGE_CURVE('',#2709,#2717,#2719,.T.);
#2717 = VERTEX_POINT('',#2718);
#2718 = CARTESIAN_POINT('',(8.1,2.57,2.05));
#2719 = LINE('',#2720,#2721);
#2720 = CARTESIAN_POINT('',(14.1,2.57,2.05));
#2721 = VECTOR('',#2722,1.);
#2722 = DIRECTION('',(-1.,-0.,-0.));
#2723 = ORIENTED_EDGE('',*,*,#2724,.T.);
#2724 = EDGE_CURVE('',#2717,#2725,#2727,.T.);
#2725 = VERTEX_POINT('',#2726);
#2726 = CARTESIAN_POINT('',(8.1,2.57,5.25));
#2727 = LINE('',#2728,#2729);
#2728 = CARTESIAN_POINT('',(8.1,2.57,2.05));
#2729 = VECTOR('',#2730,1.);
#2730 = DIRECTION('',(0.,0.,1.));
#2731 = ORIENTED_EDGE('',*,*,#2732,.T.);
#2732 = EDGE_CURVE('',#2725,#2733,#2735,.T.);
#2733 = VERTEX_POINT('',#2734);
#2734 = CARTESIAN_POINT('',(6.9,2.57,5.25));
#2735 = LINE('',#2736,#2737);
#2736 = CARTESIAN_POINT('',(8.1,2.57,5.25));
#2737 = VECTOR('',#2738,1.);
#2738 = DIRECTION('',(-1.,-0.,-0.));
#2739 = ORIENTED_EDGE('',*,*,#2740,.F.);
#2740 = EDGE_CURVE('',#2741,#2733,#2743,.T.);
#2741 = VERTEX_POINT('',#2742);
#2742 = CARTESIAN_POINT('',(6.9,2.57,2.05));
#2743 = LINE('',#2744,#2745);
#2744 = CARTESIAN_POINT('',(6.9,2.57,2.05));
#2745 = VECTOR('',#2746,1.);
#2746 = DIRECTION('',(0.,0.,1.));
#2747 = ORIENTED_EDGE('',*,*,#2748,.T.);
#2748 = EDGE_CURVE('',#2741,#2749,#2751,.T.);
#2749 = VERTEX_POINT('',#2750);
#2750 = CARTESIAN_POINT('',(5.6,2.57,2.05));
#2751 = LINE('',#2752,#2753);
#2752 = CARTESIAN_POINT('',(14.1,2.57,2.05));
#2753 = VECTOR('',#2754,1.);
#2754 = DIRECTION('',(-1.,-0.,-0.));
#2755 = ORIENTED_EDGE('',*,*,#2756,.T.);
#2756 = EDGE_CURVE('',#2749,#2757,#2759,.T.);
#2757 = VERTEX_POINT('',#2758);
#2758 = CARTESIAN_POINT('',(5.6,2.57,5.25));
#2759 = LINE('',#2760,#2761);
#2760 = CARTESIAN_POINT('',(5.6,2.57,2.05));
#2761 = VECTOR('',#2762,1.);
#2762 = DIRECTION('',(0.,0.,1.));
#2763 = ORIENTED_EDGE('',*,*,#2764,.T.);
#2764 = EDGE_CURVE('',#2757,#2765,#2767,.T.);
#2765 = VERTEX_POINT('',#2766);
#2766 = CARTESIAN_POINT('',(4.4,2.57,5.25));
#2767 = LINE('',#2768,#2769);
#2768 = CARTESIAN_POINT('',(5.6,2.57,5.25));
#2769 = VECTOR('',#2770,1.);
#2770 = DIRECTION('',(-1.,-0.,-0.));
#2771 = ORIENTED_EDGE('',*,*,#2772,.F.);
#2772 = EDGE_CURVE('',#2773,#2765,#2775,.T.);
#2773 = VERTEX_POINT('',#2774);
#2774 = CARTESIAN_POINT('',(4.4,2.57,2.05));
#2775 = LINE('',#2776,#2777);
#2776 = CARTESIAN_POINT('',(4.4,2.57,2.05));
#2777 = VECTOR('',#2778,1.);
#2778 = DIRECTION('',(0.,0.,1.));
#2779 = ORIENTED_EDGE('',*,*,#2780,.T.);
#2780 = EDGE_CURVE('',#2773,#2781,#2783,.T.);
#2781 = VERTEX_POINT('',#2782);
#2782 = CARTESIAN_POINT('',(3.1,2.57,2.05));
#2783 = LINE('',#2784,#2785);
#2784 = CARTESIAN_POINT('',(14.1,2.57,2.05));
#2785 = VECTOR('',#2786,1.);
#2786 = DIRECTION('',(-1.,-0.,-0.));
#2787 = ORIENTED_EDGE('',*,*,#2788,.T.);
#2788 = EDGE_CURVE('',#2781,#2789,#2791,.T.);
#2789 = VERTEX_POINT('',#2790);
#2790 = CARTESIAN_POINT('',(3.1,2.57,5.25));
#2791 = LINE('',#2792,#2793);
#2792 = CARTESIAN_POINT('',(3.1,2.57,2.05));
#2793 = VECTOR('',#2794,1.);
#2794 = DIRECTION('',(0.,0.,1.));
#2795 = ORIENTED_EDGE('',*,*,#2796,.T.);
#2796 = EDGE_CURVE('',#2789,#2797,#2799,.T.);
#2797 = VERTEX_POINT('',#2798);
#2798 = CARTESIAN_POINT('',(1.9,2.57,5.25));
#2799 = LINE('',#2800,#2801);
#2800 = CARTESIAN_POINT('',(3.1,2.57,5.25));
#2801 = VECTOR('',#2802,1.);
#2802 = DIRECTION('',(-1.,-0.,-0.));
#2803 = ORIENTED_EDGE('',*,*,#2804,.F.);
#2804 = EDGE_CURVE('',#2805,#2797,#2807,.T.);
#2805 = VERTEX_POINT('',#2806);
#2806 = CARTESIAN_POINT('',(1.9,2.57,2.05));
#2807 = LINE('',#2808,#2809);
#2808 = CARTESIAN_POINT('',(1.9,2.57,2.05));
#2809 = VECTOR('',#2810,1.);
#2810 = DIRECTION('',(0.,0.,1.));
#2811 = ORIENTED_EDGE('',*,*,#2812,.T.);
#2812 = EDGE_CURVE('',#2805,#2813,#2815,.T.);
#2813 = VERTEX_POINT('',#2814);
#2814 = CARTESIAN_POINT('',(0.6,2.57,2.05));
#2815 = LINE('',#2816,#2817);
#2816 = CARTESIAN_POINT('',(14.1,2.57,2.05));
#2817 = VECTOR('',#2818,1.);
#2818 = DIRECTION('',(-1.,-0.,-0.));
#2819 = ORIENTED_EDGE('',*,*,#2820,.T.);
#2820 = EDGE_CURVE('',#2813,#2821,#2823,.T.);
#2821 = VERTEX_POINT('',#2822);
#2822 = CARTESIAN_POINT('',(0.6,2.57,5.25));
#2823 = LINE('',#2824,#2825);
#2824 = CARTESIAN_POINT('',(0.6,2.57,2.05));
#2825 = VECTOR('',#2826,1.);
#2826 = DIRECTION('',(0.,0.,1.));
#2827 = ORIENTED_EDGE('',*,*,#2828,.T.);
#2828 = EDGE_CURVE('',#2821,#2829,#2831,.T.);
#2829 = VERTEX_POINT('',#2830);
#2830 = CARTESIAN_POINT('',(-0.6,2.57,5.25));
#2831 = LINE('',#2832,#2833);
#2832 = CARTESIAN_POINT('',(0.6,2.57,5.25));
#2833 = VECTOR('',#2834,1.);
#2834 = DIRECTION('',(-1.,-0.,-0.));
#2835 = ORIENTED_EDGE('',*,*,#2836,.F.);
#2836 = EDGE_CURVE('',#2837,#2829,#2839,.T.);
#2837 = VERTEX_POINT('',#2838);
#2838 = CARTESIAN_POINT('',(-0.6,2.57,2.05));
#2839 = LINE('',#2840,#2841);
#2840 = CARTESIAN_POINT('',(-0.6,2.57,2.05));
#2841 = VECTOR('',#2842,1.);
#2842 = DIRECTION('',(0.,0.,1.));
#2843 = ORIENTED_EDGE('',*,*,#2844,.T.);
#2844 = EDGE_CURVE('',#2837,#2845,#2847,.T.);
#2845 = VERTEX_POINT('',#2846);
#2846 = CARTESIAN_POINT('',(-1.6,2.57,2.05));
#2847 = LINE('',#2848,#2849);
#2848 = CARTESIAN_POINT('',(14.1,2.57,2.05));
#2849 = VECTOR('',#2850,1.);
#2850 = DIRECTION('',(-1.,-0.,-0.));
#2851 = ORIENTED_EDGE('',*,*,#2852,.T.);
#2852 = EDGE_CURVE('',#2845,#2853,#2855,.T.);
#2853 = VERTEX_POINT('',#2854);
#2854 = CARTESIAN_POINT('',(-1.6,2.57,9.2));
#2855 = LINE('',#2856,#2857);
#2856 = CARTESIAN_POINT('',(-1.6,2.57,2.05));
#2857 = VECTOR('',#2858,1.);
#2858 = DIRECTION('',(0.,0.,1.));
#2859 = ORIENTED_EDGE('',*,*,#2860,.T.);
#2860 = EDGE_CURVE('',#2853,#2668,#2861,.T.);
#2861 = LINE('',#2862,#2863);
#2862 = CARTESIAN_POINT('',(10.175,2.57,9.2));
#2863 = VECTOR('',#2864,1.);
#2864 = DIRECTION('',(1.,0.,0.));
#2865 = PLANE('',#2866);
#2866 = AXIS2_PLACEMENT_3D('',#2867,#2868,#2869);
#2867 = CARTESIAN_POINT('',(14.1,2.57,2.05));
#2868 = DIRECTION('',(0.,1.,0.));
#2869 = DIRECTION('',(0.,0.,1.));
#2870 = ADVANCED_FACE('',(#2871),#2882,.F.);
#2871 = FACE_BOUND('',#2872,.F.);
#2872 = EDGE_LOOP('',(#2873,#2874,#2875,#2881));
#2873 = ORIENTED_EDGE('',*,*,#811,.T.);
#2874 = ORIENTED_EDGE('',*,*,#2627,.T.);
#2875 = ORIENTED_EDGE('',*,*,#2876,.F.);
#2876 = EDGE_CURVE('',#741,#2628,#2877,.T.);
#2877 = LINE('',#2878,#2879);
#2878 = CARTESIAN_POINT('',(13.1,1.044,2.6151));
#2879 = VECTOR('',#2880,1.);
#2880 = DIRECTION('',(-1.,-0.,-0.));
#2881 = ORIENTED_EDGE('',*,*,#740,.F.);
#2882 = PLANE('',#2883);
#2883 = AXIS2_PLACEMENT_3D('',#2884,#2885,#2886);
#2884 = CARTESIAN_POINT('',(13.1,0.5468198,3.45));
#2885 = DIRECTION('',(0.,-0.859195209828,-0.511647917429));
#2886 = DIRECTION('',(0.,0.511647917429,-0.859195209828));
#2887 = ADVANCED_FACE('',(#2888),#2899,.F.);
#2888 = FACE_BOUND('',#2889,.F.);
#2889 = EDGE_LOOP('',(#2890,#2891,#2892,#2898));
#2890 = ORIENTED_EDGE('',*,*,#2876,.T.);
#2891 = ORIENTED_EDGE('',*,*,#2635,.T.);
#2892 = ORIENTED_EDGE('',*,*,#2893,.F.);
#2893 = EDGE_CURVE('',#749,#2636,#2894,.T.);
#2894 = LINE('',#2895,#2896);
#2895 = CARTESIAN_POINT('',(13.1,1.52,2.6151));
#2896 = VECTOR('',#2897,1.);
#2897 = DIRECTION('',(-1.,-0.,-0.));
#2898 = ORIENTED_EDGE('',*,*,#748,.F.);
#2899 = PLANE('',#2900);
#2900 = AXIS2_PLACEMENT_3D('',#2901,#2902,#2903);
#2901 = CARTESIAN_POINT('',(13.1,1.044,2.6151));
#2902 = DIRECTION('',(0.,0.,-1.));
#2903 = DIRECTION('',(0.,1.,0.));
#2904 = ADVANCED_FACE('',(#2905),#2916,.F.);
#2905 = FACE_BOUND('',#2906,.F.);
#2906 = EDGE_LOOP('',(#2907,#2908,#2909,#2915));
#2907 = ORIENTED_EDGE('',*,*,#2893,.T.);
#2908 = ORIENTED_EDGE('',*,*,#2643,.T.);
#2909 = ORIENTED_EDGE('',*,*,#2910,.F.);
#2910 = EDGE_CURVE('',#757,#2644,#2911,.T.);
#2911 = LINE('',#2912,#2913);
#2912 = CARTESIAN_POINT('',(13.1,1.52,2.05));
#2913 = VECTOR('',#2914,1.);
#2914 = DIRECTION('',(-1.,-0.,-0.));
#2915 = ORIENTED_EDGE('',*,*,#756,.F.);
#2916 = PLANE('',#2917);
#2917 = AXIS2_PLACEMENT_3D('',#2918,#2919,#2920);
#2918 = CARTESIAN_POINT('',(13.1,1.52,2.6151));
#2919 = DIRECTION('',(0.,-1.,0.));
#2920 = DIRECTION('',(0.,0.,-1.));
#2921 = ADVANCED_FACE('',(#2922),#3066,.T.);
#2922 = FACE_BOUND('',#2923,.T.);
#2923 = EDGE_LOOP('',(#2924,#2932,#2940,#2946,#2947,#2955,#2963,#2969,
    #2970,#2978,#2986,#2992,#2993,#3001,#3009,#3015,#3016,#3024,#3032,
    #3038,#3039,#3047,#3055,#3061,#3062,#3063,#3064,#3065));
#2924 = ORIENTED_EDGE('',*,*,#2925,.F.);
#2925 = EDGE_CURVE('',#2926,#2666,#2928,.T.);
#2926 = VERTEX_POINT('',#2927);
#2927 = CARTESIAN_POINT('',(14.1,0.945277674973,2.05));
#2928 = LINE('',#2929,#2930);
#2929 = CARTESIAN_POINT('',(14.1,0.945277674973,2.05));
#2930 = VECTOR('',#2931,1.);
#2931 = DIRECTION('',(0.,1.,0.));
#2932 = ORIENTED_EDGE('',*,*,#2933,.T.);
#2933 = EDGE_CURVE('',#2926,#2934,#2936,.T.);
#2934 = VERTEX_POINT('',#2935);
#2935 = CARTESIAN_POINT('',(-1.6,0.945277674973,2.05));
#2936 = LINE('',#2937,#2938);
#2937 = CARTESIAN_POINT('',(14.1,0.945277674973,2.05));
#2938 = VECTOR('',#2939,1.);
#2939 = DIRECTION('',(-1.,-0.,-0.));
#2940 = ORIENTED_EDGE('',*,*,#2941,.T.);
#2941 = EDGE_CURVE('',#2934,#2845,#2942,.T.);
#2942 = LINE('',#2943,#2944);
#2943 = CARTESIAN_POINT('',(-1.6,0.945277674973,2.05));
#2944 = VECTOR('',#2945,1.);
#2945 = DIRECTION('',(0.,1.,0.));
#2946 = ORIENTED_EDGE('',*,*,#2844,.F.);
#2947 = ORIENTED_EDGE('',*,*,#2948,.F.);
#2948 = EDGE_CURVE('',#2949,#2837,#2951,.T.);
#2949 = VERTEX_POINT('',#2950);
#2950 = CARTESIAN_POINT('',(-0.6,1.52,2.05));
#2951 = LINE('',#2952,#2953);
#2952 = CARTESIAN_POINT('',(-0.6,1.52,2.05));
#2953 = VECTOR('',#2954,1.);
#2954 = DIRECTION('',(0.,1.,0.));
#2955 = ORIENTED_EDGE('',*,*,#2956,.F.);
#2956 = EDGE_CURVE('',#2957,#2949,#2959,.T.);
#2957 = VERTEX_POINT('',#2958);
#2958 = CARTESIAN_POINT('',(0.6,1.52,2.05));
#2959 = LINE('',#2960,#2961);
#2960 = CARTESIAN_POINT('',(0.6,1.52,2.05));
#2961 = VECTOR('',#2962,1.);
#2962 = DIRECTION('',(-1.,-0.,-0.));
#2963 = ORIENTED_EDGE('',*,*,#2964,.T.);
#2964 = EDGE_CURVE('',#2957,#2813,#2965,.T.);
#2965 = LINE('',#2966,#2967);
#2966 = CARTESIAN_POINT('',(0.6,1.52,2.05));
#2967 = VECTOR('',#2968,1.);
#2968 = DIRECTION('',(0.,1.,0.));
#2969 = ORIENTED_EDGE('',*,*,#2812,.F.);
#2970 = ORIENTED_EDGE('',*,*,#2971,.F.);
#2971 = EDGE_CURVE('',#2972,#2805,#2974,.T.);
#2972 = VERTEX_POINT('',#2973);
#2973 = CARTESIAN_POINT('',(1.9,1.52,2.05));
#2974 = LINE('',#2975,#2976);
#2975 = CARTESIAN_POINT('',(1.9,1.52,2.05));
#2976 = VECTOR('',#2977,1.);
#2977 = DIRECTION('',(0.,1.,0.));
#2978 = ORIENTED_EDGE('',*,*,#2979,.F.);
#2979 = EDGE_CURVE('',#2980,#2972,#2982,.T.);
#2980 = VERTEX_POINT('',#2981);
#2981 = CARTESIAN_POINT('',(3.1,1.52,2.05));
#2982 = LINE('',#2983,#2984);
#2983 = CARTESIAN_POINT('',(3.1,1.52,2.05));
#2984 = VECTOR('',#2985,1.);
#2985 = DIRECTION('',(-1.,-0.,-0.));
#2986 = ORIENTED_EDGE('',*,*,#2987,.T.);
#2987 = EDGE_CURVE('',#2980,#2781,#2988,.T.);
#2988 = LINE('',#2989,#2990);
#2989 = CARTESIAN_POINT('',(3.1,1.52,2.05));
#2990 = VECTOR('',#2991,1.);
#2991 = DIRECTION('',(0.,1.,0.));
#2992 = ORIENTED_EDGE('',*,*,#2780,.F.);
#2993 = ORIENTED_EDGE('',*,*,#2994,.F.);
#2994 = EDGE_CURVE('',#2995,#2773,#2997,.T.);
#2995 = VERTEX_POINT('',#2996);
#2996 = CARTESIAN_POINT('',(4.4,1.52,2.05));
#2997 = LINE('',#2998,#2999);
#2998 = CARTESIAN_POINT('',(4.4,1.52,2.05));
#2999 = VECTOR('',#3000,1.);
#3000 = DIRECTION('',(0.,1.,0.));
#3001 = ORIENTED_EDGE('',*,*,#3002,.F.);
#3002 = EDGE_CURVE('',#3003,#2995,#3005,.T.);
#3003 = VERTEX_POINT('',#3004);
#3004 = CARTESIAN_POINT('',(5.6,1.52,2.05));
#3005 = LINE('',#3006,#3007);
#3006 = CARTESIAN_POINT('',(5.6,1.52,2.05));
#3007 = VECTOR('',#3008,1.);
#3008 = DIRECTION('',(-1.,-0.,-0.));
#3009 = ORIENTED_EDGE('',*,*,#3010,.T.);
#3010 = EDGE_CURVE('',#3003,#2749,#3011,.T.);
#3011 = LINE('',#3012,#3013);
#3012 = CARTESIAN_POINT('',(5.6,1.52,2.05));
#3013 = VECTOR('',#3014,1.);
#3014 = DIRECTION('',(0.,1.,0.));
#3015 = ORIENTED_EDGE('',*,*,#2748,.F.);
#3016 = ORIENTED_EDGE('',*,*,#3017,.F.);
#3017 = EDGE_CURVE('',#3018,#2741,#3020,.T.);
#3018 = VERTEX_POINT('',#3019);
#3019 = CARTESIAN_POINT('',(6.9,1.52,2.05));
#3020 = LINE('',#3021,#3022);
#3021 = CARTESIAN_POINT('',(6.9,1.52,2.05));
#3022 = VECTOR('',#3023,1.);
#3023 = DIRECTION('',(0.,1.,0.));
#3024 = ORIENTED_EDGE('',*,*,#3025,.F.);
#3025 = EDGE_CURVE('',#3026,#3018,#3028,.T.);
#3026 = VERTEX_POINT('',#3027);
#3027 = CARTESIAN_POINT('',(8.1,1.52,2.05));
#3028 = LINE('',#3029,#3030);
#3029 = CARTESIAN_POINT('',(8.1,1.52,2.05));
#3030 = VECTOR('',#3031,1.);
#3031 = DIRECTION('',(-1.,-0.,-0.));
#3032 = ORIENTED_EDGE('',*,*,#3033,.T.);
#3033 = EDGE_CURVE('',#3026,#2717,#3034,.T.);
#3034 = LINE('',#3035,#3036);
#3035 = CARTESIAN_POINT('',(8.1,1.52,2.05));
#3036 = VECTOR('',#3037,1.);
#3037 = DIRECTION('',(0.,1.,0.));
#3038 = ORIENTED_EDGE('',*,*,#2716,.F.);
#3039 = ORIENTED_EDGE('',*,*,#3040,.F.);
#3040 = EDGE_CURVE('',#3041,#2709,#3043,.T.);
#3041 = VERTEX_POINT('',#3042);
#3042 = CARTESIAN_POINT('',(9.4,1.52,2.05));
#3043 = LINE('',#3044,#3045);
#3044 = CARTESIAN_POINT('',(9.4,1.52,2.05));
#3045 = VECTOR('',#3046,1.);
#3046 = DIRECTION('',(0.,1.,0.));
#3047 = ORIENTED_EDGE('',*,*,#3048,.F.);
#3048 = EDGE_CURVE('',#3049,#3041,#3051,.T.);
#3049 = VERTEX_POINT('',#3050);
#3050 = CARTESIAN_POINT('',(10.6,1.52,2.05));
#3051 = LINE('',#3052,#3053);
#3052 = CARTESIAN_POINT('',(10.6,1.52,2.05));
#3053 = VECTOR('',#3054,1.);
#3054 = DIRECTION('',(-1.,-0.,-0.));
#3055 = ORIENTED_EDGE('',*,*,#3056,.T.);
#3056 = EDGE_CURVE('',#3049,#2685,#3057,.T.);
#3057 = LINE('',#3058,#3059);
#3058 = CARTESIAN_POINT('',(10.6,1.52,2.05));
#3059 = VECTOR('',#3060,1.);
#3060 = DIRECTION('',(0.,1.,0.));
#3061 = ORIENTED_EDGE('',*,*,#2684,.F.);
#3062 = ORIENTED_EDGE('',*,*,#2651,.F.);
#3063 = ORIENTED_EDGE('',*,*,#2910,.F.);
#3064 = ORIENTED_EDGE('',*,*,#764,.T.);
#3065 = ORIENTED_EDGE('',*,*,#2675,.F.);
#3066 = PLANE('',#3067);
#3067 = AXIS2_PLACEMENT_3D('',#3068,#3069,#3070);
#3068 = CARTESIAN_POINT('',(14.1,0.945277674973,2.05));
#3069 = DIRECTION('',(0.,0.,-1.));
#3070 = DIRECTION('',(0.,1.,0.));
#3071 = ADVANCED_FACE('',(#3072),#3097,.F.);
#3072 = FACE_BOUND('',#3073,.F.);
#3073 = EDGE_LOOP('',(#3074,#3082,#3083,#3091));
#3074 = ORIENTED_EDGE('',*,*,#3075,.F.);
#3075 = EDGE_CURVE('',#822,#3076,#3078,.T.);
#3076 = VERTEX_POINT('',#3077);
#3077 = CARTESIAN_POINT('',(12.9,-0.4,2.7));
#3078 = LINE('',#3079,#3080);
#3079 = CARTESIAN_POINT('',(12.9,-0.4,3.45));
#3080 = VECTOR('',#3081,1.);
#3081 = DIRECTION('',(0.,0.,-1.));
#3082 = ORIENTED_EDGE('',*,*,#821,.T.);
#3083 = ORIENTED_EDGE('',*,*,#3084,.T.);
#3084 = EDGE_CURVE('',#824,#3085,#3087,.T.);
#3085 = VERTEX_POINT('',#3086);
#3086 = CARTESIAN_POINT('',(12.1,-0.4,2.7));
#3087 = LINE('',#3088,#3089);
#3088 = CARTESIAN_POINT('',(12.1,-0.4,3.45));
#3089 = VECTOR('',#3090,1.);
#3090 = DIRECTION('',(0.,0.,-1.));
#3091 = ORIENTED_EDGE('',*,*,#3092,.F.);
#3092 = EDGE_CURVE('',#3076,#3085,#3093,.T.);
#3093 = LINE('',#3094,#3095);
#3094 = CARTESIAN_POINT('',(13.5,-0.4,2.7));
#3095 = VECTOR('',#3096,1.);
#3096 = DIRECTION('',(-1.,-0.,-0.));
#3097 = PLANE('',#3098);
#3098 = AXIS2_PLACEMENT_3D('',#3099,#3100,#3101);
#3099 = CARTESIAN_POINT('',(12.9,-0.4,3.45));
#3100 = DIRECTION('',(0.,-1.,0.));
#3101 = DIRECTION('',(0.,0.,-1.));
#3102 = ADVANCED_FACE('',(#3103),#3121,.F.);
#3103 = FACE_BOUND('',#3104,.F.);
#3104 = EDGE_LOOP('',(#3105,#3106,#3107,#3115));
#3105 = ORIENTED_EDGE('',*,*,#831,.T.);
#3106 = ORIENTED_EDGE('',*,*,#3075,.T.);
#3107 = ORIENTED_EDGE('',*,*,#3108,.F.);
#3108 = EDGE_CURVE('',#3109,#3076,#3111,.T.);
#3109 = VERTEX_POINT('',#3110);
#3110 = CARTESIAN_POINT('',(12.9,0.4,2.7));
#3111 = LINE('',#3112,#3113);
#3112 = CARTESIAN_POINT('',(12.9,-0.765,2.7));
#3113 = VECTOR('',#3114,1.);
#3114 = DIRECTION('',(0.,-1.,0.));
#3115 = ORIENTED_EDGE('',*,*,#3116,.T.);
#3116 = EDGE_CURVE('',#3109,#832,#3117,.T.);
#3117 = LINE('',#3118,#3119);
#3118 = CARTESIAN_POINT('',(12.9,0.4,2.45));
#3119 = VECTOR('',#3120,1.);
#3120 = DIRECTION('',(0.,0.,1.));
#3121 = PLANE('',#3122);
#3122 = AXIS2_PLACEMENT_3D('',#3123,#3124,#3125);
#3123 = CARTESIAN_POINT('',(12.9,0.,2.95));
#3124 = DIRECTION('',(1.,0.,0.));
#3125 = DIRECTION('',(0.,0.,1.));
#3126 = ADVANCED_FACE('',(#3127),#3145,.T.);
#3127 = FACE_BOUND('',#3128,.T.);
#3128 = EDGE_LOOP('',(#3129,#3130,#3131,#3139));
#3129 = ORIENTED_EDGE('',*,*,#847,.T.);
#3130 = ORIENTED_EDGE('',*,*,#3084,.T.);
#3131 = ORIENTED_EDGE('',*,*,#3132,.F.);
#3132 = EDGE_CURVE('',#3133,#3085,#3135,.T.);
#3133 = VERTEX_POINT('',#3134);
#3134 = CARTESIAN_POINT('',(12.1,0.4,2.7));
#3135 = LINE('',#3136,#3137);
#3136 = CARTESIAN_POINT('',(12.1,-0.765,2.7));
#3137 = VECTOR('',#3138,1.);
#3138 = DIRECTION('',(0.,-1.,0.));
#3139 = ORIENTED_EDGE('',*,*,#3140,.T.);
#3140 = EDGE_CURVE('',#3133,#840,#3141,.T.);
#3141 = LINE('',#3142,#3143);
#3142 = CARTESIAN_POINT('',(12.1,0.4,2.45));
#3143 = VECTOR('',#3144,1.);
#3144 = DIRECTION('',(0.,0.,1.));
#3145 = PLANE('',#3146);
#3146 = AXIS2_PLACEMENT_3D('',#3147,#3148,#3149);
#3147 = CARTESIAN_POINT('',(12.1,0.,2.95));
#3148 = DIRECTION('',(1.,0.,0.));
#3149 = DIRECTION('',(0.,0.,1.));
#3150 = ADVANCED_FACE('',(#3151),#3162,.F.);
#3151 = FACE_BOUND('',#3152,.F.);
#3152 = EDGE_LOOP('',(#3153,#3154,#3160,#3161));
#3153 = ORIENTED_EDGE('',*,*,#3116,.F.);
#3154 = ORIENTED_EDGE('',*,*,#3155,.F.);
#3155 = EDGE_CURVE('',#3133,#3109,#3156,.T.);
#3156 = LINE('',#3157,#3158);
#3157 = CARTESIAN_POINT('',(13.5,0.4,2.7));
#3158 = VECTOR('',#3159,1.);
#3159 = DIRECTION('',(1.,0.,0.));
#3160 = ORIENTED_EDGE('',*,*,#3140,.T.);
#3161 = ORIENTED_EDGE('',*,*,#839,.F.);
#3162 = PLANE('',#3163);
#3163 = AXIS2_PLACEMENT_3D('',#3164,#3165,#3166);
#3164 = CARTESIAN_POINT('',(12.9,0.4,2.45));
#3165 = DIRECTION('',(0.,1.,0.));
#3166 = DIRECTION('',(0.,0.,1.));
#3167 = ADVANCED_FACE('',(#3168),#3195,.F.);
#3168 = FACE_BOUND('',#3169,.F.);
#3169 = EDGE_LOOP('',(#3170,#3171,#3172,#3173,#3174,#3175,#3176,#3177,
    #3178,#3179,#3180,#3181,#3182,#3188,#3189));
#3170 = ORIENTED_EDGE('',*,*,#1030,.F.);
#3171 = ORIENTED_EDGE('',*,*,#1409,.T.);
#3172 = ORIENTED_EDGE('',*,*,#1386,.F.);
#3173 = ORIENTED_EDGE('',*,*,#1369,.T.);
#3174 = ORIENTED_EDGE('',*,*,#1345,.T.);
#3175 = ORIENTED_EDGE('',*,*,#1314,.F.);
#3176 = ORIENTED_EDGE('',*,*,#1295,.T.);
#3177 = ORIENTED_EDGE('',*,*,#1264,.F.);
#3178 = ORIENTED_EDGE('',*,*,#1246,.T.);
#3179 = ORIENTED_EDGE('',*,*,#1215,.F.);
#3180 = ORIENTED_EDGE('',*,*,#1197,.T.);
#3181 = ORIENTED_EDGE('',*,*,#998,.F.);
#3182 = ORIENTED_EDGE('',*,*,#3183,.F.);
#3183 = EDGE_CURVE('',#2853,#999,#3184,.T.);
#3184 = LINE('',#3185,#3186);
#3185 = CARTESIAN_POINT('',(-1.6,0.750345009569,9.2));
#3186 = VECTOR('',#3187,1.);
#3187 = DIRECTION('',(0.,-1.,0.));
#3188 = ORIENTED_EDGE('',*,*,#2860,.T.);
#3189 = ORIENTED_EDGE('',*,*,#3190,.T.);
#3190 = EDGE_CURVE('',#2668,#1023,#3191,.T.);
#3191 = LINE('',#3192,#3193);
#3192 = CARTESIAN_POINT('',(14.1,0.750345009569,9.2));
#3193 = VECTOR('',#3194,1.);
#3194 = DIRECTION('',(0.,-1.,0.));
#3195 = PLANE('',#3196);
#3196 = AXIS2_PLACEMENT_3D('',#3197,#3198,#3199);
#3197 = CARTESIAN_POINT('',(6.25,0.92,9.2));
#3198 = DIRECTION('',(0.,0.,1.));
#3199 = DIRECTION('',(1.,0.,0.));
#3200 = ADVANCED_FACE('',(#3201),#3221,.T.);
#3201 = FACE_BOUND('',#3202,.T.);
#3202 = EDGE_LOOP('',(#3203,#3204,#3205,#3213,#3219,#3220));
#3203 = ORIENTED_EDGE('',*,*,#3190,.T.);
#3204 = ORIENTED_EDGE('',*,*,#1022,.T.);
#3205 = ORIENTED_EDGE('',*,*,#3206,.T.);
#3206 = EDGE_CURVE('',#1015,#3207,#3209,.T.);
#3207 = VERTEX_POINT('',#3208);
#3208 = CARTESIAN_POINT('',(14.1,0.57,2.7));
#3209 = LINE('',#3210,#3211);
#3210 = CARTESIAN_POINT('',(14.1,-1.53,2.7));
#3211 = VECTOR('',#3212,1.);
#3212 = DIRECTION('',(0.,1.,0.));
#3213 = ORIENTED_EDGE('',*,*,#3214,.T.);
#3214 = EDGE_CURVE('',#3207,#2926,#3215,.T.);
#3215 = LINE('',#3216,#3217);
#3216 = CARTESIAN_POINT('',(14.1,0.57,2.7));
#3217 = VECTOR('',#3218,1.);
#3218 = DIRECTION('',(0.,0.5,-0.866025403784));
#3219 = ORIENTED_EDGE('',*,*,#2925,.T.);
#3220 = ORIENTED_EDGE('',*,*,#2665,.T.);
#3221 = PLANE('',#3222);
#3222 = AXIS2_PLACEMENT_3D('',#3223,#3224,#3225);
#3223 = CARTESIAN_POINT('',(14.1,0.580690019138,6.030109938605));
#3224 = DIRECTION('',(1.,0.,0.));
#3225 = DIRECTION('',(0.,0.,1.));
#3226 = ADVANCED_FACE('',(#3227,#3245,#3279,#3313,#3347,#3381,#3415),
  #3421,.T.);
#3227 = FACE_BOUND('',#3228,.T.);
#3228 = EDGE_LOOP('',(#3229,#3230,#3238,#3244));
#3229 = ORIENTED_EDGE('',*,*,#1014,.T.);
#3230 = ORIENTED_EDGE('',*,*,#3231,.T.);
#3231 = EDGE_CURVE('',#1007,#3232,#3234,.T.);
#3232 = VERTEX_POINT('',#3233);
#3233 = CARTESIAN_POINT('',(-1.6,0.57,2.7));
#3234 = LINE('',#3235,#3236);
#3235 = CARTESIAN_POINT('',(-1.6,-1.53,2.7));
#3236 = VECTOR('',#3237,1.);
#3237 = DIRECTION('',(0.,1.,0.));
#3238 = ORIENTED_EDGE('',*,*,#3239,.F.);
#3239 = EDGE_CURVE('',#3207,#3232,#3240,.T.);
#3240 = LINE('',#3241,#3242);
#3241 = CARTESIAN_POINT('',(14.1,0.57,2.7));
#3242 = VECTOR('',#3243,1.);
#3243 = DIRECTION('',(-1.,-0.,-0.));
#3244 = ORIENTED_EDGE('',*,*,#3206,.F.);
#3245 = FACE_BOUND('',#3246,.T.);
#3246 = EDGE_LOOP('',(#3247,#3257,#3265,#3273));
#3247 = ORIENTED_EDGE('',*,*,#3248,.F.);
#3248 = EDGE_CURVE('',#3249,#3251,#3253,.T.);
#3249 = VERTEX_POINT('',#3250);
#3250 = CARTESIAN_POINT('',(0.4,-0.4,2.7));
#3251 = VERTEX_POINT('',#3252);
#3252 = CARTESIAN_POINT('',(-0.4,-0.4,2.7));
#3253 = LINE('',#3254,#3255);
#3254 = CARTESIAN_POINT('',(7.25,-0.4,2.7));
#3255 = VECTOR('',#3256,1.);
#3256 = DIRECTION('',(-1.,-0.,-0.));
#3257 = ORIENTED_EDGE('',*,*,#3258,.F.);
#3258 = EDGE_CURVE('',#3259,#3249,#3261,.T.);
#3259 = VERTEX_POINT('',#3260);
#3260 = CARTESIAN_POINT('',(0.4,0.4,2.7));
#3261 = LINE('',#3262,#3263);
#3262 = CARTESIAN_POINT('',(0.4,-0.765,2.7));
#3263 = VECTOR('',#3264,1.);
#3264 = DIRECTION('',(0.,-1.,0.));
#3265 = ORIENTED_EDGE('',*,*,#3266,.F.);
#3266 = EDGE_CURVE('',#3267,#3259,#3269,.T.);
#3267 = VERTEX_POINT('',#3268);
#3268 = CARTESIAN_POINT('',(-0.4,0.4,2.7));
#3269 = LINE('',#3270,#3271);
#3270 = CARTESIAN_POINT('',(7.25,0.4,2.7));
#3271 = VECTOR('',#3272,1.);
#3272 = DIRECTION('',(1.,0.,0.));
#3273 = ORIENTED_EDGE('',*,*,#3274,.T.);
#3274 = EDGE_CURVE('',#3267,#3251,#3275,.T.);
#3275 = LINE('',#3276,#3277);
#3276 = CARTESIAN_POINT('',(-0.4,-0.765,2.7));
#3277 = VECTOR('',#3278,1.);
#3278 = DIRECTION('',(0.,-1.,0.));
#3279 = FACE_BOUND('',#3280,.T.);
#3280 = EDGE_LOOP('',(#3281,#3291,#3299,#3307));
#3281 = ORIENTED_EDGE('',*,*,#3282,.F.);
#3282 = EDGE_CURVE('',#3283,#3285,#3287,.T.);
#3283 = VERTEX_POINT('',#3284);
#3284 = CARTESIAN_POINT('',(2.9,-0.4,2.7));
#3285 = VERTEX_POINT('',#3286);
#3286 = CARTESIAN_POINT('',(2.1,-0.4,2.7));
#3287 = LINE('',#3288,#3289);
#3288 = CARTESIAN_POINT('',(8.5,-0.4,2.7));
#3289 = VECTOR('',#3290,1.);
#3290 = DIRECTION('',(-1.,-0.,-0.));
#3291 = ORIENTED_EDGE('',*,*,#3292,.F.);
#3292 = EDGE_CURVE('',#3293,#3283,#3295,.T.);
#3293 = VERTEX_POINT('',#3294);
#3294 = CARTESIAN_POINT('',(2.9,0.4,2.7));
#3295 = LINE('',#3296,#3297);
#3296 = CARTESIAN_POINT('',(2.9,-0.765,2.7));
#3297 = VECTOR('',#3298,1.);
#3298 = DIRECTION('',(0.,-1.,0.));
#3299 = ORIENTED_EDGE('',*,*,#3300,.F.);
#3300 = EDGE_CURVE('',#3301,#3293,#3303,.T.);
#3301 = VERTEX_POINT('',#3302);
#3302 = CARTESIAN_POINT('',(2.1,0.4,2.7));
#3303 = LINE('',#3304,#3305);
#3304 = CARTESIAN_POINT('',(8.5,0.4,2.7));
#3305 = VECTOR('',#3306,1.);
#3306 = DIRECTION('',(1.,0.,0.));
#3307 = ORIENTED_EDGE('',*,*,#3308,.T.);
#3308 = EDGE_CURVE('',#3301,#3285,#3309,.T.);
#3309 = LINE('',#3310,#3311);
#3310 = CARTESIAN_POINT('',(2.1,-0.765,2.7));
#3311 = VECTOR('',#3312,1.);
#3312 = DIRECTION('',(0.,-1.,0.));
#3313 = FACE_BOUND('',#3314,.T.);
#3314 = EDGE_LOOP('',(#3315,#3325,#3333,#3341));
#3315 = ORIENTED_EDGE('',*,*,#3316,.F.);
#3316 = EDGE_CURVE('',#3317,#3319,#3321,.T.);
#3317 = VERTEX_POINT('',#3318);
#3318 = CARTESIAN_POINT('',(5.4,-0.4,2.7));
#3319 = VERTEX_POINT('',#3320);
#3320 = CARTESIAN_POINT('',(4.6,-0.4,2.7));
#3321 = LINE('',#3322,#3323);
#3322 = CARTESIAN_POINT('',(9.75,-0.4,2.7));
#3323 = VECTOR('',#3324,1.);
#3324 = DIRECTION('',(-1.,-0.,-0.));
#3325 = ORIENTED_EDGE('',*,*,#3326,.F.);
#3326 = EDGE_CURVE('',#3327,#3317,#3329,.T.);
#3327 = VERTEX_POINT('',#3328);
#3328 = CARTESIAN_POINT('',(5.4,0.4,2.7));
#3329 = LINE('',#3330,#3331);
#3330 = CARTESIAN_POINT('',(5.4,-0.765,2.7));
#3331 = VECTOR('',#3332,1.);
#3332 = DIRECTION('',(0.,-1.,0.));
#3333 = ORIENTED_EDGE('',*,*,#3334,.F.);
#3334 = EDGE_CURVE('',#3335,#3327,#3337,.T.);
#3335 = VERTEX_POINT('',#3336);
#3336 = CARTESIAN_POINT('',(4.6,0.4,2.7));
#3337 = LINE('',#3338,#3339);
#3338 = CARTESIAN_POINT('',(9.75,0.4,2.7));
#3339 = VECTOR('',#3340,1.);
#3340 = DIRECTION('',(1.,0.,0.));
#3341 = ORIENTED_EDGE('',*,*,#3342,.T.);
#3342 = EDGE_CURVE('',#3335,#3319,#3343,.T.);
#3343 = LINE('',#3344,#3345);
#3344 = CARTESIAN_POINT('',(4.6,-0.765,2.7));
#3345 = VECTOR('',#3346,1.);
#3346 = DIRECTION('',(0.,-1.,0.));
#3347 = FACE_BOUND('',#3348,.T.);
#3348 = EDGE_LOOP('',(#3349,#3359,#3367,#3375));
#3349 = ORIENTED_EDGE('',*,*,#3350,.F.);
#3350 = EDGE_CURVE('',#3351,#3353,#3355,.T.);
#3351 = VERTEX_POINT('',#3352);
#3352 = CARTESIAN_POINT('',(7.9,-0.4,2.7));
#3353 = VERTEX_POINT('',#3354);
#3354 = CARTESIAN_POINT('',(7.1,-0.4,2.7));
#3355 = LINE('',#3356,#3357);
#3356 = CARTESIAN_POINT('',(11.,-0.4,2.7));
#3357 = VECTOR('',#3358,1.);
#3358 = DIRECTION('',(-1.,-0.,-0.));
#3359 = ORIENTED_EDGE('',*,*,#3360,.F.);
#3360 = EDGE_CURVE('',#3361,#3351,#3363,.T.);
#3361 = VERTEX_POINT('',#3362);
#3362 = CARTESIAN_POINT('',(7.9,0.4,2.7));
#3363 = LINE('',#3364,#3365);
#3364 = CARTESIAN_POINT('',(7.9,-0.765,2.7));
#3365 = VECTOR('',#3366,1.);
#3366 = DIRECTION('',(0.,-1.,0.));
#3367 = ORIENTED_EDGE('',*,*,#3368,.F.);
#3368 = EDGE_CURVE('',#3369,#3361,#3371,.T.);
#3369 = VERTEX_POINT('',#3370);
#3370 = CARTESIAN_POINT('',(7.1,0.4,2.7));
#3371 = LINE('',#3372,#3373);
#3372 = CARTESIAN_POINT('',(11.,0.4,2.7));
#3373 = VECTOR('',#3374,1.);
#3374 = DIRECTION('',(1.,0.,0.));
#3375 = ORIENTED_EDGE('',*,*,#3376,.T.);
#3376 = EDGE_CURVE('',#3369,#3353,#3377,.T.);
#3377 = LINE('',#3378,#3379);
#3378 = CARTESIAN_POINT('',(7.1,-0.765,2.7));
#3379 = VECTOR('',#3380,1.);
#3380 = DIRECTION('',(0.,-1.,0.));
#3381 = FACE_BOUND('',#3382,.T.);
#3382 = EDGE_LOOP('',(#3383,#3393,#3401,#3409));
#3383 = ORIENTED_EDGE('',*,*,#3384,.F.);
#3384 = EDGE_CURVE('',#3385,#3387,#3389,.T.);
#3385 = VERTEX_POINT('',#3386);
#3386 = CARTESIAN_POINT('',(10.4,-0.4,2.7));
#3387 = VERTEX_POINT('',#3388);
#3388 = CARTESIAN_POINT('',(9.6,-0.4,2.7));
#3389 = LINE('',#3390,#3391);
#3390 = CARTESIAN_POINT('',(12.25,-0.4,2.7));
#3391 = VECTOR('',#3392,1.);
#3392 = DIRECTION('',(-1.,-0.,-0.));
#3393 = ORIENTED_EDGE('',*,*,#3394,.F.);
#3394 = EDGE_CURVE('',#3395,#3385,#3397,.T.);
#3395 = VERTEX_POINT('',#3396);
#3396 = CARTESIAN_POINT('',(10.4,0.4,2.7));
#3397 = LINE('',#3398,#3399);
#3398 = CARTESIAN_POINT('',(10.4,-0.765,2.7));
#3399 = VECTOR('',#3400,1.);
#3400 = DIRECTION('',(0.,-1.,0.));
#3401 = ORIENTED_EDGE('',*,*,#3402,.F.);
#3402 = EDGE_CURVE('',#3403,#3395,#3405,.T.);
#3403 = VERTEX_POINT('',#3404);
#3404 = CARTESIAN_POINT('',(9.6,0.4,2.7));
#3405 = LINE('',#3406,#3407);
#3406 = CARTESIAN_POINT('',(12.25,0.4,2.7));
#3407 = VECTOR('',#3408,1.);
#3408 = DIRECTION('',(1.,0.,0.));
#3409 = ORIENTED_EDGE('',*,*,#3410,.T.);
#3410 = EDGE_CURVE('',#3403,#3387,#3411,.T.);
#3411 = LINE('',#3412,#3413);
#3412 = CARTESIAN_POINT('',(9.6,-0.765,2.7));
#3413 = VECTOR('',#3414,1.);
#3414 = DIRECTION('',(0.,-1.,0.));
#3415 = FACE_BOUND('',#3416,.T.);
#3416 = EDGE_LOOP('',(#3417,#3418,#3419,#3420));
#3417 = ORIENTED_EDGE('',*,*,#3092,.F.);
#3418 = ORIENTED_EDGE('',*,*,#3108,.F.);
#3419 = ORIENTED_EDGE('',*,*,#3155,.F.);
#3420 = ORIENTED_EDGE('',*,*,#3132,.T.);
#3421 = PLANE('',#3422);
#3422 = AXIS2_PLACEMENT_3D('',#3423,#3424,#3425);
#3423 = CARTESIAN_POINT('',(14.1,-1.53,2.7));
#3424 = DIRECTION('',(0.,0.,-1.));
#3425 = DIRECTION('',(0.,1.,0.));
#3426 = ADVANCED_FACE('',(#3427),#3440,.F.);
#3427 = FACE_BOUND('',#3428,.F.);
#3428 = EDGE_LOOP('',(#3429,#3430,#3431,#3432,#3438,#3439));
#3429 = ORIENTED_EDGE('',*,*,#3183,.T.);
#3430 = ORIENTED_EDGE('',*,*,#1006,.T.);
#3431 = ORIENTED_EDGE('',*,*,#3231,.T.);
#3432 = ORIENTED_EDGE('',*,*,#3433,.T.);
#3433 = EDGE_CURVE('',#3232,#2934,#3434,.T.);
#3434 = LINE('',#3435,#3436);
#3435 = CARTESIAN_POINT('',(-1.6,0.57,2.7));
#3436 = VECTOR('',#3437,1.);
#3437 = DIRECTION('',(0.,0.5,-0.866025403784));
#3438 = ORIENTED_EDGE('',*,*,#2941,.T.);
#3439 = ORIENTED_EDGE('',*,*,#2852,.T.);
#3440 = PLANE('',#3441);
#3441 = AXIS2_PLACEMENT_3D('',#3442,#3443,#3444);
#3442 = CARTESIAN_POINT('',(-1.6,0.580690019138,6.030109938605));
#3443 = DIRECTION('',(1.,0.,0.));
#3444 = DIRECTION('',(0.,0.,1.));
#3445 = ADVANCED_FACE('',(#3446),#3457,.T.);
#3446 = FACE_BOUND('',#3447,.T.);
#3447 = EDGE_LOOP('',(#3448,#3454,#3455,#3456));
#3448 = ORIENTED_EDGE('',*,*,#3449,.T.);
#3449 = EDGE_CURVE('',#968,#1077,#3450,.T.);
#3450 = LINE('',#3451,#3452);
#3451 = CARTESIAN_POINT('',(-0.65,-1.53,5.7));
#3452 = VECTOR('',#3453,1.);
#3453 = DIRECTION('',(0.,-1.,2.22044604925E-16));
#3454 = ORIENTED_EDGE('',*,*,#1076,.T.);
#3455 = ORIENTED_EDGE('',*,*,#1174,.F.);
#3456 = ORIENTED_EDGE('',*,*,#975,.F.);
#3457 = PLANE('',#3458);
#3458 = AXIS2_PLACEMENT_3D('',#3459,#3460,#3461);
#3459 = CARTESIAN_POINT('',(-0.65,-1.53,5.7));
#3460 = DIRECTION('',(0.,2.22044604925E-16,1.));
#3461 = DIRECTION('',(1.,0.,0.));
#3462 = ADVANCED_FACE('',(#3463),#3474,.T.);
#3463 = FACE_BOUND('',#3464,.T.);
#3464 = EDGE_LOOP('',(#3465,#3471,#3472,#3473));
#3465 = ORIENTED_EDGE('',*,*,#3466,.T.);
#3466 = EDGE_CURVE('',#960,#1085,#3467,.T.);
#3467 = LINE('',#3468,#3469);
#3468 = CARTESIAN_POINT('',(-0.65,-1.53,4.9));
#3469 = VECTOR('',#3470,1.);
#3470 = DIRECTION('',(0.,-1.,2.22044604925E-16));
#3471 = ORIENTED_EDGE('',*,*,#1084,.T.);
#3472 = ORIENTED_EDGE('',*,*,#3449,.F.);
#3473 = ORIENTED_EDGE('',*,*,#967,.F.);
#3474 = PLANE('',#3475);
#3475 = AXIS2_PLACEMENT_3D('',#3476,#3477,#3478);
#3476 = CARTESIAN_POINT('',(-0.65,-1.53,4.9));
#3477 = DIRECTION('',(-1.,0.,0.));
#3478 = DIRECTION('',(0.,2.22044604925E-16,1.));
#3479 = ADVANCED_FACE('',(#3480),#3491,.T.);
#3480 = FACE_BOUND('',#3481,.T.);
#3481 = EDGE_LOOP('',(#3482,#3488,#3489,#3490));
#3482 = ORIENTED_EDGE('',*,*,#3483,.T.);
#3483 = EDGE_CURVE('',#952,#1093,#3484,.T.);
#3484 = LINE('',#3485,#3486);
#3485 = CARTESIAN_POINT('',(5.E-02,-1.53,3.7));
#3486 = VECTOR('',#3487,1.);
#3487 = DIRECTION('',(0.,-1.,2.22044604925E-16));
#3488 = ORIENTED_EDGE('',*,*,#1092,.T.);
#3489 = ORIENTED_EDGE('',*,*,#3466,.F.);
#3490 = ORIENTED_EDGE('',*,*,#959,.F.);
#3491 = PLANE('',#3492);
#3492 = AXIS2_PLACEMENT_3D('',#3493,#3494,#3495);
#3493 = CARTESIAN_POINT('',(5.E-02,-1.53,3.7));
#3494 = DIRECTION('',(-0.863778900898,-1.118818427957E-16,
    -0.503871025524));
#3495 = DIRECTION('',(-0.503871025524,1.917974447926E-16,0.863778900898)
  );
#3496 = ADVANCED_FACE('',(#3497),#3508,.T.);
#3497 = FACE_BOUND('',#3498,.T.);
#3498 = EDGE_LOOP('',(#3499,#3505,#3506,#3507));
#3499 = ORIENTED_EDGE('',*,*,#3500,.T.);
#3500 = EDGE_CURVE('',#944,#1101,#3501,.T.);
#3501 = LINE('',#3502,#3503);
#3502 = CARTESIAN_POINT('',(0.65,-1.53,3.7));
#3503 = VECTOR('',#3504,1.);
#3504 = DIRECTION('',(0.,-1.,2.22044604925E-16));
#3505 = ORIENTED_EDGE('',*,*,#1100,.T.);
#3506 = ORIENTED_EDGE('',*,*,#3483,.F.);
#3507 = ORIENTED_EDGE('',*,*,#951,.F.);
#3508 = PLANE('',#3509);
#3509 = AXIS2_PLACEMENT_3D('',#3510,#3511,#3512);
#3510 = CARTESIAN_POINT('',(0.65,-1.53,3.7));
#3511 = DIRECTION('',(-0.,-2.22044604925E-16,-1.));
#3512 = DIRECTION('',(-1.,0.,0.));
#3513 = ADVANCED_FACE('',(#3514),#3525,.T.);
#3514 = FACE_BOUND('',#3515,.T.);
#3515 = EDGE_LOOP('',(#3516,#3522,#3523,#3524));
#3516 = ORIENTED_EDGE('',*,*,#3517,.T.);
#3517 = EDGE_CURVE('',#936,#1109,#3518,.T.);
#3518 = LINE('',#3519,#3520);
#3519 = CARTESIAN_POINT('',(0.65,-1.53,9.));
#3520 = VECTOR('',#3521,1.);
#3521 = DIRECTION('',(0.,-1.,2.22044604925E-16));
#3522 = ORIENTED_EDGE('',*,*,#1108,.T.);
#3523 = ORIENTED_EDGE('',*,*,#3500,.F.);
#3524 = ORIENTED_EDGE('',*,*,#943,.F.);
#3525 = PLANE('',#3526);
#3526 = AXIS2_PLACEMENT_3D('',#3527,#3528,#3529);
#3527 = CARTESIAN_POINT('',(0.65,-1.53,9.));
#3528 = DIRECTION('',(1.,0.,0.));
#3529 = DIRECTION('',(0.,-2.22044604925E-16,-1.));
#3530 = ADVANCED_FACE('',(#3531),#3542,.F.);
#3531 = FACE_BOUND('',#3532,.F.);
#3532 = EDGE_LOOP('',(#3533,#3534,#3535,#3541));
#3533 = ORIENTED_EDGE('',*,*,#3517,.T.);
#3534 = ORIENTED_EDGE('',*,*,#1116,.T.);
#3535 = ORIENTED_EDGE('',*,*,#3536,.F.);
#3536 = EDGE_CURVE('',#928,#1117,#3537,.T.);
#3537 = LINE('',#3538,#3539);
#3538 = CARTESIAN_POINT('',(11.85,-1.53,9.));
#3539 = VECTOR('',#3540,1.);
#3540 = DIRECTION('',(0.,-1.,2.22044604925E-16));
#3541 = ORIENTED_EDGE('',*,*,#935,.F.);
#3542 = PLANE('',#3543);
#3543 = AXIS2_PLACEMENT_3D('',#3544,#3545,#3546);
#3544 = CARTESIAN_POINT('',(0.65,-1.53,9.));
#3545 = DIRECTION('',(0.,2.22044604925E-16,1.));
#3546 = DIRECTION('',(1.,0.,0.));
#3547 = ADVANCED_FACE('',(#3548),#3559,.F.);
#3548 = FACE_BOUND('',#3549,.F.);
#3549 = EDGE_LOOP('',(#3550,#3551,#3552,#3558));
#3550 = ORIENTED_EDGE('',*,*,#3536,.T.);
#3551 = ORIENTED_EDGE('',*,*,#1124,.T.);
#3552 = ORIENTED_EDGE('',*,*,#3553,.F.);
#3553 = EDGE_CURVE('',#920,#1125,#3554,.T.);
#3554 = LINE('',#3555,#3556);
#3555 = CARTESIAN_POINT('',(11.85,-1.53,3.7));
#3556 = VECTOR('',#3557,1.);
#3557 = DIRECTION('',(0.,-1.,2.22044604925E-16));
#3558 = ORIENTED_EDGE('',*,*,#927,.F.);
#3559 = PLANE('',#3560);
#3560 = AXIS2_PLACEMENT_3D('',#3561,#3562,#3563);
#3561 = CARTESIAN_POINT('',(11.85,-1.53,9.));
#3562 = DIRECTION('',(1.,0.,0.));
#3563 = DIRECTION('',(0.,-2.22044604925E-16,-1.));
#3564 = ADVANCED_FACE('',(#3565),#3576,.F.);
#3565 = FACE_BOUND('',#3566,.F.);
#3566 = EDGE_LOOP('',(#3567,#3568,#3569,#3575));
#3567 = ORIENTED_EDGE('',*,*,#3553,.T.);
#3568 = ORIENTED_EDGE('',*,*,#1132,.T.);
#3569 = ORIENTED_EDGE('',*,*,#3570,.F.);
#3570 = EDGE_CURVE('',#912,#1133,#3571,.T.);
#3571 = LINE('',#3572,#3573);
#3572 = CARTESIAN_POINT('',(12.45,-1.53,3.7));
#3573 = VECTOR('',#3574,1.);
#3574 = DIRECTION('',(0.,-1.,2.22044604925E-16));
#3575 = ORIENTED_EDGE('',*,*,#919,.F.);
#3576 = PLANE('',#3577);
#3577 = AXIS2_PLACEMENT_3D('',#3578,#3579,#3580);
#3578 = CARTESIAN_POINT('',(11.85,-1.53,3.7));
#3579 = DIRECTION('',(0.,2.22044604925E-16,1.));
#3580 = DIRECTION('',(1.,0.,0.));
#3581 = ADVANCED_FACE('',(#3582),#3593,.F.);
#3582 = FACE_BOUND('',#3583,.F.);
#3583 = EDGE_LOOP('',(#3584,#3585,#3586,#3592));
#3584 = ORIENTED_EDGE('',*,*,#3570,.T.);
#3585 = ORIENTED_EDGE('',*,*,#1140,.T.);
#3586 = ORIENTED_EDGE('',*,*,#3587,.F.);
#3587 = EDGE_CURVE('',#904,#1141,#3588,.T.);
#3588 = LINE('',#3589,#3590);
#3589 = CARTESIAN_POINT('',(13.15,-1.53,4.9));
#3590 = VECTOR('',#3591,1.);
#3591 = DIRECTION('',(0.,-1.,2.22044604925E-16));
#3592 = ORIENTED_EDGE('',*,*,#911,.F.);
#3593 = PLANE('',#3594);
#3594 = AXIS2_PLACEMENT_3D('',#3595,#3596,#3597);
#3595 = CARTESIAN_POINT('',(12.45,-1.53,3.7));
#3596 = DIRECTION('',(-0.863778900898,1.118818427957E-16,0.503871025524)
  );
#3597 = DIRECTION('',(0.503871025524,1.917974447926E-16,0.863778900898)
  );
#3598 = ADVANCED_FACE('',(#3599),#3610,.F.);
#3599 = FACE_BOUND('',#3600,.F.);
#3600 = EDGE_LOOP('',(#3601,#3602,#3603,#3609));
#3601 = ORIENTED_EDGE('',*,*,#3587,.T.);
#3602 = ORIENTED_EDGE('',*,*,#1148,.T.);
#3603 = ORIENTED_EDGE('',*,*,#3604,.F.);
#3604 = EDGE_CURVE('',#896,#1149,#3605,.T.);
#3605 = LINE('',#3606,#3607);
#3606 = CARTESIAN_POINT('',(13.15,-1.53,5.7));
#3607 = VECTOR('',#3608,1.);
#3608 = DIRECTION('',(0.,-1.,2.22044604925E-16));
#3609 = ORIENTED_EDGE('',*,*,#903,.F.);
#3610 = PLANE('',#3611);
#3611 = AXIS2_PLACEMENT_3D('',#3612,#3613,#3614);
#3612 = CARTESIAN_POINT('',(13.15,-1.53,4.9));
#3613 = DIRECTION('',(-1.,0.,0.));
#3614 = DIRECTION('',(0.,2.22044604925E-16,1.));
#3615 = ADVANCED_FACE('',(#3616),#3622,.F.);
#3616 = FACE_BOUND('',#3617,.F.);
#3617 = EDGE_LOOP('',(#3618,#3619,#3620,#3621));
#3618 = ORIENTED_EDGE('',*,*,#3604,.T.);
#3619 = ORIENTED_EDGE('',*,*,#1156,.T.);
#3620 = ORIENTED_EDGE('',*,*,#1053,.F.);
#3621 = ORIENTED_EDGE('',*,*,#895,.F.);
#3622 = PLANE('',#3623);
#3623 = AXIS2_PLACEMENT_3D('',#3624,#3625,#3626);
#3624 = CARTESIAN_POINT('',(13.15,-1.53,5.7));
#3625 = DIRECTION('',(-0.,-2.22044604925E-16,-1.));
#3626 = DIRECTION('',(-1.,0.,0.));
#3627 = ADVANCED_FACE('',(#3628),#3648,.F.);
#3628 = FACE_BOUND('',#3629,.F.);
#3629 = EDGE_LOOP('',(#3630,#3636,#3637,#3643,#3644,#3645,#3646,#3647));
#3630 = ORIENTED_EDGE('',*,*,#3631,.F.);
#3631 = EDGE_CURVE('',#2821,#1443,#3632,.T.);
#3632 = LINE('',#3633,#3634);
#3633 = CARTESIAN_POINT('',(0.6,2.57,5.25));
#3634 = VECTOR('',#3635,1.);
#3635 = DIRECTION('',(0.,-1.,0.));
#3636 = ORIENTED_EDGE('',*,*,#2828,.T.);
#3637 = ORIENTED_EDGE('',*,*,#3638,.T.);
#3638 = EDGE_CURVE('',#2829,#1620,#3639,.T.);
#3639 = LINE('',#3640,#3641);
#3640 = CARTESIAN_POINT('',(-0.6,2.57,5.25));
#3641 = VECTOR('',#3642,1.);
#3642 = DIRECTION('',(0.,-1.,0.));
#3643 = ORIENTED_EDGE('',*,*,#1619,.F.);
#3644 = ORIENTED_EDGE('',*,*,#1601,.T.);
#3645 = ORIENTED_EDGE('',*,*,#1545,.F.);
#3646 = ORIENTED_EDGE('',*,*,#1498,.F.);
#3647 = ORIENTED_EDGE('',*,*,#1450,.F.);
#3648 = PLANE('',#3649);
#3649 = AXIS2_PLACEMENT_3D('',#3650,#3651,#3652);
#3650 = CARTESIAN_POINT('',(0.6,2.57,5.25));
#3651 = DIRECTION('',(0.,0.,1.));
#3652 = DIRECTION('',(0.,-1.,0.));
#3653 = ADVANCED_FACE('',(#3654),#3690,.F.);
#3654 = FACE_BOUND('',#3655,.F.);
#3655 = EDGE_LOOP('',(#3656,#3657,#3658,#3659,#3667,#3675,#3683,#3689));
#3656 = ORIENTED_EDGE('',*,*,#2820,.T.);
#3657 = ORIENTED_EDGE('',*,*,#3631,.T.);
#3658 = ORIENTED_EDGE('',*,*,#1442,.T.);
#3659 = ORIENTED_EDGE('',*,*,#3660,.T.);
#3660 = EDGE_CURVE('',#1435,#3661,#3663,.T.);
#3661 = VERTEX_POINT('',#3662);
#3662 = CARTESIAN_POINT('',(0.6,0.5468198,3.45));
#3663 = LINE('',#3664,#3665);
#3664 = CARTESIAN_POINT('',(0.6,1.52,3.45));
#3665 = VECTOR('',#3666,1.);
#3666 = DIRECTION('',(0.,-1.,0.));
#3667 = ORIENTED_EDGE('',*,*,#3668,.T.);
#3668 = EDGE_CURVE('',#3661,#3669,#3671,.T.);
#3669 = VERTEX_POINT('',#3670);
#3670 = CARTESIAN_POINT('',(0.6,1.044,2.6151));
#3671 = LINE('',#3672,#3673);
#3672 = CARTESIAN_POINT('',(0.6,0.5468198,3.45));
#3673 = VECTOR('',#3674,1.);
#3674 = DIRECTION('',(0.,0.511647917429,-0.859195209828));
#3675 = ORIENTED_EDGE('',*,*,#3676,.T.);
#3676 = EDGE_CURVE('',#3669,#3677,#3679,.T.);
#3677 = VERTEX_POINT('',#3678);
#3678 = CARTESIAN_POINT('',(0.6,1.52,2.6151));
#3679 = LINE('',#3680,#3681);
#3680 = CARTESIAN_POINT('',(0.6,1.044,2.6151));
#3681 = VECTOR('',#3682,1.);
#3682 = DIRECTION('',(0.,1.,0.));
#3683 = ORIENTED_EDGE('',*,*,#3684,.T.);
#3684 = EDGE_CURVE('',#3677,#2957,#3685,.T.);
#3685 = LINE('',#3686,#3687);
#3686 = CARTESIAN_POINT('',(0.6,1.52,2.6151));
#3687 = VECTOR('',#3688,1.);
#3688 = DIRECTION('',(0.,0.,-1.));
#3689 = ORIENTED_EDGE('',*,*,#2964,.T.);
#3690 = PLANE('',#3691);
#3691 = AXIS2_PLACEMENT_3D('',#3692,#3693,#3694);
#3692 = CARTESIAN_POINT('',(0.6,1.834452703854,3.573485056924));
#3693 = DIRECTION('',(1.,0.,0.));
#3694 = DIRECTION('',(0.,0.,1.));
#3695 = ADVANCED_FACE('',(#3696,#3718),#3752,.F.);
#3696 = FACE_BOUND('',#3697,.F.);
#3697 = EDGE_LOOP('',(#3698,#3699,#3700,#3701,#3702,#3710,#3716,#3717));
#3698 = ORIENTED_EDGE('',*,*,#1473,.F.);
#3699 = ORIENTED_EDGE('',*,*,#1530,.T.);
#3700 = ORIENTED_EDGE('',*,*,#1569,.T.);
#3701 = ORIENTED_EDGE('',*,*,#1635,.F.);
#3702 = ORIENTED_EDGE('',*,*,#3703,.T.);
#3703 = EDGE_CURVE('',#1628,#3704,#3706,.T.);
#3704 = VERTEX_POINT('',#3705);
#3705 = CARTESIAN_POINT('',(-0.6,0.5468198,3.45));
#3706 = LINE('',#3707,#3708);
#3707 = CARTESIAN_POINT('',(-0.6,1.52,3.45));
#3708 = VECTOR('',#3709,1.);
#3709 = DIRECTION('',(0.,-1.,0.));
#3710 = ORIENTED_EDGE('',*,*,#3711,.F.);
#3711 = EDGE_CURVE('',#3661,#3704,#3712,.T.);
#3712 = LINE('',#3713,#3714);
#3713 = CARTESIAN_POINT('',(0.6,0.5468198,3.45));
#3714 = VECTOR('',#3715,1.);
#3715 = DIRECTION('',(-1.,-0.,-0.));
#3716 = ORIENTED_EDGE('',*,*,#3660,.F.);
#3717 = ORIENTED_EDGE('',*,*,#1434,.F.);
#3718 = FACE_BOUND('',#3719,.F.);
#3719 = EDGE_LOOP('',(#3720,#3730,#3738,#3746));
#3720 = ORIENTED_EDGE('',*,*,#3721,.F.);
#3721 = EDGE_CURVE('',#3722,#3724,#3726,.T.);
#3722 = VERTEX_POINT('',#3723);
#3723 = CARTESIAN_POINT('',(0.4,-0.4,3.45));
#3724 = VERTEX_POINT('',#3725);
#3725 = CARTESIAN_POINT('',(-0.4,-0.4,3.45));
#3726 = LINE('',#3727,#3728);
#3727 = CARTESIAN_POINT('',(0.4,-0.4,3.45));
#3728 = VECTOR('',#3729,1.);
#3729 = DIRECTION('',(-1.,-0.,-0.));
#3730 = ORIENTED_EDGE('',*,*,#3731,.F.);
#3731 = EDGE_CURVE('',#3732,#3722,#3734,.T.);
#3732 = VERTEX_POINT('',#3733);
#3733 = CARTESIAN_POINT('',(0.4,0.4,3.45));
#3734 = LINE('',#3735,#3736);
#3735 = CARTESIAN_POINT('',(0.4,0.4,3.45));
#3736 = VECTOR('',#3737,1.);
#3737 = DIRECTION('',(0.,-1.,0.));
#3738 = ORIENTED_EDGE('',*,*,#3739,.T.);
#3739 = EDGE_CURVE('',#3732,#3740,#3742,.T.);
#3740 = VERTEX_POINT('',#3741);
#3741 = CARTESIAN_POINT('',(-0.4,0.4,3.45));
#3742 = LINE('',#3743,#3744);
#3743 = CARTESIAN_POINT('',(0.4,0.4,3.45));
#3744 = VECTOR('',#3745,1.);
#3745 = DIRECTION('',(-1.,-0.,-0.));
#3746 = ORIENTED_EDGE('',*,*,#3747,.T.);
#3747 = EDGE_CURVE('',#3740,#3724,#3748,.T.);
#3748 = LINE('',#3749,#3750);
#3749 = CARTESIAN_POINT('',(-0.4,0.4,3.45));
#3750 = VECTOR('',#3751,1.);
#3751 = DIRECTION('',(0.,-1.,0.));
#3752 = PLANE('',#3753);
#3753 = AXIS2_PLACEMENT_3D('',#3754,#3755,#3756);
#3754 = CARTESIAN_POINT('',(1.05,-0.98,3.45));
#3755 = DIRECTION('',(0.,0.,-1.));
#3756 = DIRECTION('',(0.,1.,0.));
#3757 = ADVANCED_FACE('',(#3758),#3787,.T.);
#3758 = FACE_BOUND('',#3759,.T.);
#3759 = EDGE_LOOP('',(#3760,#3761,#3762,#3763,#3764,#3772,#3780,#3786));
#3760 = ORIENTED_EDGE('',*,*,#2836,.T.);
#3761 = ORIENTED_EDGE('',*,*,#3638,.T.);
#3762 = ORIENTED_EDGE('',*,*,#1627,.T.);
#3763 = ORIENTED_EDGE('',*,*,#3703,.T.);
#3764 = ORIENTED_EDGE('',*,*,#3765,.T.);
#3765 = EDGE_CURVE('',#3704,#3766,#3768,.T.);
#3766 = VERTEX_POINT('',#3767);
#3767 = CARTESIAN_POINT('',(-0.6,1.044,2.6151));
#3768 = LINE('',#3769,#3770);
#3769 = CARTESIAN_POINT('',(-0.6,0.5468198,3.45));
#3770 = VECTOR('',#3771,1.);
#3771 = DIRECTION('',(0.,0.511647917429,-0.859195209828));
#3772 = ORIENTED_EDGE('',*,*,#3773,.T.);
#3773 = EDGE_CURVE('',#3766,#3774,#3776,.T.);
#3774 = VERTEX_POINT('',#3775);
#3775 = CARTESIAN_POINT('',(-0.6,1.52,2.6151));
#3776 = LINE('',#3777,#3778);
#3777 = CARTESIAN_POINT('',(-0.6,1.044,2.6151));
#3778 = VECTOR('',#3779,1.);
#3779 = DIRECTION('',(0.,1.,0.));
#3780 = ORIENTED_EDGE('',*,*,#3781,.T.);
#3781 = EDGE_CURVE('',#3774,#2949,#3782,.T.);
#3782 = LINE('',#3783,#3784);
#3783 = CARTESIAN_POINT('',(-0.6,1.52,2.6151));
#3784 = VECTOR('',#3785,1.);
#3785 = DIRECTION('',(0.,0.,-1.));
#3786 = ORIENTED_EDGE('',*,*,#2948,.T.);
#3787 = PLANE('',#3788);
#3788 = AXIS2_PLACEMENT_3D('',#3789,#3790,#3791);
#3789 = CARTESIAN_POINT('',(-0.6,1.834452703854,3.573485056924));
#3790 = DIRECTION('',(1.,0.,0.));
#3791 = DIRECTION('',(0.,0.,1.));
#3792 = ADVANCED_FACE('',(#3793),#3813,.F.);
#3793 = FACE_BOUND('',#3794,.F.);
#3794 = EDGE_LOOP('',(#3795,#3801,#3802,#3808,#3809,#3810,#3811,#3812));
#3795 = ORIENTED_EDGE('',*,*,#3796,.F.);
#3796 = EDGE_CURVE('',#2789,#1667,#3797,.T.);
#3797 = LINE('',#3798,#3799);
#3798 = CARTESIAN_POINT('',(3.1,2.57,5.25));
#3799 = VECTOR('',#3800,1.);
#3800 = DIRECTION('',(0.,-1.,0.));
#3801 = ORIENTED_EDGE('',*,*,#2796,.T.);
#3802 = ORIENTED_EDGE('',*,*,#3803,.T.);
#3803 = EDGE_CURVE('',#2797,#1844,#3804,.T.);
#3804 = LINE('',#3805,#3806);
#3805 = CARTESIAN_POINT('',(1.9,2.57,5.25));
#3806 = VECTOR('',#3807,1.);
#3807 = DIRECTION('',(0.,-1.,0.));
#3808 = ORIENTED_EDGE('',*,*,#1843,.F.);
#3809 = ORIENTED_EDGE('',*,*,#1825,.T.);
#3810 = ORIENTED_EDGE('',*,*,#1769,.F.);
#3811 = ORIENTED_EDGE('',*,*,#1722,.F.);
#3812 = ORIENTED_EDGE('',*,*,#1674,.F.);
#3813 = PLANE('',#3814);
#3814 = AXIS2_PLACEMENT_3D('',#3815,#3816,#3817);
#3815 = CARTESIAN_POINT('',(3.1,2.57,5.25));
#3816 = DIRECTION('',(0.,0.,1.));
#3817 = DIRECTION('',(0.,-1.,0.));
#3818 = ADVANCED_FACE('',(#3819),#3855,.F.);
#3819 = FACE_BOUND('',#3820,.F.);
#3820 = EDGE_LOOP('',(#3821,#3822,#3823,#3824,#3832,#3840,#3848,#3854));
#3821 = ORIENTED_EDGE('',*,*,#2788,.T.);
#3822 = ORIENTED_EDGE('',*,*,#3796,.T.);
#3823 = ORIENTED_EDGE('',*,*,#1666,.T.);
#3824 = ORIENTED_EDGE('',*,*,#3825,.T.);
#3825 = EDGE_CURVE('',#1659,#3826,#3828,.T.);
#3826 = VERTEX_POINT('',#3827);
#3827 = CARTESIAN_POINT('',(3.1,0.5468198,3.45));
#3828 = LINE('',#3829,#3830);
#3829 = CARTESIAN_POINT('',(3.1,1.52,3.45));
#3830 = VECTOR('',#3831,1.);
#3831 = DIRECTION('',(0.,-1.,0.));
#3832 = ORIENTED_EDGE('',*,*,#3833,.T.);
#3833 = EDGE_CURVE('',#3826,#3834,#3836,.T.);
#3834 = VERTEX_POINT('',#3835);
#3835 = CARTESIAN_POINT('',(3.1,1.044,2.6151));
#3836 = LINE('',#3837,#3838);
#3837 = CARTESIAN_POINT('',(3.1,0.5468198,3.45));
#3838 = VECTOR('',#3839,1.);
#3839 = DIRECTION('',(0.,0.511647917429,-0.859195209828));
#3840 = ORIENTED_EDGE('',*,*,#3841,.T.);
#3841 = EDGE_CURVE('',#3834,#3842,#3844,.T.);
#3842 = VERTEX_POINT('',#3843);
#3843 = CARTESIAN_POINT('',(3.1,1.52,2.6151));
#3844 = LINE('',#3845,#3846);
#3845 = CARTESIAN_POINT('',(3.1,1.044,2.6151));
#3846 = VECTOR('',#3847,1.);
#3847 = DIRECTION('',(0.,1.,0.));
#3848 = ORIENTED_EDGE('',*,*,#3849,.T.);
#3849 = EDGE_CURVE('',#3842,#2980,#3850,.T.);
#3850 = LINE('',#3851,#3852);
#3851 = CARTESIAN_POINT('',(3.1,1.52,2.6151));
#3852 = VECTOR('',#3853,1.);
#3853 = DIRECTION('',(0.,0.,-1.));
#3854 = ORIENTED_EDGE('',*,*,#2987,.T.);
#3855 = PLANE('',#3856);
#3856 = AXIS2_PLACEMENT_3D('',#3857,#3858,#3859);
#3857 = CARTESIAN_POINT('',(3.1,1.834452703854,3.573485056924));
#3858 = DIRECTION('',(1.,0.,0.));
#3859 = DIRECTION('',(0.,0.,1.));
#3860 = ADVANCED_FACE('',(#3861,#3883),#3917,.F.);
#3861 = FACE_BOUND('',#3862,.F.);
#3862 = EDGE_LOOP('',(#3863,#3864,#3865,#3866,#3867,#3875,#3881,#3882));
#3863 = ORIENTED_EDGE('',*,*,#1697,.F.);
#3864 = ORIENTED_EDGE('',*,*,#1754,.T.);
#3865 = ORIENTED_EDGE('',*,*,#1793,.T.);
#3866 = ORIENTED_EDGE('',*,*,#1859,.F.);
#3867 = ORIENTED_EDGE('',*,*,#3868,.T.);
#3868 = EDGE_CURVE('',#1852,#3869,#3871,.T.);
#3869 = VERTEX_POINT('',#3870);
#3870 = CARTESIAN_POINT('',(1.9,0.5468198,3.45));
#3871 = LINE('',#3872,#3873);
#3872 = CARTESIAN_POINT('',(1.9,1.52,3.45));
#3873 = VECTOR('',#3874,1.);
#3874 = DIRECTION('',(0.,-1.,0.));
#3875 = ORIENTED_EDGE('',*,*,#3876,.F.);
#3876 = EDGE_CURVE('',#3826,#3869,#3877,.T.);
#3877 = LINE('',#3878,#3879);
#3878 = CARTESIAN_POINT('',(3.1,0.5468198,3.45));
#3879 = VECTOR('',#3880,1.);
#3880 = DIRECTION('',(-1.,-0.,-0.));
#3881 = ORIENTED_EDGE('',*,*,#3825,.F.);
#3882 = ORIENTED_EDGE('',*,*,#1658,.F.);
#3883 = FACE_BOUND('',#3884,.F.);
#3884 = EDGE_LOOP('',(#3885,#3895,#3903,#3911));
#3885 = ORIENTED_EDGE('',*,*,#3886,.F.);
#3886 = EDGE_CURVE('',#3887,#3889,#3891,.T.);
#3887 = VERTEX_POINT('',#3888);
#3888 = CARTESIAN_POINT('',(2.9,-0.4,3.45));
#3889 = VERTEX_POINT('',#3890);
#3890 = CARTESIAN_POINT('',(2.1,-0.4,3.45));
#3891 = LINE('',#3892,#3893);
#3892 = CARTESIAN_POINT('',(2.9,-0.4,3.45));
#3893 = VECTOR('',#3894,1.);
#3894 = DIRECTION('',(-1.,-0.,-0.));
#3895 = ORIENTED_EDGE('',*,*,#3896,.F.);
#3896 = EDGE_CURVE('',#3897,#3887,#3899,.T.);
#3897 = VERTEX_POINT('',#3898);
#3898 = CARTESIAN_POINT('',(2.9,0.4,3.45));
#3899 = LINE('',#3900,#3901);
#3900 = CARTESIAN_POINT('',(2.9,0.4,3.45));
#3901 = VECTOR('',#3902,1.);
#3902 = DIRECTION('',(0.,-1.,0.));
#3903 = ORIENTED_EDGE('',*,*,#3904,.T.);
#3904 = EDGE_CURVE('',#3897,#3905,#3907,.T.);
#3905 = VERTEX_POINT('',#3906);
#3906 = CARTESIAN_POINT('',(2.1,0.4,3.45));
#3907 = LINE('',#3908,#3909);
#3908 = CARTESIAN_POINT('',(2.9,0.4,3.45));
#3909 = VECTOR('',#3910,1.);
#3910 = DIRECTION('',(-1.,-0.,-0.));
#3911 = ORIENTED_EDGE('',*,*,#3912,.T.);
#3912 = EDGE_CURVE('',#3905,#3889,#3913,.T.);
#3913 = LINE('',#3914,#3915);
#3914 = CARTESIAN_POINT('',(2.1,0.4,3.45));
#3915 = VECTOR('',#3916,1.);
#3916 = DIRECTION('',(0.,-1.,0.));
#3917 = PLANE('',#3918);
#3918 = AXIS2_PLACEMENT_3D('',#3919,#3920,#3921);
#3919 = CARTESIAN_POINT('',(3.55,-0.98,3.45));
#3920 = DIRECTION('',(0.,0.,-1.));
#3921 = DIRECTION('',(0.,1.,0.));
#3922 = ADVANCED_FACE('',(#3923),#3952,.T.);
#3923 = FACE_BOUND('',#3924,.T.);
#3924 = EDGE_LOOP('',(#3925,#3926,#3927,#3928,#3929,#3937,#3945,#3951));
#3925 = ORIENTED_EDGE('',*,*,#2804,.T.);
#3926 = ORIENTED_EDGE('',*,*,#3803,.T.);
#3927 = ORIENTED_EDGE('',*,*,#1851,.T.);
#3928 = ORIENTED_EDGE('',*,*,#3868,.T.);
#3929 = ORIENTED_EDGE('',*,*,#3930,.T.);
#3930 = EDGE_CURVE('',#3869,#3931,#3933,.T.);
#3931 = VERTEX_POINT('',#3932);
#3932 = CARTESIAN_POINT('',(1.9,1.044,2.6151));
#3933 = LINE('',#3934,#3935);
#3934 = CARTESIAN_POINT('',(1.9,0.5468198,3.45));
#3935 = VECTOR('',#3936,1.);
#3936 = DIRECTION('',(0.,0.511647917429,-0.859195209828));
#3937 = ORIENTED_EDGE('',*,*,#3938,.T.);
#3938 = EDGE_CURVE('',#3931,#3939,#3941,.T.);
#3939 = VERTEX_POINT('',#3940);
#3940 = CARTESIAN_POINT('',(1.9,1.52,2.6151));
#3941 = LINE('',#3942,#3943);
#3942 = CARTESIAN_POINT('',(1.9,1.044,2.6151));
#3943 = VECTOR('',#3944,1.);
#3944 = DIRECTION('',(0.,1.,0.));
#3945 = ORIENTED_EDGE('',*,*,#3946,.T.);
#3946 = EDGE_CURVE('',#3939,#2972,#3947,.T.);
#3947 = LINE('',#3948,#3949);
#3948 = CARTESIAN_POINT('',(1.9,1.52,2.6151));
#3949 = VECTOR('',#3950,1.);
#3950 = DIRECTION('',(0.,0.,-1.));
#3951 = ORIENTED_EDGE('',*,*,#2971,.T.);
#3952 = PLANE('',#3953);
#3953 = AXIS2_PLACEMENT_3D('',#3954,#3955,#3956);
#3954 = CARTESIAN_POINT('',(1.9,1.834452703854,3.573485056924));
#3955 = DIRECTION('',(1.,0.,0.));
#3956 = DIRECTION('',(0.,0.,1.));
#3957 = ADVANCED_FACE('',(#3958),#3978,.F.);
#3958 = FACE_BOUND('',#3959,.F.);
#3959 = EDGE_LOOP('',(#3960,#3966,#3967,#3973,#3974,#3975,#3976,#3977));
#3960 = ORIENTED_EDGE('',*,*,#3961,.F.);
#3961 = EDGE_CURVE('',#2757,#1891,#3962,.T.);
#3962 = LINE('',#3963,#3964);
#3963 = CARTESIAN_POINT('',(5.6,2.57,5.25));
#3964 = VECTOR('',#3965,1.);
#3965 = DIRECTION('',(0.,-1.,0.));
#3966 = ORIENTED_EDGE('',*,*,#2764,.T.);
#3967 = ORIENTED_EDGE('',*,*,#3968,.T.);
#3968 = EDGE_CURVE('',#2765,#2068,#3969,.T.);
#3969 = LINE('',#3970,#3971);
#3970 = CARTESIAN_POINT('',(4.4,2.57,5.25));
#3971 = VECTOR('',#3972,1.);
#3972 = DIRECTION('',(0.,-1.,0.));
#3973 = ORIENTED_EDGE('',*,*,#2067,.F.);
#3974 = ORIENTED_EDGE('',*,*,#2049,.T.);
#3975 = ORIENTED_EDGE('',*,*,#1993,.F.);
#3976 = ORIENTED_EDGE('',*,*,#1946,.F.);
#3977 = ORIENTED_EDGE('',*,*,#1898,.F.);
#3978 = PLANE('',#3979);
#3979 = AXIS2_PLACEMENT_3D('',#3980,#3981,#3982);
#3980 = CARTESIAN_POINT('',(5.6,2.57,5.25));
#3981 = DIRECTION('',(0.,0.,1.));
#3982 = DIRECTION('',(0.,-1.,0.));
#3983 = ADVANCED_FACE('',(#3984),#4020,.F.);
#3984 = FACE_BOUND('',#3985,.F.);
#3985 = EDGE_LOOP('',(#3986,#3987,#3988,#3989,#3997,#4005,#4013,#4019));
#3986 = ORIENTED_EDGE('',*,*,#2756,.T.);
#3987 = ORIENTED_EDGE('',*,*,#3961,.T.);
#3988 = ORIENTED_EDGE('',*,*,#1890,.T.);
#3989 = ORIENTED_EDGE('',*,*,#3990,.T.);
#3990 = EDGE_CURVE('',#1883,#3991,#3993,.T.);
#3991 = VERTEX_POINT('',#3992);
#3992 = CARTESIAN_POINT('',(5.6,0.5468198,3.45));
#3993 = LINE('',#3994,#3995);
#3994 = CARTESIAN_POINT('',(5.6,1.52,3.45));
#3995 = VECTOR('',#3996,1.);
#3996 = DIRECTION('',(0.,-1.,0.));
#3997 = ORIENTED_EDGE('',*,*,#3998,.T.);
#3998 = EDGE_CURVE('',#3991,#3999,#4001,.T.);
#3999 = VERTEX_POINT('',#4000);
#4000 = CARTESIAN_POINT('',(5.6,1.044,2.6151));
#4001 = LINE('',#4002,#4003);
#4002 = CARTESIAN_POINT('',(5.6,0.5468198,3.45));
#4003 = VECTOR('',#4004,1.);
#4004 = DIRECTION('',(0.,0.511647917429,-0.859195209828));
#4005 = ORIENTED_EDGE('',*,*,#4006,.T.);
#4006 = EDGE_CURVE('',#3999,#4007,#4009,.T.);
#4007 = VERTEX_POINT('',#4008);
#4008 = CARTESIAN_POINT('',(5.6,1.52,2.6151));
#4009 = LINE('',#4010,#4011);
#4010 = CARTESIAN_POINT('',(5.6,1.044,2.6151));
#4011 = VECTOR('',#4012,1.);
#4012 = DIRECTION('',(0.,1.,0.));
#4013 = ORIENTED_EDGE('',*,*,#4014,.T.);
#4014 = EDGE_CURVE('',#4007,#3003,#4015,.T.);
#4015 = LINE('',#4016,#4017);
#4016 = CARTESIAN_POINT('',(5.6,1.52,2.6151));
#4017 = VECTOR('',#4018,1.);
#4018 = DIRECTION('',(0.,0.,-1.));
#4019 = ORIENTED_EDGE('',*,*,#3010,.T.);
#4020 = PLANE('',#4021);
#4021 = AXIS2_PLACEMENT_3D('',#4022,#4023,#4024);
#4022 = CARTESIAN_POINT('',(5.6,1.834452703854,3.573485056924));
#4023 = DIRECTION('',(1.,0.,0.));
#4024 = DIRECTION('',(0.,0.,1.));
#4025 = ADVANCED_FACE('',(#4026,#4048),#4082,.F.);
#4026 = FACE_BOUND('',#4027,.F.);
#4027 = EDGE_LOOP('',(#4028,#4029,#4030,#4031,#4032,#4040,#4046,#4047));
#4028 = ORIENTED_EDGE('',*,*,#1921,.F.);
#4029 = ORIENTED_EDGE('',*,*,#1978,.T.);
#4030 = ORIENTED_EDGE('',*,*,#2017,.T.);
#4031 = ORIENTED_EDGE('',*,*,#2083,.F.);
#4032 = ORIENTED_EDGE('',*,*,#4033,.T.);
#4033 = EDGE_CURVE('',#2076,#4034,#4036,.T.);
#4034 = VERTEX_POINT('',#4035);
#4035 = CARTESIAN_POINT('',(4.4,0.5468198,3.45));
#4036 = LINE('',#4037,#4038);
#4037 = CARTESIAN_POINT('',(4.4,1.52,3.45));
#4038 = VECTOR('',#4039,1.);
#4039 = DIRECTION('',(0.,-1.,0.));
#4040 = ORIENTED_EDGE('',*,*,#4041,.F.);
#4041 = EDGE_CURVE('',#3991,#4034,#4042,.T.);
#4042 = LINE('',#4043,#4044);
#4043 = CARTESIAN_POINT('',(5.6,0.5468198,3.45));
#4044 = VECTOR('',#4045,1.);
#4045 = DIRECTION('',(-1.,-0.,-0.));
#4046 = ORIENTED_EDGE('',*,*,#3990,.F.);
#4047 = ORIENTED_EDGE('',*,*,#1882,.F.);
#4048 = FACE_BOUND('',#4049,.F.);
#4049 = EDGE_LOOP('',(#4050,#4060,#4068,#4076));
#4050 = ORIENTED_EDGE('',*,*,#4051,.F.);
#4051 = EDGE_CURVE('',#4052,#4054,#4056,.T.);
#4052 = VERTEX_POINT('',#4053);
#4053 = CARTESIAN_POINT('',(5.4,-0.4,3.45));
#4054 = VERTEX_POINT('',#4055);
#4055 = CARTESIAN_POINT('',(4.6,-0.4,3.45));
#4056 = LINE('',#4057,#4058);
#4057 = CARTESIAN_POINT('',(5.4,-0.4,3.45));
#4058 = VECTOR('',#4059,1.);
#4059 = DIRECTION('',(-1.,-0.,-0.));
#4060 = ORIENTED_EDGE('',*,*,#4061,.F.);
#4061 = EDGE_CURVE('',#4062,#4052,#4064,.T.);
#4062 = VERTEX_POINT('',#4063);
#4063 = CARTESIAN_POINT('',(5.4,0.4,3.45));
#4064 = LINE('',#4065,#4066);
#4065 = CARTESIAN_POINT('',(5.4,0.4,3.45));
#4066 = VECTOR('',#4067,1.);
#4067 = DIRECTION('',(0.,-1.,0.));
#4068 = ORIENTED_EDGE('',*,*,#4069,.T.);
#4069 = EDGE_CURVE('',#4062,#4070,#4072,.T.);
#4070 = VERTEX_POINT('',#4071);
#4071 = CARTESIAN_POINT('',(4.6,0.4,3.45));
#4072 = LINE('',#4073,#4074);
#4073 = CARTESIAN_POINT('',(5.4,0.4,3.45));
#4074 = VECTOR('',#4075,1.);
#4075 = DIRECTION('',(-1.,-0.,-0.));
#4076 = ORIENTED_EDGE('',*,*,#4077,.T.);
#4077 = EDGE_CURVE('',#4070,#4054,#4078,.T.);
#4078 = LINE('',#4079,#4080);
#4079 = CARTESIAN_POINT('',(4.6,0.4,3.45));
#4080 = VECTOR('',#4081,1.);
#4081 = DIRECTION('',(0.,-1.,0.));
#4082 = PLANE('',#4083);
#4083 = AXIS2_PLACEMENT_3D('',#4084,#4085,#4086);
#4084 = CARTESIAN_POINT('',(6.05,-0.98,3.45));
#4085 = DIRECTION('',(0.,0.,-1.));
#4086 = DIRECTION('',(0.,1.,0.));
#4087 = ADVANCED_FACE('',(#4088),#4117,.T.);
#4088 = FACE_BOUND('',#4089,.T.);
#4089 = EDGE_LOOP('',(#4090,#4091,#4092,#4093,#4094,#4102,#4110,#4116));
#4090 = ORIENTED_EDGE('',*,*,#2772,.T.);
#4091 = ORIENTED_EDGE('',*,*,#3968,.T.);
#4092 = ORIENTED_EDGE('',*,*,#2075,.T.);
#4093 = ORIENTED_EDGE('',*,*,#4033,.T.);
#4094 = ORIENTED_EDGE('',*,*,#4095,.T.);
#4095 = EDGE_CURVE('',#4034,#4096,#4098,.T.);
#4096 = VERTEX_POINT('',#4097);
#4097 = CARTESIAN_POINT('',(4.4,1.044,2.6151));
#4098 = LINE('',#4099,#4100);
#4099 = CARTESIAN_POINT('',(4.4,0.5468198,3.45));
#4100 = VECTOR('',#4101,1.);
#4101 = DIRECTION('',(0.,0.511647917429,-0.859195209828));
#4102 = ORIENTED_EDGE('',*,*,#4103,.T.);
#4103 = EDGE_CURVE('',#4096,#4104,#4106,.T.);
#4104 = VERTEX_POINT('',#4105);
#4105 = CARTESIAN_POINT('',(4.4,1.52,2.6151));
#4106 = LINE('',#4107,#4108);
#4107 = CARTESIAN_POINT('',(4.4,1.044,2.6151));
#4108 = VECTOR('',#4109,1.);
#4109 = DIRECTION('',(0.,1.,0.));
#4110 = ORIENTED_EDGE('',*,*,#4111,.T.);
#4111 = EDGE_CURVE('',#4104,#2995,#4112,.T.);
#4112 = LINE('',#4113,#4114);
#4113 = CARTESIAN_POINT('',(4.4,1.52,2.6151));
#4114 = VECTOR('',#4115,1.);
#4115 = DIRECTION('',(0.,0.,-1.));
#4116 = ORIENTED_EDGE('',*,*,#2994,.T.);
#4117 = PLANE('',#4118);
#4118 = AXIS2_PLACEMENT_3D('',#4119,#4120,#4121);
#4119 = CARTESIAN_POINT('',(4.4,1.834452703854,3.573485056924));
#4120 = DIRECTION('',(1.,0.,0.));
#4121 = DIRECTION('',(0.,0.,1.));
#4122 = ADVANCED_FACE('',(#4123),#4143,.F.);
#4123 = FACE_BOUND('',#4124,.F.);
#4124 = EDGE_LOOP('',(#4125,#4131,#4132,#4138,#4139,#4140,#4141,#4142));
#4125 = ORIENTED_EDGE('',*,*,#4126,.F.);
#4126 = EDGE_CURVE('',#2725,#2115,#4127,.T.);
#4127 = LINE('',#4128,#4129);
#4128 = CARTESIAN_POINT('',(8.1,2.57,5.25));
#4129 = VECTOR('',#4130,1.);
#4130 = DIRECTION('',(0.,-1.,0.));
#4131 = ORIENTED_EDGE('',*,*,#2732,.T.);
#4132 = ORIENTED_EDGE('',*,*,#4133,.T.);
#4133 = EDGE_CURVE('',#2733,#2292,#4134,.T.);
#4134 = LINE('',#4135,#4136);
#4135 = CARTESIAN_POINT('',(6.9,2.57,5.25));
#4136 = VECTOR('',#4137,1.);
#4137 = DIRECTION('',(0.,-1.,0.));
#4138 = ORIENTED_EDGE('',*,*,#2291,.F.);
#4139 = ORIENTED_EDGE('',*,*,#2273,.T.);
#4140 = ORIENTED_EDGE('',*,*,#2217,.F.);
#4141 = ORIENTED_EDGE('',*,*,#2170,.F.);
#4142 = ORIENTED_EDGE('',*,*,#2122,.F.);
#4143 = PLANE('',#4144);
#4144 = AXIS2_PLACEMENT_3D('',#4145,#4146,#4147);
#4145 = CARTESIAN_POINT('',(8.1,2.57,5.25));
#4146 = DIRECTION('',(0.,0.,1.));
#4147 = DIRECTION('',(0.,-1.,0.));
#4148 = ADVANCED_FACE('',(#4149),#4185,.F.);
#4149 = FACE_BOUND('',#4150,.F.);
#4150 = EDGE_LOOP('',(#4151,#4152,#4153,#4154,#4162,#4170,#4178,#4184));
#4151 = ORIENTED_EDGE('',*,*,#2724,.T.);
#4152 = ORIENTED_EDGE('',*,*,#4126,.T.);
#4153 = ORIENTED_EDGE('',*,*,#2114,.T.);
#4154 = ORIENTED_EDGE('',*,*,#4155,.T.);
#4155 = EDGE_CURVE('',#2107,#4156,#4158,.T.);
#4156 = VERTEX_POINT('',#4157);
#4157 = CARTESIAN_POINT('',(8.1,0.5468198,3.45));
#4158 = LINE('',#4159,#4160);
#4159 = CARTESIAN_POINT('',(8.1,1.52,3.45));
#4160 = VECTOR('',#4161,1.);
#4161 = DIRECTION('',(0.,-1.,0.));
#4162 = ORIENTED_EDGE('',*,*,#4163,.T.);
#4163 = EDGE_CURVE('',#4156,#4164,#4166,.T.);
#4164 = VERTEX_POINT('',#4165);
#4165 = CARTESIAN_POINT('',(8.1,1.044,2.6151));
#4166 = LINE('',#4167,#4168);
#4167 = CARTESIAN_POINT('',(8.1,0.5468198,3.45));
#4168 = VECTOR('',#4169,1.);
#4169 = DIRECTION('',(0.,0.511647917429,-0.859195209828));
#4170 = ORIENTED_EDGE('',*,*,#4171,.T.);
#4171 = EDGE_CURVE('',#4164,#4172,#4174,.T.);
#4172 = VERTEX_POINT('',#4173);
#4173 = CARTESIAN_POINT('',(8.1,1.52,2.6151));
#4174 = LINE('',#4175,#4176);
#4175 = CARTESIAN_POINT('',(8.1,1.044,2.6151));
#4176 = VECTOR('',#4177,1.);
#4177 = DIRECTION('',(0.,1.,0.));
#4178 = ORIENTED_EDGE('',*,*,#4179,.T.);
#4179 = EDGE_CURVE('',#4172,#3026,#4180,.T.);
#4180 = LINE('',#4181,#4182);
#4181 = CARTESIAN_POINT('',(8.1,1.52,2.6151));
#4182 = VECTOR('',#4183,1.);
#4183 = DIRECTION('',(0.,0.,-1.));
#4184 = ORIENTED_EDGE('',*,*,#3033,.T.);
#4185 = PLANE('',#4186);
#4186 = AXIS2_PLACEMENT_3D('',#4187,#4188,#4189);
#4187 = CARTESIAN_POINT('',(8.1,1.834452703854,3.573485056924));
#4188 = DIRECTION('',(1.,0.,0.));
#4189 = DIRECTION('',(0.,0.,1.));
#4190 = ADVANCED_FACE('',(#4191,#4213),#4247,.F.);
#4191 = FACE_BOUND('',#4192,.F.);
#4192 = EDGE_LOOP('',(#4193,#4194,#4195,#4196,#4197,#4205,#4211,#4212));
#4193 = ORIENTED_EDGE('',*,*,#2145,.F.);
#4194 = ORIENTED_EDGE('',*,*,#2202,.T.);
#4195 = ORIENTED_EDGE('',*,*,#2241,.T.);
#4196 = ORIENTED_EDGE('',*,*,#2307,.F.);
#4197 = ORIENTED_EDGE('',*,*,#4198,.T.);
#4198 = EDGE_CURVE('',#2300,#4199,#4201,.T.);
#4199 = VERTEX_POINT('',#4200);
#4200 = CARTESIAN_POINT('',(6.9,0.5468198,3.45));
#4201 = LINE('',#4202,#4203);
#4202 = CARTESIAN_POINT('',(6.9,1.52,3.45));
#4203 = VECTOR('',#4204,1.);
#4204 = DIRECTION('',(0.,-1.,0.));
#4205 = ORIENTED_EDGE('',*,*,#4206,.F.);
#4206 = EDGE_CURVE('',#4156,#4199,#4207,.T.);
#4207 = LINE('',#4208,#4209);
#4208 = CARTESIAN_POINT('',(8.1,0.5468198,3.45));
#4209 = VECTOR('',#4210,1.);
#4210 = DIRECTION('',(-1.,-0.,-0.));
#4211 = ORIENTED_EDGE('',*,*,#4155,.F.);
#4212 = ORIENTED_EDGE('',*,*,#2106,.F.);
#4213 = FACE_BOUND('',#4214,.F.);
#4214 = EDGE_LOOP('',(#4215,#4225,#4233,#4241));
#4215 = ORIENTED_EDGE('',*,*,#4216,.F.);
#4216 = EDGE_CURVE('',#4217,#4219,#4221,.T.);
#4217 = VERTEX_POINT('',#4218);
#4218 = CARTESIAN_POINT('',(7.9,-0.4,3.45));
#4219 = VERTEX_POINT('',#4220);
#4220 = CARTESIAN_POINT('',(7.1,-0.4,3.45));
#4221 = LINE('',#4222,#4223);
#4222 = CARTESIAN_POINT('',(7.9,-0.4,3.45));
#4223 = VECTOR('',#4224,1.);
#4224 = DIRECTION('',(-1.,-0.,-0.));
#4225 = ORIENTED_EDGE('',*,*,#4226,.F.);
#4226 = EDGE_CURVE('',#4227,#4217,#4229,.T.);
#4227 = VERTEX_POINT('',#4228);
#4228 = CARTESIAN_POINT('',(7.9,0.4,3.45));
#4229 = LINE('',#4230,#4231);
#4230 = CARTESIAN_POINT('',(7.9,0.4,3.45));
#4231 = VECTOR('',#4232,1.);
#4232 = DIRECTION('',(0.,-1.,0.));
#4233 = ORIENTED_EDGE('',*,*,#4234,.T.);
#4234 = EDGE_CURVE('',#4227,#4235,#4237,.T.);
#4235 = VERTEX_POINT('',#4236);
#4236 = CARTESIAN_POINT('',(7.1,0.4,3.45));
#4237 = LINE('',#4238,#4239);
#4238 = CARTESIAN_POINT('',(7.9,0.4,3.45));
#4239 = VECTOR('',#4240,1.);
#4240 = DIRECTION('',(-1.,-0.,-0.));
#4241 = ORIENTED_EDGE('',*,*,#4242,.T.);
#4242 = EDGE_CURVE('',#4235,#4219,#4243,.T.);
#4243 = LINE('',#4244,#4245);
#4244 = CARTESIAN_POINT('',(7.1,0.4,3.45));
#4245 = VECTOR('',#4246,1.);
#4246 = DIRECTION('',(0.,-1.,0.));
#4247 = PLANE('',#4248);
#4248 = AXIS2_PLACEMENT_3D('',#4249,#4250,#4251);
#4249 = CARTESIAN_POINT('',(8.55,-0.98,3.45));
#4250 = DIRECTION('',(0.,0.,-1.));
#4251 = DIRECTION('',(0.,1.,0.));
#4252 = ADVANCED_FACE('',(#4253),#4282,.T.);
#4253 = FACE_BOUND('',#4254,.T.);
#4254 = EDGE_LOOP('',(#4255,#4256,#4257,#4258,#4259,#4267,#4275,#4281));
#4255 = ORIENTED_EDGE('',*,*,#2740,.T.);
#4256 = ORIENTED_EDGE('',*,*,#4133,.T.);
#4257 = ORIENTED_EDGE('',*,*,#2299,.T.);
#4258 = ORIENTED_EDGE('',*,*,#4198,.T.);
#4259 = ORIENTED_EDGE('',*,*,#4260,.T.);
#4260 = EDGE_CURVE('',#4199,#4261,#4263,.T.);
#4261 = VERTEX_POINT('',#4262);
#4262 = CARTESIAN_POINT('',(6.9,1.044,2.6151));
#4263 = LINE('',#4264,#4265);
#4264 = CARTESIAN_POINT('',(6.9,0.5468198,3.45));
#4265 = VECTOR('',#4266,1.);
#4266 = DIRECTION('',(0.,0.511647917429,-0.859195209828));
#4267 = ORIENTED_EDGE('',*,*,#4268,.T.);
#4268 = EDGE_CURVE('',#4261,#4269,#4271,.T.);
#4269 = VERTEX_POINT('',#4270);
#4270 = CARTESIAN_POINT('',(6.9,1.52,2.6151));
#4271 = LINE('',#4272,#4273);
#4272 = CARTESIAN_POINT('',(6.9,1.044,2.6151));
#4273 = VECTOR('',#4274,1.);
#4274 = DIRECTION('',(0.,1.,0.));
#4275 = ORIENTED_EDGE('',*,*,#4276,.T.);
#4276 = EDGE_CURVE('',#4269,#3018,#4277,.T.);
#4277 = LINE('',#4278,#4279);
#4278 = CARTESIAN_POINT('',(6.9,1.52,2.6151));
#4279 = VECTOR('',#4280,1.);
#4280 = DIRECTION('',(0.,0.,-1.));
#4281 = ORIENTED_EDGE('',*,*,#3017,.T.);
#4282 = PLANE('',#4283);
#4283 = AXIS2_PLACEMENT_3D('',#4284,#4285,#4286);
#4284 = CARTESIAN_POINT('',(6.9,1.834452703854,3.573485056924));
#4285 = DIRECTION('',(1.,0.,0.));
#4286 = DIRECTION('',(0.,0.,1.));
#4287 = ADVANCED_FACE('',(#4288),#4308,.F.);
#4288 = FACE_BOUND('',#4289,.F.);
#4289 = EDGE_LOOP('',(#4290,#4296,#4297,#4303,#4304,#4305,#4306,#4307));
#4290 = ORIENTED_EDGE('',*,*,#4291,.F.);
#4291 = EDGE_CURVE('',#2693,#2339,#4292,.T.);
#4292 = LINE('',#4293,#4294);
#4293 = CARTESIAN_POINT('',(10.6,2.57,5.25));
#4294 = VECTOR('',#4295,1.);
#4295 = DIRECTION('',(0.,-1.,0.));
#4296 = ORIENTED_EDGE('',*,*,#2700,.T.);
#4297 = ORIENTED_EDGE('',*,*,#4298,.T.);
#4298 = EDGE_CURVE('',#2701,#2516,#4299,.T.);
#4299 = LINE('',#4300,#4301);
#4300 = CARTESIAN_POINT('',(9.4,2.57,5.25));
#4301 = VECTOR('',#4302,1.);
#4302 = DIRECTION('',(0.,-1.,0.));
#4303 = ORIENTED_EDGE('',*,*,#2515,.F.);
#4304 = ORIENTED_EDGE('',*,*,#2497,.T.);
#4305 = ORIENTED_EDGE('',*,*,#2441,.F.);
#4306 = ORIENTED_EDGE('',*,*,#2394,.F.);
#4307 = ORIENTED_EDGE('',*,*,#2346,.F.);
#4308 = PLANE('',#4309);
#4309 = AXIS2_PLACEMENT_3D('',#4310,#4311,#4312);
#4310 = CARTESIAN_POINT('',(10.6,2.57,5.25));
#4311 = DIRECTION('',(0.,0.,1.));
#4312 = DIRECTION('',(0.,-1.,0.));
#4313 = ADVANCED_FACE('',(#4314),#4350,.F.);
#4314 = FACE_BOUND('',#4315,.F.);
#4315 = EDGE_LOOP('',(#4316,#4317,#4318,#4319,#4327,#4335,#4343,#4349));
#4316 = ORIENTED_EDGE('',*,*,#2692,.T.);
#4317 = ORIENTED_EDGE('',*,*,#4291,.T.);
#4318 = ORIENTED_EDGE('',*,*,#2338,.T.);
#4319 = ORIENTED_EDGE('',*,*,#4320,.T.);
#4320 = EDGE_CURVE('',#2331,#4321,#4323,.T.);
#4321 = VERTEX_POINT('',#4322);
#4322 = CARTESIAN_POINT('',(10.6,0.5468198,3.45));
#4323 = LINE('',#4324,#4325);
#4324 = CARTESIAN_POINT('',(10.6,1.52,3.45));
#4325 = VECTOR('',#4326,1.);
#4326 = DIRECTION('',(0.,-1.,0.));
#4327 = ORIENTED_EDGE('',*,*,#4328,.T.);
#4328 = EDGE_CURVE('',#4321,#4329,#4331,.T.);
#4329 = VERTEX_POINT('',#4330);
#4330 = CARTESIAN_POINT('',(10.6,1.044,2.6151));
#4331 = LINE('',#4332,#4333);
#4332 = CARTESIAN_POINT('',(10.6,0.5468198,3.45));
#4333 = VECTOR('',#4334,1.);
#4334 = DIRECTION('',(0.,0.511647917429,-0.859195209828));
#4335 = ORIENTED_EDGE('',*,*,#4336,.T.);
#4336 = EDGE_CURVE('',#4329,#4337,#4339,.T.);
#4337 = VERTEX_POINT('',#4338);
#4338 = CARTESIAN_POINT('',(10.6,1.52,2.6151));
#4339 = LINE('',#4340,#4341);
#4340 = CARTESIAN_POINT('',(10.6,1.044,2.6151));
#4341 = VECTOR('',#4342,1.);
#4342 = DIRECTION('',(0.,1.,0.));
#4343 = ORIENTED_EDGE('',*,*,#4344,.T.);
#4344 = EDGE_CURVE('',#4337,#3049,#4345,.T.);
#4345 = LINE('',#4346,#4347);
#4346 = CARTESIAN_POINT('',(10.6,1.52,2.6151));
#4347 = VECTOR('',#4348,1.);
#4348 = DIRECTION('',(0.,0.,-1.));
#4349 = ORIENTED_EDGE('',*,*,#3056,.T.);
#4350 = PLANE('',#4351);
#4351 = AXIS2_PLACEMENT_3D('',#4352,#4353,#4354);
#4352 = CARTESIAN_POINT('',(10.6,1.834452703854,3.573485056924));
#4353 = DIRECTION('',(1.,0.,0.));
#4354 = DIRECTION('',(0.,0.,1.));
#4355 = ADVANCED_FACE('',(#4356,#4378),#4412,.F.);
#4356 = FACE_BOUND('',#4357,.F.);
#4357 = EDGE_LOOP('',(#4358,#4359,#4360,#4361,#4362,#4370,#4376,#4377));
#4358 = ORIENTED_EDGE('',*,*,#2369,.F.);
#4359 = ORIENTED_EDGE('',*,*,#2426,.T.);
#4360 = ORIENTED_EDGE('',*,*,#2465,.T.);
#4361 = ORIENTED_EDGE('',*,*,#2531,.F.);
#4362 = ORIENTED_EDGE('',*,*,#4363,.T.);
#4363 = EDGE_CURVE('',#2524,#4364,#4366,.T.);
#4364 = VERTEX_POINT('',#4365);
#4365 = CARTESIAN_POINT('',(9.4,0.5468198,3.45));
#4366 = LINE('',#4367,#4368);
#4367 = CARTESIAN_POINT('',(9.4,1.52,3.45));
#4368 = VECTOR('',#4369,1.);
#4369 = DIRECTION('',(0.,-1.,0.));
#4370 = ORIENTED_EDGE('',*,*,#4371,.F.);
#4371 = EDGE_CURVE('',#4321,#4364,#4372,.T.);
#4372 = LINE('',#4373,#4374);
#4373 = CARTESIAN_POINT('',(10.6,0.5468198,3.45));
#4374 = VECTOR('',#4375,1.);
#4375 = DIRECTION('',(-1.,-0.,-0.));
#4376 = ORIENTED_EDGE('',*,*,#4320,.F.);
#4377 = ORIENTED_EDGE('',*,*,#2330,.F.);
#4378 = FACE_BOUND('',#4379,.F.);
#4379 = EDGE_LOOP('',(#4380,#4390,#4398,#4406));
#4380 = ORIENTED_EDGE('',*,*,#4381,.F.);
#4381 = EDGE_CURVE('',#4382,#4384,#4386,.T.);
#4382 = VERTEX_POINT('',#4383);
#4383 = CARTESIAN_POINT('',(10.4,-0.4,3.45));
#4384 = VERTEX_POINT('',#4385);
#4385 = CARTESIAN_POINT('',(9.6,-0.4,3.45));
#4386 = LINE('',#4387,#4388);
#4387 = CARTESIAN_POINT('',(10.4,-0.4,3.45));
#4388 = VECTOR('',#4389,1.);
#4389 = DIRECTION('',(-1.,-0.,-0.));
#4390 = ORIENTED_EDGE('',*,*,#4391,.F.);
#4391 = EDGE_CURVE('',#4392,#4382,#4394,.T.);
#4392 = VERTEX_POINT('',#4393);
#4393 = CARTESIAN_POINT('',(10.4,0.4,3.45));
#4394 = LINE('',#4395,#4396);
#4395 = CARTESIAN_POINT('',(10.4,0.4,3.45));
#4396 = VECTOR('',#4397,1.);
#4397 = DIRECTION('',(0.,-1.,0.));
#4398 = ORIENTED_EDGE('',*,*,#4399,.T.);
#4399 = EDGE_CURVE('',#4392,#4400,#4402,.T.);
#4400 = VERTEX_POINT('',#4401);
#4401 = CARTESIAN_POINT('',(9.6,0.4,3.45));
#4402 = LINE('',#4403,#4404);
#4403 = CARTESIAN_POINT('',(10.4,0.4,3.45));
#4404 = VECTOR('',#4405,1.);
#4405 = DIRECTION('',(-1.,-0.,-0.));
#4406 = ORIENTED_EDGE('',*,*,#4407,.T.);
#4407 = EDGE_CURVE('',#4400,#4384,#4408,.T.);
#4408 = LINE('',#4409,#4410);
#4409 = CARTESIAN_POINT('',(9.6,0.4,3.45));
#4410 = VECTOR('',#4411,1.);
#4411 = DIRECTION('',(0.,-1.,0.));
#4412 = PLANE('',#4413);
#4413 = AXIS2_PLACEMENT_3D('',#4414,#4415,#4416);
#4414 = CARTESIAN_POINT('',(11.05,-0.98,3.45));
#4415 = DIRECTION('',(0.,0.,-1.));
#4416 = DIRECTION('',(0.,1.,0.));
#4417 = ADVANCED_FACE('',(#4418),#4447,.T.);
#4418 = FACE_BOUND('',#4419,.T.);
#4419 = EDGE_LOOP('',(#4420,#4421,#4422,#4423,#4424,#4432,#4440,#4446));
#4420 = ORIENTED_EDGE('',*,*,#2708,.T.);
#4421 = ORIENTED_EDGE('',*,*,#4298,.T.);
#4422 = ORIENTED_EDGE('',*,*,#2523,.T.);
#4423 = ORIENTED_EDGE('',*,*,#4363,.T.);
#4424 = ORIENTED_EDGE('',*,*,#4425,.T.);
#4425 = EDGE_CURVE('',#4364,#4426,#4428,.T.);
#4426 = VERTEX_POINT('',#4427);
#4427 = CARTESIAN_POINT('',(9.4,1.044,2.6151));
#4428 = LINE('',#4429,#4430);
#4429 = CARTESIAN_POINT('',(9.4,0.5468198,3.45));
#4430 = VECTOR('',#4431,1.);
#4431 = DIRECTION('',(0.,0.511647917429,-0.859195209828));
#4432 = ORIENTED_EDGE('',*,*,#4433,.T.);
#4433 = EDGE_CURVE('',#4426,#4434,#4436,.T.);
#4434 = VERTEX_POINT('',#4435);
#4435 = CARTESIAN_POINT('',(9.4,1.52,2.6151));
#4436 = LINE('',#4437,#4438);
#4437 = CARTESIAN_POINT('',(9.4,1.044,2.6151));
#4438 = VECTOR('',#4439,1.);
#4439 = DIRECTION('',(0.,1.,0.));
#4440 = ORIENTED_EDGE('',*,*,#4441,.T.);
#4441 = EDGE_CURVE('',#4434,#3041,#4442,.T.);
#4442 = LINE('',#4443,#4444);
#4443 = CARTESIAN_POINT('',(9.4,1.52,2.6151));
#4444 = VECTOR('',#4445,1.);
#4445 = DIRECTION('',(0.,0.,-1.));
#4446 = ORIENTED_EDGE('',*,*,#3040,.T.);
#4447 = PLANE('',#4448);
#4448 = AXIS2_PLACEMENT_3D('',#4449,#4450,#4451);
#4449 = CARTESIAN_POINT('',(9.4,1.834452703854,3.573485056924));
#4450 = DIRECTION('',(1.,0.,0.));
#4451 = DIRECTION('',(0.,0.,1.));
#4452 = ADVANCED_FACE('',(#4453),#4464,.F.);
#4453 = FACE_BOUND('',#4454,.F.);
#4454 = EDGE_LOOP('',(#4455,#4461,#4462,#4463));
#4455 = ORIENTED_EDGE('',*,*,#4456,.T.);
#4456 = EDGE_CURVE('',#4337,#4434,#4457,.T.);
#4457 = LINE('',#4458,#4459);
#4458 = CARTESIAN_POINT('',(10.6,1.52,2.6151));
#4459 = VECTOR('',#4460,1.);
#4460 = DIRECTION('',(-1.,-0.,-0.));
#4461 = ORIENTED_EDGE('',*,*,#4441,.T.);
#4462 = ORIENTED_EDGE('',*,*,#3048,.F.);
#4463 = ORIENTED_EDGE('',*,*,#4344,.F.);
#4464 = PLANE('',#4465);
#4465 = AXIS2_PLACEMENT_3D('',#4466,#4467,#4468);
#4466 = CARTESIAN_POINT('',(10.6,1.52,2.6151));
#4467 = DIRECTION('',(0.,-1.,0.));
#4468 = DIRECTION('',(0.,0.,-1.));
#4469 = ADVANCED_FACE('',(#4470),#4481,.F.);
#4470 = FACE_BOUND('',#4471,.F.);
#4471 = EDGE_LOOP('',(#4472,#4478,#4479,#4480));
#4472 = ORIENTED_EDGE('',*,*,#4473,.T.);
#4473 = EDGE_CURVE('',#4172,#4269,#4474,.T.);
#4474 = LINE('',#4475,#4476);
#4475 = CARTESIAN_POINT('',(8.1,1.52,2.6151));
#4476 = VECTOR('',#4477,1.);
#4477 = DIRECTION('',(-1.,-0.,-0.));
#4478 = ORIENTED_EDGE('',*,*,#4276,.T.);
#4479 = ORIENTED_EDGE('',*,*,#3025,.F.);
#4480 = ORIENTED_EDGE('',*,*,#4179,.F.);
#4481 = PLANE('',#4482);
#4482 = AXIS2_PLACEMENT_3D('',#4483,#4484,#4485);
#4483 = CARTESIAN_POINT('',(8.1,1.52,2.6151));
#4484 = DIRECTION('',(0.,-1.,0.));
#4485 = DIRECTION('',(0.,0.,-1.));
#4486 = ADVANCED_FACE('',(#4487),#4498,.F.);
#4487 = FACE_BOUND('',#4488,.F.);
#4488 = EDGE_LOOP('',(#4489,#4495,#4496,#4497));
#4489 = ORIENTED_EDGE('',*,*,#4490,.T.);
#4490 = EDGE_CURVE('',#4007,#4104,#4491,.T.);
#4491 = LINE('',#4492,#4493);
#4492 = CARTESIAN_POINT('',(5.6,1.52,2.6151));
#4493 = VECTOR('',#4494,1.);
#4494 = DIRECTION('',(-1.,-0.,-0.));
#4495 = ORIENTED_EDGE('',*,*,#4111,.T.);
#4496 = ORIENTED_EDGE('',*,*,#3002,.F.);
#4497 = ORIENTED_EDGE('',*,*,#4014,.F.);
#4498 = PLANE('',#4499);
#4499 = AXIS2_PLACEMENT_3D('',#4500,#4501,#4502);
#4500 = CARTESIAN_POINT('',(5.6,1.52,2.6151));
#4501 = DIRECTION('',(0.,-1.,0.));
#4502 = DIRECTION('',(0.,0.,-1.));
#4503 = ADVANCED_FACE('',(#4504),#4515,.F.);
#4504 = FACE_BOUND('',#4505,.F.);
#4505 = EDGE_LOOP('',(#4506,#4512,#4513,#4514));
#4506 = ORIENTED_EDGE('',*,*,#4507,.T.);
#4507 = EDGE_CURVE('',#3842,#3939,#4508,.T.);
#4508 = LINE('',#4509,#4510);
#4509 = CARTESIAN_POINT('',(3.1,1.52,2.6151));
#4510 = VECTOR('',#4511,1.);
#4511 = DIRECTION('',(-1.,-0.,-0.));
#4512 = ORIENTED_EDGE('',*,*,#3946,.T.);
#4513 = ORIENTED_EDGE('',*,*,#2979,.F.);
#4514 = ORIENTED_EDGE('',*,*,#3849,.F.);
#4515 = PLANE('',#4516);
#4516 = AXIS2_PLACEMENT_3D('',#4517,#4518,#4519);
#4517 = CARTESIAN_POINT('',(3.1,1.52,2.6151));
#4518 = DIRECTION('',(0.,-1.,0.));
#4519 = DIRECTION('',(0.,0.,-1.));
#4520 = ADVANCED_FACE('',(#4521),#4532,.F.);
#4521 = FACE_BOUND('',#4522,.F.);
#4522 = EDGE_LOOP('',(#4523,#4529,#4530,#4531));
#4523 = ORIENTED_EDGE('',*,*,#4524,.T.);
#4524 = EDGE_CURVE('',#3677,#3774,#4525,.T.);
#4525 = LINE('',#4526,#4527);
#4526 = CARTESIAN_POINT('',(0.6,1.52,2.6151));
#4527 = VECTOR('',#4528,1.);
#4528 = DIRECTION('',(-1.,-0.,-0.));
#4529 = ORIENTED_EDGE('',*,*,#3781,.T.);
#4530 = ORIENTED_EDGE('',*,*,#2956,.F.);
#4531 = ORIENTED_EDGE('',*,*,#3684,.F.);
#4532 = PLANE('',#4533);
#4533 = AXIS2_PLACEMENT_3D('',#4534,#4535,#4536);
#4534 = CARTESIAN_POINT('',(0.6,1.52,2.6151));
#4535 = DIRECTION('',(0.,-1.,0.));
#4536 = DIRECTION('',(0.,0.,-1.));
#4537 = ADVANCED_FACE('',(#4538),#4544,.T.);
#4538 = FACE_BOUND('',#4539,.T.);
#4539 = EDGE_LOOP('',(#4540,#4541,#4542,#4543));
#4540 = ORIENTED_EDGE('',*,*,#3239,.T.);
#4541 = ORIENTED_EDGE('',*,*,#3433,.T.);
#4542 = ORIENTED_EDGE('',*,*,#2933,.F.);
#4543 = ORIENTED_EDGE('',*,*,#3214,.F.);
#4544 = PLANE('',#4545);
#4545 = AXIS2_PLACEMENT_3D('',#4546,#4547,#4548);
#4546 = CARTESIAN_POINT('',(14.1,0.57,2.7));
#4547 = DIRECTION('',(0.,-0.866025403784,-0.5));
#4548 = DIRECTION('',(0.,0.5,-0.866025403784));
#4549 = ADVANCED_FACE('',(#4550),#4566,.F.);
#4550 = FACE_BOUND('',#4551,.F.);
#4551 = EDGE_LOOP('',(#4552,#4558,#4559,#4565));
#4552 = ORIENTED_EDGE('',*,*,#4553,.F.);
#4553 = EDGE_CURVE('',#3722,#3249,#4554,.T.);
#4554 = LINE('',#4555,#4556);
#4555 = CARTESIAN_POINT('',(0.4,-0.4,3.45));
#4556 = VECTOR('',#4557,1.);
#4557 = DIRECTION('',(0.,0.,-1.));
#4558 = ORIENTED_EDGE('',*,*,#3721,.T.);
#4559 = ORIENTED_EDGE('',*,*,#4560,.T.);
#4560 = EDGE_CURVE('',#3724,#3251,#4561,.T.);
#4561 = LINE('',#4562,#4563);
#4562 = CARTESIAN_POINT('',(-0.4,-0.4,3.45));
#4563 = VECTOR('',#4564,1.);
#4564 = DIRECTION('',(0.,0.,-1.));
#4565 = ORIENTED_EDGE('',*,*,#3248,.F.);
#4566 = PLANE('',#4567);
#4567 = AXIS2_PLACEMENT_3D('',#4568,#4569,#4570);
#4568 = CARTESIAN_POINT('',(0.4,-0.4,3.45));
#4569 = DIRECTION('',(0.,-1.,0.));
#4570 = DIRECTION('',(0.,0.,-1.));
#4571 = ADVANCED_FACE('',(#4572),#4583,.F.);
#4572 = FACE_BOUND('',#4573,.F.);
#4573 = EDGE_LOOP('',(#4574,#4575,#4576,#4577));
#4574 = ORIENTED_EDGE('',*,*,#3731,.T.);
#4575 = ORIENTED_EDGE('',*,*,#4553,.T.);
#4576 = ORIENTED_EDGE('',*,*,#3258,.F.);
#4577 = ORIENTED_EDGE('',*,*,#4578,.T.);
#4578 = EDGE_CURVE('',#3259,#3732,#4579,.T.);
#4579 = LINE('',#4580,#4581);
#4580 = CARTESIAN_POINT('',(0.4,0.4,2.45));
#4581 = VECTOR('',#4582,1.);
#4582 = DIRECTION('',(0.,0.,1.));
#4583 = PLANE('',#4584);
#4584 = AXIS2_PLACEMENT_3D('',#4585,#4586,#4587);
#4585 = CARTESIAN_POINT('',(0.4,0.,2.95));
#4586 = DIRECTION('',(1.,0.,0.));
#4587 = DIRECTION('',(0.,0.,1.));
#4588 = ADVANCED_FACE('',(#4589),#4600,.T.);
#4589 = FACE_BOUND('',#4590,.T.);
#4590 = EDGE_LOOP('',(#4591,#4592,#4593,#4594));
#4591 = ORIENTED_EDGE('',*,*,#3747,.T.);
#4592 = ORIENTED_EDGE('',*,*,#4560,.T.);
#4593 = ORIENTED_EDGE('',*,*,#3274,.F.);
#4594 = ORIENTED_EDGE('',*,*,#4595,.T.);
#4595 = EDGE_CURVE('',#3267,#3740,#4596,.T.);
#4596 = LINE('',#4597,#4598);
#4597 = CARTESIAN_POINT('',(-0.4,0.4,2.45));
#4598 = VECTOR('',#4599,1.);
#4599 = DIRECTION('',(0.,0.,1.));
#4600 = PLANE('',#4601);
#4601 = AXIS2_PLACEMENT_3D('',#4602,#4603,#4604);
#4602 = CARTESIAN_POINT('',(-0.4,0.,2.95));
#4603 = DIRECTION('',(1.,0.,0.));
#4604 = DIRECTION('',(0.,0.,1.));
#4605 = ADVANCED_FACE('',(#4606),#4612,.F.);
#4606 = FACE_BOUND('',#4607,.F.);
#4607 = EDGE_LOOP('',(#4608,#4609,#4610,#4611));
#4608 = ORIENTED_EDGE('',*,*,#4578,.F.);
#4609 = ORIENTED_EDGE('',*,*,#3266,.F.);
#4610 = ORIENTED_EDGE('',*,*,#4595,.T.);
#4611 = ORIENTED_EDGE('',*,*,#3739,.F.);
#4612 = PLANE('',#4613);
#4613 = AXIS2_PLACEMENT_3D('',#4614,#4615,#4616);
#4614 = CARTESIAN_POINT('',(0.4,0.4,2.45));
#4615 = DIRECTION('',(0.,1.,0.));
#4616 = DIRECTION('',(0.,0.,1.));
#4617 = ADVANCED_FACE('',(#4618),#4634,.F.);
#4618 = FACE_BOUND('',#4619,.F.);
#4619 = EDGE_LOOP('',(#4620,#4626,#4627,#4633));
#4620 = ORIENTED_EDGE('',*,*,#4621,.F.);
#4621 = EDGE_CURVE('',#3887,#3283,#4622,.T.);
#4622 = LINE('',#4623,#4624);
#4623 = CARTESIAN_POINT('',(2.9,-0.4,3.45));
#4624 = VECTOR('',#4625,1.);
#4625 = DIRECTION('',(0.,0.,-1.));
#4626 = ORIENTED_EDGE('',*,*,#3886,.T.);
#4627 = ORIENTED_EDGE('',*,*,#4628,.T.);
#4628 = EDGE_CURVE('',#3889,#3285,#4629,.T.);
#4629 = LINE('',#4630,#4631);
#4630 = CARTESIAN_POINT('',(2.1,-0.4,3.45));
#4631 = VECTOR('',#4632,1.);
#4632 = DIRECTION('',(0.,0.,-1.));
#4633 = ORIENTED_EDGE('',*,*,#3282,.F.);
#4634 = PLANE('',#4635);
#4635 = AXIS2_PLACEMENT_3D('',#4636,#4637,#4638);
#4636 = CARTESIAN_POINT('',(2.9,-0.4,3.45));
#4637 = DIRECTION('',(0.,-1.,0.));
#4638 = DIRECTION('',(0.,0.,-1.));
#4639 = ADVANCED_FACE('',(#4640),#4651,.T.);
#4640 = FACE_BOUND('',#4641,.T.);
#4641 = EDGE_LOOP('',(#4642,#4643,#4644,#4645));
#4642 = ORIENTED_EDGE('',*,*,#3912,.T.);
#4643 = ORIENTED_EDGE('',*,*,#4628,.T.);
#4644 = ORIENTED_EDGE('',*,*,#3308,.F.);
#4645 = ORIENTED_EDGE('',*,*,#4646,.T.);
#4646 = EDGE_CURVE('',#3301,#3905,#4647,.T.);
#4647 = LINE('',#4648,#4649);
#4648 = CARTESIAN_POINT('',(2.1,0.4,2.45));
#4649 = VECTOR('',#4650,1.);
#4650 = DIRECTION('',(0.,0.,1.));
#4651 = PLANE('',#4652);
#4652 = AXIS2_PLACEMENT_3D('',#4653,#4654,#4655);
#4653 = CARTESIAN_POINT('',(2.1,0.,2.95));
#4654 = DIRECTION('',(1.,0.,0.));
#4655 = DIRECTION('',(0.,0.,1.));
#4656 = ADVANCED_FACE('',(#4657),#4668,.F.);
#4657 = FACE_BOUND('',#4658,.F.);
#4658 = EDGE_LOOP('',(#4659,#4665,#4666,#4667));
#4659 = ORIENTED_EDGE('',*,*,#4660,.F.);
#4660 = EDGE_CURVE('',#3293,#3897,#4661,.T.);
#4661 = LINE('',#4662,#4663);
#4662 = CARTESIAN_POINT('',(2.9,0.4,2.45));
#4663 = VECTOR('',#4664,1.);
#4664 = DIRECTION('',(0.,0.,1.));
#4665 = ORIENTED_EDGE('',*,*,#3300,.F.);
#4666 = ORIENTED_EDGE('',*,*,#4646,.T.);
#4667 = ORIENTED_EDGE('',*,*,#3904,.F.);
#4668 = PLANE('',#4669);
#4669 = AXIS2_PLACEMENT_3D('',#4670,#4671,#4672);
#4670 = CARTESIAN_POINT('',(2.9,0.4,2.45));
#4671 = DIRECTION('',(0.,1.,0.));
#4672 = DIRECTION('',(0.,0.,1.));
#4673 = ADVANCED_FACE('',(#4674),#4680,.F.);
#4674 = FACE_BOUND('',#4675,.F.);
#4675 = EDGE_LOOP('',(#4676,#4677,#4678,#4679));
#4676 = ORIENTED_EDGE('',*,*,#3896,.T.);
#4677 = ORIENTED_EDGE('',*,*,#4621,.T.);
#4678 = ORIENTED_EDGE('',*,*,#3292,.F.);
#4679 = ORIENTED_EDGE('',*,*,#4660,.T.);
#4680 = PLANE('',#4681);
#4681 = AXIS2_PLACEMENT_3D('',#4682,#4683,#4684);
#4682 = CARTESIAN_POINT('',(2.9,0.,2.95));
#4683 = DIRECTION('',(1.,0.,0.));
#4684 = DIRECTION('',(0.,0.,1.));
#4685 = ADVANCED_FACE('',(#4686),#4702,.F.);
#4686 = FACE_BOUND('',#4687,.F.);
#4687 = EDGE_LOOP('',(#4688,#4694,#4695,#4701));
#4688 = ORIENTED_EDGE('',*,*,#4689,.F.);
#4689 = EDGE_CURVE('',#4052,#3317,#4690,.T.);
#4690 = LINE('',#4691,#4692);
#4691 = CARTESIAN_POINT('',(5.4,-0.4,3.45));
#4692 = VECTOR('',#4693,1.);
#4693 = DIRECTION('',(0.,0.,-1.));
#4694 = ORIENTED_EDGE('',*,*,#4051,.T.);
#4695 = ORIENTED_EDGE('',*,*,#4696,.T.);
#4696 = EDGE_CURVE('',#4054,#3319,#4697,.T.);
#4697 = LINE('',#4698,#4699);
#4698 = CARTESIAN_POINT('',(4.6,-0.4,3.45));
#4699 = VECTOR('',#4700,1.);
#4700 = DIRECTION('',(0.,0.,-1.));
#4701 = ORIENTED_EDGE('',*,*,#3316,.F.);
#4702 = PLANE('',#4703);
#4703 = AXIS2_PLACEMENT_3D('',#4704,#4705,#4706);
#4704 = CARTESIAN_POINT('',(5.4,-0.4,3.45));
#4705 = DIRECTION('',(0.,-1.,0.));
#4706 = DIRECTION('',(0.,0.,-1.));
#4707 = ADVANCED_FACE('',(#4708),#4719,.T.);
#4708 = FACE_BOUND('',#4709,.T.);
#4709 = EDGE_LOOP('',(#4710,#4711,#4712,#4713));
#4710 = ORIENTED_EDGE('',*,*,#4077,.T.);
#4711 = ORIENTED_EDGE('',*,*,#4696,.T.);
#4712 = ORIENTED_EDGE('',*,*,#3342,.F.);
#4713 = ORIENTED_EDGE('',*,*,#4714,.T.);
#4714 = EDGE_CURVE('',#3335,#4070,#4715,.T.);
#4715 = LINE('',#4716,#4717);
#4716 = CARTESIAN_POINT('',(4.6,0.4,2.45));
#4717 = VECTOR('',#4718,1.);
#4718 = DIRECTION('',(0.,0.,1.));
#4719 = PLANE('',#4720);
#4720 = AXIS2_PLACEMENT_3D('',#4721,#4722,#4723);
#4721 = CARTESIAN_POINT('',(4.6,0.,2.95));
#4722 = DIRECTION('',(1.,0.,0.));
#4723 = DIRECTION('',(0.,0.,1.));
#4724 = ADVANCED_FACE('',(#4725),#4736,.F.);
#4725 = FACE_BOUND('',#4726,.F.);
#4726 = EDGE_LOOP('',(#4727,#4733,#4734,#4735));
#4727 = ORIENTED_EDGE('',*,*,#4728,.F.);
#4728 = EDGE_CURVE('',#3327,#4062,#4729,.T.);
#4729 = LINE('',#4730,#4731);
#4730 = CARTESIAN_POINT('',(5.4,0.4,2.45));
#4731 = VECTOR('',#4732,1.);
#4732 = DIRECTION('',(0.,0.,1.));
#4733 = ORIENTED_EDGE('',*,*,#3334,.F.);
#4734 = ORIENTED_EDGE('',*,*,#4714,.T.);
#4735 = ORIENTED_EDGE('',*,*,#4069,.F.);
#4736 = PLANE('',#4737);
#4737 = AXIS2_PLACEMENT_3D('',#4738,#4739,#4740);
#4738 = CARTESIAN_POINT('',(5.4,0.4,2.45));
#4739 = DIRECTION('',(0.,1.,0.));
#4740 = DIRECTION('',(0.,0.,1.));
#4741 = ADVANCED_FACE('',(#4742),#4748,.F.);
#4742 = FACE_BOUND('',#4743,.F.);
#4743 = EDGE_LOOP('',(#4744,#4745,#4746,#4747));
#4744 = ORIENTED_EDGE('',*,*,#4061,.T.);
#4745 = ORIENTED_EDGE('',*,*,#4689,.T.);
#4746 = ORIENTED_EDGE('',*,*,#3326,.F.);
#4747 = ORIENTED_EDGE('',*,*,#4728,.T.);
#4748 = PLANE('',#4749);
#4749 = AXIS2_PLACEMENT_3D('',#4750,#4751,#4752);
#4750 = CARTESIAN_POINT('',(5.4,0.,2.95));
#4751 = DIRECTION('',(1.,0.,0.));
#4752 = DIRECTION('',(0.,0.,1.));
#4753 = ADVANCED_FACE('',(#4754),#4770,.F.);
#4754 = FACE_BOUND('',#4755,.F.);
#4755 = EDGE_LOOP('',(#4756,#4762,#4763,#4769));
#4756 = ORIENTED_EDGE('',*,*,#4757,.F.);
#4757 = EDGE_CURVE('',#4217,#3351,#4758,.T.);
#4758 = LINE('',#4759,#4760);
#4759 = CARTESIAN_POINT('',(7.9,-0.4,3.45));
#4760 = VECTOR('',#4761,1.);
#4761 = DIRECTION('',(0.,0.,-1.));
#4762 = ORIENTED_EDGE('',*,*,#4216,.T.);
#4763 = ORIENTED_EDGE('',*,*,#4764,.T.);
#4764 = EDGE_CURVE('',#4219,#3353,#4765,.T.);
#4765 = LINE('',#4766,#4767);
#4766 = CARTESIAN_POINT('',(7.1,-0.4,3.45));
#4767 = VECTOR('',#4768,1.);
#4768 = DIRECTION('',(0.,0.,-1.));
#4769 = ORIENTED_EDGE('',*,*,#3350,.F.);
#4770 = PLANE('',#4771);
#4771 = AXIS2_PLACEMENT_3D('',#4772,#4773,#4774);
#4772 = CARTESIAN_POINT('',(7.9,-0.4,3.45));
#4773 = DIRECTION('',(0.,-1.,0.));
#4774 = DIRECTION('',(0.,0.,-1.));
#4775 = ADVANCED_FACE('',(#4776),#4787,.T.);
#4776 = FACE_BOUND('',#4777,.T.);
#4777 = EDGE_LOOP('',(#4778,#4779,#4780,#4781));
#4778 = ORIENTED_EDGE('',*,*,#4242,.T.);
#4779 = ORIENTED_EDGE('',*,*,#4764,.T.);
#4780 = ORIENTED_EDGE('',*,*,#3376,.F.);
#4781 = ORIENTED_EDGE('',*,*,#4782,.T.);
#4782 = EDGE_CURVE('',#3369,#4235,#4783,.T.);
#4783 = LINE('',#4784,#4785);
#4784 = CARTESIAN_POINT('',(7.1,0.4,2.45));
#4785 = VECTOR('',#4786,1.);
#4786 = DIRECTION('',(0.,0.,1.));
#4787 = PLANE('',#4788);
#4788 = AXIS2_PLACEMENT_3D('',#4789,#4790,#4791);
#4789 = CARTESIAN_POINT('',(7.1,0.,2.95));
#4790 = DIRECTION('',(1.,0.,0.));
#4791 = DIRECTION('',(0.,0.,1.));
#4792 = ADVANCED_FACE('',(#4793),#4804,.F.);
#4793 = FACE_BOUND('',#4794,.F.);
#4794 = EDGE_LOOP('',(#4795,#4801,#4802,#4803));
#4795 = ORIENTED_EDGE('',*,*,#4796,.F.);
#4796 = EDGE_CURVE('',#3361,#4227,#4797,.T.);
#4797 = LINE('',#4798,#4799);
#4798 = CARTESIAN_POINT('',(7.9,0.4,2.45));
#4799 = VECTOR('',#4800,1.);
#4800 = DIRECTION('',(0.,0.,1.));
#4801 = ORIENTED_EDGE('',*,*,#3368,.F.);
#4802 = ORIENTED_EDGE('',*,*,#4782,.T.);
#4803 = ORIENTED_EDGE('',*,*,#4234,.F.);
#4804 = PLANE('',#4805);
#4805 = AXIS2_PLACEMENT_3D('',#4806,#4807,#4808);
#4806 = CARTESIAN_POINT('',(7.9,0.4,2.45));
#4807 = DIRECTION('',(0.,1.,0.));
#4808 = DIRECTION('',(0.,0.,1.));
#4809 = ADVANCED_FACE('',(#4810),#4816,.F.);
#4810 = FACE_BOUND('',#4811,.F.);
#4811 = EDGE_LOOP('',(#4812,#4813,#4814,#4815));
#4812 = ORIENTED_EDGE('',*,*,#4226,.T.);
#4813 = ORIENTED_EDGE('',*,*,#4757,.T.);
#4814 = ORIENTED_EDGE('',*,*,#3360,.F.);
#4815 = ORIENTED_EDGE('',*,*,#4796,.T.);
#4816 = PLANE('',#4817);
#4817 = AXIS2_PLACEMENT_3D('',#4818,#4819,#4820);
#4818 = CARTESIAN_POINT('',(7.9,0.,2.95));
#4819 = DIRECTION('',(1.,0.,0.));
#4820 = DIRECTION('',(0.,0.,1.));
#4821 = ADVANCED_FACE('',(#4822),#4838,.F.);
#4822 = FACE_BOUND('',#4823,.F.);
#4823 = EDGE_LOOP('',(#4824,#4830,#4831,#4837));
#4824 = ORIENTED_EDGE('',*,*,#4825,.F.);
#4825 = EDGE_CURVE('',#4382,#3385,#4826,.T.);
#4826 = LINE('',#4827,#4828);
#4827 = CARTESIAN_POINT('',(10.4,-0.4,3.45));
#4828 = VECTOR('',#4829,1.);
#4829 = DIRECTION('',(0.,0.,-1.));
#4830 = ORIENTED_EDGE('',*,*,#4381,.T.);
#4831 = ORIENTED_EDGE('',*,*,#4832,.T.);
#4832 = EDGE_CURVE('',#4384,#3387,#4833,.T.);
#4833 = LINE('',#4834,#4835);
#4834 = CARTESIAN_POINT('',(9.6,-0.4,3.45));
#4835 = VECTOR('',#4836,1.);
#4836 = DIRECTION('',(0.,0.,-1.));
#4837 = ORIENTED_EDGE('',*,*,#3384,.F.);
#4838 = PLANE('',#4839);
#4839 = AXIS2_PLACEMENT_3D('',#4840,#4841,#4842);
#4840 = CARTESIAN_POINT('',(10.4,-0.4,3.45));
#4841 = DIRECTION('',(0.,-1.,0.));
#4842 = DIRECTION('',(0.,0.,-1.));
#4843 = ADVANCED_FACE('',(#4844),#4855,.T.);
#4844 = FACE_BOUND('',#4845,.T.);
#4845 = EDGE_LOOP('',(#4846,#4847,#4848,#4849));
#4846 = ORIENTED_EDGE('',*,*,#4407,.T.);
#4847 = ORIENTED_EDGE('',*,*,#4832,.T.);
#4848 = ORIENTED_EDGE('',*,*,#3410,.F.);
#4849 = ORIENTED_EDGE('',*,*,#4850,.T.);
#4850 = EDGE_CURVE('',#3403,#4400,#4851,.T.);
#4851 = LINE('',#4852,#4853);
#4852 = CARTESIAN_POINT('',(9.6,0.4,2.45));
#4853 = VECTOR('',#4854,1.);
#4854 = DIRECTION('',(0.,0.,1.));
#4855 = PLANE('',#4856);
#4856 = AXIS2_PLACEMENT_3D('',#4857,#4858,#4859);
#4857 = CARTESIAN_POINT('',(9.6,0.,2.95));
#4858 = DIRECTION('',(1.,0.,0.));
#4859 = DIRECTION('',(0.,0.,1.));
#4860 = ADVANCED_FACE('',(#4861),#4872,.F.);
#4861 = FACE_BOUND('',#4862,.F.);
#4862 = EDGE_LOOP('',(#4863,#4869,#4870,#4871));
#4863 = ORIENTED_EDGE('',*,*,#4864,.F.);
#4864 = EDGE_CURVE('',#3395,#4392,#4865,.T.);
#4865 = LINE('',#4866,#4867);
#4866 = CARTESIAN_POINT('',(10.4,0.4,2.45));
#4867 = VECTOR('',#4868,1.);
#4868 = DIRECTION('',(0.,0.,1.));
#4869 = ORIENTED_EDGE('',*,*,#3402,.F.);
#4870 = ORIENTED_EDGE('',*,*,#4850,.T.);
#4871 = ORIENTED_EDGE('',*,*,#4399,.F.);
#4872 = PLANE('',#4873);
#4873 = AXIS2_PLACEMENT_3D('',#4874,#4875,#4876);
#4874 = CARTESIAN_POINT('',(10.4,0.4,2.45));
#4875 = DIRECTION('',(0.,1.,0.));
#4876 = DIRECTION('',(0.,0.,1.));
#4877 = ADVANCED_FACE('',(#4878),#4884,.F.);
#4878 = FACE_BOUND('',#4879,.F.);
#4879 = EDGE_LOOP('',(#4880,#4881,#4882,#4883));
#4880 = ORIENTED_EDGE('',*,*,#4391,.T.);
#4881 = ORIENTED_EDGE('',*,*,#4825,.T.);
#4882 = ORIENTED_EDGE('',*,*,#3394,.F.);
#4883 = ORIENTED_EDGE('',*,*,#4864,.T.);
#4884 = PLANE('',#4885);
#4885 = AXIS2_PLACEMENT_3D('',#4886,#4887,#4888);
#4886 = CARTESIAN_POINT('',(10.4,0.,2.95));
#4887 = DIRECTION('',(1.,0.,0.));
#4888 = DIRECTION('',(0.,0.,1.));
#4889 = ADVANCED_FACE('',(#4890),#4901,.F.);
#4890 = FACE_BOUND('',#4891,.F.);
#4891 = EDGE_LOOP('',(#4892,#4893,#4894,#4900));
#4892 = ORIENTED_EDGE('',*,*,#3711,.T.);
#4893 = ORIENTED_EDGE('',*,*,#3765,.T.);
#4894 = ORIENTED_EDGE('',*,*,#4895,.F.);
#4895 = EDGE_CURVE('',#3669,#3766,#4896,.T.);
#4896 = LINE('',#4897,#4898);
#4897 = CARTESIAN_POINT('',(0.6,1.044,2.6151));
#4898 = VECTOR('',#4899,1.);
#4899 = DIRECTION('',(-1.,-0.,-0.));
#4900 = ORIENTED_EDGE('',*,*,#3668,.F.);
#4901 = PLANE('',#4902);
#4902 = AXIS2_PLACEMENT_3D('',#4903,#4904,#4905);
#4903 = CARTESIAN_POINT('',(0.6,0.5468198,3.45));
#4904 = DIRECTION('',(0.,-0.859195209828,-0.511647917429));
#4905 = DIRECTION('',(0.,0.511647917429,-0.859195209828));
#4906 = ADVANCED_FACE('',(#4907),#4913,.F.);
#4907 = FACE_BOUND('',#4908,.F.);
#4908 = EDGE_LOOP('',(#4909,#4910,#4911,#4912));
#4909 = ORIENTED_EDGE('',*,*,#4895,.T.);
#4910 = ORIENTED_EDGE('',*,*,#3773,.T.);
#4911 = ORIENTED_EDGE('',*,*,#4524,.F.);
#4912 = ORIENTED_EDGE('',*,*,#3676,.F.);
#4913 = PLANE('',#4914);
#4914 = AXIS2_PLACEMENT_3D('',#4915,#4916,#4917);
#4915 = CARTESIAN_POINT('',(0.6,1.044,2.6151));
#4916 = DIRECTION('',(0.,0.,-1.));
#4917 = DIRECTION('',(0.,1.,0.));
#4918 = ADVANCED_FACE('',(#4919),#4930,.F.);
#4919 = FACE_BOUND('',#4920,.F.);
#4920 = EDGE_LOOP('',(#4921,#4922,#4923,#4929));
#4921 = ORIENTED_EDGE('',*,*,#3876,.T.);
#4922 = ORIENTED_EDGE('',*,*,#3930,.T.);
#4923 = ORIENTED_EDGE('',*,*,#4924,.F.);
#4924 = EDGE_CURVE('',#3834,#3931,#4925,.T.);
#4925 = LINE('',#4926,#4927);
#4926 = CARTESIAN_POINT('',(3.1,1.044,2.6151));
#4927 = VECTOR('',#4928,1.);
#4928 = DIRECTION('',(-1.,-0.,-0.));
#4929 = ORIENTED_EDGE('',*,*,#3833,.F.);
#4930 = PLANE('',#4931);
#4931 = AXIS2_PLACEMENT_3D('',#4932,#4933,#4934);
#4932 = CARTESIAN_POINT('',(3.1,0.5468198,3.45));
#4933 = DIRECTION('',(0.,-0.859195209828,-0.511647917429));
#4934 = DIRECTION('',(0.,0.511647917429,-0.859195209828));
#4935 = ADVANCED_FACE('',(#4936),#4942,.F.);
#4936 = FACE_BOUND('',#4937,.F.);
#4937 = EDGE_LOOP('',(#4938,#4939,#4940,#4941));
#4938 = ORIENTED_EDGE('',*,*,#4924,.T.);
#4939 = ORIENTED_EDGE('',*,*,#3938,.T.);
#4940 = ORIENTED_EDGE('',*,*,#4507,.F.);
#4941 = ORIENTED_EDGE('',*,*,#3841,.F.);
#4942 = PLANE('',#4943);
#4943 = AXIS2_PLACEMENT_3D('',#4944,#4945,#4946);
#4944 = CARTESIAN_POINT('',(3.1,1.044,2.6151));
#4945 = DIRECTION('',(0.,0.,-1.));
#4946 = DIRECTION('',(0.,1.,0.));
#4947 = ADVANCED_FACE('',(#4948),#4959,.F.);
#4948 = FACE_BOUND('',#4949,.F.);
#4949 = EDGE_LOOP('',(#4950,#4951,#4952,#4958));
#4950 = ORIENTED_EDGE('',*,*,#4041,.T.);
#4951 = ORIENTED_EDGE('',*,*,#4095,.T.);
#4952 = ORIENTED_EDGE('',*,*,#4953,.F.);
#4953 = EDGE_CURVE('',#3999,#4096,#4954,.T.);
#4954 = LINE('',#4955,#4956);
#4955 = CARTESIAN_POINT('',(5.6,1.044,2.6151));
#4956 = VECTOR('',#4957,1.);
#4957 = DIRECTION('',(-1.,-0.,-0.));
#4958 = ORIENTED_EDGE('',*,*,#3998,.F.);
#4959 = PLANE('',#4960);
#4960 = AXIS2_PLACEMENT_3D('',#4961,#4962,#4963);
#4961 = CARTESIAN_POINT('',(5.6,0.5468198,3.45));
#4962 = DIRECTION('',(0.,-0.859195209828,-0.511647917429));
#4963 = DIRECTION('',(0.,0.511647917429,-0.859195209828));
#4964 = ADVANCED_FACE('',(#4965),#4971,.F.);
#4965 = FACE_BOUND('',#4966,.F.);
#4966 = EDGE_LOOP('',(#4967,#4968,#4969,#4970));
#4967 = ORIENTED_EDGE('',*,*,#4953,.T.);
#4968 = ORIENTED_EDGE('',*,*,#4103,.T.);
#4969 = ORIENTED_EDGE('',*,*,#4490,.F.);
#4970 = ORIENTED_EDGE('',*,*,#4006,.F.);
#4971 = PLANE('',#4972);
#4972 = AXIS2_PLACEMENT_3D('',#4973,#4974,#4975);
#4973 = CARTESIAN_POINT('',(5.6,1.044,2.6151));
#4974 = DIRECTION('',(0.,0.,-1.));
#4975 = DIRECTION('',(0.,1.,0.));
#4976 = ADVANCED_FACE('',(#4977),#4988,.F.);
#4977 = FACE_BOUND('',#4978,.F.);
#4978 = EDGE_LOOP('',(#4979,#4980,#4981,#4987));
#4979 = ORIENTED_EDGE('',*,*,#4206,.T.);
#4980 = ORIENTED_EDGE('',*,*,#4260,.T.);
#4981 = ORIENTED_EDGE('',*,*,#4982,.F.);
#4982 = EDGE_CURVE('',#4164,#4261,#4983,.T.);
#4983 = LINE('',#4984,#4985);
#4984 = CARTESIAN_POINT('',(8.1,1.044,2.6151));
#4985 = VECTOR('',#4986,1.);
#4986 = DIRECTION('',(-1.,-0.,-0.));
#4987 = ORIENTED_EDGE('',*,*,#4163,.F.);
#4988 = PLANE('',#4989);
#4989 = AXIS2_PLACEMENT_3D('',#4990,#4991,#4992);
#4990 = CARTESIAN_POINT('',(8.1,0.5468198,3.45));
#4991 = DIRECTION('',(0.,-0.859195209828,-0.511647917429));
#4992 = DIRECTION('',(0.,0.511647917429,-0.859195209828));
#4993 = ADVANCED_FACE('',(#4994),#5000,.F.);
#4994 = FACE_BOUND('',#4995,.F.);
#4995 = EDGE_LOOP('',(#4996,#4997,#4998,#4999));
#4996 = ORIENTED_EDGE('',*,*,#4982,.T.);
#4997 = ORIENTED_EDGE('',*,*,#4268,.T.);
#4998 = ORIENTED_EDGE('',*,*,#4473,.F.);
#4999 = ORIENTED_EDGE('',*,*,#4171,.F.);
#5000 = PLANE('',#5001);
#5001 = AXIS2_PLACEMENT_3D('',#5002,#5003,#5004);
#5002 = CARTESIAN_POINT('',(8.1,1.044,2.6151));
#5003 = DIRECTION('',(0.,0.,-1.));
#5004 = DIRECTION('',(0.,1.,0.));
#5005 = ADVANCED_FACE('',(#5006),#5017,.F.);
#5006 = FACE_BOUND('',#5007,.F.);
#5007 = EDGE_LOOP('',(#5008,#5009,#5010,#5016));
#5008 = ORIENTED_EDGE('',*,*,#4371,.T.);
#5009 = ORIENTED_EDGE('',*,*,#4425,.T.);
#5010 = ORIENTED_EDGE('',*,*,#5011,.F.);
#5011 = EDGE_CURVE('',#4329,#4426,#5012,.T.);
#5012 = LINE('',#5013,#5014);
#5013 = CARTESIAN_POINT('',(10.6,1.044,2.6151));
#5014 = VECTOR('',#5015,1.);
#5015 = DIRECTION('',(-1.,-0.,-0.));
#5016 = ORIENTED_EDGE('',*,*,#4328,.F.);
#5017 = PLANE('',#5018);
#5018 = AXIS2_PLACEMENT_3D('',#5019,#5020,#5021);
#5019 = CARTESIAN_POINT('',(10.6,0.5468198,3.45));
#5020 = DIRECTION('',(0.,-0.859195209828,-0.511647917429));
#5021 = DIRECTION('',(0.,0.511647917429,-0.859195209828));
#5022 = ADVANCED_FACE('',(#5023),#5029,.F.);
#5023 = FACE_BOUND('',#5024,.F.);
#5024 = EDGE_LOOP('',(#5025,#5026,#5027,#5028));
#5025 = ORIENTED_EDGE('',*,*,#5011,.T.);
#5026 = ORIENTED_EDGE('',*,*,#4433,.T.);
#5027 = ORIENTED_EDGE('',*,*,#4456,.F.);
#5028 = ORIENTED_EDGE('',*,*,#4336,.F.);
#5029 = PLANE('',#5030);
#5030 = AXIS2_PLACEMENT_3D('',#5031,#5032,#5033);
#5031 = CARTESIAN_POINT('',(10.6,1.044,2.6151));
#5032 = DIRECTION('',(0.,0.,-1.));
#5033 = DIRECTION('',(0.,1.,0.));
#5034 = ( GEOMETRIC_REPRESENTATION_CONTEXT(3) 
GLOBAL_UNCERTAINTY_ASSIGNED_CONTEXT((#5038)) 
GLOBAL_UNIT_ASSIGNED_CONTEXT((#5035,#5036,#5037)) REPRESENTATION_CONTEXT
('Context #1','3D Context with UNIT and UNCERTAINTY') );
#5035 = ( LENGTH_UNIT() NAMED_UNIT(*) SI_UNIT(.MILLI.,.METRE.) );
#5036 = ( NAMED_UNIT(*) PLANE_ANGLE_UNIT() SI_UNIT($,.RADIAN.) );
#5037 = ( NAMED_UNIT(*) SI_UNIT($,.STERADIAN.) SOLID_ANGLE_UNIT() );
#5038 = UNCERTAINTY_MEASURE_WITH_UNIT(LENGTH_MEASURE(1.E-06),#5035,
  'distance_accuracy_value','confusion accuracy');
#5039 = CONTEXT_DEPENDENT_SHAPE_REPRESENTATION(#5040,#5042);
#5040 = ( REPRESENTATION_RELATIONSHIP('','',#36,#10) 
REPRESENTATION_RELATIONSHIP_WITH_TRANSFORMATION(#5041) 
SHAPE_REPRESENTATION_RELATIONSHIP() );
#5041 = ITEM_DEFINED_TRANSFORMATION('','',#11,#15);
#5042 = PRODUCT_DEFINITION_SHAPE('Placement','Placement of an item',
  #5043);
#5043 = NEXT_ASSEMBLY_USAGE_OCCURRENCE('118','Housing','',#5,#31,$);
#5044 = PRODUCT_RELATED_PRODUCT_CATEGORY('part',$,(#33));
#5045 = SHAPE_DEFINITION_REPRESENTATION(#5046,#5052);
#5046 = PRODUCT_DEFINITION_SHAPE('','',#5047);
#5047 = PRODUCT_DEFINITION('design','',#5048,#5051);
#5048 = PRODUCT_DEFINITION_FORMATION('','',#5049);
#5049 = PRODUCT('female_pin_array','female_pin_array','',(#5050));
#5050 = PRODUCT_CONTEXT('',#2,'mechanical');
#5051 = PRODUCT_DEFINITION_CONTEXT('part definition',#2,'design');
#5052 = SHAPE_REPRESENTATION('',(#11,#5053,#5057,#5061,#5065,#5069,#5073
    ),#5077);
#5053 = AXIS2_PLACEMENT_3D('',#5054,#5055,#5056);
#5054 = CARTESIAN_POINT('',(0.,0.,0.));
#5055 = DIRECTION('',(0.,0.,1.));
#5056 = DIRECTION('',(-1.,0.,0.));
#5057 = AXIS2_PLACEMENT_3D('',#5058,#5059,#5060);
#5058 = CARTESIAN_POINT('',(2.5,0.,0.));
#5059 = DIRECTION('',(0.,0.,1.));
#5060 = DIRECTION('',(-1.,1.224646799147E-16,0.));
#5061 = AXIS2_PLACEMENT_3D('',#5062,#5063,#5064);
#5062 = CARTESIAN_POINT('',(5.,0.,0.));
#5063 = DIRECTION('',(0.,0.,1.));
#5064 = DIRECTION('',(-1.,1.224646799147E-16,0.));
#5065 = AXIS2_PLACEMENT_3D('',#5066,#5067,#5068);
#5066 = CARTESIAN_POINT('',(7.5,0.,0.));
#5067 = DIRECTION('',(0.,0.,1.));
#5068 = DIRECTION('',(-1.,1.224646799147E-16,0.));
#5069 = AXIS2_PLACEMENT_3D('',#5070,#5071,#5072);
#5070 = CARTESIAN_POINT('',(10.,0.,0.));
#5071 = DIRECTION('',(0.,0.,1.));
#5072 = DIRECTION('',(-1.,1.224646799147E-16,0.));
#5073 = AXIS2_PLACEMENT_3D('',#5074,#5075,#5076);
#5074 = CARTESIAN_POINT('',(12.5,0.,0.));
#5075 = DIRECTION('',(0.,0.,1.));
#5076 = DIRECTION('',(-1.,1.224646799147E-16,0.));
#5077 = ( GEOMETRIC_REPRESENTATION_CONTEXT(3) 
GLOBAL_UNCERTAINTY_ASSIGNED_CONTEXT((#5081)) 
GLOBAL_UNIT_ASSIGNED_CONTEXT((#5078,#5079,#5080)) REPRESENTATION_CONTEXT
('Context #1','3D Context with UNIT and UNCERTAINTY') );
#5078 = ( LENGTH_UNIT() NAMED_UNIT(*) SI_UNIT(.MILLI.,.METRE.) );
#5079 = ( NAMED_UNIT(*) PLANE_ANGLE_UNIT() SI_UNIT($,.RADIAN.) );
#5080 = ( NAMED_UNIT(*) SI_UNIT($,.STERADIAN.) SOLID_ANGLE_UNIT() );
#5081 = UNCERTAINTY_MEASURE_WITH_UNIT(LENGTH_MEASURE(1.E-07),#5078,
  'distance_accuracy_value','confusion accuracy');
#5082 = CONTEXT_DEPENDENT_SHAPE_REPRESENTATION(#5083,#5085);
#5083 = ( REPRESENTATION_RELATIONSHIP('','',#5052,#10) 
REPRESENTATION_RELATIONSHIP_WITH_TRANSFORMATION(#5084) 
SHAPE_REPRESENTATION_RELATIONSHIP() );
#5084 = ITEM_DEFINED_TRANSFORMATION('','',#11,#19);
#5085 = PRODUCT_DEFINITION_SHAPE('Placement','Placement of an item',
  #5086);
#5086 = NEXT_ASSEMBLY_USAGE_OCCURRENCE('125','female_pin_array','',#5,
  #5047,$);
#5087 = PRODUCT_RELATED_PRODUCT_CATEGORY('part',$,(#5049));
#5088 = SHAPE_DEFINITION_REPRESENTATION(#5089,#5095);
#5089 = PRODUCT_DEFINITION_SHAPE('','',#5090);
#5090 = PRODUCT_DEFINITION('design','',#5091,#5094);
#5091 = PRODUCT_DEFINITION_FORMATION('','',#5092);
#5092 = PRODUCT('modele_pin','modele_pin','',(#5093));
#5093 = PRODUCT_CONTEXT('',#2,'mechanical');
#5094 = PRODUCT_DEFINITION_CONTEXT('part definition',#2,'design');
#5095 = ADVANCED_BREP_SHAPE_REPRESENTATION('',(#11,#5096),#6702);
#5096 = MANIFOLD_SOLID_BREP('',#5097);
#5097 = CLOSED_SHELL('',(#5098,#5170,#5233,#5257,#5274,#5330,#5407,#5424
    ,#5465,#5534,#5563,#5581,#5609,#5658,#5770,#5793,#5929,#5946,#5978,
    #5994,#6016,#6048,#6065,#6088,#6104,#6121,#6138,#6155,#6190,#6207,
    #6224,#6241,#6253,#6270,#6287,#6304,#6321,#6333,#6427,#6454,#6540,
    #6554,#6571,#6588,#6605,#6622,#6639,#6656,#6673,#6690));
#5098 = ADVANCED_FACE('',(#5099),#5165,.T.);
#5099 = FACE_BOUND('',#5100,.T.);
#5100 = EDGE_LOOP('',(#5101,#5111,#5119,#5127,#5135,#5143,#5151,#5159));
#5101 = ORIENTED_EDGE('',*,*,#5102,.F.);
#5102 = EDGE_CURVE('',#5103,#5105,#5107,.T.);
#5103 = VERTEX_POINT('',#5104);
#5104 = CARTESIAN_POINT('',(-0.4,1.666761426375,8.95));
#5105 = VERTEX_POINT('',#5106);
#5106 = CARTESIAN_POINT('',(-0.4,1.666761426375,5.45));
#5107 = LINE('',#5108,#5109);
#5108 = CARTESIAN_POINT('',(-0.4,1.666761426375,9.45));
#5109 = VECTOR('',#5110,1.);
#5110 = DIRECTION('',(0.,0.,-1.));
#5111 = ORIENTED_EDGE('',*,*,#5112,.F.);
#5112 = EDGE_CURVE('',#5113,#5103,#5115,.T.);
#5113 = VERTEX_POINT('',#5114);
#5114 = CARTESIAN_POINT('',(0.4,1.666761426375,8.95));
#5115 = LINE('',#5116,#5117);
#5116 = CARTESIAN_POINT('',(0.4,1.666761426375,8.95));
#5117 = VECTOR('',#5118,1.);
#5118 = DIRECTION('',(-1.,0.,0.));
#5119 = ORIENTED_EDGE('',*,*,#5120,.T.);
#5120 = EDGE_CURVE('',#5113,#5121,#5123,.T.);
#5121 = VERTEX_POINT('',#5122);
#5122 = CARTESIAN_POINT('',(0.4,1.666761426375,5.45));
#5123 = LINE('',#5124,#5125);
#5124 = CARTESIAN_POINT('',(0.4,1.666761426375,9.45));
#5125 = VECTOR('',#5126,1.);
#5126 = DIRECTION('',(0.,0.,-1.));
#5127 = ORIENTED_EDGE('',*,*,#5128,.T.);
#5128 = EDGE_CURVE('',#5121,#5129,#5131,.T.);
#5129 = VERTEX_POINT('',#5130);
#5130 = CARTESIAN_POINT('',(0.32,1.666761426375,5.45));
#5131 = LINE('',#5132,#5133);
#5132 = CARTESIAN_POINT('',(0.4,1.666761426375,5.45));
#5133 = VECTOR('',#5134,1.);
#5134 = DIRECTION('',(-1.,0.,0.));
#5135 = ORIENTED_EDGE('',*,*,#5136,.F.);
#5136 = EDGE_CURVE('',#5137,#5129,#5139,.T.);
#5137 = VERTEX_POINT('',#5138);
#5138 = CARTESIAN_POINT('',(0.32,1.666761426375,4.290239673918));
#5139 = LINE('',#5140,#5141);
#5140 = CARTESIAN_POINT('',(0.32,1.666761426375,3.45));
#5141 = VECTOR('',#5142,1.);
#5142 = DIRECTION('',(0.,0.,1.));
#5143 = ORIENTED_EDGE('',*,*,#5144,.T.);
#5144 = EDGE_CURVE('',#5137,#5145,#5147,.T.);
#5145 = VERTEX_POINT('',#5146);
#5146 = CARTESIAN_POINT('',(-0.32,1.666761426375,4.290239673918));
#5147 = LINE('',#5148,#5149);
#5148 = CARTESIAN_POINT('',(0.36,1.666761426375,4.290239673918));
#5149 = VECTOR('',#5150,1.);
#5150 = DIRECTION('',(-1.,0.,0.));
#5151 = ORIENTED_EDGE('',*,*,#5152,.T.);
#5152 = EDGE_CURVE('',#5145,#5153,#5155,.T.);
#5153 = VERTEX_POINT('',#5154);
#5154 = CARTESIAN_POINT('',(-0.32,1.666761426375,5.45));
#5155 = LINE('',#5156,#5157);
#5156 = CARTESIAN_POINT('',(-0.32,1.666761426375,3.45));
#5157 = VECTOR('',#5158,1.);
#5158 = DIRECTION('',(0.,0.,1.));
#5159 = ORIENTED_EDGE('',*,*,#5160,.T.);
#5160 = EDGE_CURVE('',#5153,#5105,#5161,.T.);
#5161 = LINE('',#5162,#5163);
#5162 = CARTESIAN_POINT('',(0.4,1.666761426375,5.45));
#5163 = VECTOR('',#5164,1.);
#5164 = DIRECTION('',(-1.,0.,0.));
#5165 = PLANE('',#5166);
#5166 = AXIS2_PLACEMENT_3D('',#5167,#5168,#5169);
#5167 = CARTESIAN_POINT('',(-2.E-17,1.666761426375,6.885687715701));
#5168 = DIRECTION('',(0.,1.,-0.));
#5169 = DIRECTION('',(0.,-0.,-1.));
#5170 = ADVANCED_FACE('',(#5171),#5228,.T.);
#5171 = FACE_BOUND('',#5172,.T.);
#5172 = EDGE_LOOP('',(#5173,#5183,#5189,#5190,#5198,#5206,#5214,#5222));
#5173 = ORIENTED_EDGE('',*,*,#5174,.F.);
#5174 = EDGE_CURVE('',#5175,#5177,#5179,.T.);
#5175 = VERTEX_POINT('',#5176);
#5176 = CARTESIAN_POINT('',(-0.4,1.166761426375,9.45));
#5177 = VERTEX_POINT('',#5178);
#5178 = CARTESIAN_POINT('',(-0.399999999992,1.059064000007,9.45));
#5179 = LINE('',#5180,#5181);
#5180 = CARTESIAN_POINT('',(-0.4,1.40352285275,9.45));
#5181 = VECTOR('',#5182,1.);
#5182 = DIRECTION('',(0.,-1.,0.));
#5183 = ORIENTED_EDGE('',*,*,#5184,.F.);
#5184 = EDGE_CURVE('',#5103,#5175,#5185,.T.);
#5185 = LINE('',#5186,#5187);
#5186 = CARTESIAN_POINT('',(-0.400000000002,1.840799248077,
    8.775962178298));
#5187 = VECTOR('',#5188,1.);
#5188 = DIRECTION('',(7.27868E-12,-0.707106781187,0.707106781187));
#5189 = ORIENTED_EDGE('',*,*,#5102,.T.);
#5190 = ORIENTED_EDGE('',*,*,#5191,.T.);
#5191 = EDGE_CURVE('',#5105,#5192,#5194,.T.);
#5192 = VERTEX_POINT('',#5193);
#5193 = CARTESIAN_POINT('',(-0.4,1.66185757311,5.45));
#5194 = LINE('',#5195,#5196);
#5195 = CARTESIAN_POINT('',(-0.4,1.666761426375,5.45));
#5196 = VECTOR('',#5197,1.);
#5197 = DIRECTION('',(0.,-1.,0.));
#5198 = ORIENTED_EDGE('',*,*,#5199,.T.);
#5199 = EDGE_CURVE('',#5192,#5200,#5202,.T.);
#5200 = VERTEX_POINT('',#5201);
#5201 = CARTESIAN_POINT('',(-0.4,1.40352285275,5.45));
#5202 = LINE('',#5203,#5204);
#5203 = CARTESIAN_POINT('',(-0.4,1.666761426375,5.45));
#5204 = VECTOR('',#5205,1.);
#5205 = DIRECTION('',(0.,-1.,0.));
#5206 = ORIENTED_EDGE('',*,*,#5207,.T.);
#5207 = EDGE_CURVE('',#5200,#5208,#5210,.T.);
#5208 = VERTEX_POINT('',#5209);
#5209 = CARTESIAN_POINT('',(-0.4,1.40352285275,7.45));
#5210 = LINE('',#5211,#5212);
#5211 = CARTESIAN_POINT('',(-0.4,1.40352285275,5.45));
#5212 = VECTOR('',#5213,1.);
#5213 = DIRECTION('',(0.,0.,1.));
#5214 = ORIENTED_EDGE('',*,*,#5215,.T.);
#5215 = EDGE_CURVE('',#5208,#5216,#5218,.T.);
#5216 = VERTEX_POINT('',#5217);
#5217 = CARTESIAN_POINT('',(-0.399999999992,1.059064000007,7.45));
#5218 = LINE('',#5219,#5220);
#5219 = CARTESIAN_POINT('',(-0.4,1.40352285275,7.45));
#5220 = VECTOR('',#5221,1.);
#5221 = DIRECTION('',(0.,-1.,0.));
#5222 = ORIENTED_EDGE('',*,*,#5223,.F.);
#5223 = EDGE_CURVE('',#5177,#5216,#5224,.T.);
#5224 = LINE('',#5225,#5226);
#5225 = CARTESIAN_POINT('',(-0.399999999992,1.059064000007,9.45));
#5226 = VECTOR('',#5227,1.);
#5227 = DIRECTION('',(0.,0.,-1.));
#5228 = PLANE('',#5229);
#5229 = AXIS2_PLACEMENT_3D('',#5230,#5231,#5232);
#5230 = CARTESIAN_POINT('',(-0.399999999998,1.43766997715,7.524757263958
    ));
#5231 = DIRECTION('',(-1.,-1.007779E-11,2.1583E-13));
#5232 = DIRECTION('',(1.007779E-11,-1.,0.));
#5233 = ADVANCED_FACE('',(#5234),#5252,.T.);
#5234 = FACE_BOUND('',#5235,.T.);
#5235 = EDGE_LOOP('',(#5236,#5244,#5245,#5246));
#5236 = ORIENTED_EDGE('',*,*,#5237,.F.);
#5237 = EDGE_CURVE('',#5113,#5238,#5240,.T.);
#5238 = VERTEX_POINT('',#5239);
#5239 = CARTESIAN_POINT('',(0.4,1.166761426375,9.45));
#5240 = LINE('',#5241,#5242);
#5241 = CARTESIAN_POINT('',(0.4,1.840799248078,8.775962178297));
#5242 = VECTOR('',#5243,1.);
#5243 = DIRECTION('',(4.8E-16,-0.707106781187,0.707106781187));
#5244 = ORIENTED_EDGE('',*,*,#5112,.T.);
#5245 = ORIENTED_EDGE('',*,*,#5184,.T.);
#5246 = ORIENTED_EDGE('',*,*,#5247,.F.);
#5247 = EDGE_CURVE('',#5238,#5175,#5248,.T.);
#5248 = LINE('',#5249,#5250);
#5249 = CARTESIAN_POINT('',(0.4,1.166761426375,9.45));
#5250 = VECTOR('',#5251,1.);
#5251 = DIRECTION('',(-1.,0.,0.));
#5252 = PLANE('',#5253);
#5253 = AXIS2_PLACEMENT_3D('',#5254,#5255,#5256);
#5254 = CARTESIAN_POINT('',(0.4,1.416761426375,9.2));
#5255 = DIRECTION('',(0.,0.707106781187,0.707106781187));
#5256 = DIRECTION('',(-1.,0.,0.));
#5257 = ADVANCED_FACE('',(#5258),#5269,.F.);
#5258 = FACE_BOUND('',#5259,.F.);
#5259 = EDGE_LOOP('',(#5260,#5267,#5268));
#5260 = ORIENTED_EDGE('',*,*,#5261,.F.);
#5261 = EDGE_CURVE('',#5153,#5192,#5262,.T.);
#5262 = CIRCLE('',#5263,0.655);
#5263 = AXIS2_PLACEMENT_3D('',#5264,#5265,#5266);
#5264 = CARTESIAN_POINT('',(-0.32,1.011761426375,5.45));
#5265 = DIRECTION('',(0.,0.,1.));
#5266 = DIRECTION('',(-1.,0.,0.));
#5267 = ORIENTED_EDGE('',*,*,#5160,.T.);
#5268 = ORIENTED_EDGE('',*,*,#5191,.T.);
#5269 = PLANE('',#5270);
#5270 = AXIS2_PLACEMENT_3D('',#5271,#5272,#5273);
#5271 = CARTESIAN_POINT('',(0.4,1.666761426375,5.45));
#5272 = DIRECTION('',(0.,0.,1.));
#5273 = DIRECTION('',(0.,-1.,0.));
#5274 = ADVANCED_FACE('',(#5275),#5325,.T.);
#5275 = FACE_BOUND('',#5276,.T.);
#5276 = EDGE_LOOP('',(#5277,#5278,#5279,#5287,#5295,#5303,#5311,#5319));
#5277 = ORIENTED_EDGE('',*,*,#5120,.F.);
#5278 = ORIENTED_EDGE('',*,*,#5237,.T.);
#5279 = ORIENTED_EDGE('',*,*,#5280,.F.);
#5280 = EDGE_CURVE('',#5281,#5238,#5283,.T.);
#5281 = VERTEX_POINT('',#5282);
#5282 = CARTESIAN_POINT('',(0.4,1.059064,9.45));
#5283 = LINE('',#5284,#5285);
#5284 = CARTESIAN_POINT('',(0.4,1.40352285275,9.45));
#5285 = VECTOR('',#5286,1.);
#5286 = DIRECTION('',(0.,1.,0.));
#5287 = ORIENTED_EDGE('',*,*,#5288,.T.);
#5288 = EDGE_CURVE('',#5281,#5289,#5291,.T.);
#5289 = VERTEX_POINT('',#5290);
#5290 = CARTESIAN_POINT('',(0.4,1.059064,7.45));
#5291 = LINE('',#5292,#5293);
#5292 = CARTESIAN_POINT('',(0.4,1.059064,9.45));
#5293 = VECTOR('',#5294,1.);
#5294 = DIRECTION('',(0.,0.,-1.));
#5295 = ORIENTED_EDGE('',*,*,#5296,.F.);
#5296 = EDGE_CURVE('',#5297,#5289,#5299,.T.);
#5297 = VERTEX_POINT('',#5298);
#5298 = CARTESIAN_POINT('',(0.4,1.40352285275,7.45));
#5299 = LINE('',#5300,#5301);
#5300 = CARTESIAN_POINT('',(0.4,1.40352285275,7.45));
#5301 = VECTOR('',#5302,1.);
#5302 = DIRECTION('',(0.,-1.,0.));
#5303 = ORIENTED_EDGE('',*,*,#5304,.F.);
#5304 = EDGE_CURVE('',#5305,#5297,#5307,.T.);
#5305 = VERTEX_POINT('',#5306);
#5306 = CARTESIAN_POINT('',(0.4,1.40352285275,5.45));
#5307 = LINE('',#5308,#5309);
#5308 = CARTESIAN_POINT('',(0.4,1.40352285275,5.45));
#5309 = VECTOR('',#5310,1.);
#5310 = DIRECTION('',(0.,0.,1.));
#5311 = ORIENTED_EDGE('',*,*,#5312,.F.);
#5312 = EDGE_CURVE('',#5313,#5305,#5315,.T.);
#5313 = VERTEX_POINT('',#5314);
#5314 = CARTESIAN_POINT('',(0.4,1.66185757311,5.45));
#5315 = LINE('',#5316,#5317);
#5316 = CARTESIAN_POINT('',(0.4,1.666761426375,5.45));
#5317 = VECTOR('',#5318,1.);
#5318 = DIRECTION('',(0.,-1.,0.));
#5319 = ORIENTED_EDGE('',*,*,#5320,.F.);
#5320 = EDGE_CURVE('',#5121,#5313,#5321,.T.);
#5321 = LINE('',#5322,#5323);
#5322 = CARTESIAN_POINT('',(0.4,1.666761426375,5.45));
#5323 = VECTOR('',#5324,1.);
#5324 = DIRECTION('',(0.,-1.,0.));
#5325 = PLANE('',#5326);
#5326 = AXIS2_PLACEMENT_3D('',#5327,#5328,#5329);
#5327 = CARTESIAN_POINT('',(0.4,1.437669977147,7.52475726396));
#5328 = DIRECTION('',(1.,6.8E-16,-0.));
#5329 = DIRECTION('',(-6.8E-16,1.,0.));
#5330 = ADVANCED_FACE('',(#5331),#5402,.T.);
#5331 = FACE_BOUND('',#5332,.T.);
#5332 = EDGE_LOOP('',(#5333,#5344,#5352,#5359,#5360,#5361,#5370,#5378,
    #5387,#5395));
#5333 = ORIENTED_EDGE('',*,*,#5334,.T.);
#5334 = EDGE_CURVE('',#5335,#5337,#5339,.T.);
#5335 = VERTEX_POINT('',#5336);
#5336 = CARTESIAN_POINT('',(-0.4,1.66185757311,3.45));
#5337 = VERTEX_POINT('',#5338);
#5338 = CARTESIAN_POINT('',(-0.975,1.011761426375,3.45));
#5339 = CIRCLE('',#5340,0.655);
#5340 = AXIS2_PLACEMENT_3D('',#5341,#5342,#5343);
#5341 = CARTESIAN_POINT('',(-0.32,1.011761426375,3.45));
#5342 = DIRECTION('',(0.,0.,1.));
#5343 = DIRECTION('',(-1.,0.,0.));
#5344 = ORIENTED_EDGE('',*,*,#5345,.T.);
#5345 = EDGE_CURVE('',#5337,#5346,#5348,.T.);
#5346 = VERTEX_POINT('',#5347);
#5347 = CARTESIAN_POINT('',(-0.975,1.011761426375,5.45));
#5348 = LINE('',#5349,#5350);
#5349 = CARTESIAN_POINT('',(-0.975,1.011761426375,3.45));
#5350 = VECTOR('',#5351,1.);
#5351 = DIRECTION('',(0.,0.,1.));
#5352 = ORIENTED_EDGE('',*,*,#5353,.F.);
#5353 = EDGE_CURVE('',#5192,#5346,#5354,.T.);
#5354 = CIRCLE('',#5355,0.655);
#5355 = AXIS2_PLACEMENT_3D('',#5356,#5357,#5358);
#5356 = CARTESIAN_POINT('',(-0.32,1.011761426375,5.45));
#5357 = DIRECTION('',(0.,0.,1.));
#5358 = DIRECTION('',(-1.,0.,0.));
#5359 = ORIENTED_EDGE('',*,*,#5261,.F.);
#5360 = ORIENTED_EDGE('',*,*,#5152,.F.);
#5361 = ORIENTED_EDGE('',*,*,#5362,.T.);
#5362 = EDGE_CURVE('',#5145,#5363,#5365,.T.);
#5363 = VERTEX_POINT('',#5364);
#5364 = CARTESIAN_POINT('',(-0.4,1.66185757311,4.280460298822));
#5365 = ELLIPSE('',#5366,1.461240827122,0.655);
#5366 = AXIS2_PLACEMENT_3D('',#5367,#5368,#5369);
#5367 = CARTESIAN_POINT('',(-0.32,1.011761426375,2.984023859112));
#5368 = DIRECTION('',(0.,-0.8939086498,0.448249178262));
#5369 = DIRECTION('',(0.,-0.448249178262,-0.8939086498));
#5370 = ORIENTED_EDGE('',*,*,#5371,.T.);
#5371 = EDGE_CURVE('',#5363,#5372,#5374,.T.);
#5372 = VERTEX_POINT('',#5373);
#5373 = CARTESIAN_POINT('',(-0.4,1.66185757311,3.73312462235));
#5374 = LINE('',#5375,#5376);
#5375 = CARTESIAN_POINT('',(-0.4,1.66185757311,3.45));
#5376 = VECTOR('',#5377,1.);
#5377 = DIRECTION('',(0.,0.,-1.));
#5378 = ORIENTED_EDGE('',*,*,#5379,.T.);
#5379 = EDGE_CURVE('',#5372,#5380,#5382,.T.);
#5380 = VERTEX_POINT('',#5381);
#5381 = CARTESIAN_POINT('',(-0.32,1.666761426375,3.732514167383));
#5382 = ELLIPSE('',#5383,0.660055578089,0.655);
#5383 = AXIS2_PLACEMENT_3D('',#5384,#5385,#5386);
#5384 = CARTESIAN_POINT('',(-0.32,1.011761426375,3.814051681241));
#5385 = DIRECTION('',(0.,-0.12353128519,-0.992340678184));
#5386 = DIRECTION('',(-0.,0.992340678184,-0.12353128519));
#5387 = ORIENTED_EDGE('',*,*,#5388,.F.);
#5388 = EDGE_CURVE('',#5389,#5380,#5391,.T.);
#5389 = VERTEX_POINT('',#5390);
#5390 = CARTESIAN_POINT('',(-0.32,1.666761426375,3.45));
#5391 = LINE('',#5392,#5393);
#5392 = CARTESIAN_POINT('',(-0.32,1.666761426375,3.45));
#5393 = VECTOR('',#5394,1.);
#5394 = DIRECTION('',(0.,0.,1.));
#5395 = ORIENTED_EDGE('',*,*,#5396,.T.);
#5396 = EDGE_CURVE('',#5389,#5335,#5397,.T.);
#5397 = CIRCLE('',#5398,0.655);
#5398 = AXIS2_PLACEMENT_3D('',#5399,#5400,#5401);
#5399 = CARTESIAN_POINT('',(-0.32,1.011761426375,3.45));
#5400 = DIRECTION('',(0.,0.,1.));
#5401 = DIRECTION('',(-1.,0.,0.));
#5402 = CYLINDRICAL_SURFACE('',#5403,0.655);
#5403 = AXIS2_PLACEMENT_3D('',#5404,#5405,#5406);
#5404 = CARTESIAN_POINT('',(-0.32,1.011761426375,3.45));
#5405 = DIRECTION('',(0.,0.,-1.));
#5406 = DIRECTION('',(-1.,0.,0.));
#5407 = ADVANCED_FACE('',(#5408),#5419,.F.);
#5408 = FACE_BOUND('',#5409,.F.);
#5409 = EDGE_LOOP('',(#5410,#5411,#5412));
#5410 = ORIENTED_EDGE('',*,*,#5320,.F.);
#5411 = ORIENTED_EDGE('',*,*,#5128,.T.);
#5412 = ORIENTED_EDGE('',*,*,#5413,.F.);
#5413 = EDGE_CURVE('',#5313,#5129,#5414,.T.);
#5414 = CIRCLE('',#5415,0.655);
#5415 = AXIS2_PLACEMENT_3D('',#5416,#5417,#5418);
#5416 = CARTESIAN_POINT('',(0.32,1.011761426375,5.45));
#5417 = DIRECTION('',(0.,0.,1.));
#5418 = DIRECTION('',(-1.,0.,0.));
#5419 = PLANE('',#5420);
#5420 = AXIS2_PLACEMENT_3D('',#5421,#5422,#5423);
#5421 = CARTESIAN_POINT('',(0.4,1.666761426375,5.45));
#5422 = DIRECTION('',(0.,0.,1.));
#5423 = DIRECTION('',(0.,-1.,0.));
#5424 = ADVANCED_FACE('',(#5425),#5460,.T.);
#5425 = FACE_BOUND('',#5426,.T.);
#5426 = EDGE_LOOP('',(#5427,#5437,#5445,#5451,#5452,#5453));
#5427 = ORIENTED_EDGE('',*,*,#5428,.F.);
#5428 = EDGE_CURVE('',#5429,#5431,#5433,.T.);
#5429 = VERTEX_POINT('',#5430);
#5430 = CARTESIAN_POINT('',(0.4,2.143284263925,5.240532294565));
#5431 = VERTEX_POINT('',#5432);
#5432 = CARTESIAN_POINT('',(0.4,1.66185757311,4.280460298822));
#5433 = LINE('',#5434,#5435);
#5434 = CARTESIAN_POINT('',(0.4,2.143284263925,5.240532294565));
#5435 = VECTOR('',#5436,1.);
#5436 = DIRECTION('',(0.,-0.448249178262,-0.8939086498));
#5437 = ORIENTED_EDGE('',*,*,#5438,.T.);
#5438 = EDGE_CURVE('',#5429,#5439,#5441,.T.);
#5439 = VERTEX_POINT('',#5440);
#5440 = CARTESIAN_POINT('',(-0.4,2.143284263925,5.240532294565));
#5441 = LINE('',#5442,#5443);
#5442 = CARTESIAN_POINT('',(0.4,2.143284263925,5.240532294565));
#5443 = VECTOR('',#5444,1.);
#5444 = DIRECTION('',(-1.,0.,0.));
#5445 = ORIENTED_EDGE('',*,*,#5446,.T.);
#5446 = EDGE_CURVE('',#5439,#5363,#5447,.T.);
#5447 = LINE('',#5448,#5449);
#5448 = CARTESIAN_POINT('',(-0.4,2.143284263925,5.240532294565));
#5449 = VECTOR('',#5450,1.);
#5450 = DIRECTION('',(0.,-0.448249178262,-0.8939086498));
#5451 = ORIENTED_EDGE('',*,*,#5362,.F.);
#5452 = ORIENTED_EDGE('',*,*,#5144,.F.);
#5453 = ORIENTED_EDGE('',*,*,#5454,.F.);
#5454 = EDGE_CURVE('',#5431,#5137,#5455,.T.);
#5455 = ELLIPSE('',#5456,1.461240827122,0.655);
#5456 = AXIS2_PLACEMENT_3D('',#5457,#5458,#5459);
#5457 = CARTESIAN_POINT('',(0.32,1.011761426375,2.984023859112));
#5458 = DIRECTION('',(0.,-0.8939086498,0.448249178262));
#5459 = DIRECTION('',(0.,-0.448249178262,-0.8939086498));
#5460 = PLANE('',#5461);
#5461 = AXIS2_PLACEMENT_3D('',#5462,#5463,#5464);
#5462 = CARTESIAN_POINT('',(0.4,2.143284263925,5.240532294565));
#5463 = DIRECTION('',(0.,-0.8939086498,0.448249178262));
#5464 = DIRECTION('',(0.,-0.448249178262,-0.8939086498));
#5465 = ADVANCED_FACE('',(#5466),#5529,.T.);
#5466 = FACE_BOUND('',#5467,.T.);
#5467 = EDGE_LOOP('',(#5468,#5479,#5487,#5496,#5502,#5503,#5504,#5505,
    #5514,#5522));
#5468 = ORIENTED_EDGE('',*,*,#5469,.T.);
#5469 = EDGE_CURVE('',#5470,#5472,#5474,.T.);
#5470 = VERTEX_POINT('',#5471);
#5471 = CARTESIAN_POINT('',(0.4,1.66185757311,3.45));
#5472 = VERTEX_POINT('',#5473);
#5473 = CARTESIAN_POINT('',(0.32,1.666761426375,3.45));
#5474 = CIRCLE('',#5475,0.655);
#5475 = AXIS2_PLACEMENT_3D('',#5476,#5477,#5478);
#5476 = CARTESIAN_POINT('',(0.32,1.011761426375,3.45));
#5477 = DIRECTION('',(0.,0.,1.));
#5478 = DIRECTION('',(-1.,0.,0.));
#5479 = ORIENTED_EDGE('',*,*,#5480,.T.);
#5480 = EDGE_CURVE('',#5472,#5481,#5483,.T.);
#5481 = VERTEX_POINT('',#5482);
#5482 = CARTESIAN_POINT('',(0.32,1.666761426375,3.732514167383));
#5483 = LINE('',#5484,#5485);
#5484 = CARTESIAN_POINT('',(0.32,1.666761426375,3.45));
#5485 = VECTOR('',#5486,1.);
#5486 = DIRECTION('',(0.,0.,1.));
#5487 = ORIENTED_EDGE('',*,*,#5488,.T.);
#5488 = EDGE_CURVE('',#5481,#5489,#5491,.T.);
#5489 = VERTEX_POINT('',#5490);
#5490 = CARTESIAN_POINT('',(0.4,1.66185757311,3.73312462235));
#5491 = ELLIPSE('',#5492,0.660055578089,0.655);
#5492 = AXIS2_PLACEMENT_3D('',#5493,#5494,#5495);
#5493 = CARTESIAN_POINT('',(0.32,1.011761426375,3.814051681241));
#5494 = DIRECTION('',(0.,-0.12353128519,-0.992340678184));
#5495 = DIRECTION('',(-0.,0.992340678184,-0.12353128519));
#5496 = ORIENTED_EDGE('',*,*,#5497,.F.);
#5497 = EDGE_CURVE('',#5431,#5489,#5498,.T.);
#5498 = LINE('',#5499,#5500);
#5499 = CARTESIAN_POINT('',(0.4,1.66185757311,3.45));
#5500 = VECTOR('',#5501,1.);
#5501 = DIRECTION('',(0.,0.,-1.));
#5502 = ORIENTED_EDGE('',*,*,#5454,.T.);
#5503 = ORIENTED_EDGE('',*,*,#5136,.T.);
#5504 = ORIENTED_EDGE('',*,*,#5413,.F.);
#5505 = ORIENTED_EDGE('',*,*,#5506,.F.);
#5506 = EDGE_CURVE('',#5507,#5313,#5509,.T.);
#5507 = VERTEX_POINT('',#5508);
#5508 = CARTESIAN_POINT('',(0.975,1.011761426375,5.45));
#5509 = CIRCLE('',#5510,0.655);
#5510 = AXIS2_PLACEMENT_3D('',#5511,#5512,#5513);
#5511 = CARTESIAN_POINT('',(0.32,1.011761426375,5.45));
#5512 = DIRECTION('',(0.,0.,1.));
#5513 = DIRECTION('',(-1.,0.,0.));
#5514 = ORIENTED_EDGE('',*,*,#5515,.F.);
#5515 = EDGE_CURVE('',#5516,#5507,#5518,.T.);
#5516 = VERTEX_POINT('',#5517);
#5517 = CARTESIAN_POINT('',(0.975,1.011761426375,3.45));
#5518 = LINE('',#5519,#5520);
#5519 = CARTESIAN_POINT('',(0.975,1.011761426375,3.45));
#5520 = VECTOR('',#5521,1.);
#5521 = DIRECTION('',(0.,0.,1.));
#5522 = ORIENTED_EDGE('',*,*,#5523,.T.);
#5523 = EDGE_CURVE('',#5516,#5470,#5524,.T.);
#5524 = CIRCLE('',#5525,0.655);
#5525 = AXIS2_PLACEMENT_3D('',#5526,#5527,#5528);
#5526 = CARTESIAN_POINT('',(0.32,1.011761426375,3.45));
#5527 = DIRECTION('',(0.,0.,1.));
#5528 = DIRECTION('',(-1.,0.,0.));
#5529 = CYLINDRICAL_SURFACE('',#5530,0.655);
#5530 = AXIS2_PLACEMENT_3D('',#5531,#5532,#5533);
#5531 = CARTESIAN_POINT('',(0.32,1.011761426375,3.45));
#5532 = DIRECTION('',(0.,0.,-1.));
#5533 = DIRECTION('',(-1.,0.,0.));
#5534 = ADVANCED_FACE('',(#5535,#5547),#5558,.T.);
#5535 = FACE_BOUND('',#5536,.T.);
#5536 = EDGE_LOOP('',(#5537,#5538,#5545,#5546));
#5537 = ORIENTED_EDGE('',*,*,#5174,.T.);
#5538 = ORIENTED_EDGE('',*,*,#5539,.T.);
#5539 = EDGE_CURVE('',#5177,#5281,#5540,.T.);
#5540 = CIRCLE('',#5541,0.974707300937);
#5541 = AXIS2_PLACEMENT_3D('',#5542,#5543,#5544);
#5542 = CARTESIAN_POINT('',(-2.E-17,0.170214,9.45));
#5543 = DIRECTION('',(0.,0.,1.));
#5544 = DIRECTION('',(-1.,0.,0.));
#5545 = ORIENTED_EDGE('',*,*,#5280,.T.);
#5546 = ORIENTED_EDGE('',*,*,#5247,.T.);
#5547 = FACE_BOUND('',#5548,.T.);
#5548 = EDGE_LOOP('',(#5549));
#5549 = ORIENTED_EDGE('',*,*,#5550,.F.);
#5550 = EDGE_CURVE('',#5551,#5551,#5553,.T.);
#5551 = VERTEX_POINT('',#5552);
#5552 = CARTESIAN_POINT('',(-0.698564,0.170214,9.45));
#5553 = CIRCLE('',#5554,0.698564);
#5554 = AXIS2_PLACEMENT_3D('',#5555,#5556,#5557);
#5555 = CARTESIAN_POINT('',(-2.E-17,0.170214,9.45));
#5556 = DIRECTION('',(0.,0.,1.));
#5557 = DIRECTION('',(-1.,0.,0.));
#5558 = PLANE('',#5559);
#5559 = AXIS2_PLACEMENT_3D('',#5560,#5561,#5562);
#5560 = CARTESIAN_POINT('',(-2.1126E-13,0.497442120671,9.45));
#5561 = DIRECTION('',(0.,0.,1.));
#5562 = DIRECTION('',(-1.,0.,0.));
#5563 = ADVANCED_FACE('',(#5564),#5576,.T.);
#5564 = FACE_BOUND('',#5565,.T.);
#5565 = EDGE_LOOP('',(#5566,#5567,#5574,#5575));
#5566 = ORIENTED_EDGE('',*,*,#5223,.T.);
#5567 = ORIENTED_EDGE('',*,*,#5568,.T.);
#5568 = EDGE_CURVE('',#5216,#5289,#5569,.T.);
#5569 = CIRCLE('',#5570,0.974707300937);
#5570 = AXIS2_PLACEMENT_3D('',#5571,#5572,#5573);
#5571 = CARTESIAN_POINT('',(-2.E-17,0.170214,7.45));
#5572 = DIRECTION('',(0.,0.,1.));
#5573 = DIRECTION('',(-1.,0.,0.));
#5574 = ORIENTED_EDGE('',*,*,#5288,.F.);
#5575 = ORIENTED_EDGE('',*,*,#5539,.F.);
#5576 = CYLINDRICAL_SURFACE('',#5577,0.974707300937);
#5577 = AXIS2_PLACEMENT_3D('',#5578,#5579,#5580);
#5578 = CARTESIAN_POINT('',(-2.E-17,0.170214,9.45));
#5579 = DIRECTION('',(0.,0.,1.));
#5580 = DIRECTION('',(-1.,0.,0.));
#5581 = ADVANCED_FACE('',(#5582,#5593),#5604,.F.);
#5582 = FACE_BOUND('',#5583,.F.);
#5583 = EDGE_LOOP('',(#5584,#5585,#5586,#5592));
#5584 = ORIENTED_EDGE('',*,*,#5568,.T.);
#5585 = ORIENTED_EDGE('',*,*,#5296,.F.);
#5586 = ORIENTED_EDGE('',*,*,#5587,.T.);
#5587 = EDGE_CURVE('',#5297,#5208,#5588,.T.);
#5588 = LINE('',#5589,#5590);
#5589 = CARTESIAN_POINT('',(0.4,1.40352285275,7.45));
#5590 = VECTOR('',#5591,1.);
#5591 = DIRECTION('',(-1.,0.,0.));
#5592 = ORIENTED_EDGE('',*,*,#5215,.T.);
#5593 = FACE_BOUND('',#5594,.T.);
#5594 = EDGE_LOOP('',(#5595));
#5595 = ORIENTED_EDGE('',*,*,#5596,.T.);
#5596 = EDGE_CURVE('',#5597,#5597,#5599,.T.);
#5597 = VERTEX_POINT('',#5598);
#5598 = CARTESIAN_POINT('',(-0.698564,0.170214,7.45));
#5599 = CIRCLE('',#5600,0.698564);
#5600 = AXIS2_PLACEMENT_3D('',#5601,#5602,#5603);
#5601 = CARTESIAN_POINT('',(-2.E-17,0.170214,7.45));
#5602 = DIRECTION('',(0.,0.,1.));
#5603 = DIRECTION('',(-1.,0.,0.));
#5604 = PLANE('',#5605);
#5605 = AXIS2_PLACEMENT_3D('',#5606,#5607,#5608);
#5606 = CARTESIAN_POINT('',(-1.438E-13,0.297420100742,7.45));
#5607 = DIRECTION('',(0.,0.,1.));
#5608 = DIRECTION('',(-1.,0.,0.));
#5609 = ADVANCED_FACE('',(#5610),#5653,.T.);
#5610 = FACE_BOUND('',#5611,.T.);
#5611 = EDGE_LOOP('',(#5612,#5620,#5621,#5622,#5623,#5631,#5639,#5647));
#5612 = ORIENTED_EDGE('',*,*,#5613,.F.);
#5613 = EDGE_CURVE('',#5305,#5614,#5616,.T.);
#5614 = VERTEX_POINT('',#5615);
#5615 = CARTESIAN_POINT('',(0.32,1.40352285275,5.45));
#5616 = LINE('',#5617,#5618);
#5617 = CARTESIAN_POINT('',(0.4,1.40352285275,5.45));
#5618 = VECTOR('',#5619,1.);
#5619 = DIRECTION('',(-1.,0.,0.));
#5620 = ORIENTED_EDGE('',*,*,#5304,.T.);
#5621 = ORIENTED_EDGE('',*,*,#5587,.T.);
#5622 = ORIENTED_EDGE('',*,*,#5207,.F.);
#5623 = ORIENTED_EDGE('',*,*,#5624,.F.);
#5624 = EDGE_CURVE('',#5625,#5200,#5627,.T.);
#5625 = VERTEX_POINT('',#5626);
#5626 = CARTESIAN_POINT('',(-0.32,1.40352285275,5.45));
#5627 = LINE('',#5628,#5629);
#5628 = CARTESIAN_POINT('',(0.4,1.40352285275,5.45));
#5629 = VECTOR('',#5630,1.);
#5630 = DIRECTION('',(-1.,0.,0.));
#5631 = ORIENTED_EDGE('',*,*,#5632,.F.);
#5632 = EDGE_CURVE('',#5633,#5625,#5635,.T.);
#5633 = VERTEX_POINT('',#5634);
#5634 = CARTESIAN_POINT('',(-0.32,1.40352285275,3.45));
#5635 = LINE('',#5636,#5637);
#5636 = CARTESIAN_POINT('',(-0.32,1.40352285275,3.45));
#5637 = VECTOR('',#5638,1.);
#5638 = DIRECTION('',(0.,0.,1.));
#5639 = ORIENTED_EDGE('',*,*,#5640,.F.);
#5640 = EDGE_CURVE('',#5641,#5633,#5643,.T.);
#5641 = VERTEX_POINT('',#5642);
#5642 = CARTESIAN_POINT('',(0.32,1.40352285275,3.45));
#5643 = LINE('',#5644,#5645);
#5644 = CARTESIAN_POINT('',(0.32,1.40352285275,3.45));
#5645 = VECTOR('',#5646,1.);
#5646 = DIRECTION('',(-1.,0.,0.));
#5647 = ORIENTED_EDGE('',*,*,#5648,.T.);
#5648 = EDGE_CURVE('',#5641,#5614,#5649,.T.);
#5649 = LINE('',#5650,#5651);
#5650 = CARTESIAN_POINT('',(0.32,1.40352285275,3.45));
#5651 = VECTOR('',#5652,1.);
#5652 = DIRECTION('',(0.,0.,1.));
#5653 = PLANE('',#5654);
#5654 = AXIS2_PLACEMENT_3D('',#5655,#5656,#5657);
#5655 = CARTESIAN_POINT('',(-1.E-17,1.40352285275,6.473529411765));
#5656 = DIRECTION('',(0.,-1.,0.));
#5657 = DIRECTION('',(0.,0.,1.));
#5658 = ADVANCED_FACE('',(#5659),#5765,.T.);
#5659 = FACE_BOUND('',#5660,.T.);
#5660 = EDGE_LOOP('',(#5661,#5672,#5678,#5679,#5680,#5681,#5690,#5698,
    #5707,#5715,#5724,#5732,#5739,#5740,#5741,#5742,#5750,#5759));
#5661 = ORIENTED_EDGE('',*,*,#5662,.T.);
#5662 = EDGE_CURVE('',#5663,#5665,#5667,.T.);
#5663 = VERTEX_POINT('',#5664);
#5664 = CARTESIAN_POINT('',(0.32,-0.733238573625,5.45));
#5665 = VERTEX_POINT('',#5666);
#5666 = CARTESIAN_POINT('',(0.975,-7.823857362477E-02,5.45));
#5667 = CIRCLE('',#5668,0.655);
#5668 = AXIS2_PLACEMENT_3D('',#5669,#5670,#5671);
#5669 = CARTESIAN_POINT('',(0.32,-7.823857362477E-02,5.45));
#5670 = DIRECTION('',(0.,0.,1.));
#5671 = DIRECTION('',(-1.,0.,0.));
#5672 = ORIENTED_EDGE('',*,*,#5673,.T.);
#5673 = EDGE_CURVE('',#5665,#5507,#5674,.T.);
#5674 = LINE('',#5675,#5676);
#5675 = CARTESIAN_POINT('',(0.975,-7.823857362477E-02,5.45));
#5676 = VECTOR('',#5677,1.);
#5677 = DIRECTION('',(0.,1.,0.));
#5678 = ORIENTED_EDGE('',*,*,#5506,.T.);
#5679 = ORIENTED_EDGE('',*,*,#5312,.T.);
#5680 = ORIENTED_EDGE('',*,*,#5613,.T.);
#5681 = ORIENTED_EDGE('',*,*,#5682,.F.);
#5682 = EDGE_CURVE('',#5683,#5614,#5685,.T.);
#5683 = VERTEX_POINT('',#5684);
#5684 = CARTESIAN_POINT('',(0.711761426375,1.011761426375,5.45));
#5685 = CIRCLE('',#5686,0.391761426375);
#5686 = AXIS2_PLACEMENT_3D('',#5687,#5688,#5689);
#5687 = CARTESIAN_POINT('',(0.32,1.011761426375,5.45));
#5688 = DIRECTION('',(0.,0.,1.));
#5689 = DIRECTION('',(-1.,0.,0.));
#5690 = ORIENTED_EDGE('',*,*,#5691,.F.);
#5691 = EDGE_CURVE('',#5692,#5683,#5694,.T.);
#5692 = VERTEX_POINT('',#5693);
#5693 = CARTESIAN_POINT('',(0.711761426375,-7.823857362477E-02,5.45));
#5694 = LINE('',#5695,#5696);
#5695 = CARTESIAN_POINT('',(0.711761426375,-7.823857362477E-02,5.45));
#5696 = VECTOR('',#5697,1.);
#5697 = DIRECTION('',(0.,1.,0.));
#5698 = ORIENTED_EDGE('',*,*,#5699,.F.);
#5699 = EDGE_CURVE('',#5700,#5692,#5702,.T.);
#5700 = VERTEX_POINT('',#5701);
#5701 = CARTESIAN_POINT('',(0.32,-0.47,5.45));
#5702 = CIRCLE('',#5703,0.391761426375);
#5703 = AXIS2_PLACEMENT_3D('',#5704,#5705,#5706);
#5704 = CARTESIAN_POINT('',(0.32,-7.823857362477E-02,5.45));
#5705 = DIRECTION('',(0.,0.,1.));
#5706 = DIRECTION('',(-1.,0.,0.));
#5707 = ORIENTED_EDGE('',*,*,#5708,.F.);
#5708 = EDGE_CURVE('',#5709,#5700,#5711,.T.);
#5709 = VERTEX_POINT('',#5710);
#5710 = CARTESIAN_POINT('',(-0.32,-0.47,5.45));
#5711 = LINE('',#5712,#5713);
#5712 = CARTESIAN_POINT('',(-0.32,-0.47,5.45));
#5713 = VECTOR('',#5714,1.);
#5714 = DIRECTION('',(1.,0.,0.));
#5715 = ORIENTED_EDGE('',*,*,#5716,.F.);
#5716 = EDGE_CURVE('',#5717,#5709,#5719,.T.);
#5717 = VERTEX_POINT('',#5718);
#5718 = CARTESIAN_POINT('',(-0.711761426375,-7.823857362477E-02,5.45));
#5719 = CIRCLE('',#5720,0.391761426375);
#5720 = AXIS2_PLACEMENT_3D('',#5721,#5722,#5723);
#5721 = CARTESIAN_POINT('',(-0.32,-7.823857362477E-02,5.45));
#5722 = DIRECTION('',(0.,0.,1.));
#5723 = DIRECTION('',(-1.,0.,0.));
#5724 = ORIENTED_EDGE('',*,*,#5725,.F.);
#5725 = EDGE_CURVE('',#5726,#5717,#5728,.T.);
#5726 = VERTEX_POINT('',#5727);
#5727 = CARTESIAN_POINT('',(-0.711761426375,1.011761426375,5.45));
#5728 = LINE('',#5729,#5730);
#5729 = CARTESIAN_POINT('',(-0.711761426375,1.011761426375,5.45));
#5730 = VECTOR('',#5731,1.);
#5731 = DIRECTION('',(0.,-1.,0.));
#5732 = ORIENTED_EDGE('',*,*,#5733,.F.);
#5733 = EDGE_CURVE('',#5625,#5726,#5734,.T.);
#5734 = CIRCLE('',#5735,0.391761426375);
#5735 = AXIS2_PLACEMENT_3D('',#5736,#5737,#5738);
#5736 = CARTESIAN_POINT('',(-0.32,1.011761426375,5.45));
#5737 = DIRECTION('',(0.,0.,1.));
#5738 = DIRECTION('',(-1.,0.,0.));
#5739 = ORIENTED_EDGE('',*,*,#5624,.T.);
#5740 = ORIENTED_EDGE('',*,*,#5199,.F.);
#5741 = ORIENTED_EDGE('',*,*,#5353,.T.);
#5742 = ORIENTED_EDGE('',*,*,#5743,.T.);
#5743 = EDGE_CURVE('',#5346,#5744,#5746,.T.);
#5744 = VERTEX_POINT('',#5745);
#5745 = CARTESIAN_POINT('',(-0.975,-7.823857362477E-02,5.45));
#5746 = LINE('',#5747,#5748);
#5747 = CARTESIAN_POINT('',(-0.975,1.011761426375,5.45));
#5748 = VECTOR('',#5749,1.);
#5749 = DIRECTION('',(0.,-1.,0.));
#5750 = ORIENTED_EDGE('',*,*,#5751,.T.);
#5751 = EDGE_CURVE('',#5744,#5752,#5754,.T.);
#5752 = VERTEX_POINT('',#5753);
#5753 = CARTESIAN_POINT('',(-0.32,-0.733238573625,5.45));
#5754 = CIRCLE('',#5755,0.655);
#5755 = AXIS2_PLACEMENT_3D('',#5756,#5757,#5758);
#5756 = CARTESIAN_POINT('',(-0.32,-7.823857362477E-02,5.45));
#5757 = DIRECTION('',(0.,0.,1.));
#5758 = DIRECTION('',(-1.,0.,0.));
#5759 = ORIENTED_EDGE('',*,*,#5760,.T.);
#5760 = EDGE_CURVE('',#5752,#5663,#5761,.T.);
#5761 = LINE('',#5762,#5763);
#5762 = CARTESIAN_POINT('',(-0.32,-0.733238573625,5.45));
#5763 = VECTOR('',#5764,1.);
#5764 = DIRECTION('',(1.,0.,0.));
#5765 = PLANE('',#5766);
#5766 = AXIS2_PLACEMENT_3D('',#5767,#5768,#5769);
#5767 = CARTESIAN_POINT('',(-3.E-17,0.466761426375,5.45));
#5768 = DIRECTION('',(0.,0.,1.));
#5769 = DIRECTION('',(-1.,0.,0.));
#5770 = ADVANCED_FACE('',(#5771),#5788,.T.);
#5771 = FACE_BOUND('',#5772,.T.);
#5772 = EDGE_LOOP('',(#5773,#5774,#5782));
#5773 = ORIENTED_EDGE('',*,*,#5396,.F.);
#5774 = ORIENTED_EDGE('',*,*,#5775,.T.);
#5775 = EDGE_CURVE('',#5389,#5776,#5778,.T.);
#5776 = VERTEX_POINT('',#5777);
#5777 = CARTESIAN_POINT('',(-0.4,1.666761426375,3.45));
#5778 = LINE('',#5779,#5780);
#5779 = CARTESIAN_POINT('',(0.4,1.666761426375,3.45));
#5780 = VECTOR('',#5781,1.);
#5781 = DIRECTION('',(-1.,0.,0.));
#5782 = ORIENTED_EDGE('',*,*,#5783,.T.);
#5783 = EDGE_CURVE('',#5776,#5335,#5784,.T.);
#5784 = LINE('',#5785,#5786);
#5785 = CARTESIAN_POINT('',(-0.4,1.666761426375,3.45));
#5786 = VECTOR('',#5787,1.);
#5787 = DIRECTION('',(0.,-1.,-2.E-16));
#5788 = PLANE('',#5789);
#5789 = AXIS2_PLACEMENT_3D('',#5790,#5791,#5792);
#5790 = CARTESIAN_POINT('',(0.4,1.666761426375,3.45));
#5791 = DIRECTION('',(0.,-2.E-16,1.));
#5792 = DIRECTION('',(0.,-1.,-2.E-16));
#5793 = ADVANCED_FACE('',(#5794),#5924,.F.);
#5794 = FACE_BOUND('',#5795,.F.);
#5795 = EDGE_LOOP('',(#5796,#5807,#5813,#5814,#5822,#5828,#5837,#5845,
    #5854,#5862,#5871,#5879,#5886,#5894,#5900,#5901,#5909,#5918));
#5796 = ORIENTED_EDGE('',*,*,#5797,.T.);
#5797 = EDGE_CURVE('',#5798,#5800,#5802,.T.);
#5798 = VERTEX_POINT('',#5799);
#5799 = CARTESIAN_POINT('',(0.32,-0.733238573625,3.45));
#5800 = VERTEX_POINT('',#5801);
#5801 = CARTESIAN_POINT('',(0.975,-7.823857362477E-02,3.45));
#5802 = CIRCLE('',#5803,0.655);
#5803 = AXIS2_PLACEMENT_3D('',#5804,#5805,#5806);
#5804 = CARTESIAN_POINT('',(0.32,-7.823857362477E-02,3.45));
#5805 = DIRECTION('',(0.,0.,1.));
#5806 = DIRECTION('',(-1.,0.,0.));
#5807 = ORIENTED_EDGE('',*,*,#5808,.T.);
#5808 = EDGE_CURVE('',#5800,#5516,#5809,.T.);
#5809 = LINE('',#5810,#5811);
#5810 = CARTESIAN_POINT('',(0.975,-7.823857362477E-02,3.45));
#5811 = VECTOR('',#5812,1.);
#5812 = DIRECTION('',(0.,1.,0.));
#5813 = ORIENTED_EDGE('',*,*,#5523,.T.);
#5814 = ORIENTED_EDGE('',*,*,#5815,.T.);
#5815 = EDGE_CURVE('',#5470,#5816,#5818,.T.);
#5816 = VERTEX_POINT('',#5817);
#5817 = CARTESIAN_POINT('',(0.4,1.40352285275,3.45));
#5818 = LINE('',#5819,#5820);
#5819 = CARTESIAN_POINT('',(0.4,1.666761426375,3.45));
#5820 = VECTOR('',#5821,1.);
#5821 = DIRECTION('',(0.,-1.,-2.E-16));
#5822 = ORIENTED_EDGE('',*,*,#5823,.T.);
#5823 = EDGE_CURVE('',#5816,#5641,#5824,.T.);
#5824 = LINE('',#5825,#5826);
#5825 = CARTESIAN_POINT('',(0.4,1.40352285275,3.45));
#5826 = VECTOR('',#5827,1.);
#5827 = DIRECTION('',(-1.,0.,0.));
#5828 = ORIENTED_EDGE('',*,*,#5829,.F.);
#5829 = EDGE_CURVE('',#5830,#5641,#5832,.T.);
#5830 = VERTEX_POINT('',#5831);
#5831 = CARTESIAN_POINT('',(0.711761426375,1.011761426375,3.45));
#5832 = CIRCLE('',#5833,0.391761426375);
#5833 = AXIS2_PLACEMENT_3D('',#5834,#5835,#5836);
#5834 = CARTESIAN_POINT('',(0.32,1.011761426375,3.45));
#5835 = DIRECTION('',(0.,0.,1.));
#5836 = DIRECTION('',(-1.,0.,0.));
#5837 = ORIENTED_EDGE('',*,*,#5838,.F.);
#5838 = EDGE_CURVE('',#5839,#5830,#5841,.T.);
#5839 = VERTEX_POINT('',#5840);
#5840 = CARTESIAN_POINT('',(0.711761426375,-7.823857362477E-02,3.45));
#5841 = LINE('',#5842,#5843);
#5842 = CARTESIAN_POINT('',(0.711761426375,-7.823857362477E-02,3.45));
#5843 = VECTOR('',#5844,1.);
#5844 = DIRECTION('',(0.,1.,0.));
#5845 = ORIENTED_EDGE('',*,*,#5846,.F.);
#5846 = EDGE_CURVE('',#5847,#5839,#5849,.T.);
#5847 = VERTEX_POINT('',#5848);
#5848 = CARTESIAN_POINT('',(0.32,-0.47,3.45));
#5849 = CIRCLE('',#5850,0.391761426375);
#5850 = AXIS2_PLACEMENT_3D('',#5851,#5852,#5853);
#5851 = CARTESIAN_POINT('',(0.32,-7.823857362477E-02,3.45));
#5852 = DIRECTION('',(0.,0.,1.));
#5853 = DIRECTION('',(-1.,0.,0.));
#5854 = ORIENTED_EDGE('',*,*,#5855,.F.);
#5855 = EDGE_CURVE('',#5856,#5847,#5858,.T.);
#5856 = VERTEX_POINT('',#5857);
#5857 = CARTESIAN_POINT('',(-0.32,-0.47,3.45));
#5858 = LINE('',#5859,#5860);
#5859 = CARTESIAN_POINT('',(-0.32,-0.47,3.45));
#5860 = VECTOR('',#5861,1.);
#5861 = DIRECTION('',(1.,0.,0.));
#5862 = ORIENTED_EDGE('',*,*,#5863,.F.);
#5863 = EDGE_CURVE('',#5864,#5856,#5866,.T.);
#5864 = VERTEX_POINT('',#5865);
#5865 = CARTESIAN_POINT('',(-0.711761426375,-7.823857362477E-02,3.45));
#5866 = CIRCLE('',#5867,0.391761426375);
#5867 = AXIS2_PLACEMENT_3D('',#5868,#5869,#5870);
#5868 = CARTESIAN_POINT('',(-0.32,-7.823857362477E-02,3.45));
#5869 = DIRECTION('',(0.,0.,1.));
#5870 = DIRECTION('',(-1.,0.,0.));
#5871 = ORIENTED_EDGE('',*,*,#5872,.F.);
#5872 = EDGE_CURVE('',#5873,#5864,#5875,.T.);
#5873 = VERTEX_POINT('',#5874);
#5874 = CARTESIAN_POINT('',(-0.711761426375,1.011761426375,3.45));
#5875 = LINE('',#5876,#5877);
#5876 = CARTESIAN_POINT('',(-0.711761426375,1.011761426375,3.45));
#5877 = VECTOR('',#5878,1.);
#5878 = DIRECTION('',(0.,-1.,0.));
#5879 = ORIENTED_EDGE('',*,*,#5880,.F.);
#5880 = EDGE_CURVE('',#5633,#5873,#5881,.T.);
#5881 = CIRCLE('',#5882,0.391761426375);
#5882 = AXIS2_PLACEMENT_3D('',#5883,#5884,#5885);
#5883 = CARTESIAN_POINT('',(-0.32,1.011761426375,3.45));
#5884 = DIRECTION('',(0.,0.,1.));
#5885 = DIRECTION('',(-1.,0.,0.));
#5886 = ORIENTED_EDGE('',*,*,#5887,.T.);
#5887 = EDGE_CURVE('',#5633,#5888,#5890,.T.);
#5888 = VERTEX_POINT('',#5889);
#5889 = CARTESIAN_POINT('',(-0.4,1.40352285275,3.45));
#5890 = LINE('',#5891,#5892);
#5891 = CARTESIAN_POINT('',(0.4,1.40352285275,3.45));
#5892 = VECTOR('',#5893,1.);
#5893 = DIRECTION('',(-1.,0.,0.));
#5894 = ORIENTED_EDGE('',*,*,#5895,.F.);
#5895 = EDGE_CURVE('',#5335,#5888,#5896,.T.);
#5896 = LINE('',#5897,#5898);
#5897 = CARTESIAN_POINT('',(-0.4,1.666761426375,3.45));
#5898 = VECTOR('',#5899,1.);
#5899 = DIRECTION('',(0.,-1.,-2.E-16));
#5900 = ORIENTED_EDGE('',*,*,#5334,.T.);
#5901 = ORIENTED_EDGE('',*,*,#5902,.T.);
#5902 = EDGE_CURVE('',#5337,#5903,#5905,.T.);
#5903 = VERTEX_POINT('',#5904);
#5904 = CARTESIAN_POINT('',(-0.975,-7.823857362477E-02,3.45));
#5905 = LINE('',#5906,#5907);
#5906 = CARTESIAN_POINT('',(-0.975,1.011761426375,3.45));
#5907 = VECTOR('',#5908,1.);
#5908 = DIRECTION('',(0.,-1.,0.));
#5909 = ORIENTED_EDGE('',*,*,#5910,.T.);
#5910 = EDGE_CURVE('',#5903,#5911,#5913,.T.);
#5911 = VERTEX_POINT('',#5912);
#5912 = CARTESIAN_POINT('',(-0.32,-0.733238573625,3.45));
#5913 = CIRCLE('',#5914,0.655);
#5914 = AXIS2_PLACEMENT_3D('',#5915,#5916,#5917);
#5915 = CARTESIAN_POINT('',(-0.32,-7.823857362477E-02,3.45));
#5916 = DIRECTION('',(0.,0.,1.));
#5917 = DIRECTION('',(-1.,0.,0.));
#5918 = ORIENTED_EDGE('',*,*,#5919,.T.);
#5919 = EDGE_CURVE('',#5911,#5798,#5920,.T.);
#5920 = LINE('',#5921,#5922);
#5921 = CARTESIAN_POINT('',(-0.32,-0.733238573625,3.45));
#5922 = VECTOR('',#5923,1.);
#5923 = DIRECTION('',(1.,0.,0.));
#5924 = PLANE('',#5925);
#5925 = AXIS2_PLACEMENT_3D('',#5926,#5927,#5928);
#5926 = CARTESIAN_POINT('',(-3.E-17,0.466761426375,3.45));
#5927 = DIRECTION('',(0.,0.,1.));
#5928 = DIRECTION('',(-1.,0.,0.));
#5929 = ADVANCED_FACE('',(#5930),#5941,.F.);
#5930 = FACE_BOUND('',#5931,.F.);
#5931 = EDGE_LOOP('',(#5932,#5933,#5934,#5940));
#5932 = ORIENTED_EDGE('',*,*,#5345,.T.);
#5933 = ORIENTED_EDGE('',*,*,#5743,.T.);
#5934 = ORIENTED_EDGE('',*,*,#5935,.F.);
#5935 = EDGE_CURVE('',#5903,#5744,#5936,.T.);
#5936 = LINE('',#5937,#5938);
#5937 = CARTESIAN_POINT('',(-0.975,-7.823857362477E-02,3.45));
#5938 = VECTOR('',#5939,1.);
#5939 = DIRECTION('',(0.,0.,1.));
#5940 = ORIENTED_EDGE('',*,*,#5902,.F.);
#5941 = PLANE('',#5942);
#5942 = AXIS2_PLACEMENT_3D('',#5943,#5944,#5945);
#5943 = CARTESIAN_POINT('',(-0.975,1.011761426375,3.45));
#5944 = DIRECTION('',(1.,0.,0.));
#5945 = DIRECTION('',(0.,-1.,0.));
#5946 = ADVANCED_FACE('',(#5947),#5973,.T.);
#5947 = FACE_BOUND('',#5948,.T.);
#5948 = EDGE_LOOP('',(#5949,#5959,#5965,#5966,#5967));
#5949 = ORIENTED_EDGE('',*,*,#5950,.F.);
#5950 = EDGE_CURVE('',#5951,#5953,#5955,.T.);
#5951 = VERTEX_POINT('',#5952);
#5952 = CARTESIAN_POINT('',(-0.4,1.666761426375,3.732514167383));
#5953 = VERTEX_POINT('',#5954);
#5954 = CARTESIAN_POINT('',(-0.4,2.366761426375,5.12847));
#5955 = LINE('',#5956,#5957);
#5956 = CARTESIAN_POINT('',(-0.4,1.666761426375,3.732514167383));
#5957 = VECTOR('',#5958,1.);
#5958 = DIRECTION('',(0.,0.448249178262,0.8939086498));
#5959 = ORIENTED_EDGE('',*,*,#5960,.F.);
#5960 = EDGE_CURVE('',#5372,#5951,#5961,.T.);
#5961 = LINE('',#5962,#5963);
#5962 = CARTESIAN_POINT('',(-0.4,1.40352285275,3.765283356459));
#5963 = VECTOR('',#5964,1.);
#5964 = DIRECTION('',(-0.,0.992340678184,-0.12353128519));
#5965 = ORIENTED_EDGE('',*,*,#5371,.F.);
#5966 = ORIENTED_EDGE('',*,*,#5446,.F.);
#5967 = ORIENTED_EDGE('',*,*,#5968,.F.);
#5968 = EDGE_CURVE('',#5953,#5439,#5969,.T.);
#5969 = LINE('',#5970,#5971);
#5970 = CARTESIAN_POINT('',(-0.4,2.366761426375,5.12847));
#5971 = VECTOR('',#5972,1.);
#5972 = DIRECTION('',(0.,-0.8939086498,0.448249178262));
#5973 = PLANE('',#5974);
#5974 = AXIS2_PLACEMENT_3D('',#5975,#5976,#5977);
#5975 = CARTESIAN_POINT('',(-0.4,1.332356653177,5.661145307804));
#5976 = DIRECTION('',(-1.,0.,0.));
#5977 = DIRECTION('',(0.,0.,1.));
#5978 = ADVANCED_FACE('',(#5979),#5989,.T.);
#5979 = FACE_BOUND('',#5980,.T.);
#5980 = EDGE_LOOP('',(#5981,#5987,#5988));
#5981 = ORIENTED_EDGE('',*,*,#5982,.F.);
#5982 = EDGE_CURVE('',#5380,#5951,#5983,.T.);
#5983 = LINE('',#5984,#5985);
#5984 = CARTESIAN_POINT('',(0.4,1.666761426375,3.732514167383));
#5985 = VECTOR('',#5986,1.);
#5986 = DIRECTION('',(-1.,0.,0.));
#5987 = ORIENTED_EDGE('',*,*,#5379,.F.);
#5988 = ORIENTED_EDGE('',*,*,#5960,.T.);
#5989 = PLANE('',#5990);
#5990 = AXIS2_PLACEMENT_3D('',#5991,#5992,#5993);
#5991 = CARTESIAN_POINT('',(0.4,1.40352285275,3.765283356459));
#5992 = DIRECTION('',(0.,-0.12353128519,-0.992340678184));
#5993 = DIRECTION('',(-0.,0.992340678184,-0.12353128519));
#5994 = ADVANCED_FACE('',(#5995),#6011,.F.);
#5995 = FACE_BOUND('',#5996,.F.);
#5996 = EDGE_LOOP('',(#5997,#6003,#6004,#6010));
#5997 = ORIENTED_EDGE('',*,*,#5998,.F.);
#5998 = EDGE_CURVE('',#5472,#5389,#5999,.T.);
#5999 = LINE('',#6000,#6001);
#6000 = CARTESIAN_POINT('',(0.32,1.666761426375,3.45));
#6001 = VECTOR('',#6002,1.);
#6002 = DIRECTION('',(-1.,0.,0.));
#6003 = ORIENTED_EDGE('',*,*,#5480,.T.);
#6004 = ORIENTED_EDGE('',*,*,#6005,.T.);
#6005 = EDGE_CURVE('',#5481,#5380,#6006,.T.);
#6006 = LINE('',#6007,#6008);
#6007 = CARTESIAN_POINT('',(0.4,1.666761426375,3.732514167383));
#6008 = VECTOR('',#6009,1.);
#6009 = DIRECTION('',(-1.,0.,0.));
#6010 = ORIENTED_EDGE('',*,*,#5388,.F.);
#6011 = PLANE('',#6012);
#6012 = AXIS2_PLACEMENT_3D('',#6013,#6014,#6015);
#6013 = CARTESIAN_POINT('',(0.32,1.666761426375,3.45));
#6014 = DIRECTION('',(0.,-1.,0.));
#6015 = DIRECTION('',(-1.,0.,0.));
#6016 = ADVANCED_FACE('',(#6017),#6043,.F.);
#6017 = FACE_BOUND('',#6018,.F.);
#6018 = EDGE_LOOP('',(#6019,#6029,#6035,#6036,#6037));
#6019 = ORIENTED_EDGE('',*,*,#6020,.F.);
#6020 = EDGE_CURVE('',#6021,#6023,#6025,.T.);
#6021 = VERTEX_POINT('',#6022);
#6022 = CARTESIAN_POINT('',(0.4,1.666761426375,3.732514167383));
#6023 = VERTEX_POINT('',#6024);
#6024 = CARTESIAN_POINT('',(0.4,2.366761426375,5.12847));
#6025 = LINE('',#6026,#6027);
#6026 = CARTESIAN_POINT('',(0.4,1.666761426375,3.732514167383));
#6027 = VECTOR('',#6028,1.);
#6028 = DIRECTION('',(0.,0.448249178262,0.8939086498));
#6029 = ORIENTED_EDGE('',*,*,#6030,.F.);
#6030 = EDGE_CURVE('',#5489,#6021,#6031,.T.);
#6031 = LINE('',#6032,#6033);
#6032 = CARTESIAN_POINT('',(0.4,1.40352285275,3.765283356459));
#6033 = VECTOR('',#6034,1.);
#6034 = DIRECTION('',(-0.,0.992340678184,-0.12353128519));
#6035 = ORIENTED_EDGE('',*,*,#5497,.F.);
#6036 = ORIENTED_EDGE('',*,*,#5428,.F.);
#6037 = ORIENTED_EDGE('',*,*,#6038,.F.);
#6038 = EDGE_CURVE('',#6023,#5429,#6039,.T.);
#6039 = LINE('',#6040,#6041);
#6040 = CARTESIAN_POINT('',(0.4,2.366761426375,5.12847));
#6041 = VECTOR('',#6042,1.);
#6042 = DIRECTION('',(0.,-0.8939086498,0.448249178262));
#6043 = PLANE('',#6044);
#6044 = AXIS2_PLACEMENT_3D('',#6045,#6046,#6047);
#6045 = CARTESIAN_POINT('',(0.4,1.332356653177,5.661145307804));
#6046 = DIRECTION('',(-1.,0.,0.));
#6047 = DIRECTION('',(0.,0.,1.));
#6048 = ADVANCED_FACE('',(#6049),#6060,.T.);
#6049 = FACE_BOUND('',#6050,.T.);
#6050 = EDGE_LOOP('',(#6051,#6057,#6058,#6059));
#6051 = ORIENTED_EDGE('',*,*,#6052,.T.);
#6052 = EDGE_CURVE('',#6023,#5953,#6053,.T.);
#6053 = LINE('',#6054,#6055);
#6054 = CARTESIAN_POINT('',(0.4,2.366761426375,5.12847));
#6055 = VECTOR('',#6056,1.);
#6056 = DIRECTION('',(-1.,0.,0.));
#6057 = ORIENTED_EDGE('',*,*,#5968,.T.);
#6058 = ORIENTED_EDGE('',*,*,#5438,.F.);
#6059 = ORIENTED_EDGE('',*,*,#6038,.F.);
#6060 = PLANE('',#6061);
#6061 = AXIS2_PLACEMENT_3D('',#6062,#6063,#6064);
#6062 = CARTESIAN_POINT('',(0.4,2.366761426375,5.12847));
#6063 = DIRECTION('',(0.,0.448249178262,0.8939086498));
#6064 = DIRECTION('',(0.,-0.8939086498,0.448249178262));
#6065 = ADVANCED_FACE('',(#6066),#6083,.T.);
#6066 = FACE_BOUND('',#6067,.T.);
#6067 = EDGE_LOOP('',(#6068,#6076,#6082));
#6068 = ORIENTED_EDGE('',*,*,#6069,.F.);
#6069 = EDGE_CURVE('',#6070,#5470,#6072,.T.);
#6070 = VERTEX_POINT('',#6071);
#6071 = CARTESIAN_POINT('',(0.4,1.666761426375,3.45));
#6072 = LINE('',#6073,#6074);
#6073 = CARTESIAN_POINT('',(0.4,1.666761426375,3.45));
#6074 = VECTOR('',#6075,1.);
#6075 = DIRECTION('',(0.,-1.,-2.E-16));
#6076 = ORIENTED_EDGE('',*,*,#6077,.T.);
#6077 = EDGE_CURVE('',#6070,#5472,#6078,.T.);
#6078 = LINE('',#6079,#6080);
#6079 = CARTESIAN_POINT('',(0.4,1.666761426375,3.45));
#6080 = VECTOR('',#6081,1.);
#6081 = DIRECTION('',(-1.,0.,0.));
#6082 = ORIENTED_EDGE('',*,*,#5469,.F.);
#6083 = PLANE('',#6084);
#6084 = AXIS2_PLACEMENT_3D('',#6085,#6086,#6087);
#6085 = CARTESIAN_POINT('',(0.4,1.666761426375,3.45));
#6086 = DIRECTION('',(0.,-2.E-16,1.));
#6087 = DIRECTION('',(0.,-1.,-2.E-16));
#6088 = ADVANCED_FACE('',(#6089),#6099,.T.);
#6089 = FACE_BOUND('',#6090,.T.);
#6090 = EDGE_LOOP('',(#6091,#6092,#6093));
#6091 = ORIENTED_EDGE('',*,*,#6030,.F.);
#6092 = ORIENTED_EDGE('',*,*,#5488,.F.);
#6093 = ORIENTED_EDGE('',*,*,#6094,.F.);
#6094 = EDGE_CURVE('',#6021,#5481,#6095,.T.);
#6095 = LINE('',#6096,#6097);
#6096 = CARTESIAN_POINT('',(0.4,1.666761426375,3.732514167383));
#6097 = VECTOR('',#6098,1.);
#6098 = DIRECTION('',(-1.,0.,0.));
#6099 = PLANE('',#6100);
#6100 = AXIS2_PLACEMENT_3D('',#6101,#6102,#6103);
#6101 = CARTESIAN_POINT('',(0.4,1.40352285275,3.765283356459));
#6102 = DIRECTION('',(0.,-0.12353128519,-0.992340678184));
#6103 = DIRECTION('',(-0.,0.992340678184,-0.12353128519));
#6104 = ADVANCED_FACE('',(#6105),#6116,.F.);
#6105 = FACE_BOUND('',#6106,.F.);
#6106 = EDGE_LOOP('',(#6107,#6113,#6114,#6115));
#6107 = ORIENTED_EDGE('',*,*,#6108,.T.);
#6108 = EDGE_CURVE('',#5800,#5665,#6109,.T.);
#6109 = LINE('',#6110,#6111);
#6110 = CARTESIAN_POINT('',(0.975,-7.823857362477E-02,3.45));
#6111 = VECTOR('',#6112,1.);
#6112 = DIRECTION('',(0.,0.,1.));
#6113 = ORIENTED_EDGE('',*,*,#5673,.T.);
#6114 = ORIENTED_EDGE('',*,*,#5515,.F.);
#6115 = ORIENTED_EDGE('',*,*,#5808,.F.);
#6116 = PLANE('',#6117);
#6117 = AXIS2_PLACEMENT_3D('',#6118,#6119,#6120);
#6118 = CARTESIAN_POINT('',(0.975,-7.823857362477E-02,3.45));
#6119 = DIRECTION('',(-1.,0.,0.));
#6120 = DIRECTION('',(0.,1.,0.));
#6121 = ADVANCED_FACE('',(#6122),#6133,.F.);
#6122 = FACE_BOUND('',#6123,.F.);
#6123 = EDGE_LOOP('',(#6124,#6130,#6131,#6132));
#6124 = ORIENTED_EDGE('',*,*,#6125,.T.);
#6125 = EDGE_CURVE('',#5551,#5597,#6126,.T.);
#6126 = LINE('',#6127,#6128);
#6127 = CARTESIAN_POINT('',(-0.698564,0.170214,9.45));
#6128 = VECTOR('',#6129,1.);
#6129 = DIRECTION('',(0.,0.,-1.));
#6130 = ORIENTED_EDGE('',*,*,#5596,.T.);
#6131 = ORIENTED_EDGE('',*,*,#6125,.F.);
#6132 = ORIENTED_EDGE('',*,*,#5550,.F.);
#6133 = CYLINDRICAL_SURFACE('',#6134,0.698564);
#6134 = AXIS2_PLACEMENT_3D('',#6135,#6136,#6137);
#6135 = CARTESIAN_POINT('',(-2.E-17,0.170214,9.45));
#6136 = DIRECTION('',(0.,0.,1.));
#6137 = DIRECTION('',(-1.,0.,0.));
#6138 = ADVANCED_FACE('',(#6139),#6150,.F.);
#6139 = FACE_BOUND('',#6140,.F.);
#6140 = EDGE_LOOP('',(#6141,#6142,#6143,#6144));
#6141 = ORIENTED_EDGE('',*,*,#5829,.T.);
#6142 = ORIENTED_EDGE('',*,*,#5648,.T.);
#6143 = ORIENTED_EDGE('',*,*,#5682,.F.);
#6144 = ORIENTED_EDGE('',*,*,#6145,.F.);
#6145 = EDGE_CURVE('',#5830,#5683,#6146,.T.);
#6146 = LINE('',#6147,#6148);
#6147 = CARTESIAN_POINT('',(0.711761426375,1.011761426375,3.45));
#6148 = VECTOR('',#6149,1.);
#6149 = DIRECTION('',(0.,0.,1.));
#6150 = CYLINDRICAL_SURFACE('',#6151,0.391761426375);
#6151 = AXIS2_PLACEMENT_3D('',#6152,#6153,#6154);
#6152 = CARTESIAN_POINT('',(0.32,1.011761426375,3.45));
#6153 = DIRECTION('',(0.,0.,-1.));
#6154 = DIRECTION('',(-1.,0.,0.));
#6155 = ADVANCED_FACE('',(#6156),#6185,.F.);
#6156 = FACE_BOUND('',#6157,.F.);
#6157 = EDGE_LOOP('',(#6158,#6167,#6175,#6182,#6183,#6184));
#6158 = ORIENTED_EDGE('',*,*,#6159,.T.);
#6159 = EDGE_CURVE('',#5816,#6160,#6162,.T.);
#6160 = VERTEX_POINT('',#6161);
#6161 = CARTESIAN_POINT('',(0.4,1.114684484901,3.336392809704));
#6162 = CIRCLE('',#6163,0.166761426375);
#6163 = AXIS2_PLACEMENT_3D('',#6164,#6165,#6166);
#6164 = CARTESIAN_POINT('',(0.4,1.236761426375,3.45));
#6165 = DIRECTION('',(-1.,0.,0.));
#6166 = DIRECTION('',(0.,-1.,0.));
#6167 = ORIENTED_EDGE('',*,*,#6168,.T.);
#6168 = EDGE_CURVE('',#6160,#6169,#6171,.T.);
#6169 = VERTEX_POINT('',#6170);
#6170 = CARTESIAN_POINT('',(-0.4,1.114684484901,3.336392809704));
#6171 = LINE('',#6172,#6173);
#6172 = CARTESIAN_POINT('',(0.4,1.114684484901,3.336392809704));
#6173 = VECTOR('',#6174,1.);
#6174 = DIRECTION('',(-1.,0.,0.));
#6175 = ORIENTED_EDGE('',*,*,#6176,.F.);
#6176 = EDGE_CURVE('',#5888,#6169,#6177,.T.);
#6177 = CIRCLE('',#6178,0.166761426375);
#6178 = AXIS2_PLACEMENT_3D('',#6179,#6180,#6181);
#6179 = CARTESIAN_POINT('',(-0.4,1.236761426375,3.45));
#6180 = DIRECTION('',(-1.,0.,0.));
#6181 = DIRECTION('',(0.,-1.,0.));
#6182 = ORIENTED_EDGE('',*,*,#5887,.F.);
#6183 = ORIENTED_EDGE('',*,*,#5640,.F.);
#6184 = ORIENTED_EDGE('',*,*,#5823,.F.);
#6185 = CYLINDRICAL_SURFACE('',#6186,0.166761426375);
#6186 = AXIS2_PLACEMENT_3D('',#6187,#6188,#6189);
#6187 = CARTESIAN_POINT('',(0.4,1.236761426375,3.45));
#6188 = DIRECTION('',(1.,0.,-0.));
#6189 = DIRECTION('',(0.,-1.,0.));
#6190 = ADVANCED_FACE('',(#6191),#6202,.F.);
#6191 = FACE_BOUND('',#6192,.F.);
#6192 = EDGE_LOOP('',(#6193,#6194,#6200,#6201));
#6193 = ORIENTED_EDGE('',*,*,#5880,.T.);
#6194 = ORIENTED_EDGE('',*,*,#6195,.T.);
#6195 = EDGE_CURVE('',#5873,#5726,#6196,.T.);
#6196 = LINE('',#6197,#6198);
#6197 = CARTESIAN_POINT('',(-0.711761426375,1.011761426375,3.45));
#6198 = VECTOR('',#6199,1.);
#6199 = DIRECTION('',(0.,0.,1.));
#6200 = ORIENTED_EDGE('',*,*,#5733,.F.);
#6201 = ORIENTED_EDGE('',*,*,#5632,.F.);
#6202 = CYLINDRICAL_SURFACE('',#6203,0.391761426375);
#6203 = AXIS2_PLACEMENT_3D('',#6204,#6205,#6206);
#6204 = CARTESIAN_POINT('',(-0.32,1.011761426375,3.45));
#6205 = DIRECTION('',(0.,0.,-1.));
#6206 = DIRECTION('',(-1.,0.,0.));
#6207 = ADVANCED_FACE('',(#6208),#6219,.T.);
#6208 = FACE_BOUND('',#6209,.T.);
#6209 = EDGE_LOOP('',(#6210,#6211,#6212,#6213));
#6210 = ORIENTED_EDGE('',*,*,#5797,.T.);
#6211 = ORIENTED_EDGE('',*,*,#6108,.T.);
#6212 = ORIENTED_EDGE('',*,*,#5662,.F.);
#6213 = ORIENTED_EDGE('',*,*,#6214,.F.);
#6214 = EDGE_CURVE('',#5798,#5663,#6215,.T.);
#6215 = LINE('',#6216,#6217);
#6216 = CARTESIAN_POINT('',(0.32,-0.733238573625,3.45));
#6217 = VECTOR('',#6218,1.);
#6218 = DIRECTION('',(0.,0.,1.));
#6219 = CYLINDRICAL_SURFACE('',#6220,0.655);
#6220 = AXIS2_PLACEMENT_3D('',#6221,#6222,#6223);
#6221 = CARTESIAN_POINT('',(0.32,-7.823857362477E-02,3.45));
#6222 = DIRECTION('',(0.,0.,-1.));
#6223 = DIRECTION('',(-1.,0.,0.));
#6224 = ADVANCED_FACE('',(#6225),#6236,.F.);
#6225 = FACE_BOUND('',#6226,.F.);
#6226 = EDGE_LOOP('',(#6227,#6233,#6234,#6235));
#6227 = ORIENTED_EDGE('',*,*,#6228,.T.);
#6228 = EDGE_CURVE('',#5911,#5752,#6229,.T.);
#6229 = LINE('',#6230,#6231);
#6230 = CARTESIAN_POINT('',(-0.32,-0.733238573625,3.45));
#6231 = VECTOR('',#6232,1.);
#6232 = DIRECTION('',(0.,0.,1.));
#6233 = ORIENTED_EDGE('',*,*,#5760,.T.);
#6234 = ORIENTED_EDGE('',*,*,#6214,.F.);
#6235 = ORIENTED_EDGE('',*,*,#5919,.F.);
#6236 = PLANE('',#6237);
#6237 = AXIS2_PLACEMENT_3D('',#6238,#6239,#6240);
#6238 = CARTESIAN_POINT('',(-0.32,-0.733238573625,3.45));
#6239 = DIRECTION('',(0.,1.,0.));
#6240 = DIRECTION('',(1.,0.,0.));
#6241 = ADVANCED_FACE('',(#6242),#6248,.T.);
#6242 = FACE_BOUND('',#6243,.T.);
#6243 = EDGE_LOOP('',(#6244,#6245,#6246,#6247));
#6244 = ORIENTED_EDGE('',*,*,#5910,.T.);
#6245 = ORIENTED_EDGE('',*,*,#6228,.T.);
#6246 = ORIENTED_EDGE('',*,*,#5751,.F.);
#6247 = ORIENTED_EDGE('',*,*,#5935,.F.);
#6248 = CYLINDRICAL_SURFACE('',#6249,0.655);
#6249 = AXIS2_PLACEMENT_3D('',#6250,#6251,#6252);
#6250 = CARTESIAN_POINT('',(-0.32,-7.823857362477E-02,3.45));
#6251 = DIRECTION('',(0.,0.,-1.));
#6252 = DIRECTION('',(-1.,0.,0.));
#6253 = ADVANCED_FACE('',(#6254),#6265,.T.);
#6254 = FACE_BOUND('',#6255,.T.);
#6255 = EDGE_LOOP('',(#6256,#6257,#6258,#6264));
#6256 = ORIENTED_EDGE('',*,*,#6195,.T.);
#6257 = ORIENTED_EDGE('',*,*,#5725,.T.);
#6258 = ORIENTED_EDGE('',*,*,#6259,.F.);
#6259 = EDGE_CURVE('',#5864,#5717,#6260,.T.);
#6260 = LINE('',#6261,#6262);
#6261 = CARTESIAN_POINT('',(-0.711761426375,-7.823857362477E-02,3.45));
#6262 = VECTOR('',#6263,1.);
#6263 = DIRECTION('',(0.,0.,1.));
#6264 = ORIENTED_EDGE('',*,*,#5872,.F.);
#6265 = PLANE('',#6266);
#6266 = AXIS2_PLACEMENT_3D('',#6267,#6268,#6269);
#6267 = CARTESIAN_POINT('',(-0.711761426375,1.011761426375,3.45));
#6268 = DIRECTION('',(1.,0.,0.));
#6269 = DIRECTION('',(0.,-1.,0.));
#6270 = ADVANCED_FACE('',(#6271),#6282,.F.);
#6271 = FACE_BOUND('',#6272,.F.);
#6272 = EDGE_LOOP('',(#6273,#6274,#6280,#6281));
#6273 = ORIENTED_EDGE('',*,*,#5863,.T.);
#6274 = ORIENTED_EDGE('',*,*,#6275,.T.);
#6275 = EDGE_CURVE('',#5856,#5709,#6276,.T.);
#6276 = LINE('',#6277,#6278);
#6277 = CARTESIAN_POINT('',(-0.32,-0.47,3.45));
#6278 = VECTOR('',#6279,1.);
#6279 = DIRECTION('',(0.,0.,1.));
#6280 = ORIENTED_EDGE('',*,*,#5716,.F.);
#6281 = ORIENTED_EDGE('',*,*,#6259,.F.);
#6282 = CYLINDRICAL_SURFACE('',#6283,0.391761426375);
#6283 = AXIS2_PLACEMENT_3D('',#6284,#6285,#6286);
#6284 = CARTESIAN_POINT('',(-0.32,-7.823857362477E-02,3.45));
#6285 = DIRECTION('',(0.,0.,-1.));
#6286 = DIRECTION('',(-1.,0.,0.));
#6287 = ADVANCED_FACE('',(#6288),#6299,.T.);
#6288 = FACE_BOUND('',#6289,.T.);
#6289 = EDGE_LOOP('',(#6290,#6291,#6292,#6298));
#6290 = ORIENTED_EDGE('',*,*,#6275,.T.);
#6291 = ORIENTED_EDGE('',*,*,#5708,.T.);
#6292 = ORIENTED_EDGE('',*,*,#6293,.F.);
#6293 = EDGE_CURVE('',#5847,#5700,#6294,.T.);
#6294 = LINE('',#6295,#6296);
#6295 = CARTESIAN_POINT('',(0.32,-0.47,3.45));
#6296 = VECTOR('',#6297,1.);
#6297 = DIRECTION('',(0.,0.,1.));
#6298 = ORIENTED_EDGE('',*,*,#5855,.F.);
#6299 = PLANE('',#6300);
#6300 = AXIS2_PLACEMENT_3D('',#6301,#6302,#6303);
#6301 = CARTESIAN_POINT('',(-0.32,-0.47,3.45));
#6302 = DIRECTION('',(0.,1.,0.));
#6303 = DIRECTION('',(1.,0.,0.));
#6304 = ADVANCED_FACE('',(#6305),#6316,.F.);
#6305 = FACE_BOUND('',#6306,.F.);
#6306 = EDGE_LOOP('',(#6307,#6308,#6314,#6315));
#6307 = ORIENTED_EDGE('',*,*,#5846,.T.);
#6308 = ORIENTED_EDGE('',*,*,#6309,.T.);
#6309 = EDGE_CURVE('',#5839,#5692,#6310,.T.);
#6310 = LINE('',#6311,#6312);
#6311 = CARTESIAN_POINT('',(0.711761426375,-7.823857362477E-02,3.45));
#6312 = VECTOR('',#6313,1.);
#6313 = DIRECTION('',(0.,0.,1.));
#6314 = ORIENTED_EDGE('',*,*,#5699,.F.);
#6315 = ORIENTED_EDGE('',*,*,#6293,.F.);
#6316 = CYLINDRICAL_SURFACE('',#6317,0.391761426375);
#6317 = AXIS2_PLACEMENT_3D('',#6318,#6319,#6320);
#6318 = CARTESIAN_POINT('',(0.32,-7.823857362477E-02,3.45));
#6319 = DIRECTION('',(0.,0.,-1.));
#6320 = DIRECTION('',(-1.,0.,0.));
#6321 = ADVANCED_FACE('',(#6322),#6328,.T.);
#6322 = FACE_BOUND('',#6323,.T.);
#6323 = EDGE_LOOP('',(#6324,#6325,#6326,#6327));
#6324 = ORIENTED_EDGE('',*,*,#6309,.T.);
#6325 = ORIENTED_EDGE('',*,*,#5691,.T.);
#6326 = ORIENTED_EDGE('',*,*,#6145,.F.);
#6327 = ORIENTED_EDGE('',*,*,#5838,.F.);
#6328 = PLANE('',#6329);
#6329 = AXIS2_PLACEMENT_3D('',#6330,#6331,#6332);
#6330 = CARTESIAN_POINT('',(0.711761426375,-7.823857362477E-02,3.45));
#6331 = DIRECTION('',(-1.,0.,0.));
#6332 = DIRECTION('',(0.,1.,0.));
#6333 = ADVANCED_FACE('',(#6334),#6422,.T.);
#6334 = FACE_BOUND('',#6335,.F.);
#6335 = EDGE_LOOP('',(#6336,#6337,#6338,#6339,#6347,#6356,#6364,#6373,
    #6381,#6390,#6398,#6407,#6415));
#6336 = ORIENTED_EDGE('',*,*,#5783,.T.);
#6337 = ORIENTED_EDGE('',*,*,#5895,.T.);
#6338 = ORIENTED_EDGE('',*,*,#6176,.T.);
#6339 = ORIENTED_EDGE('',*,*,#6340,.T.);
#6340 = EDGE_CURVE('',#6169,#6341,#6343,.T.);
#6341 = VERTEX_POINT('',#6342);
#6342 = CARTESIAN_POINT('',(-0.4,0.507864340432,3.988453186061));
#6343 = LINE('',#6344,#6345);
#6344 = CARTESIAN_POINT('',(-0.4,1.114684484901,3.336392809704));
#6345 = VECTOR('',#6346,1.);
#6346 = DIRECTION('',(0.,-0.681255808167,0.73204543837));
#6347 = ORIENTED_EDGE('',*,*,#6348,.T.);
#6348 = EDGE_CURVE('',#6341,#6349,#6351,.T.);
#6349 = VERTEX_POINT('',#6350);
#6350 = CARTESIAN_POINT('',(-0.4,0.433238573625,4.178184));
#6351 = CIRCLE('',#6352,0.278501572631);
#6352 = AXIS2_PLACEMENT_3D('',#6353,#6354,#6355);
#6353 = CARTESIAN_POINT('',(-0.4,0.711740146256,4.178184));
#6354 = DIRECTION('',(-1.,0.,0.));
#6355 = DIRECTION('',(0.,-1.,0.));
#6356 = ORIENTED_EDGE('',*,*,#6357,.T.);
#6357 = EDGE_CURVE('',#6349,#6358,#6360,.T.);
#6358 = VERTEX_POINT('',#6359);
#6359 = CARTESIAN_POINT('',(-0.4,0.433238573625,4.685074494728));
#6360 = LINE('',#6361,#6362);
#6361 = CARTESIAN_POINT('',(-0.4,0.433238573625,4.178184));
#6362 = VECTOR('',#6363,1.);
#6363 = DIRECTION('',(0.,0.,1.));
#6364 = ORIENTED_EDGE('',*,*,#6365,.T.);
#6365 = EDGE_CURVE('',#6358,#6366,#6368,.T.);
#6366 = VERTEX_POINT('',#6367);
#6367 = CARTESIAN_POINT('',(-0.4,0.575234225212,4.952153180724));
#6368 = CIRCLE('',#6369,0.332497);
#6369 = AXIS2_PLACEMENT_3D('',#6370,#6371,#6372);
#6370 = CARTESIAN_POINT('',(-0.4,0.765690642056,4.679608490276));
#6371 = DIRECTION('',(-1.,0.,0.));
#6372 = DIRECTION('',(0.,-1.,0.));
#6373 = ORIENTED_EDGE('',*,*,#6374,.F.);
#6374 = EDGE_CURVE('',#6375,#6366,#6377,.T.);
#6375 = VERTEX_POINT('',#6376);
#6376 = CARTESIAN_POINT('',(-0.4,0.424460852439,5.167911110498));
#6377 = LINE('',#6378,#6379);
#6378 = CARTESIAN_POINT('',(-0.4,0.424460852439,5.167911110498));
#6379 = VECTOR('',#6380,1.);
#6380 = DIRECTION('',(-0.,0.572806421845,-0.819690675251));
#6381 = ORIENTED_EDGE('',*,*,#6382,.F.);
#6382 = EDGE_CURVE('',#6383,#6375,#6385,.T.);
#6383 = VERTEX_POINT('',#6384);
#6384 = CARTESIAN_POINT('',(-0.4,0.17,4.685074494728));
#6385 = CIRCLE('',#6386,0.595715719314);
#6386 = AXIS2_PLACEMENT_3D('',#6387,#6388,#6389);
#6387 = CARTESIAN_POINT('',(-0.4,0.765690642056,4.679608490276));
#6388 = DIRECTION('',(-1.,0.,0.));
#6389 = DIRECTION('',(0.,-1.,0.));
#6390 = ORIENTED_EDGE('',*,*,#6391,.F.);
#6391 = EDGE_CURVE('',#6392,#6383,#6394,.T.);
#6392 = VERTEX_POINT('',#6393);
#6393 = CARTESIAN_POINT('',(-0.4,0.17,4.178184));
#6394 = LINE('',#6395,#6396);
#6395 = CARTESIAN_POINT('',(-0.4,0.17,4.178184));
#6396 = VECTOR('',#6397,1.);
#6397 = DIRECTION('',(0.,-1.1E-16,1.));
#6398 = ORIENTED_EDGE('',*,*,#6399,.F.);
#6399 = EDGE_CURVE('',#6400,#6392,#6402,.T.);
#6400 = VERTEX_POINT('',#6401);
#6401 = CARTESIAN_POINT('',(-0.4,0.315161743407,3.809120378846));
#6402 = CIRCLE('',#6403,0.541740146256);
#6403 = AXIS2_PLACEMENT_3D('',#6404,#6405,#6406);
#6404 = CARTESIAN_POINT('',(-0.4,0.711740146256,4.178184));
#6405 = DIRECTION('',(-1.,0.,0.));
#6406 = DIRECTION('',(0.,-1.,0.));
#6407 = ORIENTED_EDGE('',*,*,#6408,.F.);
#6408 = EDGE_CURVE('',#6409,#6400,#6411,.T.);
#6409 = VERTEX_POINT('',#6410);
#6410 = CARTESIAN_POINT('',(-0.4,0.921981887876,3.157060002488));
#6411 = LINE('',#6412,#6413);
#6412 = CARTESIAN_POINT('',(-0.4,0.921981887876,3.157060002488));
#6413 = VECTOR('',#6414,1.);
#6414 = DIRECTION('',(0.,-0.681255808167,0.73204543837));
#6415 = ORIENTED_EDGE('',*,*,#6416,.F.);
#6416 = EDGE_CURVE('',#5776,#6409,#6417,.T.);
#6417 = CIRCLE('',#6418,0.43);
#6418 = AXIS2_PLACEMENT_3D('',#6419,#6420,#6421);
#6419 = CARTESIAN_POINT('',(-0.4,1.236761426375,3.45));
#6420 = DIRECTION('',(-1.,0.,0.));
#6421 = DIRECTION('',(0.,-1.,0.));
#6422 = PLANE('',#6423);
#6423 = AXIS2_PLACEMENT_3D('',#6424,#6425,#6426);
#6424 = CARTESIAN_POINT('',(-0.4,1.332356653177,5.661145307804));
#6425 = DIRECTION('',(-1.,0.,0.));
#6426 = DIRECTION('',(0.,0.,1.));
#6427 = ADVANCED_FACE('',(#6428),#6449,.T.);
#6428 = FACE_BOUND('',#6429,.T.);
#6429 = EDGE_LOOP('',(#6430,#6439,#6445,#6446,#6447,#6448));
#6430 = ORIENTED_EDGE('',*,*,#6431,.T.);
#6431 = EDGE_CURVE('',#6070,#6432,#6434,.T.);
#6432 = VERTEX_POINT('',#6433);
#6433 = CARTESIAN_POINT('',(0.4,0.921981887876,3.157060002488));
#6434 = CIRCLE('',#6435,0.43);
#6435 = AXIS2_PLACEMENT_3D('',#6436,#6437,#6438);
#6436 = CARTESIAN_POINT('',(0.4,1.236761426375,3.45));
#6437 = DIRECTION('',(-1.,0.,0.));
#6438 = DIRECTION('',(0.,-1.,0.));
#6439 = ORIENTED_EDGE('',*,*,#6440,.T.);
#6440 = EDGE_CURVE('',#6432,#6409,#6441,.T.);
#6441 = LINE('',#6442,#6443);
#6442 = CARTESIAN_POINT('',(0.4,0.921981887876,3.157060002488));
#6443 = VECTOR('',#6444,1.);
#6444 = DIRECTION('',(-1.,0.,0.));
#6445 = ORIENTED_EDGE('',*,*,#6416,.F.);
#6446 = ORIENTED_EDGE('',*,*,#5775,.F.);
#6447 = ORIENTED_EDGE('',*,*,#5998,.F.);
#6448 = ORIENTED_EDGE('',*,*,#6077,.F.);
#6449 = CYLINDRICAL_SURFACE('',#6450,0.43);
#6450 = AXIS2_PLACEMENT_3D('',#6451,#6452,#6453);
#6451 = CARTESIAN_POINT('',(0.4,1.236761426375,3.45));
#6452 = DIRECTION('',(1.,0.,-0.));
#6453 = DIRECTION('',(0.,-1.,0.));
#6454 = ADVANCED_FACE('',(#6455),#6535,.F.);
#6455 = FACE_BOUND('',#6456,.T.);
#6456 = EDGE_LOOP('',(#6457,#6458,#6459,#6460,#6468,#6477,#6485,#6494,
    #6502,#6511,#6519,#6528,#6534));
#6457 = ORIENTED_EDGE('',*,*,#6069,.T.);
#6458 = ORIENTED_EDGE('',*,*,#5815,.T.);
#6459 = ORIENTED_EDGE('',*,*,#6159,.T.);
#6460 = ORIENTED_EDGE('',*,*,#6461,.T.);
#6461 = EDGE_CURVE('',#6160,#6462,#6464,.T.);
#6462 = VERTEX_POINT('',#6463);
#6463 = CARTESIAN_POINT('',(0.4,0.507864340432,3.988453186061));
#6464 = LINE('',#6465,#6466);
#6465 = CARTESIAN_POINT('',(0.4,1.114684484901,3.336392809704));
#6466 = VECTOR('',#6467,1.);
#6467 = DIRECTION('',(0.,-0.681255808167,0.73204543837));
#6468 = ORIENTED_EDGE('',*,*,#6469,.T.);
#6469 = EDGE_CURVE('',#6462,#6470,#6472,.T.);
#6470 = VERTEX_POINT('',#6471);
#6471 = CARTESIAN_POINT('',(0.4,0.433238573625,4.178184));
#6472 = CIRCLE('',#6473,0.278501572631);
#6473 = AXIS2_PLACEMENT_3D('',#6474,#6475,#6476);
#6474 = CARTESIAN_POINT('',(0.4,0.711740146256,4.178184));
#6475 = DIRECTION('',(-1.,0.,0.));
#6476 = DIRECTION('',(0.,-1.,0.));
#6477 = ORIENTED_EDGE('',*,*,#6478,.T.);
#6478 = EDGE_CURVE('',#6470,#6479,#6481,.T.);
#6479 = VERTEX_POINT('',#6480);
#6480 = CARTESIAN_POINT('',(0.4,0.433238573625,4.685074494728));
#6481 = LINE('',#6482,#6483);
#6482 = CARTESIAN_POINT('',(0.4,0.433238573625,4.178184));
#6483 = VECTOR('',#6484,1.);
#6484 = DIRECTION('',(0.,0.,1.));
#6485 = ORIENTED_EDGE('',*,*,#6486,.T.);
#6486 = EDGE_CURVE('',#6479,#6487,#6489,.T.);
#6487 = VERTEX_POINT('',#6488);
#6488 = CARTESIAN_POINT('',(0.4,0.575234225212,4.952153180724));
#6489 = CIRCLE('',#6490,0.332497);
#6490 = AXIS2_PLACEMENT_3D('',#6491,#6492,#6493);
#6491 = CARTESIAN_POINT('',(0.4,0.765690642056,4.679608490276));
#6492 = DIRECTION('',(-1.,0.,0.));
#6493 = DIRECTION('',(0.,-1.,0.));
#6494 = ORIENTED_EDGE('',*,*,#6495,.F.);
#6495 = EDGE_CURVE('',#6496,#6487,#6498,.T.);
#6496 = VERTEX_POINT('',#6497);
#6497 = CARTESIAN_POINT('',(0.4,0.424460852439,5.167911110498));
#6498 = LINE('',#6499,#6500);
#6499 = CARTESIAN_POINT('',(0.4,0.424460852439,5.167911110498));
#6500 = VECTOR('',#6501,1.);
#6501 = DIRECTION('',(-0.,0.572806421845,-0.819690675251));
#6502 = ORIENTED_EDGE('',*,*,#6503,.F.);
#6503 = EDGE_CURVE('',#6504,#6496,#6506,.T.);
#6504 = VERTEX_POINT('',#6505);
#6505 = CARTESIAN_POINT('',(0.4,0.17,4.685074494728));
#6506 = CIRCLE('',#6507,0.595715719314);
#6507 = AXIS2_PLACEMENT_3D('',#6508,#6509,#6510);
#6508 = CARTESIAN_POINT('',(0.4,0.765690642056,4.679608490276));
#6509 = DIRECTION('',(-1.,0.,0.));
#6510 = DIRECTION('',(0.,-1.,0.));
#6511 = ORIENTED_EDGE('',*,*,#6512,.F.);
#6512 = EDGE_CURVE('',#6513,#6504,#6515,.T.);
#6513 = VERTEX_POINT('',#6514);
#6514 = CARTESIAN_POINT('',(0.4,0.17,4.178184));
#6515 = LINE('',#6516,#6517);
#6516 = CARTESIAN_POINT('',(0.4,0.17,4.178184));
#6517 = VECTOR('',#6518,1.);
#6518 = DIRECTION('',(0.,-1.1E-16,1.));
#6519 = ORIENTED_EDGE('',*,*,#6520,.F.);
#6520 = EDGE_CURVE('',#6521,#6513,#6523,.T.);
#6521 = VERTEX_POINT('',#6522);
#6522 = CARTESIAN_POINT('',(0.4,0.315161743407,3.809120378846));
#6523 = CIRCLE('',#6524,0.541740146256);
#6524 = AXIS2_PLACEMENT_3D('',#6525,#6526,#6527);
#6525 = CARTESIAN_POINT('',(0.4,0.711740146256,4.178184));
#6526 = DIRECTION('',(-1.,0.,0.));
#6527 = DIRECTION('',(0.,-1.,0.));
#6528 = ORIENTED_EDGE('',*,*,#6529,.F.);
#6529 = EDGE_CURVE('',#6432,#6521,#6530,.T.);
#6530 = LINE('',#6531,#6532);
#6531 = CARTESIAN_POINT('',(0.4,0.921981887876,3.157060002488));
#6532 = VECTOR('',#6533,1.);
#6533 = DIRECTION('',(0.,-0.681255808167,0.73204543837));
#6534 = ORIENTED_EDGE('',*,*,#6431,.F.);
#6535 = PLANE('',#6536);
#6536 = AXIS2_PLACEMENT_3D('',#6537,#6538,#6539);
#6537 = CARTESIAN_POINT('',(0.4,1.332356653177,5.661145307804));
#6538 = DIRECTION('',(-1.,0.,0.));
#6539 = DIRECTION('',(0.,0.,1.));
#6540 = ADVANCED_FACE('',(#6541),#6549,.T.);
#6541 = FACE_BOUND('',#6542,.T.);
#6542 = EDGE_LOOP('',(#6543,#6544,#6545,#6546,#6547,#6548));
#6543 = ORIENTED_EDGE('',*,*,#6094,.T.);
#6544 = ORIENTED_EDGE('',*,*,#6005,.T.);
#6545 = ORIENTED_EDGE('',*,*,#5982,.T.);
#6546 = ORIENTED_EDGE('',*,*,#5950,.T.);
#6547 = ORIENTED_EDGE('',*,*,#6052,.F.);
#6548 = ORIENTED_EDGE('',*,*,#6020,.F.);
#6549 = PLANE('',#6550);
#6550 = AXIS2_PLACEMENT_3D('',#6551,#6552,#6553);
#6551 = CARTESIAN_POINT('',(0.4,1.666761426375,3.732514167383));
#6552 = DIRECTION('',(-0.,0.8939086498,-0.448249178262));
#6553 = DIRECTION('',(0.,0.448249178262,0.8939086498));
#6554 = ADVANCED_FACE('',(#6555),#6566,.T.);
#6555 = FACE_BOUND('',#6556,.T.);
#6556 = EDGE_LOOP('',(#6557,#6558,#6559,#6565));
#6557 = ORIENTED_EDGE('',*,*,#6168,.T.);
#6558 = ORIENTED_EDGE('',*,*,#6340,.T.);
#6559 = ORIENTED_EDGE('',*,*,#6560,.F.);
#6560 = EDGE_CURVE('',#6462,#6341,#6561,.T.);
#6561 = LINE('',#6562,#6563);
#6562 = CARTESIAN_POINT('',(0.4,0.507864340432,3.988453186061));
#6563 = VECTOR('',#6564,1.);
#6564 = DIRECTION('',(-1.,0.,0.));
#6565 = ORIENTED_EDGE('',*,*,#6461,.F.);
#6566 = PLANE('',#6567);
#6567 = AXIS2_PLACEMENT_3D('',#6568,#6569,#6570);
#6568 = CARTESIAN_POINT('',(0.4,1.114684484901,3.336392809704));
#6569 = DIRECTION('',(0.,0.73204543837,0.681255808167));
#6570 = DIRECTION('',(0.,-0.681255808167,0.73204543837));
#6571 = ADVANCED_FACE('',(#6572),#6583,.F.);
#6572 = FACE_BOUND('',#6573,.F.);
#6573 = EDGE_LOOP('',(#6574,#6575,#6581,#6582));
#6574 = ORIENTED_EDGE('',*,*,#6469,.T.);
#6575 = ORIENTED_EDGE('',*,*,#6576,.T.);
#6576 = EDGE_CURVE('',#6470,#6349,#6577,.T.);
#6577 = LINE('',#6578,#6579);
#6578 = CARTESIAN_POINT('',(0.4,0.433238573625,4.178184));
#6579 = VECTOR('',#6580,1.);
#6580 = DIRECTION('',(-1.,0.,0.));
#6581 = ORIENTED_EDGE('',*,*,#6348,.F.);
#6582 = ORIENTED_EDGE('',*,*,#6560,.F.);
#6583 = CYLINDRICAL_SURFACE('',#6584,0.278501572631);
#6584 = AXIS2_PLACEMENT_3D('',#6585,#6586,#6587);
#6585 = CARTESIAN_POINT('',(0.4,0.711740146256,4.178184));
#6586 = DIRECTION('',(1.,0.,-0.));
#6587 = DIRECTION('',(0.,-1.,0.));
#6588 = ADVANCED_FACE('',(#6589),#6600,.T.);
#6589 = FACE_BOUND('',#6590,.T.);
#6590 = EDGE_LOOP('',(#6591,#6592,#6593,#6599));
#6591 = ORIENTED_EDGE('',*,*,#6576,.T.);
#6592 = ORIENTED_EDGE('',*,*,#6357,.T.);
#6593 = ORIENTED_EDGE('',*,*,#6594,.F.);
#6594 = EDGE_CURVE('',#6479,#6358,#6595,.T.);
#6595 = LINE('',#6596,#6597);
#6596 = CARTESIAN_POINT('',(0.4,0.433238573625,4.685074494728));
#6597 = VECTOR('',#6598,1.);
#6598 = DIRECTION('',(-1.,0.,0.));
#6599 = ORIENTED_EDGE('',*,*,#6478,.F.);
#6600 = PLANE('',#6601);
#6601 = AXIS2_PLACEMENT_3D('',#6602,#6603,#6604);
#6602 = CARTESIAN_POINT('',(0.4,0.433238573625,4.178184));
#6603 = DIRECTION('',(0.,1.,0.));
#6604 = DIRECTION('',(0.,-0.,1.));
#6605 = ADVANCED_FACE('',(#6606),#6617,.F.);
#6606 = FACE_BOUND('',#6607,.F.);
#6607 = EDGE_LOOP('',(#6608,#6609,#6615,#6616));
#6608 = ORIENTED_EDGE('',*,*,#6486,.T.);
#6609 = ORIENTED_EDGE('',*,*,#6610,.T.);
#6610 = EDGE_CURVE('',#6487,#6366,#6611,.T.);
#6611 = LINE('',#6612,#6613);
#6612 = CARTESIAN_POINT('',(0.4,0.575234225212,4.952153180724));
#6613 = VECTOR('',#6614,1.);
#6614 = DIRECTION('',(-1.,0.,0.));
#6615 = ORIENTED_EDGE('',*,*,#6365,.F.);
#6616 = ORIENTED_EDGE('',*,*,#6594,.F.);
#6617 = CYLINDRICAL_SURFACE('',#6618,0.332497);
#6618 = AXIS2_PLACEMENT_3D('',#6619,#6620,#6621);
#6619 = CARTESIAN_POINT('',(0.4,0.765690642056,4.679608490276));
#6620 = DIRECTION('',(1.,0.,-0.));
#6621 = DIRECTION('',(0.,-1.,0.));
#6622 = ADVANCED_FACE('',(#6623),#6634,.F.);
#6623 = FACE_BOUND('',#6624,.F.);
#6624 = EDGE_LOOP('',(#6625,#6631,#6632,#6633));
#6625 = ORIENTED_EDGE('',*,*,#6626,.T.);
#6626 = EDGE_CURVE('',#6496,#6375,#6627,.T.);
#6627 = LINE('',#6628,#6629);
#6628 = CARTESIAN_POINT('',(0.4,0.424460852439,5.167911110498));
#6629 = VECTOR('',#6630,1.);
#6630 = DIRECTION('',(-1.,0.,0.));
#6631 = ORIENTED_EDGE('',*,*,#6374,.T.);
#6632 = ORIENTED_EDGE('',*,*,#6610,.F.);
#6633 = ORIENTED_EDGE('',*,*,#6495,.F.);
#6634 = PLANE('',#6635);
#6635 = AXIS2_PLACEMENT_3D('',#6636,#6637,#6638);
#6636 = CARTESIAN_POINT('',(0.4,0.424460852439,5.167911110498));
#6637 = DIRECTION('',(0.,-0.819690675251,-0.572806421845));
#6638 = DIRECTION('',(-0.,0.572806421845,-0.819690675251));
#6639 = ADVANCED_FACE('',(#6640),#6651,.T.);
#6640 = FACE_BOUND('',#6641,.T.);
#6641 = EDGE_LOOP('',(#6642,#6643,#6644,#6645));
#6642 = ORIENTED_EDGE('',*,*,#6503,.T.);
#6643 = ORIENTED_EDGE('',*,*,#6626,.T.);
#6644 = ORIENTED_EDGE('',*,*,#6382,.F.);
#6645 = ORIENTED_EDGE('',*,*,#6646,.F.);
#6646 = EDGE_CURVE('',#6504,#6383,#6647,.T.);
#6647 = LINE('',#6648,#6649);
#6648 = CARTESIAN_POINT('',(0.4,0.17,4.685074494728));
#6649 = VECTOR('',#6650,1.);
#6650 = DIRECTION('',(-1.,0.,0.));
#6651 = CYLINDRICAL_SURFACE('',#6652,0.595715719314);
#6652 = AXIS2_PLACEMENT_3D('',#6653,#6654,#6655);
#6653 = CARTESIAN_POINT('',(0.4,0.765690642056,4.679608490276));
#6654 = DIRECTION('',(1.,0.,-0.));
#6655 = DIRECTION('',(0.,-1.,0.));
#6656 = ADVANCED_FACE('',(#6657),#6668,.F.);
#6657 = FACE_BOUND('',#6658,.F.);
#6658 = EDGE_LOOP('',(#6659,#6665,#6666,#6667));
#6659 = ORIENTED_EDGE('',*,*,#6660,.T.);
#6660 = EDGE_CURVE('',#6513,#6392,#6661,.T.);
#6661 = LINE('',#6662,#6663);
#6662 = CARTESIAN_POINT('',(0.4,0.17,4.178184));
#6663 = VECTOR('',#6664,1.);
#6664 = DIRECTION('',(-1.,0.,0.));
#6665 = ORIENTED_EDGE('',*,*,#6391,.T.);
#6666 = ORIENTED_EDGE('',*,*,#6646,.F.);
#6667 = ORIENTED_EDGE('',*,*,#6512,.F.);
#6668 = PLANE('',#6669);
#6669 = AXIS2_PLACEMENT_3D('',#6670,#6671,#6672);
#6670 = CARTESIAN_POINT('',(0.4,0.17,4.178184));
#6671 = DIRECTION('',(0.,1.,1.1E-16));
#6672 = DIRECTION('',(0.,-1.1E-16,1.));
#6673 = ADVANCED_FACE('',(#6674),#6685,.T.);
#6674 = FACE_BOUND('',#6675,.T.);
#6675 = EDGE_LOOP('',(#6676,#6677,#6678,#6679));
#6676 = ORIENTED_EDGE('',*,*,#6520,.T.);
#6677 = ORIENTED_EDGE('',*,*,#6660,.T.);
#6678 = ORIENTED_EDGE('',*,*,#6399,.F.);
#6679 = ORIENTED_EDGE('',*,*,#6680,.F.);
#6680 = EDGE_CURVE('',#6521,#6400,#6681,.T.);
#6681 = LINE('',#6682,#6683);
#6682 = CARTESIAN_POINT('',(0.4,0.315161743407,3.809120378846));
#6683 = VECTOR('',#6684,1.);
#6684 = DIRECTION('',(-1.,0.,0.));
#6685 = CYLINDRICAL_SURFACE('',#6686,0.541740146256);
#6686 = AXIS2_PLACEMENT_3D('',#6687,#6688,#6689);
#6687 = CARTESIAN_POINT('',(0.4,0.711740146256,4.178184));
#6688 = DIRECTION('',(1.,0.,-0.));
#6689 = DIRECTION('',(0.,-1.,0.));
#6690 = ADVANCED_FACE('',(#6691),#6697,.F.);
#6691 = FACE_BOUND('',#6692,.F.);
#6692 = EDGE_LOOP('',(#6693,#6694,#6695,#6696));
#6693 = ORIENTED_EDGE('',*,*,#6440,.T.);
#6694 = ORIENTED_EDGE('',*,*,#6408,.T.);
#6695 = ORIENTED_EDGE('',*,*,#6680,.F.);
#6696 = ORIENTED_EDGE('',*,*,#6529,.F.);
#6697 = PLANE('',#6698);
#6698 = AXIS2_PLACEMENT_3D('',#6699,#6700,#6701);
#6699 = CARTESIAN_POINT('',(0.4,0.921981887876,3.157060002488));
#6700 = DIRECTION('',(0.,0.73204543837,0.681255808167));
#6701 = DIRECTION('',(0.,-0.681255808167,0.73204543837));
#6702 = ( GEOMETRIC_REPRESENTATION_CONTEXT(3) 
GLOBAL_UNCERTAINTY_ASSIGNED_CONTEXT((#6706)) 
GLOBAL_UNIT_ASSIGNED_CONTEXT((#6703,#6704,#6705)) REPRESENTATION_CONTEXT
('Context #1','3D Context with UNIT and UNCERTAINTY') );
#6703 = ( LENGTH_UNIT() NAMED_UNIT(*) SI_UNIT(.MILLI.,.METRE.) );
#6704 = ( NAMED_UNIT(*) PLANE_ANGLE_UNIT() SI_UNIT($,.RADIAN.) );
#6705 = ( NAMED_UNIT(*) SI_UNIT($,.STERADIAN.) SOLID_ANGLE_UNIT() );
#6706 = UNCERTAINTY_MEASURE_WITH_UNIT(LENGTH_MEASURE(1.E-07),#6703,
  'distance_accuracy_value','confusion accuracy');
#6707 = CONTEXT_DEPENDENT_SHAPE_REPRESENTATION(#6708,#6710);
#6708 = ( REPRESENTATION_RELATIONSHIP('','',#5095,#5052) 
REPRESENTATION_RELATIONSHIP_WITH_TRANSFORMATION(#6709) 
SHAPE_REPRESENTATION_RELATIONSHIP() );
#6709 = ITEM_DEFINED_TRANSFORMATION('','',#11,#5053);
#6710 = PRODUCT_DEFINITION_SHAPE('Placement','Placement of an item',
  #6711);
#6711 = NEXT_ASSEMBLY_USAGE_OCCURRENCE('119','0','',#5047,#5090,$);
#6712 = PRODUCT_RELATED_PRODUCT_CATEGORY('part',$,(#5092));
#6713 = CONTEXT_DEPENDENT_SHAPE_REPRESENTATION(#6714,#6716);
#6714 = ( REPRESENTATION_RELATIONSHIP('','',#5095,#5052) 
REPRESENTATION_RELATIONSHIP_WITH_TRANSFORMATION(#6715) 
SHAPE_REPRESENTATION_RELATIONSHIP() );
#6715 = ITEM_DEFINED_TRANSFORMATION('','',#11,#5057);
#6716 = PRODUCT_DEFINITION_SHAPE('Placement','Placement of an item',
  #6717);
#6717 = NEXT_ASSEMBLY_USAGE_OCCURRENCE('120','1','',#5047,#5090,$);
#6718 = CONTEXT_DEPENDENT_SHAPE_REPRESENTATION(#6719,#6721);
#6719 = ( REPRESENTATION_RELATIONSHIP('','',#5095,#5052) 
REPRESENTATION_RELATIONSHIP_WITH_TRANSFORMATION(#6720) 
SHAPE_REPRESENTATION_RELATIONSHIP() );
#6720 = ITEM_DEFINED_TRANSFORMATION('','',#11,#5061);
#6721 = PRODUCT_DEFINITION_SHAPE('Placement','Placement of an item',
  #6722);
#6722 = NEXT_ASSEMBLY_USAGE_OCCURRENCE('121','2','',#5047,#5090,$);
#6723 = CONTEXT_DEPENDENT_SHAPE_REPRESENTATION(#6724,#6726);
#6724 = ( REPRESENTATION_RELATIONSHIP('','',#5095,#5052) 
REPRESENTATION_RELATIONSHIP_WITH_TRANSFORMATION(#6725) 
SHAPE_REPRESENTATION_RELATIONSHIP() );
#6725 = ITEM_DEFINED_TRANSFORMATION('','',#11,#5065);
#6726 = PRODUCT_DEFINITION_SHAPE('Placement','Placement of an item',
  #6727);
#6727 = NEXT_ASSEMBLY_USAGE_OCCURRENCE('122','3','',#5047,#5090,$);
#6728 = CONTEXT_DEPENDENT_SHAPE_REPRESENTATION(#6729,#6731);
#6729 = ( REPRESENTATION_RELATIONSHIP('','',#5095,#5052) 
REPRESENTATION_RELATIONSHIP_WITH_TRANSFORMATION(#6730) 
SHAPE_REPRESENTATION_RELATIONSHIP() );
#6730 = ITEM_DEFINED_TRANSFORMATION('','',#11,#5069);
#6731 = PRODUCT_DEFINITION_SHAPE('Placement','Placement of an item',
  #6732);
#6732 = NEXT_ASSEMBLY_USAGE_OCCURRENCE('123','4','',#5047,#5090,$);
#6733 = CONTEXT_DEPENDENT_SHAPE_REPRESENTATION(#6734,#6736);
#6734 = ( REPRESENTATION_RELATIONSHIP('','',#5095,#5052) 
REPRESENTATION_RELATIONSHIP_WITH_TRANSFORMATION(#6735) 
SHAPE_REPRESENTATION_RELATIONSHIP() );
#6735 = ITEM_DEFINED_TRANSFORMATION('','',#11,#5073);
#6736 = PRODUCT_DEFINITION_SHAPE('Placement','Placement of an item',
  #6737);
#6737 = NEXT_ASSEMBLY_USAGE_OCCURRENCE('124','5','',#5047,#5090,$);
#6738 = MECHANICAL_DESIGN_GEOMETRIC_PRESENTATION_REPRESENTATION('',(
    #6739),#6702);
#6739 = STYLED_ITEM('color',(#6740),#5096);
#6740 = PRESENTATION_STYLE_ASSIGNMENT((#6741,#6747));
#6741 = SURFACE_STYLE_USAGE(.BOTH.,#6742);
#6742 = SURFACE_SIDE_STYLE('',(#6743));
#6743 = SURFACE_STYLE_FILL_AREA(#6744);
#6744 = FILL_AREA_STYLE('',(#6745));
#6745 = FILL_AREA_STYLE_COLOUR('',#6746);
#6746 = COLOUR_RGB('',0.399999997426,0.274509816483,0.);
#6747 = CURVE_STYLE('',#6748,POSITIVE_LENGTH_MEASURE(0.1),#6749);
#6748 = DRAUGHTING_PRE_DEFINED_CURVE_FONT('continuous');
#6749 = COLOUR_RGB('',9.803921802644E-02,9.803921802644E-02,
  9.803921802644E-02);
#6750 = MECHANICAL_DESIGN_GEOMETRIC_PRESENTATION_REPRESENTATION('',(
    #6751),#5034);
#6751 = STYLED_ITEM('color',(#6752),#37);
#6752 = PRESENTATION_STYLE_ASSIGNMENT((#6753,#6759));
#6753 = SURFACE_STYLE_USAGE(.BOTH.,#6754);
#6754 = SURFACE_SIDE_STYLE('',(#6755));
#6755 = SURFACE_STYLE_FILL_AREA(#6756);
#6756 = FILL_AREA_STYLE('',(#6757));
#6757 = FILL_AREA_STYLE_COLOUR('',#6758);
#6758 = DRAUGHTING_PRE_DEFINED_COLOUR('white');
#6759 = CURVE_STYLE('',#6760,POSITIVE_LENGTH_MEASURE(0.1),#6749);
#6760 = DRAUGHTING_PRE_DEFINED_CURVE_FONT('continuous');
ENDSEC;
END-ISO-10303-21;
