ISO-10303-21;
HEADER;
FILE_DESCRIPTION(('FreeCAD Model'),'2;1');
FILE_NAME('Open CASCADE Shape Model','2026-06-29T20:56:34',(''),(''),
  'Open CASCADE STEP processor 7.8','FreeCAD','Unknown');
FILE_SCHEMA(('AUTOMOTIVE_DESIGN { 1 0 10303 214 1 1 1 1 }'));
ENDSEC;
DATA;
#1 = APPLICATION_PROTOCOL_DEFINITION('international standard',
  'automotive_design',2000,#2);
#2 = APPLICATION_CONTEXT(
  'core data for automotive mechanical design processes');
#3 = SHAPE_DEFINITION_REPRESENTATION(#4,#10);
#4 = PRODUCT_DEFINITION_SHAPE('','',#5);
#5 = PRODUCT_DEFINITION('design','',#6,#9);
#6 = PRODUCT_DEFINITION_FORMATION('','',#7);
#7 = PRODUCT('XH_top_entry','XH_top_entry','',(#8));
#8 = PRODUCT_CONTEXT('',#2,'mechanical');
#9 = PRODUCT_DEFINITION_CONTEXT('part definition',#2,'design');
#10 = SHAPE_REPRESENTATION('',(#11,#15,#19),#23);
#11 = AXIS2_PLACEMENT_3D('',#12,#13,#14);
#12 = CARTESIAN_POINT('',(0.,0.,0.));
#13 = DIRECTION('',(0.,0.,1.));
#14 = DIRECTION('',(1.,0.,-0.));
#15 = AXIS2_PLACEMENT_3D('',#16,#17,#18);
#16 = CARTESIAN_POINT('',(12.5,0.,0.));
#17 = DIRECTION('',(0.,0.,1.));
#18 = DIRECTION('',(-1.,1.224646799147E-16,0.));
#19 = AXIS2_PLACEMENT_3D('',#20,#21,#22);
#20 = CARTESIAN_POINT('',(0.,0.,0.));
#21 = DIRECTION('',(0.,0.,1.));
#22 = DIRECTION('',(1.,0.,0.));
#23 = ( GEOMETRIC_REPRESENTATION_CONTEXT(3) 
GLOBAL_UNCERTAINTY_ASSIGNED_CONTEXT((#27)) GLOBAL_UNIT_ASSIGNED_CONTEXT(
(#24,#25,#26)) REPRESENTATION_CONTEXT('Context #1',
  '3D Context with UNIT and UNCERTAINTY') );
#24 = ( LENGTH_UNIT() NAMED_UNIT(*) SI_UNIT(.MILLI.,.METRE.) );
#25 = ( NAMED_UNIT(*) PLANE_ANGLE_UNIT() SI_UNIT($,.RADIAN.) );
#26 = ( NAMED_UNIT(*) SI_UNIT($,.STERADIAN.) SOLID_ANGLE_UNIT() );
#27 = UNCERTAINTY_MEASURE_WITH_UNIT(LENGTH_MEASURE(2.E-06),#24,
  'distance_accuracy_value','confusion accuracy');
#28 = PRODUCT_RELATED_PRODUCT_CATEGORY('part',$,(#7));
#29 = SHAPE_DEFINITION_REPRESENTATION(#30,#36);
#30 = PRODUCT_DEFINITION_SHAPE('','',#31);
#31 = PRODUCT_DEFINITION('design','',#32,#35);
#32 = PRODUCT_DEFINITION_FORMATION('','',#33);
#33 = PRODUCT('Top_entry_base','Top_entry_base','',(#34));
#34 = PRODUCT_CONTEXT('',#2,'mechanical');
#35 = PRODUCT_DEFINITION_CONTEXT('part definition',#2,'design');
#36 = ADVANCED_BREP_SHAPE_REPRESENTATION('',(#11,#37),#3340);
#37 = MANIFOLD_SOLID_BREP('',#38);
#38 = CLOSED_SHELL('',(#39,#129,#168,#192,#249,#273,#298,#322,#538,#570,
    #595,#645,#718,#735,#760,#1097,#1128,#1140,#1164,#1230,#1248,#1281,
    #1305,#1336,#1353,#1386,#1419,#1443,#1467,#1498,#1529,#1546,#1563,
    #1596,#1629,#1653,#1677,#1708,#1739,#1756,#1773,#1806,#1839,#1856,
    #1873,#1904,#1916,#1933,#1950,#2088,#2304,#2321,#2338,#2355,#2372,
    #2389,#2406,#2423,#2440,#2457,#2474,#2491,#2508,#2525,#2542,#2559,
    #2576,#2593,#2610,#2627,#2644,#2656,#2702,#2748,#2794,#2840,#2886,
    #2932,#2954,#2971,#2988,#3000,#3022,#3039,#3056,#3068,#3090,#3107,
    #3124,#3136,#3158,#3175,#3192,#3204,#3226,#3243,#3260,#3272,#3294,
    #3311,#3328));
#39 = ADVANCED_FACE('',(#40),#124,.T.);
#40 = FACE_BOUND('',#41,.T.);
#41 = EDGE_LOOP('',(#42,#52,#60,#68,#76,#84,#92,#101,#109,#118));
#42 = ORIENTED_EDGE('',*,*,#43,.T.);
#43 = EDGE_CURVE('',#44,#46,#48,.T.);
#44 = VERTEX_POINT('',#45);
#45 = CARTESIAN_POINT('',(-2.45,-0.7,7.));
#46 = VERTEX_POINT('',#47);
#47 = CARTESIAN_POINT('',(-2.,-0.7,7.));
#48 = LINE('',#49,#50);
#49 = CARTESIAN_POINT('',(-5.,-0.7,7.));
#50 = VECTOR('',#51,1.);
#51 = DIRECTION('',(1.,0.,0.));
#52 = ORIENTED_EDGE('',*,*,#53,.F.);
#53 = EDGE_CURVE('',#54,#46,#56,.T.);
#54 = VERTEX_POINT('',#55);
#55 = CARTESIAN_POINT('',(-2.,2.95,7.));
#56 = LINE('',#57,#58);
#57 = CARTESIAN_POINT('',(-2.,2.65,7.));
#58 = VECTOR('',#59,1.);
#59 = DIRECTION('',(0.,-1.,0.));
#60 = ORIENTED_EDGE('',*,*,#61,.T.);
#61 = EDGE_CURVE('',#54,#62,#64,.T.);
#62 = VERTEX_POINT('',#63);
#63 = CARTESIAN_POINT('',(14.5,2.95,7.));
#64 = LINE('',#65,#66);
#65 = CARTESIAN_POINT('',(-1.7,2.95,7.));
#66 = VECTOR('',#67,1.);
#67 = DIRECTION('',(1.,0.,0.));
#68 = ORIENTED_EDGE('',*,*,#69,.T.);
#69 = EDGE_CURVE('',#62,#70,#72,.T.);
#70 = VERTEX_POINT('',#71);
#71 = CARTESIAN_POINT('',(14.5,-0.7,7.));
#72 = LINE('',#73,#74);
#73 = CARTESIAN_POINT('',(14.5,2.65,7.));
#74 = VECTOR('',#75,1.);
#75 = DIRECTION('',(0.,-1.,0.));
#76 = ORIENTED_EDGE('',*,*,#77,.T.);
#77 = EDGE_CURVE('',#70,#78,#80,.T.);
#78 = VERTEX_POINT('',#79);
#79 = CARTESIAN_POINT('',(14.95,-0.7,7.));
#80 = LINE('',#81,#82);
#81 = CARTESIAN_POINT('',(-5.,-0.7,7.));
#82 = VECTOR('',#83,1.);
#83 = DIRECTION('',(1.,0.,0.));
#84 = ORIENTED_EDGE('',*,*,#85,.T.);
#85 = EDGE_CURVE('',#78,#86,#88,.T.);
#86 = VERTEX_POINT('',#87);
#87 = CARTESIAN_POINT('',(14.95,2.9,7.));
#88 = LINE('',#89,#90);
#89 = CARTESIAN_POINT('',(14.95,-2.35,7.));
#90 = VECTOR('',#91,1.);
#91 = DIRECTION('',(0.,1.,0.));
#92 = ORIENTED_EDGE('',*,*,#93,.T.);
#93 = EDGE_CURVE('',#86,#94,#96,.T.);
#94 = VERTEX_POINT('',#95);
#95 = CARTESIAN_POINT('',(14.45,3.4,7.));
#96 = CIRCLE('',#97,0.5);
#97 = AXIS2_PLACEMENT_3D('',#98,#99,#100);
#98 = CARTESIAN_POINT('',(14.45,2.9,7.));
#99 = DIRECTION('',(-0.,0.,1.));
#100 = DIRECTION('',(0.,-1.,0.));
#101 = ORIENTED_EDGE('',*,*,#102,.T.);
#102 = EDGE_CURVE('',#94,#103,#105,.T.);
#103 = VERTEX_POINT('',#104);
#104 = CARTESIAN_POINT('',(-1.95,3.4,7.));
#105 = LINE('',#106,#107);
#106 = CARTESIAN_POINT('',(14.95,3.4,7.));
#107 = VECTOR('',#108,1.);
#108 = DIRECTION('',(-1.,0.,0.));
#109 = ORIENTED_EDGE('',*,*,#110,.F.);
#110 = EDGE_CURVE('',#111,#103,#113,.T.);
#111 = VERTEX_POINT('',#112);
#112 = CARTESIAN_POINT('',(-2.45,2.9,7.));
#113 = CIRCLE('',#114,0.5);
#114 = AXIS2_PLACEMENT_3D('',#115,#116,#117);
#115 = CARTESIAN_POINT('',(-1.95,2.9,7.));
#116 = DIRECTION('',(-0.,-0.,-1.));
#117 = DIRECTION('',(0.,-1.,0.));
#118 = ORIENTED_EDGE('',*,*,#119,.T.);
#119 = EDGE_CURVE('',#111,#44,#120,.T.);
#120 = LINE('',#121,#122);
#121 = CARTESIAN_POINT('',(-2.45,3.4,7.));
#122 = VECTOR('',#123,1.);
#123 = DIRECTION('',(0.,-1.,0.));
#124 = PLANE('',#125);
#125 = AXIS2_PLACEMENT_3D('',#126,#127,#128);
#126 = CARTESIAN_POINT('',(6.25,0.525,7.));
#127 = DIRECTION('',(0.,0.,1.));
#128 = DIRECTION('',(1.,0.,0.));
#129 = ADVANCED_FACE('',(#130),#163,.T.);
#130 = FACE_BOUND('',#131,.T.);
#131 = EDGE_LOOP('',(#132,#133,#141,#149,#157));
#132 = ORIENTED_EDGE('',*,*,#43,.F.);
#133 = ORIENTED_EDGE('',*,*,#134,.T.);
#134 = EDGE_CURVE('',#44,#135,#137,.T.);
#135 = VERTEX_POINT('',#136);
#136 = CARTESIAN_POINT('',(-2.45,-0.7,3.9));
#137 = LINE('',#138,#139);
#138 = CARTESIAN_POINT('',(-2.45,-0.7,1.95));
#139 = VECTOR('',#140,1.);
#140 = DIRECTION('',(0.,0.,-1.));
#141 = ORIENTED_EDGE('',*,*,#142,.T.);
#142 = EDGE_CURVE('',#135,#143,#145,.T.);
#143 = VERTEX_POINT('',#144);
#144 = CARTESIAN_POINT('',(-1.7,-0.7,3.9));
#145 = LINE('',#146,#147);
#146 = CARTESIAN_POINT('',(-5.,-0.7,3.9));
#147 = VECTOR('',#148,1.);
#148 = DIRECTION('',(1.,0.,0.));
#149 = ORIENTED_EDGE('',*,*,#150,.F.);
#150 = EDGE_CURVE('',#151,#143,#153,.T.);
#151 = VERTEX_POINT('',#152);
#152 = CARTESIAN_POINT('',(-1.7,-0.7,6.5));
#153 = LINE('',#154,#155);
#154 = CARTESIAN_POINT('',(-1.7,-0.7,4.067949337881));
#155 = VECTOR('',#156,1.);
#156 = DIRECTION('',(0.,0.,-1.));
#157 = ORIENTED_EDGE('',*,*,#158,.F.);
#158 = EDGE_CURVE('',#46,#151,#159,.T.);
#159 = LINE('',#160,#161);
#160 = CARTESIAN_POINT('',(-1.638235294118,-0.7,6.397058823529));
#161 = VECTOR('',#162,1.);
#162 = DIRECTION('',(0.514495755428,0.,-0.857492925713));
#163 = PLANE('',#164);
#164 = AXIS2_PLACEMENT_3D('',#165,#166,#167);
#165 = CARTESIAN_POINT('',(-5.,-0.7,3.9));
#166 = DIRECTION('',(0.,-1.,0.));
#167 = DIRECTION('',(0.,0.,1.));
#168 = ADVANCED_FACE('',(#169),#187,.T.);
#169 = FACE_BOUND('',#170,.T.);
#170 = EDGE_LOOP('',(#171,#179,#180,#181));
#171 = ORIENTED_EDGE('',*,*,#172,.F.);
#172 = EDGE_CURVE('',#54,#173,#175,.T.);
#173 = VERTEX_POINT('',#174);
#174 = CARTESIAN_POINT('',(-1.7,2.65,6.5));
#175 = LINE('',#176,#177);
#176 = CARTESIAN_POINT('',(-1.818604651163,2.768604651163,6.697674418605
    ));
#177 = VECTOR('',#178,1.);
#178 = DIRECTION('',(0.457495710998,-0.457495710998,-0.762492851663));
#179 = ORIENTED_EDGE('',*,*,#53,.T.);
#180 = ORIENTED_EDGE('',*,*,#158,.T.);
#181 = ORIENTED_EDGE('',*,*,#182,.F.);
#182 = EDGE_CURVE('',#173,#151,#183,.T.);
#183 = LINE('',#184,#185);
#184 = CARTESIAN_POINT('',(-1.7,2.65,6.5));
#185 = VECTOR('',#186,1.);
#186 = DIRECTION('',(0.,-1.,0.));
#187 = PLANE('',#188);
#188 = AXIS2_PLACEMENT_3D('',#189,#190,#191);
#189 = CARTESIAN_POINT('',(-1.85,2.65,6.75));
#190 = DIRECTION('',(0.857492925713,-3.475340006926E-18,0.514495755428)
  );
#191 = DIRECTION('',(-2.980079470385E-18,-1.,-1.788047682231E-18));
#192 = ADVANCED_FACE('',(#193),#244,.F.);
#193 = FACE_BOUND('',#194,.F.);
#194 = EDGE_LOOP('',(#195,#205,#211,#212,#213,#222,#230,#238));
#195 = ORIENTED_EDGE('',*,*,#196,.F.);
#196 = EDGE_CURVE('',#197,#199,#201,.T.);
#197 = VERTEX_POINT('',#198);
#198 = CARTESIAN_POINT('',(-2.45,2.9,0.));
#199 = VERTEX_POINT('',#200);
#200 = CARTESIAN_POINT('',(-2.45,-2.35,0.));
#201 = LINE('',#202,#203);
#202 = CARTESIAN_POINT('',(-2.45,3.4,0.));
#203 = VECTOR('',#204,1.);
#204 = DIRECTION('',(0.,-1.,0.));
#205 = ORIENTED_EDGE('',*,*,#206,.T.);
#206 = EDGE_CURVE('',#197,#111,#207,.T.);
#207 = LINE('',#208,#209);
#208 = CARTESIAN_POINT('',(-2.45,2.9,0.));
#209 = VECTOR('',#210,1.);
#210 = DIRECTION('',(0.,0.,1.));
#211 = ORIENTED_EDGE('',*,*,#119,.T.);
#212 = ORIENTED_EDGE('',*,*,#134,.T.);
#213 = ORIENTED_EDGE('',*,*,#214,.T.);
#214 = EDGE_CURVE('',#135,#215,#217,.T.);
#215 = VERTEX_POINT('',#216);
#216 = CARTESIAN_POINT('',(-2.45,-1.549999999998,4.749999999997));
#217 = CIRCLE('',#218,0.849999999998);
#218 = AXIS2_PLACEMENT_3D('',#219,#220,#221);
#219 = CARTESIAN_POINT('',(-2.45,-0.7,4.749999999998));
#220 = DIRECTION('',(-1.,0.,0.));
#221 = DIRECTION('',(0.,1.,0.));
#222 = ORIENTED_EDGE('',*,*,#223,.T.);
#223 = EDGE_CURVE('',#215,#224,#226,.T.);
#224 = VERTEX_POINT('',#225);
#225 = CARTESIAN_POINT('',(-2.45,-1.549999999998,7.));
#226 = LINE('',#227,#228);
#227 = CARTESIAN_POINT('',(-2.45,-1.549999999998,3.5));
#228 = VECTOR('',#229,1.);
#229 = DIRECTION('',(0.,0.,1.));
#230 = ORIENTED_EDGE('',*,*,#231,.T.);
#231 = EDGE_CURVE('',#224,#232,#234,.T.);
#232 = VERTEX_POINT('',#233);
#233 = CARTESIAN_POINT('',(-2.45,-2.35,7.));
#234 = LINE('',#235,#236);
#235 = CARTESIAN_POINT('',(-2.45,3.4,7.));
#236 = VECTOR('',#237,1.);
#237 = DIRECTION('',(0.,-1.,0.));
#238 = ORIENTED_EDGE('',*,*,#239,.F.);
#239 = EDGE_CURVE('',#199,#232,#240,.T.);
#240 = LINE('',#241,#242);
#241 = CARTESIAN_POINT('',(-2.45,-2.35,0.));
#242 = VECTOR('',#243,1.);
#243 = DIRECTION('',(0.,0.,1.));
#244 = PLANE('',#245);
#245 = AXIS2_PLACEMENT_3D('',#246,#247,#248);
#246 = CARTESIAN_POINT('',(-2.45,3.4,0.));
#247 = DIRECTION('',(1.,0.,0.));
#248 = DIRECTION('',(0.,-1.,0.));
#249 = ADVANCED_FACE('',(#250),#268,.T.);
#250 = FACE_BOUND('',#251,.F.);
#251 = EDGE_LOOP('',(#252,#253,#254,#262));
#252 = ORIENTED_EDGE('',*,*,#172,.F.);
#253 = ORIENTED_EDGE('',*,*,#61,.T.);
#254 = ORIENTED_EDGE('',*,*,#255,.T.);
#255 = EDGE_CURVE('',#62,#256,#258,.T.);
#256 = VERTEX_POINT('',#257);
#257 = CARTESIAN_POINT('',(14.2,2.65,6.5));
#258 = LINE('',#259,#260);
#259 = CARTESIAN_POINT('',(12.654651162791,1.104651162791,3.924418604651
    ));
#260 = VECTOR('',#261,1.);
#261 = DIRECTION('',(-0.457495710998,-0.457495710998,-0.762492851663));
#262 = ORIENTED_EDGE('',*,*,#263,.F.);
#263 = EDGE_CURVE('',#173,#256,#264,.T.);
#264 = LINE('',#265,#266);
#265 = CARTESIAN_POINT('',(-1.7,2.65,6.5));
#266 = VECTOR('',#267,1.);
#267 = DIRECTION('',(1.,0.,0.));
#268 = PLANE('',#269);
#269 = AXIS2_PLACEMENT_3D('',#270,#271,#272);
#270 = CARTESIAN_POINT('',(-1.7,2.8,6.75));
#271 = DIRECTION('',(-3.475340006926E-18,-0.857492925713,0.514495755428)
  );
#272 = DIRECTION('',(-1.,2.980079470385E-18,-1.788047682231E-18));
#273 = ADVANCED_FACE('',(#274),#293,.T.);
#274 = FACE_BOUND('',#275,.F.);
#275 = EDGE_LOOP('',(#276,#285,#291,#292));
#276 = ORIENTED_EDGE('',*,*,#277,.T.);
#277 = EDGE_CURVE('',#197,#278,#280,.T.);
#278 = VERTEX_POINT('',#279);
#279 = CARTESIAN_POINT('',(-1.95,3.4,0.));
#280 = CIRCLE('',#281,0.5);
#281 = AXIS2_PLACEMENT_3D('',#282,#283,#284);
#282 = CARTESIAN_POINT('',(-1.95,2.9,0.));
#283 = DIRECTION('',(-0.,-0.,-1.));
#284 = DIRECTION('',(0.,-1.,0.));
#285 = ORIENTED_EDGE('',*,*,#286,.T.);
#286 = EDGE_CURVE('',#278,#103,#287,.T.);
#287 = LINE('',#288,#289);
#288 = CARTESIAN_POINT('',(-1.95,3.4,0.));
#289 = VECTOR('',#290,1.);
#290 = DIRECTION('',(0.,0.,1.));
#291 = ORIENTED_EDGE('',*,*,#110,.F.);
#292 = ORIENTED_EDGE('',*,*,#206,.F.);
#293 = CYLINDRICAL_SURFACE('',#294,0.5);
#294 = AXIS2_PLACEMENT_3D('',#295,#296,#297);
#295 = CARTESIAN_POINT('',(-1.95,2.9,0.));
#296 = DIRECTION('',(0.,0.,1.));
#297 = DIRECTION('',(-1.,0.,0.));
#298 = ADVANCED_FACE('',(#299),#317,.F.);
#299 = FACE_BOUND('',#300,.F.);
#300 = EDGE_LOOP('',(#301,#302,#303,#311));
#301 = ORIENTED_EDGE('',*,*,#255,.F.);
#302 = ORIENTED_EDGE('',*,*,#69,.T.);
#303 = ORIENTED_EDGE('',*,*,#304,.T.);
#304 = EDGE_CURVE('',#70,#305,#307,.T.);
#305 = VERTEX_POINT('',#306);
#306 = CARTESIAN_POINT('',(14.2,-0.7,6.5));
#307 = LINE('',#308,#309);
#308 = CARTESIAN_POINT('',(11.160294117647,-0.7,1.433823529412));
#309 = VECTOR('',#310,1.);
#310 = DIRECTION('',(-0.514495755428,-0.,-0.857492925713));
#311 = ORIENTED_EDGE('',*,*,#312,.F.);
#312 = EDGE_CURVE('',#256,#305,#313,.T.);
#313 = LINE('',#314,#315);
#314 = CARTESIAN_POINT('',(14.2,2.65,6.5));
#315 = VECTOR('',#316,1.);
#316 = DIRECTION('',(0.,-1.,0.));
#317 = PLANE('',#318);
#318 = AXIS2_PLACEMENT_3D('',#319,#320,#321);
#319 = CARTESIAN_POINT('',(14.35,2.65,6.75));
#320 = DIRECTION('',(0.857492925713,3.475340006926E-18,-0.514495755428)
  );
#321 = DIRECTION('',(2.980079470385E-18,-1.,-1.788047682231E-18));
#322 = ADVANCED_FACE('',(#323),#533,.F.);
#323 = FACE_BOUND('',#324,.F.);
#324 = EDGE_LOOP('',(#325,#335,#341,#342,#343,#351,#359,#367,#375,#383,
    #391,#399,#407,#415,#423,#431,#439,#447,#455,#463,#471,#479,#487,
    #495,#503,#511,#519,#527));
#325 = ORIENTED_EDGE('',*,*,#326,.F.);
#326 = EDGE_CURVE('',#327,#329,#331,.T.);
#327 = VERTEX_POINT('',#328);
#328 = CARTESIAN_POINT('',(14.45,3.4,0.));
#329 = VERTEX_POINT('',#330);
#330 = CARTESIAN_POINT('',(13.45,3.4,0.));
#331 = LINE('',#332,#333);
#332 = CARTESIAN_POINT('',(14.95,3.4,0.));
#333 = VECTOR('',#334,1.);
#334 = DIRECTION('',(-1.,0.,0.));
#335 = ORIENTED_EDGE('',*,*,#336,.T.);
#336 = EDGE_CURVE('',#327,#94,#337,.T.);
#337 = LINE('',#338,#339);
#338 = CARTESIAN_POINT('',(14.45,3.4,0.));
#339 = VECTOR('',#340,1.);
#340 = DIRECTION('',(0.,0.,1.));
#341 = ORIENTED_EDGE('',*,*,#102,.T.);
#342 = ORIENTED_EDGE('',*,*,#286,.F.);
#343 = ORIENTED_EDGE('',*,*,#344,.F.);
#344 = EDGE_CURVE('',#345,#278,#347,.T.);
#345 = VERTEX_POINT('',#346);
#346 = CARTESIAN_POINT('',(-0.95,3.4,0.));
#347 = LINE('',#348,#349);
#348 = CARTESIAN_POINT('',(14.95,3.4,0.));
#349 = VECTOR('',#350,1.);
#350 = DIRECTION('',(-1.,0.,0.));
#351 = ORIENTED_EDGE('',*,*,#352,.F.);
#352 = EDGE_CURVE('',#353,#345,#355,.T.);
#353 = VERTEX_POINT('',#354);
#354 = CARTESIAN_POINT('',(-0.95,3.4,0.9));
#355 = LINE('',#356,#357);
#356 = CARTESIAN_POINT('',(-0.95,3.4,0.9));
#357 = VECTOR('',#358,1.);
#358 = DIRECTION('',(0.,0.,-1.));
#359 = ORIENTED_EDGE('',*,*,#360,.F.);
#360 = EDGE_CURVE('',#361,#353,#363,.T.);
#361 = VERTEX_POINT('',#362);
#362 = CARTESIAN_POINT('',(0.95,3.4,0.9));
#363 = LINE('',#364,#365);
#364 = CARTESIAN_POINT('',(0.95,3.4,0.9));
#365 = VECTOR('',#366,1.);
#366 = DIRECTION('',(-1.,-0.,-0.));
#367 = ORIENTED_EDGE('',*,*,#368,.T.);
#368 = EDGE_CURVE('',#361,#369,#371,.T.);
#369 = VERTEX_POINT('',#370);
#370 = CARTESIAN_POINT('',(0.95,3.4,0.));
#371 = LINE('',#372,#373);
#372 = CARTESIAN_POINT('',(0.95,3.4,0.9));
#373 = VECTOR('',#374,1.);
#374 = DIRECTION('',(0.,0.,-1.));
#375 = ORIENTED_EDGE('',*,*,#376,.F.);
#376 = EDGE_CURVE('',#377,#369,#379,.T.);
#377 = VERTEX_POINT('',#378);
#378 = CARTESIAN_POINT('',(1.55,3.4,0.));
#379 = LINE('',#380,#381);
#380 = CARTESIAN_POINT('',(14.95,3.4,0.));
#381 = VECTOR('',#382,1.);
#382 = DIRECTION('',(-1.,0.,0.));
#383 = ORIENTED_EDGE('',*,*,#384,.F.);
#384 = EDGE_CURVE('',#385,#377,#387,.T.);
#385 = VERTEX_POINT('',#386);
#386 = CARTESIAN_POINT('',(1.55,3.4,0.9));
#387 = LINE('',#388,#389);
#388 = CARTESIAN_POINT('',(1.55,3.4,0.9));
#389 = VECTOR('',#390,1.);
#390 = DIRECTION('',(0.,0.,-1.));
#391 = ORIENTED_EDGE('',*,*,#392,.F.);
#392 = EDGE_CURVE('',#393,#385,#395,.T.);
#393 = VERTEX_POINT('',#394);
#394 = CARTESIAN_POINT('',(3.45,3.4,0.9));
#395 = LINE('',#396,#397);
#396 = CARTESIAN_POINT('',(3.45,3.4,0.9));
#397 = VECTOR('',#398,1.);
#398 = DIRECTION('',(-1.,-0.,-0.));
#399 = ORIENTED_EDGE('',*,*,#400,.T.);
#400 = EDGE_CURVE('',#393,#401,#403,.T.);
#401 = VERTEX_POINT('',#402);
#402 = CARTESIAN_POINT('',(3.45,3.4,0.));
#403 = LINE('',#404,#405);
#404 = CARTESIAN_POINT('',(3.45,3.4,0.9));
#405 = VECTOR('',#406,1.);
#406 = DIRECTION('',(0.,0.,-1.));
#407 = ORIENTED_EDGE('',*,*,#408,.F.);
#408 = EDGE_CURVE('',#409,#401,#411,.T.);
#409 = VERTEX_POINT('',#410);
#410 = CARTESIAN_POINT('',(4.05,3.4,0.));
#411 = LINE('',#412,#413);
#412 = CARTESIAN_POINT('',(14.95,3.4,0.));
#413 = VECTOR('',#414,1.);
#414 = DIRECTION('',(-1.,0.,0.));
#415 = ORIENTED_EDGE('',*,*,#416,.F.);
#416 = EDGE_CURVE('',#417,#409,#419,.T.);
#417 = VERTEX_POINT('',#418);
#418 = CARTESIAN_POINT('',(4.05,3.4,0.9));
#419 = LINE('',#420,#421);
#420 = CARTESIAN_POINT('',(4.05,3.4,0.9));
#421 = VECTOR('',#422,1.);
#422 = DIRECTION('',(0.,0.,-1.));
#423 = ORIENTED_EDGE('',*,*,#424,.F.);
#424 = EDGE_CURVE('',#425,#417,#427,.T.);
#425 = VERTEX_POINT('',#426);
#426 = CARTESIAN_POINT('',(5.95,3.4,0.9));
#427 = LINE('',#428,#429);
#428 = CARTESIAN_POINT('',(5.95,3.4,0.9));
#429 = VECTOR('',#430,1.);
#430 = DIRECTION('',(-1.,-0.,-0.));
#431 = ORIENTED_EDGE('',*,*,#432,.T.);
#432 = EDGE_CURVE('',#425,#433,#435,.T.);
#433 = VERTEX_POINT('',#434);
#434 = CARTESIAN_POINT('',(5.95,3.4,0.));
#435 = LINE('',#436,#437);
#436 = CARTESIAN_POINT('',(5.95,3.4,0.9));
#437 = VECTOR('',#438,1.);
#438 = DIRECTION('',(0.,0.,-1.));
#439 = ORIENTED_EDGE('',*,*,#440,.F.);
#440 = EDGE_CURVE('',#441,#433,#443,.T.);
#441 = VERTEX_POINT('',#442);
#442 = CARTESIAN_POINT('',(6.55,3.4,0.));
#443 = LINE('',#444,#445);
#444 = CARTESIAN_POINT('',(14.95,3.4,0.));
#445 = VECTOR('',#446,1.);
#446 = DIRECTION('',(-1.,0.,0.));
#447 = ORIENTED_EDGE('',*,*,#448,.F.);
#448 = EDGE_CURVE('',#449,#441,#451,.T.);
#449 = VERTEX_POINT('',#450);
#450 = CARTESIAN_POINT('',(6.55,3.4,0.9));
#451 = LINE('',#452,#453);
#452 = CARTESIAN_POINT('',(6.55,3.4,0.9));
#453 = VECTOR('',#454,1.);
#454 = DIRECTION('',(0.,0.,-1.));
#455 = ORIENTED_EDGE('',*,*,#456,.F.);
#456 = EDGE_CURVE('',#457,#449,#459,.T.);
#457 = VERTEX_POINT('',#458);
#458 = CARTESIAN_POINT('',(8.45,3.4,0.9));
#459 = LINE('',#460,#461);
#460 = CARTESIAN_POINT('',(8.45,3.4,0.9));
#461 = VECTOR('',#462,1.);
#462 = DIRECTION('',(-1.,-0.,-0.));
#463 = ORIENTED_EDGE('',*,*,#464,.T.);
#464 = EDGE_CURVE('',#457,#465,#467,.T.);
#465 = VERTEX_POINT('',#466);
#466 = CARTESIAN_POINT('',(8.45,3.4,0.));
#467 = LINE('',#468,#469);
#468 = CARTESIAN_POINT('',(8.45,3.4,0.9));
#469 = VECTOR('',#470,1.);
#470 = DIRECTION('',(0.,0.,-1.));
#471 = ORIENTED_EDGE('',*,*,#472,.F.);
#472 = EDGE_CURVE('',#473,#465,#475,.T.);
#473 = VERTEX_POINT('',#474);
#474 = CARTESIAN_POINT('',(9.05,3.4,0.));
#475 = LINE('',#476,#477);
#476 = CARTESIAN_POINT('',(14.95,3.4,0.));
#477 = VECTOR('',#478,1.);
#478 = DIRECTION('',(-1.,0.,0.));
#479 = ORIENTED_EDGE('',*,*,#480,.F.);
#480 = EDGE_CURVE('',#481,#473,#483,.T.);
#481 = VERTEX_POINT('',#482);
#482 = CARTESIAN_POINT('',(9.05,3.4,0.9));
#483 = LINE('',#484,#485);
#484 = CARTESIAN_POINT('',(9.05,3.4,0.9));
#485 = VECTOR('',#486,1.);
#486 = DIRECTION('',(0.,0.,-1.));
#487 = ORIENTED_EDGE('',*,*,#488,.F.);
#488 = EDGE_CURVE('',#489,#481,#491,.T.);
#489 = VERTEX_POINT('',#490);
#490 = CARTESIAN_POINT('',(10.95,3.4,0.9));
#491 = LINE('',#492,#493);
#492 = CARTESIAN_POINT('',(10.95,3.4,0.9));
#493 = VECTOR('',#494,1.);
#494 = DIRECTION('',(-1.,-0.,-0.));
#495 = ORIENTED_EDGE('',*,*,#496,.T.);
#496 = EDGE_CURVE('',#489,#497,#499,.T.);
#497 = VERTEX_POINT('',#498);
#498 = CARTESIAN_POINT('',(10.95,3.4,0.));
#499 = LINE('',#500,#501);
#500 = CARTESIAN_POINT('',(10.95,3.4,0.9));
#501 = VECTOR('',#502,1.);
#502 = DIRECTION('',(0.,0.,-1.));
#503 = ORIENTED_EDGE('',*,*,#504,.F.);
#504 = EDGE_CURVE('',#505,#497,#507,.T.);
#505 = VERTEX_POINT('',#506);
#506 = CARTESIAN_POINT('',(11.55,3.4,0.));
#507 = LINE('',#508,#509);
#508 = CARTESIAN_POINT('',(14.95,3.4,0.));
#509 = VECTOR('',#510,1.);
#510 = DIRECTION('',(-1.,0.,0.));
#511 = ORIENTED_EDGE('',*,*,#512,.F.);
#512 = EDGE_CURVE('',#513,#505,#515,.T.);
#513 = VERTEX_POINT('',#514);
#514 = CARTESIAN_POINT('',(11.55,3.4,0.9));
#515 = LINE('',#516,#517);
#516 = CARTESIAN_POINT('',(11.55,3.4,0.9));
#517 = VECTOR('',#518,1.);
#518 = DIRECTION('',(0.,0.,-1.));
#519 = ORIENTED_EDGE('',*,*,#520,.F.);
#520 = EDGE_CURVE('',#521,#513,#523,.T.);
#521 = VERTEX_POINT('',#522);
#522 = CARTESIAN_POINT('',(13.45,3.4,0.9));
#523 = LINE('',#524,#525);
#524 = CARTESIAN_POINT('',(13.45,3.4,0.9));
#525 = VECTOR('',#526,1.);
#526 = DIRECTION('',(-1.,-0.,-0.));
#527 = ORIENTED_EDGE('',*,*,#528,.T.);
#528 = EDGE_CURVE('',#521,#329,#529,.T.);
#529 = LINE('',#530,#531);
#530 = CARTESIAN_POINT('',(13.45,3.4,0.9));
#531 = VECTOR('',#532,1.);
#532 = DIRECTION('',(0.,0.,-1.));
#533 = PLANE('',#534);
#534 = AXIS2_PLACEMENT_3D('',#535,#536,#537);
#535 = CARTESIAN_POINT('',(14.95,3.4,0.));
#536 = DIRECTION('',(0.,-1.,0.));
#537 = DIRECTION('',(-1.,0.,0.));
#538 = ADVANCED_FACE('',(#539),#565,.T.);
#539 = FACE_BOUND('',#540,.T.);
#540 = EDGE_LOOP('',(#541,#549,#557,#563,#564));
#541 = ORIENTED_EDGE('',*,*,#542,.T.);
#542 = EDGE_CURVE('',#305,#543,#545,.T.);
#543 = VERTEX_POINT('',#544);
#544 = CARTESIAN_POINT('',(14.2,-0.7,3.9));
#545 = LINE('',#546,#547);
#546 = CARTESIAN_POINT('',(14.2,-0.7,4.067949337881));
#547 = VECTOR('',#548,1.);
#548 = DIRECTION('',(0.,0.,-1.));
#549 = ORIENTED_EDGE('',*,*,#550,.T.);
#550 = EDGE_CURVE('',#543,#551,#553,.T.);
#551 = VERTEX_POINT('',#552);
#552 = CARTESIAN_POINT('',(14.95,-0.7,3.9));
#553 = LINE('',#554,#555);
#554 = CARTESIAN_POINT('',(-5.,-0.7,3.9));
#555 = VECTOR('',#556,1.);
#556 = DIRECTION('',(1.,0.,0.));
#557 = ORIENTED_EDGE('',*,*,#558,.T.);
#558 = EDGE_CURVE('',#551,#78,#559,.T.);
#559 = LINE('',#560,#561);
#560 = CARTESIAN_POINT('',(14.95,-0.7,1.95));
#561 = VECTOR('',#562,1.);
#562 = DIRECTION('',(0.,0.,1.));
#563 = ORIENTED_EDGE('',*,*,#77,.F.);
#564 = ORIENTED_EDGE('',*,*,#304,.T.);
#565 = PLANE('',#566);
#566 = AXIS2_PLACEMENT_3D('',#567,#568,#569);
#567 = CARTESIAN_POINT('',(-5.,-0.7,3.9));
#568 = DIRECTION('',(0.,-1.,0.));
#569 = DIRECTION('',(0.,0.,1.));
#570 = ADVANCED_FACE('',(#571),#590,.T.);
#571 = FACE_BOUND('',#572,.T.);
#572 = EDGE_LOOP('',(#573,#582,#583,#584));
#573 = ORIENTED_EDGE('',*,*,#574,.T.);
#574 = EDGE_CURVE('',#575,#327,#577,.T.);
#575 = VERTEX_POINT('',#576);
#576 = CARTESIAN_POINT('',(14.95,2.9,0.));
#577 = CIRCLE('',#578,0.5);
#578 = AXIS2_PLACEMENT_3D('',#579,#580,#581);
#579 = CARTESIAN_POINT('',(14.45,2.9,0.));
#580 = DIRECTION('',(-0.,0.,1.));
#581 = DIRECTION('',(0.,-1.,0.));
#582 = ORIENTED_EDGE('',*,*,#336,.T.);
#583 = ORIENTED_EDGE('',*,*,#93,.F.);
#584 = ORIENTED_EDGE('',*,*,#585,.F.);
#585 = EDGE_CURVE('',#575,#86,#586,.T.);
#586 = LINE('',#587,#588);
#587 = CARTESIAN_POINT('',(14.95,2.9,0.));
#588 = VECTOR('',#589,1.);
#589 = DIRECTION('',(0.,0.,1.));
#590 = CYLINDRICAL_SURFACE('',#591,0.5);
#591 = AXIS2_PLACEMENT_3D('',#592,#593,#594);
#592 = CARTESIAN_POINT('',(14.45,2.9,0.));
#593 = DIRECTION('',(0.,0.,1.));
#594 = DIRECTION('',(1.,0.,0.));
#595 = ADVANCED_FACE('',(#596),#640,.F.);
#596 = FACE_BOUND('',#597,.F.);
#597 = EDGE_LOOP('',(#598,#606,#614,#622,#630,#637,#638,#639));
#598 = ORIENTED_EDGE('',*,*,#599,.F.);
#599 = EDGE_CURVE('',#600,#575,#602,.T.);
#600 = VERTEX_POINT('',#601);
#601 = CARTESIAN_POINT('',(14.95,-2.35,0.));
#602 = LINE('',#603,#604);
#603 = CARTESIAN_POINT('',(14.95,-2.35,0.));
#604 = VECTOR('',#605,1.);
#605 = DIRECTION('',(0.,1.,0.));
#606 = ORIENTED_EDGE('',*,*,#607,.T.);
#607 = EDGE_CURVE('',#600,#608,#610,.T.);
#608 = VERTEX_POINT('',#609);
#609 = CARTESIAN_POINT('',(14.95,-2.35,7.));
#610 = LINE('',#611,#612);
#611 = CARTESIAN_POINT('',(14.95,-2.35,0.));
#612 = VECTOR('',#613,1.);
#613 = DIRECTION('',(0.,0.,1.));
#614 = ORIENTED_EDGE('',*,*,#615,.T.);
#615 = EDGE_CURVE('',#608,#616,#618,.T.);
#616 = VERTEX_POINT('',#617);
#617 = CARTESIAN_POINT('',(14.95,-1.549999999998,7.));
#618 = LINE('',#619,#620);
#619 = CARTESIAN_POINT('',(14.95,-2.35,7.));
#620 = VECTOR('',#621,1.);
#621 = DIRECTION('',(0.,1.,0.));
#622 = ORIENTED_EDGE('',*,*,#623,.T.);
#623 = EDGE_CURVE('',#616,#624,#626,.T.);
#624 = VERTEX_POINT('',#625);
#625 = CARTESIAN_POINT('',(14.95,-1.549999999998,4.749999999997));
#626 = LINE('',#627,#628);
#627 = CARTESIAN_POINT('',(14.95,-1.549999999998,3.5));
#628 = VECTOR('',#629,1.);
#629 = DIRECTION('',(0.,0.,-1.));
#630 = ORIENTED_EDGE('',*,*,#631,.F.);
#631 = EDGE_CURVE('',#551,#624,#632,.T.);
#632 = CIRCLE('',#633,0.849999999998);
#633 = AXIS2_PLACEMENT_3D('',#634,#635,#636);
#634 = CARTESIAN_POINT('',(14.95,-0.7,4.749999999998));
#635 = DIRECTION('',(-1.,0.,0.));
#636 = DIRECTION('',(0.,1.,0.));
#637 = ORIENTED_EDGE('',*,*,#558,.T.);
#638 = ORIENTED_EDGE('',*,*,#85,.T.);
#639 = ORIENTED_EDGE('',*,*,#585,.F.);
#640 = PLANE('',#641);
#641 = AXIS2_PLACEMENT_3D('',#642,#643,#644);
#642 = CARTESIAN_POINT('',(14.95,-2.35,0.));
#643 = DIRECTION('',(-1.,0.,0.));
#644 = DIRECTION('',(0.,1.,0.));
#645 = ADVANCED_FACE('',(#646),#713,.T.);
#646 = FACE_BOUND('',#647,.T.);
#647 = EDGE_LOOP('',(#648,#649,#658,#666,#674,#682,#690,#698,#706,#712)
  );
#648 = ORIENTED_EDGE('',*,*,#150,.T.);
#649 = ORIENTED_EDGE('',*,*,#650,.T.);
#650 = EDGE_CURVE('',#143,#651,#653,.T.);
#651 = VERTEX_POINT('',#652);
#652 = CARTESIAN_POINT('',(-1.7,-1.549999999998,4.749999999997));
#653 = CIRCLE('',#654,0.849999999998);
#654 = AXIS2_PLACEMENT_3D('',#655,#656,#657);
#655 = CARTESIAN_POINT('',(-1.7,-0.7,4.749999999998));
#656 = DIRECTION('',(-1.,0.,0.));
#657 = DIRECTION('',(0.,1.,0.));
#658 = ORIENTED_EDGE('',*,*,#659,.T.);
#659 = EDGE_CURVE('',#651,#660,#662,.T.);
#660 = VERTEX_POINT('',#661);
#661 = CARTESIAN_POINT('',(-1.7,-1.549999999998,7.));
#662 = LINE('',#663,#664);
#663 = CARTESIAN_POINT('',(-1.7,-1.549999999998,5.617949337881));
#664 = VECTOR('',#665,1.);
#665 = DIRECTION('',(0.,0.,1.));
#666 = ORIENTED_EDGE('',*,*,#667,.T.);
#667 = EDGE_CURVE('',#660,#668,#670,.T.);
#668 = VERTEX_POINT('',#669);
#669 = CARTESIAN_POINT('',(-1.7,-1.6,7.));
#670 = LINE('',#671,#672);
#671 = CARTESIAN_POINT('',(-1.7,2.65,7.));
#672 = VECTOR('',#673,1.);
#673 = DIRECTION('',(0.,-1.,0.));
#674 = ORIENTED_EDGE('',*,*,#675,.T.);
#675 = EDGE_CURVE('',#668,#676,#678,.T.);
#676 = VERTEX_POINT('',#677);
#677 = CARTESIAN_POINT('',(-1.7,-1.6,1.9));
#678 = LINE('',#679,#680);
#679 = CARTESIAN_POINT('',(-1.7,-1.6,7.));
#680 = VECTOR('',#681,1.);
#681 = DIRECTION('',(0.,0.,-1.));
#682 = ORIENTED_EDGE('',*,*,#683,.T.);
#683 = EDGE_CURVE('',#676,#684,#686,.T.);
#684 = VERTEX_POINT('',#685);
#685 = CARTESIAN_POINT('',(-1.7,0.5,1.9));
#686 = LINE('',#687,#688);
#687 = CARTESIAN_POINT('',(-1.7,-1.6,1.9));
#688 = VECTOR('',#689,1.);
#689 = DIRECTION('',(0.,1.,0.));
#690 = ORIENTED_EDGE('',*,*,#691,.T.);
#691 = EDGE_CURVE('',#684,#692,#694,.T.);
#692 = VERTEX_POINT('',#693);
#693 = CARTESIAN_POINT('',(-1.7,0.875277674973,1.25));
#694 = LINE('',#695,#696);
#695 = CARTESIAN_POINT('',(-1.7,0.5,1.9));
#696 = VECTOR('',#697,1.);
#697 = DIRECTION('',(0.,0.5,-0.866025403784));
#698 = ORIENTED_EDGE('',*,*,#699,.T.);
#699 = EDGE_CURVE('',#692,#700,#702,.T.);
#700 = VERTEX_POINT('',#701);
#701 = CARTESIAN_POINT('',(-1.7,2.65,1.25));
#702 = LINE('',#703,#704);
#703 = CARTESIAN_POINT('',(-1.7,0.875277674973,1.25));
#704 = VECTOR('',#705,1.);
#705 = DIRECTION('',(0.,1.,0.));
#706 = ORIENTED_EDGE('',*,*,#707,.T.);
#707 = EDGE_CURVE('',#700,#173,#708,.T.);
#708 = LINE('',#709,#710);
#709 = CARTESIAN_POINT('',(-1.7,2.65,1.25));
#710 = VECTOR('',#711,1.);
#711 = DIRECTION('',(0.,0.,1.));
#712 = ORIENTED_EDGE('',*,*,#182,.T.);
#713 = PLANE('',#714);
#714 = AXIS2_PLACEMENT_3D('',#715,#716,#717);
#715 = CARTESIAN_POINT('',(-1.7,0.598118601855,4.235898675762));
#716 = DIRECTION('',(1.,0.,0.));
#717 = DIRECTION('',(0.,0.,1.));
#718 = ADVANCED_FACE('',(#719),#730,.F.);
#719 = FACE_BOUND('',#720,.T.);
#720 = EDGE_LOOP('',(#721,#722,#728,#729));
#721 = ORIENTED_EDGE('',*,*,#214,.T.);
#722 = ORIENTED_EDGE('',*,*,#723,.T.);
#723 = EDGE_CURVE('',#215,#651,#724,.T.);
#724 = LINE('',#725,#726);
#725 = CARTESIAN_POINT('',(-5.,-1.549999999998,4.749999999997));
#726 = VECTOR('',#727,1.);
#727 = DIRECTION('',(1.,0.,0.));
#728 = ORIENTED_EDGE('',*,*,#650,.F.);
#729 = ORIENTED_EDGE('',*,*,#142,.F.);
#730 = CYLINDRICAL_SURFACE('',#731,0.849999999998);
#731 = AXIS2_PLACEMENT_3D('',#732,#733,#734);
#732 = CARTESIAN_POINT('',(-5.,-0.7,4.749999999998));
#733 = DIRECTION('',(-1.,-0.,-0.));
#734 = DIRECTION('',(0.,1.,0.));
#735 = ADVANCED_FACE('',(#736),#755,.F.);
#736 = FACE_BOUND('',#737,.F.);
#737 = EDGE_LOOP('',(#738,#739,#747,#753,#754));
#738 = ORIENTED_EDGE('',*,*,#196,.T.);
#739 = ORIENTED_EDGE('',*,*,#740,.T.);
#740 = EDGE_CURVE('',#199,#741,#743,.T.);
#741 = VERTEX_POINT('',#742);
#742 = CARTESIAN_POINT('',(-0.95,-2.35,0.));
#743 = LINE('',#744,#745);
#744 = CARTESIAN_POINT('',(-2.45,-2.35,0.));
#745 = VECTOR('',#746,1.);
#746 = DIRECTION('',(1.,0.,0.));
#747 = ORIENTED_EDGE('',*,*,#748,.F.);
#748 = EDGE_CURVE('',#345,#741,#749,.T.);
#749 = LINE('',#750,#751);
#750 = CARTESIAN_POINT('',(-0.95,3.4,0.));
#751 = VECTOR('',#752,1.);
#752 = DIRECTION('',(0.,-1.,0.));
#753 = ORIENTED_EDGE('',*,*,#344,.T.);
#754 = ORIENTED_EDGE('',*,*,#277,.F.);
#755 = PLANE('',#756);
#756 = AXIS2_PLACEMENT_3D('',#757,#758,#759);
#757 = CARTESIAN_POINT('',(6.25,0.525,0.));
#758 = DIRECTION('',(0.,0.,1.));
#759 = DIRECTION('',(1.,0.,0.));
#760 = ADVANCED_FACE('',(#761),#1092,.F.);
#761 = FACE_BOUND('',#762,.F.);
#762 = EDGE_LOOP('',(#763,#764,#765,#773,#781,#789,#797,#805,#814,#822,
    #830,#838,#846,#854,#863,#871,#879,#887,#895,#901,#902,#910,#918,
    #926,#934,#942,#950,#958,#966,#974,#982,#990,#998,#1006,#1014,#1022,
    #1030,#1038,#1046,#1054,#1062,#1070,#1078,#1086));
#763 = ORIENTED_EDGE('',*,*,#740,.F.);
#764 = ORIENTED_EDGE('',*,*,#239,.T.);
#765 = ORIENTED_EDGE('',*,*,#766,.T.);
#766 = EDGE_CURVE('',#232,#767,#769,.T.);
#767 = VERTEX_POINT('',#768);
#768 = CARTESIAN_POINT('',(-0.8,-2.35,7.));
#769 = LINE('',#770,#771);
#770 = CARTESIAN_POINT('',(-2.45,-2.35,7.));
#771 = VECTOR('',#772,1.);
#772 = DIRECTION('',(1.,0.,0.));
#773 = ORIENTED_EDGE('',*,*,#774,.F.);
#774 = EDGE_CURVE('',#775,#767,#777,.T.);
#775 = VERTEX_POINT('',#776);
#776 = CARTESIAN_POINT('',(-0.8,-2.35,6.8));
#777 = LINE('',#778,#779);
#778 = CARTESIAN_POINT('',(-0.8,-2.35,3.4));
#779 = VECTOR('',#780,1.);
#780 = DIRECTION('',(0.,0.,1.));
#781 = ORIENTED_EDGE('',*,*,#782,.F.);
#782 = EDGE_CURVE('',#783,#775,#785,.T.);
#783 = VERTEX_POINT('',#784);
#784 = CARTESIAN_POINT('',(-0.4,-2.35,6.4));
#785 = LINE('',#786,#787);
#786 = CARTESIAN_POINT('',(0.6875,-2.35,5.3125));
#787 = VECTOR('',#788,1.);
#788 = DIRECTION('',(-0.707106781187,0.,0.707106781187));
#789 = ORIENTED_EDGE('',*,*,#790,.F.);
#790 = EDGE_CURVE('',#791,#783,#793,.T.);
#791 = VERTEX_POINT('',#792);
#792 = CARTESIAN_POINT('',(-0.8,-2.35,6.));
#793 = LINE('',#794,#795);
#794 = CARTESIAN_POINT('',(-2.7125,-2.35,4.0875));
#795 = VECTOR('',#796,1.);
#796 = DIRECTION('',(0.707106781187,0.,0.707106781187));
#797 = ORIENTED_EDGE('',*,*,#798,.F.);
#798 = EDGE_CURVE('',#799,#791,#801,.T.);
#799 = VERTEX_POINT('',#800);
#800 = CARTESIAN_POINT('',(-0.8,-2.35,3.9));
#801 = LINE('',#802,#803);
#802 = CARTESIAN_POINT('',(-0.8,-2.35,1.95));
#803 = VECTOR('',#804,1.);
#804 = DIRECTION('',(0.,0.,1.));
#805 = ORIENTED_EDGE('',*,*,#806,.F.);
#806 = EDGE_CURVE('',#807,#799,#809,.T.);
#807 = VERTEX_POINT('',#808);
#808 = CARTESIAN_POINT('',(-0.1,-2.35,3.2));
#809 = CIRCLE('',#810,0.7);
#810 = AXIS2_PLACEMENT_3D('',#811,#812,#813);
#811 = CARTESIAN_POINT('',(-0.1,-2.35,3.9));
#812 = DIRECTION('',(0.,1.,-2.22044604925E-16));
#813 = DIRECTION('',(1.,0.,0.));
#814 = ORIENTED_EDGE('',*,*,#815,.F.);
#815 = EDGE_CURVE('',#816,#807,#818,.T.);
#816 = VERTEX_POINT('',#817);
#817 = CARTESIAN_POINT('',(1.05,-2.35,3.2));
#818 = LINE('',#819,#820);
#819 = CARTESIAN_POINT('',(-0.7,-2.35,3.2));
#820 = VECTOR('',#821,1.);
#821 = DIRECTION('',(-1.,0.,0.));
#822 = ORIENTED_EDGE('',*,*,#823,.F.);
#823 = EDGE_CURVE('',#824,#816,#826,.T.);
#824 = VERTEX_POINT('',#825);
#825 = CARTESIAN_POINT('',(1.05,-2.35,7.));
#826 = LINE('',#827,#828);
#827 = CARTESIAN_POINT('',(1.05,-2.35,3.5));
#828 = VECTOR('',#829,1.);
#829 = DIRECTION('',(0.,0.,-1.));
#830 = ORIENTED_EDGE('',*,*,#831,.T.);
#831 = EDGE_CURVE('',#824,#832,#834,.T.);
#832 = VERTEX_POINT('',#833);
#833 = CARTESIAN_POINT('',(11.45,-2.35,7.));
#834 = LINE('',#835,#836);
#835 = CARTESIAN_POINT('',(-2.45,-2.35,7.));
#836 = VECTOR('',#837,1.);
#837 = DIRECTION('',(1.,0.,0.));
#838 = ORIENTED_EDGE('',*,*,#839,.T.);
#839 = EDGE_CURVE('',#832,#840,#842,.T.);
#840 = VERTEX_POINT('',#841);
#841 = CARTESIAN_POINT('',(11.45,-2.35,3.2));
#842 = LINE('',#843,#844);
#843 = CARTESIAN_POINT('',(11.45,-2.35,3.5));
#844 = VECTOR('',#845,1.);
#845 = DIRECTION('',(0.,0.,-1.));
#846 = ORIENTED_EDGE('',*,*,#847,.T.);
#847 = EDGE_CURVE('',#840,#848,#850,.T.);
#848 = VERTEX_POINT('',#849);
#849 = CARTESIAN_POINT('',(12.6,-2.35,3.2));
#850 = LINE('',#851,#852);
#851 = CARTESIAN_POINT('',(4.5,-2.35,3.2));
#852 = VECTOR('',#853,1.);
#853 = DIRECTION('',(1.,0.,0.));
#854 = ORIENTED_EDGE('',*,*,#855,.F.);
#855 = EDGE_CURVE('',#856,#848,#858,.T.);
#856 = VERTEX_POINT('',#857);
#857 = CARTESIAN_POINT('',(13.3,-2.35,3.9));
#858 = CIRCLE('',#859,0.7);
#859 = AXIS2_PLACEMENT_3D('',#860,#861,#862);
#860 = CARTESIAN_POINT('',(12.6,-2.35,3.9));
#861 = DIRECTION('',(0.,1.,-2.22044604925E-16));
#862 = DIRECTION('',(1.,0.,0.));
#863 = ORIENTED_EDGE('',*,*,#864,.T.);
#864 = EDGE_CURVE('',#856,#865,#867,.T.);
#865 = VERTEX_POINT('',#866);
#866 = CARTESIAN_POINT('',(13.3,-2.35,6.));
#867 = LINE('',#868,#869);
#868 = CARTESIAN_POINT('',(13.3,-2.35,1.95));
#869 = VECTOR('',#870,1.);
#870 = DIRECTION('',(0.,0.,1.));
#871 = ORIENTED_EDGE('',*,*,#872,.T.);
#872 = EDGE_CURVE('',#865,#873,#875,.T.);
#873 = VERTEX_POINT('',#874);
#874 = CARTESIAN_POINT('',(12.9,-2.35,6.4));
#875 = LINE('',#876,#877);
#876 = CARTESIAN_POINT('',(10.8625,-2.35,8.4375));
#877 = VECTOR('',#878,1.);
#878 = DIRECTION('',(-0.707106781187,0.,0.707106781187));
#879 = ORIENTED_EDGE('',*,*,#880,.T.);
#880 = EDGE_CURVE('',#873,#881,#883,.T.);
#881 = VERTEX_POINT('',#882);
#882 = CARTESIAN_POINT('',(13.3,-2.35,6.8));
#883 = LINE('',#884,#885);
#884 = CARTESIAN_POINT('',(7.4625,-2.35,0.9625));
#885 = VECTOR('',#886,1.);
#886 = DIRECTION('',(0.707106781187,0.,0.707106781187));
#887 = ORIENTED_EDGE('',*,*,#888,.T.);
#888 = EDGE_CURVE('',#881,#889,#891,.T.);
#889 = VERTEX_POINT('',#890);
#890 = CARTESIAN_POINT('',(13.3,-2.35,7.));
#891 = LINE('',#892,#893);
#892 = CARTESIAN_POINT('',(13.3,-2.35,3.4));
#893 = VECTOR('',#894,1.);
#894 = DIRECTION('',(-8.881784197001E-15,0.,1.));
#895 = ORIENTED_EDGE('',*,*,#896,.T.);
#896 = EDGE_CURVE('',#889,#608,#897,.T.);
#897 = LINE('',#898,#899);
#898 = CARTESIAN_POINT('',(-2.45,-2.35,7.));
#899 = VECTOR('',#900,1.);
#900 = DIRECTION('',(1.,0.,0.));
#901 = ORIENTED_EDGE('',*,*,#607,.F.);
#902 = ORIENTED_EDGE('',*,*,#903,.F.);
#903 = EDGE_CURVE('',#904,#600,#906,.T.);
#904 = VERTEX_POINT('',#905);
#905 = CARTESIAN_POINT('',(13.45,-2.35,0.));
#906 = LINE('',#907,#908);
#907 = CARTESIAN_POINT('',(-2.45,-2.35,0.));
#908 = VECTOR('',#909,1.);
#909 = DIRECTION('',(1.,0.,0.));
#910 = ORIENTED_EDGE('',*,*,#911,.T.);
#911 = EDGE_CURVE('',#904,#912,#914,.T.);
#912 = VERTEX_POINT('',#913);
#913 = CARTESIAN_POINT('',(13.45,-2.35,0.587106270774));
#914 = LINE('',#915,#916);
#915 = CARTESIAN_POINT('',(13.45,-2.35,0.));
#916 = VECTOR('',#917,1.);
#917 = DIRECTION('',(0.,0.,1.));
#918 = ORIENTED_EDGE('',*,*,#919,.T.);
#919 = EDGE_CURVE('',#912,#920,#922,.T.);
#920 = VERTEX_POINT('',#921);
#921 = CARTESIAN_POINT('',(11.55,-2.35,0.587106270774));
#922 = LINE('',#923,#924);
#923 = CARTESIAN_POINT('',(13.45,-2.35,0.587106270774));
#924 = VECTOR('',#925,1.);
#925 = DIRECTION('',(-1.,-0.,-0.));
#926 = ORIENTED_EDGE('',*,*,#927,.F.);
#927 = EDGE_CURVE('',#928,#920,#930,.T.);
#928 = VERTEX_POINT('',#929);
#929 = CARTESIAN_POINT('',(11.55,-2.35,0.));
#930 = LINE('',#931,#932);
#931 = CARTESIAN_POINT('',(11.55,-2.35,0.));
#932 = VECTOR('',#933,1.);
#933 = DIRECTION('',(0.,0.,1.));
#934 = ORIENTED_EDGE('',*,*,#935,.F.);
#935 = EDGE_CURVE('',#936,#928,#938,.T.);
#936 = VERTEX_POINT('',#937);
#937 = CARTESIAN_POINT('',(10.95,-2.35,0.));
#938 = LINE('',#939,#940);
#939 = CARTESIAN_POINT('',(-2.45,-2.35,0.));
#940 = VECTOR('',#941,1.);
#941 = DIRECTION('',(1.,0.,0.));
#942 = ORIENTED_EDGE('',*,*,#943,.T.);
#943 = EDGE_CURVE('',#936,#944,#946,.T.);
#944 = VERTEX_POINT('',#945);
#945 = CARTESIAN_POINT('',(10.95,-2.35,0.587106270774));
#946 = LINE('',#947,#948);
#947 = CARTESIAN_POINT('',(10.95,-2.35,0.));
#948 = VECTOR('',#949,1.);
#949 = DIRECTION('',(0.,0.,1.));
#950 = ORIENTED_EDGE('',*,*,#951,.T.);
#951 = EDGE_CURVE('',#944,#952,#954,.T.);
#952 = VERTEX_POINT('',#953);
#953 = CARTESIAN_POINT('',(9.05,-2.35,0.587106270774));
#954 = LINE('',#955,#956);
#955 = CARTESIAN_POINT('',(10.95,-2.35,0.587106270774));
#956 = VECTOR('',#957,1.);
#957 = DIRECTION('',(-1.,-0.,-0.));
#958 = ORIENTED_EDGE('',*,*,#959,.F.);
#959 = EDGE_CURVE('',#960,#952,#962,.T.);
#960 = VERTEX_POINT('',#961);
#961 = CARTESIAN_POINT('',(9.05,-2.35,0.));
#962 = LINE('',#963,#964);
#963 = CARTESIAN_POINT('',(9.05,-2.35,0.));
#964 = VECTOR('',#965,1.);
#965 = DIRECTION('',(0.,0.,1.));
#966 = ORIENTED_EDGE('',*,*,#967,.F.);
#967 = EDGE_CURVE('',#968,#960,#970,.T.);
#968 = VERTEX_POINT('',#969);
#969 = CARTESIAN_POINT('',(8.45,-2.35,0.));
#970 = LINE('',#971,#972);
#971 = CARTESIAN_POINT('',(-2.45,-2.35,0.));
#972 = VECTOR('',#973,1.);
#973 = DIRECTION('',(1.,0.,0.));
#974 = ORIENTED_EDGE('',*,*,#975,.T.);
#975 = EDGE_CURVE('',#968,#976,#978,.T.);
#976 = VERTEX_POINT('',#977);
#977 = CARTESIAN_POINT('',(8.45,-2.35,0.587106270774));
#978 = LINE('',#979,#980);
#979 = CARTESIAN_POINT('',(8.45,-2.35,0.));
#980 = VECTOR('',#981,1.);
#981 = DIRECTION('',(0.,0.,1.));
#982 = ORIENTED_EDGE('',*,*,#983,.T.);
#983 = EDGE_CURVE('',#976,#984,#986,.T.);
#984 = VERTEX_POINT('',#985);
#985 = CARTESIAN_POINT('',(6.55,-2.35,0.587106270774));
#986 = LINE('',#987,#988);
#987 = CARTESIAN_POINT('',(8.45,-2.35,0.587106270774));
#988 = VECTOR('',#989,1.);
#989 = DIRECTION('',(-1.,-0.,-0.));
#990 = ORIENTED_EDGE('',*,*,#991,.F.);
#991 = EDGE_CURVE('',#992,#984,#994,.T.);
#992 = VERTEX_POINT('',#993);
#993 = CARTESIAN_POINT('',(6.55,-2.35,0.));
#994 = LINE('',#995,#996);
#995 = CARTESIAN_POINT('',(6.55,-2.35,0.));
#996 = VECTOR('',#997,1.);
#997 = DIRECTION('',(0.,0.,1.));
#998 = ORIENTED_EDGE('',*,*,#999,.F.);
#999 = EDGE_CURVE('',#1000,#992,#1002,.T.);
#1000 = VERTEX_POINT('',#1001);
#1001 = CARTESIAN_POINT('',(5.95,-2.35,0.));
#1002 = LINE('',#1003,#1004);
#1003 = CARTESIAN_POINT('',(-2.45,-2.35,0.));
#1004 = VECTOR('',#1005,1.);
#1005 = DIRECTION('',(1.,0.,0.));
#1006 = ORIENTED_EDGE('',*,*,#1007,.T.);
#1007 = EDGE_CURVE('',#1000,#1008,#1010,.T.);
#1008 = VERTEX_POINT('',#1009);
#1009 = CARTESIAN_POINT('',(5.95,-2.35,0.587106270774));
#1010 = LINE('',#1011,#1012);
#1011 = CARTESIAN_POINT('',(5.95,-2.35,0.));
#1012 = VECTOR('',#1013,1.);
#1013 = DIRECTION('',(0.,0.,1.));
#1014 = ORIENTED_EDGE('',*,*,#1015,.T.);
#1015 = EDGE_CURVE('',#1008,#1016,#1018,.T.);
#1016 = VERTEX_POINT('',#1017);
#1017 = CARTESIAN_POINT('',(4.05,-2.35,0.587106270774));
#1018 = LINE('',#1019,#1020);
#1019 = CARTESIAN_POINT('',(5.95,-2.35,0.587106270774));
#1020 = VECTOR('',#1021,1.);
#1021 = DIRECTION('',(-1.,-0.,-0.));
#1022 = ORIENTED_EDGE('',*,*,#1023,.F.);
#1023 = EDGE_CURVE('',#1024,#1016,#1026,.T.);
#1024 = VERTEX_POINT('',#1025);
#1025 = CARTESIAN_POINT('',(4.05,-2.35,0.));
#1026 = LINE('',#1027,#1028);
#1027 = CARTESIAN_POINT('',(4.05,-2.35,0.));
#1028 = VECTOR('',#1029,1.);
#1029 = DIRECTION('',(0.,0.,1.));
#1030 = ORIENTED_EDGE('',*,*,#1031,.F.);
#1031 = EDGE_CURVE('',#1032,#1024,#1034,.T.);
#1032 = VERTEX_POINT('',#1033);
#1033 = CARTESIAN_POINT('',(3.45,-2.35,0.));
#1034 = LINE('',#1035,#1036);
#1035 = CARTESIAN_POINT('',(-2.45,-2.35,0.));
#1036 = VECTOR('',#1037,1.);
#1037 = DIRECTION('',(1.,0.,0.));
#1038 = ORIENTED_EDGE('',*,*,#1039,.T.);
#1039 = EDGE_CURVE('',#1032,#1040,#1042,.T.);
#1040 = VERTEX_POINT('',#1041);
#1041 = CARTESIAN_POINT('',(3.45,-2.35,0.587106270774));
#1042 = LINE('',#1043,#1044);
#1043 = CARTESIAN_POINT('',(3.45,-2.35,0.));
#1044 = VECTOR('',#1045,1.);
#1045 = DIRECTION('',(0.,0.,1.));
#1046 = ORIENTED_EDGE('',*,*,#1047,.T.);
#1047 = EDGE_CURVE('',#1040,#1048,#1050,.T.);
#1048 = VERTEX_POINT('',#1049);
#1049 = CARTESIAN_POINT('',(1.55,-2.35,0.587106270774));
#1050 = LINE('',#1051,#1052);
#1051 = CARTESIAN_POINT('',(3.45,-2.35,0.587106270774));
#1052 = VECTOR('',#1053,1.);
#1053 = DIRECTION('',(-1.,-0.,-0.));
#1054 = ORIENTED_EDGE('',*,*,#1055,.F.);
#1055 = EDGE_CURVE('',#1056,#1048,#1058,.T.);
#1056 = VERTEX_POINT('',#1057);
#1057 = CARTESIAN_POINT('',(1.55,-2.35,0.));
#1058 = LINE('',#1059,#1060);
#1059 = CARTESIAN_POINT('',(1.55,-2.35,0.));
#1060 = VECTOR('',#1061,1.);
#1061 = DIRECTION('',(0.,0.,1.));
#1062 = ORIENTED_EDGE('',*,*,#1063,.F.);
#1063 = EDGE_CURVE('',#1064,#1056,#1066,.T.);
#1064 = VERTEX_POINT('',#1065);
#1065 = CARTESIAN_POINT('',(0.95,-2.35,0.));
#1066 = LINE('',#1067,#1068);
#1067 = CARTESIAN_POINT('',(-2.45,-2.35,0.));
#1068 = VECTOR('',#1069,1.);
#1069 = DIRECTION('',(1.,0.,0.));
#1070 = ORIENTED_EDGE('',*,*,#1071,.T.);
#1071 = EDGE_CURVE('',#1064,#1072,#1074,.T.);
#1072 = VERTEX_POINT('',#1073);
#1073 = CARTESIAN_POINT('',(0.95,-2.35,0.587106270774));
#1074 = LINE('',#1075,#1076);
#1075 = CARTESIAN_POINT('',(0.95,-2.35,0.));
#1076 = VECTOR('',#1077,1.);
#1077 = DIRECTION('',(0.,0.,1.));
#1078 = ORIENTED_EDGE('',*,*,#1079,.T.);
#1079 = EDGE_CURVE('',#1072,#1080,#1082,.T.);
#1080 = VERTEX_POINT('',#1081);
#1081 = CARTESIAN_POINT('',(-0.95,-2.35,0.587106270774));
#1082 = LINE('',#1083,#1084);
#1083 = CARTESIAN_POINT('',(0.95,-2.35,0.587106270774));
#1084 = VECTOR('',#1085,1.);
#1085 = DIRECTION('',(-1.,-0.,-0.));
#1086 = ORIENTED_EDGE('',*,*,#1087,.F.);
#1087 = EDGE_CURVE('',#741,#1080,#1088,.T.);
#1088 = LINE('',#1089,#1090);
#1089 = CARTESIAN_POINT('',(-0.95,-2.35,0.));
#1090 = VECTOR('',#1091,1.);
#1091 = DIRECTION('',(0.,0.,1.));
#1092 = PLANE('',#1093);
#1093 = AXIS2_PLACEMENT_3D('',#1094,#1095,#1096);
#1094 = CARTESIAN_POINT('',(-2.45,-2.35,0.));
#1095 = DIRECTION('',(0.,1.,0.));
#1096 = DIRECTION('',(1.,0.,0.));
#1097 = ADVANCED_FACE('',(#1098),#1123,.T.);
#1098 = FACE_BOUND('',#1099,.T.);
#1099 = EDGE_LOOP('',(#1100,#1106,#1107,#1108,#1116,#1122));
#1100 = ORIENTED_EDGE('',*,*,#1101,.F.);
#1101 = EDGE_CURVE('',#224,#660,#1102,.T.);
#1102 = LINE('',#1103,#1104);
#1103 = CARTESIAN_POINT('',(-5.,-1.549999999998,7.));
#1104 = VECTOR('',#1105,1.);
#1105 = DIRECTION('',(1.,0.,0.));
#1106 = ORIENTED_EDGE('',*,*,#231,.T.);
#1107 = ORIENTED_EDGE('',*,*,#766,.T.);
#1108 = ORIENTED_EDGE('',*,*,#1109,.F.);
#1109 = EDGE_CURVE('',#1110,#767,#1112,.T.);
#1110 = VERTEX_POINT('',#1111);
#1111 = CARTESIAN_POINT('',(-0.8,-1.6,7.));
#1112 = LINE('',#1113,#1114);
#1113 = CARTESIAN_POINT('',(-0.8,1.554312234475E-15,7.));
#1114 = VECTOR('',#1115,1.);
#1115 = DIRECTION('',(0.,-1.,2.22044604925E-16));
#1116 = ORIENTED_EDGE('',*,*,#1117,.F.);
#1117 = EDGE_CURVE('',#668,#1110,#1118,.T.);
#1118 = LINE('',#1119,#1120);
#1119 = CARTESIAN_POINT('',(-1.7,-1.6,7.));
#1120 = VECTOR('',#1121,1.);
#1121 = DIRECTION('',(1.,0.,0.));
#1122 = ORIENTED_EDGE('',*,*,#667,.F.);
#1123 = PLANE('',#1124);
#1124 = AXIS2_PLACEMENT_3D('',#1125,#1126,#1127);
#1125 = CARTESIAN_POINT('',(6.25,0.525,7.));
#1126 = DIRECTION('',(0.,0.,1.));
#1127 = DIRECTION('',(1.,0.,0.));
#1128 = ADVANCED_FACE('',(#1129),#1135,.T.);
#1129 = FACE_BOUND('',#1130,.T.);
#1130 = EDGE_LOOP('',(#1131,#1132,#1133,#1134));
#1131 = ORIENTED_EDGE('',*,*,#223,.T.);
#1132 = ORIENTED_EDGE('',*,*,#1101,.T.);
#1133 = ORIENTED_EDGE('',*,*,#659,.F.);
#1134 = ORIENTED_EDGE('',*,*,#723,.F.);
#1135 = PLANE('',#1136);
#1136 = AXIS2_PLACEMENT_3D('',#1137,#1138,#1139);
#1137 = CARTESIAN_POINT('',(-5.,-1.549999999998,7.));
#1138 = DIRECTION('',(0.,1.,0.));
#1139 = DIRECTION('',(0.,0.,-1.));
#1140 = ADVANCED_FACE('',(#1141),#1159,.T.);
#1141 = FACE_BOUND('',#1142,.T.);
#1142 = EDGE_LOOP('',(#1143,#1144,#1152,#1158));
#1143 = ORIENTED_EDGE('',*,*,#707,.F.);
#1144 = ORIENTED_EDGE('',*,*,#1145,.T.);
#1145 = EDGE_CURVE('',#700,#1146,#1148,.T.);
#1146 = VERTEX_POINT('',#1147);
#1147 = CARTESIAN_POINT('',(14.2,2.65,1.25));
#1148 = LINE('',#1149,#1150);
#1149 = CARTESIAN_POINT('',(-1.7,2.65,1.25));
#1150 = VECTOR('',#1151,1.);
#1151 = DIRECTION('',(1.,0.,0.));
#1152 = ORIENTED_EDGE('',*,*,#1153,.T.);
#1153 = EDGE_CURVE('',#1146,#256,#1154,.T.);
#1154 = LINE('',#1155,#1156);
#1155 = CARTESIAN_POINT('',(14.2,2.65,1.25));
#1156 = VECTOR('',#1157,1.);
#1157 = DIRECTION('',(0.,0.,1.));
#1158 = ORIENTED_EDGE('',*,*,#263,.F.);
#1159 = PLANE('',#1160);
#1160 = AXIS2_PLACEMENT_3D('',#1161,#1162,#1163);
#1161 = CARTESIAN_POINT('',(-1.7,2.65,1.25));
#1162 = DIRECTION('',(0.,-1.,0.));
#1163 = DIRECTION('',(0.,0.,1.));
#1164 = ADVANCED_FACE('',(#1165),#1225,.F.);
#1165 = FACE_BOUND('',#1166,.F.);
#1166 = EDGE_LOOP('',(#1167,#1168,#1177,#1185,#1193,#1201,#1209,#1217,
    #1223,#1224));
#1167 = ORIENTED_EDGE('',*,*,#542,.T.);
#1168 = ORIENTED_EDGE('',*,*,#1169,.T.);
#1169 = EDGE_CURVE('',#543,#1170,#1172,.T.);
#1170 = VERTEX_POINT('',#1171);
#1171 = CARTESIAN_POINT('',(14.2,-1.549999999998,4.749999999997));
#1172 = CIRCLE('',#1173,0.849999999998);
#1173 = AXIS2_PLACEMENT_3D('',#1174,#1175,#1176);
#1174 = CARTESIAN_POINT('',(14.2,-0.7,4.749999999998));
#1175 = DIRECTION('',(-1.,0.,0.));
#1176 = DIRECTION('',(0.,1.,0.));
#1177 = ORIENTED_EDGE('',*,*,#1178,.T.);
#1178 = EDGE_CURVE('',#1170,#1179,#1181,.T.);
#1179 = VERTEX_POINT('',#1180);
#1180 = CARTESIAN_POINT('',(14.2,-1.549999999998,7.));
#1181 = LINE('',#1182,#1183);
#1182 = CARTESIAN_POINT('',(14.2,-1.549999999998,5.617949337881));
#1183 = VECTOR('',#1184,1.);
#1184 = DIRECTION('',(0.,0.,1.));
#1185 = ORIENTED_EDGE('',*,*,#1186,.T.);
#1186 = EDGE_CURVE('',#1179,#1187,#1189,.T.);
#1187 = VERTEX_POINT('',#1188);
#1188 = CARTESIAN_POINT('',(14.2,-1.6,7.));
#1189 = LINE('',#1190,#1191);
#1190 = CARTESIAN_POINT('',(14.2,2.65,7.));
#1191 = VECTOR('',#1192,1.);
#1192 = DIRECTION('',(0.,-1.,0.));
#1193 = ORIENTED_EDGE('',*,*,#1194,.T.);
#1194 = EDGE_CURVE('',#1187,#1195,#1197,.T.);
#1195 = VERTEX_POINT('',#1196);
#1196 = CARTESIAN_POINT('',(14.2,-1.6,1.9));
#1197 = LINE('',#1198,#1199);
#1198 = CARTESIAN_POINT('',(14.2,-1.6,7.));
#1199 = VECTOR('',#1200,1.);
#1200 = DIRECTION('',(0.,0.,-1.));
#1201 = ORIENTED_EDGE('',*,*,#1202,.T.);
#1202 = EDGE_CURVE('',#1195,#1203,#1205,.T.);
#1203 = VERTEX_POINT('',#1204);
#1204 = CARTESIAN_POINT('',(14.2,0.5,1.9));
#1205 = LINE('',#1206,#1207);
#1206 = CARTESIAN_POINT('',(14.2,-1.6,1.9));
#1207 = VECTOR('',#1208,1.);
#1208 = DIRECTION('',(0.,1.,0.));
#1209 = ORIENTED_EDGE('',*,*,#1210,.T.);
#1210 = EDGE_CURVE('',#1203,#1211,#1213,.T.);
#1211 = VERTEX_POINT('',#1212);
#1212 = CARTESIAN_POINT('',(14.2,0.875277674973,1.25));
#1213 = LINE('',#1214,#1215);
#1214 = CARTESIAN_POINT('',(14.2,0.5,1.9));
#1215 = VECTOR('',#1216,1.);
#1216 = DIRECTION('',(0.,0.5,-0.866025403784));
#1217 = ORIENTED_EDGE('',*,*,#1218,.T.);
#1218 = EDGE_CURVE('',#1211,#1146,#1219,.T.);
#1219 = LINE('',#1220,#1221);
#1220 = CARTESIAN_POINT('',(14.2,0.875277674973,1.25));
#1221 = VECTOR('',#1222,1.);
#1222 = DIRECTION('',(0.,1.,0.));
#1223 = ORIENTED_EDGE('',*,*,#1153,.T.);
#1224 = ORIENTED_EDGE('',*,*,#312,.T.);
#1225 = PLANE('',#1226);
#1226 = AXIS2_PLACEMENT_3D('',#1227,#1228,#1229);
#1227 = CARTESIAN_POINT('',(14.2,0.598118601855,4.235898675762));
#1228 = DIRECTION('',(1.,0.,0.));
#1229 = DIRECTION('',(0.,0.,1.));
#1230 = ADVANCED_FACE('',(#1231),#1243,.F.);
#1231 = FACE_BOUND('',#1232,.F.);
#1232 = EDGE_LOOP('',(#1233,#1234,#1240,#1241,#1242));
#1233 = ORIENTED_EDGE('',*,*,#326,.T.);
#1234 = ORIENTED_EDGE('',*,*,#1235,.T.);
#1235 = EDGE_CURVE('',#329,#904,#1236,.T.);
#1236 = LINE('',#1237,#1238);
#1237 = CARTESIAN_POINT('',(13.45,3.4,0.));
#1238 = VECTOR('',#1239,1.);
#1239 = DIRECTION('',(0.,-1.,0.));
#1240 = ORIENTED_EDGE('',*,*,#903,.T.);
#1241 = ORIENTED_EDGE('',*,*,#599,.T.);
#1242 = ORIENTED_EDGE('',*,*,#574,.T.);
#1243 = PLANE('',#1244);
#1244 = AXIS2_PLACEMENT_3D('',#1245,#1246,#1247);
#1245 = CARTESIAN_POINT('',(6.25,0.525,0.));
#1246 = DIRECTION('',(0.,0.,1.));
#1247 = DIRECTION('',(1.,0.,0.));
#1248 = ADVANCED_FACE('',(#1249),#1276,.F.);
#1249 = FACE_BOUND('',#1250,.T.);
#1250 = EDGE_LOOP('',(#1251,#1259,#1267,#1273,#1274,#1275));
#1251 = ORIENTED_EDGE('',*,*,#1252,.T.);
#1252 = EDGE_CURVE('',#912,#1253,#1255,.T.);
#1253 = VERTEX_POINT('',#1254);
#1254 = CARTESIAN_POINT('',(13.45,-1.,0.2));
#1255 = LINE('',#1256,#1257);
#1256 = CARTESIAN_POINT('',(13.45,-2.35,0.587106270774));
#1257 = VECTOR('',#1258,1.);
#1258 = DIRECTION('',(0.,0.961261695938,-0.275637355817));
#1259 = ORIENTED_EDGE('',*,*,#1260,.T.);
#1260 = EDGE_CURVE('',#1253,#1261,#1263,.T.);
#1261 = VERTEX_POINT('',#1262);
#1262 = CARTESIAN_POINT('',(13.45,1.,0.2));
#1263 = LINE('',#1264,#1265);
#1264 = CARTESIAN_POINT('',(13.45,-1.,0.2));
#1265 = VECTOR('',#1266,1.);
#1266 = DIRECTION('',(0.,1.,0.));
#1267 = ORIENTED_EDGE('',*,*,#1268,.T.);
#1268 = EDGE_CURVE('',#1261,#521,#1269,.T.);
#1269 = LINE('',#1270,#1271);
#1270 = CARTESIAN_POINT('',(13.45,1.,0.2));
#1271 = VECTOR('',#1272,1.);
#1272 = DIRECTION('',(0.,0.96,0.28));
#1273 = ORIENTED_EDGE('',*,*,#528,.T.);
#1274 = ORIENTED_EDGE('',*,*,#1235,.T.);
#1275 = ORIENTED_EDGE('',*,*,#911,.T.);
#1276 = PLANE('',#1277);
#1277 = AXIS2_PLACEMENT_3D('',#1278,#1279,#1280);
#1278 = CARTESIAN_POINT('',(13.45,0.597090658555,0.221059411393));
#1279 = DIRECTION('',(1.,0.,0.));
#1280 = DIRECTION('',(0.,0.,1.));
#1281 = ADVANCED_FACE('',(#1282),#1300,.T.);
#1282 = FACE_BOUND('',#1283,.T.);
#1283 = EDGE_LOOP('',(#1284,#1292,#1298,#1299));
#1284 = ORIENTED_EDGE('',*,*,#1285,.T.);
#1285 = EDGE_CURVE('',#1261,#1286,#1288,.T.);
#1286 = VERTEX_POINT('',#1287);
#1287 = CARTESIAN_POINT('',(11.55,1.,0.2));
#1288 = LINE('',#1289,#1290);
#1289 = CARTESIAN_POINT('',(13.45,1.,0.2));
#1290 = VECTOR('',#1291,1.);
#1291 = DIRECTION('',(-1.,-0.,-0.));
#1292 = ORIENTED_EDGE('',*,*,#1293,.T.);
#1293 = EDGE_CURVE('',#1286,#513,#1294,.T.);
#1294 = LINE('',#1295,#1296);
#1295 = CARTESIAN_POINT('',(11.55,1.,0.2));
#1296 = VECTOR('',#1297,1.);
#1297 = DIRECTION('',(0.,0.96,0.28));
#1298 = ORIENTED_EDGE('',*,*,#520,.F.);
#1299 = ORIENTED_EDGE('',*,*,#1268,.F.);
#1300 = PLANE('',#1301);
#1301 = AXIS2_PLACEMENT_3D('',#1302,#1303,#1304);
#1302 = CARTESIAN_POINT('',(13.45,1.,0.2));
#1303 = DIRECTION('',(0.,0.28,-0.96));
#1304 = DIRECTION('',(0.,0.96,0.28));
#1305 = ADVANCED_FACE('',(#1306),#1331,.T.);
#1306 = FACE_BOUND('',#1307,.F.);
#1307 = EDGE_LOOP('',(#1308,#1316,#1322,#1323,#1324,#1330));
#1308 = ORIENTED_EDGE('',*,*,#1309,.T.);
#1309 = EDGE_CURVE('',#920,#1310,#1312,.T.);
#1310 = VERTEX_POINT('',#1311);
#1311 = CARTESIAN_POINT('',(11.55,-1.,0.2));
#1312 = LINE('',#1313,#1314);
#1313 = CARTESIAN_POINT('',(11.55,-2.35,0.587106270774));
#1314 = VECTOR('',#1315,1.);
#1315 = DIRECTION('',(0.,0.961261695938,-0.275637355817));
#1316 = ORIENTED_EDGE('',*,*,#1317,.T.);
#1317 = EDGE_CURVE('',#1310,#1286,#1318,.T.);
#1318 = LINE('',#1319,#1320);
#1319 = CARTESIAN_POINT('',(11.55,-1.,0.2));
#1320 = VECTOR('',#1321,1.);
#1321 = DIRECTION('',(0.,1.,0.));
#1322 = ORIENTED_EDGE('',*,*,#1293,.T.);
#1323 = ORIENTED_EDGE('',*,*,#512,.T.);
#1324 = ORIENTED_EDGE('',*,*,#1325,.T.);
#1325 = EDGE_CURVE('',#505,#928,#1326,.T.);
#1326 = LINE('',#1327,#1328);
#1327 = CARTESIAN_POINT('',(11.55,3.4,0.));
#1328 = VECTOR('',#1329,1.);
#1329 = DIRECTION('',(0.,-1.,0.));
#1330 = ORIENTED_EDGE('',*,*,#927,.T.);
#1331 = PLANE('',#1332);
#1332 = AXIS2_PLACEMENT_3D('',#1333,#1334,#1335);
#1333 = CARTESIAN_POINT('',(11.55,0.597090658555,0.221059411393));
#1334 = DIRECTION('',(1.,0.,0.));
#1335 = DIRECTION('',(0.,0.,1.));
#1336 = ADVANCED_FACE('',(#1337),#1348,.F.);
#1337 = FACE_BOUND('',#1338,.F.);
#1338 = EDGE_LOOP('',(#1339,#1340,#1346,#1347));
#1339 = ORIENTED_EDGE('',*,*,#504,.T.);
#1340 = ORIENTED_EDGE('',*,*,#1341,.T.);
#1341 = EDGE_CURVE('',#497,#936,#1342,.T.);
#1342 = LINE('',#1343,#1344);
#1343 = CARTESIAN_POINT('',(10.95,3.4,0.));
#1344 = VECTOR('',#1345,1.);
#1345 = DIRECTION('',(0.,-1.,0.));
#1346 = ORIENTED_EDGE('',*,*,#935,.T.);
#1347 = ORIENTED_EDGE('',*,*,#1325,.F.);
#1348 = PLANE('',#1349);
#1349 = AXIS2_PLACEMENT_3D('',#1350,#1351,#1352);
#1350 = CARTESIAN_POINT('',(6.25,0.525,0.));
#1351 = DIRECTION('',(0.,0.,1.));
#1352 = DIRECTION('',(1.,0.,0.));
#1353 = ADVANCED_FACE('',(#1354),#1381,.T.);
#1354 = FACE_BOUND('',#1355,.F.);
#1355 = EDGE_LOOP('',(#1356,#1364,#1372,#1378,#1379,#1380));
#1356 = ORIENTED_EDGE('',*,*,#1357,.T.);
#1357 = EDGE_CURVE('',#1080,#1358,#1360,.T.);
#1358 = VERTEX_POINT('',#1359);
#1359 = CARTESIAN_POINT('',(-0.95,-1.,0.2));
#1360 = LINE('',#1361,#1362);
#1361 = CARTESIAN_POINT('',(-0.95,-2.35,0.587106270774));
#1362 = VECTOR('',#1363,1.);
#1363 = DIRECTION('',(0.,0.961261695938,-0.275637355817));
#1364 = ORIENTED_EDGE('',*,*,#1365,.T.);
#1365 = EDGE_CURVE('',#1358,#1366,#1368,.T.);
#1366 = VERTEX_POINT('',#1367);
#1367 = CARTESIAN_POINT('',(-0.95,1.,0.2));
#1368 = LINE('',#1369,#1370);
#1369 = CARTESIAN_POINT('',(-0.95,-1.,0.2));
#1370 = VECTOR('',#1371,1.);
#1371 = DIRECTION('',(0.,1.,0.));
#1372 = ORIENTED_EDGE('',*,*,#1373,.T.);
#1373 = EDGE_CURVE('',#1366,#353,#1374,.T.);
#1374 = LINE('',#1375,#1376);
#1375 = CARTESIAN_POINT('',(-0.95,1.,0.2));
#1376 = VECTOR('',#1377,1.);
#1377 = DIRECTION('',(0.,0.96,0.28));
#1378 = ORIENTED_EDGE('',*,*,#352,.T.);
#1379 = ORIENTED_EDGE('',*,*,#748,.T.);
#1380 = ORIENTED_EDGE('',*,*,#1087,.T.);
#1381 = PLANE('',#1382);
#1382 = AXIS2_PLACEMENT_3D('',#1383,#1384,#1385);
#1383 = CARTESIAN_POINT('',(-0.95,0.597090658555,0.221059411393));
#1384 = DIRECTION('',(1.,0.,0.));
#1385 = DIRECTION('',(0.,0.,1.));
#1386 = ADVANCED_FACE('',(#1387),#1414,.F.);
#1387 = FACE_BOUND('',#1388,.T.);
#1388 = EDGE_LOOP('',(#1389,#1397,#1405,#1411,#1412,#1413));
#1389 = ORIENTED_EDGE('',*,*,#1390,.T.);
#1390 = EDGE_CURVE('',#944,#1391,#1393,.T.);
#1391 = VERTEX_POINT('',#1392);
#1392 = CARTESIAN_POINT('',(10.95,-1.,0.2));
#1393 = LINE('',#1394,#1395);
#1394 = CARTESIAN_POINT('',(10.95,-2.35,0.587106270774));
#1395 = VECTOR('',#1396,1.);
#1396 = DIRECTION('',(0.,0.961261695938,-0.275637355817));
#1397 = ORIENTED_EDGE('',*,*,#1398,.T.);
#1398 = EDGE_CURVE('',#1391,#1399,#1401,.T.);
#1399 = VERTEX_POINT('',#1400);
#1400 = CARTESIAN_POINT('',(10.95,1.,0.2));
#1401 = LINE('',#1402,#1403);
#1402 = CARTESIAN_POINT('',(10.95,-1.,0.2));
#1403 = VECTOR('',#1404,1.);
#1404 = DIRECTION('',(0.,1.,0.));
#1405 = ORIENTED_EDGE('',*,*,#1406,.T.);
#1406 = EDGE_CURVE('',#1399,#489,#1407,.T.);
#1407 = LINE('',#1408,#1409);
#1408 = CARTESIAN_POINT('',(10.95,1.,0.2));
#1409 = VECTOR('',#1410,1.);
#1410 = DIRECTION('',(0.,0.96,0.28));
#1411 = ORIENTED_EDGE('',*,*,#496,.T.);
#1412 = ORIENTED_EDGE('',*,*,#1341,.T.);
#1413 = ORIENTED_EDGE('',*,*,#943,.T.);
#1414 = PLANE('',#1415);
#1415 = AXIS2_PLACEMENT_3D('',#1416,#1417,#1418);
#1416 = CARTESIAN_POINT('',(10.95,0.597090658555,0.221059411393));
#1417 = DIRECTION('',(1.,0.,0.));
#1418 = DIRECTION('',(0.,0.,1.));
#1419 = ADVANCED_FACE('',(#1420),#1438,.T.);
#1420 = FACE_BOUND('',#1421,.T.);
#1421 = EDGE_LOOP('',(#1422,#1430,#1431,#1432));
#1422 = ORIENTED_EDGE('',*,*,#1423,.T.);
#1423 = EDGE_CURVE('',#1424,#1366,#1426,.T.);
#1424 = VERTEX_POINT('',#1425);
#1425 = CARTESIAN_POINT('',(0.95,1.,0.2));
#1426 = LINE('',#1427,#1428);
#1427 = CARTESIAN_POINT('',(0.95,1.,0.2));
#1428 = VECTOR('',#1429,1.);
#1429 = DIRECTION('',(-1.,-0.,-0.));
#1430 = ORIENTED_EDGE('',*,*,#1373,.T.);
#1431 = ORIENTED_EDGE('',*,*,#360,.F.);
#1432 = ORIENTED_EDGE('',*,*,#1433,.F.);
#1433 = EDGE_CURVE('',#1424,#361,#1434,.T.);
#1434 = LINE('',#1435,#1436);
#1435 = CARTESIAN_POINT('',(0.95,1.,0.2));
#1436 = VECTOR('',#1437,1.);
#1437 = DIRECTION('',(0.,0.96,0.28));
#1438 = PLANE('',#1439);
#1439 = AXIS2_PLACEMENT_3D('',#1440,#1441,#1442);
#1440 = CARTESIAN_POINT('',(0.95,1.,0.2));
#1441 = DIRECTION('',(0.,0.28,-0.96));
#1442 = DIRECTION('',(0.,0.96,0.28));
#1443 = ADVANCED_FACE('',(#1444),#1462,.T.);
#1444 = FACE_BOUND('',#1445,.T.);
#1445 = EDGE_LOOP('',(#1446,#1454,#1460,#1461));
#1446 = ORIENTED_EDGE('',*,*,#1447,.T.);
#1447 = EDGE_CURVE('',#1399,#1448,#1450,.T.);
#1448 = VERTEX_POINT('',#1449);
#1449 = CARTESIAN_POINT('',(9.05,1.,0.2));
#1450 = LINE('',#1451,#1452);
#1451 = CARTESIAN_POINT('',(10.95,1.,0.2));
#1452 = VECTOR('',#1453,1.);
#1453 = DIRECTION('',(-1.,-0.,-0.));
#1454 = ORIENTED_EDGE('',*,*,#1455,.T.);
#1455 = EDGE_CURVE('',#1448,#481,#1456,.T.);
#1456 = LINE('',#1457,#1458);
#1457 = CARTESIAN_POINT('',(9.05,1.,0.2));
#1458 = VECTOR('',#1459,1.);
#1459 = DIRECTION('',(0.,0.96,0.28));
#1460 = ORIENTED_EDGE('',*,*,#488,.F.);
#1461 = ORIENTED_EDGE('',*,*,#1406,.F.);
#1462 = PLANE('',#1463);
#1463 = AXIS2_PLACEMENT_3D('',#1464,#1465,#1466);
#1464 = CARTESIAN_POINT('',(10.95,1.,0.2));
#1465 = DIRECTION('',(0.,0.28,-0.96));
#1466 = DIRECTION('',(0.,0.96,0.28));
#1467 = ADVANCED_FACE('',(#1468),#1493,.F.);
#1468 = FACE_BOUND('',#1469,.T.);
#1469 = EDGE_LOOP('',(#1470,#1478,#1484,#1485,#1486,#1492));
#1470 = ORIENTED_EDGE('',*,*,#1471,.T.);
#1471 = EDGE_CURVE('',#1072,#1472,#1474,.T.);
#1472 = VERTEX_POINT('',#1473);
#1473 = CARTESIAN_POINT('',(0.95,-1.,0.2));
#1474 = LINE('',#1475,#1476);
#1475 = CARTESIAN_POINT('',(0.95,-2.35,0.587106270774));
#1476 = VECTOR('',#1477,1.);
#1477 = DIRECTION('',(0.,0.961261695938,-0.275637355817));
#1478 = ORIENTED_EDGE('',*,*,#1479,.T.);
#1479 = EDGE_CURVE('',#1472,#1424,#1480,.T.);
#1480 = LINE('',#1481,#1482);
#1481 = CARTESIAN_POINT('',(0.95,-1.,0.2));
#1482 = VECTOR('',#1483,1.);
#1483 = DIRECTION('',(0.,1.,0.));
#1484 = ORIENTED_EDGE('',*,*,#1433,.T.);
#1485 = ORIENTED_EDGE('',*,*,#368,.T.);
#1486 = ORIENTED_EDGE('',*,*,#1487,.T.);
#1487 = EDGE_CURVE('',#369,#1064,#1488,.T.);
#1488 = LINE('',#1489,#1490);
#1489 = CARTESIAN_POINT('',(0.95,3.4,0.));
#1490 = VECTOR('',#1491,1.);
#1491 = DIRECTION('',(0.,-1.,0.));
#1492 = ORIENTED_EDGE('',*,*,#1071,.T.);
#1493 = PLANE('',#1494);
#1494 = AXIS2_PLACEMENT_3D('',#1495,#1496,#1497);
#1495 = CARTESIAN_POINT('',(0.95,0.597090658555,0.221059411393));
#1496 = DIRECTION('',(1.,0.,0.));
#1497 = DIRECTION('',(0.,0.,1.));
#1498 = ADVANCED_FACE('',(#1499),#1524,.T.);
#1499 = FACE_BOUND('',#1500,.F.);
#1500 = EDGE_LOOP('',(#1501,#1509,#1515,#1516,#1517,#1523));
#1501 = ORIENTED_EDGE('',*,*,#1502,.T.);
#1502 = EDGE_CURVE('',#952,#1503,#1505,.T.);
#1503 = VERTEX_POINT('',#1504);
#1504 = CARTESIAN_POINT('',(9.05,-1.,0.2));
#1505 = LINE('',#1506,#1507);
#1506 = CARTESIAN_POINT('',(9.05,-2.35,0.587106270774));
#1507 = VECTOR('',#1508,1.);
#1508 = DIRECTION('',(0.,0.961261695938,-0.275637355817));
#1509 = ORIENTED_EDGE('',*,*,#1510,.T.);
#1510 = EDGE_CURVE('',#1503,#1448,#1511,.T.);
#1511 = LINE('',#1512,#1513);
#1512 = CARTESIAN_POINT('',(9.05,-1.,0.2));
#1513 = VECTOR('',#1514,1.);
#1514 = DIRECTION('',(0.,1.,0.));
#1515 = ORIENTED_EDGE('',*,*,#1455,.T.);
#1516 = ORIENTED_EDGE('',*,*,#480,.T.);
#1517 = ORIENTED_EDGE('',*,*,#1518,.T.);
#1518 = EDGE_CURVE('',#473,#960,#1519,.T.);
#1519 = LINE('',#1520,#1521);
#1520 = CARTESIAN_POINT('',(9.05,3.4,0.));
#1521 = VECTOR('',#1522,1.);
#1522 = DIRECTION('',(0.,-1.,0.));
#1523 = ORIENTED_EDGE('',*,*,#959,.T.);
#1524 = PLANE('',#1525);
#1525 = AXIS2_PLACEMENT_3D('',#1526,#1527,#1528);
#1526 = CARTESIAN_POINT('',(9.05,0.597090658555,0.221059411393));
#1527 = DIRECTION('',(1.,0.,0.));
#1528 = DIRECTION('',(0.,0.,1.));
#1529 = ADVANCED_FACE('',(#1530),#1541,.F.);
#1530 = FACE_BOUND('',#1531,.F.);
#1531 = EDGE_LOOP('',(#1532,#1533,#1534,#1535));
#1532 = ORIENTED_EDGE('',*,*,#376,.T.);
#1533 = ORIENTED_EDGE('',*,*,#1487,.T.);
#1534 = ORIENTED_EDGE('',*,*,#1063,.T.);
#1535 = ORIENTED_EDGE('',*,*,#1536,.F.);
#1536 = EDGE_CURVE('',#377,#1056,#1537,.T.);
#1537 = LINE('',#1538,#1539);
#1538 = CARTESIAN_POINT('',(1.55,3.4,0.));
#1539 = VECTOR('',#1540,1.);
#1540 = DIRECTION('',(0.,-1.,0.));
#1541 = PLANE('',#1542);
#1542 = AXIS2_PLACEMENT_3D('',#1543,#1544,#1545);
#1543 = CARTESIAN_POINT('',(6.25,0.525,0.));
#1544 = DIRECTION('',(0.,0.,1.));
#1545 = DIRECTION('',(1.,0.,0.));
#1546 = ADVANCED_FACE('',(#1547),#1558,.F.);
#1547 = FACE_BOUND('',#1548,.F.);
#1548 = EDGE_LOOP('',(#1549,#1550,#1556,#1557));
#1549 = ORIENTED_EDGE('',*,*,#472,.T.);
#1550 = ORIENTED_EDGE('',*,*,#1551,.T.);
#1551 = EDGE_CURVE('',#465,#968,#1552,.T.);
#1552 = LINE('',#1553,#1554);
#1553 = CARTESIAN_POINT('',(8.45,3.4,0.));
#1554 = VECTOR('',#1555,1.);
#1555 = DIRECTION('',(0.,-1.,0.));
#1556 = ORIENTED_EDGE('',*,*,#967,.T.);
#1557 = ORIENTED_EDGE('',*,*,#1518,.F.);
#1558 = PLANE('',#1559);
#1559 = AXIS2_PLACEMENT_3D('',#1560,#1561,#1562);
#1560 = CARTESIAN_POINT('',(6.25,0.525,0.));
#1561 = DIRECTION('',(0.,0.,1.));
#1562 = DIRECTION('',(1.,0.,0.));
#1563 = ADVANCED_FACE('',(#1564),#1591,.T.);
#1564 = FACE_BOUND('',#1565,.F.);
#1565 = EDGE_LOOP('',(#1566,#1574,#1582,#1588,#1589,#1590));
#1566 = ORIENTED_EDGE('',*,*,#1567,.T.);
#1567 = EDGE_CURVE('',#1048,#1568,#1570,.T.);
#1568 = VERTEX_POINT('',#1569);
#1569 = CARTESIAN_POINT('',(1.55,-1.,0.2));
#1570 = LINE('',#1571,#1572);
#1571 = CARTESIAN_POINT('',(1.55,-2.35,0.587106270774));
#1572 = VECTOR('',#1573,1.);
#1573 = DIRECTION('',(0.,0.961261695938,-0.275637355817));
#1574 = ORIENTED_EDGE('',*,*,#1575,.T.);
#1575 = EDGE_CURVE('',#1568,#1576,#1578,.T.);
#1576 = VERTEX_POINT('',#1577);
#1577 = CARTESIAN_POINT('',(1.55,1.,0.2));
#1578 = LINE('',#1579,#1580);
#1579 = CARTESIAN_POINT('',(1.55,-1.,0.2));
#1580 = VECTOR('',#1581,1.);
#1581 = DIRECTION('',(0.,1.,0.));
#1582 = ORIENTED_EDGE('',*,*,#1583,.T.);
#1583 = EDGE_CURVE('',#1576,#385,#1584,.T.);
#1584 = LINE('',#1585,#1586);
#1585 = CARTESIAN_POINT('',(1.55,1.,0.2));
#1586 = VECTOR('',#1587,1.);
#1587 = DIRECTION('',(0.,0.96,0.28));
#1588 = ORIENTED_EDGE('',*,*,#384,.T.);
#1589 = ORIENTED_EDGE('',*,*,#1536,.T.);
#1590 = ORIENTED_EDGE('',*,*,#1055,.T.);
#1591 = PLANE('',#1592);
#1592 = AXIS2_PLACEMENT_3D('',#1593,#1594,#1595);
#1593 = CARTESIAN_POINT('',(1.55,0.597090658555,0.221059411393));
#1594 = DIRECTION('',(1.,0.,0.));
#1595 = DIRECTION('',(0.,0.,1.));
#1596 = ADVANCED_FACE('',(#1597),#1624,.F.);
#1597 = FACE_BOUND('',#1598,.T.);
#1598 = EDGE_LOOP('',(#1599,#1607,#1615,#1621,#1622,#1623));
#1599 = ORIENTED_EDGE('',*,*,#1600,.T.);
#1600 = EDGE_CURVE('',#976,#1601,#1603,.T.);
#1601 = VERTEX_POINT('',#1602);
#1602 = CARTESIAN_POINT('',(8.45,-1.,0.2));
#1603 = LINE('',#1604,#1605);
#1604 = CARTESIAN_POINT('',(8.45,-2.35,0.587106270774));
#1605 = VECTOR('',#1606,1.);
#1606 = DIRECTION('',(0.,0.961261695938,-0.275637355817));
#1607 = ORIENTED_EDGE('',*,*,#1608,.T.);
#1608 = EDGE_CURVE('',#1601,#1609,#1611,.T.);
#1609 = VERTEX_POINT('',#1610);
#1610 = CARTESIAN_POINT('',(8.45,1.,0.2));
#1611 = LINE('',#1612,#1613);
#1612 = CARTESIAN_POINT('',(8.45,-1.,0.2));
#1613 = VECTOR('',#1614,1.);
#1614 = DIRECTION('',(0.,1.,0.));
#1615 = ORIENTED_EDGE('',*,*,#1616,.T.);
#1616 = EDGE_CURVE('',#1609,#457,#1617,.T.);
#1617 = LINE('',#1618,#1619);
#1618 = CARTESIAN_POINT('',(8.45,1.,0.2));
#1619 = VECTOR('',#1620,1.);
#1620 = DIRECTION('',(0.,0.96,0.28));
#1621 = ORIENTED_EDGE('',*,*,#464,.T.);
#1622 = ORIENTED_EDGE('',*,*,#1551,.T.);
#1623 = ORIENTED_EDGE('',*,*,#975,.T.);
#1624 = PLANE('',#1625);
#1625 = AXIS2_PLACEMENT_3D('',#1626,#1627,#1628);
#1626 = CARTESIAN_POINT('',(8.45,0.597090658555,0.221059411393));
#1627 = DIRECTION('',(1.,0.,0.));
#1628 = DIRECTION('',(0.,0.,1.));
#1629 = ADVANCED_FACE('',(#1630),#1648,.T.);
#1630 = FACE_BOUND('',#1631,.T.);
#1631 = EDGE_LOOP('',(#1632,#1640,#1641,#1642));
#1632 = ORIENTED_EDGE('',*,*,#1633,.T.);
#1633 = EDGE_CURVE('',#1634,#1576,#1636,.T.);
#1634 = VERTEX_POINT('',#1635);
#1635 = CARTESIAN_POINT('',(3.45,1.,0.2));
#1636 = LINE('',#1637,#1638);
#1637 = CARTESIAN_POINT('',(3.45,1.,0.2));
#1638 = VECTOR('',#1639,1.);
#1639 = DIRECTION('',(-1.,-0.,-0.));
#1640 = ORIENTED_EDGE('',*,*,#1583,.T.);
#1641 = ORIENTED_EDGE('',*,*,#392,.F.);
#1642 = ORIENTED_EDGE('',*,*,#1643,.F.);
#1643 = EDGE_CURVE('',#1634,#393,#1644,.T.);
#1644 = LINE('',#1645,#1646);
#1645 = CARTESIAN_POINT('',(3.45,1.,0.2));
#1646 = VECTOR('',#1647,1.);
#1647 = DIRECTION('',(0.,0.96,0.28));
#1648 = PLANE('',#1649);
#1649 = AXIS2_PLACEMENT_3D('',#1650,#1651,#1652);
#1650 = CARTESIAN_POINT('',(3.45,1.,0.2));
#1651 = DIRECTION('',(0.,0.28,-0.96));
#1652 = DIRECTION('',(0.,0.96,0.28));
#1653 = ADVANCED_FACE('',(#1654),#1672,.T.);
#1654 = FACE_BOUND('',#1655,.T.);
#1655 = EDGE_LOOP('',(#1656,#1664,#1670,#1671));
#1656 = ORIENTED_EDGE('',*,*,#1657,.T.);
#1657 = EDGE_CURVE('',#1609,#1658,#1660,.T.);
#1658 = VERTEX_POINT('',#1659);
#1659 = CARTESIAN_POINT('',(6.55,1.,0.2));
#1660 = LINE('',#1661,#1662);
#1661 = CARTESIAN_POINT('',(8.45,1.,0.2));
#1662 = VECTOR('',#1663,1.);
#1663 = DIRECTION('',(-1.,-0.,-0.));
#1664 = ORIENTED_EDGE('',*,*,#1665,.T.);
#1665 = EDGE_CURVE('',#1658,#449,#1666,.T.);
#1666 = LINE('',#1667,#1668);
#1667 = CARTESIAN_POINT('',(6.55,1.,0.2));
#1668 = VECTOR('',#1669,1.);
#1669 = DIRECTION('',(0.,0.96,0.28));
#1670 = ORIENTED_EDGE('',*,*,#456,.F.);
#1671 = ORIENTED_EDGE('',*,*,#1616,.F.);
#1672 = PLANE('',#1673);
#1673 = AXIS2_PLACEMENT_3D('',#1674,#1675,#1676);
#1674 = CARTESIAN_POINT('',(8.45,1.,0.2));
#1675 = DIRECTION('',(0.,0.28,-0.96));
#1676 = DIRECTION('',(0.,0.96,0.28));
#1677 = ADVANCED_FACE('',(#1678),#1703,.F.);
#1678 = FACE_BOUND('',#1679,.T.);
#1679 = EDGE_LOOP('',(#1680,#1688,#1694,#1695,#1696,#1702));
#1680 = ORIENTED_EDGE('',*,*,#1681,.T.);
#1681 = EDGE_CURVE('',#1040,#1682,#1684,.T.);
#1682 = VERTEX_POINT('',#1683);
#1683 = CARTESIAN_POINT('',(3.45,-1.,0.2));
#1684 = LINE('',#1685,#1686);
#1685 = CARTESIAN_POINT('',(3.45,-2.35,0.587106270774));
#1686 = VECTOR('',#1687,1.);
#1687 = DIRECTION('',(0.,0.961261695938,-0.275637355817));
#1688 = ORIENTED_EDGE('',*,*,#1689,.T.);
#1689 = EDGE_CURVE('',#1682,#1634,#1690,.T.);
#1690 = LINE('',#1691,#1692);
#1691 = CARTESIAN_POINT('',(3.45,-1.,0.2));
#1692 = VECTOR('',#1693,1.);
#1693 = DIRECTION('',(0.,1.,0.));
#1694 = ORIENTED_EDGE('',*,*,#1643,.T.);
#1695 = ORIENTED_EDGE('',*,*,#400,.T.);
#1696 = ORIENTED_EDGE('',*,*,#1697,.T.);
#1697 = EDGE_CURVE('',#401,#1032,#1698,.T.);
#1698 = LINE('',#1699,#1700);
#1699 = CARTESIAN_POINT('',(3.45,3.4,0.));
#1700 = VECTOR('',#1701,1.);
#1701 = DIRECTION('',(0.,-1.,0.));
#1702 = ORIENTED_EDGE('',*,*,#1039,.T.);
#1703 = PLANE('',#1704);
#1704 = AXIS2_PLACEMENT_3D('',#1705,#1706,#1707);
#1705 = CARTESIAN_POINT('',(3.45,0.597090658555,0.221059411393));
#1706 = DIRECTION('',(1.,0.,0.));
#1707 = DIRECTION('',(0.,0.,1.));
#1708 = ADVANCED_FACE('',(#1709),#1734,.T.);
#1709 = FACE_BOUND('',#1710,.F.);
#1710 = EDGE_LOOP('',(#1711,#1719,#1725,#1726,#1727,#1733));
#1711 = ORIENTED_EDGE('',*,*,#1712,.T.);
#1712 = EDGE_CURVE('',#984,#1713,#1715,.T.);
#1713 = VERTEX_POINT('',#1714);
#1714 = CARTESIAN_POINT('',(6.55,-1.,0.2));
#1715 = LINE('',#1716,#1717);
#1716 = CARTESIAN_POINT('',(6.55,-2.35,0.587106270774));
#1717 = VECTOR('',#1718,1.);
#1718 = DIRECTION('',(0.,0.961261695938,-0.275637355817));
#1719 = ORIENTED_EDGE('',*,*,#1720,.T.);
#1720 = EDGE_CURVE('',#1713,#1658,#1721,.T.);
#1721 = LINE('',#1722,#1723);
#1722 = CARTESIAN_POINT('',(6.55,-1.,0.2));
#1723 = VECTOR('',#1724,1.);
#1724 = DIRECTION('',(0.,1.,0.));
#1725 = ORIENTED_EDGE('',*,*,#1665,.T.);
#1726 = ORIENTED_EDGE('',*,*,#448,.T.);
#1727 = ORIENTED_EDGE('',*,*,#1728,.T.);
#1728 = EDGE_CURVE('',#441,#992,#1729,.T.);
#1729 = LINE('',#1730,#1731);
#1730 = CARTESIAN_POINT('',(6.55,3.4,0.));
#1731 = VECTOR('',#1732,1.);
#1732 = DIRECTION('',(0.,-1.,0.));
#1733 = ORIENTED_EDGE('',*,*,#991,.T.);
#1734 = PLANE('',#1735);
#1735 = AXIS2_PLACEMENT_3D('',#1736,#1737,#1738);
#1736 = CARTESIAN_POINT('',(6.55,0.597090658555,0.221059411393));
#1737 = DIRECTION('',(1.,0.,0.));
#1738 = DIRECTION('',(0.,0.,1.));
#1739 = ADVANCED_FACE('',(#1740),#1751,.F.);
#1740 = FACE_BOUND('',#1741,.F.);
#1741 = EDGE_LOOP('',(#1742,#1743,#1744,#1745));
#1742 = ORIENTED_EDGE('',*,*,#408,.T.);
#1743 = ORIENTED_EDGE('',*,*,#1697,.T.);
#1744 = ORIENTED_EDGE('',*,*,#1031,.T.);
#1745 = ORIENTED_EDGE('',*,*,#1746,.F.);
#1746 = EDGE_CURVE('',#409,#1024,#1747,.T.);
#1747 = LINE('',#1748,#1749);
#1748 = CARTESIAN_POINT('',(4.05,3.4,0.));
#1749 = VECTOR('',#1750,1.);
#1750 = DIRECTION('',(0.,-1.,0.));
#1751 = PLANE('',#1752);
#1752 = AXIS2_PLACEMENT_3D('',#1753,#1754,#1755);
#1753 = CARTESIAN_POINT('',(6.25,0.525,0.));
#1754 = DIRECTION('',(0.,0.,1.));
#1755 = DIRECTION('',(1.,0.,0.));
#1756 = ADVANCED_FACE('',(#1757),#1768,.F.);
#1757 = FACE_BOUND('',#1758,.F.);
#1758 = EDGE_LOOP('',(#1759,#1760,#1766,#1767));
#1759 = ORIENTED_EDGE('',*,*,#440,.T.);
#1760 = ORIENTED_EDGE('',*,*,#1761,.T.);
#1761 = EDGE_CURVE('',#433,#1000,#1762,.T.);
#1762 = LINE('',#1763,#1764);
#1763 = CARTESIAN_POINT('',(5.95,3.4,0.));
#1764 = VECTOR('',#1765,1.);
#1765 = DIRECTION('',(0.,-1.,0.));
#1766 = ORIENTED_EDGE('',*,*,#999,.T.);
#1767 = ORIENTED_EDGE('',*,*,#1728,.F.);
#1768 = PLANE('',#1769);
#1769 = AXIS2_PLACEMENT_3D('',#1770,#1771,#1772);
#1770 = CARTESIAN_POINT('',(6.25,0.525,0.));
#1771 = DIRECTION('',(0.,0.,1.));
#1772 = DIRECTION('',(1.,0.,0.));
#1773 = ADVANCED_FACE('',(#1774),#1801,.T.);
#1774 = FACE_BOUND('',#1775,.F.);
#1775 = EDGE_LOOP('',(#1776,#1784,#1792,#1798,#1799,#1800));
#1776 = ORIENTED_EDGE('',*,*,#1777,.T.);
#1777 = EDGE_CURVE('',#1016,#1778,#1780,.T.);
#1778 = VERTEX_POINT('',#1779);
#1779 = CARTESIAN_POINT('',(4.05,-1.,0.2));
#1780 = LINE('',#1781,#1782);
#1781 = CARTESIAN_POINT('',(4.05,-2.35,0.587106270774));
#1782 = VECTOR('',#1783,1.);
#1783 = DIRECTION('',(0.,0.961261695938,-0.275637355817));
#1784 = ORIENTED_EDGE('',*,*,#1785,.T.);
#1785 = EDGE_CURVE('',#1778,#1786,#1788,.T.);
#1786 = VERTEX_POINT('',#1787);
#1787 = CARTESIAN_POINT('',(4.05,1.,0.2));
#1788 = LINE('',#1789,#1790);
#1789 = CARTESIAN_POINT('',(4.05,-1.,0.2));
#1790 = VECTOR('',#1791,1.);
#1791 = DIRECTION('',(0.,1.,0.));
#1792 = ORIENTED_EDGE('',*,*,#1793,.T.);
#1793 = EDGE_CURVE('',#1786,#417,#1794,.T.);
#1794 = LINE('',#1795,#1796);
#1795 = CARTESIAN_POINT('',(4.05,1.,0.2));
#1796 = VECTOR('',#1797,1.);
#1797 = DIRECTION('',(0.,0.96,0.28));
#1798 = ORIENTED_EDGE('',*,*,#416,.T.);
#1799 = ORIENTED_EDGE('',*,*,#1746,.T.);
#1800 = ORIENTED_EDGE('',*,*,#1023,.T.);
#1801 = PLANE('',#1802);
#1802 = AXIS2_PLACEMENT_3D('',#1803,#1804,#1805);
#1803 = CARTESIAN_POINT('',(4.05,0.597090658555,0.221059411393));
#1804 = DIRECTION('',(1.,0.,0.));
#1805 = DIRECTION('',(0.,0.,1.));
#1806 = ADVANCED_FACE('',(#1807),#1834,.F.);
#1807 = FACE_BOUND('',#1808,.T.);
#1808 = EDGE_LOOP('',(#1809,#1817,#1825,#1831,#1832,#1833));
#1809 = ORIENTED_EDGE('',*,*,#1810,.T.);
#1810 = EDGE_CURVE('',#1008,#1811,#1813,.T.);
#1811 = VERTEX_POINT('',#1812);
#1812 = CARTESIAN_POINT('',(5.95,-1.,0.2));
#1813 = LINE('',#1814,#1815);
#1814 = CARTESIAN_POINT('',(5.95,-2.35,0.587106270774));
#1815 = VECTOR('',#1816,1.);
#1816 = DIRECTION('',(0.,0.961261695938,-0.275637355817));
#1817 = ORIENTED_EDGE('',*,*,#1818,.T.);
#1818 = EDGE_CURVE('',#1811,#1819,#1821,.T.);
#1819 = VERTEX_POINT('',#1820);
#1820 = CARTESIAN_POINT('',(5.95,1.,0.2));
#1821 = LINE('',#1822,#1823);
#1822 = CARTESIAN_POINT('',(5.95,-1.,0.2));
#1823 = VECTOR('',#1824,1.);
#1824 = DIRECTION('',(0.,1.,0.));
#1825 = ORIENTED_EDGE('',*,*,#1826,.T.);
#1826 = EDGE_CURVE('',#1819,#425,#1827,.T.);
#1827 = LINE('',#1828,#1829);
#1828 = CARTESIAN_POINT('',(5.95,1.,0.2));
#1829 = VECTOR('',#1830,1.);
#1830 = DIRECTION('',(0.,0.96,0.28));
#1831 = ORIENTED_EDGE('',*,*,#432,.T.);
#1832 = ORIENTED_EDGE('',*,*,#1761,.T.);
#1833 = ORIENTED_EDGE('',*,*,#1007,.T.);
#1834 = PLANE('',#1835);
#1835 = AXIS2_PLACEMENT_3D('',#1836,#1837,#1838);
#1836 = CARTESIAN_POINT('',(5.95,0.597090658555,0.221059411393));
#1837 = DIRECTION('',(1.,0.,0.));
#1838 = DIRECTION('',(0.,0.,1.));
#1839 = ADVANCED_FACE('',(#1840),#1851,.T.);
#1840 = FACE_BOUND('',#1841,.T.);
#1841 = EDGE_LOOP('',(#1842,#1848,#1849,#1850));
#1842 = ORIENTED_EDGE('',*,*,#1843,.T.);
#1843 = EDGE_CURVE('',#1819,#1786,#1844,.T.);
#1844 = LINE('',#1845,#1846);
#1845 = CARTESIAN_POINT('',(5.95,1.,0.2));
#1846 = VECTOR('',#1847,1.);
#1847 = DIRECTION('',(-1.,-0.,-0.));
#1848 = ORIENTED_EDGE('',*,*,#1793,.T.);
#1849 = ORIENTED_EDGE('',*,*,#424,.F.);
#1850 = ORIENTED_EDGE('',*,*,#1826,.F.);
#1851 = PLANE('',#1852);
#1852 = AXIS2_PLACEMENT_3D('',#1853,#1854,#1855);
#1853 = CARTESIAN_POINT('',(5.95,1.,0.2));
#1854 = DIRECTION('',(0.,0.28,-0.96));
#1855 = DIRECTION('',(0.,0.96,0.28));
#1856 = ADVANCED_FACE('',(#1857),#1868,.F.);
#1857 = FACE_BOUND('',#1858,.T.);
#1858 = EDGE_LOOP('',(#1859,#1860,#1866,#1867));
#1859 = ORIENTED_EDGE('',*,*,#1169,.T.);
#1860 = ORIENTED_EDGE('',*,*,#1861,.T.);
#1861 = EDGE_CURVE('',#1170,#624,#1862,.T.);
#1862 = LINE('',#1863,#1864);
#1863 = CARTESIAN_POINT('',(-5.,-1.549999999998,4.749999999997));
#1864 = VECTOR('',#1865,1.);
#1865 = DIRECTION('',(1.,0.,0.));
#1866 = ORIENTED_EDGE('',*,*,#631,.F.);
#1867 = ORIENTED_EDGE('',*,*,#550,.F.);
#1868 = CYLINDRICAL_SURFACE('',#1869,0.849999999998);
#1869 = AXIS2_PLACEMENT_3D('',#1870,#1871,#1872);
#1870 = CARTESIAN_POINT('',(-5.,-0.7,4.749999999998));
#1871 = DIRECTION('',(-1.,-0.,-0.));
#1872 = DIRECTION('',(0.,1.,0.));
#1873 = ADVANCED_FACE('',(#1874),#1899,.T.);
#1874 = FACE_BOUND('',#1875,.T.);
#1875 = EDGE_LOOP('',(#1876,#1884,#1885,#1886,#1892,#1893));
#1876 = ORIENTED_EDGE('',*,*,#1877,.T.);
#1877 = EDGE_CURVE('',#1878,#889,#1880,.T.);
#1878 = VERTEX_POINT('',#1879);
#1879 = CARTESIAN_POINT('',(13.3,-1.6,7.));
#1880 = LINE('',#1881,#1882);
#1881 = CARTESIAN_POINT('',(13.3,1.554312234475E-15,7.));
#1882 = VECTOR('',#1883,1.);
#1883 = DIRECTION('',(0.,-1.,2.22044604925E-16));
#1884 = ORIENTED_EDGE('',*,*,#896,.T.);
#1885 = ORIENTED_EDGE('',*,*,#615,.T.);
#1886 = ORIENTED_EDGE('',*,*,#1887,.F.);
#1887 = EDGE_CURVE('',#1179,#616,#1888,.T.);
#1888 = LINE('',#1889,#1890);
#1889 = CARTESIAN_POINT('',(-5.,-1.549999999998,7.));
#1890 = VECTOR('',#1891,1.);
#1891 = DIRECTION('',(1.,0.,0.));
#1892 = ORIENTED_EDGE('',*,*,#1186,.T.);
#1893 = ORIENTED_EDGE('',*,*,#1894,.F.);
#1894 = EDGE_CURVE('',#1878,#1187,#1895,.T.);
#1895 = LINE('',#1896,#1897);
#1896 = CARTESIAN_POINT('',(-1.7,-1.6,7.));
#1897 = VECTOR('',#1898,1.);
#1898 = DIRECTION('',(1.,0.,0.));
#1899 = PLANE('',#1900);
#1900 = AXIS2_PLACEMENT_3D('',#1901,#1902,#1903);
#1901 = CARTESIAN_POINT('',(6.25,0.525,7.));
#1902 = DIRECTION('',(0.,0.,1.));
#1903 = DIRECTION('',(1.,0.,0.));
#1904 = ADVANCED_FACE('',(#1905),#1911,.T.);
#1905 = FACE_BOUND('',#1906,.T.);
#1906 = EDGE_LOOP('',(#1907,#1908,#1909,#1910));
#1907 = ORIENTED_EDGE('',*,*,#1178,.T.);
#1908 = ORIENTED_EDGE('',*,*,#1887,.T.);
#1909 = ORIENTED_EDGE('',*,*,#623,.T.);
#1910 = ORIENTED_EDGE('',*,*,#1861,.F.);
#1911 = PLANE('',#1912);
#1912 = AXIS2_PLACEMENT_3D('',#1913,#1914,#1915);
#1913 = CARTESIAN_POINT('',(-5.,-1.549999999998,7.));
#1914 = DIRECTION('',(0.,1.,0.));
#1915 = DIRECTION('',(0.,0.,-1.));
#1916 = ADVANCED_FACE('',(#1917),#1928,.T.);
#1917 = FACE_BOUND('',#1918,.T.);
#1918 = EDGE_LOOP('',(#1919,#1925,#1926,#1927));
#1919 = ORIENTED_EDGE('',*,*,#1920,.T.);
#1920 = EDGE_CURVE('',#692,#1211,#1921,.T.);
#1921 = LINE('',#1922,#1923);
#1922 = CARTESIAN_POINT('',(-1.7,0.875277674973,1.25));
#1923 = VECTOR('',#1924,1.);
#1924 = DIRECTION('',(1.,0.,0.));
#1925 = ORIENTED_EDGE('',*,*,#1218,.T.);
#1926 = ORIENTED_EDGE('',*,*,#1145,.F.);
#1927 = ORIENTED_EDGE('',*,*,#699,.F.);
#1928 = PLANE('',#1929);
#1929 = AXIS2_PLACEMENT_3D('',#1930,#1931,#1932);
#1930 = CARTESIAN_POINT('',(-1.7,0.875277674973,1.25));
#1931 = DIRECTION('',(0.,0.,1.));
#1932 = DIRECTION('',(0.,1.,0.));
#1933 = ADVANCED_FACE('',(#1934),#1945,.T.);
#1934 = FACE_BOUND('',#1935,.T.);
#1935 = EDGE_LOOP('',(#1936,#1942,#1943,#1944));
#1936 = ORIENTED_EDGE('',*,*,#1937,.T.);
#1937 = EDGE_CURVE('',#684,#1203,#1938,.T.);
#1938 = LINE('',#1939,#1940);
#1939 = CARTESIAN_POINT('',(-1.7,0.5,1.9));
#1940 = VECTOR('',#1941,1.);
#1941 = DIRECTION('',(1.,0.,0.));
#1942 = ORIENTED_EDGE('',*,*,#1210,.T.);
#1943 = ORIENTED_EDGE('',*,*,#1920,.F.);
#1944 = ORIENTED_EDGE('',*,*,#691,.F.);
#1945 = PLANE('',#1946);
#1946 = AXIS2_PLACEMENT_3D('',#1947,#1948,#1949);
#1947 = CARTESIAN_POINT('',(-1.7,0.5,1.9));
#1948 = DIRECTION('',(0.,0.866025403784,0.5));
#1949 = DIRECTION('',(0.,0.5,-0.866025403784));
#1950 = ADVANCED_FACE('',(#1951),#2083,.T.);
#1951 = FACE_BOUND('',#1952,.T.);
#1952 = EDGE_LOOP('',(#1953,#1954,#1955,#1963,#1971,#1979,#1987,#1996,
    #2004,#2012,#2020,#2028,#2036,#2045,#2053,#2061,#2069,#2075,#2076,
    #2077));
#1953 = ORIENTED_EDGE('',*,*,#675,.F.);
#1954 = ORIENTED_EDGE('',*,*,#1117,.T.);
#1955 = ORIENTED_EDGE('',*,*,#1956,.F.);
#1956 = EDGE_CURVE('',#1957,#1110,#1959,.T.);
#1957 = VERTEX_POINT('',#1958);
#1958 = CARTESIAN_POINT('',(-0.8,-1.6,6.8));
#1959 = LINE('',#1960,#1961);
#1960 = CARTESIAN_POINT('',(-0.8,-1.6,6.9));
#1961 = VECTOR('',#1962,1.);
#1962 = DIRECTION('',(0.,0.,1.));
#1963 = ORIENTED_EDGE('',*,*,#1964,.F.);
#1964 = EDGE_CURVE('',#1965,#1957,#1967,.T.);
#1965 = VERTEX_POINT('',#1966);
#1966 = CARTESIAN_POINT('',(-0.4,-1.6,6.4));
#1967 = LINE('',#1968,#1969);
#1968 = CARTESIAN_POINT('',(-0.875,-1.6,6.875));
#1969 = VECTOR('',#1970,1.);
#1970 = DIRECTION('',(-0.707106781187,0.,0.707106781187));
#1971 = ORIENTED_EDGE('',*,*,#1972,.F.);
#1972 = EDGE_CURVE('',#1973,#1965,#1975,.T.);
#1973 = VERTEX_POINT('',#1974);
#1974 = CARTESIAN_POINT('',(-0.8,-1.6,6.));
#1975 = LINE('',#1976,#1977);
#1976 = CARTESIAN_POINT('',(-0.775,-1.6,6.025));
#1977 = VECTOR('',#1978,1.);
#1978 = DIRECTION('',(0.707106781187,0.,0.707106781187));
#1979 = ORIENTED_EDGE('',*,*,#1980,.F.);
#1980 = EDGE_CURVE('',#1981,#1973,#1983,.T.);
#1981 = VERTEX_POINT('',#1982);
#1982 = CARTESIAN_POINT('',(-0.8,-1.6,3.9));
#1983 = LINE('',#1984,#1985);
#1984 = CARTESIAN_POINT('',(-0.8,-1.6,5.45));
#1985 = VECTOR('',#1986,1.);
#1986 = DIRECTION('',(0.,0.,1.));
#1987 = ORIENTED_EDGE('',*,*,#1988,.F.);
#1988 = EDGE_CURVE('',#1989,#1981,#1991,.T.);
#1989 = VERTEX_POINT('',#1990);
#1990 = CARTESIAN_POINT('',(-0.1,-1.6,3.2));
#1991 = CIRCLE('',#1992,0.7);
#1992 = AXIS2_PLACEMENT_3D('',#1993,#1994,#1995);
#1993 = CARTESIAN_POINT('',(-0.1,-1.6,3.9));
#1994 = DIRECTION('',(0.,1.,-2.22044604925E-16));
#1995 = DIRECTION('',(1.,0.,0.));
#1996 = ORIENTED_EDGE('',*,*,#1997,.F.);
#1997 = EDGE_CURVE('',#1998,#1989,#2000,.T.);
#1998 = VERTEX_POINT('',#1999);
#1999 = CARTESIAN_POINT('',(1.05,-1.6,3.2));
#2000 = LINE('',#2001,#2002);
#2001 = CARTESIAN_POINT('',(-0.325,-1.6,3.2));
#2002 = VECTOR('',#2003,1.);
#2003 = DIRECTION('',(-1.,0.,0.));
#2004 = ORIENTED_EDGE('',*,*,#2005,.F.);
#2005 = EDGE_CURVE('',#2006,#1998,#2008,.T.);
#2006 = VERTEX_POINT('',#2007);
#2007 = CARTESIAN_POINT('',(1.05,-1.6,7.));
#2008 = LINE('',#2009,#2010);
#2009 = CARTESIAN_POINT('',(1.05,-1.6,7.));
#2010 = VECTOR('',#2011,1.);
#2011 = DIRECTION('',(0.,0.,-1.));
#2012 = ORIENTED_EDGE('',*,*,#2013,.T.);
#2013 = EDGE_CURVE('',#2006,#2014,#2016,.T.);
#2014 = VERTEX_POINT('',#2015);
#2015 = CARTESIAN_POINT('',(11.45,-1.6,7.));
#2016 = LINE('',#2017,#2018);
#2017 = CARTESIAN_POINT('',(-1.7,-1.6,7.));
#2018 = VECTOR('',#2019,1.);
#2019 = DIRECTION('',(1.,0.,0.));
#2020 = ORIENTED_EDGE('',*,*,#2021,.T.);
#2021 = EDGE_CURVE('',#2014,#2022,#2024,.T.);
#2022 = VERTEX_POINT('',#2023);
#2023 = CARTESIAN_POINT('',(11.45,-1.6,3.2));
#2024 = LINE('',#2025,#2026);
#2025 = CARTESIAN_POINT('',(11.45,-1.6,7.));
#2026 = VECTOR('',#2027,1.);
#2027 = DIRECTION('',(0.,0.,-1.));
#2028 = ORIENTED_EDGE('',*,*,#2029,.T.);
#2029 = EDGE_CURVE('',#2022,#2030,#2032,.T.);
#2030 = VERTEX_POINT('',#2031);
#2031 = CARTESIAN_POINT('',(12.6,-1.6,3.2));
#2032 = LINE('',#2033,#2034);
#2033 = CARTESIAN_POINT('',(4.875,-1.6,3.2));
#2034 = VECTOR('',#2035,1.);
#2035 = DIRECTION('',(1.,0.,0.));
#2036 = ORIENTED_EDGE('',*,*,#2037,.F.);
#2037 = EDGE_CURVE('',#2038,#2030,#2040,.T.);
#2038 = VERTEX_POINT('',#2039);
#2039 = CARTESIAN_POINT('',(13.3,-1.6,3.9));
#2040 = CIRCLE('',#2041,0.7);
#2041 = AXIS2_PLACEMENT_3D('',#2042,#2043,#2044);
#2042 = CARTESIAN_POINT('',(12.6,-1.6,3.9));
#2043 = DIRECTION('',(0.,1.,-2.22044604925E-16));
#2044 = DIRECTION('',(1.,0.,0.));
#2045 = ORIENTED_EDGE('',*,*,#2046,.T.);
#2046 = EDGE_CURVE('',#2038,#2047,#2049,.T.);
#2047 = VERTEX_POINT('',#2048);
#2048 = CARTESIAN_POINT('',(13.3,-1.6,6.));
#2049 = LINE('',#2050,#2051);
#2050 = CARTESIAN_POINT('',(13.3,-1.6,5.45));
#2051 = VECTOR('',#2052,1.);
#2052 = DIRECTION('',(0.,0.,1.));
#2053 = ORIENTED_EDGE('',*,*,#2054,.T.);
#2054 = EDGE_CURVE('',#2047,#2055,#2057,.T.);
#2055 = VERTEX_POINT('',#2056);
#2056 = CARTESIAN_POINT('',(12.9,-1.6,6.4));
#2057 = LINE('',#2058,#2059);
#2058 = CARTESIAN_POINT('',(9.3,-1.6,10.));
#2059 = VECTOR('',#2060,1.);
#2060 = DIRECTION('',(-0.707106781187,0.,0.707106781187));
#2061 = ORIENTED_EDGE('',*,*,#2062,.T.);
#2062 = EDGE_CURVE('',#2055,#2063,#2065,.T.);
#2063 = VERTEX_POINT('',#2064);
#2064 = CARTESIAN_POINT('',(13.3,-1.6,6.8));
#2065 = LINE('',#2066,#2067);
#2066 = CARTESIAN_POINT('',(9.4,-1.6,2.9));
#2067 = VECTOR('',#2068,1.);
#2068 = DIRECTION('',(0.707106781187,0.,0.707106781187));
#2069 = ORIENTED_EDGE('',*,*,#2070,.T.);
#2070 = EDGE_CURVE('',#2063,#1878,#2071,.T.);
#2071 = LINE('',#2072,#2073);
#2072 = CARTESIAN_POINT('',(13.3,-1.6,6.9));
#2073 = VECTOR('',#2074,1.);
#2074 = DIRECTION('',(-8.881784197001E-15,0.,1.));
#2075 = ORIENTED_EDGE('',*,*,#1894,.T.);
#2076 = ORIENTED_EDGE('',*,*,#1194,.T.);
#2077 = ORIENTED_EDGE('',*,*,#2078,.F.);
#2078 = EDGE_CURVE('',#676,#1195,#2079,.T.);
#2079 = LINE('',#2080,#2081);
#2080 = CARTESIAN_POINT('',(-1.7,-1.6,1.9));
#2081 = VECTOR('',#2082,1.);
#2082 = DIRECTION('',(1.,0.,0.));
#2083 = PLANE('',#2084);
#2084 = AXIS2_PLACEMENT_3D('',#2085,#2086,#2087);
#2085 = CARTESIAN_POINT('',(-1.7,-1.6,7.));
#2086 = DIRECTION('',(0.,1.,0.));
#2087 = DIRECTION('',(0.,0.,-1.));
#2088 = ADVANCED_FACE('',(#2089,#2095,#2129,#2163,#2197,#2231,#2265),
  #2299,.T.);
#2089 = FACE_BOUND('',#2090,.T.);
#2090 = EDGE_LOOP('',(#2091,#2092,#2093,#2094));
#2091 = ORIENTED_EDGE('',*,*,#2078,.T.);
#2092 = ORIENTED_EDGE('',*,*,#1202,.T.);
#2093 = ORIENTED_EDGE('',*,*,#1937,.F.);
#2094 = ORIENTED_EDGE('',*,*,#683,.F.);
#2095 = FACE_BOUND('',#2096,.T.);
#2096 = EDGE_LOOP('',(#2097,#2107,#2115,#2123));
#2097 = ORIENTED_EDGE('',*,*,#2098,.F.);
#2098 = EDGE_CURVE('',#2099,#2101,#2103,.T.);
#2099 = VERTEX_POINT('',#2100);
#2100 = CARTESIAN_POINT('',(12.18,-0.32,1.9));
#2101 = VERTEX_POINT('',#2102);
#2102 = CARTESIAN_POINT('',(12.82,-0.32,1.9));
#2103 = LINE('',#2104,#2105);
#2104 = CARTESIAN_POINT('',(5.56,-0.32,1.9));
#2105 = VECTOR('',#2106,1.);
#2106 = DIRECTION('',(1.,0.,0.));
#2107 = ORIENTED_EDGE('',*,*,#2108,.T.);
#2108 = EDGE_CURVE('',#2099,#2109,#2111,.T.);
#2109 = VERTEX_POINT('',#2110);
#2110 = CARTESIAN_POINT('',(12.18,0.32,1.9));
#2111 = LINE('',#2112,#2113);
#2112 = CARTESIAN_POINT('',(12.18,-0.8,1.9));
#2113 = VECTOR('',#2114,1.);
#2114 = DIRECTION('',(0.,1.,0.));
#2115 = ORIENTED_EDGE('',*,*,#2116,.F.);
#2116 = EDGE_CURVE('',#2117,#2109,#2119,.T.);
#2117 = VERTEX_POINT('',#2118);
#2118 = CARTESIAN_POINT('',(12.82,0.32,1.9));
#2119 = LINE('',#2120,#2121);
#2120 = CARTESIAN_POINT('',(5.56,0.32,1.9));
#2121 = VECTOR('',#2122,1.);
#2122 = DIRECTION('',(-1.,0.,0.));
#2123 = ORIENTED_EDGE('',*,*,#2124,.F.);
#2124 = EDGE_CURVE('',#2101,#2117,#2125,.T.);
#2125 = LINE('',#2126,#2127);
#2126 = CARTESIAN_POINT('',(12.82,-0.8,1.9));
#2127 = VECTOR('',#2128,1.);
#2128 = DIRECTION('',(0.,1.,0.));
#2129 = FACE_BOUND('',#2130,.T.);
#2130 = EDGE_LOOP('',(#2131,#2141,#2149,#2157));
#2131 = ORIENTED_EDGE('',*,*,#2132,.F.);
#2132 = EDGE_CURVE('',#2133,#2135,#2137,.T.);
#2133 = VERTEX_POINT('',#2134);
#2134 = CARTESIAN_POINT('',(9.68,-0.32,1.9));
#2135 = VERTEX_POINT('',#2136);
#2136 = CARTESIAN_POINT('',(10.32,-0.32,1.9));
#2137 = LINE('',#2138,#2139);
#2138 = CARTESIAN_POINT('',(4.31,-0.32,1.9));
#2139 = VECTOR('',#2140,1.);
#2140 = DIRECTION('',(1.,0.,0.));
#2141 = ORIENTED_EDGE('',*,*,#2142,.T.);
#2142 = EDGE_CURVE('',#2133,#2143,#2145,.T.);
#2143 = VERTEX_POINT('',#2144);
#2144 = CARTESIAN_POINT('',(9.68,0.32,1.9));
#2145 = LINE('',#2146,#2147);
#2146 = CARTESIAN_POINT('',(9.68,-0.8,1.9));
#2147 = VECTOR('',#2148,1.);
#2148 = DIRECTION('',(0.,1.,0.));
#2149 = ORIENTED_EDGE('',*,*,#2150,.F.);
#2150 = EDGE_CURVE('',#2151,#2143,#2153,.T.);
#2151 = VERTEX_POINT('',#2152);
#2152 = CARTESIAN_POINT('',(10.32,0.32,1.9));
#2153 = LINE('',#2154,#2155);
#2154 = CARTESIAN_POINT('',(4.31,0.32,1.9));
#2155 = VECTOR('',#2156,1.);
#2156 = DIRECTION('',(-1.,0.,0.));
#2157 = ORIENTED_EDGE('',*,*,#2158,.F.);
#2158 = EDGE_CURVE('',#2135,#2151,#2159,.T.);
#2159 = LINE('',#2160,#2161);
#2160 = CARTESIAN_POINT('',(10.32,-0.8,1.9));
#2161 = VECTOR('',#2162,1.);
#2162 = DIRECTION('',(0.,1.,0.));
#2163 = FACE_BOUND('',#2164,.T.);
#2164 = EDGE_LOOP('',(#2165,#2175,#2183,#2191));
#2165 = ORIENTED_EDGE('',*,*,#2166,.F.);
#2166 = EDGE_CURVE('',#2167,#2169,#2171,.T.);
#2167 = VERTEX_POINT('',#2168);
#2168 = CARTESIAN_POINT('',(7.18,-0.32,1.9));
#2169 = VERTEX_POINT('',#2170);
#2170 = CARTESIAN_POINT('',(7.82,-0.32,1.9));
#2171 = LINE('',#2172,#2173);
#2172 = CARTESIAN_POINT('',(3.06,-0.32,1.9));
#2173 = VECTOR('',#2174,1.);
#2174 = DIRECTION('',(1.,0.,0.));
#2175 = ORIENTED_EDGE('',*,*,#2176,.T.);
#2176 = EDGE_CURVE('',#2167,#2177,#2179,.T.);
#2177 = VERTEX_POINT('',#2178);
#2178 = CARTESIAN_POINT('',(7.18,0.32,1.9));
#2179 = LINE('',#2180,#2181);
#2180 = CARTESIAN_POINT('',(7.18,-0.8,1.9));
#2181 = VECTOR('',#2182,1.);
#2182 = DIRECTION('',(0.,1.,0.));
#2183 = ORIENTED_EDGE('',*,*,#2184,.F.);
#2184 = EDGE_CURVE('',#2185,#2177,#2187,.T.);
#2185 = VERTEX_POINT('',#2186);
#2186 = CARTESIAN_POINT('',(7.82,0.32,1.9));
#2187 = LINE('',#2188,#2189);
#2188 = CARTESIAN_POINT('',(3.06,0.32,1.9));
#2189 = VECTOR('',#2190,1.);
#2190 = DIRECTION('',(-1.,0.,0.));
#2191 = ORIENTED_EDGE('',*,*,#2192,.F.);
#2192 = EDGE_CURVE('',#2169,#2185,#2193,.T.);
#2193 = LINE('',#2194,#2195);
#2194 = CARTESIAN_POINT('',(7.82,-0.8,1.9));
#2195 = VECTOR('',#2196,1.);
#2196 = DIRECTION('',(0.,1.,0.));
#2197 = FACE_BOUND('',#2198,.T.);
#2198 = EDGE_LOOP('',(#2199,#2209,#2217,#2225));
#2199 = ORIENTED_EDGE('',*,*,#2200,.F.);
#2200 = EDGE_CURVE('',#2201,#2203,#2205,.T.);
#2201 = VERTEX_POINT('',#2202);
#2202 = CARTESIAN_POINT('',(4.68,-0.32,1.9));
#2203 = VERTEX_POINT('',#2204);
#2204 = CARTESIAN_POINT('',(5.32,-0.32,1.9));
#2205 = LINE('',#2206,#2207);
#2206 = CARTESIAN_POINT('',(1.81,-0.32,1.9));
#2207 = VECTOR('',#2208,1.);
#2208 = DIRECTION('',(1.,0.,0.));
#2209 = ORIENTED_EDGE('',*,*,#2210,.T.);
#2210 = EDGE_CURVE('',#2201,#2211,#2213,.T.);
#2211 = VERTEX_POINT('',#2212);
#2212 = CARTESIAN_POINT('',(4.68,0.32,1.9));
#2213 = LINE('',#2214,#2215);
#2214 = CARTESIAN_POINT('',(4.68,-0.8,1.9));
#2215 = VECTOR('',#2216,1.);
#2216 = DIRECTION('',(0.,1.,0.));
#2217 = ORIENTED_EDGE('',*,*,#2218,.F.);
#2218 = EDGE_CURVE('',#2219,#2211,#2221,.T.);
#2219 = VERTEX_POINT('',#2220);
#2220 = CARTESIAN_POINT('',(5.32,0.32,1.9));
#2221 = LINE('',#2222,#2223);
#2222 = CARTESIAN_POINT('',(1.81,0.32,1.9));
#2223 = VECTOR('',#2224,1.);
#2224 = DIRECTION('',(-1.,0.,0.));
#2225 = ORIENTED_EDGE('',*,*,#2226,.F.);
#2226 = EDGE_CURVE('',#2203,#2219,#2227,.T.);
#2227 = LINE('',#2228,#2229);
#2228 = CARTESIAN_POINT('',(5.32,-0.8,1.9));
#2229 = VECTOR('',#2230,1.);
#2230 = DIRECTION('',(0.,1.,0.));
#2231 = FACE_BOUND('',#2232,.T.);
#2232 = EDGE_LOOP('',(#2233,#2243,#2251,#2259));
#2233 = ORIENTED_EDGE('',*,*,#2234,.F.);
#2234 = EDGE_CURVE('',#2235,#2237,#2239,.T.);
#2235 = VERTEX_POINT('',#2236);
#2236 = CARTESIAN_POINT('',(2.18,-0.32,1.9));
#2237 = VERTEX_POINT('',#2238);
#2238 = CARTESIAN_POINT('',(2.82,-0.32,1.9));
#2239 = LINE('',#2240,#2241);
#2240 = CARTESIAN_POINT('',(0.56,-0.32,1.9));
#2241 = VECTOR('',#2242,1.);
#2242 = DIRECTION('',(1.,0.,0.));
#2243 = ORIENTED_EDGE('',*,*,#2244,.T.);
#2244 = EDGE_CURVE('',#2235,#2245,#2247,.T.);
#2245 = VERTEX_POINT('',#2246);
#2246 = CARTESIAN_POINT('',(2.18,0.32,1.9));
#2247 = LINE('',#2248,#2249);
#2248 = CARTESIAN_POINT('',(2.18,-0.8,1.9));
#2249 = VECTOR('',#2250,1.);
#2250 = DIRECTION('',(0.,1.,0.));
#2251 = ORIENTED_EDGE('',*,*,#2252,.F.);
#2252 = EDGE_CURVE('',#2253,#2245,#2255,.T.);
#2253 = VERTEX_POINT('',#2254);
#2254 = CARTESIAN_POINT('',(2.82,0.32,1.9));
#2255 = LINE('',#2256,#2257);
#2256 = CARTESIAN_POINT('',(0.56,0.32,1.9));
#2257 = VECTOR('',#2258,1.);
#2258 = DIRECTION('',(-1.,0.,0.));
#2259 = ORIENTED_EDGE('',*,*,#2260,.F.);
#2260 = EDGE_CURVE('',#2237,#2253,#2261,.T.);
#2261 = LINE('',#2262,#2263);
#2262 = CARTESIAN_POINT('',(2.82,-0.8,1.9));
#2263 = VECTOR('',#2264,1.);
#2264 = DIRECTION('',(0.,1.,0.));
#2265 = FACE_BOUND('',#2266,.T.);
#2266 = EDGE_LOOP('',(#2267,#2277,#2285,#2293));
#2267 = ORIENTED_EDGE('',*,*,#2268,.F.);
#2268 = EDGE_CURVE('',#2269,#2271,#2273,.T.);
#2269 = VERTEX_POINT('',#2270);
#2270 = CARTESIAN_POINT('',(-0.32,-0.32,1.9));
#2271 = VERTEX_POINT('',#2272);
#2272 = CARTESIAN_POINT('',(0.32,-0.32,1.9));
#2273 = LINE('',#2274,#2275);
#2274 = CARTESIAN_POINT('',(-0.69,-0.32,1.9));
#2275 = VECTOR('',#2276,1.);
#2276 = DIRECTION('',(1.,0.,0.));
#2277 = ORIENTED_EDGE('',*,*,#2278,.T.);
#2278 = EDGE_CURVE('',#2269,#2279,#2281,.T.);
#2279 = VERTEX_POINT('',#2280);
#2280 = CARTESIAN_POINT('',(-0.32,0.32,1.9));
#2281 = LINE('',#2282,#2283);
#2282 = CARTESIAN_POINT('',(-0.32,-0.8,1.9));
#2283 = VECTOR('',#2284,1.);
#2284 = DIRECTION('',(0.,1.,0.));
#2285 = ORIENTED_EDGE('',*,*,#2286,.F.);
#2286 = EDGE_CURVE('',#2287,#2279,#2289,.T.);
#2287 = VERTEX_POINT('',#2288);
#2288 = CARTESIAN_POINT('',(0.32,0.32,1.9));
#2289 = LINE('',#2290,#2291);
#2290 = CARTESIAN_POINT('',(-0.69,0.32,1.9));
#2291 = VECTOR('',#2292,1.);
#2292 = DIRECTION('',(-1.,0.,0.));
#2293 = ORIENTED_EDGE('',*,*,#2294,.F.);
#2294 = EDGE_CURVE('',#2271,#2287,#2295,.T.);
#2295 = LINE('',#2296,#2297);
#2296 = CARTESIAN_POINT('',(0.32,-0.8,1.9));
#2297 = VECTOR('',#2298,1.);
#2298 = DIRECTION('',(0.,1.,0.));
#2299 = PLANE('',#2300);
#2300 = AXIS2_PLACEMENT_3D('',#2301,#2302,#2303);
#2301 = CARTESIAN_POINT('',(-1.7,-1.6,1.9));
#2302 = DIRECTION('',(0.,0.,1.));
#2303 = DIRECTION('',(0.,1.,0.));
#2304 = ADVANCED_FACE('',(#2305),#2316,.T.);
#2305 = FACE_BOUND('',#2306,.T.);
#2306 = EDGE_LOOP('',(#2307,#2308,#2309,#2315));
#2307 = ORIENTED_EDGE('',*,*,#1079,.T.);
#2308 = ORIENTED_EDGE('',*,*,#1357,.T.);
#2309 = ORIENTED_EDGE('',*,*,#2310,.F.);
#2310 = EDGE_CURVE('',#1472,#1358,#2311,.T.);
#2311 = LINE('',#2312,#2313);
#2312 = CARTESIAN_POINT('',(0.95,-1.,0.2));
#2313 = VECTOR('',#2314,1.);
#2314 = DIRECTION('',(-1.,-0.,-0.));
#2315 = ORIENTED_EDGE('',*,*,#1471,.F.);
#2316 = PLANE('',#2317);
#2317 = AXIS2_PLACEMENT_3D('',#2318,#2319,#2320);
#2318 = CARTESIAN_POINT('',(0.95,-2.35,0.587106270774));
#2319 = DIRECTION('',(0.,-0.275637355817,-0.961261695938));
#2320 = DIRECTION('',(0.,0.961261695938,-0.275637355817));
#2321 = ADVANCED_FACE('',(#2322),#2333,.T.);
#2322 = FACE_BOUND('',#2323,.T.);
#2323 = EDGE_LOOP('',(#2324,#2325,#2326,#2332));
#2324 = ORIENTED_EDGE('',*,*,#1047,.T.);
#2325 = ORIENTED_EDGE('',*,*,#1567,.T.);
#2326 = ORIENTED_EDGE('',*,*,#2327,.F.);
#2327 = EDGE_CURVE('',#1682,#1568,#2328,.T.);
#2328 = LINE('',#2329,#2330);
#2329 = CARTESIAN_POINT('',(3.45,-1.,0.2));
#2330 = VECTOR('',#2331,1.);
#2331 = DIRECTION('',(-1.,-0.,-0.));
#2332 = ORIENTED_EDGE('',*,*,#1681,.F.);
#2333 = PLANE('',#2334);
#2334 = AXIS2_PLACEMENT_3D('',#2335,#2336,#2337);
#2335 = CARTESIAN_POINT('',(3.45,-2.35,0.587106270774));
#2336 = DIRECTION('',(0.,-0.275637355817,-0.961261695938));
#2337 = DIRECTION('',(0.,0.961261695938,-0.275637355817));
#2338 = ADVANCED_FACE('',(#2339),#2350,.T.);
#2339 = FACE_BOUND('',#2340,.T.);
#2340 = EDGE_LOOP('',(#2341,#2342,#2343,#2349));
#2341 = ORIENTED_EDGE('',*,*,#1015,.T.);
#2342 = ORIENTED_EDGE('',*,*,#1777,.T.);
#2343 = ORIENTED_EDGE('',*,*,#2344,.F.);
#2344 = EDGE_CURVE('',#1811,#1778,#2345,.T.);
#2345 = LINE('',#2346,#2347);
#2346 = CARTESIAN_POINT('',(5.95,-1.,0.2));
#2347 = VECTOR('',#2348,1.);
#2348 = DIRECTION('',(-1.,-0.,-0.));
#2349 = ORIENTED_EDGE('',*,*,#1810,.F.);
#2350 = PLANE('',#2351);
#2351 = AXIS2_PLACEMENT_3D('',#2352,#2353,#2354);
#2352 = CARTESIAN_POINT('',(5.95,-2.35,0.587106270774));
#2353 = DIRECTION('',(0.,-0.275637355817,-0.961261695938));
#2354 = DIRECTION('',(0.,0.961261695938,-0.275637355817));
#2355 = ADVANCED_FACE('',(#2356),#2367,.T.);
#2356 = FACE_BOUND('',#2357,.T.);
#2357 = EDGE_LOOP('',(#2358,#2359,#2360,#2366));
#2358 = ORIENTED_EDGE('',*,*,#983,.T.);
#2359 = ORIENTED_EDGE('',*,*,#1712,.T.);
#2360 = ORIENTED_EDGE('',*,*,#2361,.F.);
#2361 = EDGE_CURVE('',#1601,#1713,#2362,.T.);
#2362 = LINE('',#2363,#2364);
#2363 = CARTESIAN_POINT('',(8.45,-1.,0.2));
#2364 = VECTOR('',#2365,1.);
#2365 = DIRECTION('',(-1.,-0.,-0.));
#2366 = ORIENTED_EDGE('',*,*,#1600,.F.);
#2367 = PLANE('',#2368);
#2368 = AXIS2_PLACEMENT_3D('',#2369,#2370,#2371);
#2369 = CARTESIAN_POINT('',(8.45,-2.35,0.587106270774));
#2370 = DIRECTION('',(0.,-0.275637355817,-0.961261695938));
#2371 = DIRECTION('',(0.,0.961261695938,-0.275637355817));
#2372 = ADVANCED_FACE('',(#2373),#2384,.T.);
#2373 = FACE_BOUND('',#2374,.T.);
#2374 = EDGE_LOOP('',(#2375,#2376,#2377,#2383));
#2375 = ORIENTED_EDGE('',*,*,#951,.T.);
#2376 = ORIENTED_EDGE('',*,*,#1502,.T.);
#2377 = ORIENTED_EDGE('',*,*,#2378,.F.);
#2378 = EDGE_CURVE('',#1391,#1503,#2379,.T.);
#2379 = LINE('',#2380,#2381);
#2380 = CARTESIAN_POINT('',(10.95,-1.,0.2));
#2381 = VECTOR('',#2382,1.);
#2382 = DIRECTION('',(-1.,-0.,-0.));
#2383 = ORIENTED_EDGE('',*,*,#1390,.F.);
#2384 = PLANE('',#2385);
#2385 = AXIS2_PLACEMENT_3D('',#2386,#2387,#2388);
#2386 = CARTESIAN_POINT('',(10.95,-2.35,0.587106270774));
#2387 = DIRECTION('',(0.,-0.275637355817,-0.961261695938));
#2388 = DIRECTION('',(0.,0.961261695938,-0.275637355817));
#2389 = ADVANCED_FACE('',(#2390),#2401,.T.);
#2390 = FACE_BOUND('',#2391,.T.);
#2391 = EDGE_LOOP('',(#2392,#2393,#2394,#2400));
#2392 = ORIENTED_EDGE('',*,*,#919,.T.);
#2393 = ORIENTED_EDGE('',*,*,#1309,.T.);
#2394 = ORIENTED_EDGE('',*,*,#2395,.F.);
#2395 = EDGE_CURVE('',#1253,#1310,#2396,.T.);
#2396 = LINE('',#2397,#2398);
#2397 = CARTESIAN_POINT('',(13.45,-1.,0.2));
#2398 = VECTOR('',#2399,1.);
#2399 = DIRECTION('',(-1.,-0.,-0.));
#2400 = ORIENTED_EDGE('',*,*,#1252,.F.);
#2401 = PLANE('',#2402);
#2402 = AXIS2_PLACEMENT_3D('',#2403,#2404,#2405);
#2403 = CARTESIAN_POINT('',(13.45,-2.35,0.587106270774));
#2404 = DIRECTION('',(0.,-0.275637355817,-0.961261695938));
#2405 = DIRECTION('',(0.,0.961261695938,-0.275637355817));
#2406 = ADVANCED_FACE('',(#2407),#2418,.T.);
#2407 = FACE_BOUND('',#2408,.T.);
#2408 = EDGE_LOOP('',(#2409,#2410,#2416,#2417));
#2409 = ORIENTED_EDGE('',*,*,#2070,.F.);
#2410 = ORIENTED_EDGE('',*,*,#2411,.T.);
#2411 = EDGE_CURVE('',#2063,#881,#2412,.T.);
#2412 = LINE('',#2413,#2414);
#2413 = CARTESIAN_POINT('',(13.3,1.50990331349E-15,6.8));
#2414 = VECTOR('',#2415,1.);
#2415 = DIRECTION('',(0.,-1.,2.22044604925E-16));
#2416 = ORIENTED_EDGE('',*,*,#888,.T.);
#2417 = ORIENTED_EDGE('',*,*,#1877,.F.);
#2418 = PLANE('',#2419);
#2419 = AXIS2_PLACEMENT_3D('',#2420,#2421,#2422);
#2420 = CARTESIAN_POINT('',(13.3,1.50990331349E-15,6.8));
#2421 = DIRECTION('',(-1.,-1.972152263053E-30,-8.881784197001E-15));
#2422 = DIRECTION('',(-8.881784197001E-15,2.22044604925E-16,1.));
#2423 = ADVANCED_FACE('',(#2424),#2435,.T.);
#2424 = FACE_BOUND('',#2425,.T.);
#2425 = EDGE_LOOP('',(#2426,#2427,#2433,#2434));
#2426 = ORIENTED_EDGE('',*,*,#2062,.F.);
#2427 = ORIENTED_EDGE('',*,*,#2428,.T.);
#2428 = EDGE_CURVE('',#2055,#873,#2429,.T.);
#2429 = LINE('',#2430,#2431);
#2430 = CARTESIAN_POINT('',(12.9,1.42108547152E-15,6.4));
#2431 = VECTOR('',#2432,1.);
#2432 = DIRECTION('',(0.,-1.,2.22044604925E-16));
#2433 = ORIENTED_EDGE('',*,*,#880,.T.);
#2434 = ORIENTED_EDGE('',*,*,#2411,.F.);
#2435 = PLANE('',#2436);
#2436 = AXIS2_PLACEMENT_3D('',#2437,#2438,#2439);
#2437 = CARTESIAN_POINT('',(12.9,1.42108547152E-15,6.4));
#2438 = DIRECTION('',(-0.707106781187,1.570092458684E-16,0.707106781187)
  );
#2439 = DIRECTION('',(0.707106781187,1.570092458684E-16,0.707106781187)
  );
#2440 = ADVANCED_FACE('',(#2441),#2452,.T.);
#2441 = FACE_BOUND('',#2442,.T.);
#2442 = EDGE_LOOP('',(#2443,#2444,#2450,#2451));
#2443 = ORIENTED_EDGE('',*,*,#2054,.F.);
#2444 = ORIENTED_EDGE('',*,*,#2445,.T.);
#2445 = EDGE_CURVE('',#2047,#865,#2446,.T.);
#2446 = LINE('',#2447,#2448);
#2447 = CARTESIAN_POINT('',(13.3,1.33226762955E-15,6.));
#2448 = VECTOR('',#2449,1.);
#2449 = DIRECTION('',(0.,-1.,2.22044604925E-16));
#2450 = ORIENTED_EDGE('',*,*,#872,.T.);
#2451 = ORIENTED_EDGE('',*,*,#2428,.F.);
#2452 = PLANE('',#2453);
#2453 = AXIS2_PLACEMENT_3D('',#2454,#2455,#2456);
#2454 = CARTESIAN_POINT('',(13.3,1.33226762955E-15,6.));
#2455 = DIRECTION('',(-0.707106781187,-1.570092458684E-16,
    -0.707106781187));
#2456 = DIRECTION('',(-0.707106781187,1.570092458684E-16,0.707106781187)
  );
#2457 = ADVANCED_FACE('',(#2458),#2469,.T.);
#2458 = FACE_BOUND('',#2459,.T.);
#2459 = EDGE_LOOP('',(#2460,#2461,#2467,#2468));
#2460 = ORIENTED_EDGE('',*,*,#2046,.F.);
#2461 = ORIENTED_EDGE('',*,*,#2462,.T.);
#2462 = EDGE_CURVE('',#2038,#856,#2463,.T.);
#2463 = LINE('',#2464,#2465);
#2464 = CARTESIAN_POINT('',(13.3,8.659739592076E-16,3.9));
#2465 = VECTOR('',#2466,1.);
#2466 = DIRECTION('',(0.,-1.,2.22044604925E-16));
#2467 = ORIENTED_EDGE('',*,*,#864,.T.);
#2468 = ORIENTED_EDGE('',*,*,#2445,.F.);
#2469 = PLANE('',#2470);
#2470 = AXIS2_PLACEMENT_3D('',#2471,#2472,#2473);
#2471 = CARTESIAN_POINT('',(13.3,8.659739592076E-16,3.9));
#2472 = DIRECTION('',(-1.,0.,0.));
#2473 = DIRECTION('',(0.,2.22044604925E-16,1.));
#2474 = ADVANCED_FACE('',(#2475),#2486,.F.);
#2475 = FACE_BOUND('',#2476,.T.);
#2476 = EDGE_LOOP('',(#2477,#2478,#2484,#2485));
#2477 = ORIENTED_EDGE('',*,*,#2037,.T.);
#2478 = ORIENTED_EDGE('',*,*,#2479,.T.);
#2479 = EDGE_CURVE('',#2030,#848,#2480,.T.);
#2480 = LINE('',#2481,#2482);
#2481 = CARTESIAN_POINT('',(12.6,7.105427357601E-16,3.2));
#2482 = VECTOR('',#2483,1.);
#2483 = DIRECTION('',(0.,-1.,2.22044604925E-16));
#2484 = ORIENTED_EDGE('',*,*,#855,.F.);
#2485 = ORIENTED_EDGE('',*,*,#2462,.F.);
#2486 = CYLINDRICAL_SURFACE('',#2487,0.7);
#2487 = AXIS2_PLACEMENT_3D('',#2488,#2489,#2490);
#2488 = CARTESIAN_POINT('',(12.6,8.659739592076E-16,3.9));
#2489 = DIRECTION('',(0.,1.,-2.22044604925E-16));
#2490 = DIRECTION('',(1.,0.,0.));
#2491 = ADVANCED_FACE('',(#2492),#2503,.T.);
#2492 = FACE_BOUND('',#2493,.T.);
#2493 = EDGE_LOOP('',(#2494,#2495,#2501,#2502));
#2494 = ORIENTED_EDGE('',*,*,#2029,.F.);
#2495 = ORIENTED_EDGE('',*,*,#2496,.T.);
#2496 = EDGE_CURVE('',#2022,#840,#2497,.T.);
#2497 = LINE('',#2498,#2499);
#2498 = CARTESIAN_POINT('',(11.45,7.105427357601E-16,3.2));
#2499 = VECTOR('',#2500,1.);
#2500 = DIRECTION('',(0.,-1.,2.22044604925E-16));
#2501 = ORIENTED_EDGE('',*,*,#847,.T.);
#2502 = ORIENTED_EDGE('',*,*,#2479,.F.);
#2503 = PLANE('',#2504);
#2504 = AXIS2_PLACEMENT_3D('',#2505,#2506,#2507);
#2505 = CARTESIAN_POINT('',(11.45,7.105427357601E-16,3.2));
#2506 = DIRECTION('',(0.,2.22044604925E-16,1.));
#2507 = DIRECTION('',(1.,0.,0.));
#2508 = ADVANCED_FACE('',(#2509),#2520,.T.);
#2509 = FACE_BOUND('',#2510,.T.);
#2510 = EDGE_LOOP('',(#2511,#2512,#2518,#2519));
#2511 = ORIENTED_EDGE('',*,*,#2021,.F.);
#2512 = ORIENTED_EDGE('',*,*,#2513,.T.);
#2513 = EDGE_CURVE('',#2014,#832,#2514,.T.);
#2514 = LINE('',#2515,#2516);
#2515 = CARTESIAN_POINT('',(11.45,1.554312234475E-15,7.));
#2516 = VECTOR('',#2517,1.);
#2517 = DIRECTION('',(0.,-1.,2.22044604925E-16));
#2518 = ORIENTED_EDGE('',*,*,#839,.T.);
#2519 = ORIENTED_EDGE('',*,*,#2496,.F.);
#2520 = PLANE('',#2521);
#2521 = AXIS2_PLACEMENT_3D('',#2522,#2523,#2524);
#2522 = CARTESIAN_POINT('',(11.45,1.554312234475E-15,7.));
#2523 = DIRECTION('',(1.,0.,0.));
#2524 = DIRECTION('',(0.,-2.22044604925E-16,-1.));
#2525 = ADVANCED_FACE('',(#2526),#2537,.T.);
#2526 = FACE_BOUND('',#2527,.T.);
#2527 = EDGE_LOOP('',(#2528,#2534,#2535,#2536));
#2528 = ORIENTED_EDGE('',*,*,#2529,.T.);
#2529 = EDGE_CURVE('',#2006,#824,#2530,.T.);
#2530 = LINE('',#2531,#2532);
#2531 = CARTESIAN_POINT('',(1.05,1.554312234475E-15,7.));
#2532 = VECTOR('',#2533,1.);
#2533 = DIRECTION('',(0.,-1.,2.22044604925E-16));
#2534 = ORIENTED_EDGE('',*,*,#831,.T.);
#2535 = ORIENTED_EDGE('',*,*,#2513,.F.);
#2536 = ORIENTED_EDGE('',*,*,#2013,.F.);
#2537 = PLANE('',#2538);
#2538 = AXIS2_PLACEMENT_3D('',#2539,#2540,#2541);
#2539 = CARTESIAN_POINT('',(6.25,0.525,7.));
#2540 = DIRECTION('',(0.,0.,1.));
#2541 = DIRECTION('',(1.,0.,0.));
#2542 = ADVANCED_FACE('',(#2543),#2554,.F.);
#2543 = FACE_BOUND('',#2544,.F.);
#2544 = EDGE_LOOP('',(#2545,#2546,#2547,#2548));
#2545 = ORIENTED_EDGE('',*,*,#2005,.F.);
#2546 = ORIENTED_EDGE('',*,*,#2529,.T.);
#2547 = ORIENTED_EDGE('',*,*,#823,.T.);
#2548 = ORIENTED_EDGE('',*,*,#2549,.F.);
#2549 = EDGE_CURVE('',#1998,#816,#2550,.T.);
#2550 = LINE('',#2551,#2552);
#2551 = CARTESIAN_POINT('',(1.05,7.105427357601E-16,3.2));
#2552 = VECTOR('',#2553,1.);
#2553 = DIRECTION('',(0.,-1.,2.22044604925E-16));
#2554 = PLANE('',#2555);
#2555 = AXIS2_PLACEMENT_3D('',#2556,#2557,#2558);
#2556 = CARTESIAN_POINT('',(1.05,1.554312234475E-15,7.));
#2557 = DIRECTION('',(1.,0.,0.));
#2558 = DIRECTION('',(0.,-2.22044604925E-16,-1.));
#2559 = ADVANCED_FACE('',(#2560),#2571,.F.);
#2560 = FACE_BOUND('',#2561,.F.);
#2561 = EDGE_LOOP('',(#2562,#2563,#2564,#2565));
#2562 = ORIENTED_EDGE('',*,*,#1997,.F.);
#2563 = ORIENTED_EDGE('',*,*,#2549,.T.);
#2564 = ORIENTED_EDGE('',*,*,#815,.T.);
#2565 = ORIENTED_EDGE('',*,*,#2566,.F.);
#2566 = EDGE_CURVE('',#1989,#807,#2567,.T.);
#2567 = LINE('',#2568,#2569);
#2568 = CARTESIAN_POINT('',(-0.1,7.105427357601E-16,3.2));
#2569 = VECTOR('',#2570,1.);
#2570 = DIRECTION('',(0.,-1.,2.22044604925E-16));
#2571 = PLANE('',#2572);
#2572 = AXIS2_PLACEMENT_3D('',#2573,#2574,#2575);
#2573 = CARTESIAN_POINT('',(1.05,7.105427357601E-16,3.2));
#2574 = DIRECTION('',(-0.,-2.22044604925E-16,-1.));
#2575 = DIRECTION('',(-1.,0.,0.));
#2576 = ADVANCED_FACE('',(#2577),#2588,.F.);
#2577 = FACE_BOUND('',#2578,.T.);
#2578 = EDGE_LOOP('',(#2579,#2580,#2586,#2587));
#2579 = ORIENTED_EDGE('',*,*,#1988,.T.);
#2580 = ORIENTED_EDGE('',*,*,#2581,.T.);
#2581 = EDGE_CURVE('',#1981,#799,#2582,.T.);
#2582 = LINE('',#2583,#2584);
#2583 = CARTESIAN_POINT('',(-0.8,8.659739592076E-16,3.9));
#2584 = VECTOR('',#2585,1.);
#2585 = DIRECTION('',(0.,-1.,2.22044604925E-16));
#2586 = ORIENTED_EDGE('',*,*,#806,.F.);
#2587 = ORIENTED_EDGE('',*,*,#2566,.F.);
#2588 = CYLINDRICAL_SURFACE('',#2589,0.7);
#2589 = AXIS2_PLACEMENT_3D('',#2590,#2591,#2592);
#2590 = CARTESIAN_POINT('',(-0.1,8.659739592076E-16,3.9));
#2591 = DIRECTION('',(0.,1.,-2.22044604925E-16));
#2592 = DIRECTION('',(1.,0.,0.));
#2593 = ADVANCED_FACE('',(#2594),#2605,.F.);
#2594 = FACE_BOUND('',#2595,.F.);
#2595 = EDGE_LOOP('',(#2596,#2597,#2598,#2599));
#2596 = ORIENTED_EDGE('',*,*,#1980,.F.);
#2597 = ORIENTED_EDGE('',*,*,#2581,.T.);
#2598 = ORIENTED_EDGE('',*,*,#798,.T.);
#2599 = ORIENTED_EDGE('',*,*,#2600,.F.);
#2600 = EDGE_CURVE('',#1973,#791,#2601,.T.);
#2601 = LINE('',#2602,#2603);
#2602 = CARTESIAN_POINT('',(-0.8,1.33226762955E-15,6.));
#2603 = VECTOR('',#2604,1.);
#2604 = DIRECTION('',(0.,-1.,2.22044604925E-16));
#2605 = PLANE('',#2606);
#2606 = AXIS2_PLACEMENT_3D('',#2607,#2608,#2609);
#2607 = CARTESIAN_POINT('',(-0.8,8.659739592076E-16,3.9));
#2608 = DIRECTION('',(-1.,0.,0.));
#2609 = DIRECTION('',(0.,2.22044604925E-16,1.));
#2610 = ADVANCED_FACE('',(#2611),#2622,.F.);
#2611 = FACE_BOUND('',#2612,.F.);
#2612 = EDGE_LOOP('',(#2613,#2614,#2615,#2616));
#2613 = ORIENTED_EDGE('',*,*,#1972,.F.);
#2614 = ORIENTED_EDGE('',*,*,#2600,.T.);
#2615 = ORIENTED_EDGE('',*,*,#790,.T.);
#2616 = ORIENTED_EDGE('',*,*,#2617,.F.);
#2617 = EDGE_CURVE('',#1965,#783,#2618,.T.);
#2618 = LINE('',#2619,#2620);
#2619 = CARTESIAN_POINT('',(-0.4,1.42108547152E-15,6.4));
#2620 = VECTOR('',#2621,1.);
#2621 = DIRECTION('',(0.,-1.,2.22044604925E-16));
#2622 = PLANE('',#2623);
#2623 = AXIS2_PLACEMENT_3D('',#2624,#2625,#2626);
#2624 = CARTESIAN_POINT('',(-0.8,1.33226762955E-15,6.));
#2625 = DIRECTION('',(-0.707106781187,1.570092458684E-16,0.707106781187)
  );
#2626 = DIRECTION('',(0.707106781187,1.570092458684E-16,0.707106781187)
  );
#2627 = ADVANCED_FACE('',(#2628),#2639,.F.);
#2628 = FACE_BOUND('',#2629,.F.);
#2629 = EDGE_LOOP('',(#2630,#2631,#2632,#2633));
#2630 = ORIENTED_EDGE('',*,*,#1964,.F.);
#2631 = ORIENTED_EDGE('',*,*,#2617,.T.);
#2632 = ORIENTED_EDGE('',*,*,#782,.T.);
#2633 = ORIENTED_EDGE('',*,*,#2634,.F.);
#2634 = EDGE_CURVE('',#1957,#775,#2635,.T.);
#2635 = LINE('',#2636,#2637);
#2636 = CARTESIAN_POINT('',(-0.8,1.50990331349E-15,6.8));
#2637 = VECTOR('',#2638,1.);
#2638 = DIRECTION('',(0.,-1.,2.22044604925E-16));
#2639 = PLANE('',#2640);
#2640 = AXIS2_PLACEMENT_3D('',#2641,#2642,#2643);
#2641 = CARTESIAN_POINT('',(-0.4,1.42108547152E-15,6.4));
#2642 = DIRECTION('',(-0.707106781187,-1.570092458684E-16,
    -0.707106781187));
#2643 = DIRECTION('',(-0.707106781187,1.570092458684E-16,0.707106781187)
  );
#2644 = ADVANCED_FACE('',(#2645),#2651,.F.);
#2645 = FACE_BOUND('',#2646,.F.);
#2646 = EDGE_LOOP('',(#2647,#2648,#2649,#2650));
#2647 = ORIENTED_EDGE('',*,*,#1956,.F.);
#2648 = ORIENTED_EDGE('',*,*,#2634,.T.);
#2649 = ORIENTED_EDGE('',*,*,#774,.T.);
#2650 = ORIENTED_EDGE('',*,*,#1109,.F.);
#2651 = PLANE('',#2652);
#2652 = AXIS2_PLACEMENT_3D('',#2653,#2654,#2655);
#2653 = CARTESIAN_POINT('',(-0.8,1.50990331349E-15,6.8));
#2654 = DIRECTION('',(-1.,0.,0.));
#2655 = DIRECTION('',(0.,2.22044604925E-16,1.));
#2656 = ADVANCED_FACE('',(#2657,#2663),#2697,.T.);
#2657 = FACE_BOUND('',#2658,.T.);
#2658 = EDGE_LOOP('',(#2659,#2660,#2661,#2662));
#2659 = ORIENTED_EDGE('',*,*,#2395,.T.);
#2660 = ORIENTED_EDGE('',*,*,#1317,.T.);
#2661 = ORIENTED_EDGE('',*,*,#1285,.F.);
#2662 = ORIENTED_EDGE('',*,*,#1260,.F.);
#2663 = FACE_BOUND('',#2664,.T.);
#2664 = EDGE_LOOP('',(#2665,#2675,#2683,#2691));
#2665 = ORIENTED_EDGE('',*,*,#2666,.F.);
#2666 = EDGE_CURVE('',#2667,#2669,#2671,.T.);
#2667 = VERTEX_POINT('',#2668);
#2668 = CARTESIAN_POINT('',(12.82,-0.32,0.2));
#2669 = VERTEX_POINT('',#2670);
#2670 = CARTESIAN_POINT('',(12.18,-0.32,0.2));
#2671 = LINE('',#2672,#2673);
#2672 = CARTESIAN_POINT('',(13.135,-0.32,0.2));
#2673 = VECTOR('',#2674,1.);
#2674 = DIRECTION('',(-1.,-0.,-0.));
#2675 = ORIENTED_EDGE('',*,*,#2676,.F.);
#2676 = EDGE_CURVE('',#2677,#2667,#2679,.T.);
#2677 = VERTEX_POINT('',#2678);
#2678 = CARTESIAN_POINT('',(12.82,0.32,0.2));
#2679 = LINE('',#2680,#2681);
#2680 = CARTESIAN_POINT('',(12.82,-0.5,0.2));
#2681 = VECTOR('',#2682,1.);
#2682 = DIRECTION('',(0.,-1.,0.));
#2683 = ORIENTED_EDGE('',*,*,#2684,.F.);
#2684 = EDGE_CURVE('',#2685,#2677,#2687,.T.);
#2685 = VERTEX_POINT('',#2686);
#2686 = CARTESIAN_POINT('',(12.18,0.32,0.2));
#2687 = LINE('',#2688,#2689);
#2688 = CARTESIAN_POINT('',(13.135,0.32,0.2));
#2689 = VECTOR('',#2690,1.);
#2690 = DIRECTION('',(1.,0.,0.));
#2691 = ORIENTED_EDGE('',*,*,#2692,.T.);
#2692 = EDGE_CURVE('',#2685,#2669,#2693,.T.);
#2693 = LINE('',#2694,#2695);
#2694 = CARTESIAN_POINT('',(12.18,-0.5,0.2));
#2695 = VECTOR('',#2696,1.);
#2696 = DIRECTION('',(0.,-1.,0.));
#2697 = PLANE('',#2698);
#2698 = AXIS2_PLACEMENT_3D('',#2699,#2700,#2701);
#2699 = CARTESIAN_POINT('',(13.45,-1.,0.2));
#2700 = DIRECTION('',(0.,0.,-1.));
#2701 = DIRECTION('',(0.,1.,0.));
#2702 = ADVANCED_FACE('',(#2703,#2709),#2743,.T.);
#2703 = FACE_BOUND('',#2704,.T.);
#2704 = EDGE_LOOP('',(#2705,#2706,#2707,#2708));
#2705 = ORIENTED_EDGE('',*,*,#2310,.T.);
#2706 = ORIENTED_EDGE('',*,*,#1365,.T.);
#2707 = ORIENTED_EDGE('',*,*,#1423,.F.);
#2708 = ORIENTED_EDGE('',*,*,#1479,.F.);
#2709 = FACE_BOUND('',#2710,.T.);
#2710 = EDGE_LOOP('',(#2711,#2721,#2729,#2737));
#2711 = ORIENTED_EDGE('',*,*,#2712,.F.);
#2712 = EDGE_CURVE('',#2713,#2715,#2717,.T.);
#2713 = VERTEX_POINT('',#2714);
#2714 = CARTESIAN_POINT('',(0.32,-0.32,0.2));
#2715 = VERTEX_POINT('',#2716);
#2716 = CARTESIAN_POINT('',(-0.32,-0.32,0.2));
#2717 = LINE('',#2718,#2719);
#2718 = CARTESIAN_POINT('',(0.635,-0.32,0.2));
#2719 = VECTOR('',#2720,1.);
#2720 = DIRECTION('',(-1.,-0.,-0.));
#2721 = ORIENTED_EDGE('',*,*,#2722,.F.);
#2722 = EDGE_CURVE('',#2723,#2713,#2725,.T.);
#2723 = VERTEX_POINT('',#2724);
#2724 = CARTESIAN_POINT('',(0.32,0.32,0.2));
#2725 = LINE('',#2726,#2727);
#2726 = CARTESIAN_POINT('',(0.32,-0.5,0.2));
#2727 = VECTOR('',#2728,1.);
#2728 = DIRECTION('',(0.,-1.,0.));
#2729 = ORIENTED_EDGE('',*,*,#2730,.F.);
#2730 = EDGE_CURVE('',#2731,#2723,#2733,.T.);
#2731 = VERTEX_POINT('',#2732);
#2732 = CARTESIAN_POINT('',(-0.32,0.32,0.2));
#2733 = LINE('',#2734,#2735);
#2734 = CARTESIAN_POINT('',(0.635,0.32,0.2));
#2735 = VECTOR('',#2736,1.);
#2736 = DIRECTION('',(1.,0.,0.));
#2737 = ORIENTED_EDGE('',*,*,#2738,.T.);
#2738 = EDGE_CURVE('',#2731,#2715,#2739,.T.);
#2739 = LINE('',#2740,#2741);
#2740 = CARTESIAN_POINT('',(-0.32,-0.5,0.2));
#2741 = VECTOR('',#2742,1.);
#2742 = DIRECTION('',(0.,-1.,0.));
#2743 = PLANE('',#2744);
#2744 = AXIS2_PLACEMENT_3D('',#2745,#2746,#2747);
#2745 = CARTESIAN_POINT('',(0.95,-1.,0.2));
#2746 = DIRECTION('',(0.,0.,-1.));
#2747 = DIRECTION('',(0.,1.,0.));
#2748 = ADVANCED_FACE('',(#2749,#2755),#2789,.T.);
#2749 = FACE_BOUND('',#2750,.T.);
#2750 = EDGE_LOOP('',(#2751,#2752,#2753,#2754));
#2751 = ORIENTED_EDGE('',*,*,#2378,.T.);
#2752 = ORIENTED_EDGE('',*,*,#1510,.T.);
#2753 = ORIENTED_EDGE('',*,*,#1447,.F.);
#2754 = ORIENTED_EDGE('',*,*,#1398,.F.);
#2755 = FACE_BOUND('',#2756,.T.);
#2756 = EDGE_LOOP('',(#2757,#2767,#2775,#2783));
#2757 = ORIENTED_EDGE('',*,*,#2758,.F.);
#2758 = EDGE_CURVE('',#2759,#2761,#2763,.T.);
#2759 = VERTEX_POINT('',#2760);
#2760 = CARTESIAN_POINT('',(10.32,-0.32,0.2));
#2761 = VERTEX_POINT('',#2762);
#2762 = CARTESIAN_POINT('',(9.68,-0.32,0.2));
#2763 = LINE('',#2764,#2765);
#2764 = CARTESIAN_POINT('',(10.635,-0.32,0.2));
#2765 = VECTOR('',#2766,1.);
#2766 = DIRECTION('',(-1.,-0.,-0.));
#2767 = ORIENTED_EDGE('',*,*,#2768,.F.);
#2768 = EDGE_CURVE('',#2769,#2759,#2771,.T.);
#2769 = VERTEX_POINT('',#2770);
#2770 = CARTESIAN_POINT('',(10.32,0.32,0.2));
#2771 = LINE('',#2772,#2773);
#2772 = CARTESIAN_POINT('',(10.32,-0.5,0.2));
#2773 = VECTOR('',#2774,1.);
#2774 = DIRECTION('',(0.,-1.,0.));
#2775 = ORIENTED_EDGE('',*,*,#2776,.F.);
#2776 = EDGE_CURVE('',#2777,#2769,#2779,.T.);
#2777 = VERTEX_POINT('',#2778);
#2778 = CARTESIAN_POINT('',(9.68,0.32,0.2));
#2779 = LINE('',#2780,#2781);
#2780 = CARTESIAN_POINT('',(10.635,0.32,0.2));
#2781 = VECTOR('',#2782,1.);
#2782 = DIRECTION('',(1.,0.,0.));
#2783 = ORIENTED_EDGE('',*,*,#2784,.T.);
#2784 = EDGE_CURVE('',#2777,#2761,#2785,.T.);
#2785 = LINE('',#2786,#2787);
#2786 = CARTESIAN_POINT('',(9.68,-0.5,0.2));
#2787 = VECTOR('',#2788,1.);
#2788 = DIRECTION('',(0.,-1.,0.));
#2789 = PLANE('',#2790);
#2790 = AXIS2_PLACEMENT_3D('',#2791,#2792,#2793);
#2791 = CARTESIAN_POINT('',(10.95,-1.,0.2));
#2792 = DIRECTION('',(0.,0.,-1.));
#2793 = DIRECTION('',(0.,1.,0.));
#2794 = ADVANCED_FACE('',(#2795,#2801),#2835,.T.);
#2795 = FACE_BOUND('',#2796,.T.);
#2796 = EDGE_LOOP('',(#2797,#2798,#2799,#2800));
#2797 = ORIENTED_EDGE('',*,*,#2327,.T.);
#2798 = ORIENTED_EDGE('',*,*,#1575,.T.);
#2799 = ORIENTED_EDGE('',*,*,#1633,.F.);
#2800 = ORIENTED_EDGE('',*,*,#1689,.F.);
#2801 = FACE_BOUND('',#2802,.T.);
#2802 = EDGE_LOOP('',(#2803,#2813,#2821,#2829));
#2803 = ORIENTED_EDGE('',*,*,#2804,.F.);
#2804 = EDGE_CURVE('',#2805,#2807,#2809,.T.);
#2805 = VERTEX_POINT('',#2806);
#2806 = CARTESIAN_POINT('',(2.82,-0.32,0.2));
#2807 = VERTEX_POINT('',#2808);
#2808 = CARTESIAN_POINT('',(2.18,-0.32,0.2));
#2809 = LINE('',#2810,#2811);
#2810 = CARTESIAN_POINT('',(3.135,-0.32,0.2));
#2811 = VECTOR('',#2812,1.);
#2812 = DIRECTION('',(-1.,-0.,-0.));
#2813 = ORIENTED_EDGE('',*,*,#2814,.F.);
#2814 = EDGE_CURVE('',#2815,#2805,#2817,.T.);
#2815 = VERTEX_POINT('',#2816);
#2816 = CARTESIAN_POINT('',(2.82,0.32,0.2));
#2817 = LINE('',#2818,#2819);
#2818 = CARTESIAN_POINT('',(2.82,-0.5,0.2));
#2819 = VECTOR('',#2820,1.);
#2820 = DIRECTION('',(0.,-1.,0.));
#2821 = ORIENTED_EDGE('',*,*,#2822,.F.);
#2822 = EDGE_CURVE('',#2823,#2815,#2825,.T.);
#2823 = VERTEX_POINT('',#2824);
#2824 = CARTESIAN_POINT('',(2.18,0.32,0.2));
#2825 = LINE('',#2826,#2827);
#2826 = CARTESIAN_POINT('',(3.135,0.32,0.2));
#2827 = VECTOR('',#2828,1.);
#2828 = DIRECTION('',(1.,0.,0.));
#2829 = ORIENTED_EDGE('',*,*,#2830,.T.);
#2830 = EDGE_CURVE('',#2823,#2807,#2831,.T.);
#2831 = LINE('',#2832,#2833);
#2832 = CARTESIAN_POINT('',(2.18,-0.5,0.2));
#2833 = VECTOR('',#2834,1.);
#2834 = DIRECTION('',(0.,-1.,0.));
#2835 = PLANE('',#2836);
#2836 = AXIS2_PLACEMENT_3D('',#2837,#2838,#2839);
#2837 = CARTESIAN_POINT('',(3.45,-1.,0.2));
#2838 = DIRECTION('',(0.,0.,-1.));
#2839 = DIRECTION('',(0.,1.,0.));
#2840 = ADVANCED_FACE('',(#2841,#2847),#2881,.T.);
#2841 = FACE_BOUND('',#2842,.T.);
#2842 = EDGE_LOOP('',(#2843,#2844,#2845,#2846));
#2843 = ORIENTED_EDGE('',*,*,#2361,.T.);
#2844 = ORIENTED_EDGE('',*,*,#1720,.T.);
#2845 = ORIENTED_EDGE('',*,*,#1657,.F.);
#2846 = ORIENTED_EDGE('',*,*,#1608,.F.);
#2847 = FACE_BOUND('',#2848,.T.);
#2848 = EDGE_LOOP('',(#2849,#2859,#2867,#2875));
#2849 = ORIENTED_EDGE('',*,*,#2850,.F.);
#2850 = EDGE_CURVE('',#2851,#2853,#2855,.T.);
#2851 = VERTEX_POINT('',#2852);
#2852 = CARTESIAN_POINT('',(7.82,-0.32,0.2));
#2853 = VERTEX_POINT('',#2854);
#2854 = CARTESIAN_POINT('',(7.18,-0.32,0.2));
#2855 = LINE('',#2856,#2857);
#2856 = CARTESIAN_POINT('',(8.135,-0.32,0.2));
#2857 = VECTOR('',#2858,1.);
#2858 = DIRECTION('',(-1.,-0.,-0.));
#2859 = ORIENTED_EDGE('',*,*,#2860,.F.);
#2860 = EDGE_CURVE('',#2861,#2851,#2863,.T.);
#2861 = VERTEX_POINT('',#2862);
#2862 = CARTESIAN_POINT('',(7.82,0.32,0.2));
#2863 = LINE('',#2864,#2865);
#2864 = CARTESIAN_POINT('',(7.82,-0.5,0.2));
#2865 = VECTOR('',#2866,1.);
#2866 = DIRECTION('',(0.,-1.,0.));
#2867 = ORIENTED_EDGE('',*,*,#2868,.F.);
#2868 = EDGE_CURVE('',#2869,#2861,#2871,.T.);
#2869 = VERTEX_POINT('',#2870);
#2870 = CARTESIAN_POINT('',(7.18,0.32,0.2));
#2871 = LINE('',#2872,#2873);
#2872 = CARTESIAN_POINT('',(8.135,0.32,0.2));
#2873 = VECTOR('',#2874,1.);
#2874 = DIRECTION('',(1.,0.,0.));
#2875 = ORIENTED_EDGE('',*,*,#2876,.T.);
#2876 = EDGE_CURVE('',#2869,#2853,#2877,.T.);
#2877 = LINE('',#2878,#2879);
#2878 = CARTESIAN_POINT('',(7.18,-0.5,0.2));
#2879 = VECTOR('',#2880,1.);
#2880 = DIRECTION('',(0.,-1.,0.));
#2881 = PLANE('',#2882);
#2882 = AXIS2_PLACEMENT_3D('',#2883,#2884,#2885);
#2883 = CARTESIAN_POINT('',(8.45,-1.,0.2));
#2884 = DIRECTION('',(0.,0.,-1.));
#2885 = DIRECTION('',(0.,1.,0.));
#2886 = ADVANCED_FACE('',(#2887,#2893),#2927,.T.);
#2887 = FACE_BOUND('',#2888,.T.);
#2888 = EDGE_LOOP('',(#2889,#2890,#2891,#2892));
#2889 = ORIENTED_EDGE('',*,*,#2344,.T.);
#2890 = ORIENTED_EDGE('',*,*,#1785,.T.);
#2891 = ORIENTED_EDGE('',*,*,#1843,.F.);
#2892 = ORIENTED_EDGE('',*,*,#1818,.F.);
#2893 = FACE_BOUND('',#2894,.T.);
#2894 = EDGE_LOOP('',(#2895,#2905,#2913,#2921));
#2895 = ORIENTED_EDGE('',*,*,#2896,.F.);
#2896 = EDGE_CURVE('',#2897,#2899,#2901,.T.);
#2897 = VERTEX_POINT('',#2898);
#2898 = CARTESIAN_POINT('',(5.32,-0.32,0.2));
#2899 = VERTEX_POINT('',#2900);
#2900 = CARTESIAN_POINT('',(4.68,-0.32,0.2));
#2901 = LINE('',#2902,#2903);
#2902 = CARTESIAN_POINT('',(5.635,-0.32,0.2));
#2903 = VECTOR('',#2904,1.);
#2904 = DIRECTION('',(-1.,-0.,-0.));
#2905 = ORIENTED_EDGE('',*,*,#2906,.F.);
#2906 = EDGE_CURVE('',#2907,#2897,#2909,.T.);
#2907 = VERTEX_POINT('',#2908);
#2908 = CARTESIAN_POINT('',(5.32,0.32,0.2));
#2909 = LINE('',#2910,#2911);
#2910 = CARTESIAN_POINT('',(5.32,-0.5,0.2));
#2911 = VECTOR('',#2912,1.);
#2912 = DIRECTION('',(0.,-1.,0.));
#2913 = ORIENTED_EDGE('',*,*,#2914,.F.);
#2914 = EDGE_CURVE('',#2915,#2907,#2917,.T.);
#2915 = VERTEX_POINT('',#2916);
#2916 = CARTESIAN_POINT('',(4.68,0.32,0.2));
#2917 = LINE('',#2918,#2919);
#2918 = CARTESIAN_POINT('',(5.635,0.32,0.2));
#2919 = VECTOR('',#2920,1.);
#2920 = DIRECTION('',(1.,0.,0.));
#2921 = ORIENTED_EDGE('',*,*,#2922,.T.);
#2922 = EDGE_CURVE('',#2915,#2899,#2923,.T.);
#2923 = LINE('',#2924,#2925);
#2924 = CARTESIAN_POINT('',(4.68,-0.5,0.2));
#2925 = VECTOR('',#2926,1.);
#2926 = DIRECTION('',(0.,-1.,0.));
#2927 = PLANE('',#2928);
#2928 = AXIS2_PLACEMENT_3D('',#2929,#2930,#2931);
#2929 = CARTESIAN_POINT('',(5.95,-1.,0.2));
#2930 = DIRECTION('',(0.,0.,-1.));
#2931 = DIRECTION('',(0.,1.,0.));
#2932 = ADVANCED_FACE('',(#2933),#2949,.F.);
#2933 = FACE_BOUND('',#2934,.F.);
#2934 = EDGE_LOOP('',(#2935,#2941,#2942,#2948));
#2935 = ORIENTED_EDGE('',*,*,#2936,.F.);
#2936 = EDGE_CURVE('',#2101,#2667,#2937,.T.);
#2937 = LINE('',#2938,#2939);
#2938 = CARTESIAN_POINT('',(12.82,-0.32,2.711519));
#2939 = VECTOR('',#2940,1.);
#2940 = DIRECTION('',(0.,0.,-1.));
#2941 = ORIENTED_EDGE('',*,*,#2098,.F.);
#2942 = ORIENTED_EDGE('',*,*,#2943,.T.);
#2943 = EDGE_CURVE('',#2099,#2669,#2944,.T.);
#2944 = LINE('',#2945,#2946);
#2945 = CARTESIAN_POINT('',(12.18,-0.32,2.711519));
#2946 = VECTOR('',#2947,1.);
#2947 = DIRECTION('',(0.,0.,-1.));
#2948 = ORIENTED_EDGE('',*,*,#2666,.F.);
#2949 = PLANE('',#2950);
#2950 = AXIS2_PLACEMENT_3D('',#2951,#2952,#2953);
#2951 = CARTESIAN_POINT('',(12.82,-0.32,2.711519));
#2952 = DIRECTION('',(0.,-1.,0.));
#2953 = DIRECTION('',(0.,0.,-1.));
#2954 = ADVANCED_FACE('',(#2955),#2966,.F.);
#2955 = FACE_BOUND('',#2956,.F.);
#2956 = EDGE_LOOP('',(#2957,#2958,#2959,#2960));
#2957 = ORIENTED_EDGE('',*,*,#2124,.F.);
#2958 = ORIENTED_EDGE('',*,*,#2936,.T.);
#2959 = ORIENTED_EDGE('',*,*,#2676,.F.);
#2960 = ORIENTED_EDGE('',*,*,#2961,.T.);
#2961 = EDGE_CURVE('',#2677,#2117,#2962,.T.);
#2962 = LINE('',#2963,#2964);
#2963 = CARTESIAN_POINT('',(12.82,0.32,-0.538043));
#2964 = VECTOR('',#2965,1.);
#2965 = DIRECTION('',(0.,0.,1.));
#2966 = PLANE('',#2967);
#2967 = AXIS2_PLACEMENT_3D('',#2968,#2969,#2970);
#2968 = CARTESIAN_POINT('',(12.82,0.,1.086738));
#2969 = DIRECTION('',(1.,0.,0.));
#2970 = DIRECTION('',(0.,0.,1.));
#2971 = ADVANCED_FACE('',(#2972),#2983,.F.);
#2972 = FACE_BOUND('',#2973,.F.);
#2973 = EDGE_LOOP('',(#2974,#2975,#2976,#2982));
#2974 = ORIENTED_EDGE('',*,*,#2961,.F.);
#2975 = ORIENTED_EDGE('',*,*,#2684,.F.);
#2976 = ORIENTED_EDGE('',*,*,#2977,.T.);
#2977 = EDGE_CURVE('',#2685,#2109,#2978,.T.);
#2978 = LINE('',#2979,#2980);
#2979 = CARTESIAN_POINT('',(12.18,0.32,-0.538043));
#2980 = VECTOR('',#2981,1.);
#2981 = DIRECTION('',(0.,0.,1.));
#2982 = ORIENTED_EDGE('',*,*,#2116,.F.);
#2983 = PLANE('',#2984);
#2984 = AXIS2_PLACEMENT_3D('',#2985,#2986,#2987);
#2985 = CARTESIAN_POINT('',(12.82,0.32,-0.538043));
#2986 = DIRECTION('',(0.,1.,0.));
#2987 = DIRECTION('',(0.,0.,1.));
#2988 = ADVANCED_FACE('',(#2989),#2995,.T.);
#2989 = FACE_BOUND('',#2990,.T.);
#2990 = EDGE_LOOP('',(#2991,#2992,#2993,#2994));
#2991 = ORIENTED_EDGE('',*,*,#2108,.F.);
#2992 = ORIENTED_EDGE('',*,*,#2943,.T.);
#2993 = ORIENTED_EDGE('',*,*,#2692,.F.);
#2994 = ORIENTED_EDGE('',*,*,#2977,.T.);
#2995 = PLANE('',#2996);
#2996 = AXIS2_PLACEMENT_3D('',#2997,#2998,#2999);
#2997 = CARTESIAN_POINT('',(12.18,0.,1.086738));
#2998 = DIRECTION('',(1.,0.,0.));
#2999 = DIRECTION('',(0.,0.,1.));
#3000 = ADVANCED_FACE('',(#3001),#3017,.F.);
#3001 = FACE_BOUND('',#3002,.F.);
#3002 = EDGE_LOOP('',(#3003,#3009,#3010,#3016));
#3003 = ORIENTED_EDGE('',*,*,#3004,.F.);
#3004 = EDGE_CURVE('',#2135,#2759,#3005,.T.);
#3005 = LINE('',#3006,#3007);
#3006 = CARTESIAN_POINT('',(10.32,-0.32,2.711519));
#3007 = VECTOR('',#3008,1.);
#3008 = DIRECTION('',(0.,0.,-1.));
#3009 = ORIENTED_EDGE('',*,*,#2132,.F.);
#3010 = ORIENTED_EDGE('',*,*,#3011,.T.);
#3011 = EDGE_CURVE('',#2133,#2761,#3012,.T.);
#3012 = LINE('',#3013,#3014);
#3013 = CARTESIAN_POINT('',(9.68,-0.32,2.711519));
#3014 = VECTOR('',#3015,1.);
#3015 = DIRECTION('',(0.,0.,-1.));
#3016 = ORIENTED_EDGE('',*,*,#2758,.F.);
#3017 = PLANE('',#3018);
#3018 = AXIS2_PLACEMENT_3D('',#3019,#3020,#3021);
#3019 = CARTESIAN_POINT('',(10.32,-0.32,2.711519));
#3020 = DIRECTION('',(0.,-1.,0.));
#3021 = DIRECTION('',(0.,0.,-1.));
#3022 = ADVANCED_FACE('',(#3023),#3034,.F.);
#3023 = FACE_BOUND('',#3024,.F.);
#3024 = EDGE_LOOP('',(#3025,#3026,#3027,#3028));
#3025 = ORIENTED_EDGE('',*,*,#2158,.F.);
#3026 = ORIENTED_EDGE('',*,*,#3004,.T.);
#3027 = ORIENTED_EDGE('',*,*,#2768,.F.);
#3028 = ORIENTED_EDGE('',*,*,#3029,.T.);
#3029 = EDGE_CURVE('',#2769,#2151,#3030,.T.);
#3030 = LINE('',#3031,#3032);
#3031 = CARTESIAN_POINT('',(10.32,0.32,-0.538043));
#3032 = VECTOR('',#3033,1.);
#3033 = DIRECTION('',(0.,0.,1.));
#3034 = PLANE('',#3035);
#3035 = AXIS2_PLACEMENT_3D('',#3036,#3037,#3038);
#3036 = CARTESIAN_POINT('',(10.32,0.,1.086738));
#3037 = DIRECTION('',(1.,0.,0.));
#3038 = DIRECTION('',(0.,0.,1.));
#3039 = ADVANCED_FACE('',(#3040),#3051,.F.);
#3040 = FACE_BOUND('',#3041,.F.);
#3041 = EDGE_LOOP('',(#3042,#3043,#3044,#3050));
#3042 = ORIENTED_EDGE('',*,*,#3029,.F.);
#3043 = ORIENTED_EDGE('',*,*,#2776,.F.);
#3044 = ORIENTED_EDGE('',*,*,#3045,.T.);
#3045 = EDGE_CURVE('',#2777,#2143,#3046,.T.);
#3046 = LINE('',#3047,#3048);
#3047 = CARTESIAN_POINT('',(9.68,0.32,-0.538043));
#3048 = VECTOR('',#3049,1.);
#3049 = DIRECTION('',(0.,0.,1.));
#3050 = ORIENTED_EDGE('',*,*,#2150,.F.);
#3051 = PLANE('',#3052);
#3052 = AXIS2_PLACEMENT_3D('',#3053,#3054,#3055);
#3053 = CARTESIAN_POINT('',(10.32,0.32,-0.538043));
#3054 = DIRECTION('',(0.,1.,0.));
#3055 = DIRECTION('',(0.,0.,1.));
#3056 = ADVANCED_FACE('',(#3057),#3063,.T.);
#3057 = FACE_BOUND('',#3058,.T.);
#3058 = EDGE_LOOP('',(#3059,#3060,#3061,#3062));
#3059 = ORIENTED_EDGE('',*,*,#2142,.F.);
#3060 = ORIENTED_EDGE('',*,*,#3011,.T.);
#3061 = ORIENTED_EDGE('',*,*,#2784,.F.);
#3062 = ORIENTED_EDGE('',*,*,#3045,.T.);
#3063 = PLANE('',#3064);
#3064 = AXIS2_PLACEMENT_3D('',#3065,#3066,#3067);
#3065 = CARTESIAN_POINT('',(9.68,0.,1.086738));
#3066 = DIRECTION('',(1.,0.,0.));
#3067 = DIRECTION('',(0.,0.,1.));
#3068 = ADVANCED_FACE('',(#3069),#3085,.F.);
#3069 = FACE_BOUND('',#3070,.F.);
#3070 = EDGE_LOOP('',(#3071,#3077,#3078,#3084));
#3071 = ORIENTED_EDGE('',*,*,#3072,.F.);
#3072 = EDGE_CURVE('',#2169,#2851,#3073,.T.);
#3073 = LINE('',#3074,#3075);
#3074 = CARTESIAN_POINT('',(7.82,-0.32,2.711519));
#3075 = VECTOR('',#3076,1.);
#3076 = DIRECTION('',(0.,0.,-1.));
#3077 = ORIENTED_EDGE('',*,*,#2166,.F.);
#3078 = ORIENTED_EDGE('',*,*,#3079,.T.);
#3079 = EDGE_CURVE('',#2167,#2853,#3080,.T.);
#3080 = LINE('',#3081,#3082);
#3081 = CARTESIAN_POINT('',(7.18,-0.32,2.711519));
#3082 = VECTOR('',#3083,1.);
#3083 = DIRECTION('',(0.,0.,-1.));
#3084 = ORIENTED_EDGE('',*,*,#2850,.F.);
#3085 = PLANE('',#3086);
#3086 = AXIS2_PLACEMENT_3D('',#3087,#3088,#3089);
#3087 = CARTESIAN_POINT('',(7.82,-0.32,2.711519));
#3088 = DIRECTION('',(0.,-1.,0.));
#3089 = DIRECTION('',(0.,0.,-1.));
#3090 = ADVANCED_FACE('',(#3091),#3102,.F.);
#3091 = FACE_BOUND('',#3092,.F.);
#3092 = EDGE_LOOP('',(#3093,#3094,#3095,#3096));
#3093 = ORIENTED_EDGE('',*,*,#2192,.F.);
#3094 = ORIENTED_EDGE('',*,*,#3072,.T.);
#3095 = ORIENTED_EDGE('',*,*,#2860,.F.);
#3096 = ORIENTED_EDGE('',*,*,#3097,.T.);
#3097 = EDGE_CURVE('',#2861,#2185,#3098,.T.);
#3098 = LINE('',#3099,#3100);
#3099 = CARTESIAN_POINT('',(7.82,0.32,-0.538043));
#3100 = VECTOR('',#3101,1.);
#3101 = DIRECTION('',(0.,0.,1.));
#3102 = PLANE('',#3103);
#3103 = AXIS2_PLACEMENT_3D('',#3104,#3105,#3106);
#3104 = CARTESIAN_POINT('',(7.82,0.,1.086738));
#3105 = DIRECTION('',(1.,0.,0.));
#3106 = DIRECTION('',(0.,0.,1.));
#3107 = ADVANCED_FACE('',(#3108),#3119,.F.);
#3108 = FACE_BOUND('',#3109,.F.);
#3109 = EDGE_LOOP('',(#3110,#3111,#3112,#3118));
#3110 = ORIENTED_EDGE('',*,*,#3097,.F.);
#3111 = ORIENTED_EDGE('',*,*,#2868,.F.);
#3112 = ORIENTED_EDGE('',*,*,#3113,.T.);
#3113 = EDGE_CURVE('',#2869,#2177,#3114,.T.);
#3114 = LINE('',#3115,#3116);
#3115 = CARTESIAN_POINT('',(7.18,0.32,-0.538043));
#3116 = VECTOR('',#3117,1.);
#3117 = DIRECTION('',(0.,0.,1.));
#3118 = ORIENTED_EDGE('',*,*,#2184,.F.);
#3119 = PLANE('',#3120);
#3120 = AXIS2_PLACEMENT_3D('',#3121,#3122,#3123);
#3121 = CARTESIAN_POINT('',(7.82,0.32,-0.538043));
#3122 = DIRECTION('',(0.,1.,0.));
#3123 = DIRECTION('',(0.,0.,1.));
#3124 = ADVANCED_FACE('',(#3125),#3131,.T.);
#3125 = FACE_BOUND('',#3126,.T.);
#3126 = EDGE_LOOP('',(#3127,#3128,#3129,#3130));
#3127 = ORIENTED_EDGE('',*,*,#2176,.F.);
#3128 = ORIENTED_EDGE('',*,*,#3079,.T.);
#3129 = ORIENTED_EDGE('',*,*,#2876,.F.);
#3130 = ORIENTED_EDGE('',*,*,#3113,.T.);
#3131 = PLANE('',#3132);
#3132 = AXIS2_PLACEMENT_3D('',#3133,#3134,#3135);
#3133 = CARTESIAN_POINT('',(7.18,0.,1.086738));
#3134 = DIRECTION('',(1.,0.,0.));
#3135 = DIRECTION('',(0.,0.,1.));
#3136 = ADVANCED_FACE('',(#3137),#3153,.F.);
#3137 = FACE_BOUND('',#3138,.F.);
#3138 = EDGE_LOOP('',(#3139,#3145,#3146,#3152));
#3139 = ORIENTED_EDGE('',*,*,#3140,.F.);
#3140 = EDGE_CURVE('',#2203,#2897,#3141,.T.);
#3141 = LINE('',#3142,#3143);
#3142 = CARTESIAN_POINT('',(5.32,-0.32,2.711519));
#3143 = VECTOR('',#3144,1.);
#3144 = DIRECTION('',(0.,0.,-1.));
#3145 = ORIENTED_EDGE('',*,*,#2200,.F.);
#3146 = ORIENTED_EDGE('',*,*,#3147,.T.);
#3147 = EDGE_CURVE('',#2201,#2899,#3148,.T.);
#3148 = LINE('',#3149,#3150);
#3149 = CARTESIAN_POINT('',(4.68,-0.32,2.711519));
#3150 = VECTOR('',#3151,1.);
#3151 = DIRECTION('',(0.,0.,-1.));
#3152 = ORIENTED_EDGE('',*,*,#2896,.F.);
#3153 = PLANE('',#3154);
#3154 = AXIS2_PLACEMENT_3D('',#3155,#3156,#3157);
#3155 = CARTESIAN_POINT('',(5.32,-0.32,2.711519));
#3156 = DIRECTION('',(0.,-1.,0.));
#3157 = DIRECTION('',(0.,0.,-1.));
#3158 = ADVANCED_FACE('',(#3159),#3170,.F.);
#3159 = FACE_BOUND('',#3160,.F.);
#3160 = EDGE_LOOP('',(#3161,#3162,#3163,#3164));
#3161 = ORIENTED_EDGE('',*,*,#2226,.F.);
#3162 = ORIENTED_EDGE('',*,*,#3140,.T.);
#3163 = ORIENTED_EDGE('',*,*,#2906,.F.);
#3164 = ORIENTED_EDGE('',*,*,#3165,.T.);
#3165 = EDGE_CURVE('',#2907,#2219,#3166,.T.);
#3166 = LINE('',#3167,#3168);
#3167 = CARTESIAN_POINT('',(5.32,0.32,-0.538043));
#3168 = VECTOR('',#3169,1.);
#3169 = DIRECTION('',(0.,0.,1.));
#3170 = PLANE('',#3171);
#3171 = AXIS2_PLACEMENT_3D('',#3172,#3173,#3174);
#3172 = CARTESIAN_POINT('',(5.32,0.,1.086738));
#3173 = DIRECTION('',(1.,0.,0.));
#3174 = DIRECTION('',(0.,0.,1.));
#3175 = ADVANCED_FACE('',(#3176),#3187,.F.);
#3176 = FACE_BOUND('',#3177,.F.);
#3177 = EDGE_LOOP('',(#3178,#3179,#3180,#3186));
#3178 = ORIENTED_EDGE('',*,*,#3165,.F.);
#3179 = ORIENTED_EDGE('',*,*,#2914,.F.);
#3180 = ORIENTED_EDGE('',*,*,#3181,.T.);
#3181 = EDGE_CURVE('',#2915,#2211,#3182,.T.);
#3182 = LINE('',#3183,#3184);
#3183 = CARTESIAN_POINT('',(4.68,0.32,-0.538043));
#3184 = VECTOR('',#3185,1.);
#3185 = DIRECTION('',(0.,0.,1.));
#3186 = ORIENTED_EDGE('',*,*,#2218,.F.);
#3187 = PLANE('',#3188);
#3188 = AXIS2_PLACEMENT_3D('',#3189,#3190,#3191);
#3189 = CARTESIAN_POINT('',(5.32,0.32,-0.538043));
#3190 = DIRECTION('',(0.,1.,0.));
#3191 = DIRECTION('',(0.,0.,1.));
#3192 = ADVANCED_FACE('',(#3193),#3199,.T.);
#3193 = FACE_BOUND('',#3194,.T.);
#3194 = EDGE_LOOP('',(#3195,#3196,#3197,#3198));
#3195 = ORIENTED_EDGE('',*,*,#2210,.F.);
#3196 = ORIENTED_EDGE('',*,*,#3147,.T.);
#3197 = ORIENTED_EDGE('',*,*,#2922,.F.);
#3198 = ORIENTED_EDGE('',*,*,#3181,.T.);
#3199 = PLANE('',#3200);
#3200 = AXIS2_PLACEMENT_3D('',#3201,#3202,#3203);
#3201 = CARTESIAN_POINT('',(4.68,0.,1.086738));
#3202 = DIRECTION('',(1.,0.,0.));
#3203 = DIRECTION('',(0.,0.,1.));
#3204 = ADVANCED_FACE('',(#3205),#3221,.F.);
#3205 = FACE_BOUND('',#3206,.F.);
#3206 = EDGE_LOOP('',(#3207,#3213,#3214,#3220));
#3207 = ORIENTED_EDGE('',*,*,#3208,.F.);
#3208 = EDGE_CURVE('',#2237,#2805,#3209,.T.);
#3209 = LINE('',#3210,#3211);
#3210 = CARTESIAN_POINT('',(2.82,-0.32,2.711519));
#3211 = VECTOR('',#3212,1.);
#3212 = DIRECTION('',(0.,0.,-1.));
#3213 = ORIENTED_EDGE('',*,*,#2234,.F.);
#3214 = ORIENTED_EDGE('',*,*,#3215,.T.);
#3215 = EDGE_CURVE('',#2235,#2807,#3216,.T.);
#3216 = LINE('',#3217,#3218);
#3217 = CARTESIAN_POINT('',(2.18,-0.32,2.711519));
#3218 = VECTOR('',#3219,1.);
#3219 = DIRECTION('',(0.,0.,-1.));
#3220 = ORIENTED_EDGE('',*,*,#2804,.F.);
#3221 = PLANE('',#3222);
#3222 = AXIS2_PLACEMENT_3D('',#3223,#3224,#3225);
#3223 = CARTESIAN_POINT('',(2.82,-0.32,2.711519));
#3224 = DIRECTION('',(0.,-1.,0.));
#3225 = DIRECTION('',(0.,0.,-1.));
#3226 = ADVANCED_FACE('',(#3227),#3238,.F.);
#3227 = FACE_BOUND('',#3228,.F.);
#3228 = EDGE_LOOP('',(#3229,#3230,#3231,#3232));
#3229 = ORIENTED_EDGE('',*,*,#2260,.F.);
#3230 = ORIENTED_EDGE('',*,*,#3208,.T.);
#3231 = ORIENTED_EDGE('',*,*,#2814,.F.);
#3232 = ORIENTED_EDGE('',*,*,#3233,.T.);
#3233 = EDGE_CURVE('',#2815,#2253,#3234,.T.);
#3234 = LINE('',#3235,#3236);
#3235 = CARTESIAN_POINT('',(2.82,0.32,-0.538043));
#3236 = VECTOR('',#3237,1.);
#3237 = DIRECTION('',(0.,0.,1.));
#3238 = PLANE('',#3239);
#3239 = AXIS2_PLACEMENT_3D('',#3240,#3241,#3242);
#3240 = CARTESIAN_POINT('',(2.82,0.,1.086738));
#3241 = DIRECTION('',(1.,0.,0.));
#3242 = DIRECTION('',(0.,0.,1.));
#3243 = ADVANCED_FACE('',(#3244),#3255,.F.);
#3244 = FACE_BOUND('',#3245,.F.);
#3245 = EDGE_LOOP('',(#3246,#3247,#3248,#3254));
#3246 = ORIENTED_EDGE('',*,*,#3233,.F.);
#3247 = ORIENTED_EDGE('',*,*,#2822,.F.);
#3248 = ORIENTED_EDGE('',*,*,#3249,.T.);
#3249 = EDGE_CURVE('',#2823,#2245,#3250,.T.);
#3250 = LINE('',#3251,#3252);
#3251 = CARTESIAN_POINT('',(2.18,0.32,-0.538043));
#3252 = VECTOR('',#3253,1.);
#3253 = DIRECTION('',(0.,0.,1.));
#3254 = ORIENTED_EDGE('',*,*,#2252,.F.);
#3255 = PLANE('',#3256);
#3256 = AXIS2_PLACEMENT_3D('',#3257,#3258,#3259);
#3257 = CARTESIAN_POINT('',(2.82,0.32,-0.538043));
#3258 = DIRECTION('',(0.,1.,0.));
#3259 = DIRECTION('',(0.,0.,1.));
#3260 = ADVANCED_FACE('',(#3261),#3267,.T.);
#3261 = FACE_BOUND('',#3262,.T.);
#3262 = EDGE_LOOP('',(#3263,#3264,#3265,#3266));
#3263 = ORIENTED_EDGE('',*,*,#2244,.F.);
#3264 = ORIENTED_EDGE('',*,*,#3215,.T.);
#3265 = ORIENTED_EDGE('',*,*,#2830,.F.);
#3266 = ORIENTED_EDGE('',*,*,#3249,.T.);
#3267 = PLANE('',#3268);
#3268 = AXIS2_PLACEMENT_3D('',#3269,#3270,#3271);
#3269 = CARTESIAN_POINT('',(2.18,0.,1.086738));
#3270 = DIRECTION('',(1.,0.,0.));
#3271 = DIRECTION('',(0.,0.,1.));
#3272 = ADVANCED_FACE('',(#3273),#3289,.F.);
#3273 = FACE_BOUND('',#3274,.F.);
#3274 = EDGE_LOOP('',(#3275,#3281,#3282,#3288));
#3275 = ORIENTED_EDGE('',*,*,#3276,.F.);
#3276 = EDGE_CURVE('',#2271,#2713,#3277,.T.);
#3277 = LINE('',#3278,#3279);
#3278 = CARTESIAN_POINT('',(0.32,-0.32,2.711519));
#3279 = VECTOR('',#3280,1.);
#3280 = DIRECTION('',(0.,0.,-1.));
#3281 = ORIENTED_EDGE('',*,*,#2268,.F.);
#3282 = ORIENTED_EDGE('',*,*,#3283,.T.);
#3283 = EDGE_CURVE('',#2269,#2715,#3284,.T.);
#3284 = LINE('',#3285,#3286);
#3285 = CARTESIAN_POINT('',(-0.32,-0.32,2.711519));
#3286 = VECTOR('',#3287,1.);
#3287 = DIRECTION('',(0.,0.,-1.));
#3288 = ORIENTED_EDGE('',*,*,#2712,.F.);
#3289 = PLANE('',#3290);
#3290 = AXIS2_PLACEMENT_3D('',#3291,#3292,#3293);
#3291 = CARTESIAN_POINT('',(0.32,-0.32,2.711519));
#3292 = DIRECTION('',(0.,-1.,0.));
#3293 = DIRECTION('',(0.,0.,-1.));
#3294 = ADVANCED_FACE('',(#3295),#3306,.T.);
#3295 = FACE_BOUND('',#3296,.T.);
#3296 = EDGE_LOOP('',(#3297,#3298,#3299,#3300));
#3297 = ORIENTED_EDGE('',*,*,#2278,.F.);
#3298 = ORIENTED_EDGE('',*,*,#3283,.T.);
#3299 = ORIENTED_EDGE('',*,*,#2738,.F.);
#3300 = ORIENTED_EDGE('',*,*,#3301,.T.);
#3301 = EDGE_CURVE('',#2731,#2279,#3302,.T.);
#3302 = LINE('',#3303,#3304);
#3303 = CARTESIAN_POINT('',(-0.32,0.32,-0.538043));
#3304 = VECTOR('',#3305,1.);
#3305 = DIRECTION('',(0.,0.,1.));
#3306 = PLANE('',#3307);
#3307 = AXIS2_PLACEMENT_3D('',#3308,#3309,#3310);
#3308 = CARTESIAN_POINT('',(-0.32,0.,1.086738));
#3309 = DIRECTION('',(1.,0.,0.));
#3310 = DIRECTION('',(0.,0.,1.));
#3311 = ADVANCED_FACE('',(#3312),#3323,.F.);
#3312 = FACE_BOUND('',#3313,.F.);
#3313 = EDGE_LOOP('',(#3314,#3315,#3316,#3317));
#3314 = ORIENTED_EDGE('',*,*,#2294,.F.);
#3315 = ORIENTED_EDGE('',*,*,#3276,.T.);
#3316 = ORIENTED_EDGE('',*,*,#2722,.F.);
#3317 = ORIENTED_EDGE('',*,*,#3318,.T.);
#3318 = EDGE_CURVE('',#2723,#2287,#3319,.T.);
#3319 = LINE('',#3320,#3321);
#3320 = CARTESIAN_POINT('',(0.32,0.32,-0.538043));
#3321 = VECTOR('',#3322,1.);
#3322 = DIRECTION('',(0.,0.,1.));
#3323 = PLANE('',#3324);
#3324 = AXIS2_PLACEMENT_3D('',#3325,#3326,#3327);
#3325 = CARTESIAN_POINT('',(0.32,0.,1.086738));
#3326 = DIRECTION('',(1.,0.,0.));
#3327 = DIRECTION('',(0.,0.,1.));
#3328 = ADVANCED_FACE('',(#3329),#3335,.F.);
#3329 = FACE_BOUND('',#3330,.F.);
#3330 = EDGE_LOOP('',(#3331,#3332,#3333,#3334));
#3331 = ORIENTED_EDGE('',*,*,#3318,.F.);
#3332 = ORIENTED_EDGE('',*,*,#2730,.F.);
#3333 = ORIENTED_EDGE('',*,*,#3301,.T.);
#3334 = ORIENTED_EDGE('',*,*,#2286,.F.);
#3335 = PLANE('',#3336);
#3336 = AXIS2_PLACEMENT_3D('',#3337,#3338,#3339);
#3337 = CARTESIAN_POINT('',(0.32,0.32,-0.538043));
#3338 = DIRECTION('',(0.,1.,0.));
#3339 = DIRECTION('',(0.,0.,1.));
#3340 = ( GEOMETRIC_REPRESENTATION_CONTEXT(3) 
GLOBAL_UNCERTAINTY_ASSIGNED_CONTEXT((#3344)) 
GLOBAL_UNIT_ASSIGNED_CONTEXT((#3341,#3342,#3343)) REPRESENTATION_CONTEXT
('Context #1','3D Context with UNIT and UNCERTAINTY') );
#3341 = ( LENGTH_UNIT() NAMED_UNIT(*) SI_UNIT(.MILLI.,.METRE.) );
#3342 = ( NAMED_UNIT(*) PLANE_ANGLE_UNIT() SI_UNIT($,.RADIAN.) );
#3343 = ( NAMED_UNIT(*) SI_UNIT($,.STERADIAN.) SOLID_ANGLE_UNIT() );
#3344 = UNCERTAINTY_MEASURE_WITH_UNIT(LENGTH_MEASURE(5.E-06),#3341,
  'distance_accuracy_value','confusion accuracy');
#3345 = CONTEXT_DEPENDENT_SHAPE_REPRESENTATION(#3346,#3348);
#3346 = ( REPRESENTATION_RELATIONSHIP('','',#36,#10) 
REPRESENTATION_RELATIONSHIP_WITH_TRANSFORMATION(#3347) 
SHAPE_REPRESENTATION_RELATIONSHIP() );
#3347 = ITEM_DEFINED_TRANSFORMATION('','',#11,#15);
#3348 = PRODUCT_DEFINITION_SHAPE('Placement','Placement of an item',
  #3349);
#3349 = NEXT_ASSEMBLY_USAGE_OCCURRENCE('19','Top_entry_base','',#5,#31,$
  );
#3350 = PRODUCT_RELATED_PRODUCT_CATEGORY('part',$,(#33));
#3351 = SHAPE_DEFINITION_REPRESENTATION(#3352,#3358);
#3352 = PRODUCT_DEFINITION_SHAPE('','',#3353);
#3353 = PRODUCT_DEFINITION('design','',#3354,#3357);
#3354 = PRODUCT_DEFINITION_FORMATION('','',#3355);
#3355 = PRODUCT('male_pins array','male_pins array','',(#3356));
#3356 = PRODUCT_CONTEXT('',#2,'mechanical');
#3357 = PRODUCT_DEFINITION_CONTEXT('part definition',#2,'design');
#3358 = SHAPE_REPRESENTATION('',(#11,#3359,#3363,#3367,#3371,#3375,#3379
    ),#3383);
#3359 = AXIS2_PLACEMENT_3D('',#3360,#3361,#3362);
#3360 = CARTESIAN_POINT('',(0.,0.,0.));
#3361 = DIRECTION('',(0.,0.,1.));
#3362 = DIRECTION('',(1.,0.,0.));
#3363 = AXIS2_PLACEMENT_3D('',#3364,#3365,#3366);
#3364 = CARTESIAN_POINT('',(2.5,0.,0.));
#3365 = DIRECTION('',(0.,0.,1.));
#3366 = DIRECTION('',(1.,0.,0.));
#3367 = AXIS2_PLACEMENT_3D('',#3368,#3369,#3370);
#3368 = CARTESIAN_POINT('',(5.,0.,0.));
#3369 = DIRECTION('',(0.,0.,1.));
#3370 = DIRECTION('',(1.,0.,0.));
#3371 = AXIS2_PLACEMENT_3D('',#3372,#3373,#3374);
#3372 = CARTESIAN_POINT('',(7.5,0.,0.));
#3373 = DIRECTION('',(0.,0.,1.));
#3374 = DIRECTION('',(1.,0.,0.));
#3375 = AXIS2_PLACEMENT_3D('',#3376,#3377,#3378);
#3376 = CARTESIAN_POINT('',(10.,0.,0.));
#3377 = DIRECTION('',(0.,0.,1.));
#3378 = DIRECTION('',(1.,0.,0.));
#3379 = AXIS2_PLACEMENT_3D('',#3380,#3381,#3382);
#3380 = CARTESIAN_POINT('',(12.5,0.,0.));
#3381 = DIRECTION('',(0.,0.,1.));
#3382 = DIRECTION('',(1.,0.,0.));
#3383 = ( GEOMETRIC_REPRESENTATION_CONTEXT(3) 
GLOBAL_UNCERTAINTY_ASSIGNED_CONTEXT((#3387)) 
GLOBAL_UNIT_ASSIGNED_CONTEXT((#3384,#3385,#3386)) REPRESENTATION_CONTEXT
('Context #1','3D Context with UNIT and UNCERTAINTY') );
#3384 = ( LENGTH_UNIT() NAMED_UNIT(*) SI_UNIT(.MILLI.,.METRE.) );
#3385 = ( NAMED_UNIT(*) PLANE_ANGLE_UNIT() SI_UNIT($,.RADIAN.) );
#3386 = ( NAMED_UNIT(*) SI_UNIT($,.STERADIAN.) SOLID_ANGLE_UNIT() );
#3387 = UNCERTAINTY_MEASURE_WITH_UNIT(LENGTH_MEASURE(1.E-07),#3384,
  'distance_accuracy_value','confusion accuracy');
#3388 = CONTEXT_DEPENDENT_SHAPE_REPRESENTATION(#3389,#3391);
#3389 = ( REPRESENTATION_RELATIONSHIP('','',#3358,#10) 
REPRESENTATION_RELATIONSHIP_WITH_TRANSFORMATION(#3390) 
SHAPE_REPRESENTATION_RELATIONSHIP() );
#3390 = ITEM_DEFINED_TRANSFORMATION('','',#11,#19);
#3391 = PRODUCT_DEFINITION_SHAPE('Placement','Placement of an item',
  #3392);
#3392 = NEXT_ASSEMBLY_USAGE_OCCURRENCE('26','male_pins array','',#5,
  #3353,$);
#3393 = PRODUCT_RELATED_PRODUCT_CATEGORY('part',$,(#3355));
#3394 = SHAPE_DEFINITION_REPRESENTATION(#3395,#3401);
#3395 = PRODUCT_DEFINITION_SHAPE('','',#3396);
#3396 = PRODUCT_DEFINITION('design','',#3397,#3400);
#3397 = PRODUCT_DEFINITION_FORMATION('','',#3398);
#3398 = PRODUCT('Pin','Pin','',(#3399));
#3399 = PRODUCT_CONTEXT('',#2,'mechanical');
#3400 = PRODUCT_DEFINITION_CONTEXT('part definition',#2,'design');
#3401 = ADVANCED_BREP_SHAPE_REPRESENTATION('',(#11,#3402),#3744);
#3402 = MANIFOLD_SOLID_BREP('',#3403);
#3403 = CLOSED_SHELL('',(#3404,#3444,#3475,#3499,#3523,#3540,#3571,#3595
    ,#3619,#3636,#3667,#3691,#3715,#3732));
#3404 = ADVANCED_FACE('',(#3405),#3439,.F.);
#3405 = FACE_BOUND('',#3406,.F.);
#3406 = EDGE_LOOP('',(#3407,#3417,#3425,#3433));
#3407 = ORIENTED_EDGE('',*,*,#3408,.T.);
#3408 = EDGE_CURVE('',#3409,#3411,#3413,.T.);
#3409 = VERTEX_POINT('',#3410);
#3410 = CARTESIAN_POINT('',(-0.12,0.12,6.8));
#3411 = VERTEX_POINT('',#3412);
#3412 = CARTESIAN_POINT('',(0.12,0.12,6.8));
#3413 = LINE('',#3414,#3415);
#3414 = CARTESIAN_POINT('',(-0.32,0.12,6.8));
#3415 = VECTOR('',#3416,1.);
#3416 = DIRECTION('',(1.,0.,0.));
#3417 = ORIENTED_EDGE('',*,*,#3418,.T.);
#3418 = EDGE_CURVE('',#3411,#3419,#3421,.T.);
#3419 = VERTEX_POINT('',#3420);
#3420 = CARTESIAN_POINT('',(0.12,-0.12,6.8));
#3421 = LINE('',#3422,#3423);
#3422 = CARTESIAN_POINT('',(0.12,0.32,6.8));
#3423 = VECTOR('',#3424,1.);
#3424 = DIRECTION('',(0.,-1.,0.));
#3425 = ORIENTED_EDGE('',*,*,#3426,.F.);
#3426 = EDGE_CURVE('',#3427,#3419,#3429,.T.);
#3427 = VERTEX_POINT('',#3428);
#3428 = CARTESIAN_POINT('',(-0.12,-0.12,6.8));
#3429 = LINE('',#3430,#3431);
#3430 = CARTESIAN_POINT('',(-0.32,-0.12,6.8));
#3431 = VECTOR('',#3432,1.);
#3432 = DIRECTION('',(1.,0.,0.));
#3433 = ORIENTED_EDGE('',*,*,#3434,.F.);
#3434 = EDGE_CURVE('',#3409,#3427,#3435,.T.);
#3435 = LINE('',#3436,#3437);
#3436 = CARTESIAN_POINT('',(-0.12,0.32,6.8));
#3437 = VECTOR('',#3438,1.);
#3438 = DIRECTION('',(0.,-1.,0.));
#3439 = PLANE('',#3440);
#3440 = AXIS2_PLACEMENT_3D('',#3441,#3442,#3443);
#3441 = CARTESIAN_POINT('',(-0.32,0.32,6.8));
#3442 = DIRECTION('',(0.,0.,-1.));
#3443 = DIRECTION('',(0.,-1.,0.));
#3444 = ADVANCED_FACE('',(#3445),#3470,.T.);
#3445 = FACE_BOUND('',#3446,.T.);
#3446 = EDGE_LOOP('',(#3447,#3455,#3456,#3464));
#3447 = ORIENTED_EDGE('',*,*,#3448,.F.);
#3448 = EDGE_CURVE('',#3409,#3449,#3451,.T.);
#3449 = VERTEX_POINT('',#3450);
#3450 = CARTESIAN_POINT('',(-0.32,0.32,6.6));
#3451 = LINE('',#3452,#3453);
#3452 = CARTESIAN_POINT('',(-0.253333333333,0.253333333333,
    6.666666666667));
#3453 = VECTOR('',#3454,1.);
#3454 = DIRECTION('',(-0.57735026919,0.57735026919,-0.57735026919));
#3455 = ORIENTED_EDGE('',*,*,#3408,.T.);
#3456 = ORIENTED_EDGE('',*,*,#3457,.T.);
#3457 = EDGE_CURVE('',#3411,#3458,#3460,.T.);
#3458 = VERTEX_POINT('',#3459);
#3459 = CARTESIAN_POINT('',(0.32,0.32,6.6));
#3460 = LINE('',#3461,#3462);
#3461 = CARTESIAN_POINT('',(0.146666666667,0.146666666667,6.773333333333
    ));
#3462 = VECTOR('',#3463,1.);
#3463 = DIRECTION('',(0.57735026919,0.57735026919,-0.57735026919));
#3464 = ORIENTED_EDGE('',*,*,#3465,.F.);
#3465 = EDGE_CURVE('',#3449,#3458,#3466,.T.);
#3466 = LINE('',#3467,#3468);
#3467 = CARTESIAN_POINT('',(-0.32,0.32,6.6));
#3468 = VECTOR('',#3469,1.);
#3469 = DIRECTION('',(1.,0.,0.));
#3470 = PLANE('',#3471);
#3471 = AXIS2_PLACEMENT_3D('',#3472,#3473,#3474);
#3472 = CARTESIAN_POINT('',(-0.32,0.22,6.7));
#3473 = DIRECTION('',(0.,0.707106781187,0.707106781187));
#3474 = DIRECTION('',(1.,0.,-0.));
#3475 = ADVANCED_FACE('',(#3476),#3494,.T.);
#3476 = FACE_BOUND('',#3477,.F.);
#3477 = EDGE_LOOP('',(#3478,#3479,#3480,#3488));
#3478 = ORIENTED_EDGE('',*,*,#3448,.F.);
#3479 = ORIENTED_EDGE('',*,*,#3434,.T.);
#3480 = ORIENTED_EDGE('',*,*,#3481,.T.);
#3481 = EDGE_CURVE('',#3427,#3482,#3484,.T.);
#3482 = VERTEX_POINT('',#3483);
#3483 = CARTESIAN_POINT('',(-0.32,-0.32,6.6));
#3484 = LINE('',#3485,#3486);
#3485 = CARTESIAN_POINT('',(-0.146666666667,-0.146666666667,
    6.773333333333));
#3486 = VECTOR('',#3487,1.);
#3487 = DIRECTION('',(-0.57735026919,-0.57735026919,-0.57735026919));
#3488 = ORIENTED_EDGE('',*,*,#3489,.F.);
#3489 = EDGE_CURVE('',#3449,#3482,#3490,.T.);
#3490 = LINE('',#3491,#3492);
#3491 = CARTESIAN_POINT('',(-0.32,0.32,6.6));
#3492 = VECTOR('',#3493,1.);
#3493 = DIRECTION('',(0.,-1.,0.));
#3494 = PLANE('',#3495);
#3495 = AXIS2_PLACEMENT_3D('',#3496,#3497,#3498);
#3496 = CARTESIAN_POINT('',(-0.22,0.32,6.7));
#3497 = DIRECTION('',(-0.707106781187,0.,0.707106781187));
#3498 = DIRECTION('',(0.,1.,-0.));
#3499 = ADVANCED_FACE('',(#3500),#3518,.F.);
#3500 = FACE_BOUND('',#3501,.T.);
#3501 = EDGE_LOOP('',(#3502,#3503,#3504,#3512));
#3502 = ORIENTED_EDGE('',*,*,#3457,.F.);
#3503 = ORIENTED_EDGE('',*,*,#3418,.T.);
#3504 = ORIENTED_EDGE('',*,*,#3505,.T.);
#3505 = EDGE_CURVE('',#3419,#3506,#3508,.T.);
#3506 = VERTEX_POINT('',#3507);
#3507 = CARTESIAN_POINT('',(0.32,-0.32,6.6));
#3508 = LINE('',#3509,#3510);
#3509 = CARTESIAN_POINT('',(4.E-02,-4.E-02,6.88));
#3510 = VECTOR('',#3511,1.);
#3511 = DIRECTION('',(0.57735026919,-0.57735026919,-0.57735026919));
#3512 = ORIENTED_EDGE('',*,*,#3513,.F.);
#3513 = EDGE_CURVE('',#3458,#3506,#3514,.T.);
#3514 = LINE('',#3515,#3516);
#3515 = CARTESIAN_POINT('',(0.32,0.32,6.6));
#3516 = VECTOR('',#3517,1.);
#3517 = DIRECTION('',(0.,-1.,0.));
#3518 = PLANE('',#3519);
#3519 = AXIS2_PLACEMENT_3D('',#3520,#3521,#3522);
#3520 = CARTESIAN_POINT('',(0.22,0.32,6.7));
#3521 = DIRECTION('',(-0.707106781187,-0.,-0.707106781187));
#3522 = DIRECTION('',(-0.,1.,-0.));
#3523 = ADVANCED_FACE('',(#3524),#3535,.T.);
#3524 = FACE_BOUND('',#3525,.F.);
#3525 = EDGE_LOOP('',(#3526,#3527,#3528,#3529));
#3526 = ORIENTED_EDGE('',*,*,#3481,.F.);
#3527 = ORIENTED_EDGE('',*,*,#3426,.T.);
#3528 = ORIENTED_EDGE('',*,*,#3505,.T.);
#3529 = ORIENTED_EDGE('',*,*,#3530,.F.);
#3530 = EDGE_CURVE('',#3482,#3506,#3531,.T.);
#3531 = LINE('',#3532,#3533);
#3532 = CARTESIAN_POINT('',(-0.32,-0.32,6.6));
#3533 = VECTOR('',#3534,1.);
#3534 = DIRECTION('',(1.,0.,0.));
#3535 = PLANE('',#3536);
#3536 = AXIS2_PLACEMENT_3D('',#3537,#3538,#3539);
#3537 = CARTESIAN_POINT('',(-0.32,-0.22,6.7));
#3538 = DIRECTION('',(-0.,-0.707106781187,0.707106781187));
#3539 = DIRECTION('',(-1.,-0.,-0.));
#3540 = ADVANCED_FACE('',(#3541),#3566,.F.);
#3541 = FACE_BOUND('',#3542,.F.);
#3542 = EDGE_LOOP('',(#3543,#3551,#3559,#3565));
#3543 = ORIENTED_EDGE('',*,*,#3544,.F.);
#3544 = EDGE_CURVE('',#3545,#3449,#3547,.T.);
#3545 = VERTEX_POINT('',#3546);
#3546 = CARTESIAN_POINT('',(-0.32,0.32,-3.2));
#3547 = LINE('',#3548,#3549);
#3548 = CARTESIAN_POINT('',(-0.32,0.32,-3.4));
#3549 = VECTOR('',#3550,1.);
#3550 = DIRECTION('',(0.,0.,1.));
#3551 = ORIENTED_EDGE('',*,*,#3552,.T.);
#3552 = EDGE_CURVE('',#3545,#3553,#3555,.T.);
#3553 = VERTEX_POINT('',#3554);
#3554 = CARTESIAN_POINT('',(0.32,0.32,-3.2));
#3555 = LINE('',#3556,#3557);
#3556 = CARTESIAN_POINT('',(-0.32,0.32,-3.2));
#3557 = VECTOR('',#3558,1.);
#3558 = DIRECTION('',(1.,0.,0.));
#3559 = ORIENTED_EDGE('',*,*,#3560,.T.);
#3560 = EDGE_CURVE('',#3553,#3458,#3561,.T.);
#3561 = LINE('',#3562,#3563);
#3562 = CARTESIAN_POINT('',(0.32,0.32,-3.4));
#3563 = VECTOR('',#3564,1.);
#3564 = DIRECTION('',(0.,0.,1.));
#3565 = ORIENTED_EDGE('',*,*,#3465,.F.);
#3566 = PLANE('',#3567);
#3567 = AXIS2_PLACEMENT_3D('',#3568,#3569,#3570);
#3568 = CARTESIAN_POINT('',(-0.32,0.32,-3.4));
#3569 = DIRECTION('',(0.,-1.,0.));
#3570 = DIRECTION('',(0.,0.,1.));
#3571 = ADVANCED_FACE('',(#3572),#3590,.F.);
#3572 = FACE_BOUND('',#3573,.F.);
#3573 = EDGE_LOOP('',(#3574,#3582,#3588,#3589));
#3574 = ORIENTED_EDGE('',*,*,#3575,.T.);
#3575 = EDGE_CURVE('',#3482,#3576,#3578,.T.);
#3576 = VERTEX_POINT('',#3577);
#3577 = CARTESIAN_POINT('',(-0.32,-0.32,-3.2));
#3578 = LINE('',#3579,#3580);
#3579 = CARTESIAN_POINT('',(-0.32,-0.32,6.8));
#3580 = VECTOR('',#3581,1.);
#3581 = DIRECTION('',(0.,0.,-1.));
#3582 = ORIENTED_EDGE('',*,*,#3583,.T.);
#3583 = EDGE_CURVE('',#3576,#3545,#3584,.T.);
#3584 = LINE('',#3585,#3586);
#3585 = CARTESIAN_POINT('',(-0.32,-0.32,-3.2));
#3586 = VECTOR('',#3587,1.);
#3587 = DIRECTION('',(0.,1.,0.));
#3588 = ORIENTED_EDGE('',*,*,#3544,.T.);
#3589 = ORIENTED_EDGE('',*,*,#3489,.T.);
#3590 = PLANE('',#3591);
#3591 = AXIS2_PLACEMENT_3D('',#3592,#3593,#3594);
#3592 = CARTESIAN_POINT('',(-0.32,0.,1.7));
#3593 = DIRECTION('',(1.,0.,0.));
#3594 = DIRECTION('',(0.,0.,1.));
#3595 = ADVANCED_FACE('',(#3596),#3614,.T.);
#3596 = FACE_BOUND('',#3597,.T.);
#3597 = EDGE_LOOP('',(#3598,#3606,#3612,#3613));
#3598 = ORIENTED_EDGE('',*,*,#3599,.T.);
#3599 = EDGE_CURVE('',#3506,#3600,#3602,.T.);
#3600 = VERTEX_POINT('',#3601);
#3601 = CARTESIAN_POINT('',(0.32,-0.32,-3.2));
#3602 = LINE('',#3603,#3604);
#3603 = CARTESIAN_POINT('',(0.32,-0.32,6.8));
#3604 = VECTOR('',#3605,1.);
#3605 = DIRECTION('',(0.,0.,-1.));
#3606 = ORIENTED_EDGE('',*,*,#3607,.T.);
#3607 = EDGE_CURVE('',#3600,#3553,#3608,.T.);
#3608 = LINE('',#3609,#3610);
#3609 = CARTESIAN_POINT('',(0.32,-0.32,-3.2));
#3610 = VECTOR('',#3611,1.);
#3611 = DIRECTION('',(0.,1.,0.));
#3612 = ORIENTED_EDGE('',*,*,#3560,.T.);
#3613 = ORIENTED_EDGE('',*,*,#3513,.T.);
#3614 = PLANE('',#3615);
#3615 = AXIS2_PLACEMENT_3D('',#3616,#3617,#3618);
#3616 = CARTESIAN_POINT('',(0.32,0.,1.7));
#3617 = DIRECTION('',(1.,0.,0.));
#3618 = DIRECTION('',(0.,0.,1.));
#3619 = ADVANCED_FACE('',(#3620),#3631,.F.);
#3620 = FACE_BOUND('',#3621,.F.);
#3621 = EDGE_LOOP('',(#3622,#3623,#3624,#3625));
#3622 = ORIENTED_EDGE('',*,*,#3575,.F.);
#3623 = ORIENTED_EDGE('',*,*,#3530,.T.);
#3624 = ORIENTED_EDGE('',*,*,#3599,.T.);
#3625 = ORIENTED_EDGE('',*,*,#3626,.F.);
#3626 = EDGE_CURVE('',#3576,#3600,#3627,.T.);
#3627 = LINE('',#3628,#3629);
#3628 = CARTESIAN_POINT('',(-0.32,-0.32,-3.2));
#3629 = VECTOR('',#3630,1.);
#3630 = DIRECTION('',(1.,0.,0.));
#3631 = PLANE('',#3632);
#3632 = AXIS2_PLACEMENT_3D('',#3633,#3634,#3635);
#3633 = CARTESIAN_POINT('',(-0.32,-0.32,6.8));
#3634 = DIRECTION('',(0.,1.,0.));
#3635 = DIRECTION('',(0.,0.,-1.));
#3636 = ADVANCED_FACE('',(#3637),#3662,.T.);
#3637 = FACE_BOUND('',#3638,.F.);
#3638 = EDGE_LOOP('',(#3639,#3647,#3655,#3661));
#3639 = ORIENTED_EDGE('',*,*,#3640,.F.);
#3640 = EDGE_CURVE('',#3641,#3545,#3643,.T.);
#3641 = VERTEX_POINT('',#3642);
#3642 = CARTESIAN_POINT('',(-0.12,0.12,-3.4));
#3643 = LINE('',#3644,#3645);
#3644 = CARTESIAN_POINT('',(-0.146666666667,0.146666666667,
    -3.373333333333));
#3645 = VECTOR('',#3646,1.);
#3646 = DIRECTION('',(-0.57735026919,0.57735026919,0.57735026919));
#3647 = ORIENTED_EDGE('',*,*,#3648,.T.);
#3648 = EDGE_CURVE('',#3641,#3649,#3651,.T.);
#3649 = VERTEX_POINT('',#3650);
#3650 = CARTESIAN_POINT('',(0.12,0.12,-3.4));
#3651 = LINE('',#3652,#3653);
#3652 = CARTESIAN_POINT('',(-0.32,0.12,-3.4));
#3653 = VECTOR('',#3654,1.);
#3654 = DIRECTION('',(1.,0.,0.));
#3655 = ORIENTED_EDGE('',*,*,#3656,.T.);
#3656 = EDGE_CURVE('',#3649,#3553,#3657,.T.);
#3657 = LINE('',#3658,#3659);
#3658 = CARTESIAN_POINT('',(4.E-02,4.E-02,-3.48));
#3659 = VECTOR('',#3660,1.);
#3660 = DIRECTION('',(0.57735026919,0.57735026919,0.57735026919));
#3661 = ORIENTED_EDGE('',*,*,#3552,.F.);
#3662 = PLANE('',#3663);
#3663 = AXIS2_PLACEMENT_3D('',#3664,#3665,#3666);
#3664 = CARTESIAN_POINT('',(-0.32,0.22,-3.3));
#3665 = DIRECTION('',(-0.,0.707106781187,-0.707106781187));
#3666 = DIRECTION('',(-1.,-0.,0.));
#3667 = ADVANCED_FACE('',(#3668),#3686,.T.);
#3668 = FACE_BOUND('',#3669,.F.);
#3669 = EDGE_LOOP('',(#3670,#3678,#3684,#3685));
#3670 = ORIENTED_EDGE('',*,*,#3671,.T.);
#3671 = EDGE_CURVE('',#3576,#3672,#3674,.T.);
#3672 = VERTEX_POINT('',#3673);
#3673 = CARTESIAN_POINT('',(-0.12,-0.12,-3.4));
#3674 = LINE('',#3675,#3676);
#3675 = CARTESIAN_POINT('',(-0.253333333333,-0.253333333333,
    -3.266666666667));
#3676 = VECTOR('',#3677,1.);
#3677 = DIRECTION('',(0.57735026919,0.57735026919,-0.57735026919));
#3678 = ORIENTED_EDGE('',*,*,#3679,.T.);
#3679 = EDGE_CURVE('',#3672,#3641,#3680,.T.);
#3680 = LINE('',#3681,#3682);
#3681 = CARTESIAN_POINT('',(-0.12,-0.32,-3.4));
#3682 = VECTOR('',#3683,1.);
#3683 = DIRECTION('',(0.,1.,0.));
#3684 = ORIENTED_EDGE('',*,*,#3640,.T.);
#3685 = ORIENTED_EDGE('',*,*,#3583,.F.);
#3686 = PLANE('',#3687);
#3687 = AXIS2_PLACEMENT_3D('',#3688,#3689,#3690);
#3688 = CARTESIAN_POINT('',(-0.22,-0.32,-3.3));
#3689 = DIRECTION('',(-0.707106781187,-0.,-0.707106781187));
#3690 = DIRECTION('',(-0.,-1.,0.));
#3691 = ADVANCED_FACE('',(#3692),#3710,.F.);
#3692 = FACE_BOUND('',#3693,.T.);
#3693 = EDGE_LOOP('',(#3694,#3702,#3708,#3709));
#3694 = ORIENTED_EDGE('',*,*,#3695,.T.);
#3695 = EDGE_CURVE('',#3600,#3696,#3698,.T.);
#3696 = VERTEX_POINT('',#3697);
#3697 = CARTESIAN_POINT('',(0.12,-0.12,-3.4));
#3698 = LINE('',#3699,#3700);
#3699 = CARTESIAN_POINT('',(0.146666666667,-0.146666666667,
    -3.373333333333));
#3700 = VECTOR('',#3701,1.);
#3701 = DIRECTION('',(-0.57735026919,0.57735026919,-0.57735026919));
#3702 = ORIENTED_EDGE('',*,*,#3703,.T.);
#3703 = EDGE_CURVE('',#3696,#3649,#3704,.T.);
#3704 = LINE('',#3705,#3706);
#3705 = CARTESIAN_POINT('',(0.12,-0.32,-3.4));
#3706 = VECTOR('',#3707,1.);
#3707 = DIRECTION('',(0.,1.,0.));
#3708 = ORIENTED_EDGE('',*,*,#3656,.T.);
#3709 = ORIENTED_EDGE('',*,*,#3607,.F.);
#3710 = PLANE('',#3711);
#3711 = AXIS2_PLACEMENT_3D('',#3712,#3713,#3714);
#3712 = CARTESIAN_POINT('',(0.22,-0.32,-3.3));
#3713 = DIRECTION('',(-0.707106781187,0.,0.707106781187));
#3714 = DIRECTION('',(-0.,-1.,0.));
#3715 = ADVANCED_FACE('',(#3716),#3727,.T.);
#3716 = FACE_BOUND('',#3717,.F.);
#3717 = EDGE_LOOP('',(#3718,#3719,#3720,#3721));
#3718 = ORIENTED_EDGE('',*,*,#3671,.F.);
#3719 = ORIENTED_EDGE('',*,*,#3626,.T.);
#3720 = ORIENTED_EDGE('',*,*,#3695,.T.);
#3721 = ORIENTED_EDGE('',*,*,#3722,.F.);
#3722 = EDGE_CURVE('',#3672,#3696,#3723,.T.);
#3723 = LINE('',#3724,#3725);
#3724 = CARTESIAN_POINT('',(-0.32,-0.12,-3.4));
#3725 = VECTOR('',#3726,1.);
#3726 = DIRECTION('',(1.,0.,0.));
#3727 = PLANE('',#3728);
#3728 = AXIS2_PLACEMENT_3D('',#3729,#3730,#3731);
#3729 = CARTESIAN_POINT('',(-0.32,-0.22,-3.3));
#3730 = DIRECTION('',(0.,-0.707106781187,-0.707106781187));
#3731 = DIRECTION('',(-1.,-0.,-0.));
#3732 = ADVANCED_FACE('',(#3733),#3739,.F.);
#3733 = FACE_BOUND('',#3734,.F.);
#3734 = EDGE_LOOP('',(#3735,#3736,#3737,#3738));
#3735 = ORIENTED_EDGE('',*,*,#3722,.T.);
#3736 = ORIENTED_EDGE('',*,*,#3703,.T.);
#3737 = ORIENTED_EDGE('',*,*,#3648,.F.);
#3738 = ORIENTED_EDGE('',*,*,#3679,.F.);
#3739 = PLANE('',#3740);
#3740 = AXIS2_PLACEMENT_3D('',#3741,#3742,#3743);
#3741 = CARTESIAN_POINT('',(-0.32,-0.32,-3.4));
#3742 = DIRECTION('',(0.,0.,1.));
#3743 = DIRECTION('',(0.,1.,0.));
#3744 = ( GEOMETRIC_REPRESENTATION_CONTEXT(3) 
GLOBAL_UNCERTAINTY_ASSIGNED_CONTEXT((#3748)) 
GLOBAL_UNIT_ASSIGNED_CONTEXT((#3745,#3746,#3747)) REPRESENTATION_CONTEXT
('Context #1','3D Context with UNIT and UNCERTAINTY') );
#3745 = ( LENGTH_UNIT() NAMED_UNIT(*) SI_UNIT(.MILLI.,.METRE.) );
#3746 = ( NAMED_UNIT(*) PLANE_ANGLE_UNIT() SI_UNIT($,.RADIAN.) );
#3747 = ( NAMED_UNIT(*) SI_UNIT($,.STERADIAN.) SOLID_ANGLE_UNIT() );
#3748 = UNCERTAINTY_MEASURE_WITH_UNIT(LENGTH_MEASURE(1.E-07),#3745,
  'distance_accuracy_value','confusion accuracy');
#3749 = CONTEXT_DEPENDENT_SHAPE_REPRESENTATION(#3750,#3752);
#3750 = ( REPRESENTATION_RELATIONSHIP('','',#3401,#3358) 
REPRESENTATION_RELATIONSHIP_WITH_TRANSFORMATION(#3751) 
SHAPE_REPRESENTATION_RELATIONSHIP() );
#3751 = ITEM_DEFINED_TRANSFORMATION('','',#11,#3359);
#3752 = PRODUCT_DEFINITION_SHAPE('Placement','Placement of an item',
  #3753);
#3753 = NEXT_ASSEMBLY_USAGE_OCCURRENCE('20','0','',#3353,#3396,$);
#3754 = PRODUCT_RELATED_PRODUCT_CATEGORY('part',$,(#3398));
#3755 = CONTEXT_DEPENDENT_SHAPE_REPRESENTATION(#3756,#3758);
#3756 = ( REPRESENTATION_RELATIONSHIP('','',#3401,#3358) 
REPRESENTATION_RELATIONSHIP_WITH_TRANSFORMATION(#3757) 
SHAPE_REPRESENTATION_RELATIONSHIP() );
#3757 = ITEM_DEFINED_TRANSFORMATION('','',#11,#3363);
#3758 = PRODUCT_DEFINITION_SHAPE('Placement','Placement of an item',
  #3759);
#3759 = NEXT_ASSEMBLY_USAGE_OCCURRENCE('21','1','',#3353,#3396,$);
#3760 = CONTEXT_DEPENDENT_SHAPE_REPRESENTATION(#3761,#3763);
#3761 = ( REPRESENTATION_RELATIONSHIP('','',#3401,#3358) 
REPRESENTATION_RELATIONSHIP_WITH_TRANSFORMATION(#3762) 
SHAPE_REPRESENTATION_RELATIONSHIP() );
#3762 = ITEM_DEFINED_TRANSFORMATION('','',#11,#3367);
#3763 = PRODUCT_DEFINITION_SHAPE('Placement','Placement of an item',
  #3764);
#3764 = NEXT_ASSEMBLY_USAGE_OCCURRENCE('22','2','',#3353,#3396,$);
#3765 = CONTEXT_DEPENDENT_SHAPE_REPRESENTATION(#3766,#3768);
#3766 = ( REPRESENTATION_RELATIONSHIP('','',#3401,#3358) 
REPRESENTATION_RELATIONSHIP_WITH_TRANSFORMATION(#3767) 
SHAPE_REPRESENTATION_RELATIONSHIP() );
#3767 = ITEM_DEFINED_TRANSFORMATION('','',#11,#3371);
#3768 = PRODUCT_DEFINITION_SHAPE('Placement','Placement of an item',
  #3769);
#3769 = NEXT_ASSEMBLY_USAGE_OCCURRENCE('23','3','',#3353,#3396,$);
#3770 = CONTEXT_DEPENDENT_SHAPE_REPRESENTATION(#3771,#3773);
#3771 = ( REPRESENTATION_RELATIONSHIP('','',#3401,#3358) 
REPRESENTATION_RELATIONSHIP_WITH_TRANSFORMATION(#3772) 
SHAPE_REPRESENTATION_RELATIONSHIP() );
#3772 = ITEM_DEFINED_TRANSFORMATION('','',#11,#3375);
#3773 = PRODUCT_DEFINITION_SHAPE('Placement','Placement of an item',
  #3774);
#3774 = NEXT_ASSEMBLY_USAGE_OCCURRENCE('24','4','',#3353,#3396,$);
#3775 = CONTEXT_DEPENDENT_SHAPE_REPRESENTATION(#3776,#3778);
#3776 = ( REPRESENTATION_RELATIONSHIP('','',#3401,#3358) 
REPRESENTATION_RELATIONSHIP_WITH_TRANSFORMATION(#3777) 
SHAPE_REPRESENTATION_RELATIONSHIP() );
#3777 = ITEM_DEFINED_TRANSFORMATION('','',#11,#3379);
#3778 = PRODUCT_DEFINITION_SHAPE('Placement','Placement of an item',
  #3779);
#3779 = NEXT_ASSEMBLY_USAGE_OCCURRENCE('25','5','',#3353,#3396,$);
#3780 = MECHANICAL_DESIGN_GEOMETRIC_PRESENTATION_REPRESENTATION('',(
    #3781),#3340);
#3781 = STYLED_ITEM('color',(#3782),#37);
#3782 = PRESENTATION_STYLE_ASSIGNMENT((#3783,#3789));
#3783 = SURFACE_STYLE_USAGE(.BOTH.,#3784);
#3784 = SURFACE_SIDE_STYLE('',(#3785));
#3785 = SURFACE_STYLE_FILL_AREA(#3786);
#3786 = FILL_AREA_STYLE('',(#3787));
#3787 = FILL_AREA_STYLE_COLOUR('',#3788);
#3788 = DRAUGHTING_PRE_DEFINED_COLOUR('white');
#3789 = CURVE_STYLE('',#3790,POSITIVE_LENGTH_MEASURE(0.1),#3791);
#3790 = DRAUGHTING_PRE_DEFINED_CURVE_FONT('continuous');
#3791 = COLOUR_RGB('',9.803921802644E-02,9.803921802644E-02,
  9.803921802644E-02);
#3792 = MECHANICAL_DESIGN_GEOMETRIC_PRESENTATION_REPRESENTATION('',(
    #3793),#3744);
#3793 = STYLED_ITEM('color',(#3794),#3402);
#3794 = PRESENTATION_STYLE_ASSIGNMENT((#3795,#3801));
#3795 = SURFACE_STYLE_USAGE(.BOTH.,#3796);
#3796 = SURFACE_SIDE_STYLE('',(#3797));
#3797 = SURFACE_STYLE_FILL_AREA(#3798);
#3798 = FILL_AREA_STYLE('',(#3799));
#3799 = FILL_AREA_STYLE_COLOUR('',#3800);
#3800 = COLOUR_RGB('',0.399999997426,0.274509816483,0.);
#3801 = CURVE_STYLE('',#3802,POSITIVE_LENGTH_MEASURE(0.1),#3791);
#3802 = DRAUGHTING_PRE_DEFINED_CURVE_FONT('continuous');
ENDSEC;
END-ISO-10303-21;
