ISO-10303-21;
HEADER;
FILE_DESCRIPTION(('FreeCAD Model'),'2;1');
FILE_NAME('Open CASCADE Shape Model','2026-06-29T20:56:13',(''),(''),
  'Open CASCADE STEP processor 7.8','FreeCAD','Unknown');
FILE_SCHEMA(('AUTOMOTIVE_DESIGN { 1 0 10303 214 1 1 1 1 }'));
ENDSEC;
DATA;
#1 = APPLICATION_PROTOCOL_DEFINITION('international standard',
  'automotive_design',2000,#2);
#2 = APPLICATION_CONTEXT(
  'core data for automotive mechanical design processes');
#3 = SHAPE_DEFINITION_REPRESENTATION(#4,#10);
#4 = PRODUCT_DEFINITION_SHAPE('','',#5);
#5 = PRODUCT_DEFINITION('design','',#6,#9);
#6 = PRODUCT_DEFINITION_FORMATION('','',#7);
#7 = PRODUCT('XH_top_entry','XH_top_entry','',(#8));
#8 = PRODUCT_CONTEXT('',#2,'mechanical');
#9 = PRODUCT_DEFINITION_CONTEXT('part definition',#2,'design');
#10 = SHAPE_REPRESENTATION('',(#11,#15,#19),#23);
#11 = AXIS2_PLACEMENT_3D('',#12,#13,#14);
#12 = CARTESIAN_POINT('',(0.,0.,0.));
#13 = DIRECTION('',(0.,0.,1.));
#14 = DIRECTION('',(1.,0.,-0.));
#15 = AXIS2_PLACEMENT_3D('',#16,#17,#18);
#16 = CARTESIAN_POINT('',(10.,0.,0.));
#17 = DIRECTION('',(0.,0.,1.));
#18 = DIRECTION('',(-1.,1.224646799147E-16,0.));
#19 = AXIS2_PLACEMENT_3D('',#20,#21,#22);
#20 = CARTESIAN_POINT('',(0.,0.,0.));
#21 = DIRECTION('',(0.,0.,1.));
#22 = DIRECTION('',(1.,0.,0.));
#23 = ( GEOMETRIC_REPRESENTATION_CONTEXT(3) 
GLOBAL_UNCERTAINTY_ASSIGNED_CONTEXT((#27)) GLOBAL_UNIT_ASSIGNED_CONTEXT(
(#24,#25,#26)) REPRESENTATION_CONTEXT('Context #1',
  '3D Context with UNIT and UNCERTAINTY') );
#24 = ( LENGTH_UNIT() NAMED_UNIT(*) SI_UNIT(.MILLI.,.METRE.) );
#25 = ( NAMED_UNIT(*) PLANE_ANGLE_UNIT() SI_UNIT($,.RADIAN.) );
#26 = ( NAMED_UNIT(*) SI_UNIT($,.STERADIAN.) SOLID_ANGLE_UNIT() );
#27 = UNCERTAINTY_MEASURE_WITH_UNIT(LENGTH_MEASURE(2.E-06),#24,
  'distance_accuracy_value','confusion accuracy');
#28 = PRODUCT_RELATED_PRODUCT_CATEGORY('part',$,(#7));
#29 = SHAPE_DEFINITION_REPRESENTATION(#30,#36);
#30 = PRODUCT_DEFINITION_SHAPE('','',#31);
#31 = PRODUCT_DEFINITION('design','',#32,#35);
#32 = PRODUCT_DEFINITION_FORMATION('','',#33);
#33 = PRODUCT('Top_entry_base','Top_entry_base','',(#34));
#34 = PRODUCT_CONTEXT('',#2,'mechanical');
#35 = PRODUCT_DEFINITION_CONTEXT('part definition',#2,'design');
#36 = ADVANCED_BREP_SHAPE_REPRESENTATION('',(#11,#37),#3006);
#37 = MANIFOLD_SOLID_BREP('',#38);
#38 = CLOSED_SHELL('',(#39,#129,#168,#192,#249,#273,#298,#322,#506,#538,
    #563,#613,#686,#703,#728,#1033,#1064,#1076,#1100,#1166,#1184,#1217,
    #1241,#1272,#1289,#1322,#1355,#1379,#1403,#1434,#1465,#1482,#1499,
    #1532,#1565,#1589,#1613,#1644,#1675,#1687,#1704,#1735,#1747,#1764,
    #1781,#1919,#2101,#2118,#2135,#2152,#2169,#2186,#2203,#2220,#2237,
    #2254,#2271,#2288,#2305,#2322,#2339,#2356,#2373,#2390,#2407,#2424,
    #2436,#2482,#2528,#2574,#2620,#2666,#2688,#2705,#2722,#2734,#2756,
    #2773,#2790,#2802,#2824,#2841,#2858,#2870,#2892,#2909,#2926,#2938,
    #2960,#2977,#2994));
#39 = ADVANCED_FACE('',(#40),#124,.T.);
#40 = FACE_BOUND('',#41,.T.);
#41 = EDGE_LOOP('',(#42,#52,#60,#68,#76,#84,#92,#101,#109,#118));
#42 = ORIENTED_EDGE('',*,*,#43,.T.);
#43 = EDGE_CURVE('',#44,#46,#48,.T.);
#44 = VERTEX_POINT('',#45);
#45 = CARTESIAN_POINT('',(-2.45,-0.7,7.));
#46 = VERTEX_POINT('',#47);
#47 = CARTESIAN_POINT('',(-2.,-0.7,7.));
#48 = LINE('',#49,#50);
#49 = CARTESIAN_POINT('',(-5.,-0.7,7.));
#50 = VECTOR('',#51,1.);
#51 = DIRECTION('',(1.,0.,0.));
#52 = ORIENTED_EDGE('',*,*,#53,.F.);
#53 = EDGE_CURVE('',#54,#46,#56,.T.);
#54 = VERTEX_POINT('',#55);
#55 = CARTESIAN_POINT('',(-2.,2.95,7.));
#56 = LINE('',#57,#58);
#57 = CARTESIAN_POINT('',(-2.,2.65,7.));
#58 = VECTOR('',#59,1.);
#59 = DIRECTION('',(0.,-1.,0.));
#60 = ORIENTED_EDGE('',*,*,#61,.T.);
#61 = EDGE_CURVE('',#54,#62,#64,.T.);
#62 = VERTEX_POINT('',#63);
#63 = CARTESIAN_POINT('',(12.,2.95,7.));
#64 = LINE('',#65,#66);
#65 = CARTESIAN_POINT('',(-1.7,2.95,7.));
#66 = VECTOR('',#67,1.);
#67 = DIRECTION('',(1.,0.,0.));
#68 = ORIENTED_EDGE('',*,*,#69,.T.);
#69 = EDGE_CURVE('',#62,#70,#72,.T.);
#70 = VERTEX_POINT('',#71);
#71 = CARTESIAN_POINT('',(12.,-0.7,7.));
#72 = LINE('',#73,#74);
#73 = CARTESIAN_POINT('',(12.,2.65,7.));
#74 = VECTOR('',#75,1.);
#75 = DIRECTION('',(0.,-1.,0.));
#76 = ORIENTED_EDGE('',*,*,#77,.T.);
#77 = EDGE_CURVE('',#70,#78,#80,.T.);
#78 = VERTEX_POINT('',#79);
#79 = CARTESIAN_POINT('',(12.45,-0.7,7.));
#80 = LINE('',#81,#82);
#81 = CARTESIAN_POINT('',(-5.,-0.7,7.));
#82 = VECTOR('',#83,1.);
#83 = DIRECTION('',(1.,0.,0.));
#84 = ORIENTED_EDGE('',*,*,#85,.T.);
#85 = EDGE_CURVE('',#78,#86,#88,.T.);
#86 = VERTEX_POINT('',#87);
#87 = CARTESIAN_POINT('',(12.45,2.9,7.));
#88 = LINE('',#89,#90);
#89 = CARTESIAN_POINT('',(12.45,-2.35,7.));
#90 = VECTOR('',#91,1.);
#91 = DIRECTION('',(0.,1.,0.));
#92 = ORIENTED_EDGE('',*,*,#93,.T.);
#93 = EDGE_CURVE('',#86,#94,#96,.T.);
#94 = VERTEX_POINT('',#95);
#95 = CARTESIAN_POINT('',(11.95,3.4,7.));
#96 = CIRCLE('',#97,0.5);
#97 = AXIS2_PLACEMENT_3D('',#98,#99,#100);
#98 = CARTESIAN_POINT('',(11.95,2.9,7.));
#99 = DIRECTION('',(-0.,0.,1.));
#100 = DIRECTION('',(0.,-1.,0.));
#101 = ORIENTED_EDGE('',*,*,#102,.T.);
#102 = EDGE_CURVE('',#94,#103,#105,.T.);
#103 = VERTEX_POINT('',#104);
#104 = CARTESIAN_POINT('',(-1.95,3.4,7.));
#105 = LINE('',#106,#107);
#106 = CARTESIAN_POINT('',(12.45,3.4,7.));
#107 = VECTOR('',#108,1.);
#108 = DIRECTION('',(-1.,0.,0.));
#109 = ORIENTED_EDGE('',*,*,#110,.F.);
#110 = EDGE_CURVE('',#111,#103,#113,.T.);
#111 = VERTEX_POINT('',#112);
#112 = CARTESIAN_POINT('',(-2.45,2.9,7.));
#113 = CIRCLE('',#114,0.5);
#114 = AXIS2_PLACEMENT_3D('',#115,#116,#117);
#115 = CARTESIAN_POINT('',(-1.95,2.9,7.));
#116 = DIRECTION('',(-0.,-0.,-1.));
#117 = DIRECTION('',(0.,-1.,0.));
#118 = ORIENTED_EDGE('',*,*,#119,.T.);
#119 = EDGE_CURVE('',#111,#44,#120,.T.);
#120 = LINE('',#121,#122);
#121 = CARTESIAN_POINT('',(-2.45,3.4,7.));
#122 = VECTOR('',#123,1.);
#123 = DIRECTION('',(0.,-1.,0.));
#124 = PLANE('',#125);
#125 = AXIS2_PLACEMENT_3D('',#126,#127,#128);
#126 = CARTESIAN_POINT('',(5.,0.525,7.));
#127 = DIRECTION('',(0.,0.,1.));
#128 = DIRECTION('',(1.,0.,0.));
#129 = ADVANCED_FACE('',(#130),#163,.T.);
#130 = FACE_BOUND('',#131,.T.);
#131 = EDGE_LOOP('',(#132,#133,#141,#149,#157));
#132 = ORIENTED_EDGE('',*,*,#43,.F.);
#133 = ORIENTED_EDGE('',*,*,#134,.T.);
#134 = EDGE_CURVE('',#44,#135,#137,.T.);
#135 = VERTEX_POINT('',#136);
#136 = CARTESIAN_POINT('',(-2.45,-0.7,3.9));
#137 = LINE('',#138,#139);
#138 = CARTESIAN_POINT('',(-2.45,-0.7,1.95));
#139 = VECTOR('',#140,1.);
#140 = DIRECTION('',(0.,0.,-1.));
#141 = ORIENTED_EDGE('',*,*,#142,.T.);
#142 = EDGE_CURVE('',#135,#143,#145,.T.);
#143 = VERTEX_POINT('',#144);
#144 = CARTESIAN_POINT('',(-1.7,-0.7,3.9));
#145 = LINE('',#146,#147);
#146 = CARTESIAN_POINT('',(-5.,-0.7,3.9));
#147 = VECTOR('',#148,1.);
#148 = DIRECTION('',(1.,0.,0.));
#149 = ORIENTED_EDGE('',*,*,#150,.F.);
#150 = EDGE_CURVE('',#151,#143,#153,.T.);
#151 = VERTEX_POINT('',#152);
#152 = CARTESIAN_POINT('',(-1.7,-0.7,6.5));
#153 = LINE('',#154,#155);
#154 = CARTESIAN_POINT('',(-1.7,-0.7,4.067949337881));
#155 = VECTOR('',#156,1.);
#156 = DIRECTION('',(0.,0.,-1.));
#157 = ORIENTED_EDGE('',*,*,#158,.F.);
#158 = EDGE_CURVE('',#46,#151,#159,.T.);
#159 = LINE('',#160,#161);
#160 = CARTESIAN_POINT('',(-1.638235294118,-0.7,6.397058823529));
#161 = VECTOR('',#162,1.);
#162 = DIRECTION('',(0.514495755428,0.,-0.857492925713));
#163 = PLANE('',#164);
#164 = AXIS2_PLACEMENT_3D('',#165,#166,#167);
#165 = CARTESIAN_POINT('',(-5.,-0.7,3.9));
#166 = DIRECTION('',(0.,-1.,0.));
#167 = DIRECTION('',(0.,0.,1.));
#168 = ADVANCED_FACE('',(#169),#187,.T.);
#169 = FACE_BOUND('',#170,.T.);
#170 = EDGE_LOOP('',(#171,#179,#180,#181));
#171 = ORIENTED_EDGE('',*,*,#172,.F.);
#172 = EDGE_CURVE('',#54,#173,#175,.T.);
#173 = VERTEX_POINT('',#174);
#174 = CARTESIAN_POINT('',(-1.7,2.65,6.5));
#175 = LINE('',#176,#177);
#176 = CARTESIAN_POINT('',(-1.818604651163,2.768604651163,6.697674418605
    ));
#177 = VECTOR('',#178,1.);
#178 = DIRECTION('',(0.457495710998,-0.457495710998,-0.762492851663));
#179 = ORIENTED_EDGE('',*,*,#53,.T.);
#180 = ORIENTED_EDGE('',*,*,#158,.T.);
#181 = ORIENTED_EDGE('',*,*,#182,.F.);
#182 = EDGE_CURVE('',#173,#151,#183,.T.);
#183 = LINE('',#184,#185);
#184 = CARTESIAN_POINT('',(-1.7,2.65,6.5));
#185 = VECTOR('',#186,1.);
#186 = DIRECTION('',(0.,-1.,0.));
#187 = PLANE('',#188);
#188 = AXIS2_PLACEMENT_3D('',#189,#190,#191);
#189 = CARTESIAN_POINT('',(-1.85,2.65,6.75));
#190 = DIRECTION('',(0.857492925713,-3.475340006926E-18,0.514495755428)
  );
#191 = DIRECTION('',(-2.980079470385E-18,-1.,-1.788047682231E-18));
#192 = ADVANCED_FACE('',(#193),#244,.F.);
#193 = FACE_BOUND('',#194,.F.);
#194 = EDGE_LOOP('',(#195,#205,#211,#212,#213,#222,#230,#238));
#195 = ORIENTED_EDGE('',*,*,#196,.F.);
#196 = EDGE_CURVE('',#197,#199,#201,.T.);
#197 = VERTEX_POINT('',#198);
#198 = CARTESIAN_POINT('',(-2.45,2.9,0.));
#199 = VERTEX_POINT('',#200);
#200 = CARTESIAN_POINT('',(-2.45,-2.35,0.));
#201 = LINE('',#202,#203);
#202 = CARTESIAN_POINT('',(-2.45,3.4,0.));
#203 = VECTOR('',#204,1.);
#204 = DIRECTION('',(0.,-1.,0.));
#205 = ORIENTED_EDGE('',*,*,#206,.T.);
#206 = EDGE_CURVE('',#197,#111,#207,.T.);
#207 = LINE('',#208,#209);
#208 = CARTESIAN_POINT('',(-2.45,2.9,0.));
#209 = VECTOR('',#210,1.);
#210 = DIRECTION('',(0.,0.,1.));
#211 = ORIENTED_EDGE('',*,*,#119,.T.);
#212 = ORIENTED_EDGE('',*,*,#134,.T.);
#213 = ORIENTED_EDGE('',*,*,#214,.T.);
#214 = EDGE_CURVE('',#135,#215,#217,.T.);
#215 = VERTEX_POINT('',#216);
#216 = CARTESIAN_POINT('',(-2.45,-1.549999999998,4.749999999997));
#217 = CIRCLE('',#218,0.849999999998);
#218 = AXIS2_PLACEMENT_3D('',#219,#220,#221);
#219 = CARTESIAN_POINT('',(-2.45,-0.7,4.749999999998));
#220 = DIRECTION('',(-1.,0.,0.));
#221 = DIRECTION('',(0.,1.,0.));
#222 = ORIENTED_EDGE('',*,*,#223,.T.);
#223 = EDGE_CURVE('',#215,#224,#226,.T.);
#224 = VERTEX_POINT('',#225);
#225 = CARTESIAN_POINT('',(-2.45,-1.549999999998,7.));
#226 = LINE('',#227,#228);
#227 = CARTESIAN_POINT('',(-2.45,-1.549999999998,3.5));
#228 = VECTOR('',#229,1.);
#229 = DIRECTION('',(0.,0.,1.));
#230 = ORIENTED_EDGE('',*,*,#231,.T.);
#231 = EDGE_CURVE('',#224,#232,#234,.T.);
#232 = VERTEX_POINT('',#233);
#233 = CARTESIAN_POINT('',(-2.45,-2.35,7.));
#234 = LINE('',#235,#236);
#235 = CARTESIAN_POINT('',(-2.45,3.4,7.));
#236 = VECTOR('',#237,1.);
#237 = DIRECTION('',(0.,-1.,0.));
#238 = ORIENTED_EDGE('',*,*,#239,.F.);
#239 = EDGE_CURVE('',#199,#232,#240,.T.);
#240 = LINE('',#241,#242);
#241 = CARTESIAN_POINT('',(-2.45,-2.35,0.));
#242 = VECTOR('',#243,1.);
#243 = DIRECTION('',(0.,0.,1.));
#244 = PLANE('',#245);
#245 = AXIS2_PLACEMENT_3D('',#246,#247,#248);
#246 = CARTESIAN_POINT('',(-2.45,3.4,0.));
#247 = DIRECTION('',(1.,0.,0.));
#248 = DIRECTION('',(0.,-1.,0.));
#249 = ADVANCED_FACE('',(#250),#268,.T.);
#250 = FACE_BOUND('',#251,.F.);
#251 = EDGE_LOOP('',(#252,#253,#254,#262));
#252 = ORIENTED_EDGE('',*,*,#172,.F.);
#253 = ORIENTED_EDGE('',*,*,#61,.T.);
#254 = ORIENTED_EDGE('',*,*,#255,.T.);
#255 = EDGE_CURVE('',#62,#256,#258,.T.);
#256 = VERTEX_POINT('',#257);
#257 = CARTESIAN_POINT('',(11.7,2.65,6.5));
#258 = LINE('',#259,#260);
#259 = CARTESIAN_POINT('',(10.416279069767,1.366279069767,4.360465116279
    ));
#260 = VECTOR('',#261,1.);
#261 = DIRECTION('',(-0.457495710998,-0.457495710998,-0.762492851663));
#262 = ORIENTED_EDGE('',*,*,#263,.F.);
#263 = EDGE_CURVE('',#173,#256,#264,.T.);
#264 = LINE('',#265,#266);
#265 = CARTESIAN_POINT('',(-1.7,2.65,6.5));
#266 = VECTOR('',#267,1.);
#267 = DIRECTION('',(1.,0.,0.));
#268 = PLANE('',#269);
#269 = AXIS2_PLACEMENT_3D('',#270,#271,#272);
#270 = CARTESIAN_POINT('',(-1.7,2.8,6.75));
#271 = DIRECTION('',(-3.475340006926E-18,-0.857492925713,0.514495755428)
  );
#272 = DIRECTION('',(-1.,2.980079470385E-18,-1.788047682231E-18));
#273 = ADVANCED_FACE('',(#274),#293,.T.);
#274 = FACE_BOUND('',#275,.F.);
#275 = EDGE_LOOP('',(#276,#285,#291,#292));
#276 = ORIENTED_EDGE('',*,*,#277,.T.);
#277 = EDGE_CURVE('',#197,#278,#280,.T.);
#278 = VERTEX_POINT('',#279);
#279 = CARTESIAN_POINT('',(-1.95,3.4,0.));
#280 = CIRCLE('',#281,0.5);
#281 = AXIS2_PLACEMENT_3D('',#282,#283,#284);
#282 = CARTESIAN_POINT('',(-1.95,2.9,0.));
#283 = DIRECTION('',(-0.,-0.,-1.));
#284 = DIRECTION('',(0.,-1.,0.));
#285 = ORIENTED_EDGE('',*,*,#286,.T.);
#286 = EDGE_CURVE('',#278,#103,#287,.T.);
#287 = LINE('',#288,#289);
#288 = CARTESIAN_POINT('',(-1.95,3.4,0.));
#289 = VECTOR('',#290,1.);
#290 = DIRECTION('',(0.,0.,1.));
#291 = ORIENTED_EDGE('',*,*,#110,.F.);
#292 = ORIENTED_EDGE('',*,*,#206,.F.);
#293 = CYLINDRICAL_SURFACE('',#294,0.5);
#294 = AXIS2_PLACEMENT_3D('',#295,#296,#297);
#295 = CARTESIAN_POINT('',(-1.95,2.9,0.));
#296 = DIRECTION('',(0.,0.,1.));
#297 = DIRECTION('',(-1.,0.,0.));
#298 = ADVANCED_FACE('',(#299),#317,.F.);
#299 = FACE_BOUND('',#300,.F.);
#300 = EDGE_LOOP('',(#301,#302,#303,#311));
#301 = ORIENTED_EDGE('',*,*,#255,.F.);
#302 = ORIENTED_EDGE('',*,*,#69,.T.);
#303 = ORIENTED_EDGE('',*,*,#304,.T.);
#304 = EDGE_CURVE('',#70,#305,#307,.T.);
#305 = VERTEX_POINT('',#306);
#306 = CARTESIAN_POINT('',(11.7,-0.7,6.5));
#307 = LINE('',#308,#309);
#308 = CARTESIAN_POINT('',(8.991176470588,-0.7,1.985294117647));
#309 = VECTOR('',#310,1.);
#310 = DIRECTION('',(-0.514495755428,-0.,-0.857492925713));
#311 = ORIENTED_EDGE('',*,*,#312,.F.);
#312 = EDGE_CURVE('',#256,#305,#313,.T.);
#313 = LINE('',#314,#315);
#314 = CARTESIAN_POINT('',(11.7,2.65,6.5));
#315 = VECTOR('',#316,1.);
#316 = DIRECTION('',(0.,-1.,0.));
#317 = PLANE('',#318);
#318 = AXIS2_PLACEMENT_3D('',#319,#320,#321);
#319 = CARTESIAN_POINT('',(11.85,2.65,6.75));
#320 = DIRECTION('',(0.857492925713,3.475340006926E-18,-0.514495755428)
  );
#321 = DIRECTION('',(2.980079470385E-18,-1.,-1.788047682231E-18));
#322 = ADVANCED_FACE('',(#323),#501,.F.);
#323 = FACE_BOUND('',#324,.F.);
#324 = EDGE_LOOP('',(#325,#335,#341,#342,#343,#351,#359,#367,#375,#383,
    #391,#399,#407,#415,#423,#431,#439,#447,#455,#463,#471,#479,#487,
    #495));
#325 = ORIENTED_EDGE('',*,*,#326,.F.);
#326 = EDGE_CURVE('',#327,#329,#331,.T.);
#327 = VERTEX_POINT('',#328);
#328 = CARTESIAN_POINT('',(11.95,3.4,0.));
#329 = VERTEX_POINT('',#330);
#330 = CARTESIAN_POINT('',(10.95,3.4,0.));
#331 = LINE('',#332,#333);
#332 = CARTESIAN_POINT('',(12.45,3.4,0.));
#333 = VECTOR('',#334,1.);
#334 = DIRECTION('',(-1.,0.,0.));
#335 = ORIENTED_EDGE('',*,*,#336,.T.);
#336 = EDGE_CURVE('',#327,#94,#337,.T.);
#337 = LINE('',#338,#339);
#338 = CARTESIAN_POINT('',(11.95,3.4,0.));
#339 = VECTOR('',#340,1.);
#340 = DIRECTION('',(0.,0.,1.));
#341 = ORIENTED_EDGE('',*,*,#102,.T.);
#342 = ORIENTED_EDGE('',*,*,#286,.F.);
#343 = ORIENTED_EDGE('',*,*,#344,.F.);
#344 = EDGE_CURVE('',#345,#278,#347,.T.);
#345 = VERTEX_POINT('',#346);
#346 = CARTESIAN_POINT('',(-0.95,3.4,0.));
#347 = LINE('',#348,#349);
#348 = CARTESIAN_POINT('',(12.45,3.4,0.));
#349 = VECTOR('',#350,1.);
#350 = DIRECTION('',(-1.,0.,0.));
#351 = ORIENTED_EDGE('',*,*,#352,.F.);
#352 = EDGE_CURVE('',#353,#345,#355,.T.);
#353 = VERTEX_POINT('',#354);
#354 = CARTESIAN_POINT('',(-0.95,3.4,0.9));
#355 = LINE('',#356,#357);
#356 = CARTESIAN_POINT('',(-0.95,3.4,0.9));
#357 = VECTOR('',#358,1.);
#358 = DIRECTION('',(0.,0.,-1.));
#359 = ORIENTED_EDGE('',*,*,#360,.F.);
#360 = EDGE_CURVE('',#361,#353,#363,.T.);
#361 = VERTEX_POINT('',#362);
#362 = CARTESIAN_POINT('',(0.95,3.4,0.9));
#363 = LINE('',#364,#365);
#364 = CARTESIAN_POINT('',(0.95,3.4,0.9));
#365 = VECTOR('',#366,1.);
#366 = DIRECTION('',(-1.,-0.,-0.));
#367 = ORIENTED_EDGE('',*,*,#368,.T.);
#368 = EDGE_CURVE('',#361,#369,#371,.T.);
#369 = VERTEX_POINT('',#370);
#370 = CARTESIAN_POINT('',(0.95,3.4,0.));
#371 = LINE('',#372,#373);
#372 = CARTESIAN_POINT('',(0.95,3.4,0.9));
#373 = VECTOR('',#374,1.);
#374 = DIRECTION('',(0.,0.,-1.));
#375 = ORIENTED_EDGE('',*,*,#376,.F.);
#376 = EDGE_CURVE('',#377,#369,#379,.T.);
#377 = VERTEX_POINT('',#378);
#378 = CARTESIAN_POINT('',(1.55,3.4,0.));
#379 = LINE('',#380,#381);
#380 = CARTESIAN_POINT('',(12.45,3.4,0.));
#381 = VECTOR('',#382,1.);
#382 = DIRECTION('',(-1.,0.,0.));
#383 = ORIENTED_EDGE('',*,*,#384,.F.);
#384 = EDGE_CURVE('',#385,#377,#387,.T.);
#385 = VERTEX_POINT('',#386);
#386 = CARTESIAN_POINT('',(1.55,3.4,0.9));
#387 = LINE('',#388,#389);
#388 = CARTESIAN_POINT('',(1.55,3.4,0.9));
#389 = VECTOR('',#390,1.);
#390 = DIRECTION('',(0.,0.,-1.));
#391 = ORIENTED_EDGE('',*,*,#392,.F.);
#392 = EDGE_CURVE('',#393,#385,#395,.T.);
#393 = VERTEX_POINT('',#394);
#394 = CARTESIAN_POINT('',(3.45,3.4,0.9));
#395 = LINE('',#396,#397);
#396 = CARTESIAN_POINT('',(3.45,3.4,0.9));
#397 = VECTOR('',#398,1.);
#398 = DIRECTION('',(-1.,-0.,-0.));
#399 = ORIENTED_EDGE('',*,*,#400,.T.);
#400 = EDGE_CURVE('',#393,#401,#403,.T.);
#401 = VERTEX_POINT('',#402);
#402 = CARTESIAN_POINT('',(3.45,3.4,0.));
#403 = LINE('',#404,#405);
#404 = CARTESIAN_POINT('',(3.45,3.4,0.9));
#405 = VECTOR('',#406,1.);
#406 = DIRECTION('',(0.,0.,-1.));
#407 = ORIENTED_EDGE('',*,*,#408,.F.);
#408 = EDGE_CURVE('',#409,#401,#411,.T.);
#409 = VERTEX_POINT('',#410);
#410 = CARTESIAN_POINT('',(4.05,3.4,0.));
#411 = LINE('',#412,#413);
#412 = CARTESIAN_POINT('',(12.45,3.4,0.));
#413 = VECTOR('',#414,1.);
#414 = DIRECTION('',(-1.,0.,0.));
#415 = ORIENTED_EDGE('',*,*,#416,.F.);
#416 = EDGE_CURVE('',#417,#409,#419,.T.);
#417 = VERTEX_POINT('',#418);
#418 = CARTESIAN_POINT('',(4.05,3.4,0.9));
#419 = LINE('',#420,#421);
#420 = CARTESIAN_POINT('',(4.05,3.4,0.9));
#421 = VECTOR('',#422,1.);
#422 = DIRECTION('',(0.,0.,-1.));
#423 = ORIENTED_EDGE('',*,*,#424,.F.);
#424 = EDGE_CURVE('',#425,#417,#427,.T.);
#425 = VERTEX_POINT('',#426);
#426 = CARTESIAN_POINT('',(5.95,3.4,0.9));
#427 = LINE('',#428,#429);
#428 = CARTESIAN_POINT('',(5.95,3.4,0.9));
#429 = VECTOR('',#430,1.);
#430 = DIRECTION('',(-1.,-0.,-0.));
#431 = ORIENTED_EDGE('',*,*,#432,.T.);
#432 = EDGE_CURVE('',#425,#433,#435,.T.);
#433 = VERTEX_POINT('',#434);
#434 = CARTESIAN_POINT('',(5.95,3.4,0.));
#435 = LINE('',#436,#437);
#436 = CARTESIAN_POINT('',(5.95,3.4,0.9));
#437 = VECTOR('',#438,1.);
#438 = DIRECTION('',(0.,0.,-1.));
#439 = ORIENTED_EDGE('',*,*,#440,.F.);
#440 = EDGE_CURVE('',#441,#433,#443,.T.);
#441 = VERTEX_POINT('',#442);
#442 = CARTESIAN_POINT('',(6.55,3.4,0.));
#443 = LINE('',#444,#445);
#444 = CARTESIAN_POINT('',(12.45,3.4,0.));
#445 = VECTOR('',#446,1.);
#446 = DIRECTION('',(-1.,0.,0.));
#447 = ORIENTED_EDGE('',*,*,#448,.F.);
#448 = EDGE_CURVE('',#449,#441,#451,.T.);
#449 = VERTEX_POINT('',#450);
#450 = CARTESIAN_POINT('',(6.55,3.4,0.9));
#451 = LINE('',#452,#453);
#452 = CARTESIAN_POINT('',(6.55,3.4,0.9));
#453 = VECTOR('',#454,1.);
#454 = DIRECTION('',(0.,0.,-1.));
#455 = ORIENTED_EDGE('',*,*,#456,.F.);
#456 = EDGE_CURVE('',#457,#449,#459,.T.);
#457 = VERTEX_POINT('',#458);
#458 = CARTESIAN_POINT('',(8.45,3.4,0.9));
#459 = LINE('',#460,#461);
#460 = CARTESIAN_POINT('',(8.45,3.4,0.9));
#461 = VECTOR('',#462,1.);
#462 = DIRECTION('',(-1.,-0.,-0.));
#463 = ORIENTED_EDGE('',*,*,#464,.T.);
#464 = EDGE_CURVE('',#457,#465,#467,.T.);
#465 = VERTEX_POINT('',#466);
#466 = CARTESIAN_POINT('',(8.45,3.4,0.));
#467 = LINE('',#468,#469);
#468 = CARTESIAN_POINT('',(8.45,3.4,0.9));
#469 = VECTOR('',#470,1.);
#470 = DIRECTION('',(0.,0.,-1.));
#471 = ORIENTED_EDGE('',*,*,#472,.F.);
#472 = EDGE_CURVE('',#473,#465,#475,.T.);
#473 = VERTEX_POINT('',#474);
#474 = CARTESIAN_POINT('',(9.05,3.4,0.));
#475 = LINE('',#476,#477);
#476 = CARTESIAN_POINT('',(12.45,3.4,0.));
#477 = VECTOR('',#478,1.);
#478 = DIRECTION('',(-1.,0.,0.));
#479 = ORIENTED_EDGE('',*,*,#480,.F.);
#480 = EDGE_CURVE('',#481,#473,#483,.T.);
#481 = VERTEX_POINT('',#482);
#482 = CARTESIAN_POINT('',(9.05,3.4,0.9));
#483 = LINE('',#484,#485);
#484 = CARTESIAN_POINT('',(9.05,3.4,0.9));
#485 = VECTOR('',#486,1.);
#486 = DIRECTION('',(0.,0.,-1.));
#487 = ORIENTED_EDGE('',*,*,#488,.F.);
#488 = EDGE_CURVE('',#489,#481,#491,.T.);
#489 = VERTEX_POINT('',#490);
#490 = CARTESIAN_POINT('',(10.95,3.4,0.9));
#491 = LINE('',#492,#493);
#492 = CARTESIAN_POINT('',(10.95,3.4,0.9));
#493 = VECTOR('',#494,1.);
#494 = DIRECTION('',(-1.,-0.,-0.));
#495 = ORIENTED_EDGE('',*,*,#496,.T.);
#496 = EDGE_CURVE('',#489,#329,#497,.T.);
#497 = LINE('',#498,#499);
#498 = CARTESIAN_POINT('',(10.95,3.4,0.9));
#499 = VECTOR('',#500,1.);
#500 = DIRECTION('',(0.,0.,-1.));
#501 = PLANE('',#502);
#502 = AXIS2_PLACEMENT_3D('',#503,#504,#505);
#503 = CARTESIAN_POINT('',(12.45,3.4,0.));
#504 = DIRECTION('',(0.,-1.,0.));
#505 = DIRECTION('',(-1.,0.,0.));
#506 = ADVANCED_FACE('',(#507),#533,.T.);
#507 = FACE_BOUND('',#508,.T.);
#508 = EDGE_LOOP('',(#509,#517,#525,#531,#532));
#509 = ORIENTED_EDGE('',*,*,#510,.T.);
#510 = EDGE_CURVE('',#305,#511,#513,.T.);
#511 = VERTEX_POINT('',#512);
#512 = CARTESIAN_POINT('',(11.7,-0.7,3.9));
#513 = LINE('',#514,#515);
#514 = CARTESIAN_POINT('',(11.7,-0.7,4.067949337881));
#515 = VECTOR('',#516,1.);
#516 = DIRECTION('',(0.,0.,-1.));
#517 = ORIENTED_EDGE('',*,*,#518,.T.);
#518 = EDGE_CURVE('',#511,#519,#521,.T.);
#519 = VERTEX_POINT('',#520);
#520 = CARTESIAN_POINT('',(12.45,-0.7,3.9));
#521 = LINE('',#522,#523);
#522 = CARTESIAN_POINT('',(-5.,-0.7,3.9));
#523 = VECTOR('',#524,1.);
#524 = DIRECTION('',(1.,0.,0.));
#525 = ORIENTED_EDGE('',*,*,#526,.T.);
#526 = EDGE_CURVE('',#519,#78,#527,.T.);
#527 = LINE('',#528,#529);
#528 = CARTESIAN_POINT('',(12.45,-0.7,1.95));
#529 = VECTOR('',#530,1.);
#530 = DIRECTION('',(0.,0.,1.));
#531 = ORIENTED_EDGE('',*,*,#77,.F.);
#532 = ORIENTED_EDGE('',*,*,#304,.T.);
#533 = PLANE('',#534);
#534 = AXIS2_PLACEMENT_3D('',#535,#536,#537);
#535 = CARTESIAN_POINT('',(-5.,-0.7,3.9));
#536 = DIRECTION('',(0.,-1.,0.));
#537 = DIRECTION('',(0.,0.,1.));
#538 = ADVANCED_FACE('',(#539),#558,.T.);
#539 = FACE_BOUND('',#540,.T.);
#540 = EDGE_LOOP('',(#541,#550,#551,#552));
#541 = ORIENTED_EDGE('',*,*,#542,.T.);
#542 = EDGE_CURVE('',#543,#327,#545,.T.);
#543 = VERTEX_POINT('',#544);
#544 = CARTESIAN_POINT('',(12.45,2.9,0.));
#545 = CIRCLE('',#546,0.5);
#546 = AXIS2_PLACEMENT_3D('',#547,#548,#549);
#547 = CARTESIAN_POINT('',(11.95,2.9,0.));
#548 = DIRECTION('',(-0.,0.,1.));
#549 = DIRECTION('',(0.,-1.,0.));
#550 = ORIENTED_EDGE('',*,*,#336,.T.);
#551 = ORIENTED_EDGE('',*,*,#93,.F.);
#552 = ORIENTED_EDGE('',*,*,#553,.F.);
#553 = EDGE_CURVE('',#543,#86,#554,.T.);
#554 = LINE('',#555,#556);
#555 = CARTESIAN_POINT('',(12.45,2.9,0.));
#556 = VECTOR('',#557,1.);
#557 = DIRECTION('',(0.,0.,1.));
#558 = CYLINDRICAL_SURFACE('',#559,0.5);
#559 = AXIS2_PLACEMENT_3D('',#560,#561,#562);
#560 = CARTESIAN_POINT('',(11.95,2.9,0.));
#561 = DIRECTION('',(0.,0.,1.));
#562 = DIRECTION('',(1.,0.,0.));
#563 = ADVANCED_FACE('',(#564),#608,.F.);
#564 = FACE_BOUND('',#565,.F.);
#565 = EDGE_LOOP('',(#566,#574,#582,#590,#598,#605,#606,#607));
#566 = ORIENTED_EDGE('',*,*,#567,.F.);
#567 = EDGE_CURVE('',#568,#543,#570,.T.);
#568 = VERTEX_POINT('',#569);
#569 = CARTESIAN_POINT('',(12.45,-2.35,0.));
#570 = LINE('',#571,#572);
#571 = CARTESIAN_POINT('',(12.45,-2.35,0.));
#572 = VECTOR('',#573,1.);
#573 = DIRECTION('',(0.,1.,0.));
#574 = ORIENTED_EDGE('',*,*,#575,.T.);
#575 = EDGE_CURVE('',#568,#576,#578,.T.);
#576 = VERTEX_POINT('',#577);
#577 = CARTESIAN_POINT('',(12.45,-2.35,7.));
#578 = LINE('',#579,#580);
#579 = CARTESIAN_POINT('',(12.45,-2.35,0.));
#580 = VECTOR('',#581,1.);
#581 = DIRECTION('',(0.,0.,1.));
#582 = ORIENTED_EDGE('',*,*,#583,.T.);
#583 = EDGE_CURVE('',#576,#584,#586,.T.);
#584 = VERTEX_POINT('',#585);
#585 = CARTESIAN_POINT('',(12.45,-1.549999999998,7.));
#586 = LINE('',#587,#588);
#587 = CARTESIAN_POINT('',(12.45,-2.35,7.));
#588 = VECTOR('',#589,1.);
#589 = DIRECTION('',(0.,1.,0.));
#590 = ORIENTED_EDGE('',*,*,#591,.T.);
#591 = EDGE_CURVE('',#584,#592,#594,.T.);
#592 = VERTEX_POINT('',#593);
#593 = CARTESIAN_POINT('',(12.45,-1.549999999998,4.749999999997));
#594 = LINE('',#595,#596);
#595 = CARTESIAN_POINT('',(12.45,-1.549999999998,3.5));
#596 = VECTOR('',#597,1.);
#597 = DIRECTION('',(0.,0.,-1.));
#598 = ORIENTED_EDGE('',*,*,#599,.F.);
#599 = EDGE_CURVE('',#519,#592,#600,.T.);
#600 = CIRCLE('',#601,0.849999999998);
#601 = AXIS2_PLACEMENT_3D('',#602,#603,#604);
#602 = CARTESIAN_POINT('',(12.45,-0.7,4.749999999998));
#603 = DIRECTION('',(-1.,0.,0.));
#604 = DIRECTION('',(0.,1.,0.));
#605 = ORIENTED_EDGE('',*,*,#526,.T.);
#606 = ORIENTED_EDGE('',*,*,#85,.T.);
#607 = ORIENTED_EDGE('',*,*,#553,.F.);
#608 = PLANE('',#609);
#609 = AXIS2_PLACEMENT_3D('',#610,#611,#612);
#610 = CARTESIAN_POINT('',(12.45,-2.35,0.));
#611 = DIRECTION('',(-1.,0.,0.));
#612 = DIRECTION('',(0.,1.,0.));
#613 = ADVANCED_FACE('',(#614),#681,.T.);
#614 = FACE_BOUND('',#615,.T.);
#615 = EDGE_LOOP('',(#616,#617,#626,#634,#642,#650,#658,#666,#674,#680)
  );
#616 = ORIENTED_EDGE('',*,*,#150,.T.);
#617 = ORIENTED_EDGE('',*,*,#618,.T.);
#618 = EDGE_CURVE('',#143,#619,#621,.T.);
#619 = VERTEX_POINT('',#620);
#620 = CARTESIAN_POINT('',(-1.7,-1.549999999998,4.749999999997));
#621 = CIRCLE('',#622,0.849999999998);
#622 = AXIS2_PLACEMENT_3D('',#623,#624,#625);
#623 = CARTESIAN_POINT('',(-1.7,-0.7,4.749999999998));
#624 = DIRECTION('',(-1.,0.,0.));
#625 = DIRECTION('',(0.,1.,0.));
#626 = ORIENTED_EDGE('',*,*,#627,.T.);
#627 = EDGE_CURVE('',#619,#628,#630,.T.);
#628 = VERTEX_POINT('',#629);
#629 = CARTESIAN_POINT('',(-1.7,-1.549999999998,7.));
#630 = LINE('',#631,#632);
#631 = CARTESIAN_POINT('',(-1.7,-1.549999999998,5.617949337881));
#632 = VECTOR('',#633,1.);
#633 = DIRECTION('',(0.,0.,1.));
#634 = ORIENTED_EDGE('',*,*,#635,.T.);
#635 = EDGE_CURVE('',#628,#636,#638,.T.);
#636 = VERTEX_POINT('',#637);
#637 = CARTESIAN_POINT('',(-1.7,-1.6,7.));
#638 = LINE('',#639,#640);
#639 = CARTESIAN_POINT('',(-1.7,2.65,7.));
#640 = VECTOR('',#641,1.);
#641 = DIRECTION('',(0.,-1.,0.));
#642 = ORIENTED_EDGE('',*,*,#643,.T.);
#643 = EDGE_CURVE('',#636,#644,#646,.T.);
#644 = VERTEX_POINT('',#645);
#645 = CARTESIAN_POINT('',(-1.7,-1.6,1.9));
#646 = LINE('',#647,#648);
#647 = CARTESIAN_POINT('',(-1.7,-1.6,7.));
#648 = VECTOR('',#649,1.);
#649 = DIRECTION('',(0.,0.,-1.));
#650 = ORIENTED_EDGE('',*,*,#651,.T.);
#651 = EDGE_CURVE('',#644,#652,#654,.T.);
#652 = VERTEX_POINT('',#653);
#653 = CARTESIAN_POINT('',(-1.7,0.5,1.9));
#654 = LINE('',#655,#656);
#655 = CARTESIAN_POINT('',(-1.7,-1.6,1.9));
#656 = VECTOR('',#657,1.);
#657 = DIRECTION('',(0.,1.,0.));
#658 = ORIENTED_EDGE('',*,*,#659,.T.);
#659 = EDGE_CURVE('',#652,#660,#662,.T.);
#660 = VERTEX_POINT('',#661);
#661 = CARTESIAN_POINT('',(-1.7,0.875277674973,1.25));
#662 = LINE('',#663,#664);
#663 = CARTESIAN_POINT('',(-1.7,0.5,1.9));
#664 = VECTOR('',#665,1.);
#665 = DIRECTION('',(0.,0.5,-0.866025403784));
#666 = ORIENTED_EDGE('',*,*,#667,.T.);
#667 = EDGE_CURVE('',#660,#668,#670,.T.);
#668 = VERTEX_POINT('',#669);
#669 = CARTESIAN_POINT('',(-1.7,2.65,1.25));
#670 = LINE('',#671,#672);
#671 = CARTESIAN_POINT('',(-1.7,0.875277674973,1.25));
#672 = VECTOR('',#673,1.);
#673 = DIRECTION('',(0.,1.,0.));
#674 = ORIENTED_EDGE('',*,*,#675,.T.);
#675 = EDGE_CURVE('',#668,#173,#676,.T.);
#676 = LINE('',#677,#678);
#677 = CARTESIAN_POINT('',(-1.7,2.65,1.25));
#678 = VECTOR('',#679,1.);
#679 = DIRECTION('',(0.,0.,1.));
#680 = ORIENTED_EDGE('',*,*,#182,.T.);
#681 = PLANE('',#682);
#682 = AXIS2_PLACEMENT_3D('',#683,#684,#685);
#683 = CARTESIAN_POINT('',(-1.7,0.598118601855,4.235898675762));
#684 = DIRECTION('',(1.,0.,0.));
#685 = DIRECTION('',(0.,0.,1.));
#686 = ADVANCED_FACE('',(#687),#698,.F.);
#687 = FACE_BOUND('',#688,.T.);
#688 = EDGE_LOOP('',(#689,#690,#696,#697));
#689 = ORIENTED_EDGE('',*,*,#214,.T.);
#690 = ORIENTED_EDGE('',*,*,#691,.T.);
#691 = EDGE_CURVE('',#215,#619,#692,.T.);
#692 = LINE('',#693,#694);
#693 = CARTESIAN_POINT('',(-5.,-1.549999999998,4.749999999997));
#694 = VECTOR('',#695,1.);
#695 = DIRECTION('',(1.,0.,0.));
#696 = ORIENTED_EDGE('',*,*,#618,.F.);
#697 = ORIENTED_EDGE('',*,*,#142,.F.);
#698 = CYLINDRICAL_SURFACE('',#699,0.849999999998);
#699 = AXIS2_PLACEMENT_3D('',#700,#701,#702);
#700 = CARTESIAN_POINT('',(-5.,-0.7,4.749999999998));
#701 = DIRECTION('',(-1.,-0.,-0.));
#702 = DIRECTION('',(0.,1.,0.));
#703 = ADVANCED_FACE('',(#704),#723,.F.);
#704 = FACE_BOUND('',#705,.F.);
#705 = EDGE_LOOP('',(#706,#707,#715,#721,#722));
#706 = ORIENTED_EDGE('',*,*,#196,.T.);
#707 = ORIENTED_EDGE('',*,*,#708,.T.);
#708 = EDGE_CURVE('',#199,#709,#711,.T.);
#709 = VERTEX_POINT('',#710);
#710 = CARTESIAN_POINT('',(-0.95,-2.35,0.));
#711 = LINE('',#712,#713);
#712 = CARTESIAN_POINT('',(-2.45,-2.35,0.));
#713 = VECTOR('',#714,1.);
#714 = DIRECTION('',(1.,0.,0.));
#715 = ORIENTED_EDGE('',*,*,#716,.F.);
#716 = EDGE_CURVE('',#345,#709,#717,.T.);
#717 = LINE('',#718,#719);
#718 = CARTESIAN_POINT('',(-0.95,3.4,0.));
#719 = VECTOR('',#720,1.);
#720 = DIRECTION('',(0.,-1.,0.));
#721 = ORIENTED_EDGE('',*,*,#344,.T.);
#722 = ORIENTED_EDGE('',*,*,#277,.F.);
#723 = PLANE('',#724);
#724 = AXIS2_PLACEMENT_3D('',#725,#726,#727);
#725 = CARTESIAN_POINT('',(5.,0.525,0.));
#726 = DIRECTION('',(0.,0.,1.));
#727 = DIRECTION('',(1.,0.,0.));
#728 = ADVANCED_FACE('',(#729),#1028,.F.);
#729 = FACE_BOUND('',#730,.F.);
#730 = EDGE_LOOP('',(#731,#732,#733,#741,#749,#757,#765,#773,#782,#790,
    #798,#806,#814,#822,#831,#839,#847,#855,#863,#869,#870,#878,#886,
    #894,#902,#910,#918,#926,#934,#942,#950,#958,#966,#974,#982,#990,
    #998,#1006,#1014,#1022));
#731 = ORIENTED_EDGE('',*,*,#708,.F.);
#732 = ORIENTED_EDGE('',*,*,#239,.T.);
#733 = ORIENTED_EDGE('',*,*,#734,.T.);
#734 = EDGE_CURVE('',#232,#735,#737,.T.);
#735 = VERTEX_POINT('',#736);
#736 = CARTESIAN_POINT('',(-0.8,-2.35,7.));
#737 = LINE('',#738,#739);
#738 = CARTESIAN_POINT('',(-2.45,-2.35,7.));
#739 = VECTOR('',#740,1.);
#740 = DIRECTION('',(1.,0.,0.));
#741 = ORIENTED_EDGE('',*,*,#742,.F.);
#742 = EDGE_CURVE('',#743,#735,#745,.T.);
#743 = VERTEX_POINT('',#744);
#744 = CARTESIAN_POINT('',(-0.8,-2.35,6.8));
#745 = LINE('',#746,#747);
#746 = CARTESIAN_POINT('',(-0.8,-2.35,3.4));
#747 = VECTOR('',#748,1.);
#748 = DIRECTION('',(0.,0.,1.));
#749 = ORIENTED_EDGE('',*,*,#750,.F.);
#750 = EDGE_CURVE('',#751,#743,#753,.T.);
#751 = VERTEX_POINT('',#752);
#752 = CARTESIAN_POINT('',(-0.4,-2.35,6.4));
#753 = LINE('',#754,#755);
#754 = CARTESIAN_POINT('',(0.6875,-2.35,5.3125));
#755 = VECTOR('',#756,1.);
#756 = DIRECTION('',(-0.707106781187,0.,0.707106781187));
#757 = ORIENTED_EDGE('',*,*,#758,.F.);
#758 = EDGE_CURVE('',#759,#751,#761,.T.);
#759 = VERTEX_POINT('',#760);
#760 = CARTESIAN_POINT('',(-0.8,-2.35,6.));
#761 = LINE('',#762,#763);
#762 = CARTESIAN_POINT('',(-2.7125,-2.35,4.0875));
#763 = VECTOR('',#764,1.);
#764 = DIRECTION('',(0.707106781187,0.,0.707106781187));
#765 = ORIENTED_EDGE('',*,*,#766,.F.);
#766 = EDGE_CURVE('',#767,#759,#769,.T.);
#767 = VERTEX_POINT('',#768);
#768 = CARTESIAN_POINT('',(-0.8,-2.35,3.9));
#769 = LINE('',#770,#771);
#770 = CARTESIAN_POINT('',(-0.8,-2.35,1.95));
#771 = VECTOR('',#772,1.);
#772 = DIRECTION('',(0.,0.,1.));
#773 = ORIENTED_EDGE('',*,*,#774,.F.);
#774 = EDGE_CURVE('',#775,#767,#777,.T.);
#775 = VERTEX_POINT('',#776);
#776 = CARTESIAN_POINT('',(-0.1,-2.35,3.2));
#777 = CIRCLE('',#778,0.7);
#778 = AXIS2_PLACEMENT_3D('',#779,#780,#781);
#779 = CARTESIAN_POINT('',(-0.1,-2.35,3.9));
#780 = DIRECTION('',(0.,1.,-2.22044604925E-16));
#781 = DIRECTION('',(1.,0.,0.));
#782 = ORIENTED_EDGE('',*,*,#783,.F.);
#783 = EDGE_CURVE('',#784,#775,#786,.T.);
#784 = VERTEX_POINT('',#785);
#785 = CARTESIAN_POINT('',(1.05,-2.35,3.2));
#786 = LINE('',#787,#788);
#787 = CARTESIAN_POINT('',(-0.7,-2.35,3.2));
#788 = VECTOR('',#789,1.);
#789 = DIRECTION('',(-1.,0.,0.));
#790 = ORIENTED_EDGE('',*,*,#791,.F.);
#791 = EDGE_CURVE('',#792,#784,#794,.T.);
#792 = VERTEX_POINT('',#793);
#793 = CARTESIAN_POINT('',(1.05,-2.35,7.));
#794 = LINE('',#795,#796);
#795 = CARTESIAN_POINT('',(1.05,-2.35,3.5));
#796 = VECTOR('',#797,1.);
#797 = DIRECTION('',(0.,0.,-1.));
#798 = ORIENTED_EDGE('',*,*,#799,.T.);
#799 = EDGE_CURVE('',#792,#800,#802,.T.);
#800 = VERTEX_POINT('',#801);
#801 = CARTESIAN_POINT('',(8.95,-2.35,7.));
#802 = LINE('',#803,#804);
#803 = CARTESIAN_POINT('',(-2.45,-2.35,7.));
#804 = VECTOR('',#805,1.);
#805 = DIRECTION('',(1.,0.,0.));
#806 = ORIENTED_EDGE('',*,*,#807,.T.);
#807 = EDGE_CURVE('',#800,#808,#810,.T.);
#808 = VERTEX_POINT('',#809);
#809 = CARTESIAN_POINT('',(8.95,-2.35,3.2));
#810 = LINE('',#811,#812);
#811 = CARTESIAN_POINT('',(8.95,-2.35,3.5));
#812 = VECTOR('',#813,1.);
#813 = DIRECTION('',(0.,0.,-1.));
#814 = ORIENTED_EDGE('',*,*,#815,.T.);
#815 = EDGE_CURVE('',#808,#816,#818,.T.);
#816 = VERTEX_POINT('',#817);
#817 = CARTESIAN_POINT('',(10.1,-2.35,3.2));
#818 = LINE('',#819,#820);
#819 = CARTESIAN_POINT('',(3.25,-2.35,3.2));
#820 = VECTOR('',#821,1.);
#821 = DIRECTION('',(1.,0.,0.));
#822 = ORIENTED_EDGE('',*,*,#823,.F.);
#823 = EDGE_CURVE('',#824,#816,#826,.T.);
#824 = VERTEX_POINT('',#825);
#825 = CARTESIAN_POINT('',(10.8,-2.35,3.9));
#826 = CIRCLE('',#827,0.7);
#827 = AXIS2_PLACEMENT_3D('',#828,#829,#830);
#828 = CARTESIAN_POINT('',(10.1,-2.35,3.9));
#829 = DIRECTION('',(0.,1.,-2.22044604925E-16));
#830 = DIRECTION('',(1.,0.,0.));
#831 = ORIENTED_EDGE('',*,*,#832,.T.);
#832 = EDGE_CURVE('',#824,#833,#835,.T.);
#833 = VERTEX_POINT('',#834);
#834 = CARTESIAN_POINT('',(10.8,-2.35,6.));
#835 = LINE('',#836,#837);
#836 = CARTESIAN_POINT('',(10.8,-2.35,1.95));
#837 = VECTOR('',#838,1.);
#838 = DIRECTION('',(0.,0.,1.));
#839 = ORIENTED_EDGE('',*,*,#840,.T.);
#840 = EDGE_CURVE('',#833,#841,#843,.T.);
#841 = VERTEX_POINT('',#842);
#842 = CARTESIAN_POINT('',(10.4,-2.35,6.4));
#843 = LINE('',#844,#845);
#844 = CARTESIAN_POINT('',(8.9875,-2.35,7.8125));
#845 = VECTOR('',#846,1.);
#846 = DIRECTION('',(-0.707106781187,0.,0.707106781187));
#847 = ORIENTED_EDGE('',*,*,#848,.T.);
#848 = EDGE_CURVE('',#841,#849,#851,.T.);
#849 = VERTEX_POINT('',#850);
#850 = CARTESIAN_POINT('',(10.8,-2.35,6.8));
#851 = LINE('',#852,#853);
#852 = CARTESIAN_POINT('',(5.5875,-2.35,1.5875));
#853 = VECTOR('',#854,1.);
#854 = DIRECTION('',(0.707106781187,0.,0.707106781187));
#855 = ORIENTED_EDGE('',*,*,#856,.T.);
#856 = EDGE_CURVE('',#849,#857,#859,.T.);
#857 = VERTEX_POINT('',#858);
#858 = CARTESIAN_POINT('',(10.8,-2.35,7.));
#859 = LINE('',#860,#861);
#860 = CARTESIAN_POINT('',(10.8,-2.35,3.4));
#861 = VECTOR('',#862,1.);
#862 = DIRECTION('',(-8.881784197001E-15,0.,1.));
#863 = ORIENTED_EDGE('',*,*,#864,.T.);
#864 = EDGE_CURVE('',#857,#576,#865,.T.);
#865 = LINE('',#866,#867);
#866 = CARTESIAN_POINT('',(-2.45,-2.35,7.));
#867 = VECTOR('',#868,1.);
#868 = DIRECTION('',(1.,0.,0.));
#869 = ORIENTED_EDGE('',*,*,#575,.F.);
#870 = ORIENTED_EDGE('',*,*,#871,.F.);
#871 = EDGE_CURVE('',#872,#568,#874,.T.);
#872 = VERTEX_POINT('',#873);
#873 = CARTESIAN_POINT('',(10.95,-2.35,0.));
#874 = LINE('',#875,#876);
#875 = CARTESIAN_POINT('',(-2.45,-2.35,0.));
#876 = VECTOR('',#877,1.);
#877 = DIRECTION('',(1.,0.,0.));
#878 = ORIENTED_EDGE('',*,*,#879,.T.);
#879 = EDGE_CURVE('',#872,#880,#882,.T.);
#880 = VERTEX_POINT('',#881);
#881 = CARTESIAN_POINT('',(10.95,-2.35,0.587106270774));
#882 = LINE('',#883,#884);
#883 = CARTESIAN_POINT('',(10.95,-2.35,0.));
#884 = VECTOR('',#885,1.);
#885 = DIRECTION('',(0.,0.,1.));
#886 = ORIENTED_EDGE('',*,*,#887,.T.);
#887 = EDGE_CURVE('',#880,#888,#890,.T.);
#888 = VERTEX_POINT('',#889);
#889 = CARTESIAN_POINT('',(9.05,-2.35,0.587106270774));
#890 = LINE('',#891,#892);
#891 = CARTESIAN_POINT('',(10.95,-2.35,0.587106270774));
#892 = VECTOR('',#893,1.);
#893 = DIRECTION('',(-1.,-0.,-0.));
#894 = ORIENTED_EDGE('',*,*,#895,.F.);
#895 = EDGE_CURVE('',#896,#888,#898,.T.);
#896 = VERTEX_POINT('',#897);
#897 = CARTESIAN_POINT('',(9.05,-2.35,0.));
#898 = LINE('',#899,#900);
#899 = CARTESIAN_POINT('',(9.05,-2.35,0.));
#900 = VECTOR('',#901,1.);
#901 = DIRECTION('',(0.,0.,1.));
#902 = ORIENTED_EDGE('',*,*,#903,.F.);
#903 = EDGE_CURVE('',#904,#896,#906,.T.);
#904 = VERTEX_POINT('',#905);
#905 = CARTESIAN_POINT('',(8.45,-2.35,0.));
#906 = LINE('',#907,#908);
#907 = CARTESIAN_POINT('',(-2.45,-2.35,0.));
#908 = VECTOR('',#909,1.);
#909 = DIRECTION('',(1.,0.,0.));
#910 = ORIENTED_EDGE('',*,*,#911,.T.);
#911 = EDGE_CURVE('',#904,#912,#914,.T.);
#912 = VERTEX_POINT('',#913);
#913 = CARTESIAN_POINT('',(8.45,-2.35,0.587106270774));
#914 = LINE('',#915,#916);
#915 = CARTESIAN_POINT('',(8.45,-2.35,0.));
#916 = VECTOR('',#917,1.);
#917 = DIRECTION('',(0.,0.,1.));
#918 = ORIENTED_EDGE('',*,*,#919,.T.);
#919 = EDGE_CURVE('',#912,#920,#922,.T.);
#920 = VERTEX_POINT('',#921);
#921 = CARTESIAN_POINT('',(6.55,-2.35,0.587106270774));
#922 = LINE('',#923,#924);
#923 = CARTESIAN_POINT('',(8.45,-2.35,0.587106270774));
#924 = VECTOR('',#925,1.);
#925 = DIRECTION('',(-1.,-0.,-0.));
#926 = ORIENTED_EDGE('',*,*,#927,.F.);
#927 = EDGE_CURVE('',#928,#920,#930,.T.);
#928 = VERTEX_POINT('',#929);
#929 = CARTESIAN_POINT('',(6.55,-2.35,0.));
#930 = LINE('',#931,#932);
#931 = CARTESIAN_POINT('',(6.55,-2.35,0.));
#932 = VECTOR('',#933,1.);
#933 = DIRECTION('',(0.,0.,1.));
#934 = ORIENTED_EDGE('',*,*,#935,.F.);
#935 = EDGE_CURVE('',#936,#928,#938,.T.);
#936 = VERTEX_POINT('',#937);
#937 = CARTESIAN_POINT('',(5.95,-2.35,0.));
#938 = LINE('',#939,#940);
#939 = CARTESIAN_POINT('',(-2.45,-2.35,0.));
#940 = VECTOR('',#941,1.);
#941 = DIRECTION('',(1.,0.,0.));
#942 = ORIENTED_EDGE('',*,*,#943,.T.);
#943 = EDGE_CURVE('',#936,#944,#946,.T.);
#944 = VERTEX_POINT('',#945);
#945 = CARTESIAN_POINT('',(5.95,-2.35,0.587106270774));
#946 = LINE('',#947,#948);
#947 = CARTESIAN_POINT('',(5.95,-2.35,0.));
#948 = VECTOR('',#949,1.);
#949 = DIRECTION('',(0.,0.,1.));
#950 = ORIENTED_EDGE('',*,*,#951,.T.);
#951 = EDGE_CURVE('',#944,#952,#954,.T.);
#952 = VERTEX_POINT('',#953);
#953 = CARTESIAN_POINT('',(4.05,-2.35,0.587106270774));
#954 = LINE('',#955,#956);
#955 = CARTESIAN_POINT('',(5.95,-2.35,0.587106270774));
#956 = VECTOR('',#957,1.);
#957 = DIRECTION('',(-1.,-0.,-0.));
#958 = ORIENTED_EDGE('',*,*,#959,.F.);
#959 = EDGE_CURVE('',#960,#952,#962,.T.);
#960 = VERTEX_POINT('',#961);
#961 = CARTESIAN_POINT('',(4.05,-2.35,0.));
#962 = LINE('',#963,#964);
#963 = CARTESIAN_POINT('',(4.05,-2.35,0.));
#964 = VECTOR('',#965,1.);
#965 = DIRECTION('',(0.,0.,1.));
#966 = ORIENTED_EDGE('',*,*,#967,.F.);
#967 = EDGE_CURVE('',#968,#960,#970,.T.);
#968 = VERTEX_POINT('',#969);
#969 = CARTESIAN_POINT('',(3.45,-2.35,0.));
#970 = LINE('',#971,#972);
#971 = CARTESIAN_POINT('',(-2.45,-2.35,0.));
#972 = VECTOR('',#973,1.);
#973 = DIRECTION('',(1.,0.,0.));
#974 = ORIENTED_EDGE('',*,*,#975,.T.);
#975 = EDGE_CURVE('',#968,#976,#978,.T.);
#976 = VERTEX_POINT('',#977);
#977 = CARTESIAN_POINT('',(3.45,-2.35,0.587106270774));
#978 = LINE('',#979,#980);
#979 = CARTESIAN_POINT('',(3.45,-2.35,0.));
#980 = VECTOR('',#981,1.);
#981 = DIRECTION('',(0.,0.,1.));
#982 = ORIENTED_EDGE('',*,*,#983,.T.);
#983 = EDGE_CURVE('',#976,#984,#986,.T.);
#984 = VERTEX_POINT('',#985);
#985 = CARTESIAN_POINT('',(1.55,-2.35,0.587106270774));
#986 = LINE('',#987,#988);
#987 = CARTESIAN_POINT('',(3.45,-2.35,0.587106270774));
#988 = VECTOR('',#989,1.);
#989 = DIRECTION('',(-1.,-0.,-0.));
#990 = ORIENTED_EDGE('',*,*,#991,.F.);
#991 = EDGE_CURVE('',#992,#984,#994,.T.);
#992 = VERTEX_POINT('',#993);
#993 = CARTESIAN_POINT('',(1.55,-2.35,0.));
#994 = LINE('',#995,#996);
#995 = CARTESIAN_POINT('',(1.55,-2.35,0.));
#996 = VECTOR('',#997,1.);
#997 = DIRECTION('',(0.,0.,1.));
#998 = ORIENTED_EDGE('',*,*,#999,.F.);
#999 = EDGE_CURVE('',#1000,#992,#1002,.T.);
#1000 = VERTEX_POINT('',#1001);
#1001 = CARTESIAN_POINT('',(0.95,-2.35,0.));
#1002 = LINE('',#1003,#1004);
#1003 = CARTESIAN_POINT('',(-2.45,-2.35,0.));
#1004 = VECTOR('',#1005,1.);
#1005 = DIRECTION('',(1.,0.,0.));
#1006 = ORIENTED_EDGE('',*,*,#1007,.T.);
#1007 = EDGE_CURVE('',#1000,#1008,#1010,.T.);
#1008 = VERTEX_POINT('',#1009);
#1009 = CARTESIAN_POINT('',(0.95,-2.35,0.587106270774));
#1010 = LINE('',#1011,#1012);
#1011 = CARTESIAN_POINT('',(0.95,-2.35,0.));
#1012 = VECTOR('',#1013,1.);
#1013 = DIRECTION('',(0.,0.,1.));
#1014 = ORIENTED_EDGE('',*,*,#1015,.T.);
#1015 = EDGE_CURVE('',#1008,#1016,#1018,.T.);
#1016 = VERTEX_POINT('',#1017);
#1017 = CARTESIAN_POINT('',(-0.95,-2.35,0.587106270774));
#1018 = LINE('',#1019,#1020);
#1019 = CARTESIAN_POINT('',(0.95,-2.35,0.587106270774));
#1020 = VECTOR('',#1021,1.);
#1021 = DIRECTION('',(-1.,-0.,-0.));
#1022 = ORIENTED_EDGE('',*,*,#1023,.F.);
#1023 = EDGE_CURVE('',#709,#1016,#1024,.T.);
#1024 = LINE('',#1025,#1026);
#1025 = CARTESIAN_POINT('',(-0.95,-2.35,0.));
#1026 = VECTOR('',#1027,1.);
#1027 = DIRECTION('',(0.,0.,1.));
#1028 = PLANE('',#1029);
#1029 = AXIS2_PLACEMENT_3D('',#1030,#1031,#1032);
#1030 = CARTESIAN_POINT('',(-2.45,-2.35,0.));
#1031 = DIRECTION('',(0.,1.,0.));
#1032 = DIRECTION('',(1.,0.,0.));
#1033 = ADVANCED_FACE('',(#1034),#1059,.T.);
#1034 = FACE_BOUND('',#1035,.T.);
#1035 = EDGE_LOOP('',(#1036,#1042,#1043,#1044,#1052,#1058));
#1036 = ORIENTED_EDGE('',*,*,#1037,.F.);
#1037 = EDGE_CURVE('',#224,#628,#1038,.T.);
#1038 = LINE('',#1039,#1040);
#1039 = CARTESIAN_POINT('',(-5.,-1.549999999998,7.));
#1040 = VECTOR('',#1041,1.);
#1041 = DIRECTION('',(1.,0.,0.));
#1042 = ORIENTED_EDGE('',*,*,#231,.T.);
#1043 = ORIENTED_EDGE('',*,*,#734,.T.);
#1044 = ORIENTED_EDGE('',*,*,#1045,.F.);
#1045 = EDGE_CURVE('',#1046,#735,#1048,.T.);
#1046 = VERTEX_POINT('',#1047);
#1047 = CARTESIAN_POINT('',(-0.8,-1.6,7.));
#1048 = LINE('',#1049,#1050);
#1049 = CARTESIAN_POINT('',(-0.8,1.554312234475E-15,7.));
#1050 = VECTOR('',#1051,1.);
#1051 = DIRECTION('',(0.,-1.,2.22044604925E-16));
#1052 = ORIENTED_EDGE('',*,*,#1053,.F.);
#1053 = EDGE_CURVE('',#636,#1046,#1054,.T.);
#1054 = LINE('',#1055,#1056);
#1055 = CARTESIAN_POINT('',(-1.7,-1.6,7.));
#1056 = VECTOR('',#1057,1.);
#1057 = DIRECTION('',(1.,0.,0.));
#1058 = ORIENTED_EDGE('',*,*,#635,.F.);
#1059 = PLANE('',#1060);
#1060 = AXIS2_PLACEMENT_3D('',#1061,#1062,#1063);
#1061 = CARTESIAN_POINT('',(5.,0.525,7.));
#1062 = DIRECTION('',(0.,0.,1.));
#1063 = DIRECTION('',(1.,0.,0.));
#1064 = ADVANCED_FACE('',(#1065),#1071,.T.);
#1065 = FACE_BOUND('',#1066,.T.);
#1066 = EDGE_LOOP('',(#1067,#1068,#1069,#1070));
#1067 = ORIENTED_EDGE('',*,*,#223,.T.);
#1068 = ORIENTED_EDGE('',*,*,#1037,.T.);
#1069 = ORIENTED_EDGE('',*,*,#627,.F.);
#1070 = ORIENTED_EDGE('',*,*,#691,.F.);
#1071 = PLANE('',#1072);
#1072 = AXIS2_PLACEMENT_3D('',#1073,#1074,#1075);
#1073 = CARTESIAN_POINT('',(-5.,-1.549999999998,7.));
#1074 = DIRECTION('',(0.,1.,0.));
#1075 = DIRECTION('',(0.,0.,-1.));
#1076 = ADVANCED_FACE('',(#1077),#1095,.T.);
#1077 = FACE_BOUND('',#1078,.T.);
#1078 = EDGE_LOOP('',(#1079,#1080,#1088,#1094));
#1079 = ORIENTED_EDGE('',*,*,#675,.F.);
#1080 = ORIENTED_EDGE('',*,*,#1081,.T.);
#1081 = EDGE_CURVE('',#668,#1082,#1084,.T.);
#1082 = VERTEX_POINT('',#1083);
#1083 = CARTESIAN_POINT('',(11.7,2.65,1.25));
#1084 = LINE('',#1085,#1086);
#1085 = CARTESIAN_POINT('',(-1.7,2.65,1.25));
#1086 = VECTOR('',#1087,1.);
#1087 = DIRECTION('',(1.,0.,0.));
#1088 = ORIENTED_EDGE('',*,*,#1089,.T.);
#1089 = EDGE_CURVE('',#1082,#256,#1090,.T.);
#1090 = LINE('',#1091,#1092);
#1091 = CARTESIAN_POINT('',(11.7,2.65,1.25));
#1092 = VECTOR('',#1093,1.);
#1093 = DIRECTION('',(0.,0.,1.));
#1094 = ORIENTED_EDGE('',*,*,#263,.F.);
#1095 = PLANE('',#1096);
#1096 = AXIS2_PLACEMENT_3D('',#1097,#1098,#1099);
#1097 = CARTESIAN_POINT('',(-1.7,2.65,1.25));
#1098 = DIRECTION('',(0.,-1.,0.));
#1099 = DIRECTION('',(0.,0.,1.));
#1100 = ADVANCED_FACE('',(#1101),#1161,.F.);
#1101 = FACE_BOUND('',#1102,.F.);
#1102 = EDGE_LOOP('',(#1103,#1104,#1113,#1121,#1129,#1137,#1145,#1153,
    #1159,#1160));
#1103 = ORIENTED_EDGE('',*,*,#510,.T.);
#1104 = ORIENTED_EDGE('',*,*,#1105,.T.);
#1105 = EDGE_CURVE('',#511,#1106,#1108,.T.);
#1106 = VERTEX_POINT('',#1107);
#1107 = CARTESIAN_POINT('',(11.7,-1.549999999998,4.749999999997));
#1108 = CIRCLE('',#1109,0.849999999998);
#1109 = AXIS2_PLACEMENT_3D('',#1110,#1111,#1112);
#1110 = CARTESIAN_POINT('',(11.7,-0.7,4.749999999998));
#1111 = DIRECTION('',(-1.,0.,0.));
#1112 = DIRECTION('',(0.,1.,0.));
#1113 = ORIENTED_EDGE('',*,*,#1114,.T.);
#1114 = EDGE_CURVE('',#1106,#1115,#1117,.T.);
#1115 = VERTEX_POINT('',#1116);
#1116 = CARTESIAN_POINT('',(11.7,-1.549999999998,7.));
#1117 = LINE('',#1118,#1119);
#1118 = CARTESIAN_POINT('',(11.7,-1.549999999998,5.617949337881));
#1119 = VECTOR('',#1120,1.);
#1120 = DIRECTION('',(0.,0.,1.));
#1121 = ORIENTED_EDGE('',*,*,#1122,.T.);
#1122 = EDGE_CURVE('',#1115,#1123,#1125,.T.);
#1123 = VERTEX_POINT('',#1124);
#1124 = CARTESIAN_POINT('',(11.7,-1.6,7.));
#1125 = LINE('',#1126,#1127);
#1126 = CARTESIAN_POINT('',(11.7,2.65,7.));
#1127 = VECTOR('',#1128,1.);
#1128 = DIRECTION('',(0.,-1.,0.));
#1129 = ORIENTED_EDGE('',*,*,#1130,.T.);
#1130 = EDGE_CURVE('',#1123,#1131,#1133,.T.);
#1131 = VERTEX_POINT('',#1132);
#1132 = CARTESIAN_POINT('',(11.7,-1.6,1.9));
#1133 = LINE('',#1134,#1135);
#1134 = CARTESIAN_POINT('',(11.7,-1.6,7.));
#1135 = VECTOR('',#1136,1.);
#1136 = DIRECTION('',(0.,0.,-1.));
#1137 = ORIENTED_EDGE('',*,*,#1138,.T.);
#1138 = EDGE_CURVE('',#1131,#1139,#1141,.T.);
#1139 = VERTEX_POINT('',#1140);
#1140 = CARTESIAN_POINT('',(11.7,0.5,1.9));
#1141 = LINE('',#1142,#1143);
#1142 = CARTESIAN_POINT('',(11.7,-1.6,1.9));
#1143 = VECTOR('',#1144,1.);
#1144 = DIRECTION('',(0.,1.,0.));
#1145 = ORIENTED_EDGE('',*,*,#1146,.T.);
#1146 = EDGE_CURVE('',#1139,#1147,#1149,.T.);
#1147 = VERTEX_POINT('',#1148);
#1148 = CARTESIAN_POINT('',(11.7,0.875277674973,1.25));
#1149 = LINE('',#1150,#1151);
#1150 = CARTESIAN_POINT('',(11.7,0.5,1.9));
#1151 = VECTOR('',#1152,1.);
#1152 = DIRECTION('',(0.,0.5,-0.866025403784));
#1153 = ORIENTED_EDGE('',*,*,#1154,.T.);
#1154 = EDGE_CURVE('',#1147,#1082,#1155,.T.);
#1155 = LINE('',#1156,#1157);
#1156 = CARTESIAN_POINT('',(11.7,0.875277674973,1.25));
#1157 = VECTOR('',#1158,1.);
#1158 = DIRECTION('',(0.,1.,0.));
#1159 = ORIENTED_EDGE('',*,*,#1089,.T.);
#1160 = ORIENTED_EDGE('',*,*,#312,.T.);
#1161 = PLANE('',#1162);
#1162 = AXIS2_PLACEMENT_3D('',#1163,#1164,#1165);
#1163 = CARTESIAN_POINT('',(11.7,0.598118601855,4.235898675762));
#1164 = DIRECTION('',(1.,0.,0.));
#1165 = DIRECTION('',(0.,0.,1.));
#1166 = ADVANCED_FACE('',(#1167),#1179,.F.);
#1167 = FACE_BOUND('',#1168,.F.);
#1168 = EDGE_LOOP('',(#1169,#1170,#1176,#1177,#1178));
#1169 = ORIENTED_EDGE('',*,*,#326,.T.);
#1170 = ORIENTED_EDGE('',*,*,#1171,.T.);
#1171 = EDGE_CURVE('',#329,#872,#1172,.T.);
#1172 = LINE('',#1173,#1174);
#1173 = CARTESIAN_POINT('',(10.95,3.4,0.));
#1174 = VECTOR('',#1175,1.);
#1175 = DIRECTION('',(0.,-1.,0.));
#1176 = ORIENTED_EDGE('',*,*,#871,.T.);
#1177 = ORIENTED_EDGE('',*,*,#567,.T.);
#1178 = ORIENTED_EDGE('',*,*,#542,.T.);
#1179 = PLANE('',#1180);
#1180 = AXIS2_PLACEMENT_3D('',#1181,#1182,#1183);
#1181 = CARTESIAN_POINT('',(5.,0.525,0.));
#1182 = DIRECTION('',(0.,0.,1.));
#1183 = DIRECTION('',(1.,0.,0.));
#1184 = ADVANCED_FACE('',(#1185),#1212,.F.);
#1185 = FACE_BOUND('',#1186,.T.);
#1186 = EDGE_LOOP('',(#1187,#1195,#1203,#1209,#1210,#1211));
#1187 = ORIENTED_EDGE('',*,*,#1188,.T.);
#1188 = EDGE_CURVE('',#880,#1189,#1191,.T.);
#1189 = VERTEX_POINT('',#1190);
#1190 = CARTESIAN_POINT('',(10.95,-1.,0.2));
#1191 = LINE('',#1192,#1193);
#1192 = CARTESIAN_POINT('',(10.95,-2.35,0.587106270774));
#1193 = VECTOR('',#1194,1.);
#1194 = DIRECTION('',(0.,0.961261695938,-0.275637355817));
#1195 = ORIENTED_EDGE('',*,*,#1196,.T.);
#1196 = EDGE_CURVE('',#1189,#1197,#1199,.T.);
#1197 = VERTEX_POINT('',#1198);
#1198 = CARTESIAN_POINT('',(10.95,1.,0.2));
#1199 = LINE('',#1200,#1201);
#1200 = CARTESIAN_POINT('',(10.95,-1.,0.2));
#1201 = VECTOR('',#1202,1.);
#1202 = DIRECTION('',(0.,1.,0.));
#1203 = ORIENTED_EDGE('',*,*,#1204,.T.);
#1204 = EDGE_CURVE('',#1197,#489,#1205,.T.);
#1205 = LINE('',#1206,#1207);
#1206 = CARTESIAN_POINT('',(10.95,1.,0.2));
#1207 = VECTOR('',#1208,1.);
#1208 = DIRECTION('',(0.,0.96,0.28));
#1209 = ORIENTED_EDGE('',*,*,#496,.T.);
#1210 = ORIENTED_EDGE('',*,*,#1171,.T.);
#1211 = ORIENTED_EDGE('',*,*,#879,.T.);
#1212 = PLANE('',#1213);
#1213 = AXIS2_PLACEMENT_3D('',#1214,#1215,#1216);
#1214 = CARTESIAN_POINT('',(10.95,0.597090658555,0.221059411393));
#1215 = DIRECTION('',(1.,0.,0.));
#1216 = DIRECTION('',(0.,0.,1.));
#1217 = ADVANCED_FACE('',(#1218),#1236,.T.);
#1218 = FACE_BOUND('',#1219,.T.);
#1219 = EDGE_LOOP('',(#1220,#1228,#1234,#1235));
#1220 = ORIENTED_EDGE('',*,*,#1221,.T.);
#1221 = EDGE_CURVE('',#1197,#1222,#1224,.T.);
#1222 = VERTEX_POINT('',#1223);
#1223 = CARTESIAN_POINT('',(9.05,1.,0.2));
#1224 = LINE('',#1225,#1226);
#1225 = CARTESIAN_POINT('',(10.95,1.,0.2));
#1226 = VECTOR('',#1227,1.);
#1227 = DIRECTION('',(-1.,-0.,-0.));
#1228 = ORIENTED_EDGE('',*,*,#1229,.T.);
#1229 = EDGE_CURVE('',#1222,#481,#1230,.T.);
#1230 = LINE('',#1231,#1232);
#1231 = CARTESIAN_POINT('',(9.05,1.,0.2));
#1232 = VECTOR('',#1233,1.);
#1233 = DIRECTION('',(0.,0.96,0.28));
#1234 = ORIENTED_EDGE('',*,*,#488,.F.);
#1235 = ORIENTED_EDGE('',*,*,#1204,.F.);
#1236 = PLANE('',#1237);
#1237 = AXIS2_PLACEMENT_3D('',#1238,#1239,#1240);
#1238 = CARTESIAN_POINT('',(10.95,1.,0.2));
#1239 = DIRECTION('',(0.,0.28,-0.96));
#1240 = DIRECTION('',(0.,0.96,0.28));
#1241 = ADVANCED_FACE('',(#1242),#1267,.T.);
#1242 = FACE_BOUND('',#1243,.F.);
#1243 = EDGE_LOOP('',(#1244,#1252,#1258,#1259,#1260,#1266));
#1244 = ORIENTED_EDGE('',*,*,#1245,.T.);
#1245 = EDGE_CURVE('',#888,#1246,#1248,.T.);
#1246 = VERTEX_POINT('',#1247);
#1247 = CARTESIAN_POINT('',(9.05,-1.,0.2));
#1248 = LINE('',#1249,#1250);
#1249 = CARTESIAN_POINT('',(9.05,-2.35,0.587106270774));
#1250 = VECTOR('',#1251,1.);
#1251 = DIRECTION('',(0.,0.961261695938,-0.275637355817));
#1252 = ORIENTED_EDGE('',*,*,#1253,.T.);
#1253 = EDGE_CURVE('',#1246,#1222,#1254,.T.);
#1254 = LINE('',#1255,#1256);
#1255 = CARTESIAN_POINT('',(9.05,-1.,0.2));
#1256 = VECTOR('',#1257,1.);
#1257 = DIRECTION('',(0.,1.,0.));
#1258 = ORIENTED_EDGE('',*,*,#1229,.T.);
#1259 = ORIENTED_EDGE('',*,*,#480,.T.);
#1260 = ORIENTED_EDGE('',*,*,#1261,.T.);
#1261 = EDGE_CURVE('',#473,#896,#1262,.T.);
#1262 = LINE('',#1263,#1264);
#1263 = CARTESIAN_POINT('',(9.05,3.4,0.));
#1264 = VECTOR('',#1265,1.);
#1265 = DIRECTION('',(0.,-1.,0.));
#1266 = ORIENTED_EDGE('',*,*,#895,.T.);
#1267 = PLANE('',#1268);
#1268 = AXIS2_PLACEMENT_3D('',#1269,#1270,#1271);
#1269 = CARTESIAN_POINT('',(9.05,0.597090658555,0.221059411393));
#1270 = DIRECTION('',(1.,0.,0.));
#1271 = DIRECTION('',(0.,0.,1.));
#1272 = ADVANCED_FACE('',(#1273),#1284,.F.);
#1273 = FACE_BOUND('',#1274,.F.);
#1274 = EDGE_LOOP('',(#1275,#1276,#1282,#1283));
#1275 = ORIENTED_EDGE('',*,*,#472,.T.);
#1276 = ORIENTED_EDGE('',*,*,#1277,.T.);
#1277 = EDGE_CURVE('',#465,#904,#1278,.T.);
#1278 = LINE('',#1279,#1280);
#1279 = CARTESIAN_POINT('',(8.45,3.4,0.));
#1280 = VECTOR('',#1281,1.);
#1281 = DIRECTION('',(0.,-1.,0.));
#1282 = ORIENTED_EDGE('',*,*,#903,.T.);
#1283 = ORIENTED_EDGE('',*,*,#1261,.F.);
#1284 = PLANE('',#1285);
#1285 = AXIS2_PLACEMENT_3D('',#1286,#1287,#1288);
#1286 = CARTESIAN_POINT('',(5.,0.525,0.));
#1287 = DIRECTION('',(0.,0.,1.));
#1288 = DIRECTION('',(1.,0.,0.));
#1289 = ADVANCED_FACE('',(#1290),#1317,.T.);
#1290 = FACE_BOUND('',#1291,.F.);
#1291 = EDGE_LOOP('',(#1292,#1300,#1308,#1314,#1315,#1316));
#1292 = ORIENTED_EDGE('',*,*,#1293,.T.);
#1293 = EDGE_CURVE('',#1016,#1294,#1296,.T.);
#1294 = VERTEX_POINT('',#1295);
#1295 = CARTESIAN_POINT('',(-0.95,-1.,0.2));
#1296 = LINE('',#1297,#1298);
#1297 = CARTESIAN_POINT('',(-0.95,-2.35,0.587106270774));
#1298 = VECTOR('',#1299,1.);
#1299 = DIRECTION('',(0.,0.961261695938,-0.275637355817));
#1300 = ORIENTED_EDGE('',*,*,#1301,.T.);
#1301 = EDGE_CURVE('',#1294,#1302,#1304,.T.);
#1302 = VERTEX_POINT('',#1303);
#1303 = CARTESIAN_POINT('',(-0.95,1.,0.2));
#1304 = LINE('',#1305,#1306);
#1305 = CARTESIAN_POINT('',(-0.95,-1.,0.2));
#1306 = VECTOR('',#1307,1.);
#1307 = DIRECTION('',(0.,1.,0.));
#1308 = ORIENTED_EDGE('',*,*,#1309,.T.);
#1309 = EDGE_CURVE('',#1302,#353,#1310,.T.);
#1310 = LINE('',#1311,#1312);
#1311 = CARTESIAN_POINT('',(-0.95,1.,0.2));
#1312 = VECTOR('',#1313,1.);
#1313 = DIRECTION('',(0.,0.96,0.28));
#1314 = ORIENTED_EDGE('',*,*,#352,.T.);
#1315 = ORIENTED_EDGE('',*,*,#716,.T.);
#1316 = ORIENTED_EDGE('',*,*,#1023,.T.);
#1317 = PLANE('',#1318);
#1318 = AXIS2_PLACEMENT_3D('',#1319,#1320,#1321);
#1319 = CARTESIAN_POINT('',(-0.95,0.597090658555,0.221059411393));
#1320 = DIRECTION('',(1.,0.,0.));
#1321 = DIRECTION('',(0.,0.,1.));
#1322 = ADVANCED_FACE('',(#1323),#1350,.F.);
#1323 = FACE_BOUND('',#1324,.T.);
#1324 = EDGE_LOOP('',(#1325,#1333,#1341,#1347,#1348,#1349));
#1325 = ORIENTED_EDGE('',*,*,#1326,.T.);
#1326 = EDGE_CURVE('',#912,#1327,#1329,.T.);
#1327 = VERTEX_POINT('',#1328);
#1328 = CARTESIAN_POINT('',(8.45,-1.,0.2));
#1329 = LINE('',#1330,#1331);
#1330 = CARTESIAN_POINT('',(8.45,-2.35,0.587106270774));
#1331 = VECTOR('',#1332,1.);
#1332 = DIRECTION('',(0.,0.961261695938,-0.275637355817));
#1333 = ORIENTED_EDGE('',*,*,#1334,.T.);
#1334 = EDGE_CURVE('',#1327,#1335,#1337,.T.);
#1335 = VERTEX_POINT('',#1336);
#1336 = CARTESIAN_POINT('',(8.45,1.,0.2));
#1337 = LINE('',#1338,#1339);
#1338 = CARTESIAN_POINT('',(8.45,-1.,0.2));
#1339 = VECTOR('',#1340,1.);
#1340 = DIRECTION('',(0.,1.,0.));
#1341 = ORIENTED_EDGE('',*,*,#1342,.T.);
#1342 = EDGE_CURVE('',#1335,#457,#1343,.T.);
#1343 = LINE('',#1344,#1345);
#1344 = CARTESIAN_POINT('',(8.45,1.,0.2));
#1345 = VECTOR('',#1346,1.);
#1346 = DIRECTION('',(0.,0.96,0.28));
#1347 = ORIENTED_EDGE('',*,*,#464,.T.);
#1348 = ORIENTED_EDGE('',*,*,#1277,.T.);
#1349 = ORIENTED_EDGE('',*,*,#911,.T.);
#1350 = PLANE('',#1351);
#1351 = AXIS2_PLACEMENT_3D('',#1352,#1353,#1354);
#1352 = CARTESIAN_POINT('',(8.45,0.597090658555,0.221059411393));
#1353 = DIRECTION('',(1.,0.,0.));
#1354 = DIRECTION('',(0.,0.,1.));
#1355 = ADVANCED_FACE('',(#1356),#1374,.T.);
#1356 = FACE_BOUND('',#1357,.T.);
#1357 = EDGE_LOOP('',(#1358,#1366,#1367,#1368));
#1358 = ORIENTED_EDGE('',*,*,#1359,.T.);
#1359 = EDGE_CURVE('',#1360,#1302,#1362,.T.);
#1360 = VERTEX_POINT('',#1361);
#1361 = CARTESIAN_POINT('',(0.95,1.,0.2));
#1362 = LINE('',#1363,#1364);
#1363 = CARTESIAN_POINT('',(0.95,1.,0.2));
#1364 = VECTOR('',#1365,1.);
#1365 = DIRECTION('',(-1.,-0.,-0.));
#1366 = ORIENTED_EDGE('',*,*,#1309,.T.);
#1367 = ORIENTED_EDGE('',*,*,#360,.F.);
#1368 = ORIENTED_EDGE('',*,*,#1369,.F.);
#1369 = EDGE_CURVE('',#1360,#361,#1370,.T.);
#1370 = LINE('',#1371,#1372);
#1371 = CARTESIAN_POINT('',(0.95,1.,0.2));
#1372 = VECTOR('',#1373,1.);
#1373 = DIRECTION('',(0.,0.96,0.28));
#1374 = PLANE('',#1375);
#1375 = AXIS2_PLACEMENT_3D('',#1376,#1377,#1378);
#1376 = CARTESIAN_POINT('',(0.95,1.,0.2));
#1377 = DIRECTION('',(0.,0.28,-0.96));
#1378 = DIRECTION('',(0.,0.96,0.28));
#1379 = ADVANCED_FACE('',(#1380),#1398,.T.);
#1380 = FACE_BOUND('',#1381,.T.);
#1381 = EDGE_LOOP('',(#1382,#1390,#1396,#1397));
#1382 = ORIENTED_EDGE('',*,*,#1383,.T.);
#1383 = EDGE_CURVE('',#1335,#1384,#1386,.T.);
#1384 = VERTEX_POINT('',#1385);
#1385 = CARTESIAN_POINT('',(6.55,1.,0.2));
#1386 = LINE('',#1387,#1388);
#1387 = CARTESIAN_POINT('',(8.45,1.,0.2));
#1388 = VECTOR('',#1389,1.);
#1389 = DIRECTION('',(-1.,-0.,-0.));
#1390 = ORIENTED_EDGE('',*,*,#1391,.T.);
#1391 = EDGE_CURVE('',#1384,#449,#1392,.T.);
#1392 = LINE('',#1393,#1394);
#1393 = CARTESIAN_POINT('',(6.55,1.,0.2));
#1394 = VECTOR('',#1395,1.);
#1395 = DIRECTION('',(0.,0.96,0.28));
#1396 = ORIENTED_EDGE('',*,*,#456,.F.);
#1397 = ORIENTED_EDGE('',*,*,#1342,.F.);
#1398 = PLANE('',#1399);
#1399 = AXIS2_PLACEMENT_3D('',#1400,#1401,#1402);
#1400 = CARTESIAN_POINT('',(8.45,1.,0.2));
#1401 = DIRECTION('',(0.,0.28,-0.96));
#1402 = DIRECTION('',(0.,0.96,0.28));
#1403 = ADVANCED_FACE('',(#1404),#1429,.F.);
#1404 = FACE_BOUND('',#1405,.T.);
#1405 = EDGE_LOOP('',(#1406,#1414,#1420,#1421,#1422,#1428));
#1406 = ORIENTED_EDGE('',*,*,#1407,.T.);
#1407 = EDGE_CURVE('',#1008,#1408,#1410,.T.);
#1408 = VERTEX_POINT('',#1409);
#1409 = CARTESIAN_POINT('',(0.95,-1.,0.2));
#1410 = LINE('',#1411,#1412);
#1411 = CARTESIAN_POINT('',(0.95,-2.35,0.587106270774));
#1412 = VECTOR('',#1413,1.);
#1413 = DIRECTION('',(0.,0.961261695938,-0.275637355817));
#1414 = ORIENTED_EDGE('',*,*,#1415,.T.);
#1415 = EDGE_CURVE('',#1408,#1360,#1416,.T.);
#1416 = LINE('',#1417,#1418);
#1417 = CARTESIAN_POINT('',(0.95,-1.,0.2));
#1418 = VECTOR('',#1419,1.);
#1419 = DIRECTION('',(0.,1.,0.));
#1420 = ORIENTED_EDGE('',*,*,#1369,.T.);
#1421 = ORIENTED_EDGE('',*,*,#368,.T.);
#1422 = ORIENTED_EDGE('',*,*,#1423,.T.);
#1423 = EDGE_CURVE('',#369,#1000,#1424,.T.);
#1424 = LINE('',#1425,#1426);
#1425 = CARTESIAN_POINT('',(0.95,3.4,0.));
#1426 = VECTOR('',#1427,1.);
#1427 = DIRECTION('',(0.,-1.,0.));
#1428 = ORIENTED_EDGE('',*,*,#1007,.T.);
#1429 = PLANE('',#1430);
#1430 = AXIS2_PLACEMENT_3D('',#1431,#1432,#1433);
#1431 = CARTESIAN_POINT('',(0.95,0.597090658555,0.221059411393));
#1432 = DIRECTION('',(1.,0.,0.));
#1433 = DIRECTION('',(0.,0.,1.));
#1434 = ADVANCED_FACE('',(#1435),#1460,.T.);
#1435 = FACE_BOUND('',#1436,.F.);
#1436 = EDGE_LOOP('',(#1437,#1445,#1451,#1452,#1453,#1459));
#1437 = ORIENTED_EDGE('',*,*,#1438,.T.);
#1438 = EDGE_CURVE('',#920,#1439,#1441,.T.);
#1439 = VERTEX_POINT('',#1440);
#1440 = CARTESIAN_POINT('',(6.55,-1.,0.2));
#1441 = LINE('',#1442,#1443);
#1442 = CARTESIAN_POINT('',(6.55,-2.35,0.587106270774));
#1443 = VECTOR('',#1444,1.);
#1444 = DIRECTION('',(0.,0.961261695938,-0.275637355817));
#1445 = ORIENTED_EDGE('',*,*,#1446,.T.);
#1446 = EDGE_CURVE('',#1439,#1384,#1447,.T.);
#1447 = LINE('',#1448,#1449);
#1448 = CARTESIAN_POINT('',(6.55,-1.,0.2));
#1449 = VECTOR('',#1450,1.);
#1450 = DIRECTION('',(0.,1.,0.));
#1451 = ORIENTED_EDGE('',*,*,#1391,.T.);
#1452 = ORIENTED_EDGE('',*,*,#448,.T.);
#1453 = ORIENTED_EDGE('',*,*,#1454,.T.);
#1454 = EDGE_CURVE('',#441,#928,#1455,.T.);
#1455 = LINE('',#1456,#1457);
#1456 = CARTESIAN_POINT('',(6.55,3.4,0.));
#1457 = VECTOR('',#1458,1.);
#1458 = DIRECTION('',(0.,-1.,0.));
#1459 = ORIENTED_EDGE('',*,*,#927,.T.);
#1460 = PLANE('',#1461);
#1461 = AXIS2_PLACEMENT_3D('',#1462,#1463,#1464);
#1462 = CARTESIAN_POINT('',(6.55,0.597090658555,0.221059411393));
#1463 = DIRECTION('',(1.,0.,0.));
#1464 = DIRECTION('',(0.,0.,1.));
#1465 = ADVANCED_FACE('',(#1466),#1477,.F.);
#1466 = FACE_BOUND('',#1467,.F.);
#1467 = EDGE_LOOP('',(#1468,#1469,#1470,#1471));
#1468 = ORIENTED_EDGE('',*,*,#376,.T.);
#1469 = ORIENTED_EDGE('',*,*,#1423,.T.);
#1470 = ORIENTED_EDGE('',*,*,#999,.T.);
#1471 = ORIENTED_EDGE('',*,*,#1472,.F.);
#1472 = EDGE_CURVE('',#377,#992,#1473,.T.);
#1473 = LINE('',#1474,#1475);
#1474 = CARTESIAN_POINT('',(1.55,3.4,0.));
#1475 = VECTOR('',#1476,1.);
#1476 = DIRECTION('',(0.,-1.,0.));
#1477 = PLANE('',#1478);
#1478 = AXIS2_PLACEMENT_3D('',#1479,#1480,#1481);
#1479 = CARTESIAN_POINT('',(5.,0.525,0.));
#1480 = DIRECTION('',(0.,0.,1.));
#1481 = DIRECTION('',(1.,0.,0.));
#1482 = ADVANCED_FACE('',(#1483),#1494,.F.);
#1483 = FACE_BOUND('',#1484,.F.);
#1484 = EDGE_LOOP('',(#1485,#1486,#1492,#1493));
#1485 = ORIENTED_EDGE('',*,*,#440,.T.);
#1486 = ORIENTED_EDGE('',*,*,#1487,.T.);
#1487 = EDGE_CURVE('',#433,#936,#1488,.T.);
#1488 = LINE('',#1489,#1490);
#1489 = CARTESIAN_POINT('',(5.95,3.4,0.));
#1490 = VECTOR('',#1491,1.);
#1491 = DIRECTION('',(0.,-1.,0.));
#1492 = ORIENTED_EDGE('',*,*,#935,.T.);
#1493 = ORIENTED_EDGE('',*,*,#1454,.F.);
#1494 = PLANE('',#1495);
#1495 = AXIS2_PLACEMENT_3D('',#1496,#1497,#1498);
#1496 = CARTESIAN_POINT('',(5.,0.525,0.));
#1497 = DIRECTION('',(0.,0.,1.));
#1498 = DIRECTION('',(1.,0.,0.));
#1499 = ADVANCED_FACE('',(#1500),#1527,.T.);
#1500 = FACE_BOUND('',#1501,.F.);
#1501 = EDGE_LOOP('',(#1502,#1510,#1518,#1524,#1525,#1526));
#1502 = ORIENTED_EDGE('',*,*,#1503,.T.);
#1503 = EDGE_CURVE('',#984,#1504,#1506,.T.);
#1504 = VERTEX_POINT('',#1505);
#1505 = CARTESIAN_POINT('',(1.55,-1.,0.2));
#1506 = LINE('',#1507,#1508);
#1507 = CARTESIAN_POINT('',(1.55,-2.35,0.587106270774));
#1508 = VECTOR('',#1509,1.);
#1509 = DIRECTION('',(0.,0.961261695938,-0.275637355817));
#1510 = ORIENTED_EDGE('',*,*,#1511,.T.);
#1511 = EDGE_CURVE('',#1504,#1512,#1514,.T.);
#1512 = VERTEX_POINT('',#1513);
#1513 = CARTESIAN_POINT('',(1.55,1.,0.2));
#1514 = LINE('',#1515,#1516);
#1515 = CARTESIAN_POINT('',(1.55,-1.,0.2));
#1516 = VECTOR('',#1517,1.);
#1517 = DIRECTION('',(0.,1.,0.));
#1518 = ORIENTED_EDGE('',*,*,#1519,.T.);
#1519 = EDGE_CURVE('',#1512,#385,#1520,.T.);
#1520 = LINE('',#1521,#1522);
#1521 = CARTESIAN_POINT('',(1.55,1.,0.2));
#1522 = VECTOR('',#1523,1.);
#1523 = DIRECTION('',(0.,0.96,0.28));
#1524 = ORIENTED_EDGE('',*,*,#384,.T.);
#1525 = ORIENTED_EDGE('',*,*,#1472,.T.);
#1526 = ORIENTED_EDGE('',*,*,#991,.T.);
#1527 = PLANE('',#1528);
#1528 = AXIS2_PLACEMENT_3D('',#1529,#1530,#1531);
#1529 = CARTESIAN_POINT('',(1.55,0.597090658555,0.221059411393));
#1530 = DIRECTION('',(1.,0.,0.));
#1531 = DIRECTION('',(0.,0.,1.));
#1532 = ADVANCED_FACE('',(#1533),#1560,.F.);
#1533 = FACE_BOUND('',#1534,.T.);
#1534 = EDGE_LOOP('',(#1535,#1543,#1551,#1557,#1558,#1559));
#1535 = ORIENTED_EDGE('',*,*,#1536,.T.);
#1536 = EDGE_CURVE('',#944,#1537,#1539,.T.);
#1537 = VERTEX_POINT('',#1538);
#1538 = CARTESIAN_POINT('',(5.95,-1.,0.2));
#1539 = LINE('',#1540,#1541);
#1540 = CARTESIAN_POINT('',(5.95,-2.35,0.587106270774));
#1541 = VECTOR('',#1542,1.);
#1542 = DIRECTION('',(0.,0.961261695938,-0.275637355817));
#1543 = ORIENTED_EDGE('',*,*,#1544,.T.);
#1544 = EDGE_CURVE('',#1537,#1545,#1547,.T.);
#1545 = VERTEX_POINT('',#1546);
#1546 = CARTESIAN_POINT('',(5.95,1.,0.2));
#1547 = LINE('',#1548,#1549);
#1548 = CARTESIAN_POINT('',(5.95,-1.,0.2));
#1549 = VECTOR('',#1550,1.);
#1550 = DIRECTION('',(0.,1.,0.));
#1551 = ORIENTED_EDGE('',*,*,#1552,.T.);
#1552 = EDGE_CURVE('',#1545,#425,#1553,.T.);
#1553 = LINE('',#1554,#1555);
#1554 = CARTESIAN_POINT('',(5.95,1.,0.2));
#1555 = VECTOR('',#1556,1.);
#1556 = DIRECTION('',(0.,0.96,0.28));
#1557 = ORIENTED_EDGE('',*,*,#432,.T.);
#1558 = ORIENTED_EDGE('',*,*,#1487,.T.);
#1559 = ORIENTED_EDGE('',*,*,#943,.T.);
#1560 = PLANE('',#1561);
#1561 = AXIS2_PLACEMENT_3D('',#1562,#1563,#1564);
#1562 = CARTESIAN_POINT('',(5.95,0.597090658555,0.221059411393));
#1563 = DIRECTION('',(1.,0.,0.));
#1564 = DIRECTION('',(0.,0.,1.));
#1565 = ADVANCED_FACE('',(#1566),#1584,.T.);
#1566 = FACE_BOUND('',#1567,.T.);
#1567 = EDGE_LOOP('',(#1568,#1576,#1577,#1578));
#1568 = ORIENTED_EDGE('',*,*,#1569,.T.);
#1569 = EDGE_CURVE('',#1570,#1512,#1572,.T.);
#1570 = VERTEX_POINT('',#1571);
#1571 = CARTESIAN_POINT('',(3.45,1.,0.2));
#1572 = LINE('',#1573,#1574);
#1573 = CARTESIAN_POINT('',(3.45,1.,0.2));
#1574 = VECTOR('',#1575,1.);
#1575 = DIRECTION('',(-1.,-0.,-0.));
#1576 = ORIENTED_EDGE('',*,*,#1519,.T.);
#1577 = ORIENTED_EDGE('',*,*,#392,.F.);
#1578 = ORIENTED_EDGE('',*,*,#1579,.F.);
#1579 = EDGE_CURVE('',#1570,#393,#1580,.T.);
#1580 = LINE('',#1581,#1582);
#1581 = CARTESIAN_POINT('',(3.45,1.,0.2));
#1582 = VECTOR('',#1583,1.);
#1583 = DIRECTION('',(0.,0.96,0.28));
#1584 = PLANE('',#1585);
#1585 = AXIS2_PLACEMENT_3D('',#1586,#1587,#1588);
#1586 = CARTESIAN_POINT('',(3.45,1.,0.2));
#1587 = DIRECTION('',(0.,0.28,-0.96));
#1588 = DIRECTION('',(0.,0.96,0.28));
#1589 = ADVANCED_FACE('',(#1590),#1608,.T.);
#1590 = FACE_BOUND('',#1591,.T.);
#1591 = EDGE_LOOP('',(#1592,#1600,#1606,#1607));
#1592 = ORIENTED_EDGE('',*,*,#1593,.T.);
#1593 = EDGE_CURVE('',#1545,#1594,#1596,.T.);
#1594 = VERTEX_POINT('',#1595);
#1595 = CARTESIAN_POINT('',(4.05,1.,0.2));
#1596 = LINE('',#1597,#1598);
#1597 = CARTESIAN_POINT('',(5.95,1.,0.2));
#1598 = VECTOR('',#1599,1.);
#1599 = DIRECTION('',(-1.,-0.,-0.));
#1600 = ORIENTED_EDGE('',*,*,#1601,.T.);
#1601 = EDGE_CURVE('',#1594,#417,#1602,.T.);
#1602 = LINE('',#1603,#1604);
#1603 = CARTESIAN_POINT('',(4.05,1.,0.2));
#1604 = VECTOR('',#1605,1.);
#1605 = DIRECTION('',(0.,0.96,0.28));
#1606 = ORIENTED_EDGE('',*,*,#424,.F.);
#1607 = ORIENTED_EDGE('',*,*,#1552,.F.);
#1608 = PLANE('',#1609);
#1609 = AXIS2_PLACEMENT_3D('',#1610,#1611,#1612);
#1610 = CARTESIAN_POINT('',(5.95,1.,0.2));
#1611 = DIRECTION('',(0.,0.28,-0.96));
#1612 = DIRECTION('',(0.,0.96,0.28));
#1613 = ADVANCED_FACE('',(#1614),#1639,.F.);
#1614 = FACE_BOUND('',#1615,.T.);
#1615 = EDGE_LOOP('',(#1616,#1624,#1630,#1631,#1632,#1638));
#1616 = ORIENTED_EDGE('',*,*,#1617,.T.);
#1617 = EDGE_CURVE('',#976,#1618,#1620,.T.);
#1618 = VERTEX_POINT('',#1619);
#1619 = CARTESIAN_POINT('',(3.45,-1.,0.2));
#1620 = LINE('',#1621,#1622);
#1621 = CARTESIAN_POINT('',(3.45,-2.35,0.587106270774));
#1622 = VECTOR('',#1623,1.);
#1623 = DIRECTION('',(0.,0.961261695938,-0.275637355817));
#1624 = ORIENTED_EDGE('',*,*,#1625,.T.);
#1625 = EDGE_CURVE('',#1618,#1570,#1626,.T.);
#1626 = LINE('',#1627,#1628);
#1627 = CARTESIAN_POINT('',(3.45,-1.,0.2));
#1628 = VECTOR('',#1629,1.);
#1629 = DIRECTION('',(0.,1.,0.));
#1630 = ORIENTED_EDGE('',*,*,#1579,.T.);
#1631 = ORIENTED_EDGE('',*,*,#400,.T.);
#1632 = ORIENTED_EDGE('',*,*,#1633,.T.);
#1633 = EDGE_CURVE('',#401,#968,#1634,.T.);
#1634 = LINE('',#1635,#1636);
#1635 = CARTESIAN_POINT('',(3.45,3.4,0.));
#1636 = VECTOR('',#1637,1.);
#1637 = DIRECTION('',(0.,-1.,0.));
#1638 = ORIENTED_EDGE('',*,*,#975,.T.);
#1639 = PLANE('',#1640);
#1640 = AXIS2_PLACEMENT_3D('',#1641,#1642,#1643);
#1641 = CARTESIAN_POINT('',(3.45,0.597090658555,0.221059411393));
#1642 = DIRECTION('',(1.,0.,0.));
#1643 = DIRECTION('',(0.,0.,1.));
#1644 = ADVANCED_FACE('',(#1645),#1670,.T.);
#1645 = FACE_BOUND('',#1646,.F.);
#1646 = EDGE_LOOP('',(#1647,#1655,#1661,#1662,#1663,#1669));
#1647 = ORIENTED_EDGE('',*,*,#1648,.T.);
#1648 = EDGE_CURVE('',#952,#1649,#1651,.T.);
#1649 = VERTEX_POINT('',#1650);
#1650 = CARTESIAN_POINT('',(4.05,-1.,0.2));
#1651 = LINE('',#1652,#1653);
#1652 = CARTESIAN_POINT('',(4.05,-2.35,0.587106270774));
#1653 = VECTOR('',#1654,1.);
#1654 = DIRECTION('',(0.,0.961261695938,-0.275637355817));
#1655 = ORIENTED_EDGE('',*,*,#1656,.T.);
#1656 = EDGE_CURVE('',#1649,#1594,#1657,.T.);
#1657 = LINE('',#1658,#1659);
#1658 = CARTESIAN_POINT('',(4.05,-1.,0.2));
#1659 = VECTOR('',#1660,1.);
#1660 = DIRECTION('',(0.,1.,0.));
#1661 = ORIENTED_EDGE('',*,*,#1601,.T.);
#1662 = ORIENTED_EDGE('',*,*,#416,.T.);
#1663 = ORIENTED_EDGE('',*,*,#1664,.T.);
#1664 = EDGE_CURVE('',#409,#960,#1665,.T.);
#1665 = LINE('',#1666,#1667);
#1666 = CARTESIAN_POINT('',(4.05,3.4,0.));
#1667 = VECTOR('',#1668,1.);
#1668 = DIRECTION('',(0.,-1.,0.));
#1669 = ORIENTED_EDGE('',*,*,#959,.T.);
#1670 = PLANE('',#1671);
#1671 = AXIS2_PLACEMENT_3D('',#1672,#1673,#1674);
#1672 = CARTESIAN_POINT('',(4.05,0.597090658555,0.221059411393));
#1673 = DIRECTION('',(1.,0.,0.));
#1674 = DIRECTION('',(0.,0.,1.));
#1675 = ADVANCED_FACE('',(#1676),#1682,.F.);
#1676 = FACE_BOUND('',#1677,.F.);
#1677 = EDGE_LOOP('',(#1678,#1679,#1680,#1681));
#1678 = ORIENTED_EDGE('',*,*,#408,.T.);
#1679 = ORIENTED_EDGE('',*,*,#1633,.T.);
#1680 = ORIENTED_EDGE('',*,*,#967,.T.);
#1681 = ORIENTED_EDGE('',*,*,#1664,.F.);
#1682 = PLANE('',#1683);
#1683 = AXIS2_PLACEMENT_3D('',#1684,#1685,#1686);
#1684 = CARTESIAN_POINT('',(5.,0.525,0.));
#1685 = DIRECTION('',(0.,0.,1.));
#1686 = DIRECTION('',(1.,0.,0.));
#1687 = ADVANCED_FACE('',(#1688),#1699,.F.);
#1688 = FACE_BOUND('',#1689,.T.);
#1689 = EDGE_LOOP('',(#1690,#1691,#1697,#1698));
#1690 = ORIENTED_EDGE('',*,*,#1105,.T.);
#1691 = ORIENTED_EDGE('',*,*,#1692,.T.);
#1692 = EDGE_CURVE('',#1106,#592,#1693,.T.);
#1693 = LINE('',#1694,#1695);
#1694 = CARTESIAN_POINT('',(-5.,-1.549999999998,4.749999999997));
#1695 = VECTOR('',#1696,1.);
#1696 = DIRECTION('',(1.,0.,0.));
#1697 = ORIENTED_EDGE('',*,*,#599,.F.);
#1698 = ORIENTED_EDGE('',*,*,#518,.F.);
#1699 = CYLINDRICAL_SURFACE('',#1700,0.849999999998);
#1700 = AXIS2_PLACEMENT_3D('',#1701,#1702,#1703);
#1701 = CARTESIAN_POINT('',(-5.,-0.7,4.749999999998));
#1702 = DIRECTION('',(-1.,-0.,-0.));
#1703 = DIRECTION('',(0.,1.,0.));
#1704 = ADVANCED_FACE('',(#1705),#1730,.T.);
#1705 = FACE_BOUND('',#1706,.T.);
#1706 = EDGE_LOOP('',(#1707,#1715,#1716,#1717,#1723,#1724));
#1707 = ORIENTED_EDGE('',*,*,#1708,.T.);
#1708 = EDGE_CURVE('',#1709,#857,#1711,.T.);
#1709 = VERTEX_POINT('',#1710);
#1710 = CARTESIAN_POINT('',(10.8,-1.6,7.));
#1711 = LINE('',#1712,#1713);
#1712 = CARTESIAN_POINT('',(10.8,1.554312234475E-15,7.));
#1713 = VECTOR('',#1714,1.);
#1714 = DIRECTION('',(0.,-1.,2.22044604925E-16));
#1715 = ORIENTED_EDGE('',*,*,#864,.T.);
#1716 = ORIENTED_EDGE('',*,*,#583,.T.);
#1717 = ORIENTED_EDGE('',*,*,#1718,.F.);
#1718 = EDGE_CURVE('',#1115,#584,#1719,.T.);
#1719 = LINE('',#1720,#1721);
#1720 = CARTESIAN_POINT('',(-5.,-1.549999999998,7.));
#1721 = VECTOR('',#1722,1.);
#1722 = DIRECTION('',(1.,0.,0.));
#1723 = ORIENTED_EDGE('',*,*,#1122,.T.);
#1724 = ORIENTED_EDGE('',*,*,#1725,.F.);
#1725 = EDGE_CURVE('',#1709,#1123,#1726,.T.);
#1726 = LINE('',#1727,#1728);
#1727 = CARTESIAN_POINT('',(-1.7,-1.6,7.));
#1728 = VECTOR('',#1729,1.);
#1729 = DIRECTION('',(1.,0.,0.));
#1730 = PLANE('',#1731);
#1731 = AXIS2_PLACEMENT_3D('',#1732,#1733,#1734);
#1732 = CARTESIAN_POINT('',(5.,0.525,7.));
#1733 = DIRECTION('',(0.,0.,1.));
#1734 = DIRECTION('',(1.,0.,0.));
#1735 = ADVANCED_FACE('',(#1736),#1742,.T.);
#1736 = FACE_BOUND('',#1737,.T.);
#1737 = EDGE_LOOP('',(#1738,#1739,#1740,#1741));
#1738 = ORIENTED_EDGE('',*,*,#1114,.T.);
#1739 = ORIENTED_EDGE('',*,*,#1718,.T.);
#1740 = ORIENTED_EDGE('',*,*,#591,.T.);
#1741 = ORIENTED_EDGE('',*,*,#1692,.F.);
#1742 = PLANE('',#1743);
#1743 = AXIS2_PLACEMENT_3D('',#1744,#1745,#1746);
#1744 = CARTESIAN_POINT('',(-5.,-1.549999999998,7.));
#1745 = DIRECTION('',(0.,1.,0.));
#1746 = DIRECTION('',(0.,0.,-1.));
#1747 = ADVANCED_FACE('',(#1748),#1759,.T.);
#1748 = FACE_BOUND('',#1749,.T.);
#1749 = EDGE_LOOP('',(#1750,#1756,#1757,#1758));
#1750 = ORIENTED_EDGE('',*,*,#1751,.T.);
#1751 = EDGE_CURVE('',#660,#1147,#1752,.T.);
#1752 = LINE('',#1753,#1754);
#1753 = CARTESIAN_POINT('',(-1.7,0.875277674973,1.25));
#1754 = VECTOR('',#1755,1.);
#1755 = DIRECTION('',(1.,0.,0.));
#1756 = ORIENTED_EDGE('',*,*,#1154,.T.);
#1757 = ORIENTED_EDGE('',*,*,#1081,.F.);
#1758 = ORIENTED_EDGE('',*,*,#667,.F.);
#1759 = PLANE('',#1760);
#1760 = AXIS2_PLACEMENT_3D('',#1761,#1762,#1763);
#1761 = CARTESIAN_POINT('',(-1.7,0.875277674973,1.25));
#1762 = DIRECTION('',(0.,0.,1.));
#1763 = DIRECTION('',(0.,1.,0.));
#1764 = ADVANCED_FACE('',(#1765),#1776,.T.);
#1765 = FACE_BOUND('',#1766,.T.);
#1766 = EDGE_LOOP('',(#1767,#1773,#1774,#1775));
#1767 = ORIENTED_EDGE('',*,*,#1768,.T.);
#1768 = EDGE_CURVE('',#652,#1139,#1769,.T.);
#1769 = LINE('',#1770,#1771);
#1770 = CARTESIAN_POINT('',(-1.7,0.5,1.9));
#1771 = VECTOR('',#1772,1.);
#1772 = DIRECTION('',(1.,0.,0.));
#1773 = ORIENTED_EDGE('',*,*,#1146,.T.);
#1774 = ORIENTED_EDGE('',*,*,#1751,.F.);
#1775 = ORIENTED_EDGE('',*,*,#659,.F.);
#1776 = PLANE('',#1777);
#1777 = AXIS2_PLACEMENT_3D('',#1778,#1779,#1780);
#1778 = CARTESIAN_POINT('',(-1.7,0.5,1.9));
#1779 = DIRECTION('',(0.,0.866025403784,0.5));
#1780 = DIRECTION('',(0.,0.5,-0.866025403784));
#1781 = ADVANCED_FACE('',(#1782),#1914,.T.);
#1782 = FACE_BOUND('',#1783,.T.);
#1783 = EDGE_LOOP('',(#1784,#1785,#1786,#1794,#1802,#1810,#1818,#1827,
    #1835,#1843,#1851,#1859,#1867,#1876,#1884,#1892,#1900,#1906,#1907,
    #1908));
#1784 = ORIENTED_EDGE('',*,*,#643,.F.);
#1785 = ORIENTED_EDGE('',*,*,#1053,.T.);
#1786 = ORIENTED_EDGE('',*,*,#1787,.F.);
#1787 = EDGE_CURVE('',#1788,#1046,#1790,.T.);
#1788 = VERTEX_POINT('',#1789);
#1789 = CARTESIAN_POINT('',(-0.8,-1.6,6.8));
#1790 = LINE('',#1791,#1792);
#1791 = CARTESIAN_POINT('',(-0.8,-1.6,6.9));
#1792 = VECTOR('',#1793,1.);
#1793 = DIRECTION('',(0.,0.,1.));
#1794 = ORIENTED_EDGE('',*,*,#1795,.F.);
#1795 = EDGE_CURVE('',#1796,#1788,#1798,.T.);
#1796 = VERTEX_POINT('',#1797);
#1797 = CARTESIAN_POINT('',(-0.4,-1.6,6.4));
#1798 = LINE('',#1799,#1800);
#1799 = CARTESIAN_POINT('',(-0.875,-1.6,6.875));
#1800 = VECTOR('',#1801,1.);
#1801 = DIRECTION('',(-0.707106781187,0.,0.707106781187));
#1802 = ORIENTED_EDGE('',*,*,#1803,.F.);
#1803 = EDGE_CURVE('',#1804,#1796,#1806,.T.);
#1804 = VERTEX_POINT('',#1805);
#1805 = CARTESIAN_POINT('',(-0.8,-1.6,6.));
#1806 = LINE('',#1807,#1808);
#1807 = CARTESIAN_POINT('',(-0.775,-1.6,6.025));
#1808 = VECTOR('',#1809,1.);
#1809 = DIRECTION('',(0.707106781187,0.,0.707106781187));
#1810 = ORIENTED_EDGE('',*,*,#1811,.F.);
#1811 = EDGE_CURVE('',#1812,#1804,#1814,.T.);
#1812 = VERTEX_POINT('',#1813);
#1813 = CARTESIAN_POINT('',(-0.8,-1.6,3.9));
#1814 = LINE('',#1815,#1816);
#1815 = CARTESIAN_POINT('',(-0.8,-1.6,5.45));
#1816 = VECTOR('',#1817,1.);
#1817 = DIRECTION('',(0.,0.,1.));
#1818 = ORIENTED_EDGE('',*,*,#1819,.F.);
#1819 = EDGE_CURVE('',#1820,#1812,#1822,.T.);
#1820 = VERTEX_POINT('',#1821);
#1821 = CARTESIAN_POINT('',(-0.1,-1.6,3.2));
#1822 = CIRCLE('',#1823,0.7);
#1823 = AXIS2_PLACEMENT_3D('',#1824,#1825,#1826);
#1824 = CARTESIAN_POINT('',(-0.1,-1.6,3.9));
#1825 = DIRECTION('',(0.,1.,-2.22044604925E-16));
#1826 = DIRECTION('',(1.,0.,0.));
#1827 = ORIENTED_EDGE('',*,*,#1828,.F.);
#1828 = EDGE_CURVE('',#1829,#1820,#1831,.T.);
#1829 = VERTEX_POINT('',#1830);
#1830 = CARTESIAN_POINT('',(1.05,-1.6,3.2));
#1831 = LINE('',#1832,#1833);
#1832 = CARTESIAN_POINT('',(-0.325,-1.6,3.2));
#1833 = VECTOR('',#1834,1.);
#1834 = DIRECTION('',(-1.,0.,0.));
#1835 = ORIENTED_EDGE('',*,*,#1836,.F.);
#1836 = EDGE_CURVE('',#1837,#1829,#1839,.T.);
#1837 = VERTEX_POINT('',#1838);
#1838 = CARTESIAN_POINT('',(1.05,-1.6,7.));
#1839 = LINE('',#1840,#1841);
#1840 = CARTESIAN_POINT('',(1.05,-1.6,7.));
#1841 = VECTOR('',#1842,1.);
#1842 = DIRECTION('',(0.,0.,-1.));
#1843 = ORIENTED_EDGE('',*,*,#1844,.T.);
#1844 = EDGE_CURVE('',#1837,#1845,#1847,.T.);
#1845 = VERTEX_POINT('',#1846);
#1846 = CARTESIAN_POINT('',(8.95,-1.6,7.));
#1847 = LINE('',#1848,#1849);
#1848 = CARTESIAN_POINT('',(-1.7,-1.6,7.));
#1849 = VECTOR('',#1850,1.);
#1850 = DIRECTION('',(1.,0.,0.));
#1851 = ORIENTED_EDGE('',*,*,#1852,.T.);
#1852 = EDGE_CURVE('',#1845,#1853,#1855,.T.);
#1853 = VERTEX_POINT('',#1854);
#1854 = CARTESIAN_POINT('',(8.95,-1.6,3.2));
#1855 = LINE('',#1856,#1857);
#1856 = CARTESIAN_POINT('',(8.95,-1.6,7.));
#1857 = VECTOR('',#1858,1.);
#1858 = DIRECTION('',(0.,0.,-1.));
#1859 = ORIENTED_EDGE('',*,*,#1860,.T.);
#1860 = EDGE_CURVE('',#1853,#1861,#1863,.T.);
#1861 = VERTEX_POINT('',#1862);
#1862 = CARTESIAN_POINT('',(10.1,-1.6,3.2));
#1863 = LINE('',#1864,#1865);
#1864 = CARTESIAN_POINT('',(3.625,-1.6,3.2));
#1865 = VECTOR('',#1866,1.);
#1866 = DIRECTION('',(1.,0.,0.));
#1867 = ORIENTED_EDGE('',*,*,#1868,.F.);
#1868 = EDGE_CURVE('',#1869,#1861,#1871,.T.);
#1869 = VERTEX_POINT('',#1870);
#1870 = CARTESIAN_POINT('',(10.8,-1.6,3.9));
#1871 = CIRCLE('',#1872,0.7);
#1872 = AXIS2_PLACEMENT_3D('',#1873,#1874,#1875);
#1873 = CARTESIAN_POINT('',(10.1,-1.6,3.9));
#1874 = DIRECTION('',(0.,1.,-2.22044604925E-16));
#1875 = DIRECTION('',(1.,0.,0.));
#1876 = ORIENTED_EDGE('',*,*,#1877,.T.);
#1877 = EDGE_CURVE('',#1869,#1878,#1880,.T.);
#1878 = VERTEX_POINT('',#1879);
#1879 = CARTESIAN_POINT('',(10.8,-1.6,6.));
#1880 = LINE('',#1881,#1882);
#1881 = CARTESIAN_POINT('',(10.8,-1.6,5.45));
#1882 = VECTOR('',#1883,1.);
#1883 = DIRECTION('',(0.,0.,1.));
#1884 = ORIENTED_EDGE('',*,*,#1885,.T.);
#1885 = EDGE_CURVE('',#1878,#1886,#1888,.T.);
#1886 = VERTEX_POINT('',#1887);
#1887 = CARTESIAN_POINT('',(10.4,-1.6,6.4));
#1888 = LINE('',#1889,#1890);
#1889 = CARTESIAN_POINT('',(7.425,-1.6,9.375));
#1890 = VECTOR('',#1891,1.);
#1891 = DIRECTION('',(-0.707106781187,0.,0.707106781187));
#1892 = ORIENTED_EDGE('',*,*,#1893,.T.);
#1893 = EDGE_CURVE('',#1886,#1894,#1896,.T.);
#1894 = VERTEX_POINT('',#1895);
#1895 = CARTESIAN_POINT('',(10.8,-1.6,6.8));
#1896 = LINE('',#1897,#1898);
#1897 = CARTESIAN_POINT('',(7.525,-1.6,3.525));
#1898 = VECTOR('',#1899,1.);
#1899 = DIRECTION('',(0.707106781187,0.,0.707106781187));
#1900 = ORIENTED_EDGE('',*,*,#1901,.T.);
#1901 = EDGE_CURVE('',#1894,#1709,#1902,.T.);
#1902 = LINE('',#1903,#1904);
#1903 = CARTESIAN_POINT('',(10.8,-1.6,6.9));
#1904 = VECTOR('',#1905,1.);
#1905 = DIRECTION('',(-8.881784197001E-15,0.,1.));
#1906 = ORIENTED_EDGE('',*,*,#1725,.T.);
#1907 = ORIENTED_EDGE('',*,*,#1130,.T.);
#1908 = ORIENTED_EDGE('',*,*,#1909,.F.);
#1909 = EDGE_CURVE('',#644,#1131,#1910,.T.);
#1910 = LINE('',#1911,#1912);
#1911 = CARTESIAN_POINT('',(-1.7,-1.6,1.9));
#1912 = VECTOR('',#1913,1.);
#1913 = DIRECTION('',(1.,0.,0.));
#1914 = PLANE('',#1915);
#1915 = AXIS2_PLACEMENT_3D('',#1916,#1917,#1918);
#1916 = CARTESIAN_POINT('',(-1.7,-1.6,7.));
#1917 = DIRECTION('',(0.,1.,0.));
#1918 = DIRECTION('',(0.,0.,-1.));
#1919 = ADVANCED_FACE('',(#1920,#1926,#1960,#1994,#2028,#2062),#2096,.T.
  );
#1920 = FACE_BOUND('',#1921,.T.);
#1921 = EDGE_LOOP('',(#1922,#1923,#1924,#1925));
#1922 = ORIENTED_EDGE('',*,*,#1909,.T.);
#1923 = ORIENTED_EDGE('',*,*,#1138,.T.);
#1924 = ORIENTED_EDGE('',*,*,#1768,.F.);
#1925 = ORIENTED_EDGE('',*,*,#651,.F.);
#1926 = FACE_BOUND('',#1927,.T.);
#1927 = EDGE_LOOP('',(#1928,#1938,#1946,#1954));
#1928 = ORIENTED_EDGE('',*,*,#1929,.F.);
#1929 = EDGE_CURVE('',#1930,#1932,#1934,.T.);
#1930 = VERTEX_POINT('',#1931);
#1931 = CARTESIAN_POINT('',(9.68,-0.32,1.9));
#1932 = VERTEX_POINT('',#1933);
#1933 = CARTESIAN_POINT('',(10.32,-0.32,1.9));
#1934 = LINE('',#1935,#1936);
#1935 = CARTESIAN_POINT('',(4.31,-0.32,1.9));
#1936 = VECTOR('',#1937,1.);
#1937 = DIRECTION('',(1.,0.,0.));
#1938 = ORIENTED_EDGE('',*,*,#1939,.T.);
#1939 = EDGE_CURVE('',#1930,#1940,#1942,.T.);
#1940 = VERTEX_POINT('',#1941);
#1941 = CARTESIAN_POINT('',(9.68,0.32,1.9));
#1942 = LINE('',#1943,#1944);
#1943 = CARTESIAN_POINT('',(9.68,-0.8,1.9));
#1944 = VECTOR('',#1945,1.);
#1945 = DIRECTION('',(0.,1.,0.));
#1946 = ORIENTED_EDGE('',*,*,#1947,.F.);
#1947 = EDGE_CURVE('',#1948,#1940,#1950,.T.);
#1948 = VERTEX_POINT('',#1949);
#1949 = CARTESIAN_POINT('',(10.32,0.32,1.9));
#1950 = LINE('',#1951,#1952);
#1951 = CARTESIAN_POINT('',(4.31,0.32,1.9));
#1952 = VECTOR('',#1953,1.);
#1953 = DIRECTION('',(-1.,0.,0.));
#1954 = ORIENTED_EDGE('',*,*,#1955,.F.);
#1955 = EDGE_CURVE('',#1932,#1948,#1956,.T.);
#1956 = LINE('',#1957,#1958);
#1957 = CARTESIAN_POINT('',(10.32,-0.8,1.9));
#1958 = VECTOR('',#1959,1.);
#1959 = DIRECTION('',(0.,1.,0.));
#1960 = FACE_BOUND('',#1961,.T.);
#1961 = EDGE_LOOP('',(#1962,#1972,#1980,#1988));
#1962 = ORIENTED_EDGE('',*,*,#1963,.F.);
#1963 = EDGE_CURVE('',#1964,#1966,#1968,.T.);
#1964 = VERTEX_POINT('',#1965);
#1965 = CARTESIAN_POINT('',(7.18,-0.32,1.9));
#1966 = VERTEX_POINT('',#1967);
#1967 = CARTESIAN_POINT('',(7.82,-0.32,1.9));
#1968 = LINE('',#1969,#1970);
#1969 = CARTESIAN_POINT('',(3.06,-0.32,1.9));
#1970 = VECTOR('',#1971,1.);
#1971 = DIRECTION('',(1.,0.,0.));
#1972 = ORIENTED_EDGE('',*,*,#1973,.T.);
#1973 = EDGE_CURVE('',#1964,#1974,#1976,.T.);
#1974 = VERTEX_POINT('',#1975);
#1975 = CARTESIAN_POINT('',(7.18,0.32,1.9));
#1976 = LINE('',#1977,#1978);
#1977 = CARTESIAN_POINT('',(7.18,-0.8,1.9));
#1978 = VECTOR('',#1979,1.);
#1979 = DIRECTION('',(0.,1.,0.));
#1980 = ORIENTED_EDGE('',*,*,#1981,.F.);
#1981 = EDGE_CURVE('',#1982,#1974,#1984,.T.);
#1982 = VERTEX_POINT('',#1983);
#1983 = CARTESIAN_POINT('',(7.82,0.32,1.9));
#1984 = LINE('',#1985,#1986);
#1985 = CARTESIAN_POINT('',(3.06,0.32,1.9));
#1986 = VECTOR('',#1987,1.);
#1987 = DIRECTION('',(-1.,0.,0.));
#1988 = ORIENTED_EDGE('',*,*,#1989,.F.);
#1989 = EDGE_CURVE('',#1966,#1982,#1990,.T.);
#1990 = LINE('',#1991,#1992);
#1991 = CARTESIAN_POINT('',(7.82,-0.8,1.9));
#1992 = VECTOR('',#1993,1.);
#1993 = DIRECTION('',(0.,1.,0.));
#1994 = FACE_BOUND('',#1995,.T.);
#1995 = EDGE_LOOP('',(#1996,#2006,#2014,#2022));
#1996 = ORIENTED_EDGE('',*,*,#1997,.F.);
#1997 = EDGE_CURVE('',#1998,#2000,#2002,.T.);
#1998 = VERTEX_POINT('',#1999);
#1999 = CARTESIAN_POINT('',(4.68,-0.32,1.9));
#2000 = VERTEX_POINT('',#2001);
#2001 = CARTESIAN_POINT('',(5.32,-0.32,1.9));
#2002 = LINE('',#2003,#2004);
#2003 = CARTESIAN_POINT('',(1.81,-0.32,1.9));
#2004 = VECTOR('',#2005,1.);
#2005 = DIRECTION('',(1.,0.,0.));
#2006 = ORIENTED_EDGE('',*,*,#2007,.T.);
#2007 = EDGE_CURVE('',#1998,#2008,#2010,.T.);
#2008 = VERTEX_POINT('',#2009);
#2009 = CARTESIAN_POINT('',(4.68,0.32,1.9));
#2010 = LINE('',#2011,#2012);
#2011 = CARTESIAN_POINT('',(4.68,-0.8,1.9));
#2012 = VECTOR('',#2013,1.);
#2013 = DIRECTION('',(0.,1.,0.));
#2014 = ORIENTED_EDGE('',*,*,#2015,.F.);
#2015 = EDGE_CURVE('',#2016,#2008,#2018,.T.);
#2016 = VERTEX_POINT('',#2017);
#2017 = CARTESIAN_POINT('',(5.32,0.32,1.9));
#2018 = LINE('',#2019,#2020);
#2019 = CARTESIAN_POINT('',(1.81,0.32,1.9));
#2020 = VECTOR('',#2021,1.);
#2021 = DIRECTION('',(-1.,0.,0.));
#2022 = ORIENTED_EDGE('',*,*,#2023,.F.);
#2023 = EDGE_CURVE('',#2000,#2016,#2024,.T.);
#2024 = LINE('',#2025,#2026);
#2025 = CARTESIAN_POINT('',(5.32,-0.8,1.9));
#2026 = VECTOR('',#2027,1.);
#2027 = DIRECTION('',(0.,1.,0.));
#2028 = FACE_BOUND('',#2029,.T.);
#2029 = EDGE_LOOP('',(#2030,#2040,#2048,#2056));
#2030 = ORIENTED_EDGE('',*,*,#2031,.F.);
#2031 = EDGE_CURVE('',#2032,#2034,#2036,.T.);
#2032 = VERTEX_POINT('',#2033);
#2033 = CARTESIAN_POINT('',(2.18,-0.32,1.9));
#2034 = VERTEX_POINT('',#2035);
#2035 = CARTESIAN_POINT('',(2.82,-0.32,1.9));
#2036 = LINE('',#2037,#2038);
#2037 = CARTESIAN_POINT('',(0.56,-0.32,1.9));
#2038 = VECTOR('',#2039,1.);
#2039 = DIRECTION('',(1.,0.,0.));
#2040 = ORIENTED_EDGE('',*,*,#2041,.T.);
#2041 = EDGE_CURVE('',#2032,#2042,#2044,.T.);
#2042 = VERTEX_POINT('',#2043);
#2043 = CARTESIAN_POINT('',(2.18,0.32,1.9));
#2044 = LINE('',#2045,#2046);
#2045 = CARTESIAN_POINT('',(2.18,-0.8,1.9));
#2046 = VECTOR('',#2047,1.);
#2047 = DIRECTION('',(0.,1.,0.));
#2048 = ORIENTED_EDGE('',*,*,#2049,.F.);
#2049 = EDGE_CURVE('',#2050,#2042,#2052,.T.);
#2050 = VERTEX_POINT('',#2051);
#2051 = CARTESIAN_POINT('',(2.82,0.32,1.9));
#2052 = LINE('',#2053,#2054);
#2053 = CARTESIAN_POINT('',(0.56,0.32,1.9));
#2054 = VECTOR('',#2055,1.);
#2055 = DIRECTION('',(-1.,0.,0.));
#2056 = ORIENTED_EDGE('',*,*,#2057,.F.);
#2057 = EDGE_CURVE('',#2034,#2050,#2058,.T.);
#2058 = LINE('',#2059,#2060);
#2059 = CARTESIAN_POINT('',(2.82,-0.8,1.9));
#2060 = VECTOR('',#2061,1.);
#2061 = DIRECTION('',(0.,1.,0.));
#2062 = FACE_BOUND('',#2063,.T.);
#2063 = EDGE_LOOP('',(#2064,#2074,#2082,#2090));
#2064 = ORIENTED_EDGE('',*,*,#2065,.F.);
#2065 = EDGE_CURVE('',#2066,#2068,#2070,.T.);
#2066 = VERTEX_POINT('',#2067);
#2067 = CARTESIAN_POINT('',(-0.32,-0.32,1.9));
#2068 = VERTEX_POINT('',#2069);
#2069 = CARTESIAN_POINT('',(0.32,-0.32,1.9));
#2070 = LINE('',#2071,#2072);
#2071 = CARTESIAN_POINT('',(-0.69,-0.32,1.9));
#2072 = VECTOR('',#2073,1.);
#2073 = DIRECTION('',(1.,0.,0.));
#2074 = ORIENTED_EDGE('',*,*,#2075,.T.);
#2075 = EDGE_CURVE('',#2066,#2076,#2078,.T.);
#2076 = VERTEX_POINT('',#2077);
#2077 = CARTESIAN_POINT('',(-0.32,0.32,1.9));
#2078 = LINE('',#2079,#2080);
#2079 = CARTESIAN_POINT('',(-0.32,-0.8,1.9));
#2080 = VECTOR('',#2081,1.);
#2081 = DIRECTION('',(0.,1.,0.));
#2082 = ORIENTED_EDGE('',*,*,#2083,.F.);
#2083 = EDGE_CURVE('',#2084,#2076,#2086,.T.);
#2084 = VERTEX_POINT('',#2085);
#2085 = CARTESIAN_POINT('',(0.32,0.32,1.9));
#2086 = LINE('',#2087,#2088);
#2087 = CARTESIAN_POINT('',(-0.69,0.32,1.9));
#2088 = VECTOR('',#2089,1.);
#2089 = DIRECTION('',(-1.,0.,0.));
#2090 = ORIENTED_EDGE('',*,*,#2091,.F.);
#2091 = EDGE_CURVE('',#2068,#2084,#2092,.T.);
#2092 = LINE('',#2093,#2094);
#2093 = CARTESIAN_POINT('',(0.32,-0.8,1.9));
#2094 = VECTOR('',#2095,1.);
#2095 = DIRECTION('',(0.,1.,0.));
#2096 = PLANE('',#2097);
#2097 = AXIS2_PLACEMENT_3D('',#2098,#2099,#2100);
#2098 = CARTESIAN_POINT('',(-1.7,-1.6,1.9));
#2099 = DIRECTION('',(0.,0.,1.));
#2100 = DIRECTION('',(0.,1.,0.));
#2101 = ADVANCED_FACE('',(#2102),#2113,.T.);
#2102 = FACE_BOUND('',#2103,.T.);
#2103 = EDGE_LOOP('',(#2104,#2105,#2106,#2112));
#2104 = ORIENTED_EDGE('',*,*,#1015,.T.);
#2105 = ORIENTED_EDGE('',*,*,#1293,.T.);
#2106 = ORIENTED_EDGE('',*,*,#2107,.F.);
#2107 = EDGE_CURVE('',#1408,#1294,#2108,.T.);
#2108 = LINE('',#2109,#2110);
#2109 = CARTESIAN_POINT('',(0.95,-1.,0.2));
#2110 = VECTOR('',#2111,1.);
#2111 = DIRECTION('',(-1.,-0.,-0.));
#2112 = ORIENTED_EDGE('',*,*,#1407,.F.);
#2113 = PLANE('',#2114);
#2114 = AXIS2_PLACEMENT_3D('',#2115,#2116,#2117);
#2115 = CARTESIAN_POINT('',(0.95,-2.35,0.587106270774));
#2116 = DIRECTION('',(0.,-0.275637355817,-0.961261695938));
#2117 = DIRECTION('',(0.,0.961261695938,-0.275637355817));
#2118 = ADVANCED_FACE('',(#2119),#2130,.T.);
#2119 = FACE_BOUND('',#2120,.T.);
#2120 = EDGE_LOOP('',(#2121,#2122,#2123,#2129));
#2121 = ORIENTED_EDGE('',*,*,#983,.T.);
#2122 = ORIENTED_EDGE('',*,*,#1503,.T.);
#2123 = ORIENTED_EDGE('',*,*,#2124,.F.);
#2124 = EDGE_CURVE('',#1618,#1504,#2125,.T.);
#2125 = LINE('',#2126,#2127);
#2126 = CARTESIAN_POINT('',(3.45,-1.,0.2));
#2127 = VECTOR('',#2128,1.);
#2128 = DIRECTION('',(-1.,-0.,-0.));
#2129 = ORIENTED_EDGE('',*,*,#1617,.F.);
#2130 = PLANE('',#2131);
#2131 = AXIS2_PLACEMENT_3D('',#2132,#2133,#2134);
#2132 = CARTESIAN_POINT('',(3.45,-2.35,0.587106270774));
#2133 = DIRECTION('',(0.,-0.275637355817,-0.961261695938));
#2134 = DIRECTION('',(0.,0.961261695938,-0.275637355817));
#2135 = ADVANCED_FACE('',(#2136),#2147,.T.);
#2136 = FACE_BOUND('',#2137,.T.);
#2137 = EDGE_LOOP('',(#2138,#2139,#2140,#2146));
#2138 = ORIENTED_EDGE('',*,*,#951,.T.);
#2139 = ORIENTED_EDGE('',*,*,#1648,.T.);
#2140 = ORIENTED_EDGE('',*,*,#2141,.F.);
#2141 = EDGE_CURVE('',#1537,#1649,#2142,.T.);
#2142 = LINE('',#2143,#2144);
#2143 = CARTESIAN_POINT('',(5.95,-1.,0.2));
#2144 = VECTOR('',#2145,1.);
#2145 = DIRECTION('',(-1.,-0.,-0.));
#2146 = ORIENTED_EDGE('',*,*,#1536,.F.);
#2147 = PLANE('',#2148);
#2148 = AXIS2_PLACEMENT_3D('',#2149,#2150,#2151);
#2149 = CARTESIAN_POINT('',(5.95,-2.35,0.587106270774));
#2150 = DIRECTION('',(0.,-0.275637355817,-0.961261695938));
#2151 = DIRECTION('',(0.,0.961261695938,-0.275637355817));
#2152 = ADVANCED_FACE('',(#2153),#2164,.T.);
#2153 = FACE_BOUND('',#2154,.T.);
#2154 = EDGE_LOOP('',(#2155,#2156,#2157,#2163));
#2155 = ORIENTED_EDGE('',*,*,#919,.T.);
#2156 = ORIENTED_EDGE('',*,*,#1438,.T.);
#2157 = ORIENTED_EDGE('',*,*,#2158,.F.);
#2158 = EDGE_CURVE('',#1327,#1439,#2159,.T.);
#2159 = LINE('',#2160,#2161);
#2160 = CARTESIAN_POINT('',(8.45,-1.,0.2));
#2161 = VECTOR('',#2162,1.);
#2162 = DIRECTION('',(-1.,-0.,-0.));
#2163 = ORIENTED_EDGE('',*,*,#1326,.F.);
#2164 = PLANE('',#2165);
#2165 = AXIS2_PLACEMENT_3D('',#2166,#2167,#2168);
#2166 = CARTESIAN_POINT('',(8.45,-2.35,0.587106270774));
#2167 = DIRECTION('',(0.,-0.275637355817,-0.961261695938));
#2168 = DIRECTION('',(0.,0.961261695938,-0.275637355817));
#2169 = ADVANCED_FACE('',(#2170),#2181,.T.);
#2170 = FACE_BOUND('',#2171,.T.);
#2171 = EDGE_LOOP('',(#2172,#2173,#2174,#2180));
#2172 = ORIENTED_EDGE('',*,*,#887,.T.);
#2173 = ORIENTED_EDGE('',*,*,#1245,.T.);
#2174 = ORIENTED_EDGE('',*,*,#2175,.F.);
#2175 = EDGE_CURVE('',#1189,#1246,#2176,.T.);
#2176 = LINE('',#2177,#2178);
#2177 = CARTESIAN_POINT('',(10.95,-1.,0.2));
#2178 = VECTOR('',#2179,1.);
#2179 = DIRECTION('',(-1.,-0.,-0.));
#2180 = ORIENTED_EDGE('',*,*,#1188,.F.);
#2181 = PLANE('',#2182);
#2182 = AXIS2_PLACEMENT_3D('',#2183,#2184,#2185);
#2183 = CARTESIAN_POINT('',(10.95,-2.35,0.587106270774));
#2184 = DIRECTION('',(0.,-0.275637355817,-0.961261695938));
#2185 = DIRECTION('',(0.,0.961261695938,-0.275637355817));
#2186 = ADVANCED_FACE('',(#2187),#2198,.T.);
#2187 = FACE_BOUND('',#2188,.T.);
#2188 = EDGE_LOOP('',(#2189,#2190,#2196,#2197));
#2189 = ORIENTED_EDGE('',*,*,#1901,.F.);
#2190 = ORIENTED_EDGE('',*,*,#2191,.T.);
#2191 = EDGE_CURVE('',#1894,#849,#2192,.T.);
#2192 = LINE('',#2193,#2194);
#2193 = CARTESIAN_POINT('',(10.8,1.50990331349E-15,6.8));
#2194 = VECTOR('',#2195,1.);
#2195 = DIRECTION('',(0.,-1.,2.22044604925E-16));
#2196 = ORIENTED_EDGE('',*,*,#856,.T.);
#2197 = ORIENTED_EDGE('',*,*,#1708,.F.);
#2198 = PLANE('',#2199);
#2199 = AXIS2_PLACEMENT_3D('',#2200,#2201,#2202);
#2200 = CARTESIAN_POINT('',(10.8,1.50990331349E-15,6.8));
#2201 = DIRECTION('',(-1.,-1.972152263053E-30,-8.881784197001E-15));
#2202 = DIRECTION('',(-8.881784197001E-15,2.22044604925E-16,1.));
#2203 = ADVANCED_FACE('',(#2204),#2215,.T.);
#2204 = FACE_BOUND('',#2205,.T.);
#2205 = EDGE_LOOP('',(#2206,#2207,#2213,#2214));
#2206 = ORIENTED_EDGE('',*,*,#1893,.F.);
#2207 = ORIENTED_EDGE('',*,*,#2208,.T.);
#2208 = EDGE_CURVE('',#1886,#841,#2209,.T.);
#2209 = LINE('',#2210,#2211);
#2210 = CARTESIAN_POINT('',(10.4,1.42108547152E-15,6.4));
#2211 = VECTOR('',#2212,1.);
#2212 = DIRECTION('',(0.,-1.,2.22044604925E-16));
#2213 = ORIENTED_EDGE('',*,*,#848,.T.);
#2214 = ORIENTED_EDGE('',*,*,#2191,.F.);
#2215 = PLANE('',#2216);
#2216 = AXIS2_PLACEMENT_3D('',#2217,#2218,#2219);
#2217 = CARTESIAN_POINT('',(10.4,1.42108547152E-15,6.4));
#2218 = DIRECTION('',(-0.707106781187,1.570092458684E-16,0.707106781187)
  );
#2219 = DIRECTION('',(0.707106781187,1.570092458684E-16,0.707106781187)
  );
#2220 = ADVANCED_FACE('',(#2221),#2232,.T.);
#2221 = FACE_BOUND('',#2222,.T.);
#2222 = EDGE_LOOP('',(#2223,#2224,#2230,#2231));
#2223 = ORIENTED_EDGE('',*,*,#1885,.F.);
#2224 = ORIENTED_EDGE('',*,*,#2225,.T.);
#2225 = EDGE_CURVE('',#1878,#833,#2226,.T.);
#2226 = LINE('',#2227,#2228);
#2227 = CARTESIAN_POINT('',(10.8,1.33226762955E-15,6.));
#2228 = VECTOR('',#2229,1.);
#2229 = DIRECTION('',(0.,-1.,2.22044604925E-16));
#2230 = ORIENTED_EDGE('',*,*,#840,.T.);
#2231 = ORIENTED_EDGE('',*,*,#2208,.F.);
#2232 = PLANE('',#2233);
#2233 = AXIS2_PLACEMENT_3D('',#2234,#2235,#2236);
#2234 = CARTESIAN_POINT('',(10.8,1.33226762955E-15,6.));
#2235 = DIRECTION('',(-0.707106781187,-1.570092458684E-16,
    -0.707106781187));
#2236 = DIRECTION('',(-0.707106781187,1.570092458684E-16,0.707106781187)
  );
#2237 = ADVANCED_FACE('',(#2238),#2249,.T.);
#2238 = FACE_BOUND('',#2239,.T.);
#2239 = EDGE_LOOP('',(#2240,#2241,#2247,#2248));
#2240 = ORIENTED_EDGE('',*,*,#1877,.F.);
#2241 = ORIENTED_EDGE('',*,*,#2242,.T.);
#2242 = EDGE_CURVE('',#1869,#824,#2243,.T.);
#2243 = LINE('',#2244,#2245);
#2244 = CARTESIAN_POINT('',(10.8,8.659739592076E-16,3.9));
#2245 = VECTOR('',#2246,1.);
#2246 = DIRECTION('',(0.,-1.,2.22044604925E-16));
#2247 = ORIENTED_EDGE('',*,*,#832,.T.);
#2248 = ORIENTED_EDGE('',*,*,#2225,.F.);
#2249 = PLANE('',#2250);
#2250 = AXIS2_PLACEMENT_3D('',#2251,#2252,#2253);
#2251 = CARTESIAN_POINT('',(10.8,8.659739592076E-16,3.9));
#2252 = DIRECTION('',(-1.,0.,0.));
#2253 = DIRECTION('',(0.,2.22044604925E-16,1.));
#2254 = ADVANCED_FACE('',(#2255),#2266,.F.);
#2255 = FACE_BOUND('',#2256,.T.);
#2256 = EDGE_LOOP('',(#2257,#2258,#2264,#2265));
#2257 = ORIENTED_EDGE('',*,*,#1868,.T.);
#2258 = ORIENTED_EDGE('',*,*,#2259,.T.);
#2259 = EDGE_CURVE('',#1861,#816,#2260,.T.);
#2260 = LINE('',#2261,#2262);
#2261 = CARTESIAN_POINT('',(10.1,7.105427357601E-16,3.2));
#2262 = VECTOR('',#2263,1.);
#2263 = DIRECTION('',(0.,-1.,2.22044604925E-16));
#2264 = ORIENTED_EDGE('',*,*,#823,.F.);
#2265 = ORIENTED_EDGE('',*,*,#2242,.F.);
#2266 = CYLINDRICAL_SURFACE('',#2267,0.7);
#2267 = AXIS2_PLACEMENT_3D('',#2268,#2269,#2270);
#2268 = CARTESIAN_POINT('',(10.1,8.659739592076E-16,3.9));
#2269 = DIRECTION('',(0.,1.,-2.22044604925E-16));
#2270 = DIRECTION('',(1.,0.,0.));
#2271 = ADVANCED_FACE('',(#2272),#2283,.T.);
#2272 = FACE_BOUND('',#2273,.T.);
#2273 = EDGE_LOOP('',(#2274,#2275,#2281,#2282));
#2274 = ORIENTED_EDGE('',*,*,#1860,.F.);
#2275 = ORIENTED_EDGE('',*,*,#2276,.T.);
#2276 = EDGE_CURVE('',#1853,#808,#2277,.T.);
#2277 = LINE('',#2278,#2279);
#2278 = CARTESIAN_POINT('',(8.95,7.105427357601E-16,3.2));
#2279 = VECTOR('',#2280,1.);
#2280 = DIRECTION('',(0.,-1.,2.22044604925E-16));
#2281 = ORIENTED_EDGE('',*,*,#815,.T.);
#2282 = ORIENTED_EDGE('',*,*,#2259,.F.);
#2283 = PLANE('',#2284);
#2284 = AXIS2_PLACEMENT_3D('',#2285,#2286,#2287);
#2285 = CARTESIAN_POINT('',(8.95,7.105427357601E-16,3.2));
#2286 = DIRECTION('',(0.,2.22044604925E-16,1.));
#2287 = DIRECTION('',(1.,0.,0.));
#2288 = ADVANCED_FACE('',(#2289),#2300,.T.);
#2289 = FACE_BOUND('',#2290,.T.);
#2290 = EDGE_LOOP('',(#2291,#2292,#2298,#2299));
#2291 = ORIENTED_EDGE('',*,*,#1852,.F.);
#2292 = ORIENTED_EDGE('',*,*,#2293,.T.);
#2293 = EDGE_CURVE('',#1845,#800,#2294,.T.);
#2294 = LINE('',#2295,#2296);
#2295 = CARTESIAN_POINT('',(8.95,1.554312234475E-15,7.));
#2296 = VECTOR('',#2297,1.);
#2297 = DIRECTION('',(0.,-1.,2.22044604925E-16));
#2298 = ORIENTED_EDGE('',*,*,#807,.T.);
#2299 = ORIENTED_EDGE('',*,*,#2276,.F.);
#2300 = PLANE('',#2301);
#2301 = AXIS2_PLACEMENT_3D('',#2302,#2303,#2304);
#2302 = CARTESIAN_POINT('',(8.95,1.554312234475E-15,7.));
#2303 = DIRECTION('',(1.,0.,0.));
#2304 = DIRECTION('',(0.,-2.22044604925E-16,-1.));
#2305 = ADVANCED_FACE('',(#2306),#2317,.T.);
#2306 = FACE_BOUND('',#2307,.T.);
#2307 = EDGE_LOOP('',(#2308,#2314,#2315,#2316));
#2308 = ORIENTED_EDGE('',*,*,#2309,.T.);
#2309 = EDGE_CURVE('',#1837,#792,#2310,.T.);
#2310 = LINE('',#2311,#2312);
#2311 = CARTESIAN_POINT('',(1.05,1.554312234475E-15,7.));
#2312 = VECTOR('',#2313,1.);
#2313 = DIRECTION('',(0.,-1.,2.22044604925E-16));
#2314 = ORIENTED_EDGE('',*,*,#799,.T.);
#2315 = ORIENTED_EDGE('',*,*,#2293,.F.);
#2316 = ORIENTED_EDGE('',*,*,#1844,.F.);
#2317 = PLANE('',#2318);
#2318 = AXIS2_PLACEMENT_3D('',#2319,#2320,#2321);
#2319 = CARTESIAN_POINT('',(5.,0.525,7.));
#2320 = DIRECTION('',(0.,0.,1.));
#2321 = DIRECTION('',(1.,0.,0.));
#2322 = ADVANCED_FACE('',(#2323),#2334,.F.);
#2323 = FACE_BOUND('',#2324,.F.);
#2324 = EDGE_LOOP('',(#2325,#2326,#2327,#2328));
#2325 = ORIENTED_EDGE('',*,*,#1836,.F.);
#2326 = ORIENTED_EDGE('',*,*,#2309,.T.);
#2327 = ORIENTED_EDGE('',*,*,#791,.T.);
#2328 = ORIENTED_EDGE('',*,*,#2329,.F.);
#2329 = EDGE_CURVE('',#1829,#784,#2330,.T.);
#2330 = LINE('',#2331,#2332);
#2331 = CARTESIAN_POINT('',(1.05,7.105427357601E-16,3.2));
#2332 = VECTOR('',#2333,1.);
#2333 = DIRECTION('',(0.,-1.,2.22044604925E-16));
#2334 = PLANE('',#2335);
#2335 = AXIS2_PLACEMENT_3D('',#2336,#2337,#2338);
#2336 = CARTESIAN_POINT('',(1.05,1.554312234475E-15,7.));
#2337 = DIRECTION('',(1.,0.,0.));
#2338 = DIRECTION('',(0.,-2.22044604925E-16,-1.));
#2339 = ADVANCED_FACE('',(#2340),#2351,.F.);
#2340 = FACE_BOUND('',#2341,.F.);
#2341 = EDGE_LOOP('',(#2342,#2343,#2344,#2345));
#2342 = ORIENTED_EDGE('',*,*,#1828,.F.);
#2343 = ORIENTED_EDGE('',*,*,#2329,.T.);
#2344 = ORIENTED_EDGE('',*,*,#783,.T.);
#2345 = ORIENTED_EDGE('',*,*,#2346,.F.);
#2346 = EDGE_CURVE('',#1820,#775,#2347,.T.);
#2347 = LINE('',#2348,#2349);
#2348 = CARTESIAN_POINT('',(-0.1,7.105427357601E-16,3.2));
#2349 = VECTOR('',#2350,1.);
#2350 = DIRECTION('',(0.,-1.,2.22044604925E-16));
#2351 = PLANE('',#2352);
#2352 = AXIS2_PLACEMENT_3D('',#2353,#2354,#2355);
#2353 = CARTESIAN_POINT('',(1.05,7.105427357601E-16,3.2));
#2354 = DIRECTION('',(-0.,-2.22044604925E-16,-1.));
#2355 = DIRECTION('',(-1.,0.,0.));
#2356 = ADVANCED_FACE('',(#2357),#2368,.F.);
#2357 = FACE_BOUND('',#2358,.T.);
#2358 = EDGE_LOOP('',(#2359,#2360,#2366,#2367));
#2359 = ORIENTED_EDGE('',*,*,#1819,.T.);
#2360 = ORIENTED_EDGE('',*,*,#2361,.T.);
#2361 = EDGE_CURVE('',#1812,#767,#2362,.T.);
#2362 = LINE('',#2363,#2364);
#2363 = CARTESIAN_POINT('',(-0.8,8.659739592076E-16,3.9));
#2364 = VECTOR('',#2365,1.);
#2365 = DIRECTION('',(0.,-1.,2.22044604925E-16));
#2366 = ORIENTED_EDGE('',*,*,#774,.F.);
#2367 = ORIENTED_EDGE('',*,*,#2346,.F.);
#2368 = CYLINDRICAL_SURFACE('',#2369,0.7);
#2369 = AXIS2_PLACEMENT_3D('',#2370,#2371,#2372);
#2370 = CARTESIAN_POINT('',(-0.1,8.659739592076E-16,3.9));
#2371 = DIRECTION('',(0.,1.,-2.22044604925E-16));
#2372 = DIRECTION('',(1.,0.,0.));
#2373 = ADVANCED_FACE('',(#2374),#2385,.F.);
#2374 = FACE_BOUND('',#2375,.F.);
#2375 = EDGE_LOOP('',(#2376,#2377,#2378,#2379));
#2376 = ORIENTED_EDGE('',*,*,#1811,.F.);
#2377 = ORIENTED_EDGE('',*,*,#2361,.T.);
#2378 = ORIENTED_EDGE('',*,*,#766,.T.);
#2379 = ORIENTED_EDGE('',*,*,#2380,.F.);
#2380 = EDGE_CURVE('',#1804,#759,#2381,.T.);
#2381 = LINE('',#2382,#2383);
#2382 = CARTESIAN_POINT('',(-0.8,1.33226762955E-15,6.));
#2383 = VECTOR('',#2384,1.);
#2384 = DIRECTION('',(0.,-1.,2.22044604925E-16));
#2385 = PLANE('',#2386);
#2386 = AXIS2_PLACEMENT_3D('',#2387,#2388,#2389);
#2387 = CARTESIAN_POINT('',(-0.8,8.659739592076E-16,3.9));
#2388 = DIRECTION('',(-1.,0.,0.));
#2389 = DIRECTION('',(0.,2.22044604925E-16,1.));
#2390 = ADVANCED_FACE('',(#2391),#2402,.F.);
#2391 = FACE_BOUND('',#2392,.F.);
#2392 = EDGE_LOOP('',(#2393,#2394,#2395,#2396));
#2393 = ORIENTED_EDGE('',*,*,#1803,.F.);
#2394 = ORIENTED_EDGE('',*,*,#2380,.T.);
#2395 = ORIENTED_EDGE('',*,*,#758,.T.);
#2396 = ORIENTED_EDGE('',*,*,#2397,.F.);
#2397 = EDGE_CURVE('',#1796,#751,#2398,.T.);
#2398 = LINE('',#2399,#2400);
#2399 = CARTESIAN_POINT('',(-0.4,1.42108547152E-15,6.4));
#2400 = VECTOR('',#2401,1.);
#2401 = DIRECTION('',(0.,-1.,2.22044604925E-16));
#2402 = PLANE('',#2403);
#2403 = AXIS2_PLACEMENT_3D('',#2404,#2405,#2406);
#2404 = CARTESIAN_POINT('',(-0.8,1.33226762955E-15,6.));
#2405 = DIRECTION('',(-0.707106781187,1.570092458684E-16,0.707106781187)
  );
#2406 = DIRECTION('',(0.707106781187,1.570092458684E-16,0.707106781187)
  );
#2407 = ADVANCED_FACE('',(#2408),#2419,.F.);
#2408 = FACE_BOUND('',#2409,.F.);
#2409 = EDGE_LOOP('',(#2410,#2411,#2412,#2413));
#2410 = ORIENTED_EDGE('',*,*,#1795,.F.);
#2411 = ORIENTED_EDGE('',*,*,#2397,.T.);
#2412 = ORIENTED_EDGE('',*,*,#750,.T.);
#2413 = ORIENTED_EDGE('',*,*,#2414,.F.);
#2414 = EDGE_CURVE('',#1788,#743,#2415,.T.);
#2415 = LINE('',#2416,#2417);
#2416 = CARTESIAN_POINT('',(-0.8,1.50990331349E-15,6.8));
#2417 = VECTOR('',#2418,1.);
#2418 = DIRECTION('',(0.,-1.,2.22044604925E-16));
#2419 = PLANE('',#2420);
#2420 = AXIS2_PLACEMENT_3D('',#2421,#2422,#2423);
#2421 = CARTESIAN_POINT('',(-0.4,1.42108547152E-15,6.4));
#2422 = DIRECTION('',(-0.707106781187,-1.570092458684E-16,
    -0.707106781187));
#2423 = DIRECTION('',(-0.707106781187,1.570092458684E-16,0.707106781187)
  );
#2424 = ADVANCED_FACE('',(#2425),#2431,.F.);
#2425 = FACE_BOUND('',#2426,.F.);
#2426 = EDGE_LOOP('',(#2427,#2428,#2429,#2430));
#2427 = ORIENTED_EDGE('',*,*,#1787,.F.);
#2428 = ORIENTED_EDGE('',*,*,#2414,.T.);
#2429 = ORIENTED_EDGE('',*,*,#742,.T.);
#2430 = ORIENTED_EDGE('',*,*,#1045,.F.);
#2431 = PLANE('',#2432);
#2432 = AXIS2_PLACEMENT_3D('',#2433,#2434,#2435);
#2433 = CARTESIAN_POINT('',(-0.8,1.50990331349E-15,6.8));
#2434 = DIRECTION('',(-1.,0.,0.));
#2435 = DIRECTION('',(0.,2.22044604925E-16,1.));
#2436 = ADVANCED_FACE('',(#2437,#2443),#2477,.T.);
#2437 = FACE_BOUND('',#2438,.T.);
#2438 = EDGE_LOOP('',(#2439,#2440,#2441,#2442));
#2439 = ORIENTED_EDGE('',*,*,#2175,.T.);
#2440 = ORIENTED_EDGE('',*,*,#1253,.T.);
#2441 = ORIENTED_EDGE('',*,*,#1221,.F.);
#2442 = ORIENTED_EDGE('',*,*,#1196,.F.);
#2443 = FACE_BOUND('',#2444,.T.);
#2444 = EDGE_LOOP('',(#2445,#2455,#2463,#2471));
#2445 = ORIENTED_EDGE('',*,*,#2446,.F.);
#2446 = EDGE_CURVE('',#2447,#2449,#2451,.T.);
#2447 = VERTEX_POINT('',#2448);
#2448 = CARTESIAN_POINT('',(10.32,-0.32,0.2));
#2449 = VERTEX_POINT('',#2450);
#2450 = CARTESIAN_POINT('',(9.68,-0.32,0.2));
#2451 = LINE('',#2452,#2453);
#2452 = CARTESIAN_POINT('',(10.635,-0.32,0.2));
#2453 = VECTOR('',#2454,1.);
#2454 = DIRECTION('',(-1.,-0.,-0.));
#2455 = ORIENTED_EDGE('',*,*,#2456,.F.);
#2456 = EDGE_CURVE('',#2457,#2447,#2459,.T.);
#2457 = VERTEX_POINT('',#2458);
#2458 = CARTESIAN_POINT('',(10.32,0.32,0.2));
#2459 = LINE('',#2460,#2461);
#2460 = CARTESIAN_POINT('',(10.32,-0.5,0.2));
#2461 = VECTOR('',#2462,1.);
#2462 = DIRECTION('',(0.,-1.,0.));
#2463 = ORIENTED_EDGE('',*,*,#2464,.F.);
#2464 = EDGE_CURVE('',#2465,#2457,#2467,.T.);
#2465 = VERTEX_POINT('',#2466);
#2466 = CARTESIAN_POINT('',(9.68,0.32,0.2));
#2467 = LINE('',#2468,#2469);
#2468 = CARTESIAN_POINT('',(10.635,0.32,0.2));
#2469 = VECTOR('',#2470,1.);
#2470 = DIRECTION('',(1.,0.,0.));
#2471 = ORIENTED_EDGE('',*,*,#2472,.T.);
#2472 = EDGE_CURVE('',#2465,#2449,#2473,.T.);
#2473 = LINE('',#2474,#2475);
#2474 = CARTESIAN_POINT('',(9.68,-0.5,0.2));
#2475 = VECTOR('',#2476,1.);
#2476 = DIRECTION('',(0.,-1.,0.));
#2477 = PLANE('',#2478);
#2478 = AXIS2_PLACEMENT_3D('',#2479,#2480,#2481);
#2479 = CARTESIAN_POINT('',(10.95,-1.,0.2));
#2480 = DIRECTION('',(0.,0.,-1.));
#2481 = DIRECTION('',(0.,1.,0.));
#2482 = ADVANCED_FACE('',(#2483,#2489),#2523,.T.);
#2483 = FACE_BOUND('',#2484,.T.);
#2484 = EDGE_LOOP('',(#2485,#2486,#2487,#2488));
#2485 = ORIENTED_EDGE('',*,*,#2107,.T.);
#2486 = ORIENTED_EDGE('',*,*,#1301,.T.);
#2487 = ORIENTED_EDGE('',*,*,#1359,.F.);
#2488 = ORIENTED_EDGE('',*,*,#1415,.F.);
#2489 = FACE_BOUND('',#2490,.T.);
#2490 = EDGE_LOOP('',(#2491,#2501,#2509,#2517));
#2491 = ORIENTED_EDGE('',*,*,#2492,.F.);
#2492 = EDGE_CURVE('',#2493,#2495,#2497,.T.);
#2493 = VERTEX_POINT('',#2494);
#2494 = CARTESIAN_POINT('',(0.32,-0.32,0.2));
#2495 = VERTEX_POINT('',#2496);
#2496 = CARTESIAN_POINT('',(-0.32,-0.32,0.2));
#2497 = LINE('',#2498,#2499);
#2498 = CARTESIAN_POINT('',(0.635,-0.32,0.2));
#2499 = VECTOR('',#2500,1.);
#2500 = DIRECTION('',(-1.,-0.,-0.));
#2501 = ORIENTED_EDGE('',*,*,#2502,.F.);
#2502 = EDGE_CURVE('',#2503,#2493,#2505,.T.);
#2503 = VERTEX_POINT('',#2504);
#2504 = CARTESIAN_POINT('',(0.32,0.32,0.2));
#2505 = LINE('',#2506,#2507);
#2506 = CARTESIAN_POINT('',(0.32,-0.5,0.2));
#2507 = VECTOR('',#2508,1.);
#2508 = DIRECTION('',(0.,-1.,0.));
#2509 = ORIENTED_EDGE('',*,*,#2510,.F.);
#2510 = EDGE_CURVE('',#2511,#2503,#2513,.T.);
#2511 = VERTEX_POINT('',#2512);
#2512 = CARTESIAN_POINT('',(-0.32,0.32,0.2));
#2513 = LINE('',#2514,#2515);
#2514 = CARTESIAN_POINT('',(0.635,0.32,0.2));
#2515 = VECTOR('',#2516,1.);
#2516 = DIRECTION('',(1.,0.,0.));
#2517 = ORIENTED_EDGE('',*,*,#2518,.T.);
#2518 = EDGE_CURVE('',#2511,#2495,#2519,.T.);
#2519 = LINE('',#2520,#2521);
#2520 = CARTESIAN_POINT('',(-0.32,-0.5,0.2));
#2521 = VECTOR('',#2522,1.);
#2522 = DIRECTION('',(0.,-1.,0.));
#2523 = PLANE('',#2524);
#2524 = AXIS2_PLACEMENT_3D('',#2525,#2526,#2527);
#2525 = CARTESIAN_POINT('',(0.95,-1.,0.2));
#2526 = DIRECTION('',(0.,0.,-1.));
#2527 = DIRECTION('',(0.,1.,0.));
#2528 = ADVANCED_FACE('',(#2529,#2535),#2569,.T.);
#2529 = FACE_BOUND('',#2530,.T.);
#2530 = EDGE_LOOP('',(#2531,#2532,#2533,#2534));
#2531 = ORIENTED_EDGE('',*,*,#2158,.T.);
#2532 = ORIENTED_EDGE('',*,*,#1446,.T.);
#2533 = ORIENTED_EDGE('',*,*,#1383,.F.);
#2534 = ORIENTED_EDGE('',*,*,#1334,.F.);
#2535 = FACE_BOUND('',#2536,.T.);
#2536 = EDGE_LOOP('',(#2537,#2547,#2555,#2563));
#2537 = ORIENTED_EDGE('',*,*,#2538,.F.);
#2538 = EDGE_CURVE('',#2539,#2541,#2543,.T.);
#2539 = VERTEX_POINT('',#2540);
#2540 = CARTESIAN_POINT('',(7.82,-0.32,0.2));
#2541 = VERTEX_POINT('',#2542);
#2542 = CARTESIAN_POINT('',(7.18,-0.32,0.2));
#2543 = LINE('',#2544,#2545);
#2544 = CARTESIAN_POINT('',(8.135,-0.32,0.2));
#2545 = VECTOR('',#2546,1.);
#2546 = DIRECTION('',(-1.,-0.,-0.));
#2547 = ORIENTED_EDGE('',*,*,#2548,.F.);
#2548 = EDGE_CURVE('',#2549,#2539,#2551,.T.);
#2549 = VERTEX_POINT('',#2550);
#2550 = CARTESIAN_POINT('',(7.82,0.32,0.2));
#2551 = LINE('',#2552,#2553);
#2552 = CARTESIAN_POINT('',(7.82,-0.5,0.2));
#2553 = VECTOR('',#2554,1.);
#2554 = DIRECTION('',(0.,-1.,0.));
#2555 = ORIENTED_EDGE('',*,*,#2556,.F.);
#2556 = EDGE_CURVE('',#2557,#2549,#2559,.T.);
#2557 = VERTEX_POINT('',#2558);
#2558 = CARTESIAN_POINT('',(7.18,0.32,0.2));
#2559 = LINE('',#2560,#2561);
#2560 = CARTESIAN_POINT('',(8.135,0.32,0.2));
#2561 = VECTOR('',#2562,1.);
#2562 = DIRECTION('',(1.,0.,0.));
#2563 = ORIENTED_EDGE('',*,*,#2564,.T.);
#2564 = EDGE_CURVE('',#2557,#2541,#2565,.T.);
#2565 = LINE('',#2566,#2567);
#2566 = CARTESIAN_POINT('',(7.18,-0.5,0.2));
#2567 = VECTOR('',#2568,1.);
#2568 = DIRECTION('',(0.,-1.,0.));
#2569 = PLANE('',#2570);
#2570 = AXIS2_PLACEMENT_3D('',#2571,#2572,#2573);
#2571 = CARTESIAN_POINT('',(8.45,-1.,0.2));
#2572 = DIRECTION('',(0.,0.,-1.));
#2573 = DIRECTION('',(0.,1.,0.));
#2574 = ADVANCED_FACE('',(#2575,#2581),#2615,.T.);
#2575 = FACE_BOUND('',#2576,.T.);
#2576 = EDGE_LOOP('',(#2577,#2578,#2579,#2580));
#2577 = ORIENTED_EDGE('',*,*,#2124,.T.);
#2578 = ORIENTED_EDGE('',*,*,#1511,.T.);
#2579 = ORIENTED_EDGE('',*,*,#1569,.F.);
#2580 = ORIENTED_EDGE('',*,*,#1625,.F.);
#2581 = FACE_BOUND('',#2582,.T.);
#2582 = EDGE_LOOP('',(#2583,#2593,#2601,#2609));
#2583 = ORIENTED_EDGE('',*,*,#2584,.F.);
#2584 = EDGE_CURVE('',#2585,#2587,#2589,.T.);
#2585 = VERTEX_POINT('',#2586);
#2586 = CARTESIAN_POINT('',(2.82,-0.32,0.2));
#2587 = VERTEX_POINT('',#2588);
#2588 = CARTESIAN_POINT('',(2.18,-0.32,0.2));
#2589 = LINE('',#2590,#2591);
#2590 = CARTESIAN_POINT('',(3.135,-0.32,0.2));
#2591 = VECTOR('',#2592,1.);
#2592 = DIRECTION('',(-1.,-0.,-0.));
#2593 = ORIENTED_EDGE('',*,*,#2594,.F.);
#2594 = EDGE_CURVE('',#2595,#2585,#2597,.T.);
#2595 = VERTEX_POINT('',#2596);
#2596 = CARTESIAN_POINT('',(2.82,0.32,0.2));
#2597 = LINE('',#2598,#2599);
#2598 = CARTESIAN_POINT('',(2.82,-0.5,0.2));
#2599 = VECTOR('',#2600,1.);
#2600 = DIRECTION('',(0.,-1.,0.));
#2601 = ORIENTED_EDGE('',*,*,#2602,.F.);
#2602 = EDGE_CURVE('',#2603,#2595,#2605,.T.);
#2603 = VERTEX_POINT('',#2604);
#2604 = CARTESIAN_POINT('',(2.18,0.32,0.2));
#2605 = LINE('',#2606,#2607);
#2606 = CARTESIAN_POINT('',(3.135,0.32,0.2));
#2607 = VECTOR('',#2608,1.);
#2608 = DIRECTION('',(1.,0.,0.));
#2609 = ORIENTED_EDGE('',*,*,#2610,.T.);
#2610 = EDGE_CURVE('',#2603,#2587,#2611,.T.);
#2611 = LINE('',#2612,#2613);
#2612 = CARTESIAN_POINT('',(2.18,-0.5,0.2));
#2613 = VECTOR('',#2614,1.);
#2614 = DIRECTION('',(0.,-1.,0.));
#2615 = PLANE('',#2616);
#2616 = AXIS2_PLACEMENT_3D('',#2617,#2618,#2619);
#2617 = CARTESIAN_POINT('',(3.45,-1.,0.2));
#2618 = DIRECTION('',(0.,0.,-1.));
#2619 = DIRECTION('',(0.,1.,0.));
#2620 = ADVANCED_FACE('',(#2621,#2627),#2661,.T.);
#2621 = FACE_BOUND('',#2622,.T.);
#2622 = EDGE_LOOP('',(#2623,#2624,#2625,#2626));
#2623 = ORIENTED_EDGE('',*,*,#2141,.T.);
#2624 = ORIENTED_EDGE('',*,*,#1656,.T.);
#2625 = ORIENTED_EDGE('',*,*,#1593,.F.);
#2626 = ORIENTED_EDGE('',*,*,#1544,.F.);
#2627 = FACE_BOUND('',#2628,.T.);
#2628 = EDGE_LOOP('',(#2629,#2639,#2647,#2655));
#2629 = ORIENTED_EDGE('',*,*,#2630,.F.);
#2630 = EDGE_CURVE('',#2631,#2633,#2635,.T.);
#2631 = VERTEX_POINT('',#2632);
#2632 = CARTESIAN_POINT('',(5.32,-0.32,0.2));
#2633 = VERTEX_POINT('',#2634);
#2634 = CARTESIAN_POINT('',(4.68,-0.32,0.2));
#2635 = LINE('',#2636,#2637);
#2636 = CARTESIAN_POINT('',(5.635,-0.32,0.2));
#2637 = VECTOR('',#2638,1.);
#2638 = DIRECTION('',(-1.,-0.,-0.));
#2639 = ORIENTED_EDGE('',*,*,#2640,.F.);
#2640 = EDGE_CURVE('',#2641,#2631,#2643,.T.);
#2641 = VERTEX_POINT('',#2642);
#2642 = CARTESIAN_POINT('',(5.32,0.32,0.2));
#2643 = LINE('',#2644,#2645);
#2644 = CARTESIAN_POINT('',(5.32,-0.5,0.2));
#2645 = VECTOR('',#2646,1.);
#2646 = DIRECTION('',(0.,-1.,0.));
#2647 = ORIENTED_EDGE('',*,*,#2648,.F.);
#2648 = EDGE_CURVE('',#2649,#2641,#2651,.T.);
#2649 = VERTEX_POINT('',#2650);
#2650 = CARTESIAN_POINT('',(4.68,0.32,0.2));
#2651 = LINE('',#2652,#2653);
#2652 = CARTESIAN_POINT('',(5.635,0.32,0.2));
#2653 = VECTOR('',#2654,1.);
#2654 = DIRECTION('',(1.,0.,0.));
#2655 = ORIENTED_EDGE('',*,*,#2656,.T.);
#2656 = EDGE_CURVE('',#2649,#2633,#2657,.T.);
#2657 = LINE('',#2658,#2659);
#2658 = CARTESIAN_POINT('',(4.68,-0.5,0.2));
#2659 = VECTOR('',#2660,1.);
#2660 = DIRECTION('',(0.,-1.,0.));
#2661 = PLANE('',#2662);
#2662 = AXIS2_PLACEMENT_3D('',#2663,#2664,#2665);
#2663 = CARTESIAN_POINT('',(5.95,-1.,0.2));
#2664 = DIRECTION('',(0.,0.,-1.));
#2665 = DIRECTION('',(0.,1.,0.));
#2666 = ADVANCED_FACE('',(#2667),#2683,.F.);
#2667 = FACE_BOUND('',#2668,.F.);
#2668 = EDGE_LOOP('',(#2669,#2675,#2676,#2682));
#2669 = ORIENTED_EDGE('',*,*,#2670,.F.);
#2670 = EDGE_CURVE('',#1932,#2447,#2671,.T.);
#2671 = LINE('',#2672,#2673);
#2672 = CARTESIAN_POINT('',(10.32,-0.32,2.711519));
#2673 = VECTOR('',#2674,1.);
#2674 = DIRECTION('',(0.,0.,-1.));
#2675 = ORIENTED_EDGE('',*,*,#1929,.F.);
#2676 = ORIENTED_EDGE('',*,*,#2677,.T.);
#2677 = EDGE_CURVE('',#1930,#2449,#2678,.T.);
#2678 = LINE('',#2679,#2680);
#2679 = CARTESIAN_POINT('',(9.68,-0.32,2.711519));
#2680 = VECTOR('',#2681,1.);
#2681 = DIRECTION('',(0.,0.,-1.));
#2682 = ORIENTED_EDGE('',*,*,#2446,.F.);
#2683 = PLANE('',#2684);
#2684 = AXIS2_PLACEMENT_3D('',#2685,#2686,#2687);
#2685 = CARTESIAN_POINT('',(10.32,-0.32,2.711519));
#2686 = DIRECTION('',(0.,-1.,0.));
#2687 = DIRECTION('',(0.,0.,-1.));
#2688 = ADVANCED_FACE('',(#2689),#2700,.F.);
#2689 = FACE_BOUND('',#2690,.F.);
#2690 = EDGE_LOOP('',(#2691,#2692,#2693,#2694));
#2691 = ORIENTED_EDGE('',*,*,#1955,.F.);
#2692 = ORIENTED_EDGE('',*,*,#2670,.T.);
#2693 = ORIENTED_EDGE('',*,*,#2456,.F.);
#2694 = ORIENTED_EDGE('',*,*,#2695,.T.);
#2695 = EDGE_CURVE('',#2457,#1948,#2696,.T.);
#2696 = LINE('',#2697,#2698);
#2697 = CARTESIAN_POINT('',(10.32,0.32,-0.538043));
#2698 = VECTOR('',#2699,1.);
#2699 = DIRECTION('',(0.,0.,1.));
#2700 = PLANE('',#2701);
#2701 = AXIS2_PLACEMENT_3D('',#2702,#2703,#2704);
#2702 = CARTESIAN_POINT('',(10.32,0.,1.086738));
#2703 = DIRECTION('',(1.,0.,0.));
#2704 = DIRECTION('',(0.,0.,1.));
#2705 = ADVANCED_FACE('',(#2706),#2717,.F.);
#2706 = FACE_BOUND('',#2707,.F.);
#2707 = EDGE_LOOP('',(#2708,#2709,#2710,#2716));
#2708 = ORIENTED_EDGE('',*,*,#2695,.F.);
#2709 = ORIENTED_EDGE('',*,*,#2464,.F.);
#2710 = ORIENTED_EDGE('',*,*,#2711,.T.);
#2711 = EDGE_CURVE('',#2465,#1940,#2712,.T.);
#2712 = LINE('',#2713,#2714);
#2713 = CARTESIAN_POINT('',(9.68,0.32,-0.538043));
#2714 = VECTOR('',#2715,1.);
#2715 = DIRECTION('',(0.,0.,1.));
#2716 = ORIENTED_EDGE('',*,*,#1947,.F.);
#2717 = PLANE('',#2718);
#2718 = AXIS2_PLACEMENT_3D('',#2719,#2720,#2721);
#2719 = CARTESIAN_POINT('',(10.32,0.32,-0.538043));
#2720 = DIRECTION('',(0.,1.,0.));
#2721 = DIRECTION('',(0.,0.,1.));
#2722 = ADVANCED_FACE('',(#2723),#2729,.T.);
#2723 = FACE_BOUND('',#2724,.T.);
#2724 = EDGE_LOOP('',(#2725,#2726,#2727,#2728));
#2725 = ORIENTED_EDGE('',*,*,#1939,.F.);
#2726 = ORIENTED_EDGE('',*,*,#2677,.T.);
#2727 = ORIENTED_EDGE('',*,*,#2472,.F.);
#2728 = ORIENTED_EDGE('',*,*,#2711,.T.);
#2729 = PLANE('',#2730);
#2730 = AXIS2_PLACEMENT_3D('',#2731,#2732,#2733);
#2731 = CARTESIAN_POINT('',(9.68,0.,1.086738));
#2732 = DIRECTION('',(1.,0.,0.));
#2733 = DIRECTION('',(0.,0.,1.));
#2734 = ADVANCED_FACE('',(#2735),#2751,.F.);
#2735 = FACE_BOUND('',#2736,.F.);
#2736 = EDGE_LOOP('',(#2737,#2743,#2744,#2750));
#2737 = ORIENTED_EDGE('',*,*,#2738,.F.);
#2738 = EDGE_CURVE('',#1966,#2539,#2739,.T.);
#2739 = LINE('',#2740,#2741);
#2740 = CARTESIAN_POINT('',(7.82,-0.32,2.711519));
#2741 = VECTOR('',#2742,1.);
#2742 = DIRECTION('',(0.,0.,-1.));
#2743 = ORIENTED_EDGE('',*,*,#1963,.F.);
#2744 = ORIENTED_EDGE('',*,*,#2745,.T.);
#2745 = EDGE_CURVE('',#1964,#2541,#2746,.T.);
#2746 = LINE('',#2747,#2748);
#2747 = CARTESIAN_POINT('',(7.18,-0.32,2.711519));
#2748 = VECTOR('',#2749,1.);
#2749 = DIRECTION('',(0.,0.,-1.));
#2750 = ORIENTED_EDGE('',*,*,#2538,.F.);
#2751 = PLANE('',#2752);
#2752 = AXIS2_PLACEMENT_3D('',#2753,#2754,#2755);
#2753 = CARTESIAN_POINT('',(7.82,-0.32,2.711519));
#2754 = DIRECTION('',(0.,-1.,0.));
#2755 = DIRECTION('',(0.,0.,-1.));
#2756 = ADVANCED_FACE('',(#2757),#2768,.F.);
#2757 = FACE_BOUND('',#2758,.F.);
#2758 = EDGE_LOOP('',(#2759,#2760,#2761,#2762));
#2759 = ORIENTED_EDGE('',*,*,#1989,.F.);
#2760 = ORIENTED_EDGE('',*,*,#2738,.T.);
#2761 = ORIENTED_EDGE('',*,*,#2548,.F.);
#2762 = ORIENTED_EDGE('',*,*,#2763,.T.);
#2763 = EDGE_CURVE('',#2549,#1982,#2764,.T.);
#2764 = LINE('',#2765,#2766);
#2765 = CARTESIAN_POINT('',(7.82,0.32,-0.538043));
#2766 = VECTOR('',#2767,1.);
#2767 = DIRECTION('',(0.,0.,1.));
#2768 = PLANE('',#2769);
#2769 = AXIS2_PLACEMENT_3D('',#2770,#2771,#2772);
#2770 = CARTESIAN_POINT('',(7.82,0.,1.086738));
#2771 = DIRECTION('',(1.,0.,0.));
#2772 = DIRECTION('',(0.,0.,1.));
#2773 = ADVANCED_FACE('',(#2774),#2785,.F.);
#2774 = FACE_BOUND('',#2775,.F.);
#2775 = EDGE_LOOP('',(#2776,#2777,#2778,#2784));
#2776 = ORIENTED_EDGE('',*,*,#2763,.F.);
#2777 = ORIENTED_EDGE('',*,*,#2556,.F.);
#2778 = ORIENTED_EDGE('',*,*,#2779,.T.);
#2779 = EDGE_CURVE('',#2557,#1974,#2780,.T.);
#2780 = LINE('',#2781,#2782);
#2781 = CARTESIAN_POINT('',(7.18,0.32,-0.538043));
#2782 = VECTOR('',#2783,1.);
#2783 = DIRECTION('',(0.,0.,1.));
#2784 = ORIENTED_EDGE('',*,*,#1981,.F.);
#2785 = PLANE('',#2786);
#2786 = AXIS2_PLACEMENT_3D('',#2787,#2788,#2789);
#2787 = CARTESIAN_POINT('',(7.82,0.32,-0.538043));
#2788 = DIRECTION('',(0.,1.,0.));
#2789 = DIRECTION('',(0.,0.,1.));
#2790 = ADVANCED_FACE('',(#2791),#2797,.T.);
#2791 = FACE_BOUND('',#2792,.T.);
#2792 = EDGE_LOOP('',(#2793,#2794,#2795,#2796));
#2793 = ORIENTED_EDGE('',*,*,#1973,.F.);
#2794 = ORIENTED_EDGE('',*,*,#2745,.T.);
#2795 = ORIENTED_EDGE('',*,*,#2564,.F.);
#2796 = ORIENTED_EDGE('',*,*,#2779,.T.);
#2797 = PLANE('',#2798);
#2798 = AXIS2_PLACEMENT_3D('',#2799,#2800,#2801);
#2799 = CARTESIAN_POINT('',(7.18,0.,1.086738));
#2800 = DIRECTION('',(1.,0.,0.));
#2801 = DIRECTION('',(0.,0.,1.));
#2802 = ADVANCED_FACE('',(#2803),#2819,.F.);
#2803 = FACE_BOUND('',#2804,.F.);
#2804 = EDGE_LOOP('',(#2805,#2811,#2812,#2818));
#2805 = ORIENTED_EDGE('',*,*,#2806,.F.);
#2806 = EDGE_CURVE('',#2000,#2631,#2807,.T.);
#2807 = LINE('',#2808,#2809);
#2808 = CARTESIAN_POINT('',(5.32,-0.32,2.711519));
#2809 = VECTOR('',#2810,1.);
#2810 = DIRECTION('',(0.,0.,-1.));
#2811 = ORIENTED_EDGE('',*,*,#1997,.F.);
#2812 = ORIENTED_EDGE('',*,*,#2813,.T.);
#2813 = EDGE_CURVE('',#1998,#2633,#2814,.T.);
#2814 = LINE('',#2815,#2816);
#2815 = CARTESIAN_POINT('',(4.68,-0.32,2.711519));
#2816 = VECTOR('',#2817,1.);
#2817 = DIRECTION('',(0.,0.,-1.));
#2818 = ORIENTED_EDGE('',*,*,#2630,.F.);
#2819 = PLANE('',#2820);
#2820 = AXIS2_PLACEMENT_3D('',#2821,#2822,#2823);
#2821 = CARTESIAN_POINT('',(5.32,-0.32,2.711519));
#2822 = DIRECTION('',(0.,-1.,0.));
#2823 = DIRECTION('',(0.,0.,-1.));
#2824 = ADVANCED_FACE('',(#2825),#2836,.F.);
#2825 = FACE_BOUND('',#2826,.F.);
#2826 = EDGE_LOOP('',(#2827,#2828,#2829,#2830));
#2827 = ORIENTED_EDGE('',*,*,#2023,.F.);
#2828 = ORIENTED_EDGE('',*,*,#2806,.T.);
#2829 = ORIENTED_EDGE('',*,*,#2640,.F.);
#2830 = ORIENTED_EDGE('',*,*,#2831,.T.);
#2831 = EDGE_CURVE('',#2641,#2016,#2832,.T.);
#2832 = LINE('',#2833,#2834);
#2833 = CARTESIAN_POINT('',(5.32,0.32,-0.538043));
#2834 = VECTOR('',#2835,1.);
#2835 = DIRECTION('',(0.,0.,1.));
#2836 = PLANE('',#2837);
#2837 = AXIS2_PLACEMENT_3D('',#2838,#2839,#2840);
#2838 = CARTESIAN_POINT('',(5.32,0.,1.086738));
#2839 = DIRECTION('',(1.,0.,0.));
#2840 = DIRECTION('',(0.,0.,1.));
#2841 = ADVANCED_FACE('',(#2842),#2853,.F.);
#2842 = FACE_BOUND('',#2843,.F.);
#2843 = EDGE_LOOP('',(#2844,#2845,#2846,#2852));
#2844 = ORIENTED_EDGE('',*,*,#2831,.F.);
#2845 = ORIENTED_EDGE('',*,*,#2648,.F.);
#2846 = ORIENTED_EDGE('',*,*,#2847,.T.);
#2847 = EDGE_CURVE('',#2649,#2008,#2848,.T.);
#2848 = LINE('',#2849,#2850);
#2849 = CARTESIAN_POINT('',(4.68,0.32,-0.538043));
#2850 = VECTOR('',#2851,1.);
#2851 = DIRECTION('',(0.,0.,1.));
#2852 = ORIENTED_EDGE('',*,*,#2015,.F.);
#2853 = PLANE('',#2854);
#2854 = AXIS2_PLACEMENT_3D('',#2855,#2856,#2857);
#2855 = CARTESIAN_POINT('',(5.32,0.32,-0.538043));
#2856 = DIRECTION('',(0.,1.,0.));
#2857 = DIRECTION('',(0.,0.,1.));
#2858 = ADVANCED_FACE('',(#2859),#2865,.T.);
#2859 = FACE_BOUND('',#2860,.T.);
#2860 = EDGE_LOOP('',(#2861,#2862,#2863,#2864));
#2861 = ORIENTED_EDGE('',*,*,#2007,.F.);
#2862 = ORIENTED_EDGE('',*,*,#2813,.T.);
#2863 = ORIENTED_EDGE('',*,*,#2656,.F.);
#2864 = ORIENTED_EDGE('',*,*,#2847,.T.);
#2865 = PLANE('',#2866);
#2866 = AXIS2_PLACEMENT_3D('',#2867,#2868,#2869);
#2867 = CARTESIAN_POINT('',(4.68,0.,1.086738));
#2868 = DIRECTION('',(1.,0.,0.));
#2869 = DIRECTION('',(0.,0.,1.));
#2870 = ADVANCED_FACE('',(#2871),#2887,.F.);
#2871 = FACE_BOUND('',#2872,.F.);
#2872 = EDGE_LOOP('',(#2873,#2879,#2880,#2886));
#2873 = ORIENTED_EDGE('',*,*,#2874,.F.);
#2874 = EDGE_CURVE('',#2034,#2585,#2875,.T.);
#2875 = LINE('',#2876,#2877);
#2876 = CARTESIAN_POINT('',(2.82,-0.32,2.711519));
#2877 = VECTOR('',#2878,1.);
#2878 = DIRECTION('',(0.,0.,-1.));
#2879 = ORIENTED_EDGE('',*,*,#2031,.F.);
#2880 = ORIENTED_EDGE('',*,*,#2881,.T.);
#2881 = EDGE_CURVE('',#2032,#2587,#2882,.T.);
#2882 = LINE('',#2883,#2884);
#2883 = CARTESIAN_POINT('',(2.18,-0.32,2.711519));
#2884 = VECTOR('',#2885,1.);
#2885 = DIRECTION('',(0.,0.,-1.));
#2886 = ORIENTED_EDGE('',*,*,#2584,.F.);
#2887 = PLANE('',#2888);
#2888 = AXIS2_PLACEMENT_3D('',#2889,#2890,#2891);
#2889 = CARTESIAN_POINT('',(2.82,-0.32,2.711519));
#2890 = DIRECTION('',(0.,-1.,0.));
#2891 = DIRECTION('',(0.,0.,-1.));
#2892 = ADVANCED_FACE('',(#2893),#2904,.F.);
#2893 = FACE_BOUND('',#2894,.F.);
#2894 = EDGE_LOOP('',(#2895,#2896,#2897,#2898));
#2895 = ORIENTED_EDGE('',*,*,#2057,.F.);
#2896 = ORIENTED_EDGE('',*,*,#2874,.T.);
#2897 = ORIENTED_EDGE('',*,*,#2594,.F.);
#2898 = ORIENTED_EDGE('',*,*,#2899,.T.);
#2899 = EDGE_CURVE('',#2595,#2050,#2900,.T.);
#2900 = LINE('',#2901,#2902);
#2901 = CARTESIAN_POINT('',(2.82,0.32,-0.538043));
#2902 = VECTOR('',#2903,1.);
#2903 = DIRECTION('',(0.,0.,1.));
#2904 = PLANE('',#2905);
#2905 = AXIS2_PLACEMENT_3D('',#2906,#2907,#2908);
#2906 = CARTESIAN_POINT('',(2.82,0.,1.086738));
#2907 = DIRECTION('',(1.,0.,0.));
#2908 = DIRECTION('',(0.,0.,1.));
#2909 = ADVANCED_FACE('',(#2910),#2921,.F.);
#2910 = FACE_BOUND('',#2911,.F.);
#2911 = EDGE_LOOP('',(#2912,#2913,#2914,#2920));
#2912 = ORIENTED_EDGE('',*,*,#2899,.F.);
#2913 = ORIENTED_EDGE('',*,*,#2602,.F.);
#2914 = ORIENTED_EDGE('',*,*,#2915,.T.);
#2915 = EDGE_CURVE('',#2603,#2042,#2916,.T.);
#2916 = LINE('',#2917,#2918);
#2917 = CARTESIAN_POINT('',(2.18,0.32,-0.538043));
#2918 = VECTOR('',#2919,1.);
#2919 = DIRECTION('',(0.,0.,1.));
#2920 = ORIENTED_EDGE('',*,*,#2049,.F.);
#2921 = PLANE('',#2922);
#2922 = AXIS2_PLACEMENT_3D('',#2923,#2924,#2925);
#2923 = CARTESIAN_POINT('',(2.82,0.32,-0.538043));
#2924 = DIRECTION('',(0.,1.,0.));
#2925 = DIRECTION('',(0.,0.,1.));
#2926 = ADVANCED_FACE('',(#2927),#2933,.T.);
#2927 = FACE_BOUND('',#2928,.T.);
#2928 = EDGE_LOOP('',(#2929,#2930,#2931,#2932));
#2929 = ORIENTED_EDGE('',*,*,#2041,.F.);
#2930 = ORIENTED_EDGE('',*,*,#2881,.T.);
#2931 = ORIENTED_EDGE('',*,*,#2610,.F.);
#2932 = ORIENTED_EDGE('',*,*,#2915,.T.);
#2933 = PLANE('',#2934);
#2934 = AXIS2_PLACEMENT_3D('',#2935,#2936,#2937);
#2935 = CARTESIAN_POINT('',(2.18,0.,1.086738));
#2936 = DIRECTION('',(1.,0.,0.));
#2937 = DIRECTION('',(0.,0.,1.));
#2938 = ADVANCED_FACE('',(#2939),#2955,.F.);
#2939 = FACE_BOUND('',#2940,.F.);
#2940 = EDGE_LOOP('',(#2941,#2947,#2948,#2954));
#2941 = ORIENTED_EDGE('',*,*,#2942,.F.);
#2942 = EDGE_CURVE('',#2068,#2493,#2943,.T.);
#2943 = LINE('',#2944,#2945);
#2944 = CARTESIAN_POINT('',(0.32,-0.32,2.711519));
#2945 = VECTOR('',#2946,1.);
#2946 = DIRECTION('',(0.,0.,-1.));
#2947 = ORIENTED_EDGE('',*,*,#2065,.F.);
#2948 = ORIENTED_EDGE('',*,*,#2949,.T.);
#2949 = EDGE_CURVE('',#2066,#2495,#2950,.T.);
#2950 = LINE('',#2951,#2952);
#2951 = CARTESIAN_POINT('',(-0.32,-0.32,2.711519));
#2952 = VECTOR('',#2953,1.);
#2953 = DIRECTION('',(0.,0.,-1.));
#2954 = ORIENTED_EDGE('',*,*,#2492,.F.);
#2955 = PLANE('',#2956);
#2956 = AXIS2_PLACEMENT_3D('',#2957,#2958,#2959);
#2957 = CARTESIAN_POINT('',(0.32,-0.32,2.711519));
#2958 = DIRECTION('',(0.,-1.,0.));
#2959 = DIRECTION('',(0.,0.,-1.));
#2960 = ADVANCED_FACE('',(#2961),#2972,.T.);
#2961 = FACE_BOUND('',#2962,.T.);
#2962 = EDGE_LOOP('',(#2963,#2964,#2965,#2966));
#2963 = ORIENTED_EDGE('',*,*,#2075,.F.);
#2964 = ORIENTED_EDGE('',*,*,#2949,.T.);
#2965 = ORIENTED_EDGE('',*,*,#2518,.F.);
#2966 = ORIENTED_EDGE('',*,*,#2967,.T.);
#2967 = EDGE_CURVE('',#2511,#2076,#2968,.T.);
#2968 = LINE('',#2969,#2970);
#2969 = CARTESIAN_POINT('',(-0.32,0.32,-0.538043));
#2970 = VECTOR('',#2971,1.);
#2971 = DIRECTION('',(0.,0.,1.));
#2972 = PLANE('',#2973);
#2973 = AXIS2_PLACEMENT_3D('',#2974,#2975,#2976);
#2974 = CARTESIAN_POINT('',(-0.32,0.,1.086738));
#2975 = DIRECTION('',(1.,0.,0.));
#2976 = DIRECTION('',(0.,0.,1.));
#2977 = ADVANCED_FACE('',(#2978),#2989,.F.);
#2978 = FACE_BOUND('',#2979,.F.);
#2979 = EDGE_LOOP('',(#2980,#2981,#2982,#2983));
#2980 = ORIENTED_EDGE('',*,*,#2091,.F.);
#2981 = ORIENTED_EDGE('',*,*,#2942,.T.);
#2982 = ORIENTED_EDGE('',*,*,#2502,.F.);
#2983 = ORIENTED_EDGE('',*,*,#2984,.T.);
#2984 = EDGE_CURVE('',#2503,#2084,#2985,.T.);
#2985 = LINE('',#2986,#2987);
#2986 = CARTESIAN_POINT('',(0.32,0.32,-0.538043));
#2987 = VECTOR('',#2988,1.);
#2988 = DIRECTION('',(0.,0.,1.));
#2989 = PLANE('',#2990);
#2990 = AXIS2_PLACEMENT_3D('',#2991,#2992,#2993);
#2991 = CARTESIAN_POINT('',(0.32,0.,1.086738));
#2992 = DIRECTION('',(1.,0.,0.));
#2993 = DIRECTION('',(0.,0.,1.));
#2994 = ADVANCED_FACE('',(#2995),#3001,.F.);
#2995 = FACE_BOUND('',#2996,.F.);
#2996 = EDGE_LOOP('',(#2997,#2998,#2999,#3000));
#2997 = ORIENTED_EDGE('',*,*,#2984,.F.);
#2998 = ORIENTED_EDGE('',*,*,#2510,.F.);
#2999 = ORIENTED_EDGE('',*,*,#2967,.T.);
#3000 = ORIENTED_EDGE('',*,*,#2083,.F.);
#3001 = PLANE('',#3002);
#3002 = AXIS2_PLACEMENT_3D('',#3003,#3004,#3005);
#3003 = CARTESIAN_POINT('',(0.32,0.32,-0.538043));
#3004 = DIRECTION('',(0.,1.,0.));
#3005 = DIRECTION('',(0.,0.,1.));
#3006 = ( GEOMETRIC_REPRESENTATION_CONTEXT(3) 
GLOBAL_UNCERTAINTY_ASSIGNED_CONTEXT((#3010)) 
GLOBAL_UNIT_ASSIGNED_CONTEXT((#3007,#3008,#3009)) REPRESENTATION_CONTEXT
('Context #1','3D Context with UNIT and UNCERTAINTY') );
#3007 = ( LENGTH_UNIT() NAMED_UNIT(*) SI_UNIT(.MILLI.,.METRE.) );
#3008 = ( NAMED_UNIT(*) PLANE_ANGLE_UNIT() SI_UNIT($,.RADIAN.) );
#3009 = ( NAMED_UNIT(*) SI_UNIT($,.STERADIAN.) SOLID_ANGLE_UNIT() );
#3010 = UNCERTAINTY_MEASURE_WITH_UNIT(LENGTH_MEASURE(5.E-06),#3007,
  'distance_accuracy_value','confusion accuracy');
#3011 = CONTEXT_DEPENDENT_SHAPE_REPRESENTATION(#3012,#3014);
#3012 = ( REPRESENTATION_RELATIONSHIP('','',#36,#10) 
REPRESENTATION_RELATIONSHIP_WITH_TRANSFORMATION(#3013) 
SHAPE_REPRESENTATION_RELATIONSHIP() );
#3013 = ITEM_DEFINED_TRANSFORMATION('','',#11,#15);
#3014 = PRODUCT_DEFINITION_SHAPE('Placement','Placement of an item',
  #3015);
#3015 = NEXT_ASSEMBLY_USAGE_OCCURRENCE('12','Top_entry_base','',#5,#31,$
  );
#3016 = PRODUCT_RELATED_PRODUCT_CATEGORY('part',$,(#33));
#3017 = SHAPE_DEFINITION_REPRESENTATION(#3018,#3024);
#3018 = PRODUCT_DEFINITION_SHAPE('','',#3019);
#3019 = PRODUCT_DEFINITION('design','',#3020,#3023);
#3020 = PRODUCT_DEFINITION_FORMATION('','',#3021);
#3021 = PRODUCT('male_pins array','male_pins array','',(#3022));
#3022 = PRODUCT_CONTEXT('',#2,'mechanical');
#3023 = PRODUCT_DEFINITION_CONTEXT('part definition',#2,'design');
#3024 = SHAPE_REPRESENTATION('',(#11,#3025,#3029,#3033,#3037,#3041),
  #3045);
#3025 = AXIS2_PLACEMENT_3D('',#3026,#3027,#3028);
#3026 = CARTESIAN_POINT('',(0.,0.,0.));
#3027 = DIRECTION('',(0.,0.,1.));
#3028 = DIRECTION('',(1.,0.,0.));
#3029 = AXIS2_PLACEMENT_3D('',#3030,#3031,#3032);
#3030 = CARTESIAN_POINT('',(2.5,0.,0.));
#3031 = DIRECTION('',(0.,0.,1.));
#3032 = DIRECTION('',(1.,0.,0.));
#3033 = AXIS2_PLACEMENT_3D('',#3034,#3035,#3036);
#3034 = CARTESIAN_POINT('',(5.,0.,0.));
#3035 = DIRECTION('',(0.,0.,1.));
#3036 = DIRECTION('',(1.,0.,0.));
#3037 = AXIS2_PLACEMENT_3D('',#3038,#3039,#3040);
#3038 = CARTESIAN_POINT('',(7.5,0.,0.));
#3039 = DIRECTION('',(0.,0.,1.));
#3040 = DIRECTION('',(1.,0.,0.));
#3041 = AXIS2_PLACEMENT_3D('',#3042,#3043,#3044);
#3042 = CARTESIAN_POINT('',(10.,0.,0.));
#3043 = DIRECTION('',(0.,0.,1.));
#3044 = DIRECTION('',(1.,0.,0.));
#3045 = ( GEOMETRIC_REPRESENTATION_CONTEXT(3) 
GLOBAL_UNCERTAINTY_ASSIGNED_CONTEXT((#3049)) 
GLOBAL_UNIT_ASSIGNED_CONTEXT((#3046,#3047,#3048)) REPRESENTATION_CONTEXT
('Context #1','3D Context with UNIT and UNCERTAINTY') );
#3046 = ( LENGTH_UNIT() NAMED_UNIT(*) SI_UNIT(.MILLI.,.METRE.) );
#3047 = ( NAMED_UNIT(*) PLANE_ANGLE_UNIT() SI_UNIT($,.RADIAN.) );
#3048 = ( NAMED_UNIT(*) SI_UNIT($,.STERADIAN.) SOLID_ANGLE_UNIT() );
#3049 = UNCERTAINTY_MEASURE_WITH_UNIT(LENGTH_MEASURE(1.E-07),#3046,
  'distance_accuracy_value','confusion accuracy');
#3050 = CONTEXT_DEPENDENT_SHAPE_REPRESENTATION(#3051,#3053);
#3051 = ( REPRESENTATION_RELATIONSHIP('','',#3024,#10) 
REPRESENTATION_RELATIONSHIP_WITH_TRANSFORMATION(#3052) 
SHAPE_REPRESENTATION_RELATIONSHIP() );
#3052 = ITEM_DEFINED_TRANSFORMATION('','',#11,#19);
#3053 = PRODUCT_DEFINITION_SHAPE('Placement','Placement of an item',
  #3054);
#3054 = NEXT_ASSEMBLY_USAGE_OCCURRENCE('18','male_pins array','',#5,
  #3019,$);
#3055 = PRODUCT_RELATED_PRODUCT_CATEGORY('part',$,(#3021));
#3056 = SHAPE_DEFINITION_REPRESENTATION(#3057,#3063);
#3057 = PRODUCT_DEFINITION_SHAPE('','',#3058);
#3058 = PRODUCT_DEFINITION('design','',#3059,#3062);
#3059 = PRODUCT_DEFINITION_FORMATION('','',#3060);
#3060 = PRODUCT('Pin','Pin','',(#3061));
#3061 = PRODUCT_CONTEXT('',#2,'mechanical');
#3062 = PRODUCT_DEFINITION_CONTEXT('part definition',#2,'design');
#3063 = ADVANCED_BREP_SHAPE_REPRESENTATION('',(#11,#3064),#3406);
#3064 = MANIFOLD_SOLID_BREP('',#3065);
#3065 = CLOSED_SHELL('',(#3066,#3106,#3137,#3161,#3185,#3202,#3233,#3257
    ,#3281,#3298,#3329,#3353,#3377,#3394));
#3066 = ADVANCED_FACE('',(#3067),#3101,.F.);
#3067 = FACE_BOUND('',#3068,.F.);
#3068 = EDGE_LOOP('',(#3069,#3079,#3087,#3095));
#3069 = ORIENTED_EDGE('',*,*,#3070,.T.);
#3070 = EDGE_CURVE('',#3071,#3073,#3075,.T.);
#3071 = VERTEX_POINT('',#3072);
#3072 = CARTESIAN_POINT('',(-0.12,0.12,6.8));
#3073 = VERTEX_POINT('',#3074);
#3074 = CARTESIAN_POINT('',(0.12,0.12,6.8));
#3075 = LINE('',#3076,#3077);
#3076 = CARTESIAN_POINT('',(-0.32,0.12,6.8));
#3077 = VECTOR('',#3078,1.);
#3078 = DIRECTION('',(1.,0.,0.));
#3079 = ORIENTED_EDGE('',*,*,#3080,.T.);
#3080 = EDGE_CURVE('',#3073,#3081,#3083,.T.);
#3081 = VERTEX_POINT('',#3082);
#3082 = CARTESIAN_POINT('',(0.12,-0.12,6.8));
#3083 = LINE('',#3084,#3085);
#3084 = CARTESIAN_POINT('',(0.12,0.32,6.8));
#3085 = VECTOR('',#3086,1.);
#3086 = DIRECTION('',(0.,-1.,0.));
#3087 = ORIENTED_EDGE('',*,*,#3088,.F.);
#3088 = EDGE_CURVE('',#3089,#3081,#3091,.T.);
#3089 = VERTEX_POINT('',#3090);
#3090 = CARTESIAN_POINT('',(-0.12,-0.12,6.8));
#3091 = LINE('',#3092,#3093);
#3092 = CARTESIAN_POINT('',(-0.32,-0.12,6.8));
#3093 = VECTOR('',#3094,1.);
#3094 = DIRECTION('',(1.,0.,0.));
#3095 = ORIENTED_EDGE('',*,*,#3096,.F.);
#3096 = EDGE_CURVE('',#3071,#3089,#3097,.T.);
#3097 = LINE('',#3098,#3099);
#3098 = CARTESIAN_POINT('',(-0.12,0.32,6.8));
#3099 = VECTOR('',#3100,1.);
#3100 = DIRECTION('',(0.,-1.,0.));
#3101 = PLANE('',#3102);
#3102 = AXIS2_PLACEMENT_3D('',#3103,#3104,#3105);
#3103 = CARTESIAN_POINT('',(-0.32,0.32,6.8));
#3104 = DIRECTION('',(0.,0.,-1.));
#3105 = DIRECTION('',(0.,-1.,0.));
#3106 = ADVANCED_FACE('',(#3107),#3132,.T.);
#3107 = FACE_BOUND('',#3108,.T.);
#3108 = EDGE_LOOP('',(#3109,#3117,#3118,#3126));
#3109 = ORIENTED_EDGE('',*,*,#3110,.F.);
#3110 = EDGE_CURVE('',#3071,#3111,#3113,.T.);
#3111 = VERTEX_POINT('',#3112);
#3112 = CARTESIAN_POINT('',(-0.32,0.32,6.6));
#3113 = LINE('',#3114,#3115);
#3114 = CARTESIAN_POINT('',(-0.253333333333,0.253333333333,
    6.666666666667));
#3115 = VECTOR('',#3116,1.);
#3116 = DIRECTION('',(-0.57735026919,0.57735026919,-0.57735026919));
#3117 = ORIENTED_EDGE('',*,*,#3070,.T.);
#3118 = ORIENTED_EDGE('',*,*,#3119,.T.);
#3119 = EDGE_CURVE('',#3073,#3120,#3122,.T.);
#3120 = VERTEX_POINT('',#3121);
#3121 = CARTESIAN_POINT('',(0.32,0.32,6.6));
#3122 = LINE('',#3123,#3124);
#3123 = CARTESIAN_POINT('',(0.146666666667,0.146666666667,6.773333333333
    ));
#3124 = VECTOR('',#3125,1.);
#3125 = DIRECTION('',(0.57735026919,0.57735026919,-0.57735026919));
#3126 = ORIENTED_EDGE('',*,*,#3127,.F.);
#3127 = EDGE_CURVE('',#3111,#3120,#3128,.T.);
#3128 = LINE('',#3129,#3130);
#3129 = CARTESIAN_POINT('',(-0.32,0.32,6.6));
#3130 = VECTOR('',#3131,1.);
#3131 = DIRECTION('',(1.,0.,0.));
#3132 = PLANE('',#3133);
#3133 = AXIS2_PLACEMENT_3D('',#3134,#3135,#3136);
#3134 = CARTESIAN_POINT('',(-0.32,0.22,6.7));
#3135 = DIRECTION('',(0.,0.707106781187,0.707106781187));
#3136 = DIRECTION('',(1.,0.,-0.));
#3137 = ADVANCED_FACE('',(#3138),#3156,.T.);
#3138 = FACE_BOUND('',#3139,.F.);
#3139 = EDGE_LOOP('',(#3140,#3141,#3142,#3150));
#3140 = ORIENTED_EDGE('',*,*,#3110,.F.);
#3141 = ORIENTED_EDGE('',*,*,#3096,.T.);
#3142 = ORIENTED_EDGE('',*,*,#3143,.T.);
#3143 = EDGE_CURVE('',#3089,#3144,#3146,.T.);
#3144 = VERTEX_POINT('',#3145);
#3145 = CARTESIAN_POINT('',(-0.32,-0.32,6.6));
#3146 = LINE('',#3147,#3148);
#3147 = CARTESIAN_POINT('',(-0.146666666667,-0.146666666667,
    6.773333333333));
#3148 = VECTOR('',#3149,1.);
#3149 = DIRECTION('',(-0.57735026919,-0.57735026919,-0.57735026919));
#3150 = ORIENTED_EDGE('',*,*,#3151,.F.);
#3151 = EDGE_CURVE('',#3111,#3144,#3152,.T.);
#3152 = LINE('',#3153,#3154);
#3153 = CARTESIAN_POINT('',(-0.32,0.32,6.6));
#3154 = VECTOR('',#3155,1.);
#3155 = DIRECTION('',(0.,-1.,0.));
#3156 = PLANE('',#3157);
#3157 = AXIS2_PLACEMENT_3D('',#3158,#3159,#3160);
#3158 = CARTESIAN_POINT('',(-0.22,0.32,6.7));
#3159 = DIRECTION('',(-0.707106781187,0.,0.707106781187));
#3160 = DIRECTION('',(0.,1.,-0.));
#3161 = ADVANCED_FACE('',(#3162),#3180,.F.);
#3162 = FACE_BOUND('',#3163,.T.);
#3163 = EDGE_LOOP('',(#3164,#3165,#3166,#3174));
#3164 = ORIENTED_EDGE('',*,*,#3119,.F.);
#3165 = ORIENTED_EDGE('',*,*,#3080,.T.);
#3166 = ORIENTED_EDGE('',*,*,#3167,.T.);
#3167 = EDGE_CURVE('',#3081,#3168,#3170,.T.);
#3168 = VERTEX_POINT('',#3169);
#3169 = CARTESIAN_POINT('',(0.32,-0.32,6.6));
#3170 = LINE('',#3171,#3172);
#3171 = CARTESIAN_POINT('',(4.E-02,-4.E-02,6.88));
#3172 = VECTOR('',#3173,1.);
#3173 = DIRECTION('',(0.57735026919,-0.57735026919,-0.57735026919));
#3174 = ORIENTED_EDGE('',*,*,#3175,.F.);
#3175 = EDGE_CURVE('',#3120,#3168,#3176,.T.);
#3176 = LINE('',#3177,#3178);
#3177 = CARTESIAN_POINT('',(0.32,0.32,6.6));
#3178 = VECTOR('',#3179,1.);
#3179 = DIRECTION('',(0.,-1.,0.));
#3180 = PLANE('',#3181);
#3181 = AXIS2_PLACEMENT_3D('',#3182,#3183,#3184);
#3182 = CARTESIAN_POINT('',(0.22,0.32,6.7));
#3183 = DIRECTION('',(-0.707106781187,-0.,-0.707106781187));
#3184 = DIRECTION('',(-0.,1.,-0.));
#3185 = ADVANCED_FACE('',(#3186),#3197,.T.);
#3186 = FACE_BOUND('',#3187,.F.);
#3187 = EDGE_LOOP('',(#3188,#3189,#3190,#3191));
#3188 = ORIENTED_EDGE('',*,*,#3143,.F.);
#3189 = ORIENTED_EDGE('',*,*,#3088,.T.);
#3190 = ORIENTED_EDGE('',*,*,#3167,.T.);
#3191 = ORIENTED_EDGE('',*,*,#3192,.F.);
#3192 = EDGE_CURVE('',#3144,#3168,#3193,.T.);
#3193 = LINE('',#3194,#3195);
#3194 = CARTESIAN_POINT('',(-0.32,-0.32,6.6));
#3195 = VECTOR('',#3196,1.);
#3196 = DIRECTION('',(1.,0.,0.));
#3197 = PLANE('',#3198);
#3198 = AXIS2_PLACEMENT_3D('',#3199,#3200,#3201);
#3199 = CARTESIAN_POINT('',(-0.32,-0.22,6.7));
#3200 = DIRECTION('',(-0.,-0.707106781187,0.707106781187));
#3201 = DIRECTION('',(-1.,-0.,-0.));
#3202 = ADVANCED_FACE('',(#3203),#3228,.F.);
#3203 = FACE_BOUND('',#3204,.F.);
#3204 = EDGE_LOOP('',(#3205,#3213,#3221,#3227));
#3205 = ORIENTED_EDGE('',*,*,#3206,.F.);
#3206 = EDGE_CURVE('',#3207,#3111,#3209,.T.);
#3207 = VERTEX_POINT('',#3208);
#3208 = CARTESIAN_POINT('',(-0.32,0.32,-3.2));
#3209 = LINE('',#3210,#3211);
#3210 = CARTESIAN_POINT('',(-0.32,0.32,-3.4));
#3211 = VECTOR('',#3212,1.);
#3212 = DIRECTION('',(0.,0.,1.));
#3213 = ORIENTED_EDGE('',*,*,#3214,.T.);
#3214 = EDGE_CURVE('',#3207,#3215,#3217,.T.);
#3215 = VERTEX_POINT('',#3216);
#3216 = CARTESIAN_POINT('',(0.32,0.32,-3.2));
#3217 = LINE('',#3218,#3219);
#3218 = CARTESIAN_POINT('',(-0.32,0.32,-3.2));
#3219 = VECTOR('',#3220,1.);
#3220 = DIRECTION('',(1.,0.,0.));
#3221 = ORIENTED_EDGE('',*,*,#3222,.T.);
#3222 = EDGE_CURVE('',#3215,#3120,#3223,.T.);
#3223 = LINE('',#3224,#3225);
#3224 = CARTESIAN_POINT('',(0.32,0.32,-3.4));
#3225 = VECTOR('',#3226,1.);
#3226 = DIRECTION('',(0.,0.,1.));
#3227 = ORIENTED_EDGE('',*,*,#3127,.F.);
#3228 = PLANE('',#3229);
#3229 = AXIS2_PLACEMENT_3D('',#3230,#3231,#3232);
#3230 = CARTESIAN_POINT('',(-0.32,0.32,-3.4));
#3231 = DIRECTION('',(0.,-1.,0.));
#3232 = DIRECTION('',(0.,0.,1.));
#3233 = ADVANCED_FACE('',(#3234),#3252,.F.);
#3234 = FACE_BOUND('',#3235,.F.);
#3235 = EDGE_LOOP('',(#3236,#3244,#3250,#3251));
#3236 = ORIENTED_EDGE('',*,*,#3237,.T.);
#3237 = EDGE_CURVE('',#3144,#3238,#3240,.T.);
#3238 = VERTEX_POINT('',#3239);
#3239 = CARTESIAN_POINT('',(-0.32,-0.32,-3.2));
#3240 = LINE('',#3241,#3242);
#3241 = CARTESIAN_POINT('',(-0.32,-0.32,6.8));
#3242 = VECTOR('',#3243,1.);
#3243 = DIRECTION('',(0.,0.,-1.));
#3244 = ORIENTED_EDGE('',*,*,#3245,.T.);
#3245 = EDGE_CURVE('',#3238,#3207,#3246,.T.);
#3246 = LINE('',#3247,#3248);
#3247 = CARTESIAN_POINT('',(-0.32,-0.32,-3.2));
#3248 = VECTOR('',#3249,1.);
#3249 = DIRECTION('',(0.,1.,0.));
#3250 = ORIENTED_EDGE('',*,*,#3206,.T.);
#3251 = ORIENTED_EDGE('',*,*,#3151,.T.);
#3252 = PLANE('',#3253);
#3253 = AXIS2_PLACEMENT_3D('',#3254,#3255,#3256);
#3254 = CARTESIAN_POINT('',(-0.32,0.,1.7));
#3255 = DIRECTION('',(1.,0.,0.));
#3256 = DIRECTION('',(0.,0.,1.));
#3257 = ADVANCED_FACE('',(#3258),#3276,.T.);
#3258 = FACE_BOUND('',#3259,.T.);
#3259 = EDGE_LOOP('',(#3260,#3268,#3274,#3275));
#3260 = ORIENTED_EDGE('',*,*,#3261,.T.);
#3261 = EDGE_CURVE('',#3168,#3262,#3264,.T.);
#3262 = VERTEX_POINT('',#3263);
#3263 = CARTESIAN_POINT('',(0.32,-0.32,-3.2));
#3264 = LINE('',#3265,#3266);
#3265 = CARTESIAN_POINT('',(0.32,-0.32,6.8));
#3266 = VECTOR('',#3267,1.);
#3267 = DIRECTION('',(0.,0.,-1.));
#3268 = ORIENTED_EDGE('',*,*,#3269,.T.);
#3269 = EDGE_CURVE('',#3262,#3215,#3270,.T.);
#3270 = LINE('',#3271,#3272);
#3271 = CARTESIAN_POINT('',(0.32,-0.32,-3.2));
#3272 = VECTOR('',#3273,1.);
#3273 = DIRECTION('',(0.,1.,0.));
#3274 = ORIENTED_EDGE('',*,*,#3222,.T.);
#3275 = ORIENTED_EDGE('',*,*,#3175,.T.);
#3276 = PLANE('',#3277);
#3277 = AXIS2_PLACEMENT_3D('',#3278,#3279,#3280);
#3278 = CARTESIAN_POINT('',(0.32,0.,1.7));
#3279 = DIRECTION('',(1.,0.,0.));
#3280 = DIRECTION('',(0.,0.,1.));
#3281 = ADVANCED_FACE('',(#3282),#3293,.F.);
#3282 = FACE_BOUND('',#3283,.F.);
#3283 = EDGE_LOOP('',(#3284,#3285,#3286,#3287));
#3284 = ORIENTED_EDGE('',*,*,#3237,.F.);
#3285 = ORIENTED_EDGE('',*,*,#3192,.T.);
#3286 = ORIENTED_EDGE('',*,*,#3261,.T.);
#3287 = ORIENTED_EDGE('',*,*,#3288,.F.);
#3288 = EDGE_CURVE('',#3238,#3262,#3289,.T.);
#3289 = LINE('',#3290,#3291);
#3290 = CARTESIAN_POINT('',(-0.32,-0.32,-3.2));
#3291 = VECTOR('',#3292,1.);
#3292 = DIRECTION('',(1.,0.,0.));
#3293 = PLANE('',#3294);
#3294 = AXIS2_PLACEMENT_3D('',#3295,#3296,#3297);
#3295 = CARTESIAN_POINT('',(-0.32,-0.32,6.8));
#3296 = DIRECTION('',(0.,1.,0.));
#3297 = DIRECTION('',(0.,0.,-1.));
#3298 = ADVANCED_FACE('',(#3299),#3324,.T.);
#3299 = FACE_BOUND('',#3300,.F.);
#3300 = EDGE_LOOP('',(#3301,#3309,#3317,#3323));
#3301 = ORIENTED_EDGE('',*,*,#3302,.F.);
#3302 = EDGE_CURVE('',#3303,#3207,#3305,.T.);
#3303 = VERTEX_POINT('',#3304);
#3304 = CARTESIAN_POINT('',(-0.12,0.12,-3.4));
#3305 = LINE('',#3306,#3307);
#3306 = CARTESIAN_POINT('',(-0.146666666667,0.146666666667,
    -3.373333333333));
#3307 = VECTOR('',#3308,1.);
#3308 = DIRECTION('',(-0.57735026919,0.57735026919,0.57735026919));
#3309 = ORIENTED_EDGE('',*,*,#3310,.T.);
#3310 = EDGE_CURVE('',#3303,#3311,#3313,.T.);
#3311 = VERTEX_POINT('',#3312);
#3312 = CARTESIAN_POINT('',(0.12,0.12,-3.4));
#3313 = LINE('',#3314,#3315);
#3314 = CARTESIAN_POINT('',(-0.32,0.12,-3.4));
#3315 = VECTOR('',#3316,1.);
#3316 = DIRECTION('',(1.,0.,0.));
#3317 = ORIENTED_EDGE('',*,*,#3318,.T.);
#3318 = EDGE_CURVE('',#3311,#3215,#3319,.T.);
#3319 = LINE('',#3320,#3321);
#3320 = CARTESIAN_POINT('',(4.E-02,4.E-02,-3.48));
#3321 = VECTOR('',#3322,1.);
#3322 = DIRECTION('',(0.57735026919,0.57735026919,0.57735026919));
#3323 = ORIENTED_EDGE('',*,*,#3214,.F.);
#3324 = PLANE('',#3325);
#3325 = AXIS2_PLACEMENT_3D('',#3326,#3327,#3328);
#3326 = CARTESIAN_POINT('',(-0.32,0.22,-3.3));
#3327 = DIRECTION('',(-0.,0.707106781187,-0.707106781187));
#3328 = DIRECTION('',(-1.,-0.,0.));
#3329 = ADVANCED_FACE('',(#3330),#3348,.T.);
#3330 = FACE_BOUND('',#3331,.F.);
#3331 = EDGE_LOOP('',(#3332,#3340,#3346,#3347));
#3332 = ORIENTED_EDGE('',*,*,#3333,.T.);
#3333 = EDGE_CURVE('',#3238,#3334,#3336,.T.);
#3334 = VERTEX_POINT('',#3335);
#3335 = CARTESIAN_POINT('',(-0.12,-0.12,-3.4));
#3336 = LINE('',#3337,#3338);
#3337 = CARTESIAN_POINT('',(-0.253333333333,-0.253333333333,
    -3.266666666667));
#3338 = VECTOR('',#3339,1.);
#3339 = DIRECTION('',(0.57735026919,0.57735026919,-0.57735026919));
#3340 = ORIENTED_EDGE('',*,*,#3341,.T.);
#3341 = EDGE_CURVE('',#3334,#3303,#3342,.T.);
#3342 = LINE('',#3343,#3344);
#3343 = CARTESIAN_POINT('',(-0.12,-0.32,-3.4));
#3344 = VECTOR('',#3345,1.);
#3345 = DIRECTION('',(0.,1.,0.));
#3346 = ORIENTED_EDGE('',*,*,#3302,.T.);
#3347 = ORIENTED_EDGE('',*,*,#3245,.F.);
#3348 = PLANE('',#3349);
#3349 = AXIS2_PLACEMENT_3D('',#3350,#3351,#3352);
#3350 = CARTESIAN_POINT('',(-0.22,-0.32,-3.3));
#3351 = DIRECTION('',(-0.707106781187,-0.,-0.707106781187));
#3352 = DIRECTION('',(-0.,-1.,0.));
#3353 = ADVANCED_FACE('',(#3354),#3372,.F.);
#3354 = FACE_BOUND('',#3355,.T.);
#3355 = EDGE_LOOP('',(#3356,#3364,#3370,#3371));
#3356 = ORIENTED_EDGE('',*,*,#3357,.T.);
#3357 = EDGE_CURVE('',#3262,#3358,#3360,.T.);
#3358 = VERTEX_POINT('',#3359);
#3359 = CARTESIAN_POINT('',(0.12,-0.12,-3.4));
#3360 = LINE('',#3361,#3362);
#3361 = CARTESIAN_POINT('',(0.146666666667,-0.146666666667,
    -3.373333333333));
#3362 = VECTOR('',#3363,1.);
#3363 = DIRECTION('',(-0.57735026919,0.57735026919,-0.57735026919));
#3364 = ORIENTED_EDGE('',*,*,#3365,.T.);
#3365 = EDGE_CURVE('',#3358,#3311,#3366,.T.);
#3366 = LINE('',#3367,#3368);
#3367 = CARTESIAN_POINT('',(0.12,-0.32,-3.4));
#3368 = VECTOR('',#3369,1.);
#3369 = DIRECTION('',(0.,1.,0.));
#3370 = ORIENTED_EDGE('',*,*,#3318,.T.);
#3371 = ORIENTED_EDGE('',*,*,#3269,.F.);
#3372 = PLANE('',#3373);
#3373 = AXIS2_PLACEMENT_3D('',#3374,#3375,#3376);
#3374 = CARTESIAN_POINT('',(0.22,-0.32,-3.3));
#3375 = DIRECTION('',(-0.707106781187,0.,0.707106781187));
#3376 = DIRECTION('',(-0.,-1.,0.));
#3377 = ADVANCED_FACE('',(#3378),#3389,.T.);
#3378 = FACE_BOUND('',#3379,.F.);
#3379 = EDGE_LOOP('',(#3380,#3381,#3382,#3383));
#3380 = ORIENTED_EDGE('',*,*,#3333,.F.);
#3381 = ORIENTED_EDGE('',*,*,#3288,.T.);
#3382 = ORIENTED_EDGE('',*,*,#3357,.T.);
#3383 = ORIENTED_EDGE('',*,*,#3384,.F.);
#3384 = EDGE_CURVE('',#3334,#3358,#3385,.T.);
#3385 = LINE('',#3386,#3387);
#3386 = CARTESIAN_POINT('',(-0.32,-0.12,-3.4));
#3387 = VECTOR('',#3388,1.);
#3388 = DIRECTION('',(1.,0.,0.));
#3389 = PLANE('',#3390);
#3390 = AXIS2_PLACEMENT_3D('',#3391,#3392,#3393);
#3391 = CARTESIAN_POINT('',(-0.32,-0.22,-3.3));
#3392 = DIRECTION('',(0.,-0.707106781187,-0.707106781187));
#3393 = DIRECTION('',(-1.,-0.,-0.));
#3394 = ADVANCED_FACE('',(#3395),#3401,.F.);
#3395 = FACE_BOUND('',#3396,.F.);
#3396 = EDGE_LOOP('',(#3397,#3398,#3399,#3400));
#3397 = ORIENTED_EDGE('',*,*,#3384,.T.);
#3398 = ORIENTED_EDGE('',*,*,#3365,.T.);
#3399 = ORIENTED_EDGE('',*,*,#3310,.F.);
#3400 = ORIENTED_EDGE('',*,*,#3341,.F.);
#3401 = PLANE('',#3402);
#3402 = AXIS2_PLACEMENT_3D('',#3403,#3404,#3405);
#3403 = CARTESIAN_POINT('',(-0.32,-0.32,-3.4));
#3404 = DIRECTION('',(0.,0.,1.));
#3405 = DIRECTION('',(0.,1.,0.));
#3406 = ( GEOMETRIC_REPRESENTATION_CONTEXT(3) 
GLOBAL_UNCERTAINTY_ASSIGNED_CONTEXT((#3410)) 
GLOBAL_UNIT_ASSIGNED_CONTEXT((#3407,#3408,#3409)) REPRESENTATION_CONTEXT
('Context #1','3D Context with UNIT and UNCERTAINTY') );
#3407 = ( LENGTH_UNIT() NAMED_UNIT(*) SI_UNIT(.MILLI.,.METRE.) );
#3408 = ( NAMED_UNIT(*) PLANE_ANGLE_UNIT() SI_UNIT($,.RADIAN.) );
#3409 = ( NAMED_UNIT(*) SI_UNIT($,.STERADIAN.) SOLID_ANGLE_UNIT() );
#3410 = UNCERTAINTY_MEASURE_WITH_UNIT(LENGTH_MEASURE(1.E-07),#3407,
  'distance_accuracy_value','confusion accuracy');
#3411 = CONTEXT_DEPENDENT_SHAPE_REPRESENTATION(#3412,#3414);
#3412 = ( REPRESENTATION_RELATIONSHIP('','',#3063,#3024) 
REPRESENTATION_RELATIONSHIP_WITH_TRANSFORMATION(#3413) 
SHAPE_REPRESENTATION_RELATIONSHIP() );
#3413 = ITEM_DEFINED_TRANSFORMATION('','',#11,#3025);
#3414 = PRODUCT_DEFINITION_SHAPE('Placement','Placement of an item',
  #3415);
#3415 = NEXT_ASSEMBLY_USAGE_OCCURRENCE('13','0','',#3019,#3058,$);
#3416 = PRODUCT_RELATED_PRODUCT_CATEGORY('part',$,(#3060));
#3417 = CONTEXT_DEPENDENT_SHAPE_REPRESENTATION(#3418,#3420);
#3418 = ( REPRESENTATION_RELATIONSHIP('','',#3063,#3024) 
REPRESENTATION_RELATIONSHIP_WITH_TRANSFORMATION(#3419) 
SHAPE_REPRESENTATION_RELATIONSHIP() );
#3419 = ITEM_DEFINED_TRANSFORMATION('','',#11,#3029);
#3420 = PRODUCT_DEFINITION_SHAPE('Placement','Placement of an item',
  #3421);
#3421 = NEXT_ASSEMBLY_USAGE_OCCURRENCE('14','1','',#3019,#3058,$);
#3422 = CONTEXT_DEPENDENT_SHAPE_REPRESENTATION(#3423,#3425);
#3423 = ( REPRESENTATION_RELATIONSHIP('','',#3063,#3024) 
REPRESENTATION_RELATIONSHIP_WITH_TRANSFORMATION(#3424) 
SHAPE_REPRESENTATION_RELATIONSHIP() );
#3424 = ITEM_DEFINED_TRANSFORMATION('','',#11,#3033);
#3425 = PRODUCT_DEFINITION_SHAPE('Placement','Placement of an item',
  #3426);
#3426 = NEXT_ASSEMBLY_USAGE_OCCURRENCE('15','2','',#3019,#3058,$);
#3427 = CONTEXT_DEPENDENT_SHAPE_REPRESENTATION(#3428,#3430);
#3428 = ( REPRESENTATION_RELATIONSHIP('','',#3063,#3024) 
REPRESENTATION_RELATIONSHIP_WITH_TRANSFORMATION(#3429) 
SHAPE_REPRESENTATION_RELATIONSHIP() );
#3429 = ITEM_DEFINED_TRANSFORMATION('','',#11,#3037);
#3430 = PRODUCT_DEFINITION_SHAPE('Placement','Placement of an item',
  #3431);
#3431 = NEXT_ASSEMBLY_USAGE_OCCURRENCE('16','3','',#3019,#3058,$);
#3432 = CONTEXT_DEPENDENT_SHAPE_REPRESENTATION(#3433,#3435);
#3433 = ( REPRESENTATION_RELATIONSHIP('','',#3063,#3024) 
REPRESENTATION_RELATIONSHIP_WITH_TRANSFORMATION(#3434) 
SHAPE_REPRESENTATION_RELATIONSHIP() );
#3434 = ITEM_DEFINED_TRANSFORMATION('','',#11,#3041);
#3435 = PRODUCT_DEFINITION_SHAPE('Placement','Placement of an item',
  #3436);
#3436 = NEXT_ASSEMBLY_USAGE_OCCURRENCE('17','4','',#3019,#3058,$);
#3437 = MECHANICAL_DESIGN_GEOMETRIC_PRESENTATION_REPRESENTATION('',(
    #3438),#3406);
#3438 = STYLED_ITEM('color',(#3439),#3064);
#3439 = PRESENTATION_STYLE_ASSIGNMENT((#3440,#3446));
#3440 = SURFACE_STYLE_USAGE(.BOTH.,#3441);
#3441 = SURFACE_SIDE_STYLE('',(#3442));
#3442 = SURFACE_STYLE_FILL_AREA(#3443);
#3443 = FILL_AREA_STYLE('',(#3444));
#3444 = FILL_AREA_STYLE_COLOUR('',#3445);
#3445 = COLOUR_RGB('',0.399999997426,0.274509816483,0.);
#3446 = CURVE_STYLE('',#3447,POSITIVE_LENGTH_MEASURE(0.1),#3448);
#3447 = DRAUGHTING_PRE_DEFINED_CURVE_FONT('continuous');
#3448 = COLOUR_RGB('',9.803921802644E-02,9.803921802644E-02,
  9.803921802644E-02);
#3449 = MECHANICAL_DESIGN_GEOMETRIC_PRESENTATION_REPRESENTATION('',(
    #3450),#3006);
#3450 = STYLED_ITEM('color',(#3451),#37);
#3451 = PRESENTATION_STYLE_ASSIGNMENT((#3452,#3458));
#3452 = SURFACE_STYLE_USAGE(.BOTH.,#3453);
#3453 = SURFACE_SIDE_STYLE('',(#3454));
#3454 = SURFACE_STYLE_FILL_AREA(#3455);
#3455 = FILL_AREA_STYLE('',(#3456));
#3456 = FILL_AREA_STYLE_COLOUR('',#3457);
#3457 = DRAUGHTING_PRE_DEFINED_COLOUR('white');
#3458 = CURVE_STYLE('',#3459,POSITIVE_LENGTH_MEASURE(0.1),#3448);
#3459 = DRAUGHTING_PRE_DEFINED_CURVE_FONT('continuous');
ENDSEC;
END-ISO-10303-21;
