ISO-10303-21;
HEADER;
FILE_DESCRIPTION(('FreeCAD Model'),'2;1');
FILE_NAME('Open CASCADE Shape Model','2026-06-29T20:58:04',(''),(''),
  'Open CASCADE STEP processor 7.8','FreeCAD','Unknown');
FILE_SCHEMA(('AUTOMOTIVE_DESIGN { 1 0 10303 214 1 1 1 1 }'));
ENDSEC;
DATA;
#1 = APPLICATION_PROTOCOL_DEFINITION('international standard',
  'automotive_design',2000,#2);
#2 = APPLICATION_CONTEXT(
  'core data for automotive mechanical design processes');
#3 = SHAPE_DEFINITION_REPRESENTATION(#4,#10);
#4 = PRODUCT_DEFINITION_SHAPE('','',#5);
#5 = PRODUCT_DEFINITION('design','',#6,#9);
#6 = PRODUCT_DEFINITION_FORMATION('','',#7);
#7 = PRODUCT('XH_top_entry','XH_top_entry','',(#8));
#8 = PRODUCT_CONTEXT('',#2,'mechanical');
#9 = PRODUCT_DEFINITION_CONTEXT('part definition',#2,'design');
#10 = SHAPE_REPRESENTATION('',(#11,#15,#19),#23);
#11 = AXIS2_PLACEMENT_3D('',#12,#13,#14);
#12 = CARTESIAN_POINT('',(0.,0.,0.));
#13 = DIRECTION('',(0.,0.,1.));
#14 = DIRECTION('',(1.,0.,-0.));
#15 = AXIS2_PLACEMENT_3D('',#16,#17,#18);
#16 = CARTESIAN_POINT('',(25.,0.,0.));
#17 = DIRECTION('',(0.,0.,1.));
#18 = DIRECTION('',(-1.,1.224646799147E-16,0.));
#19 = AXIS2_PLACEMENT_3D('',#20,#21,#22);
#20 = CARTESIAN_POINT('',(0.,0.,0.));
#21 = DIRECTION('',(0.,0.,1.));
#22 = DIRECTION('',(1.,0.,0.));
#23 = ( GEOMETRIC_REPRESENTATION_CONTEXT(3) 
GLOBAL_UNCERTAINTY_ASSIGNED_CONTEXT((#27)) GLOBAL_UNIT_ASSIGNED_CONTEXT(
(#24,#25,#26)) REPRESENTATION_CONTEXT('Context #1',
  '3D Context with UNIT and UNCERTAINTY') );
#24 = ( LENGTH_UNIT() NAMED_UNIT(*) SI_UNIT(.MILLI.,.METRE.) );
#25 = ( NAMED_UNIT(*) PLANE_ANGLE_UNIT() SI_UNIT($,.RADIAN.) );
#26 = ( NAMED_UNIT(*) SI_UNIT($,.STERADIAN.) SOLID_ANGLE_UNIT() );
#27 = UNCERTAINTY_MEASURE_WITH_UNIT(LENGTH_MEASURE(5.E-06),#24,
  'distance_accuracy_value','confusion accuracy');
#28 = PRODUCT_RELATED_PRODUCT_CATEGORY('part',$,(#7));
#29 = SHAPE_DEFINITION_REPRESENTATION(#30,#36);
#30 = PRODUCT_DEFINITION_SHAPE('','',#31);
#31 = PRODUCT_DEFINITION('design','',#32,#35);
#32 = PRODUCT_DEFINITION_FORMATION('','',#33);
#33 = PRODUCT('Top_entry_base','Top_entry_base','',(#34));
#34 = PRODUCT_CONTEXT('',#2,'mechanical');
#35 = PRODUCT_DEFINITION_CONTEXT('part definition',#2,'design');
#36 = ADVANCED_BREP_SHAPE_REPRESENTATION('',(#11,#37),#5010);
#37 = MANIFOLD_SOLID_BREP('',#38);
#38 = CLOSED_SHELL('',(#39,#129,#168,#192,#249,#273,#298,#322,#698,#730,
    #755,#805,#878,#895,#920,#1417,#1448,#1460,#1484,#1550,#1568,#1601,
    #1625,#1656,#1673,#1706,#1739,#1763,#1787,#1818,#1849,#1866,#1883,
    #1916,#1949,#1973,#1997,#2028,#2059,#2076,#2093,#2126,#2159,#2183,
    #2207,#2238,#2269,#2286,#2303,#2336,#2369,#2393,#2417,#2448,#2479,
    #2496,#2513,#2546,#2579,#2603,#2627,#2658,#2689,#2701,#2718,#2749,
    #2761,#2778,#2795,#2933,#3319,#3336,#3353,#3370,#3387,#3404,#3421,
    #3438,#3455,#3472,#3489,#3506,#3523,#3540,#3557,#3574,#3591,#3608,
    #3625,#3642,#3659,#3676,#3693,#3710,#3727,#3744,#3756,#3802,#3848,
    #3894,#3940,#3986,#4032,#4078,#4124,#4170,#4216,#4262,#4284,#4301,
    #4318,#4330,#4352,#4369,#4386,#4398,#4420,#4437,#4454,#4466,#4488,
    #4505,#4522,#4534,#4556,#4573,#4590,#4602,#4624,#4641,#4658,#4670,
    #4692,#4709,#4726,#4738,#4760,#4777,#4794,#4806,#4828,#4845,#4862,
    #4874,#4896,#4913,#4930,#4942,#4964,#4981,#4998));
#39 = ADVANCED_FACE('',(#40),#124,.T.);
#40 = FACE_BOUND('',#41,.T.);
#41 = EDGE_LOOP('',(#42,#52,#60,#68,#76,#84,#92,#101,#109,#118));
#42 = ORIENTED_EDGE('',*,*,#43,.T.);
#43 = EDGE_CURVE('',#44,#46,#48,.T.);
#44 = VERTEX_POINT('',#45);
#45 = CARTESIAN_POINT('',(-2.45,-0.7,7.));
#46 = VERTEX_POINT('',#47);
#47 = CARTESIAN_POINT('',(-2.,-0.7,7.));
#48 = LINE('',#49,#50);
#49 = CARTESIAN_POINT('',(-5.,-0.7,7.));
#50 = VECTOR('',#51,1.);
#51 = DIRECTION('',(1.,0.,0.));
#52 = ORIENTED_EDGE('',*,*,#53,.F.);
#53 = EDGE_CURVE('',#54,#46,#56,.T.);
#54 = VERTEX_POINT('',#55);
#55 = CARTESIAN_POINT('',(-2.,2.95,7.));
#56 = LINE('',#57,#58);
#57 = CARTESIAN_POINT('',(-2.,2.65,7.));
#58 = VECTOR('',#59,1.);
#59 = DIRECTION('',(0.,-1.,0.));
#60 = ORIENTED_EDGE('',*,*,#61,.T.);
#61 = EDGE_CURVE('',#54,#62,#64,.T.);
#62 = VERTEX_POINT('',#63);
#63 = CARTESIAN_POINT('',(27.,2.95,7.));
#64 = LINE('',#65,#66);
#65 = CARTESIAN_POINT('',(-1.7,2.95,7.));
#66 = VECTOR('',#67,1.);
#67 = DIRECTION('',(1.,0.,0.));
#68 = ORIENTED_EDGE('',*,*,#69,.T.);
#69 = EDGE_CURVE('',#62,#70,#72,.T.);
#70 = VERTEX_POINT('',#71);
#71 = CARTESIAN_POINT('',(27.,-0.7,7.));
#72 = LINE('',#73,#74);
#73 = CARTESIAN_POINT('',(27.,2.65,7.));
#74 = VECTOR('',#75,1.);
#75 = DIRECTION('',(0.,-1.,0.));
#76 = ORIENTED_EDGE('',*,*,#77,.T.);
#77 = EDGE_CURVE('',#70,#78,#80,.T.);
#78 = VERTEX_POINT('',#79);
#79 = CARTESIAN_POINT('',(27.45,-0.7,7.));
#80 = LINE('',#81,#82);
#81 = CARTESIAN_POINT('',(-5.,-0.7,7.));
#82 = VECTOR('',#83,1.);
#83 = DIRECTION('',(1.,0.,0.));
#84 = ORIENTED_EDGE('',*,*,#85,.T.);
#85 = EDGE_CURVE('',#78,#86,#88,.T.);
#86 = VERTEX_POINT('',#87);
#87 = CARTESIAN_POINT('',(27.45,2.9,7.));
#88 = LINE('',#89,#90);
#89 = CARTESIAN_POINT('',(27.45,-2.35,7.));
#90 = VECTOR('',#91,1.);
#91 = DIRECTION('',(0.,1.,0.));
#92 = ORIENTED_EDGE('',*,*,#93,.T.);
#93 = EDGE_CURVE('',#86,#94,#96,.T.);
#94 = VERTEX_POINT('',#95);
#95 = CARTESIAN_POINT('',(26.95,3.4,7.));
#96 = CIRCLE('',#97,0.5);
#97 = AXIS2_PLACEMENT_3D('',#98,#99,#100);
#98 = CARTESIAN_POINT('',(26.95,2.9,7.));
#99 = DIRECTION('',(-0.,0.,1.));
#100 = DIRECTION('',(0.,-1.,0.));
#101 = ORIENTED_EDGE('',*,*,#102,.T.);
#102 = EDGE_CURVE('',#94,#103,#105,.T.);
#103 = VERTEX_POINT('',#104);
#104 = CARTESIAN_POINT('',(-1.95,3.4,7.));
#105 = LINE('',#106,#107);
#106 = CARTESIAN_POINT('',(27.45,3.4,7.));
#107 = VECTOR('',#108,1.);
#108 = DIRECTION('',(-1.,0.,0.));
#109 = ORIENTED_EDGE('',*,*,#110,.F.);
#110 = EDGE_CURVE('',#111,#103,#113,.T.);
#111 = VERTEX_POINT('',#112);
#112 = CARTESIAN_POINT('',(-2.45,2.9,7.));
#113 = CIRCLE('',#114,0.5);
#114 = AXIS2_PLACEMENT_3D('',#115,#116,#117);
#115 = CARTESIAN_POINT('',(-1.95,2.9,7.));
#116 = DIRECTION('',(-0.,-0.,-1.));
#117 = DIRECTION('',(0.,-1.,0.));
#118 = ORIENTED_EDGE('',*,*,#119,.T.);
#119 = EDGE_CURVE('',#111,#44,#120,.T.);
#120 = LINE('',#121,#122);
#121 = CARTESIAN_POINT('',(-2.45,3.4,7.));
#122 = VECTOR('',#123,1.);
#123 = DIRECTION('',(0.,-1.,0.));
#124 = PLANE('',#125);
#125 = AXIS2_PLACEMENT_3D('',#126,#127,#128);
#126 = CARTESIAN_POINT('',(12.5,0.525,7.));
#127 = DIRECTION('',(0.,0.,1.));
#128 = DIRECTION('',(1.,0.,0.));
#129 = ADVANCED_FACE('',(#130),#163,.T.);
#130 = FACE_BOUND('',#131,.T.);
#131 = EDGE_LOOP('',(#132,#133,#141,#149,#157));
#132 = ORIENTED_EDGE('',*,*,#43,.F.);
#133 = ORIENTED_EDGE('',*,*,#134,.T.);
#134 = EDGE_CURVE('',#44,#135,#137,.T.);
#135 = VERTEX_POINT('',#136);
#136 = CARTESIAN_POINT('',(-2.45,-0.7,3.9));
#137 = LINE('',#138,#139);
#138 = CARTESIAN_POINT('',(-2.45,-0.7,1.95));
#139 = VECTOR('',#140,1.);
#140 = DIRECTION('',(0.,0.,-1.));
#141 = ORIENTED_EDGE('',*,*,#142,.T.);
#142 = EDGE_CURVE('',#135,#143,#145,.T.);
#143 = VERTEX_POINT('',#144);
#144 = CARTESIAN_POINT('',(-1.7,-0.7,3.9));
#145 = LINE('',#146,#147);
#146 = CARTESIAN_POINT('',(-5.,-0.7,3.9));
#147 = VECTOR('',#148,1.);
#148 = DIRECTION('',(1.,0.,0.));
#149 = ORIENTED_EDGE('',*,*,#150,.F.);
#150 = EDGE_CURVE('',#151,#143,#153,.T.);
#151 = VERTEX_POINT('',#152);
#152 = CARTESIAN_POINT('',(-1.7,-0.7,6.5));
#153 = LINE('',#154,#155);
#154 = CARTESIAN_POINT('',(-1.7,-0.7,4.067949337881));
#155 = VECTOR('',#156,1.);
#156 = DIRECTION('',(0.,0.,-1.));
#157 = ORIENTED_EDGE('',*,*,#158,.F.);
#158 = EDGE_CURVE('',#46,#151,#159,.T.);
#159 = LINE('',#160,#161);
#160 = CARTESIAN_POINT('',(-1.638235294118,-0.7,6.397058823529));
#161 = VECTOR('',#162,1.);
#162 = DIRECTION('',(0.514495755428,0.,-0.857492925713));
#163 = PLANE('',#164);
#164 = AXIS2_PLACEMENT_3D('',#165,#166,#167);
#165 = CARTESIAN_POINT('',(-5.,-0.7,3.9));
#166 = DIRECTION('',(0.,-1.,0.));
#167 = DIRECTION('',(0.,0.,1.));
#168 = ADVANCED_FACE('',(#169),#187,.T.);
#169 = FACE_BOUND('',#170,.T.);
#170 = EDGE_LOOP('',(#171,#179,#180,#181));
#171 = ORIENTED_EDGE('',*,*,#172,.F.);
#172 = EDGE_CURVE('',#54,#173,#175,.T.);
#173 = VERTEX_POINT('',#174);
#174 = CARTESIAN_POINT('',(-1.7,2.65,6.5));
#175 = LINE('',#176,#177);
#176 = CARTESIAN_POINT('',(-1.818604651163,2.768604651163,6.697674418605
    ));
#177 = VECTOR('',#178,1.);
#178 = DIRECTION('',(0.457495710998,-0.457495710998,-0.762492851663));
#179 = ORIENTED_EDGE('',*,*,#53,.T.);
#180 = ORIENTED_EDGE('',*,*,#158,.T.);
#181 = ORIENTED_EDGE('',*,*,#182,.F.);
#182 = EDGE_CURVE('',#173,#151,#183,.T.);
#183 = LINE('',#184,#185);
#184 = CARTESIAN_POINT('',(-1.7,2.65,6.5));
#185 = VECTOR('',#186,1.);
#186 = DIRECTION('',(0.,-1.,0.));
#187 = PLANE('',#188);
#188 = AXIS2_PLACEMENT_3D('',#189,#190,#191);
#189 = CARTESIAN_POINT('',(-1.85,2.65,6.75));
#190 = DIRECTION('',(0.857492925713,0.,0.514495755428));
#191 = DIRECTION('',(0.,-1.,0.));
#192 = ADVANCED_FACE('',(#193),#244,.F.);
#193 = FACE_BOUND('',#194,.F.);
#194 = EDGE_LOOP('',(#195,#205,#211,#212,#213,#222,#230,#238));
#195 = ORIENTED_EDGE('',*,*,#196,.F.);
#196 = EDGE_CURVE('',#197,#199,#201,.T.);
#197 = VERTEX_POINT('',#198);
#198 = CARTESIAN_POINT('',(-2.45,2.9,0.));
#199 = VERTEX_POINT('',#200);
#200 = CARTESIAN_POINT('',(-2.45,-2.35,0.));
#201 = LINE('',#202,#203);
#202 = CARTESIAN_POINT('',(-2.45,3.4,0.));
#203 = VECTOR('',#204,1.);
#204 = DIRECTION('',(0.,-1.,0.));
#205 = ORIENTED_EDGE('',*,*,#206,.T.);
#206 = EDGE_CURVE('',#197,#111,#207,.T.);
#207 = LINE('',#208,#209);
#208 = CARTESIAN_POINT('',(-2.45,2.9,0.));
#209 = VECTOR('',#210,1.);
#210 = DIRECTION('',(0.,0.,1.));
#211 = ORIENTED_EDGE('',*,*,#119,.T.);
#212 = ORIENTED_EDGE('',*,*,#134,.T.);
#213 = ORIENTED_EDGE('',*,*,#214,.T.);
#214 = EDGE_CURVE('',#135,#215,#217,.T.);
#215 = VERTEX_POINT('',#216);
#216 = CARTESIAN_POINT('',(-2.45,-1.549999999998,4.749999999997));
#217 = CIRCLE('',#218,0.849999999998);
#218 = AXIS2_PLACEMENT_3D('',#219,#220,#221);
#219 = CARTESIAN_POINT('',(-2.45,-0.7,4.749999999998));
#220 = DIRECTION('',(-1.,0.,0.));
#221 = DIRECTION('',(0.,1.,0.));
#222 = ORIENTED_EDGE('',*,*,#223,.T.);
#223 = EDGE_CURVE('',#215,#224,#226,.T.);
#224 = VERTEX_POINT('',#225);
#225 = CARTESIAN_POINT('',(-2.45,-1.549999999998,7.));
#226 = LINE('',#227,#228);
#227 = CARTESIAN_POINT('',(-2.45,-1.549999999998,3.5));
#228 = VECTOR('',#229,1.);
#229 = DIRECTION('',(0.,0.,1.));
#230 = ORIENTED_EDGE('',*,*,#231,.T.);
#231 = EDGE_CURVE('',#224,#232,#234,.T.);
#232 = VERTEX_POINT('',#233);
#233 = CARTESIAN_POINT('',(-2.45,-2.35,7.));
#234 = LINE('',#235,#236);
#235 = CARTESIAN_POINT('',(-2.45,3.4,7.));
#236 = VECTOR('',#237,1.);
#237 = DIRECTION('',(0.,-1.,0.));
#238 = ORIENTED_EDGE('',*,*,#239,.F.);
#239 = EDGE_CURVE('',#199,#232,#240,.T.);
#240 = LINE('',#241,#242);
#241 = CARTESIAN_POINT('',(-2.45,-2.35,0.));
#242 = VECTOR('',#243,1.);
#243 = DIRECTION('',(0.,0.,1.));
#244 = PLANE('',#245);
#245 = AXIS2_PLACEMENT_3D('',#246,#247,#248);
#246 = CARTESIAN_POINT('',(-2.45,3.4,0.));
#247 = DIRECTION('',(1.,0.,0.));
#248 = DIRECTION('',(0.,-1.,0.));
#249 = ADVANCED_FACE('',(#250),#268,.T.);
#250 = FACE_BOUND('',#251,.F.);
#251 = EDGE_LOOP('',(#252,#253,#254,#262));
#252 = ORIENTED_EDGE('',*,*,#172,.F.);
#253 = ORIENTED_EDGE('',*,*,#61,.T.);
#254 = ORIENTED_EDGE('',*,*,#255,.T.);
#255 = EDGE_CURVE('',#62,#256,#258,.T.);
#256 = VERTEX_POINT('',#257);
#257 = CARTESIAN_POINT('',(26.7,2.65,6.5));
#258 = LINE('',#259,#260);
#259 = CARTESIAN_POINT('',(23.846511627907,-0.203488372093,
    1.744186046512));
#260 = VECTOR('',#261,1.);
#261 = DIRECTION('',(-0.457495710998,-0.457495710998,-0.762492851663));
#262 = ORIENTED_EDGE('',*,*,#263,.F.);
#263 = EDGE_CURVE('',#173,#256,#264,.T.);
#264 = LINE('',#265,#266);
#265 = CARTESIAN_POINT('',(-1.7,2.65,6.5));
#266 = VECTOR('',#267,1.);
#267 = DIRECTION('',(1.,0.,0.));
#268 = PLANE('',#269);
#269 = AXIS2_PLACEMENT_3D('',#270,#271,#272);
#270 = CARTESIAN_POINT('',(-1.7,2.8,6.75));
#271 = DIRECTION('',(-3.475340006926E-18,-0.857492925713,0.514495755428)
  );
#272 = DIRECTION('',(-1.,2.980079470385E-18,-1.788047682231E-18));
#273 = ADVANCED_FACE('',(#274),#293,.T.);
#274 = FACE_BOUND('',#275,.F.);
#275 = EDGE_LOOP('',(#276,#285,#291,#292));
#276 = ORIENTED_EDGE('',*,*,#277,.T.);
#277 = EDGE_CURVE('',#197,#278,#280,.T.);
#278 = VERTEX_POINT('',#279);
#279 = CARTESIAN_POINT('',(-1.95,3.4,0.));
#280 = CIRCLE('',#281,0.5);
#281 = AXIS2_PLACEMENT_3D('',#282,#283,#284);
#282 = CARTESIAN_POINT('',(-1.95,2.9,0.));
#283 = DIRECTION('',(-0.,-0.,-1.));
#284 = DIRECTION('',(0.,-1.,0.));
#285 = ORIENTED_EDGE('',*,*,#286,.T.);
#286 = EDGE_CURVE('',#278,#103,#287,.T.);
#287 = LINE('',#288,#289);
#288 = CARTESIAN_POINT('',(-1.95,3.4,0.));
#289 = VECTOR('',#290,1.);
#290 = DIRECTION('',(0.,0.,1.));
#291 = ORIENTED_EDGE('',*,*,#110,.F.);
#292 = ORIENTED_EDGE('',*,*,#206,.F.);
#293 = CYLINDRICAL_SURFACE('',#294,0.5);
#294 = AXIS2_PLACEMENT_3D('',#295,#296,#297);
#295 = CARTESIAN_POINT('',(-1.95,2.9,0.));
#296 = DIRECTION('',(0.,0.,1.));
#297 = DIRECTION('',(-1.,0.,0.));
#298 = ADVANCED_FACE('',(#299),#317,.F.);
#299 = FACE_BOUND('',#300,.F.);
#300 = EDGE_LOOP('',(#301,#302,#303,#311));
#301 = ORIENTED_EDGE('',*,*,#255,.F.);
#302 = ORIENTED_EDGE('',*,*,#69,.T.);
#303 = ORIENTED_EDGE('',*,*,#304,.T.);
#304 = EDGE_CURVE('',#70,#305,#307,.T.);
#305 = VERTEX_POINT('',#306);
#306 = CARTESIAN_POINT('',(26.7,-0.7,6.5));
#307 = LINE('',#308,#309);
#308 = CARTESIAN_POINT('',(22.005882352941,-0.7,-1.323529411765));
#309 = VECTOR('',#310,1.);
#310 = DIRECTION('',(-0.514495755428,-0.,-0.857492925713));
#311 = ORIENTED_EDGE('',*,*,#312,.F.);
#312 = EDGE_CURVE('',#256,#305,#313,.T.);
#313 = LINE('',#314,#315);
#314 = CARTESIAN_POINT('',(26.7,2.65,6.5));
#315 = VECTOR('',#316,1.);
#316 = DIRECTION('',(0.,-1.,0.));
#317 = PLANE('',#318);
#318 = AXIS2_PLACEMENT_3D('',#319,#320,#321);
#319 = CARTESIAN_POINT('',(26.85,2.65,6.75));
#320 = DIRECTION('',(0.857492925713,3.475340006926E-18,-0.514495755428)
  );
#321 = DIRECTION('',(2.980079470385E-18,-1.,-1.788047682231E-18));
#322 = ADVANCED_FACE('',(#323),#693,.F.);
#323 = FACE_BOUND('',#324,.F.);
#324 = EDGE_LOOP('',(#325,#335,#341,#342,#343,#351,#359,#367,#375,#383,
    #391,#399,#407,#415,#423,#431,#439,#447,#455,#463,#471,#479,#487,
    #495,#503,#511,#519,#527,#535,#543,#551,#559,#567,#575,#583,#591,
    #599,#607,#615,#623,#631,#639,#647,#655,#663,#671,#679,#687));
#325 = ORIENTED_EDGE('',*,*,#326,.F.);
#326 = EDGE_CURVE('',#327,#329,#331,.T.);
#327 = VERTEX_POINT('',#328);
#328 = CARTESIAN_POINT('',(26.95,3.4,0.));
#329 = VERTEX_POINT('',#330);
#330 = CARTESIAN_POINT('',(25.95,3.4,0.));
#331 = LINE('',#332,#333);
#332 = CARTESIAN_POINT('',(27.45,3.4,0.));
#333 = VECTOR('',#334,1.);
#334 = DIRECTION('',(-1.,0.,0.));
#335 = ORIENTED_EDGE('',*,*,#336,.T.);
#336 = EDGE_CURVE('',#327,#94,#337,.T.);
#337 = LINE('',#338,#339);
#338 = CARTESIAN_POINT('',(26.95,3.4,0.));
#339 = VECTOR('',#340,1.);
#340 = DIRECTION('',(0.,0.,1.));
#341 = ORIENTED_EDGE('',*,*,#102,.T.);
#342 = ORIENTED_EDGE('',*,*,#286,.F.);
#343 = ORIENTED_EDGE('',*,*,#344,.F.);
#344 = EDGE_CURVE('',#345,#278,#347,.T.);
#345 = VERTEX_POINT('',#346);
#346 = CARTESIAN_POINT('',(-0.95,3.4,0.));
#347 = LINE('',#348,#349);
#348 = CARTESIAN_POINT('',(27.45,3.4,0.));
#349 = VECTOR('',#350,1.);
#350 = DIRECTION('',(-1.,0.,0.));
#351 = ORIENTED_EDGE('',*,*,#352,.F.);
#352 = EDGE_CURVE('',#353,#345,#355,.T.);
#353 = VERTEX_POINT('',#354);
#354 = CARTESIAN_POINT('',(-0.95,3.4,0.9));
#355 = LINE('',#356,#357);
#356 = CARTESIAN_POINT('',(-0.95,3.4,0.9));
#357 = VECTOR('',#358,1.);
#358 = DIRECTION('',(0.,0.,-1.));
#359 = ORIENTED_EDGE('',*,*,#360,.F.);
#360 = EDGE_CURVE('',#361,#353,#363,.T.);
#361 = VERTEX_POINT('',#362);
#362 = CARTESIAN_POINT('',(0.95,3.4,0.9));
#363 = LINE('',#364,#365);
#364 = CARTESIAN_POINT('',(0.95,3.4,0.9));
#365 = VECTOR('',#366,1.);
#366 = DIRECTION('',(-1.,-0.,-0.));
#367 = ORIENTED_EDGE('',*,*,#368,.T.);
#368 = EDGE_CURVE('',#361,#369,#371,.T.);
#369 = VERTEX_POINT('',#370);
#370 = CARTESIAN_POINT('',(0.95,3.4,0.));
#371 = LINE('',#372,#373);
#372 = CARTESIAN_POINT('',(0.95,3.4,0.9));
#373 = VECTOR('',#374,1.);
#374 = DIRECTION('',(0.,0.,-1.));
#375 = ORIENTED_EDGE('',*,*,#376,.F.);
#376 = EDGE_CURVE('',#377,#369,#379,.T.);
#377 = VERTEX_POINT('',#378);
#378 = CARTESIAN_POINT('',(1.55,3.4,0.));
#379 = LINE('',#380,#381);
#380 = CARTESIAN_POINT('',(27.45,3.4,0.));
#381 = VECTOR('',#382,1.);
#382 = DIRECTION('',(-1.,0.,0.));
#383 = ORIENTED_EDGE('',*,*,#384,.F.);
#384 = EDGE_CURVE('',#385,#377,#387,.T.);
#385 = VERTEX_POINT('',#386);
#386 = CARTESIAN_POINT('',(1.55,3.4,0.9));
#387 = LINE('',#388,#389);
#388 = CARTESIAN_POINT('',(1.55,3.4,0.9));
#389 = VECTOR('',#390,1.);
#390 = DIRECTION('',(0.,0.,-1.));
#391 = ORIENTED_EDGE('',*,*,#392,.F.);
#392 = EDGE_CURVE('',#393,#385,#395,.T.);
#393 = VERTEX_POINT('',#394);
#394 = CARTESIAN_POINT('',(3.45,3.4,0.9));
#395 = LINE('',#396,#397);
#396 = CARTESIAN_POINT('',(3.45,3.4,0.9));
#397 = VECTOR('',#398,1.);
#398 = DIRECTION('',(-1.,-0.,-0.));
#399 = ORIENTED_EDGE('',*,*,#400,.T.);
#400 = EDGE_CURVE('',#393,#401,#403,.T.);
#401 = VERTEX_POINT('',#402);
#402 = CARTESIAN_POINT('',(3.45,3.4,0.));
#403 = LINE('',#404,#405);
#404 = CARTESIAN_POINT('',(3.45,3.4,0.9));
#405 = VECTOR('',#406,1.);
#406 = DIRECTION('',(0.,0.,-1.));
#407 = ORIENTED_EDGE('',*,*,#408,.F.);
#408 = EDGE_CURVE('',#409,#401,#411,.T.);
#409 = VERTEX_POINT('',#410);
#410 = CARTESIAN_POINT('',(4.05,3.4,0.));
#411 = LINE('',#412,#413);
#412 = CARTESIAN_POINT('',(27.45,3.4,0.));
#413 = VECTOR('',#414,1.);
#414 = DIRECTION('',(-1.,0.,0.));
#415 = ORIENTED_EDGE('',*,*,#416,.F.);
#416 = EDGE_CURVE('',#417,#409,#419,.T.);
#417 = VERTEX_POINT('',#418);
#418 = CARTESIAN_POINT('',(4.05,3.4,0.9));
#419 = LINE('',#420,#421);
#420 = CARTESIAN_POINT('',(4.05,3.4,0.9));
#421 = VECTOR('',#422,1.);
#422 = DIRECTION('',(0.,0.,-1.));
#423 = ORIENTED_EDGE('',*,*,#424,.F.);
#424 = EDGE_CURVE('',#425,#417,#427,.T.);
#425 = VERTEX_POINT('',#426);
#426 = CARTESIAN_POINT('',(5.95,3.4,0.9));
#427 = LINE('',#428,#429);
#428 = CARTESIAN_POINT('',(5.95,3.4,0.9));
#429 = VECTOR('',#430,1.);
#430 = DIRECTION('',(-1.,-0.,-0.));
#431 = ORIENTED_EDGE('',*,*,#432,.T.);
#432 = EDGE_CURVE('',#425,#433,#435,.T.);
#433 = VERTEX_POINT('',#434);
#434 = CARTESIAN_POINT('',(5.95,3.4,0.));
#435 = LINE('',#436,#437);
#436 = CARTESIAN_POINT('',(5.95,3.4,0.9));
#437 = VECTOR('',#438,1.);
#438 = DIRECTION('',(0.,0.,-1.));
#439 = ORIENTED_EDGE('',*,*,#440,.F.);
#440 = EDGE_CURVE('',#441,#433,#443,.T.);
#441 = VERTEX_POINT('',#442);
#442 = CARTESIAN_POINT('',(6.55,3.4,0.));
#443 = LINE('',#444,#445);
#444 = CARTESIAN_POINT('',(27.45,3.4,0.));
#445 = VECTOR('',#446,1.);
#446 = DIRECTION('',(-1.,0.,0.));
#447 = ORIENTED_EDGE('',*,*,#448,.F.);
#448 = EDGE_CURVE('',#449,#441,#451,.T.);
#449 = VERTEX_POINT('',#450);
#450 = CARTESIAN_POINT('',(6.55,3.4,0.9));
#451 = LINE('',#452,#453);
#452 = CARTESIAN_POINT('',(6.55,3.4,0.9));
#453 = VECTOR('',#454,1.);
#454 = DIRECTION('',(0.,0.,-1.));
#455 = ORIENTED_EDGE('',*,*,#456,.F.);
#456 = EDGE_CURVE('',#457,#449,#459,.T.);
#457 = VERTEX_POINT('',#458);
#458 = CARTESIAN_POINT('',(8.45,3.4,0.9));
#459 = LINE('',#460,#461);
#460 = CARTESIAN_POINT('',(8.45,3.4,0.9));
#461 = VECTOR('',#462,1.);
#462 = DIRECTION('',(-1.,-0.,-0.));
#463 = ORIENTED_EDGE('',*,*,#464,.T.);
#464 = EDGE_CURVE('',#457,#465,#467,.T.);
#465 = VERTEX_POINT('',#466);
#466 = CARTESIAN_POINT('',(8.45,3.4,0.));
#467 = LINE('',#468,#469);
#468 = CARTESIAN_POINT('',(8.45,3.4,0.9));
#469 = VECTOR('',#470,1.);
#470 = DIRECTION('',(0.,0.,-1.));
#471 = ORIENTED_EDGE('',*,*,#472,.F.);
#472 = EDGE_CURVE('',#473,#465,#475,.T.);
#473 = VERTEX_POINT('',#474);
#474 = CARTESIAN_POINT('',(9.05,3.4,0.));
#475 = LINE('',#476,#477);
#476 = CARTESIAN_POINT('',(27.45,3.4,0.));
#477 = VECTOR('',#478,1.);
#478 = DIRECTION('',(-1.,0.,0.));
#479 = ORIENTED_EDGE('',*,*,#480,.F.);
#480 = EDGE_CURVE('',#481,#473,#483,.T.);
#481 = VERTEX_POINT('',#482);
#482 = CARTESIAN_POINT('',(9.05,3.4,0.9));
#483 = LINE('',#484,#485);
#484 = CARTESIAN_POINT('',(9.05,3.4,0.9));
#485 = VECTOR('',#486,1.);
#486 = DIRECTION('',(0.,0.,-1.));
#487 = ORIENTED_EDGE('',*,*,#488,.F.);
#488 = EDGE_CURVE('',#489,#481,#491,.T.);
#489 = VERTEX_POINT('',#490);
#490 = CARTESIAN_POINT('',(10.95,3.4,0.9));
#491 = LINE('',#492,#493);
#492 = CARTESIAN_POINT('',(10.95,3.4,0.9));
#493 = VECTOR('',#494,1.);
#494 = DIRECTION('',(-1.,-0.,-0.));
#495 = ORIENTED_EDGE('',*,*,#496,.T.);
#496 = EDGE_CURVE('',#489,#497,#499,.T.);
#497 = VERTEX_POINT('',#498);
#498 = CARTESIAN_POINT('',(10.95,3.4,0.));
#499 = LINE('',#500,#501);
#500 = CARTESIAN_POINT('',(10.95,3.4,0.9));
#501 = VECTOR('',#502,1.);
#502 = DIRECTION('',(0.,0.,-1.));
#503 = ORIENTED_EDGE('',*,*,#504,.F.);
#504 = EDGE_CURVE('',#505,#497,#507,.T.);
#505 = VERTEX_POINT('',#506);
#506 = CARTESIAN_POINT('',(11.55,3.4,0.));
#507 = LINE('',#508,#509);
#508 = CARTESIAN_POINT('',(27.45,3.4,0.));
#509 = VECTOR('',#510,1.);
#510 = DIRECTION('',(-1.,0.,0.));
#511 = ORIENTED_EDGE('',*,*,#512,.F.);
#512 = EDGE_CURVE('',#513,#505,#515,.T.);
#513 = VERTEX_POINT('',#514);
#514 = CARTESIAN_POINT('',(11.55,3.4,0.9));
#515 = LINE('',#516,#517);
#516 = CARTESIAN_POINT('',(11.55,3.4,0.9));
#517 = VECTOR('',#518,1.);
#518 = DIRECTION('',(0.,0.,-1.));
#519 = ORIENTED_EDGE('',*,*,#520,.F.);
#520 = EDGE_CURVE('',#521,#513,#523,.T.);
#521 = VERTEX_POINT('',#522);
#522 = CARTESIAN_POINT('',(13.45,3.4,0.9));
#523 = LINE('',#524,#525);
#524 = CARTESIAN_POINT('',(13.45,3.4,0.9));
#525 = VECTOR('',#526,1.);
#526 = DIRECTION('',(-1.,-0.,-0.));
#527 = ORIENTED_EDGE('',*,*,#528,.T.);
#528 = EDGE_CURVE('',#521,#529,#531,.T.);
#529 = VERTEX_POINT('',#530);
#530 = CARTESIAN_POINT('',(13.45,3.4,0.));
#531 = LINE('',#532,#533);
#532 = CARTESIAN_POINT('',(13.45,3.4,0.9));
#533 = VECTOR('',#534,1.);
#534 = DIRECTION('',(0.,0.,-1.));
#535 = ORIENTED_EDGE('',*,*,#536,.F.);
#536 = EDGE_CURVE('',#537,#529,#539,.T.);
#537 = VERTEX_POINT('',#538);
#538 = CARTESIAN_POINT('',(14.05,3.4,0.));
#539 = LINE('',#540,#541);
#540 = CARTESIAN_POINT('',(27.45,3.4,0.));
#541 = VECTOR('',#542,1.);
#542 = DIRECTION('',(-1.,0.,0.));
#543 = ORIENTED_EDGE('',*,*,#544,.F.);
#544 = EDGE_CURVE('',#545,#537,#547,.T.);
#545 = VERTEX_POINT('',#546);
#546 = CARTESIAN_POINT('',(14.05,3.4,0.9));
#547 = LINE('',#548,#549);
#548 = CARTESIAN_POINT('',(14.05,3.4,0.9));
#549 = VECTOR('',#550,1.);
#550 = DIRECTION('',(0.,0.,-1.));
#551 = ORIENTED_EDGE('',*,*,#552,.F.);
#552 = EDGE_CURVE('',#553,#545,#555,.T.);
#553 = VERTEX_POINT('',#554);
#554 = CARTESIAN_POINT('',(15.95,3.4,0.9));
#555 = LINE('',#556,#557);
#556 = CARTESIAN_POINT('',(15.95,3.4,0.9));
#557 = VECTOR('',#558,1.);
#558 = DIRECTION('',(-1.,-0.,-0.));
#559 = ORIENTED_EDGE('',*,*,#560,.T.);
#560 = EDGE_CURVE('',#553,#561,#563,.T.);
#561 = VERTEX_POINT('',#562);
#562 = CARTESIAN_POINT('',(15.95,3.4,0.));
#563 = LINE('',#564,#565);
#564 = CARTESIAN_POINT('',(15.95,3.4,0.9));
#565 = VECTOR('',#566,1.);
#566 = DIRECTION('',(0.,0.,-1.));
#567 = ORIENTED_EDGE('',*,*,#568,.F.);
#568 = EDGE_CURVE('',#569,#561,#571,.T.);
#569 = VERTEX_POINT('',#570);
#570 = CARTESIAN_POINT('',(16.55,3.4,0.));
#571 = LINE('',#572,#573);
#572 = CARTESIAN_POINT('',(27.45,3.4,0.));
#573 = VECTOR('',#574,1.);
#574 = DIRECTION('',(-1.,0.,0.));
#575 = ORIENTED_EDGE('',*,*,#576,.F.);
#576 = EDGE_CURVE('',#577,#569,#579,.T.);
#577 = VERTEX_POINT('',#578);
#578 = CARTESIAN_POINT('',(16.55,3.4,0.9));
#579 = LINE('',#580,#581);
#580 = CARTESIAN_POINT('',(16.55,3.4,0.9));
#581 = VECTOR('',#582,1.);
#582 = DIRECTION('',(0.,0.,-1.));
#583 = ORIENTED_EDGE('',*,*,#584,.F.);
#584 = EDGE_CURVE('',#585,#577,#587,.T.);
#585 = VERTEX_POINT('',#586);
#586 = CARTESIAN_POINT('',(18.45,3.4,0.9));
#587 = LINE('',#588,#589);
#588 = CARTESIAN_POINT('',(18.45,3.4,0.9));
#589 = VECTOR('',#590,1.);
#590 = DIRECTION('',(-1.,-0.,-0.));
#591 = ORIENTED_EDGE('',*,*,#592,.T.);
#592 = EDGE_CURVE('',#585,#593,#595,.T.);
#593 = VERTEX_POINT('',#594);
#594 = CARTESIAN_POINT('',(18.45,3.4,0.));
#595 = LINE('',#596,#597);
#596 = CARTESIAN_POINT('',(18.45,3.4,0.9));
#597 = VECTOR('',#598,1.);
#598 = DIRECTION('',(0.,0.,-1.));
#599 = ORIENTED_EDGE('',*,*,#600,.F.);
#600 = EDGE_CURVE('',#601,#593,#603,.T.);
#601 = VERTEX_POINT('',#602);
#602 = CARTESIAN_POINT('',(19.05,3.4,0.));
#603 = LINE('',#604,#605);
#604 = CARTESIAN_POINT('',(27.45,3.4,0.));
#605 = VECTOR('',#606,1.);
#606 = DIRECTION('',(-1.,0.,0.));
#607 = ORIENTED_EDGE('',*,*,#608,.F.);
#608 = EDGE_CURVE('',#609,#601,#611,.T.);
#609 = VERTEX_POINT('',#610);
#610 = CARTESIAN_POINT('',(19.05,3.4,0.9));
#611 = LINE('',#612,#613);
#612 = CARTESIAN_POINT('',(19.05,3.4,0.9));
#613 = VECTOR('',#614,1.);
#614 = DIRECTION('',(0.,0.,-1.));
#615 = ORIENTED_EDGE('',*,*,#616,.F.);
#616 = EDGE_CURVE('',#617,#609,#619,.T.);
#617 = VERTEX_POINT('',#618);
#618 = CARTESIAN_POINT('',(20.95,3.4,0.9));
#619 = LINE('',#620,#621);
#620 = CARTESIAN_POINT('',(20.95,3.4,0.9));
#621 = VECTOR('',#622,1.);
#622 = DIRECTION('',(-1.,-0.,-0.));
#623 = ORIENTED_EDGE('',*,*,#624,.T.);
#624 = EDGE_CURVE('',#617,#625,#627,.T.);
#625 = VERTEX_POINT('',#626);
#626 = CARTESIAN_POINT('',(20.95,3.4,0.));
#627 = LINE('',#628,#629);
#628 = CARTESIAN_POINT('',(20.95,3.4,0.9));
#629 = VECTOR('',#630,1.);
#630 = DIRECTION('',(0.,0.,-1.));
#631 = ORIENTED_EDGE('',*,*,#632,.F.);
#632 = EDGE_CURVE('',#633,#625,#635,.T.);
#633 = VERTEX_POINT('',#634);
#634 = CARTESIAN_POINT('',(21.55,3.4,0.));
#635 = LINE('',#636,#637);
#636 = CARTESIAN_POINT('',(27.45,3.4,0.));
#637 = VECTOR('',#638,1.);
#638 = DIRECTION('',(-1.,0.,0.));
#639 = ORIENTED_EDGE('',*,*,#640,.F.);
#640 = EDGE_CURVE('',#641,#633,#643,.T.);
#641 = VERTEX_POINT('',#642);
#642 = CARTESIAN_POINT('',(21.55,3.4,0.9));
#643 = LINE('',#644,#645);
#644 = CARTESIAN_POINT('',(21.55,3.4,0.9));
#645 = VECTOR('',#646,1.);
#646 = DIRECTION('',(0.,0.,-1.));
#647 = ORIENTED_EDGE('',*,*,#648,.F.);
#648 = EDGE_CURVE('',#649,#641,#651,.T.);
#649 = VERTEX_POINT('',#650);
#650 = CARTESIAN_POINT('',(23.45,3.4,0.9));
#651 = LINE('',#652,#653);
#652 = CARTESIAN_POINT('',(23.45,3.4,0.9));
#653 = VECTOR('',#654,1.);
#654 = DIRECTION('',(-1.,-0.,-0.));
#655 = ORIENTED_EDGE('',*,*,#656,.T.);
#656 = EDGE_CURVE('',#649,#657,#659,.T.);
#657 = VERTEX_POINT('',#658);
#658 = CARTESIAN_POINT('',(23.45,3.4,0.));
#659 = LINE('',#660,#661);
#660 = CARTESIAN_POINT('',(23.45,3.4,0.9));
#661 = VECTOR('',#662,1.);
#662 = DIRECTION('',(0.,0.,-1.));
#663 = ORIENTED_EDGE('',*,*,#664,.F.);
#664 = EDGE_CURVE('',#665,#657,#667,.T.);
#665 = VERTEX_POINT('',#666);
#666 = CARTESIAN_POINT('',(24.05,3.4,0.));
#667 = LINE('',#668,#669);
#668 = CARTESIAN_POINT('',(27.45,3.4,0.));
#669 = VECTOR('',#670,1.);
#670 = DIRECTION('',(-1.,0.,0.));
#671 = ORIENTED_EDGE('',*,*,#672,.F.);
#672 = EDGE_CURVE('',#673,#665,#675,.T.);
#673 = VERTEX_POINT('',#674);
#674 = CARTESIAN_POINT('',(24.05,3.4,0.9));
#675 = LINE('',#676,#677);
#676 = CARTESIAN_POINT('',(24.05,3.4,0.9));
#677 = VECTOR('',#678,1.);
#678 = DIRECTION('',(0.,0.,-1.));
#679 = ORIENTED_EDGE('',*,*,#680,.F.);
#680 = EDGE_CURVE('',#681,#673,#683,.T.);
#681 = VERTEX_POINT('',#682);
#682 = CARTESIAN_POINT('',(25.95,3.4,0.9));
#683 = LINE('',#684,#685);
#684 = CARTESIAN_POINT('',(25.95,3.4,0.9));
#685 = VECTOR('',#686,1.);
#686 = DIRECTION('',(-1.,-0.,-0.));
#687 = ORIENTED_EDGE('',*,*,#688,.T.);
#688 = EDGE_CURVE('',#681,#329,#689,.T.);
#689 = LINE('',#690,#691);
#690 = CARTESIAN_POINT('',(25.95,3.4,0.9));
#691 = VECTOR('',#692,1.);
#692 = DIRECTION('',(0.,0.,-1.));
#693 = PLANE('',#694);
#694 = AXIS2_PLACEMENT_3D('',#695,#696,#697);
#695 = CARTESIAN_POINT('',(27.45,3.4,0.));
#696 = DIRECTION('',(0.,-1.,0.));
#697 = DIRECTION('',(-1.,0.,0.));
#698 = ADVANCED_FACE('',(#699),#725,.T.);
#699 = FACE_BOUND('',#700,.T.);
#700 = EDGE_LOOP('',(#701,#709,#717,#723,#724));
#701 = ORIENTED_EDGE('',*,*,#702,.T.);
#702 = EDGE_CURVE('',#305,#703,#705,.T.);
#703 = VERTEX_POINT('',#704);
#704 = CARTESIAN_POINT('',(26.7,-0.7,3.9));
#705 = LINE('',#706,#707);
#706 = CARTESIAN_POINT('',(26.7,-0.7,4.067949337881));
#707 = VECTOR('',#708,1.);
#708 = DIRECTION('',(0.,0.,-1.));
#709 = ORIENTED_EDGE('',*,*,#710,.T.);
#710 = EDGE_CURVE('',#703,#711,#713,.T.);
#711 = VERTEX_POINT('',#712);
#712 = CARTESIAN_POINT('',(27.45,-0.7,3.9));
#713 = LINE('',#714,#715);
#714 = CARTESIAN_POINT('',(-5.,-0.7,3.9));
#715 = VECTOR('',#716,1.);
#716 = DIRECTION('',(1.,0.,0.));
#717 = ORIENTED_EDGE('',*,*,#718,.T.);
#718 = EDGE_CURVE('',#711,#78,#719,.T.);
#719 = LINE('',#720,#721);
#720 = CARTESIAN_POINT('',(27.45,-0.7,1.95));
#721 = VECTOR('',#722,1.);
#722 = DIRECTION('',(0.,0.,1.));
#723 = ORIENTED_EDGE('',*,*,#77,.F.);
#724 = ORIENTED_EDGE('',*,*,#304,.T.);
#725 = PLANE('',#726);
#726 = AXIS2_PLACEMENT_3D('',#727,#728,#729);
#727 = CARTESIAN_POINT('',(-5.,-0.7,3.9));
#728 = DIRECTION('',(0.,-1.,0.));
#729 = DIRECTION('',(0.,0.,1.));
#730 = ADVANCED_FACE('',(#731),#750,.T.);
#731 = FACE_BOUND('',#732,.T.);
#732 = EDGE_LOOP('',(#733,#742,#743,#744));
#733 = ORIENTED_EDGE('',*,*,#734,.T.);
#734 = EDGE_CURVE('',#735,#327,#737,.T.);
#735 = VERTEX_POINT('',#736);
#736 = CARTESIAN_POINT('',(27.45,2.9,0.));
#737 = CIRCLE('',#738,0.5);
#738 = AXIS2_PLACEMENT_3D('',#739,#740,#741);
#739 = CARTESIAN_POINT('',(26.95,2.9,0.));
#740 = DIRECTION('',(-0.,0.,1.));
#741 = DIRECTION('',(0.,-1.,0.));
#742 = ORIENTED_EDGE('',*,*,#336,.T.);
#743 = ORIENTED_EDGE('',*,*,#93,.F.);
#744 = ORIENTED_EDGE('',*,*,#745,.F.);
#745 = EDGE_CURVE('',#735,#86,#746,.T.);
#746 = LINE('',#747,#748);
#747 = CARTESIAN_POINT('',(27.45,2.9,0.));
#748 = VECTOR('',#749,1.);
#749 = DIRECTION('',(0.,0.,1.));
#750 = CYLINDRICAL_SURFACE('',#751,0.5);
#751 = AXIS2_PLACEMENT_3D('',#752,#753,#754);
#752 = CARTESIAN_POINT('',(26.95,2.9,0.));
#753 = DIRECTION('',(0.,0.,1.));
#754 = DIRECTION('',(1.,0.,0.));
#755 = ADVANCED_FACE('',(#756),#800,.F.);
#756 = FACE_BOUND('',#757,.F.);
#757 = EDGE_LOOP('',(#758,#766,#774,#782,#790,#797,#798,#799));
#758 = ORIENTED_EDGE('',*,*,#759,.F.);
#759 = EDGE_CURVE('',#760,#735,#762,.T.);
#760 = VERTEX_POINT('',#761);
#761 = CARTESIAN_POINT('',(27.45,-2.35,0.));
#762 = LINE('',#763,#764);
#763 = CARTESIAN_POINT('',(27.45,-2.35,0.));
#764 = VECTOR('',#765,1.);
#765 = DIRECTION('',(0.,1.,0.));
#766 = ORIENTED_EDGE('',*,*,#767,.T.);
#767 = EDGE_CURVE('',#760,#768,#770,.T.);
#768 = VERTEX_POINT('',#769);
#769 = CARTESIAN_POINT('',(27.45,-2.35,7.));
#770 = LINE('',#771,#772);
#771 = CARTESIAN_POINT('',(27.45,-2.35,0.));
#772 = VECTOR('',#773,1.);
#773 = DIRECTION('',(0.,0.,1.));
#774 = ORIENTED_EDGE('',*,*,#775,.T.);
#775 = EDGE_CURVE('',#768,#776,#778,.T.);
#776 = VERTEX_POINT('',#777);
#777 = CARTESIAN_POINT('',(27.45,-1.549999999998,7.));
#778 = LINE('',#779,#780);
#779 = CARTESIAN_POINT('',(27.45,-2.35,7.));
#780 = VECTOR('',#781,1.);
#781 = DIRECTION('',(0.,1.,0.));
#782 = ORIENTED_EDGE('',*,*,#783,.T.);
#783 = EDGE_CURVE('',#776,#784,#786,.T.);
#784 = VERTEX_POINT('',#785);
#785 = CARTESIAN_POINT('',(27.45,-1.549999999998,4.749999999997));
#786 = LINE('',#787,#788);
#787 = CARTESIAN_POINT('',(27.45,-1.549999999998,3.5));
#788 = VECTOR('',#789,1.);
#789 = DIRECTION('',(0.,0.,-1.));
#790 = ORIENTED_EDGE('',*,*,#791,.F.);
#791 = EDGE_CURVE('',#711,#784,#792,.T.);
#792 = CIRCLE('',#793,0.849999999998);
#793 = AXIS2_PLACEMENT_3D('',#794,#795,#796);
#794 = CARTESIAN_POINT('',(27.45,-0.7,4.749999999998));
#795 = DIRECTION('',(-1.,0.,0.));
#796 = DIRECTION('',(0.,1.,0.));
#797 = ORIENTED_EDGE('',*,*,#718,.T.);
#798 = ORIENTED_EDGE('',*,*,#85,.T.);
#799 = ORIENTED_EDGE('',*,*,#745,.F.);
#800 = PLANE('',#801);
#801 = AXIS2_PLACEMENT_3D('',#802,#803,#804);
#802 = CARTESIAN_POINT('',(27.45,-2.35,0.));
#803 = DIRECTION('',(-1.,0.,0.));
#804 = DIRECTION('',(0.,1.,0.));
#805 = ADVANCED_FACE('',(#806),#873,.T.);
#806 = FACE_BOUND('',#807,.T.);
#807 = EDGE_LOOP('',(#808,#809,#818,#826,#834,#842,#850,#858,#866,#872)
  );
#808 = ORIENTED_EDGE('',*,*,#150,.T.);
#809 = ORIENTED_EDGE('',*,*,#810,.T.);
#810 = EDGE_CURVE('',#143,#811,#813,.T.);
#811 = VERTEX_POINT('',#812);
#812 = CARTESIAN_POINT('',(-1.7,-1.549999999998,4.749999999997));
#813 = CIRCLE('',#814,0.849999999998);
#814 = AXIS2_PLACEMENT_3D('',#815,#816,#817);
#815 = CARTESIAN_POINT('',(-1.7,-0.7,4.749999999998));
#816 = DIRECTION('',(-1.,0.,0.));
#817 = DIRECTION('',(0.,1.,0.));
#818 = ORIENTED_EDGE('',*,*,#819,.T.);
#819 = EDGE_CURVE('',#811,#820,#822,.T.);
#820 = VERTEX_POINT('',#821);
#821 = CARTESIAN_POINT('',(-1.7,-1.549999999998,7.));
#822 = LINE('',#823,#824);
#823 = CARTESIAN_POINT('',(-1.7,-1.549999999998,5.617949337881));
#824 = VECTOR('',#825,1.);
#825 = DIRECTION('',(0.,0.,1.));
#826 = ORIENTED_EDGE('',*,*,#827,.T.);
#827 = EDGE_CURVE('',#820,#828,#830,.T.);
#828 = VERTEX_POINT('',#829);
#829 = CARTESIAN_POINT('',(-1.7,-1.6,7.));
#830 = LINE('',#831,#832);
#831 = CARTESIAN_POINT('',(-1.7,2.65,7.));
#832 = VECTOR('',#833,1.);
#833 = DIRECTION('',(0.,-1.,0.));
#834 = ORIENTED_EDGE('',*,*,#835,.T.);
#835 = EDGE_CURVE('',#828,#836,#838,.T.);
#836 = VERTEX_POINT('',#837);
#837 = CARTESIAN_POINT('',(-1.7,-1.6,1.9));
#838 = LINE('',#839,#840);
#839 = CARTESIAN_POINT('',(-1.7,-1.6,7.));
#840 = VECTOR('',#841,1.);
#841 = DIRECTION('',(0.,0.,-1.));
#842 = ORIENTED_EDGE('',*,*,#843,.T.);
#843 = EDGE_CURVE('',#836,#844,#846,.T.);
#844 = VERTEX_POINT('',#845);
#845 = CARTESIAN_POINT('',(-1.7,0.5,1.9));
#846 = LINE('',#847,#848);
#847 = CARTESIAN_POINT('',(-1.7,-1.6,1.9));
#848 = VECTOR('',#849,1.);
#849 = DIRECTION('',(0.,1.,0.));
#850 = ORIENTED_EDGE('',*,*,#851,.T.);
#851 = EDGE_CURVE('',#844,#852,#854,.T.);
#852 = VERTEX_POINT('',#853);
#853 = CARTESIAN_POINT('',(-1.7,0.875277674973,1.25));
#854 = LINE('',#855,#856);
#855 = CARTESIAN_POINT('',(-1.7,0.5,1.9));
#856 = VECTOR('',#857,1.);
#857 = DIRECTION('',(0.,0.5,-0.866025403784));
#858 = ORIENTED_EDGE('',*,*,#859,.T.);
#859 = EDGE_CURVE('',#852,#860,#862,.T.);
#860 = VERTEX_POINT('',#861);
#861 = CARTESIAN_POINT('',(-1.7,2.65,1.25));
#862 = LINE('',#863,#864);
#863 = CARTESIAN_POINT('',(-1.7,0.875277674973,1.25));
#864 = VECTOR('',#865,1.);
#865 = DIRECTION('',(0.,1.,0.));
#866 = ORIENTED_EDGE('',*,*,#867,.T.);
#867 = EDGE_CURVE('',#860,#173,#868,.T.);
#868 = LINE('',#869,#870);
#869 = CARTESIAN_POINT('',(-1.7,2.65,1.25));
#870 = VECTOR('',#871,1.);
#871 = DIRECTION('',(0.,0.,1.));
#872 = ORIENTED_EDGE('',*,*,#182,.T.);
#873 = PLANE('',#874);
#874 = AXIS2_PLACEMENT_3D('',#875,#876,#877);
#875 = CARTESIAN_POINT('',(-1.7,0.598118601855,4.235898675762));
#876 = DIRECTION('',(1.,0.,0.));
#877 = DIRECTION('',(0.,0.,1.));
#878 = ADVANCED_FACE('',(#879),#890,.F.);
#879 = FACE_BOUND('',#880,.T.);
#880 = EDGE_LOOP('',(#881,#882,#888,#889));
#881 = ORIENTED_EDGE('',*,*,#214,.T.);
#882 = ORIENTED_EDGE('',*,*,#883,.T.);
#883 = EDGE_CURVE('',#215,#811,#884,.T.);
#884 = LINE('',#885,#886);
#885 = CARTESIAN_POINT('',(-5.,-1.549999999998,4.749999999997));
#886 = VECTOR('',#887,1.);
#887 = DIRECTION('',(1.,0.,0.));
#888 = ORIENTED_EDGE('',*,*,#810,.F.);
#889 = ORIENTED_EDGE('',*,*,#142,.F.);
#890 = CYLINDRICAL_SURFACE('',#891,0.849999999998);
#891 = AXIS2_PLACEMENT_3D('',#892,#893,#894);
#892 = CARTESIAN_POINT('',(-5.,-0.7,4.749999999998));
#893 = DIRECTION('',(-1.,-0.,-0.));
#894 = DIRECTION('',(0.,1.,0.));
#895 = ADVANCED_FACE('',(#896),#915,.F.);
#896 = FACE_BOUND('',#897,.F.);
#897 = EDGE_LOOP('',(#898,#899,#907,#913,#914));
#898 = ORIENTED_EDGE('',*,*,#196,.T.);
#899 = ORIENTED_EDGE('',*,*,#900,.T.);
#900 = EDGE_CURVE('',#199,#901,#903,.T.);
#901 = VERTEX_POINT('',#902);
#902 = CARTESIAN_POINT('',(-0.95,-2.35,0.));
#903 = LINE('',#904,#905);
#904 = CARTESIAN_POINT('',(-2.45,-2.35,0.));
#905 = VECTOR('',#906,1.);
#906 = DIRECTION('',(1.,0.,0.));
#907 = ORIENTED_EDGE('',*,*,#908,.F.);
#908 = EDGE_CURVE('',#345,#901,#909,.T.);
#909 = LINE('',#910,#911);
#910 = CARTESIAN_POINT('',(-0.95,3.4,0.));
#911 = VECTOR('',#912,1.);
#912 = DIRECTION('',(0.,-1.,0.));
#913 = ORIENTED_EDGE('',*,*,#344,.T.);
#914 = ORIENTED_EDGE('',*,*,#277,.F.);
#915 = PLANE('',#916);
#916 = AXIS2_PLACEMENT_3D('',#917,#918,#919);
#917 = CARTESIAN_POINT('',(12.5,0.525,0.));
#918 = DIRECTION('',(0.,0.,1.));
#919 = DIRECTION('',(1.,0.,0.));
#920 = ADVANCED_FACE('',(#921),#1412,.F.);
#921 = FACE_BOUND('',#922,.F.);
#922 = EDGE_LOOP('',(#923,#924,#925,#933,#941,#949,#957,#965,#974,#982,
    #990,#998,#1006,#1014,#1023,#1031,#1039,#1047,#1055,#1061,#1062,
    #1070,#1078,#1086,#1094,#1102,#1110,#1118,#1126,#1134,#1142,#1150,
    #1158,#1166,#1174,#1182,#1190,#1198,#1206,#1214,#1222,#1230,#1238,
    #1246,#1254,#1262,#1270,#1278,#1286,#1294,#1302,#1310,#1318,#1326,
    #1334,#1342,#1350,#1358,#1366,#1374,#1382,#1390,#1398,#1406));
#923 = ORIENTED_EDGE('',*,*,#900,.F.);
#924 = ORIENTED_EDGE('',*,*,#239,.T.);
#925 = ORIENTED_EDGE('',*,*,#926,.T.);
#926 = EDGE_CURVE('',#232,#927,#929,.T.);
#927 = VERTEX_POINT('',#928);
#928 = CARTESIAN_POINT('',(-0.8,-2.35,7.));
#929 = LINE('',#930,#931);
#930 = CARTESIAN_POINT('',(-2.45,-2.35,7.));
#931 = VECTOR('',#932,1.);
#932 = DIRECTION('',(1.,0.,0.));
#933 = ORIENTED_EDGE('',*,*,#934,.F.);
#934 = EDGE_CURVE('',#935,#927,#937,.T.);
#935 = VERTEX_POINT('',#936);
#936 = CARTESIAN_POINT('',(-0.8,-2.35,6.8));
#937 = LINE('',#938,#939);
#938 = CARTESIAN_POINT('',(-0.8,-2.35,3.4));
#939 = VECTOR('',#940,1.);
#940 = DIRECTION('',(0.,0.,1.));
#941 = ORIENTED_EDGE('',*,*,#942,.F.);
#942 = EDGE_CURVE('',#943,#935,#945,.T.);
#943 = VERTEX_POINT('',#944);
#944 = CARTESIAN_POINT('',(-0.4,-2.35,6.4));
#945 = LINE('',#946,#947);
#946 = CARTESIAN_POINT('',(0.6875,-2.35,5.3125));
#947 = VECTOR('',#948,1.);
#948 = DIRECTION('',(-0.707106781187,0.,0.707106781187));
#949 = ORIENTED_EDGE('',*,*,#950,.F.);
#950 = EDGE_CURVE('',#951,#943,#953,.T.);
#951 = VERTEX_POINT('',#952);
#952 = CARTESIAN_POINT('',(-0.8,-2.35,6.));
#953 = LINE('',#954,#955);
#954 = CARTESIAN_POINT('',(-2.7125,-2.35,4.0875));
#955 = VECTOR('',#956,1.);
#956 = DIRECTION('',(0.707106781187,0.,0.707106781187));
#957 = ORIENTED_EDGE('',*,*,#958,.F.);
#958 = EDGE_CURVE('',#959,#951,#961,.T.);
#959 = VERTEX_POINT('',#960);
#960 = CARTESIAN_POINT('',(-0.8,-2.35,3.9));
#961 = LINE('',#962,#963);
#962 = CARTESIAN_POINT('',(-0.8,-2.35,1.95));
#963 = VECTOR('',#964,1.);
#964 = DIRECTION('',(0.,0.,1.));
#965 = ORIENTED_EDGE('',*,*,#966,.F.);
#966 = EDGE_CURVE('',#967,#959,#969,.T.);
#967 = VERTEX_POINT('',#968);
#968 = CARTESIAN_POINT('',(-0.1,-2.35,3.2));
#969 = CIRCLE('',#970,0.7);
#970 = AXIS2_PLACEMENT_3D('',#971,#972,#973);
#971 = CARTESIAN_POINT('',(-0.1,-2.35,3.9));
#972 = DIRECTION('',(0.,1.,-2.22044604925E-16));
#973 = DIRECTION('',(1.,0.,0.));
#974 = ORIENTED_EDGE('',*,*,#975,.F.);
#975 = EDGE_CURVE('',#976,#967,#978,.T.);
#976 = VERTEX_POINT('',#977);
#977 = CARTESIAN_POINT('',(1.05,-2.35,3.2));
#978 = LINE('',#979,#980);
#979 = CARTESIAN_POINT('',(-0.7,-2.35,3.2));
#980 = VECTOR('',#981,1.);
#981 = DIRECTION('',(-1.,0.,0.));
#982 = ORIENTED_EDGE('',*,*,#983,.F.);
#983 = EDGE_CURVE('',#984,#976,#986,.T.);
#984 = VERTEX_POINT('',#985);
#985 = CARTESIAN_POINT('',(1.05,-2.35,7.));
#986 = LINE('',#987,#988);
#987 = CARTESIAN_POINT('',(1.05,-2.35,3.5));
#988 = VECTOR('',#989,1.);
#989 = DIRECTION('',(0.,0.,-1.));
#990 = ORIENTED_EDGE('',*,*,#991,.T.);
#991 = EDGE_CURVE('',#984,#992,#994,.T.);
#992 = VERTEX_POINT('',#993);
#993 = CARTESIAN_POINT('',(23.95,-2.35,7.));
#994 = LINE('',#995,#996);
#995 = CARTESIAN_POINT('',(-2.45,-2.35,7.));
#996 = VECTOR('',#997,1.);
#997 = DIRECTION('',(1.,0.,0.));
#998 = ORIENTED_EDGE('',*,*,#999,.T.);
#999 = EDGE_CURVE('',#992,#1000,#1002,.T.);
#1000 = VERTEX_POINT('',#1001);
#1001 = CARTESIAN_POINT('',(23.95,-2.35,3.2));
#1002 = LINE('',#1003,#1004);
#1003 = CARTESIAN_POINT('',(23.95,-2.35,3.5));
#1004 = VECTOR('',#1005,1.);
#1005 = DIRECTION('',(0.,0.,-1.));
#1006 = ORIENTED_EDGE('',*,*,#1007,.T.);
#1007 = EDGE_CURVE('',#1000,#1008,#1010,.T.);
#1008 = VERTEX_POINT('',#1009);
#1009 = CARTESIAN_POINT('',(25.1,-2.35,3.2));
#1010 = LINE('',#1011,#1012);
#1011 = CARTESIAN_POINT('',(10.75,-2.35,3.2));
#1012 = VECTOR('',#1013,1.);
#1013 = DIRECTION('',(1.,0.,0.));
#1014 = ORIENTED_EDGE('',*,*,#1015,.F.);
#1015 = EDGE_CURVE('',#1016,#1008,#1018,.T.);
#1016 = VERTEX_POINT('',#1017);
#1017 = CARTESIAN_POINT('',(25.8,-2.35,3.9));
#1018 = CIRCLE('',#1019,0.7);
#1019 = AXIS2_PLACEMENT_3D('',#1020,#1021,#1022);
#1020 = CARTESIAN_POINT('',(25.1,-2.35,3.9));
#1021 = DIRECTION('',(0.,1.,-2.22044604925E-16));
#1022 = DIRECTION('',(1.,0.,0.));
#1023 = ORIENTED_EDGE('',*,*,#1024,.T.);
#1024 = EDGE_CURVE('',#1016,#1025,#1027,.T.);
#1025 = VERTEX_POINT('',#1026);
#1026 = CARTESIAN_POINT('',(25.8,-2.35,6.));
#1027 = LINE('',#1028,#1029);
#1028 = CARTESIAN_POINT('',(25.8,-2.35,1.95));
#1029 = VECTOR('',#1030,1.);
#1030 = DIRECTION('',(0.,0.,1.));
#1031 = ORIENTED_EDGE('',*,*,#1032,.T.);
#1032 = EDGE_CURVE('',#1025,#1033,#1035,.T.);
#1033 = VERTEX_POINT('',#1034);
#1034 = CARTESIAN_POINT('',(25.4,-2.35,6.4));
#1035 = LINE('',#1036,#1037);
#1036 = CARTESIAN_POINT('',(20.2375,-2.35,11.5625));
#1037 = VECTOR('',#1038,1.);
#1038 = DIRECTION('',(-0.707106781187,0.,0.707106781187));
#1039 = ORIENTED_EDGE('',*,*,#1040,.T.);
#1040 = EDGE_CURVE('',#1033,#1041,#1043,.T.);
#1041 = VERTEX_POINT('',#1042);
#1042 = CARTESIAN_POINT('',(25.8,-2.35,6.8));
#1043 = LINE('',#1044,#1045);
#1044 = CARTESIAN_POINT('',(16.8375,-2.35,-2.1625));
#1045 = VECTOR('',#1046,1.);
#1046 = DIRECTION('',(0.707106781187,0.,0.707106781187));
#1047 = ORIENTED_EDGE('',*,*,#1048,.T.);
#1048 = EDGE_CURVE('',#1041,#1049,#1051,.T.);
#1049 = VERTEX_POINT('',#1050);
#1050 = CARTESIAN_POINT('',(25.8,-2.35,7.));
#1051 = LINE('',#1052,#1053);
#1052 = CARTESIAN_POINT('',(25.8,-2.35,3.4));
#1053 = VECTOR('',#1054,1.);
#1054 = DIRECTION('',(0.,0.,1.));
#1055 = ORIENTED_EDGE('',*,*,#1056,.T.);
#1056 = EDGE_CURVE('',#1049,#768,#1057,.T.);
#1057 = LINE('',#1058,#1059);
#1058 = CARTESIAN_POINT('',(-2.45,-2.35,7.));
#1059 = VECTOR('',#1060,1.);
#1060 = DIRECTION('',(1.,0.,0.));
#1061 = ORIENTED_EDGE('',*,*,#767,.F.);
#1062 = ORIENTED_EDGE('',*,*,#1063,.F.);
#1063 = EDGE_CURVE('',#1064,#760,#1066,.T.);
#1064 = VERTEX_POINT('',#1065);
#1065 = CARTESIAN_POINT('',(25.95,-2.35,0.));
#1066 = LINE('',#1067,#1068);
#1067 = CARTESIAN_POINT('',(-2.45,-2.35,0.));
#1068 = VECTOR('',#1069,1.);
#1069 = DIRECTION('',(1.,0.,0.));
#1070 = ORIENTED_EDGE('',*,*,#1071,.T.);
#1071 = EDGE_CURVE('',#1064,#1072,#1074,.T.);
#1072 = VERTEX_POINT('',#1073);
#1073 = CARTESIAN_POINT('',(25.95,-2.35,0.587106270774));
#1074 = LINE('',#1075,#1076);
#1075 = CARTESIAN_POINT('',(25.95,-2.35,0.));
#1076 = VECTOR('',#1077,1.);
#1077 = DIRECTION('',(0.,0.,1.));
#1078 = ORIENTED_EDGE('',*,*,#1079,.T.);
#1079 = EDGE_CURVE('',#1072,#1080,#1082,.T.);
#1080 = VERTEX_POINT('',#1081);
#1081 = CARTESIAN_POINT('',(24.05,-2.35,0.587106270774));
#1082 = LINE('',#1083,#1084);
#1083 = CARTESIAN_POINT('',(25.95,-2.35,0.587106270774));
#1084 = VECTOR('',#1085,1.);
#1085 = DIRECTION('',(-1.,-0.,-0.));
#1086 = ORIENTED_EDGE('',*,*,#1087,.F.);
#1087 = EDGE_CURVE('',#1088,#1080,#1090,.T.);
#1088 = VERTEX_POINT('',#1089);
#1089 = CARTESIAN_POINT('',(24.05,-2.35,0.));
#1090 = LINE('',#1091,#1092);
#1091 = CARTESIAN_POINT('',(24.05,-2.35,0.));
#1092 = VECTOR('',#1093,1.);
#1093 = DIRECTION('',(0.,0.,1.));
#1094 = ORIENTED_EDGE('',*,*,#1095,.F.);
#1095 = EDGE_CURVE('',#1096,#1088,#1098,.T.);
#1096 = VERTEX_POINT('',#1097);
#1097 = CARTESIAN_POINT('',(23.45,-2.35,0.));
#1098 = LINE('',#1099,#1100);
#1099 = CARTESIAN_POINT('',(-2.45,-2.35,0.));
#1100 = VECTOR('',#1101,1.);
#1101 = DIRECTION('',(1.,0.,0.));
#1102 = ORIENTED_EDGE('',*,*,#1103,.T.);
#1103 = EDGE_CURVE('',#1096,#1104,#1106,.T.);
#1104 = VERTEX_POINT('',#1105);
#1105 = CARTESIAN_POINT('',(23.45,-2.35,0.587106270774));
#1106 = LINE('',#1107,#1108);
#1107 = CARTESIAN_POINT('',(23.45,-2.35,0.));
#1108 = VECTOR('',#1109,1.);
#1109 = DIRECTION('',(0.,0.,1.));
#1110 = ORIENTED_EDGE('',*,*,#1111,.T.);
#1111 = EDGE_CURVE('',#1104,#1112,#1114,.T.);
#1112 = VERTEX_POINT('',#1113);
#1113 = CARTESIAN_POINT('',(21.55,-2.35,0.587106270774));
#1114 = LINE('',#1115,#1116);
#1115 = CARTESIAN_POINT('',(23.45,-2.35,0.587106270774));
#1116 = VECTOR('',#1117,1.);
#1117 = DIRECTION('',(-1.,-0.,-0.));
#1118 = ORIENTED_EDGE('',*,*,#1119,.F.);
#1119 = EDGE_CURVE('',#1120,#1112,#1122,.T.);
#1120 = VERTEX_POINT('',#1121);
#1121 = CARTESIAN_POINT('',(21.55,-2.35,0.));
#1122 = LINE('',#1123,#1124);
#1123 = CARTESIAN_POINT('',(21.55,-2.35,0.));
#1124 = VECTOR('',#1125,1.);
#1125 = DIRECTION('',(0.,0.,1.));
#1126 = ORIENTED_EDGE('',*,*,#1127,.F.);
#1127 = EDGE_CURVE('',#1128,#1120,#1130,.T.);
#1128 = VERTEX_POINT('',#1129);
#1129 = CARTESIAN_POINT('',(20.95,-2.35,0.));
#1130 = LINE('',#1131,#1132);
#1131 = CARTESIAN_POINT('',(-2.45,-2.35,0.));
#1132 = VECTOR('',#1133,1.);
#1133 = DIRECTION('',(1.,0.,0.));
#1134 = ORIENTED_EDGE('',*,*,#1135,.T.);
#1135 = EDGE_CURVE('',#1128,#1136,#1138,.T.);
#1136 = VERTEX_POINT('',#1137);
#1137 = CARTESIAN_POINT('',(20.95,-2.35,0.587106270774));
#1138 = LINE('',#1139,#1140);
#1139 = CARTESIAN_POINT('',(20.95,-2.35,0.));
#1140 = VECTOR('',#1141,1.);
#1141 = DIRECTION('',(0.,0.,1.));
#1142 = ORIENTED_EDGE('',*,*,#1143,.T.);
#1143 = EDGE_CURVE('',#1136,#1144,#1146,.T.);
#1144 = VERTEX_POINT('',#1145);
#1145 = CARTESIAN_POINT('',(19.05,-2.35,0.587106270774));
#1146 = LINE('',#1147,#1148);
#1147 = CARTESIAN_POINT('',(20.95,-2.35,0.587106270774));
#1148 = VECTOR('',#1149,1.);
#1149 = DIRECTION('',(-1.,-0.,-0.));
#1150 = ORIENTED_EDGE('',*,*,#1151,.F.);
#1151 = EDGE_CURVE('',#1152,#1144,#1154,.T.);
#1152 = VERTEX_POINT('',#1153);
#1153 = CARTESIAN_POINT('',(19.05,-2.35,0.));
#1154 = LINE('',#1155,#1156);
#1155 = CARTESIAN_POINT('',(19.05,-2.35,0.));
#1156 = VECTOR('',#1157,1.);
#1157 = DIRECTION('',(0.,0.,1.));
#1158 = ORIENTED_EDGE('',*,*,#1159,.F.);
#1159 = EDGE_CURVE('',#1160,#1152,#1162,.T.);
#1160 = VERTEX_POINT('',#1161);
#1161 = CARTESIAN_POINT('',(18.45,-2.35,0.));
#1162 = LINE('',#1163,#1164);
#1163 = CARTESIAN_POINT('',(-2.45,-2.35,0.));
#1164 = VECTOR('',#1165,1.);
#1165 = DIRECTION('',(1.,0.,0.));
#1166 = ORIENTED_EDGE('',*,*,#1167,.T.);
#1167 = EDGE_CURVE('',#1160,#1168,#1170,.T.);
#1168 = VERTEX_POINT('',#1169);
#1169 = CARTESIAN_POINT('',(18.45,-2.35,0.587106270774));
#1170 = LINE('',#1171,#1172);
#1171 = CARTESIAN_POINT('',(18.45,-2.35,0.));
#1172 = VECTOR('',#1173,1.);
#1173 = DIRECTION('',(0.,0.,1.));
#1174 = ORIENTED_EDGE('',*,*,#1175,.T.);
#1175 = EDGE_CURVE('',#1168,#1176,#1178,.T.);
#1176 = VERTEX_POINT('',#1177);
#1177 = CARTESIAN_POINT('',(16.55,-2.35,0.587106270774));
#1178 = LINE('',#1179,#1180);
#1179 = CARTESIAN_POINT('',(18.45,-2.35,0.587106270774));
#1180 = VECTOR('',#1181,1.);
#1181 = DIRECTION('',(-1.,-0.,-0.));
#1182 = ORIENTED_EDGE('',*,*,#1183,.F.);
#1183 = EDGE_CURVE('',#1184,#1176,#1186,.T.);
#1184 = VERTEX_POINT('',#1185);
#1185 = CARTESIAN_POINT('',(16.55,-2.35,0.));
#1186 = LINE('',#1187,#1188);
#1187 = CARTESIAN_POINT('',(16.55,-2.35,0.));
#1188 = VECTOR('',#1189,1.);
#1189 = DIRECTION('',(0.,0.,1.));
#1190 = ORIENTED_EDGE('',*,*,#1191,.F.);
#1191 = EDGE_CURVE('',#1192,#1184,#1194,.T.);
#1192 = VERTEX_POINT('',#1193);
#1193 = CARTESIAN_POINT('',(15.95,-2.35,0.));
#1194 = LINE('',#1195,#1196);
#1195 = CARTESIAN_POINT('',(-2.45,-2.35,0.));
#1196 = VECTOR('',#1197,1.);
#1197 = DIRECTION('',(1.,0.,0.));
#1198 = ORIENTED_EDGE('',*,*,#1199,.T.);
#1199 = EDGE_CURVE('',#1192,#1200,#1202,.T.);
#1200 = VERTEX_POINT('',#1201);
#1201 = CARTESIAN_POINT('',(15.95,-2.35,0.587106270774));
#1202 = LINE('',#1203,#1204);
#1203 = CARTESIAN_POINT('',(15.95,-2.35,0.));
#1204 = VECTOR('',#1205,1.);
#1205 = DIRECTION('',(0.,0.,1.));
#1206 = ORIENTED_EDGE('',*,*,#1207,.T.);
#1207 = EDGE_CURVE('',#1200,#1208,#1210,.T.);
#1208 = VERTEX_POINT('',#1209);
#1209 = CARTESIAN_POINT('',(14.05,-2.35,0.587106270774));
#1210 = LINE('',#1211,#1212);
#1211 = CARTESIAN_POINT('',(15.95,-2.35,0.587106270774));
#1212 = VECTOR('',#1213,1.);
#1213 = DIRECTION('',(-1.,-0.,-0.));
#1214 = ORIENTED_EDGE('',*,*,#1215,.F.);
#1215 = EDGE_CURVE('',#1216,#1208,#1218,.T.);
#1216 = VERTEX_POINT('',#1217);
#1217 = CARTESIAN_POINT('',(14.05,-2.35,0.));
#1218 = LINE('',#1219,#1220);
#1219 = CARTESIAN_POINT('',(14.05,-2.35,0.));
#1220 = VECTOR('',#1221,1.);
#1221 = DIRECTION('',(0.,0.,1.));
#1222 = ORIENTED_EDGE('',*,*,#1223,.F.);
#1223 = EDGE_CURVE('',#1224,#1216,#1226,.T.);
#1224 = VERTEX_POINT('',#1225);
#1225 = CARTESIAN_POINT('',(13.45,-2.35,0.));
#1226 = LINE('',#1227,#1228);
#1227 = CARTESIAN_POINT('',(-2.45,-2.35,0.));
#1228 = VECTOR('',#1229,1.);
#1229 = DIRECTION('',(1.,0.,0.));
#1230 = ORIENTED_EDGE('',*,*,#1231,.T.);
#1231 = EDGE_CURVE('',#1224,#1232,#1234,.T.);
#1232 = VERTEX_POINT('',#1233);
#1233 = CARTESIAN_POINT('',(13.45,-2.35,0.587106270774));
#1234 = LINE('',#1235,#1236);
#1235 = CARTESIAN_POINT('',(13.45,-2.35,0.));
#1236 = VECTOR('',#1237,1.);
#1237 = DIRECTION('',(0.,0.,1.));
#1238 = ORIENTED_EDGE('',*,*,#1239,.T.);
#1239 = EDGE_CURVE('',#1232,#1240,#1242,.T.);
#1240 = VERTEX_POINT('',#1241);
#1241 = CARTESIAN_POINT('',(11.55,-2.35,0.587106270774));
#1242 = LINE('',#1243,#1244);
#1243 = CARTESIAN_POINT('',(13.45,-2.35,0.587106270774));
#1244 = VECTOR('',#1245,1.);
#1245 = DIRECTION('',(-1.,-0.,-0.));
#1246 = ORIENTED_EDGE('',*,*,#1247,.F.);
#1247 = EDGE_CURVE('',#1248,#1240,#1250,.T.);
#1248 = VERTEX_POINT('',#1249);
#1249 = CARTESIAN_POINT('',(11.55,-2.35,0.));
#1250 = LINE('',#1251,#1252);
#1251 = CARTESIAN_POINT('',(11.55,-2.35,0.));
#1252 = VECTOR('',#1253,1.);
#1253 = DIRECTION('',(0.,0.,1.));
#1254 = ORIENTED_EDGE('',*,*,#1255,.F.);
#1255 = EDGE_CURVE('',#1256,#1248,#1258,.T.);
#1256 = VERTEX_POINT('',#1257);
#1257 = CARTESIAN_POINT('',(10.95,-2.35,0.));
#1258 = LINE('',#1259,#1260);
#1259 = CARTESIAN_POINT('',(-2.45,-2.35,0.));
#1260 = VECTOR('',#1261,1.);
#1261 = DIRECTION('',(1.,0.,0.));
#1262 = ORIENTED_EDGE('',*,*,#1263,.T.);
#1263 = EDGE_CURVE('',#1256,#1264,#1266,.T.);
#1264 = VERTEX_POINT('',#1265);
#1265 = CARTESIAN_POINT('',(10.95,-2.35,0.587106270774));
#1266 = LINE('',#1267,#1268);
#1267 = CARTESIAN_POINT('',(10.95,-2.35,0.));
#1268 = VECTOR('',#1269,1.);
#1269 = DIRECTION('',(0.,0.,1.));
#1270 = ORIENTED_EDGE('',*,*,#1271,.T.);
#1271 = EDGE_CURVE('',#1264,#1272,#1274,.T.);
#1272 = VERTEX_POINT('',#1273);
#1273 = CARTESIAN_POINT('',(9.05,-2.35,0.587106270774));
#1274 = LINE('',#1275,#1276);
#1275 = CARTESIAN_POINT('',(10.95,-2.35,0.587106270774));
#1276 = VECTOR('',#1277,1.);
#1277 = DIRECTION('',(-1.,-0.,-0.));
#1278 = ORIENTED_EDGE('',*,*,#1279,.F.);
#1279 = EDGE_CURVE('',#1280,#1272,#1282,.T.);
#1280 = VERTEX_POINT('',#1281);
#1281 = CARTESIAN_POINT('',(9.05,-2.35,0.));
#1282 = LINE('',#1283,#1284);
#1283 = CARTESIAN_POINT('',(9.05,-2.35,0.));
#1284 = VECTOR('',#1285,1.);
#1285 = DIRECTION('',(0.,0.,1.));
#1286 = ORIENTED_EDGE('',*,*,#1287,.F.);
#1287 = EDGE_CURVE('',#1288,#1280,#1290,.T.);
#1288 = VERTEX_POINT('',#1289);
#1289 = CARTESIAN_POINT('',(8.45,-2.35,0.));
#1290 = LINE('',#1291,#1292);
#1291 = CARTESIAN_POINT('',(-2.45,-2.35,0.));
#1292 = VECTOR('',#1293,1.);
#1293 = DIRECTION('',(1.,0.,0.));
#1294 = ORIENTED_EDGE('',*,*,#1295,.T.);
#1295 = EDGE_CURVE('',#1288,#1296,#1298,.T.);
#1296 = VERTEX_POINT('',#1297);
#1297 = CARTESIAN_POINT('',(8.45,-2.35,0.587106270774));
#1298 = LINE('',#1299,#1300);
#1299 = CARTESIAN_POINT('',(8.45,-2.35,0.));
#1300 = VECTOR('',#1301,1.);
#1301 = DIRECTION('',(0.,0.,1.));
#1302 = ORIENTED_EDGE('',*,*,#1303,.T.);
#1303 = EDGE_CURVE('',#1296,#1304,#1306,.T.);
#1304 = VERTEX_POINT('',#1305);
#1305 = CARTESIAN_POINT('',(6.55,-2.35,0.587106270774));
#1306 = LINE('',#1307,#1308);
#1307 = CARTESIAN_POINT('',(8.45,-2.35,0.587106270774));
#1308 = VECTOR('',#1309,1.);
#1309 = DIRECTION('',(-1.,-0.,-0.));
#1310 = ORIENTED_EDGE('',*,*,#1311,.F.);
#1311 = EDGE_CURVE('',#1312,#1304,#1314,.T.);
#1312 = VERTEX_POINT('',#1313);
#1313 = CARTESIAN_POINT('',(6.55,-2.35,0.));
#1314 = LINE('',#1315,#1316);
#1315 = CARTESIAN_POINT('',(6.55,-2.35,0.));
#1316 = VECTOR('',#1317,1.);
#1317 = DIRECTION('',(0.,0.,1.));
#1318 = ORIENTED_EDGE('',*,*,#1319,.F.);
#1319 = EDGE_CURVE('',#1320,#1312,#1322,.T.);
#1320 = VERTEX_POINT('',#1321);
#1321 = CARTESIAN_POINT('',(5.95,-2.35,0.));
#1322 = LINE('',#1323,#1324);
#1323 = CARTESIAN_POINT('',(-2.45,-2.35,0.));
#1324 = VECTOR('',#1325,1.);
#1325 = DIRECTION('',(1.,0.,0.));
#1326 = ORIENTED_EDGE('',*,*,#1327,.T.);
#1327 = EDGE_CURVE('',#1320,#1328,#1330,.T.);
#1328 = VERTEX_POINT('',#1329);
#1329 = CARTESIAN_POINT('',(5.95,-2.35,0.587106270774));
#1330 = LINE('',#1331,#1332);
#1331 = CARTESIAN_POINT('',(5.95,-2.35,0.));
#1332 = VECTOR('',#1333,1.);
#1333 = DIRECTION('',(0.,0.,1.));
#1334 = ORIENTED_EDGE('',*,*,#1335,.T.);
#1335 = EDGE_CURVE('',#1328,#1336,#1338,.T.);
#1336 = VERTEX_POINT('',#1337);
#1337 = CARTESIAN_POINT('',(4.05,-2.35,0.587106270774));
#1338 = LINE('',#1339,#1340);
#1339 = CARTESIAN_POINT('',(5.95,-2.35,0.587106270774));
#1340 = VECTOR('',#1341,1.);
#1341 = DIRECTION('',(-1.,-0.,-0.));
#1342 = ORIENTED_EDGE('',*,*,#1343,.F.);
#1343 = EDGE_CURVE('',#1344,#1336,#1346,.T.);
#1344 = VERTEX_POINT('',#1345);
#1345 = CARTESIAN_POINT('',(4.05,-2.35,0.));
#1346 = LINE('',#1347,#1348);
#1347 = CARTESIAN_POINT('',(4.05,-2.35,0.));
#1348 = VECTOR('',#1349,1.);
#1349 = DIRECTION('',(0.,0.,1.));
#1350 = ORIENTED_EDGE('',*,*,#1351,.F.);
#1351 = EDGE_CURVE('',#1352,#1344,#1354,.T.);
#1352 = VERTEX_POINT('',#1353);
#1353 = CARTESIAN_POINT('',(3.45,-2.35,0.));
#1354 = LINE('',#1355,#1356);
#1355 = CARTESIAN_POINT('',(-2.45,-2.35,0.));
#1356 = VECTOR('',#1357,1.);
#1357 = DIRECTION('',(1.,0.,0.));
#1358 = ORIENTED_EDGE('',*,*,#1359,.T.);
#1359 = EDGE_CURVE('',#1352,#1360,#1362,.T.);
#1360 = VERTEX_POINT('',#1361);
#1361 = CARTESIAN_POINT('',(3.45,-2.35,0.587106270774));
#1362 = LINE('',#1363,#1364);
#1363 = CARTESIAN_POINT('',(3.45,-2.35,0.));
#1364 = VECTOR('',#1365,1.);
#1365 = DIRECTION('',(0.,0.,1.));
#1366 = ORIENTED_EDGE('',*,*,#1367,.T.);
#1367 = EDGE_CURVE('',#1360,#1368,#1370,.T.);
#1368 = VERTEX_POINT('',#1369);
#1369 = CARTESIAN_POINT('',(1.55,-2.35,0.587106270774));
#1370 = LINE('',#1371,#1372);
#1371 = CARTESIAN_POINT('',(3.45,-2.35,0.587106270774));
#1372 = VECTOR('',#1373,1.);
#1373 = DIRECTION('',(-1.,-0.,-0.));
#1374 = ORIENTED_EDGE('',*,*,#1375,.F.);
#1375 = EDGE_CURVE('',#1376,#1368,#1378,.T.);
#1376 = VERTEX_POINT('',#1377);
#1377 = CARTESIAN_POINT('',(1.55,-2.35,0.));
#1378 = LINE('',#1379,#1380);
#1379 = CARTESIAN_POINT('',(1.55,-2.35,0.));
#1380 = VECTOR('',#1381,1.);
#1381 = DIRECTION('',(0.,0.,1.));
#1382 = ORIENTED_EDGE('',*,*,#1383,.F.);
#1383 = EDGE_CURVE('',#1384,#1376,#1386,.T.);
#1384 = VERTEX_POINT('',#1385);
#1385 = CARTESIAN_POINT('',(0.95,-2.35,0.));
#1386 = LINE('',#1387,#1388);
#1387 = CARTESIAN_POINT('',(-2.45,-2.35,0.));
#1388 = VECTOR('',#1389,1.);
#1389 = DIRECTION('',(1.,0.,0.));
#1390 = ORIENTED_EDGE('',*,*,#1391,.T.);
#1391 = EDGE_CURVE('',#1384,#1392,#1394,.T.);
#1392 = VERTEX_POINT('',#1393);
#1393 = CARTESIAN_POINT('',(0.95,-2.35,0.587106270774));
#1394 = LINE('',#1395,#1396);
#1395 = CARTESIAN_POINT('',(0.95,-2.35,0.));
#1396 = VECTOR('',#1397,1.);
#1397 = DIRECTION('',(0.,0.,1.));
#1398 = ORIENTED_EDGE('',*,*,#1399,.T.);
#1399 = EDGE_CURVE('',#1392,#1400,#1402,.T.);
#1400 = VERTEX_POINT('',#1401);
#1401 = CARTESIAN_POINT('',(-0.95,-2.35,0.587106270774));
#1402 = LINE('',#1403,#1404);
#1403 = CARTESIAN_POINT('',(0.95,-2.35,0.587106270774));
#1404 = VECTOR('',#1405,1.);
#1405 = DIRECTION('',(-1.,-0.,-0.));
#1406 = ORIENTED_EDGE('',*,*,#1407,.F.);
#1407 = EDGE_CURVE('',#901,#1400,#1408,.T.);
#1408 = LINE('',#1409,#1410);
#1409 = CARTESIAN_POINT('',(-0.95,-2.35,0.));
#1410 = VECTOR('',#1411,1.);
#1411 = DIRECTION('',(0.,0.,1.));
#1412 = PLANE('',#1413);
#1413 = AXIS2_PLACEMENT_3D('',#1414,#1415,#1416);
#1414 = CARTESIAN_POINT('',(-2.45,-2.35,0.));
#1415 = DIRECTION('',(0.,1.,0.));
#1416 = DIRECTION('',(1.,0.,0.));
#1417 = ADVANCED_FACE('',(#1418),#1443,.T.);
#1418 = FACE_BOUND('',#1419,.T.);
#1419 = EDGE_LOOP('',(#1420,#1426,#1427,#1428,#1436,#1442));
#1420 = ORIENTED_EDGE('',*,*,#1421,.F.);
#1421 = EDGE_CURVE('',#224,#820,#1422,.T.);
#1422 = LINE('',#1423,#1424);
#1423 = CARTESIAN_POINT('',(-5.,-1.549999999998,7.));
#1424 = VECTOR('',#1425,1.);
#1425 = DIRECTION('',(1.,0.,0.));
#1426 = ORIENTED_EDGE('',*,*,#231,.T.);
#1427 = ORIENTED_EDGE('',*,*,#926,.T.);
#1428 = ORIENTED_EDGE('',*,*,#1429,.F.);
#1429 = EDGE_CURVE('',#1430,#927,#1432,.T.);
#1430 = VERTEX_POINT('',#1431);
#1431 = CARTESIAN_POINT('',(-0.8,-1.6,7.));
#1432 = LINE('',#1433,#1434);
#1433 = CARTESIAN_POINT('',(-0.8,1.554312234475E-15,7.));
#1434 = VECTOR('',#1435,1.);
#1435 = DIRECTION('',(0.,-1.,2.22044604925E-16));
#1436 = ORIENTED_EDGE('',*,*,#1437,.F.);
#1437 = EDGE_CURVE('',#828,#1430,#1438,.T.);
#1438 = LINE('',#1439,#1440);
#1439 = CARTESIAN_POINT('',(-1.7,-1.6,7.));
#1440 = VECTOR('',#1441,1.);
#1441 = DIRECTION('',(1.,0.,0.));
#1442 = ORIENTED_EDGE('',*,*,#827,.F.);
#1443 = PLANE('',#1444);
#1444 = AXIS2_PLACEMENT_3D('',#1445,#1446,#1447);
#1445 = CARTESIAN_POINT('',(12.5,0.525,7.));
#1446 = DIRECTION('',(0.,0.,1.));
#1447 = DIRECTION('',(1.,0.,0.));
#1448 = ADVANCED_FACE('',(#1449),#1455,.T.);
#1449 = FACE_BOUND('',#1450,.T.);
#1450 = EDGE_LOOP('',(#1451,#1452,#1453,#1454));
#1451 = ORIENTED_EDGE('',*,*,#223,.T.);
#1452 = ORIENTED_EDGE('',*,*,#1421,.T.);
#1453 = ORIENTED_EDGE('',*,*,#819,.F.);
#1454 = ORIENTED_EDGE('',*,*,#883,.F.);
#1455 = PLANE('',#1456);
#1456 = AXIS2_PLACEMENT_3D('',#1457,#1458,#1459);
#1457 = CARTESIAN_POINT('',(-5.,-1.549999999998,7.));
#1458 = DIRECTION('',(0.,1.,0.));
#1459 = DIRECTION('',(0.,0.,-1.));
#1460 = ADVANCED_FACE('',(#1461),#1479,.T.);
#1461 = FACE_BOUND('',#1462,.T.);
#1462 = EDGE_LOOP('',(#1463,#1464,#1472,#1478));
#1463 = ORIENTED_EDGE('',*,*,#867,.F.);
#1464 = ORIENTED_EDGE('',*,*,#1465,.T.);
#1465 = EDGE_CURVE('',#860,#1466,#1468,.T.);
#1466 = VERTEX_POINT('',#1467);
#1467 = CARTESIAN_POINT('',(26.7,2.65,1.25));
#1468 = LINE('',#1469,#1470);
#1469 = CARTESIAN_POINT('',(-1.7,2.65,1.25));
#1470 = VECTOR('',#1471,1.);
#1471 = DIRECTION('',(1.,0.,0.));
#1472 = ORIENTED_EDGE('',*,*,#1473,.T.);
#1473 = EDGE_CURVE('',#1466,#256,#1474,.T.);
#1474 = LINE('',#1475,#1476);
#1475 = CARTESIAN_POINT('',(26.7,2.65,1.25));
#1476 = VECTOR('',#1477,1.);
#1477 = DIRECTION('',(0.,0.,1.));
#1478 = ORIENTED_EDGE('',*,*,#263,.F.);
#1479 = PLANE('',#1480);
#1480 = AXIS2_PLACEMENT_3D('',#1481,#1482,#1483);
#1481 = CARTESIAN_POINT('',(-1.7,2.65,1.25));
#1482 = DIRECTION('',(0.,-1.,0.));
#1483 = DIRECTION('',(0.,0.,1.));
#1484 = ADVANCED_FACE('',(#1485),#1545,.F.);
#1485 = FACE_BOUND('',#1486,.F.);
#1486 = EDGE_LOOP('',(#1487,#1488,#1497,#1505,#1513,#1521,#1529,#1537,
    #1543,#1544));
#1487 = ORIENTED_EDGE('',*,*,#702,.T.);
#1488 = ORIENTED_EDGE('',*,*,#1489,.T.);
#1489 = EDGE_CURVE('',#703,#1490,#1492,.T.);
#1490 = VERTEX_POINT('',#1491);
#1491 = CARTESIAN_POINT('',(26.7,-1.549999999998,4.749999999997));
#1492 = CIRCLE('',#1493,0.849999999998);
#1493 = AXIS2_PLACEMENT_3D('',#1494,#1495,#1496);
#1494 = CARTESIAN_POINT('',(26.7,-0.7,4.749999999998));
#1495 = DIRECTION('',(-1.,0.,0.));
#1496 = DIRECTION('',(0.,1.,0.));
#1497 = ORIENTED_EDGE('',*,*,#1498,.T.);
#1498 = EDGE_CURVE('',#1490,#1499,#1501,.T.);
#1499 = VERTEX_POINT('',#1500);
#1500 = CARTESIAN_POINT('',(26.7,-1.549999999998,7.));
#1501 = LINE('',#1502,#1503);
#1502 = CARTESIAN_POINT('',(26.7,-1.549999999998,5.617949337881));
#1503 = VECTOR('',#1504,1.);
#1504 = DIRECTION('',(0.,0.,1.));
#1505 = ORIENTED_EDGE('',*,*,#1506,.T.);
#1506 = EDGE_CURVE('',#1499,#1507,#1509,.T.);
#1507 = VERTEX_POINT('',#1508);
#1508 = CARTESIAN_POINT('',(26.7,-1.6,7.));
#1509 = LINE('',#1510,#1511);
#1510 = CARTESIAN_POINT('',(26.7,2.65,7.));
#1511 = VECTOR('',#1512,1.);
#1512 = DIRECTION('',(0.,-1.,0.));
#1513 = ORIENTED_EDGE('',*,*,#1514,.T.);
#1514 = EDGE_CURVE('',#1507,#1515,#1517,.T.);
#1515 = VERTEX_POINT('',#1516);
#1516 = CARTESIAN_POINT('',(26.7,-1.6,1.9));
#1517 = LINE('',#1518,#1519);
#1518 = CARTESIAN_POINT('',(26.7,-1.6,7.));
#1519 = VECTOR('',#1520,1.);
#1520 = DIRECTION('',(0.,0.,-1.));
#1521 = ORIENTED_EDGE('',*,*,#1522,.T.);
#1522 = EDGE_CURVE('',#1515,#1523,#1525,.T.);
#1523 = VERTEX_POINT('',#1524);
#1524 = CARTESIAN_POINT('',(26.7,0.5,1.9));
#1525 = LINE('',#1526,#1527);
#1526 = CARTESIAN_POINT('',(26.7,-1.6,1.9));
#1527 = VECTOR('',#1528,1.);
#1528 = DIRECTION('',(0.,1.,0.));
#1529 = ORIENTED_EDGE('',*,*,#1530,.T.);
#1530 = EDGE_CURVE('',#1523,#1531,#1533,.T.);
#1531 = VERTEX_POINT('',#1532);
#1532 = CARTESIAN_POINT('',(26.7,0.875277674973,1.25));
#1533 = LINE('',#1534,#1535);
#1534 = CARTESIAN_POINT('',(26.7,0.5,1.9));
#1535 = VECTOR('',#1536,1.);
#1536 = DIRECTION('',(0.,0.5,-0.866025403784));
#1537 = ORIENTED_EDGE('',*,*,#1538,.T.);
#1538 = EDGE_CURVE('',#1531,#1466,#1539,.T.);
#1539 = LINE('',#1540,#1541);
#1540 = CARTESIAN_POINT('',(26.7,0.875277674973,1.25));
#1541 = VECTOR('',#1542,1.);
#1542 = DIRECTION('',(0.,1.,0.));
#1543 = ORIENTED_EDGE('',*,*,#1473,.T.);
#1544 = ORIENTED_EDGE('',*,*,#312,.T.);
#1545 = PLANE('',#1546);
#1546 = AXIS2_PLACEMENT_3D('',#1547,#1548,#1549);
#1547 = CARTESIAN_POINT('',(26.7,0.598118601855,4.235898675762));
#1548 = DIRECTION('',(1.,0.,0.));
#1549 = DIRECTION('',(0.,0.,1.));
#1550 = ADVANCED_FACE('',(#1551),#1563,.F.);
#1551 = FACE_BOUND('',#1552,.F.);
#1552 = EDGE_LOOP('',(#1553,#1554,#1560,#1561,#1562));
#1553 = ORIENTED_EDGE('',*,*,#326,.T.);
#1554 = ORIENTED_EDGE('',*,*,#1555,.T.);
#1555 = EDGE_CURVE('',#329,#1064,#1556,.T.);
#1556 = LINE('',#1557,#1558);
#1557 = CARTESIAN_POINT('',(25.95,3.4,0.));
#1558 = VECTOR('',#1559,1.);
#1559 = DIRECTION('',(0.,-1.,0.));
#1560 = ORIENTED_EDGE('',*,*,#1063,.T.);
#1561 = ORIENTED_EDGE('',*,*,#759,.T.);
#1562 = ORIENTED_EDGE('',*,*,#734,.T.);
#1563 = PLANE('',#1564);
#1564 = AXIS2_PLACEMENT_3D('',#1565,#1566,#1567);
#1565 = CARTESIAN_POINT('',(12.5,0.525,0.));
#1566 = DIRECTION('',(0.,0.,1.));
#1567 = DIRECTION('',(1.,0.,0.));
#1568 = ADVANCED_FACE('',(#1569),#1596,.F.);
#1569 = FACE_BOUND('',#1570,.T.);
#1570 = EDGE_LOOP('',(#1571,#1579,#1587,#1593,#1594,#1595));
#1571 = ORIENTED_EDGE('',*,*,#1572,.T.);
#1572 = EDGE_CURVE('',#1072,#1573,#1575,.T.);
#1573 = VERTEX_POINT('',#1574);
#1574 = CARTESIAN_POINT('',(25.95,-1.,0.2));
#1575 = LINE('',#1576,#1577);
#1576 = CARTESIAN_POINT('',(25.95,-2.35,0.587106270774));
#1577 = VECTOR('',#1578,1.);
#1578 = DIRECTION('',(0.,0.961261695938,-0.275637355817));
#1579 = ORIENTED_EDGE('',*,*,#1580,.T.);
#1580 = EDGE_CURVE('',#1573,#1581,#1583,.T.);
#1581 = VERTEX_POINT('',#1582);
#1582 = CARTESIAN_POINT('',(25.95,1.,0.2));
#1583 = LINE('',#1584,#1585);
#1584 = CARTESIAN_POINT('',(25.95,-1.,0.2));
#1585 = VECTOR('',#1586,1.);
#1586 = DIRECTION('',(0.,1.,0.));
#1587 = ORIENTED_EDGE('',*,*,#1588,.T.);
#1588 = EDGE_CURVE('',#1581,#681,#1589,.T.);
#1589 = LINE('',#1590,#1591);
#1590 = CARTESIAN_POINT('',(25.95,1.,0.2));
#1591 = VECTOR('',#1592,1.);
#1592 = DIRECTION('',(0.,0.96,0.28));
#1593 = ORIENTED_EDGE('',*,*,#688,.T.);
#1594 = ORIENTED_EDGE('',*,*,#1555,.T.);
#1595 = ORIENTED_EDGE('',*,*,#1071,.T.);
#1596 = PLANE('',#1597);
#1597 = AXIS2_PLACEMENT_3D('',#1598,#1599,#1600);
#1598 = CARTESIAN_POINT('',(25.95,0.597090658555,0.221059411393));
#1599 = DIRECTION('',(1.,0.,0.));
#1600 = DIRECTION('',(0.,0.,1.));
#1601 = ADVANCED_FACE('',(#1602),#1620,.T.);
#1602 = FACE_BOUND('',#1603,.T.);
#1603 = EDGE_LOOP('',(#1604,#1612,#1618,#1619));
#1604 = ORIENTED_EDGE('',*,*,#1605,.T.);
#1605 = EDGE_CURVE('',#1581,#1606,#1608,.T.);
#1606 = VERTEX_POINT('',#1607);
#1607 = CARTESIAN_POINT('',(24.05,1.,0.2));
#1608 = LINE('',#1609,#1610);
#1609 = CARTESIAN_POINT('',(25.95,1.,0.2));
#1610 = VECTOR('',#1611,1.);
#1611 = DIRECTION('',(-1.,-0.,-0.));
#1612 = ORIENTED_EDGE('',*,*,#1613,.T.);
#1613 = EDGE_CURVE('',#1606,#673,#1614,.T.);
#1614 = LINE('',#1615,#1616);
#1615 = CARTESIAN_POINT('',(24.05,1.,0.2));
#1616 = VECTOR('',#1617,1.);
#1617 = DIRECTION('',(0.,0.96,0.28));
#1618 = ORIENTED_EDGE('',*,*,#680,.F.);
#1619 = ORIENTED_EDGE('',*,*,#1588,.F.);
#1620 = PLANE('',#1621);
#1621 = AXIS2_PLACEMENT_3D('',#1622,#1623,#1624);
#1622 = CARTESIAN_POINT('',(25.95,1.,0.2));
#1623 = DIRECTION('',(0.,0.28,-0.96));
#1624 = DIRECTION('',(0.,0.96,0.28));
#1625 = ADVANCED_FACE('',(#1626),#1651,.T.);
#1626 = FACE_BOUND('',#1627,.F.);
#1627 = EDGE_LOOP('',(#1628,#1636,#1642,#1643,#1644,#1650));
#1628 = ORIENTED_EDGE('',*,*,#1629,.T.);
#1629 = EDGE_CURVE('',#1080,#1630,#1632,.T.);
#1630 = VERTEX_POINT('',#1631);
#1631 = CARTESIAN_POINT('',(24.05,-1.,0.2));
#1632 = LINE('',#1633,#1634);
#1633 = CARTESIAN_POINT('',(24.05,-2.35,0.587106270774));
#1634 = VECTOR('',#1635,1.);
#1635 = DIRECTION('',(0.,0.961261695938,-0.275637355817));
#1636 = ORIENTED_EDGE('',*,*,#1637,.T.);
#1637 = EDGE_CURVE('',#1630,#1606,#1638,.T.);
#1638 = LINE('',#1639,#1640);
#1639 = CARTESIAN_POINT('',(24.05,-1.,0.2));
#1640 = VECTOR('',#1641,1.);
#1641 = DIRECTION('',(0.,1.,0.));
#1642 = ORIENTED_EDGE('',*,*,#1613,.T.);
#1643 = ORIENTED_EDGE('',*,*,#672,.T.);
#1644 = ORIENTED_EDGE('',*,*,#1645,.T.);
#1645 = EDGE_CURVE('',#665,#1088,#1646,.T.);
#1646 = LINE('',#1647,#1648);
#1647 = CARTESIAN_POINT('',(24.05,3.4,0.));
#1648 = VECTOR('',#1649,1.);
#1649 = DIRECTION('',(0.,-1.,0.));
#1650 = ORIENTED_EDGE('',*,*,#1087,.T.);
#1651 = PLANE('',#1652);
#1652 = AXIS2_PLACEMENT_3D('',#1653,#1654,#1655);
#1653 = CARTESIAN_POINT('',(24.05,0.597090658555,0.221059411393));
#1654 = DIRECTION('',(1.,0.,0.));
#1655 = DIRECTION('',(0.,0.,1.));
#1656 = ADVANCED_FACE('',(#1657),#1668,.F.);
#1657 = FACE_BOUND('',#1658,.F.);
#1658 = EDGE_LOOP('',(#1659,#1660,#1666,#1667));
#1659 = ORIENTED_EDGE('',*,*,#664,.T.);
#1660 = ORIENTED_EDGE('',*,*,#1661,.T.);
#1661 = EDGE_CURVE('',#657,#1096,#1662,.T.);
#1662 = LINE('',#1663,#1664);
#1663 = CARTESIAN_POINT('',(23.45,3.4,0.));
#1664 = VECTOR('',#1665,1.);
#1665 = DIRECTION('',(0.,-1.,0.));
#1666 = ORIENTED_EDGE('',*,*,#1095,.T.);
#1667 = ORIENTED_EDGE('',*,*,#1645,.F.);
#1668 = PLANE('',#1669);
#1669 = AXIS2_PLACEMENT_3D('',#1670,#1671,#1672);
#1670 = CARTESIAN_POINT('',(12.5,0.525,0.));
#1671 = DIRECTION('',(0.,0.,1.));
#1672 = DIRECTION('',(1.,0.,0.));
#1673 = ADVANCED_FACE('',(#1674),#1701,.T.);
#1674 = FACE_BOUND('',#1675,.F.);
#1675 = EDGE_LOOP('',(#1676,#1684,#1692,#1698,#1699,#1700));
#1676 = ORIENTED_EDGE('',*,*,#1677,.T.);
#1677 = EDGE_CURVE('',#1400,#1678,#1680,.T.);
#1678 = VERTEX_POINT('',#1679);
#1679 = CARTESIAN_POINT('',(-0.95,-1.,0.2));
#1680 = LINE('',#1681,#1682);
#1681 = CARTESIAN_POINT('',(-0.95,-2.35,0.587106270774));
#1682 = VECTOR('',#1683,1.);
#1683 = DIRECTION('',(0.,0.961261695938,-0.275637355817));
#1684 = ORIENTED_EDGE('',*,*,#1685,.T.);
#1685 = EDGE_CURVE('',#1678,#1686,#1688,.T.);
#1686 = VERTEX_POINT('',#1687);
#1687 = CARTESIAN_POINT('',(-0.95,1.,0.2));
#1688 = LINE('',#1689,#1690);
#1689 = CARTESIAN_POINT('',(-0.95,-1.,0.2));
#1690 = VECTOR('',#1691,1.);
#1691 = DIRECTION('',(0.,1.,0.));
#1692 = ORIENTED_EDGE('',*,*,#1693,.T.);
#1693 = EDGE_CURVE('',#1686,#353,#1694,.T.);
#1694 = LINE('',#1695,#1696);
#1695 = CARTESIAN_POINT('',(-0.95,1.,0.2));
#1696 = VECTOR('',#1697,1.);
#1697 = DIRECTION('',(0.,0.96,0.28));
#1698 = ORIENTED_EDGE('',*,*,#352,.T.);
#1699 = ORIENTED_EDGE('',*,*,#908,.T.);
#1700 = ORIENTED_EDGE('',*,*,#1407,.T.);
#1701 = PLANE('',#1702);
#1702 = AXIS2_PLACEMENT_3D('',#1703,#1704,#1705);
#1703 = CARTESIAN_POINT('',(-0.95,0.597090658555,0.221059411393));
#1704 = DIRECTION('',(1.,0.,0.));
#1705 = DIRECTION('',(0.,0.,1.));
#1706 = ADVANCED_FACE('',(#1707),#1734,.F.);
#1707 = FACE_BOUND('',#1708,.T.);
#1708 = EDGE_LOOP('',(#1709,#1717,#1725,#1731,#1732,#1733));
#1709 = ORIENTED_EDGE('',*,*,#1710,.T.);
#1710 = EDGE_CURVE('',#1104,#1711,#1713,.T.);
#1711 = VERTEX_POINT('',#1712);
#1712 = CARTESIAN_POINT('',(23.45,-1.,0.2));
#1713 = LINE('',#1714,#1715);
#1714 = CARTESIAN_POINT('',(23.45,-2.35,0.587106270774));
#1715 = VECTOR('',#1716,1.);
#1716 = DIRECTION('',(0.,0.961261695938,-0.275637355817));
#1717 = ORIENTED_EDGE('',*,*,#1718,.T.);
#1718 = EDGE_CURVE('',#1711,#1719,#1721,.T.);
#1719 = VERTEX_POINT('',#1720);
#1720 = CARTESIAN_POINT('',(23.45,1.,0.2));
#1721 = LINE('',#1722,#1723);
#1722 = CARTESIAN_POINT('',(23.45,-1.,0.2));
#1723 = VECTOR('',#1724,1.);
#1724 = DIRECTION('',(0.,1.,0.));
#1725 = ORIENTED_EDGE('',*,*,#1726,.T.);
#1726 = EDGE_CURVE('',#1719,#649,#1727,.T.);
#1727 = LINE('',#1728,#1729);
#1728 = CARTESIAN_POINT('',(23.45,1.,0.2));
#1729 = VECTOR('',#1730,1.);
#1730 = DIRECTION('',(0.,0.96,0.28));
#1731 = ORIENTED_EDGE('',*,*,#656,.T.);
#1732 = ORIENTED_EDGE('',*,*,#1661,.T.);
#1733 = ORIENTED_EDGE('',*,*,#1103,.T.);
#1734 = PLANE('',#1735);
#1735 = AXIS2_PLACEMENT_3D('',#1736,#1737,#1738);
#1736 = CARTESIAN_POINT('',(23.45,0.597090658555,0.221059411393));
#1737 = DIRECTION('',(1.,0.,0.));
#1738 = DIRECTION('',(0.,0.,1.));
#1739 = ADVANCED_FACE('',(#1740),#1758,.T.);
#1740 = FACE_BOUND('',#1741,.T.);
#1741 = EDGE_LOOP('',(#1742,#1750,#1751,#1752));
#1742 = ORIENTED_EDGE('',*,*,#1743,.T.);
#1743 = EDGE_CURVE('',#1744,#1686,#1746,.T.);
#1744 = VERTEX_POINT('',#1745);
#1745 = CARTESIAN_POINT('',(0.95,1.,0.2));
#1746 = LINE('',#1747,#1748);
#1747 = CARTESIAN_POINT('',(0.95,1.,0.2));
#1748 = VECTOR('',#1749,1.);
#1749 = DIRECTION('',(-1.,-0.,-0.));
#1750 = ORIENTED_EDGE('',*,*,#1693,.T.);
#1751 = ORIENTED_EDGE('',*,*,#360,.F.);
#1752 = ORIENTED_EDGE('',*,*,#1753,.F.);
#1753 = EDGE_CURVE('',#1744,#361,#1754,.T.);
#1754 = LINE('',#1755,#1756);
#1755 = CARTESIAN_POINT('',(0.95,1.,0.2));
#1756 = VECTOR('',#1757,1.);
#1757 = DIRECTION('',(0.,0.96,0.28));
#1758 = PLANE('',#1759);
#1759 = AXIS2_PLACEMENT_3D('',#1760,#1761,#1762);
#1760 = CARTESIAN_POINT('',(0.95,1.,0.2));
#1761 = DIRECTION('',(0.,0.28,-0.96));
#1762 = DIRECTION('',(0.,0.96,0.28));
#1763 = ADVANCED_FACE('',(#1764),#1782,.T.);
#1764 = FACE_BOUND('',#1765,.T.);
#1765 = EDGE_LOOP('',(#1766,#1774,#1780,#1781));
#1766 = ORIENTED_EDGE('',*,*,#1767,.T.);
#1767 = EDGE_CURVE('',#1719,#1768,#1770,.T.);
#1768 = VERTEX_POINT('',#1769);
#1769 = CARTESIAN_POINT('',(21.55,1.,0.2));
#1770 = LINE('',#1771,#1772);
#1771 = CARTESIAN_POINT('',(23.45,1.,0.2));
#1772 = VECTOR('',#1773,1.);
#1773 = DIRECTION('',(-1.,-0.,-0.));
#1774 = ORIENTED_EDGE('',*,*,#1775,.T.);
#1775 = EDGE_CURVE('',#1768,#641,#1776,.T.);
#1776 = LINE('',#1777,#1778);
#1777 = CARTESIAN_POINT('',(21.55,1.,0.2));
#1778 = VECTOR('',#1779,1.);
#1779 = DIRECTION('',(0.,0.96,0.28));
#1780 = ORIENTED_EDGE('',*,*,#648,.F.);
#1781 = ORIENTED_EDGE('',*,*,#1726,.F.);
#1782 = PLANE('',#1783);
#1783 = AXIS2_PLACEMENT_3D('',#1784,#1785,#1786);
#1784 = CARTESIAN_POINT('',(23.45,1.,0.2));
#1785 = DIRECTION('',(0.,0.28,-0.96));
#1786 = DIRECTION('',(0.,0.96,0.28));
#1787 = ADVANCED_FACE('',(#1788),#1813,.F.);
#1788 = FACE_BOUND('',#1789,.T.);
#1789 = EDGE_LOOP('',(#1790,#1798,#1804,#1805,#1806,#1812));
#1790 = ORIENTED_EDGE('',*,*,#1791,.T.);
#1791 = EDGE_CURVE('',#1392,#1792,#1794,.T.);
#1792 = VERTEX_POINT('',#1793);
#1793 = CARTESIAN_POINT('',(0.95,-1.,0.2));
#1794 = LINE('',#1795,#1796);
#1795 = CARTESIAN_POINT('',(0.95,-2.35,0.587106270774));
#1796 = VECTOR('',#1797,1.);
#1797 = DIRECTION('',(0.,0.961261695938,-0.275637355817));
#1798 = ORIENTED_EDGE('',*,*,#1799,.T.);
#1799 = EDGE_CURVE('',#1792,#1744,#1800,.T.);
#1800 = LINE('',#1801,#1802);
#1801 = CARTESIAN_POINT('',(0.95,-1.,0.2));
#1802 = VECTOR('',#1803,1.);
#1803 = DIRECTION('',(0.,1.,0.));
#1804 = ORIENTED_EDGE('',*,*,#1753,.T.);
#1805 = ORIENTED_EDGE('',*,*,#368,.T.);
#1806 = ORIENTED_EDGE('',*,*,#1807,.T.);
#1807 = EDGE_CURVE('',#369,#1384,#1808,.T.);
#1808 = LINE('',#1809,#1810);
#1809 = CARTESIAN_POINT('',(0.95,3.4,0.));
#1810 = VECTOR('',#1811,1.);
#1811 = DIRECTION('',(0.,-1.,0.));
#1812 = ORIENTED_EDGE('',*,*,#1391,.T.);
#1813 = PLANE('',#1814);
#1814 = AXIS2_PLACEMENT_3D('',#1815,#1816,#1817);
#1815 = CARTESIAN_POINT('',(0.95,0.597090658555,0.221059411393));
#1816 = DIRECTION('',(1.,0.,0.));
#1817 = DIRECTION('',(0.,0.,1.));
#1818 = ADVANCED_FACE('',(#1819),#1844,.T.);
#1819 = FACE_BOUND('',#1820,.F.);
#1820 = EDGE_LOOP('',(#1821,#1829,#1835,#1836,#1837,#1843));
#1821 = ORIENTED_EDGE('',*,*,#1822,.T.);
#1822 = EDGE_CURVE('',#1112,#1823,#1825,.T.);
#1823 = VERTEX_POINT('',#1824);
#1824 = CARTESIAN_POINT('',(21.55,-1.,0.2));
#1825 = LINE('',#1826,#1827);
#1826 = CARTESIAN_POINT('',(21.55,-2.35,0.587106270774));
#1827 = VECTOR('',#1828,1.);
#1828 = DIRECTION('',(0.,0.961261695938,-0.275637355817));
#1829 = ORIENTED_EDGE('',*,*,#1830,.T.);
#1830 = EDGE_CURVE('',#1823,#1768,#1831,.T.);
#1831 = LINE('',#1832,#1833);
#1832 = CARTESIAN_POINT('',(21.55,-1.,0.2));
#1833 = VECTOR('',#1834,1.);
#1834 = DIRECTION('',(0.,1.,0.));
#1835 = ORIENTED_EDGE('',*,*,#1775,.T.);
#1836 = ORIENTED_EDGE('',*,*,#640,.T.);
#1837 = ORIENTED_EDGE('',*,*,#1838,.T.);
#1838 = EDGE_CURVE('',#633,#1120,#1839,.T.);
#1839 = LINE('',#1840,#1841);
#1840 = CARTESIAN_POINT('',(21.55,3.4,0.));
#1841 = VECTOR('',#1842,1.);
#1842 = DIRECTION('',(0.,-1.,0.));
#1843 = ORIENTED_EDGE('',*,*,#1119,.T.);
#1844 = PLANE('',#1845);
#1845 = AXIS2_PLACEMENT_3D('',#1846,#1847,#1848);
#1846 = CARTESIAN_POINT('',(21.55,0.597090658555,0.221059411393));
#1847 = DIRECTION('',(1.,0.,0.));
#1848 = DIRECTION('',(0.,0.,1.));
#1849 = ADVANCED_FACE('',(#1850),#1861,.F.);
#1850 = FACE_BOUND('',#1851,.F.);
#1851 = EDGE_LOOP('',(#1852,#1853,#1854,#1855));
#1852 = ORIENTED_EDGE('',*,*,#376,.T.);
#1853 = ORIENTED_EDGE('',*,*,#1807,.T.);
#1854 = ORIENTED_EDGE('',*,*,#1383,.T.);
#1855 = ORIENTED_EDGE('',*,*,#1856,.F.);
#1856 = EDGE_CURVE('',#377,#1376,#1857,.T.);
#1857 = LINE('',#1858,#1859);
#1858 = CARTESIAN_POINT('',(1.55,3.4,0.));
#1859 = VECTOR('',#1860,1.);
#1860 = DIRECTION('',(0.,-1.,0.));
#1861 = PLANE('',#1862);
#1862 = AXIS2_PLACEMENT_3D('',#1863,#1864,#1865);
#1863 = CARTESIAN_POINT('',(12.5,0.525,0.));
#1864 = DIRECTION('',(0.,0.,1.));
#1865 = DIRECTION('',(1.,0.,0.));
#1866 = ADVANCED_FACE('',(#1867),#1878,.F.);
#1867 = FACE_BOUND('',#1868,.F.);
#1868 = EDGE_LOOP('',(#1869,#1870,#1876,#1877));
#1869 = ORIENTED_EDGE('',*,*,#632,.T.);
#1870 = ORIENTED_EDGE('',*,*,#1871,.T.);
#1871 = EDGE_CURVE('',#625,#1128,#1872,.T.);
#1872 = LINE('',#1873,#1874);
#1873 = CARTESIAN_POINT('',(20.95,3.4,0.));
#1874 = VECTOR('',#1875,1.);
#1875 = DIRECTION('',(0.,-1.,0.));
#1876 = ORIENTED_EDGE('',*,*,#1127,.T.);
#1877 = ORIENTED_EDGE('',*,*,#1838,.F.);
#1878 = PLANE('',#1879);
#1879 = AXIS2_PLACEMENT_3D('',#1880,#1881,#1882);
#1880 = CARTESIAN_POINT('',(12.5,0.525,0.));
#1881 = DIRECTION('',(0.,0.,1.));
#1882 = DIRECTION('',(1.,0.,0.));
#1883 = ADVANCED_FACE('',(#1884),#1911,.T.);
#1884 = FACE_BOUND('',#1885,.F.);
#1885 = EDGE_LOOP('',(#1886,#1894,#1902,#1908,#1909,#1910));
#1886 = ORIENTED_EDGE('',*,*,#1887,.T.);
#1887 = EDGE_CURVE('',#1368,#1888,#1890,.T.);
#1888 = VERTEX_POINT('',#1889);
#1889 = CARTESIAN_POINT('',(1.55,-1.,0.2));
#1890 = LINE('',#1891,#1892);
#1891 = CARTESIAN_POINT('',(1.55,-2.35,0.587106270774));
#1892 = VECTOR('',#1893,1.);
#1893 = DIRECTION('',(0.,0.961261695938,-0.275637355817));
#1894 = ORIENTED_EDGE('',*,*,#1895,.T.);
#1895 = EDGE_CURVE('',#1888,#1896,#1898,.T.);
#1896 = VERTEX_POINT('',#1897);
#1897 = CARTESIAN_POINT('',(1.55,1.,0.2));
#1898 = LINE('',#1899,#1900);
#1899 = CARTESIAN_POINT('',(1.55,-1.,0.2));
#1900 = VECTOR('',#1901,1.);
#1901 = DIRECTION('',(0.,1.,0.));
#1902 = ORIENTED_EDGE('',*,*,#1903,.T.);
#1903 = EDGE_CURVE('',#1896,#385,#1904,.T.);
#1904 = LINE('',#1905,#1906);
#1905 = CARTESIAN_POINT('',(1.55,1.,0.2));
#1906 = VECTOR('',#1907,1.);
#1907 = DIRECTION('',(0.,0.96,0.28));
#1908 = ORIENTED_EDGE('',*,*,#384,.T.);
#1909 = ORIENTED_EDGE('',*,*,#1856,.T.);
#1910 = ORIENTED_EDGE('',*,*,#1375,.T.);
#1911 = PLANE('',#1912);
#1912 = AXIS2_PLACEMENT_3D('',#1913,#1914,#1915);
#1913 = CARTESIAN_POINT('',(1.55,0.597090658555,0.221059411393));
#1914 = DIRECTION('',(1.,0.,0.));
#1915 = DIRECTION('',(0.,0.,1.));
#1916 = ADVANCED_FACE('',(#1917),#1944,.F.);
#1917 = FACE_BOUND('',#1918,.T.);
#1918 = EDGE_LOOP('',(#1919,#1927,#1935,#1941,#1942,#1943));
#1919 = ORIENTED_EDGE('',*,*,#1920,.T.);
#1920 = EDGE_CURVE('',#1136,#1921,#1923,.T.);
#1921 = VERTEX_POINT('',#1922);
#1922 = CARTESIAN_POINT('',(20.95,-1.,0.2));
#1923 = LINE('',#1924,#1925);
#1924 = CARTESIAN_POINT('',(20.95,-2.35,0.587106270774));
#1925 = VECTOR('',#1926,1.);
#1926 = DIRECTION('',(0.,0.961261695938,-0.275637355817));
#1927 = ORIENTED_EDGE('',*,*,#1928,.T.);
#1928 = EDGE_CURVE('',#1921,#1929,#1931,.T.);
#1929 = VERTEX_POINT('',#1930);
#1930 = CARTESIAN_POINT('',(20.95,1.,0.2));
#1931 = LINE('',#1932,#1933);
#1932 = CARTESIAN_POINT('',(20.95,-1.,0.2));
#1933 = VECTOR('',#1934,1.);
#1934 = DIRECTION('',(0.,1.,0.));
#1935 = ORIENTED_EDGE('',*,*,#1936,.T.);
#1936 = EDGE_CURVE('',#1929,#617,#1937,.T.);
#1937 = LINE('',#1938,#1939);
#1938 = CARTESIAN_POINT('',(20.95,1.,0.2));
#1939 = VECTOR('',#1940,1.);
#1940 = DIRECTION('',(0.,0.96,0.28));
#1941 = ORIENTED_EDGE('',*,*,#624,.T.);
#1942 = ORIENTED_EDGE('',*,*,#1871,.T.);
#1943 = ORIENTED_EDGE('',*,*,#1135,.T.);
#1944 = PLANE('',#1945);
#1945 = AXIS2_PLACEMENT_3D('',#1946,#1947,#1948);
#1946 = CARTESIAN_POINT('',(20.95,0.597090658555,0.221059411393));
#1947 = DIRECTION('',(1.,0.,0.));
#1948 = DIRECTION('',(0.,0.,1.));
#1949 = ADVANCED_FACE('',(#1950),#1968,.T.);
#1950 = FACE_BOUND('',#1951,.T.);
#1951 = EDGE_LOOP('',(#1952,#1960,#1961,#1962));
#1952 = ORIENTED_EDGE('',*,*,#1953,.T.);
#1953 = EDGE_CURVE('',#1954,#1896,#1956,.T.);
#1954 = VERTEX_POINT('',#1955);
#1955 = CARTESIAN_POINT('',(3.45,1.,0.2));
#1956 = LINE('',#1957,#1958);
#1957 = CARTESIAN_POINT('',(3.45,1.,0.2));
#1958 = VECTOR('',#1959,1.);
#1959 = DIRECTION('',(-1.,-0.,-0.));
#1960 = ORIENTED_EDGE('',*,*,#1903,.T.);
#1961 = ORIENTED_EDGE('',*,*,#392,.F.);
#1962 = ORIENTED_EDGE('',*,*,#1963,.F.);
#1963 = EDGE_CURVE('',#1954,#393,#1964,.T.);
#1964 = LINE('',#1965,#1966);
#1965 = CARTESIAN_POINT('',(3.45,1.,0.2));
#1966 = VECTOR('',#1967,1.);
#1967 = DIRECTION('',(0.,0.96,0.28));
#1968 = PLANE('',#1969);
#1969 = AXIS2_PLACEMENT_3D('',#1970,#1971,#1972);
#1970 = CARTESIAN_POINT('',(3.45,1.,0.2));
#1971 = DIRECTION('',(0.,0.28,-0.96));
#1972 = DIRECTION('',(0.,0.96,0.28));
#1973 = ADVANCED_FACE('',(#1974),#1992,.T.);
#1974 = FACE_BOUND('',#1975,.T.);
#1975 = EDGE_LOOP('',(#1976,#1984,#1990,#1991));
#1976 = ORIENTED_EDGE('',*,*,#1977,.T.);
#1977 = EDGE_CURVE('',#1929,#1978,#1980,.T.);
#1978 = VERTEX_POINT('',#1979);
#1979 = CARTESIAN_POINT('',(19.05,1.,0.2));
#1980 = LINE('',#1981,#1982);
#1981 = CARTESIAN_POINT('',(20.95,1.,0.2));
#1982 = VECTOR('',#1983,1.);
#1983 = DIRECTION('',(-1.,-0.,-0.));
#1984 = ORIENTED_EDGE('',*,*,#1985,.T.);
#1985 = EDGE_CURVE('',#1978,#609,#1986,.T.);
#1986 = LINE('',#1987,#1988);
#1987 = CARTESIAN_POINT('',(19.05,1.,0.2));
#1988 = VECTOR('',#1989,1.);
#1989 = DIRECTION('',(0.,0.96,0.28));
#1990 = ORIENTED_EDGE('',*,*,#616,.F.);
#1991 = ORIENTED_EDGE('',*,*,#1936,.F.);
#1992 = PLANE('',#1993);
#1993 = AXIS2_PLACEMENT_3D('',#1994,#1995,#1996);
#1994 = CARTESIAN_POINT('',(20.95,1.,0.2));
#1995 = DIRECTION('',(0.,0.28,-0.96));
#1996 = DIRECTION('',(0.,0.96,0.28));
#1997 = ADVANCED_FACE('',(#1998),#2023,.F.);
#1998 = FACE_BOUND('',#1999,.T.);
#1999 = EDGE_LOOP('',(#2000,#2008,#2014,#2015,#2016,#2022));
#2000 = ORIENTED_EDGE('',*,*,#2001,.T.);
#2001 = EDGE_CURVE('',#1360,#2002,#2004,.T.);
#2002 = VERTEX_POINT('',#2003);
#2003 = CARTESIAN_POINT('',(3.45,-1.,0.2));
#2004 = LINE('',#2005,#2006);
#2005 = CARTESIAN_POINT('',(3.45,-2.35,0.587106270774));
#2006 = VECTOR('',#2007,1.);
#2007 = DIRECTION('',(0.,0.961261695938,-0.275637355817));
#2008 = ORIENTED_EDGE('',*,*,#2009,.T.);
#2009 = EDGE_CURVE('',#2002,#1954,#2010,.T.);
#2010 = LINE('',#2011,#2012);
#2011 = CARTESIAN_POINT('',(3.45,-1.,0.2));
#2012 = VECTOR('',#2013,1.);
#2013 = DIRECTION('',(0.,1.,0.));
#2014 = ORIENTED_EDGE('',*,*,#1963,.T.);
#2015 = ORIENTED_EDGE('',*,*,#400,.T.);
#2016 = ORIENTED_EDGE('',*,*,#2017,.T.);
#2017 = EDGE_CURVE('',#401,#1352,#2018,.T.);
#2018 = LINE('',#2019,#2020);
#2019 = CARTESIAN_POINT('',(3.45,3.4,0.));
#2020 = VECTOR('',#2021,1.);
#2021 = DIRECTION('',(0.,-1.,0.));
#2022 = ORIENTED_EDGE('',*,*,#1359,.T.);
#2023 = PLANE('',#2024);
#2024 = AXIS2_PLACEMENT_3D('',#2025,#2026,#2027);
#2025 = CARTESIAN_POINT('',(3.45,0.597090658555,0.221059411393));
#2026 = DIRECTION('',(1.,0.,0.));
#2027 = DIRECTION('',(0.,0.,1.));
#2028 = ADVANCED_FACE('',(#2029),#2054,.T.);
#2029 = FACE_BOUND('',#2030,.F.);
#2030 = EDGE_LOOP('',(#2031,#2039,#2045,#2046,#2047,#2053));
#2031 = ORIENTED_EDGE('',*,*,#2032,.T.);
#2032 = EDGE_CURVE('',#1144,#2033,#2035,.T.);
#2033 = VERTEX_POINT('',#2034);
#2034 = CARTESIAN_POINT('',(19.05,-1.,0.2));
#2035 = LINE('',#2036,#2037);
#2036 = CARTESIAN_POINT('',(19.05,-2.35,0.587106270774));
#2037 = VECTOR('',#2038,1.);
#2038 = DIRECTION('',(0.,0.961261695938,-0.275637355817));
#2039 = ORIENTED_EDGE('',*,*,#2040,.T.);
#2040 = EDGE_CURVE('',#2033,#1978,#2041,.T.);
#2041 = LINE('',#2042,#2043);
#2042 = CARTESIAN_POINT('',(19.05,-1.,0.2));
#2043 = VECTOR('',#2044,1.);
#2044 = DIRECTION('',(0.,1.,0.));
#2045 = ORIENTED_EDGE('',*,*,#1985,.T.);
#2046 = ORIENTED_EDGE('',*,*,#608,.T.);
#2047 = ORIENTED_EDGE('',*,*,#2048,.T.);
#2048 = EDGE_CURVE('',#601,#1152,#2049,.T.);
#2049 = LINE('',#2050,#2051);
#2050 = CARTESIAN_POINT('',(19.05,3.4,0.));
#2051 = VECTOR('',#2052,1.);
#2052 = DIRECTION('',(0.,-1.,0.));
#2053 = ORIENTED_EDGE('',*,*,#1151,.T.);
#2054 = PLANE('',#2055);
#2055 = AXIS2_PLACEMENT_3D('',#2056,#2057,#2058);
#2056 = CARTESIAN_POINT('',(19.05,0.597090658555,0.221059411393));
#2057 = DIRECTION('',(1.,0.,0.));
#2058 = DIRECTION('',(0.,0.,1.));
#2059 = ADVANCED_FACE('',(#2060),#2071,.F.);
#2060 = FACE_BOUND('',#2061,.F.);
#2061 = EDGE_LOOP('',(#2062,#2063,#2064,#2065));
#2062 = ORIENTED_EDGE('',*,*,#408,.T.);
#2063 = ORIENTED_EDGE('',*,*,#2017,.T.);
#2064 = ORIENTED_EDGE('',*,*,#1351,.T.);
#2065 = ORIENTED_EDGE('',*,*,#2066,.F.);
#2066 = EDGE_CURVE('',#409,#1344,#2067,.T.);
#2067 = LINE('',#2068,#2069);
#2068 = CARTESIAN_POINT('',(4.05,3.4,0.));
#2069 = VECTOR('',#2070,1.);
#2070 = DIRECTION('',(0.,-1.,0.));
#2071 = PLANE('',#2072);
#2072 = AXIS2_PLACEMENT_3D('',#2073,#2074,#2075);
#2073 = CARTESIAN_POINT('',(12.5,0.525,0.));
#2074 = DIRECTION('',(0.,0.,1.));
#2075 = DIRECTION('',(1.,0.,0.));
#2076 = ADVANCED_FACE('',(#2077),#2088,.F.);
#2077 = FACE_BOUND('',#2078,.F.);
#2078 = EDGE_LOOP('',(#2079,#2080,#2086,#2087));
#2079 = ORIENTED_EDGE('',*,*,#600,.T.);
#2080 = ORIENTED_EDGE('',*,*,#2081,.T.);
#2081 = EDGE_CURVE('',#593,#1160,#2082,.T.);
#2082 = LINE('',#2083,#2084);
#2083 = CARTESIAN_POINT('',(18.45,3.4,0.));
#2084 = VECTOR('',#2085,1.);
#2085 = DIRECTION('',(0.,-1.,0.));
#2086 = ORIENTED_EDGE('',*,*,#1159,.T.);
#2087 = ORIENTED_EDGE('',*,*,#2048,.F.);
#2088 = PLANE('',#2089);
#2089 = AXIS2_PLACEMENT_3D('',#2090,#2091,#2092);
#2090 = CARTESIAN_POINT('',(12.5,0.525,0.));
#2091 = DIRECTION('',(0.,0.,1.));
#2092 = DIRECTION('',(1.,0.,0.));
#2093 = ADVANCED_FACE('',(#2094),#2121,.T.);
#2094 = FACE_BOUND('',#2095,.F.);
#2095 = EDGE_LOOP('',(#2096,#2104,#2112,#2118,#2119,#2120));
#2096 = ORIENTED_EDGE('',*,*,#2097,.T.);
#2097 = EDGE_CURVE('',#1336,#2098,#2100,.T.);
#2098 = VERTEX_POINT('',#2099);
#2099 = CARTESIAN_POINT('',(4.05,-1.,0.2));
#2100 = LINE('',#2101,#2102);
#2101 = CARTESIAN_POINT('',(4.05,-2.35,0.587106270774));
#2102 = VECTOR('',#2103,1.);
#2103 = DIRECTION('',(0.,0.961261695938,-0.275637355817));
#2104 = ORIENTED_EDGE('',*,*,#2105,.T.);
#2105 = EDGE_CURVE('',#2098,#2106,#2108,.T.);
#2106 = VERTEX_POINT('',#2107);
#2107 = CARTESIAN_POINT('',(4.05,1.,0.2));
#2108 = LINE('',#2109,#2110);
#2109 = CARTESIAN_POINT('',(4.05,-1.,0.2));
#2110 = VECTOR('',#2111,1.);
#2111 = DIRECTION('',(0.,1.,0.));
#2112 = ORIENTED_EDGE('',*,*,#2113,.T.);
#2113 = EDGE_CURVE('',#2106,#417,#2114,.T.);
#2114 = LINE('',#2115,#2116);
#2115 = CARTESIAN_POINT('',(4.05,1.,0.2));
#2116 = VECTOR('',#2117,1.);
#2117 = DIRECTION('',(0.,0.96,0.28));
#2118 = ORIENTED_EDGE('',*,*,#416,.T.);
#2119 = ORIENTED_EDGE('',*,*,#2066,.T.);
#2120 = ORIENTED_EDGE('',*,*,#1343,.T.);
#2121 = PLANE('',#2122);
#2122 = AXIS2_PLACEMENT_3D('',#2123,#2124,#2125);
#2123 = CARTESIAN_POINT('',(4.05,0.597090658555,0.221059411393));
#2124 = DIRECTION('',(1.,0.,0.));
#2125 = DIRECTION('',(0.,0.,1.));
#2126 = ADVANCED_FACE('',(#2127),#2154,.F.);
#2127 = FACE_BOUND('',#2128,.T.);
#2128 = EDGE_LOOP('',(#2129,#2137,#2145,#2151,#2152,#2153));
#2129 = ORIENTED_EDGE('',*,*,#2130,.T.);
#2130 = EDGE_CURVE('',#1168,#2131,#2133,.T.);
#2131 = VERTEX_POINT('',#2132);
#2132 = CARTESIAN_POINT('',(18.45,-1.,0.2));
#2133 = LINE('',#2134,#2135);
#2134 = CARTESIAN_POINT('',(18.45,-2.35,0.587106270774));
#2135 = VECTOR('',#2136,1.);
#2136 = DIRECTION('',(0.,0.961261695938,-0.275637355817));
#2137 = ORIENTED_EDGE('',*,*,#2138,.T.);
#2138 = EDGE_CURVE('',#2131,#2139,#2141,.T.);
#2139 = VERTEX_POINT('',#2140);
#2140 = CARTESIAN_POINT('',(18.45,1.,0.2));
#2141 = LINE('',#2142,#2143);
#2142 = CARTESIAN_POINT('',(18.45,-1.,0.2));
#2143 = VECTOR('',#2144,1.);
#2144 = DIRECTION('',(0.,1.,0.));
#2145 = ORIENTED_EDGE('',*,*,#2146,.T.);
#2146 = EDGE_CURVE('',#2139,#585,#2147,.T.);
#2147 = LINE('',#2148,#2149);
#2148 = CARTESIAN_POINT('',(18.45,1.,0.2));
#2149 = VECTOR('',#2150,1.);
#2150 = DIRECTION('',(0.,0.96,0.28));
#2151 = ORIENTED_EDGE('',*,*,#592,.T.);
#2152 = ORIENTED_EDGE('',*,*,#2081,.T.);
#2153 = ORIENTED_EDGE('',*,*,#1167,.T.);
#2154 = PLANE('',#2155);
#2155 = AXIS2_PLACEMENT_3D('',#2156,#2157,#2158);
#2156 = CARTESIAN_POINT('',(18.45,0.597090658555,0.221059411393));
#2157 = DIRECTION('',(1.,0.,0.));
#2158 = DIRECTION('',(0.,0.,1.));
#2159 = ADVANCED_FACE('',(#2160),#2178,.T.);
#2160 = FACE_BOUND('',#2161,.T.);
#2161 = EDGE_LOOP('',(#2162,#2170,#2171,#2172));
#2162 = ORIENTED_EDGE('',*,*,#2163,.T.);
#2163 = EDGE_CURVE('',#2164,#2106,#2166,.T.);
#2164 = VERTEX_POINT('',#2165);
#2165 = CARTESIAN_POINT('',(5.95,1.,0.2));
#2166 = LINE('',#2167,#2168);
#2167 = CARTESIAN_POINT('',(5.95,1.,0.2));
#2168 = VECTOR('',#2169,1.);
#2169 = DIRECTION('',(-1.,-0.,-0.));
#2170 = ORIENTED_EDGE('',*,*,#2113,.T.);
#2171 = ORIENTED_EDGE('',*,*,#424,.F.);
#2172 = ORIENTED_EDGE('',*,*,#2173,.F.);
#2173 = EDGE_CURVE('',#2164,#425,#2174,.T.);
#2174 = LINE('',#2175,#2176);
#2175 = CARTESIAN_POINT('',(5.95,1.,0.2));
#2176 = VECTOR('',#2177,1.);
#2177 = DIRECTION('',(0.,0.96,0.28));
#2178 = PLANE('',#2179);
#2179 = AXIS2_PLACEMENT_3D('',#2180,#2181,#2182);
#2180 = CARTESIAN_POINT('',(5.95,1.,0.2));
#2181 = DIRECTION('',(0.,0.28,-0.96));
#2182 = DIRECTION('',(0.,0.96,0.28));
#2183 = ADVANCED_FACE('',(#2184),#2202,.T.);
#2184 = FACE_BOUND('',#2185,.T.);
#2185 = EDGE_LOOP('',(#2186,#2194,#2200,#2201));
#2186 = ORIENTED_EDGE('',*,*,#2187,.T.);
#2187 = EDGE_CURVE('',#2139,#2188,#2190,.T.);
#2188 = VERTEX_POINT('',#2189);
#2189 = CARTESIAN_POINT('',(16.55,1.,0.2));
#2190 = LINE('',#2191,#2192);
#2191 = CARTESIAN_POINT('',(18.45,1.,0.2));
#2192 = VECTOR('',#2193,1.);
#2193 = DIRECTION('',(-1.,-0.,-0.));
#2194 = ORIENTED_EDGE('',*,*,#2195,.T.);
#2195 = EDGE_CURVE('',#2188,#577,#2196,.T.);
#2196 = LINE('',#2197,#2198);
#2197 = CARTESIAN_POINT('',(16.55,1.,0.2));
#2198 = VECTOR('',#2199,1.);
#2199 = DIRECTION('',(0.,0.96,0.28));
#2200 = ORIENTED_EDGE('',*,*,#584,.F.);
#2201 = ORIENTED_EDGE('',*,*,#2146,.F.);
#2202 = PLANE('',#2203);
#2203 = AXIS2_PLACEMENT_3D('',#2204,#2205,#2206);
#2204 = CARTESIAN_POINT('',(18.45,1.,0.2));
#2205 = DIRECTION('',(0.,0.28,-0.96));
#2206 = DIRECTION('',(0.,0.96,0.28));
#2207 = ADVANCED_FACE('',(#2208),#2233,.F.);
#2208 = FACE_BOUND('',#2209,.T.);
#2209 = EDGE_LOOP('',(#2210,#2218,#2224,#2225,#2226,#2232));
#2210 = ORIENTED_EDGE('',*,*,#2211,.T.);
#2211 = EDGE_CURVE('',#1328,#2212,#2214,.T.);
#2212 = VERTEX_POINT('',#2213);
#2213 = CARTESIAN_POINT('',(5.95,-1.,0.2));
#2214 = LINE('',#2215,#2216);
#2215 = CARTESIAN_POINT('',(5.95,-2.35,0.587106270774));
#2216 = VECTOR('',#2217,1.);
#2217 = DIRECTION('',(0.,0.961261695938,-0.275637355817));
#2218 = ORIENTED_EDGE('',*,*,#2219,.T.);
#2219 = EDGE_CURVE('',#2212,#2164,#2220,.T.);
#2220 = LINE('',#2221,#2222);
#2221 = CARTESIAN_POINT('',(5.95,-1.,0.2));
#2222 = VECTOR('',#2223,1.);
#2223 = DIRECTION('',(0.,1.,0.));
#2224 = ORIENTED_EDGE('',*,*,#2173,.T.);
#2225 = ORIENTED_EDGE('',*,*,#432,.T.);
#2226 = ORIENTED_EDGE('',*,*,#2227,.T.);
#2227 = EDGE_CURVE('',#433,#1320,#2228,.T.);
#2228 = LINE('',#2229,#2230);
#2229 = CARTESIAN_POINT('',(5.95,3.4,0.));
#2230 = VECTOR('',#2231,1.);
#2231 = DIRECTION('',(0.,-1.,0.));
#2232 = ORIENTED_EDGE('',*,*,#1327,.T.);
#2233 = PLANE('',#2234);
#2234 = AXIS2_PLACEMENT_3D('',#2235,#2236,#2237);
#2235 = CARTESIAN_POINT('',(5.95,0.597090658555,0.221059411393));
#2236 = DIRECTION('',(1.,0.,0.));
#2237 = DIRECTION('',(0.,0.,1.));
#2238 = ADVANCED_FACE('',(#2239),#2264,.T.);
#2239 = FACE_BOUND('',#2240,.F.);
#2240 = EDGE_LOOP('',(#2241,#2249,#2255,#2256,#2257,#2263));
#2241 = ORIENTED_EDGE('',*,*,#2242,.T.);
#2242 = EDGE_CURVE('',#1176,#2243,#2245,.T.);
#2243 = VERTEX_POINT('',#2244);
#2244 = CARTESIAN_POINT('',(16.55,-1.,0.2));
#2245 = LINE('',#2246,#2247);
#2246 = CARTESIAN_POINT('',(16.55,-2.35,0.587106270774));
#2247 = VECTOR('',#2248,1.);
#2248 = DIRECTION('',(0.,0.961261695938,-0.275637355817));
#2249 = ORIENTED_EDGE('',*,*,#2250,.T.);
#2250 = EDGE_CURVE('',#2243,#2188,#2251,.T.);
#2251 = LINE('',#2252,#2253);
#2252 = CARTESIAN_POINT('',(16.55,-1.,0.2));
#2253 = VECTOR('',#2254,1.);
#2254 = DIRECTION('',(0.,1.,0.));
#2255 = ORIENTED_EDGE('',*,*,#2195,.T.);
#2256 = ORIENTED_EDGE('',*,*,#576,.T.);
#2257 = ORIENTED_EDGE('',*,*,#2258,.T.);
#2258 = EDGE_CURVE('',#569,#1184,#2259,.T.);
#2259 = LINE('',#2260,#2261);
#2260 = CARTESIAN_POINT('',(16.55,3.4,0.));
#2261 = VECTOR('',#2262,1.);
#2262 = DIRECTION('',(0.,-1.,0.));
#2263 = ORIENTED_EDGE('',*,*,#1183,.T.);
#2264 = PLANE('',#2265);
#2265 = AXIS2_PLACEMENT_3D('',#2266,#2267,#2268);
#2266 = CARTESIAN_POINT('',(16.55,0.597090658555,0.221059411393));
#2267 = DIRECTION('',(1.,0.,0.));
#2268 = DIRECTION('',(0.,0.,1.));
#2269 = ADVANCED_FACE('',(#2270),#2281,.F.);
#2270 = FACE_BOUND('',#2271,.F.);
#2271 = EDGE_LOOP('',(#2272,#2273,#2274,#2275));
#2272 = ORIENTED_EDGE('',*,*,#440,.T.);
#2273 = ORIENTED_EDGE('',*,*,#2227,.T.);
#2274 = ORIENTED_EDGE('',*,*,#1319,.T.);
#2275 = ORIENTED_EDGE('',*,*,#2276,.F.);
#2276 = EDGE_CURVE('',#441,#1312,#2277,.T.);
#2277 = LINE('',#2278,#2279);
#2278 = CARTESIAN_POINT('',(6.55,3.4,0.));
#2279 = VECTOR('',#2280,1.);
#2280 = DIRECTION('',(0.,-1.,0.));
#2281 = PLANE('',#2282);
#2282 = AXIS2_PLACEMENT_3D('',#2283,#2284,#2285);
#2283 = CARTESIAN_POINT('',(12.5,0.525,0.));
#2284 = DIRECTION('',(0.,0.,1.));
#2285 = DIRECTION('',(1.,0.,0.));
#2286 = ADVANCED_FACE('',(#2287),#2298,.F.);
#2287 = FACE_BOUND('',#2288,.F.);
#2288 = EDGE_LOOP('',(#2289,#2290,#2296,#2297));
#2289 = ORIENTED_EDGE('',*,*,#568,.T.);
#2290 = ORIENTED_EDGE('',*,*,#2291,.T.);
#2291 = EDGE_CURVE('',#561,#1192,#2292,.T.);
#2292 = LINE('',#2293,#2294);
#2293 = CARTESIAN_POINT('',(15.95,3.4,0.));
#2294 = VECTOR('',#2295,1.);
#2295 = DIRECTION('',(0.,-1.,0.));
#2296 = ORIENTED_EDGE('',*,*,#1191,.T.);
#2297 = ORIENTED_EDGE('',*,*,#2258,.F.);
#2298 = PLANE('',#2299);
#2299 = AXIS2_PLACEMENT_3D('',#2300,#2301,#2302);
#2300 = CARTESIAN_POINT('',(12.5,0.525,0.));
#2301 = DIRECTION('',(0.,0.,1.));
#2302 = DIRECTION('',(1.,0.,0.));
#2303 = ADVANCED_FACE('',(#2304),#2331,.T.);
#2304 = FACE_BOUND('',#2305,.F.);
#2305 = EDGE_LOOP('',(#2306,#2314,#2322,#2328,#2329,#2330));
#2306 = ORIENTED_EDGE('',*,*,#2307,.T.);
#2307 = EDGE_CURVE('',#1304,#2308,#2310,.T.);
#2308 = VERTEX_POINT('',#2309);
#2309 = CARTESIAN_POINT('',(6.55,-1.,0.2));
#2310 = LINE('',#2311,#2312);
#2311 = CARTESIAN_POINT('',(6.55,-2.35,0.587106270774));
#2312 = VECTOR('',#2313,1.);
#2313 = DIRECTION('',(0.,0.961261695938,-0.275637355817));
#2314 = ORIENTED_EDGE('',*,*,#2315,.T.);
#2315 = EDGE_CURVE('',#2308,#2316,#2318,.T.);
#2316 = VERTEX_POINT('',#2317);
#2317 = CARTESIAN_POINT('',(6.55,1.,0.2));
#2318 = LINE('',#2319,#2320);
#2319 = CARTESIAN_POINT('',(6.55,-1.,0.2));
#2320 = VECTOR('',#2321,1.);
#2321 = DIRECTION('',(0.,1.,0.));
#2322 = ORIENTED_EDGE('',*,*,#2323,.T.);
#2323 = EDGE_CURVE('',#2316,#449,#2324,.T.);
#2324 = LINE('',#2325,#2326);
#2325 = CARTESIAN_POINT('',(6.55,1.,0.2));
#2326 = VECTOR('',#2327,1.);
#2327 = DIRECTION('',(0.,0.96,0.28));
#2328 = ORIENTED_EDGE('',*,*,#448,.T.);
#2329 = ORIENTED_EDGE('',*,*,#2276,.T.);
#2330 = ORIENTED_EDGE('',*,*,#1311,.T.);
#2331 = PLANE('',#2332);
#2332 = AXIS2_PLACEMENT_3D('',#2333,#2334,#2335);
#2333 = CARTESIAN_POINT('',(6.55,0.597090658555,0.221059411393));
#2334 = DIRECTION('',(1.,0.,0.));
#2335 = DIRECTION('',(0.,0.,1.));
#2336 = ADVANCED_FACE('',(#2337),#2364,.F.);
#2337 = FACE_BOUND('',#2338,.T.);
#2338 = EDGE_LOOP('',(#2339,#2347,#2355,#2361,#2362,#2363));
#2339 = ORIENTED_EDGE('',*,*,#2340,.T.);
#2340 = EDGE_CURVE('',#1200,#2341,#2343,.T.);
#2341 = VERTEX_POINT('',#2342);
#2342 = CARTESIAN_POINT('',(15.95,-1.,0.2));
#2343 = LINE('',#2344,#2345);
#2344 = CARTESIAN_POINT('',(15.95,-2.35,0.587106270774));
#2345 = VECTOR('',#2346,1.);
#2346 = DIRECTION('',(0.,0.961261695938,-0.275637355817));
#2347 = ORIENTED_EDGE('',*,*,#2348,.T.);
#2348 = EDGE_CURVE('',#2341,#2349,#2351,.T.);
#2349 = VERTEX_POINT('',#2350);
#2350 = CARTESIAN_POINT('',(15.95,1.,0.2));
#2351 = LINE('',#2352,#2353);
#2352 = CARTESIAN_POINT('',(15.95,-1.,0.2));
#2353 = VECTOR('',#2354,1.);
#2354 = DIRECTION('',(0.,1.,0.));
#2355 = ORIENTED_EDGE('',*,*,#2356,.T.);
#2356 = EDGE_CURVE('',#2349,#553,#2357,.T.);
#2357 = LINE('',#2358,#2359);
#2358 = CARTESIAN_POINT('',(15.95,1.,0.2));
#2359 = VECTOR('',#2360,1.);
#2360 = DIRECTION('',(0.,0.96,0.28));
#2361 = ORIENTED_EDGE('',*,*,#560,.T.);
#2362 = ORIENTED_EDGE('',*,*,#2291,.T.);
#2363 = ORIENTED_EDGE('',*,*,#1199,.T.);
#2364 = PLANE('',#2365);
#2365 = AXIS2_PLACEMENT_3D('',#2366,#2367,#2368);
#2366 = CARTESIAN_POINT('',(15.95,0.597090658555,0.221059411393));
#2367 = DIRECTION('',(1.,0.,0.));
#2368 = DIRECTION('',(0.,0.,1.));
#2369 = ADVANCED_FACE('',(#2370),#2388,.T.);
#2370 = FACE_BOUND('',#2371,.T.);
#2371 = EDGE_LOOP('',(#2372,#2380,#2381,#2382));
#2372 = ORIENTED_EDGE('',*,*,#2373,.T.);
#2373 = EDGE_CURVE('',#2374,#2316,#2376,.T.);
#2374 = VERTEX_POINT('',#2375);
#2375 = CARTESIAN_POINT('',(8.45,1.,0.2));
#2376 = LINE('',#2377,#2378);
#2377 = CARTESIAN_POINT('',(8.45,1.,0.2));
#2378 = VECTOR('',#2379,1.);
#2379 = DIRECTION('',(-1.,-0.,-0.));
#2380 = ORIENTED_EDGE('',*,*,#2323,.T.);
#2381 = ORIENTED_EDGE('',*,*,#456,.F.);
#2382 = ORIENTED_EDGE('',*,*,#2383,.F.);
#2383 = EDGE_CURVE('',#2374,#457,#2384,.T.);
#2384 = LINE('',#2385,#2386);
#2385 = CARTESIAN_POINT('',(8.45,1.,0.2));
#2386 = VECTOR('',#2387,1.);
#2387 = DIRECTION('',(0.,0.96,0.28));
#2388 = PLANE('',#2389);
#2389 = AXIS2_PLACEMENT_3D('',#2390,#2391,#2392);
#2390 = CARTESIAN_POINT('',(8.45,1.,0.2));
#2391 = DIRECTION('',(0.,0.28,-0.96));
#2392 = DIRECTION('',(0.,0.96,0.28));
#2393 = ADVANCED_FACE('',(#2394),#2412,.T.);
#2394 = FACE_BOUND('',#2395,.T.);
#2395 = EDGE_LOOP('',(#2396,#2404,#2410,#2411));
#2396 = ORIENTED_EDGE('',*,*,#2397,.T.);
#2397 = EDGE_CURVE('',#2349,#2398,#2400,.T.);
#2398 = VERTEX_POINT('',#2399);
#2399 = CARTESIAN_POINT('',(14.05,1.,0.2));
#2400 = LINE('',#2401,#2402);
#2401 = CARTESIAN_POINT('',(15.95,1.,0.2));
#2402 = VECTOR('',#2403,1.);
#2403 = DIRECTION('',(-1.,-0.,-0.));
#2404 = ORIENTED_EDGE('',*,*,#2405,.T.);
#2405 = EDGE_CURVE('',#2398,#545,#2406,.T.);
#2406 = LINE('',#2407,#2408);
#2407 = CARTESIAN_POINT('',(14.05,1.,0.2));
#2408 = VECTOR('',#2409,1.);
#2409 = DIRECTION('',(0.,0.96,0.28));
#2410 = ORIENTED_EDGE('',*,*,#552,.F.);
#2411 = ORIENTED_EDGE('',*,*,#2356,.F.);
#2412 = PLANE('',#2413);
#2413 = AXIS2_PLACEMENT_3D('',#2414,#2415,#2416);
#2414 = CARTESIAN_POINT('',(15.95,1.,0.2));
#2415 = DIRECTION('',(0.,0.28,-0.96));
#2416 = DIRECTION('',(0.,0.96,0.28));
#2417 = ADVANCED_FACE('',(#2418),#2443,.F.);
#2418 = FACE_BOUND('',#2419,.T.);
#2419 = EDGE_LOOP('',(#2420,#2428,#2434,#2435,#2436,#2442));
#2420 = ORIENTED_EDGE('',*,*,#2421,.T.);
#2421 = EDGE_CURVE('',#1296,#2422,#2424,.T.);
#2422 = VERTEX_POINT('',#2423);
#2423 = CARTESIAN_POINT('',(8.45,-1.,0.2));
#2424 = LINE('',#2425,#2426);
#2425 = CARTESIAN_POINT('',(8.45,-2.35,0.587106270774));
#2426 = VECTOR('',#2427,1.);
#2427 = DIRECTION('',(0.,0.961261695938,-0.275637355817));
#2428 = ORIENTED_EDGE('',*,*,#2429,.T.);
#2429 = EDGE_CURVE('',#2422,#2374,#2430,.T.);
#2430 = LINE('',#2431,#2432);
#2431 = CARTESIAN_POINT('',(8.45,-1.,0.2));
#2432 = VECTOR('',#2433,1.);
#2433 = DIRECTION('',(0.,1.,0.));
#2434 = ORIENTED_EDGE('',*,*,#2383,.T.);
#2435 = ORIENTED_EDGE('',*,*,#464,.T.);
#2436 = ORIENTED_EDGE('',*,*,#2437,.T.);
#2437 = EDGE_CURVE('',#465,#1288,#2438,.T.);
#2438 = LINE('',#2439,#2440);
#2439 = CARTESIAN_POINT('',(8.45,3.4,0.));
#2440 = VECTOR('',#2441,1.);
#2441 = DIRECTION('',(0.,-1.,0.));
#2442 = ORIENTED_EDGE('',*,*,#1295,.T.);
#2443 = PLANE('',#2444);
#2444 = AXIS2_PLACEMENT_3D('',#2445,#2446,#2447);
#2445 = CARTESIAN_POINT('',(8.45,0.597090658555,0.221059411393));
#2446 = DIRECTION('',(1.,0.,0.));
#2447 = DIRECTION('',(0.,0.,1.));
#2448 = ADVANCED_FACE('',(#2449),#2474,.T.);
#2449 = FACE_BOUND('',#2450,.F.);
#2450 = EDGE_LOOP('',(#2451,#2459,#2465,#2466,#2467,#2473));
#2451 = ORIENTED_EDGE('',*,*,#2452,.T.);
#2452 = EDGE_CURVE('',#1208,#2453,#2455,.T.);
#2453 = VERTEX_POINT('',#2454);
#2454 = CARTESIAN_POINT('',(14.05,-1.,0.2));
#2455 = LINE('',#2456,#2457);
#2456 = CARTESIAN_POINT('',(14.05,-2.35,0.587106270774));
#2457 = VECTOR('',#2458,1.);
#2458 = DIRECTION('',(0.,0.961261695938,-0.275637355817));
#2459 = ORIENTED_EDGE('',*,*,#2460,.T.);
#2460 = EDGE_CURVE('',#2453,#2398,#2461,.T.);
#2461 = LINE('',#2462,#2463);
#2462 = CARTESIAN_POINT('',(14.05,-1.,0.2));
#2463 = VECTOR('',#2464,1.);
#2464 = DIRECTION('',(0.,1.,0.));
#2465 = ORIENTED_EDGE('',*,*,#2405,.T.);
#2466 = ORIENTED_EDGE('',*,*,#544,.T.);
#2467 = ORIENTED_EDGE('',*,*,#2468,.T.);
#2468 = EDGE_CURVE('',#537,#1216,#2469,.T.);
#2469 = LINE('',#2470,#2471);
#2470 = CARTESIAN_POINT('',(14.05,3.4,0.));
#2471 = VECTOR('',#2472,1.);
#2472 = DIRECTION('',(0.,-1.,0.));
#2473 = ORIENTED_EDGE('',*,*,#1215,.T.);
#2474 = PLANE('',#2475);
#2475 = AXIS2_PLACEMENT_3D('',#2476,#2477,#2478);
#2476 = CARTESIAN_POINT('',(14.05,0.597090658555,0.221059411393));
#2477 = DIRECTION('',(1.,0.,0.));
#2478 = DIRECTION('',(0.,0.,1.));
#2479 = ADVANCED_FACE('',(#2480),#2491,.F.);
#2480 = FACE_BOUND('',#2481,.F.);
#2481 = EDGE_LOOP('',(#2482,#2483,#2484,#2485));
#2482 = ORIENTED_EDGE('',*,*,#472,.T.);
#2483 = ORIENTED_EDGE('',*,*,#2437,.T.);
#2484 = ORIENTED_EDGE('',*,*,#1287,.T.);
#2485 = ORIENTED_EDGE('',*,*,#2486,.F.);
#2486 = EDGE_CURVE('',#473,#1280,#2487,.T.);
#2487 = LINE('',#2488,#2489);
#2488 = CARTESIAN_POINT('',(9.05,3.4,0.));
#2489 = VECTOR('',#2490,1.);
#2490 = DIRECTION('',(0.,-1.,0.));
#2491 = PLANE('',#2492);
#2492 = AXIS2_PLACEMENT_3D('',#2493,#2494,#2495);
#2493 = CARTESIAN_POINT('',(12.5,0.525,0.));
#2494 = DIRECTION('',(0.,0.,1.));
#2495 = DIRECTION('',(1.,0.,0.));
#2496 = ADVANCED_FACE('',(#2497),#2508,.F.);
#2497 = FACE_BOUND('',#2498,.F.);
#2498 = EDGE_LOOP('',(#2499,#2500,#2506,#2507));
#2499 = ORIENTED_EDGE('',*,*,#536,.T.);
#2500 = ORIENTED_EDGE('',*,*,#2501,.T.);
#2501 = EDGE_CURVE('',#529,#1224,#2502,.T.);
#2502 = LINE('',#2503,#2504);
#2503 = CARTESIAN_POINT('',(13.45,3.4,0.));
#2504 = VECTOR('',#2505,1.);
#2505 = DIRECTION('',(0.,-1.,0.));
#2506 = ORIENTED_EDGE('',*,*,#1223,.T.);
#2507 = ORIENTED_EDGE('',*,*,#2468,.F.);
#2508 = PLANE('',#2509);
#2509 = AXIS2_PLACEMENT_3D('',#2510,#2511,#2512);
#2510 = CARTESIAN_POINT('',(12.5,0.525,0.));
#2511 = DIRECTION('',(0.,0.,1.));
#2512 = DIRECTION('',(1.,0.,0.));
#2513 = ADVANCED_FACE('',(#2514),#2541,.T.);
#2514 = FACE_BOUND('',#2515,.F.);
#2515 = EDGE_LOOP('',(#2516,#2524,#2532,#2538,#2539,#2540));
#2516 = ORIENTED_EDGE('',*,*,#2517,.T.);
#2517 = EDGE_CURVE('',#1272,#2518,#2520,.T.);
#2518 = VERTEX_POINT('',#2519);
#2519 = CARTESIAN_POINT('',(9.05,-1.,0.2));
#2520 = LINE('',#2521,#2522);
#2521 = CARTESIAN_POINT('',(9.05,-2.35,0.587106270774));
#2522 = VECTOR('',#2523,1.);
#2523 = DIRECTION('',(0.,0.961261695938,-0.275637355817));
#2524 = ORIENTED_EDGE('',*,*,#2525,.T.);
#2525 = EDGE_CURVE('',#2518,#2526,#2528,.T.);
#2526 = VERTEX_POINT('',#2527);
#2527 = CARTESIAN_POINT('',(9.05,1.,0.2));
#2528 = LINE('',#2529,#2530);
#2529 = CARTESIAN_POINT('',(9.05,-1.,0.2));
#2530 = VECTOR('',#2531,1.);
#2531 = DIRECTION('',(0.,1.,0.));
#2532 = ORIENTED_EDGE('',*,*,#2533,.T.);
#2533 = EDGE_CURVE('',#2526,#481,#2534,.T.);
#2534 = LINE('',#2535,#2536);
#2535 = CARTESIAN_POINT('',(9.05,1.,0.2));
#2536 = VECTOR('',#2537,1.);
#2537 = DIRECTION('',(0.,0.96,0.28));
#2538 = ORIENTED_EDGE('',*,*,#480,.T.);
#2539 = ORIENTED_EDGE('',*,*,#2486,.T.);
#2540 = ORIENTED_EDGE('',*,*,#1279,.T.);
#2541 = PLANE('',#2542);
#2542 = AXIS2_PLACEMENT_3D('',#2543,#2544,#2545);
#2543 = CARTESIAN_POINT('',(9.05,0.597090658555,0.221059411393));
#2544 = DIRECTION('',(1.,0.,0.));
#2545 = DIRECTION('',(0.,0.,1.));
#2546 = ADVANCED_FACE('',(#2547),#2574,.F.);
#2547 = FACE_BOUND('',#2548,.T.);
#2548 = EDGE_LOOP('',(#2549,#2557,#2565,#2571,#2572,#2573));
#2549 = ORIENTED_EDGE('',*,*,#2550,.T.);
#2550 = EDGE_CURVE('',#1232,#2551,#2553,.T.);
#2551 = VERTEX_POINT('',#2552);
#2552 = CARTESIAN_POINT('',(13.45,-1.,0.2));
#2553 = LINE('',#2554,#2555);
#2554 = CARTESIAN_POINT('',(13.45,-2.35,0.587106270774));
#2555 = VECTOR('',#2556,1.);
#2556 = DIRECTION('',(0.,0.961261695938,-0.275637355817));
#2557 = ORIENTED_EDGE('',*,*,#2558,.T.);
#2558 = EDGE_CURVE('',#2551,#2559,#2561,.T.);
#2559 = VERTEX_POINT('',#2560);
#2560 = CARTESIAN_POINT('',(13.45,1.,0.2));
#2561 = LINE('',#2562,#2563);
#2562 = CARTESIAN_POINT('',(13.45,-1.,0.2));
#2563 = VECTOR('',#2564,1.);
#2564 = DIRECTION('',(0.,1.,0.));
#2565 = ORIENTED_EDGE('',*,*,#2566,.T.);
#2566 = EDGE_CURVE('',#2559,#521,#2567,.T.);
#2567 = LINE('',#2568,#2569);
#2568 = CARTESIAN_POINT('',(13.45,1.,0.2));
#2569 = VECTOR('',#2570,1.);
#2570 = DIRECTION('',(0.,0.96,0.28));
#2571 = ORIENTED_EDGE('',*,*,#528,.T.);
#2572 = ORIENTED_EDGE('',*,*,#2501,.T.);
#2573 = ORIENTED_EDGE('',*,*,#1231,.T.);
#2574 = PLANE('',#2575);
#2575 = AXIS2_PLACEMENT_3D('',#2576,#2577,#2578);
#2576 = CARTESIAN_POINT('',(13.45,0.597090658555,0.221059411393));
#2577 = DIRECTION('',(1.,0.,0.));
#2578 = DIRECTION('',(0.,0.,1.));
#2579 = ADVANCED_FACE('',(#2580),#2598,.T.);
#2580 = FACE_BOUND('',#2581,.T.);
#2581 = EDGE_LOOP('',(#2582,#2590,#2591,#2592));
#2582 = ORIENTED_EDGE('',*,*,#2583,.T.);
#2583 = EDGE_CURVE('',#2584,#2526,#2586,.T.);
#2584 = VERTEX_POINT('',#2585);
#2585 = CARTESIAN_POINT('',(10.95,1.,0.2));
#2586 = LINE('',#2587,#2588);
#2587 = CARTESIAN_POINT('',(10.95,1.,0.2));
#2588 = VECTOR('',#2589,1.);
#2589 = DIRECTION('',(-1.,-0.,-0.));
#2590 = ORIENTED_EDGE('',*,*,#2533,.T.);
#2591 = ORIENTED_EDGE('',*,*,#488,.F.);
#2592 = ORIENTED_EDGE('',*,*,#2593,.F.);
#2593 = EDGE_CURVE('',#2584,#489,#2594,.T.);
#2594 = LINE('',#2595,#2596);
#2595 = CARTESIAN_POINT('',(10.95,1.,0.2));
#2596 = VECTOR('',#2597,1.);
#2597 = DIRECTION('',(0.,0.96,0.28));
#2598 = PLANE('',#2599);
#2599 = AXIS2_PLACEMENT_3D('',#2600,#2601,#2602);
#2600 = CARTESIAN_POINT('',(10.95,1.,0.2));
#2601 = DIRECTION('',(0.,0.28,-0.96));
#2602 = DIRECTION('',(0.,0.96,0.28));
#2603 = ADVANCED_FACE('',(#2604),#2622,.T.);
#2604 = FACE_BOUND('',#2605,.T.);
#2605 = EDGE_LOOP('',(#2606,#2614,#2620,#2621));
#2606 = ORIENTED_EDGE('',*,*,#2607,.T.);
#2607 = EDGE_CURVE('',#2559,#2608,#2610,.T.);
#2608 = VERTEX_POINT('',#2609);
#2609 = CARTESIAN_POINT('',(11.55,1.,0.2));
#2610 = LINE('',#2611,#2612);
#2611 = CARTESIAN_POINT('',(13.45,1.,0.2));
#2612 = VECTOR('',#2613,1.);
#2613 = DIRECTION('',(-1.,-0.,-0.));
#2614 = ORIENTED_EDGE('',*,*,#2615,.T.);
#2615 = EDGE_CURVE('',#2608,#513,#2616,.T.);
#2616 = LINE('',#2617,#2618);
#2617 = CARTESIAN_POINT('',(11.55,1.,0.2));
#2618 = VECTOR('',#2619,1.);
#2619 = DIRECTION('',(0.,0.96,0.28));
#2620 = ORIENTED_EDGE('',*,*,#520,.F.);
#2621 = ORIENTED_EDGE('',*,*,#2566,.F.);
#2622 = PLANE('',#2623);
#2623 = AXIS2_PLACEMENT_3D('',#2624,#2625,#2626);
#2624 = CARTESIAN_POINT('',(13.45,1.,0.2));
#2625 = DIRECTION('',(0.,0.28,-0.96));
#2626 = DIRECTION('',(0.,0.96,0.28));
#2627 = ADVANCED_FACE('',(#2628),#2653,.F.);
#2628 = FACE_BOUND('',#2629,.T.);
#2629 = EDGE_LOOP('',(#2630,#2638,#2644,#2645,#2646,#2652));
#2630 = ORIENTED_EDGE('',*,*,#2631,.T.);
#2631 = EDGE_CURVE('',#1264,#2632,#2634,.T.);
#2632 = VERTEX_POINT('',#2633);
#2633 = CARTESIAN_POINT('',(10.95,-1.,0.2));
#2634 = LINE('',#2635,#2636);
#2635 = CARTESIAN_POINT('',(10.95,-2.35,0.587106270774));
#2636 = VECTOR('',#2637,1.);
#2637 = DIRECTION('',(0.,0.961261695938,-0.275637355817));
#2638 = ORIENTED_EDGE('',*,*,#2639,.T.);
#2639 = EDGE_CURVE('',#2632,#2584,#2640,.T.);
#2640 = LINE('',#2641,#2642);
#2641 = CARTESIAN_POINT('',(10.95,-1.,0.2));
#2642 = VECTOR('',#2643,1.);
#2643 = DIRECTION('',(0.,1.,0.));
#2644 = ORIENTED_EDGE('',*,*,#2593,.T.);
#2645 = ORIENTED_EDGE('',*,*,#496,.T.);
#2646 = ORIENTED_EDGE('',*,*,#2647,.T.);
#2647 = EDGE_CURVE('',#497,#1256,#2648,.T.);
#2648 = LINE('',#2649,#2650);
#2649 = CARTESIAN_POINT('',(10.95,3.4,0.));
#2650 = VECTOR('',#2651,1.);
#2651 = DIRECTION('',(0.,-1.,0.));
#2652 = ORIENTED_EDGE('',*,*,#1263,.T.);
#2653 = PLANE('',#2654);
#2654 = AXIS2_PLACEMENT_3D('',#2655,#2656,#2657);
#2655 = CARTESIAN_POINT('',(10.95,0.597090658555,0.221059411393));
#2656 = DIRECTION('',(1.,0.,0.));
#2657 = DIRECTION('',(0.,0.,1.));
#2658 = ADVANCED_FACE('',(#2659),#2684,.T.);
#2659 = FACE_BOUND('',#2660,.F.);
#2660 = EDGE_LOOP('',(#2661,#2669,#2675,#2676,#2677,#2683));
#2661 = ORIENTED_EDGE('',*,*,#2662,.T.);
#2662 = EDGE_CURVE('',#1240,#2663,#2665,.T.);
#2663 = VERTEX_POINT('',#2664);
#2664 = CARTESIAN_POINT('',(11.55,-1.,0.2));
#2665 = LINE('',#2666,#2667);
#2666 = CARTESIAN_POINT('',(11.55,-2.35,0.587106270774));
#2667 = VECTOR('',#2668,1.);
#2668 = DIRECTION('',(0.,0.961261695938,-0.275637355817));
#2669 = ORIENTED_EDGE('',*,*,#2670,.T.);
#2670 = EDGE_CURVE('',#2663,#2608,#2671,.T.);
#2671 = LINE('',#2672,#2673);
#2672 = CARTESIAN_POINT('',(11.55,-1.,0.2));
#2673 = VECTOR('',#2674,1.);
#2674 = DIRECTION('',(0.,1.,0.));
#2675 = ORIENTED_EDGE('',*,*,#2615,.T.);
#2676 = ORIENTED_EDGE('',*,*,#512,.T.);
#2677 = ORIENTED_EDGE('',*,*,#2678,.T.);
#2678 = EDGE_CURVE('',#505,#1248,#2679,.T.);
#2679 = LINE('',#2680,#2681);
#2680 = CARTESIAN_POINT('',(11.55,3.4,0.));
#2681 = VECTOR('',#2682,1.);
#2682 = DIRECTION('',(0.,-1.,0.));
#2683 = ORIENTED_EDGE('',*,*,#1247,.T.);
#2684 = PLANE('',#2685);
#2685 = AXIS2_PLACEMENT_3D('',#2686,#2687,#2688);
#2686 = CARTESIAN_POINT('',(11.55,0.597090658555,0.221059411393));
#2687 = DIRECTION('',(1.,0.,0.));
#2688 = DIRECTION('',(0.,0.,1.));
#2689 = ADVANCED_FACE('',(#2690),#2696,.F.);
#2690 = FACE_BOUND('',#2691,.F.);
#2691 = EDGE_LOOP('',(#2692,#2693,#2694,#2695));
#2692 = ORIENTED_EDGE('',*,*,#504,.T.);
#2693 = ORIENTED_EDGE('',*,*,#2647,.T.);
#2694 = ORIENTED_EDGE('',*,*,#1255,.T.);
#2695 = ORIENTED_EDGE('',*,*,#2678,.F.);
#2696 = PLANE('',#2697);
#2697 = AXIS2_PLACEMENT_3D('',#2698,#2699,#2700);
#2698 = CARTESIAN_POINT('',(12.5,0.525,0.));
#2699 = DIRECTION('',(0.,0.,1.));
#2700 = DIRECTION('',(1.,0.,0.));
#2701 = ADVANCED_FACE('',(#2702),#2713,.F.);
#2702 = FACE_BOUND('',#2703,.T.);
#2703 = EDGE_LOOP('',(#2704,#2705,#2711,#2712));
#2704 = ORIENTED_EDGE('',*,*,#1489,.T.);
#2705 = ORIENTED_EDGE('',*,*,#2706,.T.);
#2706 = EDGE_CURVE('',#1490,#784,#2707,.T.);
#2707 = LINE('',#2708,#2709);
#2708 = CARTESIAN_POINT('',(-5.,-1.549999999998,4.749999999997));
#2709 = VECTOR('',#2710,1.);
#2710 = DIRECTION('',(1.,0.,0.));
#2711 = ORIENTED_EDGE('',*,*,#791,.F.);
#2712 = ORIENTED_EDGE('',*,*,#710,.F.);
#2713 = CYLINDRICAL_SURFACE('',#2714,0.849999999998);
#2714 = AXIS2_PLACEMENT_3D('',#2715,#2716,#2717);
#2715 = CARTESIAN_POINT('',(-5.,-0.7,4.749999999998));
#2716 = DIRECTION('',(-1.,-0.,-0.));
#2717 = DIRECTION('',(0.,1.,0.));
#2718 = ADVANCED_FACE('',(#2719),#2744,.T.);
#2719 = FACE_BOUND('',#2720,.T.);
#2720 = EDGE_LOOP('',(#2721,#2729,#2730,#2731,#2737,#2738));
#2721 = ORIENTED_EDGE('',*,*,#2722,.T.);
#2722 = EDGE_CURVE('',#2723,#1049,#2725,.T.);
#2723 = VERTEX_POINT('',#2724);
#2724 = CARTESIAN_POINT('',(25.8,-1.6,7.));
#2725 = LINE('',#2726,#2727);
#2726 = CARTESIAN_POINT('',(25.8,1.554312234475E-15,7.));
#2727 = VECTOR('',#2728,1.);
#2728 = DIRECTION('',(0.,-1.,2.22044604925E-16));
#2729 = ORIENTED_EDGE('',*,*,#1056,.T.);
#2730 = ORIENTED_EDGE('',*,*,#775,.T.);
#2731 = ORIENTED_EDGE('',*,*,#2732,.F.);
#2732 = EDGE_CURVE('',#1499,#776,#2733,.T.);
#2733 = LINE('',#2734,#2735);
#2734 = CARTESIAN_POINT('',(-5.,-1.549999999998,7.));
#2735 = VECTOR('',#2736,1.);
#2736 = DIRECTION('',(1.,0.,0.));
#2737 = ORIENTED_EDGE('',*,*,#1506,.T.);
#2738 = ORIENTED_EDGE('',*,*,#2739,.F.);
#2739 = EDGE_CURVE('',#2723,#1507,#2740,.T.);
#2740 = LINE('',#2741,#2742);
#2741 = CARTESIAN_POINT('',(-1.7,-1.6,7.));
#2742 = VECTOR('',#2743,1.);
#2743 = DIRECTION('',(1.,0.,0.));
#2744 = PLANE('',#2745);
#2745 = AXIS2_PLACEMENT_3D('',#2746,#2747,#2748);
#2746 = CARTESIAN_POINT('',(12.5,0.525,7.));
#2747 = DIRECTION('',(0.,0.,1.));
#2748 = DIRECTION('',(1.,0.,0.));
#2749 = ADVANCED_FACE('',(#2750),#2756,.T.);
#2750 = FACE_BOUND('',#2751,.T.);
#2751 = EDGE_LOOP('',(#2752,#2753,#2754,#2755));
#2752 = ORIENTED_EDGE('',*,*,#1498,.T.);
#2753 = ORIENTED_EDGE('',*,*,#2732,.T.);
#2754 = ORIENTED_EDGE('',*,*,#783,.T.);
#2755 = ORIENTED_EDGE('',*,*,#2706,.F.);
#2756 = PLANE('',#2757);
#2757 = AXIS2_PLACEMENT_3D('',#2758,#2759,#2760);
#2758 = CARTESIAN_POINT('',(-5.,-1.549999999998,7.));
#2759 = DIRECTION('',(0.,1.,0.));
#2760 = DIRECTION('',(0.,0.,-1.));
#2761 = ADVANCED_FACE('',(#2762),#2773,.T.);
#2762 = FACE_BOUND('',#2763,.T.);
#2763 = EDGE_LOOP('',(#2764,#2770,#2771,#2772));
#2764 = ORIENTED_EDGE('',*,*,#2765,.T.);
#2765 = EDGE_CURVE('',#852,#1531,#2766,.T.);
#2766 = LINE('',#2767,#2768);
#2767 = CARTESIAN_POINT('',(-1.7,0.875277674973,1.25));
#2768 = VECTOR('',#2769,1.);
#2769 = DIRECTION('',(1.,0.,0.));
#2770 = ORIENTED_EDGE('',*,*,#1538,.T.);
#2771 = ORIENTED_EDGE('',*,*,#1465,.F.);
#2772 = ORIENTED_EDGE('',*,*,#859,.F.);
#2773 = PLANE('',#2774);
#2774 = AXIS2_PLACEMENT_3D('',#2775,#2776,#2777);
#2775 = CARTESIAN_POINT('',(-1.7,0.875277674973,1.25));
#2776 = DIRECTION('',(0.,0.,1.));
#2777 = DIRECTION('',(0.,1.,0.));
#2778 = ADVANCED_FACE('',(#2779),#2790,.T.);
#2779 = FACE_BOUND('',#2780,.T.);
#2780 = EDGE_LOOP('',(#2781,#2787,#2788,#2789));
#2781 = ORIENTED_EDGE('',*,*,#2782,.T.);
#2782 = EDGE_CURVE('',#844,#1523,#2783,.T.);
#2783 = LINE('',#2784,#2785);
#2784 = CARTESIAN_POINT('',(-1.7,0.5,1.9));
#2785 = VECTOR('',#2786,1.);
#2786 = DIRECTION('',(1.,0.,0.));
#2787 = ORIENTED_EDGE('',*,*,#1530,.T.);
#2788 = ORIENTED_EDGE('',*,*,#2765,.F.);
#2789 = ORIENTED_EDGE('',*,*,#851,.F.);
#2790 = PLANE('',#2791);
#2791 = AXIS2_PLACEMENT_3D('',#2792,#2793,#2794);
#2792 = CARTESIAN_POINT('',(-1.7,0.5,1.9));
#2793 = DIRECTION('',(0.,0.866025403784,0.5));
#2794 = DIRECTION('',(0.,0.5,-0.866025403784));
#2795 = ADVANCED_FACE('',(#2796),#2928,.T.);
#2796 = FACE_BOUND('',#2797,.T.);
#2797 = EDGE_LOOP('',(#2798,#2799,#2800,#2808,#2816,#2824,#2832,#2841,
    #2849,#2857,#2865,#2873,#2881,#2890,#2898,#2906,#2914,#2920,#2921,
    #2922));
#2798 = ORIENTED_EDGE('',*,*,#835,.F.);
#2799 = ORIENTED_EDGE('',*,*,#1437,.T.);
#2800 = ORIENTED_EDGE('',*,*,#2801,.F.);
#2801 = EDGE_CURVE('',#2802,#1430,#2804,.T.);
#2802 = VERTEX_POINT('',#2803);
#2803 = CARTESIAN_POINT('',(-0.8,-1.6,6.8));
#2804 = LINE('',#2805,#2806);
#2805 = CARTESIAN_POINT('',(-0.8,-1.6,6.9));
#2806 = VECTOR('',#2807,1.);
#2807 = DIRECTION('',(0.,0.,1.));
#2808 = ORIENTED_EDGE('',*,*,#2809,.F.);
#2809 = EDGE_CURVE('',#2810,#2802,#2812,.T.);
#2810 = VERTEX_POINT('',#2811);
#2811 = CARTESIAN_POINT('',(-0.4,-1.6,6.4));
#2812 = LINE('',#2813,#2814);
#2813 = CARTESIAN_POINT('',(-0.875,-1.6,6.875));
#2814 = VECTOR('',#2815,1.);
#2815 = DIRECTION('',(-0.707106781187,0.,0.707106781187));
#2816 = ORIENTED_EDGE('',*,*,#2817,.F.);
#2817 = EDGE_CURVE('',#2818,#2810,#2820,.T.);
#2818 = VERTEX_POINT('',#2819);
#2819 = CARTESIAN_POINT('',(-0.8,-1.6,6.));
#2820 = LINE('',#2821,#2822);
#2821 = CARTESIAN_POINT('',(-0.775,-1.6,6.025));
#2822 = VECTOR('',#2823,1.);
#2823 = DIRECTION('',(0.707106781187,0.,0.707106781187));
#2824 = ORIENTED_EDGE('',*,*,#2825,.F.);
#2825 = EDGE_CURVE('',#2826,#2818,#2828,.T.);
#2826 = VERTEX_POINT('',#2827);
#2827 = CARTESIAN_POINT('',(-0.8,-1.6,3.9));
#2828 = LINE('',#2829,#2830);
#2829 = CARTESIAN_POINT('',(-0.8,-1.6,5.45));
#2830 = VECTOR('',#2831,1.);
#2831 = DIRECTION('',(0.,0.,1.));
#2832 = ORIENTED_EDGE('',*,*,#2833,.F.);
#2833 = EDGE_CURVE('',#2834,#2826,#2836,.T.);
#2834 = VERTEX_POINT('',#2835);
#2835 = CARTESIAN_POINT('',(-0.1,-1.6,3.2));
#2836 = CIRCLE('',#2837,0.7);
#2837 = AXIS2_PLACEMENT_3D('',#2838,#2839,#2840);
#2838 = CARTESIAN_POINT('',(-0.1,-1.6,3.9));
#2839 = DIRECTION('',(0.,1.,-2.22044604925E-16));
#2840 = DIRECTION('',(1.,0.,0.));
#2841 = ORIENTED_EDGE('',*,*,#2842,.F.);
#2842 = EDGE_CURVE('',#2843,#2834,#2845,.T.);
#2843 = VERTEX_POINT('',#2844);
#2844 = CARTESIAN_POINT('',(1.05,-1.6,3.2));
#2845 = LINE('',#2846,#2847);
#2846 = CARTESIAN_POINT('',(-0.325,-1.6,3.2));
#2847 = VECTOR('',#2848,1.);
#2848 = DIRECTION('',(-1.,0.,0.));
#2849 = ORIENTED_EDGE('',*,*,#2850,.F.);
#2850 = EDGE_CURVE('',#2851,#2843,#2853,.T.);
#2851 = VERTEX_POINT('',#2852);
#2852 = CARTESIAN_POINT('',(1.05,-1.6,7.));
#2853 = LINE('',#2854,#2855);
#2854 = CARTESIAN_POINT('',(1.05,-1.6,7.));
#2855 = VECTOR('',#2856,1.);
#2856 = DIRECTION('',(0.,0.,-1.));
#2857 = ORIENTED_EDGE('',*,*,#2858,.T.);
#2858 = EDGE_CURVE('',#2851,#2859,#2861,.T.);
#2859 = VERTEX_POINT('',#2860);
#2860 = CARTESIAN_POINT('',(23.95,-1.6,7.));
#2861 = LINE('',#2862,#2863);
#2862 = CARTESIAN_POINT('',(-1.7,-1.6,7.));
#2863 = VECTOR('',#2864,1.);
#2864 = DIRECTION('',(1.,0.,0.));
#2865 = ORIENTED_EDGE('',*,*,#2866,.T.);
#2866 = EDGE_CURVE('',#2859,#2867,#2869,.T.);
#2867 = VERTEX_POINT('',#2868);
#2868 = CARTESIAN_POINT('',(23.95,-1.6,3.2));
#2869 = LINE('',#2870,#2871);
#2870 = CARTESIAN_POINT('',(23.95,-1.6,7.));
#2871 = VECTOR('',#2872,1.);
#2872 = DIRECTION('',(0.,0.,-1.));
#2873 = ORIENTED_EDGE('',*,*,#2874,.T.);
#2874 = EDGE_CURVE('',#2867,#2875,#2877,.T.);
#2875 = VERTEX_POINT('',#2876);
#2876 = CARTESIAN_POINT('',(25.1,-1.6,3.2));
#2877 = LINE('',#2878,#2879);
#2878 = CARTESIAN_POINT('',(11.125,-1.6,3.2));
#2879 = VECTOR('',#2880,1.);
#2880 = DIRECTION('',(1.,0.,0.));
#2881 = ORIENTED_EDGE('',*,*,#2882,.F.);
#2882 = EDGE_CURVE('',#2883,#2875,#2885,.T.);
#2883 = VERTEX_POINT('',#2884);
#2884 = CARTESIAN_POINT('',(25.8,-1.6,3.9));
#2885 = CIRCLE('',#2886,0.7);
#2886 = AXIS2_PLACEMENT_3D('',#2887,#2888,#2889);
#2887 = CARTESIAN_POINT('',(25.1,-1.6,3.9));
#2888 = DIRECTION('',(0.,1.,-2.22044604925E-16));
#2889 = DIRECTION('',(1.,0.,0.));
#2890 = ORIENTED_EDGE('',*,*,#2891,.T.);
#2891 = EDGE_CURVE('',#2883,#2892,#2894,.T.);
#2892 = VERTEX_POINT('',#2893);
#2893 = CARTESIAN_POINT('',(25.8,-1.6,6.));
#2894 = LINE('',#2895,#2896);
#2895 = CARTESIAN_POINT('',(25.8,-1.6,5.45));
#2896 = VECTOR('',#2897,1.);
#2897 = DIRECTION('',(0.,0.,1.));
#2898 = ORIENTED_EDGE('',*,*,#2899,.T.);
#2899 = EDGE_CURVE('',#2892,#2900,#2902,.T.);
#2900 = VERTEX_POINT('',#2901);
#2901 = CARTESIAN_POINT('',(25.4,-1.6,6.4));
#2902 = LINE('',#2903,#2904);
#2903 = CARTESIAN_POINT('',(18.675,-1.6,13.125));
#2904 = VECTOR('',#2905,1.);
#2905 = DIRECTION('',(-0.707106781187,0.,0.707106781187));
#2906 = ORIENTED_EDGE('',*,*,#2907,.T.);
#2907 = EDGE_CURVE('',#2900,#2908,#2910,.T.);
#2908 = VERTEX_POINT('',#2909);
#2909 = CARTESIAN_POINT('',(25.8,-1.6,6.8));
#2910 = LINE('',#2911,#2912);
#2911 = CARTESIAN_POINT('',(18.775,-1.6,-0.225));
#2912 = VECTOR('',#2913,1.);
#2913 = DIRECTION('',(0.707106781187,0.,0.707106781187));
#2914 = ORIENTED_EDGE('',*,*,#2915,.T.);
#2915 = EDGE_CURVE('',#2908,#2723,#2916,.T.);
#2916 = LINE('',#2917,#2918);
#2917 = CARTESIAN_POINT('',(25.8,-1.6,6.9));
#2918 = VECTOR('',#2919,1.);
#2919 = DIRECTION('',(0.,0.,1.));
#2920 = ORIENTED_EDGE('',*,*,#2739,.T.);
#2921 = ORIENTED_EDGE('',*,*,#1514,.T.);
#2922 = ORIENTED_EDGE('',*,*,#2923,.F.);
#2923 = EDGE_CURVE('',#836,#1515,#2924,.T.);
#2924 = LINE('',#2925,#2926);
#2925 = CARTESIAN_POINT('',(-1.7,-1.6,1.9));
#2926 = VECTOR('',#2927,1.);
#2927 = DIRECTION('',(1.,0.,0.));
#2928 = PLANE('',#2929);
#2929 = AXIS2_PLACEMENT_3D('',#2930,#2931,#2932);
#2930 = CARTESIAN_POINT('',(-1.7,-1.6,7.));
#2931 = DIRECTION('',(0.,1.,0.));
#2932 = DIRECTION('',(0.,0.,-1.));
#2933 = ADVANCED_FACE('',(#2934,#2940,#2974,#3008,#3042,#3076,#3110,
    #3144,#3178,#3212,#3246,#3280),#3314,.T.);
#2934 = FACE_BOUND('',#2935,.T.);
#2935 = EDGE_LOOP('',(#2936,#2937,#2938,#2939));
#2936 = ORIENTED_EDGE('',*,*,#2923,.T.);
#2937 = ORIENTED_EDGE('',*,*,#1522,.T.);
#2938 = ORIENTED_EDGE('',*,*,#2782,.F.);
#2939 = ORIENTED_EDGE('',*,*,#843,.F.);
#2940 = FACE_BOUND('',#2941,.T.);
#2941 = EDGE_LOOP('',(#2942,#2952,#2960,#2968));
#2942 = ORIENTED_EDGE('',*,*,#2943,.F.);
#2943 = EDGE_CURVE('',#2944,#2946,#2948,.T.);
#2944 = VERTEX_POINT('',#2945);
#2945 = CARTESIAN_POINT('',(24.68,-0.32,1.9));
#2946 = VERTEX_POINT('',#2947);
#2947 = CARTESIAN_POINT('',(25.32,-0.32,1.9));
#2948 = LINE('',#2949,#2950);
#2949 = CARTESIAN_POINT('',(11.81,-0.32,1.9));
#2950 = VECTOR('',#2951,1.);
#2951 = DIRECTION('',(1.,0.,0.));
#2952 = ORIENTED_EDGE('',*,*,#2953,.T.);
#2953 = EDGE_CURVE('',#2944,#2954,#2956,.T.);
#2954 = VERTEX_POINT('',#2955);
#2955 = CARTESIAN_POINT('',(24.68,0.32,1.9));
#2956 = LINE('',#2957,#2958);
#2957 = CARTESIAN_POINT('',(24.68,-0.8,1.9));
#2958 = VECTOR('',#2959,1.);
#2959 = DIRECTION('',(0.,1.,0.));
#2960 = ORIENTED_EDGE('',*,*,#2961,.F.);
#2961 = EDGE_CURVE('',#2962,#2954,#2964,.T.);
#2962 = VERTEX_POINT('',#2963);
#2963 = CARTESIAN_POINT('',(25.32,0.32,1.9));
#2964 = LINE('',#2965,#2966);
#2965 = CARTESIAN_POINT('',(11.81,0.32,1.9));
#2966 = VECTOR('',#2967,1.);
#2967 = DIRECTION('',(-1.,0.,0.));
#2968 = ORIENTED_EDGE('',*,*,#2969,.F.);
#2969 = EDGE_CURVE('',#2946,#2962,#2970,.T.);
#2970 = LINE('',#2971,#2972);
#2971 = CARTESIAN_POINT('',(25.32,-0.8,1.9));
#2972 = VECTOR('',#2973,1.);
#2973 = DIRECTION('',(0.,1.,0.));
#2974 = FACE_BOUND('',#2975,.T.);
#2975 = EDGE_LOOP('',(#2976,#2986,#2994,#3002));
#2976 = ORIENTED_EDGE('',*,*,#2977,.F.);
#2977 = EDGE_CURVE('',#2978,#2980,#2982,.T.);
#2978 = VERTEX_POINT('',#2979);
#2979 = CARTESIAN_POINT('',(22.18,-0.32,1.9));
#2980 = VERTEX_POINT('',#2981);
#2981 = CARTESIAN_POINT('',(22.82,-0.32,1.9));
#2982 = LINE('',#2983,#2984);
#2983 = CARTESIAN_POINT('',(10.56,-0.32,1.9));
#2984 = VECTOR('',#2985,1.);
#2985 = DIRECTION('',(1.,0.,0.));
#2986 = ORIENTED_EDGE('',*,*,#2987,.T.);
#2987 = EDGE_CURVE('',#2978,#2988,#2990,.T.);
#2988 = VERTEX_POINT('',#2989);
#2989 = CARTESIAN_POINT('',(22.18,0.32,1.9));
#2990 = LINE('',#2991,#2992);
#2991 = CARTESIAN_POINT('',(22.18,-0.8,1.9));
#2992 = VECTOR('',#2993,1.);
#2993 = DIRECTION('',(0.,1.,0.));
#2994 = ORIENTED_EDGE('',*,*,#2995,.F.);
#2995 = EDGE_CURVE('',#2996,#2988,#2998,.T.);
#2996 = VERTEX_POINT('',#2997);
#2997 = CARTESIAN_POINT('',(22.82,0.32,1.9));
#2998 = LINE('',#2999,#3000);
#2999 = CARTESIAN_POINT('',(10.56,0.32,1.9));
#3000 = VECTOR('',#3001,1.);
#3001 = DIRECTION('',(-1.,0.,0.));
#3002 = ORIENTED_EDGE('',*,*,#3003,.F.);
#3003 = EDGE_CURVE('',#2980,#2996,#3004,.T.);
#3004 = LINE('',#3005,#3006);
#3005 = CARTESIAN_POINT('',(22.82,-0.8,1.9));
#3006 = VECTOR('',#3007,1.);
#3007 = DIRECTION('',(0.,1.,0.));
#3008 = FACE_BOUND('',#3009,.T.);
#3009 = EDGE_LOOP('',(#3010,#3020,#3028,#3036));
#3010 = ORIENTED_EDGE('',*,*,#3011,.F.);
#3011 = EDGE_CURVE('',#3012,#3014,#3016,.T.);
#3012 = VERTEX_POINT('',#3013);
#3013 = CARTESIAN_POINT('',(19.68,-0.32,1.9));
#3014 = VERTEX_POINT('',#3015);
#3015 = CARTESIAN_POINT('',(20.32,-0.32,1.9));
#3016 = LINE('',#3017,#3018);
#3017 = CARTESIAN_POINT('',(9.31,-0.32,1.9));
#3018 = VECTOR('',#3019,1.);
#3019 = DIRECTION('',(1.,0.,0.));
#3020 = ORIENTED_EDGE('',*,*,#3021,.T.);
#3021 = EDGE_CURVE('',#3012,#3022,#3024,.T.);
#3022 = VERTEX_POINT('',#3023);
#3023 = CARTESIAN_POINT('',(19.68,0.32,1.9));
#3024 = LINE('',#3025,#3026);
#3025 = CARTESIAN_POINT('',(19.68,-0.8,1.9));
#3026 = VECTOR('',#3027,1.);
#3027 = DIRECTION('',(0.,1.,0.));
#3028 = ORIENTED_EDGE('',*,*,#3029,.F.);
#3029 = EDGE_CURVE('',#3030,#3022,#3032,.T.);
#3030 = VERTEX_POINT('',#3031);
#3031 = CARTESIAN_POINT('',(20.32,0.32,1.9));
#3032 = LINE('',#3033,#3034);
#3033 = CARTESIAN_POINT('',(9.31,0.32,1.9));
#3034 = VECTOR('',#3035,1.);
#3035 = DIRECTION('',(-1.,0.,0.));
#3036 = ORIENTED_EDGE('',*,*,#3037,.F.);
#3037 = EDGE_CURVE('',#3014,#3030,#3038,.T.);
#3038 = LINE('',#3039,#3040);
#3039 = CARTESIAN_POINT('',(20.32,-0.8,1.9));
#3040 = VECTOR('',#3041,1.);
#3041 = DIRECTION('',(0.,1.,0.));
#3042 = FACE_BOUND('',#3043,.T.);
#3043 = EDGE_LOOP('',(#3044,#3054,#3062,#3070));
#3044 = ORIENTED_EDGE('',*,*,#3045,.F.);
#3045 = EDGE_CURVE('',#3046,#3048,#3050,.T.);
#3046 = VERTEX_POINT('',#3047);
#3047 = CARTESIAN_POINT('',(17.18,-0.32,1.9));
#3048 = VERTEX_POINT('',#3049);
#3049 = CARTESIAN_POINT('',(17.82,-0.32,1.9));
#3050 = LINE('',#3051,#3052);
#3051 = CARTESIAN_POINT('',(8.06,-0.32,1.9));
#3052 = VECTOR('',#3053,1.);
#3053 = DIRECTION('',(1.,0.,0.));
#3054 = ORIENTED_EDGE('',*,*,#3055,.T.);
#3055 = EDGE_CURVE('',#3046,#3056,#3058,.T.);
#3056 = VERTEX_POINT('',#3057);
#3057 = CARTESIAN_POINT('',(17.18,0.32,1.9));
#3058 = LINE('',#3059,#3060);
#3059 = CARTESIAN_POINT('',(17.18,-0.8,1.9));
#3060 = VECTOR('',#3061,1.);
#3061 = DIRECTION('',(0.,1.,0.));
#3062 = ORIENTED_EDGE('',*,*,#3063,.F.);
#3063 = EDGE_CURVE('',#3064,#3056,#3066,.T.);
#3064 = VERTEX_POINT('',#3065);
#3065 = CARTESIAN_POINT('',(17.82,0.32,1.9));
#3066 = LINE('',#3067,#3068);
#3067 = CARTESIAN_POINT('',(8.06,0.32,1.9));
#3068 = VECTOR('',#3069,1.);
#3069 = DIRECTION('',(-1.,0.,0.));
#3070 = ORIENTED_EDGE('',*,*,#3071,.F.);
#3071 = EDGE_CURVE('',#3048,#3064,#3072,.T.);
#3072 = LINE('',#3073,#3074);
#3073 = CARTESIAN_POINT('',(17.82,-0.8,1.9));
#3074 = VECTOR('',#3075,1.);
#3075 = DIRECTION('',(0.,1.,0.));
#3076 = FACE_BOUND('',#3077,.T.);
#3077 = EDGE_LOOP('',(#3078,#3088,#3096,#3104));
#3078 = ORIENTED_EDGE('',*,*,#3079,.F.);
#3079 = EDGE_CURVE('',#3080,#3082,#3084,.T.);
#3080 = VERTEX_POINT('',#3081);
#3081 = CARTESIAN_POINT('',(14.68,-0.32,1.9));
#3082 = VERTEX_POINT('',#3083);
#3083 = CARTESIAN_POINT('',(15.32,-0.32,1.9));
#3084 = LINE('',#3085,#3086);
#3085 = CARTESIAN_POINT('',(6.81,-0.32,1.9));
#3086 = VECTOR('',#3087,1.);
#3087 = DIRECTION('',(1.,0.,0.));
#3088 = ORIENTED_EDGE('',*,*,#3089,.T.);
#3089 = EDGE_CURVE('',#3080,#3090,#3092,.T.);
#3090 = VERTEX_POINT('',#3091);
#3091 = CARTESIAN_POINT('',(14.68,0.32,1.9));
#3092 = LINE('',#3093,#3094);
#3093 = CARTESIAN_POINT('',(14.68,-0.8,1.9));
#3094 = VECTOR('',#3095,1.);
#3095 = DIRECTION('',(0.,1.,0.));
#3096 = ORIENTED_EDGE('',*,*,#3097,.F.);
#3097 = EDGE_CURVE('',#3098,#3090,#3100,.T.);
#3098 = VERTEX_POINT('',#3099);
#3099 = CARTESIAN_POINT('',(15.32,0.32,1.9));
#3100 = LINE('',#3101,#3102);
#3101 = CARTESIAN_POINT('',(6.81,0.32,1.9));
#3102 = VECTOR('',#3103,1.);
#3103 = DIRECTION('',(-1.,0.,0.));
#3104 = ORIENTED_EDGE('',*,*,#3105,.F.);
#3105 = EDGE_CURVE('',#3082,#3098,#3106,.T.);
#3106 = LINE('',#3107,#3108);
#3107 = CARTESIAN_POINT('',(15.32,-0.8,1.9));
#3108 = VECTOR('',#3109,1.);
#3109 = DIRECTION('',(0.,1.,0.));
#3110 = FACE_BOUND('',#3111,.T.);
#3111 = EDGE_LOOP('',(#3112,#3122,#3130,#3138));
#3112 = ORIENTED_EDGE('',*,*,#3113,.F.);
#3113 = EDGE_CURVE('',#3114,#3116,#3118,.T.);
#3114 = VERTEX_POINT('',#3115);
#3115 = CARTESIAN_POINT('',(12.18,-0.32,1.9));
#3116 = VERTEX_POINT('',#3117);
#3117 = CARTESIAN_POINT('',(12.82,-0.32,1.9));
#3118 = LINE('',#3119,#3120);
#3119 = CARTESIAN_POINT('',(5.56,-0.32,1.9));
#3120 = VECTOR('',#3121,1.);
#3121 = DIRECTION('',(1.,0.,0.));
#3122 = ORIENTED_EDGE('',*,*,#3123,.T.);
#3123 = EDGE_CURVE('',#3114,#3124,#3126,.T.);
#3124 = VERTEX_POINT('',#3125);
#3125 = CARTESIAN_POINT('',(12.18,0.32,1.9));
#3126 = LINE('',#3127,#3128);
#3127 = CARTESIAN_POINT('',(12.18,-0.8,1.9));
#3128 = VECTOR('',#3129,1.);
#3129 = DIRECTION('',(0.,1.,0.));
#3130 = ORIENTED_EDGE('',*,*,#3131,.F.);
#3131 = EDGE_CURVE('',#3132,#3124,#3134,.T.);
#3132 = VERTEX_POINT('',#3133);
#3133 = CARTESIAN_POINT('',(12.82,0.32,1.9));
#3134 = LINE('',#3135,#3136);
#3135 = CARTESIAN_POINT('',(5.56,0.32,1.9));
#3136 = VECTOR('',#3137,1.);
#3137 = DIRECTION('',(-1.,0.,0.));
#3138 = ORIENTED_EDGE('',*,*,#3139,.F.);
#3139 = EDGE_CURVE('',#3116,#3132,#3140,.T.);
#3140 = LINE('',#3141,#3142);
#3141 = CARTESIAN_POINT('',(12.82,-0.8,1.9));
#3142 = VECTOR('',#3143,1.);
#3143 = DIRECTION('',(0.,1.,0.));
#3144 = FACE_BOUND('',#3145,.T.);
#3145 = EDGE_LOOP('',(#3146,#3156,#3164,#3172));
#3146 = ORIENTED_EDGE('',*,*,#3147,.F.);
#3147 = EDGE_CURVE('',#3148,#3150,#3152,.T.);
#3148 = VERTEX_POINT('',#3149);
#3149 = CARTESIAN_POINT('',(9.68,-0.32,1.9));
#3150 = VERTEX_POINT('',#3151);
#3151 = CARTESIAN_POINT('',(10.32,-0.32,1.9));
#3152 = LINE('',#3153,#3154);
#3153 = CARTESIAN_POINT('',(4.31,-0.32,1.9));
#3154 = VECTOR('',#3155,1.);
#3155 = DIRECTION('',(1.,0.,0.));
#3156 = ORIENTED_EDGE('',*,*,#3157,.T.);
#3157 = EDGE_CURVE('',#3148,#3158,#3160,.T.);
#3158 = VERTEX_POINT('',#3159);
#3159 = CARTESIAN_POINT('',(9.68,0.32,1.9));
#3160 = LINE('',#3161,#3162);
#3161 = CARTESIAN_POINT('',(9.68,-0.8,1.9));
#3162 = VECTOR('',#3163,1.);
#3163 = DIRECTION('',(0.,1.,0.));
#3164 = ORIENTED_EDGE('',*,*,#3165,.F.);
#3165 = EDGE_CURVE('',#3166,#3158,#3168,.T.);
#3166 = VERTEX_POINT('',#3167);
#3167 = CARTESIAN_POINT('',(10.32,0.32,1.9));
#3168 = LINE('',#3169,#3170);
#3169 = CARTESIAN_POINT('',(4.31,0.32,1.9));
#3170 = VECTOR('',#3171,1.);
#3171 = DIRECTION('',(-1.,0.,0.));
#3172 = ORIENTED_EDGE('',*,*,#3173,.F.);
#3173 = EDGE_CURVE('',#3150,#3166,#3174,.T.);
#3174 = LINE('',#3175,#3176);
#3175 = CARTESIAN_POINT('',(10.32,-0.8,1.9));
#3176 = VECTOR('',#3177,1.);
#3177 = DIRECTION('',(0.,1.,0.));
#3178 = FACE_BOUND('',#3179,.T.);
#3179 = EDGE_LOOP('',(#3180,#3190,#3198,#3206));
#3180 = ORIENTED_EDGE('',*,*,#3181,.F.);
#3181 = EDGE_CURVE('',#3182,#3184,#3186,.T.);
#3182 = VERTEX_POINT('',#3183);
#3183 = CARTESIAN_POINT('',(7.18,-0.32,1.9));
#3184 = VERTEX_POINT('',#3185);
#3185 = CARTESIAN_POINT('',(7.82,-0.32,1.9));
#3186 = LINE('',#3187,#3188);
#3187 = CARTESIAN_POINT('',(3.06,-0.32,1.9));
#3188 = VECTOR('',#3189,1.);
#3189 = DIRECTION('',(1.,0.,0.));
#3190 = ORIENTED_EDGE('',*,*,#3191,.T.);
#3191 = EDGE_CURVE('',#3182,#3192,#3194,.T.);
#3192 = VERTEX_POINT('',#3193);
#3193 = CARTESIAN_POINT('',(7.18,0.32,1.9));
#3194 = LINE('',#3195,#3196);
#3195 = CARTESIAN_POINT('',(7.18,-0.8,1.9));
#3196 = VECTOR('',#3197,1.);
#3197 = DIRECTION('',(0.,1.,0.));
#3198 = ORIENTED_EDGE('',*,*,#3199,.F.);
#3199 = EDGE_CURVE('',#3200,#3192,#3202,.T.);
#3200 = VERTEX_POINT('',#3201);
#3201 = CARTESIAN_POINT('',(7.82,0.32,1.9));
#3202 = LINE('',#3203,#3204);
#3203 = CARTESIAN_POINT('',(3.06,0.32,1.9));
#3204 = VECTOR('',#3205,1.);
#3205 = DIRECTION('',(-1.,0.,0.));
#3206 = ORIENTED_EDGE('',*,*,#3207,.F.);
#3207 = EDGE_CURVE('',#3184,#3200,#3208,.T.);
#3208 = LINE('',#3209,#3210);
#3209 = CARTESIAN_POINT('',(7.82,-0.8,1.9));
#3210 = VECTOR('',#3211,1.);
#3211 = DIRECTION('',(0.,1.,0.));
#3212 = FACE_BOUND('',#3213,.T.);
#3213 = EDGE_LOOP('',(#3214,#3224,#3232,#3240));
#3214 = ORIENTED_EDGE('',*,*,#3215,.F.);
#3215 = EDGE_CURVE('',#3216,#3218,#3220,.T.);
#3216 = VERTEX_POINT('',#3217);
#3217 = CARTESIAN_POINT('',(4.68,-0.32,1.9));
#3218 = VERTEX_POINT('',#3219);
#3219 = CARTESIAN_POINT('',(5.32,-0.32,1.9));
#3220 = LINE('',#3221,#3222);
#3221 = CARTESIAN_POINT('',(1.81,-0.32,1.9));
#3222 = VECTOR('',#3223,1.);
#3223 = DIRECTION('',(1.,0.,0.));
#3224 = ORIENTED_EDGE('',*,*,#3225,.T.);
#3225 = EDGE_CURVE('',#3216,#3226,#3228,.T.);
#3226 = VERTEX_POINT('',#3227);
#3227 = CARTESIAN_POINT('',(4.68,0.32,1.9));
#3228 = LINE('',#3229,#3230);
#3229 = CARTESIAN_POINT('',(4.68,-0.8,1.9));
#3230 = VECTOR('',#3231,1.);
#3231 = DIRECTION('',(0.,1.,0.));
#3232 = ORIENTED_EDGE('',*,*,#3233,.F.);
#3233 = EDGE_CURVE('',#3234,#3226,#3236,.T.);
#3234 = VERTEX_POINT('',#3235);
#3235 = CARTESIAN_POINT('',(5.32,0.32,1.9));
#3236 = LINE('',#3237,#3238);
#3237 = CARTESIAN_POINT('',(1.81,0.32,1.9));
#3238 = VECTOR('',#3239,1.);
#3239 = DIRECTION('',(-1.,0.,0.));
#3240 = ORIENTED_EDGE('',*,*,#3241,.F.);
#3241 = EDGE_CURVE('',#3218,#3234,#3242,.T.);
#3242 = LINE('',#3243,#3244);
#3243 = CARTESIAN_POINT('',(5.32,-0.8,1.9));
#3244 = VECTOR('',#3245,1.);
#3245 = DIRECTION('',(0.,1.,0.));
#3246 = FACE_BOUND('',#3247,.T.);
#3247 = EDGE_LOOP('',(#3248,#3258,#3266,#3274));
#3248 = ORIENTED_EDGE('',*,*,#3249,.F.);
#3249 = EDGE_CURVE('',#3250,#3252,#3254,.T.);
#3250 = VERTEX_POINT('',#3251);
#3251 = CARTESIAN_POINT('',(2.18,-0.32,1.9));
#3252 = VERTEX_POINT('',#3253);
#3253 = CARTESIAN_POINT('',(2.82,-0.32,1.9));
#3254 = LINE('',#3255,#3256);
#3255 = CARTESIAN_POINT('',(0.56,-0.32,1.9));
#3256 = VECTOR('',#3257,1.);
#3257 = DIRECTION('',(1.,0.,0.));
#3258 = ORIENTED_EDGE('',*,*,#3259,.T.);
#3259 = EDGE_CURVE('',#3250,#3260,#3262,.T.);
#3260 = VERTEX_POINT('',#3261);
#3261 = CARTESIAN_POINT('',(2.18,0.32,1.9));
#3262 = LINE('',#3263,#3264);
#3263 = CARTESIAN_POINT('',(2.18,-0.8,1.9));
#3264 = VECTOR('',#3265,1.);
#3265 = DIRECTION('',(0.,1.,0.));
#3266 = ORIENTED_EDGE('',*,*,#3267,.F.);
#3267 = EDGE_CURVE('',#3268,#3260,#3270,.T.);
#3268 = VERTEX_POINT('',#3269);
#3269 = CARTESIAN_POINT('',(2.82,0.32,1.9));
#3270 = LINE('',#3271,#3272);
#3271 = CARTESIAN_POINT('',(0.56,0.32,1.9));
#3272 = VECTOR('',#3273,1.);
#3273 = DIRECTION('',(-1.,0.,0.));
#3274 = ORIENTED_EDGE('',*,*,#3275,.F.);
#3275 = EDGE_CURVE('',#3252,#3268,#3276,.T.);
#3276 = LINE('',#3277,#3278);
#3277 = CARTESIAN_POINT('',(2.82,-0.8,1.9));
#3278 = VECTOR('',#3279,1.);
#3279 = DIRECTION('',(0.,1.,0.));
#3280 = FACE_BOUND('',#3281,.T.);
#3281 = EDGE_LOOP('',(#3282,#3292,#3300,#3308));
#3282 = ORIENTED_EDGE('',*,*,#3283,.F.);
#3283 = EDGE_CURVE('',#3284,#3286,#3288,.T.);
#3284 = VERTEX_POINT('',#3285);
#3285 = CARTESIAN_POINT('',(-0.32,-0.32,1.9));
#3286 = VERTEX_POINT('',#3287);
#3287 = CARTESIAN_POINT('',(0.32,-0.32,1.9));
#3288 = LINE('',#3289,#3290);
#3289 = CARTESIAN_POINT('',(-0.69,-0.32,1.9));
#3290 = VECTOR('',#3291,1.);
#3291 = DIRECTION('',(1.,0.,0.));
#3292 = ORIENTED_EDGE('',*,*,#3293,.T.);
#3293 = EDGE_CURVE('',#3284,#3294,#3296,.T.);
#3294 = VERTEX_POINT('',#3295);
#3295 = CARTESIAN_POINT('',(-0.32,0.32,1.9));
#3296 = LINE('',#3297,#3298);
#3297 = CARTESIAN_POINT('',(-0.32,-0.8,1.9));
#3298 = VECTOR('',#3299,1.);
#3299 = DIRECTION('',(0.,1.,0.));
#3300 = ORIENTED_EDGE('',*,*,#3301,.F.);
#3301 = EDGE_CURVE('',#3302,#3294,#3304,.T.);
#3302 = VERTEX_POINT('',#3303);
#3303 = CARTESIAN_POINT('',(0.32,0.32,1.9));
#3304 = LINE('',#3305,#3306);
#3305 = CARTESIAN_POINT('',(-0.69,0.32,1.9));
#3306 = VECTOR('',#3307,1.);
#3307 = DIRECTION('',(-1.,0.,0.));
#3308 = ORIENTED_EDGE('',*,*,#3309,.F.);
#3309 = EDGE_CURVE('',#3286,#3302,#3310,.T.);
#3310 = LINE('',#3311,#3312);
#3311 = CARTESIAN_POINT('',(0.32,-0.8,1.9));
#3312 = VECTOR('',#3313,1.);
#3313 = DIRECTION('',(0.,1.,0.));
#3314 = PLANE('',#3315);
#3315 = AXIS2_PLACEMENT_3D('',#3316,#3317,#3318);
#3316 = CARTESIAN_POINT('',(-1.7,-1.6,1.9));
#3317 = DIRECTION('',(0.,0.,1.));
#3318 = DIRECTION('',(0.,1.,0.));
#3319 = ADVANCED_FACE('',(#3320),#3331,.T.);
#3320 = FACE_BOUND('',#3321,.T.);
#3321 = EDGE_LOOP('',(#3322,#3323,#3324,#3330));
#3322 = ORIENTED_EDGE('',*,*,#1399,.T.);
#3323 = ORIENTED_EDGE('',*,*,#1677,.T.);
#3324 = ORIENTED_EDGE('',*,*,#3325,.F.);
#3325 = EDGE_CURVE('',#1792,#1678,#3326,.T.);
#3326 = LINE('',#3327,#3328);
#3327 = CARTESIAN_POINT('',(0.95,-1.,0.2));
#3328 = VECTOR('',#3329,1.);
#3329 = DIRECTION('',(-1.,-0.,-0.));
#3330 = ORIENTED_EDGE('',*,*,#1791,.F.);
#3331 = PLANE('',#3332);
#3332 = AXIS2_PLACEMENT_3D('',#3333,#3334,#3335);
#3333 = CARTESIAN_POINT('',(0.95,-2.35,0.587106270774));
#3334 = DIRECTION('',(0.,-0.275637355817,-0.961261695938));
#3335 = DIRECTION('',(0.,0.961261695938,-0.275637355817));
#3336 = ADVANCED_FACE('',(#3337),#3348,.T.);
#3337 = FACE_BOUND('',#3338,.T.);
#3338 = EDGE_LOOP('',(#3339,#3340,#3341,#3347));
#3339 = ORIENTED_EDGE('',*,*,#1367,.T.);
#3340 = ORIENTED_EDGE('',*,*,#1887,.T.);
#3341 = ORIENTED_EDGE('',*,*,#3342,.F.);
#3342 = EDGE_CURVE('',#2002,#1888,#3343,.T.);
#3343 = LINE('',#3344,#3345);
#3344 = CARTESIAN_POINT('',(3.45,-1.,0.2));
#3345 = VECTOR('',#3346,1.);
#3346 = DIRECTION('',(-1.,-0.,-0.));
#3347 = ORIENTED_EDGE('',*,*,#2001,.F.);
#3348 = PLANE('',#3349);
#3349 = AXIS2_PLACEMENT_3D('',#3350,#3351,#3352);
#3350 = CARTESIAN_POINT('',(3.45,-2.35,0.587106270774));
#3351 = DIRECTION('',(0.,-0.275637355817,-0.961261695938));
#3352 = DIRECTION('',(0.,0.961261695938,-0.275637355817));
#3353 = ADVANCED_FACE('',(#3354),#3365,.T.);
#3354 = FACE_BOUND('',#3355,.T.);
#3355 = EDGE_LOOP('',(#3356,#3357,#3358,#3364));
#3356 = ORIENTED_EDGE('',*,*,#1335,.T.);
#3357 = ORIENTED_EDGE('',*,*,#2097,.T.);
#3358 = ORIENTED_EDGE('',*,*,#3359,.F.);
#3359 = EDGE_CURVE('',#2212,#2098,#3360,.T.);
#3360 = LINE('',#3361,#3362);
#3361 = CARTESIAN_POINT('',(5.95,-1.,0.2));
#3362 = VECTOR('',#3363,1.);
#3363 = DIRECTION('',(-1.,-0.,-0.));
#3364 = ORIENTED_EDGE('',*,*,#2211,.F.);
#3365 = PLANE('',#3366);
#3366 = AXIS2_PLACEMENT_3D('',#3367,#3368,#3369);
#3367 = CARTESIAN_POINT('',(5.95,-2.35,0.587106270774));
#3368 = DIRECTION('',(0.,-0.275637355817,-0.961261695938));
#3369 = DIRECTION('',(0.,0.961261695938,-0.275637355817));
#3370 = ADVANCED_FACE('',(#3371),#3382,.T.);
#3371 = FACE_BOUND('',#3372,.T.);
#3372 = EDGE_LOOP('',(#3373,#3374,#3375,#3381));
#3373 = ORIENTED_EDGE('',*,*,#1303,.T.);
#3374 = ORIENTED_EDGE('',*,*,#2307,.T.);
#3375 = ORIENTED_EDGE('',*,*,#3376,.F.);
#3376 = EDGE_CURVE('',#2422,#2308,#3377,.T.);
#3377 = LINE('',#3378,#3379);
#3378 = CARTESIAN_POINT('',(8.45,-1.,0.2));
#3379 = VECTOR('',#3380,1.);
#3380 = DIRECTION('',(-1.,-0.,-0.));
#3381 = ORIENTED_EDGE('',*,*,#2421,.F.);
#3382 = PLANE('',#3383);
#3383 = AXIS2_PLACEMENT_3D('',#3384,#3385,#3386);
#3384 = CARTESIAN_POINT('',(8.45,-2.35,0.587106270774));
#3385 = DIRECTION('',(0.,-0.275637355817,-0.961261695938));
#3386 = DIRECTION('',(0.,0.961261695938,-0.275637355817));
#3387 = ADVANCED_FACE('',(#3388),#3399,.T.);
#3388 = FACE_BOUND('',#3389,.T.);
#3389 = EDGE_LOOP('',(#3390,#3391,#3392,#3398));
#3390 = ORIENTED_EDGE('',*,*,#1271,.T.);
#3391 = ORIENTED_EDGE('',*,*,#2517,.T.);
#3392 = ORIENTED_EDGE('',*,*,#3393,.F.);
#3393 = EDGE_CURVE('',#2632,#2518,#3394,.T.);
#3394 = LINE('',#3395,#3396);
#3395 = CARTESIAN_POINT('',(10.95,-1.,0.2));
#3396 = VECTOR('',#3397,1.);
#3397 = DIRECTION('',(-1.,-0.,-0.));
#3398 = ORIENTED_EDGE('',*,*,#2631,.F.);
#3399 = PLANE('',#3400);
#3400 = AXIS2_PLACEMENT_3D('',#3401,#3402,#3403);
#3401 = CARTESIAN_POINT('',(10.95,-2.35,0.587106270774));
#3402 = DIRECTION('',(0.,-0.275637355817,-0.961261695938));
#3403 = DIRECTION('',(0.,0.961261695938,-0.275637355817));
#3404 = ADVANCED_FACE('',(#3405),#3416,.T.);
#3405 = FACE_BOUND('',#3406,.T.);
#3406 = EDGE_LOOP('',(#3407,#3408,#3409,#3415));
#3407 = ORIENTED_EDGE('',*,*,#1239,.T.);
#3408 = ORIENTED_EDGE('',*,*,#2662,.T.);
#3409 = ORIENTED_EDGE('',*,*,#3410,.F.);
#3410 = EDGE_CURVE('',#2551,#2663,#3411,.T.);
#3411 = LINE('',#3412,#3413);
#3412 = CARTESIAN_POINT('',(13.45,-1.,0.2));
#3413 = VECTOR('',#3414,1.);
#3414 = DIRECTION('',(-1.,-0.,-0.));
#3415 = ORIENTED_EDGE('',*,*,#2550,.F.);
#3416 = PLANE('',#3417);
#3417 = AXIS2_PLACEMENT_3D('',#3418,#3419,#3420);
#3418 = CARTESIAN_POINT('',(13.45,-2.35,0.587106270774));
#3419 = DIRECTION('',(0.,-0.275637355817,-0.961261695938));
#3420 = DIRECTION('',(0.,0.961261695938,-0.275637355817));
#3421 = ADVANCED_FACE('',(#3422),#3433,.T.);
#3422 = FACE_BOUND('',#3423,.T.);
#3423 = EDGE_LOOP('',(#3424,#3425,#3426,#3432));
#3424 = ORIENTED_EDGE('',*,*,#1207,.T.);
#3425 = ORIENTED_EDGE('',*,*,#2452,.T.);
#3426 = ORIENTED_EDGE('',*,*,#3427,.F.);
#3427 = EDGE_CURVE('',#2341,#2453,#3428,.T.);
#3428 = LINE('',#3429,#3430);
#3429 = CARTESIAN_POINT('',(15.95,-1.,0.2));
#3430 = VECTOR('',#3431,1.);
#3431 = DIRECTION('',(-1.,-0.,-0.));
#3432 = ORIENTED_EDGE('',*,*,#2340,.F.);
#3433 = PLANE('',#3434);
#3434 = AXIS2_PLACEMENT_3D('',#3435,#3436,#3437);
#3435 = CARTESIAN_POINT('',(15.95,-2.35,0.587106270774));
#3436 = DIRECTION('',(0.,-0.275637355817,-0.961261695938));
#3437 = DIRECTION('',(0.,0.961261695938,-0.275637355817));
#3438 = ADVANCED_FACE('',(#3439),#3450,.T.);
#3439 = FACE_BOUND('',#3440,.T.);
#3440 = EDGE_LOOP('',(#3441,#3442,#3443,#3449));
#3441 = ORIENTED_EDGE('',*,*,#1175,.T.);
#3442 = ORIENTED_EDGE('',*,*,#2242,.T.);
#3443 = ORIENTED_EDGE('',*,*,#3444,.F.);
#3444 = EDGE_CURVE('',#2131,#2243,#3445,.T.);
#3445 = LINE('',#3446,#3447);
#3446 = CARTESIAN_POINT('',(18.45,-1.,0.2));
#3447 = VECTOR('',#3448,1.);
#3448 = DIRECTION('',(-1.,-0.,-0.));
#3449 = ORIENTED_EDGE('',*,*,#2130,.F.);
#3450 = PLANE('',#3451);
#3451 = AXIS2_PLACEMENT_3D('',#3452,#3453,#3454);
#3452 = CARTESIAN_POINT('',(18.45,-2.35,0.587106270774));
#3453 = DIRECTION('',(0.,-0.275637355817,-0.961261695938));
#3454 = DIRECTION('',(0.,0.961261695938,-0.275637355817));
#3455 = ADVANCED_FACE('',(#3456),#3467,.T.);
#3456 = FACE_BOUND('',#3457,.T.);
#3457 = EDGE_LOOP('',(#3458,#3459,#3460,#3466));
#3458 = ORIENTED_EDGE('',*,*,#1143,.T.);
#3459 = ORIENTED_EDGE('',*,*,#2032,.T.);
#3460 = ORIENTED_EDGE('',*,*,#3461,.F.);
#3461 = EDGE_CURVE('',#1921,#2033,#3462,.T.);
#3462 = LINE('',#3463,#3464);
#3463 = CARTESIAN_POINT('',(20.95,-1.,0.2));
#3464 = VECTOR('',#3465,1.);
#3465 = DIRECTION('',(-1.,-0.,-0.));
#3466 = ORIENTED_EDGE('',*,*,#1920,.F.);
#3467 = PLANE('',#3468);
#3468 = AXIS2_PLACEMENT_3D('',#3469,#3470,#3471);
#3469 = CARTESIAN_POINT('',(20.95,-2.35,0.587106270774));
#3470 = DIRECTION('',(0.,-0.275637355817,-0.961261695938));
#3471 = DIRECTION('',(0.,0.961261695938,-0.275637355817));
#3472 = ADVANCED_FACE('',(#3473),#3484,.T.);
#3473 = FACE_BOUND('',#3474,.T.);
#3474 = EDGE_LOOP('',(#3475,#3476,#3477,#3483));
#3475 = ORIENTED_EDGE('',*,*,#1111,.T.);
#3476 = ORIENTED_EDGE('',*,*,#1822,.T.);
#3477 = ORIENTED_EDGE('',*,*,#3478,.F.);
#3478 = EDGE_CURVE('',#1711,#1823,#3479,.T.);
#3479 = LINE('',#3480,#3481);
#3480 = CARTESIAN_POINT('',(23.45,-1.,0.2));
#3481 = VECTOR('',#3482,1.);
#3482 = DIRECTION('',(-1.,-0.,-0.));
#3483 = ORIENTED_EDGE('',*,*,#1710,.F.);
#3484 = PLANE('',#3485);
#3485 = AXIS2_PLACEMENT_3D('',#3486,#3487,#3488);
#3486 = CARTESIAN_POINT('',(23.45,-2.35,0.587106270774));
#3487 = DIRECTION('',(0.,-0.275637355817,-0.961261695938));
#3488 = DIRECTION('',(0.,0.961261695938,-0.275637355817));
#3489 = ADVANCED_FACE('',(#3490),#3501,.T.);
#3490 = FACE_BOUND('',#3491,.T.);
#3491 = EDGE_LOOP('',(#3492,#3493,#3494,#3500));
#3492 = ORIENTED_EDGE('',*,*,#1079,.T.);
#3493 = ORIENTED_EDGE('',*,*,#1629,.T.);
#3494 = ORIENTED_EDGE('',*,*,#3495,.F.);
#3495 = EDGE_CURVE('',#1573,#1630,#3496,.T.);
#3496 = LINE('',#3497,#3498);
#3497 = CARTESIAN_POINT('',(25.95,-1.,0.2));
#3498 = VECTOR('',#3499,1.);
#3499 = DIRECTION('',(-1.,-0.,-0.));
#3500 = ORIENTED_EDGE('',*,*,#1572,.F.);
#3501 = PLANE('',#3502);
#3502 = AXIS2_PLACEMENT_3D('',#3503,#3504,#3505);
#3503 = CARTESIAN_POINT('',(25.95,-2.35,0.587106270774));
#3504 = DIRECTION('',(0.,-0.275637355817,-0.961261695938));
#3505 = DIRECTION('',(0.,0.961261695938,-0.275637355817));
#3506 = ADVANCED_FACE('',(#3507),#3518,.T.);
#3507 = FACE_BOUND('',#3508,.T.);
#3508 = EDGE_LOOP('',(#3509,#3510,#3516,#3517));
#3509 = ORIENTED_EDGE('',*,*,#2915,.F.);
#3510 = ORIENTED_EDGE('',*,*,#3511,.T.);
#3511 = EDGE_CURVE('',#2908,#1041,#3512,.T.);
#3512 = LINE('',#3513,#3514);
#3513 = CARTESIAN_POINT('',(25.8,1.50990331349E-15,6.8));
#3514 = VECTOR('',#3515,1.);
#3515 = DIRECTION('',(0.,-1.,2.22044604925E-16));
#3516 = ORIENTED_EDGE('',*,*,#1048,.T.);
#3517 = ORIENTED_EDGE('',*,*,#2722,.F.);
#3518 = PLANE('',#3519);
#3519 = AXIS2_PLACEMENT_3D('',#3520,#3521,#3522);
#3520 = CARTESIAN_POINT('',(25.8,1.50990331349E-15,6.8));
#3521 = DIRECTION('',(-1.,0.,0.));
#3522 = DIRECTION('',(0.,2.22044604925E-16,1.));
#3523 = ADVANCED_FACE('',(#3524),#3535,.T.);
#3524 = FACE_BOUND('',#3525,.T.);
#3525 = EDGE_LOOP('',(#3526,#3527,#3533,#3534));
#3526 = ORIENTED_EDGE('',*,*,#2907,.F.);
#3527 = ORIENTED_EDGE('',*,*,#3528,.T.);
#3528 = EDGE_CURVE('',#2900,#1033,#3529,.T.);
#3529 = LINE('',#3530,#3531);
#3530 = CARTESIAN_POINT('',(25.4,1.42108547152E-15,6.4));
#3531 = VECTOR('',#3532,1.);
#3532 = DIRECTION('',(0.,-1.,2.22044604925E-16));
#3533 = ORIENTED_EDGE('',*,*,#1040,.T.);
#3534 = ORIENTED_EDGE('',*,*,#3511,.F.);
#3535 = PLANE('',#3536);
#3536 = AXIS2_PLACEMENT_3D('',#3537,#3538,#3539);
#3537 = CARTESIAN_POINT('',(25.4,1.42108547152E-15,6.4));
#3538 = DIRECTION('',(-0.707106781187,1.570092458684E-16,0.707106781187)
  );
#3539 = DIRECTION('',(0.707106781187,1.570092458684E-16,0.707106781187)
  );
#3540 = ADVANCED_FACE('',(#3541),#3552,.T.);
#3541 = FACE_BOUND('',#3542,.T.);
#3542 = EDGE_LOOP('',(#3543,#3544,#3550,#3551));
#3543 = ORIENTED_EDGE('',*,*,#2899,.F.);
#3544 = ORIENTED_EDGE('',*,*,#3545,.T.);
#3545 = EDGE_CURVE('',#2892,#1025,#3546,.T.);
#3546 = LINE('',#3547,#3548);
#3547 = CARTESIAN_POINT('',(25.8,1.33226762955E-15,6.));
#3548 = VECTOR('',#3549,1.);
#3549 = DIRECTION('',(0.,-1.,2.22044604925E-16));
#3550 = ORIENTED_EDGE('',*,*,#1032,.T.);
#3551 = ORIENTED_EDGE('',*,*,#3528,.F.);
#3552 = PLANE('',#3553);
#3553 = AXIS2_PLACEMENT_3D('',#3554,#3555,#3556);
#3554 = CARTESIAN_POINT('',(25.8,1.33226762955E-15,6.));
#3555 = DIRECTION('',(-0.707106781187,-1.570092458684E-16,
    -0.707106781187));
#3556 = DIRECTION('',(-0.707106781187,1.570092458684E-16,0.707106781187)
  );
#3557 = ADVANCED_FACE('',(#3558),#3569,.T.);
#3558 = FACE_BOUND('',#3559,.T.);
#3559 = EDGE_LOOP('',(#3560,#3561,#3567,#3568));
#3560 = ORIENTED_EDGE('',*,*,#2891,.F.);
#3561 = ORIENTED_EDGE('',*,*,#3562,.T.);
#3562 = EDGE_CURVE('',#2883,#1016,#3563,.T.);
#3563 = LINE('',#3564,#3565);
#3564 = CARTESIAN_POINT('',(25.8,8.659739592076E-16,3.9));
#3565 = VECTOR('',#3566,1.);
#3566 = DIRECTION('',(0.,-1.,2.22044604925E-16));
#3567 = ORIENTED_EDGE('',*,*,#1024,.T.);
#3568 = ORIENTED_EDGE('',*,*,#3545,.F.);
#3569 = PLANE('',#3570);
#3570 = AXIS2_PLACEMENT_3D('',#3571,#3572,#3573);
#3571 = CARTESIAN_POINT('',(25.8,8.659739592076E-16,3.9));
#3572 = DIRECTION('',(-1.,0.,0.));
#3573 = DIRECTION('',(0.,2.22044604925E-16,1.));
#3574 = ADVANCED_FACE('',(#3575),#3586,.F.);
#3575 = FACE_BOUND('',#3576,.T.);
#3576 = EDGE_LOOP('',(#3577,#3578,#3584,#3585));
#3577 = ORIENTED_EDGE('',*,*,#2882,.T.);
#3578 = ORIENTED_EDGE('',*,*,#3579,.T.);
#3579 = EDGE_CURVE('',#2875,#1008,#3580,.T.);
#3580 = LINE('',#3581,#3582);
#3581 = CARTESIAN_POINT('',(25.1,7.105427357601E-16,3.2));
#3582 = VECTOR('',#3583,1.);
#3583 = DIRECTION('',(0.,-1.,2.22044604925E-16));
#3584 = ORIENTED_EDGE('',*,*,#1015,.F.);
#3585 = ORIENTED_EDGE('',*,*,#3562,.F.);
#3586 = CYLINDRICAL_SURFACE('',#3587,0.7);
#3587 = AXIS2_PLACEMENT_3D('',#3588,#3589,#3590);
#3588 = CARTESIAN_POINT('',(25.1,8.659739592076E-16,3.9));
#3589 = DIRECTION('',(0.,1.,-2.22044604925E-16));
#3590 = DIRECTION('',(1.,0.,0.));
#3591 = ADVANCED_FACE('',(#3592),#3603,.T.);
#3592 = FACE_BOUND('',#3593,.T.);
#3593 = EDGE_LOOP('',(#3594,#3595,#3601,#3602));
#3594 = ORIENTED_EDGE('',*,*,#2874,.F.);
#3595 = ORIENTED_EDGE('',*,*,#3596,.T.);
#3596 = EDGE_CURVE('',#2867,#1000,#3597,.T.);
#3597 = LINE('',#3598,#3599);
#3598 = CARTESIAN_POINT('',(23.95,7.105427357601E-16,3.2));
#3599 = VECTOR('',#3600,1.);
#3600 = DIRECTION('',(0.,-1.,2.22044604925E-16));
#3601 = ORIENTED_EDGE('',*,*,#1007,.T.);
#3602 = ORIENTED_EDGE('',*,*,#3579,.F.);
#3603 = PLANE('',#3604);
#3604 = AXIS2_PLACEMENT_3D('',#3605,#3606,#3607);
#3605 = CARTESIAN_POINT('',(23.95,7.105427357601E-16,3.2));
#3606 = DIRECTION('',(0.,2.22044604925E-16,1.));
#3607 = DIRECTION('',(1.,0.,0.));
#3608 = ADVANCED_FACE('',(#3609),#3620,.T.);
#3609 = FACE_BOUND('',#3610,.T.);
#3610 = EDGE_LOOP('',(#3611,#3612,#3618,#3619));
#3611 = ORIENTED_EDGE('',*,*,#2866,.F.);
#3612 = ORIENTED_EDGE('',*,*,#3613,.T.);
#3613 = EDGE_CURVE('',#2859,#992,#3614,.T.);
#3614 = LINE('',#3615,#3616);
#3615 = CARTESIAN_POINT('',(23.95,1.554312234475E-15,7.));
#3616 = VECTOR('',#3617,1.);
#3617 = DIRECTION('',(0.,-1.,2.22044604925E-16));
#3618 = ORIENTED_EDGE('',*,*,#999,.T.);
#3619 = ORIENTED_EDGE('',*,*,#3596,.F.);
#3620 = PLANE('',#3621);
#3621 = AXIS2_PLACEMENT_3D('',#3622,#3623,#3624);
#3622 = CARTESIAN_POINT('',(23.95,1.554312234475E-15,7.));
#3623 = DIRECTION('',(1.,0.,0.));
#3624 = DIRECTION('',(0.,-2.22044604925E-16,-1.));
#3625 = ADVANCED_FACE('',(#3626),#3637,.T.);
#3626 = FACE_BOUND('',#3627,.T.);
#3627 = EDGE_LOOP('',(#3628,#3634,#3635,#3636));
#3628 = ORIENTED_EDGE('',*,*,#3629,.T.);
#3629 = EDGE_CURVE('',#2851,#984,#3630,.T.);
#3630 = LINE('',#3631,#3632);
#3631 = CARTESIAN_POINT('',(1.05,1.554312234475E-15,7.));
#3632 = VECTOR('',#3633,1.);
#3633 = DIRECTION('',(0.,-1.,2.22044604925E-16));
#3634 = ORIENTED_EDGE('',*,*,#991,.T.);
#3635 = ORIENTED_EDGE('',*,*,#3613,.F.);
#3636 = ORIENTED_EDGE('',*,*,#2858,.F.);
#3637 = PLANE('',#3638);
#3638 = AXIS2_PLACEMENT_3D('',#3639,#3640,#3641);
#3639 = CARTESIAN_POINT('',(12.5,0.525,7.));
#3640 = DIRECTION('',(0.,0.,1.));
#3641 = DIRECTION('',(1.,0.,0.));
#3642 = ADVANCED_FACE('',(#3643),#3654,.F.);
#3643 = FACE_BOUND('',#3644,.F.);
#3644 = EDGE_LOOP('',(#3645,#3646,#3647,#3648));
#3645 = ORIENTED_EDGE('',*,*,#2850,.F.);
#3646 = ORIENTED_EDGE('',*,*,#3629,.T.);
#3647 = ORIENTED_EDGE('',*,*,#983,.T.);
#3648 = ORIENTED_EDGE('',*,*,#3649,.F.);
#3649 = EDGE_CURVE('',#2843,#976,#3650,.T.);
#3650 = LINE('',#3651,#3652);
#3651 = CARTESIAN_POINT('',(1.05,7.105427357601E-16,3.2));
#3652 = VECTOR('',#3653,1.);
#3653 = DIRECTION('',(0.,-1.,2.22044604925E-16));
#3654 = PLANE('',#3655);
#3655 = AXIS2_PLACEMENT_3D('',#3656,#3657,#3658);
#3656 = CARTESIAN_POINT('',(1.05,1.554312234475E-15,7.));
#3657 = DIRECTION('',(1.,0.,0.));
#3658 = DIRECTION('',(0.,-2.22044604925E-16,-1.));
#3659 = ADVANCED_FACE('',(#3660),#3671,.F.);
#3660 = FACE_BOUND('',#3661,.F.);
#3661 = EDGE_LOOP('',(#3662,#3663,#3664,#3665));
#3662 = ORIENTED_EDGE('',*,*,#2842,.F.);
#3663 = ORIENTED_EDGE('',*,*,#3649,.T.);
#3664 = ORIENTED_EDGE('',*,*,#975,.T.);
#3665 = ORIENTED_EDGE('',*,*,#3666,.F.);
#3666 = EDGE_CURVE('',#2834,#967,#3667,.T.);
#3667 = LINE('',#3668,#3669);
#3668 = CARTESIAN_POINT('',(-0.1,7.105427357601E-16,3.2));
#3669 = VECTOR('',#3670,1.);
#3670 = DIRECTION('',(0.,-1.,2.22044604925E-16));
#3671 = PLANE('',#3672);
#3672 = AXIS2_PLACEMENT_3D('',#3673,#3674,#3675);
#3673 = CARTESIAN_POINT('',(1.05,7.105427357601E-16,3.2));
#3674 = DIRECTION('',(-0.,-2.22044604925E-16,-1.));
#3675 = DIRECTION('',(-1.,0.,0.));
#3676 = ADVANCED_FACE('',(#3677),#3688,.F.);
#3677 = FACE_BOUND('',#3678,.T.);
#3678 = EDGE_LOOP('',(#3679,#3680,#3686,#3687));
#3679 = ORIENTED_EDGE('',*,*,#2833,.T.);
#3680 = ORIENTED_EDGE('',*,*,#3681,.T.);
#3681 = EDGE_CURVE('',#2826,#959,#3682,.T.);
#3682 = LINE('',#3683,#3684);
#3683 = CARTESIAN_POINT('',(-0.8,8.659739592076E-16,3.9));
#3684 = VECTOR('',#3685,1.);
#3685 = DIRECTION('',(0.,-1.,2.22044604925E-16));
#3686 = ORIENTED_EDGE('',*,*,#966,.F.);
#3687 = ORIENTED_EDGE('',*,*,#3666,.F.);
#3688 = CYLINDRICAL_SURFACE('',#3689,0.7);
#3689 = AXIS2_PLACEMENT_3D('',#3690,#3691,#3692);
#3690 = CARTESIAN_POINT('',(-0.1,8.659739592076E-16,3.9));
#3691 = DIRECTION('',(0.,1.,-2.22044604925E-16));
#3692 = DIRECTION('',(1.,0.,0.));
#3693 = ADVANCED_FACE('',(#3694),#3705,.F.);
#3694 = FACE_BOUND('',#3695,.F.);
#3695 = EDGE_LOOP('',(#3696,#3697,#3698,#3699));
#3696 = ORIENTED_EDGE('',*,*,#2825,.F.);
#3697 = ORIENTED_EDGE('',*,*,#3681,.T.);
#3698 = ORIENTED_EDGE('',*,*,#958,.T.);
#3699 = ORIENTED_EDGE('',*,*,#3700,.F.);
#3700 = EDGE_CURVE('',#2818,#951,#3701,.T.);
#3701 = LINE('',#3702,#3703);
#3702 = CARTESIAN_POINT('',(-0.8,1.33226762955E-15,6.));
#3703 = VECTOR('',#3704,1.);
#3704 = DIRECTION('',(0.,-1.,2.22044604925E-16));
#3705 = PLANE('',#3706);
#3706 = AXIS2_PLACEMENT_3D('',#3707,#3708,#3709);
#3707 = CARTESIAN_POINT('',(-0.8,8.659739592076E-16,3.9));
#3708 = DIRECTION('',(-1.,0.,0.));
#3709 = DIRECTION('',(0.,2.22044604925E-16,1.));
#3710 = ADVANCED_FACE('',(#3711),#3722,.F.);
#3711 = FACE_BOUND('',#3712,.F.);
#3712 = EDGE_LOOP('',(#3713,#3714,#3715,#3716));
#3713 = ORIENTED_EDGE('',*,*,#2817,.F.);
#3714 = ORIENTED_EDGE('',*,*,#3700,.T.);
#3715 = ORIENTED_EDGE('',*,*,#950,.T.);
#3716 = ORIENTED_EDGE('',*,*,#3717,.F.);
#3717 = EDGE_CURVE('',#2810,#943,#3718,.T.);
#3718 = LINE('',#3719,#3720);
#3719 = CARTESIAN_POINT('',(-0.4,1.42108547152E-15,6.4));
#3720 = VECTOR('',#3721,1.);
#3721 = DIRECTION('',(0.,-1.,2.22044604925E-16));
#3722 = PLANE('',#3723);
#3723 = AXIS2_PLACEMENT_3D('',#3724,#3725,#3726);
#3724 = CARTESIAN_POINT('',(-0.8,1.33226762955E-15,6.));
#3725 = DIRECTION('',(-0.707106781187,1.570092458684E-16,0.707106781187)
  );
#3726 = DIRECTION('',(0.707106781187,1.570092458684E-16,0.707106781187)
  );
#3727 = ADVANCED_FACE('',(#3728),#3739,.F.);
#3728 = FACE_BOUND('',#3729,.F.);
#3729 = EDGE_LOOP('',(#3730,#3731,#3732,#3733));
#3730 = ORIENTED_EDGE('',*,*,#2809,.F.);
#3731 = ORIENTED_EDGE('',*,*,#3717,.T.);
#3732 = ORIENTED_EDGE('',*,*,#942,.T.);
#3733 = ORIENTED_EDGE('',*,*,#3734,.F.);
#3734 = EDGE_CURVE('',#2802,#935,#3735,.T.);
#3735 = LINE('',#3736,#3737);
#3736 = CARTESIAN_POINT('',(-0.8,1.50990331349E-15,6.8));
#3737 = VECTOR('',#3738,1.);
#3738 = DIRECTION('',(0.,-1.,2.22044604925E-16));
#3739 = PLANE('',#3740);
#3740 = AXIS2_PLACEMENT_3D('',#3741,#3742,#3743);
#3741 = CARTESIAN_POINT('',(-0.4,1.42108547152E-15,6.4));
#3742 = DIRECTION('',(-0.707106781187,-1.570092458684E-16,
    -0.707106781187));
#3743 = DIRECTION('',(-0.707106781187,1.570092458684E-16,0.707106781187)
  );
#3744 = ADVANCED_FACE('',(#3745),#3751,.F.);
#3745 = FACE_BOUND('',#3746,.F.);
#3746 = EDGE_LOOP('',(#3747,#3748,#3749,#3750));
#3747 = ORIENTED_EDGE('',*,*,#2801,.F.);
#3748 = ORIENTED_EDGE('',*,*,#3734,.T.);
#3749 = ORIENTED_EDGE('',*,*,#934,.T.);
#3750 = ORIENTED_EDGE('',*,*,#1429,.F.);
#3751 = PLANE('',#3752);
#3752 = AXIS2_PLACEMENT_3D('',#3753,#3754,#3755);
#3753 = CARTESIAN_POINT('',(-0.8,1.50990331349E-15,6.8));
#3754 = DIRECTION('',(-1.,0.,0.));
#3755 = DIRECTION('',(0.,2.22044604925E-16,1.));
#3756 = ADVANCED_FACE('',(#3757,#3763),#3797,.T.);
#3757 = FACE_BOUND('',#3758,.T.);
#3758 = EDGE_LOOP('',(#3759,#3760,#3761,#3762));
#3759 = ORIENTED_EDGE('',*,*,#3495,.T.);
#3760 = ORIENTED_EDGE('',*,*,#1637,.T.);
#3761 = ORIENTED_EDGE('',*,*,#1605,.F.);
#3762 = ORIENTED_EDGE('',*,*,#1580,.F.);
#3763 = FACE_BOUND('',#3764,.T.);
#3764 = EDGE_LOOP('',(#3765,#3775,#3783,#3791));
#3765 = ORIENTED_EDGE('',*,*,#3766,.F.);
#3766 = EDGE_CURVE('',#3767,#3769,#3771,.T.);
#3767 = VERTEX_POINT('',#3768);
#3768 = CARTESIAN_POINT('',(25.32,-0.32,0.2));
#3769 = VERTEX_POINT('',#3770);
#3770 = CARTESIAN_POINT('',(24.68,-0.32,0.2));
#3771 = LINE('',#3772,#3773);
#3772 = CARTESIAN_POINT('',(25.635,-0.32,0.2));
#3773 = VECTOR('',#3774,1.);
#3774 = DIRECTION('',(-1.,-0.,-0.));
#3775 = ORIENTED_EDGE('',*,*,#3776,.F.);
#3776 = EDGE_CURVE('',#3777,#3767,#3779,.T.);
#3777 = VERTEX_POINT('',#3778);
#3778 = CARTESIAN_POINT('',(25.32,0.32,0.2));
#3779 = LINE('',#3780,#3781);
#3780 = CARTESIAN_POINT('',(25.32,-0.5,0.2));
#3781 = VECTOR('',#3782,1.);
#3782 = DIRECTION('',(0.,-1.,0.));
#3783 = ORIENTED_EDGE('',*,*,#3784,.F.);
#3784 = EDGE_CURVE('',#3785,#3777,#3787,.T.);
#3785 = VERTEX_POINT('',#3786);
#3786 = CARTESIAN_POINT('',(24.68,0.32,0.2));
#3787 = LINE('',#3788,#3789);
#3788 = CARTESIAN_POINT('',(25.635,0.32,0.2));
#3789 = VECTOR('',#3790,1.);
#3790 = DIRECTION('',(1.,0.,0.));
#3791 = ORIENTED_EDGE('',*,*,#3792,.T.);
#3792 = EDGE_CURVE('',#3785,#3769,#3793,.T.);
#3793 = LINE('',#3794,#3795);
#3794 = CARTESIAN_POINT('',(24.68,-0.5,0.2));
#3795 = VECTOR('',#3796,1.);
#3796 = DIRECTION('',(0.,-1.,0.));
#3797 = PLANE('',#3798);
#3798 = AXIS2_PLACEMENT_3D('',#3799,#3800,#3801);
#3799 = CARTESIAN_POINT('',(25.95,-1.,0.2));
#3800 = DIRECTION('',(0.,0.,-1.));
#3801 = DIRECTION('',(0.,1.,0.));
#3802 = ADVANCED_FACE('',(#3803,#3809),#3843,.T.);
#3803 = FACE_BOUND('',#3804,.T.);
#3804 = EDGE_LOOP('',(#3805,#3806,#3807,#3808));
#3805 = ORIENTED_EDGE('',*,*,#3325,.T.);
#3806 = ORIENTED_EDGE('',*,*,#1685,.T.);
#3807 = ORIENTED_EDGE('',*,*,#1743,.F.);
#3808 = ORIENTED_EDGE('',*,*,#1799,.F.);
#3809 = FACE_BOUND('',#3810,.T.);
#3810 = EDGE_LOOP('',(#3811,#3821,#3829,#3837));
#3811 = ORIENTED_EDGE('',*,*,#3812,.F.);
#3812 = EDGE_CURVE('',#3813,#3815,#3817,.T.);
#3813 = VERTEX_POINT('',#3814);
#3814 = CARTESIAN_POINT('',(0.32,-0.32,0.2));
#3815 = VERTEX_POINT('',#3816);
#3816 = CARTESIAN_POINT('',(-0.32,-0.32,0.2));
#3817 = LINE('',#3818,#3819);
#3818 = CARTESIAN_POINT('',(0.635,-0.32,0.2));
#3819 = VECTOR('',#3820,1.);
#3820 = DIRECTION('',(-1.,-0.,-0.));
#3821 = ORIENTED_EDGE('',*,*,#3822,.F.);
#3822 = EDGE_CURVE('',#3823,#3813,#3825,.T.);
#3823 = VERTEX_POINT('',#3824);
#3824 = CARTESIAN_POINT('',(0.32,0.32,0.2));
#3825 = LINE('',#3826,#3827);
#3826 = CARTESIAN_POINT('',(0.32,-0.5,0.2));
#3827 = VECTOR('',#3828,1.);
#3828 = DIRECTION('',(0.,-1.,0.));
#3829 = ORIENTED_EDGE('',*,*,#3830,.F.);
#3830 = EDGE_CURVE('',#3831,#3823,#3833,.T.);
#3831 = VERTEX_POINT('',#3832);
#3832 = CARTESIAN_POINT('',(-0.32,0.32,0.2));
#3833 = LINE('',#3834,#3835);
#3834 = CARTESIAN_POINT('',(0.635,0.32,0.2));
#3835 = VECTOR('',#3836,1.);
#3836 = DIRECTION('',(1.,0.,0.));
#3837 = ORIENTED_EDGE('',*,*,#3838,.T.);
#3838 = EDGE_CURVE('',#3831,#3815,#3839,.T.);
#3839 = LINE('',#3840,#3841);
#3840 = CARTESIAN_POINT('',(-0.32,-0.5,0.2));
#3841 = VECTOR('',#3842,1.);
#3842 = DIRECTION('',(0.,-1.,0.));
#3843 = PLANE('',#3844);
#3844 = AXIS2_PLACEMENT_3D('',#3845,#3846,#3847);
#3845 = CARTESIAN_POINT('',(0.95,-1.,0.2));
#3846 = DIRECTION('',(0.,0.,-1.));
#3847 = DIRECTION('',(0.,1.,0.));
#3848 = ADVANCED_FACE('',(#3849,#3855),#3889,.T.);
#3849 = FACE_BOUND('',#3850,.T.);
#3850 = EDGE_LOOP('',(#3851,#3852,#3853,#3854));
#3851 = ORIENTED_EDGE('',*,*,#3478,.T.);
#3852 = ORIENTED_EDGE('',*,*,#1830,.T.);
#3853 = ORIENTED_EDGE('',*,*,#1767,.F.);
#3854 = ORIENTED_EDGE('',*,*,#1718,.F.);
#3855 = FACE_BOUND('',#3856,.T.);
#3856 = EDGE_LOOP('',(#3857,#3867,#3875,#3883));
#3857 = ORIENTED_EDGE('',*,*,#3858,.F.);
#3858 = EDGE_CURVE('',#3859,#3861,#3863,.T.);
#3859 = VERTEX_POINT('',#3860);
#3860 = CARTESIAN_POINT('',(22.82,-0.32,0.2));
#3861 = VERTEX_POINT('',#3862);
#3862 = CARTESIAN_POINT('',(22.18,-0.32,0.2));
#3863 = LINE('',#3864,#3865);
#3864 = CARTESIAN_POINT('',(23.135,-0.32,0.2));
#3865 = VECTOR('',#3866,1.);
#3866 = DIRECTION('',(-1.,-0.,-0.));
#3867 = ORIENTED_EDGE('',*,*,#3868,.F.);
#3868 = EDGE_CURVE('',#3869,#3859,#3871,.T.);
#3869 = VERTEX_POINT('',#3870);
#3870 = CARTESIAN_POINT('',(22.82,0.32,0.2));
#3871 = LINE('',#3872,#3873);
#3872 = CARTESIAN_POINT('',(22.82,-0.5,0.2));
#3873 = VECTOR('',#3874,1.);
#3874 = DIRECTION('',(0.,-1.,0.));
#3875 = ORIENTED_EDGE('',*,*,#3876,.F.);
#3876 = EDGE_CURVE('',#3877,#3869,#3879,.T.);
#3877 = VERTEX_POINT('',#3878);
#3878 = CARTESIAN_POINT('',(22.18,0.32,0.2));
#3879 = LINE('',#3880,#3881);
#3880 = CARTESIAN_POINT('',(23.135,0.32,0.2));
#3881 = VECTOR('',#3882,1.);
#3882 = DIRECTION('',(1.,0.,0.));
#3883 = ORIENTED_EDGE('',*,*,#3884,.T.);
#3884 = EDGE_CURVE('',#3877,#3861,#3885,.T.);
#3885 = LINE('',#3886,#3887);
#3886 = CARTESIAN_POINT('',(22.18,-0.5,0.2));
#3887 = VECTOR('',#3888,1.);
#3888 = DIRECTION('',(0.,-1.,0.));
#3889 = PLANE('',#3890);
#3890 = AXIS2_PLACEMENT_3D('',#3891,#3892,#3893);
#3891 = CARTESIAN_POINT('',(23.45,-1.,0.2));
#3892 = DIRECTION('',(0.,0.,-1.));
#3893 = DIRECTION('',(0.,1.,0.));
#3894 = ADVANCED_FACE('',(#3895,#3901),#3935,.T.);
#3895 = FACE_BOUND('',#3896,.T.);
#3896 = EDGE_LOOP('',(#3897,#3898,#3899,#3900));
#3897 = ORIENTED_EDGE('',*,*,#3342,.T.);
#3898 = ORIENTED_EDGE('',*,*,#1895,.T.);
#3899 = ORIENTED_EDGE('',*,*,#1953,.F.);
#3900 = ORIENTED_EDGE('',*,*,#2009,.F.);
#3901 = FACE_BOUND('',#3902,.T.);
#3902 = EDGE_LOOP('',(#3903,#3913,#3921,#3929));
#3903 = ORIENTED_EDGE('',*,*,#3904,.F.);
#3904 = EDGE_CURVE('',#3905,#3907,#3909,.T.);
#3905 = VERTEX_POINT('',#3906);
#3906 = CARTESIAN_POINT('',(2.82,-0.32,0.2));
#3907 = VERTEX_POINT('',#3908);
#3908 = CARTESIAN_POINT('',(2.18,-0.32,0.2));
#3909 = LINE('',#3910,#3911);
#3910 = CARTESIAN_POINT('',(3.135,-0.32,0.2));
#3911 = VECTOR('',#3912,1.);
#3912 = DIRECTION('',(-1.,-0.,-0.));
#3913 = ORIENTED_EDGE('',*,*,#3914,.F.);
#3914 = EDGE_CURVE('',#3915,#3905,#3917,.T.);
#3915 = VERTEX_POINT('',#3916);
#3916 = CARTESIAN_POINT('',(2.82,0.32,0.2));
#3917 = LINE('',#3918,#3919);
#3918 = CARTESIAN_POINT('',(2.82,-0.5,0.2));
#3919 = VECTOR('',#3920,1.);
#3920 = DIRECTION('',(0.,-1.,0.));
#3921 = ORIENTED_EDGE('',*,*,#3922,.F.);
#3922 = EDGE_CURVE('',#3923,#3915,#3925,.T.);
#3923 = VERTEX_POINT('',#3924);
#3924 = CARTESIAN_POINT('',(2.18,0.32,0.2));
#3925 = LINE('',#3926,#3927);
#3926 = CARTESIAN_POINT('',(3.135,0.32,0.2));
#3927 = VECTOR('',#3928,1.);
#3928 = DIRECTION('',(1.,0.,0.));
#3929 = ORIENTED_EDGE('',*,*,#3930,.T.);
#3930 = EDGE_CURVE('',#3923,#3907,#3931,.T.);
#3931 = LINE('',#3932,#3933);
#3932 = CARTESIAN_POINT('',(2.18,-0.5,0.2));
#3933 = VECTOR('',#3934,1.);
#3934 = DIRECTION('',(0.,-1.,0.));
#3935 = PLANE('',#3936);
#3936 = AXIS2_PLACEMENT_3D('',#3937,#3938,#3939);
#3937 = CARTESIAN_POINT('',(3.45,-1.,0.2));
#3938 = DIRECTION('',(0.,0.,-1.));
#3939 = DIRECTION('',(0.,1.,0.));
#3940 = ADVANCED_FACE('',(#3941,#3947),#3981,.T.);
#3941 = FACE_BOUND('',#3942,.T.);
#3942 = EDGE_LOOP('',(#3943,#3944,#3945,#3946));
#3943 = ORIENTED_EDGE('',*,*,#3461,.T.);
#3944 = ORIENTED_EDGE('',*,*,#2040,.T.);
#3945 = ORIENTED_EDGE('',*,*,#1977,.F.);
#3946 = ORIENTED_EDGE('',*,*,#1928,.F.);
#3947 = FACE_BOUND('',#3948,.T.);
#3948 = EDGE_LOOP('',(#3949,#3959,#3967,#3975));
#3949 = ORIENTED_EDGE('',*,*,#3950,.F.);
#3950 = EDGE_CURVE('',#3951,#3953,#3955,.T.);
#3951 = VERTEX_POINT('',#3952);
#3952 = CARTESIAN_POINT('',(20.32,-0.32,0.2));
#3953 = VERTEX_POINT('',#3954);
#3954 = CARTESIAN_POINT('',(19.68,-0.32,0.2));
#3955 = LINE('',#3956,#3957);
#3956 = CARTESIAN_POINT('',(20.635,-0.32,0.2));
#3957 = VECTOR('',#3958,1.);
#3958 = DIRECTION('',(-1.,-0.,-0.));
#3959 = ORIENTED_EDGE('',*,*,#3960,.F.);
#3960 = EDGE_CURVE('',#3961,#3951,#3963,.T.);
#3961 = VERTEX_POINT('',#3962);
#3962 = CARTESIAN_POINT('',(20.32,0.32,0.2));
#3963 = LINE('',#3964,#3965);
#3964 = CARTESIAN_POINT('',(20.32,-0.5,0.2));
#3965 = VECTOR('',#3966,1.);
#3966 = DIRECTION('',(0.,-1.,0.));
#3967 = ORIENTED_EDGE('',*,*,#3968,.F.);
#3968 = EDGE_CURVE('',#3969,#3961,#3971,.T.);
#3969 = VERTEX_POINT('',#3970);
#3970 = CARTESIAN_POINT('',(19.68,0.32,0.2));
#3971 = LINE('',#3972,#3973);
#3972 = CARTESIAN_POINT('',(20.635,0.32,0.2));
#3973 = VECTOR('',#3974,1.);
#3974 = DIRECTION('',(1.,0.,0.));
#3975 = ORIENTED_EDGE('',*,*,#3976,.T.);
#3976 = EDGE_CURVE('',#3969,#3953,#3977,.T.);
#3977 = LINE('',#3978,#3979);
#3978 = CARTESIAN_POINT('',(19.68,-0.5,0.2));
#3979 = VECTOR('',#3980,1.);
#3980 = DIRECTION('',(0.,-1.,0.));
#3981 = PLANE('',#3982);
#3982 = AXIS2_PLACEMENT_3D('',#3983,#3984,#3985);
#3983 = CARTESIAN_POINT('',(20.95,-1.,0.2));
#3984 = DIRECTION('',(0.,0.,-1.));
#3985 = DIRECTION('',(0.,1.,0.));
#3986 = ADVANCED_FACE('',(#3987,#3993),#4027,.T.);
#3987 = FACE_BOUND('',#3988,.T.);
#3988 = EDGE_LOOP('',(#3989,#3990,#3991,#3992));
#3989 = ORIENTED_EDGE('',*,*,#3359,.T.);
#3990 = ORIENTED_EDGE('',*,*,#2105,.T.);
#3991 = ORIENTED_EDGE('',*,*,#2163,.F.);
#3992 = ORIENTED_EDGE('',*,*,#2219,.F.);
#3993 = FACE_BOUND('',#3994,.T.);
#3994 = EDGE_LOOP('',(#3995,#4005,#4013,#4021));
#3995 = ORIENTED_EDGE('',*,*,#3996,.F.);
#3996 = EDGE_CURVE('',#3997,#3999,#4001,.T.);
#3997 = VERTEX_POINT('',#3998);
#3998 = CARTESIAN_POINT('',(5.32,-0.32,0.2));
#3999 = VERTEX_POINT('',#4000);
#4000 = CARTESIAN_POINT('',(4.68,-0.32,0.2));
#4001 = LINE('',#4002,#4003);
#4002 = CARTESIAN_POINT('',(5.635,-0.32,0.2));
#4003 = VECTOR('',#4004,1.);
#4004 = DIRECTION('',(-1.,-0.,-0.));
#4005 = ORIENTED_EDGE('',*,*,#4006,.F.);
#4006 = EDGE_CURVE('',#4007,#3997,#4009,.T.);
#4007 = VERTEX_POINT('',#4008);
#4008 = CARTESIAN_POINT('',(5.32,0.32,0.2));
#4009 = LINE('',#4010,#4011);
#4010 = CARTESIAN_POINT('',(5.32,-0.5,0.2));
#4011 = VECTOR('',#4012,1.);
#4012 = DIRECTION('',(0.,-1.,0.));
#4013 = ORIENTED_EDGE('',*,*,#4014,.F.);
#4014 = EDGE_CURVE('',#4015,#4007,#4017,.T.);
#4015 = VERTEX_POINT('',#4016);
#4016 = CARTESIAN_POINT('',(4.68,0.32,0.2));
#4017 = LINE('',#4018,#4019);
#4018 = CARTESIAN_POINT('',(5.635,0.32,0.2));
#4019 = VECTOR('',#4020,1.);
#4020 = DIRECTION('',(1.,0.,0.));
#4021 = ORIENTED_EDGE('',*,*,#4022,.T.);
#4022 = EDGE_CURVE('',#4015,#3999,#4023,.T.);
#4023 = LINE('',#4024,#4025);
#4024 = CARTESIAN_POINT('',(4.68,-0.5,0.2));
#4025 = VECTOR('',#4026,1.);
#4026 = DIRECTION('',(0.,-1.,0.));
#4027 = PLANE('',#4028);
#4028 = AXIS2_PLACEMENT_3D('',#4029,#4030,#4031);
#4029 = CARTESIAN_POINT('',(5.95,-1.,0.2));
#4030 = DIRECTION('',(0.,0.,-1.));
#4031 = DIRECTION('',(0.,1.,0.));
#4032 = ADVANCED_FACE('',(#4033,#4039),#4073,.T.);
#4033 = FACE_BOUND('',#4034,.T.);
#4034 = EDGE_LOOP('',(#4035,#4036,#4037,#4038));
#4035 = ORIENTED_EDGE('',*,*,#3444,.T.);
#4036 = ORIENTED_EDGE('',*,*,#2250,.T.);
#4037 = ORIENTED_EDGE('',*,*,#2187,.F.);
#4038 = ORIENTED_EDGE('',*,*,#2138,.F.);
#4039 = FACE_BOUND('',#4040,.T.);
#4040 = EDGE_LOOP('',(#4041,#4051,#4059,#4067));
#4041 = ORIENTED_EDGE('',*,*,#4042,.F.);
#4042 = EDGE_CURVE('',#4043,#4045,#4047,.T.);
#4043 = VERTEX_POINT('',#4044);
#4044 = CARTESIAN_POINT('',(17.82,-0.32,0.2));
#4045 = VERTEX_POINT('',#4046);
#4046 = CARTESIAN_POINT('',(17.18,-0.32,0.2));
#4047 = LINE('',#4048,#4049);
#4048 = CARTESIAN_POINT('',(18.135,-0.32,0.2));
#4049 = VECTOR('',#4050,1.);
#4050 = DIRECTION('',(-1.,-0.,-0.));
#4051 = ORIENTED_EDGE('',*,*,#4052,.F.);
#4052 = EDGE_CURVE('',#4053,#4043,#4055,.T.);
#4053 = VERTEX_POINT('',#4054);
#4054 = CARTESIAN_POINT('',(17.82,0.32,0.2));
#4055 = LINE('',#4056,#4057);
#4056 = CARTESIAN_POINT('',(17.82,-0.5,0.2));
#4057 = VECTOR('',#4058,1.);
#4058 = DIRECTION('',(0.,-1.,0.));
#4059 = ORIENTED_EDGE('',*,*,#4060,.F.);
#4060 = EDGE_CURVE('',#4061,#4053,#4063,.T.);
#4061 = VERTEX_POINT('',#4062);
#4062 = CARTESIAN_POINT('',(17.18,0.32,0.2));
#4063 = LINE('',#4064,#4065);
#4064 = CARTESIAN_POINT('',(18.135,0.32,0.2));
#4065 = VECTOR('',#4066,1.);
#4066 = DIRECTION('',(1.,0.,0.));
#4067 = ORIENTED_EDGE('',*,*,#4068,.T.);
#4068 = EDGE_CURVE('',#4061,#4045,#4069,.T.);
#4069 = LINE('',#4070,#4071);
#4070 = CARTESIAN_POINT('',(17.18,-0.5,0.2));
#4071 = VECTOR('',#4072,1.);
#4072 = DIRECTION('',(0.,-1.,0.));
#4073 = PLANE('',#4074);
#4074 = AXIS2_PLACEMENT_3D('',#4075,#4076,#4077);
#4075 = CARTESIAN_POINT('',(18.45,-1.,0.2));
#4076 = DIRECTION('',(0.,0.,-1.));
#4077 = DIRECTION('',(0.,1.,0.));
#4078 = ADVANCED_FACE('',(#4079,#4085),#4119,.T.);
#4079 = FACE_BOUND('',#4080,.T.);
#4080 = EDGE_LOOP('',(#4081,#4082,#4083,#4084));
#4081 = ORIENTED_EDGE('',*,*,#3376,.T.);
#4082 = ORIENTED_EDGE('',*,*,#2315,.T.);
#4083 = ORIENTED_EDGE('',*,*,#2373,.F.);
#4084 = ORIENTED_EDGE('',*,*,#2429,.F.);
#4085 = FACE_BOUND('',#4086,.T.);
#4086 = EDGE_LOOP('',(#4087,#4097,#4105,#4113));
#4087 = ORIENTED_EDGE('',*,*,#4088,.F.);
#4088 = EDGE_CURVE('',#4089,#4091,#4093,.T.);
#4089 = VERTEX_POINT('',#4090);
#4090 = CARTESIAN_POINT('',(7.82,-0.32,0.2));
#4091 = VERTEX_POINT('',#4092);
#4092 = CARTESIAN_POINT('',(7.18,-0.32,0.2));
#4093 = LINE('',#4094,#4095);
#4094 = CARTESIAN_POINT('',(8.135,-0.32,0.2));
#4095 = VECTOR('',#4096,1.);
#4096 = DIRECTION('',(-1.,-0.,-0.));
#4097 = ORIENTED_EDGE('',*,*,#4098,.F.);
#4098 = EDGE_CURVE('',#4099,#4089,#4101,.T.);
#4099 = VERTEX_POINT('',#4100);
#4100 = CARTESIAN_POINT('',(7.82,0.32,0.2));
#4101 = LINE('',#4102,#4103);
#4102 = CARTESIAN_POINT('',(7.82,-0.5,0.2));
#4103 = VECTOR('',#4104,1.);
#4104 = DIRECTION('',(0.,-1.,0.));
#4105 = ORIENTED_EDGE('',*,*,#4106,.F.);
#4106 = EDGE_CURVE('',#4107,#4099,#4109,.T.);
#4107 = VERTEX_POINT('',#4108);
#4108 = CARTESIAN_POINT('',(7.18,0.32,0.2));
#4109 = LINE('',#4110,#4111);
#4110 = CARTESIAN_POINT('',(8.135,0.32,0.2));
#4111 = VECTOR('',#4112,1.);
#4112 = DIRECTION('',(1.,0.,0.));
#4113 = ORIENTED_EDGE('',*,*,#4114,.T.);
#4114 = EDGE_CURVE('',#4107,#4091,#4115,.T.);
#4115 = LINE('',#4116,#4117);
#4116 = CARTESIAN_POINT('',(7.18,-0.5,0.2));
#4117 = VECTOR('',#4118,1.);
#4118 = DIRECTION('',(0.,-1.,0.));
#4119 = PLANE('',#4120);
#4120 = AXIS2_PLACEMENT_3D('',#4121,#4122,#4123);
#4121 = CARTESIAN_POINT('',(8.45,-1.,0.2));
#4122 = DIRECTION('',(0.,0.,-1.));
#4123 = DIRECTION('',(0.,1.,0.));
#4124 = ADVANCED_FACE('',(#4125,#4131),#4165,.T.);
#4125 = FACE_BOUND('',#4126,.T.);
#4126 = EDGE_LOOP('',(#4127,#4128,#4129,#4130));
#4127 = ORIENTED_EDGE('',*,*,#3427,.T.);
#4128 = ORIENTED_EDGE('',*,*,#2460,.T.);
#4129 = ORIENTED_EDGE('',*,*,#2397,.F.);
#4130 = ORIENTED_EDGE('',*,*,#2348,.F.);
#4131 = FACE_BOUND('',#4132,.T.);
#4132 = EDGE_LOOP('',(#4133,#4143,#4151,#4159));
#4133 = ORIENTED_EDGE('',*,*,#4134,.F.);
#4134 = EDGE_CURVE('',#4135,#4137,#4139,.T.);
#4135 = VERTEX_POINT('',#4136);
#4136 = CARTESIAN_POINT('',(15.32,-0.32,0.2));
#4137 = VERTEX_POINT('',#4138);
#4138 = CARTESIAN_POINT('',(14.68,-0.32,0.2));
#4139 = LINE('',#4140,#4141);
#4140 = CARTESIAN_POINT('',(15.635,-0.32,0.2));
#4141 = VECTOR('',#4142,1.);
#4142 = DIRECTION('',(-1.,-0.,-0.));
#4143 = ORIENTED_EDGE('',*,*,#4144,.F.);
#4144 = EDGE_CURVE('',#4145,#4135,#4147,.T.);
#4145 = VERTEX_POINT('',#4146);
#4146 = CARTESIAN_POINT('',(15.32,0.32,0.2));
#4147 = LINE('',#4148,#4149);
#4148 = CARTESIAN_POINT('',(15.32,-0.5,0.2));
#4149 = VECTOR('',#4150,1.);
#4150 = DIRECTION('',(0.,-1.,0.));
#4151 = ORIENTED_EDGE('',*,*,#4152,.F.);
#4152 = EDGE_CURVE('',#4153,#4145,#4155,.T.);
#4153 = VERTEX_POINT('',#4154);
#4154 = CARTESIAN_POINT('',(14.68,0.32,0.2));
#4155 = LINE('',#4156,#4157);
#4156 = CARTESIAN_POINT('',(15.635,0.32,0.2));
#4157 = VECTOR('',#4158,1.);
#4158 = DIRECTION('',(1.,0.,0.));
#4159 = ORIENTED_EDGE('',*,*,#4160,.T.);
#4160 = EDGE_CURVE('',#4153,#4137,#4161,.T.);
#4161 = LINE('',#4162,#4163);
#4162 = CARTESIAN_POINT('',(14.68,-0.5,0.2));
#4163 = VECTOR('',#4164,1.);
#4164 = DIRECTION('',(0.,-1.,0.));
#4165 = PLANE('',#4166);
#4166 = AXIS2_PLACEMENT_3D('',#4167,#4168,#4169);
#4167 = CARTESIAN_POINT('',(15.95,-1.,0.2));
#4168 = DIRECTION('',(0.,0.,-1.));
#4169 = DIRECTION('',(0.,1.,0.));
#4170 = ADVANCED_FACE('',(#4171,#4177),#4211,.T.);
#4171 = FACE_BOUND('',#4172,.T.);
#4172 = EDGE_LOOP('',(#4173,#4174,#4175,#4176));
#4173 = ORIENTED_EDGE('',*,*,#3393,.T.);
#4174 = ORIENTED_EDGE('',*,*,#2525,.T.);
#4175 = ORIENTED_EDGE('',*,*,#2583,.F.);
#4176 = ORIENTED_EDGE('',*,*,#2639,.F.);
#4177 = FACE_BOUND('',#4178,.T.);
#4178 = EDGE_LOOP('',(#4179,#4189,#4197,#4205));
#4179 = ORIENTED_EDGE('',*,*,#4180,.F.);
#4180 = EDGE_CURVE('',#4181,#4183,#4185,.T.);
#4181 = VERTEX_POINT('',#4182);
#4182 = CARTESIAN_POINT('',(10.32,-0.32,0.2));
#4183 = VERTEX_POINT('',#4184);
#4184 = CARTESIAN_POINT('',(9.68,-0.32,0.2));
#4185 = LINE('',#4186,#4187);
#4186 = CARTESIAN_POINT('',(10.635,-0.32,0.2));
#4187 = VECTOR('',#4188,1.);
#4188 = DIRECTION('',(-1.,-0.,-0.));
#4189 = ORIENTED_EDGE('',*,*,#4190,.F.);
#4190 = EDGE_CURVE('',#4191,#4181,#4193,.T.);
#4191 = VERTEX_POINT('',#4192);
#4192 = CARTESIAN_POINT('',(10.32,0.32,0.2));
#4193 = LINE('',#4194,#4195);
#4194 = CARTESIAN_POINT('',(10.32,-0.5,0.2));
#4195 = VECTOR('',#4196,1.);
#4196 = DIRECTION('',(0.,-1.,0.));
#4197 = ORIENTED_EDGE('',*,*,#4198,.F.);
#4198 = EDGE_CURVE('',#4199,#4191,#4201,.T.);
#4199 = VERTEX_POINT('',#4200);
#4200 = CARTESIAN_POINT('',(9.68,0.32,0.2));
#4201 = LINE('',#4202,#4203);
#4202 = CARTESIAN_POINT('',(10.635,0.32,0.2));
#4203 = VECTOR('',#4204,1.);
#4204 = DIRECTION('',(1.,0.,0.));
#4205 = ORIENTED_EDGE('',*,*,#4206,.T.);
#4206 = EDGE_CURVE('',#4199,#4183,#4207,.T.);
#4207 = LINE('',#4208,#4209);
#4208 = CARTESIAN_POINT('',(9.68,-0.5,0.2));
#4209 = VECTOR('',#4210,1.);
#4210 = DIRECTION('',(0.,-1.,0.));
#4211 = PLANE('',#4212);
#4212 = AXIS2_PLACEMENT_3D('',#4213,#4214,#4215);
#4213 = CARTESIAN_POINT('',(10.95,-1.,0.2));
#4214 = DIRECTION('',(0.,0.,-1.));
#4215 = DIRECTION('',(0.,1.,0.));
#4216 = ADVANCED_FACE('',(#4217,#4223),#4257,.T.);
#4217 = FACE_BOUND('',#4218,.T.);
#4218 = EDGE_LOOP('',(#4219,#4220,#4221,#4222));
#4219 = ORIENTED_EDGE('',*,*,#3410,.T.);
#4220 = ORIENTED_EDGE('',*,*,#2670,.T.);
#4221 = ORIENTED_EDGE('',*,*,#2607,.F.);
#4222 = ORIENTED_EDGE('',*,*,#2558,.F.);
#4223 = FACE_BOUND('',#4224,.T.);
#4224 = EDGE_LOOP('',(#4225,#4235,#4243,#4251));
#4225 = ORIENTED_EDGE('',*,*,#4226,.F.);
#4226 = EDGE_CURVE('',#4227,#4229,#4231,.T.);
#4227 = VERTEX_POINT('',#4228);
#4228 = CARTESIAN_POINT('',(12.82,-0.32,0.2));
#4229 = VERTEX_POINT('',#4230);
#4230 = CARTESIAN_POINT('',(12.18,-0.32,0.2));
#4231 = LINE('',#4232,#4233);
#4232 = CARTESIAN_POINT('',(13.135,-0.32,0.2));
#4233 = VECTOR('',#4234,1.);
#4234 = DIRECTION('',(-1.,-0.,-0.));
#4235 = ORIENTED_EDGE('',*,*,#4236,.F.);
#4236 = EDGE_CURVE('',#4237,#4227,#4239,.T.);
#4237 = VERTEX_POINT('',#4238);
#4238 = CARTESIAN_POINT('',(12.82,0.32,0.2));
#4239 = LINE('',#4240,#4241);
#4240 = CARTESIAN_POINT('',(12.82,-0.5,0.2));
#4241 = VECTOR('',#4242,1.);
#4242 = DIRECTION('',(0.,-1.,0.));
#4243 = ORIENTED_EDGE('',*,*,#4244,.F.);
#4244 = EDGE_CURVE('',#4245,#4237,#4247,.T.);
#4245 = VERTEX_POINT('',#4246);
#4246 = CARTESIAN_POINT('',(12.18,0.32,0.2));
#4247 = LINE('',#4248,#4249);
#4248 = CARTESIAN_POINT('',(13.135,0.32,0.2));
#4249 = VECTOR('',#4250,1.);
#4250 = DIRECTION('',(1.,0.,0.));
#4251 = ORIENTED_EDGE('',*,*,#4252,.T.);
#4252 = EDGE_CURVE('',#4245,#4229,#4253,.T.);
#4253 = LINE('',#4254,#4255);
#4254 = CARTESIAN_POINT('',(12.18,-0.5,0.2));
#4255 = VECTOR('',#4256,1.);
#4256 = DIRECTION('',(0.,-1.,0.));
#4257 = PLANE('',#4258);
#4258 = AXIS2_PLACEMENT_3D('',#4259,#4260,#4261);
#4259 = CARTESIAN_POINT('',(13.45,-1.,0.2));
#4260 = DIRECTION('',(0.,0.,-1.));
#4261 = DIRECTION('',(0.,1.,0.));
#4262 = ADVANCED_FACE('',(#4263),#4279,.F.);
#4263 = FACE_BOUND('',#4264,.F.);
#4264 = EDGE_LOOP('',(#4265,#4271,#4272,#4278));
#4265 = ORIENTED_EDGE('',*,*,#4266,.F.);
#4266 = EDGE_CURVE('',#2946,#3767,#4267,.T.);
#4267 = LINE('',#4268,#4269);
#4268 = CARTESIAN_POINT('',(25.32,-0.32,2.711519));
#4269 = VECTOR('',#4270,1.);
#4270 = DIRECTION('',(0.,0.,-1.));
#4271 = ORIENTED_EDGE('',*,*,#2943,.F.);
#4272 = ORIENTED_EDGE('',*,*,#4273,.T.);
#4273 = EDGE_CURVE('',#2944,#3769,#4274,.T.);
#4274 = LINE('',#4275,#4276);
#4275 = CARTESIAN_POINT('',(24.68,-0.32,2.711519));
#4276 = VECTOR('',#4277,1.);
#4277 = DIRECTION('',(0.,0.,-1.));
#4278 = ORIENTED_EDGE('',*,*,#3766,.F.);
#4279 = PLANE('',#4280);
#4280 = AXIS2_PLACEMENT_3D('',#4281,#4282,#4283);
#4281 = CARTESIAN_POINT('',(25.32,-0.32,2.711519));
#4282 = DIRECTION('',(0.,-1.,0.));
#4283 = DIRECTION('',(0.,0.,-1.));
#4284 = ADVANCED_FACE('',(#4285),#4296,.F.);
#4285 = FACE_BOUND('',#4286,.F.);
#4286 = EDGE_LOOP('',(#4287,#4288,#4289,#4290));
#4287 = ORIENTED_EDGE('',*,*,#2969,.F.);
#4288 = ORIENTED_EDGE('',*,*,#4266,.T.);
#4289 = ORIENTED_EDGE('',*,*,#3776,.F.);
#4290 = ORIENTED_EDGE('',*,*,#4291,.T.);
#4291 = EDGE_CURVE('',#3777,#2962,#4292,.T.);
#4292 = LINE('',#4293,#4294);
#4293 = CARTESIAN_POINT('',(25.32,0.32,-0.538043));
#4294 = VECTOR('',#4295,1.);
#4295 = DIRECTION('',(0.,0.,1.));
#4296 = PLANE('',#4297);
#4297 = AXIS2_PLACEMENT_3D('',#4298,#4299,#4300);
#4298 = CARTESIAN_POINT('',(25.32,0.,1.086738));
#4299 = DIRECTION('',(1.,0.,0.));
#4300 = DIRECTION('',(0.,0.,1.));
#4301 = ADVANCED_FACE('',(#4302),#4313,.F.);
#4302 = FACE_BOUND('',#4303,.F.);
#4303 = EDGE_LOOP('',(#4304,#4305,#4306,#4312));
#4304 = ORIENTED_EDGE('',*,*,#4291,.F.);
#4305 = ORIENTED_EDGE('',*,*,#3784,.F.);
#4306 = ORIENTED_EDGE('',*,*,#4307,.T.);
#4307 = EDGE_CURVE('',#3785,#2954,#4308,.T.);
#4308 = LINE('',#4309,#4310);
#4309 = CARTESIAN_POINT('',(24.68,0.32,-0.538043));
#4310 = VECTOR('',#4311,1.);
#4311 = DIRECTION('',(0.,0.,1.));
#4312 = ORIENTED_EDGE('',*,*,#2961,.F.);
#4313 = PLANE('',#4314);
#4314 = AXIS2_PLACEMENT_3D('',#4315,#4316,#4317);
#4315 = CARTESIAN_POINT('',(25.32,0.32,-0.538043));
#4316 = DIRECTION('',(0.,1.,0.));
#4317 = DIRECTION('',(0.,0.,1.));
#4318 = ADVANCED_FACE('',(#4319),#4325,.T.);
#4319 = FACE_BOUND('',#4320,.T.);
#4320 = EDGE_LOOP('',(#4321,#4322,#4323,#4324));
#4321 = ORIENTED_EDGE('',*,*,#2953,.F.);
#4322 = ORIENTED_EDGE('',*,*,#4273,.T.);
#4323 = ORIENTED_EDGE('',*,*,#3792,.F.);
#4324 = ORIENTED_EDGE('',*,*,#4307,.T.);
#4325 = PLANE('',#4326);
#4326 = AXIS2_PLACEMENT_3D('',#4327,#4328,#4329);
#4327 = CARTESIAN_POINT('',(24.68,0.,1.086738));
#4328 = DIRECTION('',(1.,0.,0.));
#4329 = DIRECTION('',(0.,0.,1.));
#4330 = ADVANCED_FACE('',(#4331),#4347,.F.);
#4331 = FACE_BOUND('',#4332,.F.);
#4332 = EDGE_LOOP('',(#4333,#4339,#4340,#4346));
#4333 = ORIENTED_EDGE('',*,*,#4334,.F.);
#4334 = EDGE_CURVE('',#2980,#3859,#4335,.T.);
#4335 = LINE('',#4336,#4337);
#4336 = CARTESIAN_POINT('',(22.82,-0.32,2.711519));
#4337 = VECTOR('',#4338,1.);
#4338 = DIRECTION('',(0.,0.,-1.));
#4339 = ORIENTED_EDGE('',*,*,#2977,.F.);
#4340 = ORIENTED_EDGE('',*,*,#4341,.T.);
#4341 = EDGE_CURVE('',#2978,#3861,#4342,.T.);
#4342 = LINE('',#4343,#4344);
#4343 = CARTESIAN_POINT('',(22.18,-0.32,2.711519));
#4344 = VECTOR('',#4345,1.);
#4345 = DIRECTION('',(0.,0.,-1.));
#4346 = ORIENTED_EDGE('',*,*,#3858,.F.);
#4347 = PLANE('',#4348);
#4348 = AXIS2_PLACEMENT_3D('',#4349,#4350,#4351);
#4349 = CARTESIAN_POINT('',(22.82,-0.32,2.711519));
#4350 = DIRECTION('',(0.,-1.,0.));
#4351 = DIRECTION('',(0.,0.,-1.));
#4352 = ADVANCED_FACE('',(#4353),#4364,.F.);
#4353 = FACE_BOUND('',#4354,.F.);
#4354 = EDGE_LOOP('',(#4355,#4356,#4357,#4358));
#4355 = ORIENTED_EDGE('',*,*,#3003,.F.);
#4356 = ORIENTED_EDGE('',*,*,#4334,.T.);
#4357 = ORIENTED_EDGE('',*,*,#3868,.F.);
#4358 = ORIENTED_EDGE('',*,*,#4359,.T.);
#4359 = EDGE_CURVE('',#3869,#2996,#4360,.T.);
#4360 = LINE('',#4361,#4362);
#4361 = CARTESIAN_POINT('',(22.82,0.32,-0.538043));
#4362 = VECTOR('',#4363,1.);
#4363 = DIRECTION('',(0.,0.,1.));
#4364 = PLANE('',#4365);
#4365 = AXIS2_PLACEMENT_3D('',#4366,#4367,#4368);
#4366 = CARTESIAN_POINT('',(22.82,0.,1.086738));
#4367 = DIRECTION('',(1.,0.,0.));
#4368 = DIRECTION('',(0.,0.,1.));
#4369 = ADVANCED_FACE('',(#4370),#4381,.F.);
#4370 = FACE_BOUND('',#4371,.F.);
#4371 = EDGE_LOOP('',(#4372,#4373,#4374,#4380));
#4372 = ORIENTED_EDGE('',*,*,#4359,.F.);
#4373 = ORIENTED_EDGE('',*,*,#3876,.F.);
#4374 = ORIENTED_EDGE('',*,*,#4375,.T.);
#4375 = EDGE_CURVE('',#3877,#2988,#4376,.T.);
#4376 = LINE('',#4377,#4378);
#4377 = CARTESIAN_POINT('',(22.18,0.32,-0.538043));
#4378 = VECTOR('',#4379,1.);
#4379 = DIRECTION('',(0.,0.,1.));
#4380 = ORIENTED_EDGE('',*,*,#2995,.F.);
#4381 = PLANE('',#4382);
#4382 = AXIS2_PLACEMENT_3D('',#4383,#4384,#4385);
#4383 = CARTESIAN_POINT('',(22.82,0.32,-0.538043));
#4384 = DIRECTION('',(0.,1.,0.));
#4385 = DIRECTION('',(0.,0.,1.));
#4386 = ADVANCED_FACE('',(#4387),#4393,.T.);
#4387 = FACE_BOUND('',#4388,.T.);
#4388 = EDGE_LOOP('',(#4389,#4390,#4391,#4392));
#4389 = ORIENTED_EDGE('',*,*,#2987,.F.);
#4390 = ORIENTED_EDGE('',*,*,#4341,.T.);
#4391 = ORIENTED_EDGE('',*,*,#3884,.F.);
#4392 = ORIENTED_EDGE('',*,*,#4375,.T.);
#4393 = PLANE('',#4394);
#4394 = AXIS2_PLACEMENT_3D('',#4395,#4396,#4397);
#4395 = CARTESIAN_POINT('',(22.18,0.,1.086738));
#4396 = DIRECTION('',(1.,0.,0.));
#4397 = DIRECTION('',(0.,0.,1.));
#4398 = ADVANCED_FACE('',(#4399),#4415,.F.);
#4399 = FACE_BOUND('',#4400,.F.);
#4400 = EDGE_LOOP('',(#4401,#4407,#4408,#4414));
#4401 = ORIENTED_EDGE('',*,*,#4402,.F.);
#4402 = EDGE_CURVE('',#3014,#3951,#4403,.T.);
#4403 = LINE('',#4404,#4405);
#4404 = CARTESIAN_POINT('',(20.32,-0.32,2.711519));
#4405 = VECTOR('',#4406,1.);
#4406 = DIRECTION('',(0.,0.,-1.));
#4407 = ORIENTED_EDGE('',*,*,#3011,.F.);
#4408 = ORIENTED_EDGE('',*,*,#4409,.T.);
#4409 = EDGE_CURVE('',#3012,#3953,#4410,.T.);
#4410 = LINE('',#4411,#4412);
#4411 = CARTESIAN_POINT('',(19.68,-0.32,2.711519));
#4412 = VECTOR('',#4413,1.);
#4413 = DIRECTION('',(0.,0.,-1.));
#4414 = ORIENTED_EDGE('',*,*,#3950,.F.);
#4415 = PLANE('',#4416);
#4416 = AXIS2_PLACEMENT_3D('',#4417,#4418,#4419);
#4417 = CARTESIAN_POINT('',(20.32,-0.32,2.711519));
#4418 = DIRECTION('',(0.,-1.,0.));
#4419 = DIRECTION('',(0.,0.,-1.));
#4420 = ADVANCED_FACE('',(#4421),#4432,.F.);
#4421 = FACE_BOUND('',#4422,.F.);
#4422 = EDGE_LOOP('',(#4423,#4424,#4425,#4426));
#4423 = ORIENTED_EDGE('',*,*,#3037,.F.);
#4424 = ORIENTED_EDGE('',*,*,#4402,.T.);
#4425 = ORIENTED_EDGE('',*,*,#3960,.F.);
#4426 = ORIENTED_EDGE('',*,*,#4427,.T.);
#4427 = EDGE_CURVE('',#3961,#3030,#4428,.T.);
#4428 = LINE('',#4429,#4430);
#4429 = CARTESIAN_POINT('',(20.32,0.32,-0.538043));
#4430 = VECTOR('',#4431,1.);
#4431 = DIRECTION('',(0.,0.,1.));
#4432 = PLANE('',#4433);
#4433 = AXIS2_PLACEMENT_3D('',#4434,#4435,#4436);
#4434 = CARTESIAN_POINT('',(20.32,0.,1.086738));
#4435 = DIRECTION('',(1.,0.,0.));
#4436 = DIRECTION('',(0.,0.,1.));
#4437 = ADVANCED_FACE('',(#4438),#4449,.F.);
#4438 = FACE_BOUND('',#4439,.F.);
#4439 = EDGE_LOOP('',(#4440,#4441,#4442,#4448));
#4440 = ORIENTED_EDGE('',*,*,#4427,.F.);
#4441 = ORIENTED_EDGE('',*,*,#3968,.F.);
#4442 = ORIENTED_EDGE('',*,*,#4443,.T.);
#4443 = EDGE_CURVE('',#3969,#3022,#4444,.T.);
#4444 = LINE('',#4445,#4446);
#4445 = CARTESIAN_POINT('',(19.68,0.32,-0.538043));
#4446 = VECTOR('',#4447,1.);
#4447 = DIRECTION('',(0.,0.,1.));
#4448 = ORIENTED_EDGE('',*,*,#3029,.F.);
#4449 = PLANE('',#4450);
#4450 = AXIS2_PLACEMENT_3D('',#4451,#4452,#4453);
#4451 = CARTESIAN_POINT('',(20.32,0.32,-0.538043));
#4452 = DIRECTION('',(0.,1.,0.));
#4453 = DIRECTION('',(0.,0.,1.));
#4454 = ADVANCED_FACE('',(#4455),#4461,.T.);
#4455 = FACE_BOUND('',#4456,.T.);
#4456 = EDGE_LOOP('',(#4457,#4458,#4459,#4460));
#4457 = ORIENTED_EDGE('',*,*,#3021,.F.);
#4458 = ORIENTED_EDGE('',*,*,#4409,.T.);
#4459 = ORIENTED_EDGE('',*,*,#3976,.F.);
#4460 = ORIENTED_EDGE('',*,*,#4443,.T.);
#4461 = PLANE('',#4462);
#4462 = AXIS2_PLACEMENT_3D('',#4463,#4464,#4465);
#4463 = CARTESIAN_POINT('',(19.68,0.,1.086738));
#4464 = DIRECTION('',(1.,0.,0.));
#4465 = DIRECTION('',(0.,0.,1.));
#4466 = ADVANCED_FACE('',(#4467),#4483,.F.);
#4467 = FACE_BOUND('',#4468,.F.);
#4468 = EDGE_LOOP('',(#4469,#4475,#4476,#4482));
#4469 = ORIENTED_EDGE('',*,*,#4470,.F.);
#4470 = EDGE_CURVE('',#3048,#4043,#4471,.T.);
#4471 = LINE('',#4472,#4473);
#4472 = CARTESIAN_POINT('',(17.82,-0.32,2.711519));
#4473 = VECTOR('',#4474,1.);
#4474 = DIRECTION('',(0.,0.,-1.));
#4475 = ORIENTED_EDGE('',*,*,#3045,.F.);
#4476 = ORIENTED_EDGE('',*,*,#4477,.T.);
#4477 = EDGE_CURVE('',#3046,#4045,#4478,.T.);
#4478 = LINE('',#4479,#4480);
#4479 = CARTESIAN_POINT('',(17.18,-0.32,2.711519));
#4480 = VECTOR('',#4481,1.);
#4481 = DIRECTION('',(0.,0.,-1.));
#4482 = ORIENTED_EDGE('',*,*,#4042,.F.);
#4483 = PLANE('',#4484);
#4484 = AXIS2_PLACEMENT_3D('',#4485,#4486,#4487);
#4485 = CARTESIAN_POINT('',(17.82,-0.32,2.711519));
#4486 = DIRECTION('',(0.,-1.,0.));
#4487 = DIRECTION('',(0.,0.,-1.));
#4488 = ADVANCED_FACE('',(#4489),#4500,.F.);
#4489 = FACE_BOUND('',#4490,.F.);
#4490 = EDGE_LOOP('',(#4491,#4492,#4493,#4494));
#4491 = ORIENTED_EDGE('',*,*,#3071,.F.);
#4492 = ORIENTED_EDGE('',*,*,#4470,.T.);
#4493 = ORIENTED_EDGE('',*,*,#4052,.F.);
#4494 = ORIENTED_EDGE('',*,*,#4495,.T.);
#4495 = EDGE_CURVE('',#4053,#3064,#4496,.T.);
#4496 = LINE('',#4497,#4498);
#4497 = CARTESIAN_POINT('',(17.82,0.32,-0.538043));
#4498 = VECTOR('',#4499,1.);
#4499 = DIRECTION('',(0.,0.,1.));
#4500 = PLANE('',#4501);
#4501 = AXIS2_PLACEMENT_3D('',#4502,#4503,#4504);
#4502 = CARTESIAN_POINT('',(17.82,0.,1.086738));
#4503 = DIRECTION('',(1.,0.,0.));
#4504 = DIRECTION('',(0.,0.,1.));
#4505 = ADVANCED_FACE('',(#4506),#4517,.F.);
#4506 = FACE_BOUND('',#4507,.F.);
#4507 = EDGE_LOOP('',(#4508,#4509,#4510,#4516));
#4508 = ORIENTED_EDGE('',*,*,#4495,.F.);
#4509 = ORIENTED_EDGE('',*,*,#4060,.F.);
#4510 = ORIENTED_EDGE('',*,*,#4511,.T.);
#4511 = EDGE_CURVE('',#4061,#3056,#4512,.T.);
#4512 = LINE('',#4513,#4514);
#4513 = CARTESIAN_POINT('',(17.18,0.32,-0.538043));
#4514 = VECTOR('',#4515,1.);
#4515 = DIRECTION('',(0.,0.,1.));
#4516 = ORIENTED_EDGE('',*,*,#3063,.F.);
#4517 = PLANE('',#4518);
#4518 = AXIS2_PLACEMENT_3D('',#4519,#4520,#4521);
#4519 = CARTESIAN_POINT('',(17.82,0.32,-0.538043));
#4520 = DIRECTION('',(0.,1.,0.));
#4521 = DIRECTION('',(0.,0.,1.));
#4522 = ADVANCED_FACE('',(#4523),#4529,.T.);
#4523 = FACE_BOUND('',#4524,.T.);
#4524 = EDGE_LOOP('',(#4525,#4526,#4527,#4528));
#4525 = ORIENTED_EDGE('',*,*,#3055,.F.);
#4526 = ORIENTED_EDGE('',*,*,#4477,.T.);
#4527 = ORIENTED_EDGE('',*,*,#4068,.F.);
#4528 = ORIENTED_EDGE('',*,*,#4511,.T.);
#4529 = PLANE('',#4530);
#4530 = AXIS2_PLACEMENT_3D('',#4531,#4532,#4533);
#4531 = CARTESIAN_POINT('',(17.18,0.,1.086738));
#4532 = DIRECTION('',(1.,0.,0.));
#4533 = DIRECTION('',(0.,0.,1.));
#4534 = ADVANCED_FACE('',(#4535),#4551,.F.);
#4535 = FACE_BOUND('',#4536,.F.);
#4536 = EDGE_LOOP('',(#4537,#4543,#4544,#4550));
#4537 = ORIENTED_EDGE('',*,*,#4538,.F.);
#4538 = EDGE_CURVE('',#3082,#4135,#4539,.T.);
#4539 = LINE('',#4540,#4541);
#4540 = CARTESIAN_POINT('',(15.32,-0.32,2.711519));
#4541 = VECTOR('',#4542,1.);
#4542 = DIRECTION('',(0.,0.,-1.));
#4543 = ORIENTED_EDGE('',*,*,#3079,.F.);
#4544 = ORIENTED_EDGE('',*,*,#4545,.T.);
#4545 = EDGE_CURVE('',#3080,#4137,#4546,.T.);
#4546 = LINE('',#4547,#4548);
#4547 = CARTESIAN_POINT('',(14.68,-0.32,2.711519));
#4548 = VECTOR('',#4549,1.);
#4549 = DIRECTION('',(0.,0.,-1.));
#4550 = ORIENTED_EDGE('',*,*,#4134,.F.);
#4551 = PLANE('',#4552);
#4552 = AXIS2_PLACEMENT_3D('',#4553,#4554,#4555);
#4553 = CARTESIAN_POINT('',(15.32,-0.32,2.711519));
#4554 = DIRECTION('',(0.,-1.,0.));
#4555 = DIRECTION('',(0.,0.,-1.));
#4556 = ADVANCED_FACE('',(#4557),#4568,.F.);
#4557 = FACE_BOUND('',#4558,.F.);
#4558 = EDGE_LOOP('',(#4559,#4560,#4561,#4562));
#4559 = ORIENTED_EDGE('',*,*,#3105,.F.);
#4560 = ORIENTED_EDGE('',*,*,#4538,.T.);
#4561 = ORIENTED_EDGE('',*,*,#4144,.F.);
#4562 = ORIENTED_EDGE('',*,*,#4563,.T.);
#4563 = EDGE_CURVE('',#4145,#3098,#4564,.T.);
#4564 = LINE('',#4565,#4566);
#4565 = CARTESIAN_POINT('',(15.32,0.32,-0.538043));
#4566 = VECTOR('',#4567,1.);
#4567 = DIRECTION('',(0.,0.,1.));
#4568 = PLANE('',#4569);
#4569 = AXIS2_PLACEMENT_3D('',#4570,#4571,#4572);
#4570 = CARTESIAN_POINT('',(15.32,0.,1.086738));
#4571 = DIRECTION('',(1.,0.,0.));
#4572 = DIRECTION('',(0.,0.,1.));
#4573 = ADVANCED_FACE('',(#4574),#4585,.F.);
#4574 = FACE_BOUND('',#4575,.F.);
#4575 = EDGE_LOOP('',(#4576,#4577,#4578,#4584));
#4576 = ORIENTED_EDGE('',*,*,#4563,.F.);
#4577 = ORIENTED_EDGE('',*,*,#4152,.F.);
#4578 = ORIENTED_EDGE('',*,*,#4579,.T.);
#4579 = EDGE_CURVE('',#4153,#3090,#4580,.T.);
#4580 = LINE('',#4581,#4582);
#4581 = CARTESIAN_POINT('',(14.68,0.32,-0.538043));
#4582 = VECTOR('',#4583,1.);
#4583 = DIRECTION('',(0.,0.,1.));
#4584 = ORIENTED_EDGE('',*,*,#3097,.F.);
#4585 = PLANE('',#4586);
#4586 = AXIS2_PLACEMENT_3D('',#4587,#4588,#4589);
#4587 = CARTESIAN_POINT('',(15.32,0.32,-0.538043));
#4588 = DIRECTION('',(0.,1.,0.));
#4589 = DIRECTION('',(0.,0.,1.));
#4590 = ADVANCED_FACE('',(#4591),#4597,.T.);
#4591 = FACE_BOUND('',#4592,.T.);
#4592 = EDGE_LOOP('',(#4593,#4594,#4595,#4596));
#4593 = ORIENTED_EDGE('',*,*,#3089,.F.);
#4594 = ORIENTED_EDGE('',*,*,#4545,.T.);
#4595 = ORIENTED_EDGE('',*,*,#4160,.F.);
#4596 = ORIENTED_EDGE('',*,*,#4579,.T.);
#4597 = PLANE('',#4598);
#4598 = AXIS2_PLACEMENT_3D('',#4599,#4600,#4601);
#4599 = CARTESIAN_POINT('',(14.68,0.,1.086738));
#4600 = DIRECTION('',(1.,0.,0.));
#4601 = DIRECTION('',(0.,0.,1.));
#4602 = ADVANCED_FACE('',(#4603),#4619,.F.);
#4603 = FACE_BOUND('',#4604,.F.);
#4604 = EDGE_LOOP('',(#4605,#4611,#4612,#4618));
#4605 = ORIENTED_EDGE('',*,*,#4606,.F.);
#4606 = EDGE_CURVE('',#3116,#4227,#4607,.T.);
#4607 = LINE('',#4608,#4609);
#4608 = CARTESIAN_POINT('',(12.82,-0.32,2.711519));
#4609 = VECTOR('',#4610,1.);
#4610 = DIRECTION('',(0.,0.,-1.));
#4611 = ORIENTED_EDGE('',*,*,#3113,.F.);
#4612 = ORIENTED_EDGE('',*,*,#4613,.T.);
#4613 = EDGE_CURVE('',#3114,#4229,#4614,.T.);
#4614 = LINE('',#4615,#4616);
#4615 = CARTESIAN_POINT('',(12.18,-0.32,2.711519));
#4616 = VECTOR('',#4617,1.);
#4617 = DIRECTION('',(0.,0.,-1.));
#4618 = ORIENTED_EDGE('',*,*,#4226,.F.);
#4619 = PLANE('',#4620);
#4620 = AXIS2_PLACEMENT_3D('',#4621,#4622,#4623);
#4621 = CARTESIAN_POINT('',(12.82,-0.32,2.711519));
#4622 = DIRECTION('',(0.,-1.,0.));
#4623 = DIRECTION('',(0.,0.,-1.));
#4624 = ADVANCED_FACE('',(#4625),#4636,.F.);
#4625 = FACE_BOUND('',#4626,.F.);
#4626 = EDGE_LOOP('',(#4627,#4628,#4629,#4630));
#4627 = ORIENTED_EDGE('',*,*,#3139,.F.);
#4628 = ORIENTED_EDGE('',*,*,#4606,.T.);
#4629 = ORIENTED_EDGE('',*,*,#4236,.F.);
#4630 = ORIENTED_EDGE('',*,*,#4631,.T.);
#4631 = EDGE_CURVE('',#4237,#3132,#4632,.T.);
#4632 = LINE('',#4633,#4634);
#4633 = CARTESIAN_POINT('',(12.82,0.32,-0.538043));
#4634 = VECTOR('',#4635,1.);
#4635 = DIRECTION('',(0.,0.,1.));
#4636 = PLANE('',#4637);
#4637 = AXIS2_PLACEMENT_3D('',#4638,#4639,#4640);
#4638 = CARTESIAN_POINT('',(12.82,0.,1.086738));
#4639 = DIRECTION('',(1.,0.,0.));
#4640 = DIRECTION('',(0.,0.,1.));
#4641 = ADVANCED_FACE('',(#4642),#4653,.F.);
#4642 = FACE_BOUND('',#4643,.F.);
#4643 = EDGE_LOOP('',(#4644,#4645,#4646,#4652));
#4644 = ORIENTED_EDGE('',*,*,#4631,.F.);
#4645 = ORIENTED_EDGE('',*,*,#4244,.F.);
#4646 = ORIENTED_EDGE('',*,*,#4647,.T.);
#4647 = EDGE_CURVE('',#4245,#3124,#4648,.T.);
#4648 = LINE('',#4649,#4650);
#4649 = CARTESIAN_POINT('',(12.18,0.32,-0.538043));
#4650 = VECTOR('',#4651,1.);
#4651 = DIRECTION('',(0.,0.,1.));
#4652 = ORIENTED_EDGE('',*,*,#3131,.F.);
#4653 = PLANE('',#4654);
#4654 = AXIS2_PLACEMENT_3D('',#4655,#4656,#4657);
#4655 = CARTESIAN_POINT('',(12.82,0.32,-0.538043));
#4656 = DIRECTION('',(0.,1.,0.));
#4657 = DIRECTION('',(0.,0.,1.));
#4658 = ADVANCED_FACE('',(#4659),#4665,.T.);
#4659 = FACE_BOUND('',#4660,.T.);
#4660 = EDGE_LOOP('',(#4661,#4662,#4663,#4664));
#4661 = ORIENTED_EDGE('',*,*,#3123,.F.);
#4662 = ORIENTED_EDGE('',*,*,#4613,.T.);
#4663 = ORIENTED_EDGE('',*,*,#4252,.F.);
#4664 = ORIENTED_EDGE('',*,*,#4647,.T.);
#4665 = PLANE('',#4666);
#4666 = AXIS2_PLACEMENT_3D('',#4667,#4668,#4669);
#4667 = CARTESIAN_POINT('',(12.18,0.,1.086738));
#4668 = DIRECTION('',(1.,0.,0.));
#4669 = DIRECTION('',(0.,0.,1.));
#4670 = ADVANCED_FACE('',(#4671),#4687,.F.);
#4671 = FACE_BOUND('',#4672,.F.);
#4672 = EDGE_LOOP('',(#4673,#4679,#4680,#4686));
#4673 = ORIENTED_EDGE('',*,*,#4674,.F.);
#4674 = EDGE_CURVE('',#3150,#4181,#4675,.T.);
#4675 = LINE('',#4676,#4677);
#4676 = CARTESIAN_POINT('',(10.32,-0.32,2.711519));
#4677 = VECTOR('',#4678,1.);
#4678 = DIRECTION('',(0.,0.,-1.));
#4679 = ORIENTED_EDGE('',*,*,#3147,.F.);
#4680 = ORIENTED_EDGE('',*,*,#4681,.T.);
#4681 = EDGE_CURVE('',#3148,#4183,#4682,.T.);
#4682 = LINE('',#4683,#4684);
#4683 = CARTESIAN_POINT('',(9.68,-0.32,2.711519));
#4684 = VECTOR('',#4685,1.);
#4685 = DIRECTION('',(0.,0.,-1.));
#4686 = ORIENTED_EDGE('',*,*,#4180,.F.);
#4687 = PLANE('',#4688);
#4688 = AXIS2_PLACEMENT_3D('',#4689,#4690,#4691);
#4689 = CARTESIAN_POINT('',(10.32,-0.32,2.711519));
#4690 = DIRECTION('',(0.,-1.,0.));
#4691 = DIRECTION('',(0.,0.,-1.));
#4692 = ADVANCED_FACE('',(#4693),#4704,.F.);
#4693 = FACE_BOUND('',#4694,.F.);
#4694 = EDGE_LOOP('',(#4695,#4696,#4697,#4698));
#4695 = ORIENTED_EDGE('',*,*,#3173,.F.);
#4696 = ORIENTED_EDGE('',*,*,#4674,.T.);
#4697 = ORIENTED_EDGE('',*,*,#4190,.F.);
#4698 = ORIENTED_EDGE('',*,*,#4699,.T.);
#4699 = EDGE_CURVE('',#4191,#3166,#4700,.T.);
#4700 = LINE('',#4701,#4702);
#4701 = CARTESIAN_POINT('',(10.32,0.32,-0.538043));
#4702 = VECTOR('',#4703,1.);
#4703 = DIRECTION('',(0.,0.,1.));
#4704 = PLANE('',#4705);
#4705 = AXIS2_PLACEMENT_3D('',#4706,#4707,#4708);
#4706 = CARTESIAN_POINT('',(10.32,0.,1.086738));
#4707 = DIRECTION('',(1.,0.,0.));
#4708 = DIRECTION('',(0.,0.,1.));
#4709 = ADVANCED_FACE('',(#4710),#4721,.F.);
#4710 = FACE_BOUND('',#4711,.F.);
#4711 = EDGE_LOOP('',(#4712,#4713,#4714,#4720));
#4712 = ORIENTED_EDGE('',*,*,#4699,.F.);
#4713 = ORIENTED_EDGE('',*,*,#4198,.F.);
#4714 = ORIENTED_EDGE('',*,*,#4715,.T.);
#4715 = EDGE_CURVE('',#4199,#3158,#4716,.T.);
#4716 = LINE('',#4717,#4718);
#4717 = CARTESIAN_POINT('',(9.68,0.32,-0.538043));
#4718 = VECTOR('',#4719,1.);
#4719 = DIRECTION('',(0.,0.,1.));
#4720 = ORIENTED_EDGE('',*,*,#3165,.F.);
#4721 = PLANE('',#4722);
#4722 = AXIS2_PLACEMENT_3D('',#4723,#4724,#4725);
#4723 = CARTESIAN_POINT('',(10.32,0.32,-0.538043));
#4724 = DIRECTION('',(0.,1.,0.));
#4725 = DIRECTION('',(0.,0.,1.));
#4726 = ADVANCED_FACE('',(#4727),#4733,.T.);
#4727 = FACE_BOUND('',#4728,.T.);
#4728 = EDGE_LOOP('',(#4729,#4730,#4731,#4732));
#4729 = ORIENTED_EDGE('',*,*,#3157,.F.);
#4730 = ORIENTED_EDGE('',*,*,#4681,.T.);
#4731 = ORIENTED_EDGE('',*,*,#4206,.F.);
#4732 = ORIENTED_EDGE('',*,*,#4715,.T.);
#4733 = PLANE('',#4734);
#4734 = AXIS2_PLACEMENT_3D('',#4735,#4736,#4737);
#4735 = CARTESIAN_POINT('',(9.68,0.,1.086738));
#4736 = DIRECTION('',(1.,0.,0.));
#4737 = DIRECTION('',(0.,0.,1.));
#4738 = ADVANCED_FACE('',(#4739),#4755,.F.);
#4739 = FACE_BOUND('',#4740,.F.);
#4740 = EDGE_LOOP('',(#4741,#4747,#4748,#4754));
#4741 = ORIENTED_EDGE('',*,*,#4742,.F.);
#4742 = EDGE_CURVE('',#3184,#4089,#4743,.T.);
#4743 = LINE('',#4744,#4745);
#4744 = CARTESIAN_POINT('',(7.82,-0.32,2.711519));
#4745 = VECTOR('',#4746,1.);
#4746 = DIRECTION('',(0.,0.,-1.));
#4747 = ORIENTED_EDGE('',*,*,#3181,.F.);
#4748 = ORIENTED_EDGE('',*,*,#4749,.T.);
#4749 = EDGE_CURVE('',#3182,#4091,#4750,.T.);
#4750 = LINE('',#4751,#4752);
#4751 = CARTESIAN_POINT('',(7.18,-0.32,2.711519));
#4752 = VECTOR('',#4753,1.);
#4753 = DIRECTION('',(0.,0.,-1.));
#4754 = ORIENTED_EDGE('',*,*,#4088,.F.);
#4755 = PLANE('',#4756);
#4756 = AXIS2_PLACEMENT_3D('',#4757,#4758,#4759);
#4757 = CARTESIAN_POINT('',(7.82,-0.32,2.711519));
#4758 = DIRECTION('',(0.,-1.,0.));
#4759 = DIRECTION('',(0.,0.,-1.));
#4760 = ADVANCED_FACE('',(#4761),#4772,.F.);
#4761 = FACE_BOUND('',#4762,.F.);
#4762 = EDGE_LOOP('',(#4763,#4764,#4765,#4766));
#4763 = ORIENTED_EDGE('',*,*,#3207,.F.);
#4764 = ORIENTED_EDGE('',*,*,#4742,.T.);
#4765 = ORIENTED_EDGE('',*,*,#4098,.F.);
#4766 = ORIENTED_EDGE('',*,*,#4767,.T.);
#4767 = EDGE_CURVE('',#4099,#3200,#4768,.T.);
#4768 = LINE('',#4769,#4770);
#4769 = CARTESIAN_POINT('',(7.82,0.32,-0.538043));
#4770 = VECTOR('',#4771,1.);
#4771 = DIRECTION('',(0.,0.,1.));
#4772 = PLANE('',#4773);
#4773 = AXIS2_PLACEMENT_3D('',#4774,#4775,#4776);
#4774 = CARTESIAN_POINT('',(7.82,0.,1.086738));
#4775 = DIRECTION('',(1.,0.,0.));
#4776 = DIRECTION('',(0.,0.,1.));
#4777 = ADVANCED_FACE('',(#4778),#4789,.F.);
#4778 = FACE_BOUND('',#4779,.F.);
#4779 = EDGE_LOOP('',(#4780,#4781,#4782,#4788));
#4780 = ORIENTED_EDGE('',*,*,#4767,.F.);
#4781 = ORIENTED_EDGE('',*,*,#4106,.F.);
#4782 = ORIENTED_EDGE('',*,*,#4783,.T.);
#4783 = EDGE_CURVE('',#4107,#3192,#4784,.T.);
#4784 = LINE('',#4785,#4786);
#4785 = CARTESIAN_POINT('',(7.18,0.32,-0.538043));
#4786 = VECTOR('',#4787,1.);
#4787 = DIRECTION('',(0.,0.,1.));
#4788 = ORIENTED_EDGE('',*,*,#3199,.F.);
#4789 = PLANE('',#4790);
#4790 = AXIS2_PLACEMENT_3D('',#4791,#4792,#4793);
#4791 = CARTESIAN_POINT('',(7.82,0.32,-0.538043));
#4792 = DIRECTION('',(0.,1.,0.));
#4793 = DIRECTION('',(0.,0.,1.));
#4794 = ADVANCED_FACE('',(#4795),#4801,.T.);
#4795 = FACE_BOUND('',#4796,.T.);
#4796 = EDGE_LOOP('',(#4797,#4798,#4799,#4800));
#4797 = ORIENTED_EDGE('',*,*,#3191,.F.);
#4798 = ORIENTED_EDGE('',*,*,#4749,.T.);
#4799 = ORIENTED_EDGE('',*,*,#4114,.F.);
#4800 = ORIENTED_EDGE('',*,*,#4783,.T.);
#4801 = PLANE('',#4802);
#4802 = AXIS2_PLACEMENT_3D('',#4803,#4804,#4805);
#4803 = CARTESIAN_POINT('',(7.18,0.,1.086738));
#4804 = DIRECTION('',(1.,0.,0.));
#4805 = DIRECTION('',(0.,0.,1.));
#4806 = ADVANCED_FACE('',(#4807),#4823,.F.);
#4807 = FACE_BOUND('',#4808,.F.);
#4808 = EDGE_LOOP('',(#4809,#4815,#4816,#4822));
#4809 = ORIENTED_EDGE('',*,*,#4810,.F.);
#4810 = EDGE_CURVE('',#3218,#3997,#4811,.T.);
#4811 = LINE('',#4812,#4813);
#4812 = CARTESIAN_POINT('',(5.32,-0.32,2.711519));
#4813 = VECTOR('',#4814,1.);
#4814 = DIRECTION('',(0.,0.,-1.));
#4815 = ORIENTED_EDGE('',*,*,#3215,.F.);
#4816 = ORIENTED_EDGE('',*,*,#4817,.T.);
#4817 = EDGE_CURVE('',#3216,#3999,#4818,.T.);
#4818 = LINE('',#4819,#4820);
#4819 = CARTESIAN_POINT('',(4.68,-0.32,2.711519));
#4820 = VECTOR('',#4821,1.);
#4821 = DIRECTION('',(0.,0.,-1.));
#4822 = ORIENTED_EDGE('',*,*,#3996,.F.);
#4823 = PLANE('',#4824);
#4824 = AXIS2_PLACEMENT_3D('',#4825,#4826,#4827);
#4825 = CARTESIAN_POINT('',(5.32,-0.32,2.711519));
#4826 = DIRECTION('',(0.,-1.,0.));
#4827 = DIRECTION('',(0.,0.,-1.));
#4828 = ADVANCED_FACE('',(#4829),#4840,.F.);
#4829 = FACE_BOUND('',#4830,.F.);
#4830 = EDGE_LOOP('',(#4831,#4832,#4833,#4834));
#4831 = ORIENTED_EDGE('',*,*,#3241,.F.);
#4832 = ORIENTED_EDGE('',*,*,#4810,.T.);
#4833 = ORIENTED_EDGE('',*,*,#4006,.F.);
#4834 = ORIENTED_EDGE('',*,*,#4835,.T.);
#4835 = EDGE_CURVE('',#4007,#3234,#4836,.T.);
#4836 = LINE('',#4837,#4838);
#4837 = CARTESIAN_POINT('',(5.32,0.32,-0.538043));
#4838 = VECTOR('',#4839,1.);
#4839 = DIRECTION('',(0.,0.,1.));
#4840 = PLANE('',#4841);
#4841 = AXIS2_PLACEMENT_3D('',#4842,#4843,#4844);
#4842 = CARTESIAN_POINT('',(5.32,0.,1.086738));
#4843 = DIRECTION('',(1.,0.,0.));
#4844 = DIRECTION('',(0.,0.,1.));
#4845 = ADVANCED_FACE('',(#4846),#4857,.F.);
#4846 = FACE_BOUND('',#4847,.F.);
#4847 = EDGE_LOOP('',(#4848,#4849,#4850,#4856));
#4848 = ORIENTED_EDGE('',*,*,#4835,.F.);
#4849 = ORIENTED_EDGE('',*,*,#4014,.F.);
#4850 = ORIENTED_EDGE('',*,*,#4851,.T.);
#4851 = EDGE_CURVE('',#4015,#3226,#4852,.T.);
#4852 = LINE('',#4853,#4854);
#4853 = CARTESIAN_POINT('',(4.68,0.32,-0.538043));
#4854 = VECTOR('',#4855,1.);
#4855 = DIRECTION('',(0.,0.,1.));
#4856 = ORIENTED_EDGE('',*,*,#3233,.F.);
#4857 = PLANE('',#4858);
#4858 = AXIS2_PLACEMENT_3D('',#4859,#4860,#4861);
#4859 = CARTESIAN_POINT('',(5.32,0.32,-0.538043));
#4860 = DIRECTION('',(0.,1.,0.));
#4861 = DIRECTION('',(0.,0.,1.));
#4862 = ADVANCED_FACE('',(#4863),#4869,.T.);
#4863 = FACE_BOUND('',#4864,.T.);
#4864 = EDGE_LOOP('',(#4865,#4866,#4867,#4868));
#4865 = ORIENTED_EDGE('',*,*,#3225,.F.);
#4866 = ORIENTED_EDGE('',*,*,#4817,.T.);
#4867 = ORIENTED_EDGE('',*,*,#4022,.F.);
#4868 = ORIENTED_EDGE('',*,*,#4851,.T.);
#4869 = PLANE('',#4870);
#4870 = AXIS2_PLACEMENT_3D('',#4871,#4872,#4873);
#4871 = CARTESIAN_POINT('',(4.68,0.,1.086738));
#4872 = DIRECTION('',(1.,0.,0.));
#4873 = DIRECTION('',(0.,0.,1.));
#4874 = ADVANCED_FACE('',(#4875),#4891,.F.);
#4875 = FACE_BOUND('',#4876,.F.);
#4876 = EDGE_LOOP('',(#4877,#4883,#4884,#4890));
#4877 = ORIENTED_EDGE('',*,*,#4878,.F.);
#4878 = EDGE_CURVE('',#3252,#3905,#4879,.T.);
#4879 = LINE('',#4880,#4881);
#4880 = CARTESIAN_POINT('',(2.82,-0.32,2.711519));
#4881 = VECTOR('',#4882,1.);
#4882 = DIRECTION('',(0.,0.,-1.));
#4883 = ORIENTED_EDGE('',*,*,#3249,.F.);
#4884 = ORIENTED_EDGE('',*,*,#4885,.T.);
#4885 = EDGE_CURVE('',#3250,#3907,#4886,.T.);
#4886 = LINE('',#4887,#4888);
#4887 = CARTESIAN_POINT('',(2.18,-0.32,2.711519));
#4888 = VECTOR('',#4889,1.);
#4889 = DIRECTION('',(0.,0.,-1.));
#4890 = ORIENTED_EDGE('',*,*,#3904,.F.);
#4891 = PLANE('',#4892);
#4892 = AXIS2_PLACEMENT_3D('',#4893,#4894,#4895);
#4893 = CARTESIAN_POINT('',(2.82,-0.32,2.711519));
#4894 = DIRECTION('',(0.,-1.,0.));
#4895 = DIRECTION('',(0.,0.,-1.));
#4896 = ADVANCED_FACE('',(#4897),#4908,.F.);
#4897 = FACE_BOUND('',#4898,.F.);
#4898 = EDGE_LOOP('',(#4899,#4900,#4901,#4902));
#4899 = ORIENTED_EDGE('',*,*,#3275,.F.);
#4900 = ORIENTED_EDGE('',*,*,#4878,.T.);
#4901 = ORIENTED_EDGE('',*,*,#3914,.F.);
#4902 = ORIENTED_EDGE('',*,*,#4903,.T.);
#4903 = EDGE_CURVE('',#3915,#3268,#4904,.T.);
#4904 = LINE('',#4905,#4906);
#4905 = CARTESIAN_POINT('',(2.82,0.32,-0.538043));
#4906 = VECTOR('',#4907,1.);
#4907 = DIRECTION('',(0.,0.,1.));
#4908 = PLANE('',#4909);
#4909 = AXIS2_PLACEMENT_3D('',#4910,#4911,#4912);
#4910 = CARTESIAN_POINT('',(2.82,0.,1.086738));
#4911 = DIRECTION('',(1.,0.,0.));
#4912 = DIRECTION('',(0.,0.,1.));
#4913 = ADVANCED_FACE('',(#4914),#4925,.F.);
#4914 = FACE_BOUND('',#4915,.F.);
#4915 = EDGE_LOOP('',(#4916,#4917,#4918,#4924));
#4916 = ORIENTED_EDGE('',*,*,#4903,.F.);
#4917 = ORIENTED_EDGE('',*,*,#3922,.F.);
#4918 = ORIENTED_EDGE('',*,*,#4919,.T.);
#4919 = EDGE_CURVE('',#3923,#3260,#4920,.T.);
#4920 = LINE('',#4921,#4922);
#4921 = CARTESIAN_POINT('',(2.18,0.32,-0.538043));
#4922 = VECTOR('',#4923,1.);
#4923 = DIRECTION('',(0.,0.,1.));
#4924 = ORIENTED_EDGE('',*,*,#3267,.F.);
#4925 = PLANE('',#4926);
#4926 = AXIS2_PLACEMENT_3D('',#4927,#4928,#4929);
#4927 = CARTESIAN_POINT('',(2.82,0.32,-0.538043));
#4928 = DIRECTION('',(0.,1.,0.));
#4929 = DIRECTION('',(0.,0.,1.));
#4930 = ADVANCED_FACE('',(#4931),#4937,.T.);
#4931 = FACE_BOUND('',#4932,.T.);
#4932 = EDGE_LOOP('',(#4933,#4934,#4935,#4936));
#4933 = ORIENTED_EDGE('',*,*,#3259,.F.);
#4934 = ORIENTED_EDGE('',*,*,#4885,.T.);
#4935 = ORIENTED_EDGE('',*,*,#3930,.F.);
#4936 = ORIENTED_EDGE('',*,*,#4919,.T.);
#4937 = PLANE('',#4938);
#4938 = AXIS2_PLACEMENT_3D('',#4939,#4940,#4941);
#4939 = CARTESIAN_POINT('',(2.18,0.,1.086738));
#4940 = DIRECTION('',(1.,0.,0.));
#4941 = DIRECTION('',(0.,0.,1.));
#4942 = ADVANCED_FACE('',(#4943),#4959,.F.);
#4943 = FACE_BOUND('',#4944,.F.);
#4944 = EDGE_LOOP('',(#4945,#4951,#4952,#4958));
#4945 = ORIENTED_EDGE('',*,*,#4946,.F.);
#4946 = EDGE_CURVE('',#3286,#3813,#4947,.T.);
#4947 = LINE('',#4948,#4949);
#4948 = CARTESIAN_POINT('',(0.32,-0.32,2.711519));
#4949 = VECTOR('',#4950,1.);
#4950 = DIRECTION('',(0.,0.,-1.));
#4951 = ORIENTED_EDGE('',*,*,#3283,.F.);
#4952 = ORIENTED_EDGE('',*,*,#4953,.T.);
#4953 = EDGE_CURVE('',#3284,#3815,#4954,.T.);
#4954 = LINE('',#4955,#4956);
#4955 = CARTESIAN_POINT('',(-0.32,-0.32,2.711519));
#4956 = VECTOR('',#4957,1.);
#4957 = DIRECTION('',(0.,0.,-1.));
#4958 = ORIENTED_EDGE('',*,*,#3812,.F.);
#4959 = PLANE('',#4960);
#4960 = AXIS2_PLACEMENT_3D('',#4961,#4962,#4963);
#4961 = CARTESIAN_POINT('',(0.32,-0.32,2.711519));
#4962 = DIRECTION('',(0.,-1.,0.));
#4963 = DIRECTION('',(0.,0.,-1.));
#4964 = ADVANCED_FACE('',(#4965),#4976,.T.);
#4965 = FACE_BOUND('',#4966,.T.);
#4966 = EDGE_LOOP('',(#4967,#4968,#4969,#4970));
#4967 = ORIENTED_EDGE('',*,*,#3293,.F.);
#4968 = ORIENTED_EDGE('',*,*,#4953,.T.);
#4969 = ORIENTED_EDGE('',*,*,#3838,.F.);
#4970 = ORIENTED_EDGE('',*,*,#4971,.T.);
#4971 = EDGE_CURVE('',#3831,#3294,#4972,.T.);
#4972 = LINE('',#4973,#4974);
#4973 = CARTESIAN_POINT('',(-0.32,0.32,-0.538043));
#4974 = VECTOR('',#4975,1.);
#4975 = DIRECTION('',(0.,0.,1.));
#4976 = PLANE('',#4977);
#4977 = AXIS2_PLACEMENT_3D('',#4978,#4979,#4980);
#4978 = CARTESIAN_POINT('',(-0.32,0.,1.086738));
#4979 = DIRECTION('',(1.,0.,0.));
#4980 = DIRECTION('',(0.,0.,1.));
#4981 = ADVANCED_FACE('',(#4982),#4993,.F.);
#4982 = FACE_BOUND('',#4983,.F.);
#4983 = EDGE_LOOP('',(#4984,#4985,#4986,#4987));
#4984 = ORIENTED_EDGE('',*,*,#3309,.F.);
#4985 = ORIENTED_EDGE('',*,*,#4946,.T.);
#4986 = ORIENTED_EDGE('',*,*,#3822,.F.);
#4987 = ORIENTED_EDGE('',*,*,#4988,.T.);
#4988 = EDGE_CURVE('',#3823,#3302,#4989,.T.);
#4989 = LINE('',#4990,#4991);
#4990 = CARTESIAN_POINT('',(0.32,0.32,-0.538043));
#4991 = VECTOR('',#4992,1.);
#4992 = DIRECTION('',(0.,0.,1.));
#4993 = PLANE('',#4994);
#4994 = AXIS2_PLACEMENT_3D('',#4995,#4996,#4997);
#4995 = CARTESIAN_POINT('',(0.32,0.,1.086738));
#4996 = DIRECTION('',(1.,0.,0.));
#4997 = DIRECTION('',(0.,0.,1.));
#4998 = ADVANCED_FACE('',(#4999),#5005,.F.);
#4999 = FACE_BOUND('',#5000,.F.);
#5000 = EDGE_LOOP('',(#5001,#5002,#5003,#5004));
#5001 = ORIENTED_EDGE('',*,*,#4988,.F.);
#5002 = ORIENTED_EDGE('',*,*,#3830,.F.);
#5003 = ORIENTED_EDGE('',*,*,#4971,.T.);
#5004 = ORIENTED_EDGE('',*,*,#3301,.F.);
#5005 = PLANE('',#5006);
#5006 = AXIS2_PLACEMENT_3D('',#5007,#5008,#5009);
#5007 = CARTESIAN_POINT('',(0.32,0.32,-0.538043));
#5008 = DIRECTION('',(0.,1.,0.));
#5009 = DIRECTION('',(0.,0.,1.));
#5010 = ( GEOMETRIC_REPRESENTATION_CONTEXT(3) 
GLOBAL_UNCERTAINTY_ASSIGNED_CONTEXT((#5014)) 
GLOBAL_UNIT_ASSIGNED_CONTEXT((#5011,#5012,#5013)) REPRESENTATION_CONTEXT
('Context #1','3D Context with UNIT and UNCERTAINTY') );
#5011 = ( LENGTH_UNIT() NAMED_UNIT(*) SI_UNIT(.MILLI.,.METRE.) );
#5012 = ( NAMED_UNIT(*) PLANE_ANGLE_UNIT() SI_UNIT($,.RADIAN.) );
#5013 = ( NAMED_UNIT(*) SI_UNIT($,.STERADIAN.) SOLID_ANGLE_UNIT() );
#5014 = UNCERTAINTY_MEASURE_WITH_UNIT(LENGTH_MEASURE(1.E-05),#5011,
  'distance_accuracy_value','confusion accuracy');
#5015 = CONTEXT_DEPENDENT_SHAPE_REPRESENTATION(#5016,#5018);
#5016 = ( REPRESENTATION_RELATIONSHIP('','',#36,#10) 
REPRESENTATION_RELATIONSHIP_WITH_TRANSFORMATION(#5017) 
SHAPE_REPRESENTATION_RELATIONSHIP() );
#5017 = ITEM_DEFINED_TRANSFORMATION('','',#11,#15);
#5018 = PRODUCT_DEFINITION_SHAPE('Placement','Placement of an item',
  #5019);
#5019 = NEXT_ASSEMBLY_USAGE_OCCURRENCE('69','Top_entry_base','',#5,#31,$
  );
#5020 = PRODUCT_RELATED_PRODUCT_CATEGORY('part',$,(#33));
#5021 = SHAPE_DEFINITION_REPRESENTATION(#5022,#5028);
#5022 = PRODUCT_DEFINITION_SHAPE('','',#5023);
#5023 = PRODUCT_DEFINITION('design','',#5024,#5027);
#5024 = PRODUCT_DEFINITION_FORMATION('','',#5025);
#5025 = PRODUCT('male_pins array','male_pins array','',(#5026));
#5026 = PRODUCT_CONTEXT('',#2,'mechanical');
#5027 = PRODUCT_DEFINITION_CONTEXT('part definition',#2,'design');
#5028 = SHAPE_REPRESENTATION('',(#11,#5029,#5033,#5037,#5041,#5045,#5049
    ,#5053,#5057,#5061,#5065,#5069),#5073);
#5029 = AXIS2_PLACEMENT_3D('',#5030,#5031,#5032);
#5030 = CARTESIAN_POINT('',(0.,0.,0.));
#5031 = DIRECTION('',(0.,0.,1.));
#5032 = DIRECTION('',(1.,0.,0.));
#5033 = AXIS2_PLACEMENT_3D('',#5034,#5035,#5036);
#5034 = CARTESIAN_POINT('',(2.5,0.,0.));
#5035 = DIRECTION('',(0.,0.,1.));
#5036 = DIRECTION('',(1.,0.,0.));
#5037 = AXIS2_PLACEMENT_3D('',#5038,#5039,#5040);
#5038 = CARTESIAN_POINT('',(5.,0.,0.));
#5039 = DIRECTION('',(0.,0.,1.));
#5040 = DIRECTION('',(1.,0.,0.));
#5041 = AXIS2_PLACEMENT_3D('',#5042,#5043,#5044);
#5042 = CARTESIAN_POINT('',(7.5,0.,0.));
#5043 = DIRECTION('',(0.,0.,1.));
#5044 = DIRECTION('',(1.,0.,0.));
#5045 = AXIS2_PLACEMENT_3D('',#5046,#5047,#5048);
#5046 = CARTESIAN_POINT('',(10.,0.,0.));
#5047 = DIRECTION('',(0.,0.,1.));
#5048 = DIRECTION('',(1.,0.,0.));
#5049 = AXIS2_PLACEMENT_3D('',#5050,#5051,#5052);
#5050 = CARTESIAN_POINT('',(12.5,0.,0.));
#5051 = DIRECTION('',(0.,0.,1.));
#5052 = DIRECTION('',(1.,0.,0.));
#5053 = AXIS2_PLACEMENT_3D('',#5054,#5055,#5056);
#5054 = CARTESIAN_POINT('',(15.,0.,0.));
#5055 = DIRECTION('',(0.,0.,1.));
#5056 = DIRECTION('',(1.,0.,0.));
#5057 = AXIS2_PLACEMENT_3D('',#5058,#5059,#5060);
#5058 = CARTESIAN_POINT('',(17.5,0.,0.));
#5059 = DIRECTION('',(0.,0.,1.));
#5060 = DIRECTION('',(1.,0.,0.));
#5061 = AXIS2_PLACEMENT_3D('',#5062,#5063,#5064);
#5062 = CARTESIAN_POINT('',(20.,0.,0.));
#5063 = DIRECTION('',(0.,0.,1.));
#5064 = DIRECTION('',(1.,0.,0.));
#5065 = AXIS2_PLACEMENT_3D('',#5066,#5067,#5068);
#5066 = CARTESIAN_POINT('',(22.5,0.,0.));
#5067 = DIRECTION('',(0.,0.,1.));
#5068 = DIRECTION('',(1.,0.,0.));
#5069 = AXIS2_PLACEMENT_3D('',#5070,#5071,#5072);
#5070 = CARTESIAN_POINT('',(25.,0.,0.));
#5071 = DIRECTION('',(0.,0.,1.));
#5072 = DIRECTION('',(1.,0.,0.));
#5073 = ( GEOMETRIC_REPRESENTATION_CONTEXT(3) 
GLOBAL_UNCERTAINTY_ASSIGNED_CONTEXT((#5077)) 
GLOBAL_UNIT_ASSIGNED_CONTEXT((#5074,#5075,#5076)) REPRESENTATION_CONTEXT
('Context #1','3D Context with UNIT and UNCERTAINTY') );
#5074 = ( LENGTH_UNIT() NAMED_UNIT(*) SI_UNIT(.MILLI.,.METRE.) );
#5075 = ( NAMED_UNIT(*) PLANE_ANGLE_UNIT() SI_UNIT($,.RADIAN.) );
#5076 = ( NAMED_UNIT(*) SI_UNIT($,.STERADIAN.) SOLID_ANGLE_UNIT() );
#5077 = UNCERTAINTY_MEASURE_WITH_UNIT(LENGTH_MEASURE(1.E-07),#5074,
  'distance_accuracy_value','confusion accuracy');
#5078 = CONTEXT_DEPENDENT_SHAPE_REPRESENTATION(#5079,#5081);
#5079 = ( REPRESENTATION_RELATIONSHIP('','',#5028,#10) 
REPRESENTATION_RELATIONSHIP_WITH_TRANSFORMATION(#5080) 
SHAPE_REPRESENTATION_RELATIONSHIP() );
#5080 = ITEM_DEFINED_TRANSFORMATION('','',#11,#19);
#5081 = PRODUCT_DEFINITION_SHAPE('Placement','Placement of an item',
  #5082);
#5082 = NEXT_ASSEMBLY_USAGE_OCCURRENCE('81','male_pins array','',#5,
  #5023,$);
#5083 = PRODUCT_RELATED_PRODUCT_CATEGORY('part',$,(#5025));
#5084 = SHAPE_DEFINITION_REPRESENTATION(#5085,#5091);
#5085 = PRODUCT_DEFINITION_SHAPE('','',#5086);
#5086 = PRODUCT_DEFINITION('design','',#5087,#5090);
#5087 = PRODUCT_DEFINITION_FORMATION('','',#5088);
#5088 = PRODUCT('Pin','Pin','',(#5089));
#5089 = PRODUCT_CONTEXT('',#2,'mechanical');
#5090 = PRODUCT_DEFINITION_CONTEXT('part definition',#2,'design');
#5091 = ADVANCED_BREP_SHAPE_REPRESENTATION('',(#11,#5092),#5434);
#5092 = MANIFOLD_SOLID_BREP('',#5093);
#5093 = CLOSED_SHELL('',(#5094,#5134,#5165,#5189,#5213,#5230,#5261,#5285
    ,#5309,#5326,#5357,#5381,#5405,#5422));
#5094 = ADVANCED_FACE('',(#5095),#5129,.F.);
#5095 = FACE_BOUND('',#5096,.F.);
#5096 = EDGE_LOOP('',(#5097,#5107,#5115,#5123));
#5097 = ORIENTED_EDGE('',*,*,#5098,.T.);
#5098 = EDGE_CURVE('',#5099,#5101,#5103,.T.);
#5099 = VERTEX_POINT('',#5100);
#5100 = CARTESIAN_POINT('',(-0.12,0.12,6.8));
#5101 = VERTEX_POINT('',#5102);
#5102 = CARTESIAN_POINT('',(0.12,0.12,6.8));
#5103 = LINE('',#5104,#5105);
#5104 = CARTESIAN_POINT('',(-0.32,0.12,6.8));
#5105 = VECTOR('',#5106,1.);
#5106 = DIRECTION('',(1.,0.,0.));
#5107 = ORIENTED_EDGE('',*,*,#5108,.T.);
#5108 = EDGE_CURVE('',#5101,#5109,#5111,.T.);
#5109 = VERTEX_POINT('',#5110);
#5110 = CARTESIAN_POINT('',(0.12,-0.12,6.8));
#5111 = LINE('',#5112,#5113);
#5112 = CARTESIAN_POINT('',(0.12,0.32,6.8));
#5113 = VECTOR('',#5114,1.);
#5114 = DIRECTION('',(0.,-1.,0.));
#5115 = ORIENTED_EDGE('',*,*,#5116,.F.);
#5116 = EDGE_CURVE('',#5117,#5109,#5119,.T.);
#5117 = VERTEX_POINT('',#5118);
#5118 = CARTESIAN_POINT('',(-0.12,-0.12,6.8));
#5119 = LINE('',#5120,#5121);
#5120 = CARTESIAN_POINT('',(-0.32,-0.12,6.8));
#5121 = VECTOR('',#5122,1.);
#5122 = DIRECTION('',(1.,0.,0.));
#5123 = ORIENTED_EDGE('',*,*,#5124,.F.);
#5124 = EDGE_CURVE('',#5099,#5117,#5125,.T.);
#5125 = LINE('',#5126,#5127);
#5126 = CARTESIAN_POINT('',(-0.12,0.32,6.8));
#5127 = VECTOR('',#5128,1.);
#5128 = DIRECTION('',(0.,-1.,0.));
#5129 = PLANE('',#5130);
#5130 = AXIS2_PLACEMENT_3D('',#5131,#5132,#5133);
#5131 = CARTESIAN_POINT('',(-0.32,0.32,6.8));
#5132 = DIRECTION('',(0.,0.,-1.));
#5133 = DIRECTION('',(0.,-1.,0.));
#5134 = ADVANCED_FACE('',(#5135),#5160,.T.);
#5135 = FACE_BOUND('',#5136,.T.);
#5136 = EDGE_LOOP('',(#5137,#5145,#5146,#5154));
#5137 = ORIENTED_EDGE('',*,*,#5138,.F.);
#5138 = EDGE_CURVE('',#5099,#5139,#5141,.T.);
#5139 = VERTEX_POINT('',#5140);
#5140 = CARTESIAN_POINT('',(-0.32,0.32,6.6));
#5141 = LINE('',#5142,#5143);
#5142 = CARTESIAN_POINT('',(-0.253333333333,0.253333333333,
    6.666666666667));
#5143 = VECTOR('',#5144,1.);
#5144 = DIRECTION('',(-0.57735026919,0.57735026919,-0.57735026919));
#5145 = ORIENTED_EDGE('',*,*,#5098,.T.);
#5146 = ORIENTED_EDGE('',*,*,#5147,.T.);
#5147 = EDGE_CURVE('',#5101,#5148,#5150,.T.);
#5148 = VERTEX_POINT('',#5149);
#5149 = CARTESIAN_POINT('',(0.32,0.32,6.6));
#5150 = LINE('',#5151,#5152);
#5151 = CARTESIAN_POINT('',(0.146666666667,0.146666666667,6.773333333333
    ));
#5152 = VECTOR('',#5153,1.);
#5153 = DIRECTION('',(0.57735026919,0.57735026919,-0.57735026919));
#5154 = ORIENTED_EDGE('',*,*,#5155,.F.);
#5155 = EDGE_CURVE('',#5139,#5148,#5156,.T.);
#5156 = LINE('',#5157,#5158);
#5157 = CARTESIAN_POINT('',(-0.32,0.32,6.6));
#5158 = VECTOR('',#5159,1.);
#5159 = DIRECTION('',(1.,0.,0.));
#5160 = PLANE('',#5161);
#5161 = AXIS2_PLACEMENT_3D('',#5162,#5163,#5164);
#5162 = CARTESIAN_POINT('',(-0.32,0.22,6.7));
#5163 = DIRECTION('',(0.,0.707106781187,0.707106781187));
#5164 = DIRECTION('',(1.,0.,-0.));
#5165 = ADVANCED_FACE('',(#5166),#5184,.T.);
#5166 = FACE_BOUND('',#5167,.F.);
#5167 = EDGE_LOOP('',(#5168,#5169,#5170,#5178));
#5168 = ORIENTED_EDGE('',*,*,#5138,.F.);
#5169 = ORIENTED_EDGE('',*,*,#5124,.T.);
#5170 = ORIENTED_EDGE('',*,*,#5171,.T.);
#5171 = EDGE_CURVE('',#5117,#5172,#5174,.T.);
#5172 = VERTEX_POINT('',#5173);
#5173 = CARTESIAN_POINT('',(-0.32,-0.32,6.6));
#5174 = LINE('',#5175,#5176);
#5175 = CARTESIAN_POINT('',(-0.146666666667,-0.146666666667,
    6.773333333333));
#5176 = VECTOR('',#5177,1.);
#5177 = DIRECTION('',(-0.57735026919,-0.57735026919,-0.57735026919));
#5178 = ORIENTED_EDGE('',*,*,#5179,.F.);
#5179 = EDGE_CURVE('',#5139,#5172,#5180,.T.);
#5180 = LINE('',#5181,#5182);
#5181 = CARTESIAN_POINT('',(-0.32,0.32,6.6));
#5182 = VECTOR('',#5183,1.);
#5183 = DIRECTION('',(0.,-1.,0.));
#5184 = PLANE('',#5185);
#5185 = AXIS2_PLACEMENT_3D('',#5186,#5187,#5188);
#5186 = CARTESIAN_POINT('',(-0.22,0.32,6.7));
#5187 = DIRECTION('',(-0.707106781187,0.,0.707106781187));
#5188 = DIRECTION('',(0.,1.,-0.));
#5189 = ADVANCED_FACE('',(#5190),#5208,.F.);
#5190 = FACE_BOUND('',#5191,.T.);
#5191 = EDGE_LOOP('',(#5192,#5193,#5194,#5202));
#5192 = ORIENTED_EDGE('',*,*,#5147,.F.);
#5193 = ORIENTED_EDGE('',*,*,#5108,.T.);
#5194 = ORIENTED_EDGE('',*,*,#5195,.T.);
#5195 = EDGE_CURVE('',#5109,#5196,#5198,.T.);
#5196 = VERTEX_POINT('',#5197);
#5197 = CARTESIAN_POINT('',(0.32,-0.32,6.6));
#5198 = LINE('',#5199,#5200);
#5199 = CARTESIAN_POINT('',(4.E-02,-4.E-02,6.88));
#5200 = VECTOR('',#5201,1.);
#5201 = DIRECTION('',(0.57735026919,-0.57735026919,-0.57735026919));
#5202 = ORIENTED_EDGE('',*,*,#5203,.F.);
#5203 = EDGE_CURVE('',#5148,#5196,#5204,.T.);
#5204 = LINE('',#5205,#5206);
#5205 = CARTESIAN_POINT('',(0.32,0.32,6.6));
#5206 = VECTOR('',#5207,1.);
#5207 = DIRECTION('',(0.,-1.,0.));
#5208 = PLANE('',#5209);
#5209 = AXIS2_PLACEMENT_3D('',#5210,#5211,#5212);
#5210 = CARTESIAN_POINT('',(0.22,0.32,6.7));
#5211 = DIRECTION('',(-0.707106781187,-0.,-0.707106781187));
#5212 = DIRECTION('',(-0.,1.,-0.));
#5213 = ADVANCED_FACE('',(#5214),#5225,.T.);
#5214 = FACE_BOUND('',#5215,.F.);
#5215 = EDGE_LOOP('',(#5216,#5217,#5218,#5219));
#5216 = ORIENTED_EDGE('',*,*,#5171,.F.);
#5217 = ORIENTED_EDGE('',*,*,#5116,.T.);
#5218 = ORIENTED_EDGE('',*,*,#5195,.T.);
#5219 = ORIENTED_EDGE('',*,*,#5220,.F.);
#5220 = EDGE_CURVE('',#5172,#5196,#5221,.T.);
#5221 = LINE('',#5222,#5223);
#5222 = CARTESIAN_POINT('',(-0.32,-0.32,6.6));
#5223 = VECTOR('',#5224,1.);
#5224 = DIRECTION('',(1.,0.,0.));
#5225 = PLANE('',#5226);
#5226 = AXIS2_PLACEMENT_3D('',#5227,#5228,#5229);
#5227 = CARTESIAN_POINT('',(-0.32,-0.22,6.7));
#5228 = DIRECTION('',(-0.,-0.707106781187,0.707106781187));
#5229 = DIRECTION('',(-1.,-0.,-0.));
#5230 = ADVANCED_FACE('',(#5231),#5256,.F.);
#5231 = FACE_BOUND('',#5232,.F.);
#5232 = EDGE_LOOP('',(#5233,#5241,#5249,#5255));
#5233 = ORIENTED_EDGE('',*,*,#5234,.F.);
#5234 = EDGE_CURVE('',#5235,#5139,#5237,.T.);
#5235 = VERTEX_POINT('',#5236);
#5236 = CARTESIAN_POINT('',(-0.32,0.32,-3.2));
#5237 = LINE('',#5238,#5239);
#5238 = CARTESIAN_POINT('',(-0.32,0.32,-3.4));
#5239 = VECTOR('',#5240,1.);
#5240 = DIRECTION('',(0.,0.,1.));
#5241 = ORIENTED_EDGE('',*,*,#5242,.T.);
#5242 = EDGE_CURVE('',#5235,#5243,#5245,.T.);
#5243 = VERTEX_POINT('',#5244);
#5244 = CARTESIAN_POINT('',(0.32,0.32,-3.2));
#5245 = LINE('',#5246,#5247);
#5246 = CARTESIAN_POINT('',(-0.32,0.32,-3.2));
#5247 = VECTOR('',#5248,1.);
#5248 = DIRECTION('',(1.,0.,0.));
#5249 = ORIENTED_EDGE('',*,*,#5250,.T.);
#5250 = EDGE_CURVE('',#5243,#5148,#5251,.T.);
#5251 = LINE('',#5252,#5253);
#5252 = CARTESIAN_POINT('',(0.32,0.32,-3.4));
#5253 = VECTOR('',#5254,1.);
#5254 = DIRECTION('',(0.,0.,1.));
#5255 = ORIENTED_EDGE('',*,*,#5155,.F.);
#5256 = PLANE('',#5257);
#5257 = AXIS2_PLACEMENT_3D('',#5258,#5259,#5260);
#5258 = CARTESIAN_POINT('',(-0.32,0.32,-3.4));
#5259 = DIRECTION('',(0.,-1.,0.));
#5260 = DIRECTION('',(0.,0.,1.));
#5261 = ADVANCED_FACE('',(#5262),#5280,.F.);
#5262 = FACE_BOUND('',#5263,.F.);
#5263 = EDGE_LOOP('',(#5264,#5272,#5278,#5279));
#5264 = ORIENTED_EDGE('',*,*,#5265,.T.);
#5265 = EDGE_CURVE('',#5172,#5266,#5268,.T.);
#5266 = VERTEX_POINT('',#5267);
#5267 = CARTESIAN_POINT('',(-0.32,-0.32,-3.2));
#5268 = LINE('',#5269,#5270);
#5269 = CARTESIAN_POINT('',(-0.32,-0.32,6.8));
#5270 = VECTOR('',#5271,1.);
#5271 = DIRECTION('',(0.,0.,-1.));
#5272 = ORIENTED_EDGE('',*,*,#5273,.T.);
#5273 = EDGE_CURVE('',#5266,#5235,#5274,.T.);
#5274 = LINE('',#5275,#5276);
#5275 = CARTESIAN_POINT('',(-0.32,-0.32,-3.2));
#5276 = VECTOR('',#5277,1.);
#5277 = DIRECTION('',(0.,1.,0.));
#5278 = ORIENTED_EDGE('',*,*,#5234,.T.);
#5279 = ORIENTED_EDGE('',*,*,#5179,.T.);
#5280 = PLANE('',#5281);
#5281 = AXIS2_PLACEMENT_3D('',#5282,#5283,#5284);
#5282 = CARTESIAN_POINT('',(-0.32,0.,1.7));
#5283 = DIRECTION('',(1.,0.,0.));
#5284 = DIRECTION('',(0.,0.,1.));
#5285 = ADVANCED_FACE('',(#5286),#5304,.T.);
#5286 = FACE_BOUND('',#5287,.T.);
#5287 = EDGE_LOOP('',(#5288,#5296,#5302,#5303));
#5288 = ORIENTED_EDGE('',*,*,#5289,.T.);
#5289 = EDGE_CURVE('',#5196,#5290,#5292,.T.);
#5290 = VERTEX_POINT('',#5291);
#5291 = CARTESIAN_POINT('',(0.32,-0.32,-3.2));
#5292 = LINE('',#5293,#5294);
#5293 = CARTESIAN_POINT('',(0.32,-0.32,6.8));
#5294 = VECTOR('',#5295,1.);
#5295 = DIRECTION('',(0.,0.,-1.));
#5296 = ORIENTED_EDGE('',*,*,#5297,.T.);
#5297 = EDGE_CURVE('',#5290,#5243,#5298,.T.);
#5298 = LINE('',#5299,#5300);
#5299 = CARTESIAN_POINT('',(0.32,-0.32,-3.2));
#5300 = VECTOR('',#5301,1.);
#5301 = DIRECTION('',(0.,1.,0.));
#5302 = ORIENTED_EDGE('',*,*,#5250,.T.);
#5303 = ORIENTED_EDGE('',*,*,#5203,.T.);
#5304 = PLANE('',#5305);
#5305 = AXIS2_PLACEMENT_3D('',#5306,#5307,#5308);
#5306 = CARTESIAN_POINT('',(0.32,0.,1.7));
#5307 = DIRECTION('',(1.,0.,0.));
#5308 = DIRECTION('',(0.,0.,1.));
#5309 = ADVANCED_FACE('',(#5310),#5321,.F.);
#5310 = FACE_BOUND('',#5311,.F.);
#5311 = EDGE_LOOP('',(#5312,#5313,#5314,#5315));
#5312 = ORIENTED_EDGE('',*,*,#5265,.F.);
#5313 = ORIENTED_EDGE('',*,*,#5220,.T.);
#5314 = ORIENTED_EDGE('',*,*,#5289,.T.);
#5315 = ORIENTED_EDGE('',*,*,#5316,.F.);
#5316 = EDGE_CURVE('',#5266,#5290,#5317,.T.);
#5317 = LINE('',#5318,#5319);
#5318 = CARTESIAN_POINT('',(-0.32,-0.32,-3.2));
#5319 = VECTOR('',#5320,1.);
#5320 = DIRECTION('',(1.,0.,0.));
#5321 = PLANE('',#5322);
#5322 = AXIS2_PLACEMENT_3D('',#5323,#5324,#5325);
#5323 = CARTESIAN_POINT('',(-0.32,-0.32,6.8));
#5324 = DIRECTION('',(0.,1.,0.));
#5325 = DIRECTION('',(0.,0.,-1.));
#5326 = ADVANCED_FACE('',(#5327),#5352,.T.);
#5327 = FACE_BOUND('',#5328,.F.);
#5328 = EDGE_LOOP('',(#5329,#5337,#5345,#5351));
#5329 = ORIENTED_EDGE('',*,*,#5330,.F.);
#5330 = EDGE_CURVE('',#5331,#5235,#5333,.T.);
#5331 = VERTEX_POINT('',#5332);
#5332 = CARTESIAN_POINT('',(-0.12,0.12,-3.4));
#5333 = LINE('',#5334,#5335);
#5334 = CARTESIAN_POINT('',(-0.146666666667,0.146666666667,
    -3.373333333333));
#5335 = VECTOR('',#5336,1.);
#5336 = DIRECTION('',(-0.57735026919,0.57735026919,0.57735026919));
#5337 = ORIENTED_EDGE('',*,*,#5338,.T.);
#5338 = EDGE_CURVE('',#5331,#5339,#5341,.T.);
#5339 = VERTEX_POINT('',#5340);
#5340 = CARTESIAN_POINT('',(0.12,0.12,-3.4));
#5341 = LINE('',#5342,#5343);
#5342 = CARTESIAN_POINT('',(-0.32,0.12,-3.4));
#5343 = VECTOR('',#5344,1.);
#5344 = DIRECTION('',(1.,0.,0.));
#5345 = ORIENTED_EDGE('',*,*,#5346,.T.);
#5346 = EDGE_CURVE('',#5339,#5243,#5347,.T.);
#5347 = LINE('',#5348,#5349);
#5348 = CARTESIAN_POINT('',(4.E-02,4.E-02,-3.48));
#5349 = VECTOR('',#5350,1.);
#5350 = DIRECTION('',(0.57735026919,0.57735026919,0.57735026919));
#5351 = ORIENTED_EDGE('',*,*,#5242,.F.);
#5352 = PLANE('',#5353);
#5353 = AXIS2_PLACEMENT_3D('',#5354,#5355,#5356);
#5354 = CARTESIAN_POINT('',(-0.32,0.22,-3.3));
#5355 = DIRECTION('',(-0.,0.707106781187,-0.707106781187));
#5356 = DIRECTION('',(-1.,-0.,0.));
#5357 = ADVANCED_FACE('',(#5358),#5376,.T.);
#5358 = FACE_BOUND('',#5359,.F.);
#5359 = EDGE_LOOP('',(#5360,#5368,#5374,#5375));
#5360 = ORIENTED_EDGE('',*,*,#5361,.T.);
#5361 = EDGE_CURVE('',#5266,#5362,#5364,.T.);
#5362 = VERTEX_POINT('',#5363);
#5363 = CARTESIAN_POINT('',(-0.12,-0.12,-3.4));
#5364 = LINE('',#5365,#5366);
#5365 = CARTESIAN_POINT('',(-0.253333333333,-0.253333333333,
    -3.266666666667));
#5366 = VECTOR('',#5367,1.);
#5367 = DIRECTION('',(0.57735026919,0.57735026919,-0.57735026919));
#5368 = ORIENTED_EDGE('',*,*,#5369,.T.);
#5369 = EDGE_CURVE('',#5362,#5331,#5370,.T.);
#5370 = LINE('',#5371,#5372);
#5371 = CARTESIAN_POINT('',(-0.12,-0.32,-3.4));
#5372 = VECTOR('',#5373,1.);
#5373 = DIRECTION('',(0.,1.,0.));
#5374 = ORIENTED_EDGE('',*,*,#5330,.T.);
#5375 = ORIENTED_EDGE('',*,*,#5273,.F.);
#5376 = PLANE('',#5377);
#5377 = AXIS2_PLACEMENT_3D('',#5378,#5379,#5380);
#5378 = CARTESIAN_POINT('',(-0.22,-0.32,-3.3));
#5379 = DIRECTION('',(-0.707106781187,-0.,-0.707106781187));
#5380 = DIRECTION('',(-0.,-1.,0.));
#5381 = ADVANCED_FACE('',(#5382),#5400,.F.);
#5382 = FACE_BOUND('',#5383,.T.);
#5383 = EDGE_LOOP('',(#5384,#5392,#5398,#5399));
#5384 = ORIENTED_EDGE('',*,*,#5385,.T.);
#5385 = EDGE_CURVE('',#5290,#5386,#5388,.T.);
#5386 = VERTEX_POINT('',#5387);
#5387 = CARTESIAN_POINT('',(0.12,-0.12,-3.4));
#5388 = LINE('',#5389,#5390);
#5389 = CARTESIAN_POINT('',(0.146666666667,-0.146666666667,
    -3.373333333333));
#5390 = VECTOR('',#5391,1.);
#5391 = DIRECTION('',(-0.57735026919,0.57735026919,-0.57735026919));
#5392 = ORIENTED_EDGE('',*,*,#5393,.T.);
#5393 = EDGE_CURVE('',#5386,#5339,#5394,.T.);
#5394 = LINE('',#5395,#5396);
#5395 = CARTESIAN_POINT('',(0.12,-0.32,-3.4));
#5396 = VECTOR('',#5397,1.);
#5397 = DIRECTION('',(0.,1.,0.));
#5398 = ORIENTED_EDGE('',*,*,#5346,.T.);
#5399 = ORIENTED_EDGE('',*,*,#5297,.F.);
#5400 = PLANE('',#5401);
#5401 = AXIS2_PLACEMENT_3D('',#5402,#5403,#5404);
#5402 = CARTESIAN_POINT('',(0.22,-0.32,-3.3));
#5403 = DIRECTION('',(-0.707106781187,0.,0.707106781187));
#5404 = DIRECTION('',(-0.,-1.,0.));
#5405 = ADVANCED_FACE('',(#5406),#5417,.T.);
#5406 = FACE_BOUND('',#5407,.F.);
#5407 = EDGE_LOOP('',(#5408,#5409,#5410,#5411));
#5408 = ORIENTED_EDGE('',*,*,#5361,.F.);
#5409 = ORIENTED_EDGE('',*,*,#5316,.T.);
#5410 = ORIENTED_EDGE('',*,*,#5385,.T.);
#5411 = ORIENTED_EDGE('',*,*,#5412,.F.);
#5412 = EDGE_CURVE('',#5362,#5386,#5413,.T.);
#5413 = LINE('',#5414,#5415);
#5414 = CARTESIAN_POINT('',(-0.32,-0.12,-3.4));
#5415 = VECTOR('',#5416,1.);
#5416 = DIRECTION('',(1.,0.,0.));
#5417 = PLANE('',#5418);
#5418 = AXIS2_PLACEMENT_3D('',#5419,#5420,#5421);
#5419 = CARTESIAN_POINT('',(-0.32,-0.22,-3.3));
#5420 = DIRECTION('',(0.,-0.707106781187,-0.707106781187));
#5421 = DIRECTION('',(-1.,-0.,-0.));
#5422 = ADVANCED_FACE('',(#5423),#5429,.F.);
#5423 = FACE_BOUND('',#5424,.F.);
#5424 = EDGE_LOOP('',(#5425,#5426,#5427,#5428));
#5425 = ORIENTED_EDGE('',*,*,#5412,.T.);
#5426 = ORIENTED_EDGE('',*,*,#5393,.T.);
#5427 = ORIENTED_EDGE('',*,*,#5338,.F.);
#5428 = ORIENTED_EDGE('',*,*,#5369,.F.);
#5429 = PLANE('',#5430);
#5430 = AXIS2_PLACEMENT_3D('',#5431,#5432,#5433);
#5431 = CARTESIAN_POINT('',(-0.32,-0.32,-3.4));
#5432 = DIRECTION('',(0.,0.,1.));
#5433 = DIRECTION('',(0.,1.,0.));
#5434 = ( GEOMETRIC_REPRESENTATION_CONTEXT(3) 
GLOBAL_UNCERTAINTY_ASSIGNED_CONTEXT((#5438)) 
GLOBAL_UNIT_ASSIGNED_CONTEXT((#5435,#5436,#5437)) REPRESENTATION_CONTEXT
('Context #1','3D Context with UNIT and UNCERTAINTY') );
#5435 = ( LENGTH_UNIT() NAMED_UNIT(*) SI_UNIT(.MILLI.,.METRE.) );
#5436 = ( NAMED_UNIT(*) PLANE_ANGLE_UNIT() SI_UNIT($,.RADIAN.) );
#5437 = ( NAMED_UNIT(*) SI_UNIT($,.STERADIAN.) SOLID_ANGLE_UNIT() );
#5438 = UNCERTAINTY_MEASURE_WITH_UNIT(LENGTH_MEASURE(1.E-07),#5435,
  'distance_accuracy_value','confusion accuracy');
#5439 = CONTEXT_DEPENDENT_SHAPE_REPRESENTATION(#5440,#5442);
#5440 = ( REPRESENTATION_RELATIONSHIP('','',#5091,#5028) 
REPRESENTATION_RELATIONSHIP_WITH_TRANSFORMATION(#5441) 
SHAPE_REPRESENTATION_RELATIONSHIP() );
#5441 = ITEM_DEFINED_TRANSFORMATION('','',#11,#5029);
#5442 = PRODUCT_DEFINITION_SHAPE('Placement','Placement of an item',
  #5443);
#5443 = NEXT_ASSEMBLY_USAGE_OCCURRENCE('70','0','',#5023,#5086,$);
#5444 = PRODUCT_RELATED_PRODUCT_CATEGORY('part',$,(#5088));
#5445 = CONTEXT_DEPENDENT_SHAPE_REPRESENTATION(#5446,#5448);
#5446 = ( REPRESENTATION_RELATIONSHIP('','',#5091,#5028) 
REPRESENTATION_RELATIONSHIP_WITH_TRANSFORMATION(#5447) 
SHAPE_REPRESENTATION_RELATIONSHIP() );
#5447 = ITEM_DEFINED_TRANSFORMATION('','',#11,#5033);
#5448 = PRODUCT_DEFINITION_SHAPE('Placement','Placement of an item',
  #5449);
#5449 = NEXT_ASSEMBLY_USAGE_OCCURRENCE('71','1','',#5023,#5086,$);
#5450 = CONTEXT_DEPENDENT_SHAPE_REPRESENTATION(#5451,#5453);
#5451 = ( REPRESENTATION_RELATIONSHIP('','',#5091,#5028) 
REPRESENTATION_RELATIONSHIP_WITH_TRANSFORMATION(#5452) 
SHAPE_REPRESENTATION_RELATIONSHIP() );
#5452 = ITEM_DEFINED_TRANSFORMATION('','',#11,#5037);
#5453 = PRODUCT_DEFINITION_SHAPE('Placement','Placement of an item',
  #5454);
#5454 = NEXT_ASSEMBLY_USAGE_OCCURRENCE('72','2','',#5023,#5086,$);
#5455 = CONTEXT_DEPENDENT_SHAPE_REPRESENTATION(#5456,#5458);
#5456 = ( REPRESENTATION_RELATIONSHIP('','',#5091,#5028) 
REPRESENTATION_RELATIONSHIP_WITH_TRANSFORMATION(#5457) 
SHAPE_REPRESENTATION_RELATIONSHIP() );
#5457 = ITEM_DEFINED_TRANSFORMATION('','',#11,#5041);
#5458 = PRODUCT_DEFINITION_SHAPE('Placement','Placement of an item',
  #5459);
#5459 = NEXT_ASSEMBLY_USAGE_OCCURRENCE('73','3','',#5023,#5086,$);
#5460 = CONTEXT_DEPENDENT_SHAPE_REPRESENTATION(#5461,#5463);
#5461 = ( REPRESENTATION_RELATIONSHIP('','',#5091,#5028) 
REPRESENTATION_RELATIONSHIP_WITH_TRANSFORMATION(#5462) 
SHAPE_REPRESENTATION_RELATIONSHIP() );
#5462 = ITEM_DEFINED_TRANSFORMATION('','',#11,#5045);
#5463 = PRODUCT_DEFINITION_SHAPE('Placement','Placement of an item',
  #5464);
#5464 = NEXT_ASSEMBLY_USAGE_OCCURRENCE('74','4','',#5023,#5086,$);
#5465 = CONTEXT_DEPENDENT_SHAPE_REPRESENTATION(#5466,#5468);
#5466 = ( REPRESENTATION_RELATIONSHIP('','',#5091,#5028) 
REPRESENTATION_RELATIONSHIP_WITH_TRANSFORMATION(#5467) 
SHAPE_REPRESENTATION_RELATIONSHIP() );
#5467 = ITEM_DEFINED_TRANSFORMATION('','',#11,#5049);
#5468 = PRODUCT_DEFINITION_SHAPE('Placement','Placement of an item',
  #5469);
#5469 = NEXT_ASSEMBLY_USAGE_OCCURRENCE('75','5','',#5023,#5086,$);
#5470 = CONTEXT_DEPENDENT_SHAPE_REPRESENTATION(#5471,#5473);
#5471 = ( REPRESENTATION_RELATIONSHIP('','',#5091,#5028) 
REPRESENTATION_RELATIONSHIP_WITH_TRANSFORMATION(#5472) 
SHAPE_REPRESENTATION_RELATIONSHIP() );
#5472 = ITEM_DEFINED_TRANSFORMATION('','',#11,#5053);
#5473 = PRODUCT_DEFINITION_SHAPE('Placement','Placement of an item',
  #5474);
#5474 = NEXT_ASSEMBLY_USAGE_OCCURRENCE('76','6','',#5023,#5086,$);
#5475 = CONTEXT_DEPENDENT_SHAPE_REPRESENTATION(#5476,#5478);
#5476 = ( REPRESENTATION_RELATIONSHIP('','',#5091,#5028) 
REPRESENTATION_RELATIONSHIP_WITH_TRANSFORMATION(#5477) 
SHAPE_REPRESENTATION_RELATIONSHIP() );
#5477 = ITEM_DEFINED_TRANSFORMATION('','',#11,#5057);
#5478 = PRODUCT_DEFINITION_SHAPE('Placement','Placement of an item',
  #5479);
#5479 = NEXT_ASSEMBLY_USAGE_OCCURRENCE('77','7','',#5023,#5086,$);
#5480 = CONTEXT_DEPENDENT_SHAPE_REPRESENTATION(#5481,#5483);
#5481 = ( REPRESENTATION_RELATIONSHIP('','',#5091,#5028) 
REPRESENTATION_RELATIONSHIP_WITH_TRANSFORMATION(#5482) 
SHAPE_REPRESENTATION_RELATIONSHIP() );
#5482 = ITEM_DEFINED_TRANSFORMATION('','',#11,#5061);
#5483 = PRODUCT_DEFINITION_SHAPE('Placement','Placement of an item',
  #5484);
#5484 = NEXT_ASSEMBLY_USAGE_OCCURRENCE('78','8','',#5023,#5086,$);
#5485 = CONTEXT_DEPENDENT_SHAPE_REPRESENTATION(#5486,#5488);
#5486 = ( REPRESENTATION_RELATIONSHIP('','',#5091,#5028) 
REPRESENTATION_RELATIONSHIP_WITH_TRANSFORMATION(#5487) 
SHAPE_REPRESENTATION_RELATIONSHIP() );
#5487 = ITEM_DEFINED_TRANSFORMATION('','',#11,#5065);
#5488 = PRODUCT_DEFINITION_SHAPE('Placement','Placement of an item',
  #5489);
#5489 = NEXT_ASSEMBLY_USAGE_OCCURRENCE('79','9','',#5023,#5086,$);
#5490 = CONTEXT_DEPENDENT_SHAPE_REPRESENTATION(#5491,#5493);
#5491 = ( REPRESENTATION_RELATIONSHIP('','',#5091,#5028) 
REPRESENTATION_RELATIONSHIP_WITH_TRANSFORMATION(#5492) 
SHAPE_REPRESENTATION_RELATIONSHIP() );
#5492 = ITEM_DEFINED_TRANSFORMATION('','',#11,#5069);
#5493 = PRODUCT_DEFINITION_SHAPE('Placement','Placement of an item',
  #5494);
#5494 = NEXT_ASSEMBLY_USAGE_OCCURRENCE('80','10','',#5023,#5086,$);
#5495 = MECHANICAL_DESIGN_GEOMETRIC_PRESENTATION_REPRESENTATION('',(
    #5496),#5010);
#5496 = STYLED_ITEM('color',(#5497),#37);
#5497 = PRESENTATION_STYLE_ASSIGNMENT((#5498,#5504));
#5498 = SURFACE_STYLE_USAGE(.BOTH.,#5499);
#5499 = SURFACE_SIDE_STYLE('',(#5500));
#5500 = SURFACE_STYLE_FILL_AREA(#5501);
#5501 = FILL_AREA_STYLE('',(#5502));
#5502 = FILL_AREA_STYLE_COLOUR('',#5503);
#5503 = DRAUGHTING_PRE_DEFINED_COLOUR('white');
#5504 = CURVE_STYLE('',#5505,POSITIVE_LENGTH_MEASURE(0.1),#5506);
#5505 = DRAUGHTING_PRE_DEFINED_CURVE_FONT('continuous');
#5506 = COLOUR_RGB('',9.803921802644E-02,9.803921802644E-02,
  9.803921802644E-02);
#5507 = MECHANICAL_DESIGN_GEOMETRIC_PRESENTATION_REPRESENTATION('',(
    #5508),#5434);
#5508 = STYLED_ITEM('color',(#5509),#5092);
#5509 = PRESENTATION_STYLE_ASSIGNMENT((#5510,#5516));
#5510 = SURFACE_STYLE_USAGE(.BOTH.,#5511);
#5511 = SURFACE_SIDE_STYLE('',(#5512));
#5512 = SURFACE_STYLE_FILL_AREA(#5513);
#5513 = FILL_AREA_STYLE('',(#5514));
#5514 = FILL_AREA_STYLE_COLOUR('',#5515);
#5515 = COLOUR_RGB('',0.399999997426,0.274509816483,0.);
#5516 = CURVE_STYLE('',#5517,POSITIVE_LENGTH_MEASURE(0.1),#5506);
#5517 = DRAUGHTING_PRE_DEFINED_CURVE_FONT('continuous');
ENDSEC;
END-ISO-10303-21;
