ISO-10303-21;
HEADER;
FILE_DESCRIPTION(('FreeCAD Model'),'2;1');
FILE_NAME('Open CASCADE Shape Model','2026-06-29T20:01:40',(''),(''),
  'Open CASCADE STEP processor 7.8','FreeCAD','Unknown');
FILE_SCHEMA(('AUTOMOTIVE_DESIGN { 1 0 10303 214 1 1 1 1 }'));
ENDSEC;
DATA;
#1 = APPLICATION_PROTOCOL_DEFINITION('international standard',
  'automotive_design',2000,#2);
#2 = APPLICATION_CONTEXT(
  'core data for automotive mechanical design processes');
#3 = SHAPE_DEFINITION_REPRESENTATION(#4,#10);
#4 = PRODUCT_DEFINITION_SHAPE('','',#5);
#5 = PRODUCT_DEFINITION('design','',#6,#9);
#6 = PRODUCT_DEFINITION_FORMATION('','',#7);
#7 = PRODUCT('XH_top_entry','XH_top_entry','',(#8));
#8 = PRODUCT_CONTEXT('',#2,'mechanical');
#9 = PRODUCT_DEFINITION_CONTEXT('part definition',#2,'design');
#10 = SHAPE_REPRESENTATION('',(#11,#15,#19),#23);
#11 = AXIS2_PLACEMENT_3D('',#12,#13,#14);
#12 = CARTESIAN_POINT('',(0.,0.,0.));
#13 = DIRECTION('',(0.,0.,1.));
#14 = DIRECTION('',(1.,0.,-0.));
#15 = AXIS2_PLACEMENT_3D('',#16,#17,#18);
#16 = CARTESIAN_POINT('',(5.,0.,0.));
#17 = DIRECTION('',(0.,0.,1.));
#18 = DIRECTION('',(-1.,1.224646799147E-16,0.));
#19 = AXIS2_PLACEMENT_3D('',#20,#21,#22);
#20 = CARTESIAN_POINT('',(0.,0.,0.));
#21 = DIRECTION('',(0.,0.,1.));
#22 = DIRECTION('',(1.,0.,0.));
#23 = ( GEOMETRIC_REPRESENTATION_CONTEXT(3) 
GLOBAL_UNCERTAINTY_ASSIGNED_CONTEXT((#27)) GLOBAL_UNIT_ASSIGNED_CONTEXT(
(#24,#25,#26)) REPRESENTATION_CONTEXT('Context #1',
  '3D Context with UNIT and UNCERTAINTY') );
#24 = ( LENGTH_UNIT() NAMED_UNIT(*) SI_UNIT(.MILLI.,.METRE.) );
#25 = ( NAMED_UNIT(*) PLANE_ANGLE_UNIT() SI_UNIT($,.RADIAN.) );
#26 = ( NAMED_UNIT(*) SI_UNIT($,.STERADIAN.) SOLID_ANGLE_UNIT() );
#27 = UNCERTAINTY_MEASURE_WITH_UNIT(LENGTH_MEASURE(2.E-06),#24,
  'distance_accuracy_value','confusion accuracy');
#28 = PRODUCT_RELATED_PRODUCT_CATEGORY('part',$,(#7));
#29 = SHAPE_DEFINITION_REPRESENTATION(#30,#36);
#30 = PRODUCT_DEFINITION_SHAPE('','',#31);
#31 = PRODUCT_DEFINITION('design','',#32,#35);
#32 = PRODUCT_DEFINITION_FORMATION('','',#33);
#33 = PRODUCT('Top_entry_base','Top_entry_base','',(#34));
#34 = PRODUCT_CONTEXT('',#2,'mechanical');
#35 = PRODUCT_DEFINITION_CONTEXT('part definition',#2,'design');
#36 = ADVANCED_BREP_SHAPE_REPRESENTATION('',(#11,#37),#2338);
#37 = MANIFOLD_SOLID_BREP('',#38);
#38 = CLOSED_SHELL('',(#39,#129,#168,#192,#249,#273,#298,#322,#442,#474,
    #499,#549,#622,#639,#664,#905,#936,#948,#972,#1038,#1056,#1089,#1113
    ,#1144,#1161,#1194,#1227,#1251,#1275,#1306,#1337,#1349,#1366,#1397,
    #1409,#1426,#1443,#1581,#1695,#1712,#1729,#1746,#1763,#1780,#1797,
    #1814,#1831,#1848,#1865,#1882,#1899,#1916,#1933,#1950,#1967,#1984,
    #1996,#2042,#2088,#2134,#2156,#2173,#2190,#2202,#2224,#2241,#2258,
    #2270,#2292,#2309,#2326));
#39 = ADVANCED_FACE('',(#40),#124,.T.);
#40 = FACE_BOUND('',#41,.T.);
#41 = EDGE_LOOP('',(#42,#52,#60,#68,#76,#84,#92,#101,#109,#118));
#42 = ORIENTED_EDGE('',*,*,#43,.T.);
#43 = EDGE_CURVE('',#44,#46,#48,.T.);
#44 = VERTEX_POINT('',#45);
#45 = CARTESIAN_POINT('',(-2.45,-0.7,7.));
#46 = VERTEX_POINT('',#47);
#47 = CARTESIAN_POINT('',(-2.,-0.7,7.));
#48 = LINE('',#49,#50);
#49 = CARTESIAN_POINT('',(-5.,-0.7,7.));
#50 = VECTOR('',#51,1.);
#51 = DIRECTION('',(1.,0.,0.));
#52 = ORIENTED_EDGE('',*,*,#53,.F.);
#53 = EDGE_CURVE('',#54,#46,#56,.T.);
#54 = VERTEX_POINT('',#55);
#55 = CARTESIAN_POINT('',(-2.,2.95,7.));
#56 = LINE('',#57,#58);
#57 = CARTESIAN_POINT('',(-2.,2.65,7.));
#58 = VECTOR('',#59,1.);
#59 = DIRECTION('',(0.,-1.,0.));
#60 = ORIENTED_EDGE('',*,*,#61,.T.);
#61 = EDGE_CURVE('',#54,#62,#64,.T.);
#62 = VERTEX_POINT('',#63);
#63 = CARTESIAN_POINT('',(7.,2.95,7.));
#64 = LINE('',#65,#66);
#65 = CARTESIAN_POINT('',(-1.7,2.95,7.));
#66 = VECTOR('',#67,1.);
#67 = DIRECTION('',(1.,0.,0.));
#68 = ORIENTED_EDGE('',*,*,#69,.T.);
#69 = EDGE_CURVE('',#62,#70,#72,.T.);
#70 = VERTEX_POINT('',#71);
#71 = CARTESIAN_POINT('',(7.,-0.7,7.));
#72 = LINE('',#73,#74);
#73 = CARTESIAN_POINT('',(7.,2.65,7.));
#74 = VECTOR('',#75,1.);
#75 = DIRECTION('',(0.,-1.,0.));
#76 = ORIENTED_EDGE('',*,*,#77,.T.);
#77 = EDGE_CURVE('',#70,#78,#80,.T.);
#78 = VERTEX_POINT('',#79);
#79 = CARTESIAN_POINT('',(7.45,-0.7,7.));
#80 = LINE('',#81,#82);
#81 = CARTESIAN_POINT('',(-5.,-0.7,7.));
#82 = VECTOR('',#83,1.);
#83 = DIRECTION('',(1.,0.,0.));
#84 = ORIENTED_EDGE('',*,*,#85,.T.);
#85 = EDGE_CURVE('',#78,#86,#88,.T.);
#86 = VERTEX_POINT('',#87);
#87 = CARTESIAN_POINT('',(7.45,2.9,7.));
#88 = LINE('',#89,#90);
#89 = CARTESIAN_POINT('',(7.45,-2.35,7.));
#90 = VECTOR('',#91,1.);
#91 = DIRECTION('',(0.,1.,0.));
#92 = ORIENTED_EDGE('',*,*,#93,.T.);
#93 = EDGE_CURVE('',#86,#94,#96,.T.);
#94 = VERTEX_POINT('',#95);
#95 = CARTESIAN_POINT('',(6.95,3.4,7.));
#96 = CIRCLE('',#97,0.5);
#97 = AXIS2_PLACEMENT_3D('',#98,#99,#100);
#98 = CARTESIAN_POINT('',(6.95,2.9,7.));
#99 = DIRECTION('',(-0.,0.,1.));
#100 = DIRECTION('',(0.,-1.,0.));
#101 = ORIENTED_EDGE('',*,*,#102,.T.);
#102 = EDGE_CURVE('',#94,#103,#105,.T.);
#103 = VERTEX_POINT('',#104);
#104 = CARTESIAN_POINT('',(-1.95,3.4,7.));
#105 = LINE('',#106,#107);
#106 = CARTESIAN_POINT('',(7.45,3.4,7.));
#107 = VECTOR('',#108,1.);
#108 = DIRECTION('',(-1.,0.,0.));
#109 = ORIENTED_EDGE('',*,*,#110,.F.);
#110 = EDGE_CURVE('',#111,#103,#113,.T.);
#111 = VERTEX_POINT('',#112);
#112 = CARTESIAN_POINT('',(-2.45,2.9,7.));
#113 = CIRCLE('',#114,0.5);
#114 = AXIS2_PLACEMENT_3D('',#115,#116,#117);
#115 = CARTESIAN_POINT('',(-1.95,2.9,7.));
#116 = DIRECTION('',(-0.,-0.,-1.));
#117 = DIRECTION('',(0.,-1.,0.));
#118 = ORIENTED_EDGE('',*,*,#119,.T.);
#119 = EDGE_CURVE('',#111,#44,#120,.T.);
#120 = LINE('',#121,#122);
#121 = CARTESIAN_POINT('',(-2.45,3.4,7.));
#122 = VECTOR('',#123,1.);
#123 = DIRECTION('',(0.,-1.,0.));
#124 = PLANE('',#125);
#125 = AXIS2_PLACEMENT_3D('',#126,#127,#128);
#126 = CARTESIAN_POINT('',(2.5,0.525,7.));
#127 = DIRECTION('',(0.,0.,1.));
#128 = DIRECTION('',(1.,0.,0.));
#129 = ADVANCED_FACE('',(#130),#163,.T.);
#130 = FACE_BOUND('',#131,.T.);
#131 = EDGE_LOOP('',(#132,#133,#141,#149,#157));
#132 = ORIENTED_EDGE('',*,*,#43,.F.);
#133 = ORIENTED_EDGE('',*,*,#134,.T.);
#134 = EDGE_CURVE('',#44,#135,#137,.T.);
#135 = VERTEX_POINT('',#136);
#136 = CARTESIAN_POINT('',(-2.45,-0.7,3.9));
#137 = LINE('',#138,#139);
#138 = CARTESIAN_POINT('',(-2.45,-0.7,1.95));
#139 = VECTOR('',#140,1.);
#140 = DIRECTION('',(0.,0.,-1.));
#141 = ORIENTED_EDGE('',*,*,#142,.T.);
#142 = EDGE_CURVE('',#135,#143,#145,.T.);
#143 = VERTEX_POINT('',#144);
#144 = CARTESIAN_POINT('',(-1.7,-0.7,3.9));
#145 = LINE('',#146,#147);
#146 = CARTESIAN_POINT('',(-5.,-0.7,3.9));
#147 = VECTOR('',#148,1.);
#148 = DIRECTION('',(1.,0.,0.));
#149 = ORIENTED_EDGE('',*,*,#150,.F.);
#150 = EDGE_CURVE('',#151,#143,#153,.T.);
#151 = VERTEX_POINT('',#152);
#152 = CARTESIAN_POINT('',(-1.7,-0.7,6.5));
#153 = LINE('',#154,#155);
#154 = CARTESIAN_POINT('',(-1.7,-0.7,4.067949337881));
#155 = VECTOR('',#156,1.);
#156 = DIRECTION('',(0.,0.,-1.));
#157 = ORIENTED_EDGE('',*,*,#158,.F.);
#158 = EDGE_CURVE('',#46,#151,#159,.T.);
#159 = LINE('',#160,#161);
#160 = CARTESIAN_POINT('',(-1.638235294118,-0.7,6.397058823529));
#161 = VECTOR('',#162,1.);
#162 = DIRECTION('',(0.514495755428,0.,-0.857492925713));
#163 = PLANE('',#164);
#164 = AXIS2_PLACEMENT_3D('',#165,#166,#167);
#165 = CARTESIAN_POINT('',(-5.,-0.7,3.9));
#166 = DIRECTION('',(0.,-1.,0.));
#167 = DIRECTION('',(0.,0.,1.));
#168 = ADVANCED_FACE('',(#169),#187,.T.);
#169 = FACE_BOUND('',#170,.T.);
#170 = EDGE_LOOP('',(#171,#179,#180,#181));
#171 = ORIENTED_EDGE('',*,*,#172,.F.);
#172 = EDGE_CURVE('',#54,#173,#175,.T.);
#173 = VERTEX_POINT('',#174);
#174 = CARTESIAN_POINT('',(-1.7,2.65,6.5));
#175 = LINE('',#176,#177);
#176 = CARTESIAN_POINT('',(-1.818604651163,2.768604651163,6.697674418605
    ));
#177 = VECTOR('',#178,1.);
#178 = DIRECTION('',(0.457495710998,-0.457495710998,-0.762492851663));
#179 = ORIENTED_EDGE('',*,*,#53,.T.);
#180 = ORIENTED_EDGE('',*,*,#158,.T.);
#181 = ORIENTED_EDGE('',*,*,#182,.F.);
#182 = EDGE_CURVE('',#173,#151,#183,.T.);
#183 = LINE('',#184,#185);
#184 = CARTESIAN_POINT('',(-1.7,2.65,6.5));
#185 = VECTOR('',#186,1.);
#186 = DIRECTION('',(0.,-1.,0.));
#187 = PLANE('',#188);
#188 = AXIS2_PLACEMENT_3D('',#189,#190,#191);
#189 = CARTESIAN_POINT('',(-1.85,2.65,6.75));
#190 = DIRECTION('',(0.857492925713,-3.475340006926E-18,0.514495755428)
  );
#191 = DIRECTION('',(-2.980079470385E-18,-1.,-1.788047682231E-18));
#192 = ADVANCED_FACE('',(#193),#244,.F.);
#193 = FACE_BOUND('',#194,.F.);
#194 = EDGE_LOOP('',(#195,#205,#211,#212,#213,#222,#230,#238));
#195 = ORIENTED_EDGE('',*,*,#196,.F.);
#196 = EDGE_CURVE('',#197,#199,#201,.T.);
#197 = VERTEX_POINT('',#198);
#198 = CARTESIAN_POINT('',(-2.45,2.9,0.));
#199 = VERTEX_POINT('',#200);
#200 = CARTESIAN_POINT('',(-2.45,-2.35,0.));
#201 = LINE('',#202,#203);
#202 = CARTESIAN_POINT('',(-2.45,3.4,0.));
#203 = VECTOR('',#204,1.);
#204 = DIRECTION('',(0.,-1.,0.));
#205 = ORIENTED_EDGE('',*,*,#206,.T.);
#206 = EDGE_CURVE('',#197,#111,#207,.T.);
#207 = LINE('',#208,#209);
#208 = CARTESIAN_POINT('',(-2.45,2.9,0.));
#209 = VECTOR('',#210,1.);
#210 = DIRECTION('',(0.,0.,1.));
#211 = ORIENTED_EDGE('',*,*,#119,.T.);
#212 = ORIENTED_EDGE('',*,*,#134,.T.);
#213 = ORIENTED_EDGE('',*,*,#214,.T.);
#214 = EDGE_CURVE('',#135,#215,#217,.T.);
#215 = VERTEX_POINT('',#216);
#216 = CARTESIAN_POINT('',(-2.45,-1.549999999998,4.749999999997));
#217 = CIRCLE('',#218,0.849999999998);
#218 = AXIS2_PLACEMENT_3D('',#219,#220,#221);
#219 = CARTESIAN_POINT('',(-2.45,-0.7,4.749999999998));
#220 = DIRECTION('',(-1.,0.,0.));
#221 = DIRECTION('',(0.,1.,0.));
#222 = ORIENTED_EDGE('',*,*,#223,.T.);
#223 = EDGE_CURVE('',#215,#224,#226,.T.);
#224 = VERTEX_POINT('',#225);
#225 = CARTESIAN_POINT('',(-2.45,-1.549999999998,7.));
#226 = LINE('',#227,#228);
#227 = CARTESIAN_POINT('',(-2.45,-1.549999999998,3.5));
#228 = VECTOR('',#229,1.);
#229 = DIRECTION('',(0.,0.,1.));
#230 = ORIENTED_EDGE('',*,*,#231,.T.);
#231 = EDGE_CURVE('',#224,#232,#234,.T.);
#232 = VERTEX_POINT('',#233);
#233 = CARTESIAN_POINT('',(-2.45,-2.35,7.));
#234 = LINE('',#235,#236);
#235 = CARTESIAN_POINT('',(-2.45,3.4,7.));
#236 = VECTOR('',#237,1.);
#237 = DIRECTION('',(0.,-1.,0.));
#238 = ORIENTED_EDGE('',*,*,#239,.F.);
#239 = EDGE_CURVE('',#199,#232,#240,.T.);
#240 = LINE('',#241,#242);
#241 = CARTESIAN_POINT('',(-2.45,-2.35,0.));
#242 = VECTOR('',#243,1.);
#243 = DIRECTION('',(0.,0.,1.));
#244 = PLANE('',#245);
#245 = AXIS2_PLACEMENT_3D('',#246,#247,#248);
#246 = CARTESIAN_POINT('',(-2.45,3.4,0.));
#247 = DIRECTION('',(1.,0.,0.));
#248 = DIRECTION('',(0.,-1.,0.));
#249 = ADVANCED_FACE('',(#250),#268,.T.);
#250 = FACE_BOUND('',#251,.F.);
#251 = EDGE_LOOP('',(#252,#253,#254,#262));
#252 = ORIENTED_EDGE('',*,*,#172,.F.);
#253 = ORIENTED_EDGE('',*,*,#61,.T.);
#254 = ORIENTED_EDGE('',*,*,#255,.T.);
#255 = EDGE_CURVE('',#62,#256,#258,.T.);
#256 = VERTEX_POINT('',#257);
#257 = CARTESIAN_POINT('',(6.7,2.65,6.5));
#258 = LINE('',#259,#260);
#259 = CARTESIAN_POINT('',(5.939534883721,1.889534883721,5.232558139535)
  );
#260 = VECTOR('',#261,1.);
#261 = DIRECTION('',(-0.457495710998,-0.457495710998,-0.762492851663));
#262 = ORIENTED_EDGE('',*,*,#263,.F.);
#263 = EDGE_CURVE('',#173,#256,#264,.T.);
#264 = LINE('',#265,#266);
#265 = CARTESIAN_POINT('',(-1.7,2.65,6.5));
#266 = VECTOR('',#267,1.);
#267 = DIRECTION('',(1.,0.,0.));
#268 = PLANE('',#269);
#269 = AXIS2_PLACEMENT_3D('',#270,#271,#272);
#270 = CARTESIAN_POINT('',(-1.7,2.8,6.75));
#271 = DIRECTION('',(-3.475340006926E-18,-0.857492925713,0.514495755428)
  );
#272 = DIRECTION('',(-1.,2.980079470385E-18,-1.788047682231E-18));
#273 = ADVANCED_FACE('',(#274),#293,.T.);
#274 = FACE_BOUND('',#275,.F.);
#275 = EDGE_LOOP('',(#276,#285,#291,#292));
#276 = ORIENTED_EDGE('',*,*,#277,.T.);
#277 = EDGE_CURVE('',#197,#278,#280,.T.);
#278 = VERTEX_POINT('',#279);
#279 = CARTESIAN_POINT('',(-1.95,3.4,0.));
#280 = CIRCLE('',#281,0.5);
#281 = AXIS2_PLACEMENT_3D('',#282,#283,#284);
#282 = CARTESIAN_POINT('',(-1.95,2.9,0.));
#283 = DIRECTION('',(-0.,-0.,-1.));
#284 = DIRECTION('',(0.,-1.,0.));
#285 = ORIENTED_EDGE('',*,*,#286,.T.);
#286 = EDGE_CURVE('',#278,#103,#287,.T.);
#287 = LINE('',#288,#289);
#288 = CARTESIAN_POINT('',(-1.95,3.4,0.));
#289 = VECTOR('',#290,1.);
#290 = DIRECTION('',(0.,0.,1.));
#291 = ORIENTED_EDGE('',*,*,#110,.F.);
#292 = ORIENTED_EDGE('',*,*,#206,.F.);
#293 = CYLINDRICAL_SURFACE('',#294,0.5);
#294 = AXIS2_PLACEMENT_3D('',#295,#296,#297);
#295 = CARTESIAN_POINT('',(-1.95,2.9,0.));
#296 = DIRECTION('',(0.,0.,1.));
#297 = DIRECTION('',(-1.,0.,0.));
#298 = ADVANCED_FACE('',(#299),#317,.F.);
#299 = FACE_BOUND('',#300,.F.);
#300 = EDGE_LOOP('',(#301,#302,#303,#311));
#301 = ORIENTED_EDGE('',*,*,#255,.F.);
#302 = ORIENTED_EDGE('',*,*,#69,.T.);
#303 = ORIENTED_EDGE('',*,*,#304,.T.);
#304 = EDGE_CURVE('',#70,#305,#307,.T.);
#305 = VERTEX_POINT('',#306);
#306 = CARTESIAN_POINT('',(6.7,-0.7,6.5));
#307 = LINE('',#308,#309);
#308 = CARTESIAN_POINT('',(4.652941176471,-0.7,3.088235294118));
#309 = VECTOR('',#310,1.);
#310 = DIRECTION('',(-0.514495755428,-0.,-0.857492925713));
#311 = ORIENTED_EDGE('',*,*,#312,.F.);
#312 = EDGE_CURVE('',#256,#305,#313,.T.);
#313 = LINE('',#314,#315);
#314 = CARTESIAN_POINT('',(6.7,2.65,6.5));
#315 = VECTOR('',#316,1.);
#316 = DIRECTION('',(0.,-1.,0.));
#317 = PLANE('',#318);
#318 = AXIS2_PLACEMENT_3D('',#319,#320,#321);
#319 = CARTESIAN_POINT('',(6.85,2.65,6.75));
#320 = DIRECTION('',(0.857492925713,3.475340006926E-18,-0.514495755428)
  );
#321 = DIRECTION('',(2.980079470385E-18,-1.,-1.788047682231E-18));
#322 = ADVANCED_FACE('',(#323),#437,.F.);
#323 = FACE_BOUND('',#324,.F.);
#324 = EDGE_LOOP('',(#325,#335,#341,#342,#343,#351,#359,#367,#375,#383,
    #391,#399,#407,#415,#423,#431));
#325 = ORIENTED_EDGE('',*,*,#326,.F.);
#326 = EDGE_CURVE('',#327,#329,#331,.T.);
#327 = VERTEX_POINT('',#328);
#328 = CARTESIAN_POINT('',(6.95,3.4,0.));
#329 = VERTEX_POINT('',#330);
#330 = CARTESIAN_POINT('',(5.95,3.4,0.));
#331 = LINE('',#332,#333);
#332 = CARTESIAN_POINT('',(7.45,3.4,0.));
#333 = VECTOR('',#334,1.);
#334 = DIRECTION('',(-1.,0.,0.));
#335 = ORIENTED_EDGE('',*,*,#336,.T.);
#336 = EDGE_CURVE('',#327,#94,#337,.T.);
#337 = LINE('',#338,#339);
#338 = CARTESIAN_POINT('',(6.95,3.4,0.));
#339 = VECTOR('',#340,1.);
#340 = DIRECTION('',(0.,0.,1.));
#341 = ORIENTED_EDGE('',*,*,#102,.T.);
#342 = ORIENTED_EDGE('',*,*,#286,.F.);
#343 = ORIENTED_EDGE('',*,*,#344,.F.);
#344 = EDGE_CURVE('',#345,#278,#347,.T.);
#345 = VERTEX_POINT('',#346);
#346 = CARTESIAN_POINT('',(-0.95,3.4,0.));
#347 = LINE('',#348,#349);
#348 = CARTESIAN_POINT('',(7.45,3.4,0.));
#349 = VECTOR('',#350,1.);
#350 = DIRECTION('',(-1.,0.,0.));
#351 = ORIENTED_EDGE('',*,*,#352,.F.);
#352 = EDGE_CURVE('',#353,#345,#355,.T.);
#353 = VERTEX_POINT('',#354);
#354 = CARTESIAN_POINT('',(-0.95,3.4,0.9));
#355 = LINE('',#356,#357);
#356 = CARTESIAN_POINT('',(-0.95,3.4,0.9));
#357 = VECTOR('',#358,1.);
#358 = DIRECTION('',(0.,0.,-1.));
#359 = ORIENTED_EDGE('',*,*,#360,.F.);
#360 = EDGE_CURVE('',#361,#353,#363,.T.);
#361 = VERTEX_POINT('',#362);
#362 = CARTESIAN_POINT('',(0.95,3.4,0.9));
#363 = LINE('',#364,#365);
#364 = CARTESIAN_POINT('',(0.95,3.4,0.9));
#365 = VECTOR('',#366,1.);
#366 = DIRECTION('',(-1.,-0.,-0.));
#367 = ORIENTED_EDGE('',*,*,#368,.T.);
#368 = EDGE_CURVE('',#361,#369,#371,.T.);
#369 = VERTEX_POINT('',#370);
#370 = CARTESIAN_POINT('',(0.95,3.4,0.));
#371 = LINE('',#372,#373);
#372 = CARTESIAN_POINT('',(0.95,3.4,0.9));
#373 = VECTOR('',#374,1.);
#374 = DIRECTION('',(0.,0.,-1.));
#375 = ORIENTED_EDGE('',*,*,#376,.F.);
#376 = EDGE_CURVE('',#377,#369,#379,.T.);
#377 = VERTEX_POINT('',#378);
#378 = CARTESIAN_POINT('',(1.55,3.4,0.));
#379 = LINE('',#380,#381);
#380 = CARTESIAN_POINT('',(7.45,3.4,0.));
#381 = VECTOR('',#382,1.);
#382 = DIRECTION('',(-1.,0.,0.));
#383 = ORIENTED_EDGE('',*,*,#384,.F.);
#384 = EDGE_CURVE('',#385,#377,#387,.T.);
#385 = VERTEX_POINT('',#386);
#386 = CARTESIAN_POINT('',(1.55,3.4,0.9));
#387 = LINE('',#388,#389);
#388 = CARTESIAN_POINT('',(1.55,3.4,0.9));
#389 = VECTOR('',#390,1.);
#390 = DIRECTION('',(0.,0.,-1.));
#391 = ORIENTED_EDGE('',*,*,#392,.F.);
#392 = EDGE_CURVE('',#393,#385,#395,.T.);
#393 = VERTEX_POINT('',#394);
#394 = CARTESIAN_POINT('',(3.45,3.4,0.9));
#395 = LINE('',#396,#397);
#396 = CARTESIAN_POINT('',(3.45,3.4,0.9));
#397 = VECTOR('',#398,1.);
#398 = DIRECTION('',(-1.,-0.,-0.));
#399 = ORIENTED_EDGE('',*,*,#400,.T.);
#400 = EDGE_CURVE('',#393,#401,#403,.T.);
#401 = VERTEX_POINT('',#402);
#402 = CARTESIAN_POINT('',(3.45,3.4,0.));
#403 = LINE('',#404,#405);
#404 = CARTESIAN_POINT('',(3.45,3.4,0.9));
#405 = VECTOR('',#406,1.);
#406 = DIRECTION('',(0.,0.,-1.));
#407 = ORIENTED_EDGE('',*,*,#408,.F.);
#408 = EDGE_CURVE('',#409,#401,#411,.T.);
#409 = VERTEX_POINT('',#410);
#410 = CARTESIAN_POINT('',(4.05,3.4,0.));
#411 = LINE('',#412,#413);
#412 = CARTESIAN_POINT('',(7.45,3.4,0.));
#413 = VECTOR('',#414,1.);
#414 = DIRECTION('',(-1.,0.,0.));
#415 = ORIENTED_EDGE('',*,*,#416,.F.);
#416 = EDGE_CURVE('',#417,#409,#419,.T.);
#417 = VERTEX_POINT('',#418);
#418 = CARTESIAN_POINT('',(4.05,3.4,0.9));
#419 = LINE('',#420,#421);
#420 = CARTESIAN_POINT('',(4.05,3.4,0.9));
#421 = VECTOR('',#422,1.);
#422 = DIRECTION('',(0.,0.,-1.));
#423 = ORIENTED_EDGE('',*,*,#424,.F.);
#424 = EDGE_CURVE('',#425,#417,#427,.T.);
#425 = VERTEX_POINT('',#426);
#426 = CARTESIAN_POINT('',(5.95,3.4,0.9));
#427 = LINE('',#428,#429);
#428 = CARTESIAN_POINT('',(5.95,3.4,0.9));
#429 = VECTOR('',#430,1.);
#430 = DIRECTION('',(-1.,-0.,-0.));
#431 = ORIENTED_EDGE('',*,*,#432,.T.);
#432 = EDGE_CURVE('',#425,#329,#433,.T.);
#433 = LINE('',#434,#435);
#434 = CARTESIAN_POINT('',(5.95,3.4,0.9));
#435 = VECTOR('',#436,1.);
#436 = DIRECTION('',(0.,0.,-1.));
#437 = PLANE('',#438);
#438 = AXIS2_PLACEMENT_3D('',#439,#440,#441);
#439 = CARTESIAN_POINT('',(7.45,3.4,0.));
#440 = DIRECTION('',(0.,-1.,0.));
#441 = DIRECTION('',(-1.,0.,0.));
#442 = ADVANCED_FACE('',(#443),#469,.T.);
#443 = FACE_BOUND('',#444,.T.);
#444 = EDGE_LOOP('',(#445,#453,#461,#467,#468));
#445 = ORIENTED_EDGE('',*,*,#446,.T.);
#446 = EDGE_CURVE('',#305,#447,#449,.T.);
#447 = VERTEX_POINT('',#448);
#448 = CARTESIAN_POINT('',(6.7,-0.7,3.9));
#449 = LINE('',#450,#451);
#450 = CARTESIAN_POINT('',(6.7,-0.7,4.067949337881));
#451 = VECTOR('',#452,1.);
#452 = DIRECTION('',(0.,0.,-1.));
#453 = ORIENTED_EDGE('',*,*,#454,.T.);
#454 = EDGE_CURVE('',#447,#455,#457,.T.);
#455 = VERTEX_POINT('',#456);
#456 = CARTESIAN_POINT('',(7.45,-0.7,3.9));
#457 = LINE('',#458,#459);
#458 = CARTESIAN_POINT('',(-5.,-0.7,3.9));
#459 = VECTOR('',#460,1.);
#460 = DIRECTION('',(1.,0.,0.));
#461 = ORIENTED_EDGE('',*,*,#462,.T.);
#462 = EDGE_CURVE('',#455,#78,#463,.T.);
#463 = LINE('',#464,#465);
#464 = CARTESIAN_POINT('',(7.45,-0.7,1.95));
#465 = VECTOR('',#466,1.);
#466 = DIRECTION('',(0.,0.,1.));
#467 = ORIENTED_EDGE('',*,*,#77,.F.);
#468 = ORIENTED_EDGE('',*,*,#304,.T.);
#469 = PLANE('',#470);
#470 = AXIS2_PLACEMENT_3D('',#471,#472,#473);
#471 = CARTESIAN_POINT('',(-5.,-0.7,3.9));
#472 = DIRECTION('',(0.,-1.,0.));
#473 = DIRECTION('',(0.,0.,1.));
#474 = ADVANCED_FACE('',(#475),#494,.T.);
#475 = FACE_BOUND('',#476,.T.);
#476 = EDGE_LOOP('',(#477,#486,#487,#488));
#477 = ORIENTED_EDGE('',*,*,#478,.T.);
#478 = EDGE_CURVE('',#479,#327,#481,.T.);
#479 = VERTEX_POINT('',#480);
#480 = CARTESIAN_POINT('',(7.45,2.9,0.));
#481 = CIRCLE('',#482,0.5);
#482 = AXIS2_PLACEMENT_3D('',#483,#484,#485);
#483 = CARTESIAN_POINT('',(6.95,2.9,0.));
#484 = DIRECTION('',(-0.,0.,1.));
#485 = DIRECTION('',(0.,-1.,0.));
#486 = ORIENTED_EDGE('',*,*,#336,.T.);
#487 = ORIENTED_EDGE('',*,*,#93,.F.);
#488 = ORIENTED_EDGE('',*,*,#489,.F.);
#489 = EDGE_CURVE('',#479,#86,#490,.T.);
#490 = LINE('',#491,#492);
#491 = CARTESIAN_POINT('',(7.45,2.9,0.));
#492 = VECTOR('',#493,1.);
#493 = DIRECTION('',(0.,0.,1.));
#494 = CYLINDRICAL_SURFACE('',#495,0.5);
#495 = AXIS2_PLACEMENT_3D('',#496,#497,#498);
#496 = CARTESIAN_POINT('',(6.95,2.9,0.));
#497 = DIRECTION('',(0.,0.,1.));
#498 = DIRECTION('',(1.,0.,0.));
#499 = ADVANCED_FACE('',(#500),#544,.F.);
#500 = FACE_BOUND('',#501,.F.);
#501 = EDGE_LOOP('',(#502,#510,#518,#526,#534,#541,#542,#543));
#502 = ORIENTED_EDGE('',*,*,#503,.F.);
#503 = EDGE_CURVE('',#504,#479,#506,.T.);
#504 = VERTEX_POINT('',#505);
#505 = CARTESIAN_POINT('',(7.45,-2.35,0.));
#506 = LINE('',#507,#508);
#507 = CARTESIAN_POINT('',(7.45,-2.35,0.));
#508 = VECTOR('',#509,1.);
#509 = DIRECTION('',(0.,1.,0.));
#510 = ORIENTED_EDGE('',*,*,#511,.T.);
#511 = EDGE_CURVE('',#504,#512,#514,.T.);
#512 = VERTEX_POINT('',#513);
#513 = CARTESIAN_POINT('',(7.45,-2.35,7.));
#514 = LINE('',#515,#516);
#515 = CARTESIAN_POINT('',(7.45,-2.35,0.));
#516 = VECTOR('',#517,1.);
#517 = DIRECTION('',(0.,0.,1.));
#518 = ORIENTED_EDGE('',*,*,#519,.T.);
#519 = EDGE_CURVE('',#512,#520,#522,.T.);
#520 = VERTEX_POINT('',#521);
#521 = CARTESIAN_POINT('',(7.45,-1.549999999998,7.));
#522 = LINE('',#523,#524);
#523 = CARTESIAN_POINT('',(7.45,-2.35,7.));
#524 = VECTOR('',#525,1.);
#525 = DIRECTION('',(0.,1.,0.));
#526 = ORIENTED_EDGE('',*,*,#527,.T.);
#527 = EDGE_CURVE('',#520,#528,#530,.T.);
#528 = VERTEX_POINT('',#529);
#529 = CARTESIAN_POINT('',(7.45,-1.549999999998,4.749999999997));
#530 = LINE('',#531,#532);
#531 = CARTESIAN_POINT('',(7.45,-1.549999999998,3.5));
#532 = VECTOR('',#533,1.);
#533 = DIRECTION('',(0.,0.,-1.));
#534 = ORIENTED_EDGE('',*,*,#535,.F.);
#535 = EDGE_CURVE('',#455,#528,#536,.T.);
#536 = CIRCLE('',#537,0.849999999998);
#537 = AXIS2_PLACEMENT_3D('',#538,#539,#540);
#538 = CARTESIAN_POINT('',(7.45,-0.7,4.749999999998));
#539 = DIRECTION('',(-1.,0.,0.));
#540 = DIRECTION('',(0.,1.,0.));
#541 = ORIENTED_EDGE('',*,*,#462,.T.);
#542 = ORIENTED_EDGE('',*,*,#85,.T.);
#543 = ORIENTED_EDGE('',*,*,#489,.F.);
#544 = PLANE('',#545);
#545 = AXIS2_PLACEMENT_3D('',#546,#547,#548);
#546 = CARTESIAN_POINT('',(7.45,-2.35,0.));
#547 = DIRECTION('',(-1.,0.,0.));
#548 = DIRECTION('',(0.,1.,0.));
#549 = ADVANCED_FACE('',(#550),#617,.T.);
#550 = FACE_BOUND('',#551,.T.);
#551 = EDGE_LOOP('',(#552,#553,#562,#570,#578,#586,#594,#602,#610,#616)
  );
#552 = ORIENTED_EDGE('',*,*,#150,.T.);
#553 = ORIENTED_EDGE('',*,*,#554,.T.);
#554 = EDGE_CURVE('',#143,#555,#557,.T.);
#555 = VERTEX_POINT('',#556);
#556 = CARTESIAN_POINT('',(-1.7,-1.549999999998,4.749999999997));
#557 = CIRCLE('',#558,0.849999999998);
#558 = AXIS2_PLACEMENT_3D('',#559,#560,#561);
#559 = CARTESIAN_POINT('',(-1.7,-0.7,4.749999999998));
#560 = DIRECTION('',(-1.,0.,0.));
#561 = DIRECTION('',(0.,1.,0.));
#562 = ORIENTED_EDGE('',*,*,#563,.T.);
#563 = EDGE_CURVE('',#555,#564,#566,.T.);
#564 = VERTEX_POINT('',#565);
#565 = CARTESIAN_POINT('',(-1.7,-1.549999999998,7.));
#566 = LINE('',#567,#568);
#567 = CARTESIAN_POINT('',(-1.7,-1.549999999998,5.617949337881));
#568 = VECTOR('',#569,1.);
#569 = DIRECTION('',(0.,0.,1.));
#570 = ORIENTED_EDGE('',*,*,#571,.T.);
#571 = EDGE_CURVE('',#564,#572,#574,.T.);
#572 = VERTEX_POINT('',#573);
#573 = CARTESIAN_POINT('',(-1.7,-1.6,7.));
#574 = LINE('',#575,#576);
#575 = CARTESIAN_POINT('',(-1.7,2.65,7.));
#576 = VECTOR('',#577,1.);
#577 = DIRECTION('',(0.,-1.,0.));
#578 = ORIENTED_EDGE('',*,*,#579,.T.);
#579 = EDGE_CURVE('',#572,#580,#582,.T.);
#580 = VERTEX_POINT('',#581);
#581 = CARTESIAN_POINT('',(-1.7,-1.6,1.9));
#582 = LINE('',#583,#584);
#583 = CARTESIAN_POINT('',(-1.7,-1.6,7.));
#584 = VECTOR('',#585,1.);
#585 = DIRECTION('',(0.,0.,-1.));
#586 = ORIENTED_EDGE('',*,*,#587,.T.);
#587 = EDGE_CURVE('',#580,#588,#590,.T.);
#588 = VERTEX_POINT('',#589);
#589 = CARTESIAN_POINT('',(-1.7,0.5,1.9));
#590 = LINE('',#591,#592);
#591 = CARTESIAN_POINT('',(-1.7,-1.6,1.9));
#592 = VECTOR('',#593,1.);
#593 = DIRECTION('',(0.,1.,0.));
#594 = ORIENTED_EDGE('',*,*,#595,.T.);
#595 = EDGE_CURVE('',#588,#596,#598,.T.);
#596 = VERTEX_POINT('',#597);
#597 = CARTESIAN_POINT('',(-1.7,0.875277674973,1.25));
#598 = LINE('',#599,#600);
#599 = CARTESIAN_POINT('',(-1.7,0.5,1.9));
#600 = VECTOR('',#601,1.);
#601 = DIRECTION('',(0.,0.5,-0.866025403784));
#602 = ORIENTED_EDGE('',*,*,#603,.T.);
#603 = EDGE_CURVE('',#596,#604,#606,.T.);
#604 = VERTEX_POINT('',#605);
#605 = CARTESIAN_POINT('',(-1.7,2.65,1.25));
#606 = LINE('',#607,#608);
#607 = CARTESIAN_POINT('',(-1.7,0.875277674973,1.25));
#608 = VECTOR('',#609,1.);
#609 = DIRECTION('',(0.,1.,0.));
#610 = ORIENTED_EDGE('',*,*,#611,.T.);
#611 = EDGE_CURVE('',#604,#173,#612,.T.);
#612 = LINE('',#613,#614);
#613 = CARTESIAN_POINT('',(-1.7,2.65,1.25));
#614 = VECTOR('',#615,1.);
#615 = DIRECTION('',(0.,0.,1.));
#616 = ORIENTED_EDGE('',*,*,#182,.T.);
#617 = PLANE('',#618);
#618 = AXIS2_PLACEMENT_3D('',#619,#620,#621);
#619 = CARTESIAN_POINT('',(-1.7,0.598118601855,4.235898675762));
#620 = DIRECTION('',(1.,0.,0.));
#621 = DIRECTION('',(0.,0.,1.));
#622 = ADVANCED_FACE('',(#623),#634,.F.);
#623 = FACE_BOUND('',#624,.T.);
#624 = EDGE_LOOP('',(#625,#626,#632,#633));
#625 = ORIENTED_EDGE('',*,*,#214,.T.);
#626 = ORIENTED_EDGE('',*,*,#627,.T.);
#627 = EDGE_CURVE('',#215,#555,#628,.T.);
#628 = LINE('',#629,#630);
#629 = CARTESIAN_POINT('',(-5.,-1.549999999998,4.749999999997));
#630 = VECTOR('',#631,1.);
#631 = DIRECTION('',(1.,0.,0.));
#632 = ORIENTED_EDGE('',*,*,#554,.F.);
#633 = ORIENTED_EDGE('',*,*,#142,.F.);
#634 = CYLINDRICAL_SURFACE('',#635,0.849999999998);
#635 = AXIS2_PLACEMENT_3D('',#636,#637,#638);
#636 = CARTESIAN_POINT('',(-5.,-0.7,4.749999999998));
#637 = DIRECTION('',(-1.,-0.,-0.));
#638 = DIRECTION('',(0.,1.,0.));
#639 = ADVANCED_FACE('',(#640),#659,.F.);
#640 = FACE_BOUND('',#641,.F.);
#641 = EDGE_LOOP('',(#642,#643,#651,#657,#658));
#642 = ORIENTED_EDGE('',*,*,#196,.T.);
#643 = ORIENTED_EDGE('',*,*,#644,.T.);
#644 = EDGE_CURVE('',#199,#645,#647,.T.);
#645 = VERTEX_POINT('',#646);
#646 = CARTESIAN_POINT('',(-0.95,-2.35,0.));
#647 = LINE('',#648,#649);
#648 = CARTESIAN_POINT('',(-2.45,-2.35,0.));
#649 = VECTOR('',#650,1.);
#650 = DIRECTION('',(1.,0.,0.));
#651 = ORIENTED_EDGE('',*,*,#652,.F.);
#652 = EDGE_CURVE('',#345,#645,#653,.T.);
#653 = LINE('',#654,#655);
#654 = CARTESIAN_POINT('',(-0.95,3.4,0.));
#655 = VECTOR('',#656,1.);
#656 = DIRECTION('',(0.,-1.,0.));
#657 = ORIENTED_EDGE('',*,*,#344,.T.);
#658 = ORIENTED_EDGE('',*,*,#277,.F.);
#659 = PLANE('',#660);
#660 = AXIS2_PLACEMENT_3D('',#661,#662,#663);
#661 = CARTESIAN_POINT('',(2.5,0.525,0.));
#662 = DIRECTION('',(0.,0.,1.));
#663 = DIRECTION('',(1.,0.,0.));
#664 = ADVANCED_FACE('',(#665),#900,.F.);
#665 = FACE_BOUND('',#666,.F.);
#666 = EDGE_LOOP('',(#667,#668,#669,#677,#685,#693,#701,#709,#718,#726,
    #734,#742,#750,#758,#767,#775,#783,#791,#799,#805,#806,#814,#822,
    #830,#838,#846,#854,#862,#870,#878,#886,#894));
#667 = ORIENTED_EDGE('',*,*,#644,.F.);
#668 = ORIENTED_EDGE('',*,*,#239,.T.);
#669 = ORIENTED_EDGE('',*,*,#670,.T.);
#670 = EDGE_CURVE('',#232,#671,#673,.T.);
#671 = VERTEX_POINT('',#672);
#672 = CARTESIAN_POINT('',(-0.8,-2.35,7.));
#673 = LINE('',#674,#675);
#674 = CARTESIAN_POINT('',(-2.45,-2.35,7.));
#675 = VECTOR('',#676,1.);
#676 = DIRECTION('',(1.,0.,0.));
#677 = ORIENTED_EDGE('',*,*,#678,.F.);
#678 = EDGE_CURVE('',#679,#671,#681,.T.);
#679 = VERTEX_POINT('',#680);
#680 = CARTESIAN_POINT('',(-0.8,-2.35,6.8));
#681 = LINE('',#682,#683);
#682 = CARTESIAN_POINT('',(-0.8,-2.35,3.4));
#683 = VECTOR('',#684,1.);
#684 = DIRECTION('',(0.,0.,1.));
#685 = ORIENTED_EDGE('',*,*,#686,.F.);
#686 = EDGE_CURVE('',#687,#679,#689,.T.);
#687 = VERTEX_POINT('',#688);
#688 = CARTESIAN_POINT('',(-0.4,-2.35,6.4));
#689 = LINE('',#690,#691);
#690 = CARTESIAN_POINT('',(0.6875,-2.35,5.3125));
#691 = VECTOR('',#692,1.);
#692 = DIRECTION('',(-0.707106781187,0.,0.707106781187));
#693 = ORIENTED_EDGE('',*,*,#694,.F.);
#694 = EDGE_CURVE('',#695,#687,#697,.T.);
#695 = VERTEX_POINT('',#696);
#696 = CARTESIAN_POINT('',(-0.8,-2.35,6.));
#697 = LINE('',#698,#699);
#698 = CARTESIAN_POINT('',(-2.7125,-2.35,4.0875));
#699 = VECTOR('',#700,1.);
#700 = DIRECTION('',(0.707106781187,0.,0.707106781187));
#701 = ORIENTED_EDGE('',*,*,#702,.F.);
#702 = EDGE_CURVE('',#703,#695,#705,.T.);
#703 = VERTEX_POINT('',#704);
#704 = CARTESIAN_POINT('',(-0.8,-2.35,3.9));
#705 = LINE('',#706,#707);
#706 = CARTESIAN_POINT('',(-0.8,-2.35,1.95));
#707 = VECTOR('',#708,1.);
#708 = DIRECTION('',(0.,0.,1.));
#709 = ORIENTED_EDGE('',*,*,#710,.F.);
#710 = EDGE_CURVE('',#711,#703,#713,.T.);
#711 = VERTEX_POINT('',#712);
#712 = CARTESIAN_POINT('',(-0.1,-2.35,3.2));
#713 = CIRCLE('',#714,0.7);
#714 = AXIS2_PLACEMENT_3D('',#715,#716,#717);
#715 = CARTESIAN_POINT('',(-0.1,-2.35,3.9));
#716 = DIRECTION('',(0.,1.,-2.22044604925E-16));
#717 = DIRECTION('',(1.,0.,0.));
#718 = ORIENTED_EDGE('',*,*,#719,.F.);
#719 = EDGE_CURVE('',#720,#711,#722,.T.);
#720 = VERTEX_POINT('',#721);
#721 = CARTESIAN_POINT('',(1.05,-2.35,3.2));
#722 = LINE('',#723,#724);
#723 = CARTESIAN_POINT('',(-0.7,-2.35,3.2));
#724 = VECTOR('',#725,1.);
#725 = DIRECTION('',(-1.,0.,0.));
#726 = ORIENTED_EDGE('',*,*,#727,.F.);
#727 = EDGE_CURVE('',#728,#720,#730,.T.);
#728 = VERTEX_POINT('',#729);
#729 = CARTESIAN_POINT('',(1.05,-2.35,7.));
#730 = LINE('',#731,#732);
#731 = CARTESIAN_POINT('',(1.05,-2.35,3.5));
#732 = VECTOR('',#733,1.);
#733 = DIRECTION('',(0.,0.,-1.));
#734 = ORIENTED_EDGE('',*,*,#735,.T.);
#735 = EDGE_CURVE('',#728,#736,#738,.T.);
#736 = VERTEX_POINT('',#737);
#737 = CARTESIAN_POINT('',(3.95,-2.35,7.));
#738 = LINE('',#739,#740);
#739 = CARTESIAN_POINT('',(-2.45,-2.35,7.));
#740 = VECTOR('',#741,1.);
#741 = DIRECTION('',(1.,0.,0.));
#742 = ORIENTED_EDGE('',*,*,#743,.T.);
#743 = EDGE_CURVE('',#736,#744,#746,.T.);
#744 = VERTEX_POINT('',#745);
#745 = CARTESIAN_POINT('',(3.95,-2.35,3.2));
#746 = LINE('',#747,#748);
#747 = CARTESIAN_POINT('',(3.95,-2.35,3.5));
#748 = VECTOR('',#749,1.);
#749 = DIRECTION('',(0.,0.,-1.));
#750 = ORIENTED_EDGE('',*,*,#751,.T.);
#751 = EDGE_CURVE('',#744,#752,#754,.T.);
#752 = VERTEX_POINT('',#753);
#753 = CARTESIAN_POINT('',(5.1,-2.35,3.2));
#754 = LINE('',#755,#756);
#755 = CARTESIAN_POINT('',(0.75,-2.35,3.2));
#756 = VECTOR('',#757,1.);
#757 = DIRECTION('',(1.,0.,0.));
#758 = ORIENTED_EDGE('',*,*,#759,.F.);
#759 = EDGE_CURVE('',#760,#752,#762,.T.);
#760 = VERTEX_POINT('',#761);
#761 = CARTESIAN_POINT('',(5.8,-2.35,3.9));
#762 = CIRCLE('',#763,0.7);
#763 = AXIS2_PLACEMENT_3D('',#764,#765,#766);
#764 = CARTESIAN_POINT('',(5.1,-2.35,3.9));
#765 = DIRECTION('',(0.,1.,-2.22044604925E-16));
#766 = DIRECTION('',(1.,0.,0.));
#767 = ORIENTED_EDGE('',*,*,#768,.T.);
#768 = EDGE_CURVE('',#760,#769,#771,.T.);
#769 = VERTEX_POINT('',#770);
#770 = CARTESIAN_POINT('',(5.8,-2.35,6.));
#771 = LINE('',#772,#773);
#772 = CARTESIAN_POINT('',(5.8,-2.35,1.95));
#773 = VECTOR('',#774,1.);
#774 = DIRECTION('',(0.,0.,1.));
#775 = ORIENTED_EDGE('',*,*,#776,.T.);
#776 = EDGE_CURVE('',#769,#777,#779,.T.);
#777 = VERTEX_POINT('',#778);
#778 = CARTESIAN_POINT('',(5.4,-2.35,6.4));
#779 = LINE('',#780,#781);
#780 = CARTESIAN_POINT('',(5.2375,-2.35,6.5625));
#781 = VECTOR('',#782,1.);
#782 = DIRECTION('',(-0.707106781187,0.,0.707106781187));
#783 = ORIENTED_EDGE('',*,*,#784,.T.);
#784 = EDGE_CURVE('',#777,#785,#787,.T.);
#785 = VERTEX_POINT('',#786);
#786 = CARTESIAN_POINT('',(5.8,-2.35,6.8));
#787 = LINE('',#788,#789);
#788 = CARTESIAN_POINT('',(1.8375,-2.35,2.8375));
#789 = VECTOR('',#790,1.);
#790 = DIRECTION('',(0.707106781187,0.,0.707106781187));
#791 = ORIENTED_EDGE('',*,*,#792,.T.);
#792 = EDGE_CURVE('',#785,#793,#795,.T.);
#793 = VERTEX_POINT('',#794);
#794 = CARTESIAN_POINT('',(5.8,-2.35,7.));
#795 = LINE('',#796,#797);
#796 = CARTESIAN_POINT('',(5.8,-2.35,3.4));
#797 = VECTOR('',#798,1.);
#798 = DIRECTION('',(0.,0.,1.));
#799 = ORIENTED_EDGE('',*,*,#800,.T.);
#800 = EDGE_CURVE('',#793,#512,#801,.T.);
#801 = LINE('',#802,#803);
#802 = CARTESIAN_POINT('',(-2.45,-2.35,7.));
#803 = VECTOR('',#804,1.);
#804 = DIRECTION('',(1.,0.,0.));
#805 = ORIENTED_EDGE('',*,*,#511,.F.);
#806 = ORIENTED_EDGE('',*,*,#807,.F.);
#807 = EDGE_CURVE('',#808,#504,#810,.T.);
#808 = VERTEX_POINT('',#809);
#809 = CARTESIAN_POINT('',(5.95,-2.35,0.));
#810 = LINE('',#811,#812);
#811 = CARTESIAN_POINT('',(-2.45,-2.35,0.));
#812 = VECTOR('',#813,1.);
#813 = DIRECTION('',(1.,0.,0.));
#814 = ORIENTED_EDGE('',*,*,#815,.T.);
#815 = EDGE_CURVE('',#808,#816,#818,.T.);
#816 = VERTEX_POINT('',#817);
#817 = CARTESIAN_POINT('',(5.95,-2.35,0.587106270774));
#818 = LINE('',#819,#820);
#819 = CARTESIAN_POINT('',(5.95,-2.35,0.));
#820 = VECTOR('',#821,1.);
#821 = DIRECTION('',(0.,0.,1.));
#822 = ORIENTED_EDGE('',*,*,#823,.T.);
#823 = EDGE_CURVE('',#816,#824,#826,.T.);
#824 = VERTEX_POINT('',#825);
#825 = CARTESIAN_POINT('',(4.05,-2.35,0.587106270774));
#826 = LINE('',#827,#828);
#827 = CARTESIAN_POINT('',(5.95,-2.35,0.587106270774));
#828 = VECTOR('',#829,1.);
#829 = DIRECTION('',(-1.,-0.,-0.));
#830 = ORIENTED_EDGE('',*,*,#831,.F.);
#831 = EDGE_CURVE('',#832,#824,#834,.T.);
#832 = VERTEX_POINT('',#833);
#833 = CARTESIAN_POINT('',(4.05,-2.35,0.));
#834 = LINE('',#835,#836);
#835 = CARTESIAN_POINT('',(4.05,-2.35,0.));
#836 = VECTOR('',#837,1.);
#837 = DIRECTION('',(0.,0.,1.));
#838 = ORIENTED_EDGE('',*,*,#839,.F.);
#839 = EDGE_CURVE('',#840,#832,#842,.T.);
#840 = VERTEX_POINT('',#841);
#841 = CARTESIAN_POINT('',(3.45,-2.35,0.));
#842 = LINE('',#843,#844);
#843 = CARTESIAN_POINT('',(-2.45,-2.35,0.));
#844 = VECTOR('',#845,1.);
#845 = DIRECTION('',(1.,0.,0.));
#846 = ORIENTED_EDGE('',*,*,#847,.T.);
#847 = EDGE_CURVE('',#840,#848,#850,.T.);
#848 = VERTEX_POINT('',#849);
#849 = CARTESIAN_POINT('',(3.45,-2.35,0.587106270774));
#850 = LINE('',#851,#852);
#851 = CARTESIAN_POINT('',(3.45,-2.35,0.));
#852 = VECTOR('',#853,1.);
#853 = DIRECTION('',(0.,0.,1.));
#854 = ORIENTED_EDGE('',*,*,#855,.T.);
#855 = EDGE_CURVE('',#848,#856,#858,.T.);
#856 = VERTEX_POINT('',#857);
#857 = CARTESIAN_POINT('',(1.55,-2.35,0.587106270774));
#858 = LINE('',#859,#860);
#859 = CARTESIAN_POINT('',(3.45,-2.35,0.587106270774));
#860 = VECTOR('',#861,1.);
#861 = DIRECTION('',(-1.,-0.,-0.));
#862 = ORIENTED_EDGE('',*,*,#863,.F.);
#863 = EDGE_CURVE('',#864,#856,#866,.T.);
#864 = VERTEX_POINT('',#865);
#865 = CARTESIAN_POINT('',(1.55,-2.35,0.));
#866 = LINE('',#867,#868);
#867 = CARTESIAN_POINT('',(1.55,-2.35,0.));
#868 = VECTOR('',#869,1.);
#869 = DIRECTION('',(0.,0.,1.));
#870 = ORIENTED_EDGE('',*,*,#871,.F.);
#871 = EDGE_CURVE('',#872,#864,#874,.T.);
#872 = VERTEX_POINT('',#873);
#873 = CARTESIAN_POINT('',(0.95,-2.35,0.));
#874 = LINE('',#875,#876);
#875 = CARTESIAN_POINT('',(-2.45,-2.35,0.));
#876 = VECTOR('',#877,1.);
#877 = DIRECTION('',(1.,0.,0.));
#878 = ORIENTED_EDGE('',*,*,#879,.T.);
#879 = EDGE_CURVE('',#872,#880,#882,.T.);
#880 = VERTEX_POINT('',#881);
#881 = CARTESIAN_POINT('',(0.95,-2.35,0.587106270774));
#882 = LINE('',#883,#884);
#883 = CARTESIAN_POINT('',(0.95,-2.35,0.));
#884 = VECTOR('',#885,1.);
#885 = DIRECTION('',(0.,0.,1.));
#886 = ORIENTED_EDGE('',*,*,#887,.T.);
#887 = EDGE_CURVE('',#880,#888,#890,.T.);
#888 = VERTEX_POINT('',#889);
#889 = CARTESIAN_POINT('',(-0.95,-2.35,0.587106270774));
#890 = LINE('',#891,#892);
#891 = CARTESIAN_POINT('',(0.95,-2.35,0.587106270774));
#892 = VECTOR('',#893,1.);
#893 = DIRECTION('',(-1.,-0.,-0.));
#894 = ORIENTED_EDGE('',*,*,#895,.F.);
#895 = EDGE_CURVE('',#645,#888,#896,.T.);
#896 = LINE('',#897,#898);
#897 = CARTESIAN_POINT('',(-0.95,-2.35,0.));
#898 = VECTOR('',#899,1.);
#899 = DIRECTION('',(0.,0.,1.));
#900 = PLANE('',#901);
#901 = AXIS2_PLACEMENT_3D('',#902,#903,#904);
#902 = CARTESIAN_POINT('',(-2.45,-2.35,0.));
#903 = DIRECTION('',(0.,1.,0.));
#904 = DIRECTION('',(1.,0.,0.));
#905 = ADVANCED_FACE('',(#906),#931,.T.);
#906 = FACE_BOUND('',#907,.T.);
#907 = EDGE_LOOP('',(#908,#914,#915,#916,#924,#930));
#908 = ORIENTED_EDGE('',*,*,#909,.F.);
#909 = EDGE_CURVE('',#224,#564,#910,.T.);
#910 = LINE('',#911,#912);
#911 = CARTESIAN_POINT('',(-5.,-1.549999999998,7.));
#912 = VECTOR('',#913,1.);
#913 = DIRECTION('',(1.,0.,0.));
#914 = ORIENTED_EDGE('',*,*,#231,.T.);
#915 = ORIENTED_EDGE('',*,*,#670,.T.);
#916 = ORIENTED_EDGE('',*,*,#917,.F.);
#917 = EDGE_CURVE('',#918,#671,#920,.T.);
#918 = VERTEX_POINT('',#919);
#919 = CARTESIAN_POINT('',(-0.8,-1.6,7.));
#920 = LINE('',#921,#922);
#921 = CARTESIAN_POINT('',(-0.8,1.554312234475E-15,7.));
#922 = VECTOR('',#923,1.);
#923 = DIRECTION('',(0.,-1.,2.22044604925E-16));
#924 = ORIENTED_EDGE('',*,*,#925,.F.);
#925 = EDGE_CURVE('',#572,#918,#926,.T.);
#926 = LINE('',#927,#928);
#927 = CARTESIAN_POINT('',(-1.7,-1.6,7.));
#928 = VECTOR('',#929,1.);
#929 = DIRECTION('',(1.,0.,0.));
#930 = ORIENTED_EDGE('',*,*,#571,.F.);
#931 = PLANE('',#932);
#932 = AXIS2_PLACEMENT_3D('',#933,#934,#935);
#933 = CARTESIAN_POINT('',(2.5,0.525,7.));
#934 = DIRECTION('',(0.,0.,1.));
#935 = DIRECTION('',(1.,0.,0.));
#936 = ADVANCED_FACE('',(#937),#943,.T.);
#937 = FACE_BOUND('',#938,.T.);
#938 = EDGE_LOOP('',(#939,#940,#941,#942));
#939 = ORIENTED_EDGE('',*,*,#223,.T.);
#940 = ORIENTED_EDGE('',*,*,#909,.T.);
#941 = ORIENTED_EDGE('',*,*,#563,.F.);
#942 = ORIENTED_EDGE('',*,*,#627,.F.);
#943 = PLANE('',#944);
#944 = AXIS2_PLACEMENT_3D('',#945,#946,#947);
#945 = CARTESIAN_POINT('',(-5.,-1.549999999998,7.));
#946 = DIRECTION('',(0.,1.,0.));
#947 = DIRECTION('',(0.,0.,-1.));
#948 = ADVANCED_FACE('',(#949),#967,.T.);
#949 = FACE_BOUND('',#950,.T.);
#950 = EDGE_LOOP('',(#951,#952,#960,#966));
#951 = ORIENTED_EDGE('',*,*,#611,.F.);
#952 = ORIENTED_EDGE('',*,*,#953,.T.);
#953 = EDGE_CURVE('',#604,#954,#956,.T.);
#954 = VERTEX_POINT('',#955);
#955 = CARTESIAN_POINT('',(6.7,2.65,1.25));
#956 = LINE('',#957,#958);
#957 = CARTESIAN_POINT('',(-1.7,2.65,1.25));
#958 = VECTOR('',#959,1.);
#959 = DIRECTION('',(1.,0.,0.));
#960 = ORIENTED_EDGE('',*,*,#961,.T.);
#961 = EDGE_CURVE('',#954,#256,#962,.T.);
#962 = LINE('',#963,#964);
#963 = CARTESIAN_POINT('',(6.7,2.65,1.25));
#964 = VECTOR('',#965,1.);
#965 = DIRECTION('',(0.,0.,1.));
#966 = ORIENTED_EDGE('',*,*,#263,.F.);
#967 = PLANE('',#968);
#968 = AXIS2_PLACEMENT_3D('',#969,#970,#971);
#969 = CARTESIAN_POINT('',(-1.7,2.65,1.25));
#970 = DIRECTION('',(0.,-1.,0.));
#971 = DIRECTION('',(0.,0.,1.));
#972 = ADVANCED_FACE('',(#973),#1033,.F.);
#973 = FACE_BOUND('',#974,.F.);
#974 = EDGE_LOOP('',(#975,#976,#985,#993,#1001,#1009,#1017,#1025,#1031,
    #1032));
#975 = ORIENTED_EDGE('',*,*,#446,.T.);
#976 = ORIENTED_EDGE('',*,*,#977,.T.);
#977 = EDGE_CURVE('',#447,#978,#980,.T.);
#978 = VERTEX_POINT('',#979);
#979 = CARTESIAN_POINT('',(6.7,-1.549999999998,4.749999999997));
#980 = CIRCLE('',#981,0.849999999998);
#981 = AXIS2_PLACEMENT_3D('',#982,#983,#984);
#982 = CARTESIAN_POINT('',(6.7,-0.7,4.749999999998));
#983 = DIRECTION('',(-1.,0.,0.));
#984 = DIRECTION('',(0.,1.,0.));
#985 = ORIENTED_EDGE('',*,*,#986,.T.);
#986 = EDGE_CURVE('',#978,#987,#989,.T.);
#987 = VERTEX_POINT('',#988);
#988 = CARTESIAN_POINT('',(6.7,-1.549999999998,7.));
#989 = LINE('',#990,#991);
#990 = CARTESIAN_POINT('',(6.7,-1.549999999998,5.617949337881));
#991 = VECTOR('',#992,1.);
#992 = DIRECTION('',(0.,0.,1.));
#993 = ORIENTED_EDGE('',*,*,#994,.T.);
#994 = EDGE_CURVE('',#987,#995,#997,.T.);
#995 = VERTEX_POINT('',#996);
#996 = CARTESIAN_POINT('',(6.7,-1.6,7.));
#997 = LINE('',#998,#999);
#998 = CARTESIAN_POINT('',(6.7,2.65,7.));
#999 = VECTOR('',#1000,1.);
#1000 = DIRECTION('',(0.,-1.,0.));
#1001 = ORIENTED_EDGE('',*,*,#1002,.T.);
#1002 = EDGE_CURVE('',#995,#1003,#1005,.T.);
#1003 = VERTEX_POINT('',#1004);
#1004 = CARTESIAN_POINT('',(6.7,-1.6,1.9));
#1005 = LINE('',#1006,#1007);
#1006 = CARTESIAN_POINT('',(6.7,-1.6,7.));
#1007 = VECTOR('',#1008,1.);
#1008 = DIRECTION('',(0.,0.,-1.));
#1009 = ORIENTED_EDGE('',*,*,#1010,.T.);
#1010 = EDGE_CURVE('',#1003,#1011,#1013,.T.);
#1011 = VERTEX_POINT('',#1012);
#1012 = CARTESIAN_POINT('',(6.7,0.5,1.9));
#1013 = LINE('',#1014,#1015);
#1014 = CARTESIAN_POINT('',(6.7,-1.6,1.9));
#1015 = VECTOR('',#1016,1.);
#1016 = DIRECTION('',(0.,1.,0.));
#1017 = ORIENTED_EDGE('',*,*,#1018,.T.);
#1018 = EDGE_CURVE('',#1011,#1019,#1021,.T.);
#1019 = VERTEX_POINT('',#1020);
#1020 = CARTESIAN_POINT('',(6.7,0.875277674973,1.25));
#1021 = LINE('',#1022,#1023);
#1022 = CARTESIAN_POINT('',(6.7,0.5,1.9));
#1023 = VECTOR('',#1024,1.);
#1024 = DIRECTION('',(0.,0.5,-0.866025403784));
#1025 = ORIENTED_EDGE('',*,*,#1026,.T.);
#1026 = EDGE_CURVE('',#1019,#954,#1027,.T.);
#1027 = LINE('',#1028,#1029);
#1028 = CARTESIAN_POINT('',(6.7,0.875277674973,1.25));
#1029 = VECTOR('',#1030,1.);
#1030 = DIRECTION('',(0.,1.,0.));
#1031 = ORIENTED_EDGE('',*,*,#961,.T.);
#1032 = ORIENTED_EDGE('',*,*,#312,.T.);
#1033 = PLANE('',#1034);
#1034 = AXIS2_PLACEMENT_3D('',#1035,#1036,#1037);
#1035 = CARTESIAN_POINT('',(6.7,0.598118601855,4.235898675762));
#1036 = DIRECTION('',(1.,0.,0.));
#1037 = DIRECTION('',(0.,0.,1.));
#1038 = ADVANCED_FACE('',(#1039),#1051,.F.);
#1039 = FACE_BOUND('',#1040,.F.);
#1040 = EDGE_LOOP('',(#1041,#1042,#1048,#1049,#1050));
#1041 = ORIENTED_EDGE('',*,*,#326,.T.);
#1042 = ORIENTED_EDGE('',*,*,#1043,.T.);
#1043 = EDGE_CURVE('',#329,#808,#1044,.T.);
#1044 = LINE('',#1045,#1046);
#1045 = CARTESIAN_POINT('',(5.95,3.4,0.));
#1046 = VECTOR('',#1047,1.);
#1047 = DIRECTION('',(0.,-1.,0.));
#1048 = ORIENTED_EDGE('',*,*,#807,.T.);
#1049 = ORIENTED_EDGE('',*,*,#503,.T.);
#1050 = ORIENTED_EDGE('',*,*,#478,.T.);
#1051 = PLANE('',#1052);
#1052 = AXIS2_PLACEMENT_3D('',#1053,#1054,#1055);
#1053 = CARTESIAN_POINT('',(2.5,0.525,0.));
#1054 = DIRECTION('',(0.,0.,1.));
#1055 = DIRECTION('',(1.,0.,0.));
#1056 = ADVANCED_FACE('',(#1057),#1084,.F.);
#1057 = FACE_BOUND('',#1058,.T.);
#1058 = EDGE_LOOP('',(#1059,#1067,#1075,#1081,#1082,#1083));
#1059 = ORIENTED_EDGE('',*,*,#1060,.T.);
#1060 = EDGE_CURVE('',#816,#1061,#1063,.T.);
#1061 = VERTEX_POINT('',#1062);
#1062 = CARTESIAN_POINT('',(5.95,-1.,0.2));
#1063 = LINE('',#1064,#1065);
#1064 = CARTESIAN_POINT('',(5.95,-2.35,0.587106270774));
#1065 = VECTOR('',#1066,1.);
#1066 = DIRECTION('',(0.,0.961261695938,-0.275637355817));
#1067 = ORIENTED_EDGE('',*,*,#1068,.T.);
#1068 = EDGE_CURVE('',#1061,#1069,#1071,.T.);
#1069 = VERTEX_POINT('',#1070);
#1070 = CARTESIAN_POINT('',(5.95,1.,0.2));
#1071 = LINE('',#1072,#1073);
#1072 = CARTESIAN_POINT('',(5.95,-1.,0.2));
#1073 = VECTOR('',#1074,1.);
#1074 = DIRECTION('',(0.,1.,0.));
#1075 = ORIENTED_EDGE('',*,*,#1076,.T.);
#1076 = EDGE_CURVE('',#1069,#425,#1077,.T.);
#1077 = LINE('',#1078,#1079);
#1078 = CARTESIAN_POINT('',(5.95,1.,0.2));
#1079 = VECTOR('',#1080,1.);
#1080 = DIRECTION('',(0.,0.96,0.28));
#1081 = ORIENTED_EDGE('',*,*,#432,.T.);
#1082 = ORIENTED_EDGE('',*,*,#1043,.T.);
#1083 = ORIENTED_EDGE('',*,*,#815,.T.);
#1084 = PLANE('',#1085);
#1085 = AXIS2_PLACEMENT_3D('',#1086,#1087,#1088);
#1086 = CARTESIAN_POINT('',(5.95,0.597090658555,0.221059411393));
#1087 = DIRECTION('',(1.,0.,0.));
#1088 = DIRECTION('',(0.,0.,1.));
#1089 = ADVANCED_FACE('',(#1090),#1108,.T.);
#1090 = FACE_BOUND('',#1091,.T.);
#1091 = EDGE_LOOP('',(#1092,#1100,#1106,#1107));
#1092 = ORIENTED_EDGE('',*,*,#1093,.T.);
#1093 = EDGE_CURVE('',#1069,#1094,#1096,.T.);
#1094 = VERTEX_POINT('',#1095);
#1095 = CARTESIAN_POINT('',(4.05,1.,0.2));
#1096 = LINE('',#1097,#1098);
#1097 = CARTESIAN_POINT('',(5.95,1.,0.2));
#1098 = VECTOR('',#1099,1.);
#1099 = DIRECTION('',(-1.,-0.,-0.));
#1100 = ORIENTED_EDGE('',*,*,#1101,.T.);
#1101 = EDGE_CURVE('',#1094,#417,#1102,.T.);
#1102 = LINE('',#1103,#1104);
#1103 = CARTESIAN_POINT('',(4.05,1.,0.2));
#1104 = VECTOR('',#1105,1.);
#1105 = DIRECTION('',(0.,0.96,0.28));
#1106 = ORIENTED_EDGE('',*,*,#424,.F.);
#1107 = ORIENTED_EDGE('',*,*,#1076,.F.);
#1108 = PLANE('',#1109);
#1109 = AXIS2_PLACEMENT_3D('',#1110,#1111,#1112);
#1110 = CARTESIAN_POINT('',(5.95,1.,0.2));
#1111 = DIRECTION('',(0.,0.28,-0.96));
#1112 = DIRECTION('',(0.,0.96,0.28));
#1113 = ADVANCED_FACE('',(#1114),#1139,.T.);
#1114 = FACE_BOUND('',#1115,.F.);
#1115 = EDGE_LOOP('',(#1116,#1124,#1130,#1131,#1132,#1138));
#1116 = ORIENTED_EDGE('',*,*,#1117,.T.);
#1117 = EDGE_CURVE('',#824,#1118,#1120,.T.);
#1118 = VERTEX_POINT('',#1119);
#1119 = CARTESIAN_POINT('',(4.05,-1.,0.2));
#1120 = LINE('',#1121,#1122);
#1121 = CARTESIAN_POINT('',(4.05,-2.35,0.587106270774));
#1122 = VECTOR('',#1123,1.);
#1123 = DIRECTION('',(0.,0.961261695938,-0.275637355817));
#1124 = ORIENTED_EDGE('',*,*,#1125,.T.);
#1125 = EDGE_CURVE('',#1118,#1094,#1126,.T.);
#1126 = LINE('',#1127,#1128);
#1127 = CARTESIAN_POINT('',(4.05,-1.,0.2));
#1128 = VECTOR('',#1129,1.);
#1129 = DIRECTION('',(0.,1.,0.));
#1130 = ORIENTED_EDGE('',*,*,#1101,.T.);
#1131 = ORIENTED_EDGE('',*,*,#416,.T.);
#1132 = ORIENTED_EDGE('',*,*,#1133,.T.);
#1133 = EDGE_CURVE('',#409,#832,#1134,.T.);
#1134 = LINE('',#1135,#1136);
#1135 = CARTESIAN_POINT('',(4.05,3.4,0.));
#1136 = VECTOR('',#1137,1.);
#1137 = DIRECTION('',(0.,-1.,0.));
#1138 = ORIENTED_EDGE('',*,*,#831,.T.);
#1139 = PLANE('',#1140);
#1140 = AXIS2_PLACEMENT_3D('',#1141,#1142,#1143);
#1141 = CARTESIAN_POINT('',(4.05,0.597090658555,0.221059411393));
#1142 = DIRECTION('',(1.,0.,0.));
#1143 = DIRECTION('',(0.,0.,1.));
#1144 = ADVANCED_FACE('',(#1145),#1156,.F.);
#1145 = FACE_BOUND('',#1146,.F.);
#1146 = EDGE_LOOP('',(#1147,#1148,#1154,#1155));
#1147 = ORIENTED_EDGE('',*,*,#408,.T.);
#1148 = ORIENTED_EDGE('',*,*,#1149,.T.);
#1149 = EDGE_CURVE('',#401,#840,#1150,.T.);
#1150 = LINE('',#1151,#1152);
#1151 = CARTESIAN_POINT('',(3.45,3.4,0.));
#1152 = VECTOR('',#1153,1.);
#1153 = DIRECTION('',(0.,-1.,0.));
#1154 = ORIENTED_EDGE('',*,*,#839,.T.);
#1155 = ORIENTED_EDGE('',*,*,#1133,.F.);
#1156 = PLANE('',#1157);
#1157 = AXIS2_PLACEMENT_3D('',#1158,#1159,#1160);
#1158 = CARTESIAN_POINT('',(2.5,0.525,0.));
#1159 = DIRECTION('',(0.,0.,1.));
#1160 = DIRECTION('',(1.,0.,0.));
#1161 = ADVANCED_FACE('',(#1162),#1189,.T.);
#1162 = FACE_BOUND('',#1163,.F.);
#1163 = EDGE_LOOP('',(#1164,#1172,#1180,#1186,#1187,#1188));
#1164 = ORIENTED_EDGE('',*,*,#1165,.T.);
#1165 = EDGE_CURVE('',#888,#1166,#1168,.T.);
#1166 = VERTEX_POINT('',#1167);
#1167 = CARTESIAN_POINT('',(-0.95,-1.,0.2));
#1168 = LINE('',#1169,#1170);
#1169 = CARTESIAN_POINT('',(-0.95,-2.35,0.587106270774));
#1170 = VECTOR('',#1171,1.);
#1171 = DIRECTION('',(0.,0.961261695938,-0.275637355817));
#1172 = ORIENTED_EDGE('',*,*,#1173,.T.);
#1173 = EDGE_CURVE('',#1166,#1174,#1176,.T.);
#1174 = VERTEX_POINT('',#1175);
#1175 = CARTESIAN_POINT('',(-0.95,1.,0.2));
#1176 = LINE('',#1177,#1178);
#1177 = CARTESIAN_POINT('',(-0.95,-1.,0.2));
#1178 = VECTOR('',#1179,1.);
#1179 = DIRECTION('',(0.,1.,0.));
#1180 = ORIENTED_EDGE('',*,*,#1181,.T.);
#1181 = EDGE_CURVE('',#1174,#353,#1182,.T.);
#1182 = LINE('',#1183,#1184);
#1183 = CARTESIAN_POINT('',(-0.95,1.,0.2));
#1184 = VECTOR('',#1185,1.);
#1185 = DIRECTION('',(0.,0.96,0.28));
#1186 = ORIENTED_EDGE('',*,*,#352,.T.);
#1187 = ORIENTED_EDGE('',*,*,#652,.T.);
#1188 = ORIENTED_EDGE('',*,*,#895,.T.);
#1189 = PLANE('',#1190);
#1190 = AXIS2_PLACEMENT_3D('',#1191,#1192,#1193);
#1191 = CARTESIAN_POINT('',(-0.95,0.597090658555,0.221059411393));
#1192 = DIRECTION('',(1.,0.,0.));
#1193 = DIRECTION('',(0.,0.,1.));
#1194 = ADVANCED_FACE('',(#1195),#1222,.F.);
#1195 = FACE_BOUND('',#1196,.T.);
#1196 = EDGE_LOOP('',(#1197,#1205,#1213,#1219,#1220,#1221));
#1197 = ORIENTED_EDGE('',*,*,#1198,.T.);
#1198 = EDGE_CURVE('',#848,#1199,#1201,.T.);
#1199 = VERTEX_POINT('',#1200);
#1200 = CARTESIAN_POINT('',(3.45,-1.,0.2));
#1201 = LINE('',#1202,#1203);
#1202 = CARTESIAN_POINT('',(3.45,-2.35,0.587106270774));
#1203 = VECTOR('',#1204,1.);
#1204 = DIRECTION('',(0.,0.961261695938,-0.275637355817));
#1205 = ORIENTED_EDGE('',*,*,#1206,.T.);
#1206 = EDGE_CURVE('',#1199,#1207,#1209,.T.);
#1207 = VERTEX_POINT('',#1208);
#1208 = CARTESIAN_POINT('',(3.45,1.,0.2));
#1209 = LINE('',#1210,#1211);
#1210 = CARTESIAN_POINT('',(3.45,-1.,0.2));
#1211 = VECTOR('',#1212,1.);
#1212 = DIRECTION('',(0.,1.,0.));
#1213 = ORIENTED_EDGE('',*,*,#1214,.T.);
#1214 = EDGE_CURVE('',#1207,#393,#1215,.T.);
#1215 = LINE('',#1216,#1217);
#1216 = CARTESIAN_POINT('',(3.45,1.,0.2));
#1217 = VECTOR('',#1218,1.);
#1218 = DIRECTION('',(0.,0.96,0.28));
#1219 = ORIENTED_EDGE('',*,*,#400,.T.);
#1220 = ORIENTED_EDGE('',*,*,#1149,.T.);
#1221 = ORIENTED_EDGE('',*,*,#847,.T.);
#1222 = PLANE('',#1223);
#1223 = AXIS2_PLACEMENT_3D('',#1224,#1225,#1226);
#1224 = CARTESIAN_POINT('',(3.45,0.597090658555,0.221059411393));
#1225 = DIRECTION('',(1.,0.,0.));
#1226 = DIRECTION('',(0.,0.,1.));
#1227 = ADVANCED_FACE('',(#1228),#1246,.T.);
#1228 = FACE_BOUND('',#1229,.T.);
#1229 = EDGE_LOOP('',(#1230,#1238,#1239,#1240));
#1230 = ORIENTED_EDGE('',*,*,#1231,.T.);
#1231 = EDGE_CURVE('',#1232,#1174,#1234,.T.);
#1232 = VERTEX_POINT('',#1233);
#1233 = CARTESIAN_POINT('',(0.95,1.,0.2));
#1234 = LINE('',#1235,#1236);
#1235 = CARTESIAN_POINT('',(0.95,1.,0.2));
#1236 = VECTOR('',#1237,1.);
#1237 = DIRECTION('',(-1.,-0.,-0.));
#1238 = ORIENTED_EDGE('',*,*,#1181,.T.);
#1239 = ORIENTED_EDGE('',*,*,#360,.F.);
#1240 = ORIENTED_EDGE('',*,*,#1241,.F.);
#1241 = EDGE_CURVE('',#1232,#361,#1242,.T.);
#1242 = LINE('',#1243,#1244);
#1243 = CARTESIAN_POINT('',(0.95,1.,0.2));
#1244 = VECTOR('',#1245,1.);
#1245 = DIRECTION('',(0.,0.96,0.28));
#1246 = PLANE('',#1247);
#1247 = AXIS2_PLACEMENT_3D('',#1248,#1249,#1250);
#1248 = CARTESIAN_POINT('',(0.95,1.,0.2));
#1249 = DIRECTION('',(0.,0.28,-0.96));
#1250 = DIRECTION('',(0.,0.96,0.28));
#1251 = ADVANCED_FACE('',(#1252),#1270,.T.);
#1252 = FACE_BOUND('',#1253,.T.);
#1253 = EDGE_LOOP('',(#1254,#1262,#1268,#1269));
#1254 = ORIENTED_EDGE('',*,*,#1255,.T.);
#1255 = EDGE_CURVE('',#1207,#1256,#1258,.T.);
#1256 = VERTEX_POINT('',#1257);
#1257 = CARTESIAN_POINT('',(1.55,1.,0.2));
#1258 = LINE('',#1259,#1260);
#1259 = CARTESIAN_POINT('',(3.45,1.,0.2));
#1260 = VECTOR('',#1261,1.);
#1261 = DIRECTION('',(-1.,-0.,-0.));
#1262 = ORIENTED_EDGE('',*,*,#1263,.T.);
#1263 = EDGE_CURVE('',#1256,#385,#1264,.T.);
#1264 = LINE('',#1265,#1266);
#1265 = CARTESIAN_POINT('',(1.55,1.,0.2));
#1266 = VECTOR('',#1267,1.);
#1267 = DIRECTION('',(0.,0.96,0.28));
#1268 = ORIENTED_EDGE('',*,*,#392,.F.);
#1269 = ORIENTED_EDGE('',*,*,#1214,.F.);
#1270 = PLANE('',#1271);
#1271 = AXIS2_PLACEMENT_3D('',#1272,#1273,#1274);
#1272 = CARTESIAN_POINT('',(3.45,1.,0.2));
#1273 = DIRECTION('',(0.,0.28,-0.96));
#1274 = DIRECTION('',(0.,0.96,0.28));
#1275 = ADVANCED_FACE('',(#1276),#1301,.F.);
#1276 = FACE_BOUND('',#1277,.T.);
#1277 = EDGE_LOOP('',(#1278,#1286,#1292,#1293,#1294,#1300));
#1278 = ORIENTED_EDGE('',*,*,#1279,.T.);
#1279 = EDGE_CURVE('',#880,#1280,#1282,.T.);
#1280 = VERTEX_POINT('',#1281);
#1281 = CARTESIAN_POINT('',(0.95,-1.,0.2));
#1282 = LINE('',#1283,#1284);
#1283 = CARTESIAN_POINT('',(0.95,-2.35,0.587106270774));
#1284 = VECTOR('',#1285,1.);
#1285 = DIRECTION('',(0.,0.961261695938,-0.275637355817));
#1286 = ORIENTED_EDGE('',*,*,#1287,.T.);
#1287 = EDGE_CURVE('',#1280,#1232,#1288,.T.);
#1288 = LINE('',#1289,#1290);
#1289 = CARTESIAN_POINT('',(0.95,-1.,0.2));
#1290 = VECTOR('',#1291,1.);
#1291 = DIRECTION('',(0.,1.,0.));
#1292 = ORIENTED_EDGE('',*,*,#1241,.T.);
#1293 = ORIENTED_EDGE('',*,*,#368,.T.);
#1294 = ORIENTED_EDGE('',*,*,#1295,.T.);
#1295 = EDGE_CURVE('',#369,#872,#1296,.T.);
#1296 = LINE('',#1297,#1298);
#1297 = CARTESIAN_POINT('',(0.95,3.4,0.));
#1298 = VECTOR('',#1299,1.);
#1299 = DIRECTION('',(0.,-1.,0.));
#1300 = ORIENTED_EDGE('',*,*,#879,.T.);
#1301 = PLANE('',#1302);
#1302 = AXIS2_PLACEMENT_3D('',#1303,#1304,#1305);
#1303 = CARTESIAN_POINT('',(0.95,0.597090658555,0.221059411393));
#1304 = DIRECTION('',(1.,0.,0.));
#1305 = DIRECTION('',(0.,0.,1.));
#1306 = ADVANCED_FACE('',(#1307),#1332,.T.);
#1307 = FACE_BOUND('',#1308,.F.);
#1308 = EDGE_LOOP('',(#1309,#1317,#1323,#1324,#1325,#1331));
#1309 = ORIENTED_EDGE('',*,*,#1310,.T.);
#1310 = EDGE_CURVE('',#856,#1311,#1313,.T.);
#1311 = VERTEX_POINT('',#1312);
#1312 = CARTESIAN_POINT('',(1.55,-1.,0.2));
#1313 = LINE('',#1314,#1315);
#1314 = CARTESIAN_POINT('',(1.55,-2.35,0.587106270774));
#1315 = VECTOR('',#1316,1.);
#1316 = DIRECTION('',(0.,0.961261695938,-0.275637355817));
#1317 = ORIENTED_EDGE('',*,*,#1318,.T.);
#1318 = EDGE_CURVE('',#1311,#1256,#1319,.T.);
#1319 = LINE('',#1320,#1321);
#1320 = CARTESIAN_POINT('',(1.55,-1.,0.2));
#1321 = VECTOR('',#1322,1.);
#1322 = DIRECTION('',(0.,1.,0.));
#1323 = ORIENTED_EDGE('',*,*,#1263,.T.);
#1324 = ORIENTED_EDGE('',*,*,#384,.T.);
#1325 = ORIENTED_EDGE('',*,*,#1326,.T.);
#1326 = EDGE_CURVE('',#377,#864,#1327,.T.);
#1327 = LINE('',#1328,#1329);
#1328 = CARTESIAN_POINT('',(1.55,3.4,0.));
#1329 = VECTOR('',#1330,1.);
#1330 = DIRECTION('',(0.,-1.,0.));
#1331 = ORIENTED_EDGE('',*,*,#863,.T.);
#1332 = PLANE('',#1333);
#1333 = AXIS2_PLACEMENT_3D('',#1334,#1335,#1336);
#1334 = CARTESIAN_POINT('',(1.55,0.597090658555,0.221059411393));
#1335 = DIRECTION('',(1.,0.,0.));
#1336 = DIRECTION('',(0.,0.,1.));
#1337 = ADVANCED_FACE('',(#1338),#1344,.F.);
#1338 = FACE_BOUND('',#1339,.F.);
#1339 = EDGE_LOOP('',(#1340,#1341,#1342,#1343));
#1340 = ORIENTED_EDGE('',*,*,#376,.T.);
#1341 = ORIENTED_EDGE('',*,*,#1295,.T.);
#1342 = ORIENTED_EDGE('',*,*,#871,.T.);
#1343 = ORIENTED_EDGE('',*,*,#1326,.F.);
#1344 = PLANE('',#1345);
#1345 = AXIS2_PLACEMENT_3D('',#1346,#1347,#1348);
#1346 = CARTESIAN_POINT('',(2.5,0.525,0.));
#1347 = DIRECTION('',(0.,0.,1.));
#1348 = DIRECTION('',(1.,0.,0.));
#1349 = ADVANCED_FACE('',(#1350),#1361,.F.);
#1350 = FACE_BOUND('',#1351,.T.);
#1351 = EDGE_LOOP('',(#1352,#1353,#1359,#1360));
#1352 = ORIENTED_EDGE('',*,*,#977,.T.);
#1353 = ORIENTED_EDGE('',*,*,#1354,.T.);
#1354 = EDGE_CURVE('',#978,#528,#1355,.T.);
#1355 = LINE('',#1356,#1357);
#1356 = CARTESIAN_POINT('',(-5.,-1.549999999998,4.749999999997));
#1357 = VECTOR('',#1358,1.);
#1358 = DIRECTION('',(1.,0.,0.));
#1359 = ORIENTED_EDGE('',*,*,#535,.F.);
#1360 = ORIENTED_EDGE('',*,*,#454,.F.);
#1361 = CYLINDRICAL_SURFACE('',#1362,0.849999999998);
#1362 = AXIS2_PLACEMENT_3D('',#1363,#1364,#1365);
#1363 = CARTESIAN_POINT('',(-5.,-0.7,4.749999999998));
#1364 = DIRECTION('',(-1.,-0.,-0.));
#1365 = DIRECTION('',(0.,1.,0.));
#1366 = ADVANCED_FACE('',(#1367),#1392,.T.);
#1367 = FACE_BOUND('',#1368,.T.);
#1368 = EDGE_LOOP('',(#1369,#1377,#1378,#1379,#1385,#1386));
#1369 = ORIENTED_EDGE('',*,*,#1370,.T.);
#1370 = EDGE_CURVE('',#1371,#793,#1373,.T.);
#1371 = VERTEX_POINT('',#1372);
#1372 = CARTESIAN_POINT('',(5.8,-1.6,7.));
#1373 = LINE('',#1374,#1375);
#1374 = CARTESIAN_POINT('',(5.8,1.554312234475E-15,7.));
#1375 = VECTOR('',#1376,1.);
#1376 = DIRECTION('',(0.,-1.,2.22044604925E-16));
#1377 = ORIENTED_EDGE('',*,*,#800,.T.);
#1378 = ORIENTED_EDGE('',*,*,#519,.T.);
#1379 = ORIENTED_EDGE('',*,*,#1380,.F.);
#1380 = EDGE_CURVE('',#987,#520,#1381,.T.);
#1381 = LINE('',#1382,#1383);
#1382 = CARTESIAN_POINT('',(-5.,-1.549999999998,7.));
#1383 = VECTOR('',#1384,1.);
#1384 = DIRECTION('',(1.,0.,0.));
#1385 = ORIENTED_EDGE('',*,*,#994,.T.);
#1386 = ORIENTED_EDGE('',*,*,#1387,.F.);
#1387 = EDGE_CURVE('',#1371,#995,#1388,.T.);
#1388 = LINE('',#1389,#1390);
#1389 = CARTESIAN_POINT('',(-1.7,-1.6,7.));
#1390 = VECTOR('',#1391,1.);
#1391 = DIRECTION('',(1.,0.,0.));
#1392 = PLANE('',#1393);
#1393 = AXIS2_PLACEMENT_3D('',#1394,#1395,#1396);
#1394 = CARTESIAN_POINT('',(2.5,0.525,7.));
#1395 = DIRECTION('',(0.,0.,1.));
#1396 = DIRECTION('',(1.,0.,0.));
#1397 = ADVANCED_FACE('',(#1398),#1404,.T.);
#1398 = FACE_BOUND('',#1399,.T.);
#1399 = EDGE_LOOP('',(#1400,#1401,#1402,#1403));
#1400 = ORIENTED_EDGE('',*,*,#986,.T.);
#1401 = ORIENTED_EDGE('',*,*,#1380,.T.);
#1402 = ORIENTED_EDGE('',*,*,#527,.T.);
#1403 = ORIENTED_EDGE('',*,*,#1354,.F.);
#1404 = PLANE('',#1405);
#1405 = AXIS2_PLACEMENT_3D('',#1406,#1407,#1408);
#1406 = CARTESIAN_POINT('',(-5.,-1.549999999998,7.));
#1407 = DIRECTION('',(0.,1.,0.));
#1408 = DIRECTION('',(0.,0.,-1.));
#1409 = ADVANCED_FACE('',(#1410),#1421,.T.);
#1410 = FACE_BOUND('',#1411,.T.);
#1411 = EDGE_LOOP('',(#1412,#1418,#1419,#1420));
#1412 = ORIENTED_EDGE('',*,*,#1413,.T.);
#1413 = EDGE_CURVE('',#596,#1019,#1414,.T.);
#1414 = LINE('',#1415,#1416);
#1415 = CARTESIAN_POINT('',(-1.7,0.875277674973,1.25));
#1416 = VECTOR('',#1417,1.);
#1417 = DIRECTION('',(1.,0.,0.));
#1418 = ORIENTED_EDGE('',*,*,#1026,.T.);
#1419 = ORIENTED_EDGE('',*,*,#953,.F.);
#1420 = ORIENTED_EDGE('',*,*,#603,.F.);
#1421 = PLANE('',#1422);
#1422 = AXIS2_PLACEMENT_3D('',#1423,#1424,#1425);
#1423 = CARTESIAN_POINT('',(-1.7,0.875277674973,1.25));
#1424 = DIRECTION('',(0.,0.,1.));
#1425 = DIRECTION('',(0.,1.,0.));
#1426 = ADVANCED_FACE('',(#1427),#1438,.T.);
#1427 = FACE_BOUND('',#1428,.T.);
#1428 = EDGE_LOOP('',(#1429,#1435,#1436,#1437));
#1429 = ORIENTED_EDGE('',*,*,#1430,.T.);
#1430 = EDGE_CURVE('',#588,#1011,#1431,.T.);
#1431 = LINE('',#1432,#1433);
#1432 = CARTESIAN_POINT('',(-1.7,0.5,1.9));
#1433 = VECTOR('',#1434,1.);
#1434 = DIRECTION('',(1.,0.,0.));
#1435 = ORIENTED_EDGE('',*,*,#1018,.T.);
#1436 = ORIENTED_EDGE('',*,*,#1413,.F.);
#1437 = ORIENTED_EDGE('',*,*,#595,.F.);
#1438 = PLANE('',#1439);
#1439 = AXIS2_PLACEMENT_3D('',#1440,#1441,#1442);
#1440 = CARTESIAN_POINT('',(-1.7,0.5,1.9));
#1441 = DIRECTION('',(0.,0.866025403784,0.5));
#1442 = DIRECTION('',(0.,0.5,-0.866025403784));
#1443 = ADVANCED_FACE('',(#1444),#1576,.T.);
#1444 = FACE_BOUND('',#1445,.T.);
#1445 = EDGE_LOOP('',(#1446,#1447,#1448,#1456,#1464,#1472,#1480,#1489,
    #1497,#1505,#1513,#1521,#1529,#1538,#1546,#1554,#1562,#1568,#1569,
    #1570));
#1446 = ORIENTED_EDGE('',*,*,#579,.F.);
#1447 = ORIENTED_EDGE('',*,*,#925,.T.);
#1448 = ORIENTED_EDGE('',*,*,#1449,.F.);
#1449 = EDGE_CURVE('',#1450,#918,#1452,.T.);
#1450 = VERTEX_POINT('',#1451);
#1451 = CARTESIAN_POINT('',(-0.8,-1.6,6.8));
#1452 = LINE('',#1453,#1454);
#1453 = CARTESIAN_POINT('',(-0.8,-1.6,6.9));
#1454 = VECTOR('',#1455,1.);
#1455 = DIRECTION('',(0.,0.,1.));
#1456 = ORIENTED_EDGE('',*,*,#1457,.F.);
#1457 = EDGE_CURVE('',#1458,#1450,#1460,.T.);
#1458 = VERTEX_POINT('',#1459);
#1459 = CARTESIAN_POINT('',(-0.4,-1.6,6.4));
#1460 = LINE('',#1461,#1462);
#1461 = CARTESIAN_POINT('',(-0.875,-1.6,6.875));
#1462 = VECTOR('',#1463,1.);
#1463 = DIRECTION('',(-0.707106781187,0.,0.707106781187));
#1464 = ORIENTED_EDGE('',*,*,#1465,.F.);
#1465 = EDGE_CURVE('',#1466,#1458,#1468,.T.);
#1466 = VERTEX_POINT('',#1467);
#1467 = CARTESIAN_POINT('',(-0.8,-1.6,6.));
#1468 = LINE('',#1469,#1470);
#1469 = CARTESIAN_POINT('',(-0.775,-1.6,6.025));
#1470 = VECTOR('',#1471,1.);
#1471 = DIRECTION('',(0.707106781187,0.,0.707106781187));
#1472 = ORIENTED_EDGE('',*,*,#1473,.F.);
#1473 = EDGE_CURVE('',#1474,#1466,#1476,.T.);
#1474 = VERTEX_POINT('',#1475);
#1475 = CARTESIAN_POINT('',(-0.8,-1.6,3.9));
#1476 = LINE('',#1477,#1478);
#1477 = CARTESIAN_POINT('',(-0.8,-1.6,5.45));
#1478 = VECTOR('',#1479,1.);
#1479 = DIRECTION('',(0.,0.,1.));
#1480 = ORIENTED_EDGE('',*,*,#1481,.F.);
#1481 = EDGE_CURVE('',#1482,#1474,#1484,.T.);
#1482 = VERTEX_POINT('',#1483);
#1483 = CARTESIAN_POINT('',(-0.1,-1.6,3.2));
#1484 = CIRCLE('',#1485,0.7);
#1485 = AXIS2_PLACEMENT_3D('',#1486,#1487,#1488);
#1486 = CARTESIAN_POINT('',(-0.1,-1.6,3.9));
#1487 = DIRECTION('',(0.,1.,-2.22044604925E-16));
#1488 = DIRECTION('',(1.,0.,0.));
#1489 = ORIENTED_EDGE('',*,*,#1490,.F.);
#1490 = EDGE_CURVE('',#1491,#1482,#1493,.T.);
#1491 = VERTEX_POINT('',#1492);
#1492 = CARTESIAN_POINT('',(1.05,-1.6,3.2));
#1493 = LINE('',#1494,#1495);
#1494 = CARTESIAN_POINT('',(-0.325,-1.6,3.2));
#1495 = VECTOR('',#1496,1.);
#1496 = DIRECTION('',(-1.,0.,0.));
#1497 = ORIENTED_EDGE('',*,*,#1498,.F.);
#1498 = EDGE_CURVE('',#1499,#1491,#1501,.T.);
#1499 = VERTEX_POINT('',#1500);
#1500 = CARTESIAN_POINT('',(1.05,-1.6,7.));
#1501 = LINE('',#1502,#1503);
#1502 = CARTESIAN_POINT('',(1.05,-1.6,7.));
#1503 = VECTOR('',#1504,1.);
#1504 = DIRECTION('',(0.,0.,-1.));
#1505 = ORIENTED_EDGE('',*,*,#1506,.T.);
#1506 = EDGE_CURVE('',#1499,#1507,#1509,.T.);
#1507 = VERTEX_POINT('',#1508);
#1508 = CARTESIAN_POINT('',(3.95,-1.6,7.));
#1509 = LINE('',#1510,#1511);
#1510 = CARTESIAN_POINT('',(-1.7,-1.6,7.));
#1511 = VECTOR('',#1512,1.);
#1512 = DIRECTION('',(1.,0.,0.));
#1513 = ORIENTED_EDGE('',*,*,#1514,.T.);
#1514 = EDGE_CURVE('',#1507,#1515,#1517,.T.);
#1515 = VERTEX_POINT('',#1516);
#1516 = CARTESIAN_POINT('',(3.95,-1.6,3.2));
#1517 = LINE('',#1518,#1519);
#1518 = CARTESIAN_POINT('',(3.95,-1.6,7.));
#1519 = VECTOR('',#1520,1.);
#1520 = DIRECTION('',(0.,0.,-1.));
#1521 = ORIENTED_EDGE('',*,*,#1522,.T.);
#1522 = EDGE_CURVE('',#1515,#1523,#1525,.T.);
#1523 = VERTEX_POINT('',#1524);
#1524 = CARTESIAN_POINT('',(5.1,-1.6,3.2));
#1525 = LINE('',#1526,#1527);
#1526 = CARTESIAN_POINT('',(1.125,-1.6,3.2));
#1527 = VECTOR('',#1528,1.);
#1528 = DIRECTION('',(1.,0.,0.));
#1529 = ORIENTED_EDGE('',*,*,#1530,.F.);
#1530 = EDGE_CURVE('',#1531,#1523,#1533,.T.);
#1531 = VERTEX_POINT('',#1532);
#1532 = CARTESIAN_POINT('',(5.8,-1.6,3.9));
#1533 = CIRCLE('',#1534,0.7);
#1534 = AXIS2_PLACEMENT_3D('',#1535,#1536,#1537);
#1535 = CARTESIAN_POINT('',(5.1,-1.6,3.9));
#1536 = DIRECTION('',(0.,1.,-2.22044604925E-16));
#1537 = DIRECTION('',(1.,0.,0.));
#1538 = ORIENTED_EDGE('',*,*,#1539,.T.);
#1539 = EDGE_CURVE('',#1531,#1540,#1542,.T.);
#1540 = VERTEX_POINT('',#1541);
#1541 = CARTESIAN_POINT('',(5.8,-1.6,6.));
#1542 = LINE('',#1543,#1544);
#1543 = CARTESIAN_POINT('',(5.8,-1.6,5.45));
#1544 = VECTOR('',#1545,1.);
#1545 = DIRECTION('',(0.,0.,1.));
#1546 = ORIENTED_EDGE('',*,*,#1547,.T.);
#1547 = EDGE_CURVE('',#1540,#1548,#1550,.T.);
#1548 = VERTEX_POINT('',#1549);
#1549 = CARTESIAN_POINT('',(5.4,-1.6,6.4));
#1550 = LINE('',#1551,#1552);
#1551 = CARTESIAN_POINT('',(3.675,-1.6,8.125));
#1552 = VECTOR('',#1553,1.);
#1553 = DIRECTION('',(-0.707106781187,0.,0.707106781187));
#1554 = ORIENTED_EDGE('',*,*,#1555,.T.);
#1555 = EDGE_CURVE('',#1548,#1556,#1558,.T.);
#1556 = VERTEX_POINT('',#1557);
#1557 = CARTESIAN_POINT('',(5.8,-1.6,6.8));
#1558 = LINE('',#1559,#1560);
#1559 = CARTESIAN_POINT('',(3.775,-1.6,4.775));
#1560 = VECTOR('',#1561,1.);
#1561 = DIRECTION('',(0.707106781187,0.,0.707106781187));
#1562 = ORIENTED_EDGE('',*,*,#1563,.T.);
#1563 = EDGE_CURVE('',#1556,#1371,#1564,.T.);
#1564 = LINE('',#1565,#1566);
#1565 = CARTESIAN_POINT('',(5.8,-1.6,6.9));
#1566 = VECTOR('',#1567,1.);
#1567 = DIRECTION('',(0.,0.,1.));
#1568 = ORIENTED_EDGE('',*,*,#1387,.T.);
#1569 = ORIENTED_EDGE('',*,*,#1002,.T.);
#1570 = ORIENTED_EDGE('',*,*,#1571,.F.);
#1571 = EDGE_CURVE('',#580,#1003,#1572,.T.);
#1572 = LINE('',#1573,#1574);
#1573 = CARTESIAN_POINT('',(-1.7,-1.6,1.9));
#1574 = VECTOR('',#1575,1.);
#1575 = DIRECTION('',(1.,0.,0.));
#1576 = PLANE('',#1577);
#1577 = AXIS2_PLACEMENT_3D('',#1578,#1579,#1580);
#1578 = CARTESIAN_POINT('',(-1.7,-1.6,7.));
#1579 = DIRECTION('',(0.,1.,0.));
#1580 = DIRECTION('',(0.,0.,-1.));
#1581 = ADVANCED_FACE('',(#1582,#1588,#1622,#1656),#1690,.T.);
#1582 = FACE_BOUND('',#1583,.T.);
#1583 = EDGE_LOOP('',(#1584,#1585,#1586,#1587));
#1584 = ORIENTED_EDGE('',*,*,#1571,.T.);
#1585 = ORIENTED_EDGE('',*,*,#1010,.T.);
#1586 = ORIENTED_EDGE('',*,*,#1430,.F.);
#1587 = ORIENTED_EDGE('',*,*,#587,.F.);
#1588 = FACE_BOUND('',#1589,.T.);
#1589 = EDGE_LOOP('',(#1590,#1600,#1608,#1616));
#1590 = ORIENTED_EDGE('',*,*,#1591,.F.);
#1591 = EDGE_CURVE('',#1592,#1594,#1596,.T.);
#1592 = VERTEX_POINT('',#1593);
#1593 = CARTESIAN_POINT('',(4.68,-0.32,1.9));
#1594 = VERTEX_POINT('',#1595);
#1595 = CARTESIAN_POINT('',(5.32,-0.32,1.9));
#1596 = LINE('',#1597,#1598);
#1597 = CARTESIAN_POINT('',(1.81,-0.32,1.9));
#1598 = VECTOR('',#1599,1.);
#1599 = DIRECTION('',(1.,0.,0.));
#1600 = ORIENTED_EDGE('',*,*,#1601,.T.);
#1601 = EDGE_CURVE('',#1592,#1602,#1604,.T.);
#1602 = VERTEX_POINT('',#1603);
#1603 = CARTESIAN_POINT('',(4.68,0.32,1.9));
#1604 = LINE('',#1605,#1606);
#1605 = CARTESIAN_POINT('',(4.68,-0.8,1.9));
#1606 = VECTOR('',#1607,1.);
#1607 = DIRECTION('',(0.,1.,0.));
#1608 = ORIENTED_EDGE('',*,*,#1609,.F.);
#1609 = EDGE_CURVE('',#1610,#1602,#1612,.T.);
#1610 = VERTEX_POINT('',#1611);
#1611 = CARTESIAN_POINT('',(5.32,0.32,1.9));
#1612 = LINE('',#1613,#1614);
#1613 = CARTESIAN_POINT('',(1.81,0.32,1.9));
#1614 = VECTOR('',#1615,1.);
#1615 = DIRECTION('',(-1.,0.,0.));
#1616 = ORIENTED_EDGE('',*,*,#1617,.F.);
#1617 = EDGE_CURVE('',#1594,#1610,#1618,.T.);
#1618 = LINE('',#1619,#1620);
#1619 = CARTESIAN_POINT('',(5.32,-0.8,1.9));
#1620 = VECTOR('',#1621,1.);
#1621 = DIRECTION('',(0.,1.,0.));
#1622 = FACE_BOUND('',#1623,.T.);
#1623 = EDGE_LOOP('',(#1624,#1634,#1642,#1650));
#1624 = ORIENTED_EDGE('',*,*,#1625,.F.);
#1625 = EDGE_CURVE('',#1626,#1628,#1630,.T.);
#1626 = VERTEX_POINT('',#1627);
#1627 = CARTESIAN_POINT('',(2.18,-0.32,1.9));
#1628 = VERTEX_POINT('',#1629);
#1629 = CARTESIAN_POINT('',(2.82,-0.32,1.9));
#1630 = LINE('',#1631,#1632);
#1631 = CARTESIAN_POINT('',(0.56,-0.32,1.9));
#1632 = VECTOR('',#1633,1.);
#1633 = DIRECTION('',(1.,0.,0.));
#1634 = ORIENTED_EDGE('',*,*,#1635,.T.);
#1635 = EDGE_CURVE('',#1626,#1636,#1638,.T.);
#1636 = VERTEX_POINT('',#1637);
#1637 = CARTESIAN_POINT('',(2.18,0.32,1.9));
#1638 = LINE('',#1639,#1640);
#1639 = CARTESIAN_POINT('',(2.18,-0.8,1.9));
#1640 = VECTOR('',#1641,1.);
#1641 = DIRECTION('',(0.,1.,0.));
#1642 = ORIENTED_EDGE('',*,*,#1643,.F.);
#1643 = EDGE_CURVE('',#1644,#1636,#1646,.T.);
#1644 = VERTEX_POINT('',#1645);
#1645 = CARTESIAN_POINT('',(2.82,0.32,1.9));
#1646 = LINE('',#1647,#1648);
#1647 = CARTESIAN_POINT('',(0.56,0.32,1.9));
#1648 = VECTOR('',#1649,1.);
#1649 = DIRECTION('',(-1.,0.,0.));
#1650 = ORIENTED_EDGE('',*,*,#1651,.F.);
#1651 = EDGE_CURVE('',#1628,#1644,#1652,.T.);
#1652 = LINE('',#1653,#1654);
#1653 = CARTESIAN_POINT('',(2.82,-0.8,1.9));
#1654 = VECTOR('',#1655,1.);
#1655 = DIRECTION('',(0.,1.,0.));
#1656 = FACE_BOUND('',#1657,.T.);
#1657 = EDGE_LOOP('',(#1658,#1668,#1676,#1684));
#1658 = ORIENTED_EDGE('',*,*,#1659,.F.);
#1659 = EDGE_CURVE('',#1660,#1662,#1664,.T.);
#1660 = VERTEX_POINT('',#1661);
#1661 = CARTESIAN_POINT('',(-0.32,-0.32,1.9));
#1662 = VERTEX_POINT('',#1663);
#1663 = CARTESIAN_POINT('',(0.32,-0.32,1.9));
#1664 = LINE('',#1665,#1666);
#1665 = CARTESIAN_POINT('',(-0.69,-0.32,1.9));
#1666 = VECTOR('',#1667,1.);
#1667 = DIRECTION('',(1.,0.,0.));
#1668 = ORIENTED_EDGE('',*,*,#1669,.T.);
#1669 = EDGE_CURVE('',#1660,#1670,#1672,.T.);
#1670 = VERTEX_POINT('',#1671);
#1671 = CARTESIAN_POINT('',(-0.32,0.32,1.9));
#1672 = LINE('',#1673,#1674);
#1673 = CARTESIAN_POINT('',(-0.32,-0.8,1.9));
#1674 = VECTOR('',#1675,1.);
#1675 = DIRECTION('',(0.,1.,0.));
#1676 = ORIENTED_EDGE('',*,*,#1677,.F.);
#1677 = EDGE_CURVE('',#1678,#1670,#1680,.T.);
#1678 = VERTEX_POINT('',#1679);
#1679 = CARTESIAN_POINT('',(0.32,0.32,1.9));
#1680 = LINE('',#1681,#1682);
#1681 = CARTESIAN_POINT('',(-0.69,0.32,1.9));
#1682 = VECTOR('',#1683,1.);
#1683 = DIRECTION('',(-1.,0.,0.));
#1684 = ORIENTED_EDGE('',*,*,#1685,.F.);
#1685 = EDGE_CURVE('',#1662,#1678,#1686,.T.);
#1686 = LINE('',#1687,#1688);
#1687 = CARTESIAN_POINT('',(0.32,-0.8,1.9));
#1688 = VECTOR('',#1689,1.);
#1689 = DIRECTION('',(0.,1.,0.));
#1690 = PLANE('',#1691);
#1691 = AXIS2_PLACEMENT_3D('',#1692,#1693,#1694);
#1692 = CARTESIAN_POINT('',(-1.7,-1.6,1.9));
#1693 = DIRECTION('',(0.,0.,1.));
#1694 = DIRECTION('',(0.,1.,0.));
#1695 = ADVANCED_FACE('',(#1696),#1707,.T.);
#1696 = FACE_BOUND('',#1697,.T.);
#1697 = EDGE_LOOP('',(#1698,#1699,#1700,#1706));
#1698 = ORIENTED_EDGE('',*,*,#887,.T.);
#1699 = ORIENTED_EDGE('',*,*,#1165,.T.);
#1700 = ORIENTED_EDGE('',*,*,#1701,.F.);
#1701 = EDGE_CURVE('',#1280,#1166,#1702,.T.);
#1702 = LINE('',#1703,#1704);
#1703 = CARTESIAN_POINT('',(0.95,-1.,0.2));
#1704 = VECTOR('',#1705,1.);
#1705 = DIRECTION('',(-1.,-0.,-0.));
#1706 = ORIENTED_EDGE('',*,*,#1279,.F.);
#1707 = PLANE('',#1708);
#1708 = AXIS2_PLACEMENT_3D('',#1709,#1710,#1711);
#1709 = CARTESIAN_POINT('',(0.95,-2.35,0.587106270774));
#1710 = DIRECTION('',(0.,-0.275637355817,-0.961261695938));
#1711 = DIRECTION('',(0.,0.961261695938,-0.275637355817));
#1712 = ADVANCED_FACE('',(#1713),#1724,.T.);
#1713 = FACE_BOUND('',#1714,.T.);
#1714 = EDGE_LOOP('',(#1715,#1716,#1717,#1723));
#1715 = ORIENTED_EDGE('',*,*,#855,.T.);
#1716 = ORIENTED_EDGE('',*,*,#1310,.T.);
#1717 = ORIENTED_EDGE('',*,*,#1718,.F.);
#1718 = EDGE_CURVE('',#1199,#1311,#1719,.T.);
#1719 = LINE('',#1720,#1721);
#1720 = CARTESIAN_POINT('',(3.45,-1.,0.2));
#1721 = VECTOR('',#1722,1.);
#1722 = DIRECTION('',(-1.,-0.,-0.));
#1723 = ORIENTED_EDGE('',*,*,#1198,.F.);
#1724 = PLANE('',#1725);
#1725 = AXIS2_PLACEMENT_3D('',#1726,#1727,#1728);
#1726 = CARTESIAN_POINT('',(3.45,-2.35,0.587106270774));
#1727 = DIRECTION('',(0.,-0.275637355817,-0.961261695938));
#1728 = DIRECTION('',(0.,0.961261695938,-0.275637355817));
#1729 = ADVANCED_FACE('',(#1730),#1741,.T.);
#1730 = FACE_BOUND('',#1731,.T.);
#1731 = EDGE_LOOP('',(#1732,#1733,#1734,#1740));
#1732 = ORIENTED_EDGE('',*,*,#823,.T.);
#1733 = ORIENTED_EDGE('',*,*,#1117,.T.);
#1734 = ORIENTED_EDGE('',*,*,#1735,.F.);
#1735 = EDGE_CURVE('',#1061,#1118,#1736,.T.);
#1736 = LINE('',#1737,#1738);
#1737 = CARTESIAN_POINT('',(5.95,-1.,0.2));
#1738 = VECTOR('',#1739,1.);
#1739 = DIRECTION('',(-1.,-0.,-0.));
#1740 = ORIENTED_EDGE('',*,*,#1060,.F.);
#1741 = PLANE('',#1742);
#1742 = AXIS2_PLACEMENT_3D('',#1743,#1744,#1745);
#1743 = CARTESIAN_POINT('',(5.95,-2.35,0.587106270774));
#1744 = DIRECTION('',(0.,-0.275637355817,-0.961261695938));
#1745 = DIRECTION('',(0.,0.961261695938,-0.275637355817));
#1746 = ADVANCED_FACE('',(#1747),#1758,.T.);
#1747 = FACE_BOUND('',#1748,.T.);
#1748 = EDGE_LOOP('',(#1749,#1750,#1756,#1757));
#1749 = ORIENTED_EDGE('',*,*,#1563,.F.);
#1750 = ORIENTED_EDGE('',*,*,#1751,.T.);
#1751 = EDGE_CURVE('',#1556,#785,#1752,.T.);
#1752 = LINE('',#1753,#1754);
#1753 = CARTESIAN_POINT('',(5.8,1.50990331349E-15,6.8));
#1754 = VECTOR('',#1755,1.);
#1755 = DIRECTION('',(0.,-1.,2.22044604925E-16));
#1756 = ORIENTED_EDGE('',*,*,#792,.T.);
#1757 = ORIENTED_EDGE('',*,*,#1370,.F.);
#1758 = PLANE('',#1759);
#1759 = AXIS2_PLACEMENT_3D('',#1760,#1761,#1762);
#1760 = CARTESIAN_POINT('',(5.8,1.50990331349E-15,6.8));
#1761 = DIRECTION('',(-1.,0.,0.));
#1762 = DIRECTION('',(0.,2.22044604925E-16,1.));
#1763 = ADVANCED_FACE('',(#1764),#1775,.T.);
#1764 = FACE_BOUND('',#1765,.T.);
#1765 = EDGE_LOOP('',(#1766,#1767,#1773,#1774));
#1766 = ORIENTED_EDGE('',*,*,#1555,.F.);
#1767 = ORIENTED_EDGE('',*,*,#1768,.T.);
#1768 = EDGE_CURVE('',#1548,#777,#1769,.T.);
#1769 = LINE('',#1770,#1771);
#1770 = CARTESIAN_POINT('',(5.4,1.42108547152E-15,6.4));
#1771 = VECTOR('',#1772,1.);
#1772 = DIRECTION('',(0.,-1.,2.22044604925E-16));
#1773 = ORIENTED_EDGE('',*,*,#784,.T.);
#1774 = ORIENTED_EDGE('',*,*,#1751,.F.);
#1775 = PLANE('',#1776);
#1776 = AXIS2_PLACEMENT_3D('',#1777,#1778,#1779);
#1777 = CARTESIAN_POINT('',(5.4,1.42108547152E-15,6.4));
#1778 = DIRECTION('',(-0.707106781187,1.570092458684E-16,0.707106781187)
  );
#1779 = DIRECTION('',(0.707106781187,1.570092458684E-16,0.707106781187)
  );
#1780 = ADVANCED_FACE('',(#1781),#1792,.T.);
#1781 = FACE_BOUND('',#1782,.T.);
#1782 = EDGE_LOOP('',(#1783,#1784,#1790,#1791));
#1783 = ORIENTED_EDGE('',*,*,#1547,.F.);
#1784 = ORIENTED_EDGE('',*,*,#1785,.T.);
#1785 = EDGE_CURVE('',#1540,#769,#1786,.T.);
#1786 = LINE('',#1787,#1788);
#1787 = CARTESIAN_POINT('',(5.8,1.33226762955E-15,6.));
#1788 = VECTOR('',#1789,1.);
#1789 = DIRECTION('',(0.,-1.,2.22044604925E-16));
#1790 = ORIENTED_EDGE('',*,*,#776,.T.);
#1791 = ORIENTED_EDGE('',*,*,#1768,.F.);
#1792 = PLANE('',#1793);
#1793 = AXIS2_PLACEMENT_3D('',#1794,#1795,#1796);
#1794 = CARTESIAN_POINT('',(5.8,1.33226762955E-15,6.));
#1795 = DIRECTION('',(-0.707106781187,-1.570092458684E-16,
    -0.707106781187));
#1796 = DIRECTION('',(-0.707106781187,1.570092458684E-16,0.707106781187)
  );
#1797 = ADVANCED_FACE('',(#1798),#1809,.T.);
#1798 = FACE_BOUND('',#1799,.T.);
#1799 = EDGE_LOOP('',(#1800,#1801,#1807,#1808));
#1800 = ORIENTED_EDGE('',*,*,#1539,.F.);
#1801 = ORIENTED_EDGE('',*,*,#1802,.T.);
#1802 = EDGE_CURVE('',#1531,#760,#1803,.T.);
#1803 = LINE('',#1804,#1805);
#1804 = CARTESIAN_POINT('',(5.8,8.659739592076E-16,3.9));
#1805 = VECTOR('',#1806,1.);
#1806 = DIRECTION('',(0.,-1.,2.22044604925E-16));
#1807 = ORIENTED_EDGE('',*,*,#768,.T.);
#1808 = ORIENTED_EDGE('',*,*,#1785,.F.);
#1809 = PLANE('',#1810);
#1810 = AXIS2_PLACEMENT_3D('',#1811,#1812,#1813);
#1811 = CARTESIAN_POINT('',(5.8,8.659739592076E-16,3.9));
#1812 = DIRECTION('',(-1.,0.,0.));
#1813 = DIRECTION('',(0.,2.22044604925E-16,1.));
#1814 = ADVANCED_FACE('',(#1815),#1826,.F.);
#1815 = FACE_BOUND('',#1816,.T.);
#1816 = EDGE_LOOP('',(#1817,#1818,#1824,#1825));
#1817 = ORIENTED_EDGE('',*,*,#1530,.T.);
#1818 = ORIENTED_EDGE('',*,*,#1819,.T.);
#1819 = EDGE_CURVE('',#1523,#752,#1820,.T.);
#1820 = LINE('',#1821,#1822);
#1821 = CARTESIAN_POINT('',(5.1,7.105427357601E-16,3.2));
#1822 = VECTOR('',#1823,1.);
#1823 = DIRECTION('',(0.,-1.,2.22044604925E-16));
#1824 = ORIENTED_EDGE('',*,*,#759,.F.);
#1825 = ORIENTED_EDGE('',*,*,#1802,.F.);
#1826 = CYLINDRICAL_SURFACE('',#1827,0.7);
#1827 = AXIS2_PLACEMENT_3D('',#1828,#1829,#1830);
#1828 = CARTESIAN_POINT('',(5.1,8.659739592076E-16,3.9));
#1829 = DIRECTION('',(0.,1.,-2.22044604925E-16));
#1830 = DIRECTION('',(1.,0.,0.));
#1831 = ADVANCED_FACE('',(#1832),#1843,.T.);
#1832 = FACE_BOUND('',#1833,.T.);
#1833 = EDGE_LOOP('',(#1834,#1835,#1841,#1842));
#1834 = ORIENTED_EDGE('',*,*,#1522,.F.);
#1835 = ORIENTED_EDGE('',*,*,#1836,.T.);
#1836 = EDGE_CURVE('',#1515,#744,#1837,.T.);
#1837 = LINE('',#1838,#1839);
#1838 = CARTESIAN_POINT('',(3.95,7.105427357601E-16,3.2));
#1839 = VECTOR('',#1840,1.);
#1840 = DIRECTION('',(0.,-1.,2.22044604925E-16));
#1841 = ORIENTED_EDGE('',*,*,#751,.T.);
#1842 = ORIENTED_EDGE('',*,*,#1819,.F.);
#1843 = PLANE('',#1844);
#1844 = AXIS2_PLACEMENT_3D('',#1845,#1846,#1847);
#1845 = CARTESIAN_POINT('',(3.95,7.105427357601E-16,3.2));
#1846 = DIRECTION('',(0.,2.22044604925E-16,1.));
#1847 = DIRECTION('',(1.,0.,0.));
#1848 = ADVANCED_FACE('',(#1849),#1860,.T.);
#1849 = FACE_BOUND('',#1850,.T.);
#1850 = EDGE_LOOP('',(#1851,#1852,#1858,#1859));
#1851 = ORIENTED_EDGE('',*,*,#1514,.F.);
#1852 = ORIENTED_EDGE('',*,*,#1853,.T.);
#1853 = EDGE_CURVE('',#1507,#736,#1854,.T.);
#1854 = LINE('',#1855,#1856);
#1855 = CARTESIAN_POINT('',(3.95,1.554312234475E-15,7.));
#1856 = VECTOR('',#1857,1.);
#1857 = DIRECTION('',(0.,-1.,2.22044604925E-16));
#1858 = ORIENTED_EDGE('',*,*,#743,.T.);
#1859 = ORIENTED_EDGE('',*,*,#1836,.F.);
#1860 = PLANE('',#1861);
#1861 = AXIS2_PLACEMENT_3D('',#1862,#1863,#1864);
#1862 = CARTESIAN_POINT('',(3.95,1.554312234475E-15,7.));
#1863 = DIRECTION('',(1.,0.,0.));
#1864 = DIRECTION('',(0.,-2.22044604925E-16,-1.));
#1865 = ADVANCED_FACE('',(#1866),#1877,.T.);
#1866 = FACE_BOUND('',#1867,.T.);
#1867 = EDGE_LOOP('',(#1868,#1874,#1875,#1876));
#1868 = ORIENTED_EDGE('',*,*,#1869,.T.);
#1869 = EDGE_CURVE('',#1499,#728,#1870,.T.);
#1870 = LINE('',#1871,#1872);
#1871 = CARTESIAN_POINT('',(1.05,1.554312234475E-15,7.));
#1872 = VECTOR('',#1873,1.);
#1873 = DIRECTION('',(0.,-1.,2.22044604925E-16));
#1874 = ORIENTED_EDGE('',*,*,#735,.T.);
#1875 = ORIENTED_EDGE('',*,*,#1853,.F.);
#1876 = ORIENTED_EDGE('',*,*,#1506,.F.);
#1877 = PLANE('',#1878);
#1878 = AXIS2_PLACEMENT_3D('',#1879,#1880,#1881);
#1879 = CARTESIAN_POINT('',(2.5,0.525,7.));
#1880 = DIRECTION('',(0.,0.,1.));
#1881 = DIRECTION('',(1.,0.,0.));
#1882 = ADVANCED_FACE('',(#1883),#1894,.F.);
#1883 = FACE_BOUND('',#1884,.F.);
#1884 = EDGE_LOOP('',(#1885,#1886,#1887,#1888));
#1885 = ORIENTED_EDGE('',*,*,#1498,.F.);
#1886 = ORIENTED_EDGE('',*,*,#1869,.T.);
#1887 = ORIENTED_EDGE('',*,*,#727,.T.);
#1888 = ORIENTED_EDGE('',*,*,#1889,.F.);
#1889 = EDGE_CURVE('',#1491,#720,#1890,.T.);
#1890 = LINE('',#1891,#1892);
#1891 = CARTESIAN_POINT('',(1.05,7.105427357601E-16,3.2));
#1892 = VECTOR('',#1893,1.);
#1893 = DIRECTION('',(0.,-1.,2.22044604925E-16));
#1894 = PLANE('',#1895);
#1895 = AXIS2_PLACEMENT_3D('',#1896,#1897,#1898);
#1896 = CARTESIAN_POINT('',(1.05,1.554312234475E-15,7.));
#1897 = DIRECTION('',(1.,0.,0.));
#1898 = DIRECTION('',(0.,-2.22044604925E-16,-1.));
#1899 = ADVANCED_FACE('',(#1900),#1911,.F.);
#1900 = FACE_BOUND('',#1901,.F.);
#1901 = EDGE_LOOP('',(#1902,#1903,#1904,#1905));
#1902 = ORIENTED_EDGE('',*,*,#1490,.F.);
#1903 = ORIENTED_EDGE('',*,*,#1889,.T.);
#1904 = ORIENTED_EDGE('',*,*,#719,.T.);
#1905 = ORIENTED_EDGE('',*,*,#1906,.F.);
#1906 = EDGE_CURVE('',#1482,#711,#1907,.T.);
#1907 = LINE('',#1908,#1909);
#1908 = CARTESIAN_POINT('',(-0.1,7.105427357601E-16,3.2));
#1909 = VECTOR('',#1910,1.);
#1910 = DIRECTION('',(0.,-1.,2.22044604925E-16));
#1911 = PLANE('',#1912);
#1912 = AXIS2_PLACEMENT_3D('',#1913,#1914,#1915);
#1913 = CARTESIAN_POINT('',(1.05,7.105427357601E-16,3.2));
#1914 = DIRECTION('',(-0.,-2.22044604925E-16,-1.));
#1915 = DIRECTION('',(-1.,0.,0.));
#1916 = ADVANCED_FACE('',(#1917),#1928,.F.);
#1917 = FACE_BOUND('',#1918,.T.);
#1918 = EDGE_LOOP('',(#1919,#1920,#1926,#1927));
#1919 = ORIENTED_EDGE('',*,*,#1481,.T.);
#1920 = ORIENTED_EDGE('',*,*,#1921,.T.);
#1921 = EDGE_CURVE('',#1474,#703,#1922,.T.);
#1922 = LINE('',#1923,#1924);
#1923 = CARTESIAN_POINT('',(-0.8,8.659739592076E-16,3.9));
#1924 = VECTOR('',#1925,1.);
#1925 = DIRECTION('',(0.,-1.,2.22044604925E-16));
#1926 = ORIENTED_EDGE('',*,*,#710,.F.);
#1927 = ORIENTED_EDGE('',*,*,#1906,.F.);
#1928 = CYLINDRICAL_SURFACE('',#1929,0.7);
#1929 = AXIS2_PLACEMENT_3D('',#1930,#1931,#1932);
#1930 = CARTESIAN_POINT('',(-0.1,8.659739592076E-16,3.9));
#1931 = DIRECTION('',(0.,1.,-2.22044604925E-16));
#1932 = DIRECTION('',(1.,0.,0.));
#1933 = ADVANCED_FACE('',(#1934),#1945,.F.);
#1934 = FACE_BOUND('',#1935,.F.);
#1935 = EDGE_LOOP('',(#1936,#1937,#1938,#1939));
#1936 = ORIENTED_EDGE('',*,*,#1473,.F.);
#1937 = ORIENTED_EDGE('',*,*,#1921,.T.);
#1938 = ORIENTED_EDGE('',*,*,#702,.T.);
#1939 = ORIENTED_EDGE('',*,*,#1940,.F.);
#1940 = EDGE_CURVE('',#1466,#695,#1941,.T.);
#1941 = LINE('',#1942,#1943);
#1942 = CARTESIAN_POINT('',(-0.8,1.33226762955E-15,6.));
#1943 = VECTOR('',#1944,1.);
#1944 = DIRECTION('',(0.,-1.,2.22044604925E-16));
#1945 = PLANE('',#1946);
#1946 = AXIS2_PLACEMENT_3D('',#1947,#1948,#1949);
#1947 = CARTESIAN_POINT('',(-0.8,8.659739592076E-16,3.9));
#1948 = DIRECTION('',(-1.,0.,0.));
#1949 = DIRECTION('',(0.,2.22044604925E-16,1.));
#1950 = ADVANCED_FACE('',(#1951),#1962,.F.);
#1951 = FACE_BOUND('',#1952,.F.);
#1952 = EDGE_LOOP('',(#1953,#1954,#1955,#1956));
#1953 = ORIENTED_EDGE('',*,*,#1465,.F.);
#1954 = ORIENTED_EDGE('',*,*,#1940,.T.);
#1955 = ORIENTED_EDGE('',*,*,#694,.T.);
#1956 = ORIENTED_EDGE('',*,*,#1957,.F.);
#1957 = EDGE_CURVE('',#1458,#687,#1958,.T.);
#1958 = LINE('',#1959,#1960);
#1959 = CARTESIAN_POINT('',(-0.4,1.42108547152E-15,6.4));
#1960 = VECTOR('',#1961,1.);
#1961 = DIRECTION('',(0.,-1.,2.22044604925E-16));
#1962 = PLANE('',#1963);
#1963 = AXIS2_PLACEMENT_3D('',#1964,#1965,#1966);
#1964 = CARTESIAN_POINT('',(-0.8,1.33226762955E-15,6.));
#1965 = DIRECTION('',(-0.707106781187,1.570092458684E-16,0.707106781187)
  );
#1966 = DIRECTION('',(0.707106781187,1.570092458684E-16,0.707106781187)
  );
#1967 = ADVANCED_FACE('',(#1968),#1979,.F.);
#1968 = FACE_BOUND('',#1969,.F.);
#1969 = EDGE_LOOP('',(#1970,#1971,#1972,#1973));
#1970 = ORIENTED_EDGE('',*,*,#1457,.F.);
#1971 = ORIENTED_EDGE('',*,*,#1957,.T.);
#1972 = ORIENTED_EDGE('',*,*,#686,.T.);
#1973 = ORIENTED_EDGE('',*,*,#1974,.F.);
#1974 = EDGE_CURVE('',#1450,#679,#1975,.T.);
#1975 = LINE('',#1976,#1977);
#1976 = CARTESIAN_POINT('',(-0.8,1.50990331349E-15,6.8));
#1977 = VECTOR('',#1978,1.);
#1978 = DIRECTION('',(0.,-1.,2.22044604925E-16));
#1979 = PLANE('',#1980);
#1980 = AXIS2_PLACEMENT_3D('',#1981,#1982,#1983);
#1981 = CARTESIAN_POINT('',(-0.4,1.42108547152E-15,6.4));
#1982 = DIRECTION('',(-0.707106781187,-1.570092458684E-16,
    -0.707106781187));
#1983 = DIRECTION('',(-0.707106781187,1.570092458684E-16,0.707106781187)
  );
#1984 = ADVANCED_FACE('',(#1985),#1991,.F.);
#1985 = FACE_BOUND('',#1986,.F.);
#1986 = EDGE_LOOP('',(#1987,#1988,#1989,#1990));
#1987 = ORIENTED_EDGE('',*,*,#1449,.F.);
#1988 = ORIENTED_EDGE('',*,*,#1974,.T.);
#1989 = ORIENTED_EDGE('',*,*,#678,.T.);
#1990 = ORIENTED_EDGE('',*,*,#917,.F.);
#1991 = PLANE('',#1992);
#1992 = AXIS2_PLACEMENT_3D('',#1993,#1994,#1995);
#1993 = CARTESIAN_POINT('',(-0.8,1.50990331349E-15,6.8));
#1994 = DIRECTION('',(-1.,0.,0.));
#1995 = DIRECTION('',(0.,2.22044604925E-16,1.));
#1996 = ADVANCED_FACE('',(#1997,#2003),#2037,.T.);
#1997 = FACE_BOUND('',#1998,.T.);
#1998 = EDGE_LOOP('',(#1999,#2000,#2001,#2002));
#1999 = ORIENTED_EDGE('',*,*,#1735,.T.);
#2000 = ORIENTED_EDGE('',*,*,#1125,.T.);
#2001 = ORIENTED_EDGE('',*,*,#1093,.F.);
#2002 = ORIENTED_EDGE('',*,*,#1068,.F.);
#2003 = FACE_BOUND('',#2004,.T.);
#2004 = EDGE_LOOP('',(#2005,#2015,#2023,#2031));
#2005 = ORIENTED_EDGE('',*,*,#2006,.F.);
#2006 = EDGE_CURVE('',#2007,#2009,#2011,.T.);
#2007 = VERTEX_POINT('',#2008);
#2008 = CARTESIAN_POINT('',(5.32,-0.32,0.2));
#2009 = VERTEX_POINT('',#2010);
#2010 = CARTESIAN_POINT('',(4.68,-0.32,0.2));
#2011 = LINE('',#2012,#2013);
#2012 = CARTESIAN_POINT('',(5.635,-0.32,0.2));
#2013 = VECTOR('',#2014,1.);
#2014 = DIRECTION('',(-1.,-0.,-0.));
#2015 = ORIENTED_EDGE('',*,*,#2016,.F.);
#2016 = EDGE_CURVE('',#2017,#2007,#2019,.T.);
#2017 = VERTEX_POINT('',#2018);
#2018 = CARTESIAN_POINT('',(5.32,0.32,0.2));
#2019 = LINE('',#2020,#2021);
#2020 = CARTESIAN_POINT('',(5.32,-0.5,0.2));
#2021 = VECTOR('',#2022,1.);
#2022 = DIRECTION('',(0.,-1.,0.));
#2023 = ORIENTED_EDGE('',*,*,#2024,.F.);
#2024 = EDGE_CURVE('',#2025,#2017,#2027,.T.);
#2025 = VERTEX_POINT('',#2026);
#2026 = CARTESIAN_POINT('',(4.68,0.32,0.2));
#2027 = LINE('',#2028,#2029);
#2028 = CARTESIAN_POINT('',(5.635,0.32,0.2));
#2029 = VECTOR('',#2030,1.);
#2030 = DIRECTION('',(1.,0.,0.));
#2031 = ORIENTED_EDGE('',*,*,#2032,.T.);
#2032 = EDGE_CURVE('',#2025,#2009,#2033,.T.);
#2033 = LINE('',#2034,#2035);
#2034 = CARTESIAN_POINT('',(4.68,-0.5,0.2));
#2035 = VECTOR('',#2036,1.);
#2036 = DIRECTION('',(0.,-1.,0.));
#2037 = PLANE('',#2038);
#2038 = AXIS2_PLACEMENT_3D('',#2039,#2040,#2041);
#2039 = CARTESIAN_POINT('',(5.95,-1.,0.2));
#2040 = DIRECTION('',(0.,0.,-1.));
#2041 = DIRECTION('',(0.,1.,0.));
#2042 = ADVANCED_FACE('',(#2043,#2049),#2083,.T.);
#2043 = FACE_BOUND('',#2044,.T.);
#2044 = EDGE_LOOP('',(#2045,#2046,#2047,#2048));
#2045 = ORIENTED_EDGE('',*,*,#1701,.T.);
#2046 = ORIENTED_EDGE('',*,*,#1173,.T.);
#2047 = ORIENTED_EDGE('',*,*,#1231,.F.);
#2048 = ORIENTED_EDGE('',*,*,#1287,.F.);
#2049 = FACE_BOUND('',#2050,.T.);
#2050 = EDGE_LOOP('',(#2051,#2061,#2069,#2077));
#2051 = ORIENTED_EDGE('',*,*,#2052,.F.);
#2052 = EDGE_CURVE('',#2053,#2055,#2057,.T.);
#2053 = VERTEX_POINT('',#2054);
#2054 = CARTESIAN_POINT('',(0.32,-0.32,0.2));
#2055 = VERTEX_POINT('',#2056);
#2056 = CARTESIAN_POINT('',(-0.32,-0.32,0.2));
#2057 = LINE('',#2058,#2059);
#2058 = CARTESIAN_POINT('',(0.635,-0.32,0.2));
#2059 = VECTOR('',#2060,1.);
#2060 = DIRECTION('',(-1.,-0.,-0.));
#2061 = ORIENTED_EDGE('',*,*,#2062,.F.);
#2062 = EDGE_CURVE('',#2063,#2053,#2065,.T.);
#2063 = VERTEX_POINT('',#2064);
#2064 = CARTESIAN_POINT('',(0.32,0.32,0.2));
#2065 = LINE('',#2066,#2067);
#2066 = CARTESIAN_POINT('',(0.32,-0.5,0.2));
#2067 = VECTOR('',#2068,1.);
#2068 = DIRECTION('',(0.,-1.,0.));
#2069 = ORIENTED_EDGE('',*,*,#2070,.F.);
#2070 = EDGE_CURVE('',#2071,#2063,#2073,.T.);
#2071 = VERTEX_POINT('',#2072);
#2072 = CARTESIAN_POINT('',(-0.32,0.32,0.2));
#2073 = LINE('',#2074,#2075);
#2074 = CARTESIAN_POINT('',(0.635,0.32,0.2));
#2075 = VECTOR('',#2076,1.);
#2076 = DIRECTION('',(1.,0.,0.));
#2077 = ORIENTED_EDGE('',*,*,#2078,.T.);
#2078 = EDGE_CURVE('',#2071,#2055,#2079,.T.);
#2079 = LINE('',#2080,#2081);
#2080 = CARTESIAN_POINT('',(-0.32,-0.5,0.2));
#2081 = VECTOR('',#2082,1.);
#2082 = DIRECTION('',(0.,-1.,0.));
#2083 = PLANE('',#2084);
#2084 = AXIS2_PLACEMENT_3D('',#2085,#2086,#2087);
#2085 = CARTESIAN_POINT('',(0.95,-1.,0.2));
#2086 = DIRECTION('',(0.,0.,-1.));
#2087 = DIRECTION('',(0.,1.,0.));
#2088 = ADVANCED_FACE('',(#2089,#2095),#2129,.T.);
#2089 = FACE_BOUND('',#2090,.T.);
#2090 = EDGE_LOOP('',(#2091,#2092,#2093,#2094));
#2091 = ORIENTED_EDGE('',*,*,#1718,.T.);
#2092 = ORIENTED_EDGE('',*,*,#1318,.T.);
#2093 = ORIENTED_EDGE('',*,*,#1255,.F.);
#2094 = ORIENTED_EDGE('',*,*,#1206,.F.);
#2095 = FACE_BOUND('',#2096,.T.);
#2096 = EDGE_LOOP('',(#2097,#2107,#2115,#2123));
#2097 = ORIENTED_EDGE('',*,*,#2098,.F.);
#2098 = EDGE_CURVE('',#2099,#2101,#2103,.T.);
#2099 = VERTEX_POINT('',#2100);
#2100 = CARTESIAN_POINT('',(2.82,-0.32,0.2));
#2101 = VERTEX_POINT('',#2102);
#2102 = CARTESIAN_POINT('',(2.18,-0.32,0.2));
#2103 = LINE('',#2104,#2105);
#2104 = CARTESIAN_POINT('',(3.135,-0.32,0.2));
#2105 = VECTOR('',#2106,1.);
#2106 = DIRECTION('',(-1.,-0.,-0.));
#2107 = ORIENTED_EDGE('',*,*,#2108,.F.);
#2108 = EDGE_CURVE('',#2109,#2099,#2111,.T.);
#2109 = VERTEX_POINT('',#2110);
#2110 = CARTESIAN_POINT('',(2.82,0.32,0.2));
#2111 = LINE('',#2112,#2113);
#2112 = CARTESIAN_POINT('',(2.82,-0.5,0.2));
#2113 = VECTOR('',#2114,1.);
#2114 = DIRECTION('',(0.,-1.,0.));
#2115 = ORIENTED_EDGE('',*,*,#2116,.F.);
#2116 = EDGE_CURVE('',#2117,#2109,#2119,.T.);
#2117 = VERTEX_POINT('',#2118);
#2118 = CARTESIAN_POINT('',(2.18,0.32,0.2));
#2119 = LINE('',#2120,#2121);
#2120 = CARTESIAN_POINT('',(3.135,0.32,0.2));
#2121 = VECTOR('',#2122,1.);
#2122 = DIRECTION('',(1.,0.,0.));
#2123 = ORIENTED_EDGE('',*,*,#2124,.T.);
#2124 = EDGE_CURVE('',#2117,#2101,#2125,.T.);
#2125 = LINE('',#2126,#2127);
#2126 = CARTESIAN_POINT('',(2.18,-0.5,0.2));
#2127 = VECTOR('',#2128,1.);
#2128 = DIRECTION('',(0.,-1.,0.));
#2129 = PLANE('',#2130);
#2130 = AXIS2_PLACEMENT_3D('',#2131,#2132,#2133);
#2131 = CARTESIAN_POINT('',(3.45,-1.,0.2));
#2132 = DIRECTION('',(0.,0.,-1.));
#2133 = DIRECTION('',(0.,1.,0.));
#2134 = ADVANCED_FACE('',(#2135),#2151,.F.);
#2135 = FACE_BOUND('',#2136,.F.);
#2136 = EDGE_LOOP('',(#2137,#2143,#2144,#2150));
#2137 = ORIENTED_EDGE('',*,*,#2138,.F.);
#2138 = EDGE_CURVE('',#1594,#2007,#2139,.T.);
#2139 = LINE('',#2140,#2141);
#2140 = CARTESIAN_POINT('',(5.32,-0.32,2.711519));
#2141 = VECTOR('',#2142,1.);
#2142 = DIRECTION('',(0.,0.,-1.));
#2143 = ORIENTED_EDGE('',*,*,#1591,.F.);
#2144 = ORIENTED_EDGE('',*,*,#2145,.T.);
#2145 = EDGE_CURVE('',#1592,#2009,#2146,.T.);
#2146 = LINE('',#2147,#2148);
#2147 = CARTESIAN_POINT('',(4.68,-0.32,2.711519));
#2148 = VECTOR('',#2149,1.);
#2149 = DIRECTION('',(0.,0.,-1.));
#2150 = ORIENTED_EDGE('',*,*,#2006,.F.);
#2151 = PLANE('',#2152);
#2152 = AXIS2_PLACEMENT_3D('',#2153,#2154,#2155);
#2153 = CARTESIAN_POINT('',(5.32,-0.32,2.711519));
#2154 = DIRECTION('',(0.,-1.,0.));
#2155 = DIRECTION('',(0.,0.,-1.));
#2156 = ADVANCED_FACE('',(#2157),#2168,.F.);
#2157 = FACE_BOUND('',#2158,.F.);
#2158 = EDGE_LOOP('',(#2159,#2160,#2161,#2162));
#2159 = ORIENTED_EDGE('',*,*,#1617,.F.);
#2160 = ORIENTED_EDGE('',*,*,#2138,.T.);
#2161 = ORIENTED_EDGE('',*,*,#2016,.F.);
#2162 = ORIENTED_EDGE('',*,*,#2163,.T.);
#2163 = EDGE_CURVE('',#2017,#1610,#2164,.T.);
#2164 = LINE('',#2165,#2166);
#2165 = CARTESIAN_POINT('',(5.32,0.32,-0.538043));
#2166 = VECTOR('',#2167,1.);
#2167 = DIRECTION('',(0.,0.,1.));
#2168 = PLANE('',#2169);
#2169 = AXIS2_PLACEMENT_3D('',#2170,#2171,#2172);
#2170 = CARTESIAN_POINT('',(5.32,0.,1.086738));
#2171 = DIRECTION('',(1.,0.,0.));
#2172 = DIRECTION('',(0.,0.,1.));
#2173 = ADVANCED_FACE('',(#2174),#2185,.F.);
#2174 = FACE_BOUND('',#2175,.F.);
#2175 = EDGE_LOOP('',(#2176,#2177,#2178,#2184));
#2176 = ORIENTED_EDGE('',*,*,#2163,.F.);
#2177 = ORIENTED_EDGE('',*,*,#2024,.F.);
#2178 = ORIENTED_EDGE('',*,*,#2179,.T.);
#2179 = EDGE_CURVE('',#2025,#1602,#2180,.T.);
#2180 = LINE('',#2181,#2182);
#2181 = CARTESIAN_POINT('',(4.68,0.32,-0.538043));
#2182 = VECTOR('',#2183,1.);
#2183 = DIRECTION('',(0.,0.,1.));
#2184 = ORIENTED_EDGE('',*,*,#1609,.F.);
#2185 = PLANE('',#2186);
#2186 = AXIS2_PLACEMENT_3D('',#2187,#2188,#2189);
#2187 = CARTESIAN_POINT('',(5.32,0.32,-0.538043));
#2188 = DIRECTION('',(0.,1.,0.));
#2189 = DIRECTION('',(0.,0.,1.));
#2190 = ADVANCED_FACE('',(#2191),#2197,.T.);
#2191 = FACE_BOUND('',#2192,.T.);
#2192 = EDGE_LOOP('',(#2193,#2194,#2195,#2196));
#2193 = ORIENTED_EDGE('',*,*,#1601,.F.);
#2194 = ORIENTED_EDGE('',*,*,#2145,.T.);
#2195 = ORIENTED_EDGE('',*,*,#2032,.F.);
#2196 = ORIENTED_EDGE('',*,*,#2179,.T.);
#2197 = PLANE('',#2198);
#2198 = AXIS2_PLACEMENT_3D('',#2199,#2200,#2201);
#2199 = CARTESIAN_POINT('',(4.68,0.,1.086738));
#2200 = DIRECTION('',(1.,0.,0.));
#2201 = DIRECTION('',(0.,0.,1.));
#2202 = ADVANCED_FACE('',(#2203),#2219,.F.);
#2203 = FACE_BOUND('',#2204,.F.);
#2204 = EDGE_LOOP('',(#2205,#2211,#2212,#2218));
#2205 = ORIENTED_EDGE('',*,*,#2206,.F.);
#2206 = EDGE_CURVE('',#1628,#2099,#2207,.T.);
#2207 = LINE('',#2208,#2209);
#2208 = CARTESIAN_POINT('',(2.82,-0.32,2.711519));
#2209 = VECTOR('',#2210,1.);
#2210 = DIRECTION('',(0.,0.,-1.));
#2211 = ORIENTED_EDGE('',*,*,#1625,.F.);
#2212 = ORIENTED_EDGE('',*,*,#2213,.T.);
#2213 = EDGE_CURVE('',#1626,#2101,#2214,.T.);
#2214 = LINE('',#2215,#2216);
#2215 = CARTESIAN_POINT('',(2.18,-0.32,2.711519));
#2216 = VECTOR('',#2217,1.);
#2217 = DIRECTION('',(0.,0.,-1.));
#2218 = ORIENTED_EDGE('',*,*,#2098,.F.);
#2219 = PLANE('',#2220);
#2220 = AXIS2_PLACEMENT_3D('',#2221,#2222,#2223);
#2221 = CARTESIAN_POINT('',(2.82,-0.32,2.711519));
#2222 = DIRECTION('',(0.,-1.,0.));
#2223 = DIRECTION('',(0.,0.,-1.));
#2224 = ADVANCED_FACE('',(#2225),#2236,.F.);
#2225 = FACE_BOUND('',#2226,.F.);
#2226 = EDGE_LOOP('',(#2227,#2228,#2229,#2230));
#2227 = ORIENTED_EDGE('',*,*,#1651,.F.);
#2228 = ORIENTED_EDGE('',*,*,#2206,.T.);
#2229 = ORIENTED_EDGE('',*,*,#2108,.F.);
#2230 = ORIENTED_EDGE('',*,*,#2231,.T.);
#2231 = EDGE_CURVE('',#2109,#1644,#2232,.T.);
#2232 = LINE('',#2233,#2234);
#2233 = CARTESIAN_POINT('',(2.82,0.32,-0.538043));
#2234 = VECTOR('',#2235,1.);
#2235 = DIRECTION('',(0.,0.,1.));
#2236 = PLANE('',#2237);
#2237 = AXIS2_PLACEMENT_3D('',#2238,#2239,#2240);
#2238 = CARTESIAN_POINT('',(2.82,0.,1.086738));
#2239 = DIRECTION('',(1.,0.,0.));
#2240 = DIRECTION('',(0.,0.,1.));
#2241 = ADVANCED_FACE('',(#2242),#2253,.F.);
#2242 = FACE_BOUND('',#2243,.F.);
#2243 = EDGE_LOOP('',(#2244,#2245,#2246,#2252));
#2244 = ORIENTED_EDGE('',*,*,#2231,.F.);
#2245 = ORIENTED_EDGE('',*,*,#2116,.F.);
#2246 = ORIENTED_EDGE('',*,*,#2247,.T.);
#2247 = EDGE_CURVE('',#2117,#1636,#2248,.T.);
#2248 = LINE('',#2249,#2250);
#2249 = CARTESIAN_POINT('',(2.18,0.32,-0.538043));
#2250 = VECTOR('',#2251,1.);
#2251 = DIRECTION('',(0.,0.,1.));
#2252 = ORIENTED_EDGE('',*,*,#1643,.F.);
#2253 = PLANE('',#2254);
#2254 = AXIS2_PLACEMENT_3D('',#2255,#2256,#2257);
#2255 = CARTESIAN_POINT('',(2.82,0.32,-0.538043));
#2256 = DIRECTION('',(0.,1.,0.));
#2257 = DIRECTION('',(0.,0.,1.));
#2258 = ADVANCED_FACE('',(#2259),#2265,.T.);
#2259 = FACE_BOUND('',#2260,.T.);
#2260 = EDGE_LOOP('',(#2261,#2262,#2263,#2264));
#2261 = ORIENTED_EDGE('',*,*,#1635,.F.);
#2262 = ORIENTED_EDGE('',*,*,#2213,.T.);
#2263 = ORIENTED_EDGE('',*,*,#2124,.F.);
#2264 = ORIENTED_EDGE('',*,*,#2247,.T.);
#2265 = PLANE('',#2266);
#2266 = AXIS2_PLACEMENT_3D('',#2267,#2268,#2269);
#2267 = CARTESIAN_POINT('',(2.18,0.,1.086738));
#2268 = DIRECTION('',(1.,0.,0.));
#2269 = DIRECTION('',(0.,0.,1.));
#2270 = ADVANCED_FACE('',(#2271),#2287,.F.);
#2271 = FACE_BOUND('',#2272,.F.);
#2272 = EDGE_LOOP('',(#2273,#2279,#2280,#2286));
#2273 = ORIENTED_EDGE('',*,*,#2274,.F.);
#2274 = EDGE_CURVE('',#1662,#2053,#2275,.T.);
#2275 = LINE('',#2276,#2277);
#2276 = CARTESIAN_POINT('',(0.32,-0.32,2.711519));
#2277 = VECTOR('',#2278,1.);
#2278 = DIRECTION('',(0.,0.,-1.));
#2279 = ORIENTED_EDGE('',*,*,#1659,.F.);
#2280 = ORIENTED_EDGE('',*,*,#2281,.T.);
#2281 = EDGE_CURVE('',#1660,#2055,#2282,.T.);
#2282 = LINE('',#2283,#2284);
#2283 = CARTESIAN_POINT('',(-0.32,-0.32,2.711519));
#2284 = VECTOR('',#2285,1.);
#2285 = DIRECTION('',(0.,0.,-1.));
#2286 = ORIENTED_EDGE('',*,*,#2052,.F.);
#2287 = PLANE('',#2288);
#2288 = AXIS2_PLACEMENT_3D('',#2289,#2290,#2291);
#2289 = CARTESIAN_POINT('',(0.32,-0.32,2.711519));
#2290 = DIRECTION('',(0.,-1.,0.));
#2291 = DIRECTION('',(0.,0.,-1.));
#2292 = ADVANCED_FACE('',(#2293),#2304,.T.);
#2293 = FACE_BOUND('',#2294,.T.);
#2294 = EDGE_LOOP('',(#2295,#2296,#2297,#2298));
#2295 = ORIENTED_EDGE('',*,*,#1669,.F.);
#2296 = ORIENTED_EDGE('',*,*,#2281,.T.);
#2297 = ORIENTED_EDGE('',*,*,#2078,.F.);
#2298 = ORIENTED_EDGE('',*,*,#2299,.T.);
#2299 = EDGE_CURVE('',#2071,#1670,#2300,.T.);
#2300 = LINE('',#2301,#2302);
#2301 = CARTESIAN_POINT('',(-0.32,0.32,-0.538043));
#2302 = VECTOR('',#2303,1.);
#2303 = DIRECTION('',(0.,0.,1.));
#2304 = PLANE('',#2305);
#2305 = AXIS2_PLACEMENT_3D('',#2306,#2307,#2308);
#2306 = CARTESIAN_POINT('',(-0.32,0.,1.086738));
#2307 = DIRECTION('',(1.,0.,0.));
#2308 = DIRECTION('',(0.,0.,1.));
#2309 = ADVANCED_FACE('',(#2310),#2321,.F.);
#2310 = FACE_BOUND('',#2311,.F.);
#2311 = EDGE_LOOP('',(#2312,#2313,#2314,#2315));
#2312 = ORIENTED_EDGE('',*,*,#1685,.F.);
#2313 = ORIENTED_EDGE('',*,*,#2274,.T.);
#2314 = ORIENTED_EDGE('',*,*,#2062,.F.);
#2315 = ORIENTED_EDGE('',*,*,#2316,.T.);
#2316 = EDGE_CURVE('',#2063,#1678,#2317,.T.);
#2317 = LINE('',#2318,#2319);
#2318 = CARTESIAN_POINT('',(0.32,0.32,-0.538043));
#2319 = VECTOR('',#2320,1.);
#2320 = DIRECTION('',(0.,0.,1.));
#2321 = PLANE('',#2322);
#2322 = AXIS2_PLACEMENT_3D('',#2323,#2324,#2325);
#2323 = CARTESIAN_POINT('',(0.32,0.,1.086738));
#2324 = DIRECTION('',(1.,0.,0.));
#2325 = DIRECTION('',(0.,0.,1.));
#2326 = ADVANCED_FACE('',(#2327),#2333,.F.);
#2327 = FACE_BOUND('',#2328,.F.);
#2328 = EDGE_LOOP('',(#2329,#2330,#2331,#2332));
#2329 = ORIENTED_EDGE('',*,*,#2316,.F.);
#2330 = ORIENTED_EDGE('',*,*,#2070,.F.);
#2331 = ORIENTED_EDGE('',*,*,#2299,.T.);
#2332 = ORIENTED_EDGE('',*,*,#1677,.F.);
#2333 = PLANE('',#2334);
#2334 = AXIS2_PLACEMENT_3D('',#2335,#2336,#2337);
#2335 = CARTESIAN_POINT('',(0.32,0.32,-0.538043));
#2336 = DIRECTION('',(0.,1.,0.));
#2337 = DIRECTION('',(0.,0.,1.));
#2338 = ( GEOMETRIC_REPRESENTATION_CONTEXT(3) 
GLOBAL_UNCERTAINTY_ASSIGNED_CONTEXT((#2342)) 
GLOBAL_UNIT_ASSIGNED_CONTEXT((#2339,#2340,#2341)) REPRESENTATION_CONTEXT
('Context #1','3D Context with UNIT and UNCERTAINTY') );
#2339 = ( LENGTH_UNIT() NAMED_UNIT(*) SI_UNIT(.MILLI.,.METRE.) );
#2340 = ( NAMED_UNIT(*) PLANE_ANGLE_UNIT() SI_UNIT($,.RADIAN.) );
#2341 = ( NAMED_UNIT(*) SI_UNIT($,.STERADIAN.) SOLID_ANGLE_UNIT() );
#2342 = UNCERTAINTY_MEASURE_WITH_UNIT(LENGTH_MEASURE(5.E-06),#2339,
  'distance_accuracy_value','confusion accuracy');
#2343 = CONTEXT_DEPENDENT_SHAPE_REPRESENTATION(#2344,#2346);
#2344 = ( REPRESENTATION_RELATIONSHIP('','',#36,#10) 
REPRESENTATION_RELATIONSHIP_WITH_TRANSFORMATION(#2345) 
SHAPE_REPRESENTATION_RELATIONSHIP() );
#2345 = ITEM_DEFINED_TRANSFORMATION('','',#11,#15);
#2346 = PRODUCT_DEFINITION_SHAPE('Placement','Placement of an item',
  #2347);
#2347 = NEXT_ASSEMBLY_USAGE_OCCURRENCE('1','Top_entry_base','',#5,#31,$
  );
#2348 = PRODUCT_RELATED_PRODUCT_CATEGORY('part',$,(#33));
#2349 = SHAPE_DEFINITION_REPRESENTATION(#2350,#2356);
#2350 = PRODUCT_DEFINITION_SHAPE('','',#2351);
#2351 = PRODUCT_DEFINITION('design','',#2352,#2355);
#2352 = PRODUCT_DEFINITION_FORMATION('','',#2353);
#2353 = PRODUCT('male_pins array','male_pins array','',(#2354));
#2354 = PRODUCT_CONTEXT('',#2,'mechanical');
#2355 = PRODUCT_DEFINITION_CONTEXT('part definition',#2,'design');
#2356 = SHAPE_REPRESENTATION('',(#11,#2357,#2361,#2365),#2369);
#2357 = AXIS2_PLACEMENT_3D('',#2358,#2359,#2360);
#2358 = CARTESIAN_POINT('',(0.,0.,0.));
#2359 = DIRECTION('',(0.,0.,1.));
#2360 = DIRECTION('',(1.,0.,0.));
#2361 = AXIS2_PLACEMENT_3D('',#2362,#2363,#2364);
#2362 = CARTESIAN_POINT('',(2.5,0.,0.));
#2363 = DIRECTION('',(0.,0.,1.));
#2364 = DIRECTION('',(1.,0.,0.));
#2365 = AXIS2_PLACEMENT_3D('',#2366,#2367,#2368);
#2366 = CARTESIAN_POINT('',(5.,0.,0.));
#2367 = DIRECTION('',(0.,0.,1.));
#2368 = DIRECTION('',(1.,0.,0.));
#2369 = ( GEOMETRIC_REPRESENTATION_CONTEXT(3) 
GLOBAL_UNCERTAINTY_ASSIGNED_CONTEXT((#2373)) 
GLOBAL_UNIT_ASSIGNED_CONTEXT((#2370,#2371,#2372)) REPRESENTATION_CONTEXT
('Context #1','3D Context with UNIT and UNCERTAINTY') );
#2370 = ( LENGTH_UNIT() NAMED_UNIT(*) SI_UNIT(.MILLI.,.METRE.) );
#2371 = ( NAMED_UNIT(*) PLANE_ANGLE_UNIT() SI_UNIT($,.RADIAN.) );
#2372 = ( NAMED_UNIT(*) SI_UNIT($,.STERADIAN.) SOLID_ANGLE_UNIT() );
#2373 = UNCERTAINTY_MEASURE_WITH_UNIT(LENGTH_MEASURE(1.E-07),#2370,
  'distance_accuracy_value','confusion accuracy');
#2374 = CONTEXT_DEPENDENT_SHAPE_REPRESENTATION(#2375,#2377);
#2375 = ( REPRESENTATION_RELATIONSHIP('','',#2356,#10) 
REPRESENTATION_RELATIONSHIP_WITH_TRANSFORMATION(#2376) 
SHAPE_REPRESENTATION_RELATIONSHIP() );
#2376 = ITEM_DEFINED_TRANSFORMATION('','',#11,#19);
#2377 = PRODUCT_DEFINITION_SHAPE('Placement','Placement of an item',
  #2378);
#2378 = NEXT_ASSEMBLY_USAGE_OCCURRENCE('5','male_pins array','',#5,#2351
  ,$);
#2379 = PRODUCT_RELATED_PRODUCT_CATEGORY('part',$,(#2353));
#2380 = SHAPE_DEFINITION_REPRESENTATION(#2381,#2387);
#2381 = PRODUCT_DEFINITION_SHAPE('','',#2382);
#2382 = PRODUCT_DEFINITION('design','',#2383,#2386);
#2383 = PRODUCT_DEFINITION_FORMATION('','',#2384);
#2384 = PRODUCT('Pin','Pin','',(#2385));
#2385 = PRODUCT_CONTEXT('',#2,'mechanical');
#2386 = PRODUCT_DEFINITION_CONTEXT('part definition',#2,'design');
#2387 = ADVANCED_BREP_SHAPE_REPRESENTATION('',(#11,#2388),#2730);
#2388 = MANIFOLD_SOLID_BREP('',#2389);
#2389 = CLOSED_SHELL('',(#2390,#2430,#2461,#2485,#2509,#2526,#2557,#2581
    ,#2605,#2622,#2653,#2677,#2701,#2718));
#2390 = ADVANCED_FACE('',(#2391),#2425,.F.);
#2391 = FACE_BOUND('',#2392,.F.);
#2392 = EDGE_LOOP('',(#2393,#2403,#2411,#2419));
#2393 = ORIENTED_EDGE('',*,*,#2394,.T.);
#2394 = EDGE_CURVE('',#2395,#2397,#2399,.T.);
#2395 = VERTEX_POINT('',#2396);
#2396 = CARTESIAN_POINT('',(-0.12,0.12,6.8));
#2397 = VERTEX_POINT('',#2398);
#2398 = CARTESIAN_POINT('',(0.12,0.12,6.8));
#2399 = LINE('',#2400,#2401);
#2400 = CARTESIAN_POINT('',(-0.32,0.12,6.8));
#2401 = VECTOR('',#2402,1.);
#2402 = DIRECTION('',(1.,0.,0.));
#2403 = ORIENTED_EDGE('',*,*,#2404,.T.);
#2404 = EDGE_CURVE('',#2397,#2405,#2407,.T.);
#2405 = VERTEX_POINT('',#2406);
#2406 = CARTESIAN_POINT('',(0.12,-0.12,6.8));
#2407 = LINE('',#2408,#2409);
#2408 = CARTESIAN_POINT('',(0.12,0.32,6.8));
#2409 = VECTOR('',#2410,1.);
#2410 = DIRECTION('',(0.,-1.,0.));
#2411 = ORIENTED_EDGE('',*,*,#2412,.F.);
#2412 = EDGE_CURVE('',#2413,#2405,#2415,.T.);
#2413 = VERTEX_POINT('',#2414);
#2414 = CARTESIAN_POINT('',(-0.12,-0.12,6.8));
#2415 = LINE('',#2416,#2417);
#2416 = CARTESIAN_POINT('',(-0.32,-0.12,6.8));
#2417 = VECTOR('',#2418,1.);
#2418 = DIRECTION('',(1.,0.,0.));
#2419 = ORIENTED_EDGE('',*,*,#2420,.F.);
#2420 = EDGE_CURVE('',#2395,#2413,#2421,.T.);
#2421 = LINE('',#2422,#2423);
#2422 = CARTESIAN_POINT('',(-0.12,0.32,6.8));
#2423 = VECTOR('',#2424,1.);
#2424 = DIRECTION('',(0.,-1.,0.));
#2425 = PLANE('',#2426);
#2426 = AXIS2_PLACEMENT_3D('',#2427,#2428,#2429);
#2427 = CARTESIAN_POINT('',(-0.32,0.32,6.8));
#2428 = DIRECTION('',(0.,0.,-1.));
#2429 = DIRECTION('',(0.,-1.,0.));
#2430 = ADVANCED_FACE('',(#2431),#2456,.T.);
#2431 = FACE_BOUND('',#2432,.T.);
#2432 = EDGE_LOOP('',(#2433,#2441,#2442,#2450));
#2433 = ORIENTED_EDGE('',*,*,#2434,.F.);
#2434 = EDGE_CURVE('',#2395,#2435,#2437,.T.);
#2435 = VERTEX_POINT('',#2436);
#2436 = CARTESIAN_POINT('',(-0.32,0.32,6.6));
#2437 = LINE('',#2438,#2439);
#2438 = CARTESIAN_POINT('',(-0.253333333333,0.253333333333,
    6.666666666667));
#2439 = VECTOR('',#2440,1.);
#2440 = DIRECTION('',(-0.57735026919,0.57735026919,-0.57735026919));
#2441 = ORIENTED_EDGE('',*,*,#2394,.T.);
#2442 = ORIENTED_EDGE('',*,*,#2443,.T.);
#2443 = EDGE_CURVE('',#2397,#2444,#2446,.T.);
#2444 = VERTEX_POINT('',#2445);
#2445 = CARTESIAN_POINT('',(0.32,0.32,6.6));
#2446 = LINE('',#2447,#2448);
#2447 = CARTESIAN_POINT('',(0.146666666667,0.146666666667,6.773333333333
    ));
#2448 = VECTOR('',#2449,1.);
#2449 = DIRECTION('',(0.57735026919,0.57735026919,-0.57735026919));
#2450 = ORIENTED_EDGE('',*,*,#2451,.F.);
#2451 = EDGE_CURVE('',#2435,#2444,#2452,.T.);
#2452 = LINE('',#2453,#2454);
#2453 = CARTESIAN_POINT('',(-0.32,0.32,6.6));
#2454 = VECTOR('',#2455,1.);
#2455 = DIRECTION('',(1.,0.,0.));
#2456 = PLANE('',#2457);
#2457 = AXIS2_PLACEMENT_3D('',#2458,#2459,#2460);
#2458 = CARTESIAN_POINT('',(-0.32,0.22,6.7));
#2459 = DIRECTION('',(0.,0.707106781187,0.707106781187));
#2460 = DIRECTION('',(1.,0.,-0.));
#2461 = ADVANCED_FACE('',(#2462),#2480,.T.);
#2462 = FACE_BOUND('',#2463,.F.);
#2463 = EDGE_LOOP('',(#2464,#2465,#2466,#2474));
#2464 = ORIENTED_EDGE('',*,*,#2434,.F.);
#2465 = ORIENTED_EDGE('',*,*,#2420,.T.);
#2466 = ORIENTED_EDGE('',*,*,#2467,.T.);
#2467 = EDGE_CURVE('',#2413,#2468,#2470,.T.);
#2468 = VERTEX_POINT('',#2469);
#2469 = CARTESIAN_POINT('',(-0.32,-0.32,6.6));
#2470 = LINE('',#2471,#2472);
#2471 = CARTESIAN_POINT('',(-0.146666666667,-0.146666666667,
    6.773333333333));
#2472 = VECTOR('',#2473,1.);
#2473 = DIRECTION('',(-0.57735026919,-0.57735026919,-0.57735026919));
#2474 = ORIENTED_EDGE('',*,*,#2475,.F.);
#2475 = EDGE_CURVE('',#2435,#2468,#2476,.T.);
#2476 = LINE('',#2477,#2478);
#2477 = CARTESIAN_POINT('',(-0.32,0.32,6.6));
#2478 = VECTOR('',#2479,1.);
#2479 = DIRECTION('',(0.,-1.,0.));
#2480 = PLANE('',#2481);
#2481 = AXIS2_PLACEMENT_3D('',#2482,#2483,#2484);
#2482 = CARTESIAN_POINT('',(-0.22,0.32,6.7));
#2483 = DIRECTION('',(-0.707106781187,0.,0.707106781187));
#2484 = DIRECTION('',(0.,1.,-0.));
#2485 = ADVANCED_FACE('',(#2486),#2504,.F.);
#2486 = FACE_BOUND('',#2487,.T.);
#2487 = EDGE_LOOP('',(#2488,#2489,#2490,#2498));
#2488 = ORIENTED_EDGE('',*,*,#2443,.F.);
#2489 = ORIENTED_EDGE('',*,*,#2404,.T.);
#2490 = ORIENTED_EDGE('',*,*,#2491,.T.);
#2491 = EDGE_CURVE('',#2405,#2492,#2494,.T.);
#2492 = VERTEX_POINT('',#2493);
#2493 = CARTESIAN_POINT('',(0.32,-0.32,6.6));
#2494 = LINE('',#2495,#2496);
#2495 = CARTESIAN_POINT('',(4.E-02,-4.E-02,6.88));
#2496 = VECTOR('',#2497,1.);
#2497 = DIRECTION('',(0.57735026919,-0.57735026919,-0.57735026919));
#2498 = ORIENTED_EDGE('',*,*,#2499,.F.);
#2499 = EDGE_CURVE('',#2444,#2492,#2500,.T.);
#2500 = LINE('',#2501,#2502);
#2501 = CARTESIAN_POINT('',(0.32,0.32,6.6));
#2502 = VECTOR('',#2503,1.);
#2503 = DIRECTION('',(0.,-1.,0.));
#2504 = PLANE('',#2505);
#2505 = AXIS2_PLACEMENT_3D('',#2506,#2507,#2508);
#2506 = CARTESIAN_POINT('',(0.22,0.32,6.7));
#2507 = DIRECTION('',(-0.707106781187,-0.,-0.707106781187));
#2508 = DIRECTION('',(-0.,1.,-0.));
#2509 = ADVANCED_FACE('',(#2510),#2521,.T.);
#2510 = FACE_BOUND('',#2511,.F.);
#2511 = EDGE_LOOP('',(#2512,#2513,#2514,#2515));
#2512 = ORIENTED_EDGE('',*,*,#2467,.F.);
#2513 = ORIENTED_EDGE('',*,*,#2412,.T.);
#2514 = ORIENTED_EDGE('',*,*,#2491,.T.);
#2515 = ORIENTED_EDGE('',*,*,#2516,.F.);
#2516 = EDGE_CURVE('',#2468,#2492,#2517,.T.);
#2517 = LINE('',#2518,#2519);
#2518 = CARTESIAN_POINT('',(-0.32,-0.32,6.6));
#2519 = VECTOR('',#2520,1.);
#2520 = DIRECTION('',(1.,0.,0.));
#2521 = PLANE('',#2522);
#2522 = AXIS2_PLACEMENT_3D('',#2523,#2524,#2525);
#2523 = CARTESIAN_POINT('',(-0.32,-0.22,6.7));
#2524 = DIRECTION('',(-0.,-0.707106781187,0.707106781187));
#2525 = DIRECTION('',(-1.,-0.,-0.));
#2526 = ADVANCED_FACE('',(#2527),#2552,.F.);
#2527 = FACE_BOUND('',#2528,.F.);
#2528 = EDGE_LOOP('',(#2529,#2537,#2545,#2551));
#2529 = ORIENTED_EDGE('',*,*,#2530,.F.);
#2530 = EDGE_CURVE('',#2531,#2435,#2533,.T.);
#2531 = VERTEX_POINT('',#2532);
#2532 = CARTESIAN_POINT('',(-0.32,0.32,-3.2));
#2533 = LINE('',#2534,#2535);
#2534 = CARTESIAN_POINT('',(-0.32,0.32,-3.4));
#2535 = VECTOR('',#2536,1.);
#2536 = DIRECTION('',(0.,0.,1.));
#2537 = ORIENTED_EDGE('',*,*,#2538,.T.);
#2538 = EDGE_CURVE('',#2531,#2539,#2541,.T.);
#2539 = VERTEX_POINT('',#2540);
#2540 = CARTESIAN_POINT('',(0.32,0.32,-3.2));
#2541 = LINE('',#2542,#2543);
#2542 = CARTESIAN_POINT('',(-0.32,0.32,-3.2));
#2543 = VECTOR('',#2544,1.);
#2544 = DIRECTION('',(1.,0.,0.));
#2545 = ORIENTED_EDGE('',*,*,#2546,.T.);
#2546 = EDGE_CURVE('',#2539,#2444,#2547,.T.);
#2547 = LINE('',#2548,#2549);
#2548 = CARTESIAN_POINT('',(0.32,0.32,-3.4));
#2549 = VECTOR('',#2550,1.);
#2550 = DIRECTION('',(0.,0.,1.));
#2551 = ORIENTED_EDGE('',*,*,#2451,.F.);
#2552 = PLANE('',#2553);
#2553 = AXIS2_PLACEMENT_3D('',#2554,#2555,#2556);
#2554 = CARTESIAN_POINT('',(-0.32,0.32,-3.4));
#2555 = DIRECTION('',(0.,-1.,0.));
#2556 = DIRECTION('',(0.,0.,1.));
#2557 = ADVANCED_FACE('',(#2558),#2576,.F.);
#2558 = FACE_BOUND('',#2559,.F.);
#2559 = EDGE_LOOP('',(#2560,#2568,#2574,#2575));
#2560 = ORIENTED_EDGE('',*,*,#2561,.T.);
#2561 = EDGE_CURVE('',#2468,#2562,#2564,.T.);
#2562 = VERTEX_POINT('',#2563);
#2563 = CARTESIAN_POINT('',(-0.32,-0.32,-3.2));
#2564 = LINE('',#2565,#2566);
#2565 = CARTESIAN_POINT('',(-0.32,-0.32,6.8));
#2566 = VECTOR('',#2567,1.);
#2567 = DIRECTION('',(0.,0.,-1.));
#2568 = ORIENTED_EDGE('',*,*,#2569,.T.);
#2569 = EDGE_CURVE('',#2562,#2531,#2570,.T.);
#2570 = LINE('',#2571,#2572);
#2571 = CARTESIAN_POINT('',(-0.32,-0.32,-3.2));
#2572 = VECTOR('',#2573,1.);
#2573 = DIRECTION('',(0.,1.,0.));
#2574 = ORIENTED_EDGE('',*,*,#2530,.T.);
#2575 = ORIENTED_EDGE('',*,*,#2475,.T.);
#2576 = PLANE('',#2577);
#2577 = AXIS2_PLACEMENT_3D('',#2578,#2579,#2580);
#2578 = CARTESIAN_POINT('',(-0.32,0.,1.7));
#2579 = DIRECTION('',(1.,0.,0.));
#2580 = DIRECTION('',(0.,0.,1.));
#2581 = ADVANCED_FACE('',(#2582),#2600,.T.);
#2582 = FACE_BOUND('',#2583,.T.);
#2583 = EDGE_LOOP('',(#2584,#2592,#2598,#2599));
#2584 = ORIENTED_EDGE('',*,*,#2585,.T.);
#2585 = EDGE_CURVE('',#2492,#2586,#2588,.T.);
#2586 = VERTEX_POINT('',#2587);
#2587 = CARTESIAN_POINT('',(0.32,-0.32,-3.2));
#2588 = LINE('',#2589,#2590);
#2589 = CARTESIAN_POINT('',(0.32,-0.32,6.8));
#2590 = VECTOR('',#2591,1.);
#2591 = DIRECTION('',(0.,0.,-1.));
#2592 = ORIENTED_EDGE('',*,*,#2593,.T.);
#2593 = EDGE_CURVE('',#2586,#2539,#2594,.T.);
#2594 = LINE('',#2595,#2596);
#2595 = CARTESIAN_POINT('',(0.32,-0.32,-3.2));
#2596 = VECTOR('',#2597,1.);
#2597 = DIRECTION('',(0.,1.,0.));
#2598 = ORIENTED_EDGE('',*,*,#2546,.T.);
#2599 = ORIENTED_EDGE('',*,*,#2499,.T.);
#2600 = PLANE('',#2601);
#2601 = AXIS2_PLACEMENT_3D('',#2602,#2603,#2604);
#2602 = CARTESIAN_POINT('',(0.32,0.,1.7));
#2603 = DIRECTION('',(1.,0.,0.));
#2604 = DIRECTION('',(0.,0.,1.));
#2605 = ADVANCED_FACE('',(#2606),#2617,.F.);
#2606 = FACE_BOUND('',#2607,.F.);
#2607 = EDGE_LOOP('',(#2608,#2609,#2610,#2611));
#2608 = ORIENTED_EDGE('',*,*,#2561,.F.);
#2609 = ORIENTED_EDGE('',*,*,#2516,.T.);
#2610 = ORIENTED_EDGE('',*,*,#2585,.T.);
#2611 = ORIENTED_EDGE('',*,*,#2612,.F.);
#2612 = EDGE_CURVE('',#2562,#2586,#2613,.T.);
#2613 = LINE('',#2614,#2615);
#2614 = CARTESIAN_POINT('',(-0.32,-0.32,-3.2));
#2615 = VECTOR('',#2616,1.);
#2616 = DIRECTION('',(1.,0.,0.));
#2617 = PLANE('',#2618);
#2618 = AXIS2_PLACEMENT_3D('',#2619,#2620,#2621);
#2619 = CARTESIAN_POINT('',(-0.32,-0.32,6.8));
#2620 = DIRECTION('',(0.,1.,0.));
#2621 = DIRECTION('',(0.,0.,-1.));
#2622 = ADVANCED_FACE('',(#2623),#2648,.T.);
#2623 = FACE_BOUND('',#2624,.F.);
#2624 = EDGE_LOOP('',(#2625,#2633,#2641,#2647));
#2625 = ORIENTED_EDGE('',*,*,#2626,.F.);
#2626 = EDGE_CURVE('',#2627,#2531,#2629,.T.);
#2627 = VERTEX_POINT('',#2628);
#2628 = CARTESIAN_POINT('',(-0.12,0.12,-3.4));
#2629 = LINE('',#2630,#2631);
#2630 = CARTESIAN_POINT('',(-0.146666666667,0.146666666667,
    -3.373333333333));
#2631 = VECTOR('',#2632,1.);
#2632 = DIRECTION('',(-0.57735026919,0.57735026919,0.57735026919));
#2633 = ORIENTED_EDGE('',*,*,#2634,.T.);
#2634 = EDGE_CURVE('',#2627,#2635,#2637,.T.);
#2635 = VERTEX_POINT('',#2636);
#2636 = CARTESIAN_POINT('',(0.12,0.12,-3.4));
#2637 = LINE('',#2638,#2639);
#2638 = CARTESIAN_POINT('',(-0.32,0.12,-3.4));
#2639 = VECTOR('',#2640,1.);
#2640 = DIRECTION('',(1.,0.,0.));
#2641 = ORIENTED_EDGE('',*,*,#2642,.T.);
#2642 = EDGE_CURVE('',#2635,#2539,#2643,.T.);
#2643 = LINE('',#2644,#2645);
#2644 = CARTESIAN_POINT('',(4.E-02,4.E-02,-3.48));
#2645 = VECTOR('',#2646,1.);
#2646 = DIRECTION('',(0.57735026919,0.57735026919,0.57735026919));
#2647 = ORIENTED_EDGE('',*,*,#2538,.F.);
#2648 = PLANE('',#2649);
#2649 = AXIS2_PLACEMENT_3D('',#2650,#2651,#2652);
#2650 = CARTESIAN_POINT('',(-0.32,0.22,-3.3));
#2651 = DIRECTION('',(-0.,0.707106781187,-0.707106781187));
#2652 = DIRECTION('',(-1.,-0.,0.));
#2653 = ADVANCED_FACE('',(#2654),#2672,.T.);
#2654 = FACE_BOUND('',#2655,.F.);
#2655 = EDGE_LOOP('',(#2656,#2664,#2670,#2671));
#2656 = ORIENTED_EDGE('',*,*,#2657,.T.);
#2657 = EDGE_CURVE('',#2562,#2658,#2660,.T.);
#2658 = VERTEX_POINT('',#2659);
#2659 = CARTESIAN_POINT('',(-0.12,-0.12,-3.4));
#2660 = LINE('',#2661,#2662);
#2661 = CARTESIAN_POINT('',(-0.253333333333,-0.253333333333,
    -3.266666666667));
#2662 = VECTOR('',#2663,1.);
#2663 = DIRECTION('',(0.57735026919,0.57735026919,-0.57735026919));
#2664 = ORIENTED_EDGE('',*,*,#2665,.T.);
#2665 = EDGE_CURVE('',#2658,#2627,#2666,.T.);
#2666 = LINE('',#2667,#2668);
#2667 = CARTESIAN_POINT('',(-0.12,-0.32,-3.4));
#2668 = VECTOR('',#2669,1.);
#2669 = DIRECTION('',(0.,1.,0.));
#2670 = ORIENTED_EDGE('',*,*,#2626,.T.);
#2671 = ORIENTED_EDGE('',*,*,#2569,.F.);
#2672 = PLANE('',#2673);
#2673 = AXIS2_PLACEMENT_3D('',#2674,#2675,#2676);
#2674 = CARTESIAN_POINT('',(-0.22,-0.32,-3.3));
#2675 = DIRECTION('',(-0.707106781187,-0.,-0.707106781187));
#2676 = DIRECTION('',(-0.,-1.,0.));
#2677 = ADVANCED_FACE('',(#2678),#2696,.F.);
#2678 = FACE_BOUND('',#2679,.T.);
#2679 = EDGE_LOOP('',(#2680,#2688,#2694,#2695));
#2680 = ORIENTED_EDGE('',*,*,#2681,.T.);
#2681 = EDGE_CURVE('',#2586,#2682,#2684,.T.);
#2682 = VERTEX_POINT('',#2683);
#2683 = CARTESIAN_POINT('',(0.12,-0.12,-3.4));
#2684 = LINE('',#2685,#2686);
#2685 = CARTESIAN_POINT('',(0.146666666667,-0.146666666667,
    -3.373333333333));
#2686 = VECTOR('',#2687,1.);
#2687 = DIRECTION('',(-0.57735026919,0.57735026919,-0.57735026919));
#2688 = ORIENTED_EDGE('',*,*,#2689,.T.);
#2689 = EDGE_CURVE('',#2682,#2635,#2690,.T.);
#2690 = LINE('',#2691,#2692);
#2691 = CARTESIAN_POINT('',(0.12,-0.32,-3.4));
#2692 = VECTOR('',#2693,1.);
#2693 = DIRECTION('',(0.,1.,0.));
#2694 = ORIENTED_EDGE('',*,*,#2642,.T.);
#2695 = ORIENTED_EDGE('',*,*,#2593,.F.);
#2696 = PLANE('',#2697);
#2697 = AXIS2_PLACEMENT_3D('',#2698,#2699,#2700);
#2698 = CARTESIAN_POINT('',(0.22,-0.32,-3.3));
#2699 = DIRECTION('',(-0.707106781187,0.,0.707106781187));
#2700 = DIRECTION('',(-0.,-1.,0.));
#2701 = ADVANCED_FACE('',(#2702),#2713,.T.);
#2702 = FACE_BOUND('',#2703,.F.);
#2703 = EDGE_LOOP('',(#2704,#2705,#2706,#2707));
#2704 = ORIENTED_EDGE('',*,*,#2657,.F.);
#2705 = ORIENTED_EDGE('',*,*,#2612,.T.);
#2706 = ORIENTED_EDGE('',*,*,#2681,.T.);
#2707 = ORIENTED_EDGE('',*,*,#2708,.F.);
#2708 = EDGE_CURVE('',#2658,#2682,#2709,.T.);
#2709 = LINE('',#2710,#2711);
#2710 = CARTESIAN_POINT('',(-0.32,-0.12,-3.4));
#2711 = VECTOR('',#2712,1.);
#2712 = DIRECTION('',(1.,0.,0.));
#2713 = PLANE('',#2714);
#2714 = AXIS2_PLACEMENT_3D('',#2715,#2716,#2717);
#2715 = CARTESIAN_POINT('',(-0.32,-0.22,-3.3));
#2716 = DIRECTION('',(0.,-0.707106781187,-0.707106781187));
#2717 = DIRECTION('',(-1.,-0.,-0.));
#2718 = ADVANCED_FACE('',(#2719),#2725,.F.);
#2719 = FACE_BOUND('',#2720,.F.);
#2720 = EDGE_LOOP('',(#2721,#2722,#2723,#2724));
#2721 = ORIENTED_EDGE('',*,*,#2708,.T.);
#2722 = ORIENTED_EDGE('',*,*,#2689,.T.);
#2723 = ORIENTED_EDGE('',*,*,#2634,.F.);
#2724 = ORIENTED_EDGE('',*,*,#2665,.F.);
#2725 = PLANE('',#2726);
#2726 = AXIS2_PLACEMENT_3D('',#2727,#2728,#2729);
#2727 = CARTESIAN_POINT('',(-0.32,-0.32,-3.4));
#2728 = DIRECTION('',(0.,0.,1.));
#2729 = DIRECTION('',(0.,1.,0.));
#2730 = ( GEOMETRIC_REPRESENTATION_CONTEXT(3) 
GLOBAL_UNCERTAINTY_ASSIGNED_CONTEXT((#2734)) 
GLOBAL_UNIT_ASSIGNED_CONTEXT((#2731,#2732,#2733)) REPRESENTATION_CONTEXT
('Context #1','3D Context with UNIT and UNCERTAINTY') );
#2731 = ( LENGTH_UNIT() NAMED_UNIT(*) SI_UNIT(.MILLI.,.METRE.) );
#2732 = ( NAMED_UNIT(*) PLANE_ANGLE_UNIT() SI_UNIT($,.RADIAN.) );
#2733 = ( NAMED_UNIT(*) SI_UNIT($,.STERADIAN.) SOLID_ANGLE_UNIT() );
#2734 = UNCERTAINTY_MEASURE_WITH_UNIT(LENGTH_MEASURE(1.E-07),#2731,
  'distance_accuracy_value','confusion accuracy');
#2735 = CONTEXT_DEPENDENT_SHAPE_REPRESENTATION(#2736,#2738);
#2736 = ( REPRESENTATION_RELATIONSHIP('','',#2387,#2356) 
REPRESENTATION_RELATIONSHIP_WITH_TRANSFORMATION(#2737) 
SHAPE_REPRESENTATION_RELATIONSHIP() );
#2737 = ITEM_DEFINED_TRANSFORMATION('','',#11,#2357);
#2738 = PRODUCT_DEFINITION_SHAPE('Placement','Placement of an item',
  #2739);
#2739 = NEXT_ASSEMBLY_USAGE_OCCURRENCE('2','0','',#2351,#2382,$);
#2740 = PRODUCT_RELATED_PRODUCT_CATEGORY('part',$,(#2384));
#2741 = CONTEXT_DEPENDENT_SHAPE_REPRESENTATION(#2742,#2744);
#2742 = ( REPRESENTATION_RELATIONSHIP('','',#2387,#2356) 
REPRESENTATION_RELATIONSHIP_WITH_TRANSFORMATION(#2743) 
SHAPE_REPRESENTATION_RELATIONSHIP() );
#2743 = ITEM_DEFINED_TRANSFORMATION('','',#11,#2361);
#2744 = PRODUCT_DEFINITION_SHAPE('Placement','Placement of an item',
  #2745);
#2745 = NEXT_ASSEMBLY_USAGE_OCCURRENCE('3','1','',#2351,#2382,$);
#2746 = CONTEXT_DEPENDENT_SHAPE_REPRESENTATION(#2747,#2749);
#2747 = ( REPRESENTATION_RELATIONSHIP('','',#2387,#2356) 
REPRESENTATION_RELATIONSHIP_WITH_TRANSFORMATION(#2748) 
SHAPE_REPRESENTATION_RELATIONSHIP() );
#2748 = ITEM_DEFINED_TRANSFORMATION('','',#11,#2365);
#2749 = PRODUCT_DEFINITION_SHAPE('Placement','Placement of an item',
  #2750);
#2750 = NEXT_ASSEMBLY_USAGE_OCCURRENCE('4','2','',#2351,#2382,$);
#2751 = MECHANICAL_DESIGN_GEOMETRIC_PRESENTATION_REPRESENTATION('',(
    #2752),#2338);
#2752 = STYLED_ITEM('color',(#2753),#37);
#2753 = PRESENTATION_STYLE_ASSIGNMENT((#2754,#2760));
#2754 = SURFACE_STYLE_USAGE(.BOTH.,#2755);
#2755 = SURFACE_SIDE_STYLE('',(#2756));
#2756 = SURFACE_STYLE_FILL_AREA(#2757);
#2757 = FILL_AREA_STYLE('',(#2758));
#2758 = FILL_AREA_STYLE_COLOUR('',#2759);
#2759 = DRAUGHTING_PRE_DEFINED_COLOUR('white');
#2760 = CURVE_STYLE('',#2761,POSITIVE_LENGTH_MEASURE(0.1),#2762);
#2761 = DRAUGHTING_PRE_DEFINED_CURVE_FONT('continuous');
#2762 = COLOUR_RGB('',9.803921802644E-02,9.803921802644E-02,
  9.803921802644E-02);
#2763 = MECHANICAL_DESIGN_GEOMETRIC_PRESENTATION_REPRESENTATION('',(
    #2764),#2730);
#2764 = STYLED_ITEM('color',(#2765),#2388);
#2765 = PRESENTATION_STYLE_ASSIGNMENT((#2766,#2772));
#2766 = SURFACE_STYLE_USAGE(.BOTH.,#2767);
#2767 = SURFACE_SIDE_STYLE('',(#2768));
#2768 = SURFACE_STYLE_FILL_AREA(#2769);
#2769 = FILL_AREA_STYLE('',(#2770));
#2770 = FILL_AREA_STYLE_COLOUR('',#2771);
#2771 = COLOUR_RGB('',0.399999997426,0.274509816483,0.);
#2772 = CURVE_STYLE('',#2773,POSITIVE_LENGTH_MEASURE(0.1),#2762);
#2773 = DRAUGHTING_PRE_DEFINED_CURVE_FONT('continuous');
ENDSEC;
END-ISO-10303-21;
