ISO-10303-21;
HEADER;
FILE_DESCRIPTION(('FreeCAD Model'),'2;1');
FILE_NAME('Open CASCADE Shape Model','2026-06-29T20:57:26',(''),(''),
  'Open CASCADE STEP processor 7.8','FreeCAD','Unknown');
FILE_SCHEMA(('AUTOMOTIVE_DESIGN { 1 0 10303 214 1 1 1 1 }'));
ENDSEC;
DATA;
#1 = APPLICATION_PROTOCOL_DEFINITION('international standard',
  'automotive_design',2000,#2);
#2 = APPLICATION_CONTEXT(
  'core data for automotive mechanical design processes');
#3 = SHAPE_DEFINITION_REPRESENTATION(#4,#10);
#4 = PRODUCT_DEFINITION_SHAPE('','',#5);
#5 = PRODUCT_DEFINITION('design','',#6,#9);
#6 = PRODUCT_DEFINITION_FORMATION('','',#7);
#7 = PRODUCT('XH_top_entry','XH_top_entry','',(#8));
#8 = PRODUCT_CONTEXT('',#2,'mechanical');
#9 = PRODUCT_DEFINITION_CONTEXT('part definition',#2,'design');
#10 = SHAPE_REPRESENTATION('',(#11,#15,#19),#23);
#11 = AXIS2_PLACEMENT_3D('',#12,#13,#14);
#12 = CARTESIAN_POINT('',(0.,0.,0.));
#13 = DIRECTION('',(0.,0.,1.));
#14 = DIRECTION('',(1.,0.,-0.));
#15 = AXIS2_PLACEMENT_3D('',#16,#17,#18);
#16 = CARTESIAN_POINT('',(20.,0.,0.));
#17 = DIRECTION('',(0.,0.,1.));
#18 = DIRECTION('',(-1.,1.224646799147E-16,0.));
#19 = AXIS2_PLACEMENT_3D('',#20,#21,#22);
#20 = CARTESIAN_POINT('',(0.,0.,0.));
#21 = DIRECTION('',(0.,0.,1.));
#22 = DIRECTION('',(1.,0.,0.));
#23 = ( GEOMETRIC_REPRESENTATION_CONTEXT(3) 
GLOBAL_UNCERTAINTY_ASSIGNED_CONTEXT((#27)) GLOBAL_UNIT_ASSIGNED_CONTEXT(
(#24,#25,#26)) REPRESENTATION_CONTEXT('Context #1',
  '3D Context with UNIT and UNCERTAINTY') );
#24 = ( LENGTH_UNIT() NAMED_UNIT(*) SI_UNIT(.MILLI.,.METRE.) );
#25 = ( NAMED_UNIT(*) PLANE_ANGLE_UNIT() SI_UNIT($,.RADIAN.) );
#26 = ( NAMED_UNIT(*) SI_UNIT($,.STERADIAN.) SOLID_ANGLE_UNIT() );
#27 = UNCERTAINTY_MEASURE_WITH_UNIT(LENGTH_MEASURE(5.E-06),#24,
  'distance_accuracy_value','confusion accuracy');
#28 = PRODUCT_RELATED_PRODUCT_CATEGORY('part',$,(#7));
#29 = SHAPE_DEFINITION_REPRESENTATION(#30,#36);
#30 = PRODUCT_DEFINITION_SHAPE('','',#31);
#31 = PRODUCT_DEFINITION('design','',#32,#35);
#32 = PRODUCT_DEFINITION_FORMATION('','',#33);
#33 = PRODUCT('Top_entry_base','Top_entry_base','',(#34));
#34 = PRODUCT_CONTEXT('',#2,'mechanical');
#35 = PRODUCT_DEFINITION_CONTEXT('part definition',#2,'design');
#36 = ADVANCED_BREP_SHAPE_REPRESENTATION('',(#11,#37),#4342);
#37 = MANIFOLD_SOLID_BREP('',#38);
#38 = CLOSED_SHELL('',(#39,#129,#168,#192,#249,#273,#298,#322,#634,#666,
    #691,#741,#814,#831,#856,#1289,#1320,#1332,#1356,#1422,#1440,#1473,
    #1497,#1528,#1545,#1578,#1611,#1635,#1659,#1690,#1721,#1738,#1755,
    #1788,#1821,#1845,#1869,#1900,#1931,#1948,#1965,#1998,#2031,#2055,
    #2079,#2110,#2141,#2158,#2175,#2208,#2241,#2265,#2289,#2320,#2351,
    #2363,#2380,#2411,#2423,#2440,#2457,#2595,#2913,#2930,#2947,#2964,
    #2981,#2998,#3015,#3032,#3049,#3066,#3083,#3100,#3117,#3134,#3151,
    #3168,#3185,#3202,#3219,#3236,#3253,#3270,#3287,#3304,#3316,#3362,
    #3408,#3454,#3500,#3546,#3592,#3638,#3684,#3730,#3752,#3769,#3786,
    #3798,#3820,#3837,#3854,#3866,#3888,#3905,#3922,#3934,#3956,#3973,
    #3990,#4002,#4024,#4041,#4058,#4070,#4092,#4109,#4126,#4138,#4160,
    #4177,#4194,#4206,#4228,#4245,#4262,#4274,#4296,#4313,#4330));
#39 = ADVANCED_FACE('',(#40),#124,.T.);
#40 = FACE_BOUND('',#41,.T.);
#41 = EDGE_LOOP('',(#42,#52,#60,#68,#76,#84,#92,#101,#109,#118));
#42 = ORIENTED_EDGE('',*,*,#43,.T.);
#43 = EDGE_CURVE('',#44,#46,#48,.T.);
#44 = VERTEX_POINT('',#45);
#45 = CARTESIAN_POINT('',(-2.45,-0.7,7.));
#46 = VERTEX_POINT('',#47);
#47 = CARTESIAN_POINT('',(-2.,-0.7,7.));
#48 = LINE('',#49,#50);
#49 = CARTESIAN_POINT('',(-5.,-0.7,7.));
#50 = VECTOR('',#51,1.);
#51 = DIRECTION('',(1.,0.,0.));
#52 = ORIENTED_EDGE('',*,*,#53,.F.);
#53 = EDGE_CURVE('',#54,#46,#56,.T.);
#54 = VERTEX_POINT('',#55);
#55 = CARTESIAN_POINT('',(-2.,2.95,7.));
#56 = LINE('',#57,#58);
#57 = CARTESIAN_POINT('',(-2.,2.65,7.));
#58 = VECTOR('',#59,1.);
#59 = DIRECTION('',(0.,-1.,0.));
#60 = ORIENTED_EDGE('',*,*,#61,.T.);
#61 = EDGE_CURVE('',#54,#62,#64,.T.);
#62 = VERTEX_POINT('',#63);
#63 = CARTESIAN_POINT('',(22.,2.95,7.));
#64 = LINE('',#65,#66);
#65 = CARTESIAN_POINT('',(-1.7,2.95,7.));
#66 = VECTOR('',#67,1.);
#67 = DIRECTION('',(1.,0.,0.));
#68 = ORIENTED_EDGE('',*,*,#69,.T.);
#69 = EDGE_CURVE('',#62,#70,#72,.T.);
#70 = VERTEX_POINT('',#71);
#71 = CARTESIAN_POINT('',(22.,-0.7,7.));
#72 = LINE('',#73,#74);
#73 = CARTESIAN_POINT('',(22.,2.65,7.));
#74 = VECTOR('',#75,1.);
#75 = DIRECTION('',(0.,-1.,0.));
#76 = ORIENTED_EDGE('',*,*,#77,.T.);
#77 = EDGE_CURVE('',#70,#78,#80,.T.);
#78 = VERTEX_POINT('',#79);
#79 = CARTESIAN_POINT('',(22.45,-0.7,7.));
#80 = LINE('',#81,#82);
#81 = CARTESIAN_POINT('',(-5.,-0.7,7.));
#82 = VECTOR('',#83,1.);
#83 = DIRECTION('',(1.,0.,0.));
#84 = ORIENTED_EDGE('',*,*,#85,.T.);
#85 = EDGE_CURVE('',#78,#86,#88,.T.);
#86 = VERTEX_POINT('',#87);
#87 = CARTESIAN_POINT('',(22.45,2.9,7.));
#88 = LINE('',#89,#90);
#89 = CARTESIAN_POINT('',(22.45,-2.35,7.));
#90 = VECTOR('',#91,1.);
#91 = DIRECTION('',(0.,1.,0.));
#92 = ORIENTED_EDGE('',*,*,#93,.T.);
#93 = EDGE_CURVE('',#86,#94,#96,.T.);
#94 = VERTEX_POINT('',#95);
#95 = CARTESIAN_POINT('',(21.95,3.4,7.));
#96 = CIRCLE('',#97,0.5);
#97 = AXIS2_PLACEMENT_3D('',#98,#99,#100);
#98 = CARTESIAN_POINT('',(21.95,2.9,7.));
#99 = DIRECTION('',(-0.,0.,1.));
#100 = DIRECTION('',(0.,-1.,0.));
#101 = ORIENTED_EDGE('',*,*,#102,.T.);
#102 = EDGE_CURVE('',#94,#103,#105,.T.);
#103 = VERTEX_POINT('',#104);
#104 = CARTESIAN_POINT('',(-1.95,3.4,7.));
#105 = LINE('',#106,#107);
#106 = CARTESIAN_POINT('',(22.45,3.4,7.));
#107 = VECTOR('',#108,1.);
#108 = DIRECTION('',(-1.,0.,0.));
#109 = ORIENTED_EDGE('',*,*,#110,.F.);
#110 = EDGE_CURVE('',#111,#103,#113,.T.);
#111 = VERTEX_POINT('',#112);
#112 = CARTESIAN_POINT('',(-2.45,2.9,7.));
#113 = CIRCLE('',#114,0.5);
#114 = AXIS2_PLACEMENT_3D('',#115,#116,#117);
#115 = CARTESIAN_POINT('',(-1.95,2.9,7.));
#116 = DIRECTION('',(-0.,-0.,-1.));
#117 = DIRECTION('',(0.,-1.,0.));
#118 = ORIENTED_EDGE('',*,*,#119,.T.);
#119 = EDGE_CURVE('',#111,#44,#120,.T.);
#120 = LINE('',#121,#122);
#121 = CARTESIAN_POINT('',(-2.45,3.4,7.));
#122 = VECTOR('',#123,1.);
#123 = DIRECTION('',(0.,-1.,0.));
#124 = PLANE('',#125);
#125 = AXIS2_PLACEMENT_3D('',#126,#127,#128);
#126 = CARTESIAN_POINT('',(10.,0.525,7.));
#127 = DIRECTION('',(0.,0.,1.));
#128 = DIRECTION('',(1.,0.,0.));
#129 = ADVANCED_FACE('',(#130),#163,.T.);
#130 = FACE_BOUND('',#131,.T.);
#131 = EDGE_LOOP('',(#132,#133,#141,#149,#157));
#132 = ORIENTED_EDGE('',*,*,#43,.F.);
#133 = ORIENTED_EDGE('',*,*,#134,.T.);
#134 = EDGE_CURVE('',#44,#135,#137,.T.);
#135 = VERTEX_POINT('',#136);
#136 = CARTESIAN_POINT('',(-2.45,-0.7,3.9));
#137 = LINE('',#138,#139);
#138 = CARTESIAN_POINT('',(-2.45,-0.7,1.95));
#139 = VECTOR('',#140,1.);
#140 = DIRECTION('',(0.,0.,-1.));
#141 = ORIENTED_EDGE('',*,*,#142,.T.);
#142 = EDGE_CURVE('',#135,#143,#145,.T.);
#143 = VERTEX_POINT('',#144);
#144 = CARTESIAN_POINT('',(-1.7,-0.7,3.9));
#145 = LINE('',#146,#147);
#146 = CARTESIAN_POINT('',(-5.,-0.7,3.9));
#147 = VECTOR('',#148,1.);
#148 = DIRECTION('',(1.,0.,0.));
#149 = ORIENTED_EDGE('',*,*,#150,.F.);
#150 = EDGE_CURVE('',#151,#143,#153,.T.);
#151 = VERTEX_POINT('',#152);
#152 = CARTESIAN_POINT('',(-1.7,-0.7,6.5));
#153 = LINE('',#154,#155);
#154 = CARTESIAN_POINT('',(-1.7,-0.7,4.067949337881));
#155 = VECTOR('',#156,1.);
#156 = DIRECTION('',(0.,0.,-1.));
#157 = ORIENTED_EDGE('',*,*,#158,.F.);
#158 = EDGE_CURVE('',#46,#151,#159,.T.);
#159 = LINE('',#160,#161);
#160 = CARTESIAN_POINT('',(-1.638235294118,-0.7,6.397058823529));
#161 = VECTOR('',#162,1.);
#162 = DIRECTION('',(0.514495755428,0.,-0.857492925713));
#163 = PLANE('',#164);
#164 = AXIS2_PLACEMENT_3D('',#165,#166,#167);
#165 = CARTESIAN_POINT('',(-5.,-0.7,3.9));
#166 = DIRECTION('',(0.,-1.,0.));
#167 = DIRECTION('',(0.,0.,1.));
#168 = ADVANCED_FACE('',(#169),#187,.T.);
#169 = FACE_BOUND('',#170,.T.);
#170 = EDGE_LOOP('',(#171,#179,#180,#181));
#171 = ORIENTED_EDGE('',*,*,#172,.F.);
#172 = EDGE_CURVE('',#54,#173,#175,.T.);
#173 = VERTEX_POINT('',#174);
#174 = CARTESIAN_POINT('',(-1.7,2.65,6.5));
#175 = LINE('',#176,#177);
#176 = CARTESIAN_POINT('',(-1.818604651163,2.768604651163,6.697674418605
    ));
#177 = VECTOR('',#178,1.);
#178 = DIRECTION('',(0.457495710998,-0.457495710998,-0.762492851663));
#179 = ORIENTED_EDGE('',*,*,#53,.T.);
#180 = ORIENTED_EDGE('',*,*,#158,.T.);
#181 = ORIENTED_EDGE('',*,*,#182,.F.);
#182 = EDGE_CURVE('',#173,#151,#183,.T.);
#183 = LINE('',#184,#185);
#184 = CARTESIAN_POINT('',(-1.7,2.65,6.5));
#185 = VECTOR('',#186,1.);
#186 = DIRECTION('',(0.,-1.,0.));
#187 = PLANE('',#188);
#188 = AXIS2_PLACEMENT_3D('',#189,#190,#191);
#189 = CARTESIAN_POINT('',(-1.85,2.65,6.75));
#190 = DIRECTION('',(0.857492925713,0.,0.514495755428));
#191 = DIRECTION('',(0.,-1.,0.));
#192 = ADVANCED_FACE('',(#193),#244,.F.);
#193 = FACE_BOUND('',#194,.F.);
#194 = EDGE_LOOP('',(#195,#205,#211,#212,#213,#222,#230,#238));
#195 = ORIENTED_EDGE('',*,*,#196,.F.);
#196 = EDGE_CURVE('',#197,#199,#201,.T.);
#197 = VERTEX_POINT('',#198);
#198 = CARTESIAN_POINT('',(-2.45,2.9,0.));
#199 = VERTEX_POINT('',#200);
#200 = CARTESIAN_POINT('',(-2.45,-2.35,0.));
#201 = LINE('',#202,#203);
#202 = CARTESIAN_POINT('',(-2.45,3.4,0.));
#203 = VECTOR('',#204,1.);
#204 = DIRECTION('',(0.,-1.,0.));
#205 = ORIENTED_EDGE('',*,*,#206,.T.);
#206 = EDGE_CURVE('',#197,#111,#207,.T.);
#207 = LINE('',#208,#209);
#208 = CARTESIAN_POINT('',(-2.45,2.9,0.));
#209 = VECTOR('',#210,1.);
#210 = DIRECTION('',(0.,0.,1.));
#211 = ORIENTED_EDGE('',*,*,#119,.T.);
#212 = ORIENTED_EDGE('',*,*,#134,.T.);
#213 = ORIENTED_EDGE('',*,*,#214,.T.);
#214 = EDGE_CURVE('',#135,#215,#217,.T.);
#215 = VERTEX_POINT('',#216);
#216 = CARTESIAN_POINT('',(-2.45,-1.549999999998,4.749999999997));
#217 = CIRCLE('',#218,0.849999999998);
#218 = AXIS2_PLACEMENT_3D('',#219,#220,#221);
#219 = CARTESIAN_POINT('',(-2.45,-0.7,4.749999999998));
#220 = DIRECTION('',(-1.,0.,0.));
#221 = DIRECTION('',(0.,1.,0.));
#222 = ORIENTED_EDGE('',*,*,#223,.T.);
#223 = EDGE_CURVE('',#215,#224,#226,.T.);
#224 = VERTEX_POINT('',#225);
#225 = CARTESIAN_POINT('',(-2.45,-1.549999999998,7.));
#226 = LINE('',#227,#228);
#227 = CARTESIAN_POINT('',(-2.45,-1.549999999998,3.5));
#228 = VECTOR('',#229,1.);
#229 = DIRECTION('',(0.,0.,1.));
#230 = ORIENTED_EDGE('',*,*,#231,.T.);
#231 = EDGE_CURVE('',#224,#232,#234,.T.);
#232 = VERTEX_POINT('',#233);
#233 = CARTESIAN_POINT('',(-2.45,-2.35,7.));
#234 = LINE('',#235,#236);
#235 = CARTESIAN_POINT('',(-2.45,3.4,7.));
#236 = VECTOR('',#237,1.);
#237 = DIRECTION('',(0.,-1.,0.));
#238 = ORIENTED_EDGE('',*,*,#239,.F.);
#239 = EDGE_CURVE('',#199,#232,#240,.T.);
#240 = LINE('',#241,#242);
#241 = CARTESIAN_POINT('',(-2.45,-2.35,0.));
#242 = VECTOR('',#243,1.);
#243 = DIRECTION('',(0.,0.,1.));
#244 = PLANE('',#245);
#245 = AXIS2_PLACEMENT_3D('',#246,#247,#248);
#246 = CARTESIAN_POINT('',(-2.45,3.4,0.));
#247 = DIRECTION('',(1.,0.,0.));
#248 = DIRECTION('',(0.,-1.,0.));
#249 = ADVANCED_FACE('',(#250),#268,.T.);
#250 = FACE_BOUND('',#251,.F.);
#251 = EDGE_LOOP('',(#252,#253,#254,#262));
#252 = ORIENTED_EDGE('',*,*,#172,.F.);
#253 = ORIENTED_EDGE('',*,*,#61,.T.);
#254 = ORIENTED_EDGE('',*,*,#255,.T.);
#255 = EDGE_CURVE('',#62,#256,#258,.T.);
#256 = VERTEX_POINT('',#257);
#257 = CARTESIAN_POINT('',(21.7,2.65,6.5));
#258 = LINE('',#259,#260);
#259 = CARTESIAN_POINT('',(19.36976744186,0.31976744186,2.616279069767)
  );
#260 = VECTOR('',#261,1.);
#261 = DIRECTION('',(-0.457495710998,-0.457495710998,-0.762492851663));
#262 = ORIENTED_EDGE('',*,*,#263,.F.);
#263 = EDGE_CURVE('',#173,#256,#264,.T.);
#264 = LINE('',#265,#266);
#265 = CARTESIAN_POINT('',(-1.7,2.65,6.5));
#266 = VECTOR('',#267,1.);
#267 = DIRECTION('',(1.,0.,0.));
#268 = PLANE('',#269);
#269 = AXIS2_PLACEMENT_3D('',#270,#271,#272);
#270 = CARTESIAN_POINT('',(-1.7,2.8,6.75));
#271 = DIRECTION('',(-3.475340006926E-18,-0.857492925713,0.514495755428)
  );
#272 = DIRECTION('',(-1.,2.980079470385E-18,-1.788047682231E-18));
#273 = ADVANCED_FACE('',(#274),#293,.T.);
#274 = FACE_BOUND('',#275,.F.);
#275 = EDGE_LOOP('',(#276,#285,#291,#292));
#276 = ORIENTED_EDGE('',*,*,#277,.T.);
#277 = EDGE_CURVE('',#197,#278,#280,.T.);
#278 = VERTEX_POINT('',#279);
#279 = CARTESIAN_POINT('',(-1.95,3.4,0.));
#280 = CIRCLE('',#281,0.5);
#281 = AXIS2_PLACEMENT_3D('',#282,#283,#284);
#282 = CARTESIAN_POINT('',(-1.95,2.9,0.));
#283 = DIRECTION('',(-0.,-0.,-1.));
#284 = DIRECTION('',(0.,-1.,0.));
#285 = ORIENTED_EDGE('',*,*,#286,.T.);
#286 = EDGE_CURVE('',#278,#103,#287,.T.);
#287 = LINE('',#288,#289);
#288 = CARTESIAN_POINT('',(-1.95,3.4,0.));
#289 = VECTOR('',#290,1.);
#290 = DIRECTION('',(0.,0.,1.));
#291 = ORIENTED_EDGE('',*,*,#110,.F.);
#292 = ORIENTED_EDGE('',*,*,#206,.F.);
#293 = CYLINDRICAL_SURFACE('',#294,0.5);
#294 = AXIS2_PLACEMENT_3D('',#295,#296,#297);
#295 = CARTESIAN_POINT('',(-1.95,2.9,0.));
#296 = DIRECTION('',(0.,0.,1.));
#297 = DIRECTION('',(-1.,0.,0.));
#298 = ADVANCED_FACE('',(#299),#317,.F.);
#299 = FACE_BOUND('',#300,.F.);
#300 = EDGE_LOOP('',(#301,#302,#303,#311));
#301 = ORIENTED_EDGE('',*,*,#255,.F.);
#302 = ORIENTED_EDGE('',*,*,#69,.T.);
#303 = ORIENTED_EDGE('',*,*,#304,.T.);
#304 = EDGE_CURVE('',#70,#305,#307,.T.);
#305 = VERTEX_POINT('',#306);
#306 = CARTESIAN_POINT('',(21.7,-0.7,6.5));
#307 = LINE('',#308,#309);
#308 = CARTESIAN_POINT('',(17.667647058824,-0.7,-0.220588235294));
#309 = VECTOR('',#310,1.);
#310 = DIRECTION('',(-0.514495755428,-0.,-0.857492925713));
#311 = ORIENTED_EDGE('',*,*,#312,.F.);
#312 = EDGE_CURVE('',#256,#305,#313,.T.);
#313 = LINE('',#314,#315);
#314 = CARTESIAN_POINT('',(21.7,2.65,6.5));
#315 = VECTOR('',#316,1.);
#316 = DIRECTION('',(0.,-1.,0.));
#317 = PLANE('',#318);
#318 = AXIS2_PLACEMENT_3D('',#319,#320,#321);
#319 = CARTESIAN_POINT('',(21.85,2.65,6.75));
#320 = DIRECTION('',(0.857492925713,3.475340006926E-18,-0.514495755428)
  );
#321 = DIRECTION('',(2.980079470385E-18,-1.,-1.788047682231E-18));
#322 = ADVANCED_FACE('',(#323),#629,.F.);
#323 = FACE_BOUND('',#324,.F.);
#324 = EDGE_LOOP('',(#325,#335,#341,#342,#343,#351,#359,#367,#375,#383,
    #391,#399,#407,#415,#423,#431,#439,#447,#455,#463,#471,#479,#487,
    #495,#503,#511,#519,#527,#535,#543,#551,#559,#567,#575,#583,#591,
    #599,#607,#615,#623));
#325 = ORIENTED_EDGE('',*,*,#326,.F.);
#326 = EDGE_CURVE('',#327,#329,#331,.T.);
#327 = VERTEX_POINT('',#328);
#328 = CARTESIAN_POINT('',(21.95,3.4,0.));
#329 = VERTEX_POINT('',#330);
#330 = CARTESIAN_POINT('',(20.95,3.4,0.));
#331 = LINE('',#332,#333);
#332 = CARTESIAN_POINT('',(22.45,3.4,0.));
#333 = VECTOR('',#334,1.);
#334 = DIRECTION('',(-1.,0.,0.));
#335 = ORIENTED_EDGE('',*,*,#336,.T.);
#336 = EDGE_CURVE('',#327,#94,#337,.T.);
#337 = LINE('',#338,#339);
#338 = CARTESIAN_POINT('',(21.95,3.4,0.));
#339 = VECTOR('',#340,1.);
#340 = DIRECTION('',(0.,0.,1.));
#341 = ORIENTED_EDGE('',*,*,#102,.T.);
#342 = ORIENTED_EDGE('',*,*,#286,.F.);
#343 = ORIENTED_EDGE('',*,*,#344,.F.);
#344 = EDGE_CURVE('',#345,#278,#347,.T.);
#345 = VERTEX_POINT('',#346);
#346 = CARTESIAN_POINT('',(-0.95,3.4,0.));
#347 = LINE('',#348,#349);
#348 = CARTESIAN_POINT('',(22.45,3.4,0.));
#349 = VECTOR('',#350,1.);
#350 = DIRECTION('',(-1.,0.,0.));
#351 = ORIENTED_EDGE('',*,*,#352,.F.);
#352 = EDGE_CURVE('',#353,#345,#355,.T.);
#353 = VERTEX_POINT('',#354);
#354 = CARTESIAN_POINT('',(-0.95,3.4,0.9));
#355 = LINE('',#356,#357);
#356 = CARTESIAN_POINT('',(-0.95,3.4,0.9));
#357 = VECTOR('',#358,1.);
#358 = DIRECTION('',(0.,0.,-1.));
#359 = ORIENTED_EDGE('',*,*,#360,.F.);
#360 = EDGE_CURVE('',#361,#353,#363,.T.);
#361 = VERTEX_POINT('',#362);
#362 = CARTESIAN_POINT('',(0.95,3.4,0.9));
#363 = LINE('',#364,#365);
#364 = CARTESIAN_POINT('',(0.95,3.4,0.9));
#365 = VECTOR('',#366,1.);
#366 = DIRECTION('',(-1.,-0.,-0.));
#367 = ORIENTED_EDGE('',*,*,#368,.T.);
#368 = EDGE_CURVE('',#361,#369,#371,.T.);
#369 = VERTEX_POINT('',#370);
#370 = CARTESIAN_POINT('',(0.95,3.4,0.));
#371 = LINE('',#372,#373);
#372 = CARTESIAN_POINT('',(0.95,3.4,0.9));
#373 = VECTOR('',#374,1.);
#374 = DIRECTION('',(0.,0.,-1.));
#375 = ORIENTED_EDGE('',*,*,#376,.F.);
#376 = EDGE_CURVE('',#377,#369,#379,.T.);
#377 = VERTEX_POINT('',#378);
#378 = CARTESIAN_POINT('',(1.55,3.4,0.));
#379 = LINE('',#380,#381);
#380 = CARTESIAN_POINT('',(22.45,3.4,0.));
#381 = VECTOR('',#382,1.);
#382 = DIRECTION('',(-1.,0.,0.));
#383 = ORIENTED_EDGE('',*,*,#384,.F.);
#384 = EDGE_CURVE('',#385,#377,#387,.T.);
#385 = VERTEX_POINT('',#386);
#386 = CARTESIAN_POINT('',(1.55,3.4,0.9));
#387 = LINE('',#388,#389);
#388 = CARTESIAN_POINT('',(1.55,3.4,0.9));
#389 = VECTOR('',#390,1.);
#390 = DIRECTION('',(0.,0.,-1.));
#391 = ORIENTED_EDGE('',*,*,#392,.F.);
#392 = EDGE_CURVE('',#393,#385,#395,.T.);
#393 = VERTEX_POINT('',#394);
#394 = CARTESIAN_POINT('',(3.45,3.4,0.9));
#395 = LINE('',#396,#397);
#396 = CARTESIAN_POINT('',(3.45,3.4,0.9));
#397 = VECTOR('',#398,1.);
#398 = DIRECTION('',(-1.,-0.,-0.));
#399 = ORIENTED_EDGE('',*,*,#400,.T.);
#400 = EDGE_CURVE('',#393,#401,#403,.T.);
#401 = VERTEX_POINT('',#402);
#402 = CARTESIAN_POINT('',(3.45,3.4,0.));
#403 = LINE('',#404,#405);
#404 = CARTESIAN_POINT('',(3.45,3.4,0.9));
#405 = VECTOR('',#406,1.);
#406 = DIRECTION('',(0.,0.,-1.));
#407 = ORIENTED_EDGE('',*,*,#408,.F.);
#408 = EDGE_CURVE('',#409,#401,#411,.T.);
#409 = VERTEX_POINT('',#410);
#410 = CARTESIAN_POINT('',(4.05,3.4,0.));
#411 = LINE('',#412,#413);
#412 = CARTESIAN_POINT('',(22.45,3.4,0.));
#413 = VECTOR('',#414,1.);
#414 = DIRECTION('',(-1.,0.,0.));
#415 = ORIENTED_EDGE('',*,*,#416,.F.);
#416 = EDGE_CURVE('',#417,#409,#419,.T.);
#417 = VERTEX_POINT('',#418);
#418 = CARTESIAN_POINT('',(4.05,3.4,0.9));
#419 = LINE('',#420,#421);
#420 = CARTESIAN_POINT('',(4.05,3.4,0.9));
#421 = VECTOR('',#422,1.);
#422 = DIRECTION('',(0.,0.,-1.));
#423 = ORIENTED_EDGE('',*,*,#424,.F.);
#424 = EDGE_CURVE('',#425,#417,#427,.T.);
#425 = VERTEX_POINT('',#426);
#426 = CARTESIAN_POINT('',(5.95,3.4,0.9));
#427 = LINE('',#428,#429);
#428 = CARTESIAN_POINT('',(5.95,3.4,0.9));
#429 = VECTOR('',#430,1.);
#430 = DIRECTION('',(-1.,-0.,-0.));
#431 = ORIENTED_EDGE('',*,*,#432,.T.);
#432 = EDGE_CURVE('',#425,#433,#435,.T.);
#433 = VERTEX_POINT('',#434);
#434 = CARTESIAN_POINT('',(5.95,3.4,0.));
#435 = LINE('',#436,#437);
#436 = CARTESIAN_POINT('',(5.95,3.4,0.9));
#437 = VECTOR('',#438,1.);
#438 = DIRECTION('',(0.,0.,-1.));
#439 = ORIENTED_EDGE('',*,*,#440,.F.);
#440 = EDGE_CURVE('',#441,#433,#443,.T.);
#441 = VERTEX_POINT('',#442);
#442 = CARTESIAN_POINT('',(6.55,3.4,0.));
#443 = LINE('',#444,#445);
#444 = CARTESIAN_POINT('',(22.45,3.4,0.));
#445 = VECTOR('',#446,1.);
#446 = DIRECTION('',(-1.,0.,0.));
#447 = ORIENTED_EDGE('',*,*,#448,.F.);
#448 = EDGE_CURVE('',#449,#441,#451,.T.);
#449 = VERTEX_POINT('',#450);
#450 = CARTESIAN_POINT('',(6.55,3.4,0.9));
#451 = LINE('',#452,#453);
#452 = CARTESIAN_POINT('',(6.55,3.4,0.9));
#453 = VECTOR('',#454,1.);
#454 = DIRECTION('',(0.,0.,-1.));
#455 = ORIENTED_EDGE('',*,*,#456,.F.);
#456 = EDGE_CURVE('',#457,#449,#459,.T.);
#457 = VERTEX_POINT('',#458);
#458 = CARTESIAN_POINT('',(8.45,3.4,0.9));
#459 = LINE('',#460,#461);
#460 = CARTESIAN_POINT('',(8.45,3.4,0.9));
#461 = VECTOR('',#462,1.);
#462 = DIRECTION('',(-1.,-0.,-0.));
#463 = ORIENTED_EDGE('',*,*,#464,.T.);
#464 = EDGE_CURVE('',#457,#465,#467,.T.);
#465 = VERTEX_POINT('',#466);
#466 = CARTESIAN_POINT('',(8.45,3.4,0.));
#467 = LINE('',#468,#469);
#468 = CARTESIAN_POINT('',(8.45,3.4,0.9));
#469 = VECTOR('',#470,1.);
#470 = DIRECTION('',(0.,0.,-1.));
#471 = ORIENTED_EDGE('',*,*,#472,.F.);
#472 = EDGE_CURVE('',#473,#465,#475,.T.);
#473 = VERTEX_POINT('',#474);
#474 = CARTESIAN_POINT('',(9.05,3.4,0.));
#475 = LINE('',#476,#477);
#476 = CARTESIAN_POINT('',(22.45,3.4,0.));
#477 = VECTOR('',#478,1.);
#478 = DIRECTION('',(-1.,0.,0.));
#479 = ORIENTED_EDGE('',*,*,#480,.F.);
#480 = EDGE_CURVE('',#481,#473,#483,.T.);
#481 = VERTEX_POINT('',#482);
#482 = CARTESIAN_POINT('',(9.05,3.4,0.9));
#483 = LINE('',#484,#485);
#484 = CARTESIAN_POINT('',(9.05,3.4,0.9));
#485 = VECTOR('',#486,1.);
#486 = DIRECTION('',(0.,0.,-1.));
#487 = ORIENTED_EDGE('',*,*,#488,.F.);
#488 = EDGE_CURVE('',#489,#481,#491,.T.);
#489 = VERTEX_POINT('',#490);
#490 = CARTESIAN_POINT('',(10.95,3.4,0.9));
#491 = LINE('',#492,#493);
#492 = CARTESIAN_POINT('',(10.95,3.4,0.9));
#493 = VECTOR('',#494,1.);
#494 = DIRECTION('',(-1.,-0.,-0.));
#495 = ORIENTED_EDGE('',*,*,#496,.T.);
#496 = EDGE_CURVE('',#489,#497,#499,.T.);
#497 = VERTEX_POINT('',#498);
#498 = CARTESIAN_POINT('',(10.95,3.4,0.));
#499 = LINE('',#500,#501);
#500 = CARTESIAN_POINT('',(10.95,3.4,0.9));
#501 = VECTOR('',#502,1.);
#502 = DIRECTION('',(0.,0.,-1.));
#503 = ORIENTED_EDGE('',*,*,#504,.F.);
#504 = EDGE_CURVE('',#505,#497,#507,.T.);
#505 = VERTEX_POINT('',#506);
#506 = CARTESIAN_POINT('',(11.55,3.4,0.));
#507 = LINE('',#508,#509);
#508 = CARTESIAN_POINT('',(22.45,3.4,0.));
#509 = VECTOR('',#510,1.);
#510 = DIRECTION('',(-1.,0.,0.));
#511 = ORIENTED_EDGE('',*,*,#512,.F.);
#512 = EDGE_CURVE('',#513,#505,#515,.T.);
#513 = VERTEX_POINT('',#514);
#514 = CARTESIAN_POINT('',(11.55,3.4,0.9));
#515 = LINE('',#516,#517);
#516 = CARTESIAN_POINT('',(11.55,3.4,0.9));
#517 = VECTOR('',#518,1.);
#518 = DIRECTION('',(0.,0.,-1.));
#519 = ORIENTED_EDGE('',*,*,#520,.F.);
#520 = EDGE_CURVE('',#521,#513,#523,.T.);
#521 = VERTEX_POINT('',#522);
#522 = CARTESIAN_POINT('',(13.45,3.4,0.9));
#523 = LINE('',#524,#525);
#524 = CARTESIAN_POINT('',(13.45,3.4,0.9));
#525 = VECTOR('',#526,1.);
#526 = DIRECTION('',(-1.,-0.,-0.));
#527 = ORIENTED_EDGE('',*,*,#528,.T.);
#528 = EDGE_CURVE('',#521,#529,#531,.T.);
#529 = VERTEX_POINT('',#530);
#530 = CARTESIAN_POINT('',(13.45,3.4,0.));
#531 = LINE('',#532,#533);
#532 = CARTESIAN_POINT('',(13.45,3.4,0.9));
#533 = VECTOR('',#534,1.);
#534 = DIRECTION('',(0.,0.,-1.));
#535 = ORIENTED_EDGE('',*,*,#536,.F.);
#536 = EDGE_CURVE('',#537,#529,#539,.T.);
#537 = VERTEX_POINT('',#538);
#538 = CARTESIAN_POINT('',(14.05,3.4,0.));
#539 = LINE('',#540,#541);
#540 = CARTESIAN_POINT('',(22.45,3.4,0.));
#541 = VECTOR('',#542,1.);
#542 = DIRECTION('',(-1.,0.,0.));
#543 = ORIENTED_EDGE('',*,*,#544,.F.);
#544 = EDGE_CURVE('',#545,#537,#547,.T.);
#545 = VERTEX_POINT('',#546);
#546 = CARTESIAN_POINT('',(14.05,3.4,0.9));
#547 = LINE('',#548,#549);
#548 = CARTESIAN_POINT('',(14.05,3.4,0.9));
#549 = VECTOR('',#550,1.);
#550 = DIRECTION('',(0.,0.,-1.));
#551 = ORIENTED_EDGE('',*,*,#552,.F.);
#552 = EDGE_CURVE('',#553,#545,#555,.T.);
#553 = VERTEX_POINT('',#554);
#554 = CARTESIAN_POINT('',(15.95,3.4,0.9));
#555 = LINE('',#556,#557);
#556 = CARTESIAN_POINT('',(15.95,3.4,0.9));
#557 = VECTOR('',#558,1.);
#558 = DIRECTION('',(-1.,-0.,-0.));
#559 = ORIENTED_EDGE('',*,*,#560,.T.);
#560 = EDGE_CURVE('',#553,#561,#563,.T.);
#561 = VERTEX_POINT('',#562);
#562 = CARTESIAN_POINT('',(15.95,3.4,0.));
#563 = LINE('',#564,#565);
#564 = CARTESIAN_POINT('',(15.95,3.4,0.9));
#565 = VECTOR('',#566,1.);
#566 = DIRECTION('',(0.,0.,-1.));
#567 = ORIENTED_EDGE('',*,*,#568,.F.);
#568 = EDGE_CURVE('',#569,#561,#571,.T.);
#569 = VERTEX_POINT('',#570);
#570 = CARTESIAN_POINT('',(16.55,3.4,0.));
#571 = LINE('',#572,#573);
#572 = CARTESIAN_POINT('',(22.45,3.4,0.));
#573 = VECTOR('',#574,1.);
#574 = DIRECTION('',(-1.,0.,0.));
#575 = ORIENTED_EDGE('',*,*,#576,.F.);
#576 = EDGE_CURVE('',#577,#569,#579,.T.);
#577 = VERTEX_POINT('',#578);
#578 = CARTESIAN_POINT('',(16.55,3.4,0.9));
#579 = LINE('',#580,#581);
#580 = CARTESIAN_POINT('',(16.55,3.4,0.9));
#581 = VECTOR('',#582,1.);
#582 = DIRECTION('',(0.,0.,-1.));
#583 = ORIENTED_EDGE('',*,*,#584,.F.);
#584 = EDGE_CURVE('',#585,#577,#587,.T.);
#585 = VERTEX_POINT('',#586);
#586 = CARTESIAN_POINT('',(18.45,3.4,0.9));
#587 = LINE('',#588,#589);
#588 = CARTESIAN_POINT('',(18.45,3.4,0.9));
#589 = VECTOR('',#590,1.);
#590 = DIRECTION('',(-1.,-0.,-0.));
#591 = ORIENTED_EDGE('',*,*,#592,.T.);
#592 = EDGE_CURVE('',#585,#593,#595,.T.);
#593 = VERTEX_POINT('',#594);
#594 = CARTESIAN_POINT('',(18.45,3.4,0.));
#595 = LINE('',#596,#597);
#596 = CARTESIAN_POINT('',(18.45,3.4,0.9));
#597 = VECTOR('',#598,1.);
#598 = DIRECTION('',(0.,0.,-1.));
#599 = ORIENTED_EDGE('',*,*,#600,.F.);
#600 = EDGE_CURVE('',#601,#593,#603,.T.);
#601 = VERTEX_POINT('',#602);
#602 = CARTESIAN_POINT('',(19.05,3.4,0.));
#603 = LINE('',#604,#605);
#604 = CARTESIAN_POINT('',(22.45,3.4,0.));
#605 = VECTOR('',#606,1.);
#606 = DIRECTION('',(-1.,0.,0.));
#607 = ORIENTED_EDGE('',*,*,#608,.F.);
#608 = EDGE_CURVE('',#609,#601,#611,.T.);
#609 = VERTEX_POINT('',#610);
#610 = CARTESIAN_POINT('',(19.05,3.4,0.9));
#611 = LINE('',#612,#613);
#612 = CARTESIAN_POINT('',(19.05,3.4,0.9));
#613 = VECTOR('',#614,1.);
#614 = DIRECTION('',(0.,0.,-1.));
#615 = ORIENTED_EDGE('',*,*,#616,.F.);
#616 = EDGE_CURVE('',#617,#609,#619,.T.);
#617 = VERTEX_POINT('',#618);
#618 = CARTESIAN_POINT('',(20.95,3.4,0.9));
#619 = LINE('',#620,#621);
#620 = CARTESIAN_POINT('',(20.95,3.4,0.9));
#621 = VECTOR('',#622,1.);
#622 = DIRECTION('',(-1.,-0.,-0.));
#623 = ORIENTED_EDGE('',*,*,#624,.T.);
#624 = EDGE_CURVE('',#617,#329,#625,.T.);
#625 = LINE('',#626,#627);
#626 = CARTESIAN_POINT('',(20.95,3.4,0.9));
#627 = VECTOR('',#628,1.);
#628 = DIRECTION('',(0.,0.,-1.));
#629 = PLANE('',#630);
#630 = AXIS2_PLACEMENT_3D('',#631,#632,#633);
#631 = CARTESIAN_POINT('',(22.45,3.4,0.));
#632 = DIRECTION('',(0.,-1.,0.));
#633 = DIRECTION('',(-1.,0.,0.));
#634 = ADVANCED_FACE('',(#635),#661,.T.);
#635 = FACE_BOUND('',#636,.T.);
#636 = EDGE_LOOP('',(#637,#645,#653,#659,#660));
#637 = ORIENTED_EDGE('',*,*,#638,.T.);
#638 = EDGE_CURVE('',#305,#639,#641,.T.);
#639 = VERTEX_POINT('',#640);
#640 = CARTESIAN_POINT('',(21.7,-0.7,3.9));
#641 = LINE('',#642,#643);
#642 = CARTESIAN_POINT('',(21.7,-0.7,4.067949337881));
#643 = VECTOR('',#644,1.);
#644 = DIRECTION('',(0.,0.,-1.));
#645 = ORIENTED_EDGE('',*,*,#646,.T.);
#646 = EDGE_CURVE('',#639,#647,#649,.T.);
#647 = VERTEX_POINT('',#648);
#648 = CARTESIAN_POINT('',(22.45,-0.7,3.9));
#649 = LINE('',#650,#651);
#650 = CARTESIAN_POINT('',(-5.,-0.7,3.9));
#651 = VECTOR('',#652,1.);
#652 = DIRECTION('',(1.,0.,0.));
#653 = ORIENTED_EDGE('',*,*,#654,.T.);
#654 = EDGE_CURVE('',#647,#78,#655,.T.);
#655 = LINE('',#656,#657);
#656 = CARTESIAN_POINT('',(22.45,-0.7,1.95));
#657 = VECTOR('',#658,1.);
#658 = DIRECTION('',(0.,0.,1.));
#659 = ORIENTED_EDGE('',*,*,#77,.F.);
#660 = ORIENTED_EDGE('',*,*,#304,.T.);
#661 = PLANE('',#662);
#662 = AXIS2_PLACEMENT_3D('',#663,#664,#665);
#663 = CARTESIAN_POINT('',(-5.,-0.7,3.9));
#664 = DIRECTION('',(0.,-1.,0.));
#665 = DIRECTION('',(0.,0.,1.));
#666 = ADVANCED_FACE('',(#667),#686,.T.);
#667 = FACE_BOUND('',#668,.T.);
#668 = EDGE_LOOP('',(#669,#678,#679,#680));
#669 = ORIENTED_EDGE('',*,*,#670,.T.);
#670 = EDGE_CURVE('',#671,#327,#673,.T.);
#671 = VERTEX_POINT('',#672);
#672 = CARTESIAN_POINT('',(22.45,2.9,0.));
#673 = CIRCLE('',#674,0.5);
#674 = AXIS2_PLACEMENT_3D('',#675,#676,#677);
#675 = CARTESIAN_POINT('',(21.95,2.9,0.));
#676 = DIRECTION('',(-0.,0.,1.));
#677 = DIRECTION('',(0.,-1.,0.));
#678 = ORIENTED_EDGE('',*,*,#336,.T.);
#679 = ORIENTED_EDGE('',*,*,#93,.F.);
#680 = ORIENTED_EDGE('',*,*,#681,.F.);
#681 = EDGE_CURVE('',#671,#86,#682,.T.);
#682 = LINE('',#683,#684);
#683 = CARTESIAN_POINT('',(22.45,2.9,0.));
#684 = VECTOR('',#685,1.);
#685 = DIRECTION('',(0.,0.,1.));
#686 = CYLINDRICAL_SURFACE('',#687,0.5);
#687 = AXIS2_PLACEMENT_3D('',#688,#689,#690);
#688 = CARTESIAN_POINT('',(21.95,2.9,0.));
#689 = DIRECTION('',(0.,0.,1.));
#690 = DIRECTION('',(1.,0.,0.));
#691 = ADVANCED_FACE('',(#692),#736,.F.);
#692 = FACE_BOUND('',#693,.F.);
#693 = EDGE_LOOP('',(#694,#702,#710,#718,#726,#733,#734,#735));
#694 = ORIENTED_EDGE('',*,*,#695,.F.);
#695 = EDGE_CURVE('',#696,#671,#698,.T.);
#696 = VERTEX_POINT('',#697);
#697 = CARTESIAN_POINT('',(22.45,-2.35,0.));
#698 = LINE('',#699,#700);
#699 = CARTESIAN_POINT('',(22.45,-2.35,0.));
#700 = VECTOR('',#701,1.);
#701 = DIRECTION('',(0.,1.,0.));
#702 = ORIENTED_EDGE('',*,*,#703,.T.);
#703 = EDGE_CURVE('',#696,#704,#706,.T.);
#704 = VERTEX_POINT('',#705);
#705 = CARTESIAN_POINT('',(22.45,-2.35,7.));
#706 = LINE('',#707,#708);
#707 = CARTESIAN_POINT('',(22.45,-2.35,0.));
#708 = VECTOR('',#709,1.);
#709 = DIRECTION('',(0.,0.,1.));
#710 = ORIENTED_EDGE('',*,*,#711,.T.);
#711 = EDGE_CURVE('',#704,#712,#714,.T.);
#712 = VERTEX_POINT('',#713);
#713 = CARTESIAN_POINT('',(22.45,-1.549999999998,7.));
#714 = LINE('',#715,#716);
#715 = CARTESIAN_POINT('',(22.45,-2.35,7.));
#716 = VECTOR('',#717,1.);
#717 = DIRECTION('',(0.,1.,0.));
#718 = ORIENTED_EDGE('',*,*,#719,.T.);
#719 = EDGE_CURVE('',#712,#720,#722,.T.);
#720 = VERTEX_POINT('',#721);
#721 = CARTESIAN_POINT('',(22.45,-1.549999999998,4.749999999997));
#722 = LINE('',#723,#724);
#723 = CARTESIAN_POINT('',(22.45,-1.549999999998,3.5));
#724 = VECTOR('',#725,1.);
#725 = DIRECTION('',(0.,0.,-1.));
#726 = ORIENTED_EDGE('',*,*,#727,.F.);
#727 = EDGE_CURVE('',#647,#720,#728,.T.);
#728 = CIRCLE('',#729,0.849999999998);
#729 = AXIS2_PLACEMENT_3D('',#730,#731,#732);
#730 = CARTESIAN_POINT('',(22.45,-0.7,4.749999999998));
#731 = DIRECTION('',(-1.,0.,0.));
#732 = DIRECTION('',(0.,1.,0.));
#733 = ORIENTED_EDGE('',*,*,#654,.T.);
#734 = ORIENTED_EDGE('',*,*,#85,.T.);
#735 = ORIENTED_EDGE('',*,*,#681,.F.);
#736 = PLANE('',#737);
#737 = AXIS2_PLACEMENT_3D('',#738,#739,#740);
#738 = CARTESIAN_POINT('',(22.45,-2.35,0.));
#739 = DIRECTION('',(-1.,0.,0.));
#740 = DIRECTION('',(0.,1.,0.));
#741 = ADVANCED_FACE('',(#742),#809,.T.);
#742 = FACE_BOUND('',#743,.T.);
#743 = EDGE_LOOP('',(#744,#745,#754,#762,#770,#778,#786,#794,#802,#808)
  );
#744 = ORIENTED_EDGE('',*,*,#150,.T.);
#745 = ORIENTED_EDGE('',*,*,#746,.T.);
#746 = EDGE_CURVE('',#143,#747,#749,.T.);
#747 = VERTEX_POINT('',#748);
#748 = CARTESIAN_POINT('',(-1.7,-1.549999999998,4.749999999997));
#749 = CIRCLE('',#750,0.849999999998);
#750 = AXIS2_PLACEMENT_3D('',#751,#752,#753);
#751 = CARTESIAN_POINT('',(-1.7,-0.7,4.749999999998));
#752 = DIRECTION('',(-1.,0.,0.));
#753 = DIRECTION('',(0.,1.,0.));
#754 = ORIENTED_EDGE('',*,*,#755,.T.);
#755 = EDGE_CURVE('',#747,#756,#758,.T.);
#756 = VERTEX_POINT('',#757);
#757 = CARTESIAN_POINT('',(-1.7,-1.549999999998,7.));
#758 = LINE('',#759,#760);
#759 = CARTESIAN_POINT('',(-1.7,-1.549999999998,5.617949337881));
#760 = VECTOR('',#761,1.);
#761 = DIRECTION('',(0.,0.,1.));
#762 = ORIENTED_EDGE('',*,*,#763,.T.);
#763 = EDGE_CURVE('',#756,#764,#766,.T.);
#764 = VERTEX_POINT('',#765);
#765 = CARTESIAN_POINT('',(-1.7,-1.6,7.));
#766 = LINE('',#767,#768);
#767 = CARTESIAN_POINT('',(-1.7,2.65,7.));
#768 = VECTOR('',#769,1.);
#769 = DIRECTION('',(0.,-1.,0.));
#770 = ORIENTED_EDGE('',*,*,#771,.T.);
#771 = EDGE_CURVE('',#764,#772,#774,.T.);
#772 = VERTEX_POINT('',#773);
#773 = CARTESIAN_POINT('',(-1.7,-1.6,1.9));
#774 = LINE('',#775,#776);
#775 = CARTESIAN_POINT('',(-1.7,-1.6,7.));
#776 = VECTOR('',#777,1.);
#777 = DIRECTION('',(0.,0.,-1.));
#778 = ORIENTED_EDGE('',*,*,#779,.T.);
#779 = EDGE_CURVE('',#772,#780,#782,.T.);
#780 = VERTEX_POINT('',#781);
#781 = CARTESIAN_POINT('',(-1.7,0.5,1.9));
#782 = LINE('',#783,#784);
#783 = CARTESIAN_POINT('',(-1.7,-1.6,1.9));
#784 = VECTOR('',#785,1.);
#785 = DIRECTION('',(0.,1.,0.));
#786 = ORIENTED_EDGE('',*,*,#787,.T.);
#787 = EDGE_CURVE('',#780,#788,#790,.T.);
#788 = VERTEX_POINT('',#789);
#789 = CARTESIAN_POINT('',(-1.7,0.875277674973,1.25));
#790 = LINE('',#791,#792);
#791 = CARTESIAN_POINT('',(-1.7,0.5,1.9));
#792 = VECTOR('',#793,1.);
#793 = DIRECTION('',(0.,0.5,-0.866025403784));
#794 = ORIENTED_EDGE('',*,*,#795,.T.);
#795 = EDGE_CURVE('',#788,#796,#798,.T.);
#796 = VERTEX_POINT('',#797);
#797 = CARTESIAN_POINT('',(-1.7,2.65,1.25));
#798 = LINE('',#799,#800);
#799 = CARTESIAN_POINT('',(-1.7,0.875277674973,1.25));
#800 = VECTOR('',#801,1.);
#801 = DIRECTION('',(0.,1.,0.));
#802 = ORIENTED_EDGE('',*,*,#803,.T.);
#803 = EDGE_CURVE('',#796,#173,#804,.T.);
#804 = LINE('',#805,#806);
#805 = CARTESIAN_POINT('',(-1.7,2.65,1.25));
#806 = VECTOR('',#807,1.);
#807 = DIRECTION('',(0.,0.,1.));
#808 = ORIENTED_EDGE('',*,*,#182,.T.);
#809 = PLANE('',#810);
#810 = AXIS2_PLACEMENT_3D('',#811,#812,#813);
#811 = CARTESIAN_POINT('',(-1.7,0.598118601855,4.235898675762));
#812 = DIRECTION('',(1.,0.,0.));
#813 = DIRECTION('',(0.,0.,1.));
#814 = ADVANCED_FACE('',(#815),#826,.F.);
#815 = FACE_BOUND('',#816,.T.);
#816 = EDGE_LOOP('',(#817,#818,#824,#825));
#817 = ORIENTED_EDGE('',*,*,#214,.T.);
#818 = ORIENTED_EDGE('',*,*,#819,.T.);
#819 = EDGE_CURVE('',#215,#747,#820,.T.);
#820 = LINE('',#821,#822);
#821 = CARTESIAN_POINT('',(-5.,-1.549999999998,4.749999999997));
#822 = VECTOR('',#823,1.);
#823 = DIRECTION('',(1.,0.,0.));
#824 = ORIENTED_EDGE('',*,*,#746,.F.);
#825 = ORIENTED_EDGE('',*,*,#142,.F.);
#826 = CYLINDRICAL_SURFACE('',#827,0.849999999998);
#827 = AXIS2_PLACEMENT_3D('',#828,#829,#830);
#828 = CARTESIAN_POINT('',(-5.,-0.7,4.749999999998));
#829 = DIRECTION('',(-1.,-0.,-0.));
#830 = DIRECTION('',(0.,1.,0.));
#831 = ADVANCED_FACE('',(#832),#851,.F.);
#832 = FACE_BOUND('',#833,.F.);
#833 = EDGE_LOOP('',(#834,#835,#843,#849,#850));
#834 = ORIENTED_EDGE('',*,*,#196,.T.);
#835 = ORIENTED_EDGE('',*,*,#836,.T.);
#836 = EDGE_CURVE('',#199,#837,#839,.T.);
#837 = VERTEX_POINT('',#838);
#838 = CARTESIAN_POINT('',(-0.95,-2.35,0.));
#839 = LINE('',#840,#841);
#840 = CARTESIAN_POINT('',(-2.45,-2.35,0.));
#841 = VECTOR('',#842,1.);
#842 = DIRECTION('',(1.,0.,0.));
#843 = ORIENTED_EDGE('',*,*,#844,.F.);
#844 = EDGE_CURVE('',#345,#837,#845,.T.);
#845 = LINE('',#846,#847);
#846 = CARTESIAN_POINT('',(-0.95,3.4,0.));
#847 = VECTOR('',#848,1.);
#848 = DIRECTION('',(0.,-1.,0.));
#849 = ORIENTED_EDGE('',*,*,#344,.T.);
#850 = ORIENTED_EDGE('',*,*,#277,.F.);
#851 = PLANE('',#852);
#852 = AXIS2_PLACEMENT_3D('',#853,#854,#855);
#853 = CARTESIAN_POINT('',(10.,0.525,0.));
#854 = DIRECTION('',(0.,0.,1.));
#855 = DIRECTION('',(1.,0.,0.));
#856 = ADVANCED_FACE('',(#857),#1284,.F.);
#857 = FACE_BOUND('',#858,.F.);
#858 = EDGE_LOOP('',(#859,#860,#861,#869,#877,#885,#893,#901,#910,#918,
    #926,#934,#942,#950,#959,#967,#975,#983,#991,#997,#998,#1006,#1014,
    #1022,#1030,#1038,#1046,#1054,#1062,#1070,#1078,#1086,#1094,#1102,
    #1110,#1118,#1126,#1134,#1142,#1150,#1158,#1166,#1174,#1182,#1190,
    #1198,#1206,#1214,#1222,#1230,#1238,#1246,#1254,#1262,#1270,#1278));
#859 = ORIENTED_EDGE('',*,*,#836,.F.);
#860 = ORIENTED_EDGE('',*,*,#239,.T.);
#861 = ORIENTED_EDGE('',*,*,#862,.T.);
#862 = EDGE_CURVE('',#232,#863,#865,.T.);
#863 = VERTEX_POINT('',#864);
#864 = CARTESIAN_POINT('',(-0.8,-2.35,7.));
#865 = LINE('',#866,#867);
#866 = CARTESIAN_POINT('',(-2.45,-2.35,7.));
#867 = VECTOR('',#868,1.);
#868 = DIRECTION('',(1.,0.,0.));
#869 = ORIENTED_EDGE('',*,*,#870,.F.);
#870 = EDGE_CURVE('',#871,#863,#873,.T.);
#871 = VERTEX_POINT('',#872);
#872 = CARTESIAN_POINT('',(-0.8,-2.35,6.8));
#873 = LINE('',#874,#875);
#874 = CARTESIAN_POINT('',(-0.8,-2.35,3.4));
#875 = VECTOR('',#876,1.);
#876 = DIRECTION('',(0.,0.,1.));
#877 = ORIENTED_EDGE('',*,*,#878,.F.);
#878 = EDGE_CURVE('',#879,#871,#881,.T.);
#879 = VERTEX_POINT('',#880);
#880 = CARTESIAN_POINT('',(-0.4,-2.35,6.4));
#881 = LINE('',#882,#883);
#882 = CARTESIAN_POINT('',(0.6875,-2.35,5.3125));
#883 = VECTOR('',#884,1.);
#884 = DIRECTION('',(-0.707106781187,0.,0.707106781187));
#885 = ORIENTED_EDGE('',*,*,#886,.F.);
#886 = EDGE_CURVE('',#887,#879,#889,.T.);
#887 = VERTEX_POINT('',#888);
#888 = CARTESIAN_POINT('',(-0.8,-2.35,6.));
#889 = LINE('',#890,#891);
#890 = CARTESIAN_POINT('',(-2.7125,-2.35,4.0875));
#891 = VECTOR('',#892,1.);
#892 = DIRECTION('',(0.707106781187,0.,0.707106781187));
#893 = ORIENTED_EDGE('',*,*,#894,.F.);
#894 = EDGE_CURVE('',#895,#887,#897,.T.);
#895 = VERTEX_POINT('',#896);
#896 = CARTESIAN_POINT('',(-0.8,-2.35,3.9));
#897 = LINE('',#898,#899);
#898 = CARTESIAN_POINT('',(-0.8,-2.35,1.95));
#899 = VECTOR('',#900,1.);
#900 = DIRECTION('',(0.,0.,1.));
#901 = ORIENTED_EDGE('',*,*,#902,.F.);
#902 = EDGE_CURVE('',#903,#895,#905,.T.);
#903 = VERTEX_POINT('',#904);
#904 = CARTESIAN_POINT('',(-0.1,-2.35,3.2));
#905 = CIRCLE('',#906,0.7);
#906 = AXIS2_PLACEMENT_3D('',#907,#908,#909);
#907 = CARTESIAN_POINT('',(-0.1,-2.35,3.9));
#908 = DIRECTION('',(0.,1.,-2.22044604925E-16));
#909 = DIRECTION('',(1.,0.,0.));
#910 = ORIENTED_EDGE('',*,*,#911,.F.);
#911 = EDGE_CURVE('',#912,#903,#914,.T.);
#912 = VERTEX_POINT('',#913);
#913 = CARTESIAN_POINT('',(1.05,-2.35,3.2));
#914 = LINE('',#915,#916);
#915 = CARTESIAN_POINT('',(-0.7,-2.35,3.2));
#916 = VECTOR('',#917,1.);
#917 = DIRECTION('',(-1.,0.,0.));
#918 = ORIENTED_EDGE('',*,*,#919,.F.);
#919 = EDGE_CURVE('',#920,#912,#922,.T.);
#920 = VERTEX_POINT('',#921);
#921 = CARTESIAN_POINT('',(1.05,-2.35,7.));
#922 = LINE('',#923,#924);
#923 = CARTESIAN_POINT('',(1.05,-2.35,3.5));
#924 = VECTOR('',#925,1.);
#925 = DIRECTION('',(0.,0.,-1.));
#926 = ORIENTED_EDGE('',*,*,#927,.T.);
#927 = EDGE_CURVE('',#920,#928,#930,.T.);
#928 = VERTEX_POINT('',#929);
#929 = CARTESIAN_POINT('',(18.95,-2.35,7.));
#930 = LINE('',#931,#932);
#931 = CARTESIAN_POINT('',(-2.45,-2.35,7.));
#932 = VECTOR('',#933,1.);
#933 = DIRECTION('',(1.,0.,0.));
#934 = ORIENTED_EDGE('',*,*,#935,.T.);
#935 = EDGE_CURVE('',#928,#936,#938,.T.);
#936 = VERTEX_POINT('',#937);
#937 = CARTESIAN_POINT('',(18.95,-2.35,3.2));
#938 = LINE('',#939,#940);
#939 = CARTESIAN_POINT('',(18.95,-2.35,3.5));
#940 = VECTOR('',#941,1.);
#941 = DIRECTION('',(0.,0.,-1.));
#942 = ORIENTED_EDGE('',*,*,#943,.T.);
#943 = EDGE_CURVE('',#936,#944,#946,.T.);
#944 = VERTEX_POINT('',#945);
#945 = CARTESIAN_POINT('',(20.1,-2.35,3.2));
#946 = LINE('',#947,#948);
#947 = CARTESIAN_POINT('',(8.25,-2.35,3.2));
#948 = VECTOR('',#949,1.);
#949 = DIRECTION('',(1.,0.,0.));
#950 = ORIENTED_EDGE('',*,*,#951,.F.);
#951 = EDGE_CURVE('',#952,#944,#954,.T.);
#952 = VERTEX_POINT('',#953);
#953 = CARTESIAN_POINT('',(20.8,-2.35,3.9));
#954 = CIRCLE('',#955,0.7);
#955 = AXIS2_PLACEMENT_3D('',#956,#957,#958);
#956 = CARTESIAN_POINT('',(20.1,-2.35,3.9));
#957 = DIRECTION('',(0.,1.,-2.22044604925E-16));
#958 = DIRECTION('',(1.,0.,0.));
#959 = ORIENTED_EDGE('',*,*,#960,.T.);
#960 = EDGE_CURVE('',#952,#961,#963,.T.);
#961 = VERTEX_POINT('',#962);
#962 = CARTESIAN_POINT('',(20.8,-2.35,6.));
#963 = LINE('',#964,#965);
#964 = CARTESIAN_POINT('',(20.8,-2.35,1.95));
#965 = VECTOR('',#966,1.);
#966 = DIRECTION('',(0.,0.,1.));
#967 = ORIENTED_EDGE('',*,*,#968,.T.);
#968 = EDGE_CURVE('',#961,#969,#971,.T.);
#969 = VERTEX_POINT('',#970);
#970 = CARTESIAN_POINT('',(20.4,-2.35,6.4));
#971 = LINE('',#972,#973);
#972 = CARTESIAN_POINT('',(16.4875,-2.35,10.3125));
#973 = VECTOR('',#974,1.);
#974 = DIRECTION('',(-0.707106781187,0.,0.707106781187));
#975 = ORIENTED_EDGE('',*,*,#976,.T.);
#976 = EDGE_CURVE('',#969,#977,#979,.T.);
#977 = VERTEX_POINT('',#978);
#978 = CARTESIAN_POINT('',(20.8,-2.35,6.8));
#979 = LINE('',#980,#981);
#980 = CARTESIAN_POINT('',(13.0875,-2.35,-0.9125));
#981 = VECTOR('',#982,1.);
#982 = DIRECTION('',(0.707106781187,0.,0.707106781187));
#983 = ORIENTED_EDGE('',*,*,#984,.T.);
#984 = EDGE_CURVE('',#977,#985,#987,.T.);
#985 = VERTEX_POINT('',#986);
#986 = CARTESIAN_POINT('',(20.8,-2.35,7.));
#987 = LINE('',#988,#989);
#988 = CARTESIAN_POINT('',(20.8,-2.35,3.4));
#989 = VECTOR('',#990,1.);
#990 = DIRECTION('',(0.,0.,1.));
#991 = ORIENTED_EDGE('',*,*,#992,.T.);
#992 = EDGE_CURVE('',#985,#704,#993,.T.);
#993 = LINE('',#994,#995);
#994 = CARTESIAN_POINT('',(-2.45,-2.35,7.));
#995 = VECTOR('',#996,1.);
#996 = DIRECTION('',(1.,0.,0.));
#997 = ORIENTED_EDGE('',*,*,#703,.F.);
#998 = ORIENTED_EDGE('',*,*,#999,.F.);
#999 = EDGE_CURVE('',#1000,#696,#1002,.T.);
#1000 = VERTEX_POINT('',#1001);
#1001 = CARTESIAN_POINT('',(20.95,-2.35,0.));
#1002 = LINE('',#1003,#1004);
#1003 = CARTESIAN_POINT('',(-2.45,-2.35,0.));
#1004 = VECTOR('',#1005,1.);
#1005 = DIRECTION('',(1.,0.,0.));
#1006 = ORIENTED_EDGE('',*,*,#1007,.T.);
#1007 = EDGE_CURVE('',#1000,#1008,#1010,.T.);
#1008 = VERTEX_POINT('',#1009);
#1009 = CARTESIAN_POINT('',(20.95,-2.35,0.587106270774));
#1010 = LINE('',#1011,#1012);
#1011 = CARTESIAN_POINT('',(20.95,-2.35,0.));
#1012 = VECTOR('',#1013,1.);
#1013 = DIRECTION('',(0.,0.,1.));
#1014 = ORIENTED_EDGE('',*,*,#1015,.T.);
#1015 = EDGE_CURVE('',#1008,#1016,#1018,.T.);
#1016 = VERTEX_POINT('',#1017);
#1017 = CARTESIAN_POINT('',(19.05,-2.35,0.587106270774));
#1018 = LINE('',#1019,#1020);
#1019 = CARTESIAN_POINT('',(20.95,-2.35,0.587106270774));
#1020 = VECTOR('',#1021,1.);
#1021 = DIRECTION('',(-1.,-0.,-0.));
#1022 = ORIENTED_EDGE('',*,*,#1023,.F.);
#1023 = EDGE_CURVE('',#1024,#1016,#1026,.T.);
#1024 = VERTEX_POINT('',#1025);
#1025 = CARTESIAN_POINT('',(19.05,-2.35,0.));
#1026 = LINE('',#1027,#1028);
#1027 = CARTESIAN_POINT('',(19.05,-2.35,0.));
#1028 = VECTOR('',#1029,1.);
#1029 = DIRECTION('',(0.,0.,1.));
#1030 = ORIENTED_EDGE('',*,*,#1031,.F.);
#1031 = EDGE_CURVE('',#1032,#1024,#1034,.T.);
#1032 = VERTEX_POINT('',#1033);
#1033 = CARTESIAN_POINT('',(18.45,-2.35,0.));
#1034 = LINE('',#1035,#1036);
#1035 = CARTESIAN_POINT('',(-2.45,-2.35,0.));
#1036 = VECTOR('',#1037,1.);
#1037 = DIRECTION('',(1.,0.,0.));
#1038 = ORIENTED_EDGE('',*,*,#1039,.T.);
#1039 = EDGE_CURVE('',#1032,#1040,#1042,.T.);
#1040 = VERTEX_POINT('',#1041);
#1041 = CARTESIAN_POINT('',(18.45,-2.35,0.587106270774));
#1042 = LINE('',#1043,#1044);
#1043 = CARTESIAN_POINT('',(18.45,-2.35,0.));
#1044 = VECTOR('',#1045,1.);
#1045 = DIRECTION('',(0.,0.,1.));
#1046 = ORIENTED_EDGE('',*,*,#1047,.T.);
#1047 = EDGE_CURVE('',#1040,#1048,#1050,.T.);
#1048 = VERTEX_POINT('',#1049);
#1049 = CARTESIAN_POINT('',(16.55,-2.35,0.587106270774));
#1050 = LINE('',#1051,#1052);
#1051 = CARTESIAN_POINT('',(18.45,-2.35,0.587106270774));
#1052 = VECTOR('',#1053,1.);
#1053 = DIRECTION('',(-1.,-0.,-0.));
#1054 = ORIENTED_EDGE('',*,*,#1055,.F.);
#1055 = EDGE_CURVE('',#1056,#1048,#1058,.T.);
#1056 = VERTEX_POINT('',#1057);
#1057 = CARTESIAN_POINT('',(16.55,-2.35,0.));
#1058 = LINE('',#1059,#1060);
#1059 = CARTESIAN_POINT('',(16.55,-2.35,0.));
#1060 = VECTOR('',#1061,1.);
#1061 = DIRECTION('',(0.,0.,1.));
#1062 = ORIENTED_EDGE('',*,*,#1063,.F.);
#1063 = EDGE_CURVE('',#1064,#1056,#1066,.T.);
#1064 = VERTEX_POINT('',#1065);
#1065 = CARTESIAN_POINT('',(15.95,-2.35,0.));
#1066 = LINE('',#1067,#1068);
#1067 = CARTESIAN_POINT('',(-2.45,-2.35,0.));
#1068 = VECTOR('',#1069,1.);
#1069 = DIRECTION('',(1.,0.,0.));
#1070 = ORIENTED_EDGE('',*,*,#1071,.T.);
#1071 = EDGE_CURVE('',#1064,#1072,#1074,.T.);
#1072 = VERTEX_POINT('',#1073);
#1073 = CARTESIAN_POINT('',(15.95,-2.35,0.587106270774));
#1074 = LINE('',#1075,#1076);
#1075 = CARTESIAN_POINT('',(15.95,-2.35,0.));
#1076 = VECTOR('',#1077,1.);
#1077 = DIRECTION('',(0.,0.,1.));
#1078 = ORIENTED_EDGE('',*,*,#1079,.T.);
#1079 = EDGE_CURVE('',#1072,#1080,#1082,.T.);
#1080 = VERTEX_POINT('',#1081);
#1081 = CARTESIAN_POINT('',(14.05,-2.35,0.587106270774));
#1082 = LINE('',#1083,#1084);
#1083 = CARTESIAN_POINT('',(15.95,-2.35,0.587106270774));
#1084 = VECTOR('',#1085,1.);
#1085 = DIRECTION('',(-1.,-0.,-0.));
#1086 = ORIENTED_EDGE('',*,*,#1087,.F.);
#1087 = EDGE_CURVE('',#1088,#1080,#1090,.T.);
#1088 = VERTEX_POINT('',#1089);
#1089 = CARTESIAN_POINT('',(14.05,-2.35,0.));
#1090 = LINE('',#1091,#1092);
#1091 = CARTESIAN_POINT('',(14.05,-2.35,0.));
#1092 = VECTOR('',#1093,1.);
#1093 = DIRECTION('',(0.,0.,1.));
#1094 = ORIENTED_EDGE('',*,*,#1095,.F.);
#1095 = EDGE_CURVE('',#1096,#1088,#1098,.T.);
#1096 = VERTEX_POINT('',#1097);
#1097 = CARTESIAN_POINT('',(13.45,-2.35,0.));
#1098 = LINE('',#1099,#1100);
#1099 = CARTESIAN_POINT('',(-2.45,-2.35,0.));
#1100 = VECTOR('',#1101,1.);
#1101 = DIRECTION('',(1.,0.,0.));
#1102 = ORIENTED_EDGE('',*,*,#1103,.T.);
#1103 = EDGE_CURVE('',#1096,#1104,#1106,.T.);
#1104 = VERTEX_POINT('',#1105);
#1105 = CARTESIAN_POINT('',(13.45,-2.35,0.587106270774));
#1106 = LINE('',#1107,#1108);
#1107 = CARTESIAN_POINT('',(13.45,-2.35,0.));
#1108 = VECTOR('',#1109,1.);
#1109 = DIRECTION('',(0.,0.,1.));
#1110 = ORIENTED_EDGE('',*,*,#1111,.T.);
#1111 = EDGE_CURVE('',#1104,#1112,#1114,.T.);
#1112 = VERTEX_POINT('',#1113);
#1113 = CARTESIAN_POINT('',(11.55,-2.35,0.587106270774));
#1114 = LINE('',#1115,#1116);
#1115 = CARTESIAN_POINT('',(13.45,-2.35,0.587106270774));
#1116 = VECTOR('',#1117,1.);
#1117 = DIRECTION('',(-1.,-0.,-0.));
#1118 = ORIENTED_EDGE('',*,*,#1119,.F.);
#1119 = EDGE_CURVE('',#1120,#1112,#1122,.T.);
#1120 = VERTEX_POINT('',#1121);
#1121 = CARTESIAN_POINT('',(11.55,-2.35,0.));
#1122 = LINE('',#1123,#1124);
#1123 = CARTESIAN_POINT('',(11.55,-2.35,0.));
#1124 = VECTOR('',#1125,1.);
#1125 = DIRECTION('',(0.,0.,1.));
#1126 = ORIENTED_EDGE('',*,*,#1127,.F.);
#1127 = EDGE_CURVE('',#1128,#1120,#1130,.T.);
#1128 = VERTEX_POINT('',#1129);
#1129 = CARTESIAN_POINT('',(10.95,-2.35,0.));
#1130 = LINE('',#1131,#1132);
#1131 = CARTESIAN_POINT('',(-2.45,-2.35,0.));
#1132 = VECTOR('',#1133,1.);
#1133 = DIRECTION('',(1.,0.,0.));
#1134 = ORIENTED_EDGE('',*,*,#1135,.T.);
#1135 = EDGE_CURVE('',#1128,#1136,#1138,.T.);
#1136 = VERTEX_POINT('',#1137);
#1137 = CARTESIAN_POINT('',(10.95,-2.35,0.587106270774));
#1138 = LINE('',#1139,#1140);
#1139 = CARTESIAN_POINT('',(10.95,-2.35,0.));
#1140 = VECTOR('',#1141,1.);
#1141 = DIRECTION('',(0.,0.,1.));
#1142 = ORIENTED_EDGE('',*,*,#1143,.T.);
#1143 = EDGE_CURVE('',#1136,#1144,#1146,.T.);
#1144 = VERTEX_POINT('',#1145);
#1145 = CARTESIAN_POINT('',(9.05,-2.35,0.587106270774));
#1146 = LINE('',#1147,#1148);
#1147 = CARTESIAN_POINT('',(10.95,-2.35,0.587106270774));
#1148 = VECTOR('',#1149,1.);
#1149 = DIRECTION('',(-1.,-0.,-0.));
#1150 = ORIENTED_EDGE('',*,*,#1151,.F.);
#1151 = EDGE_CURVE('',#1152,#1144,#1154,.T.);
#1152 = VERTEX_POINT('',#1153);
#1153 = CARTESIAN_POINT('',(9.05,-2.35,0.));
#1154 = LINE('',#1155,#1156);
#1155 = CARTESIAN_POINT('',(9.05,-2.35,0.));
#1156 = VECTOR('',#1157,1.);
#1157 = DIRECTION('',(0.,0.,1.));
#1158 = ORIENTED_EDGE('',*,*,#1159,.F.);
#1159 = EDGE_CURVE('',#1160,#1152,#1162,.T.);
#1160 = VERTEX_POINT('',#1161);
#1161 = CARTESIAN_POINT('',(8.45,-2.35,0.));
#1162 = LINE('',#1163,#1164);
#1163 = CARTESIAN_POINT('',(-2.45,-2.35,0.));
#1164 = VECTOR('',#1165,1.);
#1165 = DIRECTION('',(1.,0.,0.));
#1166 = ORIENTED_EDGE('',*,*,#1167,.T.);
#1167 = EDGE_CURVE('',#1160,#1168,#1170,.T.);
#1168 = VERTEX_POINT('',#1169);
#1169 = CARTESIAN_POINT('',(8.45,-2.35,0.587106270774));
#1170 = LINE('',#1171,#1172);
#1171 = CARTESIAN_POINT('',(8.45,-2.35,0.));
#1172 = VECTOR('',#1173,1.);
#1173 = DIRECTION('',(0.,0.,1.));
#1174 = ORIENTED_EDGE('',*,*,#1175,.T.);
#1175 = EDGE_CURVE('',#1168,#1176,#1178,.T.);
#1176 = VERTEX_POINT('',#1177);
#1177 = CARTESIAN_POINT('',(6.55,-2.35,0.587106270774));
#1178 = LINE('',#1179,#1180);
#1179 = CARTESIAN_POINT('',(8.45,-2.35,0.587106270774));
#1180 = VECTOR('',#1181,1.);
#1181 = DIRECTION('',(-1.,-0.,-0.));
#1182 = ORIENTED_EDGE('',*,*,#1183,.F.);
#1183 = EDGE_CURVE('',#1184,#1176,#1186,.T.);
#1184 = VERTEX_POINT('',#1185);
#1185 = CARTESIAN_POINT('',(6.55,-2.35,0.));
#1186 = LINE('',#1187,#1188);
#1187 = CARTESIAN_POINT('',(6.55,-2.35,0.));
#1188 = VECTOR('',#1189,1.);
#1189 = DIRECTION('',(0.,0.,1.));
#1190 = ORIENTED_EDGE('',*,*,#1191,.F.);
#1191 = EDGE_CURVE('',#1192,#1184,#1194,.T.);
#1192 = VERTEX_POINT('',#1193);
#1193 = CARTESIAN_POINT('',(5.95,-2.35,0.));
#1194 = LINE('',#1195,#1196);
#1195 = CARTESIAN_POINT('',(-2.45,-2.35,0.));
#1196 = VECTOR('',#1197,1.);
#1197 = DIRECTION('',(1.,0.,0.));
#1198 = ORIENTED_EDGE('',*,*,#1199,.T.);
#1199 = EDGE_CURVE('',#1192,#1200,#1202,.T.);
#1200 = VERTEX_POINT('',#1201);
#1201 = CARTESIAN_POINT('',(5.95,-2.35,0.587106270774));
#1202 = LINE('',#1203,#1204);
#1203 = CARTESIAN_POINT('',(5.95,-2.35,0.));
#1204 = VECTOR('',#1205,1.);
#1205 = DIRECTION('',(0.,0.,1.));
#1206 = ORIENTED_EDGE('',*,*,#1207,.T.);
#1207 = EDGE_CURVE('',#1200,#1208,#1210,.T.);
#1208 = VERTEX_POINT('',#1209);
#1209 = CARTESIAN_POINT('',(4.05,-2.35,0.587106270774));
#1210 = LINE('',#1211,#1212);
#1211 = CARTESIAN_POINT('',(5.95,-2.35,0.587106270774));
#1212 = VECTOR('',#1213,1.);
#1213 = DIRECTION('',(-1.,-0.,-0.));
#1214 = ORIENTED_EDGE('',*,*,#1215,.F.);
#1215 = EDGE_CURVE('',#1216,#1208,#1218,.T.);
#1216 = VERTEX_POINT('',#1217);
#1217 = CARTESIAN_POINT('',(4.05,-2.35,0.));
#1218 = LINE('',#1219,#1220);
#1219 = CARTESIAN_POINT('',(4.05,-2.35,0.));
#1220 = VECTOR('',#1221,1.);
#1221 = DIRECTION('',(0.,0.,1.));
#1222 = ORIENTED_EDGE('',*,*,#1223,.F.);
#1223 = EDGE_CURVE('',#1224,#1216,#1226,.T.);
#1224 = VERTEX_POINT('',#1225);
#1225 = CARTESIAN_POINT('',(3.45,-2.35,0.));
#1226 = LINE('',#1227,#1228);
#1227 = CARTESIAN_POINT('',(-2.45,-2.35,0.));
#1228 = VECTOR('',#1229,1.);
#1229 = DIRECTION('',(1.,0.,0.));
#1230 = ORIENTED_EDGE('',*,*,#1231,.T.);
#1231 = EDGE_CURVE('',#1224,#1232,#1234,.T.);
#1232 = VERTEX_POINT('',#1233);
#1233 = CARTESIAN_POINT('',(3.45,-2.35,0.587106270774));
#1234 = LINE('',#1235,#1236);
#1235 = CARTESIAN_POINT('',(3.45,-2.35,0.));
#1236 = VECTOR('',#1237,1.);
#1237 = DIRECTION('',(0.,0.,1.));
#1238 = ORIENTED_EDGE('',*,*,#1239,.T.);
#1239 = EDGE_CURVE('',#1232,#1240,#1242,.T.);
#1240 = VERTEX_POINT('',#1241);
#1241 = CARTESIAN_POINT('',(1.55,-2.35,0.587106270774));
#1242 = LINE('',#1243,#1244);
#1243 = CARTESIAN_POINT('',(3.45,-2.35,0.587106270774));
#1244 = VECTOR('',#1245,1.);
#1245 = DIRECTION('',(-1.,-0.,-0.));
#1246 = ORIENTED_EDGE('',*,*,#1247,.F.);
#1247 = EDGE_CURVE('',#1248,#1240,#1250,.T.);
#1248 = VERTEX_POINT('',#1249);
#1249 = CARTESIAN_POINT('',(1.55,-2.35,0.));
#1250 = LINE('',#1251,#1252);
#1251 = CARTESIAN_POINT('',(1.55,-2.35,0.));
#1252 = VECTOR('',#1253,1.);
#1253 = DIRECTION('',(0.,0.,1.));
#1254 = ORIENTED_EDGE('',*,*,#1255,.F.);
#1255 = EDGE_CURVE('',#1256,#1248,#1258,.T.);
#1256 = VERTEX_POINT('',#1257);
#1257 = CARTESIAN_POINT('',(0.95,-2.35,0.));
#1258 = LINE('',#1259,#1260);
#1259 = CARTESIAN_POINT('',(-2.45,-2.35,0.));
#1260 = VECTOR('',#1261,1.);
#1261 = DIRECTION('',(1.,0.,0.));
#1262 = ORIENTED_EDGE('',*,*,#1263,.T.);
#1263 = EDGE_CURVE('',#1256,#1264,#1266,.T.);
#1264 = VERTEX_POINT('',#1265);
#1265 = CARTESIAN_POINT('',(0.95,-2.35,0.587106270774));
#1266 = LINE('',#1267,#1268);
#1267 = CARTESIAN_POINT('',(0.95,-2.35,0.));
#1268 = VECTOR('',#1269,1.);
#1269 = DIRECTION('',(0.,0.,1.));
#1270 = ORIENTED_EDGE('',*,*,#1271,.T.);
#1271 = EDGE_CURVE('',#1264,#1272,#1274,.T.);
#1272 = VERTEX_POINT('',#1273);
#1273 = CARTESIAN_POINT('',(-0.95,-2.35,0.587106270774));
#1274 = LINE('',#1275,#1276);
#1275 = CARTESIAN_POINT('',(0.95,-2.35,0.587106270774));
#1276 = VECTOR('',#1277,1.);
#1277 = DIRECTION('',(-1.,-0.,-0.));
#1278 = ORIENTED_EDGE('',*,*,#1279,.F.);
#1279 = EDGE_CURVE('',#837,#1272,#1280,.T.);
#1280 = LINE('',#1281,#1282);
#1281 = CARTESIAN_POINT('',(-0.95,-2.35,0.));
#1282 = VECTOR('',#1283,1.);
#1283 = DIRECTION('',(0.,0.,1.));
#1284 = PLANE('',#1285);
#1285 = AXIS2_PLACEMENT_3D('',#1286,#1287,#1288);
#1286 = CARTESIAN_POINT('',(-2.45,-2.35,0.));
#1287 = DIRECTION('',(0.,1.,0.));
#1288 = DIRECTION('',(1.,0.,0.));
#1289 = ADVANCED_FACE('',(#1290),#1315,.T.);
#1290 = FACE_BOUND('',#1291,.T.);
#1291 = EDGE_LOOP('',(#1292,#1298,#1299,#1300,#1308,#1314));
#1292 = ORIENTED_EDGE('',*,*,#1293,.F.);
#1293 = EDGE_CURVE('',#224,#756,#1294,.T.);
#1294 = LINE('',#1295,#1296);
#1295 = CARTESIAN_POINT('',(-5.,-1.549999999998,7.));
#1296 = VECTOR('',#1297,1.);
#1297 = DIRECTION('',(1.,0.,0.));
#1298 = ORIENTED_EDGE('',*,*,#231,.T.);
#1299 = ORIENTED_EDGE('',*,*,#862,.T.);
#1300 = ORIENTED_EDGE('',*,*,#1301,.F.);
#1301 = EDGE_CURVE('',#1302,#863,#1304,.T.);
#1302 = VERTEX_POINT('',#1303);
#1303 = CARTESIAN_POINT('',(-0.8,-1.6,7.));
#1304 = LINE('',#1305,#1306);
#1305 = CARTESIAN_POINT('',(-0.8,1.554312234475E-15,7.));
#1306 = VECTOR('',#1307,1.);
#1307 = DIRECTION('',(0.,-1.,2.22044604925E-16));
#1308 = ORIENTED_EDGE('',*,*,#1309,.F.);
#1309 = EDGE_CURVE('',#764,#1302,#1310,.T.);
#1310 = LINE('',#1311,#1312);
#1311 = CARTESIAN_POINT('',(-1.7,-1.6,7.));
#1312 = VECTOR('',#1313,1.);
#1313 = DIRECTION('',(1.,0.,0.));
#1314 = ORIENTED_EDGE('',*,*,#763,.F.);
#1315 = PLANE('',#1316);
#1316 = AXIS2_PLACEMENT_3D('',#1317,#1318,#1319);
#1317 = CARTESIAN_POINT('',(10.,0.525,7.));
#1318 = DIRECTION('',(0.,0.,1.));
#1319 = DIRECTION('',(1.,0.,0.));
#1320 = ADVANCED_FACE('',(#1321),#1327,.T.);
#1321 = FACE_BOUND('',#1322,.T.);
#1322 = EDGE_LOOP('',(#1323,#1324,#1325,#1326));
#1323 = ORIENTED_EDGE('',*,*,#223,.T.);
#1324 = ORIENTED_EDGE('',*,*,#1293,.T.);
#1325 = ORIENTED_EDGE('',*,*,#755,.F.);
#1326 = ORIENTED_EDGE('',*,*,#819,.F.);
#1327 = PLANE('',#1328);
#1328 = AXIS2_PLACEMENT_3D('',#1329,#1330,#1331);
#1329 = CARTESIAN_POINT('',(-5.,-1.549999999998,7.));
#1330 = DIRECTION('',(0.,1.,0.));
#1331 = DIRECTION('',(0.,0.,-1.));
#1332 = ADVANCED_FACE('',(#1333),#1351,.T.);
#1333 = FACE_BOUND('',#1334,.T.);
#1334 = EDGE_LOOP('',(#1335,#1336,#1344,#1350));
#1335 = ORIENTED_EDGE('',*,*,#803,.F.);
#1336 = ORIENTED_EDGE('',*,*,#1337,.T.);
#1337 = EDGE_CURVE('',#796,#1338,#1340,.T.);
#1338 = VERTEX_POINT('',#1339);
#1339 = CARTESIAN_POINT('',(21.7,2.65,1.25));
#1340 = LINE('',#1341,#1342);
#1341 = CARTESIAN_POINT('',(-1.7,2.65,1.25));
#1342 = VECTOR('',#1343,1.);
#1343 = DIRECTION('',(1.,0.,0.));
#1344 = ORIENTED_EDGE('',*,*,#1345,.T.);
#1345 = EDGE_CURVE('',#1338,#256,#1346,.T.);
#1346 = LINE('',#1347,#1348);
#1347 = CARTESIAN_POINT('',(21.7,2.65,1.25));
#1348 = VECTOR('',#1349,1.);
#1349 = DIRECTION('',(0.,0.,1.));
#1350 = ORIENTED_EDGE('',*,*,#263,.F.);
#1351 = PLANE('',#1352);
#1352 = AXIS2_PLACEMENT_3D('',#1353,#1354,#1355);
#1353 = CARTESIAN_POINT('',(-1.7,2.65,1.25));
#1354 = DIRECTION('',(0.,-1.,0.));
#1355 = DIRECTION('',(0.,0.,1.));
#1356 = ADVANCED_FACE('',(#1357),#1417,.F.);
#1357 = FACE_BOUND('',#1358,.F.);
#1358 = EDGE_LOOP('',(#1359,#1360,#1369,#1377,#1385,#1393,#1401,#1409,
    #1415,#1416));
#1359 = ORIENTED_EDGE('',*,*,#638,.T.);
#1360 = ORIENTED_EDGE('',*,*,#1361,.T.);
#1361 = EDGE_CURVE('',#639,#1362,#1364,.T.);
#1362 = VERTEX_POINT('',#1363);
#1363 = CARTESIAN_POINT('',(21.7,-1.549999999998,4.749999999997));
#1364 = CIRCLE('',#1365,0.849999999998);
#1365 = AXIS2_PLACEMENT_3D('',#1366,#1367,#1368);
#1366 = CARTESIAN_POINT('',(21.7,-0.7,4.749999999998));
#1367 = DIRECTION('',(-1.,0.,0.));
#1368 = DIRECTION('',(0.,1.,0.));
#1369 = ORIENTED_EDGE('',*,*,#1370,.T.);
#1370 = EDGE_CURVE('',#1362,#1371,#1373,.T.);
#1371 = VERTEX_POINT('',#1372);
#1372 = CARTESIAN_POINT('',(21.7,-1.549999999998,7.));
#1373 = LINE('',#1374,#1375);
#1374 = CARTESIAN_POINT('',(21.7,-1.549999999998,5.617949337881));
#1375 = VECTOR('',#1376,1.);
#1376 = DIRECTION('',(0.,0.,1.));
#1377 = ORIENTED_EDGE('',*,*,#1378,.T.);
#1378 = EDGE_CURVE('',#1371,#1379,#1381,.T.);
#1379 = VERTEX_POINT('',#1380);
#1380 = CARTESIAN_POINT('',(21.7,-1.6,7.));
#1381 = LINE('',#1382,#1383);
#1382 = CARTESIAN_POINT('',(21.7,2.65,7.));
#1383 = VECTOR('',#1384,1.);
#1384 = DIRECTION('',(0.,-1.,0.));
#1385 = ORIENTED_EDGE('',*,*,#1386,.T.);
#1386 = EDGE_CURVE('',#1379,#1387,#1389,.T.);
#1387 = VERTEX_POINT('',#1388);
#1388 = CARTESIAN_POINT('',(21.7,-1.6,1.9));
#1389 = LINE('',#1390,#1391);
#1390 = CARTESIAN_POINT('',(21.7,-1.6,7.));
#1391 = VECTOR('',#1392,1.);
#1392 = DIRECTION('',(0.,0.,-1.));
#1393 = ORIENTED_EDGE('',*,*,#1394,.T.);
#1394 = EDGE_CURVE('',#1387,#1395,#1397,.T.);
#1395 = VERTEX_POINT('',#1396);
#1396 = CARTESIAN_POINT('',(21.7,0.5,1.9));
#1397 = LINE('',#1398,#1399);
#1398 = CARTESIAN_POINT('',(21.7,-1.6,1.9));
#1399 = VECTOR('',#1400,1.);
#1400 = DIRECTION('',(0.,1.,0.));
#1401 = ORIENTED_EDGE('',*,*,#1402,.T.);
#1402 = EDGE_CURVE('',#1395,#1403,#1405,.T.);
#1403 = VERTEX_POINT('',#1404);
#1404 = CARTESIAN_POINT('',(21.7,0.875277674973,1.25));
#1405 = LINE('',#1406,#1407);
#1406 = CARTESIAN_POINT('',(21.7,0.5,1.9));
#1407 = VECTOR('',#1408,1.);
#1408 = DIRECTION('',(0.,0.5,-0.866025403784));
#1409 = ORIENTED_EDGE('',*,*,#1410,.T.);
#1410 = EDGE_CURVE('',#1403,#1338,#1411,.T.);
#1411 = LINE('',#1412,#1413);
#1412 = CARTESIAN_POINT('',(21.7,0.875277674973,1.25));
#1413 = VECTOR('',#1414,1.);
#1414 = DIRECTION('',(0.,1.,0.));
#1415 = ORIENTED_EDGE('',*,*,#1345,.T.);
#1416 = ORIENTED_EDGE('',*,*,#312,.T.);
#1417 = PLANE('',#1418);
#1418 = AXIS2_PLACEMENT_3D('',#1419,#1420,#1421);
#1419 = CARTESIAN_POINT('',(21.7,0.598118601855,4.235898675762));
#1420 = DIRECTION('',(1.,0.,0.));
#1421 = DIRECTION('',(0.,0.,1.));
#1422 = ADVANCED_FACE('',(#1423),#1435,.F.);
#1423 = FACE_BOUND('',#1424,.F.);
#1424 = EDGE_LOOP('',(#1425,#1426,#1432,#1433,#1434));
#1425 = ORIENTED_EDGE('',*,*,#326,.T.);
#1426 = ORIENTED_EDGE('',*,*,#1427,.T.);
#1427 = EDGE_CURVE('',#329,#1000,#1428,.T.);
#1428 = LINE('',#1429,#1430);
#1429 = CARTESIAN_POINT('',(20.95,3.4,0.));
#1430 = VECTOR('',#1431,1.);
#1431 = DIRECTION('',(0.,-1.,0.));
#1432 = ORIENTED_EDGE('',*,*,#999,.T.);
#1433 = ORIENTED_EDGE('',*,*,#695,.T.);
#1434 = ORIENTED_EDGE('',*,*,#670,.T.);
#1435 = PLANE('',#1436);
#1436 = AXIS2_PLACEMENT_3D('',#1437,#1438,#1439);
#1437 = CARTESIAN_POINT('',(10.,0.525,0.));
#1438 = DIRECTION('',(0.,0.,1.));
#1439 = DIRECTION('',(1.,0.,0.));
#1440 = ADVANCED_FACE('',(#1441),#1468,.F.);
#1441 = FACE_BOUND('',#1442,.T.);
#1442 = EDGE_LOOP('',(#1443,#1451,#1459,#1465,#1466,#1467));
#1443 = ORIENTED_EDGE('',*,*,#1444,.T.);
#1444 = EDGE_CURVE('',#1008,#1445,#1447,.T.);
#1445 = VERTEX_POINT('',#1446);
#1446 = CARTESIAN_POINT('',(20.95,-1.,0.2));
#1447 = LINE('',#1448,#1449);
#1448 = CARTESIAN_POINT('',(20.95,-2.35,0.587106270774));
#1449 = VECTOR('',#1450,1.);
#1450 = DIRECTION('',(0.,0.961261695938,-0.275637355817));
#1451 = ORIENTED_EDGE('',*,*,#1452,.T.);
#1452 = EDGE_CURVE('',#1445,#1453,#1455,.T.);
#1453 = VERTEX_POINT('',#1454);
#1454 = CARTESIAN_POINT('',(20.95,1.,0.2));
#1455 = LINE('',#1456,#1457);
#1456 = CARTESIAN_POINT('',(20.95,-1.,0.2));
#1457 = VECTOR('',#1458,1.);
#1458 = DIRECTION('',(0.,1.,0.));
#1459 = ORIENTED_EDGE('',*,*,#1460,.T.);
#1460 = EDGE_CURVE('',#1453,#617,#1461,.T.);
#1461 = LINE('',#1462,#1463);
#1462 = CARTESIAN_POINT('',(20.95,1.,0.2));
#1463 = VECTOR('',#1464,1.);
#1464 = DIRECTION('',(0.,0.96,0.28));
#1465 = ORIENTED_EDGE('',*,*,#624,.T.);
#1466 = ORIENTED_EDGE('',*,*,#1427,.T.);
#1467 = ORIENTED_EDGE('',*,*,#1007,.T.);
#1468 = PLANE('',#1469);
#1469 = AXIS2_PLACEMENT_3D('',#1470,#1471,#1472);
#1470 = CARTESIAN_POINT('',(20.95,0.597090658555,0.221059411393));
#1471 = DIRECTION('',(1.,0.,0.));
#1472 = DIRECTION('',(0.,0.,1.));
#1473 = ADVANCED_FACE('',(#1474),#1492,.T.);
#1474 = FACE_BOUND('',#1475,.T.);
#1475 = EDGE_LOOP('',(#1476,#1484,#1490,#1491));
#1476 = ORIENTED_EDGE('',*,*,#1477,.T.);
#1477 = EDGE_CURVE('',#1453,#1478,#1480,.T.);
#1478 = VERTEX_POINT('',#1479);
#1479 = CARTESIAN_POINT('',(19.05,1.,0.2));
#1480 = LINE('',#1481,#1482);
#1481 = CARTESIAN_POINT('',(20.95,1.,0.2));
#1482 = VECTOR('',#1483,1.);
#1483 = DIRECTION('',(-1.,-0.,-0.));
#1484 = ORIENTED_EDGE('',*,*,#1485,.T.);
#1485 = EDGE_CURVE('',#1478,#609,#1486,.T.);
#1486 = LINE('',#1487,#1488);
#1487 = CARTESIAN_POINT('',(19.05,1.,0.2));
#1488 = VECTOR('',#1489,1.);
#1489 = DIRECTION('',(0.,0.96,0.28));
#1490 = ORIENTED_EDGE('',*,*,#616,.F.);
#1491 = ORIENTED_EDGE('',*,*,#1460,.F.);
#1492 = PLANE('',#1493);
#1493 = AXIS2_PLACEMENT_3D('',#1494,#1495,#1496);
#1494 = CARTESIAN_POINT('',(20.95,1.,0.2));
#1495 = DIRECTION('',(0.,0.28,-0.96));
#1496 = DIRECTION('',(0.,0.96,0.28));
#1497 = ADVANCED_FACE('',(#1498),#1523,.T.);
#1498 = FACE_BOUND('',#1499,.F.);
#1499 = EDGE_LOOP('',(#1500,#1508,#1514,#1515,#1516,#1522));
#1500 = ORIENTED_EDGE('',*,*,#1501,.T.);
#1501 = EDGE_CURVE('',#1016,#1502,#1504,.T.);
#1502 = VERTEX_POINT('',#1503);
#1503 = CARTESIAN_POINT('',(19.05,-1.,0.2));
#1504 = LINE('',#1505,#1506);
#1505 = CARTESIAN_POINT('',(19.05,-2.35,0.587106270774));
#1506 = VECTOR('',#1507,1.);
#1507 = DIRECTION('',(0.,0.961261695938,-0.275637355817));
#1508 = ORIENTED_EDGE('',*,*,#1509,.T.);
#1509 = EDGE_CURVE('',#1502,#1478,#1510,.T.);
#1510 = LINE('',#1511,#1512);
#1511 = CARTESIAN_POINT('',(19.05,-1.,0.2));
#1512 = VECTOR('',#1513,1.);
#1513 = DIRECTION('',(0.,1.,0.));
#1514 = ORIENTED_EDGE('',*,*,#1485,.T.);
#1515 = ORIENTED_EDGE('',*,*,#608,.T.);
#1516 = ORIENTED_EDGE('',*,*,#1517,.T.);
#1517 = EDGE_CURVE('',#601,#1024,#1518,.T.);
#1518 = LINE('',#1519,#1520);
#1519 = CARTESIAN_POINT('',(19.05,3.4,0.));
#1520 = VECTOR('',#1521,1.);
#1521 = DIRECTION('',(0.,-1.,0.));
#1522 = ORIENTED_EDGE('',*,*,#1023,.T.);
#1523 = PLANE('',#1524);
#1524 = AXIS2_PLACEMENT_3D('',#1525,#1526,#1527);
#1525 = CARTESIAN_POINT('',(19.05,0.597090658555,0.221059411393));
#1526 = DIRECTION('',(1.,0.,0.));
#1527 = DIRECTION('',(0.,0.,1.));
#1528 = ADVANCED_FACE('',(#1529),#1540,.F.);
#1529 = FACE_BOUND('',#1530,.F.);
#1530 = EDGE_LOOP('',(#1531,#1532,#1538,#1539));
#1531 = ORIENTED_EDGE('',*,*,#600,.T.);
#1532 = ORIENTED_EDGE('',*,*,#1533,.T.);
#1533 = EDGE_CURVE('',#593,#1032,#1534,.T.);
#1534 = LINE('',#1535,#1536);
#1535 = CARTESIAN_POINT('',(18.45,3.4,0.));
#1536 = VECTOR('',#1537,1.);
#1537 = DIRECTION('',(0.,-1.,0.));
#1538 = ORIENTED_EDGE('',*,*,#1031,.T.);
#1539 = ORIENTED_EDGE('',*,*,#1517,.F.);
#1540 = PLANE('',#1541);
#1541 = AXIS2_PLACEMENT_3D('',#1542,#1543,#1544);
#1542 = CARTESIAN_POINT('',(10.,0.525,0.));
#1543 = DIRECTION('',(0.,0.,1.));
#1544 = DIRECTION('',(1.,0.,0.));
#1545 = ADVANCED_FACE('',(#1546),#1573,.T.);
#1546 = FACE_BOUND('',#1547,.F.);
#1547 = EDGE_LOOP('',(#1548,#1556,#1564,#1570,#1571,#1572));
#1548 = ORIENTED_EDGE('',*,*,#1549,.T.);
#1549 = EDGE_CURVE('',#1272,#1550,#1552,.T.);
#1550 = VERTEX_POINT('',#1551);
#1551 = CARTESIAN_POINT('',(-0.95,-1.,0.2));
#1552 = LINE('',#1553,#1554);
#1553 = CARTESIAN_POINT('',(-0.95,-2.35,0.587106270774));
#1554 = VECTOR('',#1555,1.);
#1555 = DIRECTION('',(0.,0.961261695938,-0.275637355817));
#1556 = ORIENTED_EDGE('',*,*,#1557,.T.);
#1557 = EDGE_CURVE('',#1550,#1558,#1560,.T.);
#1558 = VERTEX_POINT('',#1559);
#1559 = CARTESIAN_POINT('',(-0.95,1.,0.2));
#1560 = LINE('',#1561,#1562);
#1561 = CARTESIAN_POINT('',(-0.95,-1.,0.2));
#1562 = VECTOR('',#1563,1.);
#1563 = DIRECTION('',(0.,1.,0.));
#1564 = ORIENTED_EDGE('',*,*,#1565,.T.);
#1565 = EDGE_CURVE('',#1558,#353,#1566,.T.);
#1566 = LINE('',#1567,#1568);
#1567 = CARTESIAN_POINT('',(-0.95,1.,0.2));
#1568 = VECTOR('',#1569,1.);
#1569 = DIRECTION('',(0.,0.96,0.28));
#1570 = ORIENTED_EDGE('',*,*,#352,.T.);
#1571 = ORIENTED_EDGE('',*,*,#844,.T.);
#1572 = ORIENTED_EDGE('',*,*,#1279,.T.);
#1573 = PLANE('',#1574);
#1574 = AXIS2_PLACEMENT_3D('',#1575,#1576,#1577);
#1575 = CARTESIAN_POINT('',(-0.95,0.597090658555,0.221059411393));
#1576 = DIRECTION('',(1.,0.,0.));
#1577 = DIRECTION('',(0.,0.,1.));
#1578 = ADVANCED_FACE('',(#1579),#1606,.F.);
#1579 = FACE_BOUND('',#1580,.T.);
#1580 = EDGE_LOOP('',(#1581,#1589,#1597,#1603,#1604,#1605));
#1581 = ORIENTED_EDGE('',*,*,#1582,.T.);
#1582 = EDGE_CURVE('',#1040,#1583,#1585,.T.);
#1583 = VERTEX_POINT('',#1584);
#1584 = CARTESIAN_POINT('',(18.45,-1.,0.2));
#1585 = LINE('',#1586,#1587);
#1586 = CARTESIAN_POINT('',(18.45,-2.35,0.587106270774));
#1587 = VECTOR('',#1588,1.);
#1588 = DIRECTION('',(0.,0.961261695938,-0.275637355817));
#1589 = ORIENTED_EDGE('',*,*,#1590,.T.);
#1590 = EDGE_CURVE('',#1583,#1591,#1593,.T.);
#1591 = VERTEX_POINT('',#1592);
#1592 = CARTESIAN_POINT('',(18.45,1.,0.2));
#1593 = LINE('',#1594,#1595);
#1594 = CARTESIAN_POINT('',(18.45,-1.,0.2));
#1595 = VECTOR('',#1596,1.);
#1596 = DIRECTION('',(0.,1.,0.));
#1597 = ORIENTED_EDGE('',*,*,#1598,.T.);
#1598 = EDGE_CURVE('',#1591,#585,#1599,.T.);
#1599 = LINE('',#1600,#1601);
#1600 = CARTESIAN_POINT('',(18.45,1.,0.2));
#1601 = VECTOR('',#1602,1.);
#1602 = DIRECTION('',(0.,0.96,0.28));
#1603 = ORIENTED_EDGE('',*,*,#592,.T.);
#1604 = ORIENTED_EDGE('',*,*,#1533,.T.);
#1605 = ORIENTED_EDGE('',*,*,#1039,.T.);
#1606 = PLANE('',#1607);
#1607 = AXIS2_PLACEMENT_3D('',#1608,#1609,#1610);
#1608 = CARTESIAN_POINT('',(18.45,0.597090658555,0.221059411393));
#1609 = DIRECTION('',(1.,0.,0.));
#1610 = DIRECTION('',(0.,0.,1.));
#1611 = ADVANCED_FACE('',(#1612),#1630,.T.);
#1612 = FACE_BOUND('',#1613,.T.);
#1613 = EDGE_LOOP('',(#1614,#1622,#1623,#1624));
#1614 = ORIENTED_EDGE('',*,*,#1615,.T.);
#1615 = EDGE_CURVE('',#1616,#1558,#1618,.T.);
#1616 = VERTEX_POINT('',#1617);
#1617 = CARTESIAN_POINT('',(0.95,1.,0.2));
#1618 = LINE('',#1619,#1620);
#1619 = CARTESIAN_POINT('',(0.95,1.,0.2));
#1620 = VECTOR('',#1621,1.);
#1621 = DIRECTION('',(-1.,-0.,-0.));
#1622 = ORIENTED_EDGE('',*,*,#1565,.T.);
#1623 = ORIENTED_EDGE('',*,*,#360,.F.);
#1624 = ORIENTED_EDGE('',*,*,#1625,.F.);
#1625 = EDGE_CURVE('',#1616,#361,#1626,.T.);
#1626 = LINE('',#1627,#1628);
#1627 = CARTESIAN_POINT('',(0.95,1.,0.2));
#1628 = VECTOR('',#1629,1.);
#1629 = DIRECTION('',(0.,0.96,0.28));
#1630 = PLANE('',#1631);
#1631 = AXIS2_PLACEMENT_3D('',#1632,#1633,#1634);
#1632 = CARTESIAN_POINT('',(0.95,1.,0.2));
#1633 = DIRECTION('',(0.,0.28,-0.96));
#1634 = DIRECTION('',(0.,0.96,0.28));
#1635 = ADVANCED_FACE('',(#1636),#1654,.T.);
#1636 = FACE_BOUND('',#1637,.T.);
#1637 = EDGE_LOOP('',(#1638,#1646,#1652,#1653));
#1638 = ORIENTED_EDGE('',*,*,#1639,.T.);
#1639 = EDGE_CURVE('',#1591,#1640,#1642,.T.);
#1640 = VERTEX_POINT('',#1641);
#1641 = CARTESIAN_POINT('',(16.55,1.,0.2));
#1642 = LINE('',#1643,#1644);
#1643 = CARTESIAN_POINT('',(18.45,1.,0.2));
#1644 = VECTOR('',#1645,1.);
#1645 = DIRECTION('',(-1.,-0.,-0.));
#1646 = ORIENTED_EDGE('',*,*,#1647,.T.);
#1647 = EDGE_CURVE('',#1640,#577,#1648,.T.);
#1648 = LINE('',#1649,#1650);
#1649 = CARTESIAN_POINT('',(16.55,1.,0.2));
#1650 = VECTOR('',#1651,1.);
#1651 = DIRECTION('',(0.,0.96,0.28));
#1652 = ORIENTED_EDGE('',*,*,#584,.F.);
#1653 = ORIENTED_EDGE('',*,*,#1598,.F.);
#1654 = PLANE('',#1655);
#1655 = AXIS2_PLACEMENT_3D('',#1656,#1657,#1658);
#1656 = CARTESIAN_POINT('',(18.45,1.,0.2));
#1657 = DIRECTION('',(0.,0.28,-0.96));
#1658 = DIRECTION('',(0.,0.96,0.28));
#1659 = ADVANCED_FACE('',(#1660),#1685,.F.);
#1660 = FACE_BOUND('',#1661,.T.);
#1661 = EDGE_LOOP('',(#1662,#1670,#1676,#1677,#1678,#1684));
#1662 = ORIENTED_EDGE('',*,*,#1663,.T.);
#1663 = EDGE_CURVE('',#1264,#1664,#1666,.T.);
#1664 = VERTEX_POINT('',#1665);
#1665 = CARTESIAN_POINT('',(0.95,-1.,0.2));
#1666 = LINE('',#1667,#1668);
#1667 = CARTESIAN_POINT('',(0.95,-2.35,0.587106270774));
#1668 = VECTOR('',#1669,1.);
#1669 = DIRECTION('',(0.,0.961261695938,-0.275637355817));
#1670 = ORIENTED_EDGE('',*,*,#1671,.T.);
#1671 = EDGE_CURVE('',#1664,#1616,#1672,.T.);
#1672 = LINE('',#1673,#1674);
#1673 = CARTESIAN_POINT('',(0.95,-1.,0.2));
#1674 = VECTOR('',#1675,1.);
#1675 = DIRECTION('',(0.,1.,0.));
#1676 = ORIENTED_EDGE('',*,*,#1625,.T.);
#1677 = ORIENTED_EDGE('',*,*,#368,.T.);
#1678 = ORIENTED_EDGE('',*,*,#1679,.T.);
#1679 = EDGE_CURVE('',#369,#1256,#1680,.T.);
#1680 = LINE('',#1681,#1682);
#1681 = CARTESIAN_POINT('',(0.95,3.4,0.));
#1682 = VECTOR('',#1683,1.);
#1683 = DIRECTION('',(0.,-1.,0.));
#1684 = ORIENTED_EDGE('',*,*,#1263,.T.);
#1685 = PLANE('',#1686);
#1686 = AXIS2_PLACEMENT_3D('',#1687,#1688,#1689);
#1687 = CARTESIAN_POINT('',(0.95,0.597090658555,0.221059411393));
#1688 = DIRECTION('',(1.,0.,0.));
#1689 = DIRECTION('',(0.,0.,1.));
#1690 = ADVANCED_FACE('',(#1691),#1716,.T.);
#1691 = FACE_BOUND('',#1692,.F.);
#1692 = EDGE_LOOP('',(#1693,#1701,#1707,#1708,#1709,#1715));
#1693 = ORIENTED_EDGE('',*,*,#1694,.T.);
#1694 = EDGE_CURVE('',#1048,#1695,#1697,.T.);
#1695 = VERTEX_POINT('',#1696);
#1696 = CARTESIAN_POINT('',(16.55,-1.,0.2));
#1697 = LINE('',#1698,#1699);
#1698 = CARTESIAN_POINT('',(16.55,-2.35,0.587106270774));
#1699 = VECTOR('',#1700,1.);
#1700 = DIRECTION('',(0.,0.961261695938,-0.275637355817));
#1701 = ORIENTED_EDGE('',*,*,#1702,.T.);
#1702 = EDGE_CURVE('',#1695,#1640,#1703,.T.);
#1703 = LINE('',#1704,#1705);
#1704 = CARTESIAN_POINT('',(16.55,-1.,0.2));
#1705 = VECTOR('',#1706,1.);
#1706 = DIRECTION('',(0.,1.,0.));
#1707 = ORIENTED_EDGE('',*,*,#1647,.T.);
#1708 = ORIENTED_EDGE('',*,*,#576,.T.);
#1709 = ORIENTED_EDGE('',*,*,#1710,.T.);
#1710 = EDGE_CURVE('',#569,#1056,#1711,.T.);
#1711 = LINE('',#1712,#1713);
#1712 = CARTESIAN_POINT('',(16.55,3.4,0.));
#1713 = VECTOR('',#1714,1.);
#1714 = DIRECTION('',(0.,-1.,0.));
#1715 = ORIENTED_EDGE('',*,*,#1055,.T.);
#1716 = PLANE('',#1717);
#1717 = AXIS2_PLACEMENT_3D('',#1718,#1719,#1720);
#1718 = CARTESIAN_POINT('',(16.55,0.597090658555,0.221059411393));
#1719 = DIRECTION('',(1.,0.,0.));
#1720 = DIRECTION('',(0.,0.,1.));
#1721 = ADVANCED_FACE('',(#1722),#1733,.F.);
#1722 = FACE_BOUND('',#1723,.F.);
#1723 = EDGE_LOOP('',(#1724,#1725,#1726,#1727));
#1724 = ORIENTED_EDGE('',*,*,#376,.T.);
#1725 = ORIENTED_EDGE('',*,*,#1679,.T.);
#1726 = ORIENTED_EDGE('',*,*,#1255,.T.);
#1727 = ORIENTED_EDGE('',*,*,#1728,.F.);
#1728 = EDGE_CURVE('',#377,#1248,#1729,.T.);
#1729 = LINE('',#1730,#1731);
#1730 = CARTESIAN_POINT('',(1.55,3.4,0.));
#1731 = VECTOR('',#1732,1.);
#1732 = DIRECTION('',(0.,-1.,0.));
#1733 = PLANE('',#1734);
#1734 = AXIS2_PLACEMENT_3D('',#1735,#1736,#1737);
#1735 = CARTESIAN_POINT('',(10.,0.525,0.));
#1736 = DIRECTION('',(0.,0.,1.));
#1737 = DIRECTION('',(1.,0.,0.));
#1738 = ADVANCED_FACE('',(#1739),#1750,.F.);
#1739 = FACE_BOUND('',#1740,.F.);
#1740 = EDGE_LOOP('',(#1741,#1742,#1748,#1749));
#1741 = ORIENTED_EDGE('',*,*,#568,.T.);
#1742 = ORIENTED_EDGE('',*,*,#1743,.T.);
#1743 = EDGE_CURVE('',#561,#1064,#1744,.T.);
#1744 = LINE('',#1745,#1746);
#1745 = CARTESIAN_POINT('',(15.95,3.4,0.));
#1746 = VECTOR('',#1747,1.);
#1747 = DIRECTION('',(0.,-1.,0.));
#1748 = ORIENTED_EDGE('',*,*,#1063,.T.);
#1749 = ORIENTED_EDGE('',*,*,#1710,.F.);
#1750 = PLANE('',#1751);
#1751 = AXIS2_PLACEMENT_3D('',#1752,#1753,#1754);
#1752 = CARTESIAN_POINT('',(10.,0.525,0.));
#1753 = DIRECTION('',(0.,0.,1.));
#1754 = DIRECTION('',(1.,0.,0.));
#1755 = ADVANCED_FACE('',(#1756),#1783,.T.);
#1756 = FACE_BOUND('',#1757,.F.);
#1757 = EDGE_LOOP('',(#1758,#1766,#1774,#1780,#1781,#1782));
#1758 = ORIENTED_EDGE('',*,*,#1759,.T.);
#1759 = EDGE_CURVE('',#1240,#1760,#1762,.T.);
#1760 = VERTEX_POINT('',#1761);
#1761 = CARTESIAN_POINT('',(1.55,-1.,0.2));
#1762 = LINE('',#1763,#1764);
#1763 = CARTESIAN_POINT('',(1.55,-2.35,0.587106270774));
#1764 = VECTOR('',#1765,1.);
#1765 = DIRECTION('',(0.,0.961261695938,-0.275637355817));
#1766 = ORIENTED_EDGE('',*,*,#1767,.T.);
#1767 = EDGE_CURVE('',#1760,#1768,#1770,.T.);
#1768 = VERTEX_POINT('',#1769);
#1769 = CARTESIAN_POINT('',(1.55,1.,0.2));
#1770 = LINE('',#1771,#1772);
#1771 = CARTESIAN_POINT('',(1.55,-1.,0.2));
#1772 = VECTOR('',#1773,1.);
#1773 = DIRECTION('',(0.,1.,0.));
#1774 = ORIENTED_EDGE('',*,*,#1775,.T.);
#1775 = EDGE_CURVE('',#1768,#385,#1776,.T.);
#1776 = LINE('',#1777,#1778);
#1777 = CARTESIAN_POINT('',(1.55,1.,0.2));
#1778 = VECTOR('',#1779,1.);
#1779 = DIRECTION('',(0.,0.96,0.28));
#1780 = ORIENTED_EDGE('',*,*,#384,.T.);
#1781 = ORIENTED_EDGE('',*,*,#1728,.T.);
#1782 = ORIENTED_EDGE('',*,*,#1247,.T.);
#1783 = PLANE('',#1784);
#1784 = AXIS2_PLACEMENT_3D('',#1785,#1786,#1787);
#1785 = CARTESIAN_POINT('',(1.55,0.597090658555,0.221059411393));
#1786 = DIRECTION('',(1.,0.,0.));
#1787 = DIRECTION('',(0.,0.,1.));
#1788 = ADVANCED_FACE('',(#1789),#1816,.F.);
#1789 = FACE_BOUND('',#1790,.T.);
#1790 = EDGE_LOOP('',(#1791,#1799,#1807,#1813,#1814,#1815));
#1791 = ORIENTED_EDGE('',*,*,#1792,.T.);
#1792 = EDGE_CURVE('',#1072,#1793,#1795,.T.);
#1793 = VERTEX_POINT('',#1794);
#1794 = CARTESIAN_POINT('',(15.95,-1.,0.2));
#1795 = LINE('',#1796,#1797);
#1796 = CARTESIAN_POINT('',(15.95,-2.35,0.587106270774));
#1797 = VECTOR('',#1798,1.);
#1798 = DIRECTION('',(0.,0.961261695938,-0.275637355817));
#1799 = ORIENTED_EDGE('',*,*,#1800,.T.);
#1800 = EDGE_CURVE('',#1793,#1801,#1803,.T.);
#1801 = VERTEX_POINT('',#1802);
#1802 = CARTESIAN_POINT('',(15.95,1.,0.2));
#1803 = LINE('',#1804,#1805);
#1804 = CARTESIAN_POINT('',(15.95,-1.,0.2));
#1805 = VECTOR('',#1806,1.);
#1806 = DIRECTION('',(0.,1.,0.));
#1807 = ORIENTED_EDGE('',*,*,#1808,.T.);
#1808 = EDGE_CURVE('',#1801,#553,#1809,.T.);
#1809 = LINE('',#1810,#1811);
#1810 = CARTESIAN_POINT('',(15.95,1.,0.2));
#1811 = VECTOR('',#1812,1.);
#1812 = DIRECTION('',(0.,0.96,0.28));
#1813 = ORIENTED_EDGE('',*,*,#560,.T.);
#1814 = ORIENTED_EDGE('',*,*,#1743,.T.);
#1815 = ORIENTED_EDGE('',*,*,#1071,.T.);
#1816 = PLANE('',#1817);
#1817 = AXIS2_PLACEMENT_3D('',#1818,#1819,#1820);
#1818 = CARTESIAN_POINT('',(15.95,0.597090658555,0.221059411393));
#1819 = DIRECTION('',(1.,0.,0.));
#1820 = DIRECTION('',(0.,0.,1.));
#1821 = ADVANCED_FACE('',(#1822),#1840,.T.);
#1822 = FACE_BOUND('',#1823,.T.);
#1823 = EDGE_LOOP('',(#1824,#1832,#1833,#1834));
#1824 = ORIENTED_EDGE('',*,*,#1825,.T.);
#1825 = EDGE_CURVE('',#1826,#1768,#1828,.T.);
#1826 = VERTEX_POINT('',#1827);
#1827 = CARTESIAN_POINT('',(3.45,1.,0.2));
#1828 = LINE('',#1829,#1830);
#1829 = CARTESIAN_POINT('',(3.45,1.,0.2));
#1830 = VECTOR('',#1831,1.);
#1831 = DIRECTION('',(-1.,-0.,-0.));
#1832 = ORIENTED_EDGE('',*,*,#1775,.T.);
#1833 = ORIENTED_EDGE('',*,*,#392,.F.);
#1834 = ORIENTED_EDGE('',*,*,#1835,.F.);
#1835 = EDGE_CURVE('',#1826,#393,#1836,.T.);
#1836 = LINE('',#1837,#1838);
#1837 = CARTESIAN_POINT('',(3.45,1.,0.2));
#1838 = VECTOR('',#1839,1.);
#1839 = DIRECTION('',(0.,0.96,0.28));
#1840 = PLANE('',#1841);
#1841 = AXIS2_PLACEMENT_3D('',#1842,#1843,#1844);
#1842 = CARTESIAN_POINT('',(3.45,1.,0.2));
#1843 = DIRECTION('',(0.,0.28,-0.96));
#1844 = DIRECTION('',(0.,0.96,0.28));
#1845 = ADVANCED_FACE('',(#1846),#1864,.T.);
#1846 = FACE_BOUND('',#1847,.T.);
#1847 = EDGE_LOOP('',(#1848,#1856,#1862,#1863));
#1848 = ORIENTED_EDGE('',*,*,#1849,.T.);
#1849 = EDGE_CURVE('',#1801,#1850,#1852,.T.);
#1850 = VERTEX_POINT('',#1851);
#1851 = CARTESIAN_POINT('',(14.05,1.,0.2));
#1852 = LINE('',#1853,#1854);
#1853 = CARTESIAN_POINT('',(15.95,1.,0.2));
#1854 = VECTOR('',#1855,1.);
#1855 = DIRECTION('',(-1.,-0.,-0.));
#1856 = ORIENTED_EDGE('',*,*,#1857,.T.);
#1857 = EDGE_CURVE('',#1850,#545,#1858,.T.);
#1858 = LINE('',#1859,#1860);
#1859 = CARTESIAN_POINT('',(14.05,1.,0.2));
#1860 = VECTOR('',#1861,1.);
#1861 = DIRECTION('',(0.,0.96,0.28));
#1862 = ORIENTED_EDGE('',*,*,#552,.F.);
#1863 = ORIENTED_EDGE('',*,*,#1808,.F.);
#1864 = PLANE('',#1865);
#1865 = AXIS2_PLACEMENT_3D('',#1866,#1867,#1868);
#1866 = CARTESIAN_POINT('',(15.95,1.,0.2));
#1867 = DIRECTION('',(0.,0.28,-0.96));
#1868 = DIRECTION('',(0.,0.96,0.28));
#1869 = ADVANCED_FACE('',(#1870),#1895,.F.);
#1870 = FACE_BOUND('',#1871,.T.);
#1871 = EDGE_LOOP('',(#1872,#1880,#1886,#1887,#1888,#1894));
#1872 = ORIENTED_EDGE('',*,*,#1873,.T.);
#1873 = EDGE_CURVE('',#1232,#1874,#1876,.T.);
#1874 = VERTEX_POINT('',#1875);
#1875 = CARTESIAN_POINT('',(3.45,-1.,0.2));
#1876 = LINE('',#1877,#1878);
#1877 = CARTESIAN_POINT('',(3.45,-2.35,0.587106270774));
#1878 = VECTOR('',#1879,1.);
#1879 = DIRECTION('',(0.,0.961261695938,-0.275637355817));
#1880 = ORIENTED_EDGE('',*,*,#1881,.T.);
#1881 = EDGE_CURVE('',#1874,#1826,#1882,.T.);
#1882 = LINE('',#1883,#1884);
#1883 = CARTESIAN_POINT('',(3.45,-1.,0.2));
#1884 = VECTOR('',#1885,1.);
#1885 = DIRECTION('',(0.,1.,0.));
#1886 = ORIENTED_EDGE('',*,*,#1835,.T.);
#1887 = ORIENTED_EDGE('',*,*,#400,.T.);
#1888 = ORIENTED_EDGE('',*,*,#1889,.T.);
#1889 = EDGE_CURVE('',#401,#1224,#1890,.T.);
#1890 = LINE('',#1891,#1892);
#1891 = CARTESIAN_POINT('',(3.45,3.4,0.));
#1892 = VECTOR('',#1893,1.);
#1893 = DIRECTION('',(0.,-1.,0.));
#1894 = ORIENTED_EDGE('',*,*,#1231,.T.);
#1895 = PLANE('',#1896);
#1896 = AXIS2_PLACEMENT_3D('',#1897,#1898,#1899);
#1897 = CARTESIAN_POINT('',(3.45,0.597090658555,0.221059411393));
#1898 = DIRECTION('',(1.,0.,0.));
#1899 = DIRECTION('',(0.,0.,1.));
#1900 = ADVANCED_FACE('',(#1901),#1926,.T.);
#1901 = FACE_BOUND('',#1902,.F.);
#1902 = EDGE_LOOP('',(#1903,#1911,#1917,#1918,#1919,#1925));
#1903 = ORIENTED_EDGE('',*,*,#1904,.T.);
#1904 = EDGE_CURVE('',#1080,#1905,#1907,.T.);
#1905 = VERTEX_POINT('',#1906);
#1906 = CARTESIAN_POINT('',(14.05,-1.,0.2));
#1907 = LINE('',#1908,#1909);
#1908 = CARTESIAN_POINT('',(14.05,-2.35,0.587106270774));
#1909 = VECTOR('',#1910,1.);
#1910 = DIRECTION('',(0.,0.961261695938,-0.275637355817));
#1911 = ORIENTED_EDGE('',*,*,#1912,.T.);
#1912 = EDGE_CURVE('',#1905,#1850,#1913,.T.);
#1913 = LINE('',#1914,#1915);
#1914 = CARTESIAN_POINT('',(14.05,-1.,0.2));
#1915 = VECTOR('',#1916,1.);
#1916 = DIRECTION('',(0.,1.,0.));
#1917 = ORIENTED_EDGE('',*,*,#1857,.T.);
#1918 = ORIENTED_EDGE('',*,*,#544,.T.);
#1919 = ORIENTED_EDGE('',*,*,#1920,.T.);
#1920 = EDGE_CURVE('',#537,#1088,#1921,.T.);
#1921 = LINE('',#1922,#1923);
#1922 = CARTESIAN_POINT('',(14.05,3.4,0.));
#1923 = VECTOR('',#1924,1.);
#1924 = DIRECTION('',(0.,-1.,0.));
#1925 = ORIENTED_EDGE('',*,*,#1087,.T.);
#1926 = PLANE('',#1927);
#1927 = AXIS2_PLACEMENT_3D('',#1928,#1929,#1930);
#1928 = CARTESIAN_POINT('',(14.05,0.597090658555,0.221059411393));
#1929 = DIRECTION('',(1.,0.,0.));
#1930 = DIRECTION('',(0.,0.,1.));
#1931 = ADVANCED_FACE('',(#1932),#1943,.F.);
#1932 = FACE_BOUND('',#1933,.F.);
#1933 = EDGE_LOOP('',(#1934,#1935,#1936,#1937));
#1934 = ORIENTED_EDGE('',*,*,#408,.T.);
#1935 = ORIENTED_EDGE('',*,*,#1889,.T.);
#1936 = ORIENTED_EDGE('',*,*,#1223,.T.);
#1937 = ORIENTED_EDGE('',*,*,#1938,.F.);
#1938 = EDGE_CURVE('',#409,#1216,#1939,.T.);
#1939 = LINE('',#1940,#1941);
#1940 = CARTESIAN_POINT('',(4.05,3.4,0.));
#1941 = VECTOR('',#1942,1.);
#1942 = DIRECTION('',(0.,-1.,0.));
#1943 = PLANE('',#1944);
#1944 = AXIS2_PLACEMENT_3D('',#1945,#1946,#1947);
#1945 = CARTESIAN_POINT('',(10.,0.525,0.));
#1946 = DIRECTION('',(0.,0.,1.));
#1947 = DIRECTION('',(1.,0.,0.));
#1948 = ADVANCED_FACE('',(#1949),#1960,.F.);
#1949 = FACE_BOUND('',#1950,.F.);
#1950 = EDGE_LOOP('',(#1951,#1952,#1958,#1959));
#1951 = ORIENTED_EDGE('',*,*,#536,.T.);
#1952 = ORIENTED_EDGE('',*,*,#1953,.T.);
#1953 = EDGE_CURVE('',#529,#1096,#1954,.T.);
#1954 = LINE('',#1955,#1956);
#1955 = CARTESIAN_POINT('',(13.45,3.4,0.));
#1956 = VECTOR('',#1957,1.);
#1957 = DIRECTION('',(0.,-1.,0.));
#1958 = ORIENTED_EDGE('',*,*,#1095,.T.);
#1959 = ORIENTED_EDGE('',*,*,#1920,.F.);
#1960 = PLANE('',#1961);
#1961 = AXIS2_PLACEMENT_3D('',#1962,#1963,#1964);
#1962 = CARTESIAN_POINT('',(10.,0.525,0.));
#1963 = DIRECTION('',(0.,0.,1.));
#1964 = DIRECTION('',(1.,0.,0.));
#1965 = ADVANCED_FACE('',(#1966),#1993,.T.);
#1966 = FACE_BOUND('',#1967,.F.);
#1967 = EDGE_LOOP('',(#1968,#1976,#1984,#1990,#1991,#1992));
#1968 = ORIENTED_EDGE('',*,*,#1969,.T.);
#1969 = EDGE_CURVE('',#1208,#1970,#1972,.T.);
#1970 = VERTEX_POINT('',#1971);
#1971 = CARTESIAN_POINT('',(4.05,-1.,0.2));
#1972 = LINE('',#1973,#1974);
#1973 = CARTESIAN_POINT('',(4.05,-2.35,0.587106270774));
#1974 = VECTOR('',#1975,1.);
#1975 = DIRECTION('',(0.,0.961261695938,-0.275637355817));
#1976 = ORIENTED_EDGE('',*,*,#1977,.T.);
#1977 = EDGE_CURVE('',#1970,#1978,#1980,.T.);
#1978 = VERTEX_POINT('',#1979);
#1979 = CARTESIAN_POINT('',(4.05,1.,0.2));
#1980 = LINE('',#1981,#1982);
#1981 = CARTESIAN_POINT('',(4.05,-1.,0.2));
#1982 = VECTOR('',#1983,1.);
#1983 = DIRECTION('',(0.,1.,0.));
#1984 = ORIENTED_EDGE('',*,*,#1985,.T.);
#1985 = EDGE_CURVE('',#1978,#417,#1986,.T.);
#1986 = LINE('',#1987,#1988);
#1987 = CARTESIAN_POINT('',(4.05,1.,0.2));
#1988 = VECTOR('',#1989,1.);
#1989 = DIRECTION('',(0.,0.96,0.28));
#1990 = ORIENTED_EDGE('',*,*,#416,.T.);
#1991 = ORIENTED_EDGE('',*,*,#1938,.T.);
#1992 = ORIENTED_EDGE('',*,*,#1215,.T.);
#1993 = PLANE('',#1994);
#1994 = AXIS2_PLACEMENT_3D('',#1995,#1996,#1997);
#1995 = CARTESIAN_POINT('',(4.05,0.597090658555,0.221059411393));
#1996 = DIRECTION('',(1.,0.,0.));
#1997 = DIRECTION('',(0.,0.,1.));
#1998 = ADVANCED_FACE('',(#1999),#2026,.F.);
#1999 = FACE_BOUND('',#2000,.T.);
#2000 = EDGE_LOOP('',(#2001,#2009,#2017,#2023,#2024,#2025));
#2001 = ORIENTED_EDGE('',*,*,#2002,.T.);
#2002 = EDGE_CURVE('',#1104,#2003,#2005,.T.);
#2003 = VERTEX_POINT('',#2004);
#2004 = CARTESIAN_POINT('',(13.45,-1.,0.2));
#2005 = LINE('',#2006,#2007);
#2006 = CARTESIAN_POINT('',(13.45,-2.35,0.587106270774));
#2007 = VECTOR('',#2008,1.);
#2008 = DIRECTION('',(0.,0.961261695938,-0.275637355817));
#2009 = ORIENTED_EDGE('',*,*,#2010,.T.);
#2010 = EDGE_CURVE('',#2003,#2011,#2013,.T.);
#2011 = VERTEX_POINT('',#2012);
#2012 = CARTESIAN_POINT('',(13.45,1.,0.2));
#2013 = LINE('',#2014,#2015);
#2014 = CARTESIAN_POINT('',(13.45,-1.,0.2));
#2015 = VECTOR('',#2016,1.);
#2016 = DIRECTION('',(0.,1.,0.));
#2017 = ORIENTED_EDGE('',*,*,#2018,.T.);
#2018 = EDGE_CURVE('',#2011,#521,#2019,.T.);
#2019 = LINE('',#2020,#2021);
#2020 = CARTESIAN_POINT('',(13.45,1.,0.2));
#2021 = VECTOR('',#2022,1.);
#2022 = DIRECTION('',(0.,0.96,0.28));
#2023 = ORIENTED_EDGE('',*,*,#528,.T.);
#2024 = ORIENTED_EDGE('',*,*,#1953,.T.);
#2025 = ORIENTED_EDGE('',*,*,#1103,.T.);
#2026 = PLANE('',#2027);
#2027 = AXIS2_PLACEMENT_3D('',#2028,#2029,#2030);
#2028 = CARTESIAN_POINT('',(13.45,0.597090658555,0.221059411393));
#2029 = DIRECTION('',(1.,0.,0.));
#2030 = DIRECTION('',(0.,0.,1.));
#2031 = ADVANCED_FACE('',(#2032),#2050,.T.);
#2032 = FACE_BOUND('',#2033,.T.);
#2033 = EDGE_LOOP('',(#2034,#2042,#2043,#2044));
#2034 = ORIENTED_EDGE('',*,*,#2035,.T.);
#2035 = EDGE_CURVE('',#2036,#1978,#2038,.T.);
#2036 = VERTEX_POINT('',#2037);
#2037 = CARTESIAN_POINT('',(5.95,1.,0.2));
#2038 = LINE('',#2039,#2040);
#2039 = CARTESIAN_POINT('',(5.95,1.,0.2));
#2040 = VECTOR('',#2041,1.);
#2041 = DIRECTION('',(-1.,-0.,-0.));
#2042 = ORIENTED_EDGE('',*,*,#1985,.T.);
#2043 = ORIENTED_EDGE('',*,*,#424,.F.);
#2044 = ORIENTED_EDGE('',*,*,#2045,.F.);
#2045 = EDGE_CURVE('',#2036,#425,#2046,.T.);
#2046 = LINE('',#2047,#2048);
#2047 = CARTESIAN_POINT('',(5.95,1.,0.2));
#2048 = VECTOR('',#2049,1.);
#2049 = DIRECTION('',(0.,0.96,0.28));
#2050 = PLANE('',#2051);
#2051 = AXIS2_PLACEMENT_3D('',#2052,#2053,#2054);
#2052 = CARTESIAN_POINT('',(5.95,1.,0.2));
#2053 = DIRECTION('',(0.,0.28,-0.96));
#2054 = DIRECTION('',(0.,0.96,0.28));
#2055 = ADVANCED_FACE('',(#2056),#2074,.T.);
#2056 = FACE_BOUND('',#2057,.T.);
#2057 = EDGE_LOOP('',(#2058,#2066,#2072,#2073));
#2058 = ORIENTED_EDGE('',*,*,#2059,.T.);
#2059 = EDGE_CURVE('',#2011,#2060,#2062,.T.);
#2060 = VERTEX_POINT('',#2061);
#2061 = CARTESIAN_POINT('',(11.55,1.,0.2));
#2062 = LINE('',#2063,#2064);
#2063 = CARTESIAN_POINT('',(13.45,1.,0.2));
#2064 = VECTOR('',#2065,1.);
#2065 = DIRECTION('',(-1.,-0.,-0.));
#2066 = ORIENTED_EDGE('',*,*,#2067,.T.);
#2067 = EDGE_CURVE('',#2060,#513,#2068,.T.);
#2068 = LINE('',#2069,#2070);
#2069 = CARTESIAN_POINT('',(11.55,1.,0.2));
#2070 = VECTOR('',#2071,1.);
#2071 = DIRECTION('',(0.,0.96,0.28));
#2072 = ORIENTED_EDGE('',*,*,#520,.F.);
#2073 = ORIENTED_EDGE('',*,*,#2018,.F.);
#2074 = PLANE('',#2075);
#2075 = AXIS2_PLACEMENT_3D('',#2076,#2077,#2078);
#2076 = CARTESIAN_POINT('',(13.45,1.,0.2));
#2077 = DIRECTION('',(0.,0.28,-0.96));
#2078 = DIRECTION('',(0.,0.96,0.28));
#2079 = ADVANCED_FACE('',(#2080),#2105,.F.);
#2080 = FACE_BOUND('',#2081,.T.);
#2081 = EDGE_LOOP('',(#2082,#2090,#2096,#2097,#2098,#2104));
#2082 = ORIENTED_EDGE('',*,*,#2083,.T.);
#2083 = EDGE_CURVE('',#1200,#2084,#2086,.T.);
#2084 = VERTEX_POINT('',#2085);
#2085 = CARTESIAN_POINT('',(5.95,-1.,0.2));
#2086 = LINE('',#2087,#2088);
#2087 = CARTESIAN_POINT('',(5.95,-2.35,0.587106270774));
#2088 = VECTOR('',#2089,1.);
#2089 = DIRECTION('',(0.,0.961261695938,-0.275637355817));
#2090 = ORIENTED_EDGE('',*,*,#2091,.T.);
#2091 = EDGE_CURVE('',#2084,#2036,#2092,.T.);
#2092 = LINE('',#2093,#2094);
#2093 = CARTESIAN_POINT('',(5.95,-1.,0.2));
#2094 = VECTOR('',#2095,1.);
#2095 = DIRECTION('',(0.,1.,0.));
#2096 = ORIENTED_EDGE('',*,*,#2045,.T.);
#2097 = ORIENTED_EDGE('',*,*,#432,.T.);
#2098 = ORIENTED_EDGE('',*,*,#2099,.T.);
#2099 = EDGE_CURVE('',#433,#1192,#2100,.T.);
#2100 = LINE('',#2101,#2102);
#2101 = CARTESIAN_POINT('',(5.95,3.4,0.));
#2102 = VECTOR('',#2103,1.);
#2103 = DIRECTION('',(0.,-1.,0.));
#2104 = ORIENTED_EDGE('',*,*,#1199,.T.);
#2105 = PLANE('',#2106);
#2106 = AXIS2_PLACEMENT_3D('',#2107,#2108,#2109);
#2107 = CARTESIAN_POINT('',(5.95,0.597090658555,0.221059411393));
#2108 = DIRECTION('',(1.,0.,0.));
#2109 = DIRECTION('',(0.,0.,1.));
#2110 = ADVANCED_FACE('',(#2111),#2136,.T.);
#2111 = FACE_BOUND('',#2112,.F.);
#2112 = EDGE_LOOP('',(#2113,#2121,#2127,#2128,#2129,#2135));
#2113 = ORIENTED_EDGE('',*,*,#2114,.T.);
#2114 = EDGE_CURVE('',#1112,#2115,#2117,.T.);
#2115 = VERTEX_POINT('',#2116);
#2116 = CARTESIAN_POINT('',(11.55,-1.,0.2));
#2117 = LINE('',#2118,#2119);
#2118 = CARTESIAN_POINT('',(11.55,-2.35,0.587106270774));
#2119 = VECTOR('',#2120,1.);
#2120 = DIRECTION('',(0.,0.961261695938,-0.275637355817));
#2121 = ORIENTED_EDGE('',*,*,#2122,.T.);
#2122 = EDGE_CURVE('',#2115,#2060,#2123,.T.);
#2123 = LINE('',#2124,#2125);
#2124 = CARTESIAN_POINT('',(11.55,-1.,0.2));
#2125 = VECTOR('',#2126,1.);
#2126 = DIRECTION('',(0.,1.,0.));
#2127 = ORIENTED_EDGE('',*,*,#2067,.T.);
#2128 = ORIENTED_EDGE('',*,*,#512,.T.);
#2129 = ORIENTED_EDGE('',*,*,#2130,.T.);
#2130 = EDGE_CURVE('',#505,#1120,#2131,.T.);
#2131 = LINE('',#2132,#2133);
#2132 = CARTESIAN_POINT('',(11.55,3.4,0.));
#2133 = VECTOR('',#2134,1.);
#2134 = DIRECTION('',(0.,-1.,0.));
#2135 = ORIENTED_EDGE('',*,*,#1119,.T.);
#2136 = PLANE('',#2137);
#2137 = AXIS2_PLACEMENT_3D('',#2138,#2139,#2140);
#2138 = CARTESIAN_POINT('',(11.55,0.597090658555,0.221059411393));
#2139 = DIRECTION('',(1.,0.,0.));
#2140 = DIRECTION('',(0.,0.,1.));
#2141 = ADVANCED_FACE('',(#2142),#2153,.F.);
#2142 = FACE_BOUND('',#2143,.F.);
#2143 = EDGE_LOOP('',(#2144,#2145,#2146,#2147));
#2144 = ORIENTED_EDGE('',*,*,#440,.T.);
#2145 = ORIENTED_EDGE('',*,*,#2099,.T.);
#2146 = ORIENTED_EDGE('',*,*,#1191,.T.);
#2147 = ORIENTED_EDGE('',*,*,#2148,.F.);
#2148 = EDGE_CURVE('',#441,#1184,#2149,.T.);
#2149 = LINE('',#2150,#2151);
#2150 = CARTESIAN_POINT('',(6.55,3.4,0.));
#2151 = VECTOR('',#2152,1.);
#2152 = DIRECTION('',(0.,-1.,0.));
#2153 = PLANE('',#2154);
#2154 = AXIS2_PLACEMENT_3D('',#2155,#2156,#2157);
#2155 = CARTESIAN_POINT('',(10.,0.525,0.));
#2156 = DIRECTION('',(0.,0.,1.));
#2157 = DIRECTION('',(1.,0.,0.));
#2158 = ADVANCED_FACE('',(#2159),#2170,.F.);
#2159 = FACE_BOUND('',#2160,.F.);
#2160 = EDGE_LOOP('',(#2161,#2162,#2168,#2169));
#2161 = ORIENTED_EDGE('',*,*,#504,.T.);
#2162 = ORIENTED_EDGE('',*,*,#2163,.T.);
#2163 = EDGE_CURVE('',#497,#1128,#2164,.T.);
#2164 = LINE('',#2165,#2166);
#2165 = CARTESIAN_POINT('',(10.95,3.4,0.));
#2166 = VECTOR('',#2167,1.);
#2167 = DIRECTION('',(0.,-1.,0.));
#2168 = ORIENTED_EDGE('',*,*,#1127,.T.);
#2169 = ORIENTED_EDGE('',*,*,#2130,.F.);
#2170 = PLANE('',#2171);
#2171 = AXIS2_PLACEMENT_3D('',#2172,#2173,#2174);
#2172 = CARTESIAN_POINT('',(10.,0.525,0.));
#2173 = DIRECTION('',(0.,0.,1.));
#2174 = DIRECTION('',(1.,0.,0.));
#2175 = ADVANCED_FACE('',(#2176),#2203,.T.);
#2176 = FACE_BOUND('',#2177,.F.);
#2177 = EDGE_LOOP('',(#2178,#2186,#2194,#2200,#2201,#2202));
#2178 = ORIENTED_EDGE('',*,*,#2179,.T.);
#2179 = EDGE_CURVE('',#1176,#2180,#2182,.T.);
#2180 = VERTEX_POINT('',#2181);
#2181 = CARTESIAN_POINT('',(6.55,-1.,0.2));
#2182 = LINE('',#2183,#2184);
#2183 = CARTESIAN_POINT('',(6.55,-2.35,0.587106270774));
#2184 = VECTOR('',#2185,1.);
#2185 = DIRECTION('',(0.,0.961261695938,-0.275637355817));
#2186 = ORIENTED_EDGE('',*,*,#2187,.T.);
#2187 = EDGE_CURVE('',#2180,#2188,#2190,.T.);
#2188 = VERTEX_POINT('',#2189);
#2189 = CARTESIAN_POINT('',(6.55,1.,0.2));
#2190 = LINE('',#2191,#2192);
#2191 = CARTESIAN_POINT('',(6.55,-1.,0.2));
#2192 = VECTOR('',#2193,1.);
#2193 = DIRECTION('',(0.,1.,0.));
#2194 = ORIENTED_EDGE('',*,*,#2195,.T.);
#2195 = EDGE_CURVE('',#2188,#449,#2196,.T.);
#2196 = LINE('',#2197,#2198);
#2197 = CARTESIAN_POINT('',(6.55,1.,0.2));
#2198 = VECTOR('',#2199,1.);
#2199 = DIRECTION('',(0.,0.96,0.28));
#2200 = ORIENTED_EDGE('',*,*,#448,.T.);
#2201 = ORIENTED_EDGE('',*,*,#2148,.T.);
#2202 = ORIENTED_EDGE('',*,*,#1183,.T.);
#2203 = PLANE('',#2204);
#2204 = AXIS2_PLACEMENT_3D('',#2205,#2206,#2207);
#2205 = CARTESIAN_POINT('',(6.55,0.597090658555,0.221059411393));
#2206 = DIRECTION('',(1.,0.,0.));
#2207 = DIRECTION('',(0.,0.,1.));
#2208 = ADVANCED_FACE('',(#2209),#2236,.F.);
#2209 = FACE_BOUND('',#2210,.T.);
#2210 = EDGE_LOOP('',(#2211,#2219,#2227,#2233,#2234,#2235));
#2211 = ORIENTED_EDGE('',*,*,#2212,.T.);
#2212 = EDGE_CURVE('',#1136,#2213,#2215,.T.);
#2213 = VERTEX_POINT('',#2214);
#2214 = CARTESIAN_POINT('',(10.95,-1.,0.2));
#2215 = LINE('',#2216,#2217);
#2216 = CARTESIAN_POINT('',(10.95,-2.35,0.587106270774));
#2217 = VECTOR('',#2218,1.);
#2218 = DIRECTION('',(0.,0.961261695938,-0.275637355817));
#2219 = ORIENTED_EDGE('',*,*,#2220,.T.);
#2220 = EDGE_CURVE('',#2213,#2221,#2223,.T.);
#2221 = VERTEX_POINT('',#2222);
#2222 = CARTESIAN_POINT('',(10.95,1.,0.2));
#2223 = LINE('',#2224,#2225);
#2224 = CARTESIAN_POINT('',(10.95,-1.,0.2));
#2225 = VECTOR('',#2226,1.);
#2226 = DIRECTION('',(0.,1.,0.));
#2227 = ORIENTED_EDGE('',*,*,#2228,.T.);
#2228 = EDGE_CURVE('',#2221,#489,#2229,.T.);
#2229 = LINE('',#2230,#2231);
#2230 = CARTESIAN_POINT('',(10.95,1.,0.2));
#2231 = VECTOR('',#2232,1.);
#2232 = DIRECTION('',(0.,0.96,0.28));
#2233 = ORIENTED_EDGE('',*,*,#496,.T.);
#2234 = ORIENTED_EDGE('',*,*,#2163,.T.);
#2235 = ORIENTED_EDGE('',*,*,#1135,.T.);
#2236 = PLANE('',#2237);
#2237 = AXIS2_PLACEMENT_3D('',#2238,#2239,#2240);
#2238 = CARTESIAN_POINT('',(10.95,0.597090658555,0.221059411393));
#2239 = DIRECTION('',(1.,0.,0.));
#2240 = DIRECTION('',(0.,0.,1.));
#2241 = ADVANCED_FACE('',(#2242),#2260,.T.);
#2242 = FACE_BOUND('',#2243,.T.);
#2243 = EDGE_LOOP('',(#2244,#2252,#2253,#2254));
#2244 = ORIENTED_EDGE('',*,*,#2245,.T.);
#2245 = EDGE_CURVE('',#2246,#2188,#2248,.T.);
#2246 = VERTEX_POINT('',#2247);
#2247 = CARTESIAN_POINT('',(8.45,1.,0.2));
#2248 = LINE('',#2249,#2250);
#2249 = CARTESIAN_POINT('',(8.45,1.,0.2));
#2250 = VECTOR('',#2251,1.);
#2251 = DIRECTION('',(-1.,-0.,-0.));
#2252 = ORIENTED_EDGE('',*,*,#2195,.T.);
#2253 = ORIENTED_EDGE('',*,*,#456,.F.);
#2254 = ORIENTED_EDGE('',*,*,#2255,.F.);
#2255 = EDGE_CURVE('',#2246,#457,#2256,.T.);
#2256 = LINE('',#2257,#2258);
#2257 = CARTESIAN_POINT('',(8.45,1.,0.2));
#2258 = VECTOR('',#2259,1.);
#2259 = DIRECTION('',(0.,0.96,0.28));
#2260 = PLANE('',#2261);
#2261 = AXIS2_PLACEMENT_3D('',#2262,#2263,#2264);
#2262 = CARTESIAN_POINT('',(8.45,1.,0.2));
#2263 = DIRECTION('',(0.,0.28,-0.96));
#2264 = DIRECTION('',(0.,0.96,0.28));
#2265 = ADVANCED_FACE('',(#2266),#2284,.T.);
#2266 = FACE_BOUND('',#2267,.T.);
#2267 = EDGE_LOOP('',(#2268,#2276,#2282,#2283));
#2268 = ORIENTED_EDGE('',*,*,#2269,.T.);
#2269 = EDGE_CURVE('',#2221,#2270,#2272,.T.);
#2270 = VERTEX_POINT('',#2271);
#2271 = CARTESIAN_POINT('',(9.05,1.,0.2));
#2272 = LINE('',#2273,#2274);
#2273 = CARTESIAN_POINT('',(10.95,1.,0.2));
#2274 = VECTOR('',#2275,1.);
#2275 = DIRECTION('',(-1.,-0.,-0.));
#2276 = ORIENTED_EDGE('',*,*,#2277,.T.);
#2277 = EDGE_CURVE('',#2270,#481,#2278,.T.);
#2278 = LINE('',#2279,#2280);
#2279 = CARTESIAN_POINT('',(9.05,1.,0.2));
#2280 = VECTOR('',#2281,1.);
#2281 = DIRECTION('',(0.,0.96,0.28));
#2282 = ORIENTED_EDGE('',*,*,#488,.F.);
#2283 = ORIENTED_EDGE('',*,*,#2228,.F.);
#2284 = PLANE('',#2285);
#2285 = AXIS2_PLACEMENT_3D('',#2286,#2287,#2288);
#2286 = CARTESIAN_POINT('',(10.95,1.,0.2));
#2287 = DIRECTION('',(0.,0.28,-0.96));
#2288 = DIRECTION('',(0.,0.96,0.28));
#2289 = ADVANCED_FACE('',(#2290),#2315,.F.);
#2290 = FACE_BOUND('',#2291,.T.);
#2291 = EDGE_LOOP('',(#2292,#2300,#2306,#2307,#2308,#2314));
#2292 = ORIENTED_EDGE('',*,*,#2293,.T.);
#2293 = EDGE_CURVE('',#1168,#2294,#2296,.T.);
#2294 = VERTEX_POINT('',#2295);
#2295 = CARTESIAN_POINT('',(8.45,-1.,0.2));
#2296 = LINE('',#2297,#2298);
#2297 = CARTESIAN_POINT('',(8.45,-2.35,0.587106270774));
#2298 = VECTOR('',#2299,1.);
#2299 = DIRECTION('',(0.,0.961261695938,-0.275637355817));
#2300 = ORIENTED_EDGE('',*,*,#2301,.T.);
#2301 = EDGE_CURVE('',#2294,#2246,#2302,.T.);
#2302 = LINE('',#2303,#2304);
#2303 = CARTESIAN_POINT('',(8.45,-1.,0.2));
#2304 = VECTOR('',#2305,1.);
#2305 = DIRECTION('',(0.,1.,0.));
#2306 = ORIENTED_EDGE('',*,*,#2255,.T.);
#2307 = ORIENTED_EDGE('',*,*,#464,.T.);
#2308 = ORIENTED_EDGE('',*,*,#2309,.T.);
#2309 = EDGE_CURVE('',#465,#1160,#2310,.T.);
#2310 = LINE('',#2311,#2312);
#2311 = CARTESIAN_POINT('',(8.45,3.4,0.));
#2312 = VECTOR('',#2313,1.);
#2313 = DIRECTION('',(0.,-1.,0.));
#2314 = ORIENTED_EDGE('',*,*,#1167,.T.);
#2315 = PLANE('',#2316);
#2316 = AXIS2_PLACEMENT_3D('',#2317,#2318,#2319);
#2317 = CARTESIAN_POINT('',(8.45,0.597090658555,0.221059411393));
#2318 = DIRECTION('',(1.,0.,0.));
#2319 = DIRECTION('',(0.,0.,1.));
#2320 = ADVANCED_FACE('',(#2321),#2346,.T.);
#2321 = FACE_BOUND('',#2322,.F.);
#2322 = EDGE_LOOP('',(#2323,#2331,#2337,#2338,#2339,#2345));
#2323 = ORIENTED_EDGE('',*,*,#2324,.T.);
#2324 = EDGE_CURVE('',#1144,#2325,#2327,.T.);
#2325 = VERTEX_POINT('',#2326);
#2326 = CARTESIAN_POINT('',(9.05,-1.,0.2));
#2327 = LINE('',#2328,#2329);
#2328 = CARTESIAN_POINT('',(9.05,-2.35,0.587106270774));
#2329 = VECTOR('',#2330,1.);
#2330 = DIRECTION('',(0.,0.961261695938,-0.275637355817));
#2331 = ORIENTED_EDGE('',*,*,#2332,.T.);
#2332 = EDGE_CURVE('',#2325,#2270,#2333,.T.);
#2333 = LINE('',#2334,#2335);
#2334 = CARTESIAN_POINT('',(9.05,-1.,0.2));
#2335 = VECTOR('',#2336,1.);
#2336 = DIRECTION('',(0.,1.,0.));
#2337 = ORIENTED_EDGE('',*,*,#2277,.T.);
#2338 = ORIENTED_EDGE('',*,*,#480,.T.);
#2339 = ORIENTED_EDGE('',*,*,#2340,.T.);
#2340 = EDGE_CURVE('',#473,#1152,#2341,.T.);
#2341 = LINE('',#2342,#2343);
#2342 = CARTESIAN_POINT('',(9.05,3.4,0.));
#2343 = VECTOR('',#2344,1.);
#2344 = DIRECTION('',(0.,-1.,0.));
#2345 = ORIENTED_EDGE('',*,*,#1151,.T.);
#2346 = PLANE('',#2347);
#2347 = AXIS2_PLACEMENT_3D('',#2348,#2349,#2350);
#2348 = CARTESIAN_POINT('',(9.05,0.597090658555,0.221059411393));
#2349 = DIRECTION('',(1.,0.,0.));
#2350 = DIRECTION('',(0.,0.,1.));
#2351 = ADVANCED_FACE('',(#2352),#2358,.F.);
#2352 = FACE_BOUND('',#2353,.F.);
#2353 = EDGE_LOOP('',(#2354,#2355,#2356,#2357));
#2354 = ORIENTED_EDGE('',*,*,#472,.T.);
#2355 = ORIENTED_EDGE('',*,*,#2309,.T.);
#2356 = ORIENTED_EDGE('',*,*,#1159,.T.);
#2357 = ORIENTED_EDGE('',*,*,#2340,.F.);
#2358 = PLANE('',#2359);
#2359 = AXIS2_PLACEMENT_3D('',#2360,#2361,#2362);
#2360 = CARTESIAN_POINT('',(10.,0.525,0.));
#2361 = DIRECTION('',(0.,0.,1.));
#2362 = DIRECTION('',(1.,0.,0.));
#2363 = ADVANCED_FACE('',(#2364),#2375,.F.);
#2364 = FACE_BOUND('',#2365,.T.);
#2365 = EDGE_LOOP('',(#2366,#2367,#2373,#2374));
#2366 = ORIENTED_EDGE('',*,*,#1361,.T.);
#2367 = ORIENTED_EDGE('',*,*,#2368,.T.);
#2368 = EDGE_CURVE('',#1362,#720,#2369,.T.);
#2369 = LINE('',#2370,#2371);
#2370 = CARTESIAN_POINT('',(-5.,-1.549999999998,4.749999999997));
#2371 = VECTOR('',#2372,1.);
#2372 = DIRECTION('',(1.,0.,0.));
#2373 = ORIENTED_EDGE('',*,*,#727,.F.);
#2374 = ORIENTED_EDGE('',*,*,#646,.F.);
#2375 = CYLINDRICAL_SURFACE('',#2376,0.849999999998);
#2376 = AXIS2_PLACEMENT_3D('',#2377,#2378,#2379);
#2377 = CARTESIAN_POINT('',(-5.,-0.7,4.749999999998));
#2378 = DIRECTION('',(-1.,-0.,-0.));
#2379 = DIRECTION('',(0.,1.,0.));
#2380 = ADVANCED_FACE('',(#2381),#2406,.T.);
#2381 = FACE_BOUND('',#2382,.T.);
#2382 = EDGE_LOOP('',(#2383,#2391,#2392,#2393,#2399,#2400));
#2383 = ORIENTED_EDGE('',*,*,#2384,.T.);
#2384 = EDGE_CURVE('',#2385,#985,#2387,.T.);
#2385 = VERTEX_POINT('',#2386);
#2386 = CARTESIAN_POINT('',(20.8,-1.6,7.));
#2387 = LINE('',#2388,#2389);
#2388 = CARTESIAN_POINT('',(20.8,1.554312234475E-15,7.));
#2389 = VECTOR('',#2390,1.);
#2390 = DIRECTION('',(0.,-1.,2.22044604925E-16));
#2391 = ORIENTED_EDGE('',*,*,#992,.T.);
#2392 = ORIENTED_EDGE('',*,*,#711,.T.);
#2393 = ORIENTED_EDGE('',*,*,#2394,.F.);
#2394 = EDGE_CURVE('',#1371,#712,#2395,.T.);
#2395 = LINE('',#2396,#2397);
#2396 = CARTESIAN_POINT('',(-5.,-1.549999999998,7.));
#2397 = VECTOR('',#2398,1.);
#2398 = DIRECTION('',(1.,0.,0.));
#2399 = ORIENTED_EDGE('',*,*,#1378,.T.);
#2400 = ORIENTED_EDGE('',*,*,#2401,.F.);
#2401 = EDGE_CURVE('',#2385,#1379,#2402,.T.);
#2402 = LINE('',#2403,#2404);
#2403 = CARTESIAN_POINT('',(-1.7,-1.6,7.));
#2404 = VECTOR('',#2405,1.);
#2405 = DIRECTION('',(1.,0.,0.));
#2406 = PLANE('',#2407);
#2407 = AXIS2_PLACEMENT_3D('',#2408,#2409,#2410);
#2408 = CARTESIAN_POINT('',(10.,0.525,7.));
#2409 = DIRECTION('',(0.,0.,1.));
#2410 = DIRECTION('',(1.,0.,0.));
#2411 = ADVANCED_FACE('',(#2412),#2418,.T.);
#2412 = FACE_BOUND('',#2413,.T.);
#2413 = EDGE_LOOP('',(#2414,#2415,#2416,#2417));
#2414 = ORIENTED_EDGE('',*,*,#1370,.T.);
#2415 = ORIENTED_EDGE('',*,*,#2394,.T.);
#2416 = ORIENTED_EDGE('',*,*,#719,.T.);
#2417 = ORIENTED_EDGE('',*,*,#2368,.F.);
#2418 = PLANE('',#2419);
#2419 = AXIS2_PLACEMENT_3D('',#2420,#2421,#2422);
#2420 = CARTESIAN_POINT('',(-5.,-1.549999999998,7.));
#2421 = DIRECTION('',(0.,1.,0.));
#2422 = DIRECTION('',(0.,0.,-1.));
#2423 = ADVANCED_FACE('',(#2424),#2435,.T.);
#2424 = FACE_BOUND('',#2425,.T.);
#2425 = EDGE_LOOP('',(#2426,#2432,#2433,#2434));
#2426 = ORIENTED_EDGE('',*,*,#2427,.T.);
#2427 = EDGE_CURVE('',#788,#1403,#2428,.T.);
#2428 = LINE('',#2429,#2430);
#2429 = CARTESIAN_POINT('',(-1.7,0.875277674973,1.25));
#2430 = VECTOR('',#2431,1.);
#2431 = DIRECTION('',(1.,0.,0.));
#2432 = ORIENTED_EDGE('',*,*,#1410,.T.);
#2433 = ORIENTED_EDGE('',*,*,#1337,.F.);
#2434 = ORIENTED_EDGE('',*,*,#795,.F.);
#2435 = PLANE('',#2436);
#2436 = AXIS2_PLACEMENT_3D('',#2437,#2438,#2439);
#2437 = CARTESIAN_POINT('',(-1.7,0.875277674973,1.25));
#2438 = DIRECTION('',(0.,0.,1.));
#2439 = DIRECTION('',(0.,1.,0.));
#2440 = ADVANCED_FACE('',(#2441),#2452,.T.);
#2441 = FACE_BOUND('',#2442,.T.);
#2442 = EDGE_LOOP('',(#2443,#2449,#2450,#2451));
#2443 = ORIENTED_EDGE('',*,*,#2444,.T.);
#2444 = EDGE_CURVE('',#780,#1395,#2445,.T.);
#2445 = LINE('',#2446,#2447);
#2446 = CARTESIAN_POINT('',(-1.7,0.5,1.9));
#2447 = VECTOR('',#2448,1.);
#2448 = DIRECTION('',(1.,0.,0.));
#2449 = ORIENTED_EDGE('',*,*,#1402,.T.);
#2450 = ORIENTED_EDGE('',*,*,#2427,.F.);
#2451 = ORIENTED_EDGE('',*,*,#787,.F.);
#2452 = PLANE('',#2453);
#2453 = AXIS2_PLACEMENT_3D('',#2454,#2455,#2456);
#2454 = CARTESIAN_POINT('',(-1.7,0.5,1.9));
#2455 = DIRECTION('',(0.,0.866025403784,0.5));
#2456 = DIRECTION('',(0.,0.5,-0.866025403784));
#2457 = ADVANCED_FACE('',(#2458),#2590,.T.);
#2458 = FACE_BOUND('',#2459,.T.);
#2459 = EDGE_LOOP('',(#2460,#2461,#2462,#2470,#2478,#2486,#2494,#2503,
    #2511,#2519,#2527,#2535,#2543,#2552,#2560,#2568,#2576,#2582,#2583,
    #2584));
#2460 = ORIENTED_EDGE('',*,*,#771,.F.);
#2461 = ORIENTED_EDGE('',*,*,#1309,.T.);
#2462 = ORIENTED_EDGE('',*,*,#2463,.F.);
#2463 = EDGE_CURVE('',#2464,#1302,#2466,.T.);
#2464 = VERTEX_POINT('',#2465);
#2465 = CARTESIAN_POINT('',(-0.8,-1.6,6.8));
#2466 = LINE('',#2467,#2468);
#2467 = CARTESIAN_POINT('',(-0.8,-1.6,6.9));
#2468 = VECTOR('',#2469,1.);
#2469 = DIRECTION('',(0.,0.,1.));
#2470 = ORIENTED_EDGE('',*,*,#2471,.F.);
#2471 = EDGE_CURVE('',#2472,#2464,#2474,.T.);
#2472 = VERTEX_POINT('',#2473);
#2473 = CARTESIAN_POINT('',(-0.4,-1.6,6.4));
#2474 = LINE('',#2475,#2476);
#2475 = CARTESIAN_POINT('',(-0.875,-1.6,6.875));
#2476 = VECTOR('',#2477,1.);
#2477 = DIRECTION('',(-0.707106781187,0.,0.707106781187));
#2478 = ORIENTED_EDGE('',*,*,#2479,.F.);
#2479 = EDGE_CURVE('',#2480,#2472,#2482,.T.);
#2480 = VERTEX_POINT('',#2481);
#2481 = CARTESIAN_POINT('',(-0.8,-1.6,6.));
#2482 = LINE('',#2483,#2484);
#2483 = CARTESIAN_POINT('',(-0.775,-1.6,6.025));
#2484 = VECTOR('',#2485,1.);
#2485 = DIRECTION('',(0.707106781187,0.,0.707106781187));
#2486 = ORIENTED_EDGE('',*,*,#2487,.F.);
#2487 = EDGE_CURVE('',#2488,#2480,#2490,.T.);
#2488 = VERTEX_POINT('',#2489);
#2489 = CARTESIAN_POINT('',(-0.8,-1.6,3.9));
#2490 = LINE('',#2491,#2492);
#2491 = CARTESIAN_POINT('',(-0.8,-1.6,5.45));
#2492 = VECTOR('',#2493,1.);
#2493 = DIRECTION('',(0.,0.,1.));
#2494 = ORIENTED_EDGE('',*,*,#2495,.F.);
#2495 = EDGE_CURVE('',#2496,#2488,#2498,.T.);
#2496 = VERTEX_POINT('',#2497);
#2497 = CARTESIAN_POINT('',(-0.1,-1.6,3.2));
#2498 = CIRCLE('',#2499,0.7);
#2499 = AXIS2_PLACEMENT_3D('',#2500,#2501,#2502);
#2500 = CARTESIAN_POINT('',(-0.1,-1.6,3.9));
#2501 = DIRECTION('',(0.,1.,-2.22044604925E-16));
#2502 = DIRECTION('',(1.,0.,0.));
#2503 = ORIENTED_EDGE('',*,*,#2504,.F.);
#2504 = EDGE_CURVE('',#2505,#2496,#2507,.T.);
#2505 = VERTEX_POINT('',#2506);
#2506 = CARTESIAN_POINT('',(1.05,-1.6,3.2));
#2507 = LINE('',#2508,#2509);
#2508 = CARTESIAN_POINT('',(-0.325,-1.6,3.2));
#2509 = VECTOR('',#2510,1.);
#2510 = DIRECTION('',(-1.,0.,0.));
#2511 = ORIENTED_EDGE('',*,*,#2512,.F.);
#2512 = EDGE_CURVE('',#2513,#2505,#2515,.T.);
#2513 = VERTEX_POINT('',#2514);
#2514 = CARTESIAN_POINT('',(1.05,-1.6,7.));
#2515 = LINE('',#2516,#2517);
#2516 = CARTESIAN_POINT('',(1.05,-1.6,7.));
#2517 = VECTOR('',#2518,1.);
#2518 = DIRECTION('',(0.,0.,-1.));
#2519 = ORIENTED_EDGE('',*,*,#2520,.T.);
#2520 = EDGE_CURVE('',#2513,#2521,#2523,.T.);
#2521 = VERTEX_POINT('',#2522);
#2522 = CARTESIAN_POINT('',(18.95,-1.6,7.));
#2523 = LINE('',#2524,#2525);
#2524 = CARTESIAN_POINT('',(-1.7,-1.6,7.));
#2525 = VECTOR('',#2526,1.);
#2526 = DIRECTION('',(1.,0.,0.));
#2527 = ORIENTED_EDGE('',*,*,#2528,.T.);
#2528 = EDGE_CURVE('',#2521,#2529,#2531,.T.);
#2529 = VERTEX_POINT('',#2530);
#2530 = CARTESIAN_POINT('',(18.95,-1.6,3.2));
#2531 = LINE('',#2532,#2533);
#2532 = CARTESIAN_POINT('',(18.95,-1.6,7.));
#2533 = VECTOR('',#2534,1.);
#2534 = DIRECTION('',(0.,0.,-1.));
#2535 = ORIENTED_EDGE('',*,*,#2536,.T.);
#2536 = EDGE_CURVE('',#2529,#2537,#2539,.T.);
#2537 = VERTEX_POINT('',#2538);
#2538 = CARTESIAN_POINT('',(20.1,-1.6,3.2));
#2539 = LINE('',#2540,#2541);
#2540 = CARTESIAN_POINT('',(8.625,-1.6,3.2));
#2541 = VECTOR('',#2542,1.);
#2542 = DIRECTION('',(1.,0.,0.));
#2543 = ORIENTED_EDGE('',*,*,#2544,.F.);
#2544 = EDGE_CURVE('',#2545,#2537,#2547,.T.);
#2545 = VERTEX_POINT('',#2546);
#2546 = CARTESIAN_POINT('',(20.8,-1.6,3.9));
#2547 = CIRCLE('',#2548,0.7);
#2548 = AXIS2_PLACEMENT_3D('',#2549,#2550,#2551);
#2549 = CARTESIAN_POINT('',(20.1,-1.6,3.9));
#2550 = DIRECTION('',(0.,1.,-2.22044604925E-16));
#2551 = DIRECTION('',(1.,0.,0.));
#2552 = ORIENTED_EDGE('',*,*,#2553,.T.);
#2553 = EDGE_CURVE('',#2545,#2554,#2556,.T.);
#2554 = VERTEX_POINT('',#2555);
#2555 = CARTESIAN_POINT('',(20.8,-1.6,6.));
#2556 = LINE('',#2557,#2558);
#2557 = CARTESIAN_POINT('',(20.8,-1.6,5.45));
#2558 = VECTOR('',#2559,1.);
#2559 = DIRECTION('',(0.,0.,1.));
#2560 = ORIENTED_EDGE('',*,*,#2561,.T.);
#2561 = EDGE_CURVE('',#2554,#2562,#2564,.T.);
#2562 = VERTEX_POINT('',#2563);
#2563 = CARTESIAN_POINT('',(20.4,-1.6,6.4));
#2564 = LINE('',#2565,#2566);
#2565 = CARTESIAN_POINT('',(14.925,-1.6,11.875));
#2566 = VECTOR('',#2567,1.);
#2567 = DIRECTION('',(-0.707106781187,0.,0.707106781187));
#2568 = ORIENTED_EDGE('',*,*,#2569,.T.);
#2569 = EDGE_CURVE('',#2562,#2570,#2572,.T.);
#2570 = VERTEX_POINT('',#2571);
#2571 = CARTESIAN_POINT('',(20.8,-1.6,6.8));
#2572 = LINE('',#2573,#2574);
#2573 = CARTESIAN_POINT('',(15.025,-1.6,1.025));
#2574 = VECTOR('',#2575,1.);
#2575 = DIRECTION('',(0.707106781187,0.,0.707106781187));
#2576 = ORIENTED_EDGE('',*,*,#2577,.T.);
#2577 = EDGE_CURVE('',#2570,#2385,#2578,.T.);
#2578 = LINE('',#2579,#2580);
#2579 = CARTESIAN_POINT('',(20.8,-1.6,6.9));
#2580 = VECTOR('',#2581,1.);
#2581 = DIRECTION('',(0.,0.,1.));
#2582 = ORIENTED_EDGE('',*,*,#2401,.T.);
#2583 = ORIENTED_EDGE('',*,*,#1386,.T.);
#2584 = ORIENTED_EDGE('',*,*,#2585,.F.);
#2585 = EDGE_CURVE('',#772,#1387,#2586,.T.);
#2586 = LINE('',#2587,#2588);
#2587 = CARTESIAN_POINT('',(-1.7,-1.6,1.9));
#2588 = VECTOR('',#2589,1.);
#2589 = DIRECTION('',(1.,0.,0.));
#2590 = PLANE('',#2591);
#2591 = AXIS2_PLACEMENT_3D('',#2592,#2593,#2594);
#2592 = CARTESIAN_POINT('',(-1.7,-1.6,7.));
#2593 = DIRECTION('',(0.,1.,0.));
#2594 = DIRECTION('',(0.,0.,-1.));
#2595 = ADVANCED_FACE('',(#2596,#2602,#2636,#2670,#2704,#2738,#2772,
    #2806,#2840,#2874),#2908,.T.);
#2596 = FACE_BOUND('',#2597,.T.);
#2597 = EDGE_LOOP('',(#2598,#2599,#2600,#2601));
#2598 = ORIENTED_EDGE('',*,*,#2585,.T.);
#2599 = ORIENTED_EDGE('',*,*,#1394,.T.);
#2600 = ORIENTED_EDGE('',*,*,#2444,.F.);
#2601 = ORIENTED_EDGE('',*,*,#779,.F.);
#2602 = FACE_BOUND('',#2603,.T.);
#2603 = EDGE_LOOP('',(#2604,#2614,#2622,#2630));
#2604 = ORIENTED_EDGE('',*,*,#2605,.F.);
#2605 = EDGE_CURVE('',#2606,#2608,#2610,.T.);
#2606 = VERTEX_POINT('',#2607);
#2607 = CARTESIAN_POINT('',(19.68,-0.32,1.9));
#2608 = VERTEX_POINT('',#2609);
#2609 = CARTESIAN_POINT('',(20.32,-0.32,1.9));
#2610 = LINE('',#2611,#2612);
#2611 = CARTESIAN_POINT('',(9.31,-0.32,1.9));
#2612 = VECTOR('',#2613,1.);
#2613 = DIRECTION('',(1.,0.,0.));
#2614 = ORIENTED_EDGE('',*,*,#2615,.T.);
#2615 = EDGE_CURVE('',#2606,#2616,#2618,.T.);
#2616 = VERTEX_POINT('',#2617);
#2617 = CARTESIAN_POINT('',(19.68,0.32,1.9));
#2618 = LINE('',#2619,#2620);
#2619 = CARTESIAN_POINT('',(19.68,-0.8,1.9));
#2620 = VECTOR('',#2621,1.);
#2621 = DIRECTION('',(0.,1.,0.));
#2622 = ORIENTED_EDGE('',*,*,#2623,.F.);
#2623 = EDGE_CURVE('',#2624,#2616,#2626,.T.);
#2624 = VERTEX_POINT('',#2625);
#2625 = CARTESIAN_POINT('',(20.32,0.32,1.9));
#2626 = LINE('',#2627,#2628);
#2627 = CARTESIAN_POINT('',(9.31,0.32,1.9));
#2628 = VECTOR('',#2629,1.);
#2629 = DIRECTION('',(-1.,0.,0.));
#2630 = ORIENTED_EDGE('',*,*,#2631,.F.);
#2631 = EDGE_CURVE('',#2608,#2624,#2632,.T.);
#2632 = LINE('',#2633,#2634);
#2633 = CARTESIAN_POINT('',(20.32,-0.8,1.9));
#2634 = VECTOR('',#2635,1.);
#2635 = DIRECTION('',(0.,1.,0.));
#2636 = FACE_BOUND('',#2637,.T.);
#2637 = EDGE_LOOP('',(#2638,#2648,#2656,#2664));
#2638 = ORIENTED_EDGE('',*,*,#2639,.F.);
#2639 = EDGE_CURVE('',#2640,#2642,#2644,.T.);
#2640 = VERTEX_POINT('',#2641);
#2641 = CARTESIAN_POINT('',(17.18,-0.32,1.9));
#2642 = VERTEX_POINT('',#2643);
#2643 = CARTESIAN_POINT('',(17.82,-0.32,1.9));
#2644 = LINE('',#2645,#2646);
#2645 = CARTESIAN_POINT('',(8.06,-0.32,1.9));
#2646 = VECTOR('',#2647,1.);
#2647 = DIRECTION('',(1.,0.,0.));
#2648 = ORIENTED_EDGE('',*,*,#2649,.T.);
#2649 = EDGE_CURVE('',#2640,#2650,#2652,.T.);
#2650 = VERTEX_POINT('',#2651);
#2651 = CARTESIAN_POINT('',(17.18,0.32,1.9));
#2652 = LINE('',#2653,#2654);
#2653 = CARTESIAN_POINT('',(17.18,-0.8,1.9));
#2654 = VECTOR('',#2655,1.);
#2655 = DIRECTION('',(0.,1.,0.));
#2656 = ORIENTED_EDGE('',*,*,#2657,.F.);
#2657 = EDGE_CURVE('',#2658,#2650,#2660,.T.);
#2658 = VERTEX_POINT('',#2659);
#2659 = CARTESIAN_POINT('',(17.82,0.32,1.9));
#2660 = LINE('',#2661,#2662);
#2661 = CARTESIAN_POINT('',(8.06,0.32,1.9));
#2662 = VECTOR('',#2663,1.);
#2663 = DIRECTION('',(-1.,0.,0.));
#2664 = ORIENTED_EDGE('',*,*,#2665,.F.);
#2665 = EDGE_CURVE('',#2642,#2658,#2666,.T.);
#2666 = LINE('',#2667,#2668);
#2667 = CARTESIAN_POINT('',(17.82,-0.8,1.9));
#2668 = VECTOR('',#2669,1.);
#2669 = DIRECTION('',(0.,1.,0.));
#2670 = FACE_BOUND('',#2671,.T.);
#2671 = EDGE_LOOP('',(#2672,#2682,#2690,#2698));
#2672 = ORIENTED_EDGE('',*,*,#2673,.F.);
#2673 = EDGE_CURVE('',#2674,#2676,#2678,.T.);
#2674 = VERTEX_POINT('',#2675);
#2675 = CARTESIAN_POINT('',(14.68,-0.32,1.9));
#2676 = VERTEX_POINT('',#2677);
#2677 = CARTESIAN_POINT('',(15.32,-0.32,1.9));
#2678 = LINE('',#2679,#2680);
#2679 = CARTESIAN_POINT('',(6.81,-0.32,1.9));
#2680 = VECTOR('',#2681,1.);
#2681 = DIRECTION('',(1.,0.,0.));
#2682 = ORIENTED_EDGE('',*,*,#2683,.T.);
#2683 = EDGE_CURVE('',#2674,#2684,#2686,.T.);
#2684 = VERTEX_POINT('',#2685);
#2685 = CARTESIAN_POINT('',(14.68,0.32,1.9));
#2686 = LINE('',#2687,#2688);
#2687 = CARTESIAN_POINT('',(14.68,-0.8,1.9));
#2688 = VECTOR('',#2689,1.);
#2689 = DIRECTION('',(0.,1.,0.));
#2690 = ORIENTED_EDGE('',*,*,#2691,.F.);
#2691 = EDGE_CURVE('',#2692,#2684,#2694,.T.);
#2692 = VERTEX_POINT('',#2693);
#2693 = CARTESIAN_POINT('',(15.32,0.32,1.9));
#2694 = LINE('',#2695,#2696);
#2695 = CARTESIAN_POINT('',(6.81,0.32,1.9));
#2696 = VECTOR('',#2697,1.);
#2697 = DIRECTION('',(-1.,0.,0.));
#2698 = ORIENTED_EDGE('',*,*,#2699,.F.);
#2699 = EDGE_CURVE('',#2676,#2692,#2700,.T.);
#2700 = LINE('',#2701,#2702);
#2701 = CARTESIAN_POINT('',(15.32,-0.8,1.9));
#2702 = VECTOR('',#2703,1.);
#2703 = DIRECTION('',(0.,1.,0.));
#2704 = FACE_BOUND('',#2705,.T.);
#2705 = EDGE_LOOP('',(#2706,#2716,#2724,#2732));
#2706 = ORIENTED_EDGE('',*,*,#2707,.F.);
#2707 = EDGE_CURVE('',#2708,#2710,#2712,.T.);
#2708 = VERTEX_POINT('',#2709);
#2709 = CARTESIAN_POINT('',(12.18,-0.32,1.9));
#2710 = VERTEX_POINT('',#2711);
#2711 = CARTESIAN_POINT('',(12.82,-0.32,1.9));
#2712 = LINE('',#2713,#2714);
#2713 = CARTESIAN_POINT('',(5.56,-0.32,1.9));
#2714 = VECTOR('',#2715,1.);
#2715 = DIRECTION('',(1.,0.,0.));
#2716 = ORIENTED_EDGE('',*,*,#2717,.T.);
#2717 = EDGE_CURVE('',#2708,#2718,#2720,.T.);
#2718 = VERTEX_POINT('',#2719);
#2719 = CARTESIAN_POINT('',(12.18,0.32,1.9));
#2720 = LINE('',#2721,#2722);
#2721 = CARTESIAN_POINT('',(12.18,-0.8,1.9));
#2722 = VECTOR('',#2723,1.);
#2723 = DIRECTION('',(0.,1.,0.));
#2724 = ORIENTED_EDGE('',*,*,#2725,.F.);
#2725 = EDGE_CURVE('',#2726,#2718,#2728,.T.);
#2726 = VERTEX_POINT('',#2727);
#2727 = CARTESIAN_POINT('',(12.82,0.32,1.9));
#2728 = LINE('',#2729,#2730);
#2729 = CARTESIAN_POINT('',(5.56,0.32,1.9));
#2730 = VECTOR('',#2731,1.);
#2731 = DIRECTION('',(-1.,0.,0.));
#2732 = ORIENTED_EDGE('',*,*,#2733,.F.);
#2733 = EDGE_CURVE('',#2710,#2726,#2734,.T.);
#2734 = LINE('',#2735,#2736);
#2735 = CARTESIAN_POINT('',(12.82,-0.8,1.9));
#2736 = VECTOR('',#2737,1.);
#2737 = DIRECTION('',(0.,1.,0.));
#2738 = FACE_BOUND('',#2739,.T.);
#2739 = EDGE_LOOP('',(#2740,#2750,#2758,#2766));
#2740 = ORIENTED_EDGE('',*,*,#2741,.F.);
#2741 = EDGE_CURVE('',#2742,#2744,#2746,.T.);
#2742 = VERTEX_POINT('',#2743);
#2743 = CARTESIAN_POINT('',(9.68,-0.32,1.9));
#2744 = VERTEX_POINT('',#2745);
#2745 = CARTESIAN_POINT('',(10.32,-0.32,1.9));
#2746 = LINE('',#2747,#2748);
#2747 = CARTESIAN_POINT('',(4.31,-0.32,1.9));
#2748 = VECTOR('',#2749,1.);
#2749 = DIRECTION('',(1.,0.,0.));
#2750 = ORIENTED_EDGE('',*,*,#2751,.T.);
#2751 = EDGE_CURVE('',#2742,#2752,#2754,.T.);
#2752 = VERTEX_POINT('',#2753);
#2753 = CARTESIAN_POINT('',(9.68,0.32,1.9));
#2754 = LINE('',#2755,#2756);
#2755 = CARTESIAN_POINT('',(9.68,-0.8,1.9));
#2756 = VECTOR('',#2757,1.);
#2757 = DIRECTION('',(0.,1.,0.));
#2758 = ORIENTED_EDGE('',*,*,#2759,.F.);
#2759 = EDGE_CURVE('',#2760,#2752,#2762,.T.);
#2760 = VERTEX_POINT('',#2761);
#2761 = CARTESIAN_POINT('',(10.32,0.32,1.9));
#2762 = LINE('',#2763,#2764);
#2763 = CARTESIAN_POINT('',(4.31,0.32,1.9));
#2764 = VECTOR('',#2765,1.);
#2765 = DIRECTION('',(-1.,0.,0.));
#2766 = ORIENTED_EDGE('',*,*,#2767,.F.);
#2767 = EDGE_CURVE('',#2744,#2760,#2768,.T.);
#2768 = LINE('',#2769,#2770);
#2769 = CARTESIAN_POINT('',(10.32,-0.8,1.9));
#2770 = VECTOR('',#2771,1.);
#2771 = DIRECTION('',(0.,1.,0.));
#2772 = FACE_BOUND('',#2773,.T.);
#2773 = EDGE_LOOP('',(#2774,#2784,#2792,#2800));
#2774 = ORIENTED_EDGE('',*,*,#2775,.F.);
#2775 = EDGE_CURVE('',#2776,#2778,#2780,.T.);
#2776 = VERTEX_POINT('',#2777);
#2777 = CARTESIAN_POINT('',(7.18,-0.32,1.9));
#2778 = VERTEX_POINT('',#2779);
#2779 = CARTESIAN_POINT('',(7.82,-0.32,1.9));
#2780 = LINE('',#2781,#2782);
#2781 = CARTESIAN_POINT('',(3.06,-0.32,1.9));
#2782 = VECTOR('',#2783,1.);
#2783 = DIRECTION('',(1.,0.,0.));
#2784 = ORIENTED_EDGE('',*,*,#2785,.T.);
#2785 = EDGE_CURVE('',#2776,#2786,#2788,.T.);
#2786 = VERTEX_POINT('',#2787);
#2787 = CARTESIAN_POINT('',(7.18,0.32,1.9));
#2788 = LINE('',#2789,#2790);
#2789 = CARTESIAN_POINT('',(7.18,-0.8,1.9));
#2790 = VECTOR('',#2791,1.);
#2791 = DIRECTION('',(0.,1.,0.));
#2792 = ORIENTED_EDGE('',*,*,#2793,.F.);
#2793 = EDGE_CURVE('',#2794,#2786,#2796,.T.);
#2794 = VERTEX_POINT('',#2795);
#2795 = CARTESIAN_POINT('',(7.82,0.32,1.9));
#2796 = LINE('',#2797,#2798);
#2797 = CARTESIAN_POINT('',(3.06,0.32,1.9));
#2798 = VECTOR('',#2799,1.);
#2799 = DIRECTION('',(-1.,0.,0.));
#2800 = ORIENTED_EDGE('',*,*,#2801,.F.);
#2801 = EDGE_CURVE('',#2778,#2794,#2802,.T.);
#2802 = LINE('',#2803,#2804);
#2803 = CARTESIAN_POINT('',(7.82,-0.8,1.9));
#2804 = VECTOR('',#2805,1.);
#2805 = DIRECTION('',(0.,1.,0.));
#2806 = FACE_BOUND('',#2807,.T.);
#2807 = EDGE_LOOP('',(#2808,#2818,#2826,#2834));
#2808 = ORIENTED_EDGE('',*,*,#2809,.F.);
#2809 = EDGE_CURVE('',#2810,#2812,#2814,.T.);
#2810 = VERTEX_POINT('',#2811);
#2811 = CARTESIAN_POINT('',(4.68,-0.32,1.9));
#2812 = VERTEX_POINT('',#2813);
#2813 = CARTESIAN_POINT('',(5.32,-0.32,1.9));
#2814 = LINE('',#2815,#2816);
#2815 = CARTESIAN_POINT('',(1.81,-0.32,1.9));
#2816 = VECTOR('',#2817,1.);
#2817 = DIRECTION('',(1.,0.,0.));
#2818 = ORIENTED_EDGE('',*,*,#2819,.T.);
#2819 = EDGE_CURVE('',#2810,#2820,#2822,.T.);
#2820 = VERTEX_POINT('',#2821);
#2821 = CARTESIAN_POINT('',(4.68,0.32,1.9));
#2822 = LINE('',#2823,#2824);
#2823 = CARTESIAN_POINT('',(4.68,-0.8,1.9));
#2824 = VECTOR('',#2825,1.);
#2825 = DIRECTION('',(0.,1.,0.));
#2826 = ORIENTED_EDGE('',*,*,#2827,.F.);
#2827 = EDGE_CURVE('',#2828,#2820,#2830,.T.);
#2828 = VERTEX_POINT('',#2829);
#2829 = CARTESIAN_POINT('',(5.32,0.32,1.9));
#2830 = LINE('',#2831,#2832);
#2831 = CARTESIAN_POINT('',(1.81,0.32,1.9));
#2832 = VECTOR('',#2833,1.);
#2833 = DIRECTION('',(-1.,0.,0.));
#2834 = ORIENTED_EDGE('',*,*,#2835,.F.);
#2835 = EDGE_CURVE('',#2812,#2828,#2836,.T.);
#2836 = LINE('',#2837,#2838);
#2837 = CARTESIAN_POINT('',(5.32,-0.8,1.9));
#2838 = VECTOR('',#2839,1.);
#2839 = DIRECTION('',(0.,1.,0.));
#2840 = FACE_BOUND('',#2841,.T.);
#2841 = EDGE_LOOP('',(#2842,#2852,#2860,#2868));
#2842 = ORIENTED_EDGE('',*,*,#2843,.F.);
#2843 = EDGE_CURVE('',#2844,#2846,#2848,.T.);
#2844 = VERTEX_POINT('',#2845);
#2845 = CARTESIAN_POINT('',(2.18,-0.32,1.9));
#2846 = VERTEX_POINT('',#2847);
#2847 = CARTESIAN_POINT('',(2.82,-0.32,1.9));
#2848 = LINE('',#2849,#2850);
#2849 = CARTESIAN_POINT('',(0.56,-0.32,1.9));
#2850 = VECTOR('',#2851,1.);
#2851 = DIRECTION('',(1.,0.,0.));
#2852 = ORIENTED_EDGE('',*,*,#2853,.T.);
#2853 = EDGE_CURVE('',#2844,#2854,#2856,.T.);
#2854 = VERTEX_POINT('',#2855);
#2855 = CARTESIAN_POINT('',(2.18,0.32,1.9));
#2856 = LINE('',#2857,#2858);
#2857 = CARTESIAN_POINT('',(2.18,-0.8,1.9));
#2858 = VECTOR('',#2859,1.);
#2859 = DIRECTION('',(0.,1.,0.));
#2860 = ORIENTED_EDGE('',*,*,#2861,.F.);
#2861 = EDGE_CURVE('',#2862,#2854,#2864,.T.);
#2862 = VERTEX_POINT('',#2863);
#2863 = CARTESIAN_POINT('',(2.82,0.32,1.9));
#2864 = LINE('',#2865,#2866);
#2865 = CARTESIAN_POINT('',(0.56,0.32,1.9));
#2866 = VECTOR('',#2867,1.);
#2867 = DIRECTION('',(-1.,0.,0.));
#2868 = ORIENTED_EDGE('',*,*,#2869,.F.);
#2869 = EDGE_CURVE('',#2846,#2862,#2870,.T.);
#2870 = LINE('',#2871,#2872);
#2871 = CARTESIAN_POINT('',(2.82,-0.8,1.9));
#2872 = VECTOR('',#2873,1.);
#2873 = DIRECTION('',(0.,1.,0.));
#2874 = FACE_BOUND('',#2875,.T.);
#2875 = EDGE_LOOP('',(#2876,#2886,#2894,#2902));
#2876 = ORIENTED_EDGE('',*,*,#2877,.F.);
#2877 = EDGE_CURVE('',#2878,#2880,#2882,.T.);
#2878 = VERTEX_POINT('',#2879);
#2879 = CARTESIAN_POINT('',(-0.32,-0.32,1.9));
#2880 = VERTEX_POINT('',#2881);
#2881 = CARTESIAN_POINT('',(0.32,-0.32,1.9));
#2882 = LINE('',#2883,#2884);
#2883 = CARTESIAN_POINT('',(-0.69,-0.32,1.9));
#2884 = VECTOR('',#2885,1.);
#2885 = DIRECTION('',(1.,0.,0.));
#2886 = ORIENTED_EDGE('',*,*,#2887,.T.);
#2887 = EDGE_CURVE('',#2878,#2888,#2890,.T.);
#2888 = VERTEX_POINT('',#2889);
#2889 = CARTESIAN_POINT('',(-0.32,0.32,1.9));
#2890 = LINE('',#2891,#2892);
#2891 = CARTESIAN_POINT('',(-0.32,-0.8,1.9));
#2892 = VECTOR('',#2893,1.);
#2893 = DIRECTION('',(0.,1.,0.));
#2894 = ORIENTED_EDGE('',*,*,#2895,.F.);
#2895 = EDGE_CURVE('',#2896,#2888,#2898,.T.);
#2896 = VERTEX_POINT('',#2897);
#2897 = CARTESIAN_POINT('',(0.32,0.32,1.9));
#2898 = LINE('',#2899,#2900);
#2899 = CARTESIAN_POINT('',(-0.69,0.32,1.9));
#2900 = VECTOR('',#2901,1.);
#2901 = DIRECTION('',(-1.,0.,0.));
#2902 = ORIENTED_EDGE('',*,*,#2903,.F.);
#2903 = EDGE_CURVE('',#2880,#2896,#2904,.T.);
#2904 = LINE('',#2905,#2906);
#2905 = CARTESIAN_POINT('',(0.32,-0.8,1.9));
#2906 = VECTOR('',#2907,1.);
#2907 = DIRECTION('',(0.,1.,0.));
#2908 = PLANE('',#2909);
#2909 = AXIS2_PLACEMENT_3D('',#2910,#2911,#2912);
#2910 = CARTESIAN_POINT('',(-1.7,-1.6,1.9));
#2911 = DIRECTION('',(0.,0.,1.));
#2912 = DIRECTION('',(0.,1.,0.));
#2913 = ADVANCED_FACE('',(#2914),#2925,.T.);
#2914 = FACE_BOUND('',#2915,.T.);
#2915 = EDGE_LOOP('',(#2916,#2917,#2918,#2924));
#2916 = ORIENTED_EDGE('',*,*,#1271,.T.);
#2917 = ORIENTED_EDGE('',*,*,#1549,.T.);
#2918 = ORIENTED_EDGE('',*,*,#2919,.F.);
#2919 = EDGE_CURVE('',#1664,#1550,#2920,.T.);
#2920 = LINE('',#2921,#2922);
#2921 = CARTESIAN_POINT('',(0.95,-1.,0.2));
#2922 = VECTOR('',#2923,1.);
#2923 = DIRECTION('',(-1.,-0.,-0.));
#2924 = ORIENTED_EDGE('',*,*,#1663,.F.);
#2925 = PLANE('',#2926);
#2926 = AXIS2_PLACEMENT_3D('',#2927,#2928,#2929);
#2927 = CARTESIAN_POINT('',(0.95,-2.35,0.587106270774));
#2928 = DIRECTION('',(0.,-0.275637355817,-0.961261695938));
#2929 = DIRECTION('',(0.,0.961261695938,-0.275637355817));
#2930 = ADVANCED_FACE('',(#2931),#2942,.T.);
#2931 = FACE_BOUND('',#2932,.T.);
#2932 = EDGE_LOOP('',(#2933,#2934,#2935,#2941));
#2933 = ORIENTED_EDGE('',*,*,#1239,.T.);
#2934 = ORIENTED_EDGE('',*,*,#1759,.T.);
#2935 = ORIENTED_EDGE('',*,*,#2936,.F.);
#2936 = EDGE_CURVE('',#1874,#1760,#2937,.T.);
#2937 = LINE('',#2938,#2939);
#2938 = CARTESIAN_POINT('',(3.45,-1.,0.2));
#2939 = VECTOR('',#2940,1.);
#2940 = DIRECTION('',(-1.,-0.,-0.));
#2941 = ORIENTED_EDGE('',*,*,#1873,.F.);
#2942 = PLANE('',#2943);
#2943 = AXIS2_PLACEMENT_3D('',#2944,#2945,#2946);
#2944 = CARTESIAN_POINT('',(3.45,-2.35,0.587106270774));
#2945 = DIRECTION('',(0.,-0.275637355817,-0.961261695938));
#2946 = DIRECTION('',(0.,0.961261695938,-0.275637355817));
#2947 = ADVANCED_FACE('',(#2948),#2959,.T.);
#2948 = FACE_BOUND('',#2949,.T.);
#2949 = EDGE_LOOP('',(#2950,#2951,#2952,#2958));
#2950 = ORIENTED_EDGE('',*,*,#1207,.T.);
#2951 = ORIENTED_EDGE('',*,*,#1969,.T.);
#2952 = ORIENTED_EDGE('',*,*,#2953,.F.);
#2953 = EDGE_CURVE('',#2084,#1970,#2954,.T.);
#2954 = LINE('',#2955,#2956);
#2955 = CARTESIAN_POINT('',(5.95,-1.,0.2));
#2956 = VECTOR('',#2957,1.);
#2957 = DIRECTION('',(-1.,-0.,-0.));
#2958 = ORIENTED_EDGE('',*,*,#2083,.F.);
#2959 = PLANE('',#2960);
#2960 = AXIS2_PLACEMENT_3D('',#2961,#2962,#2963);
#2961 = CARTESIAN_POINT('',(5.95,-2.35,0.587106270774));
#2962 = DIRECTION('',(0.,-0.275637355817,-0.961261695938));
#2963 = DIRECTION('',(0.,0.961261695938,-0.275637355817));
#2964 = ADVANCED_FACE('',(#2965),#2976,.T.);
#2965 = FACE_BOUND('',#2966,.T.);
#2966 = EDGE_LOOP('',(#2967,#2968,#2969,#2975));
#2967 = ORIENTED_EDGE('',*,*,#1175,.T.);
#2968 = ORIENTED_EDGE('',*,*,#2179,.T.);
#2969 = ORIENTED_EDGE('',*,*,#2970,.F.);
#2970 = EDGE_CURVE('',#2294,#2180,#2971,.T.);
#2971 = LINE('',#2972,#2973);
#2972 = CARTESIAN_POINT('',(8.45,-1.,0.2));
#2973 = VECTOR('',#2974,1.);
#2974 = DIRECTION('',(-1.,-0.,-0.));
#2975 = ORIENTED_EDGE('',*,*,#2293,.F.);
#2976 = PLANE('',#2977);
#2977 = AXIS2_PLACEMENT_3D('',#2978,#2979,#2980);
#2978 = CARTESIAN_POINT('',(8.45,-2.35,0.587106270774));
#2979 = DIRECTION('',(0.,-0.275637355817,-0.961261695938));
#2980 = DIRECTION('',(0.,0.961261695938,-0.275637355817));
#2981 = ADVANCED_FACE('',(#2982),#2993,.T.);
#2982 = FACE_BOUND('',#2983,.T.);
#2983 = EDGE_LOOP('',(#2984,#2985,#2986,#2992));
#2984 = ORIENTED_EDGE('',*,*,#1143,.T.);
#2985 = ORIENTED_EDGE('',*,*,#2324,.T.);
#2986 = ORIENTED_EDGE('',*,*,#2987,.F.);
#2987 = EDGE_CURVE('',#2213,#2325,#2988,.T.);
#2988 = LINE('',#2989,#2990);
#2989 = CARTESIAN_POINT('',(10.95,-1.,0.2));
#2990 = VECTOR('',#2991,1.);
#2991 = DIRECTION('',(-1.,-0.,-0.));
#2992 = ORIENTED_EDGE('',*,*,#2212,.F.);
#2993 = PLANE('',#2994);
#2994 = AXIS2_PLACEMENT_3D('',#2995,#2996,#2997);
#2995 = CARTESIAN_POINT('',(10.95,-2.35,0.587106270774));
#2996 = DIRECTION('',(0.,-0.275637355817,-0.961261695938));
#2997 = DIRECTION('',(0.,0.961261695938,-0.275637355817));
#2998 = ADVANCED_FACE('',(#2999),#3010,.T.);
#2999 = FACE_BOUND('',#3000,.T.);
#3000 = EDGE_LOOP('',(#3001,#3002,#3003,#3009));
#3001 = ORIENTED_EDGE('',*,*,#1111,.T.);
#3002 = ORIENTED_EDGE('',*,*,#2114,.T.);
#3003 = ORIENTED_EDGE('',*,*,#3004,.F.);
#3004 = EDGE_CURVE('',#2003,#2115,#3005,.T.);
#3005 = LINE('',#3006,#3007);
#3006 = CARTESIAN_POINT('',(13.45,-1.,0.2));
#3007 = VECTOR('',#3008,1.);
#3008 = DIRECTION('',(-1.,-0.,-0.));
#3009 = ORIENTED_EDGE('',*,*,#2002,.F.);
#3010 = PLANE('',#3011);
#3011 = AXIS2_PLACEMENT_3D('',#3012,#3013,#3014);
#3012 = CARTESIAN_POINT('',(13.45,-2.35,0.587106270774));
#3013 = DIRECTION('',(0.,-0.275637355817,-0.961261695938));
#3014 = DIRECTION('',(0.,0.961261695938,-0.275637355817));
#3015 = ADVANCED_FACE('',(#3016),#3027,.T.);
#3016 = FACE_BOUND('',#3017,.T.);
#3017 = EDGE_LOOP('',(#3018,#3019,#3020,#3026));
#3018 = ORIENTED_EDGE('',*,*,#1079,.T.);
#3019 = ORIENTED_EDGE('',*,*,#1904,.T.);
#3020 = ORIENTED_EDGE('',*,*,#3021,.F.);
#3021 = EDGE_CURVE('',#1793,#1905,#3022,.T.);
#3022 = LINE('',#3023,#3024);
#3023 = CARTESIAN_POINT('',(15.95,-1.,0.2));
#3024 = VECTOR('',#3025,1.);
#3025 = DIRECTION('',(-1.,-0.,-0.));
#3026 = ORIENTED_EDGE('',*,*,#1792,.F.);
#3027 = PLANE('',#3028);
#3028 = AXIS2_PLACEMENT_3D('',#3029,#3030,#3031);
#3029 = CARTESIAN_POINT('',(15.95,-2.35,0.587106270774));
#3030 = DIRECTION('',(0.,-0.275637355817,-0.961261695938));
#3031 = DIRECTION('',(0.,0.961261695938,-0.275637355817));
#3032 = ADVANCED_FACE('',(#3033),#3044,.T.);
#3033 = FACE_BOUND('',#3034,.T.);
#3034 = EDGE_LOOP('',(#3035,#3036,#3037,#3043));
#3035 = ORIENTED_EDGE('',*,*,#1047,.T.);
#3036 = ORIENTED_EDGE('',*,*,#1694,.T.);
#3037 = ORIENTED_EDGE('',*,*,#3038,.F.);
#3038 = EDGE_CURVE('',#1583,#1695,#3039,.T.);
#3039 = LINE('',#3040,#3041);
#3040 = CARTESIAN_POINT('',(18.45,-1.,0.2));
#3041 = VECTOR('',#3042,1.);
#3042 = DIRECTION('',(-1.,-0.,-0.));
#3043 = ORIENTED_EDGE('',*,*,#1582,.F.);
#3044 = PLANE('',#3045);
#3045 = AXIS2_PLACEMENT_3D('',#3046,#3047,#3048);
#3046 = CARTESIAN_POINT('',(18.45,-2.35,0.587106270774));
#3047 = DIRECTION('',(0.,-0.275637355817,-0.961261695938));
#3048 = DIRECTION('',(0.,0.961261695938,-0.275637355817));
#3049 = ADVANCED_FACE('',(#3050),#3061,.T.);
#3050 = FACE_BOUND('',#3051,.T.);
#3051 = EDGE_LOOP('',(#3052,#3053,#3054,#3060));
#3052 = ORIENTED_EDGE('',*,*,#1015,.T.);
#3053 = ORIENTED_EDGE('',*,*,#1501,.T.);
#3054 = ORIENTED_EDGE('',*,*,#3055,.F.);
#3055 = EDGE_CURVE('',#1445,#1502,#3056,.T.);
#3056 = LINE('',#3057,#3058);
#3057 = CARTESIAN_POINT('',(20.95,-1.,0.2));
#3058 = VECTOR('',#3059,1.);
#3059 = DIRECTION('',(-1.,-0.,-0.));
#3060 = ORIENTED_EDGE('',*,*,#1444,.F.);
#3061 = PLANE('',#3062);
#3062 = AXIS2_PLACEMENT_3D('',#3063,#3064,#3065);
#3063 = CARTESIAN_POINT('',(20.95,-2.35,0.587106270774));
#3064 = DIRECTION('',(0.,-0.275637355817,-0.961261695938));
#3065 = DIRECTION('',(0.,0.961261695938,-0.275637355817));
#3066 = ADVANCED_FACE('',(#3067),#3078,.T.);
#3067 = FACE_BOUND('',#3068,.T.);
#3068 = EDGE_LOOP('',(#3069,#3070,#3076,#3077));
#3069 = ORIENTED_EDGE('',*,*,#2577,.F.);
#3070 = ORIENTED_EDGE('',*,*,#3071,.T.);
#3071 = EDGE_CURVE('',#2570,#977,#3072,.T.);
#3072 = LINE('',#3073,#3074);
#3073 = CARTESIAN_POINT('',(20.8,1.50990331349E-15,6.8));
#3074 = VECTOR('',#3075,1.);
#3075 = DIRECTION('',(0.,-1.,2.22044604925E-16));
#3076 = ORIENTED_EDGE('',*,*,#984,.T.);
#3077 = ORIENTED_EDGE('',*,*,#2384,.F.);
#3078 = PLANE('',#3079);
#3079 = AXIS2_PLACEMENT_3D('',#3080,#3081,#3082);
#3080 = CARTESIAN_POINT('',(20.8,1.50990331349E-15,6.8));
#3081 = DIRECTION('',(-1.,0.,0.));
#3082 = DIRECTION('',(0.,2.22044604925E-16,1.));
#3083 = ADVANCED_FACE('',(#3084),#3095,.T.);
#3084 = FACE_BOUND('',#3085,.T.);
#3085 = EDGE_LOOP('',(#3086,#3087,#3093,#3094));
#3086 = ORIENTED_EDGE('',*,*,#2569,.F.);
#3087 = ORIENTED_EDGE('',*,*,#3088,.T.);
#3088 = EDGE_CURVE('',#2562,#969,#3089,.T.);
#3089 = LINE('',#3090,#3091);
#3090 = CARTESIAN_POINT('',(20.4,1.42108547152E-15,6.4));
#3091 = VECTOR('',#3092,1.);
#3092 = DIRECTION('',(0.,-1.,2.22044604925E-16));
#3093 = ORIENTED_EDGE('',*,*,#976,.T.);
#3094 = ORIENTED_EDGE('',*,*,#3071,.F.);
#3095 = PLANE('',#3096);
#3096 = AXIS2_PLACEMENT_3D('',#3097,#3098,#3099);
#3097 = CARTESIAN_POINT('',(20.4,1.42108547152E-15,6.4));
#3098 = DIRECTION('',(-0.707106781187,1.570092458684E-16,0.707106781187)
  );
#3099 = DIRECTION('',(0.707106781187,1.570092458684E-16,0.707106781187)
  );
#3100 = ADVANCED_FACE('',(#3101),#3112,.T.);
#3101 = FACE_BOUND('',#3102,.T.);
#3102 = EDGE_LOOP('',(#3103,#3104,#3110,#3111));
#3103 = ORIENTED_EDGE('',*,*,#2561,.F.);
#3104 = ORIENTED_EDGE('',*,*,#3105,.T.);
#3105 = EDGE_CURVE('',#2554,#961,#3106,.T.);
#3106 = LINE('',#3107,#3108);
#3107 = CARTESIAN_POINT('',(20.8,1.33226762955E-15,6.));
#3108 = VECTOR('',#3109,1.);
#3109 = DIRECTION('',(0.,-1.,2.22044604925E-16));
#3110 = ORIENTED_EDGE('',*,*,#968,.T.);
#3111 = ORIENTED_EDGE('',*,*,#3088,.F.);
#3112 = PLANE('',#3113);
#3113 = AXIS2_PLACEMENT_3D('',#3114,#3115,#3116);
#3114 = CARTESIAN_POINT('',(20.8,1.33226762955E-15,6.));
#3115 = DIRECTION('',(-0.707106781187,-1.570092458684E-16,
    -0.707106781187));
#3116 = DIRECTION('',(-0.707106781187,1.570092458684E-16,0.707106781187)
  );
#3117 = ADVANCED_FACE('',(#3118),#3129,.T.);
#3118 = FACE_BOUND('',#3119,.T.);
#3119 = EDGE_LOOP('',(#3120,#3121,#3127,#3128));
#3120 = ORIENTED_EDGE('',*,*,#2553,.F.);
#3121 = ORIENTED_EDGE('',*,*,#3122,.T.);
#3122 = EDGE_CURVE('',#2545,#952,#3123,.T.);
#3123 = LINE('',#3124,#3125);
#3124 = CARTESIAN_POINT('',(20.8,8.659739592076E-16,3.9));
#3125 = VECTOR('',#3126,1.);
#3126 = DIRECTION('',(0.,-1.,2.22044604925E-16));
#3127 = ORIENTED_EDGE('',*,*,#960,.T.);
#3128 = ORIENTED_EDGE('',*,*,#3105,.F.);
#3129 = PLANE('',#3130);
#3130 = AXIS2_PLACEMENT_3D('',#3131,#3132,#3133);
#3131 = CARTESIAN_POINT('',(20.8,8.659739592076E-16,3.9));
#3132 = DIRECTION('',(-1.,0.,0.));
#3133 = DIRECTION('',(0.,2.22044604925E-16,1.));
#3134 = ADVANCED_FACE('',(#3135),#3146,.F.);
#3135 = FACE_BOUND('',#3136,.T.);
#3136 = EDGE_LOOP('',(#3137,#3138,#3144,#3145));
#3137 = ORIENTED_EDGE('',*,*,#2544,.T.);
#3138 = ORIENTED_EDGE('',*,*,#3139,.T.);
#3139 = EDGE_CURVE('',#2537,#944,#3140,.T.);
#3140 = LINE('',#3141,#3142);
#3141 = CARTESIAN_POINT('',(20.1,7.105427357601E-16,3.2));
#3142 = VECTOR('',#3143,1.);
#3143 = DIRECTION('',(0.,-1.,2.22044604925E-16));
#3144 = ORIENTED_EDGE('',*,*,#951,.F.);
#3145 = ORIENTED_EDGE('',*,*,#3122,.F.);
#3146 = CYLINDRICAL_SURFACE('',#3147,0.7);
#3147 = AXIS2_PLACEMENT_3D('',#3148,#3149,#3150);
#3148 = CARTESIAN_POINT('',(20.1,8.659739592076E-16,3.9));
#3149 = DIRECTION('',(0.,1.,-2.22044604925E-16));
#3150 = DIRECTION('',(1.,0.,0.));
#3151 = ADVANCED_FACE('',(#3152),#3163,.T.);
#3152 = FACE_BOUND('',#3153,.T.);
#3153 = EDGE_LOOP('',(#3154,#3155,#3161,#3162));
#3154 = ORIENTED_EDGE('',*,*,#2536,.F.);
#3155 = ORIENTED_EDGE('',*,*,#3156,.T.);
#3156 = EDGE_CURVE('',#2529,#936,#3157,.T.);
#3157 = LINE('',#3158,#3159);
#3158 = CARTESIAN_POINT('',(18.95,7.105427357601E-16,3.2));
#3159 = VECTOR('',#3160,1.);
#3160 = DIRECTION('',(0.,-1.,2.22044604925E-16));
#3161 = ORIENTED_EDGE('',*,*,#943,.T.);
#3162 = ORIENTED_EDGE('',*,*,#3139,.F.);
#3163 = PLANE('',#3164);
#3164 = AXIS2_PLACEMENT_3D('',#3165,#3166,#3167);
#3165 = CARTESIAN_POINT('',(18.95,7.105427357601E-16,3.2));
#3166 = DIRECTION('',(0.,2.22044604925E-16,1.));
#3167 = DIRECTION('',(1.,0.,0.));
#3168 = ADVANCED_FACE('',(#3169),#3180,.T.);
#3169 = FACE_BOUND('',#3170,.T.);
#3170 = EDGE_LOOP('',(#3171,#3172,#3178,#3179));
#3171 = ORIENTED_EDGE('',*,*,#2528,.F.);
#3172 = ORIENTED_EDGE('',*,*,#3173,.T.);
#3173 = EDGE_CURVE('',#2521,#928,#3174,.T.);
#3174 = LINE('',#3175,#3176);
#3175 = CARTESIAN_POINT('',(18.95,1.554312234475E-15,7.));
#3176 = VECTOR('',#3177,1.);
#3177 = DIRECTION('',(0.,-1.,2.22044604925E-16));
#3178 = ORIENTED_EDGE('',*,*,#935,.T.);
#3179 = ORIENTED_EDGE('',*,*,#3156,.F.);
#3180 = PLANE('',#3181);
#3181 = AXIS2_PLACEMENT_3D('',#3182,#3183,#3184);
#3182 = CARTESIAN_POINT('',(18.95,1.554312234475E-15,7.));
#3183 = DIRECTION('',(1.,0.,0.));
#3184 = DIRECTION('',(0.,-2.22044604925E-16,-1.));
#3185 = ADVANCED_FACE('',(#3186),#3197,.T.);
#3186 = FACE_BOUND('',#3187,.T.);
#3187 = EDGE_LOOP('',(#3188,#3194,#3195,#3196));
#3188 = ORIENTED_EDGE('',*,*,#3189,.T.);
#3189 = EDGE_CURVE('',#2513,#920,#3190,.T.);
#3190 = LINE('',#3191,#3192);
#3191 = CARTESIAN_POINT('',(1.05,1.554312234475E-15,7.));
#3192 = VECTOR('',#3193,1.);
#3193 = DIRECTION('',(0.,-1.,2.22044604925E-16));
#3194 = ORIENTED_EDGE('',*,*,#927,.T.);
#3195 = ORIENTED_EDGE('',*,*,#3173,.F.);
#3196 = ORIENTED_EDGE('',*,*,#2520,.F.);
#3197 = PLANE('',#3198);
#3198 = AXIS2_PLACEMENT_3D('',#3199,#3200,#3201);
#3199 = CARTESIAN_POINT('',(10.,0.525,7.));
#3200 = DIRECTION('',(0.,0.,1.));
#3201 = DIRECTION('',(1.,0.,0.));
#3202 = ADVANCED_FACE('',(#3203),#3214,.F.);
#3203 = FACE_BOUND('',#3204,.F.);
#3204 = EDGE_LOOP('',(#3205,#3206,#3207,#3208));
#3205 = ORIENTED_EDGE('',*,*,#2512,.F.);
#3206 = ORIENTED_EDGE('',*,*,#3189,.T.);
#3207 = ORIENTED_EDGE('',*,*,#919,.T.);
#3208 = ORIENTED_EDGE('',*,*,#3209,.F.);
#3209 = EDGE_CURVE('',#2505,#912,#3210,.T.);
#3210 = LINE('',#3211,#3212);
#3211 = CARTESIAN_POINT('',(1.05,7.105427357601E-16,3.2));
#3212 = VECTOR('',#3213,1.);
#3213 = DIRECTION('',(0.,-1.,2.22044604925E-16));
#3214 = PLANE('',#3215);
#3215 = AXIS2_PLACEMENT_3D('',#3216,#3217,#3218);
#3216 = CARTESIAN_POINT('',(1.05,1.554312234475E-15,7.));
#3217 = DIRECTION('',(1.,0.,0.));
#3218 = DIRECTION('',(0.,-2.22044604925E-16,-1.));
#3219 = ADVANCED_FACE('',(#3220),#3231,.F.);
#3220 = FACE_BOUND('',#3221,.F.);
#3221 = EDGE_LOOP('',(#3222,#3223,#3224,#3225));
#3222 = ORIENTED_EDGE('',*,*,#2504,.F.);
#3223 = ORIENTED_EDGE('',*,*,#3209,.T.);
#3224 = ORIENTED_EDGE('',*,*,#911,.T.);
#3225 = ORIENTED_EDGE('',*,*,#3226,.F.);
#3226 = EDGE_CURVE('',#2496,#903,#3227,.T.);
#3227 = LINE('',#3228,#3229);
#3228 = CARTESIAN_POINT('',(-0.1,7.105427357601E-16,3.2));
#3229 = VECTOR('',#3230,1.);
#3230 = DIRECTION('',(0.,-1.,2.22044604925E-16));
#3231 = PLANE('',#3232);
#3232 = AXIS2_PLACEMENT_3D('',#3233,#3234,#3235);
#3233 = CARTESIAN_POINT('',(1.05,7.105427357601E-16,3.2));
#3234 = DIRECTION('',(-0.,-2.22044604925E-16,-1.));
#3235 = DIRECTION('',(-1.,0.,0.));
#3236 = ADVANCED_FACE('',(#3237),#3248,.F.);
#3237 = FACE_BOUND('',#3238,.T.);
#3238 = EDGE_LOOP('',(#3239,#3240,#3246,#3247));
#3239 = ORIENTED_EDGE('',*,*,#2495,.T.);
#3240 = ORIENTED_EDGE('',*,*,#3241,.T.);
#3241 = EDGE_CURVE('',#2488,#895,#3242,.T.);
#3242 = LINE('',#3243,#3244);
#3243 = CARTESIAN_POINT('',(-0.8,8.659739592076E-16,3.9));
#3244 = VECTOR('',#3245,1.);
#3245 = DIRECTION('',(0.,-1.,2.22044604925E-16));
#3246 = ORIENTED_EDGE('',*,*,#902,.F.);
#3247 = ORIENTED_EDGE('',*,*,#3226,.F.);
#3248 = CYLINDRICAL_SURFACE('',#3249,0.7);
#3249 = AXIS2_PLACEMENT_3D('',#3250,#3251,#3252);
#3250 = CARTESIAN_POINT('',(-0.1,8.659739592076E-16,3.9));
#3251 = DIRECTION('',(0.,1.,-2.22044604925E-16));
#3252 = DIRECTION('',(1.,0.,0.));
#3253 = ADVANCED_FACE('',(#3254),#3265,.F.);
#3254 = FACE_BOUND('',#3255,.F.);
#3255 = EDGE_LOOP('',(#3256,#3257,#3258,#3259));
#3256 = ORIENTED_EDGE('',*,*,#2487,.F.);
#3257 = ORIENTED_EDGE('',*,*,#3241,.T.);
#3258 = ORIENTED_EDGE('',*,*,#894,.T.);
#3259 = ORIENTED_EDGE('',*,*,#3260,.F.);
#3260 = EDGE_CURVE('',#2480,#887,#3261,.T.);
#3261 = LINE('',#3262,#3263);
#3262 = CARTESIAN_POINT('',(-0.8,1.33226762955E-15,6.));
#3263 = VECTOR('',#3264,1.);
#3264 = DIRECTION('',(0.,-1.,2.22044604925E-16));
#3265 = PLANE('',#3266);
#3266 = AXIS2_PLACEMENT_3D('',#3267,#3268,#3269);
#3267 = CARTESIAN_POINT('',(-0.8,8.659739592076E-16,3.9));
#3268 = DIRECTION('',(-1.,0.,0.));
#3269 = DIRECTION('',(0.,2.22044604925E-16,1.));
#3270 = ADVANCED_FACE('',(#3271),#3282,.F.);
#3271 = FACE_BOUND('',#3272,.F.);
#3272 = EDGE_LOOP('',(#3273,#3274,#3275,#3276));
#3273 = ORIENTED_EDGE('',*,*,#2479,.F.);
#3274 = ORIENTED_EDGE('',*,*,#3260,.T.);
#3275 = ORIENTED_EDGE('',*,*,#886,.T.);
#3276 = ORIENTED_EDGE('',*,*,#3277,.F.);
#3277 = EDGE_CURVE('',#2472,#879,#3278,.T.);
#3278 = LINE('',#3279,#3280);
#3279 = CARTESIAN_POINT('',(-0.4,1.42108547152E-15,6.4));
#3280 = VECTOR('',#3281,1.);
#3281 = DIRECTION('',(0.,-1.,2.22044604925E-16));
#3282 = PLANE('',#3283);
#3283 = AXIS2_PLACEMENT_3D('',#3284,#3285,#3286);
#3284 = CARTESIAN_POINT('',(-0.8,1.33226762955E-15,6.));
#3285 = DIRECTION('',(-0.707106781187,1.570092458684E-16,0.707106781187)
  );
#3286 = DIRECTION('',(0.707106781187,1.570092458684E-16,0.707106781187)
  );
#3287 = ADVANCED_FACE('',(#3288),#3299,.F.);
#3288 = FACE_BOUND('',#3289,.F.);
#3289 = EDGE_LOOP('',(#3290,#3291,#3292,#3293));
#3290 = ORIENTED_EDGE('',*,*,#2471,.F.);
#3291 = ORIENTED_EDGE('',*,*,#3277,.T.);
#3292 = ORIENTED_EDGE('',*,*,#878,.T.);
#3293 = ORIENTED_EDGE('',*,*,#3294,.F.);
#3294 = EDGE_CURVE('',#2464,#871,#3295,.T.);
#3295 = LINE('',#3296,#3297);
#3296 = CARTESIAN_POINT('',(-0.8,1.50990331349E-15,6.8));
#3297 = VECTOR('',#3298,1.);
#3298 = DIRECTION('',(0.,-1.,2.22044604925E-16));
#3299 = PLANE('',#3300);
#3300 = AXIS2_PLACEMENT_3D('',#3301,#3302,#3303);
#3301 = CARTESIAN_POINT('',(-0.4,1.42108547152E-15,6.4));
#3302 = DIRECTION('',(-0.707106781187,-1.570092458684E-16,
    -0.707106781187));
#3303 = DIRECTION('',(-0.707106781187,1.570092458684E-16,0.707106781187)
  );
#3304 = ADVANCED_FACE('',(#3305),#3311,.F.);
#3305 = FACE_BOUND('',#3306,.F.);
#3306 = EDGE_LOOP('',(#3307,#3308,#3309,#3310));
#3307 = ORIENTED_EDGE('',*,*,#2463,.F.);
#3308 = ORIENTED_EDGE('',*,*,#3294,.T.);
#3309 = ORIENTED_EDGE('',*,*,#870,.T.);
#3310 = ORIENTED_EDGE('',*,*,#1301,.F.);
#3311 = PLANE('',#3312);
#3312 = AXIS2_PLACEMENT_3D('',#3313,#3314,#3315);
#3313 = CARTESIAN_POINT('',(-0.8,1.50990331349E-15,6.8));
#3314 = DIRECTION('',(-1.,0.,0.));
#3315 = DIRECTION('',(0.,2.22044604925E-16,1.));
#3316 = ADVANCED_FACE('',(#3317,#3323),#3357,.T.);
#3317 = FACE_BOUND('',#3318,.T.);
#3318 = EDGE_LOOP('',(#3319,#3320,#3321,#3322));
#3319 = ORIENTED_EDGE('',*,*,#3055,.T.);
#3320 = ORIENTED_EDGE('',*,*,#1509,.T.);
#3321 = ORIENTED_EDGE('',*,*,#1477,.F.);
#3322 = ORIENTED_EDGE('',*,*,#1452,.F.);
#3323 = FACE_BOUND('',#3324,.T.);
#3324 = EDGE_LOOP('',(#3325,#3335,#3343,#3351));
#3325 = ORIENTED_EDGE('',*,*,#3326,.F.);
#3326 = EDGE_CURVE('',#3327,#3329,#3331,.T.);
#3327 = VERTEX_POINT('',#3328);
#3328 = CARTESIAN_POINT('',(20.32,-0.32,0.2));
#3329 = VERTEX_POINT('',#3330);
#3330 = CARTESIAN_POINT('',(19.68,-0.32,0.2));
#3331 = LINE('',#3332,#3333);
#3332 = CARTESIAN_POINT('',(20.635,-0.32,0.2));
#3333 = VECTOR('',#3334,1.);
#3334 = DIRECTION('',(-1.,-0.,-0.));
#3335 = ORIENTED_EDGE('',*,*,#3336,.F.);
#3336 = EDGE_CURVE('',#3337,#3327,#3339,.T.);
#3337 = VERTEX_POINT('',#3338);
#3338 = CARTESIAN_POINT('',(20.32,0.32,0.2));
#3339 = LINE('',#3340,#3341);
#3340 = CARTESIAN_POINT('',(20.32,-0.5,0.2));
#3341 = VECTOR('',#3342,1.);
#3342 = DIRECTION('',(0.,-1.,0.));
#3343 = ORIENTED_EDGE('',*,*,#3344,.F.);
#3344 = EDGE_CURVE('',#3345,#3337,#3347,.T.);
#3345 = VERTEX_POINT('',#3346);
#3346 = CARTESIAN_POINT('',(19.68,0.32,0.2));
#3347 = LINE('',#3348,#3349);
#3348 = CARTESIAN_POINT('',(20.635,0.32,0.2));
#3349 = VECTOR('',#3350,1.);
#3350 = DIRECTION('',(1.,0.,0.));
#3351 = ORIENTED_EDGE('',*,*,#3352,.T.);
#3352 = EDGE_CURVE('',#3345,#3329,#3353,.T.);
#3353 = LINE('',#3354,#3355);
#3354 = CARTESIAN_POINT('',(19.68,-0.5,0.2));
#3355 = VECTOR('',#3356,1.);
#3356 = DIRECTION('',(0.,-1.,0.));
#3357 = PLANE('',#3358);
#3358 = AXIS2_PLACEMENT_3D('',#3359,#3360,#3361);
#3359 = CARTESIAN_POINT('',(20.95,-1.,0.2));
#3360 = DIRECTION('',(0.,0.,-1.));
#3361 = DIRECTION('',(0.,1.,0.));
#3362 = ADVANCED_FACE('',(#3363,#3369),#3403,.T.);
#3363 = FACE_BOUND('',#3364,.T.);
#3364 = EDGE_LOOP('',(#3365,#3366,#3367,#3368));
#3365 = ORIENTED_EDGE('',*,*,#2919,.T.);
#3366 = ORIENTED_EDGE('',*,*,#1557,.T.);
#3367 = ORIENTED_EDGE('',*,*,#1615,.F.);
#3368 = ORIENTED_EDGE('',*,*,#1671,.F.);
#3369 = FACE_BOUND('',#3370,.T.);
#3370 = EDGE_LOOP('',(#3371,#3381,#3389,#3397));
#3371 = ORIENTED_EDGE('',*,*,#3372,.F.);
#3372 = EDGE_CURVE('',#3373,#3375,#3377,.T.);
#3373 = VERTEX_POINT('',#3374);
#3374 = CARTESIAN_POINT('',(0.32,-0.32,0.2));
#3375 = VERTEX_POINT('',#3376);
#3376 = CARTESIAN_POINT('',(-0.32,-0.32,0.2));
#3377 = LINE('',#3378,#3379);
#3378 = CARTESIAN_POINT('',(0.635,-0.32,0.2));
#3379 = VECTOR('',#3380,1.);
#3380 = DIRECTION('',(-1.,-0.,-0.));
#3381 = ORIENTED_EDGE('',*,*,#3382,.F.);
#3382 = EDGE_CURVE('',#3383,#3373,#3385,.T.);
#3383 = VERTEX_POINT('',#3384);
#3384 = CARTESIAN_POINT('',(0.32,0.32,0.2));
#3385 = LINE('',#3386,#3387);
#3386 = CARTESIAN_POINT('',(0.32,-0.5,0.2));
#3387 = VECTOR('',#3388,1.);
#3388 = DIRECTION('',(0.,-1.,0.));
#3389 = ORIENTED_EDGE('',*,*,#3390,.F.);
#3390 = EDGE_CURVE('',#3391,#3383,#3393,.T.);
#3391 = VERTEX_POINT('',#3392);
#3392 = CARTESIAN_POINT('',(-0.32,0.32,0.2));
#3393 = LINE('',#3394,#3395);
#3394 = CARTESIAN_POINT('',(0.635,0.32,0.2));
#3395 = VECTOR('',#3396,1.);
#3396 = DIRECTION('',(1.,0.,0.));
#3397 = ORIENTED_EDGE('',*,*,#3398,.T.);
#3398 = EDGE_CURVE('',#3391,#3375,#3399,.T.);
#3399 = LINE('',#3400,#3401);
#3400 = CARTESIAN_POINT('',(-0.32,-0.5,0.2));
#3401 = VECTOR('',#3402,1.);
#3402 = DIRECTION('',(0.,-1.,0.));
#3403 = PLANE('',#3404);
#3404 = AXIS2_PLACEMENT_3D('',#3405,#3406,#3407);
#3405 = CARTESIAN_POINT('',(0.95,-1.,0.2));
#3406 = DIRECTION('',(0.,0.,-1.));
#3407 = DIRECTION('',(0.,1.,0.));
#3408 = ADVANCED_FACE('',(#3409,#3415),#3449,.T.);
#3409 = FACE_BOUND('',#3410,.T.);
#3410 = EDGE_LOOP('',(#3411,#3412,#3413,#3414));
#3411 = ORIENTED_EDGE('',*,*,#3038,.T.);
#3412 = ORIENTED_EDGE('',*,*,#1702,.T.);
#3413 = ORIENTED_EDGE('',*,*,#1639,.F.);
#3414 = ORIENTED_EDGE('',*,*,#1590,.F.);
#3415 = FACE_BOUND('',#3416,.T.);
#3416 = EDGE_LOOP('',(#3417,#3427,#3435,#3443));
#3417 = ORIENTED_EDGE('',*,*,#3418,.F.);
#3418 = EDGE_CURVE('',#3419,#3421,#3423,.T.);
#3419 = VERTEX_POINT('',#3420);
#3420 = CARTESIAN_POINT('',(17.82,-0.32,0.2));
#3421 = VERTEX_POINT('',#3422);
#3422 = CARTESIAN_POINT('',(17.18,-0.32,0.2));
#3423 = LINE('',#3424,#3425);
#3424 = CARTESIAN_POINT('',(18.135,-0.32,0.2));
#3425 = VECTOR('',#3426,1.);
#3426 = DIRECTION('',(-1.,-0.,-0.));
#3427 = ORIENTED_EDGE('',*,*,#3428,.F.);
#3428 = EDGE_CURVE('',#3429,#3419,#3431,.T.);
#3429 = VERTEX_POINT('',#3430);
#3430 = CARTESIAN_POINT('',(17.82,0.32,0.2));
#3431 = LINE('',#3432,#3433);
#3432 = CARTESIAN_POINT('',(17.82,-0.5,0.2));
#3433 = VECTOR('',#3434,1.);
#3434 = DIRECTION('',(0.,-1.,0.));
#3435 = ORIENTED_EDGE('',*,*,#3436,.F.);
#3436 = EDGE_CURVE('',#3437,#3429,#3439,.T.);
#3437 = VERTEX_POINT('',#3438);
#3438 = CARTESIAN_POINT('',(17.18,0.32,0.2));
#3439 = LINE('',#3440,#3441);
#3440 = CARTESIAN_POINT('',(18.135,0.32,0.2));
#3441 = VECTOR('',#3442,1.);
#3442 = DIRECTION('',(1.,0.,0.));
#3443 = ORIENTED_EDGE('',*,*,#3444,.T.);
#3444 = EDGE_CURVE('',#3437,#3421,#3445,.T.);
#3445 = LINE('',#3446,#3447);
#3446 = CARTESIAN_POINT('',(17.18,-0.5,0.2));
#3447 = VECTOR('',#3448,1.);
#3448 = DIRECTION('',(0.,-1.,0.));
#3449 = PLANE('',#3450);
#3450 = AXIS2_PLACEMENT_3D('',#3451,#3452,#3453);
#3451 = CARTESIAN_POINT('',(18.45,-1.,0.2));
#3452 = DIRECTION('',(0.,0.,-1.));
#3453 = DIRECTION('',(0.,1.,0.));
#3454 = ADVANCED_FACE('',(#3455,#3461),#3495,.T.);
#3455 = FACE_BOUND('',#3456,.T.);
#3456 = EDGE_LOOP('',(#3457,#3458,#3459,#3460));
#3457 = ORIENTED_EDGE('',*,*,#2936,.T.);
#3458 = ORIENTED_EDGE('',*,*,#1767,.T.);
#3459 = ORIENTED_EDGE('',*,*,#1825,.F.);
#3460 = ORIENTED_EDGE('',*,*,#1881,.F.);
#3461 = FACE_BOUND('',#3462,.T.);
#3462 = EDGE_LOOP('',(#3463,#3473,#3481,#3489));
#3463 = ORIENTED_EDGE('',*,*,#3464,.F.);
#3464 = EDGE_CURVE('',#3465,#3467,#3469,.T.);
#3465 = VERTEX_POINT('',#3466);
#3466 = CARTESIAN_POINT('',(2.82,-0.32,0.2));
#3467 = VERTEX_POINT('',#3468);
#3468 = CARTESIAN_POINT('',(2.18,-0.32,0.2));
#3469 = LINE('',#3470,#3471);
#3470 = CARTESIAN_POINT('',(3.135,-0.32,0.2));
#3471 = VECTOR('',#3472,1.);
#3472 = DIRECTION('',(-1.,-0.,-0.));
#3473 = ORIENTED_EDGE('',*,*,#3474,.F.);
#3474 = EDGE_CURVE('',#3475,#3465,#3477,.T.);
#3475 = VERTEX_POINT('',#3476);
#3476 = CARTESIAN_POINT('',(2.82,0.32,0.2));
#3477 = LINE('',#3478,#3479);
#3478 = CARTESIAN_POINT('',(2.82,-0.5,0.2));
#3479 = VECTOR('',#3480,1.);
#3480 = DIRECTION('',(0.,-1.,0.));
#3481 = ORIENTED_EDGE('',*,*,#3482,.F.);
#3482 = EDGE_CURVE('',#3483,#3475,#3485,.T.);
#3483 = VERTEX_POINT('',#3484);
#3484 = CARTESIAN_POINT('',(2.18,0.32,0.2));
#3485 = LINE('',#3486,#3487);
#3486 = CARTESIAN_POINT('',(3.135,0.32,0.2));
#3487 = VECTOR('',#3488,1.);
#3488 = DIRECTION('',(1.,0.,0.));
#3489 = ORIENTED_EDGE('',*,*,#3490,.T.);
#3490 = EDGE_CURVE('',#3483,#3467,#3491,.T.);
#3491 = LINE('',#3492,#3493);
#3492 = CARTESIAN_POINT('',(2.18,-0.5,0.2));
#3493 = VECTOR('',#3494,1.);
#3494 = DIRECTION('',(0.,-1.,0.));
#3495 = PLANE('',#3496);
#3496 = AXIS2_PLACEMENT_3D('',#3497,#3498,#3499);
#3497 = CARTESIAN_POINT('',(3.45,-1.,0.2));
#3498 = DIRECTION('',(0.,0.,-1.));
#3499 = DIRECTION('',(0.,1.,0.));
#3500 = ADVANCED_FACE('',(#3501,#3507),#3541,.T.);
#3501 = FACE_BOUND('',#3502,.T.);
#3502 = EDGE_LOOP('',(#3503,#3504,#3505,#3506));
#3503 = ORIENTED_EDGE('',*,*,#3021,.T.);
#3504 = ORIENTED_EDGE('',*,*,#1912,.T.);
#3505 = ORIENTED_EDGE('',*,*,#1849,.F.);
#3506 = ORIENTED_EDGE('',*,*,#1800,.F.);
#3507 = FACE_BOUND('',#3508,.T.);
#3508 = EDGE_LOOP('',(#3509,#3519,#3527,#3535));
#3509 = ORIENTED_EDGE('',*,*,#3510,.F.);
#3510 = EDGE_CURVE('',#3511,#3513,#3515,.T.);
#3511 = VERTEX_POINT('',#3512);
#3512 = CARTESIAN_POINT('',(15.32,-0.32,0.2));
#3513 = VERTEX_POINT('',#3514);
#3514 = CARTESIAN_POINT('',(14.68,-0.32,0.2));
#3515 = LINE('',#3516,#3517);
#3516 = CARTESIAN_POINT('',(15.635,-0.32,0.2));
#3517 = VECTOR('',#3518,1.);
#3518 = DIRECTION('',(-1.,-0.,-0.));
#3519 = ORIENTED_EDGE('',*,*,#3520,.F.);
#3520 = EDGE_CURVE('',#3521,#3511,#3523,.T.);
#3521 = VERTEX_POINT('',#3522);
#3522 = CARTESIAN_POINT('',(15.32,0.32,0.2));
#3523 = LINE('',#3524,#3525);
#3524 = CARTESIAN_POINT('',(15.32,-0.5,0.2));
#3525 = VECTOR('',#3526,1.);
#3526 = DIRECTION('',(0.,-1.,0.));
#3527 = ORIENTED_EDGE('',*,*,#3528,.F.);
#3528 = EDGE_CURVE('',#3529,#3521,#3531,.T.);
#3529 = VERTEX_POINT('',#3530);
#3530 = CARTESIAN_POINT('',(14.68,0.32,0.2));
#3531 = LINE('',#3532,#3533);
#3532 = CARTESIAN_POINT('',(15.635,0.32,0.2));
#3533 = VECTOR('',#3534,1.);
#3534 = DIRECTION('',(1.,0.,0.));
#3535 = ORIENTED_EDGE('',*,*,#3536,.T.);
#3536 = EDGE_CURVE('',#3529,#3513,#3537,.T.);
#3537 = LINE('',#3538,#3539);
#3538 = CARTESIAN_POINT('',(14.68,-0.5,0.2));
#3539 = VECTOR('',#3540,1.);
#3540 = DIRECTION('',(0.,-1.,0.));
#3541 = PLANE('',#3542);
#3542 = AXIS2_PLACEMENT_3D('',#3543,#3544,#3545);
#3543 = CARTESIAN_POINT('',(15.95,-1.,0.2));
#3544 = DIRECTION('',(0.,0.,-1.));
#3545 = DIRECTION('',(0.,1.,0.));
#3546 = ADVANCED_FACE('',(#3547,#3553),#3587,.T.);
#3547 = FACE_BOUND('',#3548,.T.);
#3548 = EDGE_LOOP('',(#3549,#3550,#3551,#3552));
#3549 = ORIENTED_EDGE('',*,*,#2953,.T.);
#3550 = ORIENTED_EDGE('',*,*,#1977,.T.);
#3551 = ORIENTED_EDGE('',*,*,#2035,.F.);
#3552 = ORIENTED_EDGE('',*,*,#2091,.F.);
#3553 = FACE_BOUND('',#3554,.T.);
#3554 = EDGE_LOOP('',(#3555,#3565,#3573,#3581));
#3555 = ORIENTED_EDGE('',*,*,#3556,.F.);
#3556 = EDGE_CURVE('',#3557,#3559,#3561,.T.);
#3557 = VERTEX_POINT('',#3558);
#3558 = CARTESIAN_POINT('',(5.32,-0.32,0.2));
#3559 = VERTEX_POINT('',#3560);
#3560 = CARTESIAN_POINT('',(4.68,-0.32,0.2));
#3561 = LINE('',#3562,#3563);
#3562 = CARTESIAN_POINT('',(5.635,-0.32,0.2));
#3563 = VECTOR('',#3564,1.);
#3564 = DIRECTION('',(-1.,-0.,-0.));
#3565 = ORIENTED_EDGE('',*,*,#3566,.F.);
#3566 = EDGE_CURVE('',#3567,#3557,#3569,.T.);
#3567 = VERTEX_POINT('',#3568);
#3568 = CARTESIAN_POINT('',(5.32,0.32,0.2));
#3569 = LINE('',#3570,#3571);
#3570 = CARTESIAN_POINT('',(5.32,-0.5,0.2));
#3571 = VECTOR('',#3572,1.);
#3572 = DIRECTION('',(0.,-1.,0.));
#3573 = ORIENTED_EDGE('',*,*,#3574,.F.);
#3574 = EDGE_CURVE('',#3575,#3567,#3577,.T.);
#3575 = VERTEX_POINT('',#3576);
#3576 = CARTESIAN_POINT('',(4.68,0.32,0.2));
#3577 = LINE('',#3578,#3579);
#3578 = CARTESIAN_POINT('',(5.635,0.32,0.2));
#3579 = VECTOR('',#3580,1.);
#3580 = DIRECTION('',(1.,0.,0.));
#3581 = ORIENTED_EDGE('',*,*,#3582,.T.);
#3582 = EDGE_CURVE('',#3575,#3559,#3583,.T.);
#3583 = LINE('',#3584,#3585);
#3584 = CARTESIAN_POINT('',(4.68,-0.5,0.2));
#3585 = VECTOR('',#3586,1.);
#3586 = DIRECTION('',(0.,-1.,0.));
#3587 = PLANE('',#3588);
#3588 = AXIS2_PLACEMENT_3D('',#3589,#3590,#3591);
#3589 = CARTESIAN_POINT('',(5.95,-1.,0.2));
#3590 = DIRECTION('',(0.,0.,-1.));
#3591 = DIRECTION('',(0.,1.,0.));
#3592 = ADVANCED_FACE('',(#3593,#3599),#3633,.T.);
#3593 = FACE_BOUND('',#3594,.T.);
#3594 = EDGE_LOOP('',(#3595,#3596,#3597,#3598));
#3595 = ORIENTED_EDGE('',*,*,#3004,.T.);
#3596 = ORIENTED_EDGE('',*,*,#2122,.T.);
#3597 = ORIENTED_EDGE('',*,*,#2059,.F.);
#3598 = ORIENTED_EDGE('',*,*,#2010,.F.);
#3599 = FACE_BOUND('',#3600,.T.);
#3600 = EDGE_LOOP('',(#3601,#3611,#3619,#3627));
#3601 = ORIENTED_EDGE('',*,*,#3602,.F.);
#3602 = EDGE_CURVE('',#3603,#3605,#3607,.T.);
#3603 = VERTEX_POINT('',#3604);
#3604 = CARTESIAN_POINT('',(12.82,-0.32,0.2));
#3605 = VERTEX_POINT('',#3606);
#3606 = CARTESIAN_POINT('',(12.18,-0.32,0.2));
#3607 = LINE('',#3608,#3609);
#3608 = CARTESIAN_POINT('',(13.135,-0.32,0.2));
#3609 = VECTOR('',#3610,1.);
#3610 = DIRECTION('',(-1.,-0.,-0.));
#3611 = ORIENTED_EDGE('',*,*,#3612,.F.);
#3612 = EDGE_CURVE('',#3613,#3603,#3615,.T.);
#3613 = VERTEX_POINT('',#3614);
#3614 = CARTESIAN_POINT('',(12.82,0.32,0.2));
#3615 = LINE('',#3616,#3617);
#3616 = CARTESIAN_POINT('',(12.82,-0.5,0.2));
#3617 = VECTOR('',#3618,1.);
#3618 = DIRECTION('',(0.,-1.,0.));
#3619 = ORIENTED_EDGE('',*,*,#3620,.F.);
#3620 = EDGE_CURVE('',#3621,#3613,#3623,.T.);
#3621 = VERTEX_POINT('',#3622);
#3622 = CARTESIAN_POINT('',(12.18,0.32,0.2));
#3623 = LINE('',#3624,#3625);
#3624 = CARTESIAN_POINT('',(13.135,0.32,0.2));
#3625 = VECTOR('',#3626,1.);
#3626 = DIRECTION('',(1.,0.,0.));
#3627 = ORIENTED_EDGE('',*,*,#3628,.T.);
#3628 = EDGE_CURVE('',#3621,#3605,#3629,.T.);
#3629 = LINE('',#3630,#3631);
#3630 = CARTESIAN_POINT('',(12.18,-0.5,0.2));
#3631 = VECTOR('',#3632,1.);
#3632 = DIRECTION('',(0.,-1.,0.));
#3633 = PLANE('',#3634);
#3634 = AXIS2_PLACEMENT_3D('',#3635,#3636,#3637);
#3635 = CARTESIAN_POINT('',(13.45,-1.,0.2));
#3636 = DIRECTION('',(0.,0.,-1.));
#3637 = DIRECTION('',(0.,1.,0.));
#3638 = ADVANCED_FACE('',(#3639,#3645),#3679,.T.);
#3639 = FACE_BOUND('',#3640,.T.);
#3640 = EDGE_LOOP('',(#3641,#3642,#3643,#3644));
#3641 = ORIENTED_EDGE('',*,*,#2970,.T.);
#3642 = ORIENTED_EDGE('',*,*,#2187,.T.);
#3643 = ORIENTED_EDGE('',*,*,#2245,.F.);
#3644 = ORIENTED_EDGE('',*,*,#2301,.F.);
#3645 = FACE_BOUND('',#3646,.T.);
#3646 = EDGE_LOOP('',(#3647,#3657,#3665,#3673));
#3647 = ORIENTED_EDGE('',*,*,#3648,.F.);
#3648 = EDGE_CURVE('',#3649,#3651,#3653,.T.);
#3649 = VERTEX_POINT('',#3650);
#3650 = CARTESIAN_POINT('',(7.82,-0.32,0.2));
#3651 = VERTEX_POINT('',#3652);
#3652 = CARTESIAN_POINT('',(7.18,-0.32,0.2));
#3653 = LINE('',#3654,#3655);
#3654 = CARTESIAN_POINT('',(8.135,-0.32,0.2));
#3655 = VECTOR('',#3656,1.);
#3656 = DIRECTION('',(-1.,-0.,-0.));
#3657 = ORIENTED_EDGE('',*,*,#3658,.F.);
#3658 = EDGE_CURVE('',#3659,#3649,#3661,.T.);
#3659 = VERTEX_POINT('',#3660);
#3660 = CARTESIAN_POINT('',(7.82,0.32,0.2));
#3661 = LINE('',#3662,#3663);
#3662 = CARTESIAN_POINT('',(7.82,-0.5,0.2));
#3663 = VECTOR('',#3664,1.);
#3664 = DIRECTION('',(0.,-1.,0.));
#3665 = ORIENTED_EDGE('',*,*,#3666,.F.);
#3666 = EDGE_CURVE('',#3667,#3659,#3669,.T.);
#3667 = VERTEX_POINT('',#3668);
#3668 = CARTESIAN_POINT('',(7.18,0.32,0.2));
#3669 = LINE('',#3670,#3671);
#3670 = CARTESIAN_POINT('',(8.135,0.32,0.2));
#3671 = VECTOR('',#3672,1.);
#3672 = DIRECTION('',(1.,0.,0.));
#3673 = ORIENTED_EDGE('',*,*,#3674,.T.);
#3674 = EDGE_CURVE('',#3667,#3651,#3675,.T.);
#3675 = LINE('',#3676,#3677);
#3676 = CARTESIAN_POINT('',(7.18,-0.5,0.2));
#3677 = VECTOR('',#3678,1.);
#3678 = DIRECTION('',(0.,-1.,0.));
#3679 = PLANE('',#3680);
#3680 = AXIS2_PLACEMENT_3D('',#3681,#3682,#3683);
#3681 = CARTESIAN_POINT('',(8.45,-1.,0.2));
#3682 = DIRECTION('',(0.,0.,-1.));
#3683 = DIRECTION('',(0.,1.,0.));
#3684 = ADVANCED_FACE('',(#3685,#3691),#3725,.T.);
#3685 = FACE_BOUND('',#3686,.T.);
#3686 = EDGE_LOOP('',(#3687,#3688,#3689,#3690));
#3687 = ORIENTED_EDGE('',*,*,#2987,.T.);
#3688 = ORIENTED_EDGE('',*,*,#2332,.T.);
#3689 = ORIENTED_EDGE('',*,*,#2269,.F.);
#3690 = ORIENTED_EDGE('',*,*,#2220,.F.);
#3691 = FACE_BOUND('',#3692,.T.);
#3692 = EDGE_LOOP('',(#3693,#3703,#3711,#3719));
#3693 = ORIENTED_EDGE('',*,*,#3694,.F.);
#3694 = EDGE_CURVE('',#3695,#3697,#3699,.T.);
#3695 = VERTEX_POINT('',#3696);
#3696 = CARTESIAN_POINT('',(10.32,-0.32,0.2));
#3697 = VERTEX_POINT('',#3698);
#3698 = CARTESIAN_POINT('',(9.68,-0.32,0.2));
#3699 = LINE('',#3700,#3701);
#3700 = CARTESIAN_POINT('',(10.635,-0.32,0.2));
#3701 = VECTOR('',#3702,1.);
#3702 = DIRECTION('',(-1.,-0.,-0.));
#3703 = ORIENTED_EDGE('',*,*,#3704,.F.);
#3704 = EDGE_CURVE('',#3705,#3695,#3707,.T.);
#3705 = VERTEX_POINT('',#3706);
#3706 = CARTESIAN_POINT('',(10.32,0.32,0.2));
#3707 = LINE('',#3708,#3709);
#3708 = CARTESIAN_POINT('',(10.32,-0.5,0.2));
#3709 = VECTOR('',#3710,1.);
#3710 = DIRECTION('',(0.,-1.,0.));
#3711 = ORIENTED_EDGE('',*,*,#3712,.F.);
#3712 = EDGE_CURVE('',#3713,#3705,#3715,.T.);
#3713 = VERTEX_POINT('',#3714);
#3714 = CARTESIAN_POINT('',(9.68,0.32,0.2));
#3715 = LINE('',#3716,#3717);
#3716 = CARTESIAN_POINT('',(10.635,0.32,0.2));
#3717 = VECTOR('',#3718,1.);
#3718 = DIRECTION('',(1.,0.,0.));
#3719 = ORIENTED_EDGE('',*,*,#3720,.T.);
#3720 = EDGE_CURVE('',#3713,#3697,#3721,.T.);
#3721 = LINE('',#3722,#3723);
#3722 = CARTESIAN_POINT('',(9.68,-0.5,0.2));
#3723 = VECTOR('',#3724,1.);
#3724 = DIRECTION('',(0.,-1.,0.));
#3725 = PLANE('',#3726);
#3726 = AXIS2_PLACEMENT_3D('',#3727,#3728,#3729);
#3727 = CARTESIAN_POINT('',(10.95,-1.,0.2));
#3728 = DIRECTION('',(0.,0.,-1.));
#3729 = DIRECTION('',(0.,1.,0.));
#3730 = ADVANCED_FACE('',(#3731),#3747,.F.);
#3731 = FACE_BOUND('',#3732,.F.);
#3732 = EDGE_LOOP('',(#3733,#3739,#3740,#3746));
#3733 = ORIENTED_EDGE('',*,*,#3734,.F.);
#3734 = EDGE_CURVE('',#2608,#3327,#3735,.T.);
#3735 = LINE('',#3736,#3737);
#3736 = CARTESIAN_POINT('',(20.32,-0.32,2.711519));
#3737 = VECTOR('',#3738,1.);
#3738 = DIRECTION('',(0.,0.,-1.));
#3739 = ORIENTED_EDGE('',*,*,#2605,.F.);
#3740 = ORIENTED_EDGE('',*,*,#3741,.T.);
#3741 = EDGE_CURVE('',#2606,#3329,#3742,.T.);
#3742 = LINE('',#3743,#3744);
#3743 = CARTESIAN_POINT('',(19.68,-0.32,2.711519));
#3744 = VECTOR('',#3745,1.);
#3745 = DIRECTION('',(0.,0.,-1.));
#3746 = ORIENTED_EDGE('',*,*,#3326,.F.);
#3747 = PLANE('',#3748);
#3748 = AXIS2_PLACEMENT_3D('',#3749,#3750,#3751);
#3749 = CARTESIAN_POINT('',(20.32,-0.32,2.711519));
#3750 = DIRECTION('',(0.,-1.,0.));
#3751 = DIRECTION('',(0.,0.,-1.));
#3752 = ADVANCED_FACE('',(#3753),#3764,.F.);
#3753 = FACE_BOUND('',#3754,.F.);
#3754 = EDGE_LOOP('',(#3755,#3756,#3757,#3758));
#3755 = ORIENTED_EDGE('',*,*,#2631,.F.);
#3756 = ORIENTED_EDGE('',*,*,#3734,.T.);
#3757 = ORIENTED_EDGE('',*,*,#3336,.F.);
#3758 = ORIENTED_EDGE('',*,*,#3759,.T.);
#3759 = EDGE_CURVE('',#3337,#2624,#3760,.T.);
#3760 = LINE('',#3761,#3762);
#3761 = CARTESIAN_POINT('',(20.32,0.32,-0.538043));
#3762 = VECTOR('',#3763,1.);
#3763 = DIRECTION('',(0.,0.,1.));
#3764 = PLANE('',#3765);
#3765 = AXIS2_PLACEMENT_3D('',#3766,#3767,#3768);
#3766 = CARTESIAN_POINT('',(20.32,0.,1.086738));
#3767 = DIRECTION('',(1.,0.,0.));
#3768 = DIRECTION('',(0.,0.,1.));
#3769 = ADVANCED_FACE('',(#3770),#3781,.F.);
#3770 = FACE_BOUND('',#3771,.F.);
#3771 = EDGE_LOOP('',(#3772,#3773,#3774,#3780));
#3772 = ORIENTED_EDGE('',*,*,#3759,.F.);
#3773 = ORIENTED_EDGE('',*,*,#3344,.F.);
#3774 = ORIENTED_EDGE('',*,*,#3775,.T.);
#3775 = EDGE_CURVE('',#3345,#2616,#3776,.T.);
#3776 = LINE('',#3777,#3778);
#3777 = CARTESIAN_POINT('',(19.68,0.32,-0.538043));
#3778 = VECTOR('',#3779,1.);
#3779 = DIRECTION('',(0.,0.,1.));
#3780 = ORIENTED_EDGE('',*,*,#2623,.F.);
#3781 = PLANE('',#3782);
#3782 = AXIS2_PLACEMENT_3D('',#3783,#3784,#3785);
#3783 = CARTESIAN_POINT('',(20.32,0.32,-0.538043));
#3784 = DIRECTION('',(0.,1.,0.));
#3785 = DIRECTION('',(0.,0.,1.));
#3786 = ADVANCED_FACE('',(#3787),#3793,.T.);
#3787 = FACE_BOUND('',#3788,.T.);
#3788 = EDGE_LOOP('',(#3789,#3790,#3791,#3792));
#3789 = ORIENTED_EDGE('',*,*,#2615,.F.);
#3790 = ORIENTED_EDGE('',*,*,#3741,.T.);
#3791 = ORIENTED_EDGE('',*,*,#3352,.F.);
#3792 = ORIENTED_EDGE('',*,*,#3775,.T.);
#3793 = PLANE('',#3794);
#3794 = AXIS2_PLACEMENT_3D('',#3795,#3796,#3797);
#3795 = CARTESIAN_POINT('',(19.68,0.,1.086738));
#3796 = DIRECTION('',(1.,0.,0.));
#3797 = DIRECTION('',(0.,0.,1.));
#3798 = ADVANCED_FACE('',(#3799),#3815,.F.);
#3799 = FACE_BOUND('',#3800,.F.);
#3800 = EDGE_LOOP('',(#3801,#3807,#3808,#3814));
#3801 = ORIENTED_EDGE('',*,*,#3802,.F.);
#3802 = EDGE_CURVE('',#2642,#3419,#3803,.T.);
#3803 = LINE('',#3804,#3805);
#3804 = CARTESIAN_POINT('',(17.82,-0.32,2.711519));
#3805 = VECTOR('',#3806,1.);
#3806 = DIRECTION('',(0.,0.,-1.));
#3807 = ORIENTED_EDGE('',*,*,#2639,.F.);
#3808 = ORIENTED_EDGE('',*,*,#3809,.T.);
#3809 = EDGE_CURVE('',#2640,#3421,#3810,.T.);
#3810 = LINE('',#3811,#3812);
#3811 = CARTESIAN_POINT('',(17.18,-0.32,2.711519));
#3812 = VECTOR('',#3813,1.);
#3813 = DIRECTION('',(0.,0.,-1.));
#3814 = ORIENTED_EDGE('',*,*,#3418,.F.);
#3815 = PLANE('',#3816);
#3816 = AXIS2_PLACEMENT_3D('',#3817,#3818,#3819);
#3817 = CARTESIAN_POINT('',(17.82,-0.32,2.711519));
#3818 = DIRECTION('',(0.,-1.,0.));
#3819 = DIRECTION('',(0.,0.,-1.));
#3820 = ADVANCED_FACE('',(#3821),#3832,.F.);
#3821 = FACE_BOUND('',#3822,.F.);
#3822 = EDGE_LOOP('',(#3823,#3824,#3825,#3826));
#3823 = ORIENTED_EDGE('',*,*,#2665,.F.);
#3824 = ORIENTED_EDGE('',*,*,#3802,.T.);
#3825 = ORIENTED_EDGE('',*,*,#3428,.F.);
#3826 = ORIENTED_EDGE('',*,*,#3827,.T.);
#3827 = EDGE_CURVE('',#3429,#2658,#3828,.T.);
#3828 = LINE('',#3829,#3830);
#3829 = CARTESIAN_POINT('',(17.82,0.32,-0.538043));
#3830 = VECTOR('',#3831,1.);
#3831 = DIRECTION('',(0.,0.,1.));
#3832 = PLANE('',#3833);
#3833 = AXIS2_PLACEMENT_3D('',#3834,#3835,#3836);
#3834 = CARTESIAN_POINT('',(17.82,0.,1.086738));
#3835 = DIRECTION('',(1.,0.,0.));
#3836 = DIRECTION('',(0.,0.,1.));
#3837 = ADVANCED_FACE('',(#3838),#3849,.F.);
#3838 = FACE_BOUND('',#3839,.F.);
#3839 = EDGE_LOOP('',(#3840,#3841,#3842,#3848));
#3840 = ORIENTED_EDGE('',*,*,#3827,.F.);
#3841 = ORIENTED_EDGE('',*,*,#3436,.F.);
#3842 = ORIENTED_EDGE('',*,*,#3843,.T.);
#3843 = EDGE_CURVE('',#3437,#2650,#3844,.T.);
#3844 = LINE('',#3845,#3846);
#3845 = CARTESIAN_POINT('',(17.18,0.32,-0.538043));
#3846 = VECTOR('',#3847,1.);
#3847 = DIRECTION('',(0.,0.,1.));
#3848 = ORIENTED_EDGE('',*,*,#2657,.F.);
#3849 = PLANE('',#3850);
#3850 = AXIS2_PLACEMENT_3D('',#3851,#3852,#3853);
#3851 = CARTESIAN_POINT('',(17.82,0.32,-0.538043));
#3852 = DIRECTION('',(0.,1.,0.));
#3853 = DIRECTION('',(0.,0.,1.));
#3854 = ADVANCED_FACE('',(#3855),#3861,.T.);
#3855 = FACE_BOUND('',#3856,.T.);
#3856 = EDGE_LOOP('',(#3857,#3858,#3859,#3860));
#3857 = ORIENTED_EDGE('',*,*,#2649,.F.);
#3858 = ORIENTED_EDGE('',*,*,#3809,.T.);
#3859 = ORIENTED_EDGE('',*,*,#3444,.F.);
#3860 = ORIENTED_EDGE('',*,*,#3843,.T.);
#3861 = PLANE('',#3862);
#3862 = AXIS2_PLACEMENT_3D('',#3863,#3864,#3865);
#3863 = CARTESIAN_POINT('',(17.18,0.,1.086738));
#3864 = DIRECTION('',(1.,0.,0.));
#3865 = DIRECTION('',(0.,0.,1.));
#3866 = ADVANCED_FACE('',(#3867),#3883,.F.);
#3867 = FACE_BOUND('',#3868,.F.);
#3868 = EDGE_LOOP('',(#3869,#3875,#3876,#3882));
#3869 = ORIENTED_EDGE('',*,*,#3870,.F.);
#3870 = EDGE_CURVE('',#2676,#3511,#3871,.T.);
#3871 = LINE('',#3872,#3873);
#3872 = CARTESIAN_POINT('',(15.32,-0.32,2.711519));
#3873 = VECTOR('',#3874,1.);
#3874 = DIRECTION('',(0.,0.,-1.));
#3875 = ORIENTED_EDGE('',*,*,#2673,.F.);
#3876 = ORIENTED_EDGE('',*,*,#3877,.T.);
#3877 = EDGE_CURVE('',#2674,#3513,#3878,.T.);
#3878 = LINE('',#3879,#3880);
#3879 = CARTESIAN_POINT('',(14.68,-0.32,2.711519));
#3880 = VECTOR('',#3881,1.);
#3881 = DIRECTION('',(0.,0.,-1.));
#3882 = ORIENTED_EDGE('',*,*,#3510,.F.);
#3883 = PLANE('',#3884);
#3884 = AXIS2_PLACEMENT_3D('',#3885,#3886,#3887);
#3885 = CARTESIAN_POINT('',(15.32,-0.32,2.711519));
#3886 = DIRECTION('',(0.,-1.,0.));
#3887 = DIRECTION('',(0.,0.,-1.));
#3888 = ADVANCED_FACE('',(#3889),#3900,.F.);
#3889 = FACE_BOUND('',#3890,.F.);
#3890 = EDGE_LOOP('',(#3891,#3892,#3893,#3894));
#3891 = ORIENTED_EDGE('',*,*,#2699,.F.);
#3892 = ORIENTED_EDGE('',*,*,#3870,.T.);
#3893 = ORIENTED_EDGE('',*,*,#3520,.F.);
#3894 = ORIENTED_EDGE('',*,*,#3895,.T.);
#3895 = EDGE_CURVE('',#3521,#2692,#3896,.T.);
#3896 = LINE('',#3897,#3898);
#3897 = CARTESIAN_POINT('',(15.32,0.32,-0.538043));
#3898 = VECTOR('',#3899,1.);
#3899 = DIRECTION('',(0.,0.,1.));
#3900 = PLANE('',#3901);
#3901 = AXIS2_PLACEMENT_3D('',#3902,#3903,#3904);
#3902 = CARTESIAN_POINT('',(15.32,0.,1.086738));
#3903 = DIRECTION('',(1.,0.,0.));
#3904 = DIRECTION('',(0.,0.,1.));
#3905 = ADVANCED_FACE('',(#3906),#3917,.F.);
#3906 = FACE_BOUND('',#3907,.F.);
#3907 = EDGE_LOOP('',(#3908,#3909,#3910,#3916));
#3908 = ORIENTED_EDGE('',*,*,#3895,.F.);
#3909 = ORIENTED_EDGE('',*,*,#3528,.F.);
#3910 = ORIENTED_EDGE('',*,*,#3911,.T.);
#3911 = EDGE_CURVE('',#3529,#2684,#3912,.T.);
#3912 = LINE('',#3913,#3914);
#3913 = CARTESIAN_POINT('',(14.68,0.32,-0.538043));
#3914 = VECTOR('',#3915,1.);
#3915 = DIRECTION('',(0.,0.,1.));
#3916 = ORIENTED_EDGE('',*,*,#2691,.F.);
#3917 = PLANE('',#3918);
#3918 = AXIS2_PLACEMENT_3D('',#3919,#3920,#3921);
#3919 = CARTESIAN_POINT('',(15.32,0.32,-0.538043));
#3920 = DIRECTION('',(0.,1.,0.));
#3921 = DIRECTION('',(0.,0.,1.));
#3922 = ADVANCED_FACE('',(#3923),#3929,.T.);
#3923 = FACE_BOUND('',#3924,.T.);
#3924 = EDGE_LOOP('',(#3925,#3926,#3927,#3928));
#3925 = ORIENTED_EDGE('',*,*,#2683,.F.);
#3926 = ORIENTED_EDGE('',*,*,#3877,.T.);
#3927 = ORIENTED_EDGE('',*,*,#3536,.F.);
#3928 = ORIENTED_EDGE('',*,*,#3911,.T.);
#3929 = PLANE('',#3930);
#3930 = AXIS2_PLACEMENT_3D('',#3931,#3932,#3933);
#3931 = CARTESIAN_POINT('',(14.68,0.,1.086738));
#3932 = DIRECTION('',(1.,0.,0.));
#3933 = DIRECTION('',(0.,0.,1.));
#3934 = ADVANCED_FACE('',(#3935),#3951,.F.);
#3935 = FACE_BOUND('',#3936,.F.);
#3936 = EDGE_LOOP('',(#3937,#3943,#3944,#3950));
#3937 = ORIENTED_EDGE('',*,*,#3938,.F.);
#3938 = EDGE_CURVE('',#2710,#3603,#3939,.T.);
#3939 = LINE('',#3940,#3941);
#3940 = CARTESIAN_POINT('',(12.82,-0.32,2.711519));
#3941 = VECTOR('',#3942,1.);
#3942 = DIRECTION('',(0.,0.,-1.));
#3943 = ORIENTED_EDGE('',*,*,#2707,.F.);
#3944 = ORIENTED_EDGE('',*,*,#3945,.T.);
#3945 = EDGE_CURVE('',#2708,#3605,#3946,.T.);
#3946 = LINE('',#3947,#3948);
#3947 = CARTESIAN_POINT('',(12.18,-0.32,2.711519));
#3948 = VECTOR('',#3949,1.);
#3949 = DIRECTION('',(0.,0.,-1.));
#3950 = ORIENTED_EDGE('',*,*,#3602,.F.);
#3951 = PLANE('',#3952);
#3952 = AXIS2_PLACEMENT_3D('',#3953,#3954,#3955);
#3953 = CARTESIAN_POINT('',(12.82,-0.32,2.711519));
#3954 = DIRECTION('',(0.,-1.,0.));
#3955 = DIRECTION('',(0.,0.,-1.));
#3956 = ADVANCED_FACE('',(#3957),#3968,.F.);
#3957 = FACE_BOUND('',#3958,.F.);
#3958 = EDGE_LOOP('',(#3959,#3960,#3961,#3962));
#3959 = ORIENTED_EDGE('',*,*,#2733,.F.);
#3960 = ORIENTED_EDGE('',*,*,#3938,.T.);
#3961 = ORIENTED_EDGE('',*,*,#3612,.F.);
#3962 = ORIENTED_EDGE('',*,*,#3963,.T.);
#3963 = EDGE_CURVE('',#3613,#2726,#3964,.T.);
#3964 = LINE('',#3965,#3966);
#3965 = CARTESIAN_POINT('',(12.82,0.32,-0.538043));
#3966 = VECTOR('',#3967,1.);
#3967 = DIRECTION('',(0.,0.,1.));
#3968 = PLANE('',#3969);
#3969 = AXIS2_PLACEMENT_3D('',#3970,#3971,#3972);
#3970 = CARTESIAN_POINT('',(12.82,0.,1.086738));
#3971 = DIRECTION('',(1.,0.,0.));
#3972 = DIRECTION('',(0.,0.,1.));
#3973 = ADVANCED_FACE('',(#3974),#3985,.F.);
#3974 = FACE_BOUND('',#3975,.F.);
#3975 = EDGE_LOOP('',(#3976,#3977,#3978,#3984));
#3976 = ORIENTED_EDGE('',*,*,#3963,.F.);
#3977 = ORIENTED_EDGE('',*,*,#3620,.F.);
#3978 = ORIENTED_EDGE('',*,*,#3979,.T.);
#3979 = EDGE_CURVE('',#3621,#2718,#3980,.T.);
#3980 = LINE('',#3981,#3982);
#3981 = CARTESIAN_POINT('',(12.18,0.32,-0.538043));
#3982 = VECTOR('',#3983,1.);
#3983 = DIRECTION('',(0.,0.,1.));
#3984 = ORIENTED_EDGE('',*,*,#2725,.F.);
#3985 = PLANE('',#3986);
#3986 = AXIS2_PLACEMENT_3D('',#3987,#3988,#3989);
#3987 = CARTESIAN_POINT('',(12.82,0.32,-0.538043));
#3988 = DIRECTION('',(0.,1.,0.));
#3989 = DIRECTION('',(0.,0.,1.));
#3990 = ADVANCED_FACE('',(#3991),#3997,.T.);
#3991 = FACE_BOUND('',#3992,.T.);
#3992 = EDGE_LOOP('',(#3993,#3994,#3995,#3996));
#3993 = ORIENTED_EDGE('',*,*,#2717,.F.);
#3994 = ORIENTED_EDGE('',*,*,#3945,.T.);
#3995 = ORIENTED_EDGE('',*,*,#3628,.F.);
#3996 = ORIENTED_EDGE('',*,*,#3979,.T.);
#3997 = PLANE('',#3998);
#3998 = AXIS2_PLACEMENT_3D('',#3999,#4000,#4001);
#3999 = CARTESIAN_POINT('',(12.18,0.,1.086738));
#4000 = DIRECTION('',(1.,0.,0.));
#4001 = DIRECTION('',(0.,0.,1.));
#4002 = ADVANCED_FACE('',(#4003),#4019,.F.);
#4003 = FACE_BOUND('',#4004,.F.);
#4004 = EDGE_LOOP('',(#4005,#4011,#4012,#4018));
#4005 = ORIENTED_EDGE('',*,*,#4006,.F.);
#4006 = EDGE_CURVE('',#2744,#3695,#4007,.T.);
#4007 = LINE('',#4008,#4009);
#4008 = CARTESIAN_POINT('',(10.32,-0.32,2.711519));
#4009 = VECTOR('',#4010,1.);
#4010 = DIRECTION('',(0.,0.,-1.));
#4011 = ORIENTED_EDGE('',*,*,#2741,.F.);
#4012 = ORIENTED_EDGE('',*,*,#4013,.T.);
#4013 = EDGE_CURVE('',#2742,#3697,#4014,.T.);
#4014 = LINE('',#4015,#4016);
#4015 = CARTESIAN_POINT('',(9.68,-0.32,2.711519));
#4016 = VECTOR('',#4017,1.);
#4017 = DIRECTION('',(0.,0.,-1.));
#4018 = ORIENTED_EDGE('',*,*,#3694,.F.);
#4019 = PLANE('',#4020);
#4020 = AXIS2_PLACEMENT_3D('',#4021,#4022,#4023);
#4021 = CARTESIAN_POINT('',(10.32,-0.32,2.711519));
#4022 = DIRECTION('',(0.,-1.,0.));
#4023 = DIRECTION('',(0.,0.,-1.));
#4024 = ADVANCED_FACE('',(#4025),#4036,.F.);
#4025 = FACE_BOUND('',#4026,.F.);
#4026 = EDGE_LOOP('',(#4027,#4028,#4029,#4030));
#4027 = ORIENTED_EDGE('',*,*,#2767,.F.);
#4028 = ORIENTED_EDGE('',*,*,#4006,.T.);
#4029 = ORIENTED_EDGE('',*,*,#3704,.F.);
#4030 = ORIENTED_EDGE('',*,*,#4031,.T.);
#4031 = EDGE_CURVE('',#3705,#2760,#4032,.T.);
#4032 = LINE('',#4033,#4034);
#4033 = CARTESIAN_POINT('',(10.32,0.32,-0.538043));
#4034 = VECTOR('',#4035,1.);
#4035 = DIRECTION('',(0.,0.,1.));
#4036 = PLANE('',#4037);
#4037 = AXIS2_PLACEMENT_3D('',#4038,#4039,#4040);
#4038 = CARTESIAN_POINT('',(10.32,0.,1.086738));
#4039 = DIRECTION('',(1.,0.,0.));
#4040 = DIRECTION('',(0.,0.,1.));
#4041 = ADVANCED_FACE('',(#4042),#4053,.F.);
#4042 = FACE_BOUND('',#4043,.F.);
#4043 = EDGE_LOOP('',(#4044,#4045,#4046,#4052));
#4044 = ORIENTED_EDGE('',*,*,#4031,.F.);
#4045 = ORIENTED_EDGE('',*,*,#3712,.F.);
#4046 = ORIENTED_EDGE('',*,*,#4047,.T.);
#4047 = EDGE_CURVE('',#3713,#2752,#4048,.T.);
#4048 = LINE('',#4049,#4050);
#4049 = CARTESIAN_POINT('',(9.68,0.32,-0.538043));
#4050 = VECTOR('',#4051,1.);
#4051 = DIRECTION('',(0.,0.,1.));
#4052 = ORIENTED_EDGE('',*,*,#2759,.F.);
#4053 = PLANE('',#4054);
#4054 = AXIS2_PLACEMENT_3D('',#4055,#4056,#4057);
#4055 = CARTESIAN_POINT('',(10.32,0.32,-0.538043));
#4056 = DIRECTION('',(0.,1.,0.));
#4057 = DIRECTION('',(0.,0.,1.));
#4058 = ADVANCED_FACE('',(#4059),#4065,.T.);
#4059 = FACE_BOUND('',#4060,.T.);
#4060 = EDGE_LOOP('',(#4061,#4062,#4063,#4064));
#4061 = ORIENTED_EDGE('',*,*,#2751,.F.);
#4062 = ORIENTED_EDGE('',*,*,#4013,.T.);
#4063 = ORIENTED_EDGE('',*,*,#3720,.F.);
#4064 = ORIENTED_EDGE('',*,*,#4047,.T.);
#4065 = PLANE('',#4066);
#4066 = AXIS2_PLACEMENT_3D('',#4067,#4068,#4069);
#4067 = CARTESIAN_POINT('',(9.68,0.,1.086738));
#4068 = DIRECTION('',(1.,0.,0.));
#4069 = DIRECTION('',(0.,0.,1.));
#4070 = ADVANCED_FACE('',(#4071),#4087,.F.);
#4071 = FACE_BOUND('',#4072,.F.);
#4072 = EDGE_LOOP('',(#4073,#4079,#4080,#4086));
#4073 = ORIENTED_EDGE('',*,*,#4074,.F.);
#4074 = EDGE_CURVE('',#2778,#3649,#4075,.T.);
#4075 = LINE('',#4076,#4077);
#4076 = CARTESIAN_POINT('',(7.82,-0.32,2.711519));
#4077 = VECTOR('',#4078,1.);
#4078 = DIRECTION('',(0.,0.,-1.));
#4079 = ORIENTED_EDGE('',*,*,#2775,.F.);
#4080 = ORIENTED_EDGE('',*,*,#4081,.T.);
#4081 = EDGE_CURVE('',#2776,#3651,#4082,.T.);
#4082 = LINE('',#4083,#4084);
#4083 = CARTESIAN_POINT('',(7.18,-0.32,2.711519));
#4084 = VECTOR('',#4085,1.);
#4085 = DIRECTION('',(0.,0.,-1.));
#4086 = ORIENTED_EDGE('',*,*,#3648,.F.);
#4087 = PLANE('',#4088);
#4088 = AXIS2_PLACEMENT_3D('',#4089,#4090,#4091);
#4089 = CARTESIAN_POINT('',(7.82,-0.32,2.711519));
#4090 = DIRECTION('',(0.,-1.,0.));
#4091 = DIRECTION('',(0.,0.,-1.));
#4092 = ADVANCED_FACE('',(#4093),#4104,.F.);
#4093 = FACE_BOUND('',#4094,.F.);
#4094 = EDGE_LOOP('',(#4095,#4096,#4097,#4098));
#4095 = ORIENTED_EDGE('',*,*,#2801,.F.);
#4096 = ORIENTED_EDGE('',*,*,#4074,.T.);
#4097 = ORIENTED_EDGE('',*,*,#3658,.F.);
#4098 = ORIENTED_EDGE('',*,*,#4099,.T.);
#4099 = EDGE_CURVE('',#3659,#2794,#4100,.T.);
#4100 = LINE('',#4101,#4102);
#4101 = CARTESIAN_POINT('',(7.82,0.32,-0.538043));
#4102 = VECTOR('',#4103,1.);
#4103 = DIRECTION('',(0.,0.,1.));
#4104 = PLANE('',#4105);
#4105 = AXIS2_PLACEMENT_3D('',#4106,#4107,#4108);
#4106 = CARTESIAN_POINT('',(7.82,0.,1.086738));
#4107 = DIRECTION('',(1.,0.,0.));
#4108 = DIRECTION('',(0.,0.,1.));
#4109 = ADVANCED_FACE('',(#4110),#4121,.F.);
#4110 = FACE_BOUND('',#4111,.F.);
#4111 = EDGE_LOOP('',(#4112,#4113,#4114,#4120));
#4112 = ORIENTED_EDGE('',*,*,#4099,.F.);
#4113 = ORIENTED_EDGE('',*,*,#3666,.F.);
#4114 = ORIENTED_EDGE('',*,*,#4115,.T.);
#4115 = EDGE_CURVE('',#3667,#2786,#4116,.T.);
#4116 = LINE('',#4117,#4118);
#4117 = CARTESIAN_POINT('',(7.18,0.32,-0.538043));
#4118 = VECTOR('',#4119,1.);
#4119 = DIRECTION('',(0.,0.,1.));
#4120 = ORIENTED_EDGE('',*,*,#2793,.F.);
#4121 = PLANE('',#4122);
#4122 = AXIS2_PLACEMENT_3D('',#4123,#4124,#4125);
#4123 = CARTESIAN_POINT('',(7.82,0.32,-0.538043));
#4124 = DIRECTION('',(0.,1.,0.));
#4125 = DIRECTION('',(0.,0.,1.));
#4126 = ADVANCED_FACE('',(#4127),#4133,.T.);
#4127 = FACE_BOUND('',#4128,.T.);
#4128 = EDGE_LOOP('',(#4129,#4130,#4131,#4132));
#4129 = ORIENTED_EDGE('',*,*,#2785,.F.);
#4130 = ORIENTED_EDGE('',*,*,#4081,.T.);
#4131 = ORIENTED_EDGE('',*,*,#3674,.F.);
#4132 = ORIENTED_EDGE('',*,*,#4115,.T.);
#4133 = PLANE('',#4134);
#4134 = AXIS2_PLACEMENT_3D('',#4135,#4136,#4137);
#4135 = CARTESIAN_POINT('',(7.18,0.,1.086738));
#4136 = DIRECTION('',(1.,0.,0.));
#4137 = DIRECTION('',(0.,0.,1.));
#4138 = ADVANCED_FACE('',(#4139),#4155,.F.);
#4139 = FACE_BOUND('',#4140,.F.);
#4140 = EDGE_LOOP('',(#4141,#4147,#4148,#4154));
#4141 = ORIENTED_EDGE('',*,*,#4142,.F.);
#4142 = EDGE_CURVE('',#2812,#3557,#4143,.T.);
#4143 = LINE('',#4144,#4145);
#4144 = CARTESIAN_POINT('',(5.32,-0.32,2.711519));
#4145 = VECTOR('',#4146,1.);
#4146 = DIRECTION('',(0.,0.,-1.));
#4147 = ORIENTED_EDGE('',*,*,#2809,.F.);
#4148 = ORIENTED_EDGE('',*,*,#4149,.T.);
#4149 = EDGE_CURVE('',#2810,#3559,#4150,.T.);
#4150 = LINE('',#4151,#4152);
#4151 = CARTESIAN_POINT('',(4.68,-0.32,2.711519));
#4152 = VECTOR('',#4153,1.);
#4153 = DIRECTION('',(0.,0.,-1.));
#4154 = ORIENTED_EDGE('',*,*,#3556,.F.);
#4155 = PLANE('',#4156);
#4156 = AXIS2_PLACEMENT_3D('',#4157,#4158,#4159);
#4157 = CARTESIAN_POINT('',(5.32,-0.32,2.711519));
#4158 = DIRECTION('',(0.,-1.,0.));
#4159 = DIRECTION('',(0.,0.,-1.));
#4160 = ADVANCED_FACE('',(#4161),#4172,.F.);
#4161 = FACE_BOUND('',#4162,.F.);
#4162 = EDGE_LOOP('',(#4163,#4164,#4165,#4166));
#4163 = ORIENTED_EDGE('',*,*,#2835,.F.);
#4164 = ORIENTED_EDGE('',*,*,#4142,.T.);
#4165 = ORIENTED_EDGE('',*,*,#3566,.F.);
#4166 = ORIENTED_EDGE('',*,*,#4167,.T.);
#4167 = EDGE_CURVE('',#3567,#2828,#4168,.T.);
#4168 = LINE('',#4169,#4170);
#4169 = CARTESIAN_POINT('',(5.32,0.32,-0.538043));
#4170 = VECTOR('',#4171,1.);
#4171 = DIRECTION('',(0.,0.,1.));
#4172 = PLANE('',#4173);
#4173 = AXIS2_PLACEMENT_3D('',#4174,#4175,#4176);
#4174 = CARTESIAN_POINT('',(5.32,0.,1.086738));
#4175 = DIRECTION('',(1.,0.,0.));
#4176 = DIRECTION('',(0.,0.,1.));
#4177 = ADVANCED_FACE('',(#4178),#4189,.F.);
#4178 = FACE_BOUND('',#4179,.F.);
#4179 = EDGE_LOOP('',(#4180,#4181,#4182,#4188));
#4180 = ORIENTED_EDGE('',*,*,#4167,.F.);
#4181 = ORIENTED_EDGE('',*,*,#3574,.F.);
#4182 = ORIENTED_EDGE('',*,*,#4183,.T.);
#4183 = EDGE_CURVE('',#3575,#2820,#4184,.T.);
#4184 = LINE('',#4185,#4186);
#4185 = CARTESIAN_POINT('',(4.68,0.32,-0.538043));
#4186 = VECTOR('',#4187,1.);
#4187 = DIRECTION('',(0.,0.,1.));
#4188 = ORIENTED_EDGE('',*,*,#2827,.F.);
#4189 = PLANE('',#4190);
#4190 = AXIS2_PLACEMENT_3D('',#4191,#4192,#4193);
#4191 = CARTESIAN_POINT('',(5.32,0.32,-0.538043));
#4192 = DIRECTION('',(0.,1.,0.));
#4193 = DIRECTION('',(0.,0.,1.));
#4194 = ADVANCED_FACE('',(#4195),#4201,.T.);
#4195 = FACE_BOUND('',#4196,.T.);
#4196 = EDGE_LOOP('',(#4197,#4198,#4199,#4200));
#4197 = ORIENTED_EDGE('',*,*,#2819,.F.);
#4198 = ORIENTED_EDGE('',*,*,#4149,.T.);
#4199 = ORIENTED_EDGE('',*,*,#3582,.F.);
#4200 = ORIENTED_EDGE('',*,*,#4183,.T.);
#4201 = PLANE('',#4202);
#4202 = AXIS2_PLACEMENT_3D('',#4203,#4204,#4205);
#4203 = CARTESIAN_POINT('',(4.68,0.,1.086738));
#4204 = DIRECTION('',(1.,0.,0.));
#4205 = DIRECTION('',(0.,0.,1.));
#4206 = ADVANCED_FACE('',(#4207),#4223,.F.);
#4207 = FACE_BOUND('',#4208,.F.);
#4208 = EDGE_LOOP('',(#4209,#4215,#4216,#4222));
#4209 = ORIENTED_EDGE('',*,*,#4210,.F.);
#4210 = EDGE_CURVE('',#2846,#3465,#4211,.T.);
#4211 = LINE('',#4212,#4213);
#4212 = CARTESIAN_POINT('',(2.82,-0.32,2.711519));
#4213 = VECTOR('',#4214,1.);
#4214 = DIRECTION('',(0.,0.,-1.));
#4215 = ORIENTED_EDGE('',*,*,#2843,.F.);
#4216 = ORIENTED_EDGE('',*,*,#4217,.T.);
#4217 = EDGE_CURVE('',#2844,#3467,#4218,.T.);
#4218 = LINE('',#4219,#4220);
#4219 = CARTESIAN_POINT('',(2.18,-0.32,2.711519));
#4220 = VECTOR('',#4221,1.);
#4221 = DIRECTION('',(0.,0.,-1.));
#4222 = ORIENTED_EDGE('',*,*,#3464,.F.);
#4223 = PLANE('',#4224);
#4224 = AXIS2_PLACEMENT_3D('',#4225,#4226,#4227);
#4225 = CARTESIAN_POINT('',(2.82,-0.32,2.711519));
#4226 = DIRECTION('',(0.,-1.,0.));
#4227 = DIRECTION('',(0.,0.,-1.));
#4228 = ADVANCED_FACE('',(#4229),#4240,.F.);
#4229 = FACE_BOUND('',#4230,.F.);
#4230 = EDGE_LOOP('',(#4231,#4232,#4233,#4234));
#4231 = ORIENTED_EDGE('',*,*,#2869,.F.);
#4232 = ORIENTED_EDGE('',*,*,#4210,.T.);
#4233 = ORIENTED_EDGE('',*,*,#3474,.F.);
#4234 = ORIENTED_EDGE('',*,*,#4235,.T.);
#4235 = EDGE_CURVE('',#3475,#2862,#4236,.T.);
#4236 = LINE('',#4237,#4238);
#4237 = CARTESIAN_POINT('',(2.82,0.32,-0.538043));
#4238 = VECTOR('',#4239,1.);
#4239 = DIRECTION('',(0.,0.,1.));
#4240 = PLANE('',#4241);
#4241 = AXIS2_PLACEMENT_3D('',#4242,#4243,#4244);
#4242 = CARTESIAN_POINT('',(2.82,0.,1.086738));
#4243 = DIRECTION('',(1.,0.,0.));
#4244 = DIRECTION('',(0.,0.,1.));
#4245 = ADVANCED_FACE('',(#4246),#4257,.F.);
#4246 = FACE_BOUND('',#4247,.F.);
#4247 = EDGE_LOOP('',(#4248,#4249,#4250,#4256));
#4248 = ORIENTED_EDGE('',*,*,#4235,.F.);
#4249 = ORIENTED_EDGE('',*,*,#3482,.F.);
#4250 = ORIENTED_EDGE('',*,*,#4251,.T.);
#4251 = EDGE_CURVE('',#3483,#2854,#4252,.T.);
#4252 = LINE('',#4253,#4254);
#4253 = CARTESIAN_POINT('',(2.18,0.32,-0.538043));
#4254 = VECTOR('',#4255,1.);
#4255 = DIRECTION('',(0.,0.,1.));
#4256 = ORIENTED_EDGE('',*,*,#2861,.F.);
#4257 = PLANE('',#4258);
#4258 = AXIS2_PLACEMENT_3D('',#4259,#4260,#4261);
#4259 = CARTESIAN_POINT('',(2.82,0.32,-0.538043));
#4260 = DIRECTION('',(0.,1.,0.));
#4261 = DIRECTION('',(0.,0.,1.));
#4262 = ADVANCED_FACE('',(#4263),#4269,.T.);
#4263 = FACE_BOUND('',#4264,.T.);
#4264 = EDGE_LOOP('',(#4265,#4266,#4267,#4268));
#4265 = ORIENTED_EDGE('',*,*,#2853,.F.);
#4266 = ORIENTED_EDGE('',*,*,#4217,.T.);
#4267 = ORIENTED_EDGE('',*,*,#3490,.F.);
#4268 = ORIENTED_EDGE('',*,*,#4251,.T.);
#4269 = PLANE('',#4270);
#4270 = AXIS2_PLACEMENT_3D('',#4271,#4272,#4273);
#4271 = CARTESIAN_POINT('',(2.18,0.,1.086738));
#4272 = DIRECTION('',(1.,0.,0.));
#4273 = DIRECTION('',(0.,0.,1.));
#4274 = ADVANCED_FACE('',(#4275),#4291,.F.);
#4275 = FACE_BOUND('',#4276,.F.);
#4276 = EDGE_LOOP('',(#4277,#4283,#4284,#4290));
#4277 = ORIENTED_EDGE('',*,*,#4278,.F.);
#4278 = EDGE_CURVE('',#2880,#3373,#4279,.T.);
#4279 = LINE('',#4280,#4281);
#4280 = CARTESIAN_POINT('',(0.32,-0.32,2.711519));
#4281 = VECTOR('',#4282,1.);
#4282 = DIRECTION('',(0.,0.,-1.));
#4283 = ORIENTED_EDGE('',*,*,#2877,.F.);
#4284 = ORIENTED_EDGE('',*,*,#4285,.T.);
#4285 = EDGE_CURVE('',#2878,#3375,#4286,.T.);
#4286 = LINE('',#4287,#4288);
#4287 = CARTESIAN_POINT('',(-0.32,-0.32,2.711519));
#4288 = VECTOR('',#4289,1.);
#4289 = DIRECTION('',(0.,0.,-1.));
#4290 = ORIENTED_EDGE('',*,*,#3372,.F.);
#4291 = PLANE('',#4292);
#4292 = AXIS2_PLACEMENT_3D('',#4293,#4294,#4295);
#4293 = CARTESIAN_POINT('',(0.32,-0.32,2.711519));
#4294 = DIRECTION('',(0.,-1.,0.));
#4295 = DIRECTION('',(0.,0.,-1.));
#4296 = ADVANCED_FACE('',(#4297),#4308,.T.);
#4297 = FACE_BOUND('',#4298,.T.);
#4298 = EDGE_LOOP('',(#4299,#4300,#4301,#4302));
#4299 = ORIENTED_EDGE('',*,*,#2887,.F.);
#4300 = ORIENTED_EDGE('',*,*,#4285,.T.);
#4301 = ORIENTED_EDGE('',*,*,#3398,.F.);
#4302 = ORIENTED_EDGE('',*,*,#4303,.T.);
#4303 = EDGE_CURVE('',#3391,#2888,#4304,.T.);
#4304 = LINE('',#4305,#4306);
#4305 = CARTESIAN_POINT('',(-0.32,0.32,-0.538043));
#4306 = VECTOR('',#4307,1.);
#4307 = DIRECTION('',(0.,0.,1.));
#4308 = PLANE('',#4309);
#4309 = AXIS2_PLACEMENT_3D('',#4310,#4311,#4312);
#4310 = CARTESIAN_POINT('',(-0.32,0.,1.086738));
#4311 = DIRECTION('',(1.,0.,0.));
#4312 = DIRECTION('',(0.,0.,1.));
#4313 = ADVANCED_FACE('',(#4314),#4325,.F.);
#4314 = FACE_BOUND('',#4315,.F.);
#4315 = EDGE_LOOP('',(#4316,#4317,#4318,#4319));
#4316 = ORIENTED_EDGE('',*,*,#2903,.F.);
#4317 = ORIENTED_EDGE('',*,*,#4278,.T.);
#4318 = ORIENTED_EDGE('',*,*,#3382,.F.);
#4319 = ORIENTED_EDGE('',*,*,#4320,.T.);
#4320 = EDGE_CURVE('',#3383,#2896,#4321,.T.);
#4321 = LINE('',#4322,#4323);
#4322 = CARTESIAN_POINT('',(0.32,0.32,-0.538043));
#4323 = VECTOR('',#4324,1.);
#4324 = DIRECTION('',(0.,0.,1.));
#4325 = PLANE('',#4326);
#4326 = AXIS2_PLACEMENT_3D('',#4327,#4328,#4329);
#4327 = CARTESIAN_POINT('',(0.32,0.,1.086738));
#4328 = DIRECTION('',(1.,0.,0.));
#4329 = DIRECTION('',(0.,0.,1.));
#4330 = ADVANCED_FACE('',(#4331),#4337,.F.);
#4331 = FACE_BOUND('',#4332,.F.);
#4332 = EDGE_LOOP('',(#4333,#4334,#4335,#4336));
#4333 = ORIENTED_EDGE('',*,*,#4320,.F.);
#4334 = ORIENTED_EDGE('',*,*,#3390,.F.);
#4335 = ORIENTED_EDGE('',*,*,#4303,.T.);
#4336 = ORIENTED_EDGE('',*,*,#2895,.F.);
#4337 = PLANE('',#4338);
#4338 = AXIS2_PLACEMENT_3D('',#4339,#4340,#4341);
#4339 = CARTESIAN_POINT('',(0.32,0.32,-0.538043));
#4340 = DIRECTION('',(0.,1.,0.));
#4341 = DIRECTION('',(0.,0.,1.));
#4342 = ( GEOMETRIC_REPRESENTATION_CONTEXT(3) 
GLOBAL_UNCERTAINTY_ASSIGNED_CONTEXT((#4346)) 
GLOBAL_UNIT_ASSIGNED_CONTEXT((#4343,#4344,#4345)) REPRESENTATION_CONTEXT
('Context #1','3D Context with UNIT and UNCERTAINTY') );
#4343 = ( LENGTH_UNIT() NAMED_UNIT(*) SI_UNIT(.MILLI.,.METRE.) );
#4344 = ( NAMED_UNIT(*) PLANE_ANGLE_UNIT() SI_UNIT($,.RADIAN.) );
#4345 = ( NAMED_UNIT(*) SI_UNIT($,.STERADIAN.) SOLID_ANGLE_UNIT() );
#4346 = UNCERTAINTY_MEASURE_WITH_UNIT(LENGTH_MEASURE(5.E-06),#4343,
  'distance_accuracy_value','confusion accuracy');
#4347 = CONTEXT_DEPENDENT_SHAPE_REPRESENTATION(#4348,#4350);
#4348 = ( REPRESENTATION_RELATIONSHIP('','',#36,#10) 
REPRESENTATION_RELATIONSHIP_WITH_TRANSFORMATION(#4349) 
SHAPE_REPRESENTATION_RELATIONSHIP() );
#4349 = ITEM_DEFINED_TRANSFORMATION('','',#11,#15);
#4350 = PRODUCT_DEFINITION_SHAPE('Placement','Placement of an item',
  #4351);
#4351 = NEXT_ASSEMBLY_USAGE_OCCURRENCE('46','Top_entry_base','',#5,#31,$
  );
#4352 = PRODUCT_RELATED_PRODUCT_CATEGORY('part',$,(#33));
#4353 = SHAPE_DEFINITION_REPRESENTATION(#4354,#4360);
#4354 = PRODUCT_DEFINITION_SHAPE('','',#4355);
#4355 = PRODUCT_DEFINITION('design','',#4356,#4359);
#4356 = PRODUCT_DEFINITION_FORMATION('','',#4357);
#4357 = PRODUCT('male_pins array','male_pins array','',(#4358));
#4358 = PRODUCT_CONTEXT('',#2,'mechanical');
#4359 = PRODUCT_DEFINITION_CONTEXT('part definition',#2,'design');
#4360 = SHAPE_REPRESENTATION('',(#11,#4361,#4365,#4369,#4373,#4377,#4381
    ,#4385,#4389,#4393),#4397);
#4361 = AXIS2_PLACEMENT_3D('',#4362,#4363,#4364);
#4362 = CARTESIAN_POINT('',(0.,0.,0.));
#4363 = DIRECTION('',(0.,0.,1.));
#4364 = DIRECTION('',(1.,0.,0.));
#4365 = AXIS2_PLACEMENT_3D('',#4366,#4367,#4368);
#4366 = CARTESIAN_POINT('',(2.5,0.,0.));
#4367 = DIRECTION('',(0.,0.,1.));
#4368 = DIRECTION('',(1.,0.,0.));
#4369 = AXIS2_PLACEMENT_3D('',#4370,#4371,#4372);
#4370 = CARTESIAN_POINT('',(5.,0.,0.));
#4371 = DIRECTION('',(0.,0.,1.));
#4372 = DIRECTION('',(1.,0.,0.));
#4373 = AXIS2_PLACEMENT_3D('',#4374,#4375,#4376);
#4374 = CARTESIAN_POINT('',(7.5,0.,0.));
#4375 = DIRECTION('',(0.,0.,1.));
#4376 = DIRECTION('',(1.,0.,0.));
#4377 = AXIS2_PLACEMENT_3D('',#4378,#4379,#4380);
#4378 = CARTESIAN_POINT('',(10.,0.,0.));
#4379 = DIRECTION('',(0.,0.,1.));
#4380 = DIRECTION('',(1.,0.,0.));
#4381 = AXIS2_PLACEMENT_3D('',#4382,#4383,#4384);
#4382 = CARTESIAN_POINT('',(12.5,0.,0.));
#4383 = DIRECTION('',(0.,0.,1.));
#4384 = DIRECTION('',(1.,0.,0.));
#4385 = AXIS2_PLACEMENT_3D('',#4386,#4387,#4388);
#4386 = CARTESIAN_POINT('',(15.,0.,0.));
#4387 = DIRECTION('',(0.,0.,1.));
#4388 = DIRECTION('',(1.,0.,0.));
#4389 = AXIS2_PLACEMENT_3D('',#4390,#4391,#4392);
#4390 = CARTESIAN_POINT('',(17.5,0.,0.));
#4391 = DIRECTION('',(0.,0.,1.));
#4392 = DIRECTION('',(1.,0.,0.));
#4393 = AXIS2_PLACEMENT_3D('',#4394,#4395,#4396);
#4394 = CARTESIAN_POINT('',(20.,0.,0.));
#4395 = DIRECTION('',(0.,0.,1.));
#4396 = DIRECTION('',(1.,0.,0.));
#4397 = ( GEOMETRIC_REPRESENTATION_CONTEXT(3) 
GLOBAL_UNCERTAINTY_ASSIGNED_CONTEXT((#4401)) 
GLOBAL_UNIT_ASSIGNED_CONTEXT((#4398,#4399,#4400)) REPRESENTATION_CONTEXT
('Context #1','3D Context with UNIT and UNCERTAINTY') );
#4398 = ( LENGTH_UNIT() NAMED_UNIT(*) SI_UNIT(.MILLI.,.METRE.) );
#4399 = ( NAMED_UNIT(*) PLANE_ANGLE_UNIT() SI_UNIT($,.RADIAN.) );
#4400 = ( NAMED_UNIT(*) SI_UNIT($,.STERADIAN.) SOLID_ANGLE_UNIT() );
#4401 = UNCERTAINTY_MEASURE_WITH_UNIT(LENGTH_MEASURE(1.E-07),#4398,
  'distance_accuracy_value','confusion accuracy');
#4402 = CONTEXT_DEPENDENT_SHAPE_REPRESENTATION(#4403,#4405);
#4403 = ( REPRESENTATION_RELATIONSHIP('','',#4360,#10) 
REPRESENTATION_RELATIONSHIP_WITH_TRANSFORMATION(#4404) 
SHAPE_REPRESENTATION_RELATIONSHIP() );
#4404 = ITEM_DEFINED_TRANSFORMATION('','',#11,#19);
#4405 = PRODUCT_DEFINITION_SHAPE('Placement','Placement of an item',
  #4406);
#4406 = NEXT_ASSEMBLY_USAGE_OCCURRENCE('56','male_pins array','',#5,
  #4355,$);
#4407 = PRODUCT_RELATED_PRODUCT_CATEGORY('part',$,(#4357));
#4408 = SHAPE_DEFINITION_REPRESENTATION(#4409,#4415);
#4409 = PRODUCT_DEFINITION_SHAPE('','',#4410);
#4410 = PRODUCT_DEFINITION('design','',#4411,#4414);
#4411 = PRODUCT_DEFINITION_FORMATION('','',#4412);
#4412 = PRODUCT('Pin','Pin','',(#4413));
#4413 = PRODUCT_CONTEXT('',#2,'mechanical');
#4414 = PRODUCT_DEFINITION_CONTEXT('part definition',#2,'design');
#4415 = ADVANCED_BREP_SHAPE_REPRESENTATION('',(#11,#4416),#4758);
#4416 = MANIFOLD_SOLID_BREP('',#4417);
#4417 = CLOSED_SHELL('',(#4418,#4458,#4489,#4513,#4537,#4554,#4585,#4609
    ,#4633,#4650,#4681,#4705,#4729,#4746));
#4418 = ADVANCED_FACE('',(#4419),#4453,.F.);
#4419 = FACE_BOUND('',#4420,.F.);
#4420 = EDGE_LOOP('',(#4421,#4431,#4439,#4447));
#4421 = ORIENTED_EDGE('',*,*,#4422,.T.);
#4422 = EDGE_CURVE('',#4423,#4425,#4427,.T.);
#4423 = VERTEX_POINT('',#4424);
#4424 = CARTESIAN_POINT('',(-0.12,0.12,6.8));
#4425 = VERTEX_POINT('',#4426);
#4426 = CARTESIAN_POINT('',(0.12,0.12,6.8));
#4427 = LINE('',#4428,#4429);
#4428 = CARTESIAN_POINT('',(-0.32,0.12,6.8));
#4429 = VECTOR('',#4430,1.);
#4430 = DIRECTION('',(1.,0.,0.));
#4431 = ORIENTED_EDGE('',*,*,#4432,.T.);
#4432 = EDGE_CURVE('',#4425,#4433,#4435,.T.);
#4433 = VERTEX_POINT('',#4434);
#4434 = CARTESIAN_POINT('',(0.12,-0.12,6.8));
#4435 = LINE('',#4436,#4437);
#4436 = CARTESIAN_POINT('',(0.12,0.32,6.8));
#4437 = VECTOR('',#4438,1.);
#4438 = DIRECTION('',(0.,-1.,0.));
#4439 = ORIENTED_EDGE('',*,*,#4440,.F.);
#4440 = EDGE_CURVE('',#4441,#4433,#4443,.T.);
#4441 = VERTEX_POINT('',#4442);
#4442 = CARTESIAN_POINT('',(-0.12,-0.12,6.8));
#4443 = LINE('',#4444,#4445);
#4444 = CARTESIAN_POINT('',(-0.32,-0.12,6.8));
#4445 = VECTOR('',#4446,1.);
#4446 = DIRECTION('',(1.,0.,0.));
#4447 = ORIENTED_EDGE('',*,*,#4448,.F.);
#4448 = EDGE_CURVE('',#4423,#4441,#4449,.T.);
#4449 = LINE('',#4450,#4451);
#4450 = CARTESIAN_POINT('',(-0.12,0.32,6.8));
#4451 = VECTOR('',#4452,1.);
#4452 = DIRECTION('',(0.,-1.,0.));
#4453 = PLANE('',#4454);
#4454 = AXIS2_PLACEMENT_3D('',#4455,#4456,#4457);
#4455 = CARTESIAN_POINT('',(-0.32,0.32,6.8));
#4456 = DIRECTION('',(0.,0.,-1.));
#4457 = DIRECTION('',(0.,-1.,0.));
#4458 = ADVANCED_FACE('',(#4459),#4484,.T.);
#4459 = FACE_BOUND('',#4460,.T.);
#4460 = EDGE_LOOP('',(#4461,#4469,#4470,#4478));
#4461 = ORIENTED_EDGE('',*,*,#4462,.F.);
#4462 = EDGE_CURVE('',#4423,#4463,#4465,.T.);
#4463 = VERTEX_POINT('',#4464);
#4464 = CARTESIAN_POINT('',(-0.32,0.32,6.6));
#4465 = LINE('',#4466,#4467);
#4466 = CARTESIAN_POINT('',(-0.253333333333,0.253333333333,
    6.666666666667));
#4467 = VECTOR('',#4468,1.);
#4468 = DIRECTION('',(-0.57735026919,0.57735026919,-0.57735026919));
#4469 = ORIENTED_EDGE('',*,*,#4422,.T.);
#4470 = ORIENTED_EDGE('',*,*,#4471,.T.);
#4471 = EDGE_CURVE('',#4425,#4472,#4474,.T.);
#4472 = VERTEX_POINT('',#4473);
#4473 = CARTESIAN_POINT('',(0.32,0.32,6.6));
#4474 = LINE('',#4475,#4476);
#4475 = CARTESIAN_POINT('',(0.146666666667,0.146666666667,6.773333333333
    ));
#4476 = VECTOR('',#4477,1.);
#4477 = DIRECTION('',(0.57735026919,0.57735026919,-0.57735026919));
#4478 = ORIENTED_EDGE('',*,*,#4479,.F.);
#4479 = EDGE_CURVE('',#4463,#4472,#4480,.T.);
#4480 = LINE('',#4481,#4482);
#4481 = CARTESIAN_POINT('',(-0.32,0.32,6.6));
#4482 = VECTOR('',#4483,1.);
#4483 = DIRECTION('',(1.,0.,0.));
#4484 = PLANE('',#4485);
#4485 = AXIS2_PLACEMENT_3D('',#4486,#4487,#4488);
#4486 = CARTESIAN_POINT('',(-0.32,0.22,6.7));
#4487 = DIRECTION('',(0.,0.707106781187,0.707106781187));
#4488 = DIRECTION('',(1.,0.,-0.));
#4489 = ADVANCED_FACE('',(#4490),#4508,.T.);
#4490 = FACE_BOUND('',#4491,.F.);
#4491 = EDGE_LOOP('',(#4492,#4493,#4494,#4502));
#4492 = ORIENTED_EDGE('',*,*,#4462,.F.);
#4493 = ORIENTED_EDGE('',*,*,#4448,.T.);
#4494 = ORIENTED_EDGE('',*,*,#4495,.T.);
#4495 = EDGE_CURVE('',#4441,#4496,#4498,.T.);
#4496 = VERTEX_POINT('',#4497);
#4497 = CARTESIAN_POINT('',(-0.32,-0.32,6.6));
#4498 = LINE('',#4499,#4500);
#4499 = CARTESIAN_POINT('',(-0.146666666667,-0.146666666667,
    6.773333333333));
#4500 = VECTOR('',#4501,1.);
#4501 = DIRECTION('',(-0.57735026919,-0.57735026919,-0.57735026919));
#4502 = ORIENTED_EDGE('',*,*,#4503,.F.);
#4503 = EDGE_CURVE('',#4463,#4496,#4504,.T.);
#4504 = LINE('',#4505,#4506);
#4505 = CARTESIAN_POINT('',(-0.32,0.32,6.6));
#4506 = VECTOR('',#4507,1.);
#4507 = DIRECTION('',(0.,-1.,0.));
#4508 = PLANE('',#4509);
#4509 = AXIS2_PLACEMENT_3D('',#4510,#4511,#4512);
#4510 = CARTESIAN_POINT('',(-0.22,0.32,6.7));
#4511 = DIRECTION('',(-0.707106781187,0.,0.707106781187));
#4512 = DIRECTION('',(0.,1.,-0.));
#4513 = ADVANCED_FACE('',(#4514),#4532,.F.);
#4514 = FACE_BOUND('',#4515,.T.);
#4515 = EDGE_LOOP('',(#4516,#4517,#4518,#4526));
#4516 = ORIENTED_EDGE('',*,*,#4471,.F.);
#4517 = ORIENTED_EDGE('',*,*,#4432,.T.);
#4518 = ORIENTED_EDGE('',*,*,#4519,.T.);
#4519 = EDGE_CURVE('',#4433,#4520,#4522,.T.);
#4520 = VERTEX_POINT('',#4521);
#4521 = CARTESIAN_POINT('',(0.32,-0.32,6.6));
#4522 = LINE('',#4523,#4524);
#4523 = CARTESIAN_POINT('',(4.E-02,-4.E-02,6.88));
#4524 = VECTOR('',#4525,1.);
#4525 = DIRECTION('',(0.57735026919,-0.57735026919,-0.57735026919));
#4526 = ORIENTED_EDGE('',*,*,#4527,.F.);
#4527 = EDGE_CURVE('',#4472,#4520,#4528,.T.);
#4528 = LINE('',#4529,#4530);
#4529 = CARTESIAN_POINT('',(0.32,0.32,6.6));
#4530 = VECTOR('',#4531,1.);
#4531 = DIRECTION('',(0.,-1.,0.));
#4532 = PLANE('',#4533);
#4533 = AXIS2_PLACEMENT_3D('',#4534,#4535,#4536);
#4534 = CARTESIAN_POINT('',(0.22,0.32,6.7));
#4535 = DIRECTION('',(-0.707106781187,-0.,-0.707106781187));
#4536 = DIRECTION('',(-0.,1.,-0.));
#4537 = ADVANCED_FACE('',(#4538),#4549,.T.);
#4538 = FACE_BOUND('',#4539,.F.);
#4539 = EDGE_LOOP('',(#4540,#4541,#4542,#4543));
#4540 = ORIENTED_EDGE('',*,*,#4495,.F.);
#4541 = ORIENTED_EDGE('',*,*,#4440,.T.);
#4542 = ORIENTED_EDGE('',*,*,#4519,.T.);
#4543 = ORIENTED_EDGE('',*,*,#4544,.F.);
#4544 = EDGE_CURVE('',#4496,#4520,#4545,.T.);
#4545 = LINE('',#4546,#4547);
#4546 = CARTESIAN_POINT('',(-0.32,-0.32,6.6));
#4547 = VECTOR('',#4548,1.);
#4548 = DIRECTION('',(1.,0.,0.));
#4549 = PLANE('',#4550);
#4550 = AXIS2_PLACEMENT_3D('',#4551,#4552,#4553);
#4551 = CARTESIAN_POINT('',(-0.32,-0.22,6.7));
#4552 = DIRECTION('',(-0.,-0.707106781187,0.707106781187));
#4553 = DIRECTION('',(-1.,-0.,-0.));
#4554 = ADVANCED_FACE('',(#4555),#4580,.F.);
#4555 = FACE_BOUND('',#4556,.F.);
#4556 = EDGE_LOOP('',(#4557,#4565,#4573,#4579));
#4557 = ORIENTED_EDGE('',*,*,#4558,.F.);
#4558 = EDGE_CURVE('',#4559,#4463,#4561,.T.);
#4559 = VERTEX_POINT('',#4560);
#4560 = CARTESIAN_POINT('',(-0.32,0.32,-3.2));
#4561 = LINE('',#4562,#4563);
#4562 = CARTESIAN_POINT('',(-0.32,0.32,-3.4));
#4563 = VECTOR('',#4564,1.);
#4564 = DIRECTION('',(0.,0.,1.));
#4565 = ORIENTED_EDGE('',*,*,#4566,.T.);
#4566 = EDGE_CURVE('',#4559,#4567,#4569,.T.);
#4567 = VERTEX_POINT('',#4568);
#4568 = CARTESIAN_POINT('',(0.32,0.32,-3.2));
#4569 = LINE('',#4570,#4571);
#4570 = CARTESIAN_POINT('',(-0.32,0.32,-3.2));
#4571 = VECTOR('',#4572,1.);
#4572 = DIRECTION('',(1.,0.,0.));
#4573 = ORIENTED_EDGE('',*,*,#4574,.T.);
#4574 = EDGE_CURVE('',#4567,#4472,#4575,.T.);
#4575 = LINE('',#4576,#4577);
#4576 = CARTESIAN_POINT('',(0.32,0.32,-3.4));
#4577 = VECTOR('',#4578,1.);
#4578 = DIRECTION('',(0.,0.,1.));
#4579 = ORIENTED_EDGE('',*,*,#4479,.F.);
#4580 = PLANE('',#4581);
#4581 = AXIS2_PLACEMENT_3D('',#4582,#4583,#4584);
#4582 = CARTESIAN_POINT('',(-0.32,0.32,-3.4));
#4583 = DIRECTION('',(0.,-1.,0.));
#4584 = DIRECTION('',(0.,0.,1.));
#4585 = ADVANCED_FACE('',(#4586),#4604,.F.);
#4586 = FACE_BOUND('',#4587,.F.);
#4587 = EDGE_LOOP('',(#4588,#4596,#4602,#4603));
#4588 = ORIENTED_EDGE('',*,*,#4589,.T.);
#4589 = EDGE_CURVE('',#4496,#4590,#4592,.T.);
#4590 = VERTEX_POINT('',#4591);
#4591 = CARTESIAN_POINT('',(-0.32,-0.32,-3.2));
#4592 = LINE('',#4593,#4594);
#4593 = CARTESIAN_POINT('',(-0.32,-0.32,6.8));
#4594 = VECTOR('',#4595,1.);
#4595 = DIRECTION('',(0.,0.,-1.));
#4596 = ORIENTED_EDGE('',*,*,#4597,.T.);
#4597 = EDGE_CURVE('',#4590,#4559,#4598,.T.);
#4598 = LINE('',#4599,#4600);
#4599 = CARTESIAN_POINT('',(-0.32,-0.32,-3.2));
#4600 = VECTOR('',#4601,1.);
#4601 = DIRECTION('',(0.,1.,0.));
#4602 = ORIENTED_EDGE('',*,*,#4558,.T.);
#4603 = ORIENTED_EDGE('',*,*,#4503,.T.);
#4604 = PLANE('',#4605);
#4605 = AXIS2_PLACEMENT_3D('',#4606,#4607,#4608);
#4606 = CARTESIAN_POINT('',(-0.32,0.,1.7));
#4607 = DIRECTION('',(1.,0.,0.));
#4608 = DIRECTION('',(0.,0.,1.));
#4609 = ADVANCED_FACE('',(#4610),#4628,.T.);
#4610 = FACE_BOUND('',#4611,.T.);
#4611 = EDGE_LOOP('',(#4612,#4620,#4626,#4627));
#4612 = ORIENTED_EDGE('',*,*,#4613,.T.);
#4613 = EDGE_CURVE('',#4520,#4614,#4616,.T.);
#4614 = VERTEX_POINT('',#4615);
#4615 = CARTESIAN_POINT('',(0.32,-0.32,-3.2));
#4616 = LINE('',#4617,#4618);
#4617 = CARTESIAN_POINT('',(0.32,-0.32,6.8));
#4618 = VECTOR('',#4619,1.);
#4619 = DIRECTION('',(0.,0.,-1.));
#4620 = ORIENTED_EDGE('',*,*,#4621,.T.);
#4621 = EDGE_CURVE('',#4614,#4567,#4622,.T.);
#4622 = LINE('',#4623,#4624);
#4623 = CARTESIAN_POINT('',(0.32,-0.32,-3.2));
#4624 = VECTOR('',#4625,1.);
#4625 = DIRECTION('',(0.,1.,0.));
#4626 = ORIENTED_EDGE('',*,*,#4574,.T.);
#4627 = ORIENTED_EDGE('',*,*,#4527,.T.);
#4628 = PLANE('',#4629);
#4629 = AXIS2_PLACEMENT_3D('',#4630,#4631,#4632);
#4630 = CARTESIAN_POINT('',(0.32,0.,1.7));
#4631 = DIRECTION('',(1.,0.,0.));
#4632 = DIRECTION('',(0.,0.,1.));
#4633 = ADVANCED_FACE('',(#4634),#4645,.F.);
#4634 = FACE_BOUND('',#4635,.F.);
#4635 = EDGE_LOOP('',(#4636,#4637,#4638,#4639));
#4636 = ORIENTED_EDGE('',*,*,#4589,.F.);
#4637 = ORIENTED_EDGE('',*,*,#4544,.T.);
#4638 = ORIENTED_EDGE('',*,*,#4613,.T.);
#4639 = ORIENTED_EDGE('',*,*,#4640,.F.);
#4640 = EDGE_CURVE('',#4590,#4614,#4641,.T.);
#4641 = LINE('',#4642,#4643);
#4642 = CARTESIAN_POINT('',(-0.32,-0.32,-3.2));
#4643 = VECTOR('',#4644,1.);
#4644 = DIRECTION('',(1.,0.,0.));
#4645 = PLANE('',#4646);
#4646 = AXIS2_PLACEMENT_3D('',#4647,#4648,#4649);
#4647 = CARTESIAN_POINT('',(-0.32,-0.32,6.8));
#4648 = DIRECTION('',(0.,1.,0.));
#4649 = DIRECTION('',(0.,0.,-1.));
#4650 = ADVANCED_FACE('',(#4651),#4676,.T.);
#4651 = FACE_BOUND('',#4652,.F.);
#4652 = EDGE_LOOP('',(#4653,#4661,#4669,#4675));
#4653 = ORIENTED_EDGE('',*,*,#4654,.F.);
#4654 = EDGE_CURVE('',#4655,#4559,#4657,.T.);
#4655 = VERTEX_POINT('',#4656);
#4656 = CARTESIAN_POINT('',(-0.12,0.12,-3.4));
#4657 = LINE('',#4658,#4659);
#4658 = CARTESIAN_POINT('',(-0.146666666667,0.146666666667,
    -3.373333333333));
#4659 = VECTOR('',#4660,1.);
#4660 = DIRECTION('',(-0.57735026919,0.57735026919,0.57735026919));
#4661 = ORIENTED_EDGE('',*,*,#4662,.T.);
#4662 = EDGE_CURVE('',#4655,#4663,#4665,.T.);
#4663 = VERTEX_POINT('',#4664);
#4664 = CARTESIAN_POINT('',(0.12,0.12,-3.4));
#4665 = LINE('',#4666,#4667);
#4666 = CARTESIAN_POINT('',(-0.32,0.12,-3.4));
#4667 = VECTOR('',#4668,1.);
#4668 = DIRECTION('',(1.,0.,0.));
#4669 = ORIENTED_EDGE('',*,*,#4670,.T.);
#4670 = EDGE_CURVE('',#4663,#4567,#4671,.T.);
#4671 = LINE('',#4672,#4673);
#4672 = CARTESIAN_POINT('',(4.E-02,4.E-02,-3.48));
#4673 = VECTOR('',#4674,1.);
#4674 = DIRECTION('',(0.57735026919,0.57735026919,0.57735026919));
#4675 = ORIENTED_EDGE('',*,*,#4566,.F.);
#4676 = PLANE('',#4677);
#4677 = AXIS2_PLACEMENT_3D('',#4678,#4679,#4680);
#4678 = CARTESIAN_POINT('',(-0.32,0.22,-3.3));
#4679 = DIRECTION('',(-0.,0.707106781187,-0.707106781187));
#4680 = DIRECTION('',(-1.,-0.,0.));
#4681 = ADVANCED_FACE('',(#4682),#4700,.T.);
#4682 = FACE_BOUND('',#4683,.F.);
#4683 = EDGE_LOOP('',(#4684,#4692,#4698,#4699));
#4684 = ORIENTED_EDGE('',*,*,#4685,.T.);
#4685 = EDGE_CURVE('',#4590,#4686,#4688,.T.);
#4686 = VERTEX_POINT('',#4687);
#4687 = CARTESIAN_POINT('',(-0.12,-0.12,-3.4));
#4688 = LINE('',#4689,#4690);
#4689 = CARTESIAN_POINT('',(-0.253333333333,-0.253333333333,
    -3.266666666667));
#4690 = VECTOR('',#4691,1.);
#4691 = DIRECTION('',(0.57735026919,0.57735026919,-0.57735026919));
#4692 = ORIENTED_EDGE('',*,*,#4693,.T.);
#4693 = EDGE_CURVE('',#4686,#4655,#4694,.T.);
#4694 = LINE('',#4695,#4696);
#4695 = CARTESIAN_POINT('',(-0.12,-0.32,-3.4));
#4696 = VECTOR('',#4697,1.);
#4697 = DIRECTION('',(0.,1.,0.));
#4698 = ORIENTED_EDGE('',*,*,#4654,.T.);
#4699 = ORIENTED_EDGE('',*,*,#4597,.F.);
#4700 = PLANE('',#4701);
#4701 = AXIS2_PLACEMENT_3D('',#4702,#4703,#4704);
#4702 = CARTESIAN_POINT('',(-0.22,-0.32,-3.3));
#4703 = DIRECTION('',(-0.707106781187,-0.,-0.707106781187));
#4704 = DIRECTION('',(-0.,-1.,0.));
#4705 = ADVANCED_FACE('',(#4706),#4724,.F.);
#4706 = FACE_BOUND('',#4707,.T.);
#4707 = EDGE_LOOP('',(#4708,#4716,#4722,#4723));
#4708 = ORIENTED_EDGE('',*,*,#4709,.T.);
#4709 = EDGE_CURVE('',#4614,#4710,#4712,.T.);
#4710 = VERTEX_POINT('',#4711);
#4711 = CARTESIAN_POINT('',(0.12,-0.12,-3.4));
#4712 = LINE('',#4713,#4714);
#4713 = CARTESIAN_POINT('',(0.146666666667,-0.146666666667,
    -3.373333333333));
#4714 = VECTOR('',#4715,1.);
#4715 = DIRECTION('',(-0.57735026919,0.57735026919,-0.57735026919));
#4716 = ORIENTED_EDGE('',*,*,#4717,.T.);
#4717 = EDGE_CURVE('',#4710,#4663,#4718,.T.);
#4718 = LINE('',#4719,#4720);
#4719 = CARTESIAN_POINT('',(0.12,-0.32,-3.4));
#4720 = VECTOR('',#4721,1.);
#4721 = DIRECTION('',(0.,1.,0.));
#4722 = ORIENTED_EDGE('',*,*,#4670,.T.);
#4723 = ORIENTED_EDGE('',*,*,#4621,.F.);
#4724 = PLANE('',#4725);
#4725 = AXIS2_PLACEMENT_3D('',#4726,#4727,#4728);
#4726 = CARTESIAN_POINT('',(0.22,-0.32,-3.3));
#4727 = DIRECTION('',(-0.707106781187,0.,0.707106781187));
#4728 = DIRECTION('',(-0.,-1.,0.));
#4729 = ADVANCED_FACE('',(#4730),#4741,.T.);
#4730 = FACE_BOUND('',#4731,.F.);
#4731 = EDGE_LOOP('',(#4732,#4733,#4734,#4735));
#4732 = ORIENTED_EDGE('',*,*,#4685,.F.);
#4733 = ORIENTED_EDGE('',*,*,#4640,.T.);
#4734 = ORIENTED_EDGE('',*,*,#4709,.T.);
#4735 = ORIENTED_EDGE('',*,*,#4736,.F.);
#4736 = EDGE_CURVE('',#4686,#4710,#4737,.T.);
#4737 = LINE('',#4738,#4739);
#4738 = CARTESIAN_POINT('',(-0.32,-0.12,-3.4));
#4739 = VECTOR('',#4740,1.);
#4740 = DIRECTION('',(1.,0.,0.));
#4741 = PLANE('',#4742);
#4742 = AXIS2_PLACEMENT_3D('',#4743,#4744,#4745);
#4743 = CARTESIAN_POINT('',(-0.32,-0.22,-3.3));
#4744 = DIRECTION('',(0.,-0.707106781187,-0.707106781187));
#4745 = DIRECTION('',(-1.,-0.,-0.));
#4746 = ADVANCED_FACE('',(#4747),#4753,.F.);
#4747 = FACE_BOUND('',#4748,.F.);
#4748 = EDGE_LOOP('',(#4749,#4750,#4751,#4752));
#4749 = ORIENTED_EDGE('',*,*,#4736,.T.);
#4750 = ORIENTED_EDGE('',*,*,#4717,.T.);
#4751 = ORIENTED_EDGE('',*,*,#4662,.F.);
#4752 = ORIENTED_EDGE('',*,*,#4693,.F.);
#4753 = PLANE('',#4754);
#4754 = AXIS2_PLACEMENT_3D('',#4755,#4756,#4757);
#4755 = CARTESIAN_POINT('',(-0.32,-0.32,-3.4));
#4756 = DIRECTION('',(0.,0.,1.));
#4757 = DIRECTION('',(0.,1.,0.));
#4758 = ( GEOMETRIC_REPRESENTATION_CONTEXT(3) 
GLOBAL_UNCERTAINTY_ASSIGNED_CONTEXT((#4762)) 
GLOBAL_UNIT_ASSIGNED_CONTEXT((#4759,#4760,#4761)) REPRESENTATION_CONTEXT
('Context #1','3D Context with UNIT and UNCERTAINTY') );
#4759 = ( LENGTH_UNIT() NAMED_UNIT(*) SI_UNIT(.MILLI.,.METRE.) );
#4760 = ( NAMED_UNIT(*) PLANE_ANGLE_UNIT() SI_UNIT($,.RADIAN.) );
#4761 = ( NAMED_UNIT(*) SI_UNIT($,.STERADIAN.) SOLID_ANGLE_UNIT() );
#4762 = UNCERTAINTY_MEASURE_WITH_UNIT(LENGTH_MEASURE(1.E-07),#4759,
  'distance_accuracy_value','confusion accuracy');
#4763 = CONTEXT_DEPENDENT_SHAPE_REPRESENTATION(#4764,#4766);
#4764 = ( REPRESENTATION_RELATIONSHIP('','',#4415,#4360) 
REPRESENTATION_RELATIONSHIP_WITH_TRANSFORMATION(#4765) 
SHAPE_REPRESENTATION_RELATIONSHIP() );
#4765 = ITEM_DEFINED_TRANSFORMATION('','',#11,#4361);
#4766 = PRODUCT_DEFINITION_SHAPE('Placement','Placement of an item',
  #4767);
#4767 = NEXT_ASSEMBLY_USAGE_OCCURRENCE('47','0','',#4355,#4410,$);
#4768 = PRODUCT_RELATED_PRODUCT_CATEGORY('part',$,(#4412));
#4769 = CONTEXT_DEPENDENT_SHAPE_REPRESENTATION(#4770,#4772);
#4770 = ( REPRESENTATION_RELATIONSHIP('','',#4415,#4360) 
REPRESENTATION_RELATIONSHIP_WITH_TRANSFORMATION(#4771) 
SHAPE_REPRESENTATION_RELATIONSHIP() );
#4771 = ITEM_DEFINED_TRANSFORMATION('','',#11,#4365);
#4772 = PRODUCT_DEFINITION_SHAPE('Placement','Placement of an item',
  #4773);
#4773 = NEXT_ASSEMBLY_USAGE_OCCURRENCE('48','1','',#4355,#4410,$);
#4774 = CONTEXT_DEPENDENT_SHAPE_REPRESENTATION(#4775,#4777);
#4775 = ( REPRESENTATION_RELATIONSHIP('','',#4415,#4360) 
REPRESENTATION_RELATIONSHIP_WITH_TRANSFORMATION(#4776) 
SHAPE_REPRESENTATION_RELATIONSHIP() );
#4776 = ITEM_DEFINED_TRANSFORMATION('','',#11,#4369);
#4777 = PRODUCT_DEFINITION_SHAPE('Placement','Placement of an item',
  #4778);
#4778 = NEXT_ASSEMBLY_USAGE_OCCURRENCE('49','2','',#4355,#4410,$);
#4779 = CONTEXT_DEPENDENT_SHAPE_REPRESENTATION(#4780,#4782);
#4780 = ( REPRESENTATION_RELATIONSHIP('','',#4415,#4360) 
REPRESENTATION_RELATIONSHIP_WITH_TRANSFORMATION(#4781) 
SHAPE_REPRESENTATION_RELATIONSHIP() );
#4781 = ITEM_DEFINED_TRANSFORMATION('','',#11,#4373);
#4782 = PRODUCT_DEFINITION_SHAPE('Placement','Placement of an item',
  #4783);
#4783 = NEXT_ASSEMBLY_USAGE_OCCURRENCE('50','3','',#4355,#4410,$);
#4784 = CONTEXT_DEPENDENT_SHAPE_REPRESENTATION(#4785,#4787);
#4785 = ( REPRESENTATION_RELATIONSHIP('','',#4415,#4360) 
REPRESENTATION_RELATIONSHIP_WITH_TRANSFORMATION(#4786) 
SHAPE_REPRESENTATION_RELATIONSHIP() );
#4786 = ITEM_DEFINED_TRANSFORMATION('','',#11,#4377);
#4787 = PRODUCT_DEFINITION_SHAPE('Placement','Placement of an item',
  #4788);
#4788 = NEXT_ASSEMBLY_USAGE_OCCURRENCE('51','4','',#4355,#4410,$);
#4789 = CONTEXT_DEPENDENT_SHAPE_REPRESENTATION(#4790,#4792);
#4790 = ( REPRESENTATION_RELATIONSHIP('','',#4415,#4360) 
REPRESENTATION_RELATIONSHIP_WITH_TRANSFORMATION(#4791) 
SHAPE_REPRESENTATION_RELATIONSHIP() );
#4791 = ITEM_DEFINED_TRANSFORMATION('','',#11,#4381);
#4792 = PRODUCT_DEFINITION_SHAPE('Placement','Placement of an item',
  #4793);
#4793 = NEXT_ASSEMBLY_USAGE_OCCURRENCE('52','5','',#4355,#4410,$);
#4794 = CONTEXT_DEPENDENT_SHAPE_REPRESENTATION(#4795,#4797);
#4795 = ( REPRESENTATION_RELATIONSHIP('','',#4415,#4360) 
REPRESENTATION_RELATIONSHIP_WITH_TRANSFORMATION(#4796) 
SHAPE_REPRESENTATION_RELATIONSHIP() );
#4796 = ITEM_DEFINED_TRANSFORMATION('','',#11,#4385);
#4797 = PRODUCT_DEFINITION_SHAPE('Placement','Placement of an item',
  #4798);
#4798 = NEXT_ASSEMBLY_USAGE_OCCURRENCE('53','6','',#4355,#4410,$);
#4799 = CONTEXT_DEPENDENT_SHAPE_REPRESENTATION(#4800,#4802);
#4800 = ( REPRESENTATION_RELATIONSHIP('','',#4415,#4360) 
REPRESENTATION_RELATIONSHIP_WITH_TRANSFORMATION(#4801) 
SHAPE_REPRESENTATION_RELATIONSHIP() );
#4801 = ITEM_DEFINED_TRANSFORMATION('','',#11,#4389);
#4802 = PRODUCT_DEFINITION_SHAPE('Placement','Placement of an item',
  #4803);
#4803 = NEXT_ASSEMBLY_USAGE_OCCURRENCE('54','7','',#4355,#4410,$);
#4804 = CONTEXT_DEPENDENT_SHAPE_REPRESENTATION(#4805,#4807);
#4805 = ( REPRESENTATION_RELATIONSHIP('','',#4415,#4360) 
REPRESENTATION_RELATIONSHIP_WITH_TRANSFORMATION(#4806) 
SHAPE_REPRESENTATION_RELATIONSHIP() );
#4806 = ITEM_DEFINED_TRANSFORMATION('','',#11,#4393);
#4807 = PRODUCT_DEFINITION_SHAPE('Placement','Placement of an item',
  #4808);
#4808 = NEXT_ASSEMBLY_USAGE_OCCURRENCE('55','8','',#4355,#4410,$);
#4809 = MECHANICAL_DESIGN_GEOMETRIC_PRESENTATION_REPRESENTATION('',(
    #4810),#4342);
#4810 = STYLED_ITEM('color',(#4811),#37);
#4811 = PRESENTATION_STYLE_ASSIGNMENT((#4812,#4818));
#4812 = SURFACE_STYLE_USAGE(.BOTH.,#4813);
#4813 = SURFACE_SIDE_STYLE('',(#4814));
#4814 = SURFACE_STYLE_FILL_AREA(#4815);
#4815 = FILL_AREA_STYLE('',(#4816));
#4816 = FILL_AREA_STYLE_COLOUR('',#4817);
#4817 = DRAUGHTING_PRE_DEFINED_COLOUR('white');
#4818 = CURVE_STYLE('',#4819,POSITIVE_LENGTH_MEASURE(0.1),#4820);
#4819 = DRAUGHTING_PRE_DEFINED_CURVE_FONT('continuous');
#4820 = COLOUR_RGB('',9.803921802644E-02,9.803921802644E-02,
  9.803921802644E-02);
#4821 = MECHANICAL_DESIGN_GEOMETRIC_PRESENTATION_REPRESENTATION('',(
    #4822),#4758);
#4822 = STYLED_ITEM('color',(#4823),#4416);
#4823 = PRESENTATION_STYLE_ASSIGNMENT((#4824,#4830));
#4824 = SURFACE_STYLE_USAGE(.BOTH.,#4825);
#4825 = SURFACE_SIDE_STYLE('',(#4826));
#4826 = SURFACE_STYLE_FILL_AREA(#4827);
#4827 = FILL_AREA_STYLE('',(#4828));
#4828 = FILL_AREA_STYLE_COLOUR('',#4829);
#4829 = COLOUR_RGB('',0.399999997426,0.274509816483,0.);
#4830 = CURVE_STYLE('',#4831,POSITIVE_LENGTH_MEASURE(0.1),#4820);
#4831 = DRAUGHTING_PRE_DEFINED_CURVE_FONT('continuous');
ENDSEC;
END-ISO-10303-21;
