ISO-10303-21;
HEADER;
FILE_DESCRIPTION(('FreeCAD Model'),'2;1');
FILE_NAME('Open CASCADE Shape Model','2026-06-29T20:56:53',(''),(''),
  'Open CASCADE STEP processor 7.8','FreeCAD','Unknown');
FILE_SCHEMA(('AUTOMOTIVE_DESIGN { 1 0 10303 214 1 1 1 1 }'));
ENDSEC;
DATA;
#1 = APPLICATION_PROTOCOL_DEFINITION('international standard',
  'automotive_design',2000,#2);
#2 = APPLICATION_CONTEXT(
  'core data for automotive mechanical design processes');
#3 = SHAPE_DEFINITION_REPRESENTATION(#4,#10);
#4 = PRODUCT_DEFINITION_SHAPE('','',#5);
#5 = PRODUCT_DEFINITION('design','',#6,#9);
#6 = PRODUCT_DEFINITION_FORMATION('','',#7);
#7 = PRODUCT('XH_top_entry','XH_top_entry','',(#8));
#8 = PRODUCT_CONTEXT('',#2,'mechanical');
#9 = PRODUCT_DEFINITION_CONTEXT('part definition',#2,'design');
#10 = SHAPE_REPRESENTATION('',(#11,#15,#19),#23);
#11 = AXIS2_PLACEMENT_3D('',#12,#13,#14);
#12 = CARTESIAN_POINT('',(0.,0.,0.));
#13 = DIRECTION('',(0.,0.,1.));
#14 = DIRECTION('',(1.,0.,-0.));
#15 = AXIS2_PLACEMENT_3D('',#16,#17,#18);
#16 = CARTESIAN_POINT('',(15.,0.,0.));
#17 = DIRECTION('',(0.,0.,1.));
#18 = DIRECTION('',(-1.,1.224646799147E-16,0.));
#19 = AXIS2_PLACEMENT_3D('',#20,#21,#22);
#20 = CARTESIAN_POINT('',(0.,0.,0.));
#21 = DIRECTION('',(0.,0.,1.));
#22 = DIRECTION('',(1.,0.,0.));
#23 = ( GEOMETRIC_REPRESENTATION_CONTEXT(3) 
GLOBAL_UNCERTAINTY_ASSIGNED_CONTEXT((#27)) GLOBAL_UNIT_ASSIGNED_CONTEXT(
(#24,#25,#26)) REPRESENTATION_CONTEXT('Context #1',
  '3D Context with UNIT and UNCERTAINTY') );
#24 = ( LENGTH_UNIT() NAMED_UNIT(*) SI_UNIT(.MILLI.,.METRE.) );
#25 = ( NAMED_UNIT(*) PLANE_ANGLE_UNIT() SI_UNIT($,.RADIAN.) );
#26 = ( NAMED_UNIT(*) SI_UNIT($,.STERADIAN.) SOLID_ANGLE_UNIT() );
#27 = UNCERTAINTY_MEASURE_WITH_UNIT(LENGTH_MEASURE(2.E-06),#24,
  'distance_accuracy_value','confusion accuracy');
#28 = PRODUCT_RELATED_PRODUCT_CATEGORY('part',$,(#7));
#29 = SHAPE_DEFINITION_REPRESENTATION(#30,#36);
#30 = PRODUCT_DEFINITION_SHAPE('','',#31);
#31 = PRODUCT_DEFINITION('design','',#32,#35);
#32 = PRODUCT_DEFINITION_FORMATION('','',#33);
#33 = PRODUCT('Top_entry_base','Top_entry_base','',(#34));
#34 = PRODUCT_CONTEXT('',#2,'mechanical');
#35 = PRODUCT_DEFINITION_CONTEXT('part definition',#2,'design');
#36 = ADVANCED_BREP_SHAPE_REPRESENTATION('',(#11,#37),#3674);
#37 = MANIFOLD_SOLID_BREP('',#38);
#38 = CLOSED_SHELL('',(#39,#129,#168,#192,#249,#273,#298,#322,#570,#602,
    #627,#677,#750,#767,#792,#1161,#1192,#1204,#1228,#1294,#1312,#1345,
    #1369,#1400,#1417,#1450,#1483,#1507,#1531,#1562,#1593,#1610,#1627,
    #1660,#1693,#1717,#1741,#1772,#1803,#1820,#1837,#1870,#1903,#1927,
    #1951,#1982,#2013,#2025,#2042,#2073,#2085,#2102,#2119,#2257,#2507,
    #2524,#2541,#2558,#2575,#2592,#2609,#2626,#2643,#2660,#2677,#2694,
    #2711,#2728,#2745,#2762,#2779,#2796,#2813,#2830,#2847,#2864,#2876,
    #2922,#2968,#3014,#3060,#3106,#3152,#3198,#3220,#3237,#3254,#3266,
    #3288,#3305,#3322,#3334,#3356,#3373,#3390,#3402,#3424,#3441,#3458,
    #3470,#3492,#3509,#3526,#3538,#3560,#3577,#3594,#3606,#3628,#3645,
    #3662));
#39 = ADVANCED_FACE('',(#40),#124,.T.);
#40 = FACE_BOUND('',#41,.T.);
#41 = EDGE_LOOP('',(#42,#52,#60,#68,#76,#84,#92,#101,#109,#118));
#42 = ORIENTED_EDGE('',*,*,#43,.T.);
#43 = EDGE_CURVE('',#44,#46,#48,.T.);
#44 = VERTEX_POINT('',#45);
#45 = CARTESIAN_POINT('',(-2.45,-0.7,7.));
#46 = VERTEX_POINT('',#47);
#47 = CARTESIAN_POINT('',(-2.,-0.7,7.));
#48 = LINE('',#49,#50);
#49 = CARTESIAN_POINT('',(-5.,-0.7,7.));
#50 = VECTOR('',#51,1.);
#51 = DIRECTION('',(1.,0.,0.));
#52 = ORIENTED_EDGE('',*,*,#53,.F.);
#53 = EDGE_CURVE('',#54,#46,#56,.T.);
#54 = VERTEX_POINT('',#55);
#55 = CARTESIAN_POINT('',(-2.,2.95,7.));
#56 = LINE('',#57,#58);
#57 = CARTESIAN_POINT('',(-2.,2.65,7.));
#58 = VECTOR('',#59,1.);
#59 = DIRECTION('',(0.,-1.,0.));
#60 = ORIENTED_EDGE('',*,*,#61,.T.);
#61 = EDGE_CURVE('',#54,#62,#64,.T.);
#62 = VERTEX_POINT('',#63);
#63 = CARTESIAN_POINT('',(17.,2.95,7.));
#64 = LINE('',#65,#66);
#65 = CARTESIAN_POINT('',(-1.7,2.95,7.));
#66 = VECTOR('',#67,1.);
#67 = DIRECTION('',(1.,0.,0.));
#68 = ORIENTED_EDGE('',*,*,#69,.T.);
#69 = EDGE_CURVE('',#62,#70,#72,.T.);
#70 = VERTEX_POINT('',#71);
#71 = CARTESIAN_POINT('',(17.,-0.7,7.));
#72 = LINE('',#73,#74);
#73 = CARTESIAN_POINT('',(17.,2.65,7.));
#74 = VECTOR('',#75,1.);
#75 = DIRECTION('',(0.,-1.,0.));
#76 = ORIENTED_EDGE('',*,*,#77,.T.);
#77 = EDGE_CURVE('',#70,#78,#80,.T.);
#78 = VERTEX_POINT('',#79);
#79 = CARTESIAN_POINT('',(17.45,-0.7,7.));
#80 = LINE('',#81,#82);
#81 = CARTESIAN_POINT('',(-5.,-0.7,7.));
#82 = VECTOR('',#83,1.);
#83 = DIRECTION('',(1.,0.,0.));
#84 = ORIENTED_EDGE('',*,*,#85,.T.);
#85 = EDGE_CURVE('',#78,#86,#88,.T.);
#86 = VERTEX_POINT('',#87);
#87 = CARTESIAN_POINT('',(17.45,2.9,7.));
#88 = LINE('',#89,#90);
#89 = CARTESIAN_POINT('',(17.45,-2.35,7.));
#90 = VECTOR('',#91,1.);
#91 = DIRECTION('',(0.,1.,0.));
#92 = ORIENTED_EDGE('',*,*,#93,.T.);
#93 = EDGE_CURVE('',#86,#94,#96,.T.);
#94 = VERTEX_POINT('',#95);
#95 = CARTESIAN_POINT('',(16.95,3.4,7.));
#96 = CIRCLE('',#97,0.5);
#97 = AXIS2_PLACEMENT_3D('',#98,#99,#100);
#98 = CARTESIAN_POINT('',(16.95,2.9,7.));
#99 = DIRECTION('',(-0.,0.,1.));
#100 = DIRECTION('',(0.,-1.,0.));
#101 = ORIENTED_EDGE('',*,*,#102,.T.);
#102 = EDGE_CURVE('',#94,#103,#105,.T.);
#103 = VERTEX_POINT('',#104);
#104 = CARTESIAN_POINT('',(-1.95,3.4,7.));
#105 = LINE('',#106,#107);
#106 = CARTESIAN_POINT('',(17.45,3.4,7.));
#107 = VECTOR('',#108,1.);
#108 = DIRECTION('',(-1.,0.,0.));
#109 = ORIENTED_EDGE('',*,*,#110,.F.);
#110 = EDGE_CURVE('',#111,#103,#113,.T.);
#111 = VERTEX_POINT('',#112);
#112 = CARTESIAN_POINT('',(-2.45,2.9,7.));
#113 = CIRCLE('',#114,0.5);
#114 = AXIS2_PLACEMENT_3D('',#115,#116,#117);
#115 = CARTESIAN_POINT('',(-1.95,2.9,7.));
#116 = DIRECTION('',(-0.,-0.,-1.));
#117 = DIRECTION('',(0.,-1.,0.));
#118 = ORIENTED_EDGE('',*,*,#119,.T.);
#119 = EDGE_CURVE('',#111,#44,#120,.T.);
#120 = LINE('',#121,#122);
#121 = CARTESIAN_POINT('',(-2.45,3.4,7.));
#122 = VECTOR('',#123,1.);
#123 = DIRECTION('',(0.,-1.,0.));
#124 = PLANE('',#125);
#125 = AXIS2_PLACEMENT_3D('',#126,#127,#128);
#126 = CARTESIAN_POINT('',(7.5,0.525,7.));
#127 = DIRECTION('',(0.,0.,1.));
#128 = DIRECTION('',(1.,0.,0.));
#129 = ADVANCED_FACE('',(#130),#163,.T.);
#130 = FACE_BOUND('',#131,.T.);
#131 = EDGE_LOOP('',(#132,#133,#141,#149,#157));
#132 = ORIENTED_EDGE('',*,*,#43,.F.);
#133 = ORIENTED_EDGE('',*,*,#134,.T.);
#134 = EDGE_CURVE('',#44,#135,#137,.T.);
#135 = VERTEX_POINT('',#136);
#136 = CARTESIAN_POINT('',(-2.45,-0.7,3.9));
#137 = LINE('',#138,#139);
#138 = CARTESIAN_POINT('',(-2.45,-0.7,1.95));
#139 = VECTOR('',#140,1.);
#140 = DIRECTION('',(0.,0.,-1.));
#141 = ORIENTED_EDGE('',*,*,#142,.T.);
#142 = EDGE_CURVE('',#135,#143,#145,.T.);
#143 = VERTEX_POINT('',#144);
#144 = CARTESIAN_POINT('',(-1.7,-0.7,3.9));
#145 = LINE('',#146,#147);
#146 = CARTESIAN_POINT('',(-5.,-0.7,3.9));
#147 = VECTOR('',#148,1.);
#148 = DIRECTION('',(1.,0.,0.));
#149 = ORIENTED_EDGE('',*,*,#150,.F.);
#150 = EDGE_CURVE('',#151,#143,#153,.T.);
#151 = VERTEX_POINT('',#152);
#152 = CARTESIAN_POINT('',(-1.7,-0.7,6.5));
#153 = LINE('',#154,#155);
#154 = CARTESIAN_POINT('',(-1.7,-0.7,4.067949337881));
#155 = VECTOR('',#156,1.);
#156 = DIRECTION('',(0.,0.,-1.));
#157 = ORIENTED_EDGE('',*,*,#158,.F.);
#158 = EDGE_CURVE('',#46,#151,#159,.T.);
#159 = LINE('',#160,#161);
#160 = CARTESIAN_POINT('',(-1.638235294118,-0.7,6.397058823529));
#161 = VECTOR('',#162,1.);
#162 = DIRECTION('',(0.514495755428,0.,-0.857492925713));
#163 = PLANE('',#164);
#164 = AXIS2_PLACEMENT_3D('',#165,#166,#167);
#165 = CARTESIAN_POINT('',(-5.,-0.7,3.9));
#166 = DIRECTION('',(0.,-1.,0.));
#167 = DIRECTION('',(0.,0.,1.));
#168 = ADVANCED_FACE('',(#169),#187,.T.);
#169 = FACE_BOUND('',#170,.T.);
#170 = EDGE_LOOP('',(#171,#179,#180,#181));
#171 = ORIENTED_EDGE('',*,*,#172,.F.);
#172 = EDGE_CURVE('',#54,#173,#175,.T.);
#173 = VERTEX_POINT('',#174);
#174 = CARTESIAN_POINT('',(-1.7,2.65,6.5));
#175 = LINE('',#176,#177);
#176 = CARTESIAN_POINT('',(-1.818604651163,2.768604651163,6.697674418605
    ));
#177 = VECTOR('',#178,1.);
#178 = DIRECTION('',(0.457495710998,-0.457495710998,-0.762492851663));
#179 = ORIENTED_EDGE('',*,*,#53,.T.);
#180 = ORIENTED_EDGE('',*,*,#158,.T.);
#181 = ORIENTED_EDGE('',*,*,#182,.F.);
#182 = EDGE_CURVE('',#173,#151,#183,.T.);
#183 = LINE('',#184,#185);
#184 = CARTESIAN_POINT('',(-1.7,2.65,6.5));
#185 = VECTOR('',#186,1.);
#186 = DIRECTION('',(0.,-1.,0.));
#187 = PLANE('',#188);
#188 = AXIS2_PLACEMENT_3D('',#189,#190,#191);
#189 = CARTESIAN_POINT('',(-1.85,2.65,6.75));
#190 = DIRECTION('',(0.857492925713,-3.475340006926E-18,0.514495755428)
  );
#191 = DIRECTION('',(-2.980079470385E-18,-1.,-1.788047682231E-18));
#192 = ADVANCED_FACE('',(#193),#244,.F.);
#193 = FACE_BOUND('',#194,.F.);
#194 = EDGE_LOOP('',(#195,#205,#211,#212,#213,#222,#230,#238));
#195 = ORIENTED_EDGE('',*,*,#196,.F.);
#196 = EDGE_CURVE('',#197,#199,#201,.T.);
#197 = VERTEX_POINT('',#198);
#198 = CARTESIAN_POINT('',(-2.45,2.9,0.));
#199 = VERTEX_POINT('',#200);
#200 = CARTESIAN_POINT('',(-2.45,-2.35,0.));
#201 = LINE('',#202,#203);
#202 = CARTESIAN_POINT('',(-2.45,3.4,0.));
#203 = VECTOR('',#204,1.);
#204 = DIRECTION('',(0.,-1.,0.));
#205 = ORIENTED_EDGE('',*,*,#206,.T.);
#206 = EDGE_CURVE('',#197,#111,#207,.T.);
#207 = LINE('',#208,#209);
#208 = CARTESIAN_POINT('',(-2.45,2.9,0.));
#209 = VECTOR('',#210,1.);
#210 = DIRECTION('',(0.,0.,1.));
#211 = ORIENTED_EDGE('',*,*,#119,.T.);
#212 = ORIENTED_EDGE('',*,*,#134,.T.);
#213 = ORIENTED_EDGE('',*,*,#214,.T.);
#214 = EDGE_CURVE('',#135,#215,#217,.T.);
#215 = VERTEX_POINT('',#216);
#216 = CARTESIAN_POINT('',(-2.45,-1.549999999998,4.749999999997));
#217 = CIRCLE('',#218,0.849999999998);
#218 = AXIS2_PLACEMENT_3D('',#219,#220,#221);
#219 = CARTESIAN_POINT('',(-2.45,-0.7,4.749999999998));
#220 = DIRECTION('',(-1.,0.,0.));
#221 = DIRECTION('',(0.,1.,0.));
#222 = ORIENTED_EDGE('',*,*,#223,.T.);
#223 = EDGE_CURVE('',#215,#224,#226,.T.);
#224 = VERTEX_POINT('',#225);
#225 = CARTESIAN_POINT('',(-2.45,-1.549999999998,7.));
#226 = LINE('',#227,#228);
#227 = CARTESIAN_POINT('',(-2.45,-1.549999999998,3.5));
#228 = VECTOR('',#229,1.);
#229 = DIRECTION('',(0.,0.,1.));
#230 = ORIENTED_EDGE('',*,*,#231,.T.);
#231 = EDGE_CURVE('',#224,#232,#234,.T.);
#232 = VERTEX_POINT('',#233);
#233 = CARTESIAN_POINT('',(-2.45,-2.35,7.));
#234 = LINE('',#235,#236);
#235 = CARTESIAN_POINT('',(-2.45,3.4,7.));
#236 = VECTOR('',#237,1.);
#237 = DIRECTION('',(0.,-1.,0.));
#238 = ORIENTED_EDGE('',*,*,#239,.F.);
#239 = EDGE_CURVE('',#199,#232,#240,.T.);
#240 = LINE('',#241,#242);
#241 = CARTESIAN_POINT('',(-2.45,-2.35,0.));
#242 = VECTOR('',#243,1.);
#243 = DIRECTION('',(0.,0.,1.));
#244 = PLANE('',#245);
#245 = AXIS2_PLACEMENT_3D('',#246,#247,#248);
#246 = CARTESIAN_POINT('',(-2.45,3.4,0.));
#247 = DIRECTION('',(1.,0.,0.));
#248 = DIRECTION('',(0.,-1.,0.));
#249 = ADVANCED_FACE('',(#250),#268,.T.);
#250 = FACE_BOUND('',#251,.F.);
#251 = EDGE_LOOP('',(#252,#253,#254,#262));
#252 = ORIENTED_EDGE('',*,*,#172,.F.);
#253 = ORIENTED_EDGE('',*,*,#61,.T.);
#254 = ORIENTED_EDGE('',*,*,#255,.T.);
#255 = EDGE_CURVE('',#62,#256,#258,.T.);
#256 = VERTEX_POINT('',#257);
#257 = CARTESIAN_POINT('',(16.7,2.65,6.5));
#258 = LINE('',#259,#260);
#259 = CARTESIAN_POINT('',(14.893023255814,0.843023255814,3.488372093023
    ));
#260 = VECTOR('',#261,1.);
#261 = DIRECTION('',(-0.457495710998,-0.457495710998,-0.762492851663));
#262 = ORIENTED_EDGE('',*,*,#263,.F.);
#263 = EDGE_CURVE('',#173,#256,#264,.T.);
#264 = LINE('',#265,#266);
#265 = CARTESIAN_POINT('',(-1.7,2.65,6.5));
#266 = VECTOR('',#267,1.);
#267 = DIRECTION('',(1.,0.,0.));
#268 = PLANE('',#269);
#269 = AXIS2_PLACEMENT_3D('',#270,#271,#272);
#270 = CARTESIAN_POINT('',(-1.7,2.8,6.75));
#271 = DIRECTION('',(-3.475340006926E-18,-0.857492925713,0.514495755428)
  );
#272 = DIRECTION('',(-1.,2.980079470385E-18,-1.788047682231E-18));
#273 = ADVANCED_FACE('',(#274),#293,.T.);
#274 = FACE_BOUND('',#275,.F.);
#275 = EDGE_LOOP('',(#276,#285,#291,#292));
#276 = ORIENTED_EDGE('',*,*,#277,.T.);
#277 = EDGE_CURVE('',#197,#278,#280,.T.);
#278 = VERTEX_POINT('',#279);
#279 = CARTESIAN_POINT('',(-1.95,3.4,0.));
#280 = CIRCLE('',#281,0.5);
#281 = AXIS2_PLACEMENT_3D('',#282,#283,#284);
#282 = CARTESIAN_POINT('',(-1.95,2.9,0.));
#283 = DIRECTION('',(-0.,-0.,-1.));
#284 = DIRECTION('',(0.,-1.,0.));
#285 = ORIENTED_EDGE('',*,*,#286,.T.);
#286 = EDGE_CURVE('',#278,#103,#287,.T.);
#287 = LINE('',#288,#289);
#288 = CARTESIAN_POINT('',(-1.95,3.4,0.));
#289 = VECTOR('',#290,1.);
#290 = DIRECTION('',(0.,0.,1.));
#291 = ORIENTED_EDGE('',*,*,#110,.F.);
#292 = ORIENTED_EDGE('',*,*,#206,.F.);
#293 = CYLINDRICAL_SURFACE('',#294,0.5);
#294 = AXIS2_PLACEMENT_3D('',#295,#296,#297);
#295 = CARTESIAN_POINT('',(-1.95,2.9,0.));
#296 = DIRECTION('',(0.,0.,1.));
#297 = DIRECTION('',(-1.,0.,0.));
#298 = ADVANCED_FACE('',(#299),#317,.F.);
#299 = FACE_BOUND('',#300,.F.);
#300 = EDGE_LOOP('',(#301,#302,#303,#311));
#301 = ORIENTED_EDGE('',*,*,#255,.F.);
#302 = ORIENTED_EDGE('',*,*,#69,.T.);
#303 = ORIENTED_EDGE('',*,*,#304,.T.);
#304 = EDGE_CURVE('',#70,#305,#307,.T.);
#305 = VERTEX_POINT('',#306);
#306 = CARTESIAN_POINT('',(16.7,-0.7,6.5));
#307 = LINE('',#308,#309);
#308 = CARTESIAN_POINT('',(13.329411764706,-0.7,0.882352941176));
#309 = VECTOR('',#310,1.);
#310 = DIRECTION('',(-0.514495755428,-0.,-0.857492925713));
#311 = ORIENTED_EDGE('',*,*,#312,.F.);
#312 = EDGE_CURVE('',#256,#305,#313,.T.);
#313 = LINE('',#314,#315);
#314 = CARTESIAN_POINT('',(16.7,2.65,6.5));
#315 = VECTOR('',#316,1.);
#316 = DIRECTION('',(0.,-1.,0.));
#317 = PLANE('',#318);
#318 = AXIS2_PLACEMENT_3D('',#319,#320,#321);
#319 = CARTESIAN_POINT('',(16.85,2.65,6.75));
#320 = DIRECTION('',(0.857492925713,3.475340006926E-18,-0.514495755428)
  );
#321 = DIRECTION('',(2.980079470385E-18,-1.,-1.788047682231E-18));
#322 = ADVANCED_FACE('',(#323),#565,.F.);
#323 = FACE_BOUND('',#324,.F.);
#324 = EDGE_LOOP('',(#325,#335,#341,#342,#343,#351,#359,#367,#375,#383,
    #391,#399,#407,#415,#423,#431,#439,#447,#455,#463,#471,#479,#487,
    #495,#503,#511,#519,#527,#535,#543,#551,#559));
#325 = ORIENTED_EDGE('',*,*,#326,.F.);
#326 = EDGE_CURVE('',#327,#329,#331,.T.);
#327 = VERTEX_POINT('',#328);
#328 = CARTESIAN_POINT('',(16.95,3.4,0.));
#329 = VERTEX_POINT('',#330);
#330 = CARTESIAN_POINT('',(15.95,3.4,0.));
#331 = LINE('',#332,#333);
#332 = CARTESIAN_POINT('',(17.45,3.4,0.));
#333 = VECTOR('',#334,1.);
#334 = DIRECTION('',(-1.,0.,0.));
#335 = ORIENTED_EDGE('',*,*,#336,.T.);
#336 = EDGE_CURVE('',#327,#94,#337,.T.);
#337 = LINE('',#338,#339);
#338 = CARTESIAN_POINT('',(16.95,3.4,0.));
#339 = VECTOR('',#340,1.);
#340 = DIRECTION('',(0.,0.,1.));
#341 = ORIENTED_EDGE('',*,*,#102,.T.);
#342 = ORIENTED_EDGE('',*,*,#286,.F.);
#343 = ORIENTED_EDGE('',*,*,#344,.F.);
#344 = EDGE_CURVE('',#345,#278,#347,.T.);
#345 = VERTEX_POINT('',#346);
#346 = CARTESIAN_POINT('',(-0.95,3.4,0.));
#347 = LINE('',#348,#349);
#348 = CARTESIAN_POINT('',(17.45,3.4,0.));
#349 = VECTOR('',#350,1.);
#350 = DIRECTION('',(-1.,0.,0.));
#351 = ORIENTED_EDGE('',*,*,#352,.F.);
#352 = EDGE_CURVE('',#353,#345,#355,.T.);
#353 = VERTEX_POINT('',#354);
#354 = CARTESIAN_POINT('',(-0.95,3.4,0.9));
#355 = LINE('',#356,#357);
#356 = CARTESIAN_POINT('',(-0.95,3.4,0.9));
#357 = VECTOR('',#358,1.);
#358 = DIRECTION('',(0.,0.,-1.));
#359 = ORIENTED_EDGE('',*,*,#360,.F.);
#360 = EDGE_CURVE('',#361,#353,#363,.T.);
#361 = VERTEX_POINT('',#362);
#362 = CARTESIAN_POINT('',(0.95,3.4,0.9));
#363 = LINE('',#364,#365);
#364 = CARTESIAN_POINT('',(0.95,3.4,0.9));
#365 = VECTOR('',#366,1.);
#366 = DIRECTION('',(-1.,-0.,-0.));
#367 = ORIENTED_EDGE('',*,*,#368,.T.);
#368 = EDGE_CURVE('',#361,#369,#371,.T.);
#369 = VERTEX_POINT('',#370);
#370 = CARTESIAN_POINT('',(0.95,3.4,0.));
#371 = LINE('',#372,#373);
#372 = CARTESIAN_POINT('',(0.95,3.4,0.9));
#373 = VECTOR('',#374,1.);
#374 = DIRECTION('',(0.,0.,-1.));
#375 = ORIENTED_EDGE('',*,*,#376,.F.);
#376 = EDGE_CURVE('',#377,#369,#379,.T.);
#377 = VERTEX_POINT('',#378);
#378 = CARTESIAN_POINT('',(1.55,3.4,0.));
#379 = LINE('',#380,#381);
#380 = CARTESIAN_POINT('',(17.45,3.4,0.));
#381 = VECTOR('',#382,1.);
#382 = DIRECTION('',(-1.,0.,0.));
#383 = ORIENTED_EDGE('',*,*,#384,.F.);
#384 = EDGE_CURVE('',#385,#377,#387,.T.);
#385 = VERTEX_POINT('',#386);
#386 = CARTESIAN_POINT('',(1.55,3.4,0.9));
#387 = LINE('',#388,#389);
#388 = CARTESIAN_POINT('',(1.55,3.4,0.9));
#389 = VECTOR('',#390,1.);
#390 = DIRECTION('',(0.,0.,-1.));
#391 = ORIENTED_EDGE('',*,*,#392,.F.);
#392 = EDGE_CURVE('',#393,#385,#395,.T.);
#393 = VERTEX_POINT('',#394);
#394 = CARTESIAN_POINT('',(3.45,3.4,0.9));
#395 = LINE('',#396,#397);
#396 = CARTESIAN_POINT('',(3.45,3.4,0.9));
#397 = VECTOR('',#398,1.);
#398 = DIRECTION('',(-1.,-0.,-0.));
#399 = ORIENTED_EDGE('',*,*,#400,.T.);
#400 = EDGE_CURVE('',#393,#401,#403,.T.);
#401 = VERTEX_POINT('',#402);
#402 = CARTESIAN_POINT('',(3.45,3.4,0.));
#403 = LINE('',#404,#405);
#404 = CARTESIAN_POINT('',(3.45,3.4,0.9));
#405 = VECTOR('',#406,1.);
#406 = DIRECTION('',(0.,0.,-1.));
#407 = ORIENTED_EDGE('',*,*,#408,.F.);
#408 = EDGE_CURVE('',#409,#401,#411,.T.);
#409 = VERTEX_POINT('',#410);
#410 = CARTESIAN_POINT('',(4.05,3.4,0.));
#411 = LINE('',#412,#413);
#412 = CARTESIAN_POINT('',(17.45,3.4,0.));
#413 = VECTOR('',#414,1.);
#414 = DIRECTION('',(-1.,0.,0.));
#415 = ORIENTED_EDGE('',*,*,#416,.F.);
#416 = EDGE_CURVE('',#417,#409,#419,.T.);
#417 = VERTEX_POINT('',#418);
#418 = CARTESIAN_POINT('',(4.05,3.4,0.9));
#419 = LINE('',#420,#421);
#420 = CARTESIAN_POINT('',(4.05,3.4,0.9));
#421 = VECTOR('',#422,1.);
#422 = DIRECTION('',(0.,0.,-1.));
#423 = ORIENTED_EDGE('',*,*,#424,.F.);
#424 = EDGE_CURVE('',#425,#417,#427,.T.);
#425 = VERTEX_POINT('',#426);
#426 = CARTESIAN_POINT('',(5.95,3.4,0.9));
#427 = LINE('',#428,#429);
#428 = CARTESIAN_POINT('',(5.95,3.4,0.9));
#429 = VECTOR('',#430,1.);
#430 = DIRECTION('',(-1.,-0.,-0.));
#431 = ORIENTED_EDGE('',*,*,#432,.T.);
#432 = EDGE_CURVE('',#425,#433,#435,.T.);
#433 = VERTEX_POINT('',#434);
#434 = CARTESIAN_POINT('',(5.95,3.4,0.));
#435 = LINE('',#436,#437);
#436 = CARTESIAN_POINT('',(5.95,3.4,0.9));
#437 = VECTOR('',#438,1.);
#438 = DIRECTION('',(0.,0.,-1.));
#439 = ORIENTED_EDGE('',*,*,#440,.F.);
#440 = EDGE_CURVE('',#441,#433,#443,.T.);
#441 = VERTEX_POINT('',#442);
#442 = CARTESIAN_POINT('',(6.55,3.4,0.));
#443 = LINE('',#444,#445);
#444 = CARTESIAN_POINT('',(17.45,3.4,0.));
#445 = VECTOR('',#446,1.);
#446 = DIRECTION('',(-1.,0.,0.));
#447 = ORIENTED_EDGE('',*,*,#448,.F.);
#448 = EDGE_CURVE('',#449,#441,#451,.T.);
#449 = VERTEX_POINT('',#450);
#450 = CARTESIAN_POINT('',(6.55,3.4,0.9));
#451 = LINE('',#452,#453);
#452 = CARTESIAN_POINT('',(6.55,3.4,0.9));
#453 = VECTOR('',#454,1.);
#454 = DIRECTION('',(0.,0.,-1.));
#455 = ORIENTED_EDGE('',*,*,#456,.F.);
#456 = EDGE_CURVE('',#457,#449,#459,.T.);
#457 = VERTEX_POINT('',#458);
#458 = CARTESIAN_POINT('',(8.45,3.4,0.9));
#459 = LINE('',#460,#461);
#460 = CARTESIAN_POINT('',(8.45,3.4,0.9));
#461 = VECTOR('',#462,1.);
#462 = DIRECTION('',(-1.,-0.,-0.));
#463 = ORIENTED_EDGE('',*,*,#464,.T.);
#464 = EDGE_CURVE('',#457,#465,#467,.T.);
#465 = VERTEX_POINT('',#466);
#466 = CARTESIAN_POINT('',(8.45,3.4,0.));
#467 = LINE('',#468,#469);
#468 = CARTESIAN_POINT('',(8.45,3.4,0.9));
#469 = VECTOR('',#470,1.);
#470 = DIRECTION('',(0.,0.,-1.));
#471 = ORIENTED_EDGE('',*,*,#472,.F.);
#472 = EDGE_CURVE('',#473,#465,#475,.T.);
#473 = VERTEX_POINT('',#474);
#474 = CARTESIAN_POINT('',(9.05,3.4,0.));
#475 = LINE('',#476,#477);
#476 = CARTESIAN_POINT('',(17.45,3.4,0.));
#477 = VECTOR('',#478,1.);
#478 = DIRECTION('',(-1.,0.,0.));
#479 = ORIENTED_EDGE('',*,*,#480,.F.);
#480 = EDGE_CURVE('',#481,#473,#483,.T.);
#481 = VERTEX_POINT('',#482);
#482 = CARTESIAN_POINT('',(9.05,3.4,0.9));
#483 = LINE('',#484,#485);
#484 = CARTESIAN_POINT('',(9.05,3.4,0.9));
#485 = VECTOR('',#486,1.);
#486 = DIRECTION('',(0.,0.,-1.));
#487 = ORIENTED_EDGE('',*,*,#488,.F.);
#488 = EDGE_CURVE('',#489,#481,#491,.T.);
#489 = VERTEX_POINT('',#490);
#490 = CARTESIAN_POINT('',(10.95,3.4,0.9));
#491 = LINE('',#492,#493);
#492 = CARTESIAN_POINT('',(10.95,3.4,0.9));
#493 = VECTOR('',#494,1.);
#494 = DIRECTION('',(-1.,-0.,-0.));
#495 = ORIENTED_EDGE('',*,*,#496,.T.);
#496 = EDGE_CURVE('',#489,#497,#499,.T.);
#497 = VERTEX_POINT('',#498);
#498 = CARTESIAN_POINT('',(10.95,3.4,0.));
#499 = LINE('',#500,#501);
#500 = CARTESIAN_POINT('',(10.95,3.4,0.9));
#501 = VECTOR('',#502,1.);
#502 = DIRECTION('',(0.,0.,-1.));
#503 = ORIENTED_EDGE('',*,*,#504,.F.);
#504 = EDGE_CURVE('',#505,#497,#507,.T.);
#505 = VERTEX_POINT('',#506);
#506 = CARTESIAN_POINT('',(11.55,3.4,0.));
#507 = LINE('',#508,#509);
#508 = CARTESIAN_POINT('',(17.45,3.4,0.));
#509 = VECTOR('',#510,1.);
#510 = DIRECTION('',(-1.,0.,0.));
#511 = ORIENTED_EDGE('',*,*,#512,.F.);
#512 = EDGE_CURVE('',#513,#505,#515,.T.);
#513 = VERTEX_POINT('',#514);
#514 = CARTESIAN_POINT('',(11.55,3.4,0.9));
#515 = LINE('',#516,#517);
#516 = CARTESIAN_POINT('',(11.55,3.4,0.9));
#517 = VECTOR('',#518,1.);
#518 = DIRECTION('',(0.,0.,-1.));
#519 = ORIENTED_EDGE('',*,*,#520,.F.);
#520 = EDGE_CURVE('',#521,#513,#523,.T.);
#521 = VERTEX_POINT('',#522);
#522 = CARTESIAN_POINT('',(13.45,3.4,0.9));
#523 = LINE('',#524,#525);
#524 = CARTESIAN_POINT('',(13.45,3.4,0.9));
#525 = VECTOR('',#526,1.);
#526 = DIRECTION('',(-1.,-0.,-0.));
#527 = ORIENTED_EDGE('',*,*,#528,.T.);
#528 = EDGE_CURVE('',#521,#529,#531,.T.);
#529 = VERTEX_POINT('',#530);
#530 = CARTESIAN_POINT('',(13.45,3.4,0.));
#531 = LINE('',#532,#533);
#532 = CARTESIAN_POINT('',(13.45,3.4,0.9));
#533 = VECTOR('',#534,1.);
#534 = DIRECTION('',(0.,0.,-1.));
#535 = ORIENTED_EDGE('',*,*,#536,.F.);
#536 = EDGE_CURVE('',#537,#529,#539,.T.);
#537 = VERTEX_POINT('',#538);
#538 = CARTESIAN_POINT('',(14.05,3.4,0.));
#539 = LINE('',#540,#541);
#540 = CARTESIAN_POINT('',(17.45,3.4,0.));
#541 = VECTOR('',#542,1.);
#542 = DIRECTION('',(-1.,0.,0.));
#543 = ORIENTED_EDGE('',*,*,#544,.F.);
#544 = EDGE_CURVE('',#545,#537,#547,.T.);
#545 = VERTEX_POINT('',#546);
#546 = CARTESIAN_POINT('',(14.05,3.4,0.9));
#547 = LINE('',#548,#549);
#548 = CARTESIAN_POINT('',(14.05,3.4,0.9));
#549 = VECTOR('',#550,1.);
#550 = DIRECTION('',(0.,0.,-1.));
#551 = ORIENTED_EDGE('',*,*,#552,.F.);
#552 = EDGE_CURVE('',#553,#545,#555,.T.);
#553 = VERTEX_POINT('',#554);
#554 = CARTESIAN_POINT('',(15.95,3.4,0.9));
#555 = LINE('',#556,#557);
#556 = CARTESIAN_POINT('',(15.95,3.4,0.9));
#557 = VECTOR('',#558,1.);
#558 = DIRECTION('',(-1.,-0.,-0.));
#559 = ORIENTED_EDGE('',*,*,#560,.T.);
#560 = EDGE_CURVE('',#553,#329,#561,.T.);
#561 = LINE('',#562,#563);
#562 = CARTESIAN_POINT('',(15.95,3.4,0.9));
#563 = VECTOR('',#564,1.);
#564 = DIRECTION('',(0.,0.,-1.));
#565 = PLANE('',#566);
#566 = AXIS2_PLACEMENT_3D('',#567,#568,#569);
#567 = CARTESIAN_POINT('',(17.45,3.4,0.));
#568 = DIRECTION('',(0.,-1.,0.));
#569 = DIRECTION('',(-1.,0.,0.));
#570 = ADVANCED_FACE('',(#571),#597,.T.);
#571 = FACE_BOUND('',#572,.T.);
#572 = EDGE_LOOP('',(#573,#581,#589,#595,#596));
#573 = ORIENTED_EDGE('',*,*,#574,.T.);
#574 = EDGE_CURVE('',#305,#575,#577,.T.);
#575 = VERTEX_POINT('',#576);
#576 = CARTESIAN_POINT('',(16.7,-0.7,3.9));
#577 = LINE('',#578,#579);
#578 = CARTESIAN_POINT('',(16.7,-0.7,4.067949337881));
#579 = VECTOR('',#580,1.);
#580 = DIRECTION('',(0.,0.,-1.));
#581 = ORIENTED_EDGE('',*,*,#582,.T.);
#582 = EDGE_CURVE('',#575,#583,#585,.T.);
#583 = VERTEX_POINT('',#584);
#584 = CARTESIAN_POINT('',(17.45,-0.7,3.9));
#585 = LINE('',#586,#587);
#586 = CARTESIAN_POINT('',(-5.,-0.7,3.9));
#587 = VECTOR('',#588,1.);
#588 = DIRECTION('',(1.,0.,0.));
#589 = ORIENTED_EDGE('',*,*,#590,.T.);
#590 = EDGE_CURVE('',#583,#78,#591,.T.);
#591 = LINE('',#592,#593);
#592 = CARTESIAN_POINT('',(17.45,-0.7,1.95));
#593 = VECTOR('',#594,1.);
#594 = DIRECTION('',(0.,0.,1.));
#595 = ORIENTED_EDGE('',*,*,#77,.F.);
#596 = ORIENTED_EDGE('',*,*,#304,.T.);
#597 = PLANE('',#598);
#598 = AXIS2_PLACEMENT_3D('',#599,#600,#601);
#599 = CARTESIAN_POINT('',(-5.,-0.7,3.9));
#600 = DIRECTION('',(0.,-1.,0.));
#601 = DIRECTION('',(0.,0.,1.));
#602 = ADVANCED_FACE('',(#603),#622,.T.);
#603 = FACE_BOUND('',#604,.T.);
#604 = EDGE_LOOP('',(#605,#614,#615,#616));
#605 = ORIENTED_EDGE('',*,*,#606,.T.);
#606 = EDGE_CURVE('',#607,#327,#609,.T.);
#607 = VERTEX_POINT('',#608);
#608 = CARTESIAN_POINT('',(17.45,2.9,0.));
#609 = CIRCLE('',#610,0.5);
#610 = AXIS2_PLACEMENT_3D('',#611,#612,#613);
#611 = CARTESIAN_POINT('',(16.95,2.9,0.));
#612 = DIRECTION('',(-0.,0.,1.));
#613 = DIRECTION('',(0.,-1.,0.));
#614 = ORIENTED_EDGE('',*,*,#336,.T.);
#615 = ORIENTED_EDGE('',*,*,#93,.F.);
#616 = ORIENTED_EDGE('',*,*,#617,.F.);
#617 = EDGE_CURVE('',#607,#86,#618,.T.);
#618 = LINE('',#619,#620);
#619 = CARTESIAN_POINT('',(17.45,2.9,0.));
#620 = VECTOR('',#621,1.);
#621 = DIRECTION('',(0.,0.,1.));
#622 = CYLINDRICAL_SURFACE('',#623,0.5);
#623 = AXIS2_PLACEMENT_3D('',#624,#625,#626);
#624 = CARTESIAN_POINT('',(16.95,2.9,0.));
#625 = DIRECTION('',(0.,0.,1.));
#626 = DIRECTION('',(1.,0.,0.));
#627 = ADVANCED_FACE('',(#628),#672,.F.);
#628 = FACE_BOUND('',#629,.F.);
#629 = EDGE_LOOP('',(#630,#638,#646,#654,#662,#669,#670,#671));
#630 = ORIENTED_EDGE('',*,*,#631,.F.);
#631 = EDGE_CURVE('',#632,#607,#634,.T.);
#632 = VERTEX_POINT('',#633);
#633 = CARTESIAN_POINT('',(17.45,-2.35,0.));
#634 = LINE('',#635,#636);
#635 = CARTESIAN_POINT('',(17.45,-2.35,0.));
#636 = VECTOR('',#637,1.);
#637 = DIRECTION('',(0.,1.,0.));
#638 = ORIENTED_EDGE('',*,*,#639,.T.);
#639 = EDGE_CURVE('',#632,#640,#642,.T.);
#640 = VERTEX_POINT('',#641);
#641 = CARTESIAN_POINT('',(17.45,-2.35,7.));
#642 = LINE('',#643,#644);
#643 = CARTESIAN_POINT('',(17.45,-2.35,0.));
#644 = VECTOR('',#645,1.);
#645 = DIRECTION('',(0.,0.,1.));
#646 = ORIENTED_EDGE('',*,*,#647,.T.);
#647 = EDGE_CURVE('',#640,#648,#650,.T.);
#648 = VERTEX_POINT('',#649);
#649 = CARTESIAN_POINT('',(17.45,-1.549999999998,7.));
#650 = LINE('',#651,#652);
#651 = CARTESIAN_POINT('',(17.45,-2.35,7.));
#652 = VECTOR('',#653,1.);
#653 = DIRECTION('',(0.,1.,0.));
#654 = ORIENTED_EDGE('',*,*,#655,.T.);
#655 = EDGE_CURVE('',#648,#656,#658,.T.);
#656 = VERTEX_POINT('',#657);
#657 = CARTESIAN_POINT('',(17.45,-1.549999999998,4.749999999997));
#658 = LINE('',#659,#660);
#659 = CARTESIAN_POINT('',(17.45,-1.549999999998,3.5));
#660 = VECTOR('',#661,1.);
#661 = DIRECTION('',(0.,0.,-1.));
#662 = ORIENTED_EDGE('',*,*,#663,.F.);
#663 = EDGE_CURVE('',#583,#656,#664,.T.);
#664 = CIRCLE('',#665,0.849999999998);
#665 = AXIS2_PLACEMENT_3D('',#666,#667,#668);
#666 = CARTESIAN_POINT('',(17.45,-0.7,4.749999999998));
#667 = DIRECTION('',(-1.,0.,0.));
#668 = DIRECTION('',(0.,1.,0.));
#669 = ORIENTED_EDGE('',*,*,#590,.T.);
#670 = ORIENTED_EDGE('',*,*,#85,.T.);
#671 = ORIENTED_EDGE('',*,*,#617,.F.);
#672 = PLANE('',#673);
#673 = AXIS2_PLACEMENT_3D('',#674,#675,#676);
#674 = CARTESIAN_POINT('',(17.45,-2.35,0.));
#675 = DIRECTION('',(-1.,0.,0.));
#676 = DIRECTION('',(0.,1.,0.));
#677 = ADVANCED_FACE('',(#678),#745,.T.);
#678 = FACE_BOUND('',#679,.T.);
#679 = EDGE_LOOP('',(#680,#681,#690,#698,#706,#714,#722,#730,#738,#744)
  );
#680 = ORIENTED_EDGE('',*,*,#150,.T.);
#681 = ORIENTED_EDGE('',*,*,#682,.T.);
#682 = EDGE_CURVE('',#143,#683,#685,.T.);
#683 = VERTEX_POINT('',#684);
#684 = CARTESIAN_POINT('',(-1.7,-1.549999999998,4.749999999997));
#685 = CIRCLE('',#686,0.849999999998);
#686 = AXIS2_PLACEMENT_3D('',#687,#688,#689);
#687 = CARTESIAN_POINT('',(-1.7,-0.7,4.749999999998));
#688 = DIRECTION('',(-1.,0.,0.));
#689 = DIRECTION('',(0.,1.,0.));
#690 = ORIENTED_EDGE('',*,*,#691,.T.);
#691 = EDGE_CURVE('',#683,#692,#694,.T.);
#692 = VERTEX_POINT('',#693);
#693 = CARTESIAN_POINT('',(-1.7,-1.549999999998,7.));
#694 = LINE('',#695,#696);
#695 = CARTESIAN_POINT('',(-1.7,-1.549999999998,5.617949337881));
#696 = VECTOR('',#697,1.);
#697 = DIRECTION('',(0.,0.,1.));
#698 = ORIENTED_EDGE('',*,*,#699,.T.);
#699 = EDGE_CURVE('',#692,#700,#702,.T.);
#700 = VERTEX_POINT('',#701);
#701 = CARTESIAN_POINT('',(-1.7,-1.6,7.));
#702 = LINE('',#703,#704);
#703 = CARTESIAN_POINT('',(-1.7,2.65,7.));
#704 = VECTOR('',#705,1.);
#705 = DIRECTION('',(0.,-1.,0.));
#706 = ORIENTED_EDGE('',*,*,#707,.T.);
#707 = EDGE_CURVE('',#700,#708,#710,.T.);
#708 = VERTEX_POINT('',#709);
#709 = CARTESIAN_POINT('',(-1.7,-1.6,1.9));
#710 = LINE('',#711,#712);
#711 = CARTESIAN_POINT('',(-1.7,-1.6,7.));
#712 = VECTOR('',#713,1.);
#713 = DIRECTION('',(0.,0.,-1.));
#714 = ORIENTED_EDGE('',*,*,#715,.T.);
#715 = EDGE_CURVE('',#708,#716,#718,.T.);
#716 = VERTEX_POINT('',#717);
#717 = CARTESIAN_POINT('',(-1.7,0.5,1.9));
#718 = LINE('',#719,#720);
#719 = CARTESIAN_POINT('',(-1.7,-1.6,1.9));
#720 = VECTOR('',#721,1.);
#721 = DIRECTION('',(0.,1.,0.));
#722 = ORIENTED_EDGE('',*,*,#723,.T.);
#723 = EDGE_CURVE('',#716,#724,#726,.T.);
#724 = VERTEX_POINT('',#725);
#725 = CARTESIAN_POINT('',(-1.7,0.875277674973,1.25));
#726 = LINE('',#727,#728);
#727 = CARTESIAN_POINT('',(-1.7,0.5,1.9));
#728 = VECTOR('',#729,1.);
#729 = DIRECTION('',(0.,0.5,-0.866025403784));
#730 = ORIENTED_EDGE('',*,*,#731,.T.);
#731 = EDGE_CURVE('',#724,#732,#734,.T.);
#732 = VERTEX_POINT('',#733);
#733 = CARTESIAN_POINT('',(-1.7,2.65,1.25));
#734 = LINE('',#735,#736);
#735 = CARTESIAN_POINT('',(-1.7,0.875277674973,1.25));
#736 = VECTOR('',#737,1.);
#737 = DIRECTION('',(0.,1.,0.));
#738 = ORIENTED_EDGE('',*,*,#739,.T.);
#739 = EDGE_CURVE('',#732,#173,#740,.T.);
#740 = LINE('',#741,#742);
#741 = CARTESIAN_POINT('',(-1.7,2.65,1.25));
#742 = VECTOR('',#743,1.);
#743 = DIRECTION('',(0.,0.,1.));
#744 = ORIENTED_EDGE('',*,*,#182,.T.);
#745 = PLANE('',#746);
#746 = AXIS2_PLACEMENT_3D('',#747,#748,#749);
#747 = CARTESIAN_POINT('',(-1.7,0.598118601855,4.235898675762));
#748 = DIRECTION('',(1.,0.,0.));
#749 = DIRECTION('',(0.,0.,1.));
#750 = ADVANCED_FACE('',(#751),#762,.F.);
#751 = FACE_BOUND('',#752,.T.);
#752 = EDGE_LOOP('',(#753,#754,#760,#761));
#753 = ORIENTED_EDGE('',*,*,#214,.T.);
#754 = ORIENTED_EDGE('',*,*,#755,.T.);
#755 = EDGE_CURVE('',#215,#683,#756,.T.);
#756 = LINE('',#757,#758);
#757 = CARTESIAN_POINT('',(-5.,-1.549999999998,4.749999999997));
#758 = VECTOR('',#759,1.);
#759 = DIRECTION('',(1.,0.,0.));
#760 = ORIENTED_EDGE('',*,*,#682,.F.);
#761 = ORIENTED_EDGE('',*,*,#142,.F.);
#762 = CYLINDRICAL_SURFACE('',#763,0.849999999998);
#763 = AXIS2_PLACEMENT_3D('',#764,#765,#766);
#764 = CARTESIAN_POINT('',(-5.,-0.7,4.749999999998));
#765 = DIRECTION('',(-1.,-0.,-0.));
#766 = DIRECTION('',(0.,1.,0.));
#767 = ADVANCED_FACE('',(#768),#787,.F.);
#768 = FACE_BOUND('',#769,.F.);
#769 = EDGE_LOOP('',(#770,#771,#779,#785,#786));
#770 = ORIENTED_EDGE('',*,*,#196,.T.);
#771 = ORIENTED_EDGE('',*,*,#772,.T.);
#772 = EDGE_CURVE('',#199,#773,#775,.T.);
#773 = VERTEX_POINT('',#774);
#774 = CARTESIAN_POINT('',(-0.95,-2.35,0.));
#775 = LINE('',#776,#777);
#776 = CARTESIAN_POINT('',(-2.45,-2.35,0.));
#777 = VECTOR('',#778,1.);
#778 = DIRECTION('',(1.,0.,0.));
#779 = ORIENTED_EDGE('',*,*,#780,.F.);
#780 = EDGE_CURVE('',#345,#773,#781,.T.);
#781 = LINE('',#782,#783);
#782 = CARTESIAN_POINT('',(-0.95,3.4,0.));
#783 = VECTOR('',#784,1.);
#784 = DIRECTION('',(0.,-1.,0.));
#785 = ORIENTED_EDGE('',*,*,#344,.T.);
#786 = ORIENTED_EDGE('',*,*,#277,.F.);
#787 = PLANE('',#788);
#788 = AXIS2_PLACEMENT_3D('',#789,#790,#791);
#789 = CARTESIAN_POINT('',(7.5,0.525,0.));
#790 = DIRECTION('',(0.,0.,1.));
#791 = DIRECTION('',(1.,0.,0.));
#792 = ADVANCED_FACE('',(#793),#1156,.F.);
#793 = FACE_BOUND('',#794,.F.);
#794 = EDGE_LOOP('',(#795,#796,#797,#805,#813,#821,#829,#837,#846,#854,
    #862,#870,#878,#886,#895,#903,#911,#919,#927,#933,#934,#942,#950,
    #958,#966,#974,#982,#990,#998,#1006,#1014,#1022,#1030,#1038,#1046,
    #1054,#1062,#1070,#1078,#1086,#1094,#1102,#1110,#1118,#1126,#1134,
    #1142,#1150));
#795 = ORIENTED_EDGE('',*,*,#772,.F.);
#796 = ORIENTED_EDGE('',*,*,#239,.T.);
#797 = ORIENTED_EDGE('',*,*,#798,.T.);
#798 = EDGE_CURVE('',#232,#799,#801,.T.);
#799 = VERTEX_POINT('',#800);
#800 = CARTESIAN_POINT('',(-0.8,-2.35,7.));
#801 = LINE('',#802,#803);
#802 = CARTESIAN_POINT('',(-2.45,-2.35,7.));
#803 = VECTOR('',#804,1.);
#804 = DIRECTION('',(1.,0.,0.));
#805 = ORIENTED_EDGE('',*,*,#806,.F.);
#806 = EDGE_CURVE('',#807,#799,#809,.T.);
#807 = VERTEX_POINT('',#808);
#808 = CARTESIAN_POINT('',(-0.8,-2.35,6.8));
#809 = LINE('',#810,#811);
#810 = CARTESIAN_POINT('',(-0.8,-2.35,3.4));
#811 = VECTOR('',#812,1.);
#812 = DIRECTION('',(0.,0.,1.));
#813 = ORIENTED_EDGE('',*,*,#814,.F.);
#814 = EDGE_CURVE('',#815,#807,#817,.T.);
#815 = VERTEX_POINT('',#816);
#816 = CARTESIAN_POINT('',(-0.4,-2.35,6.4));
#817 = LINE('',#818,#819);
#818 = CARTESIAN_POINT('',(0.6875,-2.35,5.3125));
#819 = VECTOR('',#820,1.);
#820 = DIRECTION('',(-0.707106781187,0.,0.707106781187));
#821 = ORIENTED_EDGE('',*,*,#822,.F.);
#822 = EDGE_CURVE('',#823,#815,#825,.T.);
#823 = VERTEX_POINT('',#824);
#824 = CARTESIAN_POINT('',(-0.8,-2.35,6.));
#825 = LINE('',#826,#827);
#826 = CARTESIAN_POINT('',(-2.7125,-2.35,4.0875));
#827 = VECTOR('',#828,1.);
#828 = DIRECTION('',(0.707106781187,0.,0.707106781187));
#829 = ORIENTED_EDGE('',*,*,#830,.F.);
#830 = EDGE_CURVE('',#831,#823,#833,.T.);
#831 = VERTEX_POINT('',#832);
#832 = CARTESIAN_POINT('',(-0.8,-2.35,3.9));
#833 = LINE('',#834,#835);
#834 = CARTESIAN_POINT('',(-0.8,-2.35,1.95));
#835 = VECTOR('',#836,1.);
#836 = DIRECTION('',(0.,0.,1.));
#837 = ORIENTED_EDGE('',*,*,#838,.F.);
#838 = EDGE_CURVE('',#839,#831,#841,.T.);
#839 = VERTEX_POINT('',#840);
#840 = CARTESIAN_POINT('',(-0.1,-2.35,3.2));
#841 = CIRCLE('',#842,0.7);
#842 = AXIS2_PLACEMENT_3D('',#843,#844,#845);
#843 = CARTESIAN_POINT('',(-0.1,-2.35,3.9));
#844 = DIRECTION('',(0.,1.,-2.22044604925E-16));
#845 = DIRECTION('',(1.,0.,0.));
#846 = ORIENTED_EDGE('',*,*,#847,.F.);
#847 = EDGE_CURVE('',#848,#839,#850,.T.);
#848 = VERTEX_POINT('',#849);
#849 = CARTESIAN_POINT('',(1.05,-2.35,3.2));
#850 = LINE('',#851,#852);
#851 = CARTESIAN_POINT('',(-0.7,-2.35,3.2));
#852 = VECTOR('',#853,1.);
#853 = DIRECTION('',(-1.,0.,0.));
#854 = ORIENTED_EDGE('',*,*,#855,.F.);
#855 = EDGE_CURVE('',#856,#848,#858,.T.);
#856 = VERTEX_POINT('',#857);
#857 = CARTESIAN_POINT('',(1.05,-2.35,7.));
#858 = LINE('',#859,#860);
#859 = CARTESIAN_POINT('',(1.05,-2.35,3.5));
#860 = VECTOR('',#861,1.);
#861 = DIRECTION('',(0.,0.,-1.));
#862 = ORIENTED_EDGE('',*,*,#863,.T.);
#863 = EDGE_CURVE('',#856,#864,#866,.T.);
#864 = VERTEX_POINT('',#865);
#865 = CARTESIAN_POINT('',(13.95,-2.35,7.));
#866 = LINE('',#867,#868);
#867 = CARTESIAN_POINT('',(-2.45,-2.35,7.));
#868 = VECTOR('',#869,1.);
#869 = DIRECTION('',(1.,0.,0.));
#870 = ORIENTED_EDGE('',*,*,#871,.T.);
#871 = EDGE_CURVE('',#864,#872,#874,.T.);
#872 = VERTEX_POINT('',#873);
#873 = CARTESIAN_POINT('',(13.95,-2.35,3.2));
#874 = LINE('',#875,#876);
#875 = CARTESIAN_POINT('',(13.95,-2.35,3.5));
#876 = VECTOR('',#877,1.);
#877 = DIRECTION('',(0.,0.,-1.));
#878 = ORIENTED_EDGE('',*,*,#879,.T.);
#879 = EDGE_CURVE('',#872,#880,#882,.T.);
#880 = VERTEX_POINT('',#881);
#881 = CARTESIAN_POINT('',(15.1,-2.35,3.2));
#882 = LINE('',#883,#884);
#883 = CARTESIAN_POINT('',(5.75,-2.35,3.2));
#884 = VECTOR('',#885,1.);
#885 = DIRECTION('',(1.,0.,0.));
#886 = ORIENTED_EDGE('',*,*,#887,.F.);
#887 = EDGE_CURVE('',#888,#880,#890,.T.);
#888 = VERTEX_POINT('',#889);
#889 = CARTESIAN_POINT('',(15.8,-2.35,3.9));
#890 = CIRCLE('',#891,0.7);
#891 = AXIS2_PLACEMENT_3D('',#892,#893,#894);
#892 = CARTESIAN_POINT('',(15.1,-2.35,3.9));
#893 = DIRECTION('',(0.,1.,-2.22044604925E-16));
#894 = DIRECTION('',(1.,0.,0.));
#895 = ORIENTED_EDGE('',*,*,#896,.T.);
#896 = EDGE_CURVE('',#888,#897,#899,.T.);
#897 = VERTEX_POINT('',#898);
#898 = CARTESIAN_POINT('',(15.8,-2.35,6.));
#899 = LINE('',#900,#901);
#900 = CARTESIAN_POINT('',(15.8,-2.35,1.95));
#901 = VECTOR('',#902,1.);
#902 = DIRECTION('',(0.,0.,1.));
#903 = ORIENTED_EDGE('',*,*,#904,.T.);
#904 = EDGE_CURVE('',#897,#905,#907,.T.);
#905 = VERTEX_POINT('',#906);
#906 = CARTESIAN_POINT('',(15.4,-2.35,6.4));
#907 = LINE('',#908,#909);
#908 = CARTESIAN_POINT('',(12.7375,-2.35,9.0625));
#909 = VECTOR('',#910,1.);
#910 = DIRECTION('',(-0.707106781187,0.,0.707106781187));
#911 = ORIENTED_EDGE('',*,*,#912,.T.);
#912 = EDGE_CURVE('',#905,#913,#915,.T.);
#913 = VERTEX_POINT('',#914);
#914 = CARTESIAN_POINT('',(15.8,-2.35,6.8));
#915 = LINE('',#916,#917);
#916 = CARTESIAN_POINT('',(9.3375,-2.35,0.3375));
#917 = VECTOR('',#918,1.);
#918 = DIRECTION('',(0.707106781187,0.,0.707106781187));
#919 = ORIENTED_EDGE('',*,*,#920,.T.);
#920 = EDGE_CURVE('',#913,#921,#923,.T.);
#921 = VERTEX_POINT('',#922);
#922 = CARTESIAN_POINT('',(15.8,-2.35,7.));
#923 = LINE('',#924,#925);
#924 = CARTESIAN_POINT('',(15.8,-2.35,3.4));
#925 = VECTOR('',#926,1.);
#926 = DIRECTION('',(-8.881784197001E-15,0.,1.));
#927 = ORIENTED_EDGE('',*,*,#928,.T.);
#928 = EDGE_CURVE('',#921,#640,#929,.T.);
#929 = LINE('',#930,#931);
#930 = CARTESIAN_POINT('',(-2.45,-2.35,7.));
#931 = VECTOR('',#932,1.);
#932 = DIRECTION('',(1.,0.,0.));
#933 = ORIENTED_EDGE('',*,*,#639,.F.);
#934 = ORIENTED_EDGE('',*,*,#935,.F.);
#935 = EDGE_CURVE('',#936,#632,#938,.T.);
#936 = VERTEX_POINT('',#937);
#937 = CARTESIAN_POINT('',(15.95,-2.35,0.));
#938 = LINE('',#939,#940);
#939 = CARTESIAN_POINT('',(-2.45,-2.35,0.));
#940 = VECTOR('',#941,1.);
#941 = DIRECTION('',(1.,0.,0.));
#942 = ORIENTED_EDGE('',*,*,#943,.T.);
#943 = EDGE_CURVE('',#936,#944,#946,.T.);
#944 = VERTEX_POINT('',#945);
#945 = CARTESIAN_POINT('',(15.95,-2.35,0.587106270774));
#946 = LINE('',#947,#948);
#947 = CARTESIAN_POINT('',(15.95,-2.35,0.));
#948 = VECTOR('',#949,1.);
#949 = DIRECTION('',(0.,0.,1.));
#950 = ORIENTED_EDGE('',*,*,#951,.T.);
#951 = EDGE_CURVE('',#944,#952,#954,.T.);
#952 = VERTEX_POINT('',#953);
#953 = CARTESIAN_POINT('',(14.05,-2.35,0.587106270774));
#954 = LINE('',#955,#956);
#955 = CARTESIAN_POINT('',(15.95,-2.35,0.587106270774));
#956 = VECTOR('',#957,1.);
#957 = DIRECTION('',(-1.,-0.,-0.));
#958 = ORIENTED_EDGE('',*,*,#959,.F.);
#959 = EDGE_CURVE('',#960,#952,#962,.T.);
#960 = VERTEX_POINT('',#961);
#961 = CARTESIAN_POINT('',(14.05,-2.35,0.));
#962 = LINE('',#963,#964);
#963 = CARTESIAN_POINT('',(14.05,-2.35,0.));
#964 = VECTOR('',#965,1.);
#965 = DIRECTION('',(0.,0.,1.));
#966 = ORIENTED_EDGE('',*,*,#967,.F.);
#967 = EDGE_CURVE('',#968,#960,#970,.T.);
#968 = VERTEX_POINT('',#969);
#969 = CARTESIAN_POINT('',(13.45,-2.35,0.));
#970 = LINE('',#971,#972);
#971 = CARTESIAN_POINT('',(-2.45,-2.35,0.));
#972 = VECTOR('',#973,1.);
#973 = DIRECTION('',(1.,0.,0.));
#974 = ORIENTED_EDGE('',*,*,#975,.T.);
#975 = EDGE_CURVE('',#968,#976,#978,.T.);
#976 = VERTEX_POINT('',#977);
#977 = CARTESIAN_POINT('',(13.45,-2.35,0.587106270774));
#978 = LINE('',#979,#980);
#979 = CARTESIAN_POINT('',(13.45,-2.35,0.));
#980 = VECTOR('',#981,1.);
#981 = DIRECTION('',(0.,0.,1.));
#982 = ORIENTED_EDGE('',*,*,#983,.T.);
#983 = EDGE_CURVE('',#976,#984,#986,.T.);
#984 = VERTEX_POINT('',#985);
#985 = CARTESIAN_POINT('',(11.55,-2.35,0.587106270774));
#986 = LINE('',#987,#988);
#987 = CARTESIAN_POINT('',(13.45,-2.35,0.587106270774));
#988 = VECTOR('',#989,1.);
#989 = DIRECTION('',(-1.,-0.,-0.));
#990 = ORIENTED_EDGE('',*,*,#991,.F.);
#991 = EDGE_CURVE('',#992,#984,#994,.T.);
#992 = VERTEX_POINT('',#993);
#993 = CARTESIAN_POINT('',(11.55,-2.35,0.));
#994 = LINE('',#995,#996);
#995 = CARTESIAN_POINT('',(11.55,-2.35,0.));
#996 = VECTOR('',#997,1.);
#997 = DIRECTION('',(0.,0.,1.));
#998 = ORIENTED_EDGE('',*,*,#999,.F.);
#999 = EDGE_CURVE('',#1000,#992,#1002,.T.);
#1000 = VERTEX_POINT('',#1001);
#1001 = CARTESIAN_POINT('',(10.95,-2.35,0.));
#1002 = LINE('',#1003,#1004);
#1003 = CARTESIAN_POINT('',(-2.45,-2.35,0.));
#1004 = VECTOR('',#1005,1.);
#1005 = DIRECTION('',(1.,0.,0.));
#1006 = ORIENTED_EDGE('',*,*,#1007,.T.);
#1007 = EDGE_CURVE('',#1000,#1008,#1010,.T.);
#1008 = VERTEX_POINT('',#1009);
#1009 = CARTESIAN_POINT('',(10.95,-2.35,0.587106270774));
#1010 = LINE('',#1011,#1012);
#1011 = CARTESIAN_POINT('',(10.95,-2.35,0.));
#1012 = VECTOR('',#1013,1.);
#1013 = DIRECTION('',(0.,0.,1.));
#1014 = ORIENTED_EDGE('',*,*,#1015,.T.);
#1015 = EDGE_CURVE('',#1008,#1016,#1018,.T.);
#1016 = VERTEX_POINT('',#1017);
#1017 = CARTESIAN_POINT('',(9.05,-2.35,0.587106270774));
#1018 = LINE('',#1019,#1020);
#1019 = CARTESIAN_POINT('',(10.95,-2.35,0.587106270774));
#1020 = VECTOR('',#1021,1.);
#1021 = DIRECTION('',(-1.,-0.,-0.));
#1022 = ORIENTED_EDGE('',*,*,#1023,.F.);
#1023 = EDGE_CURVE('',#1024,#1016,#1026,.T.);
#1024 = VERTEX_POINT('',#1025);
#1025 = CARTESIAN_POINT('',(9.05,-2.35,0.));
#1026 = LINE('',#1027,#1028);
#1027 = CARTESIAN_POINT('',(9.05,-2.35,0.));
#1028 = VECTOR('',#1029,1.);
#1029 = DIRECTION('',(0.,0.,1.));
#1030 = ORIENTED_EDGE('',*,*,#1031,.F.);
#1031 = EDGE_CURVE('',#1032,#1024,#1034,.T.);
#1032 = VERTEX_POINT('',#1033);
#1033 = CARTESIAN_POINT('',(8.45,-2.35,0.));
#1034 = LINE('',#1035,#1036);
#1035 = CARTESIAN_POINT('',(-2.45,-2.35,0.));
#1036 = VECTOR('',#1037,1.);
#1037 = DIRECTION('',(1.,0.,0.));
#1038 = ORIENTED_EDGE('',*,*,#1039,.T.);
#1039 = EDGE_CURVE('',#1032,#1040,#1042,.T.);
#1040 = VERTEX_POINT('',#1041);
#1041 = CARTESIAN_POINT('',(8.45,-2.35,0.587106270774));
#1042 = LINE('',#1043,#1044);
#1043 = CARTESIAN_POINT('',(8.45,-2.35,0.));
#1044 = VECTOR('',#1045,1.);
#1045 = DIRECTION('',(0.,0.,1.));
#1046 = ORIENTED_EDGE('',*,*,#1047,.T.);
#1047 = EDGE_CURVE('',#1040,#1048,#1050,.T.);
#1048 = VERTEX_POINT('',#1049);
#1049 = CARTESIAN_POINT('',(6.55,-2.35,0.587106270774));
#1050 = LINE('',#1051,#1052);
#1051 = CARTESIAN_POINT('',(8.45,-2.35,0.587106270774));
#1052 = VECTOR('',#1053,1.);
#1053 = DIRECTION('',(-1.,-0.,-0.));
#1054 = ORIENTED_EDGE('',*,*,#1055,.F.);
#1055 = EDGE_CURVE('',#1056,#1048,#1058,.T.);
#1056 = VERTEX_POINT('',#1057);
#1057 = CARTESIAN_POINT('',(6.55,-2.35,0.));
#1058 = LINE('',#1059,#1060);
#1059 = CARTESIAN_POINT('',(6.55,-2.35,0.));
#1060 = VECTOR('',#1061,1.);
#1061 = DIRECTION('',(0.,0.,1.));
#1062 = ORIENTED_EDGE('',*,*,#1063,.F.);
#1063 = EDGE_CURVE('',#1064,#1056,#1066,.T.);
#1064 = VERTEX_POINT('',#1065);
#1065 = CARTESIAN_POINT('',(5.95,-2.35,0.));
#1066 = LINE('',#1067,#1068);
#1067 = CARTESIAN_POINT('',(-2.45,-2.35,0.));
#1068 = VECTOR('',#1069,1.);
#1069 = DIRECTION('',(1.,0.,0.));
#1070 = ORIENTED_EDGE('',*,*,#1071,.T.);
#1071 = EDGE_CURVE('',#1064,#1072,#1074,.T.);
#1072 = VERTEX_POINT('',#1073);
#1073 = CARTESIAN_POINT('',(5.95,-2.35,0.587106270774));
#1074 = LINE('',#1075,#1076);
#1075 = CARTESIAN_POINT('',(5.95,-2.35,0.));
#1076 = VECTOR('',#1077,1.);
#1077 = DIRECTION('',(0.,0.,1.));
#1078 = ORIENTED_EDGE('',*,*,#1079,.T.);
#1079 = EDGE_CURVE('',#1072,#1080,#1082,.T.);
#1080 = VERTEX_POINT('',#1081);
#1081 = CARTESIAN_POINT('',(4.05,-2.35,0.587106270774));
#1082 = LINE('',#1083,#1084);
#1083 = CARTESIAN_POINT('',(5.95,-2.35,0.587106270774));
#1084 = VECTOR('',#1085,1.);
#1085 = DIRECTION('',(-1.,-0.,-0.));
#1086 = ORIENTED_EDGE('',*,*,#1087,.F.);
#1087 = EDGE_CURVE('',#1088,#1080,#1090,.T.);
#1088 = VERTEX_POINT('',#1089);
#1089 = CARTESIAN_POINT('',(4.05,-2.35,0.));
#1090 = LINE('',#1091,#1092);
#1091 = CARTESIAN_POINT('',(4.05,-2.35,0.));
#1092 = VECTOR('',#1093,1.);
#1093 = DIRECTION('',(0.,0.,1.));
#1094 = ORIENTED_EDGE('',*,*,#1095,.F.);
#1095 = EDGE_CURVE('',#1096,#1088,#1098,.T.);
#1096 = VERTEX_POINT('',#1097);
#1097 = CARTESIAN_POINT('',(3.45,-2.35,0.));
#1098 = LINE('',#1099,#1100);
#1099 = CARTESIAN_POINT('',(-2.45,-2.35,0.));
#1100 = VECTOR('',#1101,1.);
#1101 = DIRECTION('',(1.,0.,0.));
#1102 = ORIENTED_EDGE('',*,*,#1103,.T.);
#1103 = EDGE_CURVE('',#1096,#1104,#1106,.T.);
#1104 = VERTEX_POINT('',#1105);
#1105 = CARTESIAN_POINT('',(3.45,-2.35,0.587106270774));
#1106 = LINE('',#1107,#1108);
#1107 = CARTESIAN_POINT('',(3.45,-2.35,0.));
#1108 = VECTOR('',#1109,1.);
#1109 = DIRECTION('',(0.,0.,1.));
#1110 = ORIENTED_EDGE('',*,*,#1111,.T.);
#1111 = EDGE_CURVE('',#1104,#1112,#1114,.T.);
#1112 = VERTEX_POINT('',#1113);
#1113 = CARTESIAN_POINT('',(1.55,-2.35,0.587106270774));
#1114 = LINE('',#1115,#1116);
#1115 = CARTESIAN_POINT('',(3.45,-2.35,0.587106270774));
#1116 = VECTOR('',#1117,1.);
#1117 = DIRECTION('',(-1.,-0.,-0.));
#1118 = ORIENTED_EDGE('',*,*,#1119,.F.);
#1119 = EDGE_CURVE('',#1120,#1112,#1122,.T.);
#1120 = VERTEX_POINT('',#1121);
#1121 = CARTESIAN_POINT('',(1.55,-2.35,0.));
#1122 = LINE('',#1123,#1124);
#1123 = CARTESIAN_POINT('',(1.55,-2.35,0.));
#1124 = VECTOR('',#1125,1.);
#1125 = DIRECTION('',(0.,0.,1.));
#1126 = ORIENTED_EDGE('',*,*,#1127,.F.);
#1127 = EDGE_CURVE('',#1128,#1120,#1130,.T.);
#1128 = VERTEX_POINT('',#1129);
#1129 = CARTESIAN_POINT('',(0.95,-2.35,0.));
#1130 = LINE('',#1131,#1132);
#1131 = CARTESIAN_POINT('',(-2.45,-2.35,0.));
#1132 = VECTOR('',#1133,1.);
#1133 = DIRECTION('',(1.,0.,0.));
#1134 = ORIENTED_EDGE('',*,*,#1135,.T.);
#1135 = EDGE_CURVE('',#1128,#1136,#1138,.T.);
#1136 = VERTEX_POINT('',#1137);
#1137 = CARTESIAN_POINT('',(0.95,-2.35,0.587106270774));
#1138 = LINE('',#1139,#1140);
#1139 = CARTESIAN_POINT('',(0.95,-2.35,0.));
#1140 = VECTOR('',#1141,1.);
#1141 = DIRECTION('',(0.,0.,1.));
#1142 = ORIENTED_EDGE('',*,*,#1143,.T.);
#1143 = EDGE_CURVE('',#1136,#1144,#1146,.T.);
#1144 = VERTEX_POINT('',#1145);
#1145 = CARTESIAN_POINT('',(-0.95,-2.35,0.587106270774));
#1146 = LINE('',#1147,#1148);
#1147 = CARTESIAN_POINT('',(0.95,-2.35,0.587106270774));
#1148 = VECTOR('',#1149,1.);
#1149 = DIRECTION('',(-1.,-0.,-0.));
#1150 = ORIENTED_EDGE('',*,*,#1151,.F.);
#1151 = EDGE_CURVE('',#773,#1144,#1152,.T.);
#1152 = LINE('',#1153,#1154);
#1153 = CARTESIAN_POINT('',(-0.95,-2.35,0.));
#1154 = VECTOR('',#1155,1.);
#1155 = DIRECTION('',(0.,0.,1.));
#1156 = PLANE('',#1157);
#1157 = AXIS2_PLACEMENT_3D('',#1158,#1159,#1160);
#1158 = CARTESIAN_POINT('',(-2.45,-2.35,0.));
#1159 = DIRECTION('',(0.,1.,0.));
#1160 = DIRECTION('',(1.,0.,0.));
#1161 = ADVANCED_FACE('',(#1162),#1187,.T.);
#1162 = FACE_BOUND('',#1163,.T.);
#1163 = EDGE_LOOP('',(#1164,#1170,#1171,#1172,#1180,#1186));
#1164 = ORIENTED_EDGE('',*,*,#1165,.F.);
#1165 = EDGE_CURVE('',#224,#692,#1166,.T.);
#1166 = LINE('',#1167,#1168);
#1167 = CARTESIAN_POINT('',(-5.,-1.549999999998,7.));
#1168 = VECTOR('',#1169,1.);
#1169 = DIRECTION('',(1.,0.,0.));
#1170 = ORIENTED_EDGE('',*,*,#231,.T.);
#1171 = ORIENTED_EDGE('',*,*,#798,.T.);
#1172 = ORIENTED_EDGE('',*,*,#1173,.F.);
#1173 = EDGE_CURVE('',#1174,#799,#1176,.T.);
#1174 = VERTEX_POINT('',#1175);
#1175 = CARTESIAN_POINT('',(-0.8,-1.6,7.));
#1176 = LINE('',#1177,#1178);
#1177 = CARTESIAN_POINT('',(-0.8,1.554312234475E-15,7.));
#1178 = VECTOR('',#1179,1.);
#1179 = DIRECTION('',(0.,-1.,2.22044604925E-16));
#1180 = ORIENTED_EDGE('',*,*,#1181,.F.);
#1181 = EDGE_CURVE('',#700,#1174,#1182,.T.);
#1182 = LINE('',#1183,#1184);
#1183 = CARTESIAN_POINT('',(-1.7,-1.6,7.));
#1184 = VECTOR('',#1185,1.);
#1185 = DIRECTION('',(1.,0.,0.));
#1186 = ORIENTED_EDGE('',*,*,#699,.F.);
#1187 = PLANE('',#1188);
#1188 = AXIS2_PLACEMENT_3D('',#1189,#1190,#1191);
#1189 = CARTESIAN_POINT('',(7.5,0.525,7.));
#1190 = DIRECTION('',(0.,0.,1.));
#1191 = DIRECTION('',(1.,0.,0.));
#1192 = ADVANCED_FACE('',(#1193),#1199,.T.);
#1193 = FACE_BOUND('',#1194,.T.);
#1194 = EDGE_LOOP('',(#1195,#1196,#1197,#1198));
#1195 = ORIENTED_EDGE('',*,*,#223,.T.);
#1196 = ORIENTED_EDGE('',*,*,#1165,.T.);
#1197 = ORIENTED_EDGE('',*,*,#691,.F.);
#1198 = ORIENTED_EDGE('',*,*,#755,.F.);
#1199 = PLANE('',#1200);
#1200 = AXIS2_PLACEMENT_3D('',#1201,#1202,#1203);
#1201 = CARTESIAN_POINT('',(-5.,-1.549999999998,7.));
#1202 = DIRECTION('',(0.,1.,0.));
#1203 = DIRECTION('',(0.,0.,-1.));
#1204 = ADVANCED_FACE('',(#1205),#1223,.T.);
#1205 = FACE_BOUND('',#1206,.T.);
#1206 = EDGE_LOOP('',(#1207,#1208,#1216,#1222));
#1207 = ORIENTED_EDGE('',*,*,#739,.F.);
#1208 = ORIENTED_EDGE('',*,*,#1209,.T.);
#1209 = EDGE_CURVE('',#732,#1210,#1212,.T.);
#1210 = VERTEX_POINT('',#1211);
#1211 = CARTESIAN_POINT('',(16.7,2.65,1.25));
#1212 = LINE('',#1213,#1214);
#1213 = CARTESIAN_POINT('',(-1.7,2.65,1.25));
#1214 = VECTOR('',#1215,1.);
#1215 = DIRECTION('',(1.,0.,0.));
#1216 = ORIENTED_EDGE('',*,*,#1217,.T.);
#1217 = EDGE_CURVE('',#1210,#256,#1218,.T.);
#1218 = LINE('',#1219,#1220);
#1219 = CARTESIAN_POINT('',(16.7,2.65,1.25));
#1220 = VECTOR('',#1221,1.);
#1221 = DIRECTION('',(0.,0.,1.));
#1222 = ORIENTED_EDGE('',*,*,#263,.F.);
#1223 = PLANE('',#1224);
#1224 = AXIS2_PLACEMENT_3D('',#1225,#1226,#1227);
#1225 = CARTESIAN_POINT('',(-1.7,2.65,1.25));
#1226 = DIRECTION('',(0.,-1.,0.));
#1227 = DIRECTION('',(0.,0.,1.));
#1228 = ADVANCED_FACE('',(#1229),#1289,.F.);
#1229 = FACE_BOUND('',#1230,.F.);
#1230 = EDGE_LOOP('',(#1231,#1232,#1241,#1249,#1257,#1265,#1273,#1281,
    #1287,#1288));
#1231 = ORIENTED_EDGE('',*,*,#574,.T.);
#1232 = ORIENTED_EDGE('',*,*,#1233,.T.);
#1233 = EDGE_CURVE('',#575,#1234,#1236,.T.);
#1234 = VERTEX_POINT('',#1235);
#1235 = CARTESIAN_POINT('',(16.7,-1.549999999998,4.749999999997));
#1236 = CIRCLE('',#1237,0.849999999998);
#1237 = AXIS2_PLACEMENT_3D('',#1238,#1239,#1240);
#1238 = CARTESIAN_POINT('',(16.7,-0.7,4.749999999998));
#1239 = DIRECTION('',(-1.,0.,0.));
#1240 = DIRECTION('',(0.,1.,0.));
#1241 = ORIENTED_EDGE('',*,*,#1242,.T.);
#1242 = EDGE_CURVE('',#1234,#1243,#1245,.T.);
#1243 = VERTEX_POINT('',#1244);
#1244 = CARTESIAN_POINT('',(16.7,-1.549999999998,7.));
#1245 = LINE('',#1246,#1247);
#1246 = CARTESIAN_POINT('',(16.7,-1.549999999998,5.617949337881));
#1247 = VECTOR('',#1248,1.);
#1248 = DIRECTION('',(0.,0.,1.));
#1249 = ORIENTED_EDGE('',*,*,#1250,.T.);
#1250 = EDGE_CURVE('',#1243,#1251,#1253,.T.);
#1251 = VERTEX_POINT('',#1252);
#1252 = CARTESIAN_POINT('',(16.7,-1.6,7.));
#1253 = LINE('',#1254,#1255);
#1254 = CARTESIAN_POINT('',(16.7,2.65,7.));
#1255 = VECTOR('',#1256,1.);
#1256 = DIRECTION('',(0.,-1.,0.));
#1257 = ORIENTED_EDGE('',*,*,#1258,.T.);
#1258 = EDGE_CURVE('',#1251,#1259,#1261,.T.);
#1259 = VERTEX_POINT('',#1260);
#1260 = CARTESIAN_POINT('',(16.7,-1.6,1.9));
#1261 = LINE('',#1262,#1263);
#1262 = CARTESIAN_POINT('',(16.7,-1.6,7.));
#1263 = VECTOR('',#1264,1.);
#1264 = DIRECTION('',(0.,0.,-1.));
#1265 = ORIENTED_EDGE('',*,*,#1266,.T.);
#1266 = EDGE_CURVE('',#1259,#1267,#1269,.T.);
#1267 = VERTEX_POINT('',#1268);
#1268 = CARTESIAN_POINT('',(16.7,0.5,1.9));
#1269 = LINE('',#1270,#1271);
#1270 = CARTESIAN_POINT('',(16.7,-1.6,1.9));
#1271 = VECTOR('',#1272,1.);
#1272 = DIRECTION('',(0.,1.,0.));
#1273 = ORIENTED_EDGE('',*,*,#1274,.T.);
#1274 = EDGE_CURVE('',#1267,#1275,#1277,.T.);
#1275 = VERTEX_POINT('',#1276);
#1276 = CARTESIAN_POINT('',(16.7,0.875277674973,1.25));
#1277 = LINE('',#1278,#1279);
#1278 = CARTESIAN_POINT('',(16.7,0.5,1.9));
#1279 = VECTOR('',#1280,1.);
#1280 = DIRECTION('',(0.,0.5,-0.866025403784));
#1281 = ORIENTED_EDGE('',*,*,#1282,.T.);
#1282 = EDGE_CURVE('',#1275,#1210,#1283,.T.);
#1283 = LINE('',#1284,#1285);
#1284 = CARTESIAN_POINT('',(16.7,0.875277674973,1.25));
#1285 = VECTOR('',#1286,1.);
#1286 = DIRECTION('',(0.,1.,0.));
#1287 = ORIENTED_EDGE('',*,*,#1217,.T.);
#1288 = ORIENTED_EDGE('',*,*,#312,.T.);
#1289 = PLANE('',#1290);
#1290 = AXIS2_PLACEMENT_3D('',#1291,#1292,#1293);
#1291 = CARTESIAN_POINT('',(16.7,0.598118601855,4.235898675762));
#1292 = DIRECTION('',(1.,0.,0.));
#1293 = DIRECTION('',(0.,0.,1.));
#1294 = ADVANCED_FACE('',(#1295),#1307,.F.);
#1295 = FACE_BOUND('',#1296,.F.);
#1296 = EDGE_LOOP('',(#1297,#1298,#1304,#1305,#1306));
#1297 = ORIENTED_EDGE('',*,*,#326,.T.);
#1298 = ORIENTED_EDGE('',*,*,#1299,.T.);
#1299 = EDGE_CURVE('',#329,#936,#1300,.T.);
#1300 = LINE('',#1301,#1302);
#1301 = CARTESIAN_POINT('',(15.95,3.4,0.));
#1302 = VECTOR('',#1303,1.);
#1303 = DIRECTION('',(0.,-1.,0.));
#1304 = ORIENTED_EDGE('',*,*,#935,.T.);
#1305 = ORIENTED_EDGE('',*,*,#631,.T.);
#1306 = ORIENTED_EDGE('',*,*,#606,.T.);
#1307 = PLANE('',#1308);
#1308 = AXIS2_PLACEMENT_3D('',#1309,#1310,#1311);
#1309 = CARTESIAN_POINT('',(7.5,0.525,0.));
#1310 = DIRECTION('',(0.,0.,1.));
#1311 = DIRECTION('',(1.,0.,0.));
#1312 = ADVANCED_FACE('',(#1313),#1340,.F.);
#1313 = FACE_BOUND('',#1314,.T.);
#1314 = EDGE_LOOP('',(#1315,#1323,#1331,#1337,#1338,#1339));
#1315 = ORIENTED_EDGE('',*,*,#1316,.T.);
#1316 = EDGE_CURVE('',#944,#1317,#1319,.T.);
#1317 = VERTEX_POINT('',#1318);
#1318 = CARTESIAN_POINT('',(15.95,-1.,0.2));
#1319 = LINE('',#1320,#1321);
#1320 = CARTESIAN_POINT('',(15.95,-2.35,0.587106270774));
#1321 = VECTOR('',#1322,1.);
#1322 = DIRECTION('',(0.,0.961261695938,-0.275637355817));
#1323 = ORIENTED_EDGE('',*,*,#1324,.T.);
#1324 = EDGE_CURVE('',#1317,#1325,#1327,.T.);
#1325 = VERTEX_POINT('',#1326);
#1326 = CARTESIAN_POINT('',(15.95,1.,0.2));
#1327 = LINE('',#1328,#1329);
#1328 = CARTESIAN_POINT('',(15.95,-1.,0.2));
#1329 = VECTOR('',#1330,1.);
#1330 = DIRECTION('',(0.,1.,0.));
#1331 = ORIENTED_EDGE('',*,*,#1332,.T.);
#1332 = EDGE_CURVE('',#1325,#553,#1333,.T.);
#1333 = LINE('',#1334,#1335);
#1334 = CARTESIAN_POINT('',(15.95,1.,0.2));
#1335 = VECTOR('',#1336,1.);
#1336 = DIRECTION('',(0.,0.96,0.28));
#1337 = ORIENTED_EDGE('',*,*,#560,.T.);
#1338 = ORIENTED_EDGE('',*,*,#1299,.T.);
#1339 = ORIENTED_EDGE('',*,*,#943,.T.);
#1340 = PLANE('',#1341);
#1341 = AXIS2_PLACEMENT_3D('',#1342,#1343,#1344);
#1342 = CARTESIAN_POINT('',(15.95,0.597090658555,0.221059411393));
#1343 = DIRECTION('',(1.,0.,0.));
#1344 = DIRECTION('',(0.,0.,1.));
#1345 = ADVANCED_FACE('',(#1346),#1364,.T.);
#1346 = FACE_BOUND('',#1347,.T.);
#1347 = EDGE_LOOP('',(#1348,#1356,#1362,#1363));
#1348 = ORIENTED_EDGE('',*,*,#1349,.T.);
#1349 = EDGE_CURVE('',#1325,#1350,#1352,.T.);
#1350 = VERTEX_POINT('',#1351);
#1351 = CARTESIAN_POINT('',(14.05,1.,0.2));
#1352 = LINE('',#1353,#1354);
#1353 = CARTESIAN_POINT('',(15.95,1.,0.2));
#1354 = VECTOR('',#1355,1.);
#1355 = DIRECTION('',(-1.,-0.,-0.));
#1356 = ORIENTED_EDGE('',*,*,#1357,.T.);
#1357 = EDGE_CURVE('',#1350,#545,#1358,.T.);
#1358 = LINE('',#1359,#1360);
#1359 = CARTESIAN_POINT('',(14.05,1.,0.2));
#1360 = VECTOR('',#1361,1.);
#1361 = DIRECTION('',(0.,0.96,0.28));
#1362 = ORIENTED_EDGE('',*,*,#552,.F.);
#1363 = ORIENTED_EDGE('',*,*,#1332,.F.);
#1364 = PLANE('',#1365);
#1365 = AXIS2_PLACEMENT_3D('',#1366,#1367,#1368);
#1366 = CARTESIAN_POINT('',(15.95,1.,0.2));
#1367 = DIRECTION('',(0.,0.28,-0.96));
#1368 = DIRECTION('',(0.,0.96,0.28));
#1369 = ADVANCED_FACE('',(#1370),#1395,.T.);
#1370 = FACE_BOUND('',#1371,.F.);
#1371 = EDGE_LOOP('',(#1372,#1380,#1386,#1387,#1388,#1394));
#1372 = ORIENTED_EDGE('',*,*,#1373,.T.);
#1373 = EDGE_CURVE('',#952,#1374,#1376,.T.);
#1374 = VERTEX_POINT('',#1375);
#1375 = CARTESIAN_POINT('',(14.05,-1.,0.2));
#1376 = LINE('',#1377,#1378);
#1377 = CARTESIAN_POINT('',(14.05,-2.35,0.587106270774));
#1378 = VECTOR('',#1379,1.);
#1379 = DIRECTION('',(0.,0.961261695938,-0.275637355817));
#1380 = ORIENTED_EDGE('',*,*,#1381,.T.);
#1381 = EDGE_CURVE('',#1374,#1350,#1382,.T.);
#1382 = LINE('',#1383,#1384);
#1383 = CARTESIAN_POINT('',(14.05,-1.,0.2));
#1384 = VECTOR('',#1385,1.);
#1385 = DIRECTION('',(0.,1.,0.));
#1386 = ORIENTED_EDGE('',*,*,#1357,.T.);
#1387 = ORIENTED_EDGE('',*,*,#544,.T.);
#1388 = ORIENTED_EDGE('',*,*,#1389,.T.);
#1389 = EDGE_CURVE('',#537,#960,#1390,.T.);
#1390 = LINE('',#1391,#1392);
#1391 = CARTESIAN_POINT('',(14.05,3.4,0.));
#1392 = VECTOR('',#1393,1.);
#1393 = DIRECTION('',(0.,-1.,0.));
#1394 = ORIENTED_EDGE('',*,*,#959,.T.);
#1395 = PLANE('',#1396);
#1396 = AXIS2_PLACEMENT_3D('',#1397,#1398,#1399);
#1397 = CARTESIAN_POINT('',(14.05,0.597090658555,0.221059411393));
#1398 = DIRECTION('',(1.,0.,0.));
#1399 = DIRECTION('',(0.,0.,1.));
#1400 = ADVANCED_FACE('',(#1401),#1412,.F.);
#1401 = FACE_BOUND('',#1402,.F.);
#1402 = EDGE_LOOP('',(#1403,#1404,#1410,#1411));
#1403 = ORIENTED_EDGE('',*,*,#536,.T.);
#1404 = ORIENTED_EDGE('',*,*,#1405,.T.);
#1405 = EDGE_CURVE('',#529,#968,#1406,.T.);
#1406 = LINE('',#1407,#1408);
#1407 = CARTESIAN_POINT('',(13.45,3.4,0.));
#1408 = VECTOR('',#1409,1.);
#1409 = DIRECTION('',(0.,-1.,0.));
#1410 = ORIENTED_EDGE('',*,*,#967,.T.);
#1411 = ORIENTED_EDGE('',*,*,#1389,.F.);
#1412 = PLANE('',#1413);
#1413 = AXIS2_PLACEMENT_3D('',#1414,#1415,#1416);
#1414 = CARTESIAN_POINT('',(7.5,0.525,0.));
#1415 = DIRECTION('',(0.,0.,1.));
#1416 = DIRECTION('',(1.,0.,0.));
#1417 = ADVANCED_FACE('',(#1418),#1445,.T.);
#1418 = FACE_BOUND('',#1419,.F.);
#1419 = EDGE_LOOP('',(#1420,#1428,#1436,#1442,#1443,#1444));
#1420 = ORIENTED_EDGE('',*,*,#1421,.T.);
#1421 = EDGE_CURVE('',#1144,#1422,#1424,.T.);
#1422 = VERTEX_POINT('',#1423);
#1423 = CARTESIAN_POINT('',(-0.95,-1.,0.2));
#1424 = LINE('',#1425,#1426);
#1425 = CARTESIAN_POINT('',(-0.95,-2.35,0.587106270774));
#1426 = VECTOR('',#1427,1.);
#1427 = DIRECTION('',(0.,0.961261695938,-0.275637355817));
#1428 = ORIENTED_EDGE('',*,*,#1429,.T.);
#1429 = EDGE_CURVE('',#1422,#1430,#1432,.T.);
#1430 = VERTEX_POINT('',#1431);
#1431 = CARTESIAN_POINT('',(-0.95,1.,0.2));
#1432 = LINE('',#1433,#1434);
#1433 = CARTESIAN_POINT('',(-0.95,-1.,0.2));
#1434 = VECTOR('',#1435,1.);
#1435 = DIRECTION('',(0.,1.,0.));
#1436 = ORIENTED_EDGE('',*,*,#1437,.T.);
#1437 = EDGE_CURVE('',#1430,#353,#1438,.T.);
#1438 = LINE('',#1439,#1440);
#1439 = CARTESIAN_POINT('',(-0.95,1.,0.2));
#1440 = VECTOR('',#1441,1.);
#1441 = DIRECTION('',(0.,0.96,0.28));
#1442 = ORIENTED_EDGE('',*,*,#352,.T.);
#1443 = ORIENTED_EDGE('',*,*,#780,.T.);
#1444 = ORIENTED_EDGE('',*,*,#1151,.T.);
#1445 = PLANE('',#1446);
#1446 = AXIS2_PLACEMENT_3D('',#1447,#1448,#1449);
#1447 = CARTESIAN_POINT('',(-0.95,0.597090658555,0.221059411393));
#1448 = DIRECTION('',(1.,0.,0.));
#1449 = DIRECTION('',(0.,0.,1.));
#1450 = ADVANCED_FACE('',(#1451),#1478,.F.);
#1451 = FACE_BOUND('',#1452,.T.);
#1452 = EDGE_LOOP('',(#1453,#1461,#1469,#1475,#1476,#1477));
#1453 = ORIENTED_EDGE('',*,*,#1454,.T.);
#1454 = EDGE_CURVE('',#976,#1455,#1457,.T.);
#1455 = VERTEX_POINT('',#1456);
#1456 = CARTESIAN_POINT('',(13.45,-1.,0.2));
#1457 = LINE('',#1458,#1459);
#1458 = CARTESIAN_POINT('',(13.45,-2.35,0.587106270774));
#1459 = VECTOR('',#1460,1.);
#1460 = DIRECTION('',(0.,0.961261695938,-0.275637355817));
#1461 = ORIENTED_EDGE('',*,*,#1462,.T.);
#1462 = EDGE_CURVE('',#1455,#1463,#1465,.T.);
#1463 = VERTEX_POINT('',#1464);
#1464 = CARTESIAN_POINT('',(13.45,1.,0.2));
#1465 = LINE('',#1466,#1467);
#1466 = CARTESIAN_POINT('',(13.45,-1.,0.2));
#1467 = VECTOR('',#1468,1.);
#1468 = DIRECTION('',(0.,1.,0.));
#1469 = ORIENTED_EDGE('',*,*,#1470,.T.);
#1470 = EDGE_CURVE('',#1463,#521,#1471,.T.);
#1471 = LINE('',#1472,#1473);
#1472 = CARTESIAN_POINT('',(13.45,1.,0.2));
#1473 = VECTOR('',#1474,1.);
#1474 = DIRECTION('',(0.,0.96,0.28));
#1475 = ORIENTED_EDGE('',*,*,#528,.T.);
#1476 = ORIENTED_EDGE('',*,*,#1405,.T.);
#1477 = ORIENTED_EDGE('',*,*,#975,.T.);
#1478 = PLANE('',#1479);
#1479 = AXIS2_PLACEMENT_3D('',#1480,#1481,#1482);
#1480 = CARTESIAN_POINT('',(13.45,0.597090658555,0.221059411393));
#1481 = DIRECTION('',(1.,0.,0.));
#1482 = DIRECTION('',(0.,0.,1.));
#1483 = ADVANCED_FACE('',(#1484),#1502,.T.);
#1484 = FACE_BOUND('',#1485,.T.);
#1485 = EDGE_LOOP('',(#1486,#1494,#1495,#1496));
#1486 = ORIENTED_EDGE('',*,*,#1487,.T.);
#1487 = EDGE_CURVE('',#1488,#1430,#1490,.T.);
#1488 = VERTEX_POINT('',#1489);
#1489 = CARTESIAN_POINT('',(0.95,1.,0.2));
#1490 = LINE('',#1491,#1492);
#1491 = CARTESIAN_POINT('',(0.95,1.,0.2));
#1492 = VECTOR('',#1493,1.);
#1493 = DIRECTION('',(-1.,-0.,-0.));
#1494 = ORIENTED_EDGE('',*,*,#1437,.T.);
#1495 = ORIENTED_EDGE('',*,*,#360,.F.);
#1496 = ORIENTED_EDGE('',*,*,#1497,.F.);
#1497 = EDGE_CURVE('',#1488,#361,#1498,.T.);
#1498 = LINE('',#1499,#1500);
#1499 = CARTESIAN_POINT('',(0.95,1.,0.2));
#1500 = VECTOR('',#1501,1.);
#1501 = DIRECTION('',(0.,0.96,0.28));
#1502 = PLANE('',#1503);
#1503 = AXIS2_PLACEMENT_3D('',#1504,#1505,#1506);
#1504 = CARTESIAN_POINT('',(0.95,1.,0.2));
#1505 = DIRECTION('',(0.,0.28,-0.96));
#1506 = DIRECTION('',(0.,0.96,0.28));
#1507 = ADVANCED_FACE('',(#1508),#1526,.T.);
#1508 = FACE_BOUND('',#1509,.T.);
#1509 = EDGE_LOOP('',(#1510,#1518,#1524,#1525));
#1510 = ORIENTED_EDGE('',*,*,#1511,.T.);
#1511 = EDGE_CURVE('',#1463,#1512,#1514,.T.);
#1512 = VERTEX_POINT('',#1513);
#1513 = CARTESIAN_POINT('',(11.55,1.,0.2));
#1514 = LINE('',#1515,#1516);
#1515 = CARTESIAN_POINT('',(13.45,1.,0.2));
#1516 = VECTOR('',#1517,1.);
#1517 = DIRECTION('',(-1.,-0.,-0.));
#1518 = ORIENTED_EDGE('',*,*,#1519,.T.);
#1519 = EDGE_CURVE('',#1512,#513,#1520,.T.);
#1520 = LINE('',#1521,#1522);
#1521 = CARTESIAN_POINT('',(11.55,1.,0.2));
#1522 = VECTOR('',#1523,1.);
#1523 = DIRECTION('',(0.,0.96,0.28));
#1524 = ORIENTED_EDGE('',*,*,#520,.F.);
#1525 = ORIENTED_EDGE('',*,*,#1470,.F.);
#1526 = PLANE('',#1527);
#1527 = AXIS2_PLACEMENT_3D('',#1528,#1529,#1530);
#1528 = CARTESIAN_POINT('',(13.45,1.,0.2));
#1529 = DIRECTION('',(0.,0.28,-0.96));
#1530 = DIRECTION('',(0.,0.96,0.28));
#1531 = ADVANCED_FACE('',(#1532),#1557,.F.);
#1532 = FACE_BOUND('',#1533,.T.);
#1533 = EDGE_LOOP('',(#1534,#1542,#1548,#1549,#1550,#1556));
#1534 = ORIENTED_EDGE('',*,*,#1535,.T.);
#1535 = EDGE_CURVE('',#1136,#1536,#1538,.T.);
#1536 = VERTEX_POINT('',#1537);
#1537 = CARTESIAN_POINT('',(0.95,-1.,0.2));
#1538 = LINE('',#1539,#1540);
#1539 = CARTESIAN_POINT('',(0.95,-2.35,0.587106270774));
#1540 = VECTOR('',#1541,1.);
#1541 = DIRECTION('',(0.,0.961261695938,-0.275637355817));
#1542 = ORIENTED_EDGE('',*,*,#1543,.T.);
#1543 = EDGE_CURVE('',#1536,#1488,#1544,.T.);
#1544 = LINE('',#1545,#1546);
#1545 = CARTESIAN_POINT('',(0.95,-1.,0.2));
#1546 = VECTOR('',#1547,1.);
#1547 = DIRECTION('',(0.,1.,0.));
#1548 = ORIENTED_EDGE('',*,*,#1497,.T.);
#1549 = ORIENTED_EDGE('',*,*,#368,.T.);
#1550 = ORIENTED_EDGE('',*,*,#1551,.T.);
#1551 = EDGE_CURVE('',#369,#1128,#1552,.T.);
#1552 = LINE('',#1553,#1554);
#1553 = CARTESIAN_POINT('',(0.95,3.4,0.));
#1554 = VECTOR('',#1555,1.);
#1555 = DIRECTION('',(0.,-1.,0.));
#1556 = ORIENTED_EDGE('',*,*,#1135,.T.);
#1557 = PLANE('',#1558);
#1558 = AXIS2_PLACEMENT_3D('',#1559,#1560,#1561);
#1559 = CARTESIAN_POINT('',(0.95,0.597090658555,0.221059411393));
#1560 = DIRECTION('',(1.,0.,0.));
#1561 = DIRECTION('',(0.,0.,1.));
#1562 = ADVANCED_FACE('',(#1563),#1588,.T.);
#1563 = FACE_BOUND('',#1564,.F.);
#1564 = EDGE_LOOP('',(#1565,#1573,#1579,#1580,#1581,#1587));
#1565 = ORIENTED_EDGE('',*,*,#1566,.T.);
#1566 = EDGE_CURVE('',#984,#1567,#1569,.T.);
#1567 = VERTEX_POINT('',#1568);
#1568 = CARTESIAN_POINT('',(11.55,-1.,0.2));
#1569 = LINE('',#1570,#1571);
#1570 = CARTESIAN_POINT('',(11.55,-2.35,0.587106270774));
#1571 = VECTOR('',#1572,1.);
#1572 = DIRECTION('',(0.,0.961261695938,-0.275637355817));
#1573 = ORIENTED_EDGE('',*,*,#1574,.T.);
#1574 = EDGE_CURVE('',#1567,#1512,#1575,.T.);
#1575 = LINE('',#1576,#1577);
#1576 = CARTESIAN_POINT('',(11.55,-1.,0.2));
#1577 = VECTOR('',#1578,1.);
#1578 = DIRECTION('',(0.,1.,0.));
#1579 = ORIENTED_EDGE('',*,*,#1519,.T.);
#1580 = ORIENTED_EDGE('',*,*,#512,.T.);
#1581 = ORIENTED_EDGE('',*,*,#1582,.T.);
#1582 = EDGE_CURVE('',#505,#992,#1583,.T.);
#1583 = LINE('',#1584,#1585);
#1584 = CARTESIAN_POINT('',(11.55,3.4,0.));
#1585 = VECTOR('',#1586,1.);
#1586 = DIRECTION('',(0.,-1.,0.));
#1587 = ORIENTED_EDGE('',*,*,#991,.T.);
#1588 = PLANE('',#1589);
#1589 = AXIS2_PLACEMENT_3D('',#1590,#1591,#1592);
#1590 = CARTESIAN_POINT('',(11.55,0.597090658555,0.221059411393));
#1591 = DIRECTION('',(1.,0.,0.));
#1592 = DIRECTION('',(0.,0.,1.));
#1593 = ADVANCED_FACE('',(#1594),#1605,.F.);
#1594 = FACE_BOUND('',#1595,.F.);
#1595 = EDGE_LOOP('',(#1596,#1597,#1598,#1599));
#1596 = ORIENTED_EDGE('',*,*,#376,.T.);
#1597 = ORIENTED_EDGE('',*,*,#1551,.T.);
#1598 = ORIENTED_EDGE('',*,*,#1127,.T.);
#1599 = ORIENTED_EDGE('',*,*,#1600,.F.);
#1600 = EDGE_CURVE('',#377,#1120,#1601,.T.);
#1601 = LINE('',#1602,#1603);
#1602 = CARTESIAN_POINT('',(1.55,3.4,0.));
#1603 = VECTOR('',#1604,1.);
#1604 = DIRECTION('',(0.,-1.,0.));
#1605 = PLANE('',#1606);
#1606 = AXIS2_PLACEMENT_3D('',#1607,#1608,#1609);
#1607 = CARTESIAN_POINT('',(7.5,0.525,0.));
#1608 = DIRECTION('',(0.,0.,1.));
#1609 = DIRECTION('',(1.,0.,0.));
#1610 = ADVANCED_FACE('',(#1611),#1622,.F.);
#1611 = FACE_BOUND('',#1612,.F.);
#1612 = EDGE_LOOP('',(#1613,#1614,#1620,#1621));
#1613 = ORIENTED_EDGE('',*,*,#504,.T.);
#1614 = ORIENTED_EDGE('',*,*,#1615,.T.);
#1615 = EDGE_CURVE('',#497,#1000,#1616,.T.);
#1616 = LINE('',#1617,#1618);
#1617 = CARTESIAN_POINT('',(10.95,3.4,0.));
#1618 = VECTOR('',#1619,1.);
#1619 = DIRECTION('',(0.,-1.,0.));
#1620 = ORIENTED_EDGE('',*,*,#999,.T.);
#1621 = ORIENTED_EDGE('',*,*,#1582,.F.);
#1622 = PLANE('',#1623);
#1623 = AXIS2_PLACEMENT_3D('',#1624,#1625,#1626);
#1624 = CARTESIAN_POINT('',(7.5,0.525,0.));
#1625 = DIRECTION('',(0.,0.,1.));
#1626 = DIRECTION('',(1.,0.,0.));
#1627 = ADVANCED_FACE('',(#1628),#1655,.T.);
#1628 = FACE_BOUND('',#1629,.F.);
#1629 = EDGE_LOOP('',(#1630,#1638,#1646,#1652,#1653,#1654));
#1630 = ORIENTED_EDGE('',*,*,#1631,.T.);
#1631 = EDGE_CURVE('',#1112,#1632,#1634,.T.);
#1632 = VERTEX_POINT('',#1633);
#1633 = CARTESIAN_POINT('',(1.55,-1.,0.2));
#1634 = LINE('',#1635,#1636);
#1635 = CARTESIAN_POINT('',(1.55,-2.35,0.587106270774));
#1636 = VECTOR('',#1637,1.);
#1637 = DIRECTION('',(0.,0.961261695938,-0.275637355817));
#1638 = ORIENTED_EDGE('',*,*,#1639,.T.);
#1639 = EDGE_CURVE('',#1632,#1640,#1642,.T.);
#1640 = VERTEX_POINT('',#1641);
#1641 = CARTESIAN_POINT('',(1.55,1.,0.2));
#1642 = LINE('',#1643,#1644);
#1643 = CARTESIAN_POINT('',(1.55,-1.,0.2));
#1644 = VECTOR('',#1645,1.);
#1645 = DIRECTION('',(0.,1.,0.));
#1646 = ORIENTED_EDGE('',*,*,#1647,.T.);
#1647 = EDGE_CURVE('',#1640,#385,#1648,.T.);
#1648 = LINE('',#1649,#1650);
#1649 = CARTESIAN_POINT('',(1.55,1.,0.2));
#1650 = VECTOR('',#1651,1.);
#1651 = DIRECTION('',(0.,0.96,0.28));
#1652 = ORIENTED_EDGE('',*,*,#384,.T.);
#1653 = ORIENTED_EDGE('',*,*,#1600,.T.);
#1654 = ORIENTED_EDGE('',*,*,#1119,.T.);
#1655 = PLANE('',#1656);
#1656 = AXIS2_PLACEMENT_3D('',#1657,#1658,#1659);
#1657 = CARTESIAN_POINT('',(1.55,0.597090658555,0.221059411393));
#1658 = DIRECTION('',(1.,0.,0.));
#1659 = DIRECTION('',(0.,0.,1.));
#1660 = ADVANCED_FACE('',(#1661),#1688,.F.);
#1661 = FACE_BOUND('',#1662,.T.);
#1662 = EDGE_LOOP('',(#1663,#1671,#1679,#1685,#1686,#1687));
#1663 = ORIENTED_EDGE('',*,*,#1664,.T.);
#1664 = EDGE_CURVE('',#1008,#1665,#1667,.T.);
#1665 = VERTEX_POINT('',#1666);
#1666 = CARTESIAN_POINT('',(10.95,-1.,0.2));
#1667 = LINE('',#1668,#1669);
#1668 = CARTESIAN_POINT('',(10.95,-2.35,0.587106270774));
#1669 = VECTOR('',#1670,1.);
#1670 = DIRECTION('',(0.,0.961261695938,-0.275637355817));
#1671 = ORIENTED_EDGE('',*,*,#1672,.T.);
#1672 = EDGE_CURVE('',#1665,#1673,#1675,.T.);
#1673 = VERTEX_POINT('',#1674);
#1674 = CARTESIAN_POINT('',(10.95,1.,0.2));
#1675 = LINE('',#1676,#1677);
#1676 = CARTESIAN_POINT('',(10.95,-1.,0.2));
#1677 = VECTOR('',#1678,1.);
#1678 = DIRECTION('',(0.,1.,0.));
#1679 = ORIENTED_EDGE('',*,*,#1680,.T.);
#1680 = EDGE_CURVE('',#1673,#489,#1681,.T.);
#1681 = LINE('',#1682,#1683);
#1682 = CARTESIAN_POINT('',(10.95,1.,0.2));
#1683 = VECTOR('',#1684,1.);
#1684 = DIRECTION('',(0.,0.96,0.28));
#1685 = ORIENTED_EDGE('',*,*,#496,.T.);
#1686 = ORIENTED_EDGE('',*,*,#1615,.T.);
#1687 = ORIENTED_EDGE('',*,*,#1007,.T.);
#1688 = PLANE('',#1689);
#1689 = AXIS2_PLACEMENT_3D('',#1690,#1691,#1692);
#1690 = CARTESIAN_POINT('',(10.95,0.597090658555,0.221059411393));
#1691 = DIRECTION('',(1.,0.,0.));
#1692 = DIRECTION('',(0.,0.,1.));
#1693 = ADVANCED_FACE('',(#1694),#1712,.T.);
#1694 = FACE_BOUND('',#1695,.T.);
#1695 = EDGE_LOOP('',(#1696,#1704,#1705,#1706));
#1696 = ORIENTED_EDGE('',*,*,#1697,.T.);
#1697 = EDGE_CURVE('',#1698,#1640,#1700,.T.);
#1698 = VERTEX_POINT('',#1699);
#1699 = CARTESIAN_POINT('',(3.45,1.,0.2));
#1700 = LINE('',#1701,#1702);
#1701 = CARTESIAN_POINT('',(3.45,1.,0.2));
#1702 = VECTOR('',#1703,1.);
#1703 = DIRECTION('',(-1.,-0.,-0.));
#1704 = ORIENTED_EDGE('',*,*,#1647,.T.);
#1705 = ORIENTED_EDGE('',*,*,#392,.F.);
#1706 = ORIENTED_EDGE('',*,*,#1707,.F.);
#1707 = EDGE_CURVE('',#1698,#393,#1708,.T.);
#1708 = LINE('',#1709,#1710);
#1709 = CARTESIAN_POINT('',(3.45,1.,0.2));
#1710 = VECTOR('',#1711,1.);
#1711 = DIRECTION('',(0.,0.96,0.28));
#1712 = PLANE('',#1713);
#1713 = AXIS2_PLACEMENT_3D('',#1714,#1715,#1716);
#1714 = CARTESIAN_POINT('',(3.45,1.,0.2));
#1715 = DIRECTION('',(0.,0.28,-0.96));
#1716 = DIRECTION('',(0.,0.96,0.28));
#1717 = ADVANCED_FACE('',(#1718),#1736,.T.);
#1718 = FACE_BOUND('',#1719,.T.);
#1719 = EDGE_LOOP('',(#1720,#1728,#1734,#1735));
#1720 = ORIENTED_EDGE('',*,*,#1721,.T.);
#1721 = EDGE_CURVE('',#1673,#1722,#1724,.T.);
#1722 = VERTEX_POINT('',#1723);
#1723 = CARTESIAN_POINT('',(9.05,1.,0.2));
#1724 = LINE('',#1725,#1726);
#1725 = CARTESIAN_POINT('',(10.95,1.,0.2));
#1726 = VECTOR('',#1727,1.);
#1727 = DIRECTION('',(-1.,-0.,-0.));
#1728 = ORIENTED_EDGE('',*,*,#1729,.T.);
#1729 = EDGE_CURVE('',#1722,#481,#1730,.T.);
#1730 = LINE('',#1731,#1732);
#1731 = CARTESIAN_POINT('',(9.05,1.,0.2));
#1732 = VECTOR('',#1733,1.);
#1733 = DIRECTION('',(0.,0.96,0.28));
#1734 = ORIENTED_EDGE('',*,*,#488,.F.);
#1735 = ORIENTED_EDGE('',*,*,#1680,.F.);
#1736 = PLANE('',#1737);
#1737 = AXIS2_PLACEMENT_3D('',#1738,#1739,#1740);
#1738 = CARTESIAN_POINT('',(10.95,1.,0.2));
#1739 = DIRECTION('',(0.,0.28,-0.96));
#1740 = DIRECTION('',(0.,0.96,0.28));
#1741 = ADVANCED_FACE('',(#1742),#1767,.F.);
#1742 = FACE_BOUND('',#1743,.T.);
#1743 = EDGE_LOOP('',(#1744,#1752,#1758,#1759,#1760,#1766));
#1744 = ORIENTED_EDGE('',*,*,#1745,.T.);
#1745 = EDGE_CURVE('',#1104,#1746,#1748,.T.);
#1746 = VERTEX_POINT('',#1747);
#1747 = CARTESIAN_POINT('',(3.45,-1.,0.2));
#1748 = LINE('',#1749,#1750);
#1749 = CARTESIAN_POINT('',(3.45,-2.35,0.587106270774));
#1750 = VECTOR('',#1751,1.);
#1751 = DIRECTION('',(0.,0.961261695938,-0.275637355817));
#1752 = ORIENTED_EDGE('',*,*,#1753,.T.);
#1753 = EDGE_CURVE('',#1746,#1698,#1754,.T.);
#1754 = LINE('',#1755,#1756);
#1755 = CARTESIAN_POINT('',(3.45,-1.,0.2));
#1756 = VECTOR('',#1757,1.);
#1757 = DIRECTION('',(0.,1.,0.));
#1758 = ORIENTED_EDGE('',*,*,#1707,.T.);
#1759 = ORIENTED_EDGE('',*,*,#400,.T.);
#1760 = ORIENTED_EDGE('',*,*,#1761,.T.);
#1761 = EDGE_CURVE('',#401,#1096,#1762,.T.);
#1762 = LINE('',#1763,#1764);
#1763 = CARTESIAN_POINT('',(3.45,3.4,0.));
#1764 = VECTOR('',#1765,1.);
#1765 = DIRECTION('',(0.,-1.,0.));
#1766 = ORIENTED_EDGE('',*,*,#1103,.T.);
#1767 = PLANE('',#1768);
#1768 = AXIS2_PLACEMENT_3D('',#1769,#1770,#1771);
#1769 = CARTESIAN_POINT('',(3.45,0.597090658555,0.221059411393));
#1770 = DIRECTION('',(1.,0.,0.));
#1771 = DIRECTION('',(0.,0.,1.));
#1772 = ADVANCED_FACE('',(#1773),#1798,.T.);
#1773 = FACE_BOUND('',#1774,.F.);
#1774 = EDGE_LOOP('',(#1775,#1783,#1789,#1790,#1791,#1797));
#1775 = ORIENTED_EDGE('',*,*,#1776,.T.);
#1776 = EDGE_CURVE('',#1016,#1777,#1779,.T.);
#1777 = VERTEX_POINT('',#1778);
#1778 = CARTESIAN_POINT('',(9.05,-1.,0.2));
#1779 = LINE('',#1780,#1781);
#1780 = CARTESIAN_POINT('',(9.05,-2.35,0.587106270774));
#1781 = VECTOR('',#1782,1.);
#1782 = DIRECTION('',(0.,0.961261695938,-0.275637355817));
#1783 = ORIENTED_EDGE('',*,*,#1784,.T.);
#1784 = EDGE_CURVE('',#1777,#1722,#1785,.T.);
#1785 = LINE('',#1786,#1787);
#1786 = CARTESIAN_POINT('',(9.05,-1.,0.2));
#1787 = VECTOR('',#1788,1.);
#1788 = DIRECTION('',(0.,1.,0.));
#1789 = ORIENTED_EDGE('',*,*,#1729,.T.);
#1790 = ORIENTED_EDGE('',*,*,#480,.T.);
#1791 = ORIENTED_EDGE('',*,*,#1792,.T.);
#1792 = EDGE_CURVE('',#473,#1024,#1793,.T.);
#1793 = LINE('',#1794,#1795);
#1794 = CARTESIAN_POINT('',(9.05,3.4,0.));
#1795 = VECTOR('',#1796,1.);
#1796 = DIRECTION('',(0.,-1.,0.));
#1797 = ORIENTED_EDGE('',*,*,#1023,.T.);
#1798 = PLANE('',#1799);
#1799 = AXIS2_PLACEMENT_3D('',#1800,#1801,#1802);
#1800 = CARTESIAN_POINT('',(9.05,0.597090658555,0.221059411393));
#1801 = DIRECTION('',(1.,0.,0.));
#1802 = DIRECTION('',(0.,0.,1.));
#1803 = ADVANCED_FACE('',(#1804),#1815,.F.);
#1804 = FACE_BOUND('',#1805,.F.);
#1805 = EDGE_LOOP('',(#1806,#1807,#1808,#1809));
#1806 = ORIENTED_EDGE('',*,*,#408,.T.);
#1807 = ORIENTED_EDGE('',*,*,#1761,.T.);
#1808 = ORIENTED_EDGE('',*,*,#1095,.T.);
#1809 = ORIENTED_EDGE('',*,*,#1810,.F.);
#1810 = EDGE_CURVE('',#409,#1088,#1811,.T.);
#1811 = LINE('',#1812,#1813);
#1812 = CARTESIAN_POINT('',(4.05,3.4,0.));
#1813 = VECTOR('',#1814,1.);
#1814 = DIRECTION('',(0.,-1.,0.));
#1815 = PLANE('',#1816);
#1816 = AXIS2_PLACEMENT_3D('',#1817,#1818,#1819);
#1817 = CARTESIAN_POINT('',(7.5,0.525,0.));
#1818 = DIRECTION('',(0.,0.,1.));
#1819 = DIRECTION('',(1.,0.,0.));
#1820 = ADVANCED_FACE('',(#1821),#1832,.F.);
#1821 = FACE_BOUND('',#1822,.F.);
#1822 = EDGE_LOOP('',(#1823,#1824,#1830,#1831));
#1823 = ORIENTED_EDGE('',*,*,#472,.T.);
#1824 = ORIENTED_EDGE('',*,*,#1825,.T.);
#1825 = EDGE_CURVE('',#465,#1032,#1826,.T.);
#1826 = LINE('',#1827,#1828);
#1827 = CARTESIAN_POINT('',(8.45,3.4,0.));
#1828 = VECTOR('',#1829,1.);
#1829 = DIRECTION('',(0.,-1.,0.));
#1830 = ORIENTED_EDGE('',*,*,#1031,.T.);
#1831 = ORIENTED_EDGE('',*,*,#1792,.F.);
#1832 = PLANE('',#1833);
#1833 = AXIS2_PLACEMENT_3D('',#1834,#1835,#1836);
#1834 = CARTESIAN_POINT('',(7.5,0.525,0.));
#1835 = DIRECTION('',(0.,0.,1.));
#1836 = DIRECTION('',(1.,0.,0.));
#1837 = ADVANCED_FACE('',(#1838),#1865,.T.);
#1838 = FACE_BOUND('',#1839,.F.);
#1839 = EDGE_LOOP('',(#1840,#1848,#1856,#1862,#1863,#1864));
#1840 = ORIENTED_EDGE('',*,*,#1841,.T.);
#1841 = EDGE_CURVE('',#1080,#1842,#1844,.T.);
#1842 = VERTEX_POINT('',#1843);
#1843 = CARTESIAN_POINT('',(4.05,-1.,0.2));
#1844 = LINE('',#1845,#1846);
#1845 = CARTESIAN_POINT('',(4.05,-2.35,0.587106270774));
#1846 = VECTOR('',#1847,1.);
#1847 = DIRECTION('',(0.,0.961261695938,-0.275637355817));
#1848 = ORIENTED_EDGE('',*,*,#1849,.T.);
#1849 = EDGE_CURVE('',#1842,#1850,#1852,.T.);
#1850 = VERTEX_POINT('',#1851);
#1851 = CARTESIAN_POINT('',(4.05,1.,0.2));
#1852 = LINE('',#1853,#1854);
#1853 = CARTESIAN_POINT('',(4.05,-1.,0.2));
#1854 = VECTOR('',#1855,1.);
#1855 = DIRECTION('',(0.,1.,0.));
#1856 = ORIENTED_EDGE('',*,*,#1857,.T.);
#1857 = EDGE_CURVE('',#1850,#417,#1858,.T.);
#1858 = LINE('',#1859,#1860);
#1859 = CARTESIAN_POINT('',(4.05,1.,0.2));
#1860 = VECTOR('',#1861,1.);
#1861 = DIRECTION('',(0.,0.96,0.28));
#1862 = ORIENTED_EDGE('',*,*,#416,.T.);
#1863 = ORIENTED_EDGE('',*,*,#1810,.T.);
#1864 = ORIENTED_EDGE('',*,*,#1087,.T.);
#1865 = PLANE('',#1866);
#1866 = AXIS2_PLACEMENT_3D('',#1867,#1868,#1869);
#1867 = CARTESIAN_POINT('',(4.05,0.597090658555,0.221059411393));
#1868 = DIRECTION('',(1.,0.,0.));
#1869 = DIRECTION('',(0.,0.,1.));
#1870 = ADVANCED_FACE('',(#1871),#1898,.F.);
#1871 = FACE_BOUND('',#1872,.T.);
#1872 = EDGE_LOOP('',(#1873,#1881,#1889,#1895,#1896,#1897));
#1873 = ORIENTED_EDGE('',*,*,#1874,.T.);
#1874 = EDGE_CURVE('',#1040,#1875,#1877,.T.);
#1875 = VERTEX_POINT('',#1876);
#1876 = CARTESIAN_POINT('',(8.45,-1.,0.2));
#1877 = LINE('',#1878,#1879);
#1878 = CARTESIAN_POINT('',(8.45,-2.35,0.587106270774));
#1879 = VECTOR('',#1880,1.);
#1880 = DIRECTION('',(0.,0.961261695938,-0.275637355817));
#1881 = ORIENTED_EDGE('',*,*,#1882,.T.);
#1882 = EDGE_CURVE('',#1875,#1883,#1885,.T.);
#1883 = VERTEX_POINT('',#1884);
#1884 = CARTESIAN_POINT('',(8.45,1.,0.2));
#1885 = LINE('',#1886,#1887);
#1886 = CARTESIAN_POINT('',(8.45,-1.,0.2));
#1887 = VECTOR('',#1888,1.);
#1888 = DIRECTION('',(0.,1.,0.));
#1889 = ORIENTED_EDGE('',*,*,#1890,.T.);
#1890 = EDGE_CURVE('',#1883,#457,#1891,.T.);
#1891 = LINE('',#1892,#1893);
#1892 = CARTESIAN_POINT('',(8.45,1.,0.2));
#1893 = VECTOR('',#1894,1.);
#1894 = DIRECTION('',(0.,0.96,0.28));
#1895 = ORIENTED_EDGE('',*,*,#464,.T.);
#1896 = ORIENTED_EDGE('',*,*,#1825,.T.);
#1897 = ORIENTED_EDGE('',*,*,#1039,.T.);
#1898 = PLANE('',#1899);
#1899 = AXIS2_PLACEMENT_3D('',#1900,#1901,#1902);
#1900 = CARTESIAN_POINT('',(8.45,0.597090658555,0.221059411393));
#1901 = DIRECTION('',(1.,0.,0.));
#1902 = DIRECTION('',(0.,0.,1.));
#1903 = ADVANCED_FACE('',(#1904),#1922,.T.);
#1904 = FACE_BOUND('',#1905,.T.);
#1905 = EDGE_LOOP('',(#1906,#1914,#1915,#1916));
#1906 = ORIENTED_EDGE('',*,*,#1907,.T.);
#1907 = EDGE_CURVE('',#1908,#1850,#1910,.T.);
#1908 = VERTEX_POINT('',#1909);
#1909 = CARTESIAN_POINT('',(5.95,1.,0.2));
#1910 = LINE('',#1911,#1912);
#1911 = CARTESIAN_POINT('',(5.95,1.,0.2));
#1912 = VECTOR('',#1913,1.);
#1913 = DIRECTION('',(-1.,-0.,-0.));
#1914 = ORIENTED_EDGE('',*,*,#1857,.T.);
#1915 = ORIENTED_EDGE('',*,*,#424,.F.);
#1916 = ORIENTED_EDGE('',*,*,#1917,.F.);
#1917 = EDGE_CURVE('',#1908,#425,#1918,.T.);
#1918 = LINE('',#1919,#1920);
#1919 = CARTESIAN_POINT('',(5.95,1.,0.2));
#1920 = VECTOR('',#1921,1.);
#1921 = DIRECTION('',(0.,0.96,0.28));
#1922 = PLANE('',#1923);
#1923 = AXIS2_PLACEMENT_3D('',#1924,#1925,#1926);
#1924 = CARTESIAN_POINT('',(5.95,1.,0.2));
#1925 = DIRECTION('',(0.,0.28,-0.96));
#1926 = DIRECTION('',(0.,0.96,0.28));
#1927 = ADVANCED_FACE('',(#1928),#1946,.T.);
#1928 = FACE_BOUND('',#1929,.T.);
#1929 = EDGE_LOOP('',(#1930,#1938,#1944,#1945));
#1930 = ORIENTED_EDGE('',*,*,#1931,.T.);
#1931 = EDGE_CURVE('',#1883,#1932,#1934,.T.);
#1932 = VERTEX_POINT('',#1933);
#1933 = CARTESIAN_POINT('',(6.55,1.,0.2));
#1934 = LINE('',#1935,#1936);
#1935 = CARTESIAN_POINT('',(8.45,1.,0.2));
#1936 = VECTOR('',#1937,1.);
#1937 = DIRECTION('',(-1.,-0.,-0.));
#1938 = ORIENTED_EDGE('',*,*,#1939,.T.);
#1939 = EDGE_CURVE('',#1932,#449,#1940,.T.);
#1940 = LINE('',#1941,#1942);
#1941 = CARTESIAN_POINT('',(6.55,1.,0.2));
#1942 = VECTOR('',#1943,1.);
#1943 = DIRECTION('',(0.,0.96,0.28));
#1944 = ORIENTED_EDGE('',*,*,#456,.F.);
#1945 = ORIENTED_EDGE('',*,*,#1890,.F.);
#1946 = PLANE('',#1947);
#1947 = AXIS2_PLACEMENT_3D('',#1948,#1949,#1950);
#1948 = CARTESIAN_POINT('',(8.45,1.,0.2));
#1949 = DIRECTION('',(0.,0.28,-0.96));
#1950 = DIRECTION('',(0.,0.96,0.28));
#1951 = ADVANCED_FACE('',(#1952),#1977,.F.);
#1952 = FACE_BOUND('',#1953,.T.);
#1953 = EDGE_LOOP('',(#1954,#1962,#1968,#1969,#1970,#1976));
#1954 = ORIENTED_EDGE('',*,*,#1955,.T.);
#1955 = EDGE_CURVE('',#1072,#1956,#1958,.T.);
#1956 = VERTEX_POINT('',#1957);
#1957 = CARTESIAN_POINT('',(5.95,-1.,0.2));
#1958 = LINE('',#1959,#1960);
#1959 = CARTESIAN_POINT('',(5.95,-2.35,0.587106270774));
#1960 = VECTOR('',#1961,1.);
#1961 = DIRECTION('',(0.,0.961261695938,-0.275637355817));
#1962 = ORIENTED_EDGE('',*,*,#1963,.T.);
#1963 = EDGE_CURVE('',#1956,#1908,#1964,.T.);
#1964 = LINE('',#1965,#1966);
#1965 = CARTESIAN_POINT('',(5.95,-1.,0.2));
#1966 = VECTOR('',#1967,1.);
#1967 = DIRECTION('',(0.,1.,0.));
#1968 = ORIENTED_EDGE('',*,*,#1917,.T.);
#1969 = ORIENTED_EDGE('',*,*,#432,.T.);
#1970 = ORIENTED_EDGE('',*,*,#1971,.T.);
#1971 = EDGE_CURVE('',#433,#1064,#1972,.T.);
#1972 = LINE('',#1973,#1974);
#1973 = CARTESIAN_POINT('',(5.95,3.4,0.));
#1974 = VECTOR('',#1975,1.);
#1975 = DIRECTION('',(0.,-1.,0.));
#1976 = ORIENTED_EDGE('',*,*,#1071,.T.);
#1977 = PLANE('',#1978);
#1978 = AXIS2_PLACEMENT_3D('',#1979,#1980,#1981);
#1979 = CARTESIAN_POINT('',(5.95,0.597090658555,0.221059411393));
#1980 = DIRECTION('',(1.,0.,0.));
#1981 = DIRECTION('',(0.,0.,1.));
#1982 = ADVANCED_FACE('',(#1983),#2008,.T.);
#1983 = FACE_BOUND('',#1984,.F.);
#1984 = EDGE_LOOP('',(#1985,#1993,#1999,#2000,#2001,#2007));
#1985 = ORIENTED_EDGE('',*,*,#1986,.T.);
#1986 = EDGE_CURVE('',#1048,#1987,#1989,.T.);
#1987 = VERTEX_POINT('',#1988);
#1988 = CARTESIAN_POINT('',(6.55,-1.,0.2));
#1989 = LINE('',#1990,#1991);
#1990 = CARTESIAN_POINT('',(6.55,-2.35,0.587106270774));
#1991 = VECTOR('',#1992,1.);
#1992 = DIRECTION('',(0.,0.961261695938,-0.275637355817));
#1993 = ORIENTED_EDGE('',*,*,#1994,.T.);
#1994 = EDGE_CURVE('',#1987,#1932,#1995,.T.);
#1995 = LINE('',#1996,#1997);
#1996 = CARTESIAN_POINT('',(6.55,-1.,0.2));
#1997 = VECTOR('',#1998,1.);
#1998 = DIRECTION('',(0.,1.,0.));
#1999 = ORIENTED_EDGE('',*,*,#1939,.T.);
#2000 = ORIENTED_EDGE('',*,*,#448,.T.);
#2001 = ORIENTED_EDGE('',*,*,#2002,.T.);
#2002 = EDGE_CURVE('',#441,#1056,#2003,.T.);
#2003 = LINE('',#2004,#2005);
#2004 = CARTESIAN_POINT('',(6.55,3.4,0.));
#2005 = VECTOR('',#2006,1.);
#2006 = DIRECTION('',(0.,-1.,0.));
#2007 = ORIENTED_EDGE('',*,*,#1055,.T.);
#2008 = PLANE('',#2009);
#2009 = AXIS2_PLACEMENT_3D('',#2010,#2011,#2012);
#2010 = CARTESIAN_POINT('',(6.55,0.597090658555,0.221059411393));
#2011 = DIRECTION('',(1.,0.,0.));
#2012 = DIRECTION('',(0.,0.,1.));
#2013 = ADVANCED_FACE('',(#2014),#2020,.F.);
#2014 = FACE_BOUND('',#2015,.F.);
#2015 = EDGE_LOOP('',(#2016,#2017,#2018,#2019));
#2016 = ORIENTED_EDGE('',*,*,#440,.T.);
#2017 = ORIENTED_EDGE('',*,*,#1971,.T.);
#2018 = ORIENTED_EDGE('',*,*,#1063,.T.);
#2019 = ORIENTED_EDGE('',*,*,#2002,.F.);
#2020 = PLANE('',#2021);
#2021 = AXIS2_PLACEMENT_3D('',#2022,#2023,#2024);
#2022 = CARTESIAN_POINT('',(7.5,0.525,0.));
#2023 = DIRECTION('',(0.,0.,1.));
#2024 = DIRECTION('',(1.,0.,0.));
#2025 = ADVANCED_FACE('',(#2026),#2037,.F.);
#2026 = FACE_BOUND('',#2027,.T.);
#2027 = EDGE_LOOP('',(#2028,#2029,#2035,#2036));
#2028 = ORIENTED_EDGE('',*,*,#1233,.T.);
#2029 = ORIENTED_EDGE('',*,*,#2030,.T.);
#2030 = EDGE_CURVE('',#1234,#656,#2031,.T.);
#2031 = LINE('',#2032,#2033);
#2032 = CARTESIAN_POINT('',(-5.,-1.549999999998,4.749999999997));
#2033 = VECTOR('',#2034,1.);
#2034 = DIRECTION('',(1.,0.,0.));
#2035 = ORIENTED_EDGE('',*,*,#663,.F.);
#2036 = ORIENTED_EDGE('',*,*,#582,.F.);
#2037 = CYLINDRICAL_SURFACE('',#2038,0.849999999998);
#2038 = AXIS2_PLACEMENT_3D('',#2039,#2040,#2041);
#2039 = CARTESIAN_POINT('',(-5.,-0.7,4.749999999998));
#2040 = DIRECTION('',(-1.,-0.,-0.));
#2041 = DIRECTION('',(0.,1.,0.));
#2042 = ADVANCED_FACE('',(#2043),#2068,.T.);
#2043 = FACE_BOUND('',#2044,.T.);
#2044 = EDGE_LOOP('',(#2045,#2053,#2054,#2055,#2061,#2062));
#2045 = ORIENTED_EDGE('',*,*,#2046,.T.);
#2046 = EDGE_CURVE('',#2047,#921,#2049,.T.);
#2047 = VERTEX_POINT('',#2048);
#2048 = CARTESIAN_POINT('',(15.8,-1.6,7.));
#2049 = LINE('',#2050,#2051);
#2050 = CARTESIAN_POINT('',(15.8,1.554312234475E-15,7.));
#2051 = VECTOR('',#2052,1.);
#2052 = DIRECTION('',(0.,-1.,2.22044604925E-16));
#2053 = ORIENTED_EDGE('',*,*,#928,.T.);
#2054 = ORIENTED_EDGE('',*,*,#647,.T.);
#2055 = ORIENTED_EDGE('',*,*,#2056,.F.);
#2056 = EDGE_CURVE('',#1243,#648,#2057,.T.);
#2057 = LINE('',#2058,#2059);
#2058 = CARTESIAN_POINT('',(-5.,-1.549999999998,7.));
#2059 = VECTOR('',#2060,1.);
#2060 = DIRECTION('',(1.,0.,0.));
#2061 = ORIENTED_EDGE('',*,*,#1250,.T.);
#2062 = ORIENTED_EDGE('',*,*,#2063,.F.);
#2063 = EDGE_CURVE('',#2047,#1251,#2064,.T.);
#2064 = LINE('',#2065,#2066);
#2065 = CARTESIAN_POINT('',(-1.7,-1.6,7.));
#2066 = VECTOR('',#2067,1.);
#2067 = DIRECTION('',(1.,0.,0.));
#2068 = PLANE('',#2069);
#2069 = AXIS2_PLACEMENT_3D('',#2070,#2071,#2072);
#2070 = CARTESIAN_POINT('',(7.5,0.525,7.));
#2071 = DIRECTION('',(0.,0.,1.));
#2072 = DIRECTION('',(1.,0.,0.));
#2073 = ADVANCED_FACE('',(#2074),#2080,.T.);
#2074 = FACE_BOUND('',#2075,.T.);
#2075 = EDGE_LOOP('',(#2076,#2077,#2078,#2079));
#2076 = ORIENTED_EDGE('',*,*,#1242,.T.);
#2077 = ORIENTED_EDGE('',*,*,#2056,.T.);
#2078 = ORIENTED_EDGE('',*,*,#655,.T.);
#2079 = ORIENTED_EDGE('',*,*,#2030,.F.);
#2080 = PLANE('',#2081);
#2081 = AXIS2_PLACEMENT_3D('',#2082,#2083,#2084);
#2082 = CARTESIAN_POINT('',(-5.,-1.549999999998,7.));
#2083 = DIRECTION('',(0.,1.,0.));
#2084 = DIRECTION('',(0.,0.,-1.));
#2085 = ADVANCED_FACE('',(#2086),#2097,.T.);
#2086 = FACE_BOUND('',#2087,.T.);
#2087 = EDGE_LOOP('',(#2088,#2094,#2095,#2096));
#2088 = ORIENTED_EDGE('',*,*,#2089,.T.);
#2089 = EDGE_CURVE('',#724,#1275,#2090,.T.);
#2090 = LINE('',#2091,#2092);
#2091 = CARTESIAN_POINT('',(-1.7,0.875277674973,1.25));
#2092 = VECTOR('',#2093,1.);
#2093 = DIRECTION('',(1.,0.,0.));
#2094 = ORIENTED_EDGE('',*,*,#1282,.T.);
#2095 = ORIENTED_EDGE('',*,*,#1209,.F.);
#2096 = ORIENTED_EDGE('',*,*,#731,.F.);
#2097 = PLANE('',#2098);
#2098 = AXIS2_PLACEMENT_3D('',#2099,#2100,#2101);
#2099 = CARTESIAN_POINT('',(-1.7,0.875277674973,1.25));
#2100 = DIRECTION('',(0.,0.,1.));
#2101 = DIRECTION('',(0.,1.,0.));
#2102 = ADVANCED_FACE('',(#2103),#2114,.T.);
#2103 = FACE_BOUND('',#2104,.T.);
#2104 = EDGE_LOOP('',(#2105,#2111,#2112,#2113));
#2105 = ORIENTED_EDGE('',*,*,#2106,.T.);
#2106 = EDGE_CURVE('',#716,#1267,#2107,.T.);
#2107 = LINE('',#2108,#2109);
#2108 = CARTESIAN_POINT('',(-1.7,0.5,1.9));
#2109 = VECTOR('',#2110,1.);
#2110 = DIRECTION('',(1.,0.,0.));
#2111 = ORIENTED_EDGE('',*,*,#1274,.T.);
#2112 = ORIENTED_EDGE('',*,*,#2089,.F.);
#2113 = ORIENTED_EDGE('',*,*,#723,.F.);
#2114 = PLANE('',#2115);
#2115 = AXIS2_PLACEMENT_3D('',#2116,#2117,#2118);
#2116 = CARTESIAN_POINT('',(-1.7,0.5,1.9));
#2117 = DIRECTION('',(0.,0.866025403784,0.5));
#2118 = DIRECTION('',(0.,0.5,-0.866025403784));
#2119 = ADVANCED_FACE('',(#2120),#2252,.T.);
#2120 = FACE_BOUND('',#2121,.T.);
#2121 = EDGE_LOOP('',(#2122,#2123,#2124,#2132,#2140,#2148,#2156,#2165,
    #2173,#2181,#2189,#2197,#2205,#2214,#2222,#2230,#2238,#2244,#2245,
    #2246));
#2122 = ORIENTED_EDGE('',*,*,#707,.F.);
#2123 = ORIENTED_EDGE('',*,*,#1181,.T.);
#2124 = ORIENTED_EDGE('',*,*,#2125,.F.);
#2125 = EDGE_CURVE('',#2126,#1174,#2128,.T.);
#2126 = VERTEX_POINT('',#2127);
#2127 = CARTESIAN_POINT('',(-0.8,-1.6,6.8));
#2128 = LINE('',#2129,#2130);
#2129 = CARTESIAN_POINT('',(-0.8,-1.6,6.9));
#2130 = VECTOR('',#2131,1.);
#2131 = DIRECTION('',(0.,0.,1.));
#2132 = ORIENTED_EDGE('',*,*,#2133,.F.);
#2133 = EDGE_CURVE('',#2134,#2126,#2136,.T.);
#2134 = VERTEX_POINT('',#2135);
#2135 = CARTESIAN_POINT('',(-0.4,-1.6,6.4));
#2136 = LINE('',#2137,#2138);
#2137 = CARTESIAN_POINT('',(-0.875,-1.6,6.875));
#2138 = VECTOR('',#2139,1.);
#2139 = DIRECTION('',(-0.707106781187,0.,0.707106781187));
#2140 = ORIENTED_EDGE('',*,*,#2141,.F.);
#2141 = EDGE_CURVE('',#2142,#2134,#2144,.T.);
#2142 = VERTEX_POINT('',#2143);
#2143 = CARTESIAN_POINT('',(-0.8,-1.6,6.));
#2144 = LINE('',#2145,#2146);
#2145 = CARTESIAN_POINT('',(-0.775,-1.6,6.025));
#2146 = VECTOR('',#2147,1.);
#2147 = DIRECTION('',(0.707106781187,0.,0.707106781187));
#2148 = ORIENTED_EDGE('',*,*,#2149,.F.);
#2149 = EDGE_CURVE('',#2150,#2142,#2152,.T.);
#2150 = VERTEX_POINT('',#2151);
#2151 = CARTESIAN_POINT('',(-0.8,-1.6,3.9));
#2152 = LINE('',#2153,#2154);
#2153 = CARTESIAN_POINT('',(-0.8,-1.6,5.45));
#2154 = VECTOR('',#2155,1.);
#2155 = DIRECTION('',(0.,0.,1.));
#2156 = ORIENTED_EDGE('',*,*,#2157,.F.);
#2157 = EDGE_CURVE('',#2158,#2150,#2160,.T.);
#2158 = VERTEX_POINT('',#2159);
#2159 = CARTESIAN_POINT('',(-0.1,-1.6,3.2));
#2160 = CIRCLE('',#2161,0.7);
#2161 = AXIS2_PLACEMENT_3D('',#2162,#2163,#2164);
#2162 = CARTESIAN_POINT('',(-0.1,-1.6,3.9));
#2163 = DIRECTION('',(0.,1.,-2.22044604925E-16));
#2164 = DIRECTION('',(1.,0.,0.));
#2165 = ORIENTED_EDGE('',*,*,#2166,.F.);
#2166 = EDGE_CURVE('',#2167,#2158,#2169,.T.);
#2167 = VERTEX_POINT('',#2168);
#2168 = CARTESIAN_POINT('',(1.05,-1.6,3.2));
#2169 = LINE('',#2170,#2171);
#2170 = CARTESIAN_POINT('',(-0.325,-1.6,3.2));
#2171 = VECTOR('',#2172,1.);
#2172 = DIRECTION('',(-1.,0.,0.));
#2173 = ORIENTED_EDGE('',*,*,#2174,.F.);
#2174 = EDGE_CURVE('',#2175,#2167,#2177,.T.);
#2175 = VERTEX_POINT('',#2176);
#2176 = CARTESIAN_POINT('',(1.05,-1.6,7.));
#2177 = LINE('',#2178,#2179);
#2178 = CARTESIAN_POINT('',(1.05,-1.6,7.));
#2179 = VECTOR('',#2180,1.);
#2180 = DIRECTION('',(0.,0.,-1.));
#2181 = ORIENTED_EDGE('',*,*,#2182,.T.);
#2182 = EDGE_CURVE('',#2175,#2183,#2185,.T.);
#2183 = VERTEX_POINT('',#2184);
#2184 = CARTESIAN_POINT('',(13.95,-1.6,7.));
#2185 = LINE('',#2186,#2187);
#2186 = CARTESIAN_POINT('',(-1.7,-1.6,7.));
#2187 = VECTOR('',#2188,1.);
#2188 = DIRECTION('',(1.,0.,0.));
#2189 = ORIENTED_EDGE('',*,*,#2190,.T.);
#2190 = EDGE_CURVE('',#2183,#2191,#2193,.T.);
#2191 = VERTEX_POINT('',#2192);
#2192 = CARTESIAN_POINT('',(13.95,-1.6,3.2));
#2193 = LINE('',#2194,#2195);
#2194 = CARTESIAN_POINT('',(13.95,-1.6,7.));
#2195 = VECTOR('',#2196,1.);
#2196 = DIRECTION('',(0.,0.,-1.));
#2197 = ORIENTED_EDGE('',*,*,#2198,.T.);
#2198 = EDGE_CURVE('',#2191,#2199,#2201,.T.);
#2199 = VERTEX_POINT('',#2200);
#2200 = CARTESIAN_POINT('',(15.1,-1.6,3.2));
#2201 = LINE('',#2202,#2203);
#2202 = CARTESIAN_POINT('',(6.125,-1.6,3.2));
#2203 = VECTOR('',#2204,1.);
#2204 = DIRECTION('',(1.,0.,0.));
#2205 = ORIENTED_EDGE('',*,*,#2206,.F.);
#2206 = EDGE_CURVE('',#2207,#2199,#2209,.T.);
#2207 = VERTEX_POINT('',#2208);
#2208 = CARTESIAN_POINT('',(15.8,-1.6,3.9));
#2209 = CIRCLE('',#2210,0.7);
#2210 = AXIS2_PLACEMENT_3D('',#2211,#2212,#2213);
#2211 = CARTESIAN_POINT('',(15.1,-1.6,3.9));
#2212 = DIRECTION('',(0.,1.,-2.22044604925E-16));
#2213 = DIRECTION('',(1.,0.,0.));
#2214 = ORIENTED_EDGE('',*,*,#2215,.T.);
#2215 = EDGE_CURVE('',#2207,#2216,#2218,.T.);
#2216 = VERTEX_POINT('',#2217);
#2217 = CARTESIAN_POINT('',(15.8,-1.6,6.));
#2218 = LINE('',#2219,#2220);
#2219 = CARTESIAN_POINT('',(15.8,-1.6,5.45));
#2220 = VECTOR('',#2221,1.);
#2221 = DIRECTION('',(0.,0.,1.));
#2222 = ORIENTED_EDGE('',*,*,#2223,.T.);
#2223 = EDGE_CURVE('',#2216,#2224,#2226,.T.);
#2224 = VERTEX_POINT('',#2225);
#2225 = CARTESIAN_POINT('',(15.4,-1.6,6.4));
#2226 = LINE('',#2227,#2228);
#2227 = CARTESIAN_POINT('',(11.175,-1.6,10.625));
#2228 = VECTOR('',#2229,1.);
#2229 = DIRECTION('',(-0.707106781187,0.,0.707106781187));
#2230 = ORIENTED_EDGE('',*,*,#2231,.T.);
#2231 = EDGE_CURVE('',#2224,#2232,#2234,.T.);
#2232 = VERTEX_POINT('',#2233);
#2233 = CARTESIAN_POINT('',(15.8,-1.6,6.8));
#2234 = LINE('',#2235,#2236);
#2235 = CARTESIAN_POINT('',(11.275,-1.6,2.275));
#2236 = VECTOR('',#2237,1.);
#2237 = DIRECTION('',(0.707106781187,0.,0.707106781187));
#2238 = ORIENTED_EDGE('',*,*,#2239,.T.);
#2239 = EDGE_CURVE('',#2232,#2047,#2240,.T.);
#2240 = LINE('',#2241,#2242);
#2241 = CARTESIAN_POINT('',(15.8,-1.6,6.9));
#2242 = VECTOR('',#2243,1.);
#2243 = DIRECTION('',(-8.881784197001E-15,0.,1.));
#2244 = ORIENTED_EDGE('',*,*,#2063,.T.);
#2245 = ORIENTED_EDGE('',*,*,#1258,.T.);
#2246 = ORIENTED_EDGE('',*,*,#2247,.F.);
#2247 = EDGE_CURVE('',#708,#1259,#2248,.T.);
#2248 = LINE('',#2249,#2250);
#2249 = CARTESIAN_POINT('',(-1.7,-1.6,1.9));
#2250 = VECTOR('',#2251,1.);
#2251 = DIRECTION('',(1.,0.,0.));
#2252 = PLANE('',#2253);
#2253 = AXIS2_PLACEMENT_3D('',#2254,#2255,#2256);
#2254 = CARTESIAN_POINT('',(-1.7,-1.6,7.));
#2255 = DIRECTION('',(0.,1.,0.));
#2256 = DIRECTION('',(0.,0.,-1.));
#2257 = ADVANCED_FACE('',(#2258,#2264,#2298,#2332,#2366,#2400,#2434,
    #2468),#2502,.T.);
#2258 = FACE_BOUND('',#2259,.T.);
#2259 = EDGE_LOOP('',(#2260,#2261,#2262,#2263));
#2260 = ORIENTED_EDGE('',*,*,#2247,.T.);
#2261 = ORIENTED_EDGE('',*,*,#1266,.T.);
#2262 = ORIENTED_EDGE('',*,*,#2106,.F.);
#2263 = ORIENTED_EDGE('',*,*,#715,.F.);
#2264 = FACE_BOUND('',#2265,.T.);
#2265 = EDGE_LOOP('',(#2266,#2276,#2284,#2292));
#2266 = ORIENTED_EDGE('',*,*,#2267,.F.);
#2267 = EDGE_CURVE('',#2268,#2270,#2272,.T.);
#2268 = VERTEX_POINT('',#2269);
#2269 = CARTESIAN_POINT('',(14.68,-0.32,1.9));
#2270 = VERTEX_POINT('',#2271);
#2271 = CARTESIAN_POINT('',(15.32,-0.32,1.9));
#2272 = LINE('',#2273,#2274);
#2273 = CARTESIAN_POINT('',(6.81,-0.32,1.9));
#2274 = VECTOR('',#2275,1.);
#2275 = DIRECTION('',(1.,0.,0.));
#2276 = ORIENTED_EDGE('',*,*,#2277,.T.);
#2277 = EDGE_CURVE('',#2268,#2278,#2280,.T.);
#2278 = VERTEX_POINT('',#2279);
#2279 = CARTESIAN_POINT('',(14.68,0.32,1.9));
#2280 = LINE('',#2281,#2282);
#2281 = CARTESIAN_POINT('',(14.68,-0.8,1.9));
#2282 = VECTOR('',#2283,1.);
#2283 = DIRECTION('',(0.,1.,0.));
#2284 = ORIENTED_EDGE('',*,*,#2285,.F.);
#2285 = EDGE_CURVE('',#2286,#2278,#2288,.T.);
#2286 = VERTEX_POINT('',#2287);
#2287 = CARTESIAN_POINT('',(15.32,0.32,1.9));
#2288 = LINE('',#2289,#2290);
#2289 = CARTESIAN_POINT('',(6.81,0.32,1.9));
#2290 = VECTOR('',#2291,1.);
#2291 = DIRECTION('',(-1.,0.,0.));
#2292 = ORIENTED_EDGE('',*,*,#2293,.F.);
#2293 = EDGE_CURVE('',#2270,#2286,#2294,.T.);
#2294 = LINE('',#2295,#2296);
#2295 = CARTESIAN_POINT('',(15.32,-0.8,1.9));
#2296 = VECTOR('',#2297,1.);
#2297 = DIRECTION('',(0.,1.,0.));
#2298 = FACE_BOUND('',#2299,.T.);
#2299 = EDGE_LOOP('',(#2300,#2310,#2318,#2326));
#2300 = ORIENTED_EDGE('',*,*,#2301,.F.);
#2301 = EDGE_CURVE('',#2302,#2304,#2306,.T.);
#2302 = VERTEX_POINT('',#2303);
#2303 = CARTESIAN_POINT('',(12.18,-0.32,1.9));
#2304 = VERTEX_POINT('',#2305);
#2305 = CARTESIAN_POINT('',(12.82,-0.32,1.9));
#2306 = LINE('',#2307,#2308);
#2307 = CARTESIAN_POINT('',(5.56,-0.32,1.9));
#2308 = VECTOR('',#2309,1.);
#2309 = DIRECTION('',(1.,0.,0.));
#2310 = ORIENTED_EDGE('',*,*,#2311,.T.);
#2311 = EDGE_CURVE('',#2302,#2312,#2314,.T.);
#2312 = VERTEX_POINT('',#2313);
#2313 = CARTESIAN_POINT('',(12.18,0.32,1.9));
#2314 = LINE('',#2315,#2316);
#2315 = CARTESIAN_POINT('',(12.18,-0.8,1.9));
#2316 = VECTOR('',#2317,1.);
#2317 = DIRECTION('',(0.,1.,0.));
#2318 = ORIENTED_EDGE('',*,*,#2319,.F.);
#2319 = EDGE_CURVE('',#2320,#2312,#2322,.T.);
#2320 = VERTEX_POINT('',#2321);
#2321 = CARTESIAN_POINT('',(12.82,0.32,1.9));
#2322 = LINE('',#2323,#2324);
#2323 = CARTESIAN_POINT('',(5.56,0.32,1.9));
#2324 = VECTOR('',#2325,1.);
#2325 = DIRECTION('',(-1.,0.,0.));
#2326 = ORIENTED_EDGE('',*,*,#2327,.F.);
#2327 = EDGE_CURVE('',#2304,#2320,#2328,.T.);
#2328 = LINE('',#2329,#2330);
#2329 = CARTESIAN_POINT('',(12.82,-0.8,1.9));
#2330 = VECTOR('',#2331,1.);
#2331 = DIRECTION('',(0.,1.,0.));
#2332 = FACE_BOUND('',#2333,.T.);
#2333 = EDGE_LOOP('',(#2334,#2344,#2352,#2360));
#2334 = ORIENTED_EDGE('',*,*,#2335,.F.);
#2335 = EDGE_CURVE('',#2336,#2338,#2340,.T.);
#2336 = VERTEX_POINT('',#2337);
#2337 = CARTESIAN_POINT('',(9.68,-0.32,1.9));
#2338 = VERTEX_POINT('',#2339);
#2339 = CARTESIAN_POINT('',(10.32,-0.32,1.9));
#2340 = LINE('',#2341,#2342);
#2341 = CARTESIAN_POINT('',(4.31,-0.32,1.9));
#2342 = VECTOR('',#2343,1.);
#2343 = DIRECTION('',(1.,0.,0.));
#2344 = ORIENTED_EDGE('',*,*,#2345,.T.);
#2345 = EDGE_CURVE('',#2336,#2346,#2348,.T.);
#2346 = VERTEX_POINT('',#2347);
#2347 = CARTESIAN_POINT('',(9.68,0.32,1.9));
#2348 = LINE('',#2349,#2350);
#2349 = CARTESIAN_POINT('',(9.68,-0.8,1.9));
#2350 = VECTOR('',#2351,1.);
#2351 = DIRECTION('',(0.,1.,0.));
#2352 = ORIENTED_EDGE('',*,*,#2353,.F.);
#2353 = EDGE_CURVE('',#2354,#2346,#2356,.T.);
#2354 = VERTEX_POINT('',#2355);
#2355 = CARTESIAN_POINT('',(10.32,0.32,1.9));
#2356 = LINE('',#2357,#2358);
#2357 = CARTESIAN_POINT('',(4.31,0.32,1.9));
#2358 = VECTOR('',#2359,1.);
#2359 = DIRECTION('',(-1.,0.,0.));
#2360 = ORIENTED_EDGE('',*,*,#2361,.F.);
#2361 = EDGE_CURVE('',#2338,#2354,#2362,.T.);
#2362 = LINE('',#2363,#2364);
#2363 = CARTESIAN_POINT('',(10.32,-0.8,1.9));
#2364 = VECTOR('',#2365,1.);
#2365 = DIRECTION('',(0.,1.,0.));
#2366 = FACE_BOUND('',#2367,.T.);
#2367 = EDGE_LOOP('',(#2368,#2378,#2386,#2394));
#2368 = ORIENTED_EDGE('',*,*,#2369,.F.);
#2369 = EDGE_CURVE('',#2370,#2372,#2374,.T.);
#2370 = VERTEX_POINT('',#2371);
#2371 = CARTESIAN_POINT('',(7.18,-0.32,1.9));
#2372 = VERTEX_POINT('',#2373);
#2373 = CARTESIAN_POINT('',(7.82,-0.32,1.9));
#2374 = LINE('',#2375,#2376);
#2375 = CARTESIAN_POINT('',(3.06,-0.32,1.9));
#2376 = VECTOR('',#2377,1.);
#2377 = DIRECTION('',(1.,0.,0.));
#2378 = ORIENTED_EDGE('',*,*,#2379,.T.);
#2379 = EDGE_CURVE('',#2370,#2380,#2382,.T.);
#2380 = VERTEX_POINT('',#2381);
#2381 = CARTESIAN_POINT('',(7.18,0.32,1.9));
#2382 = LINE('',#2383,#2384);
#2383 = CARTESIAN_POINT('',(7.18,-0.8,1.9));
#2384 = VECTOR('',#2385,1.);
#2385 = DIRECTION('',(0.,1.,0.));
#2386 = ORIENTED_EDGE('',*,*,#2387,.F.);
#2387 = EDGE_CURVE('',#2388,#2380,#2390,.T.);
#2388 = VERTEX_POINT('',#2389);
#2389 = CARTESIAN_POINT('',(7.82,0.32,1.9));
#2390 = LINE('',#2391,#2392);
#2391 = CARTESIAN_POINT('',(3.06,0.32,1.9));
#2392 = VECTOR('',#2393,1.);
#2393 = DIRECTION('',(-1.,0.,0.));
#2394 = ORIENTED_EDGE('',*,*,#2395,.F.);
#2395 = EDGE_CURVE('',#2372,#2388,#2396,.T.);
#2396 = LINE('',#2397,#2398);
#2397 = CARTESIAN_POINT('',(7.82,-0.8,1.9));
#2398 = VECTOR('',#2399,1.);
#2399 = DIRECTION('',(0.,1.,0.));
#2400 = FACE_BOUND('',#2401,.T.);
#2401 = EDGE_LOOP('',(#2402,#2412,#2420,#2428));
#2402 = ORIENTED_EDGE('',*,*,#2403,.F.);
#2403 = EDGE_CURVE('',#2404,#2406,#2408,.T.);
#2404 = VERTEX_POINT('',#2405);
#2405 = CARTESIAN_POINT('',(4.68,-0.32,1.9));
#2406 = VERTEX_POINT('',#2407);
#2407 = CARTESIAN_POINT('',(5.32,-0.32,1.9));
#2408 = LINE('',#2409,#2410);
#2409 = CARTESIAN_POINT('',(1.81,-0.32,1.9));
#2410 = VECTOR('',#2411,1.);
#2411 = DIRECTION('',(1.,0.,0.));
#2412 = ORIENTED_EDGE('',*,*,#2413,.T.);
#2413 = EDGE_CURVE('',#2404,#2414,#2416,.T.);
#2414 = VERTEX_POINT('',#2415);
#2415 = CARTESIAN_POINT('',(4.68,0.32,1.9));
#2416 = LINE('',#2417,#2418);
#2417 = CARTESIAN_POINT('',(4.68,-0.8,1.9));
#2418 = VECTOR('',#2419,1.);
#2419 = DIRECTION('',(0.,1.,0.));
#2420 = ORIENTED_EDGE('',*,*,#2421,.F.);
#2421 = EDGE_CURVE('',#2422,#2414,#2424,.T.);
#2422 = VERTEX_POINT('',#2423);
#2423 = CARTESIAN_POINT('',(5.32,0.32,1.9));
#2424 = LINE('',#2425,#2426);
#2425 = CARTESIAN_POINT('',(1.81,0.32,1.9));
#2426 = VECTOR('',#2427,1.);
#2427 = DIRECTION('',(-1.,0.,0.));
#2428 = ORIENTED_EDGE('',*,*,#2429,.F.);
#2429 = EDGE_CURVE('',#2406,#2422,#2430,.T.);
#2430 = LINE('',#2431,#2432);
#2431 = CARTESIAN_POINT('',(5.32,-0.8,1.9));
#2432 = VECTOR('',#2433,1.);
#2433 = DIRECTION('',(0.,1.,0.));
#2434 = FACE_BOUND('',#2435,.T.);
#2435 = EDGE_LOOP('',(#2436,#2446,#2454,#2462));
#2436 = ORIENTED_EDGE('',*,*,#2437,.F.);
#2437 = EDGE_CURVE('',#2438,#2440,#2442,.T.);
#2438 = VERTEX_POINT('',#2439);
#2439 = CARTESIAN_POINT('',(2.18,-0.32,1.9));
#2440 = VERTEX_POINT('',#2441);
#2441 = CARTESIAN_POINT('',(2.82,-0.32,1.9));
#2442 = LINE('',#2443,#2444);
#2443 = CARTESIAN_POINT('',(0.56,-0.32,1.9));
#2444 = VECTOR('',#2445,1.);
#2445 = DIRECTION('',(1.,0.,0.));
#2446 = ORIENTED_EDGE('',*,*,#2447,.T.);
#2447 = EDGE_CURVE('',#2438,#2448,#2450,.T.);
#2448 = VERTEX_POINT('',#2449);
#2449 = CARTESIAN_POINT('',(2.18,0.32,1.9));
#2450 = LINE('',#2451,#2452);
#2451 = CARTESIAN_POINT('',(2.18,-0.8,1.9));
#2452 = VECTOR('',#2453,1.);
#2453 = DIRECTION('',(0.,1.,0.));
#2454 = ORIENTED_EDGE('',*,*,#2455,.F.);
#2455 = EDGE_CURVE('',#2456,#2448,#2458,.T.);
#2456 = VERTEX_POINT('',#2457);
#2457 = CARTESIAN_POINT('',(2.82,0.32,1.9));
#2458 = LINE('',#2459,#2460);
#2459 = CARTESIAN_POINT('',(0.56,0.32,1.9));
#2460 = VECTOR('',#2461,1.);
#2461 = DIRECTION('',(-1.,0.,0.));
#2462 = ORIENTED_EDGE('',*,*,#2463,.F.);
#2463 = EDGE_CURVE('',#2440,#2456,#2464,.T.);
#2464 = LINE('',#2465,#2466);
#2465 = CARTESIAN_POINT('',(2.82,-0.8,1.9));
#2466 = VECTOR('',#2467,1.);
#2467 = DIRECTION('',(0.,1.,0.));
#2468 = FACE_BOUND('',#2469,.T.);
#2469 = EDGE_LOOP('',(#2470,#2480,#2488,#2496));
#2470 = ORIENTED_EDGE('',*,*,#2471,.F.);
#2471 = EDGE_CURVE('',#2472,#2474,#2476,.T.);
#2472 = VERTEX_POINT('',#2473);
#2473 = CARTESIAN_POINT('',(-0.32,-0.32,1.9));
#2474 = VERTEX_POINT('',#2475);
#2475 = CARTESIAN_POINT('',(0.32,-0.32,1.9));
#2476 = LINE('',#2477,#2478);
#2477 = CARTESIAN_POINT('',(-0.69,-0.32,1.9));
#2478 = VECTOR('',#2479,1.);
#2479 = DIRECTION('',(1.,0.,0.));
#2480 = ORIENTED_EDGE('',*,*,#2481,.T.);
#2481 = EDGE_CURVE('',#2472,#2482,#2484,.T.);
#2482 = VERTEX_POINT('',#2483);
#2483 = CARTESIAN_POINT('',(-0.32,0.32,1.9));
#2484 = LINE('',#2485,#2486);
#2485 = CARTESIAN_POINT('',(-0.32,-0.8,1.9));
#2486 = VECTOR('',#2487,1.);
#2487 = DIRECTION('',(0.,1.,0.));
#2488 = ORIENTED_EDGE('',*,*,#2489,.F.);
#2489 = EDGE_CURVE('',#2490,#2482,#2492,.T.);
#2490 = VERTEX_POINT('',#2491);
#2491 = CARTESIAN_POINT('',(0.32,0.32,1.9));
#2492 = LINE('',#2493,#2494);
#2493 = CARTESIAN_POINT('',(-0.69,0.32,1.9));
#2494 = VECTOR('',#2495,1.);
#2495 = DIRECTION('',(-1.,0.,0.));
#2496 = ORIENTED_EDGE('',*,*,#2497,.F.);
#2497 = EDGE_CURVE('',#2474,#2490,#2498,.T.);
#2498 = LINE('',#2499,#2500);
#2499 = CARTESIAN_POINT('',(0.32,-0.8,1.9));
#2500 = VECTOR('',#2501,1.);
#2501 = DIRECTION('',(0.,1.,0.));
#2502 = PLANE('',#2503);
#2503 = AXIS2_PLACEMENT_3D('',#2504,#2505,#2506);
#2504 = CARTESIAN_POINT('',(-1.7,-1.6,1.9));
#2505 = DIRECTION('',(0.,0.,1.));
#2506 = DIRECTION('',(0.,1.,0.));
#2507 = ADVANCED_FACE('',(#2508),#2519,.T.);
#2508 = FACE_BOUND('',#2509,.T.);
#2509 = EDGE_LOOP('',(#2510,#2511,#2512,#2518));
#2510 = ORIENTED_EDGE('',*,*,#1143,.T.);
#2511 = ORIENTED_EDGE('',*,*,#1421,.T.);
#2512 = ORIENTED_EDGE('',*,*,#2513,.F.);
#2513 = EDGE_CURVE('',#1536,#1422,#2514,.T.);
#2514 = LINE('',#2515,#2516);
#2515 = CARTESIAN_POINT('',(0.95,-1.,0.2));
#2516 = VECTOR('',#2517,1.);
#2517 = DIRECTION('',(-1.,-0.,-0.));
#2518 = ORIENTED_EDGE('',*,*,#1535,.F.);
#2519 = PLANE('',#2520);
#2520 = AXIS2_PLACEMENT_3D('',#2521,#2522,#2523);
#2521 = CARTESIAN_POINT('',(0.95,-2.35,0.587106270774));
#2522 = DIRECTION('',(0.,-0.275637355817,-0.961261695938));
#2523 = DIRECTION('',(0.,0.961261695938,-0.275637355817));
#2524 = ADVANCED_FACE('',(#2525),#2536,.T.);
#2525 = FACE_BOUND('',#2526,.T.);
#2526 = EDGE_LOOP('',(#2527,#2528,#2529,#2535));
#2527 = ORIENTED_EDGE('',*,*,#1111,.T.);
#2528 = ORIENTED_EDGE('',*,*,#1631,.T.);
#2529 = ORIENTED_EDGE('',*,*,#2530,.F.);
#2530 = EDGE_CURVE('',#1746,#1632,#2531,.T.);
#2531 = LINE('',#2532,#2533);
#2532 = CARTESIAN_POINT('',(3.45,-1.,0.2));
#2533 = VECTOR('',#2534,1.);
#2534 = DIRECTION('',(-1.,-0.,-0.));
#2535 = ORIENTED_EDGE('',*,*,#1745,.F.);
#2536 = PLANE('',#2537);
#2537 = AXIS2_PLACEMENT_3D('',#2538,#2539,#2540);
#2538 = CARTESIAN_POINT('',(3.45,-2.35,0.587106270774));
#2539 = DIRECTION('',(0.,-0.275637355817,-0.961261695938));
#2540 = DIRECTION('',(0.,0.961261695938,-0.275637355817));
#2541 = ADVANCED_FACE('',(#2542),#2553,.T.);
#2542 = FACE_BOUND('',#2543,.T.);
#2543 = EDGE_LOOP('',(#2544,#2545,#2546,#2552));
#2544 = ORIENTED_EDGE('',*,*,#1079,.T.);
#2545 = ORIENTED_EDGE('',*,*,#1841,.T.);
#2546 = ORIENTED_EDGE('',*,*,#2547,.F.);
#2547 = EDGE_CURVE('',#1956,#1842,#2548,.T.);
#2548 = LINE('',#2549,#2550);
#2549 = CARTESIAN_POINT('',(5.95,-1.,0.2));
#2550 = VECTOR('',#2551,1.);
#2551 = DIRECTION('',(-1.,-0.,-0.));
#2552 = ORIENTED_EDGE('',*,*,#1955,.F.);
#2553 = PLANE('',#2554);
#2554 = AXIS2_PLACEMENT_3D('',#2555,#2556,#2557);
#2555 = CARTESIAN_POINT('',(5.95,-2.35,0.587106270774));
#2556 = DIRECTION('',(0.,-0.275637355817,-0.961261695938));
#2557 = DIRECTION('',(0.,0.961261695938,-0.275637355817));
#2558 = ADVANCED_FACE('',(#2559),#2570,.T.);
#2559 = FACE_BOUND('',#2560,.T.);
#2560 = EDGE_LOOP('',(#2561,#2562,#2563,#2569));
#2561 = ORIENTED_EDGE('',*,*,#1047,.T.);
#2562 = ORIENTED_EDGE('',*,*,#1986,.T.);
#2563 = ORIENTED_EDGE('',*,*,#2564,.F.);
#2564 = EDGE_CURVE('',#1875,#1987,#2565,.T.);
#2565 = LINE('',#2566,#2567);
#2566 = CARTESIAN_POINT('',(8.45,-1.,0.2));
#2567 = VECTOR('',#2568,1.);
#2568 = DIRECTION('',(-1.,-0.,-0.));
#2569 = ORIENTED_EDGE('',*,*,#1874,.F.);
#2570 = PLANE('',#2571);
#2571 = AXIS2_PLACEMENT_3D('',#2572,#2573,#2574);
#2572 = CARTESIAN_POINT('',(8.45,-2.35,0.587106270774));
#2573 = DIRECTION('',(0.,-0.275637355817,-0.961261695938));
#2574 = DIRECTION('',(0.,0.961261695938,-0.275637355817));
#2575 = ADVANCED_FACE('',(#2576),#2587,.T.);
#2576 = FACE_BOUND('',#2577,.T.);
#2577 = EDGE_LOOP('',(#2578,#2579,#2580,#2586));
#2578 = ORIENTED_EDGE('',*,*,#1015,.T.);
#2579 = ORIENTED_EDGE('',*,*,#1776,.T.);
#2580 = ORIENTED_EDGE('',*,*,#2581,.F.);
#2581 = EDGE_CURVE('',#1665,#1777,#2582,.T.);
#2582 = LINE('',#2583,#2584);
#2583 = CARTESIAN_POINT('',(10.95,-1.,0.2));
#2584 = VECTOR('',#2585,1.);
#2585 = DIRECTION('',(-1.,-0.,-0.));
#2586 = ORIENTED_EDGE('',*,*,#1664,.F.);
#2587 = PLANE('',#2588);
#2588 = AXIS2_PLACEMENT_3D('',#2589,#2590,#2591);
#2589 = CARTESIAN_POINT('',(10.95,-2.35,0.587106270774));
#2590 = DIRECTION('',(0.,-0.275637355817,-0.961261695938));
#2591 = DIRECTION('',(0.,0.961261695938,-0.275637355817));
#2592 = ADVANCED_FACE('',(#2593),#2604,.T.);
#2593 = FACE_BOUND('',#2594,.T.);
#2594 = EDGE_LOOP('',(#2595,#2596,#2597,#2603));
#2595 = ORIENTED_EDGE('',*,*,#983,.T.);
#2596 = ORIENTED_EDGE('',*,*,#1566,.T.);
#2597 = ORIENTED_EDGE('',*,*,#2598,.F.);
#2598 = EDGE_CURVE('',#1455,#1567,#2599,.T.);
#2599 = LINE('',#2600,#2601);
#2600 = CARTESIAN_POINT('',(13.45,-1.,0.2));
#2601 = VECTOR('',#2602,1.);
#2602 = DIRECTION('',(-1.,-0.,-0.));
#2603 = ORIENTED_EDGE('',*,*,#1454,.F.);
#2604 = PLANE('',#2605);
#2605 = AXIS2_PLACEMENT_3D('',#2606,#2607,#2608);
#2606 = CARTESIAN_POINT('',(13.45,-2.35,0.587106270774));
#2607 = DIRECTION('',(0.,-0.275637355817,-0.961261695938));
#2608 = DIRECTION('',(0.,0.961261695938,-0.275637355817));
#2609 = ADVANCED_FACE('',(#2610),#2621,.T.);
#2610 = FACE_BOUND('',#2611,.T.);
#2611 = EDGE_LOOP('',(#2612,#2613,#2614,#2620));
#2612 = ORIENTED_EDGE('',*,*,#951,.T.);
#2613 = ORIENTED_EDGE('',*,*,#1373,.T.);
#2614 = ORIENTED_EDGE('',*,*,#2615,.F.);
#2615 = EDGE_CURVE('',#1317,#1374,#2616,.T.);
#2616 = LINE('',#2617,#2618);
#2617 = CARTESIAN_POINT('',(15.95,-1.,0.2));
#2618 = VECTOR('',#2619,1.);
#2619 = DIRECTION('',(-1.,-0.,-0.));
#2620 = ORIENTED_EDGE('',*,*,#1316,.F.);
#2621 = PLANE('',#2622);
#2622 = AXIS2_PLACEMENT_3D('',#2623,#2624,#2625);
#2623 = CARTESIAN_POINT('',(15.95,-2.35,0.587106270774));
#2624 = DIRECTION('',(0.,-0.275637355817,-0.961261695938));
#2625 = DIRECTION('',(0.,0.961261695938,-0.275637355817));
#2626 = ADVANCED_FACE('',(#2627),#2638,.T.);
#2627 = FACE_BOUND('',#2628,.T.);
#2628 = EDGE_LOOP('',(#2629,#2630,#2636,#2637));
#2629 = ORIENTED_EDGE('',*,*,#2239,.F.);
#2630 = ORIENTED_EDGE('',*,*,#2631,.T.);
#2631 = EDGE_CURVE('',#2232,#913,#2632,.T.);
#2632 = LINE('',#2633,#2634);
#2633 = CARTESIAN_POINT('',(15.8,1.50990331349E-15,6.8));
#2634 = VECTOR('',#2635,1.);
#2635 = DIRECTION('',(0.,-1.,2.22044604925E-16));
#2636 = ORIENTED_EDGE('',*,*,#920,.T.);
#2637 = ORIENTED_EDGE('',*,*,#2046,.F.);
#2638 = PLANE('',#2639);
#2639 = AXIS2_PLACEMENT_3D('',#2640,#2641,#2642);
#2640 = CARTESIAN_POINT('',(15.8,1.50990331349E-15,6.8));
#2641 = DIRECTION('',(-1.,-1.972152263053E-30,-8.881784197001E-15));
#2642 = DIRECTION('',(-8.881784197001E-15,2.22044604925E-16,1.));
#2643 = ADVANCED_FACE('',(#2644),#2655,.T.);
#2644 = FACE_BOUND('',#2645,.T.);
#2645 = EDGE_LOOP('',(#2646,#2647,#2653,#2654));
#2646 = ORIENTED_EDGE('',*,*,#2231,.F.);
#2647 = ORIENTED_EDGE('',*,*,#2648,.T.);
#2648 = EDGE_CURVE('',#2224,#905,#2649,.T.);
#2649 = LINE('',#2650,#2651);
#2650 = CARTESIAN_POINT('',(15.4,1.42108547152E-15,6.4));
#2651 = VECTOR('',#2652,1.);
#2652 = DIRECTION('',(0.,-1.,2.22044604925E-16));
#2653 = ORIENTED_EDGE('',*,*,#912,.T.);
#2654 = ORIENTED_EDGE('',*,*,#2631,.F.);
#2655 = PLANE('',#2656);
#2656 = AXIS2_PLACEMENT_3D('',#2657,#2658,#2659);
#2657 = CARTESIAN_POINT('',(15.4,1.42108547152E-15,6.4));
#2658 = DIRECTION('',(-0.707106781187,1.570092458684E-16,0.707106781187)
  );
#2659 = DIRECTION('',(0.707106781187,1.570092458684E-16,0.707106781187)
  );
#2660 = ADVANCED_FACE('',(#2661),#2672,.T.);
#2661 = FACE_BOUND('',#2662,.T.);
#2662 = EDGE_LOOP('',(#2663,#2664,#2670,#2671));
#2663 = ORIENTED_EDGE('',*,*,#2223,.F.);
#2664 = ORIENTED_EDGE('',*,*,#2665,.T.);
#2665 = EDGE_CURVE('',#2216,#897,#2666,.T.);
#2666 = LINE('',#2667,#2668);
#2667 = CARTESIAN_POINT('',(15.8,1.33226762955E-15,6.));
#2668 = VECTOR('',#2669,1.);
#2669 = DIRECTION('',(0.,-1.,2.22044604925E-16));
#2670 = ORIENTED_EDGE('',*,*,#904,.T.);
#2671 = ORIENTED_EDGE('',*,*,#2648,.F.);
#2672 = PLANE('',#2673);
#2673 = AXIS2_PLACEMENT_3D('',#2674,#2675,#2676);
#2674 = CARTESIAN_POINT('',(15.8,1.33226762955E-15,6.));
#2675 = DIRECTION('',(-0.707106781187,-1.570092458684E-16,
    -0.707106781187));
#2676 = DIRECTION('',(-0.707106781187,1.570092458684E-16,0.707106781187)
  );
#2677 = ADVANCED_FACE('',(#2678),#2689,.T.);
#2678 = FACE_BOUND('',#2679,.T.);
#2679 = EDGE_LOOP('',(#2680,#2681,#2687,#2688));
#2680 = ORIENTED_EDGE('',*,*,#2215,.F.);
#2681 = ORIENTED_EDGE('',*,*,#2682,.T.);
#2682 = EDGE_CURVE('',#2207,#888,#2683,.T.);
#2683 = LINE('',#2684,#2685);
#2684 = CARTESIAN_POINT('',(15.8,8.659739592076E-16,3.9));
#2685 = VECTOR('',#2686,1.);
#2686 = DIRECTION('',(0.,-1.,2.22044604925E-16));
#2687 = ORIENTED_EDGE('',*,*,#896,.T.);
#2688 = ORIENTED_EDGE('',*,*,#2665,.F.);
#2689 = PLANE('',#2690);
#2690 = AXIS2_PLACEMENT_3D('',#2691,#2692,#2693);
#2691 = CARTESIAN_POINT('',(15.8,8.659739592076E-16,3.9));
#2692 = DIRECTION('',(-1.,0.,0.));
#2693 = DIRECTION('',(0.,2.22044604925E-16,1.));
#2694 = ADVANCED_FACE('',(#2695),#2706,.F.);
#2695 = FACE_BOUND('',#2696,.T.);
#2696 = EDGE_LOOP('',(#2697,#2698,#2704,#2705));
#2697 = ORIENTED_EDGE('',*,*,#2206,.T.);
#2698 = ORIENTED_EDGE('',*,*,#2699,.T.);
#2699 = EDGE_CURVE('',#2199,#880,#2700,.T.);
#2700 = LINE('',#2701,#2702);
#2701 = CARTESIAN_POINT('',(15.1,7.105427357601E-16,3.2));
#2702 = VECTOR('',#2703,1.);
#2703 = DIRECTION('',(0.,-1.,2.22044604925E-16));
#2704 = ORIENTED_EDGE('',*,*,#887,.F.);
#2705 = ORIENTED_EDGE('',*,*,#2682,.F.);
#2706 = CYLINDRICAL_SURFACE('',#2707,0.7);
#2707 = AXIS2_PLACEMENT_3D('',#2708,#2709,#2710);
#2708 = CARTESIAN_POINT('',(15.1,8.659739592076E-16,3.9));
#2709 = DIRECTION('',(0.,1.,-2.22044604925E-16));
#2710 = DIRECTION('',(1.,0.,0.));
#2711 = ADVANCED_FACE('',(#2712),#2723,.T.);
#2712 = FACE_BOUND('',#2713,.T.);
#2713 = EDGE_LOOP('',(#2714,#2715,#2721,#2722));
#2714 = ORIENTED_EDGE('',*,*,#2198,.F.);
#2715 = ORIENTED_EDGE('',*,*,#2716,.T.);
#2716 = EDGE_CURVE('',#2191,#872,#2717,.T.);
#2717 = LINE('',#2718,#2719);
#2718 = CARTESIAN_POINT('',(13.95,7.105427357601E-16,3.2));
#2719 = VECTOR('',#2720,1.);
#2720 = DIRECTION('',(0.,-1.,2.22044604925E-16));
#2721 = ORIENTED_EDGE('',*,*,#879,.T.);
#2722 = ORIENTED_EDGE('',*,*,#2699,.F.);
#2723 = PLANE('',#2724);
#2724 = AXIS2_PLACEMENT_3D('',#2725,#2726,#2727);
#2725 = CARTESIAN_POINT('',(13.95,7.105427357601E-16,3.2));
#2726 = DIRECTION('',(0.,2.22044604925E-16,1.));
#2727 = DIRECTION('',(1.,0.,0.));
#2728 = ADVANCED_FACE('',(#2729),#2740,.T.);
#2729 = FACE_BOUND('',#2730,.T.);
#2730 = EDGE_LOOP('',(#2731,#2732,#2738,#2739));
#2731 = ORIENTED_EDGE('',*,*,#2190,.F.);
#2732 = ORIENTED_EDGE('',*,*,#2733,.T.);
#2733 = EDGE_CURVE('',#2183,#864,#2734,.T.);
#2734 = LINE('',#2735,#2736);
#2735 = CARTESIAN_POINT('',(13.95,1.554312234475E-15,7.));
#2736 = VECTOR('',#2737,1.);
#2737 = DIRECTION('',(0.,-1.,2.22044604925E-16));
#2738 = ORIENTED_EDGE('',*,*,#871,.T.);
#2739 = ORIENTED_EDGE('',*,*,#2716,.F.);
#2740 = PLANE('',#2741);
#2741 = AXIS2_PLACEMENT_3D('',#2742,#2743,#2744);
#2742 = CARTESIAN_POINT('',(13.95,1.554312234475E-15,7.));
#2743 = DIRECTION('',(1.,0.,0.));
#2744 = DIRECTION('',(0.,-2.22044604925E-16,-1.));
#2745 = ADVANCED_FACE('',(#2746),#2757,.T.);
#2746 = FACE_BOUND('',#2747,.T.);
#2747 = EDGE_LOOP('',(#2748,#2754,#2755,#2756));
#2748 = ORIENTED_EDGE('',*,*,#2749,.T.);
#2749 = EDGE_CURVE('',#2175,#856,#2750,.T.);
#2750 = LINE('',#2751,#2752);
#2751 = CARTESIAN_POINT('',(1.05,1.554312234475E-15,7.));
#2752 = VECTOR('',#2753,1.);
#2753 = DIRECTION('',(0.,-1.,2.22044604925E-16));
#2754 = ORIENTED_EDGE('',*,*,#863,.T.);
#2755 = ORIENTED_EDGE('',*,*,#2733,.F.);
#2756 = ORIENTED_EDGE('',*,*,#2182,.F.);
#2757 = PLANE('',#2758);
#2758 = AXIS2_PLACEMENT_3D('',#2759,#2760,#2761);
#2759 = CARTESIAN_POINT('',(7.5,0.525,7.));
#2760 = DIRECTION('',(0.,0.,1.));
#2761 = DIRECTION('',(1.,0.,0.));
#2762 = ADVANCED_FACE('',(#2763),#2774,.F.);
#2763 = FACE_BOUND('',#2764,.F.);
#2764 = EDGE_LOOP('',(#2765,#2766,#2767,#2768));
#2765 = ORIENTED_EDGE('',*,*,#2174,.F.);
#2766 = ORIENTED_EDGE('',*,*,#2749,.T.);
#2767 = ORIENTED_EDGE('',*,*,#855,.T.);
#2768 = ORIENTED_EDGE('',*,*,#2769,.F.);
#2769 = EDGE_CURVE('',#2167,#848,#2770,.T.);
#2770 = LINE('',#2771,#2772);
#2771 = CARTESIAN_POINT('',(1.05,7.105427357601E-16,3.2));
#2772 = VECTOR('',#2773,1.);
#2773 = DIRECTION('',(0.,-1.,2.22044604925E-16));
#2774 = PLANE('',#2775);
#2775 = AXIS2_PLACEMENT_3D('',#2776,#2777,#2778);
#2776 = CARTESIAN_POINT('',(1.05,1.554312234475E-15,7.));
#2777 = DIRECTION('',(1.,0.,0.));
#2778 = DIRECTION('',(0.,-2.22044604925E-16,-1.));
#2779 = ADVANCED_FACE('',(#2780),#2791,.F.);
#2780 = FACE_BOUND('',#2781,.F.);
#2781 = EDGE_LOOP('',(#2782,#2783,#2784,#2785));
#2782 = ORIENTED_EDGE('',*,*,#2166,.F.);
#2783 = ORIENTED_EDGE('',*,*,#2769,.T.);
#2784 = ORIENTED_EDGE('',*,*,#847,.T.);
#2785 = ORIENTED_EDGE('',*,*,#2786,.F.);
#2786 = EDGE_CURVE('',#2158,#839,#2787,.T.);
#2787 = LINE('',#2788,#2789);
#2788 = CARTESIAN_POINT('',(-0.1,7.105427357601E-16,3.2));
#2789 = VECTOR('',#2790,1.);
#2790 = DIRECTION('',(0.,-1.,2.22044604925E-16));
#2791 = PLANE('',#2792);
#2792 = AXIS2_PLACEMENT_3D('',#2793,#2794,#2795);
#2793 = CARTESIAN_POINT('',(1.05,7.105427357601E-16,3.2));
#2794 = DIRECTION('',(-0.,-2.22044604925E-16,-1.));
#2795 = DIRECTION('',(-1.,0.,0.));
#2796 = ADVANCED_FACE('',(#2797),#2808,.F.);
#2797 = FACE_BOUND('',#2798,.T.);
#2798 = EDGE_LOOP('',(#2799,#2800,#2806,#2807));
#2799 = ORIENTED_EDGE('',*,*,#2157,.T.);
#2800 = ORIENTED_EDGE('',*,*,#2801,.T.);
#2801 = EDGE_CURVE('',#2150,#831,#2802,.T.);
#2802 = LINE('',#2803,#2804);
#2803 = CARTESIAN_POINT('',(-0.8,8.659739592076E-16,3.9));
#2804 = VECTOR('',#2805,1.);
#2805 = DIRECTION('',(0.,-1.,2.22044604925E-16));
#2806 = ORIENTED_EDGE('',*,*,#838,.F.);
#2807 = ORIENTED_EDGE('',*,*,#2786,.F.);
#2808 = CYLINDRICAL_SURFACE('',#2809,0.7);
#2809 = AXIS2_PLACEMENT_3D('',#2810,#2811,#2812);
#2810 = CARTESIAN_POINT('',(-0.1,8.659739592076E-16,3.9));
#2811 = DIRECTION('',(0.,1.,-2.22044604925E-16));
#2812 = DIRECTION('',(1.,0.,0.));
#2813 = ADVANCED_FACE('',(#2814),#2825,.F.);
#2814 = FACE_BOUND('',#2815,.F.);
#2815 = EDGE_LOOP('',(#2816,#2817,#2818,#2819));
#2816 = ORIENTED_EDGE('',*,*,#2149,.F.);
#2817 = ORIENTED_EDGE('',*,*,#2801,.T.);
#2818 = ORIENTED_EDGE('',*,*,#830,.T.);
#2819 = ORIENTED_EDGE('',*,*,#2820,.F.);
#2820 = EDGE_CURVE('',#2142,#823,#2821,.T.);
#2821 = LINE('',#2822,#2823);
#2822 = CARTESIAN_POINT('',(-0.8,1.33226762955E-15,6.));
#2823 = VECTOR('',#2824,1.);
#2824 = DIRECTION('',(0.,-1.,2.22044604925E-16));
#2825 = PLANE('',#2826);
#2826 = AXIS2_PLACEMENT_3D('',#2827,#2828,#2829);
#2827 = CARTESIAN_POINT('',(-0.8,8.659739592076E-16,3.9));
#2828 = DIRECTION('',(-1.,0.,0.));
#2829 = DIRECTION('',(0.,2.22044604925E-16,1.));
#2830 = ADVANCED_FACE('',(#2831),#2842,.F.);
#2831 = FACE_BOUND('',#2832,.F.);
#2832 = EDGE_LOOP('',(#2833,#2834,#2835,#2836));
#2833 = ORIENTED_EDGE('',*,*,#2141,.F.);
#2834 = ORIENTED_EDGE('',*,*,#2820,.T.);
#2835 = ORIENTED_EDGE('',*,*,#822,.T.);
#2836 = ORIENTED_EDGE('',*,*,#2837,.F.);
#2837 = EDGE_CURVE('',#2134,#815,#2838,.T.);
#2838 = LINE('',#2839,#2840);
#2839 = CARTESIAN_POINT('',(-0.4,1.42108547152E-15,6.4));
#2840 = VECTOR('',#2841,1.);
#2841 = DIRECTION('',(0.,-1.,2.22044604925E-16));
#2842 = PLANE('',#2843);
#2843 = AXIS2_PLACEMENT_3D('',#2844,#2845,#2846);
#2844 = CARTESIAN_POINT('',(-0.8,1.33226762955E-15,6.));
#2845 = DIRECTION('',(-0.707106781187,1.570092458684E-16,0.707106781187)
  );
#2846 = DIRECTION('',(0.707106781187,1.570092458684E-16,0.707106781187)
  );
#2847 = ADVANCED_FACE('',(#2848),#2859,.F.);
#2848 = FACE_BOUND('',#2849,.F.);
#2849 = EDGE_LOOP('',(#2850,#2851,#2852,#2853));
#2850 = ORIENTED_EDGE('',*,*,#2133,.F.);
#2851 = ORIENTED_EDGE('',*,*,#2837,.T.);
#2852 = ORIENTED_EDGE('',*,*,#814,.T.);
#2853 = ORIENTED_EDGE('',*,*,#2854,.F.);
#2854 = EDGE_CURVE('',#2126,#807,#2855,.T.);
#2855 = LINE('',#2856,#2857);
#2856 = CARTESIAN_POINT('',(-0.8,1.50990331349E-15,6.8));
#2857 = VECTOR('',#2858,1.);
#2858 = DIRECTION('',(0.,-1.,2.22044604925E-16));
#2859 = PLANE('',#2860);
#2860 = AXIS2_PLACEMENT_3D('',#2861,#2862,#2863);
#2861 = CARTESIAN_POINT('',(-0.4,1.42108547152E-15,6.4));
#2862 = DIRECTION('',(-0.707106781187,-1.570092458684E-16,
    -0.707106781187));
#2863 = DIRECTION('',(-0.707106781187,1.570092458684E-16,0.707106781187)
  );
#2864 = ADVANCED_FACE('',(#2865),#2871,.F.);
#2865 = FACE_BOUND('',#2866,.F.);
#2866 = EDGE_LOOP('',(#2867,#2868,#2869,#2870));
#2867 = ORIENTED_EDGE('',*,*,#2125,.F.);
#2868 = ORIENTED_EDGE('',*,*,#2854,.T.);
#2869 = ORIENTED_EDGE('',*,*,#806,.T.);
#2870 = ORIENTED_EDGE('',*,*,#1173,.F.);
#2871 = PLANE('',#2872);
#2872 = AXIS2_PLACEMENT_3D('',#2873,#2874,#2875);
#2873 = CARTESIAN_POINT('',(-0.8,1.50990331349E-15,6.8));
#2874 = DIRECTION('',(-1.,0.,0.));
#2875 = DIRECTION('',(0.,2.22044604925E-16,1.));
#2876 = ADVANCED_FACE('',(#2877,#2883),#2917,.T.);
#2877 = FACE_BOUND('',#2878,.T.);
#2878 = EDGE_LOOP('',(#2879,#2880,#2881,#2882));
#2879 = ORIENTED_EDGE('',*,*,#2615,.T.);
#2880 = ORIENTED_EDGE('',*,*,#1381,.T.);
#2881 = ORIENTED_EDGE('',*,*,#1349,.F.);
#2882 = ORIENTED_EDGE('',*,*,#1324,.F.);
#2883 = FACE_BOUND('',#2884,.T.);
#2884 = EDGE_LOOP('',(#2885,#2895,#2903,#2911));
#2885 = ORIENTED_EDGE('',*,*,#2886,.F.);
#2886 = EDGE_CURVE('',#2887,#2889,#2891,.T.);
#2887 = VERTEX_POINT('',#2888);
#2888 = CARTESIAN_POINT('',(15.32,-0.32,0.2));
#2889 = VERTEX_POINT('',#2890);
#2890 = CARTESIAN_POINT('',(14.68,-0.32,0.2));
#2891 = LINE('',#2892,#2893);
#2892 = CARTESIAN_POINT('',(15.635,-0.32,0.2));
#2893 = VECTOR('',#2894,1.);
#2894 = DIRECTION('',(-1.,-0.,-0.));
#2895 = ORIENTED_EDGE('',*,*,#2896,.F.);
#2896 = EDGE_CURVE('',#2897,#2887,#2899,.T.);
#2897 = VERTEX_POINT('',#2898);
#2898 = CARTESIAN_POINT('',(15.32,0.32,0.2));
#2899 = LINE('',#2900,#2901);
#2900 = CARTESIAN_POINT('',(15.32,-0.5,0.2));
#2901 = VECTOR('',#2902,1.);
#2902 = DIRECTION('',(0.,-1.,0.));
#2903 = ORIENTED_EDGE('',*,*,#2904,.F.);
#2904 = EDGE_CURVE('',#2905,#2897,#2907,.T.);
#2905 = VERTEX_POINT('',#2906);
#2906 = CARTESIAN_POINT('',(14.68,0.32,0.2));
#2907 = LINE('',#2908,#2909);
#2908 = CARTESIAN_POINT('',(15.635,0.32,0.2));
#2909 = VECTOR('',#2910,1.);
#2910 = DIRECTION('',(1.,0.,0.));
#2911 = ORIENTED_EDGE('',*,*,#2912,.T.);
#2912 = EDGE_CURVE('',#2905,#2889,#2913,.T.);
#2913 = LINE('',#2914,#2915);
#2914 = CARTESIAN_POINT('',(14.68,-0.5,0.2));
#2915 = VECTOR('',#2916,1.);
#2916 = DIRECTION('',(0.,-1.,0.));
#2917 = PLANE('',#2918);
#2918 = AXIS2_PLACEMENT_3D('',#2919,#2920,#2921);
#2919 = CARTESIAN_POINT('',(15.95,-1.,0.2));
#2920 = DIRECTION('',(0.,0.,-1.));
#2921 = DIRECTION('',(0.,1.,0.));
#2922 = ADVANCED_FACE('',(#2923,#2929),#2963,.T.);
#2923 = FACE_BOUND('',#2924,.T.);
#2924 = EDGE_LOOP('',(#2925,#2926,#2927,#2928));
#2925 = ORIENTED_EDGE('',*,*,#2513,.T.);
#2926 = ORIENTED_EDGE('',*,*,#1429,.T.);
#2927 = ORIENTED_EDGE('',*,*,#1487,.F.);
#2928 = ORIENTED_EDGE('',*,*,#1543,.F.);
#2929 = FACE_BOUND('',#2930,.T.);
#2930 = EDGE_LOOP('',(#2931,#2941,#2949,#2957));
#2931 = ORIENTED_EDGE('',*,*,#2932,.F.);
#2932 = EDGE_CURVE('',#2933,#2935,#2937,.T.);
#2933 = VERTEX_POINT('',#2934);
#2934 = CARTESIAN_POINT('',(0.32,-0.32,0.2));
#2935 = VERTEX_POINT('',#2936);
#2936 = CARTESIAN_POINT('',(-0.32,-0.32,0.2));
#2937 = LINE('',#2938,#2939);
#2938 = CARTESIAN_POINT('',(0.635,-0.32,0.2));
#2939 = VECTOR('',#2940,1.);
#2940 = DIRECTION('',(-1.,-0.,-0.));
#2941 = ORIENTED_EDGE('',*,*,#2942,.F.);
#2942 = EDGE_CURVE('',#2943,#2933,#2945,.T.);
#2943 = VERTEX_POINT('',#2944);
#2944 = CARTESIAN_POINT('',(0.32,0.32,0.2));
#2945 = LINE('',#2946,#2947);
#2946 = CARTESIAN_POINT('',(0.32,-0.5,0.2));
#2947 = VECTOR('',#2948,1.);
#2948 = DIRECTION('',(0.,-1.,0.));
#2949 = ORIENTED_EDGE('',*,*,#2950,.F.);
#2950 = EDGE_CURVE('',#2951,#2943,#2953,.T.);
#2951 = VERTEX_POINT('',#2952);
#2952 = CARTESIAN_POINT('',(-0.32,0.32,0.2));
#2953 = LINE('',#2954,#2955);
#2954 = CARTESIAN_POINT('',(0.635,0.32,0.2));
#2955 = VECTOR('',#2956,1.);
#2956 = DIRECTION('',(1.,0.,0.));
#2957 = ORIENTED_EDGE('',*,*,#2958,.T.);
#2958 = EDGE_CURVE('',#2951,#2935,#2959,.T.);
#2959 = LINE('',#2960,#2961);
#2960 = CARTESIAN_POINT('',(-0.32,-0.5,0.2));
#2961 = VECTOR('',#2962,1.);
#2962 = DIRECTION('',(0.,-1.,0.));
#2963 = PLANE('',#2964);
#2964 = AXIS2_PLACEMENT_3D('',#2965,#2966,#2967);
#2965 = CARTESIAN_POINT('',(0.95,-1.,0.2));
#2966 = DIRECTION('',(0.,0.,-1.));
#2967 = DIRECTION('',(0.,1.,0.));
#2968 = ADVANCED_FACE('',(#2969,#2975),#3009,.T.);
#2969 = FACE_BOUND('',#2970,.T.);
#2970 = EDGE_LOOP('',(#2971,#2972,#2973,#2974));
#2971 = ORIENTED_EDGE('',*,*,#2598,.T.);
#2972 = ORIENTED_EDGE('',*,*,#1574,.T.);
#2973 = ORIENTED_EDGE('',*,*,#1511,.F.);
#2974 = ORIENTED_EDGE('',*,*,#1462,.F.);
#2975 = FACE_BOUND('',#2976,.T.);
#2976 = EDGE_LOOP('',(#2977,#2987,#2995,#3003));
#2977 = ORIENTED_EDGE('',*,*,#2978,.F.);
#2978 = EDGE_CURVE('',#2979,#2981,#2983,.T.);
#2979 = VERTEX_POINT('',#2980);
#2980 = CARTESIAN_POINT('',(12.82,-0.32,0.2));
#2981 = VERTEX_POINT('',#2982);
#2982 = CARTESIAN_POINT('',(12.18,-0.32,0.2));
#2983 = LINE('',#2984,#2985);
#2984 = CARTESIAN_POINT('',(13.135,-0.32,0.2));
#2985 = VECTOR('',#2986,1.);
#2986 = DIRECTION('',(-1.,-0.,-0.));
#2987 = ORIENTED_EDGE('',*,*,#2988,.F.);
#2988 = EDGE_CURVE('',#2989,#2979,#2991,.T.);
#2989 = VERTEX_POINT('',#2990);
#2990 = CARTESIAN_POINT('',(12.82,0.32,0.2));
#2991 = LINE('',#2992,#2993);
#2992 = CARTESIAN_POINT('',(12.82,-0.5,0.2));
#2993 = VECTOR('',#2994,1.);
#2994 = DIRECTION('',(0.,-1.,0.));
#2995 = ORIENTED_EDGE('',*,*,#2996,.F.);
#2996 = EDGE_CURVE('',#2997,#2989,#2999,.T.);
#2997 = VERTEX_POINT('',#2998);
#2998 = CARTESIAN_POINT('',(12.18,0.32,0.2));
#2999 = LINE('',#3000,#3001);
#3000 = CARTESIAN_POINT('',(13.135,0.32,0.2));
#3001 = VECTOR('',#3002,1.);
#3002 = DIRECTION('',(1.,0.,0.));
#3003 = ORIENTED_EDGE('',*,*,#3004,.T.);
#3004 = EDGE_CURVE('',#2997,#2981,#3005,.T.);
#3005 = LINE('',#3006,#3007);
#3006 = CARTESIAN_POINT('',(12.18,-0.5,0.2));
#3007 = VECTOR('',#3008,1.);
#3008 = DIRECTION('',(0.,-1.,0.));
#3009 = PLANE('',#3010);
#3010 = AXIS2_PLACEMENT_3D('',#3011,#3012,#3013);
#3011 = CARTESIAN_POINT('',(13.45,-1.,0.2));
#3012 = DIRECTION('',(0.,0.,-1.));
#3013 = DIRECTION('',(0.,1.,0.));
#3014 = ADVANCED_FACE('',(#3015,#3021),#3055,.T.);
#3015 = FACE_BOUND('',#3016,.T.);
#3016 = EDGE_LOOP('',(#3017,#3018,#3019,#3020));
#3017 = ORIENTED_EDGE('',*,*,#2530,.T.);
#3018 = ORIENTED_EDGE('',*,*,#1639,.T.);
#3019 = ORIENTED_EDGE('',*,*,#1697,.F.);
#3020 = ORIENTED_EDGE('',*,*,#1753,.F.);
#3021 = FACE_BOUND('',#3022,.T.);
#3022 = EDGE_LOOP('',(#3023,#3033,#3041,#3049));
#3023 = ORIENTED_EDGE('',*,*,#3024,.F.);
#3024 = EDGE_CURVE('',#3025,#3027,#3029,.T.);
#3025 = VERTEX_POINT('',#3026);
#3026 = CARTESIAN_POINT('',(2.82,-0.32,0.2));
#3027 = VERTEX_POINT('',#3028);
#3028 = CARTESIAN_POINT('',(2.18,-0.32,0.2));
#3029 = LINE('',#3030,#3031);
#3030 = CARTESIAN_POINT('',(3.135,-0.32,0.2));
#3031 = VECTOR('',#3032,1.);
#3032 = DIRECTION('',(-1.,-0.,-0.));
#3033 = ORIENTED_EDGE('',*,*,#3034,.F.);
#3034 = EDGE_CURVE('',#3035,#3025,#3037,.T.);
#3035 = VERTEX_POINT('',#3036);
#3036 = CARTESIAN_POINT('',(2.82,0.32,0.2));
#3037 = LINE('',#3038,#3039);
#3038 = CARTESIAN_POINT('',(2.82,-0.5,0.2));
#3039 = VECTOR('',#3040,1.);
#3040 = DIRECTION('',(0.,-1.,0.));
#3041 = ORIENTED_EDGE('',*,*,#3042,.F.);
#3042 = EDGE_CURVE('',#3043,#3035,#3045,.T.);
#3043 = VERTEX_POINT('',#3044);
#3044 = CARTESIAN_POINT('',(2.18,0.32,0.2));
#3045 = LINE('',#3046,#3047);
#3046 = CARTESIAN_POINT('',(3.135,0.32,0.2));
#3047 = VECTOR('',#3048,1.);
#3048 = DIRECTION('',(1.,0.,0.));
#3049 = ORIENTED_EDGE('',*,*,#3050,.T.);
#3050 = EDGE_CURVE('',#3043,#3027,#3051,.T.);
#3051 = LINE('',#3052,#3053);
#3052 = CARTESIAN_POINT('',(2.18,-0.5,0.2));
#3053 = VECTOR('',#3054,1.);
#3054 = DIRECTION('',(0.,-1.,0.));
#3055 = PLANE('',#3056);
#3056 = AXIS2_PLACEMENT_3D('',#3057,#3058,#3059);
#3057 = CARTESIAN_POINT('',(3.45,-1.,0.2));
#3058 = DIRECTION('',(0.,0.,-1.));
#3059 = DIRECTION('',(0.,1.,0.));
#3060 = ADVANCED_FACE('',(#3061,#3067),#3101,.T.);
#3061 = FACE_BOUND('',#3062,.T.);
#3062 = EDGE_LOOP('',(#3063,#3064,#3065,#3066));
#3063 = ORIENTED_EDGE('',*,*,#2581,.T.);
#3064 = ORIENTED_EDGE('',*,*,#1784,.T.);
#3065 = ORIENTED_EDGE('',*,*,#1721,.F.);
#3066 = ORIENTED_EDGE('',*,*,#1672,.F.);
#3067 = FACE_BOUND('',#3068,.T.);
#3068 = EDGE_LOOP('',(#3069,#3079,#3087,#3095));
#3069 = ORIENTED_EDGE('',*,*,#3070,.F.);
#3070 = EDGE_CURVE('',#3071,#3073,#3075,.T.);
#3071 = VERTEX_POINT('',#3072);
#3072 = CARTESIAN_POINT('',(10.32,-0.32,0.2));
#3073 = VERTEX_POINT('',#3074);
#3074 = CARTESIAN_POINT('',(9.68,-0.32,0.2));
#3075 = LINE('',#3076,#3077);
#3076 = CARTESIAN_POINT('',(10.635,-0.32,0.2));
#3077 = VECTOR('',#3078,1.);
#3078 = DIRECTION('',(-1.,-0.,-0.));
#3079 = ORIENTED_EDGE('',*,*,#3080,.F.);
#3080 = EDGE_CURVE('',#3081,#3071,#3083,.T.);
#3081 = VERTEX_POINT('',#3082);
#3082 = CARTESIAN_POINT('',(10.32,0.32,0.2));
#3083 = LINE('',#3084,#3085);
#3084 = CARTESIAN_POINT('',(10.32,-0.5,0.2));
#3085 = VECTOR('',#3086,1.);
#3086 = DIRECTION('',(0.,-1.,0.));
#3087 = ORIENTED_EDGE('',*,*,#3088,.F.);
#3088 = EDGE_CURVE('',#3089,#3081,#3091,.T.);
#3089 = VERTEX_POINT('',#3090);
#3090 = CARTESIAN_POINT('',(9.68,0.32,0.2));
#3091 = LINE('',#3092,#3093);
#3092 = CARTESIAN_POINT('',(10.635,0.32,0.2));
#3093 = VECTOR('',#3094,1.);
#3094 = DIRECTION('',(1.,0.,0.));
#3095 = ORIENTED_EDGE('',*,*,#3096,.T.);
#3096 = EDGE_CURVE('',#3089,#3073,#3097,.T.);
#3097 = LINE('',#3098,#3099);
#3098 = CARTESIAN_POINT('',(9.68,-0.5,0.2));
#3099 = VECTOR('',#3100,1.);
#3100 = DIRECTION('',(0.,-1.,0.));
#3101 = PLANE('',#3102);
#3102 = AXIS2_PLACEMENT_3D('',#3103,#3104,#3105);
#3103 = CARTESIAN_POINT('',(10.95,-1.,0.2));
#3104 = DIRECTION('',(0.,0.,-1.));
#3105 = DIRECTION('',(0.,1.,0.));
#3106 = ADVANCED_FACE('',(#3107,#3113),#3147,.T.);
#3107 = FACE_BOUND('',#3108,.T.);
#3108 = EDGE_LOOP('',(#3109,#3110,#3111,#3112));
#3109 = ORIENTED_EDGE('',*,*,#2547,.T.);
#3110 = ORIENTED_EDGE('',*,*,#1849,.T.);
#3111 = ORIENTED_EDGE('',*,*,#1907,.F.);
#3112 = ORIENTED_EDGE('',*,*,#1963,.F.);
#3113 = FACE_BOUND('',#3114,.T.);
#3114 = EDGE_LOOP('',(#3115,#3125,#3133,#3141));
#3115 = ORIENTED_EDGE('',*,*,#3116,.F.);
#3116 = EDGE_CURVE('',#3117,#3119,#3121,.T.);
#3117 = VERTEX_POINT('',#3118);
#3118 = CARTESIAN_POINT('',(5.32,-0.32,0.2));
#3119 = VERTEX_POINT('',#3120);
#3120 = CARTESIAN_POINT('',(4.68,-0.32,0.2));
#3121 = LINE('',#3122,#3123);
#3122 = CARTESIAN_POINT('',(5.635,-0.32,0.2));
#3123 = VECTOR('',#3124,1.);
#3124 = DIRECTION('',(-1.,-0.,-0.));
#3125 = ORIENTED_EDGE('',*,*,#3126,.F.);
#3126 = EDGE_CURVE('',#3127,#3117,#3129,.T.);
#3127 = VERTEX_POINT('',#3128);
#3128 = CARTESIAN_POINT('',(5.32,0.32,0.2));
#3129 = LINE('',#3130,#3131);
#3130 = CARTESIAN_POINT('',(5.32,-0.5,0.2));
#3131 = VECTOR('',#3132,1.);
#3132 = DIRECTION('',(0.,-1.,0.));
#3133 = ORIENTED_EDGE('',*,*,#3134,.F.);
#3134 = EDGE_CURVE('',#3135,#3127,#3137,.T.);
#3135 = VERTEX_POINT('',#3136);
#3136 = CARTESIAN_POINT('',(4.68,0.32,0.2));
#3137 = LINE('',#3138,#3139);
#3138 = CARTESIAN_POINT('',(5.635,0.32,0.2));
#3139 = VECTOR('',#3140,1.);
#3140 = DIRECTION('',(1.,0.,0.));
#3141 = ORIENTED_EDGE('',*,*,#3142,.T.);
#3142 = EDGE_CURVE('',#3135,#3119,#3143,.T.);
#3143 = LINE('',#3144,#3145);
#3144 = CARTESIAN_POINT('',(4.68,-0.5,0.2));
#3145 = VECTOR('',#3146,1.);
#3146 = DIRECTION('',(0.,-1.,0.));
#3147 = PLANE('',#3148);
#3148 = AXIS2_PLACEMENT_3D('',#3149,#3150,#3151);
#3149 = CARTESIAN_POINT('',(5.95,-1.,0.2));
#3150 = DIRECTION('',(0.,0.,-1.));
#3151 = DIRECTION('',(0.,1.,0.));
#3152 = ADVANCED_FACE('',(#3153,#3159),#3193,.T.);
#3153 = FACE_BOUND('',#3154,.T.);
#3154 = EDGE_LOOP('',(#3155,#3156,#3157,#3158));
#3155 = ORIENTED_EDGE('',*,*,#2564,.T.);
#3156 = ORIENTED_EDGE('',*,*,#1994,.T.);
#3157 = ORIENTED_EDGE('',*,*,#1931,.F.);
#3158 = ORIENTED_EDGE('',*,*,#1882,.F.);
#3159 = FACE_BOUND('',#3160,.T.);
#3160 = EDGE_LOOP('',(#3161,#3171,#3179,#3187));
#3161 = ORIENTED_EDGE('',*,*,#3162,.F.);
#3162 = EDGE_CURVE('',#3163,#3165,#3167,.T.);
#3163 = VERTEX_POINT('',#3164);
#3164 = CARTESIAN_POINT('',(7.82,-0.32,0.2));
#3165 = VERTEX_POINT('',#3166);
#3166 = CARTESIAN_POINT('',(7.18,-0.32,0.2));
#3167 = LINE('',#3168,#3169);
#3168 = CARTESIAN_POINT('',(8.135,-0.32,0.2));
#3169 = VECTOR('',#3170,1.);
#3170 = DIRECTION('',(-1.,-0.,-0.));
#3171 = ORIENTED_EDGE('',*,*,#3172,.F.);
#3172 = EDGE_CURVE('',#3173,#3163,#3175,.T.);
#3173 = VERTEX_POINT('',#3174);
#3174 = CARTESIAN_POINT('',(7.82,0.32,0.2));
#3175 = LINE('',#3176,#3177);
#3176 = CARTESIAN_POINT('',(7.82,-0.5,0.2));
#3177 = VECTOR('',#3178,1.);
#3178 = DIRECTION('',(0.,-1.,0.));
#3179 = ORIENTED_EDGE('',*,*,#3180,.F.);
#3180 = EDGE_CURVE('',#3181,#3173,#3183,.T.);
#3181 = VERTEX_POINT('',#3182);
#3182 = CARTESIAN_POINT('',(7.18,0.32,0.2));
#3183 = LINE('',#3184,#3185);
#3184 = CARTESIAN_POINT('',(8.135,0.32,0.2));
#3185 = VECTOR('',#3186,1.);
#3186 = DIRECTION('',(1.,0.,0.));
#3187 = ORIENTED_EDGE('',*,*,#3188,.T.);
#3188 = EDGE_CURVE('',#3181,#3165,#3189,.T.);
#3189 = LINE('',#3190,#3191);
#3190 = CARTESIAN_POINT('',(7.18,-0.5,0.2));
#3191 = VECTOR('',#3192,1.);
#3192 = DIRECTION('',(0.,-1.,0.));
#3193 = PLANE('',#3194);
#3194 = AXIS2_PLACEMENT_3D('',#3195,#3196,#3197);
#3195 = CARTESIAN_POINT('',(8.45,-1.,0.2));
#3196 = DIRECTION('',(0.,0.,-1.));
#3197 = DIRECTION('',(0.,1.,0.));
#3198 = ADVANCED_FACE('',(#3199),#3215,.F.);
#3199 = FACE_BOUND('',#3200,.F.);
#3200 = EDGE_LOOP('',(#3201,#3207,#3208,#3214));
#3201 = ORIENTED_EDGE('',*,*,#3202,.F.);
#3202 = EDGE_CURVE('',#2270,#2887,#3203,.T.);
#3203 = LINE('',#3204,#3205);
#3204 = CARTESIAN_POINT('',(15.32,-0.32,2.711519));
#3205 = VECTOR('',#3206,1.);
#3206 = DIRECTION('',(0.,0.,-1.));
#3207 = ORIENTED_EDGE('',*,*,#2267,.F.);
#3208 = ORIENTED_EDGE('',*,*,#3209,.T.);
#3209 = EDGE_CURVE('',#2268,#2889,#3210,.T.);
#3210 = LINE('',#3211,#3212);
#3211 = CARTESIAN_POINT('',(14.68,-0.32,2.711519));
#3212 = VECTOR('',#3213,1.);
#3213 = DIRECTION('',(0.,0.,-1.));
#3214 = ORIENTED_EDGE('',*,*,#2886,.F.);
#3215 = PLANE('',#3216);
#3216 = AXIS2_PLACEMENT_3D('',#3217,#3218,#3219);
#3217 = CARTESIAN_POINT('',(15.32,-0.32,2.711519));
#3218 = DIRECTION('',(0.,-1.,0.));
#3219 = DIRECTION('',(0.,0.,-1.));
#3220 = ADVANCED_FACE('',(#3221),#3232,.F.);
#3221 = FACE_BOUND('',#3222,.F.);
#3222 = EDGE_LOOP('',(#3223,#3224,#3225,#3226));
#3223 = ORIENTED_EDGE('',*,*,#2293,.F.);
#3224 = ORIENTED_EDGE('',*,*,#3202,.T.);
#3225 = ORIENTED_EDGE('',*,*,#2896,.F.);
#3226 = ORIENTED_EDGE('',*,*,#3227,.T.);
#3227 = EDGE_CURVE('',#2897,#2286,#3228,.T.);
#3228 = LINE('',#3229,#3230);
#3229 = CARTESIAN_POINT('',(15.32,0.32,-0.538043));
#3230 = VECTOR('',#3231,1.);
#3231 = DIRECTION('',(0.,0.,1.));
#3232 = PLANE('',#3233);
#3233 = AXIS2_PLACEMENT_3D('',#3234,#3235,#3236);
#3234 = CARTESIAN_POINT('',(15.32,0.,1.086738));
#3235 = DIRECTION('',(1.,0.,0.));
#3236 = DIRECTION('',(0.,0.,1.));
#3237 = ADVANCED_FACE('',(#3238),#3249,.F.);
#3238 = FACE_BOUND('',#3239,.F.);
#3239 = EDGE_LOOP('',(#3240,#3241,#3242,#3248));
#3240 = ORIENTED_EDGE('',*,*,#3227,.F.);
#3241 = ORIENTED_EDGE('',*,*,#2904,.F.);
#3242 = ORIENTED_EDGE('',*,*,#3243,.T.);
#3243 = EDGE_CURVE('',#2905,#2278,#3244,.T.);
#3244 = LINE('',#3245,#3246);
#3245 = CARTESIAN_POINT('',(14.68,0.32,-0.538043));
#3246 = VECTOR('',#3247,1.);
#3247 = DIRECTION('',(0.,0.,1.));
#3248 = ORIENTED_EDGE('',*,*,#2285,.F.);
#3249 = PLANE('',#3250);
#3250 = AXIS2_PLACEMENT_3D('',#3251,#3252,#3253);
#3251 = CARTESIAN_POINT('',(15.32,0.32,-0.538043));
#3252 = DIRECTION('',(0.,1.,0.));
#3253 = DIRECTION('',(0.,0.,1.));
#3254 = ADVANCED_FACE('',(#3255),#3261,.T.);
#3255 = FACE_BOUND('',#3256,.T.);
#3256 = EDGE_LOOP('',(#3257,#3258,#3259,#3260));
#3257 = ORIENTED_EDGE('',*,*,#2277,.F.);
#3258 = ORIENTED_EDGE('',*,*,#3209,.T.);
#3259 = ORIENTED_EDGE('',*,*,#2912,.F.);
#3260 = ORIENTED_EDGE('',*,*,#3243,.T.);
#3261 = PLANE('',#3262);
#3262 = AXIS2_PLACEMENT_3D('',#3263,#3264,#3265);
#3263 = CARTESIAN_POINT('',(14.68,0.,1.086738));
#3264 = DIRECTION('',(1.,0.,0.));
#3265 = DIRECTION('',(0.,0.,1.));
#3266 = ADVANCED_FACE('',(#3267),#3283,.F.);
#3267 = FACE_BOUND('',#3268,.F.);
#3268 = EDGE_LOOP('',(#3269,#3275,#3276,#3282));
#3269 = ORIENTED_EDGE('',*,*,#3270,.F.);
#3270 = EDGE_CURVE('',#2304,#2979,#3271,.T.);
#3271 = LINE('',#3272,#3273);
#3272 = CARTESIAN_POINT('',(12.82,-0.32,2.711519));
#3273 = VECTOR('',#3274,1.);
#3274 = DIRECTION('',(0.,0.,-1.));
#3275 = ORIENTED_EDGE('',*,*,#2301,.F.);
#3276 = ORIENTED_EDGE('',*,*,#3277,.T.);
#3277 = EDGE_CURVE('',#2302,#2981,#3278,.T.);
#3278 = LINE('',#3279,#3280);
#3279 = CARTESIAN_POINT('',(12.18,-0.32,2.711519));
#3280 = VECTOR('',#3281,1.);
#3281 = DIRECTION('',(0.,0.,-1.));
#3282 = ORIENTED_EDGE('',*,*,#2978,.F.);
#3283 = PLANE('',#3284);
#3284 = AXIS2_PLACEMENT_3D('',#3285,#3286,#3287);
#3285 = CARTESIAN_POINT('',(12.82,-0.32,2.711519));
#3286 = DIRECTION('',(0.,-1.,0.));
#3287 = DIRECTION('',(0.,0.,-1.));
#3288 = ADVANCED_FACE('',(#3289),#3300,.F.);
#3289 = FACE_BOUND('',#3290,.F.);
#3290 = EDGE_LOOP('',(#3291,#3292,#3293,#3294));
#3291 = ORIENTED_EDGE('',*,*,#2327,.F.);
#3292 = ORIENTED_EDGE('',*,*,#3270,.T.);
#3293 = ORIENTED_EDGE('',*,*,#2988,.F.);
#3294 = ORIENTED_EDGE('',*,*,#3295,.T.);
#3295 = EDGE_CURVE('',#2989,#2320,#3296,.T.);
#3296 = LINE('',#3297,#3298);
#3297 = CARTESIAN_POINT('',(12.82,0.32,-0.538043));
#3298 = VECTOR('',#3299,1.);
#3299 = DIRECTION('',(0.,0.,1.));
#3300 = PLANE('',#3301);
#3301 = AXIS2_PLACEMENT_3D('',#3302,#3303,#3304);
#3302 = CARTESIAN_POINT('',(12.82,0.,1.086738));
#3303 = DIRECTION('',(1.,0.,0.));
#3304 = DIRECTION('',(0.,0.,1.));
#3305 = ADVANCED_FACE('',(#3306),#3317,.F.);
#3306 = FACE_BOUND('',#3307,.F.);
#3307 = EDGE_LOOP('',(#3308,#3309,#3310,#3316));
#3308 = ORIENTED_EDGE('',*,*,#3295,.F.);
#3309 = ORIENTED_EDGE('',*,*,#2996,.F.);
#3310 = ORIENTED_EDGE('',*,*,#3311,.T.);
#3311 = EDGE_CURVE('',#2997,#2312,#3312,.T.);
#3312 = LINE('',#3313,#3314);
#3313 = CARTESIAN_POINT('',(12.18,0.32,-0.538043));
#3314 = VECTOR('',#3315,1.);
#3315 = DIRECTION('',(0.,0.,1.));
#3316 = ORIENTED_EDGE('',*,*,#2319,.F.);
#3317 = PLANE('',#3318);
#3318 = AXIS2_PLACEMENT_3D('',#3319,#3320,#3321);
#3319 = CARTESIAN_POINT('',(12.82,0.32,-0.538043));
#3320 = DIRECTION('',(0.,1.,0.));
#3321 = DIRECTION('',(0.,0.,1.));
#3322 = ADVANCED_FACE('',(#3323),#3329,.T.);
#3323 = FACE_BOUND('',#3324,.T.);
#3324 = EDGE_LOOP('',(#3325,#3326,#3327,#3328));
#3325 = ORIENTED_EDGE('',*,*,#2311,.F.);
#3326 = ORIENTED_EDGE('',*,*,#3277,.T.);
#3327 = ORIENTED_EDGE('',*,*,#3004,.F.);
#3328 = ORIENTED_EDGE('',*,*,#3311,.T.);
#3329 = PLANE('',#3330);
#3330 = AXIS2_PLACEMENT_3D('',#3331,#3332,#3333);
#3331 = CARTESIAN_POINT('',(12.18,0.,1.086738));
#3332 = DIRECTION('',(1.,0.,0.));
#3333 = DIRECTION('',(0.,0.,1.));
#3334 = ADVANCED_FACE('',(#3335),#3351,.F.);
#3335 = FACE_BOUND('',#3336,.F.);
#3336 = EDGE_LOOP('',(#3337,#3343,#3344,#3350));
#3337 = ORIENTED_EDGE('',*,*,#3338,.F.);
#3338 = EDGE_CURVE('',#2338,#3071,#3339,.T.);
#3339 = LINE('',#3340,#3341);
#3340 = CARTESIAN_POINT('',(10.32,-0.32,2.711519));
#3341 = VECTOR('',#3342,1.);
#3342 = DIRECTION('',(0.,0.,-1.));
#3343 = ORIENTED_EDGE('',*,*,#2335,.F.);
#3344 = ORIENTED_EDGE('',*,*,#3345,.T.);
#3345 = EDGE_CURVE('',#2336,#3073,#3346,.T.);
#3346 = LINE('',#3347,#3348);
#3347 = CARTESIAN_POINT('',(9.68,-0.32,2.711519));
#3348 = VECTOR('',#3349,1.);
#3349 = DIRECTION('',(0.,0.,-1.));
#3350 = ORIENTED_EDGE('',*,*,#3070,.F.);
#3351 = PLANE('',#3352);
#3352 = AXIS2_PLACEMENT_3D('',#3353,#3354,#3355);
#3353 = CARTESIAN_POINT('',(10.32,-0.32,2.711519));
#3354 = DIRECTION('',(0.,-1.,0.));
#3355 = DIRECTION('',(0.,0.,-1.));
#3356 = ADVANCED_FACE('',(#3357),#3368,.F.);
#3357 = FACE_BOUND('',#3358,.F.);
#3358 = EDGE_LOOP('',(#3359,#3360,#3361,#3362));
#3359 = ORIENTED_EDGE('',*,*,#2361,.F.);
#3360 = ORIENTED_EDGE('',*,*,#3338,.T.);
#3361 = ORIENTED_EDGE('',*,*,#3080,.F.);
#3362 = ORIENTED_EDGE('',*,*,#3363,.T.);
#3363 = EDGE_CURVE('',#3081,#2354,#3364,.T.);
#3364 = LINE('',#3365,#3366);
#3365 = CARTESIAN_POINT('',(10.32,0.32,-0.538043));
#3366 = VECTOR('',#3367,1.);
#3367 = DIRECTION('',(0.,0.,1.));
#3368 = PLANE('',#3369);
#3369 = AXIS2_PLACEMENT_3D('',#3370,#3371,#3372);
#3370 = CARTESIAN_POINT('',(10.32,0.,1.086738));
#3371 = DIRECTION('',(1.,0.,0.));
#3372 = DIRECTION('',(0.,0.,1.));
#3373 = ADVANCED_FACE('',(#3374),#3385,.F.);
#3374 = FACE_BOUND('',#3375,.F.);
#3375 = EDGE_LOOP('',(#3376,#3377,#3378,#3384));
#3376 = ORIENTED_EDGE('',*,*,#3363,.F.);
#3377 = ORIENTED_EDGE('',*,*,#3088,.F.);
#3378 = ORIENTED_EDGE('',*,*,#3379,.T.);
#3379 = EDGE_CURVE('',#3089,#2346,#3380,.T.);
#3380 = LINE('',#3381,#3382);
#3381 = CARTESIAN_POINT('',(9.68,0.32,-0.538043));
#3382 = VECTOR('',#3383,1.);
#3383 = DIRECTION('',(0.,0.,1.));
#3384 = ORIENTED_EDGE('',*,*,#2353,.F.);
#3385 = PLANE('',#3386);
#3386 = AXIS2_PLACEMENT_3D('',#3387,#3388,#3389);
#3387 = CARTESIAN_POINT('',(10.32,0.32,-0.538043));
#3388 = DIRECTION('',(0.,1.,0.));
#3389 = DIRECTION('',(0.,0.,1.));
#3390 = ADVANCED_FACE('',(#3391),#3397,.T.);
#3391 = FACE_BOUND('',#3392,.T.);
#3392 = EDGE_LOOP('',(#3393,#3394,#3395,#3396));
#3393 = ORIENTED_EDGE('',*,*,#2345,.F.);
#3394 = ORIENTED_EDGE('',*,*,#3345,.T.);
#3395 = ORIENTED_EDGE('',*,*,#3096,.F.);
#3396 = ORIENTED_EDGE('',*,*,#3379,.T.);
#3397 = PLANE('',#3398);
#3398 = AXIS2_PLACEMENT_3D('',#3399,#3400,#3401);
#3399 = CARTESIAN_POINT('',(9.68,0.,1.086738));
#3400 = DIRECTION('',(1.,0.,0.));
#3401 = DIRECTION('',(0.,0.,1.));
#3402 = ADVANCED_FACE('',(#3403),#3419,.F.);
#3403 = FACE_BOUND('',#3404,.F.);
#3404 = EDGE_LOOP('',(#3405,#3411,#3412,#3418));
#3405 = ORIENTED_EDGE('',*,*,#3406,.F.);
#3406 = EDGE_CURVE('',#2372,#3163,#3407,.T.);
#3407 = LINE('',#3408,#3409);
#3408 = CARTESIAN_POINT('',(7.82,-0.32,2.711519));
#3409 = VECTOR('',#3410,1.);
#3410 = DIRECTION('',(0.,0.,-1.));
#3411 = ORIENTED_EDGE('',*,*,#2369,.F.);
#3412 = ORIENTED_EDGE('',*,*,#3413,.T.);
#3413 = EDGE_CURVE('',#2370,#3165,#3414,.T.);
#3414 = LINE('',#3415,#3416);
#3415 = CARTESIAN_POINT('',(7.18,-0.32,2.711519));
#3416 = VECTOR('',#3417,1.);
#3417 = DIRECTION('',(0.,0.,-1.));
#3418 = ORIENTED_EDGE('',*,*,#3162,.F.);
#3419 = PLANE('',#3420);
#3420 = AXIS2_PLACEMENT_3D('',#3421,#3422,#3423);
#3421 = CARTESIAN_POINT('',(7.82,-0.32,2.711519));
#3422 = DIRECTION('',(0.,-1.,0.));
#3423 = DIRECTION('',(0.,0.,-1.));
#3424 = ADVANCED_FACE('',(#3425),#3436,.F.);
#3425 = FACE_BOUND('',#3426,.F.);
#3426 = EDGE_LOOP('',(#3427,#3428,#3429,#3430));
#3427 = ORIENTED_EDGE('',*,*,#2395,.F.);
#3428 = ORIENTED_EDGE('',*,*,#3406,.T.);
#3429 = ORIENTED_EDGE('',*,*,#3172,.F.);
#3430 = ORIENTED_EDGE('',*,*,#3431,.T.);
#3431 = EDGE_CURVE('',#3173,#2388,#3432,.T.);
#3432 = LINE('',#3433,#3434);
#3433 = CARTESIAN_POINT('',(7.82,0.32,-0.538043));
#3434 = VECTOR('',#3435,1.);
#3435 = DIRECTION('',(0.,0.,1.));
#3436 = PLANE('',#3437);
#3437 = AXIS2_PLACEMENT_3D('',#3438,#3439,#3440);
#3438 = CARTESIAN_POINT('',(7.82,0.,1.086738));
#3439 = DIRECTION('',(1.,0.,0.));
#3440 = DIRECTION('',(0.,0.,1.));
#3441 = ADVANCED_FACE('',(#3442),#3453,.F.);
#3442 = FACE_BOUND('',#3443,.F.);
#3443 = EDGE_LOOP('',(#3444,#3445,#3446,#3452));
#3444 = ORIENTED_EDGE('',*,*,#3431,.F.);
#3445 = ORIENTED_EDGE('',*,*,#3180,.F.);
#3446 = ORIENTED_EDGE('',*,*,#3447,.T.);
#3447 = EDGE_CURVE('',#3181,#2380,#3448,.T.);
#3448 = LINE('',#3449,#3450);
#3449 = CARTESIAN_POINT('',(7.18,0.32,-0.538043));
#3450 = VECTOR('',#3451,1.);
#3451 = DIRECTION('',(0.,0.,1.));
#3452 = ORIENTED_EDGE('',*,*,#2387,.F.);
#3453 = PLANE('',#3454);
#3454 = AXIS2_PLACEMENT_3D('',#3455,#3456,#3457);
#3455 = CARTESIAN_POINT('',(7.82,0.32,-0.538043));
#3456 = DIRECTION('',(0.,1.,0.));
#3457 = DIRECTION('',(0.,0.,1.));
#3458 = ADVANCED_FACE('',(#3459),#3465,.T.);
#3459 = FACE_BOUND('',#3460,.T.);
#3460 = EDGE_LOOP('',(#3461,#3462,#3463,#3464));
#3461 = ORIENTED_EDGE('',*,*,#2379,.F.);
#3462 = ORIENTED_EDGE('',*,*,#3413,.T.);
#3463 = ORIENTED_EDGE('',*,*,#3188,.F.);
#3464 = ORIENTED_EDGE('',*,*,#3447,.T.);
#3465 = PLANE('',#3466);
#3466 = AXIS2_PLACEMENT_3D('',#3467,#3468,#3469);
#3467 = CARTESIAN_POINT('',(7.18,0.,1.086738));
#3468 = DIRECTION('',(1.,0.,0.));
#3469 = DIRECTION('',(0.,0.,1.));
#3470 = ADVANCED_FACE('',(#3471),#3487,.F.);
#3471 = FACE_BOUND('',#3472,.F.);
#3472 = EDGE_LOOP('',(#3473,#3479,#3480,#3486));
#3473 = ORIENTED_EDGE('',*,*,#3474,.F.);
#3474 = EDGE_CURVE('',#2406,#3117,#3475,.T.);
#3475 = LINE('',#3476,#3477);
#3476 = CARTESIAN_POINT('',(5.32,-0.32,2.711519));
#3477 = VECTOR('',#3478,1.);
#3478 = DIRECTION('',(0.,0.,-1.));
#3479 = ORIENTED_EDGE('',*,*,#2403,.F.);
#3480 = ORIENTED_EDGE('',*,*,#3481,.T.);
#3481 = EDGE_CURVE('',#2404,#3119,#3482,.T.);
#3482 = LINE('',#3483,#3484);
#3483 = CARTESIAN_POINT('',(4.68,-0.32,2.711519));
#3484 = VECTOR('',#3485,1.);
#3485 = DIRECTION('',(0.,0.,-1.));
#3486 = ORIENTED_EDGE('',*,*,#3116,.F.);
#3487 = PLANE('',#3488);
#3488 = AXIS2_PLACEMENT_3D('',#3489,#3490,#3491);
#3489 = CARTESIAN_POINT('',(5.32,-0.32,2.711519));
#3490 = DIRECTION('',(0.,-1.,0.));
#3491 = DIRECTION('',(0.,0.,-1.));
#3492 = ADVANCED_FACE('',(#3493),#3504,.F.);
#3493 = FACE_BOUND('',#3494,.F.);
#3494 = EDGE_LOOP('',(#3495,#3496,#3497,#3498));
#3495 = ORIENTED_EDGE('',*,*,#2429,.F.);
#3496 = ORIENTED_EDGE('',*,*,#3474,.T.);
#3497 = ORIENTED_EDGE('',*,*,#3126,.F.);
#3498 = ORIENTED_EDGE('',*,*,#3499,.T.);
#3499 = EDGE_CURVE('',#3127,#2422,#3500,.T.);
#3500 = LINE('',#3501,#3502);
#3501 = CARTESIAN_POINT('',(5.32,0.32,-0.538043));
#3502 = VECTOR('',#3503,1.);
#3503 = DIRECTION('',(0.,0.,1.));
#3504 = PLANE('',#3505);
#3505 = AXIS2_PLACEMENT_3D('',#3506,#3507,#3508);
#3506 = CARTESIAN_POINT('',(5.32,0.,1.086738));
#3507 = DIRECTION('',(1.,0.,0.));
#3508 = DIRECTION('',(0.,0.,1.));
#3509 = ADVANCED_FACE('',(#3510),#3521,.F.);
#3510 = FACE_BOUND('',#3511,.F.);
#3511 = EDGE_LOOP('',(#3512,#3513,#3514,#3520));
#3512 = ORIENTED_EDGE('',*,*,#3499,.F.);
#3513 = ORIENTED_EDGE('',*,*,#3134,.F.);
#3514 = ORIENTED_EDGE('',*,*,#3515,.T.);
#3515 = EDGE_CURVE('',#3135,#2414,#3516,.T.);
#3516 = LINE('',#3517,#3518);
#3517 = CARTESIAN_POINT('',(4.68,0.32,-0.538043));
#3518 = VECTOR('',#3519,1.);
#3519 = DIRECTION('',(0.,0.,1.));
#3520 = ORIENTED_EDGE('',*,*,#2421,.F.);
#3521 = PLANE('',#3522);
#3522 = AXIS2_PLACEMENT_3D('',#3523,#3524,#3525);
#3523 = CARTESIAN_POINT('',(5.32,0.32,-0.538043));
#3524 = DIRECTION('',(0.,1.,0.));
#3525 = DIRECTION('',(0.,0.,1.));
#3526 = ADVANCED_FACE('',(#3527),#3533,.T.);
#3527 = FACE_BOUND('',#3528,.T.);
#3528 = EDGE_LOOP('',(#3529,#3530,#3531,#3532));
#3529 = ORIENTED_EDGE('',*,*,#2413,.F.);
#3530 = ORIENTED_EDGE('',*,*,#3481,.T.);
#3531 = ORIENTED_EDGE('',*,*,#3142,.F.);
#3532 = ORIENTED_EDGE('',*,*,#3515,.T.);
#3533 = PLANE('',#3534);
#3534 = AXIS2_PLACEMENT_3D('',#3535,#3536,#3537);
#3535 = CARTESIAN_POINT('',(4.68,0.,1.086738));
#3536 = DIRECTION('',(1.,0.,0.));
#3537 = DIRECTION('',(0.,0.,1.));
#3538 = ADVANCED_FACE('',(#3539),#3555,.F.);
#3539 = FACE_BOUND('',#3540,.F.);
#3540 = EDGE_LOOP('',(#3541,#3547,#3548,#3554));
#3541 = ORIENTED_EDGE('',*,*,#3542,.F.);
#3542 = EDGE_CURVE('',#2440,#3025,#3543,.T.);
#3543 = LINE('',#3544,#3545);
#3544 = CARTESIAN_POINT('',(2.82,-0.32,2.711519));
#3545 = VECTOR('',#3546,1.);
#3546 = DIRECTION('',(0.,0.,-1.));
#3547 = ORIENTED_EDGE('',*,*,#2437,.F.);
#3548 = ORIENTED_EDGE('',*,*,#3549,.T.);
#3549 = EDGE_CURVE('',#2438,#3027,#3550,.T.);
#3550 = LINE('',#3551,#3552);
#3551 = CARTESIAN_POINT('',(2.18,-0.32,2.711519));
#3552 = VECTOR('',#3553,1.);
#3553 = DIRECTION('',(0.,0.,-1.));
#3554 = ORIENTED_EDGE('',*,*,#3024,.F.);
#3555 = PLANE('',#3556);
#3556 = AXIS2_PLACEMENT_3D('',#3557,#3558,#3559);
#3557 = CARTESIAN_POINT('',(2.82,-0.32,2.711519));
#3558 = DIRECTION('',(0.,-1.,0.));
#3559 = DIRECTION('',(0.,0.,-1.));
#3560 = ADVANCED_FACE('',(#3561),#3572,.F.);
#3561 = FACE_BOUND('',#3562,.F.);
#3562 = EDGE_LOOP('',(#3563,#3564,#3565,#3566));
#3563 = ORIENTED_EDGE('',*,*,#2463,.F.);
#3564 = ORIENTED_EDGE('',*,*,#3542,.T.);
#3565 = ORIENTED_EDGE('',*,*,#3034,.F.);
#3566 = ORIENTED_EDGE('',*,*,#3567,.T.);
#3567 = EDGE_CURVE('',#3035,#2456,#3568,.T.);
#3568 = LINE('',#3569,#3570);
#3569 = CARTESIAN_POINT('',(2.82,0.32,-0.538043));
#3570 = VECTOR('',#3571,1.);
#3571 = DIRECTION('',(0.,0.,1.));
#3572 = PLANE('',#3573);
#3573 = AXIS2_PLACEMENT_3D('',#3574,#3575,#3576);
#3574 = CARTESIAN_POINT('',(2.82,0.,1.086738));
#3575 = DIRECTION('',(1.,0.,0.));
#3576 = DIRECTION('',(0.,0.,1.));
#3577 = ADVANCED_FACE('',(#3578),#3589,.F.);
#3578 = FACE_BOUND('',#3579,.F.);
#3579 = EDGE_LOOP('',(#3580,#3581,#3582,#3588));
#3580 = ORIENTED_EDGE('',*,*,#3567,.F.);
#3581 = ORIENTED_EDGE('',*,*,#3042,.F.);
#3582 = ORIENTED_EDGE('',*,*,#3583,.T.);
#3583 = EDGE_CURVE('',#3043,#2448,#3584,.T.);
#3584 = LINE('',#3585,#3586);
#3585 = CARTESIAN_POINT('',(2.18,0.32,-0.538043));
#3586 = VECTOR('',#3587,1.);
#3587 = DIRECTION('',(0.,0.,1.));
#3588 = ORIENTED_EDGE('',*,*,#2455,.F.);
#3589 = PLANE('',#3590);
#3590 = AXIS2_PLACEMENT_3D('',#3591,#3592,#3593);
#3591 = CARTESIAN_POINT('',(2.82,0.32,-0.538043));
#3592 = DIRECTION('',(0.,1.,0.));
#3593 = DIRECTION('',(0.,0.,1.));
#3594 = ADVANCED_FACE('',(#3595),#3601,.T.);
#3595 = FACE_BOUND('',#3596,.T.);
#3596 = EDGE_LOOP('',(#3597,#3598,#3599,#3600));
#3597 = ORIENTED_EDGE('',*,*,#2447,.F.);
#3598 = ORIENTED_EDGE('',*,*,#3549,.T.);
#3599 = ORIENTED_EDGE('',*,*,#3050,.F.);
#3600 = ORIENTED_EDGE('',*,*,#3583,.T.);
#3601 = PLANE('',#3602);
#3602 = AXIS2_PLACEMENT_3D('',#3603,#3604,#3605);
#3603 = CARTESIAN_POINT('',(2.18,0.,1.086738));
#3604 = DIRECTION('',(1.,0.,0.));
#3605 = DIRECTION('',(0.,0.,1.));
#3606 = ADVANCED_FACE('',(#3607),#3623,.F.);
#3607 = FACE_BOUND('',#3608,.F.);
#3608 = EDGE_LOOP('',(#3609,#3615,#3616,#3622));
#3609 = ORIENTED_EDGE('',*,*,#3610,.F.);
#3610 = EDGE_CURVE('',#2474,#2933,#3611,.T.);
#3611 = LINE('',#3612,#3613);
#3612 = CARTESIAN_POINT('',(0.32,-0.32,2.711519));
#3613 = VECTOR('',#3614,1.);
#3614 = DIRECTION('',(0.,0.,-1.));
#3615 = ORIENTED_EDGE('',*,*,#2471,.F.);
#3616 = ORIENTED_EDGE('',*,*,#3617,.T.);
#3617 = EDGE_CURVE('',#2472,#2935,#3618,.T.);
#3618 = LINE('',#3619,#3620);
#3619 = CARTESIAN_POINT('',(-0.32,-0.32,2.711519));
#3620 = VECTOR('',#3621,1.);
#3621 = DIRECTION('',(0.,0.,-1.));
#3622 = ORIENTED_EDGE('',*,*,#2932,.F.);
#3623 = PLANE('',#3624);
#3624 = AXIS2_PLACEMENT_3D('',#3625,#3626,#3627);
#3625 = CARTESIAN_POINT('',(0.32,-0.32,2.711519));
#3626 = DIRECTION('',(0.,-1.,0.));
#3627 = DIRECTION('',(0.,0.,-1.));
#3628 = ADVANCED_FACE('',(#3629),#3640,.T.);
#3629 = FACE_BOUND('',#3630,.T.);
#3630 = EDGE_LOOP('',(#3631,#3632,#3633,#3634));
#3631 = ORIENTED_EDGE('',*,*,#2481,.F.);
#3632 = ORIENTED_EDGE('',*,*,#3617,.T.);
#3633 = ORIENTED_EDGE('',*,*,#2958,.F.);
#3634 = ORIENTED_EDGE('',*,*,#3635,.T.);
#3635 = EDGE_CURVE('',#2951,#2482,#3636,.T.);
#3636 = LINE('',#3637,#3638);
#3637 = CARTESIAN_POINT('',(-0.32,0.32,-0.538043));
#3638 = VECTOR('',#3639,1.);
#3639 = DIRECTION('',(0.,0.,1.));
#3640 = PLANE('',#3641);
#3641 = AXIS2_PLACEMENT_3D('',#3642,#3643,#3644);
#3642 = CARTESIAN_POINT('',(-0.32,0.,1.086738));
#3643 = DIRECTION('',(1.,0.,0.));
#3644 = DIRECTION('',(0.,0.,1.));
#3645 = ADVANCED_FACE('',(#3646),#3657,.F.);
#3646 = FACE_BOUND('',#3647,.F.);
#3647 = EDGE_LOOP('',(#3648,#3649,#3650,#3651));
#3648 = ORIENTED_EDGE('',*,*,#2497,.F.);
#3649 = ORIENTED_EDGE('',*,*,#3610,.T.);
#3650 = ORIENTED_EDGE('',*,*,#2942,.F.);
#3651 = ORIENTED_EDGE('',*,*,#3652,.T.);
#3652 = EDGE_CURVE('',#2943,#2490,#3653,.T.);
#3653 = LINE('',#3654,#3655);
#3654 = CARTESIAN_POINT('',(0.32,0.32,-0.538043));
#3655 = VECTOR('',#3656,1.);
#3656 = DIRECTION('',(0.,0.,1.));
#3657 = PLANE('',#3658);
#3658 = AXIS2_PLACEMENT_3D('',#3659,#3660,#3661);
#3659 = CARTESIAN_POINT('',(0.32,0.,1.086738));
#3660 = DIRECTION('',(1.,0.,0.));
#3661 = DIRECTION('',(0.,0.,1.));
#3662 = ADVANCED_FACE('',(#3663),#3669,.F.);
#3663 = FACE_BOUND('',#3664,.F.);
#3664 = EDGE_LOOP('',(#3665,#3666,#3667,#3668));
#3665 = ORIENTED_EDGE('',*,*,#3652,.F.);
#3666 = ORIENTED_EDGE('',*,*,#2950,.F.);
#3667 = ORIENTED_EDGE('',*,*,#3635,.T.);
#3668 = ORIENTED_EDGE('',*,*,#2489,.F.);
#3669 = PLANE('',#3670);
#3670 = AXIS2_PLACEMENT_3D('',#3671,#3672,#3673);
#3671 = CARTESIAN_POINT('',(0.32,0.32,-0.538043));
#3672 = DIRECTION('',(0.,1.,0.));
#3673 = DIRECTION('',(0.,0.,1.));
#3674 = ( GEOMETRIC_REPRESENTATION_CONTEXT(3) 
GLOBAL_UNCERTAINTY_ASSIGNED_CONTEXT((#3678)) 
GLOBAL_UNIT_ASSIGNED_CONTEXT((#3675,#3676,#3677)) REPRESENTATION_CONTEXT
('Context #1','3D Context with UNIT and UNCERTAINTY') );
#3675 = ( LENGTH_UNIT() NAMED_UNIT(*) SI_UNIT(.MILLI.,.METRE.) );
#3676 = ( NAMED_UNIT(*) PLANE_ANGLE_UNIT() SI_UNIT($,.RADIAN.) );
#3677 = ( NAMED_UNIT(*) SI_UNIT($,.STERADIAN.) SOLID_ANGLE_UNIT() );
#3678 = UNCERTAINTY_MEASURE_WITH_UNIT(LENGTH_MEASURE(5.E-06),#3675,
  'distance_accuracy_value','confusion accuracy');
#3679 = CONTEXT_DEPENDENT_SHAPE_REPRESENTATION(#3680,#3682);
#3680 = ( REPRESENTATION_RELATIONSHIP('','',#36,#10) 
REPRESENTATION_RELATIONSHIP_WITH_TRANSFORMATION(#3681) 
SHAPE_REPRESENTATION_RELATIONSHIP() );
#3681 = ITEM_DEFINED_TRANSFORMATION('','',#11,#15);
#3682 = PRODUCT_DEFINITION_SHAPE('Placement','Placement of an item',
  #3683);
#3683 = NEXT_ASSEMBLY_USAGE_OCCURRENCE('27','Top_entry_base','',#5,#31,$
  );
#3684 = PRODUCT_RELATED_PRODUCT_CATEGORY('part',$,(#33));
#3685 = SHAPE_DEFINITION_REPRESENTATION(#3686,#3692);
#3686 = PRODUCT_DEFINITION_SHAPE('','',#3687);
#3687 = PRODUCT_DEFINITION('design','',#3688,#3691);
#3688 = PRODUCT_DEFINITION_FORMATION('','',#3689);
#3689 = PRODUCT('male_pins array','male_pins array','',(#3690));
#3690 = PRODUCT_CONTEXT('',#2,'mechanical');
#3691 = PRODUCT_DEFINITION_CONTEXT('part definition',#2,'design');
#3692 = SHAPE_REPRESENTATION('',(#11,#3693,#3697,#3701,#3705,#3709,#3713
    ,#3717),#3721);
#3693 = AXIS2_PLACEMENT_3D('',#3694,#3695,#3696);
#3694 = CARTESIAN_POINT('',(0.,0.,0.));
#3695 = DIRECTION('',(0.,0.,1.));
#3696 = DIRECTION('',(1.,0.,0.));
#3697 = AXIS2_PLACEMENT_3D('',#3698,#3699,#3700);
#3698 = CARTESIAN_POINT('',(2.5,0.,0.));
#3699 = DIRECTION('',(0.,0.,1.));
#3700 = DIRECTION('',(1.,0.,0.));
#3701 = AXIS2_PLACEMENT_3D('',#3702,#3703,#3704);
#3702 = CARTESIAN_POINT('',(5.,0.,0.));
#3703 = DIRECTION('',(0.,0.,1.));
#3704 = DIRECTION('',(1.,0.,0.));
#3705 = AXIS2_PLACEMENT_3D('',#3706,#3707,#3708);
#3706 = CARTESIAN_POINT('',(7.5,0.,0.));
#3707 = DIRECTION('',(0.,0.,1.));
#3708 = DIRECTION('',(1.,0.,0.));
#3709 = AXIS2_PLACEMENT_3D('',#3710,#3711,#3712);
#3710 = CARTESIAN_POINT('',(10.,0.,0.));
#3711 = DIRECTION('',(0.,0.,1.));
#3712 = DIRECTION('',(1.,0.,0.));
#3713 = AXIS2_PLACEMENT_3D('',#3714,#3715,#3716);
#3714 = CARTESIAN_POINT('',(12.5,0.,0.));
#3715 = DIRECTION('',(0.,0.,1.));
#3716 = DIRECTION('',(1.,0.,0.));
#3717 = AXIS2_PLACEMENT_3D('',#3718,#3719,#3720);
#3718 = CARTESIAN_POINT('',(15.,0.,0.));
#3719 = DIRECTION('',(0.,0.,1.));
#3720 = DIRECTION('',(1.,0.,0.));
#3721 = ( GEOMETRIC_REPRESENTATION_CONTEXT(3) 
GLOBAL_UNCERTAINTY_ASSIGNED_CONTEXT((#3725)) 
GLOBAL_UNIT_ASSIGNED_CONTEXT((#3722,#3723,#3724)) REPRESENTATION_CONTEXT
('Context #1','3D Context with UNIT and UNCERTAINTY') );
#3722 = ( LENGTH_UNIT() NAMED_UNIT(*) SI_UNIT(.MILLI.,.METRE.) );
#3723 = ( NAMED_UNIT(*) PLANE_ANGLE_UNIT() SI_UNIT($,.RADIAN.) );
#3724 = ( NAMED_UNIT(*) SI_UNIT($,.STERADIAN.) SOLID_ANGLE_UNIT() );
#3725 = UNCERTAINTY_MEASURE_WITH_UNIT(LENGTH_MEASURE(1.E-07),#3722,
  'distance_accuracy_value','confusion accuracy');
#3726 = CONTEXT_DEPENDENT_SHAPE_REPRESENTATION(#3727,#3729);
#3727 = ( REPRESENTATION_RELATIONSHIP('','',#3692,#10) 
REPRESENTATION_RELATIONSHIP_WITH_TRANSFORMATION(#3728) 
SHAPE_REPRESENTATION_RELATIONSHIP() );
#3728 = ITEM_DEFINED_TRANSFORMATION('','',#11,#19);
#3729 = PRODUCT_DEFINITION_SHAPE('Placement','Placement of an item',
  #3730);
#3730 = NEXT_ASSEMBLY_USAGE_OCCURRENCE('35','male_pins array','',#5,
  #3687,$);
#3731 = PRODUCT_RELATED_PRODUCT_CATEGORY('part',$,(#3689));
#3732 = SHAPE_DEFINITION_REPRESENTATION(#3733,#3739);
#3733 = PRODUCT_DEFINITION_SHAPE('','',#3734);
#3734 = PRODUCT_DEFINITION('design','',#3735,#3738);
#3735 = PRODUCT_DEFINITION_FORMATION('','',#3736);
#3736 = PRODUCT('Pin','Pin','',(#3737));
#3737 = PRODUCT_CONTEXT('',#2,'mechanical');
#3738 = PRODUCT_DEFINITION_CONTEXT('part definition',#2,'design');
#3739 = ADVANCED_BREP_SHAPE_REPRESENTATION('',(#11,#3740),#4082);
#3740 = MANIFOLD_SOLID_BREP('',#3741);
#3741 = CLOSED_SHELL('',(#3742,#3782,#3813,#3837,#3861,#3878,#3909,#3933
    ,#3957,#3974,#4005,#4029,#4053,#4070));
#3742 = ADVANCED_FACE('',(#3743),#3777,.F.);
#3743 = FACE_BOUND('',#3744,.F.);
#3744 = EDGE_LOOP('',(#3745,#3755,#3763,#3771));
#3745 = ORIENTED_EDGE('',*,*,#3746,.T.);
#3746 = EDGE_CURVE('',#3747,#3749,#3751,.T.);
#3747 = VERTEX_POINT('',#3748);
#3748 = CARTESIAN_POINT('',(-0.12,0.12,6.8));
#3749 = VERTEX_POINT('',#3750);
#3750 = CARTESIAN_POINT('',(0.12,0.12,6.8));
#3751 = LINE('',#3752,#3753);
#3752 = CARTESIAN_POINT('',(-0.32,0.12,6.8));
#3753 = VECTOR('',#3754,1.);
#3754 = DIRECTION('',(1.,0.,0.));
#3755 = ORIENTED_EDGE('',*,*,#3756,.T.);
#3756 = EDGE_CURVE('',#3749,#3757,#3759,.T.);
#3757 = VERTEX_POINT('',#3758);
#3758 = CARTESIAN_POINT('',(0.12,-0.12,6.8));
#3759 = LINE('',#3760,#3761);
#3760 = CARTESIAN_POINT('',(0.12,0.32,6.8));
#3761 = VECTOR('',#3762,1.);
#3762 = DIRECTION('',(0.,-1.,0.));
#3763 = ORIENTED_EDGE('',*,*,#3764,.F.);
#3764 = EDGE_CURVE('',#3765,#3757,#3767,.T.);
#3765 = VERTEX_POINT('',#3766);
#3766 = CARTESIAN_POINT('',(-0.12,-0.12,6.8));
#3767 = LINE('',#3768,#3769);
#3768 = CARTESIAN_POINT('',(-0.32,-0.12,6.8));
#3769 = VECTOR('',#3770,1.);
#3770 = DIRECTION('',(1.,0.,0.));
#3771 = ORIENTED_EDGE('',*,*,#3772,.F.);
#3772 = EDGE_CURVE('',#3747,#3765,#3773,.T.);
#3773 = LINE('',#3774,#3775);
#3774 = CARTESIAN_POINT('',(-0.12,0.32,6.8));
#3775 = VECTOR('',#3776,1.);
#3776 = DIRECTION('',(0.,-1.,0.));
#3777 = PLANE('',#3778);
#3778 = AXIS2_PLACEMENT_3D('',#3779,#3780,#3781);
#3779 = CARTESIAN_POINT('',(-0.32,0.32,6.8));
#3780 = DIRECTION('',(0.,0.,-1.));
#3781 = DIRECTION('',(0.,-1.,0.));
#3782 = ADVANCED_FACE('',(#3783),#3808,.T.);
#3783 = FACE_BOUND('',#3784,.T.);
#3784 = EDGE_LOOP('',(#3785,#3793,#3794,#3802));
#3785 = ORIENTED_EDGE('',*,*,#3786,.F.);
#3786 = EDGE_CURVE('',#3747,#3787,#3789,.T.);
#3787 = VERTEX_POINT('',#3788);
#3788 = CARTESIAN_POINT('',(-0.32,0.32,6.6));
#3789 = LINE('',#3790,#3791);
#3790 = CARTESIAN_POINT('',(-0.253333333333,0.253333333333,
    6.666666666667));
#3791 = VECTOR('',#3792,1.);
#3792 = DIRECTION('',(-0.57735026919,0.57735026919,-0.57735026919));
#3793 = ORIENTED_EDGE('',*,*,#3746,.T.);
#3794 = ORIENTED_EDGE('',*,*,#3795,.T.);
#3795 = EDGE_CURVE('',#3749,#3796,#3798,.T.);
#3796 = VERTEX_POINT('',#3797);
#3797 = CARTESIAN_POINT('',(0.32,0.32,6.6));
#3798 = LINE('',#3799,#3800);
#3799 = CARTESIAN_POINT('',(0.146666666667,0.146666666667,6.773333333333
    ));
#3800 = VECTOR('',#3801,1.);
#3801 = DIRECTION('',(0.57735026919,0.57735026919,-0.57735026919));
#3802 = ORIENTED_EDGE('',*,*,#3803,.F.);
#3803 = EDGE_CURVE('',#3787,#3796,#3804,.T.);
#3804 = LINE('',#3805,#3806);
#3805 = CARTESIAN_POINT('',(-0.32,0.32,6.6));
#3806 = VECTOR('',#3807,1.);
#3807 = DIRECTION('',(1.,0.,0.));
#3808 = PLANE('',#3809);
#3809 = AXIS2_PLACEMENT_3D('',#3810,#3811,#3812);
#3810 = CARTESIAN_POINT('',(-0.32,0.22,6.7));
#3811 = DIRECTION('',(0.,0.707106781187,0.707106781187));
#3812 = DIRECTION('',(1.,0.,-0.));
#3813 = ADVANCED_FACE('',(#3814),#3832,.T.);
#3814 = FACE_BOUND('',#3815,.F.);
#3815 = EDGE_LOOP('',(#3816,#3817,#3818,#3826));
#3816 = ORIENTED_EDGE('',*,*,#3786,.F.);
#3817 = ORIENTED_EDGE('',*,*,#3772,.T.);
#3818 = ORIENTED_EDGE('',*,*,#3819,.T.);
#3819 = EDGE_CURVE('',#3765,#3820,#3822,.T.);
#3820 = VERTEX_POINT('',#3821);
#3821 = CARTESIAN_POINT('',(-0.32,-0.32,6.6));
#3822 = LINE('',#3823,#3824);
#3823 = CARTESIAN_POINT('',(-0.146666666667,-0.146666666667,
    6.773333333333));
#3824 = VECTOR('',#3825,1.);
#3825 = DIRECTION('',(-0.57735026919,-0.57735026919,-0.57735026919));
#3826 = ORIENTED_EDGE('',*,*,#3827,.F.);
#3827 = EDGE_CURVE('',#3787,#3820,#3828,.T.);
#3828 = LINE('',#3829,#3830);
#3829 = CARTESIAN_POINT('',(-0.32,0.32,6.6));
#3830 = VECTOR('',#3831,1.);
#3831 = DIRECTION('',(0.,-1.,0.));
#3832 = PLANE('',#3833);
#3833 = AXIS2_PLACEMENT_3D('',#3834,#3835,#3836);
#3834 = CARTESIAN_POINT('',(-0.22,0.32,6.7));
#3835 = DIRECTION('',(-0.707106781187,0.,0.707106781187));
#3836 = DIRECTION('',(0.,1.,-0.));
#3837 = ADVANCED_FACE('',(#3838),#3856,.F.);
#3838 = FACE_BOUND('',#3839,.T.);
#3839 = EDGE_LOOP('',(#3840,#3841,#3842,#3850));
#3840 = ORIENTED_EDGE('',*,*,#3795,.F.);
#3841 = ORIENTED_EDGE('',*,*,#3756,.T.);
#3842 = ORIENTED_EDGE('',*,*,#3843,.T.);
#3843 = EDGE_CURVE('',#3757,#3844,#3846,.T.);
#3844 = VERTEX_POINT('',#3845);
#3845 = CARTESIAN_POINT('',(0.32,-0.32,6.6));
#3846 = LINE('',#3847,#3848);
#3847 = CARTESIAN_POINT('',(4.E-02,-4.E-02,6.88));
#3848 = VECTOR('',#3849,1.);
#3849 = DIRECTION('',(0.57735026919,-0.57735026919,-0.57735026919));
#3850 = ORIENTED_EDGE('',*,*,#3851,.F.);
#3851 = EDGE_CURVE('',#3796,#3844,#3852,.T.);
#3852 = LINE('',#3853,#3854);
#3853 = CARTESIAN_POINT('',(0.32,0.32,6.6));
#3854 = VECTOR('',#3855,1.);
#3855 = DIRECTION('',(0.,-1.,0.));
#3856 = PLANE('',#3857);
#3857 = AXIS2_PLACEMENT_3D('',#3858,#3859,#3860);
#3858 = CARTESIAN_POINT('',(0.22,0.32,6.7));
#3859 = DIRECTION('',(-0.707106781187,-0.,-0.707106781187));
#3860 = DIRECTION('',(-0.,1.,-0.));
#3861 = ADVANCED_FACE('',(#3862),#3873,.T.);
#3862 = FACE_BOUND('',#3863,.F.);
#3863 = EDGE_LOOP('',(#3864,#3865,#3866,#3867));
#3864 = ORIENTED_EDGE('',*,*,#3819,.F.);
#3865 = ORIENTED_EDGE('',*,*,#3764,.T.);
#3866 = ORIENTED_EDGE('',*,*,#3843,.T.);
#3867 = ORIENTED_EDGE('',*,*,#3868,.F.);
#3868 = EDGE_CURVE('',#3820,#3844,#3869,.T.);
#3869 = LINE('',#3870,#3871);
#3870 = CARTESIAN_POINT('',(-0.32,-0.32,6.6));
#3871 = VECTOR('',#3872,1.);
#3872 = DIRECTION('',(1.,0.,0.));
#3873 = PLANE('',#3874);
#3874 = AXIS2_PLACEMENT_3D('',#3875,#3876,#3877);
#3875 = CARTESIAN_POINT('',(-0.32,-0.22,6.7));
#3876 = DIRECTION('',(-0.,-0.707106781187,0.707106781187));
#3877 = DIRECTION('',(-1.,-0.,-0.));
#3878 = ADVANCED_FACE('',(#3879),#3904,.F.);
#3879 = FACE_BOUND('',#3880,.F.);
#3880 = EDGE_LOOP('',(#3881,#3889,#3897,#3903));
#3881 = ORIENTED_EDGE('',*,*,#3882,.F.);
#3882 = EDGE_CURVE('',#3883,#3787,#3885,.T.);
#3883 = VERTEX_POINT('',#3884);
#3884 = CARTESIAN_POINT('',(-0.32,0.32,-3.2));
#3885 = LINE('',#3886,#3887);
#3886 = CARTESIAN_POINT('',(-0.32,0.32,-3.4));
#3887 = VECTOR('',#3888,1.);
#3888 = DIRECTION('',(0.,0.,1.));
#3889 = ORIENTED_EDGE('',*,*,#3890,.T.);
#3890 = EDGE_CURVE('',#3883,#3891,#3893,.T.);
#3891 = VERTEX_POINT('',#3892);
#3892 = CARTESIAN_POINT('',(0.32,0.32,-3.2));
#3893 = LINE('',#3894,#3895);
#3894 = CARTESIAN_POINT('',(-0.32,0.32,-3.2));
#3895 = VECTOR('',#3896,1.);
#3896 = DIRECTION('',(1.,0.,0.));
#3897 = ORIENTED_EDGE('',*,*,#3898,.T.);
#3898 = EDGE_CURVE('',#3891,#3796,#3899,.T.);
#3899 = LINE('',#3900,#3901);
#3900 = CARTESIAN_POINT('',(0.32,0.32,-3.4));
#3901 = VECTOR('',#3902,1.);
#3902 = DIRECTION('',(0.,0.,1.));
#3903 = ORIENTED_EDGE('',*,*,#3803,.F.);
#3904 = PLANE('',#3905);
#3905 = AXIS2_PLACEMENT_3D('',#3906,#3907,#3908);
#3906 = CARTESIAN_POINT('',(-0.32,0.32,-3.4));
#3907 = DIRECTION('',(0.,-1.,0.));
#3908 = DIRECTION('',(0.,0.,1.));
#3909 = ADVANCED_FACE('',(#3910),#3928,.F.);
#3910 = FACE_BOUND('',#3911,.F.);
#3911 = EDGE_LOOP('',(#3912,#3920,#3926,#3927));
#3912 = ORIENTED_EDGE('',*,*,#3913,.T.);
#3913 = EDGE_CURVE('',#3820,#3914,#3916,.T.);
#3914 = VERTEX_POINT('',#3915);
#3915 = CARTESIAN_POINT('',(-0.32,-0.32,-3.2));
#3916 = LINE('',#3917,#3918);
#3917 = CARTESIAN_POINT('',(-0.32,-0.32,6.8));
#3918 = VECTOR('',#3919,1.);
#3919 = DIRECTION('',(0.,0.,-1.));
#3920 = ORIENTED_EDGE('',*,*,#3921,.T.);
#3921 = EDGE_CURVE('',#3914,#3883,#3922,.T.);
#3922 = LINE('',#3923,#3924);
#3923 = CARTESIAN_POINT('',(-0.32,-0.32,-3.2));
#3924 = VECTOR('',#3925,1.);
#3925 = DIRECTION('',(0.,1.,0.));
#3926 = ORIENTED_EDGE('',*,*,#3882,.T.);
#3927 = ORIENTED_EDGE('',*,*,#3827,.T.);
#3928 = PLANE('',#3929);
#3929 = AXIS2_PLACEMENT_3D('',#3930,#3931,#3932);
#3930 = CARTESIAN_POINT('',(-0.32,0.,1.7));
#3931 = DIRECTION('',(1.,0.,0.));
#3932 = DIRECTION('',(0.,0.,1.));
#3933 = ADVANCED_FACE('',(#3934),#3952,.T.);
#3934 = FACE_BOUND('',#3935,.T.);
#3935 = EDGE_LOOP('',(#3936,#3944,#3950,#3951));
#3936 = ORIENTED_EDGE('',*,*,#3937,.T.);
#3937 = EDGE_CURVE('',#3844,#3938,#3940,.T.);
#3938 = VERTEX_POINT('',#3939);
#3939 = CARTESIAN_POINT('',(0.32,-0.32,-3.2));
#3940 = LINE('',#3941,#3942);
#3941 = CARTESIAN_POINT('',(0.32,-0.32,6.8));
#3942 = VECTOR('',#3943,1.);
#3943 = DIRECTION('',(0.,0.,-1.));
#3944 = ORIENTED_EDGE('',*,*,#3945,.T.);
#3945 = EDGE_CURVE('',#3938,#3891,#3946,.T.);
#3946 = LINE('',#3947,#3948);
#3947 = CARTESIAN_POINT('',(0.32,-0.32,-3.2));
#3948 = VECTOR('',#3949,1.);
#3949 = DIRECTION('',(0.,1.,0.));
#3950 = ORIENTED_EDGE('',*,*,#3898,.T.);
#3951 = ORIENTED_EDGE('',*,*,#3851,.T.);
#3952 = PLANE('',#3953);
#3953 = AXIS2_PLACEMENT_3D('',#3954,#3955,#3956);
#3954 = CARTESIAN_POINT('',(0.32,0.,1.7));
#3955 = DIRECTION('',(1.,0.,0.));
#3956 = DIRECTION('',(0.,0.,1.));
#3957 = ADVANCED_FACE('',(#3958),#3969,.F.);
#3958 = FACE_BOUND('',#3959,.F.);
#3959 = EDGE_LOOP('',(#3960,#3961,#3962,#3963));
#3960 = ORIENTED_EDGE('',*,*,#3913,.F.);
#3961 = ORIENTED_EDGE('',*,*,#3868,.T.);
#3962 = ORIENTED_EDGE('',*,*,#3937,.T.);
#3963 = ORIENTED_EDGE('',*,*,#3964,.F.);
#3964 = EDGE_CURVE('',#3914,#3938,#3965,.T.);
#3965 = LINE('',#3966,#3967);
#3966 = CARTESIAN_POINT('',(-0.32,-0.32,-3.2));
#3967 = VECTOR('',#3968,1.);
#3968 = DIRECTION('',(1.,0.,0.));
#3969 = PLANE('',#3970);
#3970 = AXIS2_PLACEMENT_3D('',#3971,#3972,#3973);
#3971 = CARTESIAN_POINT('',(-0.32,-0.32,6.8));
#3972 = DIRECTION('',(0.,1.,0.));
#3973 = DIRECTION('',(0.,0.,-1.));
#3974 = ADVANCED_FACE('',(#3975),#4000,.T.);
#3975 = FACE_BOUND('',#3976,.F.);
#3976 = EDGE_LOOP('',(#3977,#3985,#3993,#3999));
#3977 = ORIENTED_EDGE('',*,*,#3978,.F.);
#3978 = EDGE_CURVE('',#3979,#3883,#3981,.T.);
#3979 = VERTEX_POINT('',#3980);
#3980 = CARTESIAN_POINT('',(-0.12,0.12,-3.4));
#3981 = LINE('',#3982,#3983);
#3982 = CARTESIAN_POINT('',(-0.146666666667,0.146666666667,
    -3.373333333333));
#3983 = VECTOR('',#3984,1.);
#3984 = DIRECTION('',(-0.57735026919,0.57735026919,0.57735026919));
#3985 = ORIENTED_EDGE('',*,*,#3986,.T.);
#3986 = EDGE_CURVE('',#3979,#3987,#3989,.T.);
#3987 = VERTEX_POINT('',#3988);
#3988 = CARTESIAN_POINT('',(0.12,0.12,-3.4));
#3989 = LINE('',#3990,#3991);
#3990 = CARTESIAN_POINT('',(-0.32,0.12,-3.4));
#3991 = VECTOR('',#3992,1.);
#3992 = DIRECTION('',(1.,0.,0.));
#3993 = ORIENTED_EDGE('',*,*,#3994,.T.);
#3994 = EDGE_CURVE('',#3987,#3891,#3995,.T.);
#3995 = LINE('',#3996,#3997);
#3996 = CARTESIAN_POINT('',(4.E-02,4.E-02,-3.48));
#3997 = VECTOR('',#3998,1.);
#3998 = DIRECTION('',(0.57735026919,0.57735026919,0.57735026919));
#3999 = ORIENTED_EDGE('',*,*,#3890,.F.);
#4000 = PLANE('',#4001);
#4001 = AXIS2_PLACEMENT_3D('',#4002,#4003,#4004);
#4002 = CARTESIAN_POINT('',(-0.32,0.22,-3.3));
#4003 = DIRECTION('',(-0.,0.707106781187,-0.707106781187));
#4004 = DIRECTION('',(-1.,-0.,0.));
#4005 = ADVANCED_FACE('',(#4006),#4024,.T.);
#4006 = FACE_BOUND('',#4007,.F.);
#4007 = EDGE_LOOP('',(#4008,#4016,#4022,#4023));
#4008 = ORIENTED_EDGE('',*,*,#4009,.T.);
#4009 = EDGE_CURVE('',#3914,#4010,#4012,.T.);
#4010 = VERTEX_POINT('',#4011);
#4011 = CARTESIAN_POINT('',(-0.12,-0.12,-3.4));
#4012 = LINE('',#4013,#4014);
#4013 = CARTESIAN_POINT('',(-0.253333333333,-0.253333333333,
    -3.266666666667));
#4014 = VECTOR('',#4015,1.);
#4015 = DIRECTION('',(0.57735026919,0.57735026919,-0.57735026919));
#4016 = ORIENTED_EDGE('',*,*,#4017,.T.);
#4017 = EDGE_CURVE('',#4010,#3979,#4018,.T.);
#4018 = LINE('',#4019,#4020);
#4019 = CARTESIAN_POINT('',(-0.12,-0.32,-3.4));
#4020 = VECTOR('',#4021,1.);
#4021 = DIRECTION('',(0.,1.,0.));
#4022 = ORIENTED_EDGE('',*,*,#3978,.T.);
#4023 = ORIENTED_EDGE('',*,*,#3921,.F.);
#4024 = PLANE('',#4025);
#4025 = AXIS2_PLACEMENT_3D('',#4026,#4027,#4028);
#4026 = CARTESIAN_POINT('',(-0.22,-0.32,-3.3));
#4027 = DIRECTION('',(-0.707106781187,-0.,-0.707106781187));
#4028 = DIRECTION('',(-0.,-1.,0.));
#4029 = ADVANCED_FACE('',(#4030),#4048,.F.);
#4030 = FACE_BOUND('',#4031,.T.);
#4031 = EDGE_LOOP('',(#4032,#4040,#4046,#4047));
#4032 = ORIENTED_EDGE('',*,*,#4033,.T.);
#4033 = EDGE_CURVE('',#3938,#4034,#4036,.T.);
#4034 = VERTEX_POINT('',#4035);
#4035 = CARTESIAN_POINT('',(0.12,-0.12,-3.4));
#4036 = LINE('',#4037,#4038);
#4037 = CARTESIAN_POINT('',(0.146666666667,-0.146666666667,
    -3.373333333333));
#4038 = VECTOR('',#4039,1.);
#4039 = DIRECTION('',(-0.57735026919,0.57735026919,-0.57735026919));
#4040 = ORIENTED_EDGE('',*,*,#4041,.T.);
#4041 = EDGE_CURVE('',#4034,#3987,#4042,.T.);
#4042 = LINE('',#4043,#4044);
#4043 = CARTESIAN_POINT('',(0.12,-0.32,-3.4));
#4044 = VECTOR('',#4045,1.);
#4045 = DIRECTION('',(0.,1.,0.));
#4046 = ORIENTED_EDGE('',*,*,#3994,.T.);
#4047 = ORIENTED_EDGE('',*,*,#3945,.F.);
#4048 = PLANE('',#4049);
#4049 = AXIS2_PLACEMENT_3D('',#4050,#4051,#4052);
#4050 = CARTESIAN_POINT('',(0.22,-0.32,-3.3));
#4051 = DIRECTION('',(-0.707106781187,0.,0.707106781187));
#4052 = DIRECTION('',(-0.,-1.,0.));
#4053 = ADVANCED_FACE('',(#4054),#4065,.T.);
#4054 = FACE_BOUND('',#4055,.F.);
#4055 = EDGE_LOOP('',(#4056,#4057,#4058,#4059));
#4056 = ORIENTED_EDGE('',*,*,#4009,.F.);
#4057 = ORIENTED_EDGE('',*,*,#3964,.T.);
#4058 = ORIENTED_EDGE('',*,*,#4033,.T.);
#4059 = ORIENTED_EDGE('',*,*,#4060,.F.);
#4060 = EDGE_CURVE('',#4010,#4034,#4061,.T.);
#4061 = LINE('',#4062,#4063);
#4062 = CARTESIAN_POINT('',(-0.32,-0.12,-3.4));
#4063 = VECTOR('',#4064,1.);
#4064 = DIRECTION('',(1.,0.,0.));
#4065 = PLANE('',#4066);
#4066 = AXIS2_PLACEMENT_3D('',#4067,#4068,#4069);
#4067 = CARTESIAN_POINT('',(-0.32,-0.22,-3.3));
#4068 = DIRECTION('',(0.,-0.707106781187,-0.707106781187));
#4069 = DIRECTION('',(-1.,-0.,-0.));
#4070 = ADVANCED_FACE('',(#4071),#4077,.F.);
#4071 = FACE_BOUND('',#4072,.F.);
#4072 = EDGE_LOOP('',(#4073,#4074,#4075,#4076));
#4073 = ORIENTED_EDGE('',*,*,#4060,.T.);
#4074 = ORIENTED_EDGE('',*,*,#4041,.T.);
#4075 = ORIENTED_EDGE('',*,*,#3986,.F.);
#4076 = ORIENTED_EDGE('',*,*,#4017,.F.);
#4077 = PLANE('',#4078);
#4078 = AXIS2_PLACEMENT_3D('',#4079,#4080,#4081);
#4079 = CARTESIAN_POINT('',(-0.32,-0.32,-3.4));
#4080 = DIRECTION('',(0.,0.,1.));
#4081 = DIRECTION('',(0.,1.,0.));
#4082 = ( GEOMETRIC_REPRESENTATION_CONTEXT(3) 
GLOBAL_UNCERTAINTY_ASSIGNED_CONTEXT((#4086)) 
GLOBAL_UNIT_ASSIGNED_CONTEXT((#4083,#4084,#4085)) REPRESENTATION_CONTEXT
('Context #1','3D Context with UNIT and UNCERTAINTY') );
#4083 = ( LENGTH_UNIT() NAMED_UNIT(*) SI_UNIT(.MILLI.,.METRE.) );
#4084 = ( NAMED_UNIT(*) PLANE_ANGLE_UNIT() SI_UNIT($,.RADIAN.) );
#4085 = ( NAMED_UNIT(*) SI_UNIT($,.STERADIAN.) SOLID_ANGLE_UNIT() );
#4086 = UNCERTAINTY_MEASURE_WITH_UNIT(LENGTH_MEASURE(1.E-07),#4083,
  'distance_accuracy_value','confusion accuracy');
#4087 = CONTEXT_DEPENDENT_SHAPE_REPRESENTATION(#4088,#4090);
#4088 = ( REPRESENTATION_RELATIONSHIP('','',#3739,#3692) 
REPRESENTATION_RELATIONSHIP_WITH_TRANSFORMATION(#4089) 
SHAPE_REPRESENTATION_RELATIONSHIP() );
#4089 = ITEM_DEFINED_TRANSFORMATION('','',#11,#3693);
#4090 = PRODUCT_DEFINITION_SHAPE('Placement','Placement of an item',
  #4091);
#4091 = NEXT_ASSEMBLY_USAGE_OCCURRENCE('28','0','',#3687,#3734,$);
#4092 = PRODUCT_RELATED_PRODUCT_CATEGORY('part',$,(#3736));
#4093 = CONTEXT_DEPENDENT_SHAPE_REPRESENTATION(#4094,#4096);
#4094 = ( REPRESENTATION_RELATIONSHIP('','',#3739,#3692) 
REPRESENTATION_RELATIONSHIP_WITH_TRANSFORMATION(#4095) 
SHAPE_REPRESENTATION_RELATIONSHIP() );
#4095 = ITEM_DEFINED_TRANSFORMATION('','',#11,#3697);
#4096 = PRODUCT_DEFINITION_SHAPE('Placement','Placement of an item',
  #4097);
#4097 = NEXT_ASSEMBLY_USAGE_OCCURRENCE('29','1','',#3687,#3734,$);
#4098 = CONTEXT_DEPENDENT_SHAPE_REPRESENTATION(#4099,#4101);
#4099 = ( REPRESENTATION_RELATIONSHIP('','',#3739,#3692) 
REPRESENTATION_RELATIONSHIP_WITH_TRANSFORMATION(#4100) 
SHAPE_REPRESENTATION_RELATIONSHIP() );
#4100 = ITEM_DEFINED_TRANSFORMATION('','',#11,#3701);
#4101 = PRODUCT_DEFINITION_SHAPE('Placement','Placement of an item',
  #4102);
#4102 = NEXT_ASSEMBLY_USAGE_OCCURRENCE('30','2','',#3687,#3734,$);
#4103 = CONTEXT_DEPENDENT_SHAPE_REPRESENTATION(#4104,#4106);
#4104 = ( REPRESENTATION_RELATIONSHIP('','',#3739,#3692) 
REPRESENTATION_RELATIONSHIP_WITH_TRANSFORMATION(#4105) 
SHAPE_REPRESENTATION_RELATIONSHIP() );
#4105 = ITEM_DEFINED_TRANSFORMATION('','',#11,#3705);
#4106 = PRODUCT_DEFINITION_SHAPE('Placement','Placement of an item',
  #4107);
#4107 = NEXT_ASSEMBLY_USAGE_OCCURRENCE('31','3','',#3687,#3734,$);
#4108 = CONTEXT_DEPENDENT_SHAPE_REPRESENTATION(#4109,#4111);
#4109 = ( REPRESENTATION_RELATIONSHIP('','',#3739,#3692) 
REPRESENTATION_RELATIONSHIP_WITH_TRANSFORMATION(#4110) 
SHAPE_REPRESENTATION_RELATIONSHIP() );
#4110 = ITEM_DEFINED_TRANSFORMATION('','',#11,#3709);
#4111 = PRODUCT_DEFINITION_SHAPE('Placement','Placement of an item',
  #4112);
#4112 = NEXT_ASSEMBLY_USAGE_OCCURRENCE('32','4','',#3687,#3734,$);
#4113 = CONTEXT_DEPENDENT_SHAPE_REPRESENTATION(#4114,#4116);
#4114 = ( REPRESENTATION_RELATIONSHIP('','',#3739,#3692) 
REPRESENTATION_RELATIONSHIP_WITH_TRANSFORMATION(#4115) 
SHAPE_REPRESENTATION_RELATIONSHIP() );
#4115 = ITEM_DEFINED_TRANSFORMATION('','',#11,#3713);
#4116 = PRODUCT_DEFINITION_SHAPE('Placement','Placement of an item',
  #4117);
#4117 = NEXT_ASSEMBLY_USAGE_OCCURRENCE('33','5','',#3687,#3734,$);
#4118 = CONTEXT_DEPENDENT_SHAPE_REPRESENTATION(#4119,#4121);
#4119 = ( REPRESENTATION_RELATIONSHIP('','',#3739,#3692) 
REPRESENTATION_RELATIONSHIP_WITH_TRANSFORMATION(#4120) 
SHAPE_REPRESENTATION_RELATIONSHIP() );
#4120 = ITEM_DEFINED_TRANSFORMATION('','',#11,#3717);
#4121 = PRODUCT_DEFINITION_SHAPE('Placement','Placement of an item',
  #4122);
#4122 = NEXT_ASSEMBLY_USAGE_OCCURRENCE('34','6','',#3687,#3734,$);
#4123 = MECHANICAL_DESIGN_GEOMETRIC_PRESENTATION_REPRESENTATION('',(
    #4124),#4082);
#4124 = STYLED_ITEM('color',(#4125),#3740);
#4125 = PRESENTATION_STYLE_ASSIGNMENT((#4126,#4132));
#4126 = SURFACE_STYLE_USAGE(.BOTH.,#4127);
#4127 = SURFACE_SIDE_STYLE('',(#4128));
#4128 = SURFACE_STYLE_FILL_AREA(#4129);
#4129 = FILL_AREA_STYLE('',(#4130));
#4130 = FILL_AREA_STYLE_COLOUR('',#4131);
#4131 = COLOUR_RGB('',0.399999997426,0.274509816483,0.);
#4132 = CURVE_STYLE('',#4133,POSITIVE_LENGTH_MEASURE(0.1),#4134);
#4133 = DRAUGHTING_PRE_DEFINED_CURVE_FONT('continuous');
#4134 = COLOUR_RGB('',9.803921802644E-02,9.803921802644E-02,
  9.803921802644E-02);
#4135 = MECHANICAL_DESIGN_GEOMETRIC_PRESENTATION_REPRESENTATION('',(
    #4136),#3674);
#4136 = STYLED_ITEM('color',(#4137),#37);
#4137 = PRESENTATION_STYLE_ASSIGNMENT((#4138,#4144));
#4138 = SURFACE_STYLE_USAGE(.BOTH.,#4139);
#4139 = SURFACE_SIDE_STYLE('',(#4140));
#4140 = SURFACE_STYLE_FILL_AREA(#4141);
#4141 = FILL_AREA_STYLE('',(#4142));
#4142 = FILL_AREA_STYLE_COLOUR('',#4143);
#4143 = DRAUGHTING_PRE_DEFINED_COLOUR('white');
#4144 = CURVE_STYLE('',#4145,POSITIVE_LENGTH_MEASURE(0.1),#4134);
#4145 = DRAUGHTING_PRE_DEFINED_CURVE_FONT('continuous');
ENDSEC;
END-ISO-10303-21;
