ISO-10303-21;
HEADER;
FILE_DESCRIPTION(('FreeCAD Model'),'2;1');
FILE_NAME('Open CASCADE Shape Model','2026-06-29T20:57:07',(''),(''),
  'Open CASCADE STEP processor 7.8','FreeCAD','Unknown');
FILE_SCHEMA(('AUTOMOTIVE_DESIGN { 1 0 10303 214 1 1 1 1 }'));
ENDSEC;
DATA;
#1 = APPLICATION_PROTOCOL_DEFINITION('international standard',
  'automotive_design',2000,#2);
#2 = APPLICATION_CONTEXT(
  'core data for automotive mechanical design processes');
#3 = SHAPE_DEFINITION_REPRESENTATION(#4,#10);
#4 = PRODUCT_DEFINITION_SHAPE('','',#5);
#5 = PRODUCT_DEFINITION('design','',#6,#9);
#6 = PRODUCT_DEFINITION_FORMATION('','',#7);
#7 = PRODUCT('XH_top_entry','XH_top_entry','',(#8));
#8 = PRODUCT_CONTEXT('',#2,'mechanical');
#9 = PRODUCT_DEFINITION_CONTEXT('part definition',#2,'design');
#10 = SHAPE_REPRESENTATION('',(#11,#15,#19),#23);
#11 = AXIS2_PLACEMENT_3D('',#12,#13,#14);
#12 = CARTESIAN_POINT('',(0.,0.,0.));
#13 = DIRECTION('',(0.,0.,1.));
#14 = DIRECTION('',(1.,0.,-0.));
#15 = AXIS2_PLACEMENT_3D('',#16,#17,#18);
#16 = CARTESIAN_POINT('',(17.5,0.,0.));
#17 = DIRECTION('',(0.,0.,1.));
#18 = DIRECTION('',(-1.,1.224646799147E-16,0.));
#19 = AXIS2_PLACEMENT_3D('',#20,#21,#22);
#20 = CARTESIAN_POINT('',(0.,0.,0.));
#21 = DIRECTION('',(0.,0.,1.));
#22 = DIRECTION('',(1.,0.,0.));
#23 = ( GEOMETRIC_REPRESENTATION_CONTEXT(3) 
GLOBAL_UNCERTAINTY_ASSIGNED_CONTEXT((#27)) GLOBAL_UNIT_ASSIGNED_CONTEXT(
(#24,#25,#26)) REPRESENTATION_CONTEXT('Context #1',
  '3D Context with UNIT and UNCERTAINTY') );
#24 = ( LENGTH_UNIT() NAMED_UNIT(*) SI_UNIT(.MILLI.,.METRE.) );
#25 = ( NAMED_UNIT(*) PLANE_ANGLE_UNIT() SI_UNIT($,.RADIAN.) );
#26 = ( NAMED_UNIT(*) SI_UNIT($,.STERADIAN.) SOLID_ANGLE_UNIT() );
#27 = UNCERTAINTY_MEASURE_WITH_UNIT(LENGTH_MEASURE(5.E-06),#24,
  'distance_accuracy_value','confusion accuracy');
#28 = PRODUCT_RELATED_PRODUCT_CATEGORY('part',$,(#7));
#29 = SHAPE_DEFINITION_REPRESENTATION(#30,#36);
#30 = PRODUCT_DEFINITION_SHAPE('','',#31);
#31 = PRODUCT_DEFINITION('design','',#32,#35);
#32 = PRODUCT_DEFINITION_FORMATION('','',#33);
#33 = PRODUCT('Top_entry_base','Top_entry_base','',(#34));
#34 = PRODUCT_CONTEXT('',#2,'mechanical');
#35 = PRODUCT_DEFINITION_CONTEXT('part definition',#2,'design');
#36 = ADVANCED_BREP_SHAPE_REPRESENTATION('',(#11,#37),#4008);
#37 = MANIFOLD_SOLID_BREP('',#38);
#38 = CLOSED_SHELL('',(#39,#129,#168,#192,#249,#273,#298,#322,#602,#634,
    #659,#709,#782,#799,#824,#1225,#1256,#1268,#1292,#1358,#1376,#1409,
    #1433,#1464,#1481,#1514,#1547,#1571,#1595,#1626,#1657,#1674,#1691,
    #1724,#1757,#1781,#1805,#1836,#1867,#1884,#1901,#1934,#1967,#1991,
    #2015,#2046,#2077,#2094,#2111,#2144,#2177,#2194,#2211,#2242,#2254,
    #2271,#2288,#2426,#2710,#2727,#2744,#2761,#2778,#2795,#2812,#2829,
    #2846,#2863,#2880,#2897,#2914,#2931,#2948,#2965,#2982,#2999,#3016,
    #3033,#3050,#3067,#3084,#3096,#3142,#3188,#3234,#3280,#3326,#3372,
    #3418,#3464,#3486,#3503,#3520,#3532,#3554,#3571,#3588,#3600,#3622,
    #3639,#3656,#3668,#3690,#3707,#3724,#3736,#3758,#3775,#3792,#3804,
    #3826,#3843,#3860,#3872,#3894,#3911,#3928,#3940,#3962,#3979,#3996));
#39 = ADVANCED_FACE('',(#40),#124,.T.);
#40 = FACE_BOUND('',#41,.T.);
#41 = EDGE_LOOP('',(#42,#52,#60,#68,#76,#84,#92,#101,#109,#118));
#42 = ORIENTED_EDGE('',*,*,#43,.T.);
#43 = EDGE_CURVE('',#44,#46,#48,.T.);
#44 = VERTEX_POINT('',#45);
#45 = CARTESIAN_POINT('',(-2.45,-0.7,7.));
#46 = VERTEX_POINT('',#47);
#47 = CARTESIAN_POINT('',(-2.,-0.7,7.));
#48 = LINE('',#49,#50);
#49 = CARTESIAN_POINT('',(-5.,-0.7,7.));
#50 = VECTOR('',#51,1.);
#51 = DIRECTION('',(1.,0.,0.));
#52 = ORIENTED_EDGE('',*,*,#53,.F.);
#53 = EDGE_CURVE('',#54,#46,#56,.T.);
#54 = VERTEX_POINT('',#55);
#55 = CARTESIAN_POINT('',(-2.,2.95,7.));
#56 = LINE('',#57,#58);
#57 = CARTESIAN_POINT('',(-2.,2.65,7.));
#58 = VECTOR('',#59,1.);
#59 = DIRECTION('',(0.,-1.,0.));
#60 = ORIENTED_EDGE('',*,*,#61,.T.);
#61 = EDGE_CURVE('',#54,#62,#64,.T.);
#62 = VERTEX_POINT('',#63);
#63 = CARTESIAN_POINT('',(19.5,2.95,7.));
#64 = LINE('',#65,#66);
#65 = CARTESIAN_POINT('',(-1.7,2.95,7.));
#66 = VECTOR('',#67,1.);
#67 = DIRECTION('',(1.,0.,0.));
#68 = ORIENTED_EDGE('',*,*,#69,.T.);
#69 = EDGE_CURVE('',#62,#70,#72,.T.);
#70 = VERTEX_POINT('',#71);
#71 = CARTESIAN_POINT('',(19.5,-0.7,7.));
#72 = LINE('',#73,#74);
#73 = CARTESIAN_POINT('',(19.5,2.65,7.));
#74 = VECTOR('',#75,1.);
#75 = DIRECTION('',(0.,-1.,0.));
#76 = ORIENTED_EDGE('',*,*,#77,.T.);
#77 = EDGE_CURVE('',#70,#78,#80,.T.);
#78 = VERTEX_POINT('',#79);
#79 = CARTESIAN_POINT('',(19.95,-0.7,7.));
#80 = LINE('',#81,#82);
#81 = CARTESIAN_POINT('',(-5.,-0.7,7.));
#82 = VECTOR('',#83,1.);
#83 = DIRECTION('',(1.,0.,0.));
#84 = ORIENTED_EDGE('',*,*,#85,.T.);
#85 = EDGE_CURVE('',#78,#86,#88,.T.);
#86 = VERTEX_POINT('',#87);
#87 = CARTESIAN_POINT('',(19.95,2.9,7.));
#88 = LINE('',#89,#90);
#89 = CARTESIAN_POINT('',(19.95,-2.35,7.));
#90 = VECTOR('',#91,1.);
#91 = DIRECTION('',(0.,1.,0.));
#92 = ORIENTED_EDGE('',*,*,#93,.T.);
#93 = EDGE_CURVE('',#86,#94,#96,.T.);
#94 = VERTEX_POINT('',#95);
#95 = CARTESIAN_POINT('',(19.45,3.4,7.));
#96 = CIRCLE('',#97,0.5);
#97 = AXIS2_PLACEMENT_3D('',#98,#99,#100);
#98 = CARTESIAN_POINT('',(19.45,2.9,7.));
#99 = DIRECTION('',(-0.,0.,1.));
#100 = DIRECTION('',(0.,-1.,0.));
#101 = ORIENTED_EDGE('',*,*,#102,.T.);
#102 = EDGE_CURVE('',#94,#103,#105,.T.);
#103 = VERTEX_POINT('',#104);
#104 = CARTESIAN_POINT('',(-1.95,3.4,7.));
#105 = LINE('',#106,#107);
#106 = CARTESIAN_POINT('',(19.95,3.4,7.));
#107 = VECTOR('',#108,1.);
#108 = DIRECTION('',(-1.,0.,0.));
#109 = ORIENTED_EDGE('',*,*,#110,.F.);
#110 = EDGE_CURVE('',#111,#103,#113,.T.);
#111 = VERTEX_POINT('',#112);
#112 = CARTESIAN_POINT('',(-2.45,2.9,7.));
#113 = CIRCLE('',#114,0.5);
#114 = AXIS2_PLACEMENT_3D('',#115,#116,#117);
#115 = CARTESIAN_POINT('',(-1.95,2.9,7.));
#116 = DIRECTION('',(-0.,-0.,-1.));
#117 = DIRECTION('',(0.,-1.,0.));
#118 = ORIENTED_EDGE('',*,*,#119,.T.);
#119 = EDGE_CURVE('',#111,#44,#120,.T.);
#120 = LINE('',#121,#122);
#121 = CARTESIAN_POINT('',(-2.45,3.4,7.));
#122 = VECTOR('',#123,1.);
#123 = DIRECTION('',(0.,-1.,0.));
#124 = PLANE('',#125);
#125 = AXIS2_PLACEMENT_3D('',#126,#127,#128);
#126 = CARTESIAN_POINT('',(8.75,0.525,7.));
#127 = DIRECTION('',(0.,0.,1.));
#128 = DIRECTION('',(1.,0.,0.));
#129 = ADVANCED_FACE('',(#130),#163,.T.);
#130 = FACE_BOUND('',#131,.T.);
#131 = EDGE_LOOP('',(#132,#133,#141,#149,#157));
#132 = ORIENTED_EDGE('',*,*,#43,.F.);
#133 = ORIENTED_EDGE('',*,*,#134,.T.);
#134 = EDGE_CURVE('',#44,#135,#137,.T.);
#135 = VERTEX_POINT('',#136);
#136 = CARTESIAN_POINT('',(-2.45,-0.7,3.9));
#137 = LINE('',#138,#139);
#138 = CARTESIAN_POINT('',(-2.45,-0.7,1.95));
#139 = VECTOR('',#140,1.);
#140 = DIRECTION('',(0.,0.,-1.));
#141 = ORIENTED_EDGE('',*,*,#142,.T.);
#142 = EDGE_CURVE('',#135,#143,#145,.T.);
#143 = VERTEX_POINT('',#144);
#144 = CARTESIAN_POINT('',(-1.7,-0.7,3.9));
#145 = LINE('',#146,#147);
#146 = CARTESIAN_POINT('',(-5.,-0.7,3.9));
#147 = VECTOR('',#148,1.);
#148 = DIRECTION('',(1.,0.,0.));
#149 = ORIENTED_EDGE('',*,*,#150,.F.);
#150 = EDGE_CURVE('',#151,#143,#153,.T.);
#151 = VERTEX_POINT('',#152);
#152 = CARTESIAN_POINT('',(-1.7,-0.7,6.5));
#153 = LINE('',#154,#155);
#154 = CARTESIAN_POINT('',(-1.7,-0.7,4.067949337881));
#155 = VECTOR('',#156,1.);
#156 = DIRECTION('',(0.,0.,-1.));
#157 = ORIENTED_EDGE('',*,*,#158,.F.);
#158 = EDGE_CURVE('',#46,#151,#159,.T.);
#159 = LINE('',#160,#161);
#160 = CARTESIAN_POINT('',(-1.638235294118,-0.7,6.397058823529));
#161 = VECTOR('',#162,1.);
#162 = DIRECTION('',(0.514495755428,0.,-0.857492925713));
#163 = PLANE('',#164);
#164 = AXIS2_PLACEMENT_3D('',#165,#166,#167);
#165 = CARTESIAN_POINT('',(-5.,-0.7,3.9));
#166 = DIRECTION('',(0.,-1.,0.));
#167 = DIRECTION('',(0.,0.,1.));
#168 = ADVANCED_FACE('',(#169),#187,.T.);
#169 = FACE_BOUND('',#170,.T.);
#170 = EDGE_LOOP('',(#171,#179,#180,#181));
#171 = ORIENTED_EDGE('',*,*,#172,.F.);
#172 = EDGE_CURVE('',#54,#173,#175,.T.);
#173 = VERTEX_POINT('',#174);
#174 = CARTESIAN_POINT('',(-1.7,2.65,6.5));
#175 = LINE('',#176,#177);
#176 = CARTESIAN_POINT('',(-1.818604651163,2.768604651163,6.697674418605
    ));
#177 = VECTOR('',#178,1.);
#178 = DIRECTION('',(0.457495710998,-0.457495710998,-0.762492851663));
#179 = ORIENTED_EDGE('',*,*,#53,.T.);
#180 = ORIENTED_EDGE('',*,*,#158,.T.);
#181 = ORIENTED_EDGE('',*,*,#182,.F.);
#182 = EDGE_CURVE('',#173,#151,#183,.T.);
#183 = LINE('',#184,#185);
#184 = CARTESIAN_POINT('',(-1.7,2.65,6.5));
#185 = VECTOR('',#186,1.);
#186 = DIRECTION('',(0.,-1.,0.));
#187 = PLANE('',#188);
#188 = AXIS2_PLACEMENT_3D('',#189,#190,#191);
#189 = CARTESIAN_POINT('',(-1.85,2.65,6.75));
#190 = DIRECTION('',(0.857492925713,0.,0.514495755428));
#191 = DIRECTION('',(0.,-1.,0.));
#192 = ADVANCED_FACE('',(#193),#244,.F.);
#193 = FACE_BOUND('',#194,.F.);
#194 = EDGE_LOOP('',(#195,#205,#211,#212,#213,#222,#230,#238));
#195 = ORIENTED_EDGE('',*,*,#196,.F.);
#196 = EDGE_CURVE('',#197,#199,#201,.T.);
#197 = VERTEX_POINT('',#198);
#198 = CARTESIAN_POINT('',(-2.45,2.9,0.));
#199 = VERTEX_POINT('',#200);
#200 = CARTESIAN_POINT('',(-2.45,-2.35,0.));
#201 = LINE('',#202,#203);
#202 = CARTESIAN_POINT('',(-2.45,3.4,0.));
#203 = VECTOR('',#204,1.);
#204 = DIRECTION('',(0.,-1.,0.));
#205 = ORIENTED_EDGE('',*,*,#206,.T.);
#206 = EDGE_CURVE('',#197,#111,#207,.T.);
#207 = LINE('',#208,#209);
#208 = CARTESIAN_POINT('',(-2.45,2.9,0.));
#209 = VECTOR('',#210,1.);
#210 = DIRECTION('',(0.,0.,1.));
#211 = ORIENTED_EDGE('',*,*,#119,.T.);
#212 = ORIENTED_EDGE('',*,*,#134,.T.);
#213 = ORIENTED_EDGE('',*,*,#214,.T.);
#214 = EDGE_CURVE('',#135,#215,#217,.T.);
#215 = VERTEX_POINT('',#216);
#216 = CARTESIAN_POINT('',(-2.45,-1.549999999998,4.749999999997));
#217 = CIRCLE('',#218,0.849999999998);
#218 = AXIS2_PLACEMENT_3D('',#219,#220,#221);
#219 = CARTESIAN_POINT('',(-2.45,-0.7,4.749999999998));
#220 = DIRECTION('',(-1.,0.,0.));
#221 = DIRECTION('',(0.,1.,0.));
#222 = ORIENTED_EDGE('',*,*,#223,.T.);
#223 = EDGE_CURVE('',#215,#224,#226,.T.);
#224 = VERTEX_POINT('',#225);
#225 = CARTESIAN_POINT('',(-2.45,-1.549999999998,7.));
#226 = LINE('',#227,#228);
#227 = CARTESIAN_POINT('',(-2.45,-1.549999999998,3.5));
#228 = VECTOR('',#229,1.);
#229 = DIRECTION('',(0.,0.,1.));
#230 = ORIENTED_EDGE('',*,*,#231,.T.);
#231 = EDGE_CURVE('',#224,#232,#234,.T.);
#232 = VERTEX_POINT('',#233);
#233 = CARTESIAN_POINT('',(-2.45,-2.35,7.));
#234 = LINE('',#235,#236);
#235 = CARTESIAN_POINT('',(-2.45,3.4,7.));
#236 = VECTOR('',#237,1.);
#237 = DIRECTION('',(0.,-1.,0.));
#238 = ORIENTED_EDGE('',*,*,#239,.F.);
#239 = EDGE_CURVE('',#199,#232,#240,.T.);
#240 = LINE('',#241,#242);
#241 = CARTESIAN_POINT('',(-2.45,-2.35,0.));
#242 = VECTOR('',#243,1.);
#243 = DIRECTION('',(0.,0.,1.));
#244 = PLANE('',#245);
#245 = AXIS2_PLACEMENT_3D('',#246,#247,#248);
#246 = CARTESIAN_POINT('',(-2.45,3.4,0.));
#247 = DIRECTION('',(1.,0.,0.));
#248 = DIRECTION('',(0.,-1.,0.));
#249 = ADVANCED_FACE('',(#250),#268,.T.);
#250 = FACE_BOUND('',#251,.F.);
#251 = EDGE_LOOP('',(#252,#253,#254,#262));
#252 = ORIENTED_EDGE('',*,*,#172,.F.);
#253 = ORIENTED_EDGE('',*,*,#61,.T.);
#254 = ORIENTED_EDGE('',*,*,#255,.T.);
#255 = EDGE_CURVE('',#62,#256,#258,.T.);
#256 = VERTEX_POINT('',#257);
#257 = CARTESIAN_POINT('',(19.2,2.65,6.5));
#258 = LINE('',#259,#260);
#259 = CARTESIAN_POINT('',(17.131395348837,0.581395348837,3.052325581395
    ));
#260 = VECTOR('',#261,1.);
#261 = DIRECTION('',(-0.457495710998,-0.457495710998,-0.762492851663));
#262 = ORIENTED_EDGE('',*,*,#263,.F.);
#263 = EDGE_CURVE('',#173,#256,#264,.T.);
#264 = LINE('',#265,#266);
#265 = CARTESIAN_POINT('',(-1.7,2.65,6.5));
#266 = VECTOR('',#267,1.);
#267 = DIRECTION('',(1.,0.,0.));
#268 = PLANE('',#269);
#269 = AXIS2_PLACEMENT_3D('',#270,#271,#272);
#270 = CARTESIAN_POINT('',(-1.7,2.8,6.75));
#271 = DIRECTION('',(-3.475340006926E-18,-0.857492925713,0.514495755428)
  );
#272 = DIRECTION('',(-1.,2.980079470385E-18,-1.788047682231E-18));
#273 = ADVANCED_FACE('',(#274),#293,.T.);
#274 = FACE_BOUND('',#275,.F.);
#275 = EDGE_LOOP('',(#276,#285,#291,#292));
#276 = ORIENTED_EDGE('',*,*,#277,.T.);
#277 = EDGE_CURVE('',#197,#278,#280,.T.);
#278 = VERTEX_POINT('',#279);
#279 = CARTESIAN_POINT('',(-1.95,3.4,0.));
#280 = CIRCLE('',#281,0.5);
#281 = AXIS2_PLACEMENT_3D('',#282,#283,#284);
#282 = CARTESIAN_POINT('',(-1.95,2.9,0.));
#283 = DIRECTION('',(-0.,-0.,-1.));
#284 = DIRECTION('',(0.,-1.,0.));
#285 = ORIENTED_EDGE('',*,*,#286,.T.);
#286 = EDGE_CURVE('',#278,#103,#287,.T.);
#287 = LINE('',#288,#289);
#288 = CARTESIAN_POINT('',(-1.95,3.4,0.));
#289 = VECTOR('',#290,1.);
#290 = DIRECTION('',(0.,0.,1.));
#291 = ORIENTED_EDGE('',*,*,#110,.F.);
#292 = ORIENTED_EDGE('',*,*,#206,.F.);
#293 = CYLINDRICAL_SURFACE('',#294,0.5);
#294 = AXIS2_PLACEMENT_3D('',#295,#296,#297);
#295 = CARTESIAN_POINT('',(-1.95,2.9,0.));
#296 = DIRECTION('',(0.,0.,1.));
#297 = DIRECTION('',(-1.,0.,0.));
#298 = ADVANCED_FACE('',(#299),#317,.F.);
#299 = FACE_BOUND('',#300,.F.);
#300 = EDGE_LOOP('',(#301,#302,#303,#311));
#301 = ORIENTED_EDGE('',*,*,#255,.F.);
#302 = ORIENTED_EDGE('',*,*,#69,.T.);
#303 = ORIENTED_EDGE('',*,*,#304,.T.);
#304 = EDGE_CURVE('',#70,#305,#307,.T.);
#305 = VERTEX_POINT('',#306);
#306 = CARTESIAN_POINT('',(19.2,-0.7,6.5));
#307 = LINE('',#308,#309);
#308 = CARTESIAN_POINT('',(15.498529411765,-0.7,0.330882352941));
#309 = VECTOR('',#310,1.);
#310 = DIRECTION('',(-0.514495755428,-0.,-0.857492925713));
#311 = ORIENTED_EDGE('',*,*,#312,.F.);
#312 = EDGE_CURVE('',#256,#305,#313,.T.);
#313 = LINE('',#314,#315);
#314 = CARTESIAN_POINT('',(19.2,2.65,6.5));
#315 = VECTOR('',#316,1.);
#316 = DIRECTION('',(0.,-1.,0.));
#317 = PLANE('',#318);
#318 = AXIS2_PLACEMENT_3D('',#319,#320,#321);
#319 = CARTESIAN_POINT('',(19.35,2.65,6.75));
#320 = DIRECTION('',(0.857492925713,3.475340006926E-18,-0.514495755428)
  );
#321 = DIRECTION('',(2.980079470385E-18,-1.,-1.788047682231E-18));
#322 = ADVANCED_FACE('',(#323),#597,.F.);
#323 = FACE_BOUND('',#324,.F.);
#324 = EDGE_LOOP('',(#325,#335,#341,#342,#343,#351,#359,#367,#375,#383,
    #391,#399,#407,#415,#423,#431,#439,#447,#455,#463,#471,#479,#487,
    #495,#503,#511,#519,#527,#535,#543,#551,#559,#567,#575,#583,#591));
#325 = ORIENTED_EDGE('',*,*,#326,.F.);
#326 = EDGE_CURVE('',#327,#329,#331,.T.);
#327 = VERTEX_POINT('',#328);
#328 = CARTESIAN_POINT('',(19.45,3.4,0.));
#329 = VERTEX_POINT('',#330);
#330 = CARTESIAN_POINT('',(18.45,3.4,0.));
#331 = LINE('',#332,#333);
#332 = CARTESIAN_POINT('',(19.95,3.4,0.));
#333 = VECTOR('',#334,1.);
#334 = DIRECTION('',(-1.,0.,0.));
#335 = ORIENTED_EDGE('',*,*,#336,.T.);
#336 = EDGE_CURVE('',#327,#94,#337,.T.);
#337 = LINE('',#338,#339);
#338 = CARTESIAN_POINT('',(19.45,3.4,0.));
#339 = VECTOR('',#340,1.);
#340 = DIRECTION('',(0.,0.,1.));
#341 = ORIENTED_EDGE('',*,*,#102,.T.);
#342 = ORIENTED_EDGE('',*,*,#286,.F.);
#343 = ORIENTED_EDGE('',*,*,#344,.F.);
#344 = EDGE_CURVE('',#345,#278,#347,.T.);
#345 = VERTEX_POINT('',#346);
#346 = CARTESIAN_POINT('',(-0.95,3.4,0.));
#347 = LINE('',#348,#349);
#348 = CARTESIAN_POINT('',(19.95,3.4,0.));
#349 = VECTOR('',#350,1.);
#350 = DIRECTION('',(-1.,0.,0.));
#351 = ORIENTED_EDGE('',*,*,#352,.F.);
#352 = EDGE_CURVE('',#353,#345,#355,.T.);
#353 = VERTEX_POINT('',#354);
#354 = CARTESIAN_POINT('',(-0.95,3.4,0.9));
#355 = LINE('',#356,#357);
#356 = CARTESIAN_POINT('',(-0.95,3.4,0.9));
#357 = VECTOR('',#358,1.);
#358 = DIRECTION('',(0.,0.,-1.));
#359 = ORIENTED_EDGE('',*,*,#360,.F.);
#360 = EDGE_CURVE('',#361,#353,#363,.T.);
#361 = VERTEX_POINT('',#362);
#362 = CARTESIAN_POINT('',(0.95,3.4,0.9));
#363 = LINE('',#364,#365);
#364 = CARTESIAN_POINT('',(0.95,3.4,0.9));
#365 = VECTOR('',#366,1.);
#366 = DIRECTION('',(-1.,-0.,-0.));
#367 = ORIENTED_EDGE('',*,*,#368,.T.);
#368 = EDGE_CURVE('',#361,#369,#371,.T.);
#369 = VERTEX_POINT('',#370);
#370 = CARTESIAN_POINT('',(0.95,3.4,0.));
#371 = LINE('',#372,#373);
#372 = CARTESIAN_POINT('',(0.95,3.4,0.9));
#373 = VECTOR('',#374,1.);
#374 = DIRECTION('',(0.,0.,-1.));
#375 = ORIENTED_EDGE('',*,*,#376,.F.);
#376 = EDGE_CURVE('',#377,#369,#379,.T.);
#377 = VERTEX_POINT('',#378);
#378 = CARTESIAN_POINT('',(1.55,3.4,0.));
#379 = LINE('',#380,#381);
#380 = CARTESIAN_POINT('',(19.95,3.4,0.));
#381 = VECTOR('',#382,1.);
#382 = DIRECTION('',(-1.,0.,0.));
#383 = ORIENTED_EDGE('',*,*,#384,.F.);
#384 = EDGE_CURVE('',#385,#377,#387,.T.);
#385 = VERTEX_POINT('',#386);
#386 = CARTESIAN_POINT('',(1.55,3.4,0.9));
#387 = LINE('',#388,#389);
#388 = CARTESIAN_POINT('',(1.55,3.4,0.9));
#389 = VECTOR('',#390,1.);
#390 = DIRECTION('',(0.,0.,-1.));
#391 = ORIENTED_EDGE('',*,*,#392,.F.);
#392 = EDGE_CURVE('',#393,#385,#395,.T.);
#393 = VERTEX_POINT('',#394);
#394 = CARTESIAN_POINT('',(3.45,3.4,0.9));
#395 = LINE('',#396,#397);
#396 = CARTESIAN_POINT('',(3.45,3.4,0.9));
#397 = VECTOR('',#398,1.);
#398 = DIRECTION('',(-1.,-0.,-0.));
#399 = ORIENTED_EDGE('',*,*,#400,.T.);
#400 = EDGE_CURVE('',#393,#401,#403,.T.);
#401 = VERTEX_POINT('',#402);
#402 = CARTESIAN_POINT('',(3.45,3.4,0.));
#403 = LINE('',#404,#405);
#404 = CARTESIAN_POINT('',(3.45,3.4,0.9));
#405 = VECTOR('',#406,1.);
#406 = DIRECTION('',(0.,0.,-1.));
#407 = ORIENTED_EDGE('',*,*,#408,.F.);
#408 = EDGE_CURVE('',#409,#401,#411,.T.);
#409 = VERTEX_POINT('',#410);
#410 = CARTESIAN_POINT('',(4.05,3.4,0.));
#411 = LINE('',#412,#413);
#412 = CARTESIAN_POINT('',(19.95,3.4,0.));
#413 = VECTOR('',#414,1.);
#414 = DIRECTION('',(-1.,0.,0.));
#415 = ORIENTED_EDGE('',*,*,#416,.F.);
#416 = EDGE_CURVE('',#417,#409,#419,.T.);
#417 = VERTEX_POINT('',#418);
#418 = CARTESIAN_POINT('',(4.05,3.4,0.9));
#419 = LINE('',#420,#421);
#420 = CARTESIAN_POINT('',(4.05,3.4,0.9));
#421 = VECTOR('',#422,1.);
#422 = DIRECTION('',(0.,0.,-1.));
#423 = ORIENTED_EDGE('',*,*,#424,.F.);
#424 = EDGE_CURVE('',#425,#417,#427,.T.);
#425 = VERTEX_POINT('',#426);
#426 = CARTESIAN_POINT('',(5.95,3.4,0.9));
#427 = LINE('',#428,#429);
#428 = CARTESIAN_POINT('',(5.95,3.4,0.9));
#429 = VECTOR('',#430,1.);
#430 = DIRECTION('',(-1.,-0.,-0.));
#431 = ORIENTED_EDGE('',*,*,#432,.T.);
#432 = EDGE_CURVE('',#425,#433,#435,.T.);
#433 = VERTEX_POINT('',#434);
#434 = CARTESIAN_POINT('',(5.95,3.4,0.));
#435 = LINE('',#436,#437);
#436 = CARTESIAN_POINT('',(5.95,3.4,0.9));
#437 = VECTOR('',#438,1.);
#438 = DIRECTION('',(0.,0.,-1.));
#439 = ORIENTED_EDGE('',*,*,#440,.F.);
#440 = EDGE_CURVE('',#441,#433,#443,.T.);
#441 = VERTEX_POINT('',#442);
#442 = CARTESIAN_POINT('',(6.55,3.4,0.));
#443 = LINE('',#444,#445);
#444 = CARTESIAN_POINT('',(19.95,3.4,0.));
#445 = VECTOR('',#446,1.);
#446 = DIRECTION('',(-1.,0.,0.));
#447 = ORIENTED_EDGE('',*,*,#448,.F.);
#448 = EDGE_CURVE('',#449,#441,#451,.T.);
#449 = VERTEX_POINT('',#450);
#450 = CARTESIAN_POINT('',(6.55,3.4,0.9));
#451 = LINE('',#452,#453);
#452 = CARTESIAN_POINT('',(6.55,3.4,0.9));
#453 = VECTOR('',#454,1.);
#454 = DIRECTION('',(0.,0.,-1.));
#455 = ORIENTED_EDGE('',*,*,#456,.F.);
#456 = EDGE_CURVE('',#457,#449,#459,.T.);
#457 = VERTEX_POINT('',#458);
#458 = CARTESIAN_POINT('',(8.45,3.4,0.9));
#459 = LINE('',#460,#461);
#460 = CARTESIAN_POINT('',(8.45,3.4,0.9));
#461 = VECTOR('',#462,1.);
#462 = DIRECTION('',(-1.,-0.,-0.));
#463 = ORIENTED_EDGE('',*,*,#464,.T.);
#464 = EDGE_CURVE('',#457,#465,#467,.T.);
#465 = VERTEX_POINT('',#466);
#466 = CARTESIAN_POINT('',(8.45,3.4,0.));
#467 = LINE('',#468,#469);
#468 = CARTESIAN_POINT('',(8.45,3.4,0.9));
#469 = VECTOR('',#470,1.);
#470 = DIRECTION('',(0.,0.,-1.));
#471 = ORIENTED_EDGE('',*,*,#472,.F.);
#472 = EDGE_CURVE('',#473,#465,#475,.T.);
#473 = VERTEX_POINT('',#474);
#474 = CARTESIAN_POINT('',(9.05,3.4,0.));
#475 = LINE('',#476,#477);
#476 = CARTESIAN_POINT('',(19.95,3.4,0.));
#477 = VECTOR('',#478,1.);
#478 = DIRECTION('',(-1.,0.,0.));
#479 = ORIENTED_EDGE('',*,*,#480,.F.);
#480 = EDGE_CURVE('',#481,#473,#483,.T.);
#481 = VERTEX_POINT('',#482);
#482 = CARTESIAN_POINT('',(9.05,3.4,0.9));
#483 = LINE('',#484,#485);
#484 = CARTESIAN_POINT('',(9.05,3.4,0.9));
#485 = VECTOR('',#486,1.);
#486 = DIRECTION('',(0.,0.,-1.));
#487 = ORIENTED_EDGE('',*,*,#488,.F.);
#488 = EDGE_CURVE('',#489,#481,#491,.T.);
#489 = VERTEX_POINT('',#490);
#490 = CARTESIAN_POINT('',(10.95,3.4,0.9));
#491 = LINE('',#492,#493);
#492 = CARTESIAN_POINT('',(10.95,3.4,0.9));
#493 = VECTOR('',#494,1.);
#494 = DIRECTION('',(-1.,-0.,-0.));
#495 = ORIENTED_EDGE('',*,*,#496,.T.);
#496 = EDGE_CURVE('',#489,#497,#499,.T.);
#497 = VERTEX_POINT('',#498);
#498 = CARTESIAN_POINT('',(10.95,3.4,0.));
#499 = LINE('',#500,#501);
#500 = CARTESIAN_POINT('',(10.95,3.4,0.9));
#501 = VECTOR('',#502,1.);
#502 = DIRECTION('',(0.,0.,-1.));
#503 = ORIENTED_EDGE('',*,*,#504,.F.);
#504 = EDGE_CURVE('',#505,#497,#507,.T.);
#505 = VERTEX_POINT('',#506);
#506 = CARTESIAN_POINT('',(11.55,3.4,0.));
#507 = LINE('',#508,#509);
#508 = CARTESIAN_POINT('',(19.95,3.4,0.));
#509 = VECTOR('',#510,1.);
#510 = DIRECTION('',(-1.,0.,0.));
#511 = ORIENTED_EDGE('',*,*,#512,.F.);
#512 = EDGE_CURVE('',#513,#505,#515,.T.);
#513 = VERTEX_POINT('',#514);
#514 = CARTESIAN_POINT('',(11.55,3.4,0.9));
#515 = LINE('',#516,#517);
#516 = CARTESIAN_POINT('',(11.55,3.4,0.9));
#517 = VECTOR('',#518,1.);
#518 = DIRECTION('',(0.,0.,-1.));
#519 = ORIENTED_EDGE('',*,*,#520,.F.);
#520 = EDGE_CURVE('',#521,#513,#523,.T.);
#521 = VERTEX_POINT('',#522);
#522 = CARTESIAN_POINT('',(13.45,3.4,0.9));
#523 = LINE('',#524,#525);
#524 = CARTESIAN_POINT('',(13.45,3.4,0.9));
#525 = VECTOR('',#526,1.);
#526 = DIRECTION('',(-1.,-0.,-0.));
#527 = ORIENTED_EDGE('',*,*,#528,.T.);
#528 = EDGE_CURVE('',#521,#529,#531,.T.);
#529 = VERTEX_POINT('',#530);
#530 = CARTESIAN_POINT('',(13.45,3.4,0.));
#531 = LINE('',#532,#533);
#532 = CARTESIAN_POINT('',(13.45,3.4,0.9));
#533 = VECTOR('',#534,1.);
#534 = DIRECTION('',(0.,0.,-1.));
#535 = ORIENTED_EDGE('',*,*,#536,.F.);
#536 = EDGE_CURVE('',#537,#529,#539,.T.);
#537 = VERTEX_POINT('',#538);
#538 = CARTESIAN_POINT('',(14.05,3.4,0.));
#539 = LINE('',#540,#541);
#540 = CARTESIAN_POINT('',(19.95,3.4,0.));
#541 = VECTOR('',#542,1.);
#542 = DIRECTION('',(-1.,0.,0.));
#543 = ORIENTED_EDGE('',*,*,#544,.F.);
#544 = EDGE_CURVE('',#545,#537,#547,.T.);
#545 = VERTEX_POINT('',#546);
#546 = CARTESIAN_POINT('',(14.05,3.4,0.9));
#547 = LINE('',#548,#549);
#548 = CARTESIAN_POINT('',(14.05,3.4,0.9));
#549 = VECTOR('',#550,1.);
#550 = DIRECTION('',(0.,0.,-1.));
#551 = ORIENTED_EDGE('',*,*,#552,.F.);
#552 = EDGE_CURVE('',#553,#545,#555,.T.);
#553 = VERTEX_POINT('',#554);
#554 = CARTESIAN_POINT('',(15.95,3.4,0.9));
#555 = LINE('',#556,#557);
#556 = CARTESIAN_POINT('',(15.95,3.4,0.9));
#557 = VECTOR('',#558,1.);
#558 = DIRECTION('',(-1.,-0.,-0.));
#559 = ORIENTED_EDGE('',*,*,#560,.T.);
#560 = EDGE_CURVE('',#553,#561,#563,.T.);
#561 = VERTEX_POINT('',#562);
#562 = CARTESIAN_POINT('',(15.95,3.4,0.));
#563 = LINE('',#564,#565);
#564 = CARTESIAN_POINT('',(15.95,3.4,0.9));
#565 = VECTOR('',#566,1.);
#566 = DIRECTION('',(0.,0.,-1.));
#567 = ORIENTED_EDGE('',*,*,#568,.F.);
#568 = EDGE_CURVE('',#569,#561,#571,.T.);
#569 = VERTEX_POINT('',#570);
#570 = CARTESIAN_POINT('',(16.55,3.4,0.));
#571 = LINE('',#572,#573);
#572 = CARTESIAN_POINT('',(19.95,3.4,0.));
#573 = VECTOR('',#574,1.);
#574 = DIRECTION('',(-1.,0.,0.));
#575 = ORIENTED_EDGE('',*,*,#576,.F.);
#576 = EDGE_CURVE('',#577,#569,#579,.T.);
#577 = VERTEX_POINT('',#578);
#578 = CARTESIAN_POINT('',(16.55,3.4,0.9));
#579 = LINE('',#580,#581);
#580 = CARTESIAN_POINT('',(16.55,3.4,0.9));
#581 = VECTOR('',#582,1.);
#582 = DIRECTION('',(0.,0.,-1.));
#583 = ORIENTED_EDGE('',*,*,#584,.F.);
#584 = EDGE_CURVE('',#585,#577,#587,.T.);
#585 = VERTEX_POINT('',#586);
#586 = CARTESIAN_POINT('',(18.45,3.4,0.9));
#587 = LINE('',#588,#589);
#588 = CARTESIAN_POINT('',(18.45,3.4,0.9));
#589 = VECTOR('',#590,1.);
#590 = DIRECTION('',(-1.,-0.,-0.));
#591 = ORIENTED_EDGE('',*,*,#592,.T.);
#592 = EDGE_CURVE('',#585,#329,#593,.T.);
#593 = LINE('',#594,#595);
#594 = CARTESIAN_POINT('',(18.45,3.4,0.9));
#595 = VECTOR('',#596,1.);
#596 = DIRECTION('',(0.,0.,-1.));
#597 = PLANE('',#598);
#598 = AXIS2_PLACEMENT_3D('',#599,#600,#601);
#599 = CARTESIAN_POINT('',(19.95,3.4,0.));
#600 = DIRECTION('',(0.,-1.,0.));
#601 = DIRECTION('',(-1.,0.,0.));
#602 = ADVANCED_FACE('',(#603),#629,.T.);
#603 = FACE_BOUND('',#604,.T.);
#604 = EDGE_LOOP('',(#605,#613,#621,#627,#628));
#605 = ORIENTED_EDGE('',*,*,#606,.T.);
#606 = EDGE_CURVE('',#305,#607,#609,.T.);
#607 = VERTEX_POINT('',#608);
#608 = CARTESIAN_POINT('',(19.2,-0.7,3.9));
#609 = LINE('',#610,#611);
#610 = CARTESIAN_POINT('',(19.2,-0.7,4.067949337881));
#611 = VECTOR('',#612,1.);
#612 = DIRECTION('',(0.,0.,-1.));
#613 = ORIENTED_EDGE('',*,*,#614,.T.);
#614 = EDGE_CURVE('',#607,#615,#617,.T.);
#615 = VERTEX_POINT('',#616);
#616 = CARTESIAN_POINT('',(19.95,-0.7,3.9));
#617 = LINE('',#618,#619);
#618 = CARTESIAN_POINT('',(-5.,-0.7,3.9));
#619 = VECTOR('',#620,1.);
#620 = DIRECTION('',(1.,0.,0.));
#621 = ORIENTED_EDGE('',*,*,#622,.T.);
#622 = EDGE_CURVE('',#615,#78,#623,.T.);
#623 = LINE('',#624,#625);
#624 = CARTESIAN_POINT('',(19.95,-0.7,1.95));
#625 = VECTOR('',#626,1.);
#626 = DIRECTION('',(0.,0.,1.));
#627 = ORIENTED_EDGE('',*,*,#77,.F.);
#628 = ORIENTED_EDGE('',*,*,#304,.T.);
#629 = PLANE('',#630);
#630 = AXIS2_PLACEMENT_3D('',#631,#632,#633);
#631 = CARTESIAN_POINT('',(-5.,-0.7,3.9));
#632 = DIRECTION('',(0.,-1.,0.));
#633 = DIRECTION('',(0.,0.,1.));
#634 = ADVANCED_FACE('',(#635),#654,.T.);
#635 = FACE_BOUND('',#636,.T.);
#636 = EDGE_LOOP('',(#637,#646,#647,#648));
#637 = ORIENTED_EDGE('',*,*,#638,.T.);
#638 = EDGE_CURVE('',#639,#327,#641,.T.);
#639 = VERTEX_POINT('',#640);
#640 = CARTESIAN_POINT('',(19.95,2.9,0.));
#641 = CIRCLE('',#642,0.5);
#642 = AXIS2_PLACEMENT_3D('',#643,#644,#645);
#643 = CARTESIAN_POINT('',(19.45,2.9,0.));
#644 = DIRECTION('',(-0.,0.,1.));
#645 = DIRECTION('',(0.,-1.,0.));
#646 = ORIENTED_EDGE('',*,*,#336,.T.);
#647 = ORIENTED_EDGE('',*,*,#93,.F.);
#648 = ORIENTED_EDGE('',*,*,#649,.F.);
#649 = EDGE_CURVE('',#639,#86,#650,.T.);
#650 = LINE('',#651,#652);
#651 = CARTESIAN_POINT('',(19.95,2.9,0.));
#652 = VECTOR('',#653,1.);
#653 = DIRECTION('',(0.,0.,1.));
#654 = CYLINDRICAL_SURFACE('',#655,0.5);
#655 = AXIS2_PLACEMENT_3D('',#656,#657,#658);
#656 = CARTESIAN_POINT('',(19.45,2.9,0.));
#657 = DIRECTION('',(0.,0.,1.));
#658 = DIRECTION('',(1.,0.,0.));
#659 = ADVANCED_FACE('',(#660),#704,.F.);
#660 = FACE_BOUND('',#661,.F.);
#661 = EDGE_LOOP('',(#662,#670,#678,#686,#694,#701,#702,#703));
#662 = ORIENTED_EDGE('',*,*,#663,.F.);
#663 = EDGE_CURVE('',#664,#639,#666,.T.);
#664 = VERTEX_POINT('',#665);
#665 = CARTESIAN_POINT('',(19.95,-2.35,0.));
#666 = LINE('',#667,#668);
#667 = CARTESIAN_POINT('',(19.95,-2.35,0.));
#668 = VECTOR('',#669,1.);
#669 = DIRECTION('',(0.,1.,0.));
#670 = ORIENTED_EDGE('',*,*,#671,.T.);
#671 = EDGE_CURVE('',#664,#672,#674,.T.);
#672 = VERTEX_POINT('',#673);
#673 = CARTESIAN_POINT('',(19.95,-2.35,7.));
#674 = LINE('',#675,#676);
#675 = CARTESIAN_POINT('',(19.95,-2.35,0.));
#676 = VECTOR('',#677,1.);
#677 = DIRECTION('',(0.,0.,1.));
#678 = ORIENTED_EDGE('',*,*,#679,.T.);
#679 = EDGE_CURVE('',#672,#680,#682,.T.);
#680 = VERTEX_POINT('',#681);
#681 = CARTESIAN_POINT('',(19.95,-1.549999999998,7.));
#682 = LINE('',#683,#684);
#683 = CARTESIAN_POINT('',(19.95,-2.35,7.));
#684 = VECTOR('',#685,1.);
#685 = DIRECTION('',(0.,1.,0.));
#686 = ORIENTED_EDGE('',*,*,#687,.T.);
#687 = EDGE_CURVE('',#680,#688,#690,.T.);
#688 = VERTEX_POINT('',#689);
#689 = CARTESIAN_POINT('',(19.95,-1.549999999998,4.749999999997));
#690 = LINE('',#691,#692);
#691 = CARTESIAN_POINT('',(19.95,-1.549999999998,3.5));
#692 = VECTOR('',#693,1.);
#693 = DIRECTION('',(0.,0.,-1.));
#694 = ORIENTED_EDGE('',*,*,#695,.F.);
#695 = EDGE_CURVE('',#615,#688,#696,.T.);
#696 = CIRCLE('',#697,0.849999999998);
#697 = AXIS2_PLACEMENT_3D('',#698,#699,#700);
#698 = CARTESIAN_POINT('',(19.95,-0.7,4.749999999998));
#699 = DIRECTION('',(-1.,0.,0.));
#700 = DIRECTION('',(0.,1.,0.));
#701 = ORIENTED_EDGE('',*,*,#622,.T.);
#702 = ORIENTED_EDGE('',*,*,#85,.T.);
#703 = ORIENTED_EDGE('',*,*,#649,.F.);
#704 = PLANE('',#705);
#705 = AXIS2_PLACEMENT_3D('',#706,#707,#708);
#706 = CARTESIAN_POINT('',(19.95,-2.35,0.));
#707 = DIRECTION('',(-1.,0.,0.));
#708 = DIRECTION('',(0.,1.,0.));
#709 = ADVANCED_FACE('',(#710),#777,.T.);
#710 = FACE_BOUND('',#711,.T.);
#711 = EDGE_LOOP('',(#712,#713,#722,#730,#738,#746,#754,#762,#770,#776)
  );
#712 = ORIENTED_EDGE('',*,*,#150,.T.);
#713 = ORIENTED_EDGE('',*,*,#714,.T.);
#714 = EDGE_CURVE('',#143,#715,#717,.T.);
#715 = VERTEX_POINT('',#716);
#716 = CARTESIAN_POINT('',(-1.7,-1.549999999998,4.749999999997));
#717 = CIRCLE('',#718,0.849999999998);
#718 = AXIS2_PLACEMENT_3D('',#719,#720,#721);
#719 = CARTESIAN_POINT('',(-1.7,-0.7,4.749999999998));
#720 = DIRECTION('',(-1.,0.,0.));
#721 = DIRECTION('',(0.,1.,0.));
#722 = ORIENTED_EDGE('',*,*,#723,.T.);
#723 = EDGE_CURVE('',#715,#724,#726,.T.);
#724 = VERTEX_POINT('',#725);
#725 = CARTESIAN_POINT('',(-1.7,-1.549999999998,7.));
#726 = LINE('',#727,#728);
#727 = CARTESIAN_POINT('',(-1.7,-1.549999999998,5.617949337881));
#728 = VECTOR('',#729,1.);
#729 = DIRECTION('',(0.,0.,1.));
#730 = ORIENTED_EDGE('',*,*,#731,.T.);
#731 = EDGE_CURVE('',#724,#732,#734,.T.);
#732 = VERTEX_POINT('',#733);
#733 = CARTESIAN_POINT('',(-1.7,-1.6,7.));
#734 = LINE('',#735,#736);
#735 = CARTESIAN_POINT('',(-1.7,2.65,7.));
#736 = VECTOR('',#737,1.);
#737 = DIRECTION('',(0.,-1.,0.));
#738 = ORIENTED_EDGE('',*,*,#739,.T.);
#739 = EDGE_CURVE('',#732,#740,#742,.T.);
#740 = VERTEX_POINT('',#741);
#741 = CARTESIAN_POINT('',(-1.7,-1.6,1.9));
#742 = LINE('',#743,#744);
#743 = CARTESIAN_POINT('',(-1.7,-1.6,7.));
#744 = VECTOR('',#745,1.);
#745 = DIRECTION('',(0.,0.,-1.));
#746 = ORIENTED_EDGE('',*,*,#747,.T.);
#747 = EDGE_CURVE('',#740,#748,#750,.T.);
#748 = VERTEX_POINT('',#749);
#749 = CARTESIAN_POINT('',(-1.7,0.5,1.9));
#750 = LINE('',#751,#752);
#751 = CARTESIAN_POINT('',(-1.7,-1.6,1.9));
#752 = VECTOR('',#753,1.);
#753 = DIRECTION('',(0.,1.,0.));
#754 = ORIENTED_EDGE('',*,*,#755,.T.);
#755 = EDGE_CURVE('',#748,#756,#758,.T.);
#756 = VERTEX_POINT('',#757);
#757 = CARTESIAN_POINT('',(-1.7,0.875277674973,1.25));
#758 = LINE('',#759,#760);
#759 = CARTESIAN_POINT('',(-1.7,0.5,1.9));
#760 = VECTOR('',#761,1.);
#761 = DIRECTION('',(0.,0.5,-0.866025403784));
#762 = ORIENTED_EDGE('',*,*,#763,.T.);
#763 = EDGE_CURVE('',#756,#764,#766,.T.);
#764 = VERTEX_POINT('',#765);
#765 = CARTESIAN_POINT('',(-1.7,2.65,1.25));
#766 = LINE('',#767,#768);
#767 = CARTESIAN_POINT('',(-1.7,0.875277674973,1.25));
#768 = VECTOR('',#769,1.);
#769 = DIRECTION('',(0.,1.,0.));
#770 = ORIENTED_EDGE('',*,*,#771,.T.);
#771 = EDGE_CURVE('',#764,#173,#772,.T.);
#772 = LINE('',#773,#774);
#773 = CARTESIAN_POINT('',(-1.7,2.65,1.25));
#774 = VECTOR('',#775,1.);
#775 = DIRECTION('',(0.,0.,1.));
#776 = ORIENTED_EDGE('',*,*,#182,.T.);
#777 = PLANE('',#778);
#778 = AXIS2_PLACEMENT_3D('',#779,#780,#781);
#779 = CARTESIAN_POINT('',(-1.7,0.598118601855,4.235898675762));
#780 = DIRECTION('',(1.,0.,0.));
#781 = DIRECTION('',(0.,0.,1.));
#782 = ADVANCED_FACE('',(#783),#794,.F.);
#783 = FACE_BOUND('',#784,.T.);
#784 = EDGE_LOOP('',(#785,#786,#792,#793));
#785 = ORIENTED_EDGE('',*,*,#214,.T.);
#786 = ORIENTED_EDGE('',*,*,#787,.T.);
#787 = EDGE_CURVE('',#215,#715,#788,.T.);
#788 = LINE('',#789,#790);
#789 = CARTESIAN_POINT('',(-5.,-1.549999999998,4.749999999997));
#790 = VECTOR('',#791,1.);
#791 = DIRECTION('',(1.,0.,0.));
#792 = ORIENTED_EDGE('',*,*,#714,.F.);
#793 = ORIENTED_EDGE('',*,*,#142,.F.);
#794 = CYLINDRICAL_SURFACE('',#795,0.849999999998);
#795 = AXIS2_PLACEMENT_3D('',#796,#797,#798);
#796 = CARTESIAN_POINT('',(-5.,-0.7,4.749999999998));
#797 = DIRECTION('',(-1.,-0.,-0.));
#798 = DIRECTION('',(0.,1.,0.));
#799 = ADVANCED_FACE('',(#800),#819,.F.);
#800 = FACE_BOUND('',#801,.F.);
#801 = EDGE_LOOP('',(#802,#803,#811,#817,#818));
#802 = ORIENTED_EDGE('',*,*,#196,.T.);
#803 = ORIENTED_EDGE('',*,*,#804,.T.);
#804 = EDGE_CURVE('',#199,#805,#807,.T.);
#805 = VERTEX_POINT('',#806);
#806 = CARTESIAN_POINT('',(-0.95,-2.35,0.));
#807 = LINE('',#808,#809);
#808 = CARTESIAN_POINT('',(-2.45,-2.35,0.));
#809 = VECTOR('',#810,1.);
#810 = DIRECTION('',(1.,0.,0.));
#811 = ORIENTED_EDGE('',*,*,#812,.F.);
#812 = EDGE_CURVE('',#345,#805,#813,.T.);
#813 = LINE('',#814,#815);
#814 = CARTESIAN_POINT('',(-0.95,3.4,0.));
#815 = VECTOR('',#816,1.);
#816 = DIRECTION('',(0.,-1.,0.));
#817 = ORIENTED_EDGE('',*,*,#344,.T.);
#818 = ORIENTED_EDGE('',*,*,#277,.F.);
#819 = PLANE('',#820);
#820 = AXIS2_PLACEMENT_3D('',#821,#822,#823);
#821 = CARTESIAN_POINT('',(8.75,0.525,0.));
#822 = DIRECTION('',(0.,0.,1.));
#823 = DIRECTION('',(1.,0.,0.));
#824 = ADVANCED_FACE('',(#825),#1220,.F.);
#825 = FACE_BOUND('',#826,.F.);
#826 = EDGE_LOOP('',(#827,#828,#829,#837,#845,#853,#861,#869,#878,#886,
    #894,#902,#910,#918,#927,#935,#943,#951,#959,#965,#966,#974,#982,
    #990,#998,#1006,#1014,#1022,#1030,#1038,#1046,#1054,#1062,#1070,
    #1078,#1086,#1094,#1102,#1110,#1118,#1126,#1134,#1142,#1150,#1158,
    #1166,#1174,#1182,#1190,#1198,#1206,#1214));
#827 = ORIENTED_EDGE('',*,*,#804,.F.);
#828 = ORIENTED_EDGE('',*,*,#239,.T.);
#829 = ORIENTED_EDGE('',*,*,#830,.T.);
#830 = EDGE_CURVE('',#232,#831,#833,.T.);
#831 = VERTEX_POINT('',#832);
#832 = CARTESIAN_POINT('',(-0.8,-2.35,7.));
#833 = LINE('',#834,#835);
#834 = CARTESIAN_POINT('',(-2.45,-2.35,7.));
#835 = VECTOR('',#836,1.);
#836 = DIRECTION('',(1.,0.,0.));
#837 = ORIENTED_EDGE('',*,*,#838,.F.);
#838 = EDGE_CURVE('',#839,#831,#841,.T.);
#839 = VERTEX_POINT('',#840);
#840 = CARTESIAN_POINT('',(-0.8,-2.35,6.8));
#841 = LINE('',#842,#843);
#842 = CARTESIAN_POINT('',(-0.8,-2.35,3.4));
#843 = VECTOR('',#844,1.);
#844 = DIRECTION('',(0.,0.,1.));
#845 = ORIENTED_EDGE('',*,*,#846,.F.);
#846 = EDGE_CURVE('',#847,#839,#849,.T.);
#847 = VERTEX_POINT('',#848);
#848 = CARTESIAN_POINT('',(-0.4,-2.35,6.4));
#849 = LINE('',#850,#851);
#850 = CARTESIAN_POINT('',(0.6875,-2.35,5.3125));
#851 = VECTOR('',#852,1.);
#852 = DIRECTION('',(-0.707106781187,0.,0.707106781187));
#853 = ORIENTED_EDGE('',*,*,#854,.F.);
#854 = EDGE_CURVE('',#855,#847,#857,.T.);
#855 = VERTEX_POINT('',#856);
#856 = CARTESIAN_POINT('',(-0.8,-2.35,6.));
#857 = LINE('',#858,#859);
#858 = CARTESIAN_POINT('',(-2.7125,-2.35,4.0875));
#859 = VECTOR('',#860,1.);
#860 = DIRECTION('',(0.707106781187,0.,0.707106781187));
#861 = ORIENTED_EDGE('',*,*,#862,.F.);
#862 = EDGE_CURVE('',#863,#855,#865,.T.);
#863 = VERTEX_POINT('',#864);
#864 = CARTESIAN_POINT('',(-0.8,-2.35,3.9));
#865 = LINE('',#866,#867);
#866 = CARTESIAN_POINT('',(-0.8,-2.35,1.95));
#867 = VECTOR('',#868,1.);
#868 = DIRECTION('',(0.,0.,1.));
#869 = ORIENTED_EDGE('',*,*,#870,.F.);
#870 = EDGE_CURVE('',#871,#863,#873,.T.);
#871 = VERTEX_POINT('',#872);
#872 = CARTESIAN_POINT('',(-0.1,-2.35,3.2));
#873 = CIRCLE('',#874,0.7);
#874 = AXIS2_PLACEMENT_3D('',#875,#876,#877);
#875 = CARTESIAN_POINT('',(-0.1,-2.35,3.9));
#876 = DIRECTION('',(0.,1.,-2.22044604925E-16));
#877 = DIRECTION('',(1.,0.,0.));
#878 = ORIENTED_EDGE('',*,*,#879,.F.);
#879 = EDGE_CURVE('',#880,#871,#882,.T.);
#880 = VERTEX_POINT('',#881);
#881 = CARTESIAN_POINT('',(1.05,-2.35,3.2));
#882 = LINE('',#883,#884);
#883 = CARTESIAN_POINT('',(-0.7,-2.35,3.2));
#884 = VECTOR('',#885,1.);
#885 = DIRECTION('',(-1.,0.,0.));
#886 = ORIENTED_EDGE('',*,*,#887,.F.);
#887 = EDGE_CURVE('',#888,#880,#890,.T.);
#888 = VERTEX_POINT('',#889);
#889 = CARTESIAN_POINT('',(1.05,-2.35,7.));
#890 = LINE('',#891,#892);
#891 = CARTESIAN_POINT('',(1.05,-2.35,3.5));
#892 = VECTOR('',#893,1.);
#893 = DIRECTION('',(0.,0.,-1.));
#894 = ORIENTED_EDGE('',*,*,#895,.T.);
#895 = EDGE_CURVE('',#888,#896,#898,.T.);
#896 = VERTEX_POINT('',#897);
#897 = CARTESIAN_POINT('',(16.45,-2.35,7.));
#898 = LINE('',#899,#900);
#899 = CARTESIAN_POINT('',(-2.45,-2.35,7.));
#900 = VECTOR('',#901,1.);
#901 = DIRECTION('',(1.,0.,0.));
#902 = ORIENTED_EDGE('',*,*,#903,.T.);
#903 = EDGE_CURVE('',#896,#904,#906,.T.);
#904 = VERTEX_POINT('',#905);
#905 = CARTESIAN_POINT('',(16.45,-2.35,3.2));
#906 = LINE('',#907,#908);
#907 = CARTESIAN_POINT('',(16.45,-2.35,3.5));
#908 = VECTOR('',#909,1.);
#909 = DIRECTION('',(0.,0.,-1.));
#910 = ORIENTED_EDGE('',*,*,#911,.T.);
#911 = EDGE_CURVE('',#904,#912,#914,.T.);
#912 = VERTEX_POINT('',#913);
#913 = CARTESIAN_POINT('',(17.6,-2.35,3.2));
#914 = LINE('',#915,#916);
#915 = CARTESIAN_POINT('',(7.,-2.35,3.2));
#916 = VECTOR('',#917,1.);
#917 = DIRECTION('',(1.,0.,0.));
#918 = ORIENTED_EDGE('',*,*,#919,.F.);
#919 = EDGE_CURVE('',#920,#912,#922,.T.);
#920 = VERTEX_POINT('',#921);
#921 = CARTESIAN_POINT('',(18.3,-2.35,3.9));
#922 = CIRCLE('',#923,0.7);
#923 = AXIS2_PLACEMENT_3D('',#924,#925,#926);
#924 = CARTESIAN_POINT('',(17.6,-2.35,3.9));
#925 = DIRECTION('',(0.,1.,-2.22044604925E-16));
#926 = DIRECTION('',(1.,0.,0.));
#927 = ORIENTED_EDGE('',*,*,#928,.T.);
#928 = EDGE_CURVE('',#920,#929,#931,.T.);
#929 = VERTEX_POINT('',#930);
#930 = CARTESIAN_POINT('',(18.3,-2.35,6.));
#931 = LINE('',#932,#933);
#932 = CARTESIAN_POINT('',(18.3,-2.35,1.95));
#933 = VECTOR('',#934,1.);
#934 = DIRECTION('',(0.,0.,1.));
#935 = ORIENTED_EDGE('',*,*,#936,.T.);
#936 = EDGE_CURVE('',#929,#937,#939,.T.);
#937 = VERTEX_POINT('',#938);
#938 = CARTESIAN_POINT('',(17.9,-2.35,6.4));
#939 = LINE('',#940,#941);
#940 = CARTESIAN_POINT('',(14.6125,-2.35,9.6875));
#941 = VECTOR('',#942,1.);
#942 = DIRECTION('',(-0.707106781187,0.,0.707106781187));
#943 = ORIENTED_EDGE('',*,*,#944,.T.);
#944 = EDGE_CURVE('',#937,#945,#947,.T.);
#945 = VERTEX_POINT('',#946);
#946 = CARTESIAN_POINT('',(18.3,-2.35,6.8));
#947 = LINE('',#948,#949);
#948 = CARTESIAN_POINT('',(11.2125,-2.35,-0.2875));
#949 = VECTOR('',#950,1.);
#950 = DIRECTION('',(0.707106781187,0.,0.707106781187));
#951 = ORIENTED_EDGE('',*,*,#952,.T.);
#952 = EDGE_CURVE('',#945,#953,#955,.T.);
#953 = VERTEX_POINT('',#954);
#954 = CARTESIAN_POINT('',(18.3,-2.35,7.));
#955 = LINE('',#956,#957);
#956 = CARTESIAN_POINT('',(18.3,-2.35,3.4));
#957 = VECTOR('',#958,1.);
#958 = DIRECTION('',(0.,0.,1.));
#959 = ORIENTED_EDGE('',*,*,#960,.T.);
#960 = EDGE_CURVE('',#953,#672,#961,.T.);
#961 = LINE('',#962,#963);
#962 = CARTESIAN_POINT('',(-2.45,-2.35,7.));
#963 = VECTOR('',#964,1.);
#964 = DIRECTION('',(1.,0.,0.));
#965 = ORIENTED_EDGE('',*,*,#671,.F.);
#966 = ORIENTED_EDGE('',*,*,#967,.F.);
#967 = EDGE_CURVE('',#968,#664,#970,.T.);
#968 = VERTEX_POINT('',#969);
#969 = CARTESIAN_POINT('',(18.45,-2.35,0.));
#970 = LINE('',#971,#972);
#971 = CARTESIAN_POINT('',(-2.45,-2.35,0.));
#972 = VECTOR('',#973,1.);
#973 = DIRECTION('',(1.,0.,0.));
#974 = ORIENTED_EDGE('',*,*,#975,.T.);
#975 = EDGE_CURVE('',#968,#976,#978,.T.);
#976 = VERTEX_POINT('',#977);
#977 = CARTESIAN_POINT('',(18.45,-2.35,0.587106270774));
#978 = LINE('',#979,#980);
#979 = CARTESIAN_POINT('',(18.45,-2.35,0.));
#980 = VECTOR('',#981,1.);
#981 = DIRECTION('',(0.,0.,1.));
#982 = ORIENTED_EDGE('',*,*,#983,.T.);
#983 = EDGE_CURVE('',#976,#984,#986,.T.);
#984 = VERTEX_POINT('',#985);
#985 = CARTESIAN_POINT('',(16.55,-2.35,0.587106270774));
#986 = LINE('',#987,#988);
#987 = CARTESIAN_POINT('',(18.45,-2.35,0.587106270774));
#988 = VECTOR('',#989,1.);
#989 = DIRECTION('',(-1.,-0.,-0.));
#990 = ORIENTED_EDGE('',*,*,#991,.F.);
#991 = EDGE_CURVE('',#992,#984,#994,.T.);
#992 = VERTEX_POINT('',#993);
#993 = CARTESIAN_POINT('',(16.55,-2.35,0.));
#994 = LINE('',#995,#996);
#995 = CARTESIAN_POINT('',(16.55,-2.35,0.));
#996 = VECTOR('',#997,1.);
#997 = DIRECTION('',(0.,0.,1.));
#998 = ORIENTED_EDGE('',*,*,#999,.F.);
#999 = EDGE_CURVE('',#1000,#992,#1002,.T.);
#1000 = VERTEX_POINT('',#1001);
#1001 = CARTESIAN_POINT('',(15.95,-2.35,0.));
#1002 = LINE('',#1003,#1004);
#1003 = CARTESIAN_POINT('',(-2.45,-2.35,0.));
#1004 = VECTOR('',#1005,1.);
#1005 = DIRECTION('',(1.,0.,0.));
#1006 = ORIENTED_EDGE('',*,*,#1007,.T.);
#1007 = EDGE_CURVE('',#1000,#1008,#1010,.T.);
#1008 = VERTEX_POINT('',#1009);
#1009 = CARTESIAN_POINT('',(15.95,-2.35,0.587106270774));
#1010 = LINE('',#1011,#1012);
#1011 = CARTESIAN_POINT('',(15.95,-2.35,0.));
#1012 = VECTOR('',#1013,1.);
#1013 = DIRECTION('',(0.,0.,1.));
#1014 = ORIENTED_EDGE('',*,*,#1015,.T.);
#1015 = EDGE_CURVE('',#1008,#1016,#1018,.T.);
#1016 = VERTEX_POINT('',#1017);
#1017 = CARTESIAN_POINT('',(14.05,-2.35,0.587106270774));
#1018 = LINE('',#1019,#1020);
#1019 = CARTESIAN_POINT('',(15.95,-2.35,0.587106270774));
#1020 = VECTOR('',#1021,1.);
#1021 = DIRECTION('',(-1.,-0.,-0.));
#1022 = ORIENTED_EDGE('',*,*,#1023,.F.);
#1023 = EDGE_CURVE('',#1024,#1016,#1026,.T.);
#1024 = VERTEX_POINT('',#1025);
#1025 = CARTESIAN_POINT('',(14.05,-2.35,0.));
#1026 = LINE('',#1027,#1028);
#1027 = CARTESIAN_POINT('',(14.05,-2.35,0.));
#1028 = VECTOR('',#1029,1.);
#1029 = DIRECTION('',(0.,0.,1.));
#1030 = ORIENTED_EDGE('',*,*,#1031,.F.);
#1031 = EDGE_CURVE('',#1032,#1024,#1034,.T.);
#1032 = VERTEX_POINT('',#1033);
#1033 = CARTESIAN_POINT('',(13.45,-2.35,0.));
#1034 = LINE('',#1035,#1036);
#1035 = CARTESIAN_POINT('',(-2.45,-2.35,0.));
#1036 = VECTOR('',#1037,1.);
#1037 = DIRECTION('',(1.,0.,0.));
#1038 = ORIENTED_EDGE('',*,*,#1039,.T.);
#1039 = EDGE_CURVE('',#1032,#1040,#1042,.T.);
#1040 = VERTEX_POINT('',#1041);
#1041 = CARTESIAN_POINT('',(13.45,-2.35,0.587106270774));
#1042 = LINE('',#1043,#1044);
#1043 = CARTESIAN_POINT('',(13.45,-2.35,0.));
#1044 = VECTOR('',#1045,1.);
#1045 = DIRECTION('',(0.,0.,1.));
#1046 = ORIENTED_EDGE('',*,*,#1047,.T.);
#1047 = EDGE_CURVE('',#1040,#1048,#1050,.T.);
#1048 = VERTEX_POINT('',#1049);
#1049 = CARTESIAN_POINT('',(11.55,-2.35,0.587106270774));
#1050 = LINE('',#1051,#1052);
#1051 = CARTESIAN_POINT('',(13.45,-2.35,0.587106270774));
#1052 = VECTOR('',#1053,1.);
#1053 = DIRECTION('',(-1.,-0.,-0.));
#1054 = ORIENTED_EDGE('',*,*,#1055,.F.);
#1055 = EDGE_CURVE('',#1056,#1048,#1058,.T.);
#1056 = VERTEX_POINT('',#1057);
#1057 = CARTESIAN_POINT('',(11.55,-2.35,0.));
#1058 = LINE('',#1059,#1060);
#1059 = CARTESIAN_POINT('',(11.55,-2.35,0.));
#1060 = VECTOR('',#1061,1.);
#1061 = DIRECTION('',(0.,0.,1.));
#1062 = ORIENTED_EDGE('',*,*,#1063,.F.);
#1063 = EDGE_CURVE('',#1064,#1056,#1066,.T.);
#1064 = VERTEX_POINT('',#1065);
#1065 = CARTESIAN_POINT('',(10.95,-2.35,0.));
#1066 = LINE('',#1067,#1068);
#1067 = CARTESIAN_POINT('',(-2.45,-2.35,0.));
#1068 = VECTOR('',#1069,1.);
#1069 = DIRECTION('',(1.,0.,0.));
#1070 = ORIENTED_EDGE('',*,*,#1071,.T.);
#1071 = EDGE_CURVE('',#1064,#1072,#1074,.T.);
#1072 = VERTEX_POINT('',#1073);
#1073 = CARTESIAN_POINT('',(10.95,-2.35,0.587106270774));
#1074 = LINE('',#1075,#1076);
#1075 = CARTESIAN_POINT('',(10.95,-2.35,0.));
#1076 = VECTOR('',#1077,1.);
#1077 = DIRECTION('',(0.,0.,1.));
#1078 = ORIENTED_EDGE('',*,*,#1079,.T.);
#1079 = EDGE_CURVE('',#1072,#1080,#1082,.T.);
#1080 = VERTEX_POINT('',#1081);
#1081 = CARTESIAN_POINT('',(9.05,-2.35,0.587106270774));
#1082 = LINE('',#1083,#1084);
#1083 = CARTESIAN_POINT('',(10.95,-2.35,0.587106270774));
#1084 = VECTOR('',#1085,1.);
#1085 = DIRECTION('',(-1.,-0.,-0.));
#1086 = ORIENTED_EDGE('',*,*,#1087,.F.);
#1087 = EDGE_CURVE('',#1088,#1080,#1090,.T.);
#1088 = VERTEX_POINT('',#1089);
#1089 = CARTESIAN_POINT('',(9.05,-2.35,0.));
#1090 = LINE('',#1091,#1092);
#1091 = CARTESIAN_POINT('',(9.05,-2.35,0.));
#1092 = VECTOR('',#1093,1.);
#1093 = DIRECTION('',(0.,0.,1.));
#1094 = ORIENTED_EDGE('',*,*,#1095,.F.);
#1095 = EDGE_CURVE('',#1096,#1088,#1098,.T.);
#1096 = VERTEX_POINT('',#1097);
#1097 = CARTESIAN_POINT('',(8.45,-2.35,0.));
#1098 = LINE('',#1099,#1100);
#1099 = CARTESIAN_POINT('',(-2.45,-2.35,0.));
#1100 = VECTOR('',#1101,1.);
#1101 = DIRECTION('',(1.,0.,0.));
#1102 = ORIENTED_EDGE('',*,*,#1103,.T.);
#1103 = EDGE_CURVE('',#1096,#1104,#1106,.T.);
#1104 = VERTEX_POINT('',#1105);
#1105 = CARTESIAN_POINT('',(8.45,-2.35,0.587106270774));
#1106 = LINE('',#1107,#1108);
#1107 = CARTESIAN_POINT('',(8.45,-2.35,0.));
#1108 = VECTOR('',#1109,1.);
#1109 = DIRECTION('',(0.,0.,1.));
#1110 = ORIENTED_EDGE('',*,*,#1111,.T.);
#1111 = EDGE_CURVE('',#1104,#1112,#1114,.T.);
#1112 = VERTEX_POINT('',#1113);
#1113 = CARTESIAN_POINT('',(6.55,-2.35,0.587106270774));
#1114 = LINE('',#1115,#1116);
#1115 = CARTESIAN_POINT('',(8.45,-2.35,0.587106270774));
#1116 = VECTOR('',#1117,1.);
#1117 = DIRECTION('',(-1.,-0.,-0.));
#1118 = ORIENTED_EDGE('',*,*,#1119,.F.);
#1119 = EDGE_CURVE('',#1120,#1112,#1122,.T.);
#1120 = VERTEX_POINT('',#1121);
#1121 = CARTESIAN_POINT('',(6.55,-2.35,0.));
#1122 = LINE('',#1123,#1124);
#1123 = CARTESIAN_POINT('',(6.55,-2.35,0.));
#1124 = VECTOR('',#1125,1.);
#1125 = DIRECTION('',(0.,0.,1.));
#1126 = ORIENTED_EDGE('',*,*,#1127,.F.);
#1127 = EDGE_CURVE('',#1128,#1120,#1130,.T.);
#1128 = VERTEX_POINT('',#1129);
#1129 = CARTESIAN_POINT('',(5.95,-2.35,0.));
#1130 = LINE('',#1131,#1132);
#1131 = CARTESIAN_POINT('',(-2.45,-2.35,0.));
#1132 = VECTOR('',#1133,1.);
#1133 = DIRECTION('',(1.,0.,0.));
#1134 = ORIENTED_EDGE('',*,*,#1135,.T.);
#1135 = EDGE_CURVE('',#1128,#1136,#1138,.T.);
#1136 = VERTEX_POINT('',#1137);
#1137 = CARTESIAN_POINT('',(5.95,-2.35,0.587106270774));
#1138 = LINE('',#1139,#1140);
#1139 = CARTESIAN_POINT('',(5.95,-2.35,0.));
#1140 = VECTOR('',#1141,1.);
#1141 = DIRECTION('',(0.,0.,1.));
#1142 = ORIENTED_EDGE('',*,*,#1143,.T.);
#1143 = EDGE_CURVE('',#1136,#1144,#1146,.T.);
#1144 = VERTEX_POINT('',#1145);
#1145 = CARTESIAN_POINT('',(4.05,-2.35,0.587106270774));
#1146 = LINE('',#1147,#1148);
#1147 = CARTESIAN_POINT('',(5.95,-2.35,0.587106270774));
#1148 = VECTOR('',#1149,1.);
#1149 = DIRECTION('',(-1.,-0.,-0.));
#1150 = ORIENTED_EDGE('',*,*,#1151,.F.);
#1151 = EDGE_CURVE('',#1152,#1144,#1154,.T.);
#1152 = VERTEX_POINT('',#1153);
#1153 = CARTESIAN_POINT('',(4.05,-2.35,0.));
#1154 = LINE('',#1155,#1156);
#1155 = CARTESIAN_POINT('',(4.05,-2.35,0.));
#1156 = VECTOR('',#1157,1.);
#1157 = DIRECTION('',(0.,0.,1.));
#1158 = ORIENTED_EDGE('',*,*,#1159,.F.);
#1159 = EDGE_CURVE('',#1160,#1152,#1162,.T.);
#1160 = VERTEX_POINT('',#1161);
#1161 = CARTESIAN_POINT('',(3.45,-2.35,0.));
#1162 = LINE('',#1163,#1164);
#1163 = CARTESIAN_POINT('',(-2.45,-2.35,0.));
#1164 = VECTOR('',#1165,1.);
#1165 = DIRECTION('',(1.,0.,0.));
#1166 = ORIENTED_EDGE('',*,*,#1167,.T.);
#1167 = EDGE_CURVE('',#1160,#1168,#1170,.T.);
#1168 = VERTEX_POINT('',#1169);
#1169 = CARTESIAN_POINT('',(3.45,-2.35,0.587106270774));
#1170 = LINE('',#1171,#1172);
#1171 = CARTESIAN_POINT('',(3.45,-2.35,0.));
#1172 = VECTOR('',#1173,1.);
#1173 = DIRECTION('',(0.,0.,1.));
#1174 = ORIENTED_EDGE('',*,*,#1175,.T.);
#1175 = EDGE_CURVE('',#1168,#1176,#1178,.T.);
#1176 = VERTEX_POINT('',#1177);
#1177 = CARTESIAN_POINT('',(1.55,-2.35,0.587106270774));
#1178 = LINE('',#1179,#1180);
#1179 = CARTESIAN_POINT('',(3.45,-2.35,0.587106270774));
#1180 = VECTOR('',#1181,1.);
#1181 = DIRECTION('',(-1.,-0.,-0.));
#1182 = ORIENTED_EDGE('',*,*,#1183,.F.);
#1183 = EDGE_CURVE('',#1184,#1176,#1186,.T.);
#1184 = VERTEX_POINT('',#1185);
#1185 = CARTESIAN_POINT('',(1.55,-2.35,0.));
#1186 = LINE('',#1187,#1188);
#1187 = CARTESIAN_POINT('',(1.55,-2.35,0.));
#1188 = VECTOR('',#1189,1.);
#1189 = DIRECTION('',(0.,0.,1.));
#1190 = ORIENTED_EDGE('',*,*,#1191,.F.);
#1191 = EDGE_CURVE('',#1192,#1184,#1194,.T.);
#1192 = VERTEX_POINT('',#1193);
#1193 = CARTESIAN_POINT('',(0.95,-2.35,0.));
#1194 = LINE('',#1195,#1196);
#1195 = CARTESIAN_POINT('',(-2.45,-2.35,0.));
#1196 = VECTOR('',#1197,1.);
#1197 = DIRECTION('',(1.,0.,0.));
#1198 = ORIENTED_EDGE('',*,*,#1199,.T.);
#1199 = EDGE_CURVE('',#1192,#1200,#1202,.T.);
#1200 = VERTEX_POINT('',#1201);
#1201 = CARTESIAN_POINT('',(0.95,-2.35,0.587106270774));
#1202 = LINE('',#1203,#1204);
#1203 = CARTESIAN_POINT('',(0.95,-2.35,0.));
#1204 = VECTOR('',#1205,1.);
#1205 = DIRECTION('',(0.,0.,1.));
#1206 = ORIENTED_EDGE('',*,*,#1207,.T.);
#1207 = EDGE_CURVE('',#1200,#1208,#1210,.T.);
#1208 = VERTEX_POINT('',#1209);
#1209 = CARTESIAN_POINT('',(-0.95,-2.35,0.587106270774));
#1210 = LINE('',#1211,#1212);
#1211 = CARTESIAN_POINT('',(0.95,-2.35,0.587106270774));
#1212 = VECTOR('',#1213,1.);
#1213 = DIRECTION('',(-1.,-0.,-0.));
#1214 = ORIENTED_EDGE('',*,*,#1215,.F.);
#1215 = EDGE_CURVE('',#805,#1208,#1216,.T.);
#1216 = LINE('',#1217,#1218);
#1217 = CARTESIAN_POINT('',(-0.95,-2.35,0.));
#1218 = VECTOR('',#1219,1.);
#1219 = DIRECTION('',(0.,0.,1.));
#1220 = PLANE('',#1221);
#1221 = AXIS2_PLACEMENT_3D('',#1222,#1223,#1224);
#1222 = CARTESIAN_POINT('',(-2.45,-2.35,0.));
#1223 = DIRECTION('',(0.,1.,0.));
#1224 = DIRECTION('',(1.,0.,0.));
#1225 = ADVANCED_FACE('',(#1226),#1251,.T.);
#1226 = FACE_BOUND('',#1227,.T.);
#1227 = EDGE_LOOP('',(#1228,#1234,#1235,#1236,#1244,#1250));
#1228 = ORIENTED_EDGE('',*,*,#1229,.F.);
#1229 = EDGE_CURVE('',#224,#724,#1230,.T.);
#1230 = LINE('',#1231,#1232);
#1231 = CARTESIAN_POINT('',(-5.,-1.549999999998,7.));
#1232 = VECTOR('',#1233,1.);
#1233 = DIRECTION('',(1.,0.,0.));
#1234 = ORIENTED_EDGE('',*,*,#231,.T.);
#1235 = ORIENTED_EDGE('',*,*,#830,.T.);
#1236 = ORIENTED_EDGE('',*,*,#1237,.F.);
#1237 = EDGE_CURVE('',#1238,#831,#1240,.T.);
#1238 = VERTEX_POINT('',#1239);
#1239 = CARTESIAN_POINT('',(-0.8,-1.6,7.));
#1240 = LINE('',#1241,#1242);
#1241 = CARTESIAN_POINT('',(-0.8,1.554312234475E-15,7.));
#1242 = VECTOR('',#1243,1.);
#1243 = DIRECTION('',(0.,-1.,2.22044604925E-16));
#1244 = ORIENTED_EDGE('',*,*,#1245,.F.);
#1245 = EDGE_CURVE('',#732,#1238,#1246,.T.);
#1246 = LINE('',#1247,#1248);
#1247 = CARTESIAN_POINT('',(-1.7,-1.6,7.));
#1248 = VECTOR('',#1249,1.);
#1249 = DIRECTION('',(1.,0.,0.));
#1250 = ORIENTED_EDGE('',*,*,#731,.F.);
#1251 = PLANE('',#1252);
#1252 = AXIS2_PLACEMENT_3D('',#1253,#1254,#1255);
#1253 = CARTESIAN_POINT('',(8.75,0.525,7.));
#1254 = DIRECTION('',(0.,0.,1.));
#1255 = DIRECTION('',(1.,0.,0.));
#1256 = ADVANCED_FACE('',(#1257),#1263,.T.);
#1257 = FACE_BOUND('',#1258,.T.);
#1258 = EDGE_LOOP('',(#1259,#1260,#1261,#1262));
#1259 = ORIENTED_EDGE('',*,*,#223,.T.);
#1260 = ORIENTED_EDGE('',*,*,#1229,.T.);
#1261 = ORIENTED_EDGE('',*,*,#723,.F.);
#1262 = ORIENTED_EDGE('',*,*,#787,.F.);
#1263 = PLANE('',#1264);
#1264 = AXIS2_PLACEMENT_3D('',#1265,#1266,#1267);
#1265 = CARTESIAN_POINT('',(-5.,-1.549999999998,7.));
#1266 = DIRECTION('',(0.,1.,0.));
#1267 = DIRECTION('',(0.,0.,-1.));
#1268 = ADVANCED_FACE('',(#1269),#1287,.T.);
#1269 = FACE_BOUND('',#1270,.T.);
#1270 = EDGE_LOOP('',(#1271,#1272,#1280,#1286));
#1271 = ORIENTED_EDGE('',*,*,#771,.F.);
#1272 = ORIENTED_EDGE('',*,*,#1273,.T.);
#1273 = EDGE_CURVE('',#764,#1274,#1276,.T.);
#1274 = VERTEX_POINT('',#1275);
#1275 = CARTESIAN_POINT('',(19.2,2.65,1.25));
#1276 = LINE('',#1277,#1278);
#1277 = CARTESIAN_POINT('',(-1.7,2.65,1.25));
#1278 = VECTOR('',#1279,1.);
#1279 = DIRECTION('',(1.,0.,0.));
#1280 = ORIENTED_EDGE('',*,*,#1281,.T.);
#1281 = EDGE_CURVE('',#1274,#256,#1282,.T.);
#1282 = LINE('',#1283,#1284);
#1283 = CARTESIAN_POINT('',(19.2,2.65,1.25));
#1284 = VECTOR('',#1285,1.);
#1285 = DIRECTION('',(0.,0.,1.));
#1286 = ORIENTED_EDGE('',*,*,#263,.F.);
#1287 = PLANE('',#1288);
#1288 = AXIS2_PLACEMENT_3D('',#1289,#1290,#1291);
#1289 = CARTESIAN_POINT('',(-1.7,2.65,1.25));
#1290 = DIRECTION('',(0.,-1.,0.));
#1291 = DIRECTION('',(0.,0.,1.));
#1292 = ADVANCED_FACE('',(#1293),#1353,.F.);
#1293 = FACE_BOUND('',#1294,.F.);
#1294 = EDGE_LOOP('',(#1295,#1296,#1305,#1313,#1321,#1329,#1337,#1345,
    #1351,#1352));
#1295 = ORIENTED_EDGE('',*,*,#606,.T.);
#1296 = ORIENTED_EDGE('',*,*,#1297,.T.);
#1297 = EDGE_CURVE('',#607,#1298,#1300,.T.);
#1298 = VERTEX_POINT('',#1299);
#1299 = CARTESIAN_POINT('',(19.2,-1.549999999998,4.749999999997));
#1300 = CIRCLE('',#1301,0.849999999998);
#1301 = AXIS2_PLACEMENT_3D('',#1302,#1303,#1304);
#1302 = CARTESIAN_POINT('',(19.2,-0.7,4.749999999998));
#1303 = DIRECTION('',(-1.,0.,0.));
#1304 = DIRECTION('',(0.,1.,0.));
#1305 = ORIENTED_EDGE('',*,*,#1306,.T.);
#1306 = EDGE_CURVE('',#1298,#1307,#1309,.T.);
#1307 = VERTEX_POINT('',#1308);
#1308 = CARTESIAN_POINT('',(19.2,-1.549999999998,7.));
#1309 = LINE('',#1310,#1311);
#1310 = CARTESIAN_POINT('',(19.2,-1.549999999998,5.617949337881));
#1311 = VECTOR('',#1312,1.);
#1312 = DIRECTION('',(0.,0.,1.));
#1313 = ORIENTED_EDGE('',*,*,#1314,.T.);
#1314 = EDGE_CURVE('',#1307,#1315,#1317,.T.);
#1315 = VERTEX_POINT('',#1316);
#1316 = CARTESIAN_POINT('',(19.2,-1.6,7.));
#1317 = LINE('',#1318,#1319);
#1318 = CARTESIAN_POINT('',(19.2,2.65,7.));
#1319 = VECTOR('',#1320,1.);
#1320 = DIRECTION('',(0.,-1.,0.));
#1321 = ORIENTED_EDGE('',*,*,#1322,.T.);
#1322 = EDGE_CURVE('',#1315,#1323,#1325,.T.);
#1323 = VERTEX_POINT('',#1324);
#1324 = CARTESIAN_POINT('',(19.2,-1.6,1.9));
#1325 = LINE('',#1326,#1327);
#1326 = CARTESIAN_POINT('',(19.2,-1.6,7.));
#1327 = VECTOR('',#1328,1.);
#1328 = DIRECTION('',(0.,0.,-1.));
#1329 = ORIENTED_EDGE('',*,*,#1330,.T.);
#1330 = EDGE_CURVE('',#1323,#1331,#1333,.T.);
#1331 = VERTEX_POINT('',#1332);
#1332 = CARTESIAN_POINT('',(19.2,0.5,1.9));
#1333 = LINE('',#1334,#1335);
#1334 = CARTESIAN_POINT('',(19.2,-1.6,1.9));
#1335 = VECTOR('',#1336,1.);
#1336 = DIRECTION('',(0.,1.,0.));
#1337 = ORIENTED_EDGE('',*,*,#1338,.T.);
#1338 = EDGE_CURVE('',#1331,#1339,#1341,.T.);
#1339 = VERTEX_POINT('',#1340);
#1340 = CARTESIAN_POINT('',(19.2,0.875277674973,1.25));
#1341 = LINE('',#1342,#1343);
#1342 = CARTESIAN_POINT('',(19.2,0.5,1.9));
#1343 = VECTOR('',#1344,1.);
#1344 = DIRECTION('',(0.,0.5,-0.866025403784));
#1345 = ORIENTED_EDGE('',*,*,#1346,.T.);
#1346 = EDGE_CURVE('',#1339,#1274,#1347,.T.);
#1347 = LINE('',#1348,#1349);
#1348 = CARTESIAN_POINT('',(19.2,0.875277674973,1.25));
#1349 = VECTOR('',#1350,1.);
#1350 = DIRECTION('',(0.,1.,0.));
#1351 = ORIENTED_EDGE('',*,*,#1281,.T.);
#1352 = ORIENTED_EDGE('',*,*,#312,.T.);
#1353 = PLANE('',#1354);
#1354 = AXIS2_PLACEMENT_3D('',#1355,#1356,#1357);
#1355 = CARTESIAN_POINT('',(19.2,0.598118601855,4.235898675762));
#1356 = DIRECTION('',(1.,0.,0.));
#1357 = DIRECTION('',(0.,0.,1.));
#1358 = ADVANCED_FACE('',(#1359),#1371,.F.);
#1359 = FACE_BOUND('',#1360,.F.);
#1360 = EDGE_LOOP('',(#1361,#1362,#1368,#1369,#1370));
#1361 = ORIENTED_EDGE('',*,*,#326,.T.);
#1362 = ORIENTED_EDGE('',*,*,#1363,.T.);
#1363 = EDGE_CURVE('',#329,#968,#1364,.T.);
#1364 = LINE('',#1365,#1366);
#1365 = CARTESIAN_POINT('',(18.45,3.4,0.));
#1366 = VECTOR('',#1367,1.);
#1367 = DIRECTION('',(0.,-1.,0.));
#1368 = ORIENTED_EDGE('',*,*,#967,.T.);
#1369 = ORIENTED_EDGE('',*,*,#663,.T.);
#1370 = ORIENTED_EDGE('',*,*,#638,.T.);
#1371 = PLANE('',#1372);
#1372 = AXIS2_PLACEMENT_3D('',#1373,#1374,#1375);
#1373 = CARTESIAN_POINT('',(8.75,0.525,0.));
#1374 = DIRECTION('',(0.,0.,1.));
#1375 = DIRECTION('',(1.,0.,0.));
#1376 = ADVANCED_FACE('',(#1377),#1404,.F.);
#1377 = FACE_BOUND('',#1378,.T.);
#1378 = EDGE_LOOP('',(#1379,#1387,#1395,#1401,#1402,#1403));
#1379 = ORIENTED_EDGE('',*,*,#1380,.T.);
#1380 = EDGE_CURVE('',#976,#1381,#1383,.T.);
#1381 = VERTEX_POINT('',#1382);
#1382 = CARTESIAN_POINT('',(18.45,-1.,0.2));
#1383 = LINE('',#1384,#1385);
#1384 = CARTESIAN_POINT('',(18.45,-2.35,0.587106270774));
#1385 = VECTOR('',#1386,1.);
#1386 = DIRECTION('',(0.,0.961261695938,-0.275637355817));
#1387 = ORIENTED_EDGE('',*,*,#1388,.T.);
#1388 = EDGE_CURVE('',#1381,#1389,#1391,.T.);
#1389 = VERTEX_POINT('',#1390);
#1390 = CARTESIAN_POINT('',(18.45,1.,0.2));
#1391 = LINE('',#1392,#1393);
#1392 = CARTESIAN_POINT('',(18.45,-1.,0.2));
#1393 = VECTOR('',#1394,1.);
#1394 = DIRECTION('',(0.,1.,0.));
#1395 = ORIENTED_EDGE('',*,*,#1396,.T.);
#1396 = EDGE_CURVE('',#1389,#585,#1397,.T.);
#1397 = LINE('',#1398,#1399);
#1398 = CARTESIAN_POINT('',(18.45,1.,0.2));
#1399 = VECTOR('',#1400,1.);
#1400 = DIRECTION('',(0.,0.96,0.28));
#1401 = ORIENTED_EDGE('',*,*,#592,.T.);
#1402 = ORIENTED_EDGE('',*,*,#1363,.T.);
#1403 = ORIENTED_EDGE('',*,*,#975,.T.);
#1404 = PLANE('',#1405);
#1405 = AXIS2_PLACEMENT_3D('',#1406,#1407,#1408);
#1406 = CARTESIAN_POINT('',(18.45,0.597090658555,0.221059411393));
#1407 = DIRECTION('',(1.,0.,0.));
#1408 = DIRECTION('',(0.,0.,1.));
#1409 = ADVANCED_FACE('',(#1410),#1428,.T.);
#1410 = FACE_BOUND('',#1411,.T.);
#1411 = EDGE_LOOP('',(#1412,#1420,#1426,#1427));
#1412 = ORIENTED_EDGE('',*,*,#1413,.T.);
#1413 = EDGE_CURVE('',#1389,#1414,#1416,.T.);
#1414 = VERTEX_POINT('',#1415);
#1415 = CARTESIAN_POINT('',(16.55,1.,0.2));
#1416 = LINE('',#1417,#1418);
#1417 = CARTESIAN_POINT('',(18.45,1.,0.2));
#1418 = VECTOR('',#1419,1.);
#1419 = DIRECTION('',(-1.,-0.,-0.));
#1420 = ORIENTED_EDGE('',*,*,#1421,.T.);
#1421 = EDGE_CURVE('',#1414,#577,#1422,.T.);
#1422 = LINE('',#1423,#1424);
#1423 = CARTESIAN_POINT('',(16.55,1.,0.2));
#1424 = VECTOR('',#1425,1.);
#1425 = DIRECTION('',(0.,0.96,0.28));
#1426 = ORIENTED_EDGE('',*,*,#584,.F.);
#1427 = ORIENTED_EDGE('',*,*,#1396,.F.);
#1428 = PLANE('',#1429);
#1429 = AXIS2_PLACEMENT_3D('',#1430,#1431,#1432);
#1430 = CARTESIAN_POINT('',(18.45,1.,0.2));
#1431 = DIRECTION('',(0.,0.28,-0.96));
#1432 = DIRECTION('',(0.,0.96,0.28));
#1433 = ADVANCED_FACE('',(#1434),#1459,.T.);
#1434 = FACE_BOUND('',#1435,.F.);
#1435 = EDGE_LOOP('',(#1436,#1444,#1450,#1451,#1452,#1458));
#1436 = ORIENTED_EDGE('',*,*,#1437,.T.);
#1437 = EDGE_CURVE('',#984,#1438,#1440,.T.);
#1438 = VERTEX_POINT('',#1439);
#1439 = CARTESIAN_POINT('',(16.55,-1.,0.2));
#1440 = LINE('',#1441,#1442);
#1441 = CARTESIAN_POINT('',(16.55,-2.35,0.587106270774));
#1442 = VECTOR('',#1443,1.);
#1443 = DIRECTION('',(0.,0.961261695938,-0.275637355817));
#1444 = ORIENTED_EDGE('',*,*,#1445,.T.);
#1445 = EDGE_CURVE('',#1438,#1414,#1446,.T.);
#1446 = LINE('',#1447,#1448);
#1447 = CARTESIAN_POINT('',(16.55,-1.,0.2));
#1448 = VECTOR('',#1449,1.);
#1449 = DIRECTION('',(0.,1.,0.));
#1450 = ORIENTED_EDGE('',*,*,#1421,.T.);
#1451 = ORIENTED_EDGE('',*,*,#576,.T.);
#1452 = ORIENTED_EDGE('',*,*,#1453,.T.);
#1453 = EDGE_CURVE('',#569,#992,#1454,.T.);
#1454 = LINE('',#1455,#1456);
#1455 = CARTESIAN_POINT('',(16.55,3.4,0.));
#1456 = VECTOR('',#1457,1.);
#1457 = DIRECTION('',(0.,-1.,0.));
#1458 = ORIENTED_EDGE('',*,*,#991,.T.);
#1459 = PLANE('',#1460);
#1460 = AXIS2_PLACEMENT_3D('',#1461,#1462,#1463);
#1461 = CARTESIAN_POINT('',(16.55,0.597090658555,0.221059411393));
#1462 = DIRECTION('',(1.,0.,0.));
#1463 = DIRECTION('',(0.,0.,1.));
#1464 = ADVANCED_FACE('',(#1465),#1476,.F.);
#1465 = FACE_BOUND('',#1466,.F.);
#1466 = EDGE_LOOP('',(#1467,#1468,#1474,#1475));
#1467 = ORIENTED_EDGE('',*,*,#568,.T.);
#1468 = ORIENTED_EDGE('',*,*,#1469,.T.);
#1469 = EDGE_CURVE('',#561,#1000,#1470,.T.);
#1470 = LINE('',#1471,#1472);
#1471 = CARTESIAN_POINT('',(15.95,3.4,0.));
#1472 = VECTOR('',#1473,1.);
#1473 = DIRECTION('',(0.,-1.,0.));
#1474 = ORIENTED_EDGE('',*,*,#999,.T.);
#1475 = ORIENTED_EDGE('',*,*,#1453,.F.);
#1476 = PLANE('',#1477);
#1477 = AXIS2_PLACEMENT_3D('',#1478,#1479,#1480);
#1478 = CARTESIAN_POINT('',(8.75,0.525,0.));
#1479 = DIRECTION('',(0.,0.,1.));
#1480 = DIRECTION('',(1.,0.,0.));
#1481 = ADVANCED_FACE('',(#1482),#1509,.T.);
#1482 = FACE_BOUND('',#1483,.F.);
#1483 = EDGE_LOOP('',(#1484,#1492,#1500,#1506,#1507,#1508));
#1484 = ORIENTED_EDGE('',*,*,#1485,.T.);
#1485 = EDGE_CURVE('',#1208,#1486,#1488,.T.);
#1486 = VERTEX_POINT('',#1487);
#1487 = CARTESIAN_POINT('',(-0.95,-1.,0.2));
#1488 = LINE('',#1489,#1490);
#1489 = CARTESIAN_POINT('',(-0.95,-2.35,0.587106270774));
#1490 = VECTOR('',#1491,1.);
#1491 = DIRECTION('',(0.,0.961261695938,-0.275637355817));
#1492 = ORIENTED_EDGE('',*,*,#1493,.T.);
#1493 = EDGE_CURVE('',#1486,#1494,#1496,.T.);
#1494 = VERTEX_POINT('',#1495);
#1495 = CARTESIAN_POINT('',(-0.95,1.,0.2));
#1496 = LINE('',#1497,#1498);
#1497 = CARTESIAN_POINT('',(-0.95,-1.,0.2));
#1498 = VECTOR('',#1499,1.);
#1499 = DIRECTION('',(0.,1.,0.));
#1500 = ORIENTED_EDGE('',*,*,#1501,.T.);
#1501 = EDGE_CURVE('',#1494,#353,#1502,.T.);
#1502 = LINE('',#1503,#1504);
#1503 = CARTESIAN_POINT('',(-0.95,1.,0.2));
#1504 = VECTOR('',#1505,1.);
#1505 = DIRECTION('',(0.,0.96,0.28));
#1506 = ORIENTED_EDGE('',*,*,#352,.T.);
#1507 = ORIENTED_EDGE('',*,*,#812,.T.);
#1508 = ORIENTED_EDGE('',*,*,#1215,.T.);
#1509 = PLANE('',#1510);
#1510 = AXIS2_PLACEMENT_3D('',#1511,#1512,#1513);
#1511 = CARTESIAN_POINT('',(-0.95,0.597090658555,0.221059411393));
#1512 = DIRECTION('',(1.,0.,0.));
#1513 = DIRECTION('',(0.,0.,1.));
#1514 = ADVANCED_FACE('',(#1515),#1542,.F.);
#1515 = FACE_BOUND('',#1516,.T.);
#1516 = EDGE_LOOP('',(#1517,#1525,#1533,#1539,#1540,#1541));
#1517 = ORIENTED_EDGE('',*,*,#1518,.T.);
#1518 = EDGE_CURVE('',#1008,#1519,#1521,.T.);
#1519 = VERTEX_POINT('',#1520);
#1520 = CARTESIAN_POINT('',(15.95,-1.,0.2));
#1521 = LINE('',#1522,#1523);
#1522 = CARTESIAN_POINT('',(15.95,-2.35,0.587106270774));
#1523 = VECTOR('',#1524,1.);
#1524 = DIRECTION('',(0.,0.961261695938,-0.275637355817));
#1525 = ORIENTED_EDGE('',*,*,#1526,.T.);
#1526 = EDGE_CURVE('',#1519,#1527,#1529,.T.);
#1527 = VERTEX_POINT('',#1528);
#1528 = CARTESIAN_POINT('',(15.95,1.,0.2));
#1529 = LINE('',#1530,#1531);
#1530 = CARTESIAN_POINT('',(15.95,-1.,0.2));
#1531 = VECTOR('',#1532,1.);
#1532 = DIRECTION('',(0.,1.,0.));
#1533 = ORIENTED_EDGE('',*,*,#1534,.T.);
#1534 = EDGE_CURVE('',#1527,#553,#1535,.T.);
#1535 = LINE('',#1536,#1537);
#1536 = CARTESIAN_POINT('',(15.95,1.,0.2));
#1537 = VECTOR('',#1538,1.);
#1538 = DIRECTION('',(0.,0.96,0.28));
#1539 = ORIENTED_EDGE('',*,*,#560,.T.);
#1540 = ORIENTED_EDGE('',*,*,#1469,.T.);
#1541 = ORIENTED_EDGE('',*,*,#1007,.T.);
#1542 = PLANE('',#1543);
#1543 = AXIS2_PLACEMENT_3D('',#1544,#1545,#1546);
#1544 = CARTESIAN_POINT('',(15.95,0.597090658555,0.221059411393));
#1545 = DIRECTION('',(1.,0.,0.));
#1546 = DIRECTION('',(0.,0.,1.));
#1547 = ADVANCED_FACE('',(#1548),#1566,.T.);
#1548 = FACE_BOUND('',#1549,.T.);
#1549 = EDGE_LOOP('',(#1550,#1558,#1559,#1560));
#1550 = ORIENTED_EDGE('',*,*,#1551,.T.);
#1551 = EDGE_CURVE('',#1552,#1494,#1554,.T.);
#1552 = VERTEX_POINT('',#1553);
#1553 = CARTESIAN_POINT('',(0.95,1.,0.2));
#1554 = LINE('',#1555,#1556);
#1555 = CARTESIAN_POINT('',(0.95,1.,0.2));
#1556 = VECTOR('',#1557,1.);
#1557 = DIRECTION('',(-1.,-0.,-0.));
#1558 = ORIENTED_EDGE('',*,*,#1501,.T.);
#1559 = ORIENTED_EDGE('',*,*,#360,.F.);
#1560 = ORIENTED_EDGE('',*,*,#1561,.F.);
#1561 = EDGE_CURVE('',#1552,#361,#1562,.T.);
#1562 = LINE('',#1563,#1564);
#1563 = CARTESIAN_POINT('',(0.95,1.,0.2));
#1564 = VECTOR('',#1565,1.);
#1565 = DIRECTION('',(0.,0.96,0.28));
#1566 = PLANE('',#1567);
#1567 = AXIS2_PLACEMENT_3D('',#1568,#1569,#1570);
#1568 = CARTESIAN_POINT('',(0.95,1.,0.2));
#1569 = DIRECTION('',(0.,0.28,-0.96));
#1570 = DIRECTION('',(0.,0.96,0.28));
#1571 = ADVANCED_FACE('',(#1572),#1590,.T.);
#1572 = FACE_BOUND('',#1573,.T.);
#1573 = EDGE_LOOP('',(#1574,#1582,#1588,#1589));
#1574 = ORIENTED_EDGE('',*,*,#1575,.T.);
#1575 = EDGE_CURVE('',#1527,#1576,#1578,.T.);
#1576 = VERTEX_POINT('',#1577);
#1577 = CARTESIAN_POINT('',(14.05,1.,0.2));
#1578 = LINE('',#1579,#1580);
#1579 = CARTESIAN_POINT('',(15.95,1.,0.2));
#1580 = VECTOR('',#1581,1.);
#1581 = DIRECTION('',(-1.,-0.,-0.));
#1582 = ORIENTED_EDGE('',*,*,#1583,.T.);
#1583 = EDGE_CURVE('',#1576,#545,#1584,.T.);
#1584 = LINE('',#1585,#1586);
#1585 = CARTESIAN_POINT('',(14.05,1.,0.2));
#1586 = VECTOR('',#1587,1.);
#1587 = DIRECTION('',(0.,0.96,0.28));
#1588 = ORIENTED_EDGE('',*,*,#552,.F.);
#1589 = ORIENTED_EDGE('',*,*,#1534,.F.);
#1590 = PLANE('',#1591);
#1591 = AXIS2_PLACEMENT_3D('',#1592,#1593,#1594);
#1592 = CARTESIAN_POINT('',(15.95,1.,0.2));
#1593 = DIRECTION('',(0.,0.28,-0.96));
#1594 = DIRECTION('',(0.,0.96,0.28));
#1595 = ADVANCED_FACE('',(#1596),#1621,.F.);
#1596 = FACE_BOUND('',#1597,.T.);
#1597 = EDGE_LOOP('',(#1598,#1606,#1612,#1613,#1614,#1620));
#1598 = ORIENTED_EDGE('',*,*,#1599,.T.);
#1599 = EDGE_CURVE('',#1200,#1600,#1602,.T.);
#1600 = VERTEX_POINT('',#1601);
#1601 = CARTESIAN_POINT('',(0.95,-1.,0.2));
#1602 = LINE('',#1603,#1604);
#1603 = CARTESIAN_POINT('',(0.95,-2.35,0.587106270774));
#1604 = VECTOR('',#1605,1.);
#1605 = DIRECTION('',(0.,0.961261695938,-0.275637355817));
#1606 = ORIENTED_EDGE('',*,*,#1607,.T.);
#1607 = EDGE_CURVE('',#1600,#1552,#1608,.T.);
#1608 = LINE('',#1609,#1610);
#1609 = CARTESIAN_POINT('',(0.95,-1.,0.2));
#1610 = VECTOR('',#1611,1.);
#1611 = DIRECTION('',(0.,1.,0.));
#1612 = ORIENTED_EDGE('',*,*,#1561,.T.);
#1613 = ORIENTED_EDGE('',*,*,#368,.T.);
#1614 = ORIENTED_EDGE('',*,*,#1615,.T.);
#1615 = EDGE_CURVE('',#369,#1192,#1616,.T.);
#1616 = LINE('',#1617,#1618);
#1617 = CARTESIAN_POINT('',(0.95,3.4,0.));
#1618 = VECTOR('',#1619,1.);
#1619 = DIRECTION('',(0.,-1.,0.));
#1620 = ORIENTED_EDGE('',*,*,#1199,.T.);
#1621 = PLANE('',#1622);
#1622 = AXIS2_PLACEMENT_3D('',#1623,#1624,#1625);
#1623 = CARTESIAN_POINT('',(0.95,0.597090658555,0.221059411393));
#1624 = DIRECTION('',(1.,0.,0.));
#1625 = DIRECTION('',(0.,0.,1.));
#1626 = ADVANCED_FACE('',(#1627),#1652,.T.);
#1627 = FACE_BOUND('',#1628,.F.);
#1628 = EDGE_LOOP('',(#1629,#1637,#1643,#1644,#1645,#1651));
#1629 = ORIENTED_EDGE('',*,*,#1630,.T.);
#1630 = EDGE_CURVE('',#1016,#1631,#1633,.T.);
#1631 = VERTEX_POINT('',#1632);
#1632 = CARTESIAN_POINT('',(14.05,-1.,0.2));
#1633 = LINE('',#1634,#1635);
#1634 = CARTESIAN_POINT('',(14.05,-2.35,0.587106270774));
#1635 = VECTOR('',#1636,1.);
#1636 = DIRECTION('',(0.,0.961261695938,-0.275637355817));
#1637 = ORIENTED_EDGE('',*,*,#1638,.T.);
#1638 = EDGE_CURVE('',#1631,#1576,#1639,.T.);
#1639 = LINE('',#1640,#1641);
#1640 = CARTESIAN_POINT('',(14.05,-1.,0.2));
#1641 = VECTOR('',#1642,1.);
#1642 = DIRECTION('',(0.,1.,0.));
#1643 = ORIENTED_EDGE('',*,*,#1583,.T.);
#1644 = ORIENTED_EDGE('',*,*,#544,.T.);
#1645 = ORIENTED_EDGE('',*,*,#1646,.T.);
#1646 = EDGE_CURVE('',#537,#1024,#1647,.T.);
#1647 = LINE('',#1648,#1649);
#1648 = CARTESIAN_POINT('',(14.05,3.4,0.));
#1649 = VECTOR('',#1650,1.);
#1650 = DIRECTION('',(0.,-1.,0.));
#1651 = ORIENTED_EDGE('',*,*,#1023,.T.);
#1652 = PLANE('',#1653);
#1653 = AXIS2_PLACEMENT_3D('',#1654,#1655,#1656);
#1654 = CARTESIAN_POINT('',(14.05,0.597090658555,0.221059411393));
#1655 = DIRECTION('',(1.,0.,0.));
#1656 = DIRECTION('',(0.,0.,1.));
#1657 = ADVANCED_FACE('',(#1658),#1669,.F.);
#1658 = FACE_BOUND('',#1659,.F.);
#1659 = EDGE_LOOP('',(#1660,#1661,#1662,#1663));
#1660 = ORIENTED_EDGE('',*,*,#376,.T.);
#1661 = ORIENTED_EDGE('',*,*,#1615,.T.);
#1662 = ORIENTED_EDGE('',*,*,#1191,.T.);
#1663 = ORIENTED_EDGE('',*,*,#1664,.F.);
#1664 = EDGE_CURVE('',#377,#1184,#1665,.T.);
#1665 = LINE('',#1666,#1667);
#1666 = CARTESIAN_POINT('',(1.55,3.4,0.));
#1667 = VECTOR('',#1668,1.);
#1668 = DIRECTION('',(0.,-1.,0.));
#1669 = PLANE('',#1670);
#1670 = AXIS2_PLACEMENT_3D('',#1671,#1672,#1673);
#1671 = CARTESIAN_POINT('',(8.75,0.525,0.));
#1672 = DIRECTION('',(0.,0.,1.));
#1673 = DIRECTION('',(1.,0.,0.));
#1674 = ADVANCED_FACE('',(#1675),#1686,.F.);
#1675 = FACE_BOUND('',#1676,.F.);
#1676 = EDGE_LOOP('',(#1677,#1678,#1684,#1685));
#1677 = ORIENTED_EDGE('',*,*,#536,.T.);
#1678 = ORIENTED_EDGE('',*,*,#1679,.T.);
#1679 = EDGE_CURVE('',#529,#1032,#1680,.T.);
#1680 = LINE('',#1681,#1682);
#1681 = CARTESIAN_POINT('',(13.45,3.4,0.));
#1682 = VECTOR('',#1683,1.);
#1683 = DIRECTION('',(0.,-1.,0.));
#1684 = ORIENTED_EDGE('',*,*,#1031,.T.);
#1685 = ORIENTED_EDGE('',*,*,#1646,.F.);
#1686 = PLANE('',#1687);
#1687 = AXIS2_PLACEMENT_3D('',#1688,#1689,#1690);
#1688 = CARTESIAN_POINT('',(8.75,0.525,0.));
#1689 = DIRECTION('',(0.,0.,1.));
#1690 = DIRECTION('',(1.,0.,0.));
#1691 = ADVANCED_FACE('',(#1692),#1719,.T.);
#1692 = FACE_BOUND('',#1693,.F.);
#1693 = EDGE_LOOP('',(#1694,#1702,#1710,#1716,#1717,#1718));
#1694 = ORIENTED_EDGE('',*,*,#1695,.T.);
#1695 = EDGE_CURVE('',#1176,#1696,#1698,.T.);
#1696 = VERTEX_POINT('',#1697);
#1697 = CARTESIAN_POINT('',(1.55,-1.,0.2));
#1698 = LINE('',#1699,#1700);
#1699 = CARTESIAN_POINT('',(1.55,-2.35,0.587106270774));
#1700 = VECTOR('',#1701,1.);
#1701 = DIRECTION('',(0.,0.961261695938,-0.275637355817));
#1702 = ORIENTED_EDGE('',*,*,#1703,.T.);
#1703 = EDGE_CURVE('',#1696,#1704,#1706,.T.);
#1704 = VERTEX_POINT('',#1705);
#1705 = CARTESIAN_POINT('',(1.55,1.,0.2));
#1706 = LINE('',#1707,#1708);
#1707 = CARTESIAN_POINT('',(1.55,-1.,0.2));
#1708 = VECTOR('',#1709,1.);
#1709 = DIRECTION('',(0.,1.,0.));
#1710 = ORIENTED_EDGE('',*,*,#1711,.T.);
#1711 = EDGE_CURVE('',#1704,#385,#1712,.T.);
#1712 = LINE('',#1713,#1714);
#1713 = CARTESIAN_POINT('',(1.55,1.,0.2));
#1714 = VECTOR('',#1715,1.);
#1715 = DIRECTION('',(0.,0.96,0.28));
#1716 = ORIENTED_EDGE('',*,*,#384,.T.);
#1717 = ORIENTED_EDGE('',*,*,#1664,.T.);
#1718 = ORIENTED_EDGE('',*,*,#1183,.T.);
#1719 = PLANE('',#1720);
#1720 = AXIS2_PLACEMENT_3D('',#1721,#1722,#1723);
#1721 = CARTESIAN_POINT('',(1.55,0.597090658555,0.221059411393));
#1722 = DIRECTION('',(1.,0.,0.));
#1723 = DIRECTION('',(0.,0.,1.));
#1724 = ADVANCED_FACE('',(#1725),#1752,.F.);
#1725 = FACE_BOUND('',#1726,.T.);
#1726 = EDGE_LOOP('',(#1727,#1735,#1743,#1749,#1750,#1751));
#1727 = ORIENTED_EDGE('',*,*,#1728,.T.);
#1728 = EDGE_CURVE('',#1040,#1729,#1731,.T.);
#1729 = VERTEX_POINT('',#1730);
#1730 = CARTESIAN_POINT('',(13.45,-1.,0.2));
#1731 = LINE('',#1732,#1733);
#1732 = CARTESIAN_POINT('',(13.45,-2.35,0.587106270774));
#1733 = VECTOR('',#1734,1.);
#1734 = DIRECTION('',(0.,0.961261695938,-0.275637355817));
#1735 = ORIENTED_EDGE('',*,*,#1736,.T.);
#1736 = EDGE_CURVE('',#1729,#1737,#1739,.T.);
#1737 = VERTEX_POINT('',#1738);
#1738 = CARTESIAN_POINT('',(13.45,1.,0.2));
#1739 = LINE('',#1740,#1741);
#1740 = CARTESIAN_POINT('',(13.45,-1.,0.2));
#1741 = VECTOR('',#1742,1.);
#1742 = DIRECTION('',(0.,1.,0.));
#1743 = ORIENTED_EDGE('',*,*,#1744,.T.);
#1744 = EDGE_CURVE('',#1737,#521,#1745,.T.);
#1745 = LINE('',#1746,#1747);
#1746 = CARTESIAN_POINT('',(13.45,1.,0.2));
#1747 = VECTOR('',#1748,1.);
#1748 = DIRECTION('',(0.,0.96,0.28));
#1749 = ORIENTED_EDGE('',*,*,#528,.T.);
#1750 = ORIENTED_EDGE('',*,*,#1679,.T.);
#1751 = ORIENTED_EDGE('',*,*,#1039,.T.);
#1752 = PLANE('',#1753);
#1753 = AXIS2_PLACEMENT_3D('',#1754,#1755,#1756);
#1754 = CARTESIAN_POINT('',(13.45,0.597090658555,0.221059411393));
#1755 = DIRECTION('',(1.,0.,0.));
#1756 = DIRECTION('',(0.,0.,1.));
#1757 = ADVANCED_FACE('',(#1758),#1776,.T.);
#1758 = FACE_BOUND('',#1759,.T.);
#1759 = EDGE_LOOP('',(#1760,#1768,#1769,#1770));
#1760 = ORIENTED_EDGE('',*,*,#1761,.T.);
#1761 = EDGE_CURVE('',#1762,#1704,#1764,.T.);
#1762 = VERTEX_POINT('',#1763);
#1763 = CARTESIAN_POINT('',(3.45,1.,0.2));
#1764 = LINE('',#1765,#1766);
#1765 = CARTESIAN_POINT('',(3.45,1.,0.2));
#1766 = VECTOR('',#1767,1.);
#1767 = DIRECTION('',(-1.,-0.,-0.));
#1768 = ORIENTED_EDGE('',*,*,#1711,.T.);
#1769 = ORIENTED_EDGE('',*,*,#392,.F.);
#1770 = ORIENTED_EDGE('',*,*,#1771,.F.);
#1771 = EDGE_CURVE('',#1762,#393,#1772,.T.);
#1772 = LINE('',#1773,#1774);
#1773 = CARTESIAN_POINT('',(3.45,1.,0.2));
#1774 = VECTOR('',#1775,1.);
#1775 = DIRECTION('',(0.,0.96,0.28));
#1776 = PLANE('',#1777);
#1777 = AXIS2_PLACEMENT_3D('',#1778,#1779,#1780);
#1778 = CARTESIAN_POINT('',(3.45,1.,0.2));
#1779 = DIRECTION('',(0.,0.28,-0.96));
#1780 = DIRECTION('',(0.,0.96,0.28));
#1781 = ADVANCED_FACE('',(#1782),#1800,.T.);
#1782 = FACE_BOUND('',#1783,.T.);
#1783 = EDGE_LOOP('',(#1784,#1792,#1798,#1799));
#1784 = ORIENTED_EDGE('',*,*,#1785,.T.);
#1785 = EDGE_CURVE('',#1737,#1786,#1788,.T.);
#1786 = VERTEX_POINT('',#1787);
#1787 = CARTESIAN_POINT('',(11.55,1.,0.2));
#1788 = LINE('',#1789,#1790);
#1789 = CARTESIAN_POINT('',(13.45,1.,0.2));
#1790 = VECTOR('',#1791,1.);
#1791 = DIRECTION('',(-1.,-0.,-0.));
#1792 = ORIENTED_EDGE('',*,*,#1793,.T.);
#1793 = EDGE_CURVE('',#1786,#513,#1794,.T.);
#1794 = LINE('',#1795,#1796);
#1795 = CARTESIAN_POINT('',(11.55,1.,0.2));
#1796 = VECTOR('',#1797,1.);
#1797 = DIRECTION('',(0.,0.96,0.28));
#1798 = ORIENTED_EDGE('',*,*,#520,.F.);
#1799 = ORIENTED_EDGE('',*,*,#1744,.F.);
#1800 = PLANE('',#1801);
#1801 = AXIS2_PLACEMENT_3D('',#1802,#1803,#1804);
#1802 = CARTESIAN_POINT('',(13.45,1.,0.2));
#1803 = DIRECTION('',(0.,0.28,-0.96));
#1804 = DIRECTION('',(0.,0.96,0.28));
#1805 = ADVANCED_FACE('',(#1806),#1831,.F.);
#1806 = FACE_BOUND('',#1807,.T.);
#1807 = EDGE_LOOP('',(#1808,#1816,#1822,#1823,#1824,#1830));
#1808 = ORIENTED_EDGE('',*,*,#1809,.T.);
#1809 = EDGE_CURVE('',#1168,#1810,#1812,.T.);
#1810 = VERTEX_POINT('',#1811);
#1811 = CARTESIAN_POINT('',(3.45,-1.,0.2));
#1812 = LINE('',#1813,#1814);
#1813 = CARTESIAN_POINT('',(3.45,-2.35,0.587106270774));
#1814 = VECTOR('',#1815,1.);
#1815 = DIRECTION('',(0.,0.961261695938,-0.275637355817));
#1816 = ORIENTED_EDGE('',*,*,#1817,.T.);
#1817 = EDGE_CURVE('',#1810,#1762,#1818,.T.);
#1818 = LINE('',#1819,#1820);
#1819 = CARTESIAN_POINT('',(3.45,-1.,0.2));
#1820 = VECTOR('',#1821,1.);
#1821 = DIRECTION('',(0.,1.,0.));
#1822 = ORIENTED_EDGE('',*,*,#1771,.T.);
#1823 = ORIENTED_EDGE('',*,*,#400,.T.);
#1824 = ORIENTED_EDGE('',*,*,#1825,.T.);
#1825 = EDGE_CURVE('',#401,#1160,#1826,.T.);
#1826 = LINE('',#1827,#1828);
#1827 = CARTESIAN_POINT('',(3.45,3.4,0.));
#1828 = VECTOR('',#1829,1.);
#1829 = DIRECTION('',(0.,-1.,0.));
#1830 = ORIENTED_EDGE('',*,*,#1167,.T.);
#1831 = PLANE('',#1832);
#1832 = AXIS2_PLACEMENT_3D('',#1833,#1834,#1835);
#1833 = CARTESIAN_POINT('',(3.45,0.597090658555,0.221059411393));
#1834 = DIRECTION('',(1.,0.,0.));
#1835 = DIRECTION('',(0.,0.,1.));
#1836 = ADVANCED_FACE('',(#1837),#1862,.T.);
#1837 = FACE_BOUND('',#1838,.F.);
#1838 = EDGE_LOOP('',(#1839,#1847,#1853,#1854,#1855,#1861));
#1839 = ORIENTED_EDGE('',*,*,#1840,.T.);
#1840 = EDGE_CURVE('',#1048,#1841,#1843,.T.);
#1841 = VERTEX_POINT('',#1842);
#1842 = CARTESIAN_POINT('',(11.55,-1.,0.2));
#1843 = LINE('',#1844,#1845);
#1844 = CARTESIAN_POINT('',(11.55,-2.35,0.587106270774));
#1845 = VECTOR('',#1846,1.);
#1846 = DIRECTION('',(0.,0.961261695938,-0.275637355817));
#1847 = ORIENTED_EDGE('',*,*,#1848,.T.);
#1848 = EDGE_CURVE('',#1841,#1786,#1849,.T.);
#1849 = LINE('',#1850,#1851);
#1850 = CARTESIAN_POINT('',(11.55,-1.,0.2));
#1851 = VECTOR('',#1852,1.);
#1852 = DIRECTION('',(0.,1.,0.));
#1853 = ORIENTED_EDGE('',*,*,#1793,.T.);
#1854 = ORIENTED_EDGE('',*,*,#512,.T.);
#1855 = ORIENTED_EDGE('',*,*,#1856,.T.);
#1856 = EDGE_CURVE('',#505,#1056,#1857,.T.);
#1857 = LINE('',#1858,#1859);
#1858 = CARTESIAN_POINT('',(11.55,3.4,0.));
#1859 = VECTOR('',#1860,1.);
#1860 = DIRECTION('',(0.,-1.,0.));
#1861 = ORIENTED_EDGE('',*,*,#1055,.T.);
#1862 = PLANE('',#1863);
#1863 = AXIS2_PLACEMENT_3D('',#1864,#1865,#1866);
#1864 = CARTESIAN_POINT('',(11.55,0.597090658555,0.221059411393));
#1865 = DIRECTION('',(1.,0.,0.));
#1866 = DIRECTION('',(0.,0.,1.));
#1867 = ADVANCED_FACE('',(#1868),#1879,.F.);
#1868 = FACE_BOUND('',#1869,.F.);
#1869 = EDGE_LOOP('',(#1870,#1871,#1872,#1873));
#1870 = ORIENTED_EDGE('',*,*,#408,.T.);
#1871 = ORIENTED_EDGE('',*,*,#1825,.T.);
#1872 = ORIENTED_EDGE('',*,*,#1159,.T.);
#1873 = ORIENTED_EDGE('',*,*,#1874,.F.);
#1874 = EDGE_CURVE('',#409,#1152,#1875,.T.);
#1875 = LINE('',#1876,#1877);
#1876 = CARTESIAN_POINT('',(4.05,3.4,0.));
#1877 = VECTOR('',#1878,1.);
#1878 = DIRECTION('',(0.,-1.,0.));
#1879 = PLANE('',#1880);
#1880 = AXIS2_PLACEMENT_3D('',#1881,#1882,#1883);
#1881 = CARTESIAN_POINT('',(8.75,0.525,0.));
#1882 = DIRECTION('',(0.,0.,1.));
#1883 = DIRECTION('',(1.,0.,0.));
#1884 = ADVANCED_FACE('',(#1885),#1896,.F.);
#1885 = FACE_BOUND('',#1886,.F.);
#1886 = EDGE_LOOP('',(#1887,#1888,#1894,#1895));
#1887 = ORIENTED_EDGE('',*,*,#504,.T.);
#1888 = ORIENTED_EDGE('',*,*,#1889,.T.);
#1889 = EDGE_CURVE('',#497,#1064,#1890,.T.);
#1890 = LINE('',#1891,#1892);
#1891 = CARTESIAN_POINT('',(10.95,3.4,0.));
#1892 = VECTOR('',#1893,1.);
#1893 = DIRECTION('',(0.,-1.,0.));
#1894 = ORIENTED_EDGE('',*,*,#1063,.T.);
#1895 = ORIENTED_EDGE('',*,*,#1856,.F.);
#1896 = PLANE('',#1897);
#1897 = AXIS2_PLACEMENT_3D('',#1898,#1899,#1900);
#1898 = CARTESIAN_POINT('',(8.75,0.525,0.));
#1899 = DIRECTION('',(0.,0.,1.));
#1900 = DIRECTION('',(1.,0.,0.));
#1901 = ADVANCED_FACE('',(#1902),#1929,.T.);
#1902 = FACE_BOUND('',#1903,.F.);
#1903 = EDGE_LOOP('',(#1904,#1912,#1920,#1926,#1927,#1928));
#1904 = ORIENTED_EDGE('',*,*,#1905,.T.);
#1905 = EDGE_CURVE('',#1144,#1906,#1908,.T.);
#1906 = VERTEX_POINT('',#1907);
#1907 = CARTESIAN_POINT('',(4.05,-1.,0.2));
#1908 = LINE('',#1909,#1910);
#1909 = CARTESIAN_POINT('',(4.05,-2.35,0.587106270774));
#1910 = VECTOR('',#1911,1.);
#1911 = DIRECTION('',(0.,0.961261695938,-0.275637355817));
#1912 = ORIENTED_EDGE('',*,*,#1913,.T.);
#1913 = EDGE_CURVE('',#1906,#1914,#1916,.T.);
#1914 = VERTEX_POINT('',#1915);
#1915 = CARTESIAN_POINT('',(4.05,1.,0.2));
#1916 = LINE('',#1917,#1918);
#1917 = CARTESIAN_POINT('',(4.05,-1.,0.2));
#1918 = VECTOR('',#1919,1.);
#1919 = DIRECTION('',(0.,1.,0.));
#1920 = ORIENTED_EDGE('',*,*,#1921,.T.);
#1921 = EDGE_CURVE('',#1914,#417,#1922,.T.);
#1922 = LINE('',#1923,#1924);
#1923 = CARTESIAN_POINT('',(4.05,1.,0.2));
#1924 = VECTOR('',#1925,1.);
#1925 = DIRECTION('',(0.,0.96,0.28));
#1926 = ORIENTED_EDGE('',*,*,#416,.T.);
#1927 = ORIENTED_EDGE('',*,*,#1874,.T.);
#1928 = ORIENTED_EDGE('',*,*,#1151,.T.);
#1929 = PLANE('',#1930);
#1930 = AXIS2_PLACEMENT_3D('',#1931,#1932,#1933);
#1931 = CARTESIAN_POINT('',(4.05,0.597090658555,0.221059411393));
#1932 = DIRECTION('',(1.,0.,0.));
#1933 = DIRECTION('',(0.,0.,1.));
#1934 = ADVANCED_FACE('',(#1935),#1962,.F.);
#1935 = FACE_BOUND('',#1936,.T.);
#1936 = EDGE_LOOP('',(#1937,#1945,#1953,#1959,#1960,#1961));
#1937 = ORIENTED_EDGE('',*,*,#1938,.T.);
#1938 = EDGE_CURVE('',#1072,#1939,#1941,.T.);
#1939 = VERTEX_POINT('',#1940);
#1940 = CARTESIAN_POINT('',(10.95,-1.,0.2));
#1941 = LINE('',#1942,#1943);
#1942 = CARTESIAN_POINT('',(10.95,-2.35,0.587106270774));
#1943 = VECTOR('',#1944,1.);
#1944 = DIRECTION('',(0.,0.961261695938,-0.275637355817));
#1945 = ORIENTED_EDGE('',*,*,#1946,.T.);
#1946 = EDGE_CURVE('',#1939,#1947,#1949,.T.);
#1947 = VERTEX_POINT('',#1948);
#1948 = CARTESIAN_POINT('',(10.95,1.,0.2));
#1949 = LINE('',#1950,#1951);
#1950 = CARTESIAN_POINT('',(10.95,-1.,0.2));
#1951 = VECTOR('',#1952,1.);
#1952 = DIRECTION('',(0.,1.,0.));
#1953 = ORIENTED_EDGE('',*,*,#1954,.T.);
#1954 = EDGE_CURVE('',#1947,#489,#1955,.T.);
#1955 = LINE('',#1956,#1957);
#1956 = CARTESIAN_POINT('',(10.95,1.,0.2));
#1957 = VECTOR('',#1958,1.);
#1958 = DIRECTION('',(0.,0.96,0.28));
#1959 = ORIENTED_EDGE('',*,*,#496,.T.);
#1960 = ORIENTED_EDGE('',*,*,#1889,.T.);
#1961 = ORIENTED_EDGE('',*,*,#1071,.T.);
#1962 = PLANE('',#1963);
#1963 = AXIS2_PLACEMENT_3D('',#1964,#1965,#1966);
#1964 = CARTESIAN_POINT('',(10.95,0.597090658555,0.221059411393));
#1965 = DIRECTION('',(1.,0.,0.));
#1966 = DIRECTION('',(0.,0.,1.));
#1967 = ADVANCED_FACE('',(#1968),#1986,.T.);
#1968 = FACE_BOUND('',#1969,.T.);
#1969 = EDGE_LOOP('',(#1970,#1978,#1979,#1980));
#1970 = ORIENTED_EDGE('',*,*,#1971,.T.);
#1971 = EDGE_CURVE('',#1972,#1914,#1974,.T.);
#1972 = VERTEX_POINT('',#1973);
#1973 = CARTESIAN_POINT('',(5.95,1.,0.2));
#1974 = LINE('',#1975,#1976);
#1975 = CARTESIAN_POINT('',(5.95,1.,0.2));
#1976 = VECTOR('',#1977,1.);
#1977 = DIRECTION('',(-1.,-0.,-0.));
#1978 = ORIENTED_EDGE('',*,*,#1921,.T.);
#1979 = ORIENTED_EDGE('',*,*,#424,.F.);
#1980 = ORIENTED_EDGE('',*,*,#1981,.F.);
#1981 = EDGE_CURVE('',#1972,#425,#1982,.T.);
#1982 = LINE('',#1983,#1984);
#1983 = CARTESIAN_POINT('',(5.95,1.,0.2));
#1984 = VECTOR('',#1985,1.);
#1985 = DIRECTION('',(0.,0.96,0.28));
#1986 = PLANE('',#1987);
#1987 = AXIS2_PLACEMENT_3D('',#1988,#1989,#1990);
#1988 = CARTESIAN_POINT('',(5.95,1.,0.2));
#1989 = DIRECTION('',(0.,0.28,-0.96));
#1990 = DIRECTION('',(0.,0.96,0.28));
#1991 = ADVANCED_FACE('',(#1992),#2010,.T.);
#1992 = FACE_BOUND('',#1993,.T.);
#1993 = EDGE_LOOP('',(#1994,#2002,#2008,#2009));
#1994 = ORIENTED_EDGE('',*,*,#1995,.T.);
#1995 = EDGE_CURVE('',#1947,#1996,#1998,.T.);
#1996 = VERTEX_POINT('',#1997);
#1997 = CARTESIAN_POINT('',(9.05,1.,0.2));
#1998 = LINE('',#1999,#2000);
#1999 = CARTESIAN_POINT('',(10.95,1.,0.2));
#2000 = VECTOR('',#2001,1.);
#2001 = DIRECTION('',(-1.,-0.,-0.));
#2002 = ORIENTED_EDGE('',*,*,#2003,.T.);
#2003 = EDGE_CURVE('',#1996,#481,#2004,.T.);
#2004 = LINE('',#2005,#2006);
#2005 = CARTESIAN_POINT('',(9.05,1.,0.2));
#2006 = VECTOR('',#2007,1.);
#2007 = DIRECTION('',(0.,0.96,0.28));
#2008 = ORIENTED_EDGE('',*,*,#488,.F.);
#2009 = ORIENTED_EDGE('',*,*,#1954,.F.);
#2010 = PLANE('',#2011);
#2011 = AXIS2_PLACEMENT_3D('',#2012,#2013,#2014);
#2012 = CARTESIAN_POINT('',(10.95,1.,0.2));
#2013 = DIRECTION('',(0.,0.28,-0.96));
#2014 = DIRECTION('',(0.,0.96,0.28));
#2015 = ADVANCED_FACE('',(#2016),#2041,.F.);
#2016 = FACE_BOUND('',#2017,.T.);
#2017 = EDGE_LOOP('',(#2018,#2026,#2032,#2033,#2034,#2040));
#2018 = ORIENTED_EDGE('',*,*,#2019,.T.);
#2019 = EDGE_CURVE('',#1136,#2020,#2022,.T.);
#2020 = VERTEX_POINT('',#2021);
#2021 = CARTESIAN_POINT('',(5.95,-1.,0.2));
#2022 = LINE('',#2023,#2024);
#2023 = CARTESIAN_POINT('',(5.95,-2.35,0.587106270774));
#2024 = VECTOR('',#2025,1.);
#2025 = DIRECTION('',(0.,0.961261695938,-0.275637355817));
#2026 = ORIENTED_EDGE('',*,*,#2027,.T.);
#2027 = EDGE_CURVE('',#2020,#1972,#2028,.T.);
#2028 = LINE('',#2029,#2030);
#2029 = CARTESIAN_POINT('',(5.95,-1.,0.2));
#2030 = VECTOR('',#2031,1.);
#2031 = DIRECTION('',(0.,1.,0.));
#2032 = ORIENTED_EDGE('',*,*,#1981,.T.);
#2033 = ORIENTED_EDGE('',*,*,#432,.T.);
#2034 = ORIENTED_EDGE('',*,*,#2035,.T.);
#2035 = EDGE_CURVE('',#433,#1128,#2036,.T.);
#2036 = LINE('',#2037,#2038);
#2037 = CARTESIAN_POINT('',(5.95,3.4,0.));
#2038 = VECTOR('',#2039,1.);
#2039 = DIRECTION('',(0.,-1.,0.));
#2040 = ORIENTED_EDGE('',*,*,#1135,.T.);
#2041 = PLANE('',#2042);
#2042 = AXIS2_PLACEMENT_3D('',#2043,#2044,#2045);
#2043 = CARTESIAN_POINT('',(5.95,0.597090658555,0.221059411393));
#2044 = DIRECTION('',(1.,0.,0.));
#2045 = DIRECTION('',(0.,0.,1.));
#2046 = ADVANCED_FACE('',(#2047),#2072,.T.);
#2047 = FACE_BOUND('',#2048,.F.);
#2048 = EDGE_LOOP('',(#2049,#2057,#2063,#2064,#2065,#2071));
#2049 = ORIENTED_EDGE('',*,*,#2050,.T.);
#2050 = EDGE_CURVE('',#1080,#2051,#2053,.T.);
#2051 = VERTEX_POINT('',#2052);
#2052 = CARTESIAN_POINT('',(9.05,-1.,0.2));
#2053 = LINE('',#2054,#2055);
#2054 = CARTESIAN_POINT('',(9.05,-2.35,0.587106270774));
#2055 = VECTOR('',#2056,1.);
#2056 = DIRECTION('',(0.,0.961261695938,-0.275637355817));
#2057 = ORIENTED_EDGE('',*,*,#2058,.T.);
#2058 = EDGE_CURVE('',#2051,#1996,#2059,.T.);
#2059 = LINE('',#2060,#2061);
#2060 = CARTESIAN_POINT('',(9.05,-1.,0.2));
#2061 = VECTOR('',#2062,1.);
#2062 = DIRECTION('',(0.,1.,0.));
#2063 = ORIENTED_EDGE('',*,*,#2003,.T.);
#2064 = ORIENTED_EDGE('',*,*,#480,.T.);
#2065 = ORIENTED_EDGE('',*,*,#2066,.T.);
#2066 = EDGE_CURVE('',#473,#1088,#2067,.T.);
#2067 = LINE('',#2068,#2069);
#2068 = CARTESIAN_POINT('',(9.05,3.4,0.));
#2069 = VECTOR('',#2070,1.);
#2070 = DIRECTION('',(0.,-1.,0.));
#2071 = ORIENTED_EDGE('',*,*,#1087,.T.);
#2072 = PLANE('',#2073);
#2073 = AXIS2_PLACEMENT_3D('',#2074,#2075,#2076);
#2074 = CARTESIAN_POINT('',(9.05,0.597090658555,0.221059411393));
#2075 = DIRECTION('',(1.,0.,0.));
#2076 = DIRECTION('',(0.,0.,1.));
#2077 = ADVANCED_FACE('',(#2078),#2089,.F.);
#2078 = FACE_BOUND('',#2079,.F.);
#2079 = EDGE_LOOP('',(#2080,#2081,#2082,#2083));
#2080 = ORIENTED_EDGE('',*,*,#440,.T.);
#2081 = ORIENTED_EDGE('',*,*,#2035,.T.);
#2082 = ORIENTED_EDGE('',*,*,#1127,.T.);
#2083 = ORIENTED_EDGE('',*,*,#2084,.F.);
#2084 = EDGE_CURVE('',#441,#1120,#2085,.T.);
#2085 = LINE('',#2086,#2087);
#2086 = CARTESIAN_POINT('',(6.55,3.4,0.));
#2087 = VECTOR('',#2088,1.);
#2088 = DIRECTION('',(0.,-1.,0.));
#2089 = PLANE('',#2090);
#2090 = AXIS2_PLACEMENT_3D('',#2091,#2092,#2093);
#2091 = CARTESIAN_POINT('',(8.75,0.525,0.));
#2092 = DIRECTION('',(0.,0.,1.));
#2093 = DIRECTION('',(1.,0.,0.));
#2094 = ADVANCED_FACE('',(#2095),#2106,.F.);
#2095 = FACE_BOUND('',#2096,.F.);
#2096 = EDGE_LOOP('',(#2097,#2098,#2104,#2105));
#2097 = ORIENTED_EDGE('',*,*,#472,.T.);
#2098 = ORIENTED_EDGE('',*,*,#2099,.T.);
#2099 = EDGE_CURVE('',#465,#1096,#2100,.T.);
#2100 = LINE('',#2101,#2102);
#2101 = CARTESIAN_POINT('',(8.45,3.4,0.));
#2102 = VECTOR('',#2103,1.);
#2103 = DIRECTION('',(0.,-1.,0.));
#2104 = ORIENTED_EDGE('',*,*,#1095,.T.);
#2105 = ORIENTED_EDGE('',*,*,#2066,.F.);
#2106 = PLANE('',#2107);
#2107 = AXIS2_PLACEMENT_3D('',#2108,#2109,#2110);
#2108 = CARTESIAN_POINT('',(8.75,0.525,0.));
#2109 = DIRECTION('',(0.,0.,1.));
#2110 = DIRECTION('',(1.,0.,0.));
#2111 = ADVANCED_FACE('',(#2112),#2139,.T.);
#2112 = FACE_BOUND('',#2113,.F.);
#2113 = EDGE_LOOP('',(#2114,#2122,#2130,#2136,#2137,#2138));
#2114 = ORIENTED_EDGE('',*,*,#2115,.T.);
#2115 = EDGE_CURVE('',#1112,#2116,#2118,.T.);
#2116 = VERTEX_POINT('',#2117);
#2117 = CARTESIAN_POINT('',(6.55,-1.,0.2));
#2118 = LINE('',#2119,#2120);
#2119 = CARTESIAN_POINT('',(6.55,-2.35,0.587106270774));
#2120 = VECTOR('',#2121,1.);
#2121 = DIRECTION('',(0.,0.961261695938,-0.275637355817));
#2122 = ORIENTED_EDGE('',*,*,#2123,.T.);
#2123 = EDGE_CURVE('',#2116,#2124,#2126,.T.);
#2124 = VERTEX_POINT('',#2125);
#2125 = CARTESIAN_POINT('',(6.55,1.,0.2));
#2126 = LINE('',#2127,#2128);
#2127 = CARTESIAN_POINT('',(6.55,-1.,0.2));
#2128 = VECTOR('',#2129,1.);
#2129 = DIRECTION('',(0.,1.,0.));
#2130 = ORIENTED_EDGE('',*,*,#2131,.T.);
#2131 = EDGE_CURVE('',#2124,#449,#2132,.T.);
#2132 = LINE('',#2133,#2134);
#2133 = CARTESIAN_POINT('',(6.55,1.,0.2));
#2134 = VECTOR('',#2135,1.);
#2135 = DIRECTION('',(0.,0.96,0.28));
#2136 = ORIENTED_EDGE('',*,*,#448,.T.);
#2137 = ORIENTED_EDGE('',*,*,#2084,.T.);
#2138 = ORIENTED_EDGE('',*,*,#1119,.T.);
#2139 = PLANE('',#2140);
#2140 = AXIS2_PLACEMENT_3D('',#2141,#2142,#2143);
#2141 = CARTESIAN_POINT('',(6.55,0.597090658555,0.221059411393));
#2142 = DIRECTION('',(1.,0.,0.));
#2143 = DIRECTION('',(0.,0.,1.));
#2144 = ADVANCED_FACE('',(#2145),#2172,.F.);
#2145 = FACE_BOUND('',#2146,.T.);
#2146 = EDGE_LOOP('',(#2147,#2155,#2163,#2169,#2170,#2171));
#2147 = ORIENTED_EDGE('',*,*,#2148,.T.);
#2148 = EDGE_CURVE('',#1104,#2149,#2151,.T.);
#2149 = VERTEX_POINT('',#2150);
#2150 = CARTESIAN_POINT('',(8.45,-1.,0.2));
#2151 = LINE('',#2152,#2153);
#2152 = CARTESIAN_POINT('',(8.45,-2.35,0.587106270774));
#2153 = VECTOR('',#2154,1.);
#2154 = DIRECTION('',(0.,0.961261695938,-0.275637355817));
#2155 = ORIENTED_EDGE('',*,*,#2156,.T.);
#2156 = EDGE_CURVE('',#2149,#2157,#2159,.T.);
#2157 = VERTEX_POINT('',#2158);
#2158 = CARTESIAN_POINT('',(8.45,1.,0.2));
#2159 = LINE('',#2160,#2161);
#2160 = CARTESIAN_POINT('',(8.45,-1.,0.2));
#2161 = VECTOR('',#2162,1.);
#2162 = DIRECTION('',(0.,1.,0.));
#2163 = ORIENTED_EDGE('',*,*,#2164,.T.);
#2164 = EDGE_CURVE('',#2157,#457,#2165,.T.);
#2165 = LINE('',#2166,#2167);
#2166 = CARTESIAN_POINT('',(8.45,1.,0.2));
#2167 = VECTOR('',#2168,1.);
#2168 = DIRECTION('',(0.,0.96,0.28));
#2169 = ORIENTED_EDGE('',*,*,#464,.T.);
#2170 = ORIENTED_EDGE('',*,*,#2099,.T.);
#2171 = ORIENTED_EDGE('',*,*,#1103,.T.);
#2172 = PLANE('',#2173);
#2173 = AXIS2_PLACEMENT_3D('',#2174,#2175,#2176);
#2174 = CARTESIAN_POINT('',(8.45,0.597090658555,0.221059411393));
#2175 = DIRECTION('',(1.,0.,0.));
#2176 = DIRECTION('',(0.,0.,1.));
#2177 = ADVANCED_FACE('',(#2178),#2189,.T.);
#2178 = FACE_BOUND('',#2179,.T.);
#2179 = EDGE_LOOP('',(#2180,#2186,#2187,#2188));
#2180 = ORIENTED_EDGE('',*,*,#2181,.T.);
#2181 = EDGE_CURVE('',#2157,#2124,#2182,.T.);
#2182 = LINE('',#2183,#2184);
#2183 = CARTESIAN_POINT('',(8.45,1.,0.2));
#2184 = VECTOR('',#2185,1.);
#2185 = DIRECTION('',(-1.,-0.,-0.));
#2186 = ORIENTED_EDGE('',*,*,#2131,.T.);
#2187 = ORIENTED_EDGE('',*,*,#456,.F.);
#2188 = ORIENTED_EDGE('',*,*,#2164,.F.);
#2189 = PLANE('',#2190);
#2190 = AXIS2_PLACEMENT_3D('',#2191,#2192,#2193);
#2191 = CARTESIAN_POINT('',(8.45,1.,0.2));
#2192 = DIRECTION('',(0.,0.28,-0.96));
#2193 = DIRECTION('',(0.,0.96,0.28));
#2194 = ADVANCED_FACE('',(#2195),#2206,.F.);
#2195 = FACE_BOUND('',#2196,.T.);
#2196 = EDGE_LOOP('',(#2197,#2198,#2204,#2205));
#2197 = ORIENTED_EDGE('',*,*,#1297,.T.);
#2198 = ORIENTED_EDGE('',*,*,#2199,.T.);
#2199 = EDGE_CURVE('',#1298,#688,#2200,.T.);
#2200 = LINE('',#2201,#2202);
#2201 = CARTESIAN_POINT('',(-5.,-1.549999999998,4.749999999997));
#2202 = VECTOR('',#2203,1.);
#2203 = DIRECTION('',(1.,0.,0.));
#2204 = ORIENTED_EDGE('',*,*,#695,.F.);
#2205 = ORIENTED_EDGE('',*,*,#614,.F.);
#2206 = CYLINDRICAL_SURFACE('',#2207,0.849999999998);
#2207 = AXIS2_PLACEMENT_3D('',#2208,#2209,#2210);
#2208 = CARTESIAN_POINT('',(-5.,-0.7,4.749999999998));
#2209 = DIRECTION('',(-1.,-0.,-0.));
#2210 = DIRECTION('',(0.,1.,0.));
#2211 = ADVANCED_FACE('',(#2212),#2237,.T.);
#2212 = FACE_BOUND('',#2213,.T.);
#2213 = EDGE_LOOP('',(#2214,#2222,#2223,#2224,#2230,#2231));
#2214 = ORIENTED_EDGE('',*,*,#2215,.T.);
#2215 = EDGE_CURVE('',#2216,#953,#2218,.T.);
#2216 = VERTEX_POINT('',#2217);
#2217 = CARTESIAN_POINT('',(18.3,-1.6,7.));
#2218 = LINE('',#2219,#2220);
#2219 = CARTESIAN_POINT('',(18.3,1.554312234475E-15,7.));
#2220 = VECTOR('',#2221,1.);
#2221 = DIRECTION('',(0.,-1.,2.22044604925E-16));
#2222 = ORIENTED_EDGE('',*,*,#960,.T.);
#2223 = ORIENTED_EDGE('',*,*,#679,.T.);
#2224 = ORIENTED_EDGE('',*,*,#2225,.F.);
#2225 = EDGE_CURVE('',#1307,#680,#2226,.T.);
#2226 = LINE('',#2227,#2228);
#2227 = CARTESIAN_POINT('',(-5.,-1.549999999998,7.));
#2228 = VECTOR('',#2229,1.);
#2229 = DIRECTION('',(1.,0.,0.));
#2230 = ORIENTED_EDGE('',*,*,#1314,.T.);
#2231 = ORIENTED_EDGE('',*,*,#2232,.F.);
#2232 = EDGE_CURVE('',#2216,#1315,#2233,.T.);
#2233 = LINE('',#2234,#2235);
#2234 = CARTESIAN_POINT('',(-1.7,-1.6,7.));
#2235 = VECTOR('',#2236,1.);
#2236 = DIRECTION('',(1.,0.,0.));
#2237 = PLANE('',#2238);
#2238 = AXIS2_PLACEMENT_3D('',#2239,#2240,#2241);
#2239 = CARTESIAN_POINT('',(8.75,0.525,7.));
#2240 = DIRECTION('',(0.,0.,1.));
#2241 = DIRECTION('',(1.,0.,0.));
#2242 = ADVANCED_FACE('',(#2243),#2249,.T.);
#2243 = FACE_BOUND('',#2244,.T.);
#2244 = EDGE_LOOP('',(#2245,#2246,#2247,#2248));
#2245 = ORIENTED_EDGE('',*,*,#1306,.T.);
#2246 = ORIENTED_EDGE('',*,*,#2225,.T.);
#2247 = ORIENTED_EDGE('',*,*,#687,.T.);
#2248 = ORIENTED_EDGE('',*,*,#2199,.F.);
#2249 = PLANE('',#2250);
#2250 = AXIS2_PLACEMENT_3D('',#2251,#2252,#2253);
#2251 = CARTESIAN_POINT('',(-5.,-1.549999999998,7.));
#2252 = DIRECTION('',(0.,1.,0.));
#2253 = DIRECTION('',(0.,0.,-1.));
#2254 = ADVANCED_FACE('',(#2255),#2266,.T.);
#2255 = FACE_BOUND('',#2256,.T.);
#2256 = EDGE_LOOP('',(#2257,#2263,#2264,#2265));
#2257 = ORIENTED_EDGE('',*,*,#2258,.T.);
#2258 = EDGE_CURVE('',#756,#1339,#2259,.T.);
#2259 = LINE('',#2260,#2261);
#2260 = CARTESIAN_POINT('',(-1.7,0.875277674973,1.25));
#2261 = VECTOR('',#2262,1.);
#2262 = DIRECTION('',(1.,0.,0.));
#2263 = ORIENTED_EDGE('',*,*,#1346,.T.);
#2264 = ORIENTED_EDGE('',*,*,#1273,.F.);
#2265 = ORIENTED_EDGE('',*,*,#763,.F.);
#2266 = PLANE('',#2267);
#2267 = AXIS2_PLACEMENT_3D('',#2268,#2269,#2270);
#2268 = CARTESIAN_POINT('',(-1.7,0.875277674973,1.25));
#2269 = DIRECTION('',(0.,0.,1.));
#2270 = DIRECTION('',(0.,1.,0.));
#2271 = ADVANCED_FACE('',(#2272),#2283,.T.);
#2272 = FACE_BOUND('',#2273,.T.);
#2273 = EDGE_LOOP('',(#2274,#2280,#2281,#2282));
#2274 = ORIENTED_EDGE('',*,*,#2275,.T.);
#2275 = EDGE_CURVE('',#748,#1331,#2276,.T.);
#2276 = LINE('',#2277,#2278);
#2277 = CARTESIAN_POINT('',(-1.7,0.5,1.9));
#2278 = VECTOR('',#2279,1.);
#2279 = DIRECTION('',(1.,0.,0.));
#2280 = ORIENTED_EDGE('',*,*,#1338,.T.);
#2281 = ORIENTED_EDGE('',*,*,#2258,.F.);
#2282 = ORIENTED_EDGE('',*,*,#755,.F.);
#2283 = PLANE('',#2284);
#2284 = AXIS2_PLACEMENT_3D('',#2285,#2286,#2287);
#2285 = CARTESIAN_POINT('',(-1.7,0.5,1.9));
#2286 = DIRECTION('',(0.,0.866025403784,0.5));
#2287 = DIRECTION('',(0.,0.5,-0.866025403784));
#2288 = ADVANCED_FACE('',(#2289),#2421,.T.);
#2289 = FACE_BOUND('',#2290,.T.);
#2290 = EDGE_LOOP('',(#2291,#2292,#2293,#2301,#2309,#2317,#2325,#2334,
    #2342,#2350,#2358,#2366,#2374,#2383,#2391,#2399,#2407,#2413,#2414,
    #2415));
#2291 = ORIENTED_EDGE('',*,*,#739,.F.);
#2292 = ORIENTED_EDGE('',*,*,#1245,.T.);
#2293 = ORIENTED_EDGE('',*,*,#2294,.F.);
#2294 = EDGE_CURVE('',#2295,#1238,#2297,.T.);
#2295 = VERTEX_POINT('',#2296);
#2296 = CARTESIAN_POINT('',(-0.8,-1.6,6.8));
#2297 = LINE('',#2298,#2299);
#2298 = CARTESIAN_POINT('',(-0.8,-1.6,6.9));
#2299 = VECTOR('',#2300,1.);
#2300 = DIRECTION('',(0.,0.,1.));
#2301 = ORIENTED_EDGE('',*,*,#2302,.F.);
#2302 = EDGE_CURVE('',#2303,#2295,#2305,.T.);
#2303 = VERTEX_POINT('',#2304);
#2304 = CARTESIAN_POINT('',(-0.4,-1.6,6.4));
#2305 = LINE('',#2306,#2307);
#2306 = CARTESIAN_POINT('',(-0.875,-1.6,6.875));
#2307 = VECTOR('',#2308,1.);
#2308 = DIRECTION('',(-0.707106781187,0.,0.707106781187));
#2309 = ORIENTED_EDGE('',*,*,#2310,.F.);
#2310 = EDGE_CURVE('',#2311,#2303,#2313,.T.);
#2311 = VERTEX_POINT('',#2312);
#2312 = CARTESIAN_POINT('',(-0.8,-1.6,6.));
#2313 = LINE('',#2314,#2315);
#2314 = CARTESIAN_POINT('',(-0.775,-1.6,6.025));
#2315 = VECTOR('',#2316,1.);
#2316 = DIRECTION('',(0.707106781187,0.,0.707106781187));
#2317 = ORIENTED_EDGE('',*,*,#2318,.F.);
#2318 = EDGE_CURVE('',#2319,#2311,#2321,.T.);
#2319 = VERTEX_POINT('',#2320);
#2320 = CARTESIAN_POINT('',(-0.8,-1.6,3.9));
#2321 = LINE('',#2322,#2323);
#2322 = CARTESIAN_POINT('',(-0.8,-1.6,5.45));
#2323 = VECTOR('',#2324,1.);
#2324 = DIRECTION('',(0.,0.,1.));
#2325 = ORIENTED_EDGE('',*,*,#2326,.F.);
#2326 = EDGE_CURVE('',#2327,#2319,#2329,.T.);
#2327 = VERTEX_POINT('',#2328);
#2328 = CARTESIAN_POINT('',(-0.1,-1.6,3.2));
#2329 = CIRCLE('',#2330,0.7);
#2330 = AXIS2_PLACEMENT_3D('',#2331,#2332,#2333);
#2331 = CARTESIAN_POINT('',(-0.1,-1.6,3.9));
#2332 = DIRECTION('',(0.,1.,-2.22044604925E-16));
#2333 = DIRECTION('',(1.,0.,0.));
#2334 = ORIENTED_EDGE('',*,*,#2335,.F.);
#2335 = EDGE_CURVE('',#2336,#2327,#2338,.T.);
#2336 = VERTEX_POINT('',#2337);
#2337 = CARTESIAN_POINT('',(1.05,-1.6,3.2));
#2338 = LINE('',#2339,#2340);
#2339 = CARTESIAN_POINT('',(-0.325,-1.6,3.2));
#2340 = VECTOR('',#2341,1.);
#2341 = DIRECTION('',(-1.,0.,0.));
#2342 = ORIENTED_EDGE('',*,*,#2343,.F.);
#2343 = EDGE_CURVE('',#2344,#2336,#2346,.T.);
#2344 = VERTEX_POINT('',#2345);
#2345 = CARTESIAN_POINT('',(1.05,-1.6,7.));
#2346 = LINE('',#2347,#2348);
#2347 = CARTESIAN_POINT('',(1.05,-1.6,7.));
#2348 = VECTOR('',#2349,1.);
#2349 = DIRECTION('',(0.,0.,-1.));
#2350 = ORIENTED_EDGE('',*,*,#2351,.T.);
#2351 = EDGE_CURVE('',#2344,#2352,#2354,.T.);
#2352 = VERTEX_POINT('',#2353);
#2353 = CARTESIAN_POINT('',(16.45,-1.6,7.));
#2354 = LINE('',#2355,#2356);
#2355 = CARTESIAN_POINT('',(-1.7,-1.6,7.));
#2356 = VECTOR('',#2357,1.);
#2357 = DIRECTION('',(1.,0.,0.));
#2358 = ORIENTED_EDGE('',*,*,#2359,.T.);
#2359 = EDGE_CURVE('',#2352,#2360,#2362,.T.);
#2360 = VERTEX_POINT('',#2361);
#2361 = CARTESIAN_POINT('',(16.45,-1.6,3.2));
#2362 = LINE('',#2363,#2364);
#2363 = CARTESIAN_POINT('',(16.45,-1.6,7.));
#2364 = VECTOR('',#2365,1.);
#2365 = DIRECTION('',(0.,0.,-1.));
#2366 = ORIENTED_EDGE('',*,*,#2367,.T.);
#2367 = EDGE_CURVE('',#2360,#2368,#2370,.T.);
#2368 = VERTEX_POINT('',#2369);
#2369 = CARTESIAN_POINT('',(17.6,-1.6,3.2));
#2370 = LINE('',#2371,#2372);
#2371 = CARTESIAN_POINT('',(7.375,-1.6,3.2));
#2372 = VECTOR('',#2373,1.);
#2373 = DIRECTION('',(1.,0.,0.));
#2374 = ORIENTED_EDGE('',*,*,#2375,.F.);
#2375 = EDGE_CURVE('',#2376,#2368,#2378,.T.);
#2376 = VERTEX_POINT('',#2377);
#2377 = CARTESIAN_POINT('',(18.3,-1.6,3.9));
#2378 = CIRCLE('',#2379,0.7);
#2379 = AXIS2_PLACEMENT_3D('',#2380,#2381,#2382);
#2380 = CARTESIAN_POINT('',(17.6,-1.6,3.9));
#2381 = DIRECTION('',(0.,1.,-2.22044604925E-16));
#2382 = DIRECTION('',(1.,0.,0.));
#2383 = ORIENTED_EDGE('',*,*,#2384,.T.);
#2384 = EDGE_CURVE('',#2376,#2385,#2387,.T.);
#2385 = VERTEX_POINT('',#2386);
#2386 = CARTESIAN_POINT('',(18.3,-1.6,6.));
#2387 = LINE('',#2388,#2389);
#2388 = CARTESIAN_POINT('',(18.3,-1.6,5.45));
#2389 = VECTOR('',#2390,1.);
#2390 = DIRECTION('',(0.,0.,1.));
#2391 = ORIENTED_EDGE('',*,*,#2392,.T.);
#2392 = EDGE_CURVE('',#2385,#2393,#2395,.T.);
#2393 = VERTEX_POINT('',#2394);
#2394 = CARTESIAN_POINT('',(17.9,-1.6,6.4));
#2395 = LINE('',#2396,#2397);
#2396 = CARTESIAN_POINT('',(13.05,-1.6,11.25));
#2397 = VECTOR('',#2398,1.);
#2398 = DIRECTION('',(-0.707106781187,0.,0.707106781187));
#2399 = ORIENTED_EDGE('',*,*,#2400,.T.);
#2400 = EDGE_CURVE('',#2393,#2401,#2403,.T.);
#2401 = VERTEX_POINT('',#2402);
#2402 = CARTESIAN_POINT('',(18.3,-1.6,6.8));
#2403 = LINE('',#2404,#2405);
#2404 = CARTESIAN_POINT('',(13.15,-1.6,1.65));
#2405 = VECTOR('',#2406,1.);
#2406 = DIRECTION('',(0.707106781187,0.,0.707106781187));
#2407 = ORIENTED_EDGE('',*,*,#2408,.T.);
#2408 = EDGE_CURVE('',#2401,#2216,#2409,.T.);
#2409 = LINE('',#2410,#2411);
#2410 = CARTESIAN_POINT('',(18.3,-1.6,6.9));
#2411 = VECTOR('',#2412,1.);
#2412 = DIRECTION('',(0.,0.,1.));
#2413 = ORIENTED_EDGE('',*,*,#2232,.T.);
#2414 = ORIENTED_EDGE('',*,*,#1322,.T.);
#2415 = ORIENTED_EDGE('',*,*,#2416,.F.);
#2416 = EDGE_CURVE('',#740,#1323,#2417,.T.);
#2417 = LINE('',#2418,#2419);
#2418 = CARTESIAN_POINT('',(-1.7,-1.6,1.9));
#2419 = VECTOR('',#2420,1.);
#2420 = DIRECTION('',(1.,0.,0.));
#2421 = PLANE('',#2422);
#2422 = AXIS2_PLACEMENT_3D('',#2423,#2424,#2425);
#2423 = CARTESIAN_POINT('',(-1.7,-1.6,7.));
#2424 = DIRECTION('',(0.,1.,0.));
#2425 = DIRECTION('',(0.,0.,-1.));
#2426 = ADVANCED_FACE('',(#2427,#2433,#2467,#2501,#2535,#2569,#2603,
    #2637,#2671),#2705,.T.);
#2427 = FACE_BOUND('',#2428,.T.);
#2428 = EDGE_LOOP('',(#2429,#2430,#2431,#2432));
#2429 = ORIENTED_EDGE('',*,*,#2416,.T.);
#2430 = ORIENTED_EDGE('',*,*,#1330,.T.);
#2431 = ORIENTED_EDGE('',*,*,#2275,.F.);
#2432 = ORIENTED_EDGE('',*,*,#747,.F.);
#2433 = FACE_BOUND('',#2434,.T.);
#2434 = EDGE_LOOP('',(#2435,#2445,#2453,#2461));
#2435 = ORIENTED_EDGE('',*,*,#2436,.F.);
#2436 = EDGE_CURVE('',#2437,#2439,#2441,.T.);
#2437 = VERTEX_POINT('',#2438);
#2438 = CARTESIAN_POINT('',(17.18,-0.32,1.9));
#2439 = VERTEX_POINT('',#2440);
#2440 = CARTESIAN_POINT('',(17.82,-0.32,1.9));
#2441 = LINE('',#2442,#2443);
#2442 = CARTESIAN_POINT('',(8.06,-0.32,1.9));
#2443 = VECTOR('',#2444,1.);
#2444 = DIRECTION('',(1.,0.,0.));
#2445 = ORIENTED_EDGE('',*,*,#2446,.T.);
#2446 = EDGE_CURVE('',#2437,#2447,#2449,.T.);
#2447 = VERTEX_POINT('',#2448);
#2448 = CARTESIAN_POINT('',(17.18,0.32,1.9));
#2449 = LINE('',#2450,#2451);
#2450 = CARTESIAN_POINT('',(17.18,-0.8,1.9));
#2451 = VECTOR('',#2452,1.);
#2452 = DIRECTION('',(0.,1.,0.));
#2453 = ORIENTED_EDGE('',*,*,#2454,.F.);
#2454 = EDGE_CURVE('',#2455,#2447,#2457,.T.);
#2455 = VERTEX_POINT('',#2456);
#2456 = CARTESIAN_POINT('',(17.82,0.32,1.9));
#2457 = LINE('',#2458,#2459);
#2458 = CARTESIAN_POINT('',(8.06,0.32,1.9));
#2459 = VECTOR('',#2460,1.);
#2460 = DIRECTION('',(-1.,0.,0.));
#2461 = ORIENTED_EDGE('',*,*,#2462,.F.);
#2462 = EDGE_CURVE('',#2439,#2455,#2463,.T.);
#2463 = LINE('',#2464,#2465);
#2464 = CARTESIAN_POINT('',(17.82,-0.8,1.9));
#2465 = VECTOR('',#2466,1.);
#2466 = DIRECTION('',(0.,1.,0.));
#2467 = FACE_BOUND('',#2468,.T.);
#2468 = EDGE_LOOP('',(#2469,#2479,#2487,#2495));
#2469 = ORIENTED_EDGE('',*,*,#2470,.F.);
#2470 = EDGE_CURVE('',#2471,#2473,#2475,.T.);
#2471 = VERTEX_POINT('',#2472);
#2472 = CARTESIAN_POINT('',(14.68,-0.32,1.9));
#2473 = VERTEX_POINT('',#2474);
#2474 = CARTESIAN_POINT('',(15.32,-0.32,1.9));
#2475 = LINE('',#2476,#2477);
#2476 = CARTESIAN_POINT('',(6.81,-0.32,1.9));
#2477 = VECTOR('',#2478,1.);
#2478 = DIRECTION('',(1.,0.,0.));
#2479 = ORIENTED_EDGE('',*,*,#2480,.T.);
#2480 = EDGE_CURVE('',#2471,#2481,#2483,.T.);
#2481 = VERTEX_POINT('',#2482);
#2482 = CARTESIAN_POINT('',(14.68,0.32,1.9));
#2483 = LINE('',#2484,#2485);
#2484 = CARTESIAN_POINT('',(14.68,-0.8,1.9));
#2485 = VECTOR('',#2486,1.);
#2486 = DIRECTION('',(0.,1.,0.));
#2487 = ORIENTED_EDGE('',*,*,#2488,.F.);
#2488 = EDGE_CURVE('',#2489,#2481,#2491,.T.);
#2489 = VERTEX_POINT('',#2490);
#2490 = CARTESIAN_POINT('',(15.32,0.32,1.9));
#2491 = LINE('',#2492,#2493);
#2492 = CARTESIAN_POINT('',(6.81,0.32,1.9));
#2493 = VECTOR('',#2494,1.);
#2494 = DIRECTION('',(-1.,0.,0.));
#2495 = ORIENTED_EDGE('',*,*,#2496,.F.);
#2496 = EDGE_CURVE('',#2473,#2489,#2497,.T.);
#2497 = LINE('',#2498,#2499);
#2498 = CARTESIAN_POINT('',(15.32,-0.8,1.9));
#2499 = VECTOR('',#2500,1.);
#2500 = DIRECTION('',(0.,1.,0.));
#2501 = FACE_BOUND('',#2502,.T.);
#2502 = EDGE_LOOP('',(#2503,#2513,#2521,#2529));
#2503 = ORIENTED_EDGE('',*,*,#2504,.F.);
#2504 = EDGE_CURVE('',#2505,#2507,#2509,.T.);
#2505 = VERTEX_POINT('',#2506);
#2506 = CARTESIAN_POINT('',(12.18,-0.32,1.9));
#2507 = VERTEX_POINT('',#2508);
#2508 = CARTESIAN_POINT('',(12.82,-0.32,1.9));
#2509 = LINE('',#2510,#2511);
#2510 = CARTESIAN_POINT('',(5.56,-0.32,1.9));
#2511 = VECTOR('',#2512,1.);
#2512 = DIRECTION('',(1.,0.,0.));
#2513 = ORIENTED_EDGE('',*,*,#2514,.T.);
#2514 = EDGE_CURVE('',#2505,#2515,#2517,.T.);
#2515 = VERTEX_POINT('',#2516);
#2516 = CARTESIAN_POINT('',(12.18,0.32,1.9));
#2517 = LINE('',#2518,#2519);
#2518 = CARTESIAN_POINT('',(12.18,-0.8,1.9));
#2519 = VECTOR('',#2520,1.);
#2520 = DIRECTION('',(0.,1.,0.));
#2521 = ORIENTED_EDGE('',*,*,#2522,.F.);
#2522 = EDGE_CURVE('',#2523,#2515,#2525,.T.);
#2523 = VERTEX_POINT('',#2524);
#2524 = CARTESIAN_POINT('',(12.82,0.32,1.9));
#2525 = LINE('',#2526,#2527);
#2526 = CARTESIAN_POINT('',(5.56,0.32,1.9));
#2527 = VECTOR('',#2528,1.);
#2528 = DIRECTION('',(-1.,0.,0.));
#2529 = ORIENTED_EDGE('',*,*,#2530,.F.);
#2530 = EDGE_CURVE('',#2507,#2523,#2531,.T.);
#2531 = LINE('',#2532,#2533);
#2532 = CARTESIAN_POINT('',(12.82,-0.8,1.9));
#2533 = VECTOR('',#2534,1.);
#2534 = DIRECTION('',(0.,1.,0.));
#2535 = FACE_BOUND('',#2536,.T.);
#2536 = EDGE_LOOP('',(#2537,#2547,#2555,#2563));
#2537 = ORIENTED_EDGE('',*,*,#2538,.F.);
#2538 = EDGE_CURVE('',#2539,#2541,#2543,.T.);
#2539 = VERTEX_POINT('',#2540);
#2540 = CARTESIAN_POINT('',(9.68,-0.32,1.9));
#2541 = VERTEX_POINT('',#2542);
#2542 = CARTESIAN_POINT('',(10.32,-0.32,1.9));
#2543 = LINE('',#2544,#2545);
#2544 = CARTESIAN_POINT('',(4.31,-0.32,1.9));
#2545 = VECTOR('',#2546,1.);
#2546 = DIRECTION('',(1.,0.,0.));
#2547 = ORIENTED_EDGE('',*,*,#2548,.T.);
#2548 = EDGE_CURVE('',#2539,#2549,#2551,.T.);
#2549 = VERTEX_POINT('',#2550);
#2550 = CARTESIAN_POINT('',(9.68,0.32,1.9));
#2551 = LINE('',#2552,#2553);
#2552 = CARTESIAN_POINT('',(9.68,-0.8,1.9));
#2553 = VECTOR('',#2554,1.);
#2554 = DIRECTION('',(0.,1.,0.));
#2555 = ORIENTED_EDGE('',*,*,#2556,.F.);
#2556 = EDGE_CURVE('',#2557,#2549,#2559,.T.);
#2557 = VERTEX_POINT('',#2558);
#2558 = CARTESIAN_POINT('',(10.32,0.32,1.9));
#2559 = LINE('',#2560,#2561);
#2560 = CARTESIAN_POINT('',(4.31,0.32,1.9));
#2561 = VECTOR('',#2562,1.);
#2562 = DIRECTION('',(-1.,0.,0.));
#2563 = ORIENTED_EDGE('',*,*,#2564,.F.);
#2564 = EDGE_CURVE('',#2541,#2557,#2565,.T.);
#2565 = LINE('',#2566,#2567);
#2566 = CARTESIAN_POINT('',(10.32,-0.8,1.9));
#2567 = VECTOR('',#2568,1.);
#2568 = DIRECTION('',(0.,1.,0.));
#2569 = FACE_BOUND('',#2570,.T.);
#2570 = EDGE_LOOP('',(#2571,#2581,#2589,#2597));
#2571 = ORIENTED_EDGE('',*,*,#2572,.F.);
#2572 = EDGE_CURVE('',#2573,#2575,#2577,.T.);
#2573 = VERTEX_POINT('',#2574);
#2574 = CARTESIAN_POINT('',(7.18,-0.32,1.9));
#2575 = VERTEX_POINT('',#2576);
#2576 = CARTESIAN_POINT('',(7.82,-0.32,1.9));
#2577 = LINE('',#2578,#2579);
#2578 = CARTESIAN_POINT('',(3.06,-0.32,1.9));
#2579 = VECTOR('',#2580,1.);
#2580 = DIRECTION('',(1.,0.,0.));
#2581 = ORIENTED_EDGE('',*,*,#2582,.T.);
#2582 = EDGE_CURVE('',#2573,#2583,#2585,.T.);
#2583 = VERTEX_POINT('',#2584);
#2584 = CARTESIAN_POINT('',(7.18,0.32,1.9));
#2585 = LINE('',#2586,#2587);
#2586 = CARTESIAN_POINT('',(7.18,-0.8,1.9));
#2587 = VECTOR('',#2588,1.);
#2588 = DIRECTION('',(0.,1.,0.));
#2589 = ORIENTED_EDGE('',*,*,#2590,.F.);
#2590 = EDGE_CURVE('',#2591,#2583,#2593,.T.);
#2591 = VERTEX_POINT('',#2592);
#2592 = CARTESIAN_POINT('',(7.82,0.32,1.9));
#2593 = LINE('',#2594,#2595);
#2594 = CARTESIAN_POINT('',(3.06,0.32,1.9));
#2595 = VECTOR('',#2596,1.);
#2596 = DIRECTION('',(-1.,0.,0.));
#2597 = ORIENTED_EDGE('',*,*,#2598,.F.);
#2598 = EDGE_CURVE('',#2575,#2591,#2599,.T.);
#2599 = LINE('',#2600,#2601);
#2600 = CARTESIAN_POINT('',(7.82,-0.8,1.9));
#2601 = VECTOR('',#2602,1.);
#2602 = DIRECTION('',(0.,1.,0.));
#2603 = FACE_BOUND('',#2604,.T.);
#2604 = EDGE_LOOP('',(#2605,#2615,#2623,#2631));
#2605 = ORIENTED_EDGE('',*,*,#2606,.F.);
#2606 = EDGE_CURVE('',#2607,#2609,#2611,.T.);
#2607 = VERTEX_POINT('',#2608);
#2608 = CARTESIAN_POINT('',(4.68,-0.32,1.9));
#2609 = VERTEX_POINT('',#2610);
#2610 = CARTESIAN_POINT('',(5.32,-0.32,1.9));
#2611 = LINE('',#2612,#2613);
#2612 = CARTESIAN_POINT('',(1.81,-0.32,1.9));
#2613 = VECTOR('',#2614,1.);
#2614 = DIRECTION('',(1.,0.,0.));
#2615 = ORIENTED_EDGE('',*,*,#2616,.T.);
#2616 = EDGE_CURVE('',#2607,#2617,#2619,.T.);
#2617 = VERTEX_POINT('',#2618);
#2618 = CARTESIAN_POINT('',(4.68,0.32,1.9));
#2619 = LINE('',#2620,#2621);
#2620 = CARTESIAN_POINT('',(4.68,-0.8,1.9));
#2621 = VECTOR('',#2622,1.);
#2622 = DIRECTION('',(0.,1.,0.));
#2623 = ORIENTED_EDGE('',*,*,#2624,.F.);
#2624 = EDGE_CURVE('',#2625,#2617,#2627,.T.);
#2625 = VERTEX_POINT('',#2626);
#2626 = CARTESIAN_POINT('',(5.32,0.32,1.9));
#2627 = LINE('',#2628,#2629);
#2628 = CARTESIAN_POINT('',(1.81,0.32,1.9));
#2629 = VECTOR('',#2630,1.);
#2630 = DIRECTION('',(-1.,0.,0.));
#2631 = ORIENTED_EDGE('',*,*,#2632,.F.);
#2632 = EDGE_CURVE('',#2609,#2625,#2633,.T.);
#2633 = LINE('',#2634,#2635);
#2634 = CARTESIAN_POINT('',(5.32,-0.8,1.9));
#2635 = VECTOR('',#2636,1.);
#2636 = DIRECTION('',(0.,1.,0.));
#2637 = FACE_BOUND('',#2638,.T.);
#2638 = EDGE_LOOP('',(#2639,#2649,#2657,#2665));
#2639 = ORIENTED_EDGE('',*,*,#2640,.F.);
#2640 = EDGE_CURVE('',#2641,#2643,#2645,.T.);
#2641 = VERTEX_POINT('',#2642);
#2642 = CARTESIAN_POINT('',(2.18,-0.32,1.9));
#2643 = VERTEX_POINT('',#2644);
#2644 = CARTESIAN_POINT('',(2.82,-0.32,1.9));
#2645 = LINE('',#2646,#2647);
#2646 = CARTESIAN_POINT('',(0.56,-0.32,1.9));
#2647 = VECTOR('',#2648,1.);
#2648 = DIRECTION('',(1.,0.,0.));
#2649 = ORIENTED_EDGE('',*,*,#2650,.T.);
#2650 = EDGE_CURVE('',#2641,#2651,#2653,.T.);
#2651 = VERTEX_POINT('',#2652);
#2652 = CARTESIAN_POINT('',(2.18,0.32,1.9));
#2653 = LINE('',#2654,#2655);
#2654 = CARTESIAN_POINT('',(2.18,-0.8,1.9));
#2655 = VECTOR('',#2656,1.);
#2656 = DIRECTION('',(0.,1.,0.));
#2657 = ORIENTED_EDGE('',*,*,#2658,.F.);
#2658 = EDGE_CURVE('',#2659,#2651,#2661,.T.);
#2659 = VERTEX_POINT('',#2660);
#2660 = CARTESIAN_POINT('',(2.82,0.32,1.9));
#2661 = LINE('',#2662,#2663);
#2662 = CARTESIAN_POINT('',(0.56,0.32,1.9));
#2663 = VECTOR('',#2664,1.);
#2664 = DIRECTION('',(-1.,0.,0.));
#2665 = ORIENTED_EDGE('',*,*,#2666,.F.);
#2666 = EDGE_CURVE('',#2643,#2659,#2667,.T.);
#2667 = LINE('',#2668,#2669);
#2668 = CARTESIAN_POINT('',(2.82,-0.8,1.9));
#2669 = VECTOR('',#2670,1.);
#2670 = DIRECTION('',(0.,1.,0.));
#2671 = FACE_BOUND('',#2672,.T.);
#2672 = EDGE_LOOP('',(#2673,#2683,#2691,#2699));
#2673 = ORIENTED_EDGE('',*,*,#2674,.F.);
#2674 = EDGE_CURVE('',#2675,#2677,#2679,.T.);
#2675 = VERTEX_POINT('',#2676);
#2676 = CARTESIAN_POINT('',(-0.32,-0.32,1.9));
#2677 = VERTEX_POINT('',#2678);
#2678 = CARTESIAN_POINT('',(0.32,-0.32,1.9));
#2679 = LINE('',#2680,#2681);
#2680 = CARTESIAN_POINT('',(-0.69,-0.32,1.9));
#2681 = VECTOR('',#2682,1.);
#2682 = DIRECTION('',(1.,0.,0.));
#2683 = ORIENTED_EDGE('',*,*,#2684,.T.);
#2684 = EDGE_CURVE('',#2675,#2685,#2687,.T.);
#2685 = VERTEX_POINT('',#2686);
#2686 = CARTESIAN_POINT('',(-0.32,0.32,1.9));
#2687 = LINE('',#2688,#2689);
#2688 = CARTESIAN_POINT('',(-0.32,-0.8,1.9));
#2689 = VECTOR('',#2690,1.);
#2690 = DIRECTION('',(0.,1.,0.));
#2691 = ORIENTED_EDGE('',*,*,#2692,.F.);
#2692 = EDGE_CURVE('',#2693,#2685,#2695,.T.);
#2693 = VERTEX_POINT('',#2694);
#2694 = CARTESIAN_POINT('',(0.32,0.32,1.9));
#2695 = LINE('',#2696,#2697);
#2696 = CARTESIAN_POINT('',(-0.69,0.32,1.9));
#2697 = VECTOR('',#2698,1.);
#2698 = DIRECTION('',(-1.,0.,0.));
#2699 = ORIENTED_EDGE('',*,*,#2700,.F.);
#2700 = EDGE_CURVE('',#2677,#2693,#2701,.T.);
#2701 = LINE('',#2702,#2703);
#2702 = CARTESIAN_POINT('',(0.32,-0.8,1.9));
#2703 = VECTOR('',#2704,1.);
#2704 = DIRECTION('',(0.,1.,0.));
#2705 = PLANE('',#2706);
#2706 = AXIS2_PLACEMENT_3D('',#2707,#2708,#2709);
#2707 = CARTESIAN_POINT('',(-1.7,-1.6,1.9));
#2708 = DIRECTION('',(0.,0.,1.));
#2709 = DIRECTION('',(0.,1.,0.));
#2710 = ADVANCED_FACE('',(#2711),#2722,.T.);
#2711 = FACE_BOUND('',#2712,.T.);
#2712 = EDGE_LOOP('',(#2713,#2714,#2715,#2721));
#2713 = ORIENTED_EDGE('',*,*,#1207,.T.);
#2714 = ORIENTED_EDGE('',*,*,#1485,.T.);
#2715 = ORIENTED_EDGE('',*,*,#2716,.F.);
#2716 = EDGE_CURVE('',#1600,#1486,#2717,.T.);
#2717 = LINE('',#2718,#2719);
#2718 = CARTESIAN_POINT('',(0.95,-1.,0.2));
#2719 = VECTOR('',#2720,1.);
#2720 = DIRECTION('',(-1.,-0.,-0.));
#2721 = ORIENTED_EDGE('',*,*,#1599,.F.);
#2722 = PLANE('',#2723);
#2723 = AXIS2_PLACEMENT_3D('',#2724,#2725,#2726);
#2724 = CARTESIAN_POINT('',(0.95,-2.35,0.587106270774));
#2725 = DIRECTION('',(0.,-0.275637355817,-0.961261695938));
#2726 = DIRECTION('',(0.,0.961261695938,-0.275637355817));
#2727 = ADVANCED_FACE('',(#2728),#2739,.T.);
#2728 = FACE_BOUND('',#2729,.T.);
#2729 = EDGE_LOOP('',(#2730,#2731,#2732,#2738));
#2730 = ORIENTED_EDGE('',*,*,#1175,.T.);
#2731 = ORIENTED_EDGE('',*,*,#1695,.T.);
#2732 = ORIENTED_EDGE('',*,*,#2733,.F.);
#2733 = EDGE_CURVE('',#1810,#1696,#2734,.T.);
#2734 = LINE('',#2735,#2736);
#2735 = CARTESIAN_POINT('',(3.45,-1.,0.2));
#2736 = VECTOR('',#2737,1.);
#2737 = DIRECTION('',(-1.,-0.,-0.));
#2738 = ORIENTED_EDGE('',*,*,#1809,.F.);
#2739 = PLANE('',#2740);
#2740 = AXIS2_PLACEMENT_3D('',#2741,#2742,#2743);
#2741 = CARTESIAN_POINT('',(3.45,-2.35,0.587106270774));
#2742 = DIRECTION('',(0.,-0.275637355817,-0.961261695938));
#2743 = DIRECTION('',(0.,0.961261695938,-0.275637355817));
#2744 = ADVANCED_FACE('',(#2745),#2756,.T.);
#2745 = FACE_BOUND('',#2746,.T.);
#2746 = EDGE_LOOP('',(#2747,#2748,#2749,#2755));
#2747 = ORIENTED_EDGE('',*,*,#1143,.T.);
#2748 = ORIENTED_EDGE('',*,*,#1905,.T.);
#2749 = ORIENTED_EDGE('',*,*,#2750,.F.);
#2750 = EDGE_CURVE('',#2020,#1906,#2751,.T.);
#2751 = LINE('',#2752,#2753);
#2752 = CARTESIAN_POINT('',(5.95,-1.,0.2));
#2753 = VECTOR('',#2754,1.);
#2754 = DIRECTION('',(-1.,-0.,-0.));
#2755 = ORIENTED_EDGE('',*,*,#2019,.F.);
#2756 = PLANE('',#2757);
#2757 = AXIS2_PLACEMENT_3D('',#2758,#2759,#2760);
#2758 = CARTESIAN_POINT('',(5.95,-2.35,0.587106270774));
#2759 = DIRECTION('',(0.,-0.275637355817,-0.961261695938));
#2760 = DIRECTION('',(0.,0.961261695938,-0.275637355817));
#2761 = ADVANCED_FACE('',(#2762),#2773,.T.);
#2762 = FACE_BOUND('',#2763,.T.);
#2763 = EDGE_LOOP('',(#2764,#2765,#2766,#2772));
#2764 = ORIENTED_EDGE('',*,*,#1111,.T.);
#2765 = ORIENTED_EDGE('',*,*,#2115,.T.);
#2766 = ORIENTED_EDGE('',*,*,#2767,.F.);
#2767 = EDGE_CURVE('',#2149,#2116,#2768,.T.);
#2768 = LINE('',#2769,#2770);
#2769 = CARTESIAN_POINT('',(8.45,-1.,0.2));
#2770 = VECTOR('',#2771,1.);
#2771 = DIRECTION('',(-1.,-0.,-0.));
#2772 = ORIENTED_EDGE('',*,*,#2148,.F.);
#2773 = PLANE('',#2774);
#2774 = AXIS2_PLACEMENT_3D('',#2775,#2776,#2777);
#2775 = CARTESIAN_POINT('',(8.45,-2.35,0.587106270774));
#2776 = DIRECTION('',(0.,-0.275637355817,-0.961261695938));
#2777 = DIRECTION('',(0.,0.961261695938,-0.275637355817));
#2778 = ADVANCED_FACE('',(#2779),#2790,.T.);
#2779 = FACE_BOUND('',#2780,.T.);
#2780 = EDGE_LOOP('',(#2781,#2782,#2783,#2789));
#2781 = ORIENTED_EDGE('',*,*,#1079,.T.);
#2782 = ORIENTED_EDGE('',*,*,#2050,.T.);
#2783 = ORIENTED_EDGE('',*,*,#2784,.F.);
#2784 = EDGE_CURVE('',#1939,#2051,#2785,.T.);
#2785 = LINE('',#2786,#2787);
#2786 = CARTESIAN_POINT('',(10.95,-1.,0.2));
#2787 = VECTOR('',#2788,1.);
#2788 = DIRECTION('',(-1.,-0.,-0.));
#2789 = ORIENTED_EDGE('',*,*,#1938,.F.);
#2790 = PLANE('',#2791);
#2791 = AXIS2_PLACEMENT_3D('',#2792,#2793,#2794);
#2792 = CARTESIAN_POINT('',(10.95,-2.35,0.587106270774));
#2793 = DIRECTION('',(0.,-0.275637355817,-0.961261695938));
#2794 = DIRECTION('',(0.,0.961261695938,-0.275637355817));
#2795 = ADVANCED_FACE('',(#2796),#2807,.T.);
#2796 = FACE_BOUND('',#2797,.T.);
#2797 = EDGE_LOOP('',(#2798,#2799,#2800,#2806));
#2798 = ORIENTED_EDGE('',*,*,#1047,.T.);
#2799 = ORIENTED_EDGE('',*,*,#1840,.T.);
#2800 = ORIENTED_EDGE('',*,*,#2801,.F.);
#2801 = EDGE_CURVE('',#1729,#1841,#2802,.T.);
#2802 = LINE('',#2803,#2804);
#2803 = CARTESIAN_POINT('',(13.45,-1.,0.2));
#2804 = VECTOR('',#2805,1.);
#2805 = DIRECTION('',(-1.,-0.,-0.));
#2806 = ORIENTED_EDGE('',*,*,#1728,.F.);
#2807 = PLANE('',#2808);
#2808 = AXIS2_PLACEMENT_3D('',#2809,#2810,#2811);
#2809 = CARTESIAN_POINT('',(13.45,-2.35,0.587106270774));
#2810 = DIRECTION('',(0.,-0.275637355817,-0.961261695938));
#2811 = DIRECTION('',(0.,0.961261695938,-0.275637355817));
#2812 = ADVANCED_FACE('',(#2813),#2824,.T.);
#2813 = FACE_BOUND('',#2814,.T.);
#2814 = EDGE_LOOP('',(#2815,#2816,#2817,#2823));
#2815 = ORIENTED_EDGE('',*,*,#1015,.T.);
#2816 = ORIENTED_EDGE('',*,*,#1630,.T.);
#2817 = ORIENTED_EDGE('',*,*,#2818,.F.);
#2818 = EDGE_CURVE('',#1519,#1631,#2819,.T.);
#2819 = LINE('',#2820,#2821);
#2820 = CARTESIAN_POINT('',(15.95,-1.,0.2));
#2821 = VECTOR('',#2822,1.);
#2822 = DIRECTION('',(-1.,-0.,-0.));
#2823 = ORIENTED_EDGE('',*,*,#1518,.F.);
#2824 = PLANE('',#2825);
#2825 = AXIS2_PLACEMENT_3D('',#2826,#2827,#2828);
#2826 = CARTESIAN_POINT('',(15.95,-2.35,0.587106270774));
#2827 = DIRECTION('',(0.,-0.275637355817,-0.961261695938));
#2828 = DIRECTION('',(0.,0.961261695938,-0.275637355817));
#2829 = ADVANCED_FACE('',(#2830),#2841,.T.);
#2830 = FACE_BOUND('',#2831,.T.);
#2831 = EDGE_LOOP('',(#2832,#2833,#2834,#2840));
#2832 = ORIENTED_EDGE('',*,*,#983,.T.);
#2833 = ORIENTED_EDGE('',*,*,#1437,.T.);
#2834 = ORIENTED_EDGE('',*,*,#2835,.F.);
#2835 = EDGE_CURVE('',#1381,#1438,#2836,.T.);
#2836 = LINE('',#2837,#2838);
#2837 = CARTESIAN_POINT('',(18.45,-1.,0.2));
#2838 = VECTOR('',#2839,1.);
#2839 = DIRECTION('',(-1.,-0.,-0.));
#2840 = ORIENTED_EDGE('',*,*,#1380,.F.);
#2841 = PLANE('',#2842);
#2842 = AXIS2_PLACEMENT_3D('',#2843,#2844,#2845);
#2843 = CARTESIAN_POINT('',(18.45,-2.35,0.587106270774));
#2844 = DIRECTION('',(0.,-0.275637355817,-0.961261695938));
#2845 = DIRECTION('',(0.,0.961261695938,-0.275637355817));
#2846 = ADVANCED_FACE('',(#2847),#2858,.T.);
#2847 = FACE_BOUND('',#2848,.T.);
#2848 = EDGE_LOOP('',(#2849,#2850,#2856,#2857));
#2849 = ORIENTED_EDGE('',*,*,#2408,.F.);
#2850 = ORIENTED_EDGE('',*,*,#2851,.T.);
#2851 = EDGE_CURVE('',#2401,#945,#2852,.T.);
#2852 = LINE('',#2853,#2854);
#2853 = CARTESIAN_POINT('',(18.3,1.50990331349E-15,6.8));
#2854 = VECTOR('',#2855,1.);
#2855 = DIRECTION('',(0.,-1.,2.22044604925E-16));
#2856 = ORIENTED_EDGE('',*,*,#952,.T.);
#2857 = ORIENTED_EDGE('',*,*,#2215,.F.);
#2858 = PLANE('',#2859);
#2859 = AXIS2_PLACEMENT_3D('',#2860,#2861,#2862);
#2860 = CARTESIAN_POINT('',(18.3,1.50990331349E-15,6.8));
#2861 = DIRECTION('',(-1.,0.,0.));
#2862 = DIRECTION('',(0.,2.22044604925E-16,1.));
#2863 = ADVANCED_FACE('',(#2864),#2875,.T.);
#2864 = FACE_BOUND('',#2865,.T.);
#2865 = EDGE_LOOP('',(#2866,#2867,#2873,#2874));
#2866 = ORIENTED_EDGE('',*,*,#2400,.F.);
#2867 = ORIENTED_EDGE('',*,*,#2868,.T.);
#2868 = EDGE_CURVE('',#2393,#937,#2869,.T.);
#2869 = LINE('',#2870,#2871);
#2870 = CARTESIAN_POINT('',(17.9,1.42108547152E-15,6.4));
#2871 = VECTOR('',#2872,1.);
#2872 = DIRECTION('',(0.,-1.,2.22044604925E-16));
#2873 = ORIENTED_EDGE('',*,*,#944,.T.);
#2874 = ORIENTED_EDGE('',*,*,#2851,.F.);
#2875 = PLANE('',#2876);
#2876 = AXIS2_PLACEMENT_3D('',#2877,#2878,#2879);
#2877 = CARTESIAN_POINT('',(17.9,1.42108547152E-15,6.4));
#2878 = DIRECTION('',(-0.707106781187,1.570092458684E-16,0.707106781187)
  );
#2879 = DIRECTION('',(0.707106781187,1.570092458684E-16,0.707106781187)
  );
#2880 = ADVANCED_FACE('',(#2881),#2892,.T.);
#2881 = FACE_BOUND('',#2882,.T.);
#2882 = EDGE_LOOP('',(#2883,#2884,#2890,#2891));
#2883 = ORIENTED_EDGE('',*,*,#2392,.F.);
#2884 = ORIENTED_EDGE('',*,*,#2885,.T.);
#2885 = EDGE_CURVE('',#2385,#929,#2886,.T.);
#2886 = LINE('',#2887,#2888);
#2887 = CARTESIAN_POINT('',(18.3,1.33226762955E-15,6.));
#2888 = VECTOR('',#2889,1.);
#2889 = DIRECTION('',(0.,-1.,2.22044604925E-16));
#2890 = ORIENTED_EDGE('',*,*,#936,.T.);
#2891 = ORIENTED_EDGE('',*,*,#2868,.F.);
#2892 = PLANE('',#2893);
#2893 = AXIS2_PLACEMENT_3D('',#2894,#2895,#2896);
#2894 = CARTESIAN_POINT('',(18.3,1.33226762955E-15,6.));
#2895 = DIRECTION('',(-0.707106781187,-1.570092458684E-16,
    -0.707106781187));
#2896 = DIRECTION('',(-0.707106781187,1.570092458684E-16,0.707106781187)
  );
#2897 = ADVANCED_FACE('',(#2898),#2909,.T.);
#2898 = FACE_BOUND('',#2899,.T.);
#2899 = EDGE_LOOP('',(#2900,#2901,#2907,#2908));
#2900 = ORIENTED_EDGE('',*,*,#2384,.F.);
#2901 = ORIENTED_EDGE('',*,*,#2902,.T.);
#2902 = EDGE_CURVE('',#2376,#920,#2903,.T.);
#2903 = LINE('',#2904,#2905);
#2904 = CARTESIAN_POINT('',(18.3,8.659739592076E-16,3.9));
#2905 = VECTOR('',#2906,1.);
#2906 = DIRECTION('',(0.,-1.,2.22044604925E-16));
#2907 = ORIENTED_EDGE('',*,*,#928,.T.);
#2908 = ORIENTED_EDGE('',*,*,#2885,.F.);
#2909 = PLANE('',#2910);
#2910 = AXIS2_PLACEMENT_3D('',#2911,#2912,#2913);
#2911 = CARTESIAN_POINT('',(18.3,8.659739592076E-16,3.9));
#2912 = DIRECTION('',(-1.,0.,0.));
#2913 = DIRECTION('',(0.,2.22044604925E-16,1.));
#2914 = ADVANCED_FACE('',(#2915),#2926,.F.);
#2915 = FACE_BOUND('',#2916,.T.);
#2916 = EDGE_LOOP('',(#2917,#2918,#2924,#2925));
#2917 = ORIENTED_EDGE('',*,*,#2375,.T.);
#2918 = ORIENTED_EDGE('',*,*,#2919,.T.);
#2919 = EDGE_CURVE('',#2368,#912,#2920,.T.);
#2920 = LINE('',#2921,#2922);
#2921 = CARTESIAN_POINT('',(17.6,7.105427357601E-16,3.2));
#2922 = VECTOR('',#2923,1.);
#2923 = DIRECTION('',(0.,-1.,2.22044604925E-16));
#2924 = ORIENTED_EDGE('',*,*,#919,.F.);
#2925 = ORIENTED_EDGE('',*,*,#2902,.F.);
#2926 = CYLINDRICAL_SURFACE('',#2927,0.7);
#2927 = AXIS2_PLACEMENT_3D('',#2928,#2929,#2930);
#2928 = CARTESIAN_POINT('',(17.6,8.659739592076E-16,3.9));
#2929 = DIRECTION('',(0.,1.,-2.22044604925E-16));
#2930 = DIRECTION('',(1.,0.,0.));
#2931 = ADVANCED_FACE('',(#2932),#2943,.T.);
#2932 = FACE_BOUND('',#2933,.T.);
#2933 = EDGE_LOOP('',(#2934,#2935,#2941,#2942));
#2934 = ORIENTED_EDGE('',*,*,#2367,.F.);
#2935 = ORIENTED_EDGE('',*,*,#2936,.T.);
#2936 = EDGE_CURVE('',#2360,#904,#2937,.T.);
#2937 = LINE('',#2938,#2939);
#2938 = CARTESIAN_POINT('',(16.45,7.105427357601E-16,3.2));
#2939 = VECTOR('',#2940,1.);
#2940 = DIRECTION('',(0.,-1.,2.22044604925E-16));
#2941 = ORIENTED_EDGE('',*,*,#911,.T.);
#2942 = ORIENTED_EDGE('',*,*,#2919,.F.);
#2943 = PLANE('',#2944);
#2944 = AXIS2_PLACEMENT_3D('',#2945,#2946,#2947);
#2945 = CARTESIAN_POINT('',(16.45,7.105427357601E-16,3.2));
#2946 = DIRECTION('',(0.,2.22044604925E-16,1.));
#2947 = DIRECTION('',(1.,0.,0.));
#2948 = ADVANCED_FACE('',(#2949),#2960,.T.);
#2949 = FACE_BOUND('',#2950,.T.);
#2950 = EDGE_LOOP('',(#2951,#2952,#2958,#2959));
#2951 = ORIENTED_EDGE('',*,*,#2359,.F.);
#2952 = ORIENTED_EDGE('',*,*,#2953,.T.);
#2953 = EDGE_CURVE('',#2352,#896,#2954,.T.);
#2954 = LINE('',#2955,#2956);
#2955 = CARTESIAN_POINT('',(16.45,1.554312234475E-15,7.));
#2956 = VECTOR('',#2957,1.);
#2957 = DIRECTION('',(0.,-1.,2.22044604925E-16));
#2958 = ORIENTED_EDGE('',*,*,#903,.T.);
#2959 = ORIENTED_EDGE('',*,*,#2936,.F.);
#2960 = PLANE('',#2961);
#2961 = AXIS2_PLACEMENT_3D('',#2962,#2963,#2964);
#2962 = CARTESIAN_POINT('',(16.45,1.554312234475E-15,7.));
#2963 = DIRECTION('',(1.,0.,0.));
#2964 = DIRECTION('',(0.,-2.22044604925E-16,-1.));
#2965 = ADVANCED_FACE('',(#2966),#2977,.T.);
#2966 = FACE_BOUND('',#2967,.T.);
#2967 = EDGE_LOOP('',(#2968,#2974,#2975,#2976));
#2968 = ORIENTED_EDGE('',*,*,#2969,.T.);
#2969 = EDGE_CURVE('',#2344,#888,#2970,.T.);
#2970 = LINE('',#2971,#2972);
#2971 = CARTESIAN_POINT('',(1.05,1.554312234475E-15,7.));
#2972 = VECTOR('',#2973,1.);
#2973 = DIRECTION('',(0.,-1.,2.22044604925E-16));
#2974 = ORIENTED_EDGE('',*,*,#895,.T.);
#2975 = ORIENTED_EDGE('',*,*,#2953,.F.);
#2976 = ORIENTED_EDGE('',*,*,#2351,.F.);
#2977 = PLANE('',#2978);
#2978 = AXIS2_PLACEMENT_3D('',#2979,#2980,#2981);
#2979 = CARTESIAN_POINT('',(8.75,0.525,7.));
#2980 = DIRECTION('',(0.,0.,1.));
#2981 = DIRECTION('',(1.,0.,0.));
#2982 = ADVANCED_FACE('',(#2983),#2994,.F.);
#2983 = FACE_BOUND('',#2984,.F.);
#2984 = EDGE_LOOP('',(#2985,#2986,#2987,#2988));
#2985 = ORIENTED_EDGE('',*,*,#2343,.F.);
#2986 = ORIENTED_EDGE('',*,*,#2969,.T.);
#2987 = ORIENTED_EDGE('',*,*,#887,.T.);
#2988 = ORIENTED_EDGE('',*,*,#2989,.F.);
#2989 = EDGE_CURVE('',#2336,#880,#2990,.T.);
#2990 = LINE('',#2991,#2992);
#2991 = CARTESIAN_POINT('',(1.05,7.105427357601E-16,3.2));
#2992 = VECTOR('',#2993,1.);
#2993 = DIRECTION('',(0.,-1.,2.22044604925E-16));
#2994 = PLANE('',#2995);
#2995 = AXIS2_PLACEMENT_3D('',#2996,#2997,#2998);
#2996 = CARTESIAN_POINT('',(1.05,1.554312234475E-15,7.));
#2997 = DIRECTION('',(1.,0.,0.));
#2998 = DIRECTION('',(0.,-2.22044604925E-16,-1.));
#2999 = ADVANCED_FACE('',(#3000),#3011,.F.);
#3000 = FACE_BOUND('',#3001,.F.);
#3001 = EDGE_LOOP('',(#3002,#3003,#3004,#3005));
#3002 = ORIENTED_EDGE('',*,*,#2335,.F.);
#3003 = ORIENTED_EDGE('',*,*,#2989,.T.);
#3004 = ORIENTED_EDGE('',*,*,#879,.T.);
#3005 = ORIENTED_EDGE('',*,*,#3006,.F.);
#3006 = EDGE_CURVE('',#2327,#871,#3007,.T.);
#3007 = LINE('',#3008,#3009);
#3008 = CARTESIAN_POINT('',(-0.1,7.105427357601E-16,3.2));
#3009 = VECTOR('',#3010,1.);
#3010 = DIRECTION('',(0.,-1.,2.22044604925E-16));
#3011 = PLANE('',#3012);
#3012 = AXIS2_PLACEMENT_3D('',#3013,#3014,#3015);
#3013 = CARTESIAN_POINT('',(1.05,7.105427357601E-16,3.2));
#3014 = DIRECTION('',(-0.,-2.22044604925E-16,-1.));
#3015 = DIRECTION('',(-1.,0.,0.));
#3016 = ADVANCED_FACE('',(#3017),#3028,.F.);
#3017 = FACE_BOUND('',#3018,.T.);
#3018 = EDGE_LOOP('',(#3019,#3020,#3026,#3027));
#3019 = ORIENTED_EDGE('',*,*,#2326,.T.);
#3020 = ORIENTED_EDGE('',*,*,#3021,.T.);
#3021 = EDGE_CURVE('',#2319,#863,#3022,.T.);
#3022 = LINE('',#3023,#3024);
#3023 = CARTESIAN_POINT('',(-0.8,8.659739592076E-16,3.9));
#3024 = VECTOR('',#3025,1.);
#3025 = DIRECTION('',(0.,-1.,2.22044604925E-16));
#3026 = ORIENTED_EDGE('',*,*,#870,.F.);
#3027 = ORIENTED_EDGE('',*,*,#3006,.F.);
#3028 = CYLINDRICAL_SURFACE('',#3029,0.7);
#3029 = AXIS2_PLACEMENT_3D('',#3030,#3031,#3032);
#3030 = CARTESIAN_POINT('',(-0.1,8.659739592076E-16,3.9));
#3031 = DIRECTION('',(0.,1.,-2.22044604925E-16));
#3032 = DIRECTION('',(1.,0.,0.));
#3033 = ADVANCED_FACE('',(#3034),#3045,.F.);
#3034 = FACE_BOUND('',#3035,.F.);
#3035 = EDGE_LOOP('',(#3036,#3037,#3038,#3039));
#3036 = ORIENTED_EDGE('',*,*,#2318,.F.);
#3037 = ORIENTED_EDGE('',*,*,#3021,.T.);
#3038 = ORIENTED_EDGE('',*,*,#862,.T.);
#3039 = ORIENTED_EDGE('',*,*,#3040,.F.);
#3040 = EDGE_CURVE('',#2311,#855,#3041,.T.);
#3041 = LINE('',#3042,#3043);
#3042 = CARTESIAN_POINT('',(-0.8,1.33226762955E-15,6.));
#3043 = VECTOR('',#3044,1.);
#3044 = DIRECTION('',(0.,-1.,2.22044604925E-16));
#3045 = PLANE('',#3046);
#3046 = AXIS2_PLACEMENT_3D('',#3047,#3048,#3049);
#3047 = CARTESIAN_POINT('',(-0.8,8.659739592076E-16,3.9));
#3048 = DIRECTION('',(-1.,0.,0.));
#3049 = DIRECTION('',(0.,2.22044604925E-16,1.));
#3050 = ADVANCED_FACE('',(#3051),#3062,.F.);
#3051 = FACE_BOUND('',#3052,.F.);
#3052 = EDGE_LOOP('',(#3053,#3054,#3055,#3056));
#3053 = ORIENTED_EDGE('',*,*,#2310,.F.);
#3054 = ORIENTED_EDGE('',*,*,#3040,.T.);
#3055 = ORIENTED_EDGE('',*,*,#854,.T.);
#3056 = ORIENTED_EDGE('',*,*,#3057,.F.);
#3057 = EDGE_CURVE('',#2303,#847,#3058,.T.);
#3058 = LINE('',#3059,#3060);
#3059 = CARTESIAN_POINT('',(-0.4,1.42108547152E-15,6.4));
#3060 = VECTOR('',#3061,1.);
#3061 = DIRECTION('',(0.,-1.,2.22044604925E-16));
#3062 = PLANE('',#3063);
#3063 = AXIS2_PLACEMENT_3D('',#3064,#3065,#3066);
#3064 = CARTESIAN_POINT('',(-0.8,1.33226762955E-15,6.));
#3065 = DIRECTION('',(-0.707106781187,1.570092458684E-16,0.707106781187)
  );
#3066 = DIRECTION('',(0.707106781187,1.570092458684E-16,0.707106781187)
  );
#3067 = ADVANCED_FACE('',(#3068),#3079,.F.);
#3068 = FACE_BOUND('',#3069,.F.);
#3069 = EDGE_LOOP('',(#3070,#3071,#3072,#3073));
#3070 = ORIENTED_EDGE('',*,*,#2302,.F.);
#3071 = ORIENTED_EDGE('',*,*,#3057,.T.);
#3072 = ORIENTED_EDGE('',*,*,#846,.T.);
#3073 = ORIENTED_EDGE('',*,*,#3074,.F.);
#3074 = EDGE_CURVE('',#2295,#839,#3075,.T.);
#3075 = LINE('',#3076,#3077);
#3076 = CARTESIAN_POINT('',(-0.8,1.50990331349E-15,6.8));
#3077 = VECTOR('',#3078,1.);
#3078 = DIRECTION('',(0.,-1.,2.22044604925E-16));
#3079 = PLANE('',#3080);
#3080 = AXIS2_PLACEMENT_3D('',#3081,#3082,#3083);
#3081 = CARTESIAN_POINT('',(-0.4,1.42108547152E-15,6.4));
#3082 = DIRECTION('',(-0.707106781187,-1.570092458684E-16,
    -0.707106781187));
#3083 = DIRECTION('',(-0.707106781187,1.570092458684E-16,0.707106781187)
  );
#3084 = ADVANCED_FACE('',(#3085),#3091,.F.);
#3085 = FACE_BOUND('',#3086,.F.);
#3086 = EDGE_LOOP('',(#3087,#3088,#3089,#3090));
#3087 = ORIENTED_EDGE('',*,*,#2294,.F.);
#3088 = ORIENTED_EDGE('',*,*,#3074,.T.);
#3089 = ORIENTED_EDGE('',*,*,#838,.T.);
#3090 = ORIENTED_EDGE('',*,*,#1237,.F.);
#3091 = PLANE('',#3092);
#3092 = AXIS2_PLACEMENT_3D('',#3093,#3094,#3095);
#3093 = CARTESIAN_POINT('',(-0.8,1.50990331349E-15,6.8));
#3094 = DIRECTION('',(-1.,0.,0.));
#3095 = DIRECTION('',(0.,2.22044604925E-16,1.));
#3096 = ADVANCED_FACE('',(#3097,#3103),#3137,.T.);
#3097 = FACE_BOUND('',#3098,.T.);
#3098 = EDGE_LOOP('',(#3099,#3100,#3101,#3102));
#3099 = ORIENTED_EDGE('',*,*,#2835,.T.);
#3100 = ORIENTED_EDGE('',*,*,#1445,.T.);
#3101 = ORIENTED_EDGE('',*,*,#1413,.F.);
#3102 = ORIENTED_EDGE('',*,*,#1388,.F.);
#3103 = FACE_BOUND('',#3104,.T.);
#3104 = EDGE_LOOP('',(#3105,#3115,#3123,#3131));
#3105 = ORIENTED_EDGE('',*,*,#3106,.F.);
#3106 = EDGE_CURVE('',#3107,#3109,#3111,.T.);
#3107 = VERTEX_POINT('',#3108);
#3108 = CARTESIAN_POINT('',(17.82,-0.32,0.2));
#3109 = VERTEX_POINT('',#3110);
#3110 = CARTESIAN_POINT('',(17.18,-0.32,0.2));
#3111 = LINE('',#3112,#3113);
#3112 = CARTESIAN_POINT('',(18.135,-0.32,0.2));
#3113 = VECTOR('',#3114,1.);
#3114 = DIRECTION('',(-1.,-0.,-0.));
#3115 = ORIENTED_EDGE('',*,*,#3116,.F.);
#3116 = EDGE_CURVE('',#3117,#3107,#3119,.T.);
#3117 = VERTEX_POINT('',#3118);
#3118 = CARTESIAN_POINT('',(17.82,0.32,0.2));
#3119 = LINE('',#3120,#3121);
#3120 = CARTESIAN_POINT('',(17.82,-0.5,0.2));
#3121 = VECTOR('',#3122,1.);
#3122 = DIRECTION('',(0.,-1.,0.));
#3123 = ORIENTED_EDGE('',*,*,#3124,.F.);
#3124 = EDGE_CURVE('',#3125,#3117,#3127,.T.);
#3125 = VERTEX_POINT('',#3126);
#3126 = CARTESIAN_POINT('',(17.18,0.32,0.2));
#3127 = LINE('',#3128,#3129);
#3128 = CARTESIAN_POINT('',(18.135,0.32,0.2));
#3129 = VECTOR('',#3130,1.);
#3130 = DIRECTION('',(1.,0.,0.));
#3131 = ORIENTED_EDGE('',*,*,#3132,.T.);
#3132 = EDGE_CURVE('',#3125,#3109,#3133,.T.);
#3133 = LINE('',#3134,#3135);
#3134 = CARTESIAN_POINT('',(17.18,-0.5,0.2));
#3135 = VECTOR('',#3136,1.);
#3136 = DIRECTION('',(0.,-1.,0.));
#3137 = PLANE('',#3138);
#3138 = AXIS2_PLACEMENT_3D('',#3139,#3140,#3141);
#3139 = CARTESIAN_POINT('',(18.45,-1.,0.2));
#3140 = DIRECTION('',(0.,0.,-1.));
#3141 = DIRECTION('',(0.,1.,0.));
#3142 = ADVANCED_FACE('',(#3143,#3149),#3183,.T.);
#3143 = FACE_BOUND('',#3144,.T.);
#3144 = EDGE_LOOP('',(#3145,#3146,#3147,#3148));
#3145 = ORIENTED_EDGE('',*,*,#2716,.T.);
#3146 = ORIENTED_EDGE('',*,*,#1493,.T.);
#3147 = ORIENTED_EDGE('',*,*,#1551,.F.);
#3148 = ORIENTED_EDGE('',*,*,#1607,.F.);
#3149 = FACE_BOUND('',#3150,.T.);
#3150 = EDGE_LOOP('',(#3151,#3161,#3169,#3177));
#3151 = ORIENTED_EDGE('',*,*,#3152,.F.);
#3152 = EDGE_CURVE('',#3153,#3155,#3157,.T.);
#3153 = VERTEX_POINT('',#3154);
#3154 = CARTESIAN_POINT('',(0.32,-0.32,0.2));
#3155 = VERTEX_POINT('',#3156);
#3156 = CARTESIAN_POINT('',(-0.32,-0.32,0.2));
#3157 = LINE('',#3158,#3159);
#3158 = CARTESIAN_POINT('',(0.635,-0.32,0.2));
#3159 = VECTOR('',#3160,1.);
#3160 = DIRECTION('',(-1.,-0.,-0.));
#3161 = ORIENTED_EDGE('',*,*,#3162,.F.);
#3162 = EDGE_CURVE('',#3163,#3153,#3165,.T.);
#3163 = VERTEX_POINT('',#3164);
#3164 = CARTESIAN_POINT('',(0.32,0.32,0.2));
#3165 = LINE('',#3166,#3167);
#3166 = CARTESIAN_POINT('',(0.32,-0.5,0.2));
#3167 = VECTOR('',#3168,1.);
#3168 = DIRECTION('',(0.,-1.,0.));
#3169 = ORIENTED_EDGE('',*,*,#3170,.F.);
#3170 = EDGE_CURVE('',#3171,#3163,#3173,.T.);
#3171 = VERTEX_POINT('',#3172);
#3172 = CARTESIAN_POINT('',(-0.32,0.32,0.2));
#3173 = LINE('',#3174,#3175);
#3174 = CARTESIAN_POINT('',(0.635,0.32,0.2));
#3175 = VECTOR('',#3176,1.);
#3176 = DIRECTION('',(1.,0.,0.));
#3177 = ORIENTED_EDGE('',*,*,#3178,.T.);
#3178 = EDGE_CURVE('',#3171,#3155,#3179,.T.);
#3179 = LINE('',#3180,#3181);
#3180 = CARTESIAN_POINT('',(-0.32,-0.5,0.2));
#3181 = VECTOR('',#3182,1.);
#3182 = DIRECTION('',(0.,-1.,0.));
#3183 = PLANE('',#3184);
#3184 = AXIS2_PLACEMENT_3D('',#3185,#3186,#3187);
#3185 = CARTESIAN_POINT('',(0.95,-1.,0.2));
#3186 = DIRECTION('',(0.,0.,-1.));
#3187 = DIRECTION('',(0.,1.,0.));
#3188 = ADVANCED_FACE('',(#3189,#3195),#3229,.T.);
#3189 = FACE_BOUND('',#3190,.T.);
#3190 = EDGE_LOOP('',(#3191,#3192,#3193,#3194));
#3191 = ORIENTED_EDGE('',*,*,#2818,.T.);
#3192 = ORIENTED_EDGE('',*,*,#1638,.T.);
#3193 = ORIENTED_EDGE('',*,*,#1575,.F.);
#3194 = ORIENTED_EDGE('',*,*,#1526,.F.);
#3195 = FACE_BOUND('',#3196,.T.);
#3196 = EDGE_LOOP('',(#3197,#3207,#3215,#3223));
#3197 = ORIENTED_EDGE('',*,*,#3198,.F.);
#3198 = EDGE_CURVE('',#3199,#3201,#3203,.T.);
#3199 = VERTEX_POINT('',#3200);
#3200 = CARTESIAN_POINT('',(15.32,-0.32,0.2));
#3201 = VERTEX_POINT('',#3202);
#3202 = CARTESIAN_POINT('',(14.68,-0.32,0.2));
#3203 = LINE('',#3204,#3205);
#3204 = CARTESIAN_POINT('',(15.635,-0.32,0.2));
#3205 = VECTOR('',#3206,1.);
#3206 = DIRECTION('',(-1.,-0.,-0.));
#3207 = ORIENTED_EDGE('',*,*,#3208,.F.);
#3208 = EDGE_CURVE('',#3209,#3199,#3211,.T.);
#3209 = VERTEX_POINT('',#3210);
#3210 = CARTESIAN_POINT('',(15.32,0.32,0.2));
#3211 = LINE('',#3212,#3213);
#3212 = CARTESIAN_POINT('',(15.32,-0.5,0.2));
#3213 = VECTOR('',#3214,1.);
#3214 = DIRECTION('',(0.,-1.,0.));
#3215 = ORIENTED_EDGE('',*,*,#3216,.F.);
#3216 = EDGE_CURVE('',#3217,#3209,#3219,.T.);
#3217 = VERTEX_POINT('',#3218);
#3218 = CARTESIAN_POINT('',(14.68,0.32,0.2));
#3219 = LINE('',#3220,#3221);
#3220 = CARTESIAN_POINT('',(15.635,0.32,0.2));
#3221 = VECTOR('',#3222,1.);
#3222 = DIRECTION('',(1.,0.,0.));
#3223 = ORIENTED_EDGE('',*,*,#3224,.T.);
#3224 = EDGE_CURVE('',#3217,#3201,#3225,.T.);
#3225 = LINE('',#3226,#3227);
#3226 = CARTESIAN_POINT('',(14.68,-0.5,0.2));
#3227 = VECTOR('',#3228,1.);
#3228 = DIRECTION('',(0.,-1.,0.));
#3229 = PLANE('',#3230);
#3230 = AXIS2_PLACEMENT_3D('',#3231,#3232,#3233);
#3231 = CARTESIAN_POINT('',(15.95,-1.,0.2));
#3232 = DIRECTION('',(0.,0.,-1.));
#3233 = DIRECTION('',(0.,1.,0.));
#3234 = ADVANCED_FACE('',(#3235,#3241),#3275,.T.);
#3235 = FACE_BOUND('',#3236,.T.);
#3236 = EDGE_LOOP('',(#3237,#3238,#3239,#3240));
#3237 = ORIENTED_EDGE('',*,*,#2733,.T.);
#3238 = ORIENTED_EDGE('',*,*,#1703,.T.);
#3239 = ORIENTED_EDGE('',*,*,#1761,.F.);
#3240 = ORIENTED_EDGE('',*,*,#1817,.F.);
#3241 = FACE_BOUND('',#3242,.T.);
#3242 = EDGE_LOOP('',(#3243,#3253,#3261,#3269));
#3243 = ORIENTED_EDGE('',*,*,#3244,.F.);
#3244 = EDGE_CURVE('',#3245,#3247,#3249,.T.);
#3245 = VERTEX_POINT('',#3246);
#3246 = CARTESIAN_POINT('',(2.82,-0.32,0.2));
#3247 = VERTEX_POINT('',#3248);
#3248 = CARTESIAN_POINT('',(2.18,-0.32,0.2));
#3249 = LINE('',#3250,#3251);
#3250 = CARTESIAN_POINT('',(3.135,-0.32,0.2));
#3251 = VECTOR('',#3252,1.);
#3252 = DIRECTION('',(-1.,-0.,-0.));
#3253 = ORIENTED_EDGE('',*,*,#3254,.F.);
#3254 = EDGE_CURVE('',#3255,#3245,#3257,.T.);
#3255 = VERTEX_POINT('',#3256);
#3256 = CARTESIAN_POINT('',(2.82,0.32,0.2));
#3257 = LINE('',#3258,#3259);
#3258 = CARTESIAN_POINT('',(2.82,-0.5,0.2));
#3259 = VECTOR('',#3260,1.);
#3260 = DIRECTION('',(0.,-1.,0.));
#3261 = ORIENTED_EDGE('',*,*,#3262,.F.);
#3262 = EDGE_CURVE('',#3263,#3255,#3265,.T.);
#3263 = VERTEX_POINT('',#3264);
#3264 = CARTESIAN_POINT('',(2.18,0.32,0.2));
#3265 = LINE('',#3266,#3267);
#3266 = CARTESIAN_POINT('',(3.135,0.32,0.2));
#3267 = VECTOR('',#3268,1.);
#3268 = DIRECTION('',(1.,0.,0.));
#3269 = ORIENTED_EDGE('',*,*,#3270,.T.);
#3270 = EDGE_CURVE('',#3263,#3247,#3271,.T.);
#3271 = LINE('',#3272,#3273);
#3272 = CARTESIAN_POINT('',(2.18,-0.5,0.2));
#3273 = VECTOR('',#3274,1.);
#3274 = DIRECTION('',(0.,-1.,0.));
#3275 = PLANE('',#3276);
#3276 = AXIS2_PLACEMENT_3D('',#3277,#3278,#3279);
#3277 = CARTESIAN_POINT('',(3.45,-1.,0.2));
#3278 = DIRECTION('',(0.,0.,-1.));
#3279 = DIRECTION('',(0.,1.,0.));
#3280 = ADVANCED_FACE('',(#3281,#3287),#3321,.T.);
#3281 = FACE_BOUND('',#3282,.T.);
#3282 = EDGE_LOOP('',(#3283,#3284,#3285,#3286));
#3283 = ORIENTED_EDGE('',*,*,#2801,.T.);
#3284 = ORIENTED_EDGE('',*,*,#1848,.T.);
#3285 = ORIENTED_EDGE('',*,*,#1785,.F.);
#3286 = ORIENTED_EDGE('',*,*,#1736,.F.);
#3287 = FACE_BOUND('',#3288,.T.);
#3288 = EDGE_LOOP('',(#3289,#3299,#3307,#3315));
#3289 = ORIENTED_EDGE('',*,*,#3290,.F.);
#3290 = EDGE_CURVE('',#3291,#3293,#3295,.T.);
#3291 = VERTEX_POINT('',#3292);
#3292 = CARTESIAN_POINT('',(12.82,-0.32,0.2));
#3293 = VERTEX_POINT('',#3294);
#3294 = CARTESIAN_POINT('',(12.18,-0.32,0.2));
#3295 = LINE('',#3296,#3297);
#3296 = CARTESIAN_POINT('',(13.135,-0.32,0.2));
#3297 = VECTOR('',#3298,1.);
#3298 = DIRECTION('',(-1.,-0.,-0.));
#3299 = ORIENTED_EDGE('',*,*,#3300,.F.);
#3300 = EDGE_CURVE('',#3301,#3291,#3303,.T.);
#3301 = VERTEX_POINT('',#3302);
#3302 = CARTESIAN_POINT('',(12.82,0.32,0.2));
#3303 = LINE('',#3304,#3305);
#3304 = CARTESIAN_POINT('',(12.82,-0.5,0.2));
#3305 = VECTOR('',#3306,1.);
#3306 = DIRECTION('',(0.,-1.,0.));
#3307 = ORIENTED_EDGE('',*,*,#3308,.F.);
#3308 = EDGE_CURVE('',#3309,#3301,#3311,.T.);
#3309 = VERTEX_POINT('',#3310);
#3310 = CARTESIAN_POINT('',(12.18,0.32,0.2));
#3311 = LINE('',#3312,#3313);
#3312 = CARTESIAN_POINT('',(13.135,0.32,0.2));
#3313 = VECTOR('',#3314,1.);
#3314 = DIRECTION('',(1.,0.,0.));
#3315 = ORIENTED_EDGE('',*,*,#3316,.T.);
#3316 = EDGE_CURVE('',#3309,#3293,#3317,.T.);
#3317 = LINE('',#3318,#3319);
#3318 = CARTESIAN_POINT('',(12.18,-0.5,0.2));
#3319 = VECTOR('',#3320,1.);
#3320 = DIRECTION('',(0.,-1.,0.));
#3321 = PLANE('',#3322);
#3322 = AXIS2_PLACEMENT_3D('',#3323,#3324,#3325);
#3323 = CARTESIAN_POINT('',(13.45,-1.,0.2));
#3324 = DIRECTION('',(0.,0.,-1.));
#3325 = DIRECTION('',(0.,1.,0.));
#3326 = ADVANCED_FACE('',(#3327,#3333),#3367,.T.);
#3327 = FACE_BOUND('',#3328,.T.);
#3328 = EDGE_LOOP('',(#3329,#3330,#3331,#3332));
#3329 = ORIENTED_EDGE('',*,*,#2750,.T.);
#3330 = ORIENTED_EDGE('',*,*,#1913,.T.);
#3331 = ORIENTED_EDGE('',*,*,#1971,.F.);
#3332 = ORIENTED_EDGE('',*,*,#2027,.F.);
#3333 = FACE_BOUND('',#3334,.T.);
#3334 = EDGE_LOOP('',(#3335,#3345,#3353,#3361));
#3335 = ORIENTED_EDGE('',*,*,#3336,.F.);
#3336 = EDGE_CURVE('',#3337,#3339,#3341,.T.);
#3337 = VERTEX_POINT('',#3338);
#3338 = CARTESIAN_POINT('',(5.32,-0.32,0.2));
#3339 = VERTEX_POINT('',#3340);
#3340 = CARTESIAN_POINT('',(4.68,-0.32,0.2));
#3341 = LINE('',#3342,#3343);
#3342 = CARTESIAN_POINT('',(5.635,-0.32,0.2));
#3343 = VECTOR('',#3344,1.);
#3344 = DIRECTION('',(-1.,-0.,-0.));
#3345 = ORIENTED_EDGE('',*,*,#3346,.F.);
#3346 = EDGE_CURVE('',#3347,#3337,#3349,.T.);
#3347 = VERTEX_POINT('',#3348);
#3348 = CARTESIAN_POINT('',(5.32,0.32,0.2));
#3349 = LINE('',#3350,#3351);
#3350 = CARTESIAN_POINT('',(5.32,-0.5,0.2));
#3351 = VECTOR('',#3352,1.);
#3352 = DIRECTION('',(0.,-1.,0.));
#3353 = ORIENTED_EDGE('',*,*,#3354,.F.);
#3354 = EDGE_CURVE('',#3355,#3347,#3357,.T.);
#3355 = VERTEX_POINT('',#3356);
#3356 = CARTESIAN_POINT('',(4.68,0.32,0.2));
#3357 = LINE('',#3358,#3359);
#3358 = CARTESIAN_POINT('',(5.635,0.32,0.2));
#3359 = VECTOR('',#3360,1.);
#3360 = DIRECTION('',(1.,0.,0.));
#3361 = ORIENTED_EDGE('',*,*,#3362,.T.);
#3362 = EDGE_CURVE('',#3355,#3339,#3363,.T.);
#3363 = LINE('',#3364,#3365);
#3364 = CARTESIAN_POINT('',(4.68,-0.5,0.2));
#3365 = VECTOR('',#3366,1.);
#3366 = DIRECTION('',(0.,-1.,0.));
#3367 = PLANE('',#3368);
#3368 = AXIS2_PLACEMENT_3D('',#3369,#3370,#3371);
#3369 = CARTESIAN_POINT('',(5.95,-1.,0.2));
#3370 = DIRECTION('',(0.,0.,-1.));
#3371 = DIRECTION('',(0.,1.,0.));
#3372 = ADVANCED_FACE('',(#3373,#3379),#3413,.T.);
#3373 = FACE_BOUND('',#3374,.T.);
#3374 = EDGE_LOOP('',(#3375,#3376,#3377,#3378));
#3375 = ORIENTED_EDGE('',*,*,#2784,.T.);
#3376 = ORIENTED_EDGE('',*,*,#2058,.T.);
#3377 = ORIENTED_EDGE('',*,*,#1995,.F.);
#3378 = ORIENTED_EDGE('',*,*,#1946,.F.);
#3379 = FACE_BOUND('',#3380,.T.);
#3380 = EDGE_LOOP('',(#3381,#3391,#3399,#3407));
#3381 = ORIENTED_EDGE('',*,*,#3382,.F.);
#3382 = EDGE_CURVE('',#3383,#3385,#3387,.T.);
#3383 = VERTEX_POINT('',#3384);
#3384 = CARTESIAN_POINT('',(10.32,-0.32,0.2));
#3385 = VERTEX_POINT('',#3386);
#3386 = CARTESIAN_POINT('',(9.68,-0.32,0.2));
#3387 = LINE('',#3388,#3389);
#3388 = CARTESIAN_POINT('',(10.635,-0.32,0.2));
#3389 = VECTOR('',#3390,1.);
#3390 = DIRECTION('',(-1.,-0.,-0.));
#3391 = ORIENTED_EDGE('',*,*,#3392,.F.);
#3392 = EDGE_CURVE('',#3393,#3383,#3395,.T.);
#3393 = VERTEX_POINT('',#3394);
#3394 = CARTESIAN_POINT('',(10.32,0.32,0.2));
#3395 = LINE('',#3396,#3397);
#3396 = CARTESIAN_POINT('',(10.32,-0.5,0.2));
#3397 = VECTOR('',#3398,1.);
#3398 = DIRECTION('',(0.,-1.,0.));
#3399 = ORIENTED_EDGE('',*,*,#3400,.F.);
#3400 = EDGE_CURVE('',#3401,#3393,#3403,.T.);
#3401 = VERTEX_POINT('',#3402);
#3402 = CARTESIAN_POINT('',(9.68,0.32,0.2));
#3403 = LINE('',#3404,#3405);
#3404 = CARTESIAN_POINT('',(10.635,0.32,0.2));
#3405 = VECTOR('',#3406,1.);
#3406 = DIRECTION('',(1.,0.,0.));
#3407 = ORIENTED_EDGE('',*,*,#3408,.T.);
#3408 = EDGE_CURVE('',#3401,#3385,#3409,.T.);
#3409 = LINE('',#3410,#3411);
#3410 = CARTESIAN_POINT('',(9.68,-0.5,0.2));
#3411 = VECTOR('',#3412,1.);
#3412 = DIRECTION('',(0.,-1.,0.));
#3413 = PLANE('',#3414);
#3414 = AXIS2_PLACEMENT_3D('',#3415,#3416,#3417);
#3415 = CARTESIAN_POINT('',(10.95,-1.,0.2));
#3416 = DIRECTION('',(0.,0.,-1.));
#3417 = DIRECTION('',(0.,1.,0.));
#3418 = ADVANCED_FACE('',(#3419,#3425),#3459,.T.);
#3419 = FACE_BOUND('',#3420,.T.);
#3420 = EDGE_LOOP('',(#3421,#3422,#3423,#3424));
#3421 = ORIENTED_EDGE('',*,*,#2767,.T.);
#3422 = ORIENTED_EDGE('',*,*,#2123,.T.);
#3423 = ORIENTED_EDGE('',*,*,#2181,.F.);
#3424 = ORIENTED_EDGE('',*,*,#2156,.F.);
#3425 = FACE_BOUND('',#3426,.T.);
#3426 = EDGE_LOOP('',(#3427,#3437,#3445,#3453));
#3427 = ORIENTED_EDGE('',*,*,#3428,.F.);
#3428 = EDGE_CURVE('',#3429,#3431,#3433,.T.);
#3429 = VERTEX_POINT('',#3430);
#3430 = CARTESIAN_POINT('',(7.82,-0.32,0.2));
#3431 = VERTEX_POINT('',#3432);
#3432 = CARTESIAN_POINT('',(7.18,-0.32,0.2));
#3433 = LINE('',#3434,#3435);
#3434 = CARTESIAN_POINT('',(8.135,-0.32,0.2));
#3435 = VECTOR('',#3436,1.);
#3436 = DIRECTION('',(-1.,-0.,-0.));
#3437 = ORIENTED_EDGE('',*,*,#3438,.F.);
#3438 = EDGE_CURVE('',#3439,#3429,#3441,.T.);
#3439 = VERTEX_POINT('',#3440);
#3440 = CARTESIAN_POINT('',(7.82,0.32,0.2));
#3441 = LINE('',#3442,#3443);
#3442 = CARTESIAN_POINT('',(7.82,-0.5,0.2));
#3443 = VECTOR('',#3444,1.);
#3444 = DIRECTION('',(0.,-1.,0.));
#3445 = ORIENTED_EDGE('',*,*,#3446,.F.);
#3446 = EDGE_CURVE('',#3447,#3439,#3449,.T.);
#3447 = VERTEX_POINT('',#3448);
#3448 = CARTESIAN_POINT('',(7.18,0.32,0.2));
#3449 = LINE('',#3450,#3451);
#3450 = CARTESIAN_POINT('',(8.135,0.32,0.2));
#3451 = VECTOR('',#3452,1.);
#3452 = DIRECTION('',(1.,0.,0.));
#3453 = ORIENTED_EDGE('',*,*,#3454,.T.);
#3454 = EDGE_CURVE('',#3447,#3431,#3455,.T.);
#3455 = LINE('',#3456,#3457);
#3456 = CARTESIAN_POINT('',(7.18,-0.5,0.2));
#3457 = VECTOR('',#3458,1.);
#3458 = DIRECTION('',(0.,-1.,0.));
#3459 = PLANE('',#3460);
#3460 = AXIS2_PLACEMENT_3D('',#3461,#3462,#3463);
#3461 = CARTESIAN_POINT('',(8.45,-1.,0.2));
#3462 = DIRECTION('',(0.,0.,-1.));
#3463 = DIRECTION('',(0.,1.,0.));
#3464 = ADVANCED_FACE('',(#3465),#3481,.F.);
#3465 = FACE_BOUND('',#3466,.F.);
#3466 = EDGE_LOOP('',(#3467,#3473,#3474,#3480));
#3467 = ORIENTED_EDGE('',*,*,#3468,.F.);
#3468 = EDGE_CURVE('',#2439,#3107,#3469,.T.);
#3469 = LINE('',#3470,#3471);
#3470 = CARTESIAN_POINT('',(17.82,-0.32,2.711519));
#3471 = VECTOR('',#3472,1.);
#3472 = DIRECTION('',(0.,0.,-1.));
#3473 = ORIENTED_EDGE('',*,*,#2436,.F.);
#3474 = ORIENTED_EDGE('',*,*,#3475,.T.);
#3475 = EDGE_CURVE('',#2437,#3109,#3476,.T.);
#3476 = LINE('',#3477,#3478);
#3477 = CARTESIAN_POINT('',(17.18,-0.32,2.711519));
#3478 = VECTOR('',#3479,1.);
#3479 = DIRECTION('',(0.,0.,-1.));
#3480 = ORIENTED_EDGE('',*,*,#3106,.F.);
#3481 = PLANE('',#3482);
#3482 = AXIS2_PLACEMENT_3D('',#3483,#3484,#3485);
#3483 = CARTESIAN_POINT('',(17.82,-0.32,2.711519));
#3484 = DIRECTION('',(0.,-1.,0.));
#3485 = DIRECTION('',(0.,0.,-1.));
#3486 = ADVANCED_FACE('',(#3487),#3498,.F.);
#3487 = FACE_BOUND('',#3488,.F.);
#3488 = EDGE_LOOP('',(#3489,#3490,#3491,#3492));
#3489 = ORIENTED_EDGE('',*,*,#2462,.F.);
#3490 = ORIENTED_EDGE('',*,*,#3468,.T.);
#3491 = ORIENTED_EDGE('',*,*,#3116,.F.);
#3492 = ORIENTED_EDGE('',*,*,#3493,.T.);
#3493 = EDGE_CURVE('',#3117,#2455,#3494,.T.);
#3494 = LINE('',#3495,#3496);
#3495 = CARTESIAN_POINT('',(17.82,0.32,-0.538043));
#3496 = VECTOR('',#3497,1.);
#3497 = DIRECTION('',(0.,0.,1.));
#3498 = PLANE('',#3499);
#3499 = AXIS2_PLACEMENT_3D('',#3500,#3501,#3502);
#3500 = CARTESIAN_POINT('',(17.82,0.,1.086738));
#3501 = DIRECTION('',(1.,0.,0.));
#3502 = DIRECTION('',(0.,0.,1.));
#3503 = ADVANCED_FACE('',(#3504),#3515,.F.);
#3504 = FACE_BOUND('',#3505,.F.);
#3505 = EDGE_LOOP('',(#3506,#3507,#3508,#3514));
#3506 = ORIENTED_EDGE('',*,*,#3493,.F.);
#3507 = ORIENTED_EDGE('',*,*,#3124,.F.);
#3508 = ORIENTED_EDGE('',*,*,#3509,.T.);
#3509 = EDGE_CURVE('',#3125,#2447,#3510,.T.);
#3510 = LINE('',#3511,#3512);
#3511 = CARTESIAN_POINT('',(17.18,0.32,-0.538043));
#3512 = VECTOR('',#3513,1.);
#3513 = DIRECTION('',(0.,0.,1.));
#3514 = ORIENTED_EDGE('',*,*,#2454,.F.);
#3515 = PLANE('',#3516);
#3516 = AXIS2_PLACEMENT_3D('',#3517,#3518,#3519);
#3517 = CARTESIAN_POINT('',(17.82,0.32,-0.538043));
#3518 = DIRECTION('',(0.,1.,0.));
#3519 = DIRECTION('',(0.,0.,1.));
#3520 = ADVANCED_FACE('',(#3521),#3527,.T.);
#3521 = FACE_BOUND('',#3522,.T.);
#3522 = EDGE_LOOP('',(#3523,#3524,#3525,#3526));
#3523 = ORIENTED_EDGE('',*,*,#2446,.F.);
#3524 = ORIENTED_EDGE('',*,*,#3475,.T.);
#3525 = ORIENTED_EDGE('',*,*,#3132,.F.);
#3526 = ORIENTED_EDGE('',*,*,#3509,.T.);
#3527 = PLANE('',#3528);
#3528 = AXIS2_PLACEMENT_3D('',#3529,#3530,#3531);
#3529 = CARTESIAN_POINT('',(17.18,0.,1.086738));
#3530 = DIRECTION('',(1.,0.,0.));
#3531 = DIRECTION('',(0.,0.,1.));
#3532 = ADVANCED_FACE('',(#3533),#3549,.F.);
#3533 = FACE_BOUND('',#3534,.F.);
#3534 = EDGE_LOOP('',(#3535,#3541,#3542,#3548));
#3535 = ORIENTED_EDGE('',*,*,#3536,.F.);
#3536 = EDGE_CURVE('',#2473,#3199,#3537,.T.);
#3537 = LINE('',#3538,#3539);
#3538 = CARTESIAN_POINT('',(15.32,-0.32,2.711519));
#3539 = VECTOR('',#3540,1.);
#3540 = DIRECTION('',(0.,0.,-1.));
#3541 = ORIENTED_EDGE('',*,*,#2470,.F.);
#3542 = ORIENTED_EDGE('',*,*,#3543,.T.);
#3543 = EDGE_CURVE('',#2471,#3201,#3544,.T.);
#3544 = LINE('',#3545,#3546);
#3545 = CARTESIAN_POINT('',(14.68,-0.32,2.711519));
#3546 = VECTOR('',#3547,1.);
#3547 = DIRECTION('',(0.,0.,-1.));
#3548 = ORIENTED_EDGE('',*,*,#3198,.F.);
#3549 = PLANE('',#3550);
#3550 = AXIS2_PLACEMENT_3D('',#3551,#3552,#3553);
#3551 = CARTESIAN_POINT('',(15.32,-0.32,2.711519));
#3552 = DIRECTION('',(0.,-1.,0.));
#3553 = DIRECTION('',(0.,0.,-1.));
#3554 = ADVANCED_FACE('',(#3555),#3566,.F.);
#3555 = FACE_BOUND('',#3556,.F.);
#3556 = EDGE_LOOP('',(#3557,#3558,#3559,#3560));
#3557 = ORIENTED_EDGE('',*,*,#2496,.F.);
#3558 = ORIENTED_EDGE('',*,*,#3536,.T.);
#3559 = ORIENTED_EDGE('',*,*,#3208,.F.);
#3560 = ORIENTED_EDGE('',*,*,#3561,.T.);
#3561 = EDGE_CURVE('',#3209,#2489,#3562,.T.);
#3562 = LINE('',#3563,#3564);
#3563 = CARTESIAN_POINT('',(15.32,0.32,-0.538043));
#3564 = VECTOR('',#3565,1.);
#3565 = DIRECTION('',(0.,0.,1.));
#3566 = PLANE('',#3567);
#3567 = AXIS2_PLACEMENT_3D('',#3568,#3569,#3570);
#3568 = CARTESIAN_POINT('',(15.32,0.,1.086738));
#3569 = DIRECTION('',(1.,0.,0.));
#3570 = DIRECTION('',(0.,0.,1.));
#3571 = ADVANCED_FACE('',(#3572),#3583,.F.);
#3572 = FACE_BOUND('',#3573,.F.);
#3573 = EDGE_LOOP('',(#3574,#3575,#3576,#3582));
#3574 = ORIENTED_EDGE('',*,*,#3561,.F.);
#3575 = ORIENTED_EDGE('',*,*,#3216,.F.);
#3576 = ORIENTED_EDGE('',*,*,#3577,.T.);
#3577 = EDGE_CURVE('',#3217,#2481,#3578,.T.);
#3578 = LINE('',#3579,#3580);
#3579 = CARTESIAN_POINT('',(14.68,0.32,-0.538043));
#3580 = VECTOR('',#3581,1.);
#3581 = DIRECTION('',(0.,0.,1.));
#3582 = ORIENTED_EDGE('',*,*,#2488,.F.);
#3583 = PLANE('',#3584);
#3584 = AXIS2_PLACEMENT_3D('',#3585,#3586,#3587);
#3585 = CARTESIAN_POINT('',(15.32,0.32,-0.538043));
#3586 = DIRECTION('',(0.,1.,0.));
#3587 = DIRECTION('',(0.,0.,1.));
#3588 = ADVANCED_FACE('',(#3589),#3595,.T.);
#3589 = FACE_BOUND('',#3590,.T.);
#3590 = EDGE_LOOP('',(#3591,#3592,#3593,#3594));
#3591 = ORIENTED_EDGE('',*,*,#2480,.F.);
#3592 = ORIENTED_EDGE('',*,*,#3543,.T.);
#3593 = ORIENTED_EDGE('',*,*,#3224,.F.);
#3594 = ORIENTED_EDGE('',*,*,#3577,.T.);
#3595 = PLANE('',#3596);
#3596 = AXIS2_PLACEMENT_3D('',#3597,#3598,#3599);
#3597 = CARTESIAN_POINT('',(14.68,0.,1.086738));
#3598 = DIRECTION('',(1.,0.,0.));
#3599 = DIRECTION('',(0.,0.,1.));
#3600 = ADVANCED_FACE('',(#3601),#3617,.F.);
#3601 = FACE_BOUND('',#3602,.F.);
#3602 = EDGE_LOOP('',(#3603,#3609,#3610,#3616));
#3603 = ORIENTED_EDGE('',*,*,#3604,.F.);
#3604 = EDGE_CURVE('',#2507,#3291,#3605,.T.);
#3605 = LINE('',#3606,#3607);
#3606 = CARTESIAN_POINT('',(12.82,-0.32,2.711519));
#3607 = VECTOR('',#3608,1.);
#3608 = DIRECTION('',(0.,0.,-1.));
#3609 = ORIENTED_EDGE('',*,*,#2504,.F.);
#3610 = ORIENTED_EDGE('',*,*,#3611,.T.);
#3611 = EDGE_CURVE('',#2505,#3293,#3612,.T.);
#3612 = LINE('',#3613,#3614);
#3613 = CARTESIAN_POINT('',(12.18,-0.32,2.711519));
#3614 = VECTOR('',#3615,1.);
#3615 = DIRECTION('',(0.,0.,-1.));
#3616 = ORIENTED_EDGE('',*,*,#3290,.F.);
#3617 = PLANE('',#3618);
#3618 = AXIS2_PLACEMENT_3D('',#3619,#3620,#3621);
#3619 = CARTESIAN_POINT('',(12.82,-0.32,2.711519));
#3620 = DIRECTION('',(0.,-1.,0.));
#3621 = DIRECTION('',(0.,0.,-1.));
#3622 = ADVANCED_FACE('',(#3623),#3634,.F.);
#3623 = FACE_BOUND('',#3624,.F.);
#3624 = EDGE_LOOP('',(#3625,#3626,#3627,#3628));
#3625 = ORIENTED_EDGE('',*,*,#2530,.F.);
#3626 = ORIENTED_EDGE('',*,*,#3604,.T.);
#3627 = ORIENTED_EDGE('',*,*,#3300,.F.);
#3628 = ORIENTED_EDGE('',*,*,#3629,.T.);
#3629 = EDGE_CURVE('',#3301,#2523,#3630,.T.);
#3630 = LINE('',#3631,#3632);
#3631 = CARTESIAN_POINT('',(12.82,0.32,-0.538043));
#3632 = VECTOR('',#3633,1.);
#3633 = DIRECTION('',(0.,0.,1.));
#3634 = PLANE('',#3635);
#3635 = AXIS2_PLACEMENT_3D('',#3636,#3637,#3638);
#3636 = CARTESIAN_POINT('',(12.82,0.,1.086738));
#3637 = DIRECTION('',(1.,0.,0.));
#3638 = DIRECTION('',(0.,0.,1.));
#3639 = ADVANCED_FACE('',(#3640),#3651,.F.);
#3640 = FACE_BOUND('',#3641,.F.);
#3641 = EDGE_LOOP('',(#3642,#3643,#3644,#3650));
#3642 = ORIENTED_EDGE('',*,*,#3629,.F.);
#3643 = ORIENTED_EDGE('',*,*,#3308,.F.);
#3644 = ORIENTED_EDGE('',*,*,#3645,.T.);
#3645 = EDGE_CURVE('',#3309,#2515,#3646,.T.);
#3646 = LINE('',#3647,#3648);
#3647 = CARTESIAN_POINT('',(12.18,0.32,-0.538043));
#3648 = VECTOR('',#3649,1.);
#3649 = DIRECTION('',(0.,0.,1.));
#3650 = ORIENTED_EDGE('',*,*,#2522,.F.);
#3651 = PLANE('',#3652);
#3652 = AXIS2_PLACEMENT_3D('',#3653,#3654,#3655);
#3653 = CARTESIAN_POINT('',(12.82,0.32,-0.538043));
#3654 = DIRECTION('',(0.,1.,0.));
#3655 = DIRECTION('',(0.,0.,1.));
#3656 = ADVANCED_FACE('',(#3657),#3663,.T.);
#3657 = FACE_BOUND('',#3658,.T.);
#3658 = EDGE_LOOP('',(#3659,#3660,#3661,#3662));
#3659 = ORIENTED_EDGE('',*,*,#2514,.F.);
#3660 = ORIENTED_EDGE('',*,*,#3611,.T.);
#3661 = ORIENTED_EDGE('',*,*,#3316,.F.);
#3662 = ORIENTED_EDGE('',*,*,#3645,.T.);
#3663 = PLANE('',#3664);
#3664 = AXIS2_PLACEMENT_3D('',#3665,#3666,#3667);
#3665 = CARTESIAN_POINT('',(12.18,0.,1.086738));
#3666 = DIRECTION('',(1.,0.,0.));
#3667 = DIRECTION('',(0.,0.,1.));
#3668 = ADVANCED_FACE('',(#3669),#3685,.F.);
#3669 = FACE_BOUND('',#3670,.F.);
#3670 = EDGE_LOOP('',(#3671,#3677,#3678,#3684));
#3671 = ORIENTED_EDGE('',*,*,#3672,.F.);
#3672 = EDGE_CURVE('',#2541,#3383,#3673,.T.);
#3673 = LINE('',#3674,#3675);
#3674 = CARTESIAN_POINT('',(10.32,-0.32,2.711519));
#3675 = VECTOR('',#3676,1.);
#3676 = DIRECTION('',(0.,0.,-1.));
#3677 = ORIENTED_EDGE('',*,*,#2538,.F.);
#3678 = ORIENTED_EDGE('',*,*,#3679,.T.);
#3679 = EDGE_CURVE('',#2539,#3385,#3680,.T.);
#3680 = LINE('',#3681,#3682);
#3681 = CARTESIAN_POINT('',(9.68,-0.32,2.711519));
#3682 = VECTOR('',#3683,1.);
#3683 = DIRECTION('',(0.,0.,-1.));
#3684 = ORIENTED_EDGE('',*,*,#3382,.F.);
#3685 = PLANE('',#3686);
#3686 = AXIS2_PLACEMENT_3D('',#3687,#3688,#3689);
#3687 = CARTESIAN_POINT('',(10.32,-0.32,2.711519));
#3688 = DIRECTION('',(0.,-1.,0.));
#3689 = DIRECTION('',(0.,0.,-1.));
#3690 = ADVANCED_FACE('',(#3691),#3702,.F.);
#3691 = FACE_BOUND('',#3692,.F.);
#3692 = EDGE_LOOP('',(#3693,#3694,#3695,#3696));
#3693 = ORIENTED_EDGE('',*,*,#2564,.F.);
#3694 = ORIENTED_EDGE('',*,*,#3672,.T.);
#3695 = ORIENTED_EDGE('',*,*,#3392,.F.);
#3696 = ORIENTED_EDGE('',*,*,#3697,.T.);
#3697 = EDGE_CURVE('',#3393,#2557,#3698,.T.);
#3698 = LINE('',#3699,#3700);
#3699 = CARTESIAN_POINT('',(10.32,0.32,-0.538043));
#3700 = VECTOR('',#3701,1.);
#3701 = DIRECTION('',(0.,0.,1.));
#3702 = PLANE('',#3703);
#3703 = AXIS2_PLACEMENT_3D('',#3704,#3705,#3706);
#3704 = CARTESIAN_POINT('',(10.32,0.,1.086738));
#3705 = DIRECTION('',(1.,0.,0.));
#3706 = DIRECTION('',(0.,0.,1.));
#3707 = ADVANCED_FACE('',(#3708),#3719,.F.);
#3708 = FACE_BOUND('',#3709,.F.);
#3709 = EDGE_LOOP('',(#3710,#3711,#3712,#3718));
#3710 = ORIENTED_EDGE('',*,*,#3697,.F.);
#3711 = ORIENTED_EDGE('',*,*,#3400,.F.);
#3712 = ORIENTED_EDGE('',*,*,#3713,.T.);
#3713 = EDGE_CURVE('',#3401,#2549,#3714,.T.);
#3714 = LINE('',#3715,#3716);
#3715 = CARTESIAN_POINT('',(9.68,0.32,-0.538043));
#3716 = VECTOR('',#3717,1.);
#3717 = DIRECTION('',(0.,0.,1.));
#3718 = ORIENTED_EDGE('',*,*,#2556,.F.);
#3719 = PLANE('',#3720);
#3720 = AXIS2_PLACEMENT_3D('',#3721,#3722,#3723);
#3721 = CARTESIAN_POINT('',(10.32,0.32,-0.538043));
#3722 = DIRECTION('',(0.,1.,0.));
#3723 = DIRECTION('',(0.,0.,1.));
#3724 = ADVANCED_FACE('',(#3725),#3731,.T.);
#3725 = FACE_BOUND('',#3726,.T.);
#3726 = EDGE_LOOP('',(#3727,#3728,#3729,#3730));
#3727 = ORIENTED_EDGE('',*,*,#2548,.F.);
#3728 = ORIENTED_EDGE('',*,*,#3679,.T.);
#3729 = ORIENTED_EDGE('',*,*,#3408,.F.);
#3730 = ORIENTED_EDGE('',*,*,#3713,.T.);
#3731 = PLANE('',#3732);
#3732 = AXIS2_PLACEMENT_3D('',#3733,#3734,#3735);
#3733 = CARTESIAN_POINT('',(9.68,0.,1.086738));
#3734 = DIRECTION('',(1.,0.,0.));
#3735 = DIRECTION('',(0.,0.,1.));
#3736 = ADVANCED_FACE('',(#3737),#3753,.F.);
#3737 = FACE_BOUND('',#3738,.F.);
#3738 = EDGE_LOOP('',(#3739,#3745,#3746,#3752));
#3739 = ORIENTED_EDGE('',*,*,#3740,.F.);
#3740 = EDGE_CURVE('',#2575,#3429,#3741,.T.);
#3741 = LINE('',#3742,#3743);
#3742 = CARTESIAN_POINT('',(7.82,-0.32,2.711519));
#3743 = VECTOR('',#3744,1.);
#3744 = DIRECTION('',(0.,0.,-1.));
#3745 = ORIENTED_EDGE('',*,*,#2572,.F.);
#3746 = ORIENTED_EDGE('',*,*,#3747,.T.);
#3747 = EDGE_CURVE('',#2573,#3431,#3748,.T.);
#3748 = LINE('',#3749,#3750);
#3749 = CARTESIAN_POINT('',(7.18,-0.32,2.711519));
#3750 = VECTOR('',#3751,1.);
#3751 = DIRECTION('',(0.,0.,-1.));
#3752 = ORIENTED_EDGE('',*,*,#3428,.F.);
#3753 = PLANE('',#3754);
#3754 = AXIS2_PLACEMENT_3D('',#3755,#3756,#3757);
#3755 = CARTESIAN_POINT('',(7.82,-0.32,2.711519));
#3756 = DIRECTION('',(0.,-1.,0.));
#3757 = DIRECTION('',(0.,0.,-1.));
#3758 = ADVANCED_FACE('',(#3759),#3770,.F.);
#3759 = FACE_BOUND('',#3760,.F.);
#3760 = EDGE_LOOP('',(#3761,#3762,#3763,#3764));
#3761 = ORIENTED_EDGE('',*,*,#2598,.F.);
#3762 = ORIENTED_EDGE('',*,*,#3740,.T.);
#3763 = ORIENTED_EDGE('',*,*,#3438,.F.);
#3764 = ORIENTED_EDGE('',*,*,#3765,.T.);
#3765 = EDGE_CURVE('',#3439,#2591,#3766,.T.);
#3766 = LINE('',#3767,#3768);
#3767 = CARTESIAN_POINT('',(7.82,0.32,-0.538043));
#3768 = VECTOR('',#3769,1.);
#3769 = DIRECTION('',(0.,0.,1.));
#3770 = PLANE('',#3771);
#3771 = AXIS2_PLACEMENT_3D('',#3772,#3773,#3774);
#3772 = CARTESIAN_POINT('',(7.82,0.,1.086738));
#3773 = DIRECTION('',(1.,0.,0.));
#3774 = DIRECTION('',(0.,0.,1.));
#3775 = ADVANCED_FACE('',(#3776),#3787,.F.);
#3776 = FACE_BOUND('',#3777,.F.);
#3777 = EDGE_LOOP('',(#3778,#3779,#3780,#3786));
#3778 = ORIENTED_EDGE('',*,*,#3765,.F.);
#3779 = ORIENTED_EDGE('',*,*,#3446,.F.);
#3780 = ORIENTED_EDGE('',*,*,#3781,.T.);
#3781 = EDGE_CURVE('',#3447,#2583,#3782,.T.);
#3782 = LINE('',#3783,#3784);
#3783 = CARTESIAN_POINT('',(7.18,0.32,-0.538043));
#3784 = VECTOR('',#3785,1.);
#3785 = DIRECTION('',(0.,0.,1.));
#3786 = ORIENTED_EDGE('',*,*,#2590,.F.);
#3787 = PLANE('',#3788);
#3788 = AXIS2_PLACEMENT_3D('',#3789,#3790,#3791);
#3789 = CARTESIAN_POINT('',(7.82,0.32,-0.538043));
#3790 = DIRECTION('',(0.,1.,0.));
#3791 = DIRECTION('',(0.,0.,1.));
#3792 = ADVANCED_FACE('',(#3793),#3799,.T.);
#3793 = FACE_BOUND('',#3794,.T.);
#3794 = EDGE_LOOP('',(#3795,#3796,#3797,#3798));
#3795 = ORIENTED_EDGE('',*,*,#2582,.F.);
#3796 = ORIENTED_EDGE('',*,*,#3747,.T.);
#3797 = ORIENTED_EDGE('',*,*,#3454,.F.);
#3798 = ORIENTED_EDGE('',*,*,#3781,.T.);
#3799 = PLANE('',#3800);
#3800 = AXIS2_PLACEMENT_3D('',#3801,#3802,#3803);
#3801 = CARTESIAN_POINT('',(7.18,0.,1.086738));
#3802 = DIRECTION('',(1.,0.,0.));
#3803 = DIRECTION('',(0.,0.,1.));
#3804 = ADVANCED_FACE('',(#3805),#3821,.F.);
#3805 = FACE_BOUND('',#3806,.F.);
#3806 = EDGE_LOOP('',(#3807,#3813,#3814,#3820));
#3807 = ORIENTED_EDGE('',*,*,#3808,.F.);
#3808 = EDGE_CURVE('',#2609,#3337,#3809,.T.);
#3809 = LINE('',#3810,#3811);
#3810 = CARTESIAN_POINT('',(5.32,-0.32,2.711519));
#3811 = VECTOR('',#3812,1.);
#3812 = DIRECTION('',(0.,0.,-1.));
#3813 = ORIENTED_EDGE('',*,*,#2606,.F.);
#3814 = ORIENTED_EDGE('',*,*,#3815,.T.);
#3815 = EDGE_CURVE('',#2607,#3339,#3816,.T.);
#3816 = LINE('',#3817,#3818);
#3817 = CARTESIAN_POINT('',(4.68,-0.32,2.711519));
#3818 = VECTOR('',#3819,1.);
#3819 = DIRECTION('',(0.,0.,-1.));
#3820 = ORIENTED_EDGE('',*,*,#3336,.F.);
#3821 = PLANE('',#3822);
#3822 = AXIS2_PLACEMENT_3D('',#3823,#3824,#3825);
#3823 = CARTESIAN_POINT('',(5.32,-0.32,2.711519));
#3824 = DIRECTION('',(0.,-1.,0.));
#3825 = DIRECTION('',(0.,0.,-1.));
#3826 = ADVANCED_FACE('',(#3827),#3838,.F.);
#3827 = FACE_BOUND('',#3828,.F.);
#3828 = EDGE_LOOP('',(#3829,#3830,#3831,#3832));
#3829 = ORIENTED_EDGE('',*,*,#2632,.F.);
#3830 = ORIENTED_EDGE('',*,*,#3808,.T.);
#3831 = ORIENTED_EDGE('',*,*,#3346,.F.);
#3832 = ORIENTED_EDGE('',*,*,#3833,.T.);
#3833 = EDGE_CURVE('',#3347,#2625,#3834,.T.);
#3834 = LINE('',#3835,#3836);
#3835 = CARTESIAN_POINT('',(5.32,0.32,-0.538043));
#3836 = VECTOR('',#3837,1.);
#3837 = DIRECTION('',(0.,0.,1.));
#3838 = PLANE('',#3839);
#3839 = AXIS2_PLACEMENT_3D('',#3840,#3841,#3842);
#3840 = CARTESIAN_POINT('',(5.32,0.,1.086738));
#3841 = DIRECTION('',(1.,0.,0.));
#3842 = DIRECTION('',(0.,0.,1.));
#3843 = ADVANCED_FACE('',(#3844),#3855,.F.);
#3844 = FACE_BOUND('',#3845,.F.);
#3845 = EDGE_LOOP('',(#3846,#3847,#3848,#3854));
#3846 = ORIENTED_EDGE('',*,*,#3833,.F.);
#3847 = ORIENTED_EDGE('',*,*,#3354,.F.);
#3848 = ORIENTED_EDGE('',*,*,#3849,.T.);
#3849 = EDGE_CURVE('',#3355,#2617,#3850,.T.);
#3850 = LINE('',#3851,#3852);
#3851 = CARTESIAN_POINT('',(4.68,0.32,-0.538043));
#3852 = VECTOR('',#3853,1.);
#3853 = DIRECTION('',(0.,0.,1.));
#3854 = ORIENTED_EDGE('',*,*,#2624,.F.);
#3855 = PLANE('',#3856);
#3856 = AXIS2_PLACEMENT_3D('',#3857,#3858,#3859);
#3857 = CARTESIAN_POINT('',(5.32,0.32,-0.538043));
#3858 = DIRECTION('',(0.,1.,0.));
#3859 = DIRECTION('',(0.,0.,1.));
#3860 = ADVANCED_FACE('',(#3861),#3867,.T.);
#3861 = FACE_BOUND('',#3862,.T.);
#3862 = EDGE_LOOP('',(#3863,#3864,#3865,#3866));
#3863 = ORIENTED_EDGE('',*,*,#2616,.F.);
#3864 = ORIENTED_EDGE('',*,*,#3815,.T.);
#3865 = ORIENTED_EDGE('',*,*,#3362,.F.);
#3866 = ORIENTED_EDGE('',*,*,#3849,.T.);
#3867 = PLANE('',#3868);
#3868 = AXIS2_PLACEMENT_3D('',#3869,#3870,#3871);
#3869 = CARTESIAN_POINT('',(4.68,0.,1.086738));
#3870 = DIRECTION('',(1.,0.,0.));
#3871 = DIRECTION('',(0.,0.,1.));
#3872 = ADVANCED_FACE('',(#3873),#3889,.F.);
#3873 = FACE_BOUND('',#3874,.F.);
#3874 = EDGE_LOOP('',(#3875,#3881,#3882,#3888));
#3875 = ORIENTED_EDGE('',*,*,#3876,.F.);
#3876 = EDGE_CURVE('',#2643,#3245,#3877,.T.);
#3877 = LINE('',#3878,#3879);
#3878 = CARTESIAN_POINT('',(2.82,-0.32,2.711519));
#3879 = VECTOR('',#3880,1.);
#3880 = DIRECTION('',(0.,0.,-1.));
#3881 = ORIENTED_EDGE('',*,*,#2640,.F.);
#3882 = ORIENTED_EDGE('',*,*,#3883,.T.);
#3883 = EDGE_CURVE('',#2641,#3247,#3884,.T.);
#3884 = LINE('',#3885,#3886);
#3885 = CARTESIAN_POINT('',(2.18,-0.32,2.711519));
#3886 = VECTOR('',#3887,1.);
#3887 = DIRECTION('',(0.,0.,-1.));
#3888 = ORIENTED_EDGE('',*,*,#3244,.F.);
#3889 = PLANE('',#3890);
#3890 = AXIS2_PLACEMENT_3D('',#3891,#3892,#3893);
#3891 = CARTESIAN_POINT('',(2.82,-0.32,2.711519));
#3892 = DIRECTION('',(0.,-1.,0.));
#3893 = DIRECTION('',(0.,0.,-1.));
#3894 = ADVANCED_FACE('',(#3895),#3906,.F.);
#3895 = FACE_BOUND('',#3896,.F.);
#3896 = EDGE_LOOP('',(#3897,#3898,#3899,#3900));
#3897 = ORIENTED_EDGE('',*,*,#2666,.F.);
#3898 = ORIENTED_EDGE('',*,*,#3876,.T.);
#3899 = ORIENTED_EDGE('',*,*,#3254,.F.);
#3900 = ORIENTED_EDGE('',*,*,#3901,.T.);
#3901 = EDGE_CURVE('',#3255,#2659,#3902,.T.);
#3902 = LINE('',#3903,#3904);
#3903 = CARTESIAN_POINT('',(2.82,0.32,-0.538043));
#3904 = VECTOR('',#3905,1.);
#3905 = DIRECTION('',(0.,0.,1.));
#3906 = PLANE('',#3907);
#3907 = AXIS2_PLACEMENT_3D('',#3908,#3909,#3910);
#3908 = CARTESIAN_POINT('',(2.82,0.,1.086738));
#3909 = DIRECTION('',(1.,0.,0.));
#3910 = DIRECTION('',(0.,0.,1.));
#3911 = ADVANCED_FACE('',(#3912),#3923,.F.);
#3912 = FACE_BOUND('',#3913,.F.);
#3913 = EDGE_LOOP('',(#3914,#3915,#3916,#3922));
#3914 = ORIENTED_EDGE('',*,*,#3901,.F.);
#3915 = ORIENTED_EDGE('',*,*,#3262,.F.);
#3916 = ORIENTED_EDGE('',*,*,#3917,.T.);
#3917 = EDGE_CURVE('',#3263,#2651,#3918,.T.);
#3918 = LINE('',#3919,#3920);
#3919 = CARTESIAN_POINT('',(2.18,0.32,-0.538043));
#3920 = VECTOR('',#3921,1.);
#3921 = DIRECTION('',(0.,0.,1.));
#3922 = ORIENTED_EDGE('',*,*,#2658,.F.);
#3923 = PLANE('',#3924);
#3924 = AXIS2_PLACEMENT_3D('',#3925,#3926,#3927);
#3925 = CARTESIAN_POINT('',(2.82,0.32,-0.538043));
#3926 = DIRECTION('',(0.,1.,0.));
#3927 = DIRECTION('',(0.,0.,1.));
#3928 = ADVANCED_FACE('',(#3929),#3935,.T.);
#3929 = FACE_BOUND('',#3930,.T.);
#3930 = EDGE_LOOP('',(#3931,#3932,#3933,#3934));
#3931 = ORIENTED_EDGE('',*,*,#2650,.F.);
#3932 = ORIENTED_EDGE('',*,*,#3883,.T.);
#3933 = ORIENTED_EDGE('',*,*,#3270,.F.);
#3934 = ORIENTED_EDGE('',*,*,#3917,.T.);
#3935 = PLANE('',#3936);
#3936 = AXIS2_PLACEMENT_3D('',#3937,#3938,#3939);
#3937 = CARTESIAN_POINT('',(2.18,0.,1.086738));
#3938 = DIRECTION('',(1.,0.,0.));
#3939 = DIRECTION('',(0.,0.,1.));
#3940 = ADVANCED_FACE('',(#3941),#3957,.F.);
#3941 = FACE_BOUND('',#3942,.F.);
#3942 = EDGE_LOOP('',(#3943,#3949,#3950,#3956));
#3943 = ORIENTED_EDGE('',*,*,#3944,.F.);
#3944 = EDGE_CURVE('',#2677,#3153,#3945,.T.);
#3945 = LINE('',#3946,#3947);
#3946 = CARTESIAN_POINT('',(0.32,-0.32,2.711519));
#3947 = VECTOR('',#3948,1.);
#3948 = DIRECTION('',(0.,0.,-1.));
#3949 = ORIENTED_EDGE('',*,*,#2674,.F.);
#3950 = ORIENTED_EDGE('',*,*,#3951,.T.);
#3951 = EDGE_CURVE('',#2675,#3155,#3952,.T.);
#3952 = LINE('',#3953,#3954);
#3953 = CARTESIAN_POINT('',(-0.32,-0.32,2.711519));
#3954 = VECTOR('',#3955,1.);
#3955 = DIRECTION('',(0.,0.,-1.));
#3956 = ORIENTED_EDGE('',*,*,#3152,.F.);
#3957 = PLANE('',#3958);
#3958 = AXIS2_PLACEMENT_3D('',#3959,#3960,#3961);
#3959 = CARTESIAN_POINT('',(0.32,-0.32,2.711519));
#3960 = DIRECTION('',(0.,-1.,0.));
#3961 = DIRECTION('',(0.,0.,-1.));
#3962 = ADVANCED_FACE('',(#3963),#3974,.T.);
#3963 = FACE_BOUND('',#3964,.T.);
#3964 = EDGE_LOOP('',(#3965,#3966,#3967,#3968));
#3965 = ORIENTED_EDGE('',*,*,#2684,.F.);
#3966 = ORIENTED_EDGE('',*,*,#3951,.T.);
#3967 = ORIENTED_EDGE('',*,*,#3178,.F.);
#3968 = ORIENTED_EDGE('',*,*,#3969,.T.);
#3969 = EDGE_CURVE('',#3171,#2685,#3970,.T.);
#3970 = LINE('',#3971,#3972);
#3971 = CARTESIAN_POINT('',(-0.32,0.32,-0.538043));
#3972 = VECTOR('',#3973,1.);
#3973 = DIRECTION('',(0.,0.,1.));
#3974 = PLANE('',#3975);
#3975 = AXIS2_PLACEMENT_3D('',#3976,#3977,#3978);
#3976 = CARTESIAN_POINT('',(-0.32,0.,1.086738));
#3977 = DIRECTION('',(1.,0.,0.));
#3978 = DIRECTION('',(0.,0.,1.));
#3979 = ADVANCED_FACE('',(#3980),#3991,.F.);
#3980 = FACE_BOUND('',#3981,.F.);
#3981 = EDGE_LOOP('',(#3982,#3983,#3984,#3985));
#3982 = ORIENTED_EDGE('',*,*,#2700,.F.);
#3983 = ORIENTED_EDGE('',*,*,#3944,.T.);
#3984 = ORIENTED_EDGE('',*,*,#3162,.F.);
#3985 = ORIENTED_EDGE('',*,*,#3986,.T.);
#3986 = EDGE_CURVE('',#3163,#2693,#3987,.T.);
#3987 = LINE('',#3988,#3989);
#3988 = CARTESIAN_POINT('',(0.32,0.32,-0.538043));
#3989 = VECTOR('',#3990,1.);
#3990 = DIRECTION('',(0.,0.,1.));
#3991 = PLANE('',#3992);
#3992 = AXIS2_PLACEMENT_3D('',#3993,#3994,#3995);
#3993 = CARTESIAN_POINT('',(0.32,0.,1.086738));
#3994 = DIRECTION('',(1.,0.,0.));
#3995 = DIRECTION('',(0.,0.,1.));
#3996 = ADVANCED_FACE('',(#3997),#4003,.F.);
#3997 = FACE_BOUND('',#3998,.F.);
#3998 = EDGE_LOOP('',(#3999,#4000,#4001,#4002));
#3999 = ORIENTED_EDGE('',*,*,#3986,.F.);
#4000 = ORIENTED_EDGE('',*,*,#3170,.F.);
#4001 = ORIENTED_EDGE('',*,*,#3969,.T.);
#4002 = ORIENTED_EDGE('',*,*,#2692,.F.);
#4003 = PLANE('',#4004);
#4004 = AXIS2_PLACEMENT_3D('',#4005,#4006,#4007);
#4005 = CARTESIAN_POINT('',(0.32,0.32,-0.538043));
#4006 = DIRECTION('',(0.,1.,0.));
#4007 = DIRECTION('',(0.,0.,1.));
#4008 = ( GEOMETRIC_REPRESENTATION_CONTEXT(3) 
GLOBAL_UNCERTAINTY_ASSIGNED_CONTEXT((#4012)) 
GLOBAL_UNIT_ASSIGNED_CONTEXT((#4009,#4010,#4011)) REPRESENTATION_CONTEXT
('Context #1','3D Context with UNIT and UNCERTAINTY') );
#4009 = ( LENGTH_UNIT() NAMED_UNIT(*) SI_UNIT(.MILLI.,.METRE.) );
#4010 = ( NAMED_UNIT(*) PLANE_ANGLE_UNIT() SI_UNIT($,.RADIAN.) );
#4011 = ( NAMED_UNIT(*) SI_UNIT($,.STERADIAN.) SOLID_ANGLE_UNIT() );
#4012 = UNCERTAINTY_MEASURE_WITH_UNIT(LENGTH_MEASURE(5.E-06),#4009,
  'distance_accuracy_value','confusion accuracy');
#4013 = CONTEXT_DEPENDENT_SHAPE_REPRESENTATION(#4014,#4016);
#4014 = ( REPRESENTATION_RELATIONSHIP('','',#36,#10) 
REPRESENTATION_RELATIONSHIP_WITH_TRANSFORMATION(#4015) 
SHAPE_REPRESENTATION_RELATIONSHIP() );
#4015 = ITEM_DEFINED_TRANSFORMATION('','',#11,#15);
#4016 = PRODUCT_DEFINITION_SHAPE('Placement','Placement of an item',
  #4017);
#4017 = NEXT_ASSEMBLY_USAGE_OCCURRENCE('36','Top_entry_base','',#5,#31,$
  );
#4018 = PRODUCT_RELATED_PRODUCT_CATEGORY('part',$,(#33));
#4019 = SHAPE_DEFINITION_REPRESENTATION(#4020,#4026);
#4020 = PRODUCT_DEFINITION_SHAPE('','',#4021);
#4021 = PRODUCT_DEFINITION('design','',#4022,#4025);
#4022 = PRODUCT_DEFINITION_FORMATION('','',#4023);
#4023 = PRODUCT('male_pins array','male_pins array','',(#4024));
#4024 = PRODUCT_CONTEXT('',#2,'mechanical');
#4025 = PRODUCT_DEFINITION_CONTEXT('part definition',#2,'design');
#4026 = SHAPE_REPRESENTATION('',(#11,#4027,#4031,#4035,#4039,#4043,#4047
    ,#4051,#4055),#4059);
#4027 = AXIS2_PLACEMENT_3D('',#4028,#4029,#4030);
#4028 = CARTESIAN_POINT('',(0.,0.,0.));
#4029 = DIRECTION('',(0.,0.,1.));
#4030 = DIRECTION('',(1.,0.,0.));
#4031 = AXIS2_PLACEMENT_3D('',#4032,#4033,#4034);
#4032 = CARTESIAN_POINT('',(2.5,0.,0.));
#4033 = DIRECTION('',(0.,0.,1.));
#4034 = DIRECTION('',(1.,0.,0.));
#4035 = AXIS2_PLACEMENT_3D('',#4036,#4037,#4038);
#4036 = CARTESIAN_POINT('',(5.,0.,0.));
#4037 = DIRECTION('',(0.,0.,1.));
#4038 = DIRECTION('',(1.,0.,0.));
#4039 = AXIS2_PLACEMENT_3D('',#4040,#4041,#4042);
#4040 = CARTESIAN_POINT('',(7.5,0.,0.));
#4041 = DIRECTION('',(0.,0.,1.));
#4042 = DIRECTION('',(1.,0.,0.));
#4043 = AXIS2_PLACEMENT_3D('',#4044,#4045,#4046);
#4044 = CARTESIAN_POINT('',(10.,0.,0.));
#4045 = DIRECTION('',(0.,0.,1.));
#4046 = DIRECTION('',(1.,0.,0.));
#4047 = AXIS2_PLACEMENT_3D('',#4048,#4049,#4050);
#4048 = CARTESIAN_POINT('',(12.5,0.,0.));
#4049 = DIRECTION('',(0.,0.,1.));
#4050 = DIRECTION('',(1.,0.,0.));
#4051 = AXIS2_PLACEMENT_3D('',#4052,#4053,#4054);
#4052 = CARTESIAN_POINT('',(15.,0.,0.));
#4053 = DIRECTION('',(0.,0.,1.));
#4054 = DIRECTION('',(1.,0.,0.));
#4055 = AXIS2_PLACEMENT_3D('',#4056,#4057,#4058);
#4056 = CARTESIAN_POINT('',(17.5,0.,0.));
#4057 = DIRECTION('',(0.,0.,1.));
#4058 = DIRECTION('',(1.,0.,0.));
#4059 = ( GEOMETRIC_REPRESENTATION_CONTEXT(3) 
GLOBAL_UNCERTAINTY_ASSIGNED_CONTEXT((#4063)) 
GLOBAL_UNIT_ASSIGNED_CONTEXT((#4060,#4061,#4062)) REPRESENTATION_CONTEXT
('Context #1','3D Context with UNIT and UNCERTAINTY') );
#4060 = ( LENGTH_UNIT() NAMED_UNIT(*) SI_UNIT(.MILLI.,.METRE.) );
#4061 = ( NAMED_UNIT(*) PLANE_ANGLE_UNIT() SI_UNIT($,.RADIAN.) );
#4062 = ( NAMED_UNIT(*) SI_UNIT($,.STERADIAN.) SOLID_ANGLE_UNIT() );
#4063 = UNCERTAINTY_MEASURE_WITH_UNIT(LENGTH_MEASURE(1.E-07),#4060,
  'distance_accuracy_value','confusion accuracy');
#4064 = CONTEXT_DEPENDENT_SHAPE_REPRESENTATION(#4065,#4067);
#4065 = ( REPRESENTATION_RELATIONSHIP('','',#4026,#10) 
REPRESENTATION_RELATIONSHIP_WITH_TRANSFORMATION(#4066) 
SHAPE_REPRESENTATION_RELATIONSHIP() );
#4066 = ITEM_DEFINED_TRANSFORMATION('','',#11,#19);
#4067 = PRODUCT_DEFINITION_SHAPE('Placement','Placement of an item',
  #4068);
#4068 = NEXT_ASSEMBLY_USAGE_OCCURRENCE('45','male_pins array','',#5,
  #4021,$);
#4069 = PRODUCT_RELATED_PRODUCT_CATEGORY('part',$,(#4023));
#4070 = SHAPE_DEFINITION_REPRESENTATION(#4071,#4077);
#4071 = PRODUCT_DEFINITION_SHAPE('','',#4072);
#4072 = PRODUCT_DEFINITION('design','',#4073,#4076);
#4073 = PRODUCT_DEFINITION_FORMATION('','',#4074);
#4074 = PRODUCT('Pin','Pin','',(#4075));
#4075 = PRODUCT_CONTEXT('',#2,'mechanical');
#4076 = PRODUCT_DEFINITION_CONTEXT('part definition',#2,'design');
#4077 = ADVANCED_BREP_SHAPE_REPRESENTATION('',(#11,#4078),#4420);
#4078 = MANIFOLD_SOLID_BREP('',#4079);
#4079 = CLOSED_SHELL('',(#4080,#4120,#4151,#4175,#4199,#4216,#4247,#4271
    ,#4295,#4312,#4343,#4367,#4391,#4408));
#4080 = ADVANCED_FACE('',(#4081),#4115,.F.);
#4081 = FACE_BOUND('',#4082,.F.);
#4082 = EDGE_LOOP('',(#4083,#4093,#4101,#4109));
#4083 = ORIENTED_EDGE('',*,*,#4084,.T.);
#4084 = EDGE_CURVE('',#4085,#4087,#4089,.T.);
#4085 = VERTEX_POINT('',#4086);
#4086 = CARTESIAN_POINT('',(-0.12,0.12,6.8));
#4087 = VERTEX_POINT('',#4088);
#4088 = CARTESIAN_POINT('',(0.12,0.12,6.8));
#4089 = LINE('',#4090,#4091);
#4090 = CARTESIAN_POINT('',(-0.32,0.12,6.8));
#4091 = VECTOR('',#4092,1.);
#4092 = DIRECTION('',(1.,0.,0.));
#4093 = ORIENTED_EDGE('',*,*,#4094,.T.);
#4094 = EDGE_CURVE('',#4087,#4095,#4097,.T.);
#4095 = VERTEX_POINT('',#4096);
#4096 = CARTESIAN_POINT('',(0.12,-0.12,6.8));
#4097 = LINE('',#4098,#4099);
#4098 = CARTESIAN_POINT('',(0.12,0.32,6.8));
#4099 = VECTOR('',#4100,1.);
#4100 = DIRECTION('',(0.,-1.,0.));
#4101 = ORIENTED_EDGE('',*,*,#4102,.F.);
#4102 = EDGE_CURVE('',#4103,#4095,#4105,.T.);
#4103 = VERTEX_POINT('',#4104);
#4104 = CARTESIAN_POINT('',(-0.12,-0.12,6.8));
#4105 = LINE('',#4106,#4107);
#4106 = CARTESIAN_POINT('',(-0.32,-0.12,6.8));
#4107 = VECTOR('',#4108,1.);
#4108 = DIRECTION('',(1.,0.,0.));
#4109 = ORIENTED_EDGE('',*,*,#4110,.F.);
#4110 = EDGE_CURVE('',#4085,#4103,#4111,.T.);
#4111 = LINE('',#4112,#4113);
#4112 = CARTESIAN_POINT('',(-0.12,0.32,6.8));
#4113 = VECTOR('',#4114,1.);
#4114 = DIRECTION('',(0.,-1.,0.));
#4115 = PLANE('',#4116);
#4116 = AXIS2_PLACEMENT_3D('',#4117,#4118,#4119);
#4117 = CARTESIAN_POINT('',(-0.32,0.32,6.8));
#4118 = DIRECTION('',(0.,0.,-1.));
#4119 = DIRECTION('',(0.,-1.,0.));
#4120 = ADVANCED_FACE('',(#4121),#4146,.T.);
#4121 = FACE_BOUND('',#4122,.T.);
#4122 = EDGE_LOOP('',(#4123,#4131,#4132,#4140));
#4123 = ORIENTED_EDGE('',*,*,#4124,.F.);
#4124 = EDGE_CURVE('',#4085,#4125,#4127,.T.);
#4125 = VERTEX_POINT('',#4126);
#4126 = CARTESIAN_POINT('',(-0.32,0.32,6.6));
#4127 = LINE('',#4128,#4129);
#4128 = CARTESIAN_POINT('',(-0.253333333333,0.253333333333,
    6.666666666667));
#4129 = VECTOR('',#4130,1.);
#4130 = DIRECTION('',(-0.57735026919,0.57735026919,-0.57735026919));
#4131 = ORIENTED_EDGE('',*,*,#4084,.T.);
#4132 = ORIENTED_EDGE('',*,*,#4133,.T.);
#4133 = EDGE_CURVE('',#4087,#4134,#4136,.T.);
#4134 = VERTEX_POINT('',#4135);
#4135 = CARTESIAN_POINT('',(0.32,0.32,6.6));
#4136 = LINE('',#4137,#4138);
#4137 = CARTESIAN_POINT('',(0.146666666667,0.146666666667,6.773333333333
    ));
#4138 = VECTOR('',#4139,1.);
#4139 = DIRECTION('',(0.57735026919,0.57735026919,-0.57735026919));
#4140 = ORIENTED_EDGE('',*,*,#4141,.F.);
#4141 = EDGE_CURVE('',#4125,#4134,#4142,.T.);
#4142 = LINE('',#4143,#4144);
#4143 = CARTESIAN_POINT('',(-0.32,0.32,6.6));
#4144 = VECTOR('',#4145,1.);
#4145 = DIRECTION('',(1.,0.,0.));
#4146 = PLANE('',#4147);
#4147 = AXIS2_PLACEMENT_3D('',#4148,#4149,#4150);
#4148 = CARTESIAN_POINT('',(-0.32,0.22,6.7));
#4149 = DIRECTION('',(0.,0.707106781187,0.707106781187));
#4150 = DIRECTION('',(1.,0.,-0.));
#4151 = ADVANCED_FACE('',(#4152),#4170,.T.);
#4152 = FACE_BOUND('',#4153,.F.);
#4153 = EDGE_LOOP('',(#4154,#4155,#4156,#4164));
#4154 = ORIENTED_EDGE('',*,*,#4124,.F.);
#4155 = ORIENTED_EDGE('',*,*,#4110,.T.);
#4156 = ORIENTED_EDGE('',*,*,#4157,.T.);
#4157 = EDGE_CURVE('',#4103,#4158,#4160,.T.);
#4158 = VERTEX_POINT('',#4159);
#4159 = CARTESIAN_POINT('',(-0.32,-0.32,6.6));
#4160 = LINE('',#4161,#4162);
#4161 = CARTESIAN_POINT('',(-0.146666666667,-0.146666666667,
    6.773333333333));
#4162 = VECTOR('',#4163,1.);
#4163 = DIRECTION('',(-0.57735026919,-0.57735026919,-0.57735026919));
#4164 = ORIENTED_EDGE('',*,*,#4165,.F.);
#4165 = EDGE_CURVE('',#4125,#4158,#4166,.T.);
#4166 = LINE('',#4167,#4168);
#4167 = CARTESIAN_POINT('',(-0.32,0.32,6.6));
#4168 = VECTOR('',#4169,1.);
#4169 = DIRECTION('',(0.,-1.,0.));
#4170 = PLANE('',#4171);
#4171 = AXIS2_PLACEMENT_3D('',#4172,#4173,#4174);
#4172 = CARTESIAN_POINT('',(-0.22,0.32,6.7));
#4173 = DIRECTION('',(-0.707106781187,0.,0.707106781187));
#4174 = DIRECTION('',(0.,1.,-0.));
#4175 = ADVANCED_FACE('',(#4176),#4194,.F.);
#4176 = FACE_BOUND('',#4177,.T.);
#4177 = EDGE_LOOP('',(#4178,#4179,#4180,#4188));
#4178 = ORIENTED_EDGE('',*,*,#4133,.F.);
#4179 = ORIENTED_EDGE('',*,*,#4094,.T.);
#4180 = ORIENTED_EDGE('',*,*,#4181,.T.);
#4181 = EDGE_CURVE('',#4095,#4182,#4184,.T.);
#4182 = VERTEX_POINT('',#4183);
#4183 = CARTESIAN_POINT('',(0.32,-0.32,6.6));
#4184 = LINE('',#4185,#4186);
#4185 = CARTESIAN_POINT('',(4.E-02,-4.E-02,6.88));
#4186 = VECTOR('',#4187,1.);
#4187 = DIRECTION('',(0.57735026919,-0.57735026919,-0.57735026919));
#4188 = ORIENTED_EDGE('',*,*,#4189,.F.);
#4189 = EDGE_CURVE('',#4134,#4182,#4190,.T.);
#4190 = LINE('',#4191,#4192);
#4191 = CARTESIAN_POINT('',(0.32,0.32,6.6));
#4192 = VECTOR('',#4193,1.);
#4193 = DIRECTION('',(0.,-1.,0.));
#4194 = PLANE('',#4195);
#4195 = AXIS2_PLACEMENT_3D('',#4196,#4197,#4198);
#4196 = CARTESIAN_POINT('',(0.22,0.32,6.7));
#4197 = DIRECTION('',(-0.707106781187,-0.,-0.707106781187));
#4198 = DIRECTION('',(-0.,1.,-0.));
#4199 = ADVANCED_FACE('',(#4200),#4211,.T.);
#4200 = FACE_BOUND('',#4201,.F.);
#4201 = EDGE_LOOP('',(#4202,#4203,#4204,#4205));
#4202 = ORIENTED_EDGE('',*,*,#4157,.F.);
#4203 = ORIENTED_EDGE('',*,*,#4102,.T.);
#4204 = ORIENTED_EDGE('',*,*,#4181,.T.);
#4205 = ORIENTED_EDGE('',*,*,#4206,.F.);
#4206 = EDGE_CURVE('',#4158,#4182,#4207,.T.);
#4207 = LINE('',#4208,#4209);
#4208 = CARTESIAN_POINT('',(-0.32,-0.32,6.6));
#4209 = VECTOR('',#4210,1.);
#4210 = DIRECTION('',(1.,0.,0.));
#4211 = PLANE('',#4212);
#4212 = AXIS2_PLACEMENT_3D('',#4213,#4214,#4215);
#4213 = CARTESIAN_POINT('',(-0.32,-0.22,6.7));
#4214 = DIRECTION('',(-0.,-0.707106781187,0.707106781187));
#4215 = DIRECTION('',(-1.,-0.,-0.));
#4216 = ADVANCED_FACE('',(#4217),#4242,.F.);
#4217 = FACE_BOUND('',#4218,.F.);
#4218 = EDGE_LOOP('',(#4219,#4227,#4235,#4241));
#4219 = ORIENTED_EDGE('',*,*,#4220,.F.);
#4220 = EDGE_CURVE('',#4221,#4125,#4223,.T.);
#4221 = VERTEX_POINT('',#4222);
#4222 = CARTESIAN_POINT('',(-0.32,0.32,-3.2));
#4223 = LINE('',#4224,#4225);
#4224 = CARTESIAN_POINT('',(-0.32,0.32,-3.4));
#4225 = VECTOR('',#4226,1.);
#4226 = DIRECTION('',(0.,0.,1.));
#4227 = ORIENTED_EDGE('',*,*,#4228,.T.);
#4228 = EDGE_CURVE('',#4221,#4229,#4231,.T.);
#4229 = VERTEX_POINT('',#4230);
#4230 = CARTESIAN_POINT('',(0.32,0.32,-3.2));
#4231 = LINE('',#4232,#4233);
#4232 = CARTESIAN_POINT('',(-0.32,0.32,-3.2));
#4233 = VECTOR('',#4234,1.);
#4234 = DIRECTION('',(1.,0.,0.));
#4235 = ORIENTED_EDGE('',*,*,#4236,.T.);
#4236 = EDGE_CURVE('',#4229,#4134,#4237,.T.);
#4237 = LINE('',#4238,#4239);
#4238 = CARTESIAN_POINT('',(0.32,0.32,-3.4));
#4239 = VECTOR('',#4240,1.);
#4240 = DIRECTION('',(0.,0.,1.));
#4241 = ORIENTED_EDGE('',*,*,#4141,.F.);
#4242 = PLANE('',#4243);
#4243 = AXIS2_PLACEMENT_3D('',#4244,#4245,#4246);
#4244 = CARTESIAN_POINT('',(-0.32,0.32,-3.4));
#4245 = DIRECTION('',(0.,-1.,0.));
#4246 = DIRECTION('',(0.,0.,1.));
#4247 = ADVANCED_FACE('',(#4248),#4266,.F.);
#4248 = FACE_BOUND('',#4249,.F.);
#4249 = EDGE_LOOP('',(#4250,#4258,#4264,#4265));
#4250 = ORIENTED_EDGE('',*,*,#4251,.T.);
#4251 = EDGE_CURVE('',#4158,#4252,#4254,.T.);
#4252 = VERTEX_POINT('',#4253);
#4253 = CARTESIAN_POINT('',(-0.32,-0.32,-3.2));
#4254 = LINE('',#4255,#4256);
#4255 = CARTESIAN_POINT('',(-0.32,-0.32,6.8));
#4256 = VECTOR('',#4257,1.);
#4257 = DIRECTION('',(0.,0.,-1.));
#4258 = ORIENTED_EDGE('',*,*,#4259,.T.);
#4259 = EDGE_CURVE('',#4252,#4221,#4260,.T.);
#4260 = LINE('',#4261,#4262);
#4261 = CARTESIAN_POINT('',(-0.32,-0.32,-3.2));
#4262 = VECTOR('',#4263,1.);
#4263 = DIRECTION('',(0.,1.,0.));
#4264 = ORIENTED_EDGE('',*,*,#4220,.T.);
#4265 = ORIENTED_EDGE('',*,*,#4165,.T.);
#4266 = PLANE('',#4267);
#4267 = AXIS2_PLACEMENT_3D('',#4268,#4269,#4270);
#4268 = CARTESIAN_POINT('',(-0.32,0.,1.7));
#4269 = DIRECTION('',(1.,0.,0.));
#4270 = DIRECTION('',(0.,0.,1.));
#4271 = ADVANCED_FACE('',(#4272),#4290,.T.);
#4272 = FACE_BOUND('',#4273,.T.);
#4273 = EDGE_LOOP('',(#4274,#4282,#4288,#4289));
#4274 = ORIENTED_EDGE('',*,*,#4275,.T.);
#4275 = EDGE_CURVE('',#4182,#4276,#4278,.T.);
#4276 = VERTEX_POINT('',#4277);
#4277 = CARTESIAN_POINT('',(0.32,-0.32,-3.2));
#4278 = LINE('',#4279,#4280);
#4279 = CARTESIAN_POINT('',(0.32,-0.32,6.8));
#4280 = VECTOR('',#4281,1.);
#4281 = DIRECTION('',(0.,0.,-1.));
#4282 = ORIENTED_EDGE('',*,*,#4283,.T.);
#4283 = EDGE_CURVE('',#4276,#4229,#4284,.T.);
#4284 = LINE('',#4285,#4286);
#4285 = CARTESIAN_POINT('',(0.32,-0.32,-3.2));
#4286 = VECTOR('',#4287,1.);
#4287 = DIRECTION('',(0.,1.,0.));
#4288 = ORIENTED_EDGE('',*,*,#4236,.T.);
#4289 = ORIENTED_EDGE('',*,*,#4189,.T.);
#4290 = PLANE('',#4291);
#4291 = AXIS2_PLACEMENT_3D('',#4292,#4293,#4294);
#4292 = CARTESIAN_POINT('',(0.32,0.,1.7));
#4293 = DIRECTION('',(1.,0.,0.));
#4294 = DIRECTION('',(0.,0.,1.));
#4295 = ADVANCED_FACE('',(#4296),#4307,.F.);
#4296 = FACE_BOUND('',#4297,.F.);
#4297 = EDGE_LOOP('',(#4298,#4299,#4300,#4301));
#4298 = ORIENTED_EDGE('',*,*,#4251,.F.);
#4299 = ORIENTED_EDGE('',*,*,#4206,.T.);
#4300 = ORIENTED_EDGE('',*,*,#4275,.T.);
#4301 = ORIENTED_EDGE('',*,*,#4302,.F.);
#4302 = EDGE_CURVE('',#4252,#4276,#4303,.T.);
#4303 = LINE('',#4304,#4305);
#4304 = CARTESIAN_POINT('',(-0.32,-0.32,-3.2));
#4305 = VECTOR('',#4306,1.);
#4306 = DIRECTION('',(1.,0.,0.));
#4307 = PLANE('',#4308);
#4308 = AXIS2_PLACEMENT_3D('',#4309,#4310,#4311);
#4309 = CARTESIAN_POINT('',(-0.32,-0.32,6.8));
#4310 = DIRECTION('',(0.,1.,0.));
#4311 = DIRECTION('',(0.,0.,-1.));
#4312 = ADVANCED_FACE('',(#4313),#4338,.T.);
#4313 = FACE_BOUND('',#4314,.F.);
#4314 = EDGE_LOOP('',(#4315,#4323,#4331,#4337));
#4315 = ORIENTED_EDGE('',*,*,#4316,.F.);
#4316 = EDGE_CURVE('',#4317,#4221,#4319,.T.);
#4317 = VERTEX_POINT('',#4318);
#4318 = CARTESIAN_POINT('',(-0.12,0.12,-3.4));
#4319 = LINE('',#4320,#4321);
#4320 = CARTESIAN_POINT('',(-0.146666666667,0.146666666667,
    -3.373333333333));
#4321 = VECTOR('',#4322,1.);
#4322 = DIRECTION('',(-0.57735026919,0.57735026919,0.57735026919));
#4323 = ORIENTED_EDGE('',*,*,#4324,.T.);
#4324 = EDGE_CURVE('',#4317,#4325,#4327,.T.);
#4325 = VERTEX_POINT('',#4326);
#4326 = CARTESIAN_POINT('',(0.12,0.12,-3.4));
#4327 = LINE('',#4328,#4329);
#4328 = CARTESIAN_POINT('',(-0.32,0.12,-3.4));
#4329 = VECTOR('',#4330,1.);
#4330 = DIRECTION('',(1.,0.,0.));
#4331 = ORIENTED_EDGE('',*,*,#4332,.T.);
#4332 = EDGE_CURVE('',#4325,#4229,#4333,.T.);
#4333 = LINE('',#4334,#4335);
#4334 = CARTESIAN_POINT('',(4.E-02,4.E-02,-3.48));
#4335 = VECTOR('',#4336,1.);
#4336 = DIRECTION('',(0.57735026919,0.57735026919,0.57735026919));
#4337 = ORIENTED_EDGE('',*,*,#4228,.F.);
#4338 = PLANE('',#4339);
#4339 = AXIS2_PLACEMENT_3D('',#4340,#4341,#4342);
#4340 = CARTESIAN_POINT('',(-0.32,0.22,-3.3));
#4341 = DIRECTION('',(-0.,0.707106781187,-0.707106781187));
#4342 = DIRECTION('',(-1.,-0.,0.));
#4343 = ADVANCED_FACE('',(#4344),#4362,.T.);
#4344 = FACE_BOUND('',#4345,.F.);
#4345 = EDGE_LOOP('',(#4346,#4354,#4360,#4361));
#4346 = ORIENTED_EDGE('',*,*,#4347,.T.);
#4347 = EDGE_CURVE('',#4252,#4348,#4350,.T.);
#4348 = VERTEX_POINT('',#4349);
#4349 = CARTESIAN_POINT('',(-0.12,-0.12,-3.4));
#4350 = LINE('',#4351,#4352);
#4351 = CARTESIAN_POINT('',(-0.253333333333,-0.253333333333,
    -3.266666666667));
#4352 = VECTOR('',#4353,1.);
#4353 = DIRECTION('',(0.57735026919,0.57735026919,-0.57735026919));
#4354 = ORIENTED_EDGE('',*,*,#4355,.T.);
#4355 = EDGE_CURVE('',#4348,#4317,#4356,.T.);
#4356 = LINE('',#4357,#4358);
#4357 = CARTESIAN_POINT('',(-0.12,-0.32,-3.4));
#4358 = VECTOR('',#4359,1.);
#4359 = DIRECTION('',(0.,1.,0.));
#4360 = ORIENTED_EDGE('',*,*,#4316,.T.);
#4361 = ORIENTED_EDGE('',*,*,#4259,.F.);
#4362 = PLANE('',#4363);
#4363 = AXIS2_PLACEMENT_3D('',#4364,#4365,#4366);
#4364 = CARTESIAN_POINT('',(-0.22,-0.32,-3.3));
#4365 = DIRECTION('',(-0.707106781187,-0.,-0.707106781187));
#4366 = DIRECTION('',(-0.,-1.,0.));
#4367 = ADVANCED_FACE('',(#4368),#4386,.F.);
#4368 = FACE_BOUND('',#4369,.T.);
#4369 = EDGE_LOOP('',(#4370,#4378,#4384,#4385));
#4370 = ORIENTED_EDGE('',*,*,#4371,.T.);
#4371 = EDGE_CURVE('',#4276,#4372,#4374,.T.);
#4372 = VERTEX_POINT('',#4373);
#4373 = CARTESIAN_POINT('',(0.12,-0.12,-3.4));
#4374 = LINE('',#4375,#4376);
#4375 = CARTESIAN_POINT('',(0.146666666667,-0.146666666667,
    -3.373333333333));
#4376 = VECTOR('',#4377,1.);
#4377 = DIRECTION('',(-0.57735026919,0.57735026919,-0.57735026919));
#4378 = ORIENTED_EDGE('',*,*,#4379,.T.);
#4379 = EDGE_CURVE('',#4372,#4325,#4380,.T.);
#4380 = LINE('',#4381,#4382);
#4381 = CARTESIAN_POINT('',(0.12,-0.32,-3.4));
#4382 = VECTOR('',#4383,1.);
#4383 = DIRECTION('',(0.,1.,0.));
#4384 = ORIENTED_EDGE('',*,*,#4332,.T.);
#4385 = ORIENTED_EDGE('',*,*,#4283,.F.);
#4386 = PLANE('',#4387);
#4387 = AXIS2_PLACEMENT_3D('',#4388,#4389,#4390);
#4388 = CARTESIAN_POINT('',(0.22,-0.32,-3.3));
#4389 = DIRECTION('',(-0.707106781187,0.,0.707106781187));
#4390 = DIRECTION('',(-0.,-1.,0.));
#4391 = ADVANCED_FACE('',(#4392),#4403,.T.);
#4392 = FACE_BOUND('',#4393,.F.);
#4393 = EDGE_LOOP('',(#4394,#4395,#4396,#4397));
#4394 = ORIENTED_EDGE('',*,*,#4347,.F.);
#4395 = ORIENTED_EDGE('',*,*,#4302,.T.);
#4396 = ORIENTED_EDGE('',*,*,#4371,.T.);
#4397 = ORIENTED_EDGE('',*,*,#4398,.F.);
#4398 = EDGE_CURVE('',#4348,#4372,#4399,.T.);
#4399 = LINE('',#4400,#4401);
#4400 = CARTESIAN_POINT('',(-0.32,-0.12,-3.4));
#4401 = VECTOR('',#4402,1.);
#4402 = DIRECTION('',(1.,0.,0.));
#4403 = PLANE('',#4404);
#4404 = AXIS2_PLACEMENT_3D('',#4405,#4406,#4407);
#4405 = CARTESIAN_POINT('',(-0.32,-0.22,-3.3));
#4406 = DIRECTION('',(0.,-0.707106781187,-0.707106781187));
#4407 = DIRECTION('',(-1.,-0.,-0.));
#4408 = ADVANCED_FACE('',(#4409),#4415,.F.);
#4409 = FACE_BOUND('',#4410,.F.);
#4410 = EDGE_LOOP('',(#4411,#4412,#4413,#4414));
#4411 = ORIENTED_EDGE('',*,*,#4398,.T.);
#4412 = ORIENTED_EDGE('',*,*,#4379,.T.);
#4413 = ORIENTED_EDGE('',*,*,#4324,.F.);
#4414 = ORIENTED_EDGE('',*,*,#4355,.F.);
#4415 = PLANE('',#4416);
#4416 = AXIS2_PLACEMENT_3D('',#4417,#4418,#4419);
#4417 = CARTESIAN_POINT('',(-0.32,-0.32,-3.4));
#4418 = DIRECTION('',(0.,0.,1.));
#4419 = DIRECTION('',(0.,1.,0.));
#4420 = ( GEOMETRIC_REPRESENTATION_CONTEXT(3) 
GLOBAL_UNCERTAINTY_ASSIGNED_CONTEXT((#4424)) 
GLOBAL_UNIT_ASSIGNED_CONTEXT((#4421,#4422,#4423)) REPRESENTATION_CONTEXT
('Context #1','3D Context with UNIT and UNCERTAINTY') );
#4421 = ( LENGTH_UNIT() NAMED_UNIT(*) SI_UNIT(.MILLI.,.METRE.) );
#4422 = ( NAMED_UNIT(*) PLANE_ANGLE_UNIT() SI_UNIT($,.RADIAN.) );
#4423 = ( NAMED_UNIT(*) SI_UNIT($,.STERADIAN.) SOLID_ANGLE_UNIT() );
#4424 = UNCERTAINTY_MEASURE_WITH_UNIT(LENGTH_MEASURE(1.E-07),#4421,
  'distance_accuracy_value','confusion accuracy');
#4425 = CONTEXT_DEPENDENT_SHAPE_REPRESENTATION(#4426,#4428);
#4426 = ( REPRESENTATION_RELATIONSHIP('','',#4077,#4026) 
REPRESENTATION_RELATIONSHIP_WITH_TRANSFORMATION(#4427) 
SHAPE_REPRESENTATION_RELATIONSHIP() );
#4427 = ITEM_DEFINED_TRANSFORMATION('','',#11,#4027);
#4428 = PRODUCT_DEFINITION_SHAPE('Placement','Placement of an item',
  #4429);
#4429 = NEXT_ASSEMBLY_USAGE_OCCURRENCE('37','0','',#4021,#4072,$);
#4430 = PRODUCT_RELATED_PRODUCT_CATEGORY('part',$,(#4074));
#4431 = CONTEXT_DEPENDENT_SHAPE_REPRESENTATION(#4432,#4434);
#4432 = ( REPRESENTATION_RELATIONSHIP('','',#4077,#4026) 
REPRESENTATION_RELATIONSHIP_WITH_TRANSFORMATION(#4433) 
SHAPE_REPRESENTATION_RELATIONSHIP() );
#4433 = ITEM_DEFINED_TRANSFORMATION('','',#11,#4031);
#4434 = PRODUCT_DEFINITION_SHAPE('Placement','Placement of an item',
  #4435);
#4435 = NEXT_ASSEMBLY_USAGE_OCCURRENCE('38','1','',#4021,#4072,$);
#4436 = CONTEXT_DEPENDENT_SHAPE_REPRESENTATION(#4437,#4439);
#4437 = ( REPRESENTATION_RELATIONSHIP('','',#4077,#4026) 
REPRESENTATION_RELATIONSHIP_WITH_TRANSFORMATION(#4438) 
SHAPE_REPRESENTATION_RELATIONSHIP() );
#4438 = ITEM_DEFINED_TRANSFORMATION('','',#11,#4035);
#4439 = PRODUCT_DEFINITION_SHAPE('Placement','Placement of an item',
  #4440);
#4440 = NEXT_ASSEMBLY_USAGE_OCCURRENCE('39','2','',#4021,#4072,$);
#4441 = CONTEXT_DEPENDENT_SHAPE_REPRESENTATION(#4442,#4444);
#4442 = ( REPRESENTATION_RELATIONSHIP('','',#4077,#4026) 
REPRESENTATION_RELATIONSHIP_WITH_TRANSFORMATION(#4443) 
SHAPE_REPRESENTATION_RELATIONSHIP() );
#4443 = ITEM_DEFINED_TRANSFORMATION('','',#11,#4039);
#4444 = PRODUCT_DEFINITION_SHAPE('Placement','Placement of an item',
  #4445);
#4445 = NEXT_ASSEMBLY_USAGE_OCCURRENCE('40','3','',#4021,#4072,$);
#4446 = CONTEXT_DEPENDENT_SHAPE_REPRESENTATION(#4447,#4449);
#4447 = ( REPRESENTATION_RELATIONSHIP('','',#4077,#4026) 
REPRESENTATION_RELATIONSHIP_WITH_TRANSFORMATION(#4448) 
SHAPE_REPRESENTATION_RELATIONSHIP() );
#4448 = ITEM_DEFINED_TRANSFORMATION('','',#11,#4043);
#4449 = PRODUCT_DEFINITION_SHAPE('Placement','Placement of an item',
  #4450);
#4450 = NEXT_ASSEMBLY_USAGE_OCCURRENCE('41','4','',#4021,#4072,$);
#4451 = CONTEXT_DEPENDENT_SHAPE_REPRESENTATION(#4452,#4454);
#4452 = ( REPRESENTATION_RELATIONSHIP('','',#4077,#4026) 
REPRESENTATION_RELATIONSHIP_WITH_TRANSFORMATION(#4453) 
SHAPE_REPRESENTATION_RELATIONSHIP() );
#4453 = ITEM_DEFINED_TRANSFORMATION('','',#11,#4047);
#4454 = PRODUCT_DEFINITION_SHAPE('Placement','Placement of an item',
  #4455);
#4455 = NEXT_ASSEMBLY_USAGE_OCCURRENCE('42','5','',#4021,#4072,$);
#4456 = CONTEXT_DEPENDENT_SHAPE_REPRESENTATION(#4457,#4459);
#4457 = ( REPRESENTATION_RELATIONSHIP('','',#4077,#4026) 
REPRESENTATION_RELATIONSHIP_WITH_TRANSFORMATION(#4458) 
SHAPE_REPRESENTATION_RELATIONSHIP() );
#4458 = ITEM_DEFINED_TRANSFORMATION('','',#11,#4051);
#4459 = PRODUCT_DEFINITION_SHAPE('Placement','Placement of an item',
  #4460);
#4460 = NEXT_ASSEMBLY_USAGE_OCCURRENCE('43','6','',#4021,#4072,$);
#4461 = CONTEXT_DEPENDENT_SHAPE_REPRESENTATION(#4462,#4464);
#4462 = ( REPRESENTATION_RELATIONSHIP('','',#4077,#4026) 
REPRESENTATION_RELATIONSHIP_WITH_TRANSFORMATION(#4463) 
SHAPE_REPRESENTATION_RELATIONSHIP() );
#4463 = ITEM_DEFINED_TRANSFORMATION('','',#11,#4055);
#4464 = PRODUCT_DEFINITION_SHAPE('Placement','Placement of an item',
  #4465);
#4465 = NEXT_ASSEMBLY_USAGE_OCCURRENCE('44','7','',#4021,#4072,$);
#4466 = MECHANICAL_DESIGN_GEOMETRIC_PRESENTATION_REPRESENTATION('',(
    #4467),#4008);
#4467 = STYLED_ITEM('color',(#4468),#37);
#4468 = PRESENTATION_STYLE_ASSIGNMENT((#4469,#4475));
#4469 = SURFACE_STYLE_USAGE(.BOTH.,#4470);
#4470 = SURFACE_SIDE_STYLE('',(#4471));
#4471 = SURFACE_STYLE_FILL_AREA(#4472);
#4472 = FILL_AREA_STYLE('',(#4473));
#4473 = FILL_AREA_STYLE_COLOUR('',#4474);
#4474 = DRAUGHTING_PRE_DEFINED_COLOUR('white');
#4475 = CURVE_STYLE('',#4476,POSITIVE_LENGTH_MEASURE(0.1),#4477);
#4476 = DRAUGHTING_PRE_DEFINED_CURVE_FONT('continuous');
#4477 = COLOUR_RGB('',9.803921802644E-02,9.803921802644E-02,
  9.803921802644E-02);
#4478 = MECHANICAL_DESIGN_GEOMETRIC_PRESENTATION_REPRESENTATION('',(
    #4479),#4420);
#4479 = STYLED_ITEM('color',(#4480),#4078);
#4480 = PRESENTATION_STYLE_ASSIGNMENT((#4481,#4487));
#4481 = SURFACE_STYLE_USAGE(.BOTH.,#4482);
#4482 = SURFACE_SIDE_STYLE('',(#4483));
#4483 = SURFACE_STYLE_FILL_AREA(#4484);
#4484 = FILL_AREA_STYLE('',(#4485));
#4485 = FILL_AREA_STYLE_COLOUR('',#4486);
#4486 = COLOUR_RGB('',0.399999997426,0.274509816483,0.);
#4487 = CURVE_STYLE('',#4488,POSITIVE_LENGTH_MEASURE(0.1),#4477);
#4488 = DRAUGHTING_PRE_DEFINED_CURVE_FONT('continuous');
ENDSEC;
END-ISO-10303-21;
